answer,left_method,participant,right_method,test_case
2160p_60hz_q_39,2160p_60hz_q_51,f17e1678-0720-46b3-be3b-b93edf7e5645,2160p_60hz_q_39,Toddler@display=center_crop_1080p
2160p_60hz_q_39,2160p_60hz_q_39,11632a76-065c-4306-b916-5d8f46563df9,2160p_60hz_q_51,Toddler@display=center_crop_1080p
2160p_60hz_q_39,2160p_60hz_q_51,68139fa1-4fca-4ef0-8a0d-5b7972e73b76,2160p_60hz_q_39,Toddler@display=center_crop_1080p
2160p_60hz_q_39,2160p_60hz_q_51,cd044f9e-7cb5-48e5-a688-e76fa4ed8517,2160p_60hz_q_39,Toddler@display=center_crop_1080p
2160p_60hz_q_39,2160p_60hz_q_51,2efb2ebe-b88e-4181-9d88-e79646ad323c,2160p_60hz_q_39,Toddler@display=center_crop_1080p
2160p_60hz_q_39,2160p_60hz_q_39,631d5c27-ad66-408c-b36e-9da595aaa740,2160p_60hz_q_51,Toddler@display=center_crop_1080p
2160p_60hz_q_39,2160p_60hz_q_51,920ae656-f821-4eb5-a087-1c0799062c8b,2160p_60hz_q_39,Toddler@display=center_crop_1080p
2160p_60hz_q_39,2160p_60hz_q_39,1a4b7399-7fcd-4ddf-bb63-5a7e1ecc9174,2160p_60hz_q_51,Toddler@display=center_crop_1080p
2160p_60hz_q_39,2160p_60hz_q_39,a19a106e-8382-4006-944c-61b928f95814,2160p_60hz_q_51,Toddler@display=center_crop_1080p
2160p_60hz_q_39,2160p_60hz_q_39,7206fd08-7457-4883-830b-cca57fc03ee5,2160p_60hz_q_51,Toddler@display=center_crop_1080p
1080p_60hz_q_35,2160p_60hz_q_49,e8e854f8-db3b-4b12-b87f-0c5c849cf0ab,1080p_60hz_q_35,Discuss@display=center_crop_1080p
1080p_60hz_q_35,2160p_60hz_q_49,70fb323d-b8bb-4830-acf7-c066e2076a7a,1080p_60hz_q_35,Discuss@display=center_crop_1080p
1080p_60hz_q_35,2160p_60hz_q_49,98c79528-25d0-4621-8eb2-562c49004f90,1080p_60hz_q_35,Discuss@display=center_crop_1080p
1080p_60hz_q_35,1080p_60hz_q_35,26c9aed6-c72c-40ff-adda-e31709393d7e,2160p_60hz_q_49,Discuss@display=center_crop_1080p
1080p_60hz_q_35,1080p_60hz_q_35,a07115e7-e7a2-4d02-af4f-849190a7a0e9,2160p_60hz_q_49,Discuss@display=center_crop_1080p
1080p_60hz_q_35,1080p_60hz_q_35,3983543e-c80b-40e4-bd96-0bc96de4c562,2160p_60hz_q_49,Discuss@display=center_crop_1080p
1080p_60hz_q_35,2160p_60hz_q_49,fe6b749e-2b37-43ce-8ec0-132a654149bf,1080p_60hz_q_35,Discuss@display=center_crop_1080p
1080p_60hz_q_35,2160p_60hz_q_49,badb4c68-c25f-4312-93cc-37b701824925,1080p_60hz_q_35,Discuss@display=center_crop_1080p
1080p_60hz_q_35,1080p_60hz_q_35,1870054d-e579-4520-9f6a-4f32b8fedd4b,2160p_60hz_q_49,Discuss@display=center_crop_1080p
1080p_60hz_q_35,1080p_60hz_q_35,f17e1678-0720-46b3-be3b-b93edf7e5645,2160p_60hz_q_49,Discuss@display=center_crop_1080p
1080p_60hz_q_25,2160p_60hz_q_43,5289ab4b-344d-487f-ac39-320de560806e,1080p_60hz_q_25,Jockey@display=center_crop_1080p
1080p_60hz_q_25,1080p_60hz_q_25,310b7e44-fc5e-411e-b78f-fc76d806c19e,2160p_60hz_q_43,Jockey@display=center_crop_1080p
1080p_60hz_q_25,2160p_60hz_q_43,68a8fa22-cb96-4da4-aad4-b06206826925,1080p_60hz_q_25,Jockey@display=center_crop_1080p
1080p_60hz_q_25,2160p_60hz_q_43,f6295a10-e597-43a1-97d3-3e15e7a7d385,1080p_60hz_q_25,Jockey@display=center_crop_1080p
1080p_60hz_q_25,2160p_60hz_q_43,db96f8b8-515c-4db2-a50b-980516bf9af5,1080p_60hz_q_25,Jockey@display=center_crop_1080p
1080p_60hz_q_25,1080p_60hz_q_25,f17e1678-0720-46b3-be3b-b93edf7e5645,2160p_60hz_q_43,Jockey@display=center_crop_1080p
1080p_60hz_q_25,2160p_60hz_q_43,47b610b2-5357-4c65-8fe2-b8ccdf788bfe,1080p_60hz_q_25,Jockey@display=center_crop_1080p
1080p_60hz_q_25,2160p_60hz_q_43,951670ac-a4a0-4c5f-b3e8-f8edc637fa52,1080p_60hz_q_25,Jockey@display=center_crop_1080p
1080p_60hz_q_25,2160p_60hz_q_43,07bb6da7-3bb5-4713-94b5-3cc6da69b587,1080p_60hz_q_25,Jockey@display=center_crop_1080p
1080p_60hz_q_25,1080p_60hz_q_25,9832020d-32c9-4b00-b7da-f708d715fc06,2160p_60hz_q_43,Jockey@display=center_crop_1080p
2160p_60hz_q_45,2160p_60hz_q_51,f17e1678-0720-46b3-be3b-b93edf7e5645,2160p_60hz_q_45,Monkeys@display=center_crop_1080p
2160p_60hz_q_45,2160p_60hz_q_51,bc6328e9-ac68-4cf5-9c95-116d946da15b,2160p_60hz_q_45,Monkeys@display=center_crop_1080p
2160p_60hz_q_45,2160p_60hz_q_45,7732bed5-fc82-4d88-b674-40d62da7e8d0,2160p_60hz_q_51,Monkeys@display=center_crop_1080p
2160p_60hz_q_45,2160p_60hz_q_45,984e388d-b130-4495-9352-11919b42ab34,2160p_60hz_q_51,Monkeys@display=center_crop_1080p
,2160p_60hz_q_51,2e5b02d4-0a00-4feb-993b-d3dd3567d028,2160p_60hz_q_45,Monkeys@display=center_crop_1080p
,2160p_60hz_q_51,1a451c03-6caa-4ba8-8207-bfdff094790a,2160p_60hz_q_45,Monkeys@display=center_crop_1080p
2160p_60hz_q_45,2160p_60hz_q_51,bf850da6-7c90-4bad-9ba2-ea60aad4339c,2160p_60hz_q_45,Monkeys@display=center_crop_1080p
2160p_60hz_q_45,2160p_60hz_q_45,eab9779d-4083-4225-8473-fc8798ebb47e,2160p_60hz_q_51,Monkeys@display=center_crop_1080p
2160p_60hz_q_45,2160p_60hz_q_51,7b6a30c6-4b19-47c7-bc99-5dd895ce82d3,2160p_60hz_q_45,Monkeys@display=center_crop_1080p
2160p_60hz_q_45,2160p_60hz_q_51,baff962a-861f-470e-b1f5-deb3cc28475d,2160p_60hz_q_45,Monkeys@display=center_crop_1080p
1080p_60hz_q_31,1080p_60hz_q_31,f17e1678-0720-46b3-be3b-b93edf7e5645,1080p_60hz_q_39,Dancers@display=center_crop_1080p
1080p_60hz_q_31,1080p_60hz_q_39,41481cf6-0d7b-4fcf-bf52-4417617a4242,1080p_60hz_q_31,Dancers@display=center_crop_1080p
1080p_60hz_q_31,1080p_60hz_q_39,df3181f3-e23f-460f-b47b-84cc79f0625c,1080p_60hz_q_31,Dancers@display=center_crop_1080p
1080p_60hz_q_31,1080p_60hz_q_39,8f93cd33-b4c5-4e6c-9337-89d455cb7fbe,1080p_60hz_q_31,Dancers@display=center_crop_1080p
1080p_60hz_q_31,1080p_60hz_q_39,2e79787c-c952-4312-b557-3d8eaa1a03d9,1080p_60hz_q_31,Dancers@display=center_crop_1080p
1080p_60hz_q_31,1080p_60hz_q_39,cf2843f8-d897-4e6f-892f-3e8e414080c4,1080p_60hz_q_31,Dancers@display=center_crop_1080p
1080p_60hz_q_31,1080p_60hz_q_31,0744e640-8e21-41fe-ab34-dfe90d35a5e4,1080p_60hz_q_39,Dancers@display=center_crop_1080p
1080p_60hz_q_31,1080p_60hz_q_31,45f7895e-4d5f-4242-b275-48ce60c655bc,1080p_60hz_q_39,Dancers@display=center_crop_1080p
1080p_60hz_q_31,1080p_60hz_q_39,23481d60-7bee-4bd3-be2e-a512a295aebb,1080p_60hz_q_31,Dancers@display=center_crop_1080p
1080p_60hz_q_31,1080p_60hz_q_39,fee7ebd1-9cce-414e-afba-84587a9f5557,1080p_60hz_q_31,Dancers@display=center_crop_1080p
,2160p_60hz_q_41,55916d21-4d60-41a9-bbdc-4b5273f1c0a1,1080p_60hz_q_33,Football@display=center_crop_1080p
2160p_60hz_q_41,2160p_60hz_q_41,9d4cc4b7-59aa-493d-844b-83e05a7ee9b6,1080p_60hz_q_33,Football@display=center_crop_1080p
,2160p_60hz_q_41,55916d21-4d60-41a9-bbdc-4b5273f1c0a1,1080p_60hz_q_33,Football@display=center_crop_1080p
,1080p_60hz_q_33,55916d21-4d60-41a9-bbdc-4b5273f1c0a1,2160p_60hz_q_41,Football@display=center_crop_1080p
2160p_60hz_q_41,2160p_60hz_q_41,f17e1678-0720-46b3-be3b-b93edf7e5645,1080p_60hz_q_33,Football@display=center_crop_1080p
,2160p_60hz_q_41,55916d21-4d60-41a9-bbdc-4b5273f1c0a1,1080p_60hz_q_33,Football@display=center_crop_1080p
,2160p_60hz_q_41,55916d21-4d60-41a9-bbdc-4b5273f1c0a1,1080p_60hz_q_33,Football@display=center_crop_1080p
,1080p_60hz_q_33,55916d21-4d60-41a9-bbdc-4b5273f1c0a1,2160p_60hz_q_41,Football@display=center_crop_1080p
1080p_60hz_q_33,1080p_60hz_q_33,50fb4a76-371b-4a31-aca5-d984ee1d3d44,2160p_60hz_q_41,Football@display=center_crop_1080p
,1080p_60hz_q_33,55916d21-4d60-41a9-bbdc-4b5273f1c0a1,2160p_60hz_q_41,Football@display=center_crop_1080p
2160p_60hz_q_41,2160p_60hz_q_49,f17e1678-0720-46b3-be3b-b93edf7e5645,2160p_60hz_q_41,Ritual@display=center_crop_1080p
2160p_60hz_q_41,2160p_60hz_q_49,a8491a57-9a29-4f83-9024-a9bdd72e0cc8,2160p_60hz_q_41,Ritual@display=center_crop_1080p
2160p_60hz_q_41,2160p_60hz_q_41,bc6328e9-ac68-4cf5-9c95-116d946da15b,2160p_60hz_q_49,Ritual@display=center_crop_1080p
2160p_60hz_q_41,2160p_60hz_q_41,de41656b-1f7f-453c-8775-6b21be1e124a,2160p_60hz_q_49,Ritual@display=center_crop_1080p
2160p_60hz_q_41,2160p_60hz_q_49,17280dc9-80f2-4649-b2ff-73bb5953c227,2160p_60hz_q_41,Ritual@display=center_crop_1080p
2160p_60hz_q_41,2160p_60hz_q_49,8ffca7ad-9706-402d-a7d2-3b9c879a3bd5,2160p_60hz_q_41,Ritual@display=center_crop_1080p
2160p_60hz_q_41,2160p_60hz_q_41,a19a106e-8382-4006-944c-61b928f95814,2160p_60hz_q_49,Ritual@display=center_crop_1080p
2160p_60hz_q_41,2160p_60hz_q_49,27fc7da4-6d5e-44aa-892d-e16ec39089cc,2160p_60hz_q_41,Ritual@display=center_crop_1080p
2160p_60hz_q_41,2160p_60hz_q_49,5da05509-4f9f-4145-833d-f052c9a2779a,2160p_60hz_q_41,Ritual@display=center_crop_1080p
2160p_60hz_q_41,2160p_60hz_q_41,dbc1ca9b-a7e7-40e4-a057-eecc8d4a2441,2160p_60hz_q_49,Ritual@display=center_crop_1080p
1080p_60hz_q_29,2160p_60hz_q_49,f17e1678-0720-46b3-be3b-b93edf7e5645,1080p_60hz_q_29,Yacht@display=center_crop_1080p
1080p_60hz_q_29,2160p_60hz_q_49,50643d45-c2af-4f8c-b193-3f15787dcbd2,1080p_60hz_q_29,Yacht@display=center_crop_1080p
1080p_60hz_q_29,2160p_60hz_q_49,bf850da6-7c90-4bad-9ba2-ea60aad4339c,1080p_60hz_q_29,Yacht@display=center_crop_1080p
1080p_60hz_q_29,2160p_60hz_q_49,b2301164-83b7-413a-84b4-18592d2bda27,1080p_60hz_q_29,Yacht@display=center_crop_1080p
1080p_60hz_q_29,2160p_60hz_q_49,5da05509-4f9f-4145-833d-f052c9a2779a,1080p_60hz_q_29,Yacht@display=center_crop_1080p
1080p_60hz_q_29,2160p_60hz_q_49,8874acc5-cdbe-47f2-a092-7777f2ee3594,1080p_60hz_q_29,Yacht@display=center_crop_1080p
2160p_60hz_q_49,2160p_60hz_q_49,1e8852de-bbe6-48cd-a1a5-3159df60e41f,1080p_60hz_q_29,Yacht@display=center_crop_1080p
1080p_60hz_q_29,1080p_60hz_q_29,db96f8b8-515c-4db2-a50b-980516bf9af5,2160p_60hz_q_49,Yacht@display=center_crop_1080p
1080p_60hz_q_29,1080p_60hz_q_29,7e0438d1-a48a-4e60-9234-b320965d86aa,2160p_60hz_q_49,Yacht@display=center_crop_1080p
1080p_60hz_q_29,2160p_60hz_q_49,38eb67c2-2906-4921-bcd3-74943af82d47,1080p_60hz_q_29,Yacht@display=center_crop_1080p
1080p_60hz_q_27,1080p_60hz_q_41,f17e1678-0720-46b3-be3b-b93edf7e5645,1080p_60hz_q_27,SeaRock@display=center_crop_1080p
1080p_60hz_q_27,1080p_60hz_q_41,a578943c-380a-48e8-958c-c07465b0d48c,1080p_60hz_q_27,SeaRock@display=center_crop_1080p
1080p_60hz_q_27,1080p_60hz_q_27,a578943c-380a-48e8-958c-c07465b0d48c,1080p_60hz_q_41,SeaRock@display=center_crop_1080p
1080p_60hz_q_27,1080p_60hz_q_41,0d143a52-e18f-4432-adb5-2345850fb6c8,1080p_60hz_q_27,SeaRock@display=center_crop_1080p
1080p_60hz_q_27,1080p_60hz_q_27,8f93cd33-b4c5-4e6c-9337-89d455cb7fbe,1080p_60hz_q_41,SeaRock@display=center_crop_1080p
1080p_60hz_q_27,1080p_60hz_q_27,1a4f9bd0-1ff2-4da0-96f3-91c32fa4eda4,1080p_60hz_q_41,SeaRock@display=center_crop_1080p
1080p_60hz_q_27,1080p_60hz_q_41,984e388d-b130-4495-9352-11919b42ab34,1080p_60hz_q_27,SeaRock@display=center_crop_1080p
1080p_60hz_q_27,1080p_60hz_q_41,fcf36229-e931-4a91-8e22-2a87f1aab261,1080p_60hz_q_27,SeaRock@display=center_crop_1080p
1080p_60hz_q_27,1080p_60hz_q_27,b8264831-a348-4b5b-bd9d-32b0d6d71474,1080p_60hz_q_41,SeaRock@display=center_crop_1080p
1080p_60hz_q_27,1080p_60hz_q_41,c80fb156-701f-41eb-b170-da73f11eb894,1080p_60hz_q_27,SeaRock@display=center_crop_1080p
1080p_60hz_q_27,1080p_60hz_q_27,f17e1678-0720-46b3-be3b-b93edf7e5645,1080p_60hz_q_33,Ready@display=center_crop_1080p
1080p_60hz_q_27,1080p_60hz_q_27,84a9bb8b-5b89-4196-aad3-5ec58814e164,1080p_60hz_q_33,Ready@display=center_crop_1080p
1080p_60hz_q_27,1080p_60hz_q_27,8f93cd33-b4c5-4e6c-9337-89d455cb7fbe,1080p_60hz_q_33,Ready@display=center_crop_1080p
1080p_60hz_q_27,1080p_60hz_q_27,0c55ce65-4725-4776-9e80-68de0d55c818,1080p_60hz_q_33,Ready@display=center_crop_1080p
,1080p_60hz_q_27,8a4b3ba0-ce40-46d3-b44a-431055c4d035,1080p_60hz_q_33,Ready@display=center_crop_1080p
1080p_60hz_q_27,1080p_60hz_q_33,0744e640-8e21-41fe-ab34-dfe90d35a5e4,1080p_60hz_q_27,Ready@display=center_crop_1080p
1080p_60hz_q_27,1080p_60hz_q_27,badb4c68-c25f-4312-93cc-37b701824925,1080p_60hz_q_33,Ready@display=center_crop_1080p
1080p_60hz_q_27,1080p_60hz_q_27,40acb942-4edc-4dea-a078-26987e1de4a3,1080p_60hz_q_33,Ready@display=center_crop_1080p
1080p_60hz_q_27,1080p_60hz_q_33,fbfd61f4-6813-4623-98f8-85664b3910ae,1080p_60hz_q_27,Ready@display=center_crop_1080p
1080p_60hz_q_27,1080p_60hz_q_33,d467718b-5841-4c1b-b448-1ff4876f3fb8,1080p_60hz_q_27,Ready@display=center_crop_1080p
1080p_60hz_q_27,1080p_60hz_q_27,f17e1678-0720-46b3-be3b-b93edf7e5645,1080p_60hz_q_31,HoneyBee@display=center_crop_1080p
,1080p_60hz_q_31,92dc6920-b8bd-4bb8-9461-e463ecac63ad,1080p_60hz_q_27,HoneyBee@display=center_crop_1080p
1080p_60hz_q_27,1080p_60hz_q_27,a578943c-380a-48e8-958c-c07465b0d48c,1080p_60hz_q_31,HoneyBee@display=center_crop_1080p
1080p_60hz_q_27,1080p_60hz_q_27,f6295a10-e597-43a1-97d3-3e15e7a7d385,1080p_60hz_q_31,HoneyBee@display=center_crop_1080p
1080p_60hz_q_27,1080p_60hz_q_31,8503e28a-947a-459c-a673-7beb97834ba5,1080p_60hz_q_27,HoneyBee@display=center_crop_1080p
1080p_60hz_q_31,1080p_60hz_q_31,310b7e44-fc5e-411e-b78f-fc76d806c19e,1080p_60hz_q_27,HoneyBee@display=center_crop_1080p
1080p_60hz_q_27,1080p_60hz_q_31,6548cc0b-1e7d-4c7b-bef3-d24d0e401d9c,1080p_60hz_q_27,HoneyBee@display=center_crop_1080p
1080p_60hz_q_27,1080p_60hz_q_27,1879c35a-85bd-4033-aa8d-f1c79ce51a7f,1080p_60hz_q_31,HoneyBee@display=center_crop_1080p
1080p_60hz_q_27,1080p_60hz_q_27,ff018c0f-acf7-4bf8-ae51-2c1e2f9d4ce1,1080p_60hz_q_31,HoneyBee@display=center_crop_1080p
1080p_60hz_q_31,1080p_60hz_q_31,b15043b9-76db-434f-a66f-5267875bfa9d,1080p_60hz_q_27,HoneyBee@display=center_crop_1080p
2160p_60hz_q_33,2160p_60hz_q_45,f17e1678-0720-46b3-be3b-b93edf7e5645,2160p_60hz_q_33,Narrator@display=center_crop_1080p
2160p_60hz_q_33,2160p_60hz_q_45,a578943c-380a-48e8-958c-c07465b0d48c,2160p_60hz_q_33,Narrator@display=center_crop_1080p
2160p_60hz_q_33,2160p_60hz_q_45,f12ef427-eefa-4f1b-b2d1-0a5fa567750a,2160p_60hz_q_33,Narrator@display=center_crop_1080p
2160p_60hz_q_33,2160p_60hz_q_45,0e46f967-6968-4dbb-8903-a997c011029d,2160p_60hz_q_33,Narrator@display=center_crop_1080p
2160p_60hz_q_33,2160p_60hz_q_33,2ea19ebb-5fdf-47c4-aa24-d9d7355fda95,2160p_60hz_q_45,Narrator@display=center_crop_1080p
2160p_60hz_q_33,2160p_60hz_q_45,89a1c554-1ca4-4287-a0c9-314fe9b8197e,2160p_60hz_q_33,Narrator@display=center_crop_1080p
2160p_60hz_q_33,2160p_60hz_q_45,b48a33a8-dd39-4714-b7bf-1a3c90661e10,2160p_60hz_q_33,Narrator@display=center_crop_1080p
2160p_60hz_q_33,2160p_60hz_q_45,1255512e-c359-4479-9837-296bf75c44f8,2160p_60hz_q_33,Narrator@display=center_crop_1080p
2160p_60hz_q_33,2160p_60hz_q_45,eab9779d-4083-4225-8473-fc8798ebb47e,2160p_60hz_q_33,Narrator@display=center_crop_1080p
2160p_60hz_q_33,2160p_60hz_q_33,94d70f48-55b6-4b7a-9dae-68e34937fd1c,2160p_60hz_q_45,Narrator@display=center_crop_1080p
1080p_60hz_q_33,2160p_60hz_q_45,e170141b-c0ee-4624-b054-17a5c6aced22,1080p_60hz_q_33,Beauty@display=center_crop_1080p
1080p_60hz_q_33,1080p_60hz_q_33,848417ce-54e9-4f48-a77b-40f1cc056f40,2160p_60hz_q_45,Beauty@display=center_crop_1080p
1080p_60hz_q_33,1080p_60hz_q_33,a21ffff2-ba97-464c-a146-c7f86c53705a,2160p_60hz_q_45,Beauty@display=center_crop_1080p
1080p_60hz_q_33,1080p_60hz_q_33,a8491a57-9a29-4f83-9024-a9bdd72e0cc8,2160p_60hz_q_45,Beauty@display=center_crop_1080p
1080p_60hz_q_33,2160p_60hz_q_45,67d83dd0-c702-4742-bc13-028ca244d5fb,1080p_60hz_q_33,Beauty@display=center_crop_1080p
1080p_60hz_q_33,1080p_60hz_q_33,8ffca7ad-9706-402d-a7d2-3b9c879a3bd5,2160p_60hz_q_45,Beauty@display=center_crop_1080p
1080p_60hz_q_33,1080p_60hz_q_33,bc64594f-68af-4afd-a02d-423ac80ebb4e,2160p_60hz_q_45,Beauty@display=center_crop_1080p
1080p_60hz_q_33,1080p_60hz_q_33,7ac3129c-bc4a-4a32-9ca5-27a305d5c36c,2160p_60hz_q_45,Beauty@display=center_crop_1080p
1080p_60hz_q_33,1080p_60hz_q_33,f17e1678-0720-46b3-be3b-b93edf7e5645,2160p_60hz_q_45,Beauty@display=center_crop_1080p
1080p_60hz_q_33,1080p_60hz_q_33,fe6b749e-2b37-43ce-8ec0-132a654149bf,2160p_60hz_q_45,Beauty@display=center_crop_1080p
,1080p_60hz_q_25,f17e1678-0720-46b3-be3b-b93edf7e5645,2160p_60hz_q_25,Dinner@display=center_crop_1080p
2160p_60hz_q_25,2160p_60hz_q_25,930a439c-60aa-4244-a3c8-50a01c5107ab,1080p_60hz_q_25,Dinner@display=center_crop_1080p
,1080p_60hz_q_25,b2301164-83b7-413a-84b4-18592d2bda27,2160p_60hz_q_25,Dinner@display=center_crop_1080p
2160p_60hz_q_25,2160p_60hz_q_25,3983543e-c80b-40e4-bd96-0bc96de4c562,1080p_60hz_q_25,Dinner@display=center_crop_1080p
,2160p_60hz_q_25,631d5c27-ad66-408c-b36e-9da595aaa740,1080p_60hz_q_25,Dinner@display=center_crop_1080p
,2160p_60hz_q_25,05b5a635-0c1c-40d3-a1d1-41f2cfd5eb5c,1080p_60hz_q_25,Dinner@display=center_crop_1080p
2160p_60hz_q_25,2160p_60hz_q_25,82a236b2-18c8-4d54-a0b5-f88094d10601,1080p_60hz_q_25,Dinner@display=center_crop_1080p
,2160p_60hz_q_25,a19a106e-8382-4006-944c-61b928f95814,1080p_60hz_q_25,Dinner@display=center_crop_1080p
2160p_60hz_q_25,2160p_60hz_q_25,f865b921-41ac-4b8a-99a2-9e7b2738ff85,1080p_60hz_q_25,Dinner@display=center_crop_1080p
2160p_60hz_q_25,2160p_60hz_q_25,5fdf86ad-9d4e-4634-a044-29b78873c1a5,1080p_60hz_q_25,Dinner@display=center_crop_1080p
,1080p_60hz_q_39,f17e1678-0720-46b3-be3b-b93edf7e5645,1080p_60hz_q_31,Tunnel@display=center_crop_1080p
1080p_60hz_q_31,1080p_60hz_q_31,930a439c-60aa-4244-a3c8-50a01c5107ab,1080p_60hz_q_39,Tunnel@display=center_crop_1080p
1080p_60hz_q_31,1080p_60hz_q_31,d910e078-d366-48f9-80a5-0723efa4eb4b,1080p_60hz_q_39,Tunnel@display=center_crop_1080p
1080p_60hz_q_39,1080p_60hz_q_39,bcda90fb-3e20-4af9-be88-74ad79194ab6,1080p_60hz_q_31,Tunnel@display=center_crop_1080p
1080p_60hz_q_31,1080p_60hz_q_39,809c6f38-8134-47bd-8f9b-e5110f957391,1080p_60hz_q_31,Tunnel@display=center_crop_1080p
1080p_60hz_q_31,1080p_60hz_q_39,9832020d-32c9-4b00-b7da-f708d715fc06,1080p_60hz_q_31,Tunnel@display=center_crop_1080p
1080p_60hz_q_31,1080p_60hz_q_31,f16afd28-7eb2-490b-9dee-9411c451c7b6,1080p_60hz_q_39,Tunnel@display=center_crop_1080p
1080p_60hz_q_31,1080p_60hz_q_39,7206fd08-7457-4883-830b-cca57fc03ee5,1080p_60hz_q_31,Tunnel@display=center_crop_1080p
1080p_60hz_q_31,1080p_60hz_q_31,78ad0f22-b5f9-431c-9cf3-561ec8ee9182,1080p_60hz_q_39,Tunnel@display=center_crop_1080p
1080p_60hz_q_31,1080p_60hz_q_31,e9551a3e-d41f-474d-b2d8-05231d46ff64,1080p_60hz_q_39,Tunnel@display=center_crop_1080p
1080p_60hz_q_29,1080p_60hz_q_29,92dc6920-b8bd-4bb8-9461-e463ecac63ad,1080p_60hz_q_37,Monkeys@display=center_crop_1080p
1080p_60hz_q_29,1080p_60hz_q_37,37f4d149-b1ab-400b-b3f6-3801e7acc02d,1080p_60hz_q_29,Monkeys@display=center_crop_1080p
1080p_60hz_q_29,1080p_60hz_q_37,11632a76-065c-4306-b916-5d8f46563df9,1080p_60hz_q_29,Monkeys@display=center_crop_1080p
1080p_60hz_q_29,1080p_60hz_q_29,48b895da-31dd-4c47-8d99-cbe1bd7d4339,1080p_60hz_q_37,Monkeys@display=center_crop_1080p
1080p_60hz_q_29,1080p_60hz_q_29,757d41cf-5808-4373-a3b1-f7dd94f2ac11,1080p_60hz_q_37,Monkeys@display=center_crop_1080p
1080p_60hz_q_29,1080p_60hz_q_29,7ac3129c-bc4a-4a32-9ca5-27a305d5c36c,1080p_60hz_q_37,Monkeys@display=center_crop_1080p
1080p_60hz_q_29,1080p_60hz_q_29,e170141b-c0ee-4624-b054-17a5c6aced22,1080p_60hz_q_37,Monkeys@display=center_crop_1080p
,1080p_60hz_q_37,4df1c570-ef1a-4197-ab7f-78f52c6abbdd,1080p_60hz_q_29,Monkeys@display=center_crop_1080p
1080p_60hz_q_29,1080p_60hz_q_29,1255512e-c359-4479-9837-296bf75c44f8,1080p_60hz_q_37,Monkeys@display=center_crop_1080p
1080p_60hz_q_29,1080p_60hz_q_29,d4f74e62-520b-489d-af5c-051c4d744c55,1080p_60hz_q_37,Monkeys@display=center_crop_1080p
2160p_60hz_q_33,2160p_60hz_q_33,4cd150dd-7a6c-4a04-bcbb-c430cb979769,1080p_60hz_q_25,Jockey@display=center_crop_1080p
1080p_60hz_q_25,1080p_60hz_q_25,b687d08f-c451-43a4-a016-b7164e40457a,2160p_60hz_q_33,Jockey@display=center_crop_1080p
,2160p_60hz_q_33,4fff29aa-7b1f-471e-8be0-81a10c0a7a33,1080p_60hz_q_25,Jockey@display=center_crop_1080p
,2160p_60hz_q_33,8503e28a-947a-459c-a673-7beb97834ba5,1080p_60hz_q_25,Jockey@display=center_crop_1080p
1080p_60hz_q_25,2160p_60hz_q_33,92dc6920-b8bd-4bb8-9461-e463ecac63ad,1080p_60hz_q_25,Jockey@display=center_crop_1080p
1080p_60hz_q_25,1080p_60hz_q_25,b5d5ad99-3c81-4f5a-ab4e-a3aae033d40b,2160p_60hz_q_33,Jockey@display=center_crop_1080p
2160p_60hz_q_33,1080p_60hz_q_25,26a7dfc8-1e68-4579-b9af-f5727b8c413b,2160p_60hz_q_33,Jockey@display=center_crop_1080p
,2160p_60hz_q_33,0c824067-2fc7-44f5-9e62-4469ee9f28bd,1080p_60hz_q_25,Jockey@display=center_crop_1080p
,2160p_60hz_q_33,19b86171-b4f8-49bf-a0e9-17e0ba50a844,1080p_60hz_q_25,Jockey@display=center_crop_1080p
1080p_60hz_q_25,2160p_60hz_q_33,da2c9fd7-50ab-458a-a922-f54ef3dbc3b2,1080p_60hz_q_25,Jockey@display=center_crop_1080p
1080p_60hz_q_25,1080p_60hz_q_35,92dc6920-b8bd-4bb8-9461-e463ecac63ad,1080p_60hz_q_25,Dinner@display=center_crop_1080p
1080p_60hz_q_25,1080p_60hz_q_35,4fff29aa-7b1f-471e-8be0-81a10c0a7a33,1080p_60hz_q_25,Dinner@display=center_crop_1080p
1080p_60hz_q_25,1080p_60hz_q_25,33d6bc20-c2de-4c46-a451-3681be8dc16c,1080p_60hz_q_35,Dinner@display=center_crop_1080p
1080p_60hz_q_25,1080p_60hz_q_35,5c9fb765-7783-4e60-af0f-aa58a44f2419,1080p_60hz_q_25,Dinner@display=center_crop_1080p
1080p_60hz_q_25,1080p_60hz_q_25,d2f8b16b-4b0b-4f2d-abf6-678cad1848f7,1080p_60hz_q_35,Dinner@display=center_crop_1080p
1080p_60hz_q_25,1080p_60hz_q_35,30e8a8c4-2328-440a-b55d-d5378c63abce,1080p_60hz_q_25,Dinner@display=center_crop_1080p
1080p_60hz_q_25,1080p_60hz_q_25,b7928616-ca9e-452f-a4c0-0f707a07341c,1080p_60hz_q_35,Dinner@display=center_crop_1080p
1080p_60hz_q_25,1080p_60hz_q_35,b687d08f-c451-43a4-a016-b7164e40457a,1080p_60hz_q_25,Dinner@display=center_crop_1080p
1080p_60hz_q_25,1080p_60hz_q_25,1d9d2224-8591-47ef-a7b7-3347f5dbf4f2,1080p_60hz_q_35,Dinner@display=center_crop_1080p
1080p_60hz_q_25,1080p_60hz_q_25,d11f9ccb-7bb2-41ae-beae-fa69cbbfbde7,1080p_60hz_q_35,Dinner@display=center_crop_1080p
2160p_60hz_q_27,1080p_60hz_q_25,92dc6920-b8bd-4bb8-9461-e463ecac63ad,2160p_60hz_q_27,Discuss@display=center_crop_1080p
2160p_60hz_q_27,2160p_60hz_q_27,2ba1abad-a0d9-4273-b56e-68dcba71cc73,1080p_60hz_q_25,Discuss@display=center_crop_1080p
2160p_60hz_q_27,1080p_60hz_q_25,c81ae704-93f9-4974-8b29-9181659b6dd4,2160p_60hz_q_27,Discuss@display=center_crop_1080p
2160p_60hz_q_27,1080p_60hz_q_25,606c83fe-5972-4bcb-b811-f7bb443fc6fd,2160p_60hz_q_27,Discuss@display=center_crop_1080p
2160p_60hz_q_27,1080p_60hz_q_25,f96ffcdd-22c6-49b7-bd2d-73e698539f79,2160p_60hz_q_27,Discuss@display=center_crop_1080p
2160p_60hz_q_27,2160p_60hz_q_27,facfb033-277b-427a-9169-4b9a020a2469,1080p_60hz_q_25,Discuss@display=center_crop_1080p
2160p_60hz_q_27,2160p_60hz_q_27,523ea5e5-4fd4-40e9-9c8e-8d615f1f5f82,1080p_60hz_q_25,Discuss@display=center_crop_1080p
2160p_60hz_q_27,1080p_60hz_q_25,cc653c90-c2e7-463e-83b6-1dee35da7534,2160p_60hz_q_27,Discuss@display=center_crop_1080p
,2160p_60hz_q_27,78ad0f22-b5f9-431c-9cf3-561ec8ee9182,1080p_60hz_q_25,Discuss@display=center_crop_1080p
2160p_60hz_q_27,1080p_60hz_q_25,eb300457-ab68-4665-a62e-e63b649b3fdf,2160p_60hz_q_27,Discuss@display=center_crop_1080p
1080p_60hz_q_37,1080p_60hz_q_37,92dc6920-b8bd-4bb8-9461-e463ecac63ad,2160p_60hz_q_45,Narrator@display=center_crop_1080p
1080p_60hz_q_37,1080p_60hz_q_37,a0fd15d2-2bd2-4715-ae74-6871882f69e2,2160p_60hz_q_45,Narrator@display=center_crop_1080p
1080p_60hz_q_37,1080p_60hz_q_37,11632a76-065c-4306-b916-5d8f46563df9,2160p_60hz_q_45,Narrator@display=center_crop_1080p
,2160p_60hz_q_45,e14d6669-467f-41ea-9347-18173aa10ac3,1080p_60hz_q_37,Narrator@display=center_crop_1080p
2160p_60hz_q_45,2160p_60hz_q_45,17280dc9-80f2-4649-b2ff-73bb5953c227,1080p_60hz_q_37,Narrator@display=center_crop_1080p
1080p_60hz_q_37,1080p_60hz_q_37,a21ffff2-ba97-464c-a146-c7f86c53705a,2160p_60hz_q_45,Narrator@display=center_crop_1080p
,1080p_60hz_q_37,a924191d-6339-4d6f-b4fa-cc87e9e9f573,2160p_60hz_q_45,Narrator@display=center_crop_1080p
2160p_60hz_q_45,2160p_60hz_q_45,951670ac-a4a0-4c5f-b3e8-f8edc637fa52,1080p_60hz_q_37,Narrator@display=center_crop_1080p
,2160p_60hz_q_45,fee7ebd1-9cce-414e-afba-84587a9f5557,1080p_60hz_q_37,Narrator@display=center_crop_1080p
1080p_60hz_q_37,2160p_60hz_q_45,02bdc5dd-6b5a-4f34-b244-61603b6e09ae,1080p_60hz_q_37,Narrator@display=center_crop_1080p
1080p_60hz_q_33,1080p_60hz_q_33,92dc6920-b8bd-4bb8-9461-e463ecac63ad,1080p_60hz_q_37,Toddler@display=center_crop_1080p
,1080p_60hz_q_33,412dd5fb-427b-426d-9284-e8f9331100cb,1080p_60hz_q_37,Toddler@display=center_crop_1080p
1080p_60hz_q_33,1080p_60hz_q_37,aaf93665-e2a2-453b-9ecf-937b0d3a5597,1080p_60hz_q_33,Toddler@display=center_crop_1080p
1080p_60hz_q_33,1080p_60hz_q_33,e8103e3b-0bfe-47b6-b4ec-9aefdfb262aa,1080p_60hz_q_37,Toddler@display=center_crop_1080p
1080p_60hz_q_33,1080p_60hz_q_37,6548cc0b-1e7d-4c7b-bef3-d24d0e401d9c,1080p_60hz_q_33,Toddler@display=center_crop_1080p
1080p_60hz_q_33,1080p_60hz_q_33,1879c35a-85bd-4033-aa8d-f1c79ce51a7f,1080p_60hz_q_37,Toddler@display=center_crop_1080p
1080p_60hz_q_37,1080p_60hz_q_37,f16afd28-7eb2-490b-9dee-9411c451c7b6,1080p_60hz_q_33,Toddler@display=center_crop_1080p
,1080p_60hz_q_33,5989e0f3-b0a9-47d7-b12a-46b2ba1b1502,1080p_60hz_q_37,Toddler@display=center_crop_1080p
,1080p_60hz_q_37,1d9d2224-8591-47ef-a7b7-3347f5dbf4f2,1080p_60hz_q_33,Toddler@display=center_crop_1080p
1080p_60hz_q_33,1080p_60hz_q_37,b5975696-d633-4dcb-aee4-f089dc00b163,1080p_60hz_q_33,Toddler@display=center_crop_1080p
2160p_60hz_q_27,2160p_60hz_q_27,92dc6920-b8bd-4bb8-9461-e463ecac63ad,1080p_60hz_q_37,SeaRock@display=center_crop_1080p
2160p_60hz_q_27,1080p_60hz_q_37,37f4d149-b1ab-400b-b3f6-3801e7acc02d,2160p_60hz_q_27,SeaRock@display=center_crop_1080p
2160p_60hz_q_27,1080p_60hz_q_37,c9f9b726-7136-4632-89d8-9e6b66d837dc,2160p_60hz_q_27,SeaRock@display=center_crop_1080p
2160p_60hz_q_27,2160p_60hz_q_27,de41656b-1f7f-453c-8775-6b21be1e124a,1080p_60hz_q_37,SeaRock@display=center_crop_1080p
2160p_60hz_q_27,2160p_60hz_q_27,f8a8894e-7e85-4d2a-8eb5-ed2fc77bcff4,1080p_60hz_q_37,SeaRock@display=center_crop_1080p
2160p_60hz_q_27,1080p_60hz_q_37,9d57cbc2-ab27-45bd-a59c-6bf0db043d78,2160p_60hz_q_27,SeaRock@display=center_crop_1080p
2160p_60hz_q_27,2160p_60hz_q_27,b48a33a8-dd39-4714-b7bf-1a3c90661e10,1080p_60hz_q_37,SeaRock@display=center_crop_1080p
2160p_60hz_q_27,2160p_60hz_q_27,3e499d20-74be-44a1-956e-8b361c3a75b1,1080p_60hz_q_37,SeaRock@display=center_crop_1080p
2160p_60hz_q_27,1080p_60hz_q_37,2e18b0d1-37c9-4503-a092-99a9ed14251c,2160p_60hz_q_27,SeaRock@display=center_crop_1080p
2160p_60hz_q_27,2160p_60hz_q_27,e9551a3e-d41f-474d-b2d8-05231d46ff64,1080p_60hz_q_37,SeaRock@display=center_crop_1080p
2160p_60hz_q_41,2160p_60hz_q_41,2a94520b-37d9-4eeb-a589-017195b541e3,2160p_60hz_q_45,Yacht@display=center_crop_1080p
,2160p_60hz_q_45,27fc7da4-6d5e-44aa-892d-e16ec39089cc,2160p_60hz_q_41,Yacht@display=center_crop_1080p
2160p_60hz_q_41,2160p_60hz_q_41,12af518c-7153-4f07-a556-0ee231ba34ae,2160p_60hz_q_45,Yacht@display=center_crop_1080p
2160p_60hz_q_45,2160p_60hz_q_41,1870054d-e579-4520-9f6a-4f32b8fedd4b,2160p_60hz_q_45,Yacht@display=center_crop_1080p
2160p_60hz_q_41,2160p_60hz_q_41,cc653c90-c2e7-463e-83b6-1dee35da7534,2160p_60hz_q_45,Yacht@display=center_crop_1080p
2160p_60hz_q_41,2160p_60hz_q_41,e2c15f73-409b-4bf1-bdb6-d0391da62807,2160p_60hz_q_45,Yacht@display=center_crop_1080p
2160p_60hz_q_41,2160p_60hz_q_41,92dc6920-b8bd-4bb8-9461-e463ecac63ad,2160p_60hz_q_45,Yacht@display=center_crop_1080p
2160p_60hz_q_41,2160p_60hz_q_41,3983543e-c80b-40e4-bd96-0bc96de4c562,2160p_60hz_q_45,Yacht@display=center_crop_1080p
,2160p_60hz_q_45,4731f594-5464-428a-8891-726dceae70cb,2160p_60hz_q_41,Yacht@display=center_crop_1080p
2160p_60hz_q_41,2160p_60hz_q_41,b5797c5f-6b3b-4b7f-9b23-5bea5b3eb229,2160p_60hz_q_45,Yacht@display=center_crop_1080p
1080p_60hz_q_33,1080p_60hz_q_39,2e79787c-c952-4312-b557-3d8eaa1a03d9,1080p_60hz_q_33,Beauty@display=center_crop_1080p
1080p_60hz_q_33,1080p_60hz_q_39,7ddeb20b-f4f8-4fb9-a492-b8062afa1e27,1080p_60hz_q_33,Beauty@display=center_crop_1080p
1080p_60hz_q_33,1080p_60hz_q_33,92dc6920-b8bd-4bb8-9461-e463ecac63ad,1080p_60hz_q_39,Beauty@display=center_crop_1080p
1080p_60hz_q_33,1080p_60hz_q_39,0744e640-8e21-41fe-ab34-dfe90d35a5e4,1080p_60hz_q_33,Beauty@display=center_crop_1080p
1080p_60hz_q_33,1080p_60hz_q_33,d4f74e62-520b-489d-af5c-051c4d744c55,1080p_60hz_q_39,Beauty@display=center_crop_1080p
1080p_60hz_q_33,1080p_60hz_q_39,5b32a3b4-03ed-4323-90b4-de0bff193bd8,1080p_60hz_q_33,Beauty@display=center_crop_1080p
1080p_60hz_q_33,1080p_60hz_q_39,ca304a7b-b10f-4cd3-a40e-3663b1a6fc20,1080p_60hz_q_33,Beauty@display=center_crop_1080p
1080p_60hz_q_33,1080p_60hz_q_33,2bd94a3e-72b0-4010-9e82-d5d934a3ab57,1080p_60hz_q_39,Beauty@display=center_crop_1080p
1080p_60hz_q_33,1080p_60hz_q_39,bcda90fb-3e20-4af9-be88-74ad79194ab6,1080p_60hz_q_33,Beauty@display=center_crop_1080p
1080p_60hz_q_33,1080p_60hz_q_39,b080efca-4a2b-456b-8b97-fa7150fa2f8d,1080p_60hz_q_33,Beauty@display=center_crop_1080p
2160p_60hz_q_33,2160p_60hz_q_33,92dc6920-b8bd-4bb8-9461-e463ecac63ad,2160p_60hz_q_49,Dancers@display=center_crop_1080p
2160p_60hz_q_49,2160p_60hz_q_49,a0fd15d2-2bd2-4715-ae74-6871882f69e2,2160p_60hz_q_33,Dancers@display=center_crop_1080p
2160p_60hz_q_33,2160p_60hz_q_33,9d4cc4b7-59aa-493d-844b-83e05a7ee9b6,2160p_60hz_q_49,Dancers@display=center_crop_1080p
2160p_60hz_q_33,2160p_60hz_q_49,5399cf88-3d79-48b1-8c17-3cd72da4ced8,2160p_60hz_q_33,Dancers@display=center_crop_1080p
2160p_60hz_q_33,2160p_60hz_q_49,2a94520b-37d9-4eeb-a589-017195b541e3,2160p_60hz_q_33,Dancers@display=center_crop_1080p
2160p_60hz_q_33,2160p_60hz_q_49,1afd1df2-27db-4494-8663-413ad9946a0d,2160p_60hz_q_33,Dancers@display=center_crop_1080p
2160p_60hz_q_33,2160p_60hz_q_33,7e0438d1-a48a-4e60-9234-b320965d86aa,2160p_60hz_q_49,Dancers@display=center_crop_1080p
2160p_60hz_q_33,2160p_60hz_q_49,b071fb5e-233d-4a69-873f-08407b51b05c,2160p_60hz_q_33,Dancers@display=center_crop_1080p
2160p_60hz_q_33,2160p_60hz_q_49,13ef788f-6080-4128-9bcf-3f3fe1fcacc0,2160p_60hz_q_33,Dancers@display=center_crop_1080p
2160p_60hz_q_33,2160p_60hz_q_49,b080efca-4a2b-456b-8b97-fa7150fa2f8d,2160p_60hz_q_33,Dancers@display=center_crop_1080p
2160p_60hz_q_27,2160p_60hz_q_35,df575ecc-df7d-4fe6-902d-c05730fce434,2160p_60hz_q_27,Football@display=center_crop_1080p
2160p_60hz_q_35,2160p_60hz_q_27,df575ecc-df7d-4fe6-902d-c05730fce434,2160p_60hz_q_35,Football@display=center_crop_1080p
2160p_60hz_q_35,2160p_60hz_q_35,9d7f3cb5-9b1d-4a2b-8564-bd16197718d7,2160p_60hz_q_27,Football@display=center_crop_1080p
2160p_60hz_q_27,2160p_60hz_q_27,f6295a10-e597-43a1-97d3-3e15e7a7d385,2160p_60hz_q_35,Football@display=center_crop_1080p
2160p_60hz_q_35,2160p_60hz_q_35,37f4d149-b1ab-400b-b3f6-3801e7acc02d,2160p_60hz_q_27,Football@display=center_crop_1080p
,2160p_60hz_q_27,92dc6920-b8bd-4bb8-9461-e463ecac63ad,2160p_60hz_q_35,Football@display=center_crop_1080p
2160p_60hz_q_35,2160p_60hz_q_27,13ef788f-6080-4128-9bcf-3f3fe1fcacc0,2160p_60hz_q_35,Football@display=center_crop_1080p
2160p_60hz_q_27,2160p_60hz_q_27,c35a25f8-73ad-40bf-ac86-c73d08325734,2160p_60hz_q_35,Football@display=center_crop_1080p
2160p_60hz_q_35,2160p_60hz_q_27,631d5c27-ad66-408c-b36e-9da595aaa740,2160p_60hz_q_35,Football@display=center_crop_1080p
2160p_60hz_q_27,2160p_60hz_q_27,f304bc2a-d059-481e-9268-2dc6d5c0ee8f,2160p_60hz_q_35,Football@display=center_crop_1080p
,2160p_60hz_q_29,92dc6920-b8bd-4bb8-9461-e463ecac63ad,1080p_60hz_q_37,Ritual@display=center_crop_1080p
2160p_60hz_q_29,2160p_60hz_q_29,a0fd15d2-2bd2-4715-ae74-6871882f69e2,1080p_60hz_q_37,Ritual@display=center_crop_1080p
2160p_60hz_q_29,2160p_60hz_q_29,bcda90fb-3e20-4af9-be88-74ad79194ab6,1080p_60hz_q_37,Ritual@display=center_crop_1080p
2160p_60hz_q_29,2160p_60hz_q_29,fc66e681-3ee1-4f30-9e0a-390ec97223e9,1080p_60hz_q_37,Ritual@display=center_crop_1080p
2160p_60hz_q_29,1080p_60hz_q_37,26a7dfc8-1e68-4579-b9af-f5727b8c413b,2160p_60hz_q_29,Ritual@display=center_crop_1080p
1080p_60hz_q_37,2160p_60hz_q_29,defc3237-931e-4a71-bf18-59d6d7c99b4c,1080p_60hz_q_37,Ritual@display=center_crop_1080p
2160p_60hz_q_29,1080p_60hz_q_37,2e5b02d4-0a00-4feb-993b-d3dd3567d028,2160p_60hz_q_29,Ritual@display=center_crop_1080p
2160p_60hz_q_29,2160p_60hz_q_29,e170141b-c0ee-4624-b054-17a5c6aced22,1080p_60hz_q_37,Ritual@display=center_crop_1080p
2160p_60hz_q_29,2160p_60hz_q_29,4a35f560-042e-4d5b-b103-c56fd5d326a8,1080p_60hz_q_37,Ritual@display=center_crop_1080p
2160p_60hz_q_29,1080p_60hz_q_37,2ef2ced7-e0c0-4f17-8842-daab631cff22,2160p_60hz_q_29,Ritual@display=center_crop_1080p
,1080p_60hz_q_41,92dc6920-b8bd-4bb8-9461-e463ecac63ad,2160p_60hz_q_45,Ready@display=center_crop_1080p
1080p_60hz_q_41,1080p_60hz_q_41,9d4cc4b7-59aa-493d-844b-83e05a7ee9b6,2160p_60hz_q_45,Ready@display=center_crop_1080p
,2160p_60hz_q_45,0c1c7340-3f94-4985-af41-6c3ee4c993c8,1080p_60hz_q_41,Ready@display=center_crop_1080p
1080p_60hz_q_41,1080p_60hz_q_41,33d6bc20-c2de-4c46-a451-3681be8dc16c,2160p_60hz_q_45,Ready@display=center_crop_1080p
,2160p_60hz_q_45,3289a60c-e8f2-4bed-b60c-1ed515026b67,1080p_60hz_q_41,Ready@display=center_crop_1080p
,1080p_60hz_q_41,68a8fa22-cb96-4da4-aad4-b06206826925,2160p_60hz_q_45,Ready@display=center_crop_1080p
2160p_60hz_q_45,2160p_60hz_q_45,b687d08f-c451-43a4-a016-b7164e40457a,1080p_60hz_q_41,Ready@display=center_crop_1080p
1080p_60hz_q_41,1080p_60hz_q_41,2307d8e9-642b-4f06-8182-1c953bcbcc79,2160p_60hz_q_45,Ready@display=center_crop_1080p
,1080p_60hz_q_41,7b6a30c6-4b19-47c7-bc99-5dd895ce82d3,2160p_60hz_q_45,Ready@display=center_crop_1080p
2160p_60hz_q_45,2160p_60hz_q_45,37fe0e5a-6482-4791-a6ee-6d277ad53a8e,1080p_60hz_q_41,Ready@display=center_crop_1080p
,2160p_60hz_q_27,92dc6920-b8bd-4bb8-9461-e463ecac63ad,2160p_60hz_q_51,Tunnel@display=center_crop_1080p
2160p_60hz_q_27,2160p_60hz_q_51,a0fd15d2-2bd2-4715-ae74-6871882f69e2,2160p_60hz_q_27,Tunnel@display=center_crop_1080p
2160p_60hz_q_27,2160p_60hz_q_51,41481cf6-0d7b-4fcf-bf52-4417617a4242,2160p_60hz_q_27,Tunnel@display=center_crop_1080p
2160p_60hz_q_27,2160p_60hz_q_51,61feaf63-ec43-4944-b1f3-48480c3be1a1,2160p_60hz_q_27,Tunnel@display=center_crop_1080p
2160p_60hz_q_27,2160p_60hz_q_51,5b32a3b4-03ed-4323-90b4-de0bff193bd8,2160p_60hz_q_27,Tunnel@display=center_crop_1080p
2160p_60hz_q_27,2160p_60hz_q_51,98c79528-25d0-4621-8eb2-562c49004f90,2160p_60hz_q_27,Tunnel@display=center_crop_1080p
2160p_60hz_q_27,2160p_60hz_q_27,27fc7da4-6d5e-44aa-892d-e16ec39089cc,2160p_60hz_q_51,Tunnel@display=center_crop_1080p
2160p_60hz_q_27,2160p_60hz_q_51,27abb805-a7c5-4e2e-b455-f76a6a91906b,2160p_60hz_q_27,Tunnel@display=center_crop_1080p
2160p_60hz_q_27,2160p_60hz_q_27,5da05509-4f9f-4145-833d-f052c9a2779a,2160p_60hz_q_51,Tunnel@display=center_crop_1080p
2160p_60hz_q_27,2160p_60hz_q_51,ef28475d-dbd1-4ce8-903c-751fee91fbd1,2160p_60hz_q_27,Tunnel@display=center_crop_1080p
1080p_60hz_q_29,1080p_60hz_q_29,a21ffff2-ba97-464c-a146-c7f86c53705a,2160p_60hz_q_45,Football@display=center_crop_1080p
1080p_60hz_q_29,2160p_60hz_q_45,c422e83a-4ae2-46de-a97a-8bb99b9b6408,1080p_60hz_q_29,Football@display=center_crop_1080p
2160p_60hz_q_45,1080p_60hz_q_29,26c9aed6-c72c-40ff-adda-e31709393d7e,2160p_60hz_q_45,Football@display=center_crop_1080p
1080p_60hz_q_29,1080p_60hz_q_29,eb300457-ab68-4665-a62e-e63b649b3fdf,2160p_60hz_q_45,Football@display=center_crop_1080p
1080p_60hz_q_29,1080p_60hz_q_29,bcda90fb-3e20-4af9-be88-74ad79194ab6,2160p_60hz_q_45,Football@display=center_crop_1080p
1080p_60hz_q_29,1080p_60hz_q_29,43b2c520-73e1-4b7a-bf5d-72f725568d35,2160p_60hz_q_45,Football@display=center_crop_1080p
1080p_60hz_q_29,1080p_60hz_q_29,32f8d619-a479-42d1-b457-f76b8f164236,2160p_60hz_q_45,Football@display=center_crop_1080p
1080p_60hz_q_29,2160p_60hz_q_45,a578943c-380a-48e8-958c-c07465b0d48c,1080p_60hz_q_29,Football@display=center_crop_1080p
1080p_60hz_q_29,1080p_60hz_q_29,648eaa2c-7641-4715-8a50-77b78df2a33a,2160p_60hz_q_45,Football@display=center_crop_1080p
1080p_60hz_q_29,1080p_60hz_q_29,15a33f39-68de-4ec2-a989-d4fb1a1d21f0,2160p_60hz_q_45,Football@display=center_crop_1080p
2160p_60hz_q_39,2160p_60hz_q_39,a578943c-380a-48e8-958c-c07465b0d48c,2160p_60hz_q_51,Narrator@display=center_crop_1080p
2160p_60hz_q_39,2160p_60hz_q_51,0e579390-f06d-465e-93d4-187f3887914a,2160p_60hz_q_39,Narrator@display=center_crop_1080p
2160p_60hz_q_39,2160p_60hz_q_51,39f32b60-c4bd-4287-bb95-c5acf6f45aa7,2160p_60hz_q_39,Narrator@display=center_crop_1080p
2160p_60hz_q_39,2160p_60hz_q_39,30e8a8c4-2328-440a-b55d-d5378c63abce,2160p_60hz_q_51,Narrator@display=center_crop_1080p
2160p_60hz_q_39,2160p_60hz_q_39,d42a6af2-2b3b-4c79-9e96-57767a5c5065,2160p_60hz_q_51,Narrator@display=center_crop_1080p
2160p_60hz_q_39,2160p_60hz_q_51,edc9c4be-870a-4682-bc68-79c60e58efe1,2160p_60hz_q_39,Narrator@display=center_crop_1080p
2160p_60hz_q_39,2160p_60hz_q_39,9d9a8f21-682d-4940-bb3e-77802c7e41fe,2160p_60hz_q_51,Narrator@display=center_crop_1080p
2160p_60hz_q_39,2160p_60hz_q_39,5d7831a1-caca-4669-9e4c-d8c0329ff397,2160p_60hz_q_51,Narrator@display=center_crop_1080p
2160p_60hz_q_39,2160p_60hz_q_51,a5de1a7c-1a0e-4207-8292-d8ed4a2eb2e7,2160p_60hz_q_39,Narrator@display=center_crop_1080p
2160p_60hz_q_39,2160p_60hz_q_39,56fb1617-07cb-4404-8798-8e34d0947e88,2160p_60hz_q_51,Narrator@display=center_crop_1080p
1080p_60hz_q_39,1080p_60hz_q_43,a578943c-380a-48e8-958c-c07465b0d48c,1080p_60hz_q_39,Tunnel@display=center_crop_1080p
1080p_60hz_q_39,1080p_60hz_q_39,ca1ed559-56c0-4ec2-9a97-ef41e1a1ef4d,1080p_60hz_q_43,Tunnel@display=center_crop_1080p
1080p_60hz_q_39,1080p_60hz_q_43,946b7170-be46-4eb3-b754-5ee5511bc09a,1080p_60hz_q_39,Tunnel@display=center_crop_1080p
1080p_60hz_q_39,1080p_60hz_q_39,ca304a7b-b10f-4cd3-a40e-3663b1a6fc20,1080p_60hz_q_43,Tunnel@display=center_crop_1080p
1080p_60hz_q_39,1080p_60hz_q_43,6365d9f1-fe2e-49a7-81fa-419e09ce4970,1080p_60hz_q_39,Tunnel@display=center_crop_1080p
1080p_60hz_q_39,1080p_60hz_q_39,a21ffff2-ba97-464c-a146-c7f86c53705a,1080p_60hz_q_43,Tunnel@display=center_crop_1080p
,1080p_60hz_q_39,d135eddd-102e-46e7-82da-64419e897ce6,1080p_60hz_q_43,Tunnel@display=center_crop_1080p
1080p_60hz_q_39,1080p_60hz_q_39,45d734a8-ca71-42f6-abde-ef570e3b4cf1,1080p_60hz_q_43,Tunnel@display=center_crop_1080p
1080p_60hz_q_39,1080p_60hz_q_43,337071eb-82e7-440f-93a9-60e3f4e874d3,1080p_60hz_q_39,Tunnel@display=center_crop_1080p
1080p_60hz_q_43,1080p_60hz_q_43,9d7f3cb5-9b1d-4a2b-8564-bd16197718d7,1080p_60hz_q_39,Tunnel@display=center_crop_1080p
2160p_60hz_q_43,2160p_60hz_q_43,a578943c-380a-48e8-958c-c07465b0d48c,1080p_60hz_q_33,Toddler@display=center_crop_1080p
1080p_60hz_q_33,2160p_60hz_q_43,0d143a52-e18f-4432-adb5-2345850fb6c8,1080p_60hz_q_33,Toddler@display=center_crop_1080p
1080p_60hz_q_33,1080p_60hz_q_33,38ed80b5-0f71-489e-973d-37a39ed3a96c,2160p_60hz_q_43,Toddler@display=center_crop_1080p
,2160p_60hz_q_43,fe6b749e-2b37-43ce-8ec0-132a654149bf,1080p_60hz_q_33,Toddler@display=center_crop_1080p
,2160p_60hz_q_43,8a4b3ba0-ce40-46d3-b44a-431055c4d035,1080p_60hz_q_33,Toddler@display=center_crop_1080p
1080p_60hz_q_33,2160p_60hz_q_43,c1f77f70-98ba-4d35-8fe5-5925140673e2,1080p_60hz_q_33,Toddler@display=center_crop_1080p
1080p_60hz_q_33,2160p_60hz_q_43,7e0438d1-a48a-4e60-9234-b320965d86aa,1080p_60hz_q_33,Toddler@display=center_crop_1080p
,2160p_60hz_q_43,27abb805-a7c5-4e2e-b455-f76a6a91906b,1080p_60hz_q_33,Toddler@display=center_crop_1080p
1080p_60hz_q_33,2160p_60hz_q_43,d88c101b-11c9-4e8d-9dae-f4e5b67933d1,1080p_60hz_q_33,Toddler@display=center_crop_1080p
1080p_60hz_q_33,1080p_60hz_q_33,37fe0e5a-6482-4791-a6ee-6d277ad53a8e,2160p_60hz_q_43,Toddler@display=center_crop_1080p
2160p_60hz_q_41,1080p_60hz_q_43,a578943c-380a-48e8-958c-c07465b0d48c,2160p_60hz_q_41,Tunnel@display=center_crop_1080p
2160p_60hz_q_41,1080p_60hz_q_43,a578943c-380a-48e8-958c-c07465b0d48c,2160p_60hz_q_41,Tunnel@display=center_crop_1080p
,1080p_60hz_q_43,4346792c-16c0-4d22-8943-f0aafe672fb0,2160p_60hz_q_41,Tunnel@display=center_crop_1080p
2160p_60hz_q_41,2160p_60hz_q_41,c9923f00-4dfd-4b79-b700-dcd823bdb6f4,1080p_60hz_q_43,Tunnel@display=center_crop_1080p
2160p_60hz_q_41,1080p_60hz_q_43,f12ef427-eefa-4f1b-b2d1-0a5fa567750a,2160p_60hz_q_41,Tunnel@display=center_crop_1080p
2160p_60hz_q_41,2160p_60hz_q_41,e14d6669-467f-41ea-9347-18173aa10ac3,1080p_60hz_q_43,Tunnel@display=center_crop_1080p
2160p_60hz_q_41,1080p_60hz_q_43,cf2843f8-d897-4e6f-892f-3e8e414080c4,2160p_60hz_q_41,Tunnel@display=center_crop_1080p
2160p_60hz_q_41,2160p_60hz_q_41,2e5b02d4-0a00-4feb-993b-d3dd3567d028,1080p_60hz_q_43,Tunnel@display=center_crop_1080p
2160p_60hz_q_41,1080p_60hz_q_43,0ea37ed8-df3d-4bd2-9c04-dc44aa006a9e,2160p_60hz_q_41,Tunnel@display=center_crop_1080p
2160p_60hz_q_41,2160p_60hz_q_41,1255512e-c359-4479-9837-296bf75c44f8,1080p_60hz_q_43,Tunnel@display=center_crop_1080p
2160p_60hz_q_35,2160p_60hz_q_35,a578943c-380a-48e8-958c-c07465b0d48c,1080p_60hz_q_43,Monkeys@display=center_crop_1080p
2160p_60hz_q_35,2160p_60hz_q_35,68139fa1-4fca-4ef0-8a0d-5b7972e73b76,1080p_60hz_q_43,Monkeys@display=center_crop_1080p
2160p_60hz_q_35,2160p_60hz_q_35,aaf93665-e2a2-453b-9ecf-937b0d3a5597,1080p_60hz_q_43,Monkeys@display=center_crop_1080p
2160p_60hz_q_35,1080p_60hz_q_43,e8103e3b-0bfe-47b6-b4ec-9aefdfb262aa,2160p_60hz_q_35,Monkeys@display=center_crop_1080p
2160p_60hz_q_35,1080p_60hz_q_43,809c6f38-8134-47bd-8f9b-e5110f957391,2160p_60hz_q_35,Monkeys@display=center_crop_1080p
2160p_60hz_q_35,1080p_60hz_q_43,c1f77f70-98ba-4d35-8fe5-5925140673e2,2160p_60hz_q_35,Monkeys@display=center_crop_1080p
2160p_60hz_q_35,1080p_60hz_q_43,b687d08f-c451-43a4-a016-b7164e40457a,2160p_60hz_q_35,Monkeys@display=center_crop_1080p
2160p_60hz_q_35,1080p_60hz_q_43,12ef4ddb-107d-42b2-bfa0-b59fa554e40a,2160p_60hz_q_35,Monkeys@display=center_crop_1080p
2160p_60hz_q_35,1080p_60hz_q_43,951670ac-a4a0-4c5f-b3e8-f8edc637fa52,2160p_60hz_q_35,Monkeys@display=center_crop_1080p
2160p_60hz_q_35,1080p_60hz_q_43,da2c9fd7-50ab-458a-a922-f54ef3dbc3b2,2160p_60hz_q_35,Monkeys@display=center_crop_1080p
2160p_60hz_q_47,2160p_60hz_q_51,ac00c619-1689-4173-bedd-13fff7ce2c99,2160p_60hz_q_47,Tunnel@display=center_crop_1080p
2160p_60hz_q_47,2160p_60hz_q_51,a578943c-380a-48e8-958c-c07465b0d48c,2160p_60hz_q_47,Tunnel@display=center_crop_1080p
2160p_60hz_q_47,2160p_60hz_q_51,9d7f3cb5-9b1d-4a2b-8564-bd16197718d7,2160p_60hz_q_47,Tunnel@display=center_crop_1080p
2160p_60hz_q_47,2160p_60hz_q_47,b8264831-a348-4b5b-bd9d-32b0d6d71474,2160p_60hz_q_51,Tunnel@display=center_crop_1080p
2160p_60hz_q_47,2160p_60hz_q_51,0342ff17-6f9e-48d6-8a90-91636dce509f,2160p_60hz_q_47,Tunnel@display=center_crop_1080p
2160p_60hz_q_47,2160p_60hz_q_47,11632a76-065c-4306-b916-5d8f46563df9,2160p_60hz_q_51,Tunnel@display=center_crop_1080p
2160p_60hz_q_47,2160p_60hz_q_47,7b6a30c6-4b19-47c7-bc99-5dd895ce82d3,2160p_60hz_q_51,Tunnel@display=center_crop_1080p
2160p_60hz_q_47,2160p_60hz_q_51,9d7f3cb5-9b1d-4a2b-8564-bd16197718d7,2160p_60hz_q_47,Tunnel@display=center_crop_1080p
2160p_60hz_q_47,2160p_60hz_q_47,2e18b0d1-37c9-4503-a092-99a9ed14251c,2160p_60hz_q_51,Tunnel@display=center_crop_1080p
,2160p_60hz_q_51,0e46f967-6968-4dbb-8903-a997c011029d,2160p_60hz_q_47,Tunnel@display=center_crop_1080p
1080p_60hz_q_31,1080p_60hz_q_31,a578943c-380a-48e8-958c-c07465b0d48c,1080p_60hz_q_37,SeaRock@display=center_crop_1080p
1080p_60hz_q_31,1080p_60hz_q_31,33d6bc20-c2de-4c46-a451-3681be8dc16c,1080p_60hz_q_37,SeaRock@display=center_crop_1080p
,1080p_60hz_q_37,4cd150dd-7a6c-4a04-bcbb-c430cb979769,1080p_60hz_q_31,SeaRock@display=center_crop_1080p
1080p_60hz_q_31,1080p_60hz_q_37,b5797c5f-6b3b-4b7f-9b23-5bea5b3eb229,1080p_60hz_q_31,SeaRock@display=center_crop_1080p
1080p_60hz_q_31,1080p_60hz_q_31,b48a33a8-dd39-4714-b7bf-1a3c90661e10,1080p_60hz_q_37,SeaRock@display=center_crop_1080p
1080p_60hz_q_31,1080p_60hz_q_37,8d422037-bbe3-4258-b1ef-8f0503275f26,1080p_60hz_q_31,SeaRock@display=center_crop_1080p
1080p_60hz_q_31,1080p_60hz_q_31,9d9a8f21-682d-4940-bb3e-77802c7e41fe,1080p_60hz_q_37,SeaRock@display=center_crop_1080p
1080p_60hz_q_31,1080p_60hz_q_37,d4caa0db-8bd4-47cc-ad0e-f10ed19d1038,1080p_60hz_q_31,SeaRock@display=center_crop_1080p
1080p_60hz_q_31,1080p_60hz_q_31,951670ac-a4a0-4c5f-b3e8-f8edc637fa52,1080p_60hz_q_37,SeaRock@display=center_crop_1080p
1080p_60hz_q_31,1080p_60hz_q_31,e8e854f8-db3b-4b12-b87f-0c5c849cf0ab,1080p_60hz_q_37,SeaRock@display=center_crop_1080p
2160p_60hz_q_33,2160p_60hz_q_49,15499dc0-2c2f-487c-8d43-5e333260fb2c,2160p_60hz_q_33,Discuss@display=center_crop_1080p
2160p_60hz_q_33,2160p_60hz_q_33,9fb76814-95b8-4a81-b82e-4cc085f9ee0b,2160p_60hz_q_49,Discuss@display=center_crop_1080p
2160p_60hz_q_33,2160p_60hz_q_49,9fb76814-95b8-4a81-b82e-4cc085f9ee0b,2160p_60hz_q_33,Discuss@display=center_crop_1080p
2160p_60hz_q_33,2160p_60hz_q_33,15499dc0-2c2f-487c-8d43-5e333260fb2c,2160p_60hz_q_49,Discuss@display=center_crop_1080p
2160p_60hz_q_33,2160p_60hz_q_33,15499dc0-2c2f-487c-8d43-5e333260fb2c,2160p_60hz_q_49,Discuss@display=center_crop_1080p
2160p_60hz_q_33,2160p_60hz_q_33,03674bae-3278-4c8f-9b28-9e8d9088d5fb,2160p_60hz_q_49,Discuss@display=center_crop_1080p
2160p_60hz_q_33,2160p_60hz_q_33,aa433bdd-ee10-4a4b-bf8b-72826e7f8644,2160p_60hz_q_49,Discuss@display=center_crop_1080p
2160p_60hz_q_33,2160p_60hz_q_49,03674bae-3278-4c8f-9b28-9e8d9088d5fb,2160p_60hz_q_33,Discuss@display=center_crop_1080p
2160p_60hz_q_33,2160p_60hz_q_33,d2b4ccf8-df89-4fd3-9bd0-76a4a330b75e,2160p_60hz_q_49,Discuss@display=center_crop_1080p
2160p_60hz_q_33,2160p_60hz_q_33,aa433bdd-ee10-4a4b-bf8b-72826e7f8644,2160p_60hz_q_49,Discuss@display=center_crop_1080p
2160p_60hz_q_35,2160p_60hz_q_43,a578943c-380a-48e8-958c-c07465b0d48c,2160p_60hz_q_35,Toddler@display=center_crop_1080p
2160p_60hz_q_35,2160p_60hz_q_43,84a9bb8b-5b89-4196-aad3-5ec58814e164,2160p_60hz_q_35,Toddler@display=center_crop_1080p
2160p_60hz_q_35,2160p_60hz_q_43,2ba1abad-a0d9-4273-b56e-68dcba71cc73,2160p_60hz_q_35,Toddler@display=center_crop_1080p
2160p_60hz_q_35,2160p_60hz_q_35,3f875a9c-3a5b-49b9-8c04-e56a4bb7d9ec,2160p_60hz_q_43,Toddler@display=center_crop_1080p
2160p_60hz_q_35,2160p_60hz_q_35,17280dc9-80f2-4649-b2ff-73bb5953c227,2160p_60hz_q_43,Toddler@display=center_crop_1080p
2160p_60hz_q_35,2160p_60hz_q_43,4cd150dd-7a6c-4a04-bcbb-c430cb979769,2160p_60hz_q_35,Toddler@display=center_crop_1080p
2160p_60hz_q_35,2160p_60hz_q_35,110d7871-1915-4303-887e-891fb24433ca,2160p_60hz_q_43,Toddler@display=center_crop_1080p
2160p_60hz_q_35,2160p_60hz_q_43,a5762c12-c5ba-4b11-898d-9ae55f04d30a,2160p_60hz_q_35,Toddler@display=center_crop_1080p
2160p_60hz_q_35,2160p_60hz_q_43,b8264831-a348-4b5b-bd9d-32b0d6d71474,2160p_60hz_q_35,Toddler@display=center_crop_1080p
2160p_60hz_q_35,2160p_60hz_q_43,baff962a-861f-470e-b1f5-deb3cc28475d,2160p_60hz_q_35,Toddler@display=center_crop_1080p
2160p_60hz_q_33,1080p_60hz_q_39,70fb323d-b8bb-4830-acf7-c066e2076a7a,2160p_60hz_q_33,Discuss@display=center_crop_1080p
2160p_60hz_q_33,1080p_60hz_q_39,56fb1617-07cb-4404-8798-8e34d0947e88,2160p_60hz_q_33,Discuss@display=center_crop_1080p
2160p_60hz_q_33,2160p_60hz_q_33,e170141b-c0ee-4624-b054-17a5c6aced22,1080p_60hz_q_39,Discuss@display=center_crop_1080p
2160p_60hz_q_33,1080p_60hz_q_39,eedf411b-6b3f-45af-bfac-983da3c35692,2160p_60hz_q_33,Discuss@display=center_crop_1080p
2160p_60hz_q_33,2160p_60hz_q_33,3a9c1e54-5803-42be-b7c4-ae7a7c6d615f,1080p_60hz_q_39,Discuss@display=center_crop_1080p
2160p_60hz_q_33,1080p_60hz_q_39,234f2863-9dc3-4857-bbf9-144b0e1a86f4,2160p_60hz_q_33,Discuss@display=center_crop_1080p
2160p_60hz_q_33,1080p_60hz_q_39,1ca84b1e-d4bf-4781-85d1-40aca93f8b16,2160p_60hz_q_33,Discuss@display=center_crop_1080p
2160p_60hz_q_33,1080p_60hz_q_39,fe9ba464-25aa-4a37-8a07-769dc55e4626,2160p_60hz_q_33,Discuss@display=center_crop_1080p
2160p_60hz_q_33,1080p_60hz_q_39,df3181f3-e23f-460f-b47b-84cc79f0625c,2160p_60hz_q_33,Discuss@display=center_crop_1080p
2160p_60hz_q_33,2160p_60hz_q_33,30e8a8c4-2328-440a-b55d-d5378c63abce,1080p_60hz_q_39,Discuss@display=center_crop_1080p
1080p_60hz_q_31,2160p_60hz_q_37,310b7e44-fc5e-411e-b78f-fc76d806c19e,1080p_60hz_q_31,Tunnel@display=center_crop_1080p
1080p_60hz_q_31,1080p_60hz_q_31,0744e640-8e21-41fe-ab34-dfe90d35a5e4,2160p_60hz_q_37,Tunnel@display=center_crop_1080p
1080p_60hz_q_31,2160p_60hz_q_37,53fda506-b1fc-4245-860a-07ad40e5b65d,1080p_60hz_q_31,Tunnel@display=center_crop_1080p
1080p_60hz_q_31,2160p_60hz_q_37,1ca84b1e-d4bf-4781-85d1-40aca93f8b16,1080p_60hz_q_31,Tunnel@display=center_crop_1080p
,2160p_60hz_q_37,232508cc-8372-4d0c-bbe0-9a174d6a0c6a,1080p_60hz_q_31,Tunnel@display=center_crop_1080p
,2160p_60hz_q_37,532f40a1-621c-494b-8e10-a8cb0668755d,1080p_60hz_q_31,Tunnel@display=center_crop_1080p
2160p_60hz_q_37,2160p_60hz_q_37,c9f9b726-7136-4632-89d8-9e6b66d837dc,1080p_60hz_q_31,Tunnel@display=center_crop_1080p
2160p_60hz_q_37,1080p_60hz_q_31,2ef2ced7-e0c0-4f17-8842-daab631cff22,2160p_60hz_q_37,Tunnel@display=center_crop_1080p
2160p_60hz_q_37,2160p_60hz_q_37,23fa0894-e067-4bdf-98ff-55ade0a43235,1080p_60hz_q_31,Tunnel@display=center_crop_1080p
,2160p_60hz_q_37,3c7562c0-bc9e-4808-9372-695211fc6275,1080p_60hz_q_31,Tunnel@display=center_crop_1080p
2160p_60hz_q_33,2160p_60hz_q_51,1ca84b1e-d4bf-4781-85d1-40aca93f8b16,2160p_60hz_q_33,Narrator@display=center_crop_1080p
2160p_60hz_q_33,2160p_60hz_q_33,3b093b24-8dee-407c-adc3-23e77227e35b,2160p_60hz_q_51,Narrator@display=center_crop_1080p
2160p_60hz_q_33,2160p_60hz_q_51,e154a82c-3a72-4854-8f3a-f54550369af2,2160p_60hz_q_33,Narrator@display=center_crop_1080p
2160p_60hz_q_51,2160p_60hz_q_51,de41656b-1f7f-453c-8775-6b21be1e124a,2160p_60hz_q_33,Narrator@display=center_crop_1080p
2160p_60hz_q_33,2160p_60hz_q_33,19b86171-b4f8-49bf-a0e9-17e0ba50a844,2160p_60hz_q_51,Narrator@display=center_crop_1080p
2160p_60hz_q_33,2160p_60hz_q_33,15a33f39-68de-4ec2-a989-d4fb1a1d21f0,2160p_60hz_q_51,Narrator@display=center_crop_1080p
2160p_60hz_q_33,2160p_60hz_q_51,809c6f38-8134-47bd-8f9b-e5110f957391,2160p_60hz_q_33,Narrator@display=center_crop_1080p
2160p_60hz_q_33,2160p_60hz_q_33,68a8fa22-cb96-4da4-aad4-b06206826925,2160p_60hz_q_51,Narrator@display=center_crop_1080p
2160p_60hz_q_33,2160p_60hz_q_33,32f8d619-a479-42d1-b457-f76b8f164236,2160p_60hz_q_51,Narrator@display=center_crop_1080p
2160p_60hz_q_33,2160p_60hz_q_51,dbc1ca9b-a7e7-40e4-a057-eecc8d4a2441,2160p_60hz_q_33,Narrator@display=center_crop_1080p
2160p_60hz_q_35,2160p_60hz_q_35,1ca84b1e-d4bf-4781-85d1-40aca93f8b16,2160p_60hz_q_41,Football@display=center_crop_1080p
,2160p_60hz_q_41,f78b4a60-3247-4387-8e81-67393ae77757,2160p_60hz_q_35,Football@display=center_crop_1080p
2160p_60hz_q_35,2160p_60hz_q_35,f12ef427-eefa-4f1b-b2d1-0a5fa567750a,2160p_60hz_q_41,Football@display=center_crop_1080p
,2160p_60hz_q_35,12af518c-7153-4f07-a556-0ee231ba34ae,2160p_60hz_q_41,Football@display=center_crop_1080p
2160p_60hz_q_35,2160p_60hz_q_41,b7c70b81-275b-4549-ac00-de8dbd201b40,2160p_60hz_q_35,Football@display=center_crop_1080p
2160p_60hz_q_35,2160p_60hz_q_41,2ea19ebb-5fdf-47c4-aa24-d9d7355fda95,2160p_60hz_q_35,Football@display=center_crop_1080p
2160p_60hz_q_35,2160p_60hz_q_35,9832020d-32c9-4b00-b7da-f708d715fc06,2160p_60hz_q_41,Football@display=center_crop_1080p
,2160p_60hz_q_35,7bbe860b-aaf5-41f4-afb2-851886818fc7,2160p_60hz_q_41,Football@display=center_crop_1080p
2160p_60hz_q_41,2160p_60hz_q_35,37fe0e5a-6482-4791-a6ee-6d277ad53a8e,2160p_60hz_q_41,Football@display=center_crop_1080p
2160p_60hz_q_35,2160p_60hz_q_41,c35a25f8-73ad-40bf-ac86-c73d08325734,2160p_60hz_q_35,Football@display=center_crop_1080p
2160p_60hz_q_39,2160p_60hz_q_39,208e7f6c-d013-4a6f-a6be-3008a0d3130b,2160p_60hz_q_51,SeaRock@display=center_crop_1080p
2160p_60hz_q_39,2160p_60hz_q_51,8a4b3ba0-ce40-46d3-b44a-431055c4d035,2160p_60hz_q_39,SeaRock@display=center_crop_1080p
2160p_60hz_q_39,2160p_60hz_q_39,eb8aa815-a946-4f28-b470-3f1c9fdf4788,2160p_60hz_q_51,SeaRock@display=center_crop_1080p
2160p_60hz_q_39,2160p_60hz_q_51,1ca84b1e-d4bf-4781-85d1-40aca93f8b16,2160p_60hz_q_39,SeaRock@display=center_crop_1080p
2160p_60hz_q_39,2160p_60hz_q_39,7ac3129c-bc4a-4a32-9ca5-27a305d5c36c,2160p_60hz_q_51,SeaRock@display=center_crop_1080p
2160p_60hz_q_39,2160p_60hz_q_39,e154a82c-3a72-4854-8f3a-f54550369af2,2160p_60hz_q_51,SeaRock@display=center_crop_1080p
2160p_60hz_q_39,2160p_60hz_q_39,7732bed5-fc82-4d88-b674-40d62da7e8d0,2160p_60hz_q_51,SeaRock@display=center_crop_1080p
2160p_60hz_q_39,2160p_60hz_q_39,b5975696-d633-4dcb-aee4-f089dc00b163,2160p_60hz_q_51,SeaRock@display=center_crop_1080p
2160p_60hz_q_39,2160p_60hz_q_39,208e7f6c-d013-4a6f-a6be-3008a0d3130b,2160p_60hz_q_51,SeaRock@display=center_crop_1080p
2160p_60hz_q_39,2160p_60hz_q_39,edc9c4be-870a-4682-bc68-79c60e58efe1,2160p_60hz_q_51,SeaRock@display=center_crop_1080p
,2160p_60hz_q_33,40acb942-4edc-4dea-a078-26987e1de4a3,1080p_60hz_q_31,SeaRock@display=center_crop_1080p
2160p_60hz_q_33,1080p_60hz_q_31,1ca84b1e-d4bf-4781-85d1-40aca93f8b16,2160p_60hz_q_33,SeaRock@display=center_crop_1080p
2160p_60hz_q_33,2160p_60hz_q_33,27fc7da4-6d5e-44aa-892d-e16ec39089cc,1080p_60hz_q_31,SeaRock@display=center_crop_1080p
2160p_60hz_q_33,2160p_60hz_q_33,e8103e3b-0bfe-47b6-b4ec-9aefdfb262aa,1080p_60hz_q_31,SeaRock@display=center_crop_1080p
2160p_60hz_q_33,1080p_60hz_q_31,70fb323d-b8bb-4830-acf7-c066e2076a7a,2160p_60hz_q_33,SeaRock@display=center_crop_1080p
2160p_60hz_q_33,1080p_60hz_q_31,b7928616-ca9e-452f-a4c0-0f707a07341c,2160p_60hz_q_33,SeaRock@display=center_crop_1080p
1080p_60hz_q_31,1080p_60hz_q_31,e8e854f8-db3b-4b12-b87f-0c5c849cf0ab,2160p_60hz_q_33,SeaRock@display=center_crop_1080p
,1080p_60hz_q_31,cc653c90-c2e7-463e-83b6-1dee35da7534,2160p_60hz_q_33,SeaRock@display=center_crop_1080p
2160p_60hz_q_33,2160p_60hz_q_33,26c9aed6-c72c-40ff-adda-e31709393d7e,1080p_60hz_q_31,SeaRock@display=center_crop_1080p
2160p_60hz_q_33,1080p_60hz_q_31,e9551a3e-d41f-474d-b2d8-05231d46ff64,2160p_60hz_q_33,SeaRock@display=center_crop_1080p
1080p_60hz_q_37,1080p_60hz_q_37,1ca84b1e-d4bf-4781-85d1-40aca93f8b16,2160p_60hz_q_51,Narrator@display=center_crop_1080p
,2160p_60hz_q_51,df3181f3-e23f-460f-b47b-84cc79f0625c,1080p_60hz_q_37,Narrator@display=center_crop_1080p
1080p_60hz_q_37,2160p_60hz_q_51,33d6bc20-c2de-4c46-a451-3681be8dc16c,1080p_60hz_q_37,Narrator@display=center_crop_1080p
1080p_60hz_q_37,2160p_60hz_q_51,3289a60c-e8f2-4bed-b60c-1ed515026b67,1080p_60hz_q_37,Narrator@display=center_crop_1080p
1080p_60hz_q_37,2160p_60hz_q_51,43b2c520-73e1-4b7a-bf5d-72f725568d35,1080p_60hz_q_37,Narrator@display=center_crop_1080p
1080p_60hz_q_37,2160p_60hz_q_51,2a94520b-37d9-4eeb-a589-017195b541e3,1080p_60hz_q_37,Narrator@display=center_crop_1080p
1080p_60hz_q_37,2160p_60hz_q_51,1a451c03-6caa-4ba8-8207-bfdff094790a,1080p_60hz_q_37,Narrator@display=center_crop_1080p
1080p_60hz_q_37,1080p_60hz_q_37,f96ffcdd-22c6-49b7-bd2d-73e698539f79,2160p_60hz_q_51,Narrator@display=center_crop_1080p
1080p_60hz_q_37,2160p_60hz_q_51,baff962a-861f-470e-b1f5-deb3cc28475d,1080p_60hz_q_37,Narrator@display=center_crop_1080p
1080p_60hz_q_37,2160p_60hz_q_51,c35a25f8-73ad-40bf-ac86-c73d08325734,1080p_60hz_q_37,Narrator@display=center_crop_1080p
2160p_60hz_q_27,2160p_60hz_q_47,1ca84b1e-d4bf-4781-85d1-40aca93f8b16,2160p_60hz_q_27,Tunnel@display=center_crop_1080p
2160p_60hz_q_27,2160p_60hz_q_47,1ca84b1e-d4bf-4781-85d1-40aca93f8b16,2160p_60hz_q_27,Tunnel@display=center_crop_1080p
2160p_60hz_q_27,2160p_60hz_q_47,37f4d149-b1ab-400b-b3f6-3801e7acc02d,2160p_60hz_q_27,Tunnel@display=center_crop_1080p
2160p_60hz_q_27,2160p_60hz_q_27,df575ecc-df7d-4fe6-902d-c05730fce434,2160p_60hz_q_47,Tunnel@display=center_crop_1080p
2160p_60hz_q_27,2160p_60hz_q_27,46aabf20-8386-4462-a685-7bdf025cd375,2160p_60hz_q_47,Tunnel@display=center_crop_1080p
2160p_60hz_q_27,2160p_60hz_q_27,48b895da-31dd-4c47-8d99-cbe1bd7d4339,2160p_60hz_q_47,Tunnel@display=center_crop_1080p
2160p_60hz_q_27,2160p_60hz_q_47,c1406dbe-085d-437e-a0f6-f8cac228648d,2160p_60hz_q_27,Tunnel@display=center_crop_1080p
2160p_60hz_q_27,2160p_60hz_q_47,63886b87-eff3-460e-b828-c9b1a172a21c,2160p_60hz_q_27,Tunnel@display=center_crop_1080p
2160p_60hz_q_27,2160p_60hz_q_47,1afd1df2-27db-4494-8663-413ad9946a0d,2160p_60hz_q_27,Tunnel@display=center_crop_1080p
2160p_60hz_q_27,2160p_60hz_q_47,bc64594f-68af-4afd-a02d-423ac80ebb4e,2160p_60hz_q_27,Tunnel@display=center_crop_1080p
1080p_60hz_q_35,1080p_60hz_q_39,1ca84b1e-d4bf-4781-85d1-40aca93f8b16,1080p_60hz_q_35,Discuss@display=center_crop_1080p
1080p_60hz_q_35,1080p_60hz_q_39,d910e078-d366-48f9-80a5-0723efa4eb4b,1080p_60hz_q_35,Discuss@display=center_crop_1080p
1080p_60hz_q_35,1080p_60hz_q_35,df575ecc-df7d-4fe6-902d-c05730fce434,1080p_60hz_q_39,Discuss@display=center_crop_1080p
1080p_60hz_q_35,1080p_60hz_q_35,f304bc2a-d059-481e-9268-2dc6d5c0ee8f,1080p_60hz_q_39,Discuss@display=center_crop_1080p
1080p_60hz_q_35,1080p_60hz_q_39,809c6f38-8134-47bd-8f9b-e5110f957391,1080p_60hz_q_35,Discuss@display=center_crop_1080p
1080p_60hz_q_35,1080p_60hz_q_39,0744e640-8e21-41fe-ab34-dfe90d35a5e4,1080p_60hz_q_35,Discuss@display=center_crop_1080p
1080p_60hz_q_35,1080p_60hz_q_35,b534d02f-8944-4adf-bd53-e57ce627a786,1080p_60hz_q_39,Discuss@display=center_crop_1080p
1080p_60hz_q_35,1080p_60hz_q_35,ff018c0f-acf7-4bf8-ae51-2c1e2f9d4ce1,1080p_60hz_q_39,Discuss@display=center_crop_1080p
1080p_60hz_q_35,1080p_60hz_q_39,baff962a-861f-470e-b1f5-deb3cc28475d,1080p_60hz_q_35,Discuss@display=center_crop_1080p
1080p_60hz_q_35,1080p_60hz_q_35,dbc1ca9b-a7e7-40e4-a057-eecc8d4a2441,1080p_60hz_q_39,Discuss@display=center_crop_1080p
1080p_60hz_q_37,1080p_60hz_q_37,20807434-c623-4bef-ac7a-40d37608cef6,1080p_60hz_q_43,Football@display=center_crop_1080p
1080p_60hz_q_37,1080p_60hz_q_37,3f6d3097-778b-4b3f-a405-d7420cb780fe,1080p_60hz_q_43,Football@display=center_crop_1080p
1080p_60hz_q_37,1080p_60hz_q_37,72ac556d-4a84-4609-ba4c-7e16151d6050,1080p_60hz_q_43,Football@display=center_crop_1080p
1080p_60hz_q_37,1080p_60hz_q_43,302e1287-9f66-4b60-9274-85716ad811e5,1080p_60hz_q_37,Football@display=center_crop_1080p
1080p_60hz_q_37,1080p_60hz_q_37,50fb4a76-371b-4a31-aca5-d984ee1d3d44,1080p_60hz_q_43,Football@display=center_crop_1080p
1080p_60hz_q_37,1080p_60hz_q_37,302e1287-9f66-4b60-9274-85716ad811e5,1080p_60hz_q_43,Football@display=center_crop_1080p
1080p_60hz_q_37,1080p_60hz_q_43,cfa81fa9-80cd-4958-bdc4-b3f73db58f1d,1080p_60hz_q_37,Football@display=center_crop_1080p
1080p_60hz_q_37,1080p_60hz_q_37,20807434-c623-4bef-ac7a-40d37608cef6,1080p_60hz_q_43,Football@display=center_crop_1080p
1080p_60hz_q_37,1080p_60hz_q_43,e7c2eb31-dae1-4475-91e4-96c9dbb24e46,1080p_60hz_q_37,Football@display=center_crop_1080p
1080p_60hz_q_37,1080p_60hz_q_37,b3bfce76-39b7-447f-8ed1-6fde7dd0dd52,1080p_60hz_q_43,Football@display=center_crop_1080p
2160p_60hz_q_27,2160p_60hz_q_27,1ca84b1e-d4bf-4781-85d1-40aca93f8b16,1080p_60hz_q_35,Discuss@display=center_crop_1080p
2160p_60hz_q_27,1080p_60hz_q_35,bcda90fb-3e20-4af9-be88-74ad79194ab6,2160p_60hz_q_27,Discuss@display=center_crop_1080p
2160p_60hz_q_27,2160p_60hz_q_27,38ed80b5-0f71-489e-973d-37a39ed3a96c,1080p_60hz_q_35,Discuss@display=center_crop_1080p
2160p_60hz_q_27,1080p_60hz_q_35,39f32b60-c4bd-4287-bb95-c5acf6f45aa7,2160p_60hz_q_27,Discuss@display=center_crop_1080p
2160p_60hz_q_27,1080p_60hz_q_35,1a4f9bd0-1ff2-4da0-96f3-91c32fa4eda4,2160p_60hz_q_27,Discuss@display=center_crop_1080p
2160p_60hz_q_27,2160p_60hz_q_27,984e388d-b130-4495-9352-11919b42ab34,1080p_60hz_q_35,Discuss@display=center_crop_1080p
2160p_60hz_q_27,1080p_60hz_q_35,70fb323d-b8bb-4830-acf7-c066e2076a7a,2160p_60hz_q_27,Discuss@display=center_crop_1080p
2160p_60hz_q_27,1080p_60hz_q_35,45f7895e-4d5f-4242-b275-48ce60c655bc,2160p_60hz_q_27,Discuss@display=center_crop_1080p
2160p_60hz_q_27,1080p_60hz_q_35,8874acc5-cdbe-47f2-a092-7777f2ee3594,2160p_60hz_q_27,Discuss@display=center_crop_1080p
2160p_60hz_q_27,2160p_60hz_q_27,56fb1617-07cb-4404-8798-8e34d0947e88,1080p_60hz_q_35,Discuss@display=center_crop_1080p
1080p_60hz_q_37,1080p_60hz_q_37,1ca84b1e-d4bf-4781-85d1-40aca93f8b16,1080p_60hz_q_41,Narrator@display=center_crop_1080p
1080p_60hz_q_37,1080p_60hz_q_41,46aabf20-8386-4462-a685-7bdf025cd375,1080p_60hz_q_37,Narrator@display=center_crop_1080p
1080p_60hz_q_37,1080p_60hz_q_41,412dd5fb-427b-426d-9284-e8f9331100cb,1080p_60hz_q_37,Narrator@display=center_crop_1080p
,1080p_60hz_q_37,5b32a3b4-03ed-4323-90b4-de0bff193bd8,1080p_60hz_q_41,Narrator@display=center_crop_1080p
1080p_60hz_q_37,1080p_60hz_q_41,ca304a7b-b10f-4cd3-a40e-3663b1a6fc20,1080p_60hz_q_37,Narrator@display=center_crop_1080p
1080p_60hz_q_37,1080p_60hz_q_37,a5762c12-c5ba-4b11-898d-9ae55f04d30a,1080p_60hz_q_41,Narrator@display=center_crop_1080p
1080p_60hz_q_37,1080p_60hz_q_37,badb4c68-c25f-4312-93cc-37b701824925,1080p_60hz_q_41,Narrator@display=center_crop_1080p
1080p_60hz_q_37,1080p_60hz_q_37,46c72348-a4f5-45a1-aca1-ed0547c43708,1080p_60hz_q_41,Narrator@display=center_crop_1080p
1080p_60hz_q_37,1080p_60hz_q_41,53fda506-b1fc-4245-860a-07ad40e5b65d,1080p_60hz_q_37,Narrator@display=center_crop_1080p
1080p_60hz_q_37,1080p_60hz_q_41,d11f9ccb-7bb2-41ae-beae-fa69cbbfbde7,1080p_60hz_q_37,Narrator@display=center_crop_1080p
,2160p_60hz_q_39,1ca84b1e-d4bf-4781-85d1-40aca93f8b16,2160p_60hz_q_33,Narrator@display=center_crop_1080p
2160p_60hz_q_33,2160p_60hz_q_33,0b011a81-3784-4c06-a335-fb62580cde04,2160p_60hz_q_39,Narrator@display=center_crop_1080p
2160p_60hz_q_33,2160p_60hz_q_39,12af518c-7153-4f07-a556-0ee231ba34ae,2160p_60hz_q_33,Narrator@display=center_crop_1080p
,2160p_60hz_q_39,c1406dbe-085d-437e-a0f6-f8cac228648d,2160p_60hz_q_33,Narrator@display=center_crop_1080p
2160p_60hz_q_33,2160p_60hz_q_33,defc3237-931e-4a71-bf18-59d6d7c99b4c,2160p_60hz_q_39,Narrator@display=center_crop_1080p
2160p_60hz_q_33,2160p_60hz_q_33,2ed884e7-7f71-4a59-88ae-63e2f27f6fef,2160p_60hz_q_39,Narrator@display=center_crop_1080p
2160p_60hz_q_33,2160p_60hz_q_39,c422e83a-4ae2-46de-a97a-8bb99b9b6408,2160p_60hz_q_33,Narrator@display=center_crop_1080p
2160p_60hz_q_33,2160p_60hz_q_39,8874acc5-cdbe-47f2-a092-7777f2ee3594,2160p_60hz_q_33,Narrator@display=center_crop_1080p
2160p_60hz_q_33,2160p_60hz_q_33,5da05509-4f9f-4145-833d-f052c9a2779a,2160p_60hz_q_39,Narrator@display=center_crop_1080p
2160p_60hz_q_33,2160p_60hz_q_33,02bdc5dd-6b5a-4f34-b244-61603b6e09ae,2160p_60hz_q_39,Narrator@display=center_crop_1080p
,1080p_60hz_q_41,1ca84b1e-d4bf-4781-85d1-40aca93f8b16,2160p_60hz_q_49,Ritual@display=center_crop_1080p
1080p_60hz_q_41,1080p_60hz_q_41,1870054d-e579-4520-9f6a-4f32b8fedd4b,2160p_60hz_q_49,Ritual@display=center_crop_1080p
1080p_60hz_q_41,1080p_60hz_q_41,cd044f9e-7cb5-48e5-a688-e76fa4ed8517,2160p_60hz_q_49,Ritual@display=center_crop_1080p
1080p_60hz_q_41,2160p_60hz_q_49,e9d0b79f-5cb6-42b3-ad16-03f671a861e8,1080p_60hz_q_41,Ritual@display=center_crop_1080p
,1080p_60hz_q_41,5c9fb765-7783-4e60-af0f-aa58a44f2419,2160p_60hz_q_49,Ritual@display=center_crop_1080p
1080p_60hz_q_41,1080p_60hz_q_41,285deb4d-638a-4cee-8ceb-cf512c184de5,2160p_60hz_q_49,Ritual@display=center_crop_1080p
1080p_60hz_q_41,2160p_60hz_q_49,f8a8894e-7e85-4d2a-8eb5-ed2fc77bcff4,1080p_60hz_q_41,Ritual@display=center_crop_1080p
1080p_60hz_q_41,2160p_60hz_q_49,b071fb5e-233d-4a69-873f-08407b51b05c,1080p_60hz_q_41,Ritual@display=center_crop_1080p
1080p_60hz_q_41,1080p_60hz_q_41,db96f8b8-515c-4db2-a50b-980516bf9af5,2160p_60hz_q_49,Ritual@display=center_crop_1080p
,2160p_60hz_q_49,7b6a30c6-4b19-47c7-bc99-5dd895ce82d3,1080p_60hz_q_41,Ritual@display=center_crop_1080p
1080p_60hz_q_27,1080p_60hz_q_27,4fff29aa-7b1f-471e-8be0-81a10c0a7a33,2160p_60hz_q_45,SeaRock@display=center_crop_1080p
1080p_60hz_q_27,1080p_60hz_q_27,a0fd15d2-2bd2-4715-ae74-6871882f69e2,2160p_60hz_q_45,SeaRock@display=center_crop_1080p
1080p_60hz_q_27,2160p_60hz_q_45,0dbb174c-6df7-488c-b0a4-c611dceaebb8,1080p_60hz_q_27,SeaRock@display=center_crop_1080p
1080p_60hz_q_27,1080p_60hz_q_27,61feaf63-ec43-4944-b1f3-48480c3be1a1,2160p_60hz_q_45,SeaRock@display=center_crop_1080p
1080p_60hz_q_27,2160p_60hz_q_45,38eb67c2-2906-4921-bcd3-74943af82d47,1080p_60hz_q_27,SeaRock@display=center_crop_1080p
1080p_60hz_q_27,1080p_60hz_q_27,0e579390-f06d-465e-93d4-187f3887914a,2160p_60hz_q_45,SeaRock@display=center_crop_1080p
1080p_60hz_q_27,2160p_60hz_q_45,fc66e681-3ee1-4f30-9e0a-390ec97223e9,1080p_60hz_q_27,SeaRock@display=center_crop_1080p
1080p_60hz_q_27,2160p_60hz_q_45,c81ae704-93f9-4974-8b29-9181659b6dd4,1080p_60hz_q_27,SeaRock@display=center_crop_1080p
,1080p_60hz_q_27,5ca47ce2-d2f1-4fa3-ad4c-eaf361944918,2160p_60hz_q_45,SeaRock@display=center_crop_1080p
1080p_60hz_q_27,1080p_60hz_q_27,56fb1617-07cb-4404-8798-8e34d0947e88,2160p_60hz_q_45,SeaRock@display=center_crop_1080p
2160p_60hz_q_35,2160p_60hz_q_35,11632a76-065c-4306-b916-5d8f46563df9,1080p_60hz_q_39,Beauty@display=center_crop_1080p
2160p_60hz_q_35,2160p_60hz_q_35,757d41cf-5808-4373-a3b1-f7dd94f2ac11,1080p_60hz_q_39,Beauty@display=center_crop_1080p
2160p_60hz_q_35,1080p_60hz_q_39,b15043b9-76db-434f-a66f-5267875bfa9d,2160p_60hz_q_35,Beauty@display=center_crop_1080p
2160p_60hz_q_35,2160p_60hz_q_35,654273d8-39da-4132-b299-f4c320d54d3b,1080p_60hz_q_39,Beauty@display=center_crop_1080p
2160p_60hz_q_35,2160p_60hz_q_35,53fda506-b1fc-4245-860a-07ad40e5b65d,1080p_60hz_q_39,Beauty@display=center_crop_1080p
1080p_60hz_q_39,1080p_60hz_q_39,4fff29aa-7b1f-471e-8be0-81a10c0a7a33,2160p_60hz_q_35,Beauty@display=center_crop_1080p
2160p_60hz_q_35,1080p_60hz_q_39,12af518c-7153-4f07-a556-0ee231ba34ae,2160p_60hz_q_35,Beauty@display=center_crop_1080p
2160p_60hz_q_35,1080p_60hz_q_39,7732bed5-fc82-4d88-b674-40d62da7e8d0,2160p_60hz_q_35,Beauty@display=center_crop_1080p
2160p_60hz_q_35,1080p_60hz_q_39,9f51abaa-a048-44d8-ae58-d57bbdc1ef25,2160p_60hz_q_35,Beauty@display=center_crop_1080p
,2160p_60hz_q_35,e154a82c-3a72-4854-8f3a-f54550369af2,1080p_60hz_q_39,Beauty@display=center_crop_1080p
1080p_60hz_q_35,2160p_60hz_q_49,412dd5fb-427b-426d-9284-e8f9331100cb,1080p_60hz_q_35,Yacht@display=center_crop_1080p
1080p_60hz_q_35,2160p_60hz_q_49,39f32b60-c4bd-4287-bb95-c5acf6f45aa7,1080p_60hz_q_35,Yacht@display=center_crop_1080p
1080p_60hz_q_35,1080p_60hz_q_35,07bb6da7-3bb5-4713-94b5-3cc6da69b587,2160p_60hz_q_49,Yacht@display=center_crop_1080p
1080p_60hz_q_35,1080p_60hz_q_35,4df1c570-ef1a-4197-ab7f-78f52c6abbdd,2160p_60hz_q_49,Yacht@display=center_crop_1080p
1080p_60hz_q_35,1080p_60hz_q_35,baff962a-861f-470e-b1f5-deb3cc28475d,2160p_60hz_q_49,Yacht@display=center_crop_1080p
1080p_60hz_q_35,1080p_60hz_q_35,3289a60c-e8f2-4bed-b60c-1ed515026b67,2160p_60hz_q_49,Yacht@display=center_crop_1080p
1080p_60hz_q_35,1080p_60hz_q_35,234f2863-9dc3-4857-bbf9-144b0e1a86f4,2160p_60hz_q_49,Yacht@display=center_crop_1080p
1080p_60hz_q_35,1080p_60hz_q_35,6365d9f1-fe2e-49a7-81fa-419e09ce4970,2160p_60hz_q_49,Yacht@display=center_crop_1080p
1080p_60hz_q_35,1080p_60hz_q_35,8d9dae56-b7ed-4a87-9560-f24092471144,2160p_60hz_q_49,Yacht@display=center_crop_1080p
1080p_60hz_q_35,2160p_60hz_q_49,4fff29aa-7b1f-471e-8be0-81a10c0a7a33,1080p_60hz_q_35,Yacht@display=center_crop_1080p
2160p_60hz_q_41,2160p_60hz_q_41,4fff29aa-7b1f-471e-8be0-81a10c0a7a33,2160p_60hz_q_47,Tunnel@display=center_crop_1080p
2160p_60hz_q_41,2160p_60hz_q_41,57e373ce-4df1-45d8-9980-7d7b2a9604c7,2160p_60hz_q_47,Tunnel@display=center_crop_1080p
2160p_60hz_q_41,2160p_60hz_q_41,c9923f00-4dfd-4b79-b700-dcd823bdb6f4,2160p_60hz_q_47,Tunnel@display=center_crop_1080p
2160p_60hz_q_41,2160p_60hz_q_41,e4788de6-8072-4c62-85b2-19c518bccccc,2160p_60hz_q_47,Tunnel@display=center_crop_1080p
2160p_60hz_q_41,2160p_60hz_q_41,5399cf88-3d79-48b1-8c17-3cd72da4ced8,2160p_60hz_q_47,Tunnel@display=center_crop_1080p
2160p_60hz_q_41,2160p_60hz_q_47,8a4b3ba0-ce40-46d3-b44a-431055c4d035,2160p_60hz_q_41,Tunnel@display=center_crop_1080p
2160p_60hz_q_41,2160p_60hz_q_47,b534d02f-8944-4adf-bd53-e57ce627a786,2160p_60hz_q_41,Tunnel@display=center_crop_1080p
2160p_60hz_q_41,2160p_60hz_q_41,a5762c12-c5ba-4b11-898d-9ae55f04d30a,2160p_60hz_q_47,Tunnel@display=center_crop_1080p
2160p_60hz_q_41,2160p_60hz_q_41,23481d60-7bee-4bd3-be2e-a512a295aebb,2160p_60hz_q_47,Tunnel@display=center_crop_1080p
2160p_60hz_q_41,2160p_60hz_q_41,02bdc5dd-6b5a-4f34-b244-61603b6e09ae,2160p_60hz_q_47,Tunnel@display=center_crop_1080p
2160p_60hz_q_37,2160p_60hz_q_43,4fff29aa-7b1f-471e-8be0-81a10c0a7a33,2160p_60hz_q_37,Discuss@display=center_crop_1080p
2160p_60hz_q_37,2160p_60hz_q_37,ca1ed559-56c0-4ec2-9a97-ef41e1a1ef4d,2160p_60hz_q_43,Discuss@display=center_crop_1080p
2160p_60hz_q_37,2160p_60hz_q_37,412dd5fb-427b-426d-9284-e8f9331100cb,2160p_60hz_q_43,Discuss@display=center_crop_1080p
2160p_60hz_q_37,2160p_60hz_q_43,cd044f9e-7cb5-48e5-a688-e76fa4ed8517,2160p_60hz_q_37,Discuss@display=center_crop_1080p
2160p_60hz_q_37,2160p_60hz_q_43,631d5c27-ad66-408c-b36e-9da595aaa740,2160p_60hz_q_37,Discuss@display=center_crop_1080p
2160p_60hz_q_37,2160p_60hz_q_37,110d7871-1915-4303-887e-891fb24433ca,2160p_60hz_q_43,Discuss@display=center_crop_1080p
2160p_60hz_q_37,2160p_60hz_q_43,155e72f9-4498-4614-81f9-d887690e78ad,2160p_60hz_q_37,Discuss@display=center_crop_1080p
2160p_60hz_q_37,2160p_60hz_q_43,b3bea668-0154-47a7-958c-45380c2c7da0,2160p_60hz_q_37,Discuss@display=center_crop_1080p
2160p_60hz_q_37,2160p_60hz_q_37,648eaa2c-7641-4715-8a50-77b78df2a33a,2160p_60hz_q_43,Discuss@display=center_crop_1080p
2160p_60hz_q_37,2160p_60hz_q_37,208e7f6c-d013-4a6f-a6be-3008a0d3130b,2160p_60hz_q_43,Discuss@display=center_crop_1080p
1080p_60hz_q_37,1080p_60hz_q_37,4fff29aa-7b1f-471e-8be0-81a10c0a7a33,1080p_60hz_q_41,Ritual@display=center_crop_1080p
1080p_60hz_q_37,1080p_60hz_q_37,930a439c-60aa-4244-a3c8-50a01c5107ab,1080p_60hz_q_41,Ritual@display=center_crop_1080p
1080p_60hz_q_37,1080p_60hz_q_41,39f32b60-c4bd-4287-bb95-c5acf6f45aa7,1080p_60hz_q_37,Ritual@display=center_crop_1080p
1080p_60hz_q_37,1080p_60hz_q_37,7142d9c5-0e87-4291-b0c4-fe9768c9bb62,1080p_60hz_q_41,Ritual@display=center_crop_1080p
1080p_60hz_q_37,1080p_60hz_q_41,3983543e-c80b-40e4-bd96-0bc96de4c562,1080p_60hz_q_37,Ritual@display=center_crop_1080p
1080p_60hz_q_41,1080p_60hz_q_37,15a33f39-68de-4ec2-a989-d4fb1a1d21f0,1080p_60hz_q_41,Ritual@display=center_crop_1080p
1080p_60hz_q_37,1080p_60hz_q_41,b7c70b81-275b-4549-ac00-de8dbd201b40,1080p_60hz_q_37,Ritual@display=center_crop_1080p
1080p_60hz_q_37,1080p_60hz_q_41,1a4b7399-7fcd-4ddf-bb63-5a7e1ecc9174,1080p_60hz_q_37,Ritual@display=center_crop_1080p
1080p_60hz_q_37,1080p_60hz_q_37,b7928616-ca9e-452f-a4c0-0f707a07341c,1080p_60hz_q_41,Ritual@display=center_crop_1080p
1080p_60hz_q_37,1080p_60hz_q_37,c80fb156-701f-41eb-b170-da73f11eb894,1080p_60hz_q_41,Ritual@display=center_crop_1080p
2160p_60hz_q_25,2160p_60hz_q_39,4fff29aa-7b1f-471e-8be0-81a10c0a7a33,2160p_60hz_q_25,Narrator@display=center_crop_1080p
2160p_60hz_q_39,2160p_60hz_q_39,ad001315-5165-4d88-afff-baec601858f0,2160p_60hz_q_25,Narrator@display=center_crop_1080p
,2160p_60hz_q_39,e4788de6-8072-4c62-85b2-19c518bccccc,2160p_60hz_q_25,Narrator@display=center_crop_1080p
2160p_60hz_q_25,2160p_60hz_q_25,0342ff17-6f9e-48d6-8a90-91636dce509f,2160p_60hz_q_39,Narrator@display=center_crop_1080p
2160p_60hz_q_25,2160p_60hz_q_39,6548cc0b-1e7d-4c7b-bef3-d24d0e401d9c,2160p_60hz_q_25,Narrator@display=center_crop_1080p
2160p_60hz_q_25,2160p_60hz_q_25,0ffef109-60c6-4ceb-ac56-654ec208a83f,2160p_60hz_q_39,Narrator@display=center_crop_1080p
2160p_60hz_q_25,2160p_60hz_q_25,d739b99a-9798-42ec-b4f4-3db5001692c4,2160p_60hz_q_39,Narrator@display=center_crop_1080p
2160p_60hz_q_25,2160p_60hz_q_25,1be4edae-5a41-4038-b893-a09775762485,2160p_60hz_q_39,Narrator@display=center_crop_1080p
2160p_60hz_q_25,2160p_60hz_q_39,78ad0f22-b5f9-431c-9cf3-561ec8ee9182,2160p_60hz_q_25,Narrator@display=center_crop_1080p
2160p_60hz_q_25,2160p_60hz_q_39,dbc1ca9b-a7e7-40e4-a057-eecc8d4a2441,2160p_60hz_q_25,Narrator@display=center_crop_1080p
1080p_60hz_q_27,2160p_60hz_q_33,2ed884e7-7f71-4a59-88ae-63e2f27f6fef,1080p_60hz_q_27,HoneyBee@display=center_crop_1080p
1080p_60hz_q_27,2160p_60hz_q_33,532f40a1-621c-494b-8e10-a8cb0668755d,1080p_60hz_q_27,HoneyBee@display=center_crop_1080p
,2160p_60hz_q_33,b534d02f-8944-4adf-bd53-e57ce627a786,1080p_60hz_q_27,HoneyBee@display=center_crop_1080p
1080p_60hz_q_27,1080p_60hz_q_27,920ae656-f821-4eb5-a087-1c0799062c8b,2160p_60hz_q_33,HoneyBee@display=center_crop_1080p
,1080p_60hz_q_27,f12ef427-eefa-4f1b-b2d1-0a5fa567750a,2160p_60hz_q_33,HoneyBee@display=center_crop_1080p
1080p_60hz_q_27,2160p_60hz_q_33,7fa32d26-7bca-4bd0-8d73-03341d624eca,1080p_60hz_q_27,HoneyBee@display=center_crop_1080p
1080p_60hz_q_27,2160p_60hz_q_33,4fff29aa-7b1f-471e-8be0-81a10c0a7a33,1080p_60hz_q_27,HoneyBee@display=center_crop_1080p
2160p_60hz_q_33,1080p_60hz_q_27,5d7831a1-caca-4669-9e4c-d8c0329ff397,2160p_60hz_q_33,HoneyBee@display=center_crop_1080p
,1080p_60hz_q_27,cf2843f8-d897-4e6f-892f-3e8e414080c4,2160p_60hz_q_33,HoneyBee@display=center_crop_1080p
1080p_60hz_q_27,2160p_60hz_q_33,7206fd08-7457-4883-830b-cca57fc03ee5,1080p_60hz_q_27,HoneyBee@display=center_crop_1080p
1080p_60hz_q_29,1080p_60hz_q_29,30e8a8c4-2328-440a-b55d-d5378c63abce,2160p_60hz_q_41,Football@display=center_crop_1080p
2160p_60hz_q_41,1080p_60hz_q_29,68139fa1-4fca-4ef0-8a0d-5b7972e73b76,2160p_60hz_q_41,Football@display=center_crop_1080p
1080p_60hz_q_29,2160p_60hz_q_41,b687d08f-c451-43a4-a016-b7164e40457a,1080p_60hz_q_29,Football@display=center_crop_1080p
2160p_60hz_q_41,1080p_60hz_q_29,56fb1617-07cb-4404-8798-8e34d0947e88,2160p_60hz_q_41,Football@display=center_crop_1080p
1080p_60hz_q_29,2160p_60hz_q_41,d739b99a-9798-42ec-b4f4-3db5001692c4,1080p_60hz_q_29,Football@display=center_crop_1080p
1080p_60hz_q_29,1080p_60hz_q_29,56fb1617-07cb-4404-8798-8e34d0947e88,2160p_60hz_q_41,Football@display=center_crop_1080p
1080p_60hz_q_29,1080p_60hz_q_29,26bdef07-111d-4497-95d2-1c34e0c6879f,2160p_60hz_q_41,Football@display=center_crop_1080p
1080p_60hz_q_29,2160p_60hz_q_41,98c55785-858a-4f32-8749-ac355e17dc91,1080p_60hz_q_29,Football@display=center_crop_1080p
1080p_60hz_q_29,2160p_60hz_q_41,e53d4eea-976a-4b76-925c-8f49229e1c77,1080p_60hz_q_29,Football@display=center_crop_1080p
1080p_60hz_q_29,2160p_60hz_q_41,0dbb174c-6df7-488c-b0a4-c611dceaebb8,1080p_60hz_q_29,Football@display=center_crop_1080p
,1080p_60hz_q_33,4fff29aa-7b1f-471e-8be0-81a10c0a7a33,2160p_60hz_q_39,Toddler@display=center_crop_1080p
1080p_60hz_q_33,1080p_60hz_q_33,8d9dae56-b7ed-4a87-9560-f24092471144,2160p_60hz_q_39,Toddler@display=center_crop_1080p
2160p_60hz_q_39,1080p_60hz_q_33,7fa32d26-7bca-4bd0-8d73-03341d624eca,2160p_60hz_q_39,Toddler@display=center_crop_1080p
1080p_60hz_q_33,1080p_60hz_q_33,f33fbf32-6eda-406b-84e4-2bf22ec6cf36,2160p_60hz_q_39,Toddler@display=center_crop_1080p
,1080p_60hz_q_33,532f40a1-621c-494b-8e10-a8cb0668755d,2160p_60hz_q_39,Toddler@display=center_crop_1080p
2160p_60hz_q_39,1080p_60hz_q_33,26a7dfc8-1e68-4579-b9af-f5727b8c413b,2160p_60hz_q_39,Toddler@display=center_crop_1080p
1080p_60hz_q_33,2160p_60hz_q_39,fcf36229-e931-4a91-8e22-2a87f1aab261,1080p_60hz_q_33,Toddler@display=center_crop_1080p
1080p_60hz_q_33,1080p_60hz_q_33,eab9779d-4083-4225-8473-fc8798ebb47e,2160p_60hz_q_39,Toddler@display=center_crop_1080p
2160p_60hz_q_39,2160p_60hz_q_39,2ef2ced7-e0c0-4f17-8842-daab631cff22,1080p_60hz_q_33,Toddler@display=center_crop_1080p
1080p_60hz_q_33,2160p_60hz_q_39,e0a72c3a-15b0-43a1-9aa0-00e27e8bcc4f,1080p_60hz_q_33,Toddler@display=center_crop_1080p
,1080p_60hz_q_39,4fff29aa-7b1f-471e-8be0-81a10c0a7a33,2160p_60hz_q_39,Dancers@display=center_crop_1080p
,1080p_60hz_q_39,0c824067-2fc7-44f5-9e62-4469ee9f28bd,2160p_60hz_q_39,Dancers@display=center_crop_1080p
,1080p_60hz_q_39,0e46f967-6968-4dbb-8903-a997c011029d,2160p_60hz_q_39,Dancers@display=center_crop_1080p
,1080p_60hz_q_39,1be63c96-99ea-42cd-9317-f035ce5c85a9,2160p_60hz_q_39,Dancers@display=center_crop_1080p
2160p_60hz_q_39,2160p_60hz_q_39,8ffca7ad-9706-402d-a7d2-3b9c879a3bd5,1080p_60hz_q_39,Dancers@display=center_crop_1080p
2160p_60hz_q_39,2160p_60hz_q_39,edc9c4be-870a-4682-bc68-79c60e58efe1,1080p_60hz_q_39,Dancers@display=center_crop_1080p
2160p_60hz_q_39,1080p_60hz_q_39,0ea37ed8-df3d-4bd2-9c04-dc44aa006a9e,2160p_60hz_q_39,Dancers@display=center_crop_1080p
2160p_60hz_q_39,2160p_60hz_q_39,32f8d619-a479-42d1-b457-f76b8f164236,1080p_60hz_q_39,Dancers@display=center_crop_1080p
,1080p_60hz_q_39,c80fb156-701f-41eb-b170-da73f11eb894,2160p_60hz_q_39,Dancers@display=center_crop_1080p
2160p_60hz_q_39,1080p_60hz_q_39,b5975696-d633-4dcb-aee4-f089dc00b163,2160p_60hz_q_39,Dancers@display=center_crop_1080p
,2160p_60hz_q_27,4fff29aa-7b1f-471e-8be0-81a10c0a7a33,2160p_60hz_q_35,Monkeys@display=center_crop_1080p
2160p_60hz_q_27,2160p_60hz_q_27,e4788de6-8072-4c62-85b2-19c518bccccc,2160p_60hz_q_35,Monkeys@display=center_crop_1080p
2160p_60hz_q_27,2160p_60hz_q_35,765454bf-56a0-46e6-8d8c-bc870137fb21,2160p_60hz_q_27,Monkeys@display=center_crop_1080p
,2160p_60hz_q_35,532f40a1-621c-494b-8e10-a8cb0668755d,2160p_60hz_q_27,Monkeys@display=center_crop_1080p
2160p_60hz_q_27,2160p_60hz_q_35,defc3237-931e-4a71-bf18-59d6d7c99b4c,2160p_60hz_q_27,Monkeys@display=center_crop_1080p
2160p_60hz_q_27,2160p_60hz_q_35,920ae656-f821-4eb5-a087-1c0799062c8b,2160p_60hz_q_27,Monkeys@display=center_crop_1080p
,2160p_60hz_q_27,5989e0f3-b0a9-47d7-b12a-46b2ba1b1502,2160p_60hz_q_35,Monkeys@display=center_crop_1080p
,2160p_60hz_q_27,46c72348-a4f5-45a1-aca1-ed0547c43708,2160p_60hz_q_35,Monkeys@display=center_crop_1080p
2160p_60hz_q_27,2160p_60hz_q_35,7ddeb20b-f4f8-4fb9-a492-b8062afa1e27,2160p_60hz_q_27,Monkeys@display=center_crop_1080p
,2160p_60hz_q_35,966299a2-a7bd-4029-a06f-4054980e3c4f,2160p_60hz_q_27,Monkeys@display=center_crop_1080p
,1080p_60hz_q_33,baff962a-861f-470e-b1f5-deb3cc28475d,2160p_60hz_q_41,Ready@display=center_crop_1080p
2160p_60hz_q_41,2160p_60hz_q_41,920ae656-f821-4eb5-a087-1c0799062c8b,1080p_60hz_q_33,Ready@display=center_crop_1080p
,1080p_60hz_q_33,232508cc-8372-4d0c-bbe0-9a174d6a0c6a,2160p_60hz_q_41,Ready@display=center_crop_1080p
2160p_60hz_q_41,2160p_60hz_q_41,62b97f5e-f60a-46bc-933c-799cade5e19e,1080p_60hz_q_33,Ready@display=center_crop_1080p
1080p_60hz_q_33,2160p_60hz_q_41,606c83fe-5972-4bcb-b811-f7bb443fc6fd,1080p_60hz_q_33,Ready@display=center_crop_1080p
1080p_60hz_q_33,2160p_60hz_q_41,de41656b-1f7f-453c-8775-6b21be1e124a,1080p_60hz_q_33,Ready@display=center_crop_1080p
,1080p_60hz_q_33,53fda506-b1fc-4245-860a-07ad40e5b65d,2160p_60hz_q_41,Ready@display=center_crop_1080p
1080p_60hz_q_33,1080p_60hz_q_33,d739b99a-9798-42ec-b4f4-3db5001692c4,2160p_60hz_q_41,Ready@display=center_crop_1080p
,2160p_60hz_q_41,4fff29aa-7b1f-471e-8be0-81a10c0a7a33,1080p_60hz_q_33,Ready@display=center_crop_1080p
1080p_60hz_q_33,1080p_60hz_q_33,2bd94a3e-72b0-4010-9e82-d5d934a3ab57,2160p_60hz_q_41,Ready@display=center_crop_1080p
1080p_60hz_q_29,1080p_60hz_q_29,57e373ce-4df1-45d8-9980-7d7b2a9604c7,2160p_60hz_q_41,Monkeys@display=center_crop_1080p
1080p_60hz_q_29,2160p_60hz_q_41,38eb67c2-2906-4921-bcd3-74943af82d47,1080p_60hz_q_29,Monkeys@display=center_crop_1080p
,2160p_60hz_q_41,9f51abaa-a048-44d8-ae58-d57bbdc1ef25,1080p_60hz_q_29,Monkeys@display=center_crop_1080p
1080p_60hz_q_29,1080p_60hz_q_29,15a33f39-68de-4ec2-a989-d4fb1a1d21f0,2160p_60hz_q_41,Monkeys@display=center_crop_1080p
,2160p_60hz_q_41,d6ba2aff-cecb-46aa-8325-57f11ca3b9df,1080p_60hz_q_29,Monkeys@display=center_crop_1080p
,2160p_60hz_q_41,b534d02f-8944-4adf-bd53-e57ce627a786,1080p_60hz_q_29,Monkeys@display=center_crop_1080p
1080p_60hz_q_29,1080p_60hz_q_29,1a4b7399-7fcd-4ddf-bb63-5a7e1ecc9174,2160p_60hz_q_41,Monkeys@display=center_crop_1080p
1080p_60hz_q_29,1080p_60hz_q_29,f865b921-41ac-4b8a-99a2-9e7b2738ff85,2160p_60hz_q_41,Monkeys@display=center_crop_1080p
1080p_60hz_q_29,1080p_60hz_q_29,d4caa0db-8bd4-47cc-ad0e-f10ed19d1038,2160p_60hz_q_41,Monkeys@display=center_crop_1080p
1080p_60hz_q_29,1080p_60hz_q_29,3c7562c0-bc9e-4808-9372-695211fc6275,2160p_60hz_q_41,Monkeys@display=center_crop_1080p
2160p_60hz_q_37,2160p_60hz_q_41,57e373ce-4df1-45d8-9980-7d7b2a9604c7,2160p_60hz_q_37,Dinner@display=center_crop_1080p
2160p_60hz_q_37,2160p_60hz_q_37,9c50fe25-8597-4a22-aae5-af43989f9d5f,2160p_60hz_q_41,Dinner@display=center_crop_1080p
2160p_60hz_q_37,2160p_60hz_q_41,bb0de866-f477-4617-92a3-a805e8a1d219,2160p_60hz_q_37,Dinner@display=center_crop_1080p
2160p_60hz_q_37,2160p_60hz_q_41,9b110929-8562-4dea-aa03-dea569d7160a,2160p_60hz_q_37,Dinner@display=center_crop_1080p
2160p_60hz_q_37,2160p_60hz_q_41,26a7dfc8-1e68-4579-b9af-f5727b8c413b,2160p_60hz_q_37,Dinner@display=center_crop_1080p
2160p_60hz_q_37,2160p_60hz_q_41,89a1c554-1ca4-4287-a0c9-314fe9b8197e,2160p_60hz_q_37,Dinner@display=center_crop_1080p
2160p_60hz_q_37,2160p_60hz_q_41,e972bffc-ae23-4562-ac73-419f130e0062,2160p_60hz_q_37,Dinner@display=center_crop_1080p
2160p_60hz_q_37,2160p_60hz_q_41,1255512e-c359-4479-9837-296bf75c44f8,2160p_60hz_q_37,Dinner@display=center_crop_1080p
2160p_60hz_q_37,2160p_60hz_q_37,baff962a-861f-470e-b1f5-deb3cc28475d,2160p_60hz_q_41,Dinner@display=center_crop_1080p
2160p_60hz_q_37,2160p_60hz_q_37,ac060a26-f40f-4682-ab6e-89bc9d9355fb,2160p_60hz_q_41,Dinner@display=center_crop_1080p
1080p_60hz_q_31,1080p_60hz_q_43,57e373ce-4df1-45d8-9980-7d7b2a9604c7,1080p_60hz_q_31,Tunnel@display=center_crop_1080p
1080p_60hz_q_31,1080p_60hz_q_31,930a439c-60aa-4244-a3c8-50a01c5107ab,1080p_60hz_q_43,Tunnel@display=center_crop_1080p
1080p_60hz_q_31,1080p_60hz_q_43,de106203-e86a-420a-8d43-f3d9603b8900,1080p_60hz_q_31,Tunnel@display=center_crop_1080p
1080p_60hz_q_31,1080p_60hz_q_31,1f673a0c-db45-4f78-9d42-cde1779d5d4e,1080p_60hz_q_43,Tunnel@display=center_crop_1080p
1080p_60hz_q_31,1080p_60hz_q_31,285deb4d-638a-4cee-8ceb-cf512c184de5,1080p_60hz_q_43,Tunnel@display=center_crop_1080p
1080p_60hz_q_31,1080p_60hz_q_43,badb4c68-c25f-4312-93cc-37b701824925,1080p_60hz_q_31,Tunnel@display=center_crop_1080p
1080p_60hz_q_31,1080p_60hz_q_43,b071fb5e-233d-4a69-873f-08407b51b05c,1080p_60hz_q_31,Tunnel@display=center_crop_1080p
1080p_60hz_q_31,1080p_60hz_q_31,b15043b9-76db-434f-a66f-5267875bfa9d,1080p_60hz_q_43,Tunnel@display=center_crop_1080p
1080p_60hz_q_31,1080p_60hz_q_43,7ddeb20b-f4f8-4fb9-a492-b8062afa1e27,1080p_60hz_q_31,Tunnel@display=center_crop_1080p
1080p_60hz_q_31,1080p_60hz_q_31,ef28475d-dbd1-4ce8-903c-751fee91fbd1,1080p_60hz_q_43,Tunnel@display=center_crop_1080p
1080p_60hz_q_35,1080p_60hz_q_35,57e373ce-4df1-45d8-9980-7d7b2a9604c7,2160p_60hz_q_41,Tunnel@display=center_crop_1080p
2160p_60hz_q_41,2160p_60hz_q_41,f6295a10-e597-43a1-97d3-3e15e7a7d385,1080p_60hz_q_35,Tunnel@display=center_crop_1080p
,1080p_60hz_q_35,47b610b2-5357-4c65-8fe2-b8ccdf788bfe,2160p_60hz_q_41,Tunnel@display=center_crop_1080p
1080p_60hz_q_35,2160p_60hz_q_41,67d83dd0-c702-4742-bc13-028ca244d5fb,1080p_60hz_q_35,Tunnel@display=center_crop_1080p
2160p_60hz_q_41,2160p_60hz_q_41,5289ab4b-344d-487f-ac39-320de560806e,1080p_60hz_q_35,Tunnel@display=center_crop_1080p
2160p_60hz_q_41,1080p_60hz_q_35,e972bffc-ae23-4562-ac73-419f130e0062,2160p_60hz_q_41,Tunnel@display=center_crop_1080p
1080p_60hz_q_35,1080p_60hz_q_35,a19a106e-8382-4006-944c-61b928f95814,2160p_60hz_q_41,Tunnel@display=center_crop_1080p
,2160p_60hz_q_41,ac060a26-f40f-4682-ab6e-89bc9d9355fb,1080p_60hz_q_35,Tunnel@display=center_crop_1080p
2160p_60hz_q_41,1080p_60hz_q_35,c9a88139-93f8-452e-8765-de0fd53867df,2160p_60hz_q_41,Tunnel@display=center_crop_1080p
,1080p_60hz_q_35,55916d21-4d60-41a9-bbdc-4b5273f1c0a1,2160p_60hz_q_41,Tunnel@display=center_crop_1080p
1080p_60hz_q_29,1080p_60hz_q_29,863335b0-11fb-4fc6-80d1-123269c15ba3,1080p_60hz_q_37,Football@display=center_crop_1080p
1080p_60hz_q_29,1080p_60hz_q_29,7964e590-7127-4f9b-96c6-f13637d38713,1080p_60hz_q_37,Football@display=center_crop_1080p
1080p_60hz_q_29,1080p_60hz_q_29,57e373ce-4df1-45d8-9980-7d7b2a9604c7,1080p_60hz_q_37,Football@display=center_crop_1080p
1080p_60hz_q_29,1080p_60hz_q_37,1be4edae-5a41-4038-b893-a09775762485,1080p_60hz_q_29,Football@display=center_crop_1080p
1080p_60hz_q_29,1080p_60hz_q_29,b8264831-a348-4b5b-bd9d-32b0d6d71474,1080p_60hz_q_37,Football@display=center_crop_1080p
1080p_60hz_q_37,1080p_60hz_q_29,0d143a52-e18f-4432-adb5-2345850fb6c8,1080p_60hz_q_37,Football@display=center_crop_1080p
1080p_60hz_q_29,1080p_60hz_q_37,e9551a3e-d41f-474d-b2d8-05231d46ff64,1080p_60hz_q_29,Football@display=center_crop_1080p
1080p_60hz_q_29,1080p_60hz_q_29,46c72348-a4f5-45a1-aca1-ed0547c43708,1080p_60hz_q_37,Football@display=center_crop_1080p
1080p_60hz_q_29,1080p_60hz_q_37,0c824067-2fc7-44f5-9e62-4469ee9f28bd,1080p_60hz_q_29,Football@display=center_crop_1080p
1080p_60hz_q_29,1080p_60hz_q_37,dbc1ca9b-a7e7-40e4-a057-eecc8d4a2441,1080p_60hz_q_29,Football@display=center_crop_1080p
1080p_60hz_q_27,1080p_60hz_q_27,57e373ce-4df1-45d8-9980-7d7b2a9604c7,1080p_60hz_q_41,Narrator@display=center_crop_1080p
1080p_60hz_q_27,1080p_60hz_q_41,ad001315-5165-4d88-afff-baec601858f0,1080p_60hz_q_27,Narrator@display=center_crop_1080p
1080p_60hz_q_27,1080p_60hz_q_41,765454bf-56a0-46e6-8d8c-bc870137fb21,1080p_60hz_q_27,Narrator@display=center_crop_1080p
1080p_60hz_q_27,1080p_60hz_q_41,9f51abaa-a048-44d8-ae58-d57bbdc1ef25,1080p_60hz_q_27,Narrator@display=center_crop_1080p
1080p_60hz_q_27,1080p_60hz_q_41,5c9fb765-7783-4e60-af0f-aa58a44f2419,1080p_60hz_q_27,Narrator@display=center_crop_1080p
1080p_60hz_q_27,1080p_60hz_q_41,c81ae704-93f9-4974-8b29-9181659b6dd4,1080p_60hz_q_27,Narrator@display=center_crop_1080p
1080p_60hz_q_27,1080p_60hz_q_41,0744e640-8e21-41fe-ab34-dfe90d35a5e4,1080p_60hz_q_27,Narrator@display=center_crop_1080p
1080p_60hz_q_27,1080p_60hz_q_41,6fd8c7e3-92ad-4ae9-8d4b-6c10db61c856,1080p_60hz_q_27,Narrator@display=center_crop_1080p
1080p_60hz_q_27,1080p_60hz_q_41,c9a88139-93f8-452e-8765-de0fd53867df,1080p_60hz_q_27,Narrator@display=center_crop_1080p
1080p_60hz_q_27,1080p_60hz_q_41,94d70f48-55b6-4b7a-9dae-68e34937fd1c,1080p_60hz_q_27,Narrator@display=center_crop_1080p
2160p_60hz_q_37,2160p_60hz_q_37,57e373ce-4df1-45d8-9980-7d7b2a9604c7,1080p_60hz_q_35,Discuss@display=center_crop_1080p
2160p_60hz_q_37,2160p_60hz_q_37,f78b4a60-3247-4387-8e81-67393ae77757,1080p_60hz_q_35,Discuss@display=center_crop_1080p
2160p_60hz_q_37,2160p_60hz_q_37,68139fa1-4fca-4ef0-8a0d-5b7972e73b76,1080p_60hz_q_35,Discuss@display=center_crop_1080p
2160p_60hz_q_37,1080p_60hz_q_35,67d83dd0-c702-4742-bc13-028ca244d5fb,2160p_60hz_q_37,Discuss@display=center_crop_1080p
2160p_60hz_q_37,2160p_60hz_q_37,cf2843f8-d897-4e6f-892f-3e8e414080c4,1080p_60hz_q_35,Discuss@display=center_crop_1080p
2160p_60hz_q_37,1080p_60hz_q_35,50643d45-c2af-4f8c-b193-3f15787dcbd2,2160p_60hz_q_37,Discuss@display=center_crop_1080p
2160p_60hz_q_37,1080p_60hz_q_35,3e499d20-74be-44a1-956e-8b361c3a75b1,2160p_60hz_q_37,Discuss@display=center_crop_1080p
2160p_60hz_q_37,1080p_60hz_q_35,5fdf86ad-9d4e-4634-a044-29b78873c1a5,2160p_60hz_q_37,Discuss@display=center_crop_1080p
2160p_60hz_q_37,1080p_60hz_q_35,b080efca-4a2b-456b-8b97-fa7150fa2f8d,2160p_60hz_q_37,Discuss@display=center_crop_1080p
2160p_60hz_q_37,2160p_60hz_q_37,eb300457-ab68-4665-a62e-e63b649b3fdf,1080p_60hz_q_35,Discuss@display=center_crop_1080p
2160p_60hz_q_41,1080p_60hz_q_37,57e373ce-4df1-45d8-9980-7d7b2a9604c7,2160p_60hz_q_41,Football@display=center_crop_1080p
2160p_60hz_q_41,1080p_60hz_q_37,930a439c-60aa-4244-a3c8-50a01c5107ab,2160p_60hz_q_41,Football@display=center_crop_1080p
2160p_60hz_q_41,1080p_60hz_q_37,ac00c619-1689-4173-bedd-13fff7ce2c99,2160p_60hz_q_41,Football@display=center_crop_1080p
2160p_60hz_q_41,1080p_60hz_q_37,00d96475-6e03-4ff0-b5e0-afc407da0723,2160p_60hz_q_41,Football@display=center_crop_1080p
,2160p_60hz_q_41,9f51abaa-a048-44d8-ae58-d57bbdc1ef25,1080p_60hz_q_37,Football@display=center_crop_1080p
2160p_60hz_q_41,1080p_60hz_q_37,e8103e3b-0bfe-47b6-b4ec-9aefdfb262aa,2160p_60hz_q_41,Football@display=center_crop_1080p
2160p_60hz_q_41,1080p_60hz_q_37,7732bed5-fc82-4d88-b674-40d62da7e8d0,2160p_60hz_q_41,Football@display=center_crop_1080p
,2160p_60hz_q_41,6548cc0b-1e7d-4c7b-bef3-d24d0e401d9c,1080p_60hz_q_37,Football@display=center_crop_1080p
,2160p_60hz_q_41,b15043b9-76db-434f-a66f-5267875bfa9d,1080p_60hz_q_37,Football@display=center_crop_1080p
2160p_60hz_q_41,2160p_60hz_q_41,e8e854f8-db3b-4b12-b87f-0c5c849cf0ab,1080p_60hz_q_37,Football@display=center_crop_1080p
2160p_60hz_q_27,1080p_60hz_q_31,57e373ce-4df1-45d8-9980-7d7b2a9604c7,2160p_60hz_q_27,Tunnel@display=center_crop_1080p
2160p_60hz_q_27,2160p_60hz_q_27,41481cf6-0d7b-4fcf-bf52-4417617a4242,1080p_60hz_q_31,Tunnel@display=center_crop_1080p
1080p_60hz_q_31,2160p_60hz_q_27,765454bf-56a0-46e6-8d8c-bc870137fb21,1080p_60hz_q_31,Tunnel@display=center_crop_1080p
,1080p_60hz_q_31,9f51abaa-a048-44d8-ae58-d57bbdc1ef25,2160p_60hz_q_27,Tunnel@display=center_crop_1080p
2160p_60hz_q_27,2160p_60hz_q_27,6548cc0b-1e7d-4c7b-bef3-d24d0e401d9c,1080p_60hz_q_31,Tunnel@display=center_crop_1080p
2160p_60hz_q_27,1080p_60hz_q_31,30e8a8c4-2328-440a-b55d-d5378c63abce,2160p_60hz_q_27,Tunnel@display=center_crop_1080p
2160p_60hz_q_27,2160p_60hz_q_27,155e72f9-4498-4614-81f9-d887690e78ad,1080p_60hz_q_31,Tunnel@display=center_crop_1080p
,1080p_60hz_q_31,facfb033-277b-427a-9169-4b9a020a2469,2160p_60hz_q_27,Tunnel@display=center_crop_1080p
1080p_60hz_q_31,2160p_60hz_q_27,088777a9-db1c-4683-9812-ce100f1b95df,1080p_60hz_q_31,Tunnel@display=center_crop_1080p
2160p_60hz_q_27,2160p_60hz_q_27,eb300457-ab68-4665-a62e-e63b649b3fdf,1080p_60hz_q_31,Tunnel@display=center_crop_1080p
2160p_60hz_q_25,2160p_60hz_q_25,57e373ce-4df1-45d8-9980-7d7b2a9604c7,1080p_60hz_q_37,Narrator@display=center_crop_1080p
2160p_60hz_q_25,2160p_60hz_q_25,43262614-2245-4ffb-ba5c-e087f9cfe4a3,1080p_60hz_q_37,Narrator@display=center_crop_1080p
2160p_60hz_q_25,1080p_60hz_q_37,310b7e44-fc5e-411e-b78f-fc76d806c19e,2160p_60hz_q_25,Narrator@display=center_crop_1080p
2160p_60hz_q_25,1080p_60hz_q_37,285deb4d-638a-4cee-8ceb-cf512c184de5,2160p_60hz_q_25,Narrator@display=center_crop_1080p
2160p_60hz_q_25,1080p_60hz_q_37,532f40a1-621c-494b-8e10-a8cb0668755d,2160p_60hz_q_25,Narrator@display=center_crop_1080p
2160p_60hz_q_25,2160p_60hz_q_25,82a236b2-18c8-4d54-a0b5-f88094d10601,1080p_60hz_q_37,Narrator@display=center_crop_1080p
2160p_60hz_q_25,1080p_60hz_q_37,70fb323d-b8bb-4830-acf7-c066e2076a7a,2160p_60hz_q_25,Narrator@display=center_crop_1080p
2160p_60hz_q_25,1080p_60hz_q_37,13ef788f-6080-4128-9bcf-3f3fe1fcacc0,2160p_60hz_q_25,Narrator@display=center_crop_1080p
2160p_60hz_q_25,2160p_60hz_q_25,234f2863-9dc3-4857-bbf9-144b0e1a86f4,1080p_60hz_q_37,Narrator@display=center_crop_1080p
2160p_60hz_q_25,2160p_60hz_q_25,def6a485-5c26-438d-9ad9-e51d37f4a6cf,1080p_60hz_q_37,Narrator@display=center_crop_1080p
2160p_60hz_q_27,2160p_60hz_q_27,109eb910-4896-4ae9-8621-2db0f75f6dc4,1080p_60hz_q_43,Tunnel@display=center_crop_1080p
2160p_60hz_q_27,1080p_60hz_q_43,eb300457-ab68-4665-a62e-e63b649b3fdf,2160p_60hz_q_27,Tunnel@display=center_crop_1080p
2160p_60hz_q_27,2160p_60hz_q_27,eab9779d-4083-4225-8473-fc8798ebb47e,1080p_60hz_q_43,Tunnel@display=center_crop_1080p
2160p_60hz_q_27,1080p_60hz_q_43,17280dc9-80f2-4649-b2ff-73bb5953c227,2160p_60hz_q_27,Tunnel@display=center_crop_1080p
2160p_60hz_q_27,2160p_60hz_q_27,57e373ce-4df1-45d8-9980-7d7b2a9604c7,1080p_60hz_q_43,Tunnel@display=center_crop_1080p
2160p_60hz_q_27,2160p_60hz_q_27,7e0438d1-a48a-4e60-9234-b320965d86aa,1080p_60hz_q_43,Tunnel@display=center_crop_1080p
2160p_60hz_q_27,1080p_60hz_q_43,84a9bb8b-5b89-4196-aad3-5ec58814e164,2160p_60hz_q_27,Tunnel@display=center_crop_1080p
2160p_60hz_q_27,2160p_60hz_q_27,edc9c4be-870a-4682-bc68-79c60e58efe1,1080p_60hz_q_43,Tunnel@display=center_crop_1080p
2160p_60hz_q_27,2160p_60hz_q_27,eb300457-ab68-4665-a62e-e63b649b3fdf,1080p_60hz_q_43,Tunnel@display=center_crop_1080p
2160p_60hz_q_27,1080p_60hz_q_43,db96f8b8-515c-4db2-a50b-980516bf9af5,2160p_60hz_q_27,Tunnel@display=center_crop_1080p
1080p_60hz_q_31,1080p_60hz_q_31,57e373ce-4df1-45d8-9980-7d7b2a9604c7,2160p_60hz_q_49,Dancers@display=center_crop_1080p
1080p_60hz_q_31,1080p_60hz_q_31,43262614-2245-4ffb-ba5c-e087f9cfe4a3,2160p_60hz_q_49,Dancers@display=center_crop_1080p
1080p_60hz_q_31,1080p_60hz_q_31,946b7170-be46-4eb3-b754-5ee5511bc09a,2160p_60hz_q_49,Dancers@display=center_crop_1080p
1080p_60hz_q_31,1080p_60hz_q_31,fe6b749e-2b37-43ce-8ec0-132a654149bf,2160p_60hz_q_49,Dancers@display=center_crop_1080p
1080p_60hz_q_31,1080p_60hz_q_31,3243b530-39c0-4181-88c4-d1402733f44f,2160p_60hz_q_49,Dancers@display=center_crop_1080p
1080p_60hz_q_31,1080p_60hz_q_31,beec74c3-b6a6-4e5b-b5dc-ece5e72efd35,2160p_60hz_q_49,Dancers@display=center_crop_1080p
1080p_60hz_q_31,1080p_60hz_q_31,d42a6af2-2b3b-4c79-9e96-57767a5c5065,2160p_60hz_q_49,Dancers@display=center_crop_1080p
1080p_60hz_q_31,1080p_60hz_q_31,b8264831-a348-4b5b-bd9d-32b0d6d71474,2160p_60hz_q_49,Dancers@display=center_crop_1080p
1080p_60hz_q_31,1080p_60hz_q_31,b3bea668-0154-47a7-958c-45380c2c7da0,2160p_60hz_q_49,Dancers@display=center_crop_1080p
1080p_60hz_q_31,1080p_60hz_q_31,45d734a8-ca71-42f6-abde-ef570e3b4cf1,2160p_60hz_q_49,Dancers@display=center_crop_1080p
2160p_60hz_q_37,2160p_60hz_q_37,57e373ce-4df1-45d8-9980-7d7b2a9604c7,1080p_60hz_q_43,Tunnel@display=center_crop_1080p
2160p_60hz_q_37,1080p_60hz_q_43,14da32d8-0023-44b9-bb95-51f1fad516e6,2160p_60hz_q_37,Tunnel@display=center_crop_1080p
2160p_60hz_q_37,2160p_60hz_q_37,b2301164-83b7-413a-84b4-18592d2bda27,1080p_60hz_q_43,Tunnel@display=center_crop_1080p
2160p_60hz_q_37,1080p_60hz_q_43,3243b530-39c0-4181-88c4-d1402733f44f,2160p_60hz_q_37,Tunnel@display=center_crop_1080p
2160p_60hz_q_37,1080p_60hz_q_43,2a94520b-37d9-4eeb-a589-017195b541e3,2160p_60hz_q_37,Tunnel@display=center_crop_1080p
2160p_60hz_q_37,1080p_60hz_q_43,05b5a635-0c1c-40d3-a1d1-41f2cfd5eb5c,2160p_60hz_q_37,Tunnel@display=center_crop_1080p
2160p_60hz_q_37,1080p_60hz_q_43,606c83fe-5972-4bcb-b811-f7bb443fc6fd,2160p_60hz_q_37,Tunnel@display=center_crop_1080p
2160p_60hz_q_37,1080p_60hz_q_43,ff018c0f-acf7-4bf8-ae51-2c1e2f9d4ce1,2160p_60hz_q_37,Tunnel@display=center_crop_1080p
2160p_60hz_q_37,1080p_60hz_q_43,a924191d-6339-4d6f-b4fa-cc87e9e9f573,2160p_60hz_q_37,Tunnel@display=center_crop_1080p
,1080p_60hz_q_43,94d70f48-55b6-4b7a-9dae-68e34937fd1c,2160p_60hz_q_37,Tunnel@display=center_crop_1080p
,2160p_60hz_q_25,1afd1df2-27db-4494-8663-413ad9946a0d,2160p_60hz_q_33,Narrator@display=center_crop_1080p
2160p_60hz_q_33,2160p_60hz_q_25,f1142396-4ec7-4601-b113-7f53e64f27d0,2160p_60hz_q_33,Narrator@display=center_crop_1080p
2160p_60hz_q_25,2160p_60hz_q_25,d4caa0db-8bd4-47cc-ad0e-f10ed19d1038,2160p_60hz_q_33,Narrator@display=center_crop_1080p
2160p_60hz_q_25,2160p_60hz_q_33,5399cf88-3d79-48b1-8c17-3cd72da4ced8,2160p_60hz_q_25,Narrator@display=center_crop_1080p
2160p_60hz_q_25,2160p_60hz_q_33,b7c70b81-275b-4549-ac00-de8dbd201b40,2160p_60hz_q_25,Narrator@display=center_crop_1080p
,2160p_60hz_q_25,af582b31-de6f-45b4-b3d3-ec513c6500eb,2160p_60hz_q_33,Narrator@display=center_crop_1080p
,2160p_60hz_q_33,57e373ce-4df1-45d8-9980-7d7b2a9604c7,2160p_60hz_q_25,Narrator@display=center_crop_1080p
2160p_60hz_q_25,2160p_60hz_q_25,3a9c1e54-5803-42be-b7c4-ae7a7c6d615f,2160p_60hz_q_33,Narrator@display=center_crop_1080p
2160p_60hz_q_25,2160p_60hz_q_33,37f4d149-b1ab-400b-b3f6-3801e7acc02d,2160p_60hz_q_25,Narrator@display=center_crop_1080p
2160p_60hz_q_25,2160p_60hz_q_25,4df1c570-ef1a-4197-ab7f-78f52c6abbdd,2160p_60hz_q_33,Narrator@display=center_crop_1080p
1080p_60hz_q_25,2160p_60hz_q_37,0c55ce65-4725-4776-9e80-68de0d55c818,1080p_60hz_q_25,Discuss@display=center_crop_1080p
1080p_60hz_q_25,2160p_60hz_q_37,2e79787c-c952-4312-b557-3d8eaa1a03d9,1080p_60hz_q_25,Discuss@display=center_crop_1080p
1080p_60hz_q_25,1080p_60hz_q_25,af582b31-de6f-45b4-b3d3-ec513c6500eb,2160p_60hz_q_37,Discuss@display=center_crop_1080p
1080p_60hz_q_25,2160p_60hz_q_37,a924191d-6339-4d6f-b4fa-cc87e9e9f573,1080p_60hz_q_25,Discuss@display=center_crop_1080p
1080p_60hz_q_25,1080p_60hz_q_25,a0fd15d2-2bd2-4715-ae74-6871882f69e2,2160p_60hz_q_37,Discuss@display=center_crop_1080p
1080p_60hz_q_25,2160p_60hz_q_37,3a9c1e54-5803-42be-b7c4-ae7a7c6d615f,1080p_60hz_q_25,Discuss@display=center_crop_1080p
1080p_60hz_q_25,2160p_60hz_q_37,654273d8-39da-4132-b299-f4c320d54d3b,1080p_60hz_q_25,Discuss@display=center_crop_1080p
1080p_60hz_q_25,1080p_60hz_q_25,5c9fb765-7783-4e60-af0f-aa58a44f2419,2160p_60hz_q_37,Discuss@display=center_crop_1080p
1080p_60hz_q_25,2160p_60hz_q_37,648eaa2c-7641-4715-8a50-77b78df2a33a,1080p_60hz_q_25,Discuss@display=center_crop_1080p
,1080p_60hz_q_25,0b0fda41-82df-4015-b135-36c8ab65f2a0,2160p_60hz_q_37,Discuss@display=center_crop_1080p
1080p_60hz_q_25,2160p_60hz_q_49,a0fd15d2-2bd2-4715-ae74-6871882f69e2,1080p_60hz_q_25,Dinner@display=center_crop_1080p
1080p_60hz_q_25,1080p_60hz_q_25,0b011a81-3784-4c06-a335-fb62580cde04,2160p_60hz_q_49,Dinner@display=center_crop_1080p
1080p_60hz_q_25,2160p_60hz_q_49,bcda90fb-3e20-4af9-be88-74ad79194ab6,1080p_60hz_q_25,Dinner@display=center_crop_1080p
1080p_60hz_q_25,1080p_60hz_q_25,fc66e681-3ee1-4f30-9e0a-390ec97223e9,2160p_60hz_q_49,Dinner@display=center_crop_1080p
1080p_60hz_q_25,2160p_60hz_q_49,38ed80b5-0f71-489e-973d-37a39ed3a96c,1080p_60hz_q_25,Dinner@display=center_crop_1080p
1080p_60hz_q_25,1080p_60hz_q_25,63886b87-eff3-460e-b828-c9b1a172a21c,2160p_60hz_q_49,Dinner@display=center_crop_1080p
1080p_60hz_q_25,1080p_60hz_q_25,beec74c3-b6a6-4e5b-b5dc-ece5e72efd35,2160p_60hz_q_49,Dinner@display=center_crop_1080p
1080p_60hz_q_25,1080p_60hz_q_25,59afbfdf-b41c-47dc-9323-b8a435f4b924,2160p_60hz_q_49,Dinner@display=center_crop_1080p
1080p_60hz_q_25,1080p_60hz_q_25,23481d60-7bee-4bd3-be2e-a512a295aebb,2160p_60hz_q_49,Dinner@display=center_crop_1080p
1080p_60hz_q_25,1080p_60hz_q_25,a5de1a7c-1a0e-4207-8292-d8ed4a2eb2e7,2160p_60hz_q_49,Dinner@display=center_crop_1080p
2160p_60hz_q_27,2160p_60hz_q_27,a0fd15d2-2bd2-4715-ae74-6871882f69e2,1080p_60hz_q_39,Tunnel@display=center_crop_1080p
2160p_60hz_q_27,1080p_60hz_q_39,f1142396-4ec7-4601-b113-7f53e64f27d0,2160p_60hz_q_27,Tunnel@display=center_crop_1080p
2160p_60hz_q_27,2160p_60hz_q_27,412dd5fb-427b-426d-9284-e8f9331100cb,1080p_60hz_q_39,Tunnel@display=center_crop_1080p
1080p_60hz_q_39,2160p_60hz_q_27,e154a82c-3a72-4854-8f3a-f54550369af2,1080p_60hz_q_39,Tunnel@display=center_crop_1080p
2160p_60hz_q_27,1080p_60hz_q_39,e9d0b79f-5cb6-42b3-ad16-03f671a861e8,2160p_60hz_q_27,Tunnel@display=center_crop_1080p
2160p_60hz_q_27,1080p_60hz_q_39,26a7dfc8-1e68-4579-b9af-f5727b8c413b,2160p_60hz_q_27,Tunnel@display=center_crop_1080p
2160p_60hz_q_27,1080p_60hz_q_39,d0def9ea-d1d8-481e-865e-e7781ca522cf,2160p_60hz_q_27,Tunnel@display=center_crop_1080p
2160p_60hz_q_27,2160p_60hz_q_27,7bbe860b-aaf5-41f4-afb2-851886818fc7,1080p_60hz_q_39,Tunnel@display=center_crop_1080p
2160p_60hz_q_27,2160p_60hz_q_27,a5de1a7c-1a0e-4207-8292-d8ed4a2eb2e7,1080p_60hz_q_39,Tunnel@display=center_crop_1080p
2160p_60hz_q_27,2160p_60hz_q_27,eb300457-ab68-4665-a62e-e63b649b3fdf,1080p_60hz_q_39,Tunnel@display=center_crop_1080p
1080p_60hz_q_35,1080p_60hz_q_35,13ef788f-6080-4128-9bcf-3f3fe1fcacc0,2160p_60hz_q_37,Tunnel@display=center_crop_1080p
,1080p_60hz_q_35,e53d4eea-976a-4b76-925c-8f49229e1c77,2160p_60hz_q_37,Tunnel@display=center_crop_1080p
2160p_60hz_q_37,2160p_60hz_q_37,23fa0894-e067-4bdf-98ff-55ade0a43235,1080p_60hz_q_35,Tunnel@display=center_crop_1080p
1080p_60hz_q_35,2160p_60hz_q_37,1a451c03-6caa-4ba8-8207-bfdff094790a,1080p_60hz_q_35,Tunnel@display=center_crop_1080p
2160p_60hz_q_37,1080p_60hz_q_35,a0fd15d2-2bd2-4715-ae74-6871882f69e2,2160p_60hz_q_37,Tunnel@display=center_crop_1080p
2160p_60hz_q_37,1080p_60hz_q_35,0d143a52-e18f-4432-adb5-2345850fb6c8,2160p_60hz_q_37,Tunnel@display=center_crop_1080p
,1080p_60hz_q_35,89a1c554-1ca4-4287-a0c9-314fe9b8197e,2160p_60hz_q_37,Tunnel@display=center_crop_1080p
2160p_60hz_q_37,2160p_60hz_q_37,9d7f3cb5-9b1d-4a2b-8564-bd16197718d7,1080p_60hz_q_35,Tunnel@display=center_crop_1080p
2160p_60hz_q_37,2160p_60hz_q_37,f33fbf32-6eda-406b-84e4-2bf22ec6cf36,1080p_60hz_q_35,Tunnel@display=center_crop_1080p
1080p_60hz_q_35,1080p_60hz_q_35,39f32b60-c4bd-4287-bb95-c5acf6f45aa7,2160p_60hz_q_37,Tunnel@display=center_crop_1080p
1080p_60hz_q_25,2160p_60hz_q_49,302e1287-9f66-4b60-9274-85716ad811e5,1080p_60hz_q_25,Discuss@display=center_crop_1080p
1080p_60hz_q_25,2160p_60hz_q_49,7bd3a101-2a96-46f8-9bc7-f2e5bffa01e8,1080p_60hz_q_25,Discuss@display=center_crop_1080p
1080p_60hz_q_25,2160p_60hz_q_49,0c2d5c71-f0b1-4494-9638-a383c78defa7,1080p_60hz_q_25,Discuss@display=center_crop_1080p
1080p_60hz_q_25,2160p_60hz_q_49,cfd3b986-d942-4286-8d23-1a883c550671,1080p_60hz_q_25,Discuss@display=center_crop_1080p
1080p_60hz_q_25,2160p_60hz_q_49,defc3237-931e-4a71-bf18-59d6d7c99b4c,1080p_60hz_q_25,Discuss@display=center_crop_1080p
1080p_60hz_q_25,2160p_60hz_q_49,3f6d3097-778b-4b3f-a405-d7420cb780fe,1080p_60hz_q_25,Discuss@display=center_crop_1080p
1080p_60hz_q_25,1080p_60hz_q_25,20807434-c623-4bef-ac7a-40d37608cef6,2160p_60hz_q_49,Discuss@display=center_crop_1080p
1080p_60hz_q_25,1080p_60hz_q_25,cfd3b986-d942-4286-8d23-1a883c550671,2160p_60hz_q_49,Discuss@display=center_crop_1080p
1080p_60hz_q_25,2160p_60hz_q_49,cfd3b986-d942-4286-8d23-1a883c550671,1080p_60hz_q_25,Discuss@display=center_crop_1080p
1080p_60hz_q_25,2160p_60hz_q_49,0c2d5c71-f0b1-4494-9638-a383c78defa7,1080p_60hz_q_25,Discuss@display=center_crop_1080p
,1080p_60hz_q_29,8a4b3ba0-ce40-46d3-b44a-431055c4d035,2160p_60hz_q_37,Discuss@display=center_crop_1080p
,2160p_60hz_q_37,a0fd15d2-2bd2-4715-ae74-6871882f69e2,1080p_60hz_q_29,Discuss@display=center_crop_1080p
,1080p_60hz_q_29,6fd8c7e3-92ad-4ae9-8d4b-6c10db61c856,2160p_60hz_q_37,Discuss@display=center_crop_1080p
1080p_60hz_q_29,1080p_60hz_q_29,7206fd08-7457-4883-830b-cca57fc03ee5,2160p_60hz_q_37,Discuss@display=center_crop_1080p
,1080p_60hz_q_29,47b610b2-5357-4c65-8fe2-b8ccdf788bfe,2160p_60hz_q_37,Discuss@display=center_crop_1080p
2160p_60hz_q_37,2160p_60hz_q_37,5399cf88-3d79-48b1-8c17-3cd72da4ced8,1080p_60hz_q_29,Discuss@display=center_crop_1080p
1080p_60hz_q_29,1080p_60hz_q_29,7ac3129c-bc4a-4a32-9ca5-27a305d5c36c,2160p_60hz_q_37,Discuss@display=center_crop_1080p
,2160p_60hz_q_37,45d734a8-ca71-42f6-abde-ef570e3b4cf1,1080p_60hz_q_29,Discuss@display=center_crop_1080p
2160p_60hz_q_37,2160p_60hz_q_37,dbc1ca9b-a7e7-40e4-a057-eecc8d4a2441,1080p_60hz_q_29,Discuss@display=center_crop_1080p
1080p_60hz_q_29,1080p_60hz_q_29,3a9c1e54-5803-42be-b7c4-ae7a7c6d615f,2160p_60hz_q_37,Discuss@display=center_crop_1080p
,1080p_60hz_q_41,a0fd15d2-2bd2-4715-ae74-6871882f69e2,1080p_60hz_q_37,SeaRock@display=center_crop_1080p
,1080p_60hz_q_37,47b610b2-5357-4c65-8fe2-b8ccdf788bfe,1080p_60hz_q_41,SeaRock@display=center_crop_1080p
,1080p_60hz_q_41,bb0de866-f477-4617-92a3-a805e8a1d219,1080p_60hz_q_37,SeaRock@display=center_crop_1080p
1080p_60hz_q_37,1080p_60hz_q_37,05b5a635-0c1c-40d3-a1d1-41f2cfd5eb5c,1080p_60hz_q_41,SeaRock@display=center_crop_1080p
1080p_60hz_q_37,1080p_60hz_q_37,863335b0-11fb-4fc6-80d1-123269c15ba3,1080p_60hz_q_41,SeaRock@display=center_crop_1080p
1080p_60hz_q_41,1080p_60hz_q_37,7e0438d1-a48a-4e60-9234-b320965d86aa,1080p_60hz_q_41,SeaRock@display=center_crop_1080p
1080p_60hz_q_37,1080p_60hz_q_37,27abb805-a7c5-4e2e-b455-f76a6a91906b,1080p_60hz_q_41,SeaRock@display=center_crop_1080p
1080p_60hz_q_37,1080p_60hz_q_37,edc9c4be-870a-4682-bc68-79c60e58efe1,1080p_60hz_q_41,SeaRock@display=center_crop_1080p
1080p_60hz_q_37,1080p_60hz_q_41,b15043b9-76db-434f-a66f-5267875bfa9d,1080p_60hz_q_37,SeaRock@display=center_crop_1080p
,1080p_60hz_q_41,94d70f48-55b6-4b7a-9dae-68e34937fd1c,1080p_60hz_q_37,SeaRock@display=center_crop_1080p
,2160p_60hz_q_33,a0fd15d2-2bd2-4715-ae74-6871882f69e2,1080p_60hz_q_31,Narrator@display=center_crop_1080p
2160p_60hz_q_33,2160p_60hz_q_33,c9923f00-4dfd-4b79-b700-dcd823bdb6f4,1080p_60hz_q_31,Narrator@display=center_crop_1080p
1080p_60hz_q_31,1080p_60hz_q_31,67d83dd0-c702-4742-bc13-028ca244d5fb,2160p_60hz_q_33,Narrator@display=center_crop_1080p
,2160p_60hz_q_33,3983543e-c80b-40e4-bd96-0bc96de4c562,1080p_60hz_q_31,Narrator@display=center_crop_1080p
2160p_60hz_q_33,2160p_60hz_q_33,cf2843f8-d897-4e6f-892f-3e8e414080c4,1080p_60hz_q_31,Narrator@display=center_crop_1080p
2160p_60hz_q_33,2160p_60hz_q_33,f865b921-41ac-4b8a-99a2-9e7b2738ff85,1080p_60hz_q_31,Narrator@display=center_crop_1080p
,1080p_60hz_q_31,109eb910-4896-4ae9-8621-2db0f75f6dc4,2160p_60hz_q_33,Narrator@display=center_crop_1080p
,1080p_60hz_q_31,523ea5e5-4fd4-40e9-9c8e-8d615f1f5f82,2160p_60hz_q_33,Narrator@display=center_crop_1080p
2160p_60hz_q_33,2160p_60hz_q_33,37fe0e5a-6482-4791-a6ee-6d277ad53a8e,1080p_60hz_q_31,Narrator@display=center_crop_1080p
2160p_60hz_q_33,1080p_60hz_q_31,56fb1617-07cb-4404-8798-8e34d0947e88,2160p_60hz_q_33,Narrator@display=center_crop_1080p
2160p_60hz_q_41,2160p_60hz_q_41,0341a278-6c8f-4762-a626-c5d04a0fa9fb,1080p_60hz_q_39,Tunnel@display=center_crop_1080p
2160p_60hz_q_41,1080p_60hz_q_39,b3bfce76-39b7-447f-8ed1-6fde7dd0dd52,2160p_60hz_q_41,Tunnel@display=center_crop_1080p
,1080p_60hz_q_39,90799b56-50d1-41ec-8721-85ce8890bd97,2160p_60hz_q_41,Tunnel@display=center_crop_1080p
2160p_60hz_q_41,1080p_60hz_q_39,9dbf09d1-a276-41ba-9f60-9f4ff062b4f3,2160p_60hz_q_41,Tunnel@display=center_crop_1080p
2160p_60hz_q_41,2160p_60hz_q_41,488ada9d-9342-4a06-8d36-d589067fe942,1080p_60hz_q_39,Tunnel@display=center_crop_1080p
,2160p_60hz_q_41,d093d363-050e-4485-a32c-a78f0cbf9200,1080p_60hz_q_39,Tunnel@display=center_crop_1080p
2160p_60hz_q_41,2160p_60hz_q_41,43b2c520-73e1-4b7a-bf5d-72f725568d35,1080p_60hz_q_39,Tunnel@display=center_crop_1080p
1080p_60hz_q_39,2160p_60hz_q_41,302e1287-9f66-4b60-9274-85716ad811e5,1080p_60hz_q_39,Tunnel@display=center_crop_1080p
2160p_60hz_q_41,2160p_60hz_q_41,20807434-c623-4bef-ac7a-40d37608cef6,1080p_60hz_q_39,Tunnel@display=center_crop_1080p
2160p_60hz_q_41,2160p_60hz_q_41,b3bfce76-39b7-447f-8ed1-6fde7dd0dd52,1080p_60hz_q_39,Tunnel@display=center_crop_1080p
,2160p_60hz_q_47,a0fd15d2-2bd2-4715-ae74-6871882f69e2,1080p_60hz_q_43,Toddler@display=center_crop_1080p
2160p_60hz_q_47,1080p_60hz_q_43,0b0fda41-82df-4015-b135-36c8ab65f2a0,2160p_60hz_q_47,Toddler@display=center_crop_1080p
2160p_60hz_q_47,1080p_60hz_q_43,37f4d149-b1ab-400b-b3f6-3801e7acc02d,2160p_60hz_q_47,Toddler@display=center_crop_1080p
1080p_60hz_q_43,1080p_60hz_q_43,bb0de866-f477-4617-92a3-a805e8a1d219,2160p_60hz_q_47,Toddler@display=center_crop_1080p
2160p_60hz_q_47,1080p_60hz_q_43,26bdef07-111d-4497-95d2-1c34e0c6879f,2160p_60hz_q_47,Toddler@display=center_crop_1080p
2160p_60hz_q_47,1080p_60hz_q_43,285deb4d-638a-4cee-8ceb-cf512c184de5,2160p_60hz_q_47,Toddler@display=center_crop_1080p
,1080p_60hz_q_43,7964e590-7127-4f9b-96c6-f13637d38713,2160p_60hz_q_47,Toddler@display=center_crop_1080p
2160p_60hz_q_47,1080p_60hz_q_43,e972bffc-ae23-4562-ac73-419f130e0062,2160p_60hz_q_47,Toddler@display=center_crop_1080p
,2160p_60hz_q_47,155e72f9-4498-4614-81f9-d887690e78ad,1080p_60hz_q_43,Toddler@display=center_crop_1080p
2160p_60hz_q_47,2160p_60hz_q_47,db96f8b8-515c-4db2-a50b-980516bf9af5,1080p_60hz_q_43,Toddler@display=center_crop_1080p
2160p_60hz_q_45,2160p_60hz_q_51,e0a72c3a-15b0-43a1-9aa0-00e27e8bcc4f,2160p_60hz_q_45,Narrator@display=center_crop_1080p
2160p_60hz_q_45,2160p_60hz_q_51,db96f8b8-515c-4db2-a50b-980516bf9af5,2160p_60hz_q_45,Narrator@display=center_crop_1080p
2160p_60hz_q_45,2160p_60hz_q_51,9d4cc4b7-59aa-493d-844b-83e05a7ee9b6,2160p_60hz_q_45,Narrator@display=center_crop_1080p
2160p_60hz_q_45,2160p_60hz_q_51,3a9c1e54-5803-42be-b7c4-ae7a7c6d615f,2160p_60hz_q_45,Narrator@display=center_crop_1080p
2160p_60hz_q_45,2160p_60hz_q_51,ac060a26-f40f-4682-ab6e-89bc9d9355fb,2160p_60hz_q_45,Narrator@display=center_crop_1080p
2160p_60hz_q_45,2160p_60hz_q_45,a07115e7-e7a2-4d02-af4f-849190a7a0e9,2160p_60hz_q_51,Narrator@display=center_crop_1080p
2160p_60hz_q_45,2160p_60hz_q_51,e9551a3e-d41f-474d-b2d8-05231d46ff64,2160p_60hz_q_45,Narrator@display=center_crop_1080p
,2160p_60hz_q_51,4a35f560-042e-4d5b-b103-c56fd5d326a8,2160p_60hz_q_45,Narrator@display=center_crop_1080p
2160p_60hz_q_51,2160p_60hz_q_51,fcf36229-e931-4a91-8e22-2a87f1aab261,2160p_60hz_q_45,Narrator@display=center_crop_1080p
2160p_60hz_q_45,2160p_60hz_q_45,0dbb174c-6df7-488c-b0a4-c611dceaebb8,2160p_60hz_q_51,Narrator@display=center_crop_1080p
2160p_60hz_q_33,2160p_60hz_q_33,e154a82c-3a72-4854-8f3a-f54550369af2,2160p_60hz_q_43,Jockey@display=center_crop_1080p
2160p_60hz_q_33,2160p_60hz_q_43,f96ffcdd-22c6-49b7-bd2d-73e698539f79,2160p_60hz_q_33,Jockey@display=center_crop_1080p
2160p_60hz_q_33,2160p_60hz_q_43,3f875a9c-3a5b-49b9-8c04-e56a4bb7d9ec,2160p_60hz_q_33,Jockey@display=center_crop_1080p
2160p_60hz_q_33,2160p_60hz_q_33,38ed80b5-0f71-489e-973d-37a39ed3a96c,2160p_60hz_q_43,Jockey@display=center_crop_1080p
2160p_60hz_q_33,2160p_60hz_q_33,d6ba2aff-cecb-46aa-8325-57f11ca3b9df,2160p_60hz_q_43,Jockey@display=center_crop_1080p
2160p_60hz_q_33,2160p_60hz_q_33,e7ac105b-703b-4de4-9812-9d319b7f1f75,2160p_60hz_q_43,Jockey@display=center_crop_1080p
2160p_60hz_q_33,2160p_60hz_q_33,e2c67206-2707-487f-9bb5-dfaf2e2922f0,2160p_60hz_q_43,Jockey@display=center_crop_1080p
2160p_60hz_q_33,2160p_60hz_q_43,39f32b60-c4bd-4287-bb95-c5acf6f45aa7,2160p_60hz_q_33,Jockey@display=center_crop_1080p
2160p_60hz_q_33,2160p_60hz_q_33,0dbb174c-6df7-488c-b0a4-c611dceaebb8,2160p_60hz_q_43,Jockey@display=center_crop_1080p
2160p_60hz_q_33,2160p_60hz_q_43,df3181f3-e23f-460f-b47b-84cc79f0625c,2160p_60hz_q_33,Jockey@display=center_crop_1080p
2160p_60hz_q_27,1080p_60hz_q_29,0dbb174c-6df7-488c-b0a4-c611dceaebb8,2160p_60hz_q_27,Monkeys@display=center_crop_1080p
,1080p_60hz_q_29,bb0de866-f477-4617-92a3-a805e8a1d219,2160p_60hz_q_27,Monkeys@display=center_crop_1080p
,2160p_60hz_q_27,b5d5ad99-3c81-4f5a-ab4e-a3aae033d40b,1080p_60hz_q_29,Monkeys@display=center_crop_1080p
2160p_60hz_q_27,1080p_60hz_q_29,1f673a0c-db45-4f78-9d42-cde1779d5d4e,2160p_60hz_q_27,Monkeys@display=center_crop_1080p
,1080p_60hz_q_29,4731f594-5464-428a-8891-726dceae70cb,2160p_60hz_q_27,Monkeys@display=center_crop_1080p
2160p_60hz_q_27,2160p_60hz_q_27,8ffca7ad-9706-402d-a7d2-3b9c879a3bd5,1080p_60hz_q_29,Monkeys@display=center_crop_1080p
2160p_60hz_q_27,2160p_60hz_q_27,b071fb5e-233d-4a69-873f-08407b51b05c,1080p_60hz_q_29,Monkeys@display=center_crop_1080p
2160p_60hz_q_27,1080p_60hz_q_29,fe9ba464-25aa-4a37-8a07-769dc55e4626,2160p_60hz_q_27,Monkeys@display=center_crop_1080p
2160p_60hz_q_27,1080p_60hz_q_29,b080efca-4a2b-456b-8b97-fa7150fa2f8d,2160p_60hz_q_27,Monkeys@display=center_crop_1080p
,1080p_60hz_q_29,2e18b0d1-37c9-4503-a092-99a9ed14251c,2160p_60hz_q_27,Monkeys@display=center_crop_1080p
1080p_60hz_q_35,1080p_60hz_q_35,0dbb174c-6df7-488c-b0a4-c611dceaebb8,1080p_60hz_q_31,Tunnel@display=center_crop_1080p
1080p_60hz_q_31,1080p_60hz_q_35,1abc71bc-7141-4c96-b9c2-eb6551070855,1080p_60hz_q_31,Tunnel@display=center_crop_1080p
,1080p_60hz_q_31,9c50fe25-8597-4a22-aae5-af43989f9d5f,1080p_60hz_q_35,Tunnel@display=center_crop_1080p
1080p_60hz_q_35,1080p_60hz_q_31,cd044f9e-7cb5-48e5-a688-e76fa4ed8517,1080p_60hz_q_35,Tunnel@display=center_crop_1080p
1080p_60hz_q_31,1080p_60hz_q_35,3f875a9c-3a5b-49b9-8c04-e56a4bb7d9ec,1080p_60hz_q_31,Tunnel@display=center_crop_1080p
1080p_60hz_q_35,1080p_60hz_q_31,2bd94a3e-72b0-4010-9e82-d5d934a3ab57,1080p_60hz_q_35,Tunnel@display=center_crop_1080p
,1080p_60hz_q_35,e2c15f73-409b-4bf1-bdb6-d0391da62807,1080p_60hz_q_31,Tunnel@display=center_crop_1080p
,1080p_60hz_q_35,5d7831a1-caca-4669-9e4c-d8c0329ff397,1080p_60hz_q_31,Tunnel@display=center_crop_1080p
,1080p_60hz_q_31,337071eb-82e7-440f-93a9-60e3f4e874d3,1080p_60hz_q_35,Tunnel@display=center_crop_1080p
,1080p_60hz_q_31,dbc1ca9b-a7e7-40e4-a057-eecc8d4a2441,1080p_60hz_q_35,Tunnel@display=center_crop_1080p
1080p_60hz_q_33,1080p_60hz_q_33,0dbb174c-6df7-488c-b0a4-c611dceaebb8,1080p_60hz_q_43,Toddler@display=center_crop_1080p
1080p_60hz_q_33,1080p_60hz_q_33,ad001315-5165-4d88-afff-baec601858f0,1080p_60hz_q_43,Toddler@display=center_crop_1080p
1080p_60hz_q_33,1080p_60hz_q_43,0c824067-2fc7-44f5-9e62-4469ee9f28bd,1080p_60hz_q_33,Toddler@display=center_crop_1080p
1080p_60hz_q_33,1080p_60hz_q_43,0c55ce65-4725-4776-9e80-68de0d55c818,1080p_60hz_q_33,Toddler@display=center_crop_1080p
1080p_60hz_q_33,1080p_60hz_q_33,1a4f9bd0-1ff2-4da0-96f3-91c32fa4eda4,1080p_60hz_q_43,Toddler@display=center_crop_1080p
1080p_60hz_q_33,1080p_60hz_q_33,8ffca7ad-9706-402d-a7d2-3b9c879a3bd5,1080p_60hz_q_43,Toddler@display=center_crop_1080p
1080p_60hz_q_33,1080p_60hz_q_43,f865b921-41ac-4b8a-99a2-9e7b2738ff85,1080p_60hz_q_33,Toddler@display=center_crop_1080p
1080p_60hz_q_33,1080p_60hz_q_43,ff018c0f-acf7-4bf8-ae51-2c1e2f9d4ce1,1080p_60hz_q_33,Toddler@display=center_crop_1080p
1080p_60hz_q_33,1080p_60hz_q_33,8af7b70c-7bcb-4870-a401-358e2ab39eab,1080p_60hz_q_43,Toddler@display=center_crop_1080p
1080p_60hz_q_33,1080p_60hz_q_43,c9a88139-93f8-452e-8765-de0fd53867df,1080p_60hz_q_33,Toddler@display=center_crop_1080p
,2160p_60hz_q_43,e53d4eea-976a-4b76-925c-8f49229e1c77,1080p_60hz_q_39,Discuss@display=center_crop_1080p
2160p_60hz_q_43,1080p_60hz_q_39,9832020d-32c9-4b00-b7da-f708d715fc06,2160p_60hz_q_43,Discuss@display=center_crop_1080p
1080p_60hz_q_39,1080p_60hz_q_39,23fa0894-e067-4bdf-98ff-55ade0a43235,2160p_60hz_q_43,Discuss@display=center_crop_1080p
,2160p_60hz_q_43,337071eb-82e7-440f-93a9-60e3f4e874d3,1080p_60hz_q_39,Discuss@display=center_crop_1080p
2160p_60hz_q_43,2160p_60hz_q_43,648eaa2c-7641-4715-8a50-77b78df2a33a,1080p_60hz_q_39,Discuss@display=center_crop_1080p
,1080p_60hz_q_39,46aabf20-8386-4462-a685-7bdf025cd375,2160p_60hz_q_43,Discuss@display=center_crop_1080p
2160p_60hz_q_43,2160p_60hz_q_43,78ad0f22-b5f9-431c-9cf3-561ec8ee9182,1080p_60hz_q_39,Discuss@display=center_crop_1080p
,1080p_60hz_q_39,648eaa2c-7641-4715-8a50-77b78df2a33a,2160p_60hz_q_43,Discuss@display=center_crop_1080p
1080p_60hz_q_39,1080p_60hz_q_39,5521ff94-7e87-4bd3-a91f-fe3c18491c86,2160p_60hz_q_43,Discuss@display=center_crop_1080p
1080p_60hz_q_39,1080p_60hz_q_39,648eaa2c-7641-4715-8a50-77b78df2a33a,2160p_60hz_q_43,Discuss@display=center_crop_1080p
2160p_60hz_q_41,2160p_60hz_q_41,0dbb174c-6df7-488c-b0a4-c611dceaebb8,2160p_60hz_q_49,Dinner@display=center_crop_1080p
2160p_60hz_q_41,2160p_60hz_q_49,68139fa1-4fca-4ef0-8a0d-5b7972e73b76,2160p_60hz_q_41,Dinner@display=center_crop_1080p
2160p_60hz_q_41,2160p_60hz_q_49,39f32b60-c4bd-4287-bb95-c5acf6f45aa7,2160p_60hz_q_41,Dinner@display=center_crop_1080p
2160p_60hz_q_41,2160p_60hz_q_49,b5d5ad99-3c81-4f5a-ab4e-a3aae033d40b,2160p_60hz_q_41,Dinner@display=center_crop_1080p
2160p_60hz_q_41,2160p_60hz_q_49,6548cc0b-1e7d-4c7b-bef3-d24d0e401d9c,2160p_60hz_q_41,Dinner@display=center_crop_1080p
2160p_60hz_q_41,2160p_60hz_q_41,e53d4eea-976a-4b76-925c-8f49229e1c77,2160p_60hz_q_49,Dinner@display=center_crop_1080p
2160p_60hz_q_41,2160p_60hz_q_41,a5762c12-c5ba-4b11-898d-9ae55f04d30a,2160p_60hz_q_49,Dinner@display=center_crop_1080p
2160p_60hz_q_41,2160p_60hz_q_49,1a4b7399-7fcd-4ddf-bb63-5a7e1ecc9174,2160p_60hz_q_41,Dinner@display=center_crop_1080p
2160p_60hz_q_41,2160p_60hz_q_41,2307d8e9-642b-4f06-8182-1c953bcbcc79,2160p_60hz_q_49,Dinner@display=center_crop_1080p
2160p_60hz_q_41,2160p_60hz_q_41,cc653c90-c2e7-463e-83b6-1dee35da7534,2160p_60hz_q_49,Dinner@display=center_crop_1080p
1080p_60hz_q_25,1080p_60hz_q_25,0dbb174c-6df7-488c-b0a4-c611dceaebb8,2160p_60hz_q_45,Dancers@display=center_crop_1080p
1080p_60hz_q_25,1080p_60hz_q_25,ac00c619-1689-4173-bedd-13fff7ce2c99,2160p_60hz_q_45,Dancers@display=center_crop_1080p
1080p_60hz_q_25,2160p_60hz_q_45,df575ecc-df7d-4fe6-902d-c05730fce434,1080p_60hz_q_25,Dancers@display=center_crop_1080p
1080p_60hz_q_25,2160p_60hz_q_45,fc66e681-3ee1-4f30-9e0a-390ec97223e9,1080p_60hz_q_25,Dancers@display=center_crop_1080p
1080p_60hz_q_25,1080p_60hz_q_25,38ed80b5-0f71-489e-973d-37a39ed3a96c,2160p_60hz_q_45,Dancers@display=center_crop_1080p
1080p_60hz_q_25,1080p_60hz_q_25,4cd150dd-7a6c-4a04-bcbb-c430cb979769,2160p_60hz_q_45,Dancers@display=center_crop_1080p
2160p_60hz_q_45,1080p_60hz_q_25,e2c15f73-409b-4bf1-bdb6-d0391da62807,2160p_60hz_q_45,Dancers@display=center_crop_1080p
1080p_60hz_q_25,1080p_60hz_q_25,fe9ba464-25aa-4a37-8a07-769dc55e4626,2160p_60hz_q_45,Dancers@display=center_crop_1080p
1080p_60hz_q_25,2160p_60hz_q_45,d4caa0db-8bd4-47cc-ad0e-f10ed19d1038,1080p_60hz_q_25,Dancers@display=center_crop_1080p
1080p_60hz_q_25,2160p_60hz_q_45,234f2863-9dc3-4857-bbf9-144b0e1a86f4,1080p_60hz_q_25,Dancers@display=center_crop_1080p
,1080p_60hz_q_35,8f93cd33-b4c5-4e6c-9337-89d455cb7fbe,1080p_60hz_q_29,Yacht@display=center_crop_1080p
1080p_60hz_q_29,1080p_60hz_q_29,6548cc0b-1e7d-4c7b-bef3-d24d0e401d9c,1080p_60hz_q_35,Yacht@display=center_crop_1080p
1080p_60hz_q_29,1080p_60hz_q_35,f865b921-41ac-4b8a-99a2-9e7b2738ff85,1080p_60hz_q_29,Yacht@display=center_crop_1080p
1080p_60hz_q_29,1080p_60hz_q_35,45f7895e-4d5f-4242-b275-48ce60c655bc,1080p_60hz_q_29,Yacht@display=center_crop_1080p
,1080p_60hz_q_35,7142d9c5-0e87-4291-b0c4-fe9768c9bb62,1080p_60hz_q_29,Yacht@display=center_crop_1080p
1080p_60hz_q_29,1080p_60hz_q_29,b7c70b81-275b-4549-ac00-de8dbd201b40,1080p_60hz_q_35,Yacht@display=center_crop_1080p
1080p_60hz_q_35,1080p_60hz_q_35,e2c67206-2707-487f-9bb5-dfaf2e2922f0,1080p_60hz_q_29,Yacht@display=center_crop_1080p
1080p_60hz_q_29,1080p_60hz_q_29,0b0fda41-82df-4015-b135-36c8ab65f2a0,1080p_60hz_q_35,Yacht@display=center_crop_1080p
1080p_60hz_q_29,1080p_60hz_q_29,3f875a9c-3a5b-49b9-8c04-e56a4bb7d9ec,1080p_60hz_q_35,Yacht@display=center_crop_1080p
1080p_60hz_q_29,1080p_60hz_q_29,9d4cc4b7-59aa-493d-844b-83e05a7ee9b6,1080p_60hz_q_35,Yacht@display=center_crop_1080p
1080p_60hz_q_37,1080p_60hz_q_37,0dbb174c-6df7-488c-b0a4-c611dceaebb8,2160p_60hz_q_45,Ritual@display=center_crop_1080p
1080p_60hz_q_37,1080p_60hz_q_37,ac00c619-1689-4173-bedd-13fff7ce2c99,2160p_60hz_q_45,Ritual@display=center_crop_1080p
1080p_60hz_q_37,2160p_60hz_q_45,0d143a52-e18f-4432-adb5-2345850fb6c8,1080p_60hz_q_37,Ritual@display=center_crop_1080p
1080p_60hz_q_37,1080p_60hz_q_37,ca1ed559-56c0-4ec2-9a97-ef41e1a1ef4d,2160p_60hz_q_45,Ritual@display=center_crop_1080p
1080p_60hz_q_37,2160p_60hz_q_45,12af518c-7153-4f07-a556-0ee231ba34ae,1080p_60hz_q_37,Ritual@display=center_crop_1080p
1080p_60hz_q_37,2160p_60hz_q_45,1be63c96-99ea-42cd-9317-f035ce5c85a9,1080p_60hz_q_37,Ritual@display=center_crop_1080p
1080p_60hz_q_37,1080p_60hz_q_37,c422e83a-4ae2-46de-a97a-8bb99b9b6408,2160p_60hz_q_45,Ritual@display=center_crop_1080p
,1080p_60hz_q_37,b687d08f-c451-43a4-a016-b7164e40457a,2160p_60hz_q_45,Ritual@display=center_crop_1080p
1080p_60hz_q_37,1080p_60hz_q_37,d88c101b-11c9-4e8d-9dae-f4e5b67933d1,2160p_60hz_q_45,Ritual@display=center_crop_1080p
1080p_60hz_q_37,1080p_60hz_q_37,ac060a26-f40f-4682-ab6e-89bc9d9355fb,2160p_60hz_q_45,Ritual@display=center_crop_1080p
1080p_60hz_q_37,1080p_60hz_q_37,0dbb174c-6df7-488c-b0a4-c611dceaebb8,2160p_60hz_q_41,Ready@display=center_crop_1080p
1080p_60hz_q_37,2160p_60hz_q_41,67d83dd0-c702-4742-bc13-028ca244d5fb,1080p_60hz_q_37,Ready@display=center_crop_1080p
2160p_60hz_q_41,1080p_60hz_q_37,b5d5ad99-3c81-4f5a-ab4e-a3aae033d40b,2160p_60hz_q_41,Ready@display=center_crop_1080p
,2160p_60hz_q_41,cb7ef030-32e8-43e5-ab92-83ef3ebe1440,1080p_60hz_q_37,Ready@display=center_crop_1080p
,2160p_60hz_q_41,532f40a1-621c-494b-8e10-a8cb0668755d,1080p_60hz_q_37,Ready@display=center_crop_1080p
2160p_60hz_q_41,1080p_60hz_q_37,e53d4eea-976a-4b76-925c-8f49229e1c77,2160p_60hz_q_41,Ready@display=center_crop_1080p
,2160p_60hz_q_41,155e72f9-4498-4614-81f9-d887690e78ad,1080p_60hz_q_37,Ready@display=center_crop_1080p
2160p_60hz_q_41,1080p_60hz_q_37,8d422037-bbe3-4258-b1ef-8f0503275f26,2160p_60hz_q_41,Ready@display=center_crop_1080p
2160p_60hz_q_41,1080p_60hz_q_37,e0a72c3a-15b0-43a1-9aa0-00e27e8bcc4f,2160p_60hz_q_41,Ready@display=center_crop_1080p
2160p_60hz_q_41,1080p_60hz_q_37,c9a88139-93f8-452e-8765-de0fd53867df,2160p_60hz_q_41,Ready@display=center_crop_1080p
2160p_60hz_q_33,2160p_60hz_q_33,1abc71bc-7141-4c96-b9c2-eb6551070855,1080p_60hz_q_37,Narrator@display=center_crop_1080p
2160p_60hz_q_33,1080p_60hz_q_37,41481cf6-0d7b-4fcf-bf52-4417617a4242,2160p_60hz_q_33,Narrator@display=center_crop_1080p
2160p_60hz_q_33,1080p_60hz_q_37,ca1ed559-56c0-4ec2-9a97-ef41e1a1ef4d,2160p_60hz_q_33,Narrator@display=center_crop_1080p
2160p_60hz_q_33,2160p_60hz_q_33,8503e28a-947a-459c-a673-7beb97834ba5,1080p_60hz_q_37,Narrator@display=center_crop_1080p
2160p_60hz_q_33,1080p_60hz_q_37,3243b530-39c0-4181-88c4-d1402733f44f,2160p_60hz_q_33,Narrator@display=center_crop_1080p
2160p_60hz_q_33,1080p_60hz_q_37,05b5a635-0c1c-40d3-a1d1-41f2cfd5eb5c,2160p_60hz_q_33,Narrator@display=center_crop_1080p
2160p_60hz_q_33,2160p_60hz_q_33,f8a8894e-7e85-4d2a-8eb5-ed2fc77bcff4,1080p_60hz_q_37,Narrator@display=center_crop_1080p
2160p_60hz_q_33,2160p_60hz_q_33,e2c15f73-409b-4bf1-bdb6-d0391da62807,1080p_60hz_q_37,Narrator@display=center_crop_1080p
2160p_60hz_q_33,2160p_60hz_q_33,fbfd61f4-6813-4623-98f8-85664b3910ae,1080p_60hz_q_37,Narrator@display=center_crop_1080p
2160p_60hz_q_33,2160p_60hz_q_33,ef28475d-dbd1-4ce8-903c-751fee91fbd1,1080p_60hz_q_37,Narrator@display=center_crop_1080p
2160p_60hz_q_25,2160p_60hz_q_25,1abc71bc-7141-4c96-b9c2-eb6551070855,2160p_60hz_q_37,Dinner@display=center_crop_1080p
2160p_60hz_q_25,2160p_60hz_q_25,de106203-e86a-420a-8d43-f3d9603b8900,2160p_60hz_q_37,Dinner@display=center_crop_1080p
2160p_60hz_q_25,2160p_60hz_q_37,946b7170-be46-4eb3-b754-5ee5511bc09a,2160p_60hz_q_25,Dinner@display=center_crop_1080p
2160p_60hz_q_25,2160p_60hz_q_37,04d3a74c-6229-4c46-b5ac-f17b5929936d,2160p_60hz_q_25,Dinner@display=center_crop_1080p
2160p_60hz_q_25,2160p_60hz_q_37,848417ce-54e9-4f48-a77b-40f1cc056f40,2160p_60hz_q_25,Dinner@display=center_crop_1080p
2160p_60hz_q_25,2160p_60hz_q_37,2efb2ebe-b88e-4181-9d88-e79646ad323c,2160p_60hz_q_25,Dinner@display=center_crop_1080p
2160p_60hz_q_25,2160p_60hz_q_37,7e0438d1-a48a-4e60-9234-b320965d86aa,2160p_60hz_q_25,Dinner@display=center_crop_1080p
2160p_60hz_q_25,2160p_60hz_q_25,b8c183cb-0aaa-46a7-ab53-51da89921b40,2160p_60hz_q_37,Dinner@display=center_crop_1080p
2160p_60hz_q_25,2160p_60hz_q_25,bc64594f-68af-4afd-a02d-423ac80ebb4e,2160p_60hz_q_37,Dinner@display=center_crop_1080p
2160p_60hz_q_25,2160p_60hz_q_37,234f2863-9dc3-4857-bbf9-144b0e1a86f4,2160p_60hz_q_25,Dinner@display=center_crop_1080p
,2160p_60hz_q_35,d4caa0db-8bd4-47cc-ad0e-f10ed19d1038,2160p_60hz_q_39,Toddler@display=center_crop_1080p
2160p_60hz_q_35,2160p_60hz_q_35,8f93cd33-b4c5-4e6c-9337-89d455cb7fbe,2160p_60hz_q_39,Toddler@display=center_crop_1080p
,2160p_60hz_q_39,3e499d20-74be-44a1-956e-8b361c3a75b1,2160p_60hz_q_35,Toddler@display=center_crop_1080p
2160p_60hz_q_35,2160p_60hz_q_35,b080efca-4a2b-456b-8b97-fa7150fa2f8d,2160p_60hz_q_39,Toddler@display=center_crop_1080p
2160p_60hz_q_35,2160p_60hz_q_35,8874acc5-cdbe-47f2-a092-7777f2ee3594,2160p_60hz_q_39,Toddler@display=center_crop_1080p
2160p_60hz_q_35,2160p_60hz_q_35,1abc71bc-7141-4c96-b9c2-eb6551070855,2160p_60hz_q_39,Toddler@display=center_crop_1080p
2160p_60hz_q_35,2160p_60hz_q_35,badb4c68-c25f-4312-93cc-37b701824925,2160p_60hz_q_39,Toddler@display=center_crop_1080p
2160p_60hz_q_35,2160p_60hz_q_35,1abc71bc-7141-4c96-b9c2-eb6551070855,2160p_60hz_q_39,Toddler@display=center_crop_1080p
,2160p_60hz_q_39,12af518c-7153-4f07-a556-0ee231ba34ae,2160p_60hz_q_35,Toddler@display=center_crop_1080p
2160p_60hz_q_39,2160p_60hz_q_39,f1142396-4ec7-4601-b113-7f53e64f27d0,2160p_60hz_q_35,Toddler@display=center_crop_1080p
2160p_60hz_q_27,2160p_60hz_q_51,1abc71bc-7141-4c96-b9c2-eb6551070855,2160p_60hz_q_27,SeaRock@display=center_crop_1080p
2160p_60hz_q_51,2160p_60hz_q_27,2ba1abad-a0d9-4273-b56e-68dcba71cc73,2160p_60hz_q_51,SeaRock@display=center_crop_1080p
2160p_60hz_q_27,2160p_60hz_q_27,f12ef427-eefa-4f1b-b2d1-0a5fa567750a,2160p_60hz_q_51,SeaRock@display=center_crop_1080p
2160p_60hz_q_27,2160p_60hz_q_51,cd044f9e-7cb5-48e5-a688-e76fa4ed8517,2160p_60hz_q_27,SeaRock@display=center_crop_1080p
2160p_60hz_q_27,2160p_60hz_q_27,0c1c7340-3f94-4985-af41-6c3ee4c993c8,2160p_60hz_q_51,SeaRock@display=center_crop_1080p
2160p_60hz_q_27,2160p_60hz_q_51,d6ba2aff-cecb-46aa-8325-57f11ca3b9df,2160p_60hz_q_27,SeaRock@display=center_crop_1080p
2160p_60hz_q_27,2160p_60hz_q_51,89a1c554-1ca4-4287-a0c9-314fe9b8197e,2160p_60hz_q_27,SeaRock@display=center_crop_1080p
2160p_60hz_q_27,2160p_60hz_q_51,088777a9-db1c-4683-9812-ce100f1b95df,2160p_60hz_q_27,SeaRock@display=center_crop_1080p
2160p_60hz_q_27,2160p_60hz_q_27,c9a88139-93f8-452e-8765-de0fd53867df,2160p_60hz_q_51,SeaRock@display=center_crop_1080p
2160p_60hz_q_27,2160p_60hz_q_27,e9551a3e-d41f-474d-b2d8-05231d46ff64,2160p_60hz_q_51,SeaRock@display=center_crop_1080p
1080p_60hz_q_27,2160p_60hz_q_41,1abc71bc-7141-4c96-b9c2-eb6551070855,1080p_60hz_q_27,Ready@display=center_crop_1080p
1080p_60hz_q_27,1080p_60hz_q_27,bc6328e9-ac68-4cf5-9c95-116d946da15b,2160p_60hz_q_41,Ready@display=center_crop_1080p
1080p_60hz_q_27,1080p_60hz_q_27,f304bc2a-d059-481e-9268-2dc6d5c0ee8f,2160p_60hz_q_41,Ready@display=center_crop_1080p
1080p_60hz_q_27,1080p_60hz_q_27,26bdef07-111d-4497-95d2-1c34e0c6879f,2160p_60hz_q_41,Ready@display=center_crop_1080p
1080p_60hz_q_27,1080p_60hz_q_27,4cd150dd-7a6c-4a04-bcbb-c430cb979769,2160p_60hz_q_41,Ready@display=center_crop_1080p
,1080p_60hz_q_27,863335b0-11fb-4fc6-80d1-123269c15ba3,2160p_60hz_q_41,Ready@display=center_crop_1080p
1080p_60hz_q_27,1080p_60hz_q_27,9832020d-32c9-4b00-b7da-f708d715fc06,2160p_60hz_q_41,Ready@display=center_crop_1080p
1080p_60hz_q_27,2160p_60hz_q_41,12ef4ddb-107d-42b2-bfa0-b59fa554e40a,1080p_60hz_q_27,Ready@display=center_crop_1080p
1080p_60hz_q_27,2160p_60hz_q_41,b3bea668-0154-47a7-958c-45380c2c7da0,1080p_60hz_q_27,Ready@display=center_crop_1080p
1080p_60hz_q_27,2160p_60hz_q_41,cc653c90-c2e7-463e-83b6-1dee35da7534,1080p_60hz_q_27,Ready@display=center_crop_1080p
1080p_60hz_q_27,1080p_60hz_q_27,e8e854f8-db3b-4b12-b87f-0c5c849cf0ab,1080p_60hz_q_37,Narrator@display=center_crop_1080p
1080p_60hz_q_27,1080p_60hz_q_27,b687d08f-c451-43a4-a016-b7164e40457a,1080p_60hz_q_37,Narrator@display=center_crop_1080p
1080p_60hz_q_27,1080p_60hz_q_27,1abc71bc-7141-4c96-b9c2-eb6551070855,1080p_60hz_q_37,Narrator@display=center_crop_1080p
1080p_60hz_q_27,1080p_60hz_q_37,26a7dfc8-1e68-4579-b9af-f5727b8c413b,1080p_60hz_q_27,Narrator@display=center_crop_1080p
1080p_60hz_q_27,1080p_60hz_q_27,dbc1ca9b-a7e7-40e4-a057-eecc8d4a2441,1080p_60hz_q_37,Narrator@display=center_crop_1080p
1080p_60hz_q_27,1080p_60hz_q_27,863335b0-11fb-4fc6-80d1-123269c15ba3,1080p_60hz_q_37,Narrator@display=center_crop_1080p
1080p_60hz_q_27,1080p_60hz_q_27,da2c9fd7-50ab-458a-a922-f54ef3dbc3b2,1080p_60hz_q_37,Narrator@display=center_crop_1080p
1080p_60hz_q_27,1080p_60hz_q_37,61feaf63-ec43-4944-b1f3-48480c3be1a1,1080p_60hz_q_27,Narrator@display=center_crop_1080p
1080p_60hz_q_27,1080p_60hz_q_37,c422e83a-4ae2-46de-a97a-8bb99b9b6408,1080p_60hz_q_27,Narrator@display=center_crop_1080p
1080p_60hz_q_27,1080p_60hz_q_27,8d422037-bbe3-4258-b1ef-8f0503275f26,1080p_60hz_q_37,Narrator@display=center_crop_1080p
1080p_60hz_q_27,1080p_60hz_q_37,2e5b02d4-0a00-4feb-993b-d3dd3567d028,1080p_60hz_q_27,SeaRock@display=center_crop_1080p
1080p_60hz_q_27,1080p_60hz_q_37,1abc71bc-7141-4c96-b9c2-eb6551070855,1080p_60hz_q_27,SeaRock@display=center_crop_1080p
1080p_60hz_q_27,1080p_60hz_q_37,1afd1df2-27db-4494-8663-413ad9946a0d,1080p_60hz_q_27,SeaRock@display=center_crop_1080p
1080p_60hz_q_27,1080p_60hz_q_37,6365d9f1-fe2e-49a7-81fa-419e09ce4970,1080p_60hz_q_27,SeaRock@display=center_crop_1080p
1080p_60hz_q_27,1080p_60hz_q_27,c35a25f8-73ad-40bf-ac86-c73d08325734,1080p_60hz_q_37,SeaRock@display=center_crop_1080p
1080p_60hz_q_27,1080p_60hz_q_27,a593750d-9e2c-4127-906a-9c623c034081,1080p_60hz_q_37,SeaRock@display=center_crop_1080p
1080p_60hz_q_27,1080p_60hz_q_37,946b7170-be46-4eb3-b754-5ee5511bc09a,1080p_60hz_q_27,SeaRock@display=center_crop_1080p
1080p_60hz_q_27,1080p_60hz_q_37,1255512e-c359-4479-9837-296bf75c44f8,1080p_60hz_q_27,SeaRock@display=center_crop_1080p
1080p_60hz_q_27,1080p_60hz_q_27,45f7895e-4d5f-4242-b275-48ce60c655bc,1080p_60hz_q_37,SeaRock@display=center_crop_1080p
1080p_60hz_q_27,1080p_60hz_q_37,3a9c1e54-5803-42be-b7c4-ae7a7c6d615f,1080p_60hz_q_27,SeaRock@display=center_crop_1080p
2160p_60hz_q_27,2160p_60hz_q_41,53fda506-b1fc-4245-860a-07ad40e5b65d,2160p_60hz_q_27,Football@display=center_crop_1080p
2160p_60hz_q_27,2160p_60hz_q_41,d42a6af2-2b3b-4c79-9e96-57767a5c5065,2160p_60hz_q_27,Football@display=center_crop_1080p
2160p_60hz_q_27,2160p_60hz_q_41,fe9ba464-25aa-4a37-8a07-769dc55e4626,2160p_60hz_q_27,Football@display=center_crop_1080p
2160p_60hz_q_27,2160p_60hz_q_27,1abc71bc-7141-4c96-b9c2-eb6551070855,2160p_60hz_q_41,Football@display=center_crop_1080p
2160p_60hz_q_27,2160p_60hz_q_41,62b97f5e-f60a-46bc-933c-799cade5e19e,2160p_60hz_q_27,Football@display=center_crop_1080p
2160p_60hz_q_27,2160p_60hz_q_27,c81ae704-93f9-4974-8b29-9181659b6dd4,2160p_60hz_q_41,Football@display=center_crop_1080p
2160p_60hz_q_27,2160p_60hz_q_27,606c83fe-5972-4bcb-b811-f7bb443fc6fd,2160p_60hz_q_41,Football@display=center_crop_1080p
2160p_60hz_q_27,2160p_60hz_q_27,04d3a74c-6229-4c46-b5ac-f17b5929936d,2160p_60hz_q_41,Football@display=center_crop_1080p
2160p_60hz_q_27,2160p_60hz_q_41,648eaa2c-7641-4715-8a50-77b78df2a33a,2160p_60hz_q_27,Football@display=center_crop_1080p
2160p_60hz_q_27,2160p_60hz_q_27,bc64594f-68af-4afd-a02d-423ac80ebb4e,2160p_60hz_q_41,Football@display=center_crop_1080p
2160p_60hz_q_25,2160p_60hz_q_25,1abc71bc-7141-4c96-b9c2-eb6551070855,2160p_60hz_q_33,Dinner@display=center_crop_1080p
2160p_60hz_q_25,2160p_60hz_q_33,61feaf63-ec43-4944-b1f3-48480c3be1a1,2160p_60hz_q_25,Dinner@display=center_crop_1080p
2160p_60hz_q_25,2160p_60hz_q_25,a8491a57-9a29-4f83-9024-a9bdd72e0cc8,2160p_60hz_q_33,Dinner@display=center_crop_1080p
2160p_60hz_q_25,2160p_60hz_q_33,cd044f9e-7cb5-48e5-a688-e76fa4ed8517,2160p_60hz_q_25,Dinner@display=center_crop_1080p
2160p_60hz_q_25,2160p_60hz_q_25,5399cf88-3d79-48b1-8c17-3cd72da4ced8,2160p_60hz_q_33,Dinner@display=center_crop_1080p
2160p_60hz_q_25,2160p_60hz_q_25,c81ae704-93f9-4974-8b29-9181659b6dd4,2160p_60hz_q_33,Dinner@display=center_crop_1080p
2160p_60hz_q_25,2160p_60hz_q_33,b7c70b81-275b-4549-ac00-de8dbd201b40,2160p_60hz_q_25,Dinner@display=center_crop_1080p
2160p_60hz_q_25,2160p_60hz_q_25,badb4c68-c25f-4312-93cc-37b701824925,2160p_60hz_q_33,Dinner@display=center_crop_1080p
,2160p_60hz_q_33,4a35f560-042e-4d5b-b103-c56fd5d326a8,2160p_60hz_q_25,Dinner@display=center_crop_1080p
2160p_60hz_q_25,2160p_60hz_q_33,d4f74e62-520b-489d-af5c-051c4d744c55,2160p_60hz_q_25,Dinner@display=center_crop_1080p
2160p_60hz_q_37,2160p_60hz_q_41,1abc71bc-7141-4c96-b9c2-eb6551070855,2160p_60hz_q_37,Tunnel@display=center_crop_1080p
2160p_60hz_q_37,2160p_60hz_q_41,d2d885e4-1ca3-4625-8c39-88667529f002,2160p_60hz_q_37,Tunnel@display=center_crop_1080p
2160p_60hz_q_37,2160p_60hz_q_41,33d6bc20-c2de-4c46-a451-3681be8dc16c,2160p_60hz_q_37,Tunnel@display=center_crop_1080p
2160p_60hz_q_37,2160p_60hz_q_41,c81ae704-93f9-4974-8b29-9181659b6dd4,2160p_60hz_q_37,Tunnel@display=center_crop_1080p
2160p_60hz_q_37,2160p_60hz_q_37,606c83fe-5972-4bcb-b811-f7bb443fc6fd,2160p_60hz_q_41,Tunnel@display=center_crop_1080p
2160p_60hz_q_37,2160p_60hz_q_41,110d7871-1915-4303-887e-891fb24433ca,2160p_60hz_q_37,Tunnel@display=center_crop_1080p
,2160p_60hz_q_37,68a8fa22-cb96-4da4-aad4-b06206826925,2160p_60hz_q_41,Tunnel@display=center_crop_1080p
2160p_60hz_q_41,2160p_60hz_q_37,d739b99a-9798-42ec-b4f4-3db5001692c4,2160p_60hz_q_41,Tunnel@display=center_crop_1080p
2160p_60hz_q_37,2160p_60hz_q_37,5ca47ce2-d2f1-4fa3-ad4c-eaf361944918,2160p_60hz_q_41,Tunnel@display=center_crop_1080p
2160p_60hz_q_37,2160p_60hz_q_41,208e7f6c-d013-4a6f-a6be-3008a0d3130b,2160p_60hz_q_37,Tunnel@display=center_crop_1080p
2160p_60hz_q_45,1080p_60hz_q_43,56fb1617-07cb-4404-8798-8e34d0947e88,2160p_60hz_q_45,Football@display=center_crop_1080p
2160p_60hz_q_45,1080p_60hz_q_43,946b7170-be46-4eb3-b754-5ee5511bc09a,2160p_60hz_q_45,Football@display=center_crop_1080p
2160p_60hz_q_45,2160p_60hz_q_45,1abc71bc-7141-4c96-b9c2-eb6551070855,1080p_60hz_q_43,Football@display=center_crop_1080p
2160p_60hz_q_45,2160p_60hz_q_45,3b093b24-8dee-407c-adc3-23e77227e35b,1080p_60hz_q_43,Football@display=center_crop_1080p
2160p_60hz_q_45,2160p_60hz_q_45,9d7f3cb5-9b1d-4a2b-8564-bd16197718d7,1080p_60hz_q_43,Football@display=center_crop_1080p
2160p_60hz_q_45,2160p_60hz_q_45,c35a25f8-73ad-40bf-ac86-c73d08325734,1080p_60hz_q_43,Football@display=center_crop_1080p
2160p_60hz_q_45,2160p_60hz_q_45,234f2863-9dc3-4857-bbf9-144b0e1a86f4,1080p_60hz_q_43,Football@display=center_crop_1080p
2160p_60hz_q_45,2160p_60hz_q_45,a593750d-9e2c-4127-906a-9c623c034081,1080p_60hz_q_43,Football@display=center_crop_1080p
2160p_60hz_q_45,1080p_60hz_q_43,3983543e-c80b-40e4-bd96-0bc96de4c562,2160p_60hz_q_45,Football@display=center_crop_1080p
2160p_60hz_q_45,1080p_60hz_q_43,3f875a9c-3a5b-49b9-8c04-e56a4bb7d9ec,2160p_60hz_q_45,Football@display=center_crop_1080p
,2160p_60hz_q_45,1abc71bc-7141-4c96-b9c2-eb6551070855,1080p_60hz_q_37,SeaRock@display=center_crop_1080p
2160p_60hz_q_45,2160p_60hz_q_45,ca304a7b-b10f-4cd3-a40e-3663b1a6fc20,1080p_60hz_q_37,SeaRock@display=center_crop_1080p
1080p_60hz_q_37,2160p_60hz_q_45,37fe0e5a-6482-4791-a6ee-6d277ad53a8e,1080p_60hz_q_37,SeaRock@display=center_crop_1080p
,1080p_60hz_q_37,ca1ed559-56c0-4ec2-9a97-ef41e1a1ef4d,2160p_60hz_q_45,SeaRock@display=center_crop_1080p
1080p_60hz_q_37,1080p_60hz_q_37,9d7f3cb5-9b1d-4a2b-8564-bd16197718d7,2160p_60hz_q_45,SeaRock@display=center_crop_1080p
1080p_60hz_q_37,2160p_60hz_q_45,56fb1617-07cb-4404-8798-8e34d0947e88,1080p_60hz_q_37,SeaRock@display=center_crop_1080p
,2160p_60hz_q_45,ad001315-5165-4d88-afff-baec601858f0,1080p_60hz_q_37,SeaRock@display=center_crop_1080p
,1080p_60hz_q_37,f33fbf32-6eda-406b-84e4-2bf22ec6cf36,2160p_60hz_q_45,SeaRock@display=center_crop_1080p
,2160p_60hz_q_45,f304bc2a-d059-481e-9268-2dc6d5c0ee8f,1080p_60hz_q_37,SeaRock@display=center_crop_1080p
1080p_60hz_q_37,1080p_60hz_q_37,eab9779d-4083-4225-8473-fc8798ebb47e,2160p_60hz_q_45,SeaRock@display=center_crop_1080p
,2160p_60hz_q_27,1abc71bc-7141-4c96-b9c2-eb6551070855,2160p_60hz_q_33,SeaRock@display=center_crop_1080p
2160p_60hz_q_27,2160p_60hz_q_27,ad001315-5165-4d88-afff-baec601858f0,2160p_60hz_q_33,SeaRock@display=center_crop_1080p
,2160p_60hz_q_33,39f32b60-c4bd-4287-bb95-c5acf6f45aa7,2160p_60hz_q_27,SeaRock@display=center_crop_1080p
2160p_60hz_q_33,2160p_60hz_q_27,3f875a9c-3a5b-49b9-8c04-e56a4bb7d9ec,2160p_60hz_q_33,SeaRock@display=center_crop_1080p
,2160p_60hz_q_33,4a35f560-042e-4d5b-b103-c56fd5d326a8,2160p_60hz_q_27,SeaRock@display=center_crop_1080p
2160p_60hz_q_27,2160p_60hz_q_27,f865b921-41ac-4b8a-99a2-9e7b2738ff85,2160p_60hz_q_33,SeaRock@display=center_crop_1080p
2160p_60hz_q_27,2160p_60hz_q_27,bc64594f-68af-4afd-a02d-423ac80ebb4e,2160p_60hz_q_33,SeaRock@display=center_crop_1080p
,2160p_60hz_q_27,3c7562c0-bc9e-4808-9372-695211fc6275,2160p_60hz_q_33,SeaRock@display=center_crop_1080p
2160p_60hz_q_33,2160p_60hz_q_33,e0a72c3a-15b0-43a1-9aa0-00e27e8bcc4f,2160p_60hz_q_27,SeaRock@display=center_crop_1080p
2160p_60hz_q_27,2160p_60hz_q_27,94d70f48-55b6-4b7a-9dae-68e34937fd1c,2160p_60hz_q_33,SeaRock@display=center_crop_1080p
2160p_60hz_q_27,1080p_60hz_q_43,ad001315-5165-4d88-afff-baec601858f0,2160p_60hz_q_27,Football@display=center_crop_1080p
2160p_60hz_q_27,1080p_60hz_q_43,eedf411b-6b3f-45af-bfac-983da3c35692,2160p_60hz_q_27,Football@display=center_crop_1080p
2160p_60hz_q_27,2160p_60hz_q_27,67d83dd0-c702-4742-bc13-028ca244d5fb,1080p_60hz_q_43,Football@display=center_crop_1080p
2160p_60hz_q_27,2160p_60hz_q_27,1be63c96-99ea-42cd-9317-f035ce5c85a9,1080p_60hz_q_43,Football@display=center_crop_1080p
2160p_60hz_q_27,1080p_60hz_q_43,27fc7da4-6d5e-44aa-892d-e16ec39089cc,2160p_60hz_q_27,Football@display=center_crop_1080p
2160p_60hz_q_27,1080p_60hz_q_43,f96ffcdd-22c6-49b7-bd2d-73e698539f79,2160p_60hz_q_27,Football@display=center_crop_1080p
2160p_60hz_q_27,2160p_60hz_q_27,ac060a26-f40f-4682-ab6e-89bc9d9355fb,1080p_60hz_q_43,Football@display=center_crop_1080p
2160p_60hz_q_27,2160p_60hz_q_27,c9a88139-93f8-452e-8765-de0fd53867df,1080p_60hz_q_43,Football@display=center_crop_1080p
2160p_60hz_q_27,1080p_60hz_q_43,e9551a3e-d41f-474d-b2d8-05231d46ff64,2160p_60hz_q_27,Football@display=center_crop_1080p
2160p_60hz_q_27,1080p_60hz_q_43,d467718b-5841-4c1b-b448-1ff4876f3fb8,2160p_60hz_q_27,Football@display=center_crop_1080p
2160p_60hz_q_27,2160p_60hz_q_27,ad001315-5165-4d88-afff-baec601858f0,2160p_60hz_q_39,SeaRock@display=center_crop_1080p
2160p_60hz_q_27,2160p_60hz_q_27,bc6328e9-ac68-4cf5-9c95-116d946da15b,2160p_60hz_q_39,SeaRock@display=center_crop_1080p
2160p_60hz_q_27,2160p_60hz_q_27,12af518c-7153-4f07-a556-0ee231ba34ae,2160p_60hz_q_39,SeaRock@display=center_crop_1080p
2160p_60hz_q_27,2160p_60hz_q_39,757d41cf-5808-4373-a3b1-f7dd94f2ac11,2160p_60hz_q_27,SeaRock@display=center_crop_1080p
2160p_60hz_q_39,2160p_60hz_q_27,defc3237-931e-4a71-bf18-59d6d7c99b4c,2160p_60hz_q_39,SeaRock@display=center_crop_1080p
2160p_60hz_q_27,2160p_60hz_q_39,155e72f9-4498-4614-81f9-d887690e78ad,2160p_60hz_q_27,SeaRock@display=center_crop_1080p
2160p_60hz_q_27,2160p_60hz_q_27,23481d60-7bee-4bd3-be2e-a512a295aebb,2160p_60hz_q_39,SeaRock@display=center_crop_1080p
2160p_60hz_q_39,2160p_60hz_q_27,8af7b70c-7bcb-4870-a401-358e2ab39eab,2160p_60hz_q_39,SeaRock@display=center_crop_1080p
2160p_60hz_q_27,2160p_60hz_q_27,78ad0f22-b5f9-431c-9cf3-561ec8ee9182,2160p_60hz_q_39,SeaRock@display=center_crop_1080p
,2160p_60hz_q_39,78ad0f22-b5f9-431c-9cf3-561ec8ee9182,2160p_60hz_q_27,SeaRock@display=center_crop_1080p
2160p_60hz_q_41,1080p_60hz_q_43,ad001315-5165-4d88-afff-baec601858f0,2160p_60hz_q_41,Monkeys@display=center_crop_1080p
2160p_60hz_q_41,1080p_60hz_q_43,61feaf63-ec43-4944-b1f3-48480c3be1a1,2160p_60hz_q_41,Monkeys@display=center_crop_1080p
2160p_60hz_q_41,1080p_60hz_q_43,f12ef427-eefa-4f1b-b2d1-0a5fa567750a,2160p_60hz_q_41,Monkeys@display=center_crop_1080p
2160p_60hz_q_41,1080p_60hz_q_43,62b97f5e-f60a-46bc-933c-799cade5e19e,2160p_60hz_q_41,Monkeys@display=center_crop_1080p
2160p_60hz_q_41,2160p_60hz_q_41,5399cf88-3d79-48b1-8c17-3cd72da4ced8,1080p_60hz_q_43,Monkeys@display=center_crop_1080p
2160p_60hz_q_41,1080p_60hz_q_43,2efb2ebe-b88e-4181-9d88-e79646ad323c,2160p_60hz_q_41,Monkeys@display=center_crop_1080p
2160p_60hz_q_41,1080p_60hz_q_43,f33fbf32-6eda-406b-84e4-2bf22ec6cf36,2160p_60hz_q_41,Monkeys@display=center_crop_1080p
2160p_60hz_q_41,2160p_60hz_q_41,c4a0e1ad-7984-40d7-8f68-73a82a2a463f,1080p_60hz_q_43,Monkeys@display=center_crop_1080p
2160p_60hz_q_41,2160p_60hz_q_41,b8c183cb-0aaa-46a7-ab53-51da89921b40,1080p_60hz_q_43,Monkeys@display=center_crop_1080p
2160p_60hz_q_41,2160p_60hz_q_41,e2c67206-2707-487f-9bb5-dfaf2e2922f0,1080p_60hz_q_43,Monkeys@display=center_crop_1080p
1080p_60hz_q_31,1080p_60hz_q_31,ad001315-5165-4d88-afff-baec601858f0,1080p_60hz_q_41,SeaRock@display=center_crop_1080p
1080p_60hz_q_31,1080p_60hz_q_31,00d96475-6e03-4ff0-b5e0-afc407da0723,1080p_60hz_q_41,SeaRock@display=center_crop_1080p
1080p_60hz_q_31,1080p_60hz_q_31,a8491a57-9a29-4f83-9024-a9bdd72e0cc8,1080p_60hz_q_41,SeaRock@display=center_crop_1080p
1080p_60hz_q_31,1080p_60hz_q_41,1f673a0c-db45-4f78-9d42-cde1779d5d4e,1080p_60hz_q_31,SeaRock@display=center_crop_1080p
1080p_60hz_q_31,1080p_60hz_q_31,631d5c27-ad66-408c-b36e-9da595aaa740,1080p_60hz_q_41,SeaRock@display=center_crop_1080p
1080p_60hz_q_31,1080p_60hz_q_41,b8c183cb-0aaa-46a7-ab53-51da89921b40,1080p_60hz_q_31,SeaRock@display=center_crop_1080p
1080p_60hz_q_31,1080p_60hz_q_31,5da05509-4f9f-4145-833d-f052c9a2779a,1080p_60hz_q_41,SeaRock@display=center_crop_1080p
1080p_60hz_q_31,1080p_60hz_q_31,d88c101b-11c9-4e8d-9dae-f4e5b67933d1,1080p_60hz_q_41,SeaRock@display=center_crop_1080p
1080p_60hz_q_31,1080p_60hz_q_41,78ad0f22-b5f9-431c-9cf3-561ec8ee9182,1080p_60hz_q_31,SeaRock@display=center_crop_1080p
1080p_60hz_q_31,1080p_60hz_q_41,c35a25f8-73ad-40bf-ac86-c73d08325734,1080p_60hz_q_31,SeaRock@display=center_crop_1080p
1080p_60hz_q_31,1080p_60hz_q_31,ad001315-5165-4d88-afff-baec601858f0,2160p_60hz_q_49,Dinner@display=center_crop_1080p
1080p_60hz_q_31,2160p_60hz_q_49,9f51abaa-a048-44d8-ae58-d57bbdc1ef25,1080p_60hz_q_31,Dinner@display=center_crop_1080p
1080p_60hz_q_31,1080p_60hz_q_31,7142d9c5-0e87-4291-b0c4-fe9768c9bb62,2160p_60hz_q_49,Dinner@display=center_crop_1080p
1080p_60hz_q_31,1080p_60hz_q_31,310b7e44-fc5e-411e-b78f-fc76d806c19e,2160p_60hz_q_49,Dinner@display=center_crop_1080p
1080p_60hz_q_31,2160p_60hz_q_49,3243b530-39c0-4181-88c4-d1402733f44f,1080p_60hz_q_31,Dinner@display=center_crop_1080p
1080p_60hz_q_31,1080p_60hz_q_31,ca304a7b-b10f-4cd3-a40e-3663b1a6fc20,2160p_60hz_q_49,Dinner@display=center_crop_1080p
1080p_60hz_q_31,1080p_60hz_q_31,18b65afe-0318-4e2f-b48f-d243fa07b40c,2160p_60hz_q_49,Dinner@display=center_crop_1080p
1080p_60hz_q_31,2160p_60hz_q_49,32f8d619-a479-42d1-b457-f76b8f164236,1080p_60hz_q_31,Dinner@display=center_crop_1080p
1080p_60hz_q_31,1080p_60hz_q_31,45f7895e-4d5f-4242-b275-48ce60c655bc,2160p_60hz_q_49,Dinner@display=center_crop_1080p
1080p_60hz_q_31,1080p_60hz_q_31,5d7831a1-caca-4669-9e4c-d8c0329ff397,2160p_60hz_q_49,Dinner@display=center_crop_1080p
1080p_60hz_q_31,2160p_60hz_q_39,ad001315-5165-4d88-afff-baec601858f0,1080p_60hz_q_31,SeaRock@display=center_crop_1080p
,2160p_60hz_q_39,f78b4a60-3247-4387-8e81-67393ae77757,1080p_60hz_q_31,SeaRock@display=center_crop_1080p
1080p_60hz_q_31,2160p_60hz_q_39,df3181f3-e23f-460f-b47b-84cc79f0625c,1080p_60hz_q_31,SeaRock@display=center_crop_1080p
1080p_60hz_q_31,2160p_60hz_q_39,5399cf88-3d79-48b1-8c17-3cd72da4ced8,1080p_60hz_q_31,SeaRock@display=center_crop_1080p
,1080p_60hz_q_31,c1406dbe-085d-437e-a0f6-f8cac228648d,2160p_60hz_q_39,SeaRock@display=center_crop_1080p
1080p_60hz_q_31,1080p_60hz_q_31,c1f77f70-98ba-4d35-8fe5-5925140673e2,2160p_60hz_q_39,SeaRock@display=center_crop_1080p
1080p_60hz_q_31,1080p_60hz_q_31,c4a0e1ad-7984-40d7-8f68-73a82a2a463f,2160p_60hz_q_39,SeaRock@display=center_crop_1080p
1080p_60hz_q_31,2160p_60hz_q_39,2ef2ced7-e0c0-4f17-8842-daab631cff22,1080p_60hz_q_31,SeaRock@display=center_crop_1080p
1080p_60hz_q_31,1080p_60hz_q_31,ac060a26-f40f-4682-ab6e-89bc9d9355fb,2160p_60hz_q_39,SeaRock@display=center_crop_1080p
1080p_60hz_q_31,1080p_60hz_q_31,55916d21-4d60-41a9-bbdc-4b5273f1c0a1,2160p_60hz_q_39,SeaRock@display=center_crop_1080p
1080p_60hz_q_33,2160p_60hz_q_51,ad001315-5165-4d88-afff-baec601858f0,1080p_60hz_q_33,Football@display=center_crop_1080p
1080p_60hz_q_33,2160p_60hz_q_51,c4a0e1ad-7984-40d7-8f68-73a82a2a463f,1080p_60hz_q_33,Football@display=center_crop_1080p
1080p_60hz_q_33,1080p_60hz_q_33,61feaf63-ec43-4944-b1f3-48480c3be1a1,2160p_60hz_q_51,Football@display=center_crop_1080p
1080p_60hz_q_33,1080p_60hz_q_33,38ed80b5-0f71-489e-973d-37a39ed3a96c,2160p_60hz_q_51,Football@display=center_crop_1080p
1080p_60hz_q_33,1080p_60hz_q_33,d11f9ccb-7bb2-41ae-beae-fa69cbbfbde7,2160p_60hz_q_51,Football@display=center_crop_1080p
1080p_60hz_q_33,2160p_60hz_q_51,d11f9ccb-7bb2-41ae-beae-fa69cbbfbde7,1080p_60hz_q_33,Football@display=center_crop_1080p
1080p_60hz_q_33,2160p_60hz_q_51,02bdc5dd-6b5a-4f34-b244-61603b6e09ae,1080p_60hz_q_33,Football@display=center_crop_1080p
1080p_60hz_q_33,1080p_60hz_q_33,4731f594-5464-428a-8891-726dceae70cb,2160p_60hz_q_51,Football@display=center_crop_1080p
1080p_60hz_q_33,2160p_60hz_q_51,2307d8e9-642b-4f06-8182-1c953bcbcc79,1080p_60hz_q_33,Football@display=center_crop_1080p
1080p_60hz_q_33,1080p_60hz_q_33,4df1c570-ef1a-4197-ab7f-78f52c6abbdd,2160p_60hz_q_51,Football@display=center_crop_1080p
2160p_60hz_q_29,2160p_60hz_q_29,ad001315-5165-4d88-afff-baec601858f0,1080p_60hz_q_31,HoneyBee@display=center_crop_1080p
2160p_60hz_q_29,2160p_60hz_q_29,eedf411b-6b3f-45af-bfac-983da3c35692,1080p_60hz_q_31,HoneyBee@display=center_crop_1080p
1080p_60hz_q_31,2160p_60hz_q_29,ca1ed559-56c0-4ec2-9a97-ef41e1a1ef4d,1080p_60hz_q_31,HoneyBee@display=center_crop_1080p
2160p_60hz_q_29,1080p_60hz_q_31,de41656b-1f7f-453c-8775-6b21be1e124a,2160p_60hz_q_29,HoneyBee@display=center_crop_1080p
2160p_60hz_q_29,1080p_60hz_q_31,07bb6da7-3bb5-4713-94b5-3cc6da69b587,2160p_60hz_q_29,HoneyBee@display=center_crop_1080p
2160p_60hz_q_29,1080p_60hz_q_31,b7c70b81-275b-4549-ac00-de8dbd201b40,2160p_60hz_q_29,HoneyBee@display=center_crop_1080p
2160p_60hz_q_29,2160p_60hz_q_29,b687d08f-c451-43a4-a016-b7164e40457a,1080p_60hz_q_31,HoneyBee@display=center_crop_1080p
2160p_60hz_q_29,2160p_60hz_q_29,bc64594f-68af-4afd-a02d-423ac80ebb4e,1080p_60hz_q_31,HoneyBee@display=center_crop_1080p
2160p_60hz_q_29,1080p_60hz_q_31,12ef4ddb-107d-42b2-bfa0-b59fa554e40a,2160p_60hz_q_29,HoneyBee@display=center_crop_1080p
2160p_60hz_q_29,2160p_60hz_q_29,cc653c90-c2e7-463e-83b6-1dee35da7534,1080p_60hz_q_31,HoneyBee@display=center_crop_1080p
2160p_60hz_q_27,2160p_60hz_q_33,ad001315-5165-4d88-afff-baec601858f0,2160p_60hz_q_27,Discuss@display=center_crop_1080p
2160p_60hz_q_27,2160p_60hz_q_27,e0ce4996-dc5b-41e3-bc6d-56d591c87119,2160p_60hz_q_33,Discuss@display=center_crop_1080p
,2160p_60hz_q_33,e0ce4996-dc5b-41e3-bc6d-56d591c87119,2160p_60hz_q_27,Discuss@display=center_crop_1080p
,2160p_60hz_q_33,a593750d-9e2c-4127-906a-9c623c034081,2160p_60hz_q_27,Discuss@display=center_crop_1080p
2160p_60hz_q_27,2160p_60hz_q_27,e9d0b79f-5cb6-42b3-ad16-03f671a861e8,2160p_60hz_q_33,Discuss@display=center_crop_1080p
,2160p_60hz_q_33,19b86171-b4f8-49bf-a0e9-17e0ba50a844,2160p_60hz_q_27,Discuss@display=center_crop_1080p
2160p_60hz_q_27,2160p_60hz_q_27,2efb2ebe-b88e-4181-9d88-e79646ad323c,2160p_60hz_q_33,Discuss@display=center_crop_1080p
2160p_60hz_q_27,2160p_60hz_q_33,d0def9ea-d1d8-481e-865e-e7781ca522cf,2160p_60hz_q_27,Discuss@display=center_crop_1080p
2160p_60hz_q_33,2160p_60hz_q_27,13ef788f-6080-4128-9bcf-3f3fe1fcacc0,2160p_60hz_q_33,Discuss@display=center_crop_1080p
2160p_60hz_q_27,2160p_60hz_q_33,7ddeb20b-f4f8-4fb9-a492-b8062afa1e27,2160p_60hz_q_27,Discuss@display=center_crop_1080p
2160p_60hz_q_25,2160p_60hz_q_25,ad001315-5165-4d88-afff-baec601858f0,2160p_60hz_q_33,Dancers@display=center_crop_1080p
2160p_60hz_q_25,2160p_60hz_q_25,38eb67c2-2906-4921-bcd3-74943af82d47,2160p_60hz_q_33,Dancers@display=center_crop_1080p
2160p_60hz_q_25,2160p_60hz_q_25,0e579390-f06d-465e-93d4-187f3887914a,2160p_60hz_q_33,Dancers@display=center_crop_1080p
2160p_60hz_q_25,2160p_60hz_q_33,bcda90fb-3e20-4af9-be88-74ad79194ab6,2160p_60hz_q_25,Dancers@display=center_crop_1080p
2160p_60hz_q_25,2160p_60hz_q_33,3289a60c-e8f2-4bed-b60c-1ed515026b67,2160p_60hz_q_25,Dancers@display=center_crop_1080p
2160p_60hz_q_33,2160p_60hz_q_33,17280dc9-80f2-4649-b2ff-73bb5953c227,2160p_60hz_q_25,Dancers@display=center_crop_1080p
2160p_60hz_q_25,2160p_60hz_q_33,2e5b02d4-0a00-4feb-993b-d3dd3567d028,2160p_60hz_q_25,Dancers@display=center_crop_1080p
2160p_60hz_q_25,2160p_60hz_q_25,654273d8-39da-4132-b299-f4c320d54d3b,2160p_60hz_q_33,Dancers@display=center_crop_1080p
2160p_60hz_q_33,2160p_60hz_q_33,40acb942-4edc-4dea-a078-26987e1de4a3,2160p_60hz_q_25,Dancers@display=center_crop_1080p
2160p_60hz_q_25,2160p_60hz_q_33,1d9d2224-8591-47ef-a7b7-3347f5dbf4f2,2160p_60hz_q_25,Dancers@display=center_crop_1080p
1080p_60hz_q_33,1080p_60hz_q_33,fae05acc-8eb8-426e-94f6-a2acfd916530,2160p_60hz_q_45,Football@display=center_crop_1080p
1080p_60hz_q_33,1080p_60hz_q_33,0b71c40e-fc37-4899-a022-675ff7351368,2160p_60hz_q_45,Football@display=center_crop_1080p
1080p_60hz_q_33,2160p_60hz_q_45,fae05acc-8eb8-426e-94f6-a2acfd916530,1080p_60hz_q_33,Football@display=center_crop_1080p
1080p_60hz_q_33,1080p_60hz_q_33,0b71c40e-fc37-4899-a022-675ff7351368,2160p_60hz_q_45,Football@display=center_crop_1080p
1080p_60hz_q_33,1080p_60hz_q_33,fae05acc-8eb8-426e-94f6-a2acfd916530,2160p_60hz_q_45,Football@display=center_crop_1080p
1080p_60hz_q_33,2160p_60hz_q_45,cd044f9e-7cb5-48e5-a688-e76fa4ed8517,1080p_60hz_q_33,Football@display=center_crop_1080p
1080p_60hz_q_33,1080p_60hz_q_33,fbfd61f4-6813-4623-98f8-85664b3910ae,2160p_60hz_q_45,Football@display=center_crop_1080p
1080p_60hz_q_33,2160p_60hz_q_45,c1f77f70-98ba-4d35-8fe5-5925140673e2,1080p_60hz_q_33,Football@display=center_crop_1080p
1080p_60hz_q_33,2160p_60hz_q_45,4346792c-16c0-4d22-8943-f0aafe672fb0,1080p_60hz_q_33,Football@display=center_crop_1080p
1080p_60hz_q_33,1080p_60hz_q_33,43262614-2245-4ffb-ba5c-e087f9cfe4a3,2160p_60hz_q_45,Football@display=center_crop_1080p
,2160p_60hz_q_45,4346792c-16c0-4d22-8943-f0aafe672fb0,1080p_60hz_q_41,Narrator@display=center_crop_1080p
1080p_60hz_q_41,1080p_60hz_q_41,a593750d-9e2c-4127-906a-9c623c034081,2160p_60hz_q_45,Narrator@display=center_crop_1080p
,1080p_60hz_q_41,38ed80b5-0f71-489e-973d-37a39ed3a96c,2160p_60hz_q_45,Narrator@display=center_crop_1080p
,2160p_60hz_q_45,63886b87-eff3-460e-b828-c9b1a172a21c,1080p_60hz_q_41,Narrator@display=center_crop_1080p
2160p_60hz_q_45,2160p_60hz_q_45,920ae656-f821-4eb5-a087-1c0799062c8b,1080p_60hz_q_41,Narrator@display=center_crop_1080p
2160p_60hz_q_45,1080p_60hz_q_41,1879c35a-85bd-4033-aa8d-f1c79ce51a7f,2160p_60hz_q_45,Narrator@display=center_crop_1080p
1080p_60hz_q_41,1080p_60hz_q_41,b8c183cb-0aaa-46a7-ab53-51da89921b40,2160p_60hz_q_45,Narrator@display=center_crop_1080p
2160p_60hz_q_45,2160p_60hz_q_45,d4f74e62-520b-489d-af5c-051c4d744c55,1080p_60hz_q_41,Narrator@display=center_crop_1080p
,2160p_60hz_q_45,78ad0f22-b5f9-431c-9cf3-561ec8ee9182,1080p_60hz_q_41,Narrator@display=center_crop_1080p
,1080p_60hz_q_41,78ad0f22-b5f9-431c-9cf3-561ec8ee9182,2160p_60hz_q_45,Narrator@display=center_crop_1080p
1080p_60hz_q_31,1080p_60hz_q_31,4346792c-16c0-4d22-8943-f0aafe672fb0,2160p_60hz_q_51,SeaRock@display=center_crop_1080p
1080p_60hz_q_31,1080p_60hz_q_31,f1142396-4ec7-4601-b113-7f53e64f27d0,2160p_60hz_q_51,SeaRock@display=center_crop_1080p
1080p_60hz_q_31,2160p_60hz_q_51,2e79787c-c952-4312-b557-3d8eaa1a03d9,1080p_60hz_q_31,SeaRock@display=center_crop_1080p
1080p_60hz_q_31,1080p_60hz_q_31,cf2843f8-d897-4e6f-892f-3e8e414080c4,2160p_60hz_q_51,SeaRock@display=center_crop_1080p
1080p_60hz_q_31,2160p_60hz_q_51,532f40a1-621c-494b-8e10-a8cb0668755d,1080p_60hz_q_31,SeaRock@display=center_crop_1080p
1080p_60hz_q_31,2160p_60hz_q_51,1a451c03-6caa-4ba8-8207-bfdff094790a,1080p_60hz_q_31,SeaRock@display=center_crop_1080p
1080p_60hz_q_31,1080p_60hz_q_31,2307d8e9-642b-4f06-8182-1c953bcbcc79,2160p_60hz_q_51,SeaRock@display=center_crop_1080p
1080p_60hz_q_31,1080p_60hz_q_31,234f2863-9dc3-4857-bbf9-144b0e1a86f4,2160p_60hz_q_51,SeaRock@display=center_crop_1080p
1080p_60hz_q_31,2160p_60hz_q_51,e4791982-1c0b-4b9d-96dd-f685a61a40b7,1080p_60hz_q_31,SeaRock@display=center_crop_1080p
1080p_60hz_q_31,1080p_60hz_q_31,c35a25f8-73ad-40bf-ac86-c73d08325734,2160p_60hz_q_51,SeaRock@display=center_crop_1080p
1080p_60hz_q_35,1080p_60hz_q_35,4346792c-16c0-4d22-8943-f0aafe672fb0,2160p_60hz_q_45,Yacht@display=center_crop_1080p
1080p_60hz_q_35,1080p_60hz_q_35,232508cc-8372-4d0c-bbe0-9a174d6a0c6a,2160p_60hz_q_45,Yacht@display=center_crop_1080p
,1080p_60hz_q_35,0ffef109-60c6-4ceb-ac56-654ec208a83f,2160p_60hz_q_45,Yacht@display=center_crop_1080p
1080p_60hz_q_35,2160p_60hz_q_45,5d7831a1-caca-4669-9e4c-d8c0329ff397,1080p_60hz_q_35,Yacht@display=center_crop_1080p
1080p_60hz_q_35,2160p_60hz_q_45,7ddeb20b-f4f8-4fb9-a492-b8062afa1e27,1080p_60hz_q_35,Yacht@display=center_crop_1080p
1080p_60hz_q_35,1080p_60hz_q_35,a593750d-9e2c-4127-906a-9c623c034081,2160p_60hz_q_45,Yacht@display=center_crop_1080p
1080p_60hz_q_35,1080p_60hz_q_35,e588b351-3f75-4040-858b-1286d607e866,2160p_60hz_q_45,Yacht@display=center_crop_1080p
1080p_60hz_q_35,1080p_60hz_q_35,3b093b24-8dee-407c-adc3-23e77227e35b,2160p_60hz_q_45,Yacht@display=center_crop_1080p
1080p_60hz_q_35,1080p_60hz_q_35,2efb2ebe-b88e-4181-9d88-e79646ad323c,2160p_60hz_q_45,Yacht@display=center_crop_1080p
1080p_60hz_q_35,2160p_60hz_q_45,67d83dd0-c702-4742-bc13-028ca244d5fb,1080p_60hz_q_35,Yacht@display=center_crop_1080p
2160p_60hz_q_33,1080p_60hz_q_39,4346792c-16c0-4d22-8943-f0aafe672fb0,2160p_60hz_q_33,Dancers@display=center_crop_1080p
2160p_60hz_q_33,2160p_60hz_q_33,14da32d8-0023-44b9-bb95-51f1fad516e6,1080p_60hz_q_39,Dancers@display=center_crop_1080p
2160p_60hz_q_33,2160p_60hz_q_33,0342ff17-6f9e-48d6-8a90-91636dce509f,1080p_60hz_q_39,Dancers@display=center_crop_1080p
2160p_60hz_q_33,1080p_60hz_q_39,3983543e-c80b-40e4-bd96-0bc96de4c562,2160p_60hz_q_33,Dancers@display=center_crop_1080p
2160p_60hz_q_33,2160p_60hz_q_33,d2f8b16b-4b0b-4f2d-abf6-678cad1848f7,1080p_60hz_q_39,Dancers@display=center_crop_1080p
2160p_60hz_q_33,1080p_60hz_q_39,c1f77f70-98ba-4d35-8fe5-5925140673e2,2160p_60hz_q_33,Dancers@display=center_crop_1080p
2160p_60hz_q_33,2160p_60hz_q_33,b534d02f-8944-4adf-bd53-e57ce627a786,1080p_60hz_q_39,Dancers@display=center_crop_1080p
2160p_60hz_q_33,1080p_60hz_q_39,1a4b7399-7fcd-4ddf-bb63-5a7e1ecc9174,2160p_60hz_q_33,Dancers@display=center_crop_1080p
2160p_60hz_q_33,1080p_60hz_q_39,5fdf86ad-9d4e-4634-a044-29b78873c1a5,2160p_60hz_q_33,Dancers@display=center_crop_1080p
2160p_60hz_q_33,2160p_60hz_q_33,e4791982-1c0b-4b9d-96dd-f685a61a40b7,1080p_60hz_q_39,Dancers@display=center_crop_1080p
1080p_60hz_q_27,1080p_60hz_q_41,4346792c-16c0-4d22-8943-f0aafe672fb0,1080p_60hz_q_27,Ready@display=center_crop_1080p
1080p_60hz_q_27,1080p_60hz_q_27,930a439c-60aa-4244-a3c8-50a01c5107ab,1080p_60hz_q_41,Ready@display=center_crop_1080p
1080p_60hz_q_27,1080p_60hz_q_41,d910e078-d366-48f9-80a5-0723efa4eb4b,1080p_60hz_q_27,Ready@display=center_crop_1080p
1080p_60hz_q_27,1080p_60hz_q_27,765454bf-56a0-46e6-8d8c-bc870137fb21,1080p_60hz_q_41,Ready@display=center_crop_1080p
1080p_60hz_q_27,1080p_60hz_q_41,e588b351-3f75-4040-858b-1286d607e866,1080p_60hz_q_27,Ready@display=center_crop_1080p
1080p_60hz_q_27,1080p_60hz_q_41,9d57cbc2-ab27-45bd-a59c-6bf0db043d78,1080p_60hz_q_27,Ready@display=center_crop_1080p
1080p_60hz_q_27,1080p_60hz_q_41,27abb805-a7c5-4e2e-b455-f76a6a91906b,1080p_60hz_q_27,Ready@display=center_crop_1080p
1080p_60hz_q_27,1080p_60hz_q_41,2ef2ced7-e0c0-4f17-8842-daab631cff22,1080p_60hz_q_27,Ready@display=center_crop_1080p
1080p_60hz_q_27,1080p_60hz_q_41,1fe98c14-e7fb-4352-b0be-e531236faf61,1080p_60hz_q_27,Ready@display=center_crop_1080p
1080p_60hz_q_27,1080p_60hz_q_41,966299a2-a7bd-4029-a06f-4054980e3c4f,1080p_60hz_q_27,Ready@display=center_crop_1080p
2160p_60hz_q_37,2160p_60hz_q_37,4346792c-16c0-4d22-8943-f0aafe672fb0,1080p_60hz_q_37,Ritual@display=center_crop_1080p
2160p_60hz_q_37,1080p_60hz_q_37,43262614-2245-4ffb-ba5c-e087f9cfe4a3,2160p_60hz_q_37,Ritual@display=center_crop_1080p
2160p_60hz_q_37,1080p_60hz_q_37,38eb67c2-2906-4921-bcd3-74943af82d47,2160p_60hz_q_37,Ritual@display=center_crop_1080p
2160p_60hz_q_37,1080p_60hz_q_37,e14d6669-467f-41ea-9347-18173aa10ac3,2160p_60hz_q_37,Ritual@display=center_crop_1080p
2160p_60hz_q_37,2160p_60hz_q_37,2bd94a3e-72b0-4010-9e82-d5d934a3ab57,1080p_60hz_q_37,Ritual@display=center_crop_1080p
,2160p_60hz_q_37,98c79528-25d0-4621-8eb2-562c49004f90,1080p_60hz_q_37,Ritual@display=center_crop_1080p
1080p_60hz_q_37,2160p_60hz_q_37,6fd8c7e3-92ad-4ae9-8d4b-6c10db61c856,1080p_60hz_q_37,Ritual@display=center_crop_1080p
2160p_60hz_q_37,1080p_60hz_q_37,b080efca-4a2b-456b-8b97-fa7150fa2f8d,2160p_60hz_q_37,Ritual@display=center_crop_1080p
2160p_60hz_q_37,2160p_60hz_q_37,c9a88139-93f8-452e-8765-de0fd53867df,1080p_60hz_q_37,Ritual@display=center_crop_1080p
2160p_60hz_q_37,2160p_60hz_q_37,98c55785-858a-4f32-8749-ac355e17dc91,1080p_60hz_q_37,Ritual@display=center_crop_1080p
1080p_60hz_q_25,1080p_60hz_q_25,4346792c-16c0-4d22-8943-f0aafe672fb0,2160p_60hz_q_33,Dinner@display=center_crop_1080p
1080p_60hz_q_25,2160p_60hz_q_33,0e579390-f06d-465e-93d4-187f3887914a,1080p_60hz_q_25,Dinner@display=center_crop_1080p
1080p_60hz_q_25,1080p_60hz_q_25,a593750d-9e2c-4127-906a-9c623c034081,2160p_60hz_q_33,Dinner@display=center_crop_1080p
,2160p_60hz_q_33,757d41cf-5808-4373-a3b1-f7dd94f2ac11,1080p_60hz_q_25,Dinner@display=center_crop_1080p
,2160p_60hz_q_33,1be63c96-99ea-42cd-9317-f035ce5c85a9,1080p_60hz_q_25,Dinner@display=center_crop_1080p
1080p_60hz_q_25,1080p_60hz_q_25,9832020d-32c9-4b00-b7da-f708d715fc06,2160p_60hz_q_33,Dinner@display=center_crop_1080p
1080p_60hz_q_25,1080p_60hz_q_25,edc9c4be-870a-4682-bc68-79c60e58efe1,2160p_60hz_q_33,Dinner@display=center_crop_1080p
2160p_60hz_q_33,1080p_60hz_q_25,e2c67206-2707-487f-9bb5-dfaf2e2922f0,2160p_60hz_q_33,Dinner@display=center_crop_1080p
1080p_60hz_q_25,2160p_60hz_q_33,b080efca-4a2b-456b-8b97-fa7150fa2f8d,1080p_60hz_q_25,Dinner@display=center_crop_1080p
1080p_60hz_q_25,1080p_60hz_q_25,da2c9fd7-50ab-458a-a922-f54ef3dbc3b2,2160p_60hz_q_33,Dinner@display=center_crop_1080p
2160p_60hz_q_35,2160p_60hz_q_51,4346792c-16c0-4d22-8943-f0aafe672fb0,2160p_60hz_q_35,Monkeys@display=center_crop_1080p
2160p_60hz_q_35,2160p_60hz_q_35,8d9dae56-b7ed-4a87-9560-f24092471144,2160p_60hz_q_51,Monkeys@display=center_crop_1080p
2160p_60hz_q_35,2160p_60hz_q_51,8503e28a-947a-459c-a673-7beb97834ba5,2160p_60hz_q_35,Monkeys@display=center_crop_1080p
2160p_60hz_q_35,2160p_60hz_q_35,412dd5fb-427b-426d-9284-e8f9331100cb,2160p_60hz_q_51,Monkeys@display=center_crop_1080p
2160p_60hz_q_35,2160p_60hz_q_51,cf2843f8-d897-4e6f-892f-3e8e414080c4,2160p_60hz_q_35,Monkeys@display=center_crop_1080p
2160p_60hz_q_35,2160p_60hz_q_35,d2f8b16b-4b0b-4f2d-abf6-678cad1848f7,2160p_60hz_q_51,Monkeys@display=center_crop_1080p
2160p_60hz_q_35,2160p_60hz_q_35,27abb805-a7c5-4e2e-b455-f76a6a91906b,2160p_60hz_q_51,Monkeys@display=center_crop_1080p
2160p_60hz_q_35,2160p_60hz_q_51,9d9a8f21-682d-4940-bb3e-77802c7e41fe,2160p_60hz_q_35,Monkeys@display=center_crop_1080p
2160p_60hz_q_35,2160p_60hz_q_51,b15043b9-76db-434f-a66f-5267875bfa9d,2160p_60hz_q_35,Monkeys@display=center_crop_1080p
2160p_60hz_q_35,2160p_60hz_q_35,37fe0e5a-6482-4791-a6ee-6d277ad53a8e,2160p_60hz_q_51,Monkeys@display=center_crop_1080p
2160p_60hz_q_37,2160p_60hz_q_37,baff962a-861f-470e-b1f5-deb3cc28475d,2160p_60hz_q_47,Jockey@display=center_crop_1080p
2160p_60hz_q_37,2160p_60hz_q_47,fcf36c35-1d49-4f05-a0d2-3f573be84282,2160p_60hz_q_37,Jockey@display=center_crop_1080p
2160p_60hz_q_37,2160p_60hz_q_37,fbfd61f4-6813-4623-98f8-85664b3910ae,2160p_60hz_q_47,Jockey@display=center_crop_1080p
2160p_60hz_q_37,2160p_60hz_q_47,0b011a81-3784-4c06-a335-fb62580cde04,2160p_60hz_q_37,Jockey@display=center_crop_1080p
2160p_60hz_q_37,2160p_60hz_q_47,beec74c3-b6a6-4e5b-b5dc-ece5e72efd35,2160p_60hz_q_37,Jockey@display=center_crop_1080p
2160p_60hz_q_37,2160p_60hz_q_37,63886b87-eff3-460e-b828-c9b1a172a21c,2160p_60hz_q_47,Jockey@display=center_crop_1080p
2160p_60hz_q_37,2160p_60hz_q_47,4346792c-16c0-4d22-8943-f0aafe672fb0,2160p_60hz_q_37,Jockey@display=center_crop_1080p
2160p_60hz_q_37,2160p_60hz_q_37,7fa32d26-7bca-4bd0-8d73-03341d624eca,2160p_60hz_q_47,Jockey@display=center_crop_1080p
2160p_60hz_q_37,2160p_60hz_q_37,b8264831-a348-4b5b-bd9d-32b0d6d71474,2160p_60hz_q_47,Jockey@display=center_crop_1080p
2160p_60hz_q_37,2160p_60hz_q_47,8f93cd33-b4c5-4e6c-9337-89d455cb7fbe,2160p_60hz_q_37,Jockey@display=center_crop_1080p
,1080p_60hz_q_43,4346792c-16c0-4d22-8943-f0aafe672fb0,2160p_60hz_q_51,Toddler@display=center_crop_1080p
,2160p_60hz_q_51,e4788de6-8072-4c62-85b2-19c518bccccc,1080p_60hz_q_43,Toddler@display=center_crop_1080p
1080p_60hz_q_43,2160p_60hz_q_51,765454bf-56a0-46e6-8d8c-bc870137fb21,1080p_60hz_q_43,Toddler@display=center_crop_1080p
,2160p_60hz_q_51,9f51abaa-a048-44d8-ae58-d57bbdc1ef25,1080p_60hz_q_43,Toddler@display=center_crop_1080p
1080p_60hz_q_43,1080p_60hz_q_43,848417ce-54e9-4f48-a77b-40f1cc056f40,2160p_60hz_q_51,Toddler@display=center_crop_1080p
1080p_60hz_q_43,1080p_60hz_q_43,f8a8894e-7e85-4d2a-8eb5-ed2fc77bcff4,2160p_60hz_q_51,Toddler@display=center_crop_1080p
,2160p_60hz_q_51,c42c6f3e-4b34-4438-9461-dfc16820e17b,1080p_60hz_q_43,Toddler@display=center_crop_1080p
,2160p_60hz_q_51,fbfd61f4-6813-4623-98f8-85664b3910ae,1080p_60hz_q_43,Toddler@display=center_crop_1080p
1080p_60hz_q_43,2160p_60hz_q_51,af582b31-de6f-45b4-b3d3-ec513c6500eb,1080p_60hz_q_43,Toddler@display=center_crop_1080p
,2160p_60hz_q_51,45d734a8-ca71-42f6-abde-ef570e3b4cf1,1080p_60hz_q_43,Toddler@display=center_crop_1080p
2160p_60hz_q_27,2160p_60hz_q_27,34527965-1372-4e85-a924-f544c30404d5,2160p_60hz_q_37,Discuss@display=center_crop_1080p
2160p_60hz_q_27,2160p_60hz_q_37,f78b4a60-3247-4387-8e81-67393ae77757,2160p_60hz_q_27,Discuss@display=center_crop_1080p
2160p_60hz_q_27,2160p_60hz_q_37,c1406dbe-085d-437e-a0f6-f8cac228648d,2160p_60hz_q_27,Discuss@display=center_crop_1080p
2160p_60hz_q_27,2160p_60hz_q_27,20807434-c623-4bef-ac7a-40d37608cef6,2160p_60hz_q_37,Discuss@display=center_crop_1080p
2160p_60hz_q_27,2160p_60hz_q_37,4da7f46c-169e-4ee4-9443-4a99be1607d7,2160p_60hz_q_27,Discuss@display=center_crop_1080p
,2160p_60hz_q_27,11251697-444d-49c2-923c-4f4d98f84fd5,2160p_60hz_q_37,Discuss@display=center_crop_1080p
2160p_60hz_q_27,2160p_60hz_q_37,302e1287-9f66-4b60-9274-85716ad811e5,2160p_60hz_q_27,Discuss@display=center_crop_1080p
2160p_60hz_q_27,2160p_60hz_q_37,488ada9d-9342-4a06-8d36-d589067fe942,2160p_60hz_q_27,Discuss@display=center_crop_1080p
2160p_60hz_q_27,2160p_60hz_q_27,910116ae-0cae-4d75-9849-3bb4bd52d328,2160p_60hz_q_37,Discuss@display=center_crop_1080p
2160p_60hz_q_27,2160p_60hz_q_37,4da7f46c-169e-4ee4-9443-4a99be1607d7,2160p_60hz_q_27,Discuss@display=center_crop_1080p
,1080p_60hz_q_27,4346792c-16c0-4d22-8943-f0aafe672fb0,1080p_60hz_q_23,HoneyBee@display=center_crop_1080p
,1080p_60hz_q_27,d910e078-d366-48f9-80a5-0723efa4eb4b,1080p_60hz_q_23,HoneyBee@display=center_crop_1080p
1080p_60hz_q_23,1080p_60hz_q_23,765454bf-56a0-46e6-8d8c-bc870137fb21,1080p_60hz_q_27,HoneyBee@display=center_crop_1080p
1080p_60hz_q_23,1080p_60hz_q_27,c1406dbe-085d-437e-a0f6-f8cac228648d,1080p_60hz_q_23,HoneyBee@display=center_crop_1080p
1080p_60hz_q_23,1080p_60hz_q_23,d2f8b16b-4b0b-4f2d-abf6-678cad1848f7,1080p_60hz_q_27,HoneyBee@display=center_crop_1080p
,1080p_60hz_q_27,1be63c96-99ea-42cd-9317-f035ce5c85a9,1080p_60hz_q_23,HoneyBee@display=center_crop_1080p
1080p_60hz_q_23,1080p_60hz_q_27,2e5b02d4-0a00-4feb-993b-d3dd3567d028,1080p_60hz_q_23,HoneyBee@display=center_crop_1080p
,1080p_60hz_q_27,0ffef109-60c6-4ceb-ac56-654ec208a83f,1080p_60hz_q_23,HoneyBee@display=center_crop_1080p
,1080p_60hz_q_23,46c72348-a4f5-45a1-aca1-ed0547c43708,1080p_60hz_q_27,HoneyBee@display=center_crop_1080p
,1080p_60hz_q_23,337071eb-82e7-440f-93a9-60e3f4e874d3,1080p_60hz_q_27,HoneyBee@display=center_crop_1080p
,2160p_60hz_q_35,4346792c-16c0-4d22-8943-f0aafe672fb0,1080p_60hz_q_25,Beauty@display=center_crop_1080p
,1080p_60hz_q_25,89a1c554-1ca4-4287-a0c9-314fe9b8197e,2160p_60hz_q_35,Beauty@display=center_crop_1080p
,1080p_60hz_q_25,eab9779d-4083-4225-8473-fc8798ebb47e,2160p_60hz_q_35,Beauty@display=center_crop_1080p
1080p_60hz_q_25,2160p_60hz_q_35,84a9bb8b-5b89-4196-aad3-5ec58814e164,1080p_60hz_q_25,Beauty@display=center_crop_1080p
2160p_60hz_q_35,2160p_60hz_q_35,9b110929-8562-4dea-aa03-dea569d7160a,1080p_60hz_q_25,Beauty@display=center_crop_1080p
1080p_60hz_q_25,1080p_60hz_q_25,fe9ba464-25aa-4a37-8a07-769dc55e4626,2160p_60hz_q_35,Beauty@display=center_crop_1080p
2160p_60hz_q_35,1080p_60hz_q_25,4e09a9b9-6b2b-4400-80d9-80562371bcb7,2160p_60hz_q_35,Beauty@display=center_crop_1080p
,1080p_60hz_q_25,df3181f3-e23f-460f-b47b-84cc79f0625c,2160p_60hz_q_35,Beauty@display=center_crop_1080p
1080p_60hz_q_25,2160p_60hz_q_35,1255512e-c359-4479-9837-296bf75c44f8,1080p_60hz_q_25,Beauty@display=center_crop_1080p
1080p_60hz_q_25,1080p_60hz_q_25,966299a2-a7bd-4029-a06f-4054980e3c4f,2160p_60hz_q_35,Beauty@display=center_crop_1080p
2160p_60hz_q_33,2160p_60hz_q_49,50fb4a76-371b-4a31-aca5-d984ee1d3d44,2160p_60hz_q_33,Dinner@display=center_crop_1080p
2160p_60hz_q_33,2160p_60hz_q_49,b5975696-d633-4dcb-aee4-f089dc00b163,2160p_60hz_q_33,Dinner@display=center_crop_1080p
2160p_60hz_q_33,2160p_60hz_q_33,654273d8-39da-4132-b299-f4c320d54d3b,2160p_60hz_q_49,Dinner@display=center_crop_1080p
2160p_60hz_q_33,2160p_60hz_q_33,f96ffcdd-22c6-49b7-bd2d-73e698539f79,2160p_60hz_q_49,Dinner@display=center_crop_1080p
2160p_60hz_q_33,2160p_60hz_q_49,13ef788f-6080-4128-9bcf-3f3fe1fcacc0,2160p_60hz_q_33,Dinner@display=center_crop_1080p
2160p_60hz_q_33,2160p_60hz_q_33,1f673a0c-db45-4f78-9d42-cde1779d5d4e,2160p_60hz_q_49,Dinner@display=center_crop_1080p
2160p_60hz_q_33,2160p_60hz_q_33,12af518c-7153-4f07-a556-0ee231ba34ae,2160p_60hz_q_49,Dinner@display=center_crop_1080p
2160p_60hz_q_49,2160p_60hz_q_49,c1f77f70-98ba-4d35-8fe5-5925140673e2,2160p_60hz_q_33,Dinner@display=center_crop_1080p
2160p_60hz_q_33,2160p_60hz_q_49,e4788de6-8072-4c62-85b2-19c518bccccc,2160p_60hz_q_33,Dinner@display=center_crop_1080p
2160p_60hz_q_33,2160p_60hz_q_33,50fb4a76-371b-4a31-aca5-d984ee1d3d44,2160p_60hz_q_49,Dinner@display=center_crop_1080p
2160p_60hz_q_37,2160p_60hz_q_37,50fb4a76-371b-4a31-aca5-d984ee1d3d44,2160p_60hz_q_45,Ritual@display=center_crop_1080p
2160p_60hz_q_37,2160p_60hz_q_45,37f4d149-b1ab-400b-b3f6-3801e7acc02d,2160p_60hz_q_37,Ritual@display=center_crop_1080p
2160p_60hz_q_37,2160p_60hz_q_37,d910e078-d366-48f9-80a5-0723efa4eb4b,2160p_60hz_q_45,Ritual@display=center_crop_1080p
2160p_60hz_q_37,2160p_60hz_q_37,62b97f5e-f60a-46bc-933c-799cade5e19e,2160p_60hz_q_45,Ritual@display=center_crop_1080p
2160p_60hz_q_37,2160p_60hz_q_45,5521ff94-7e87-4bd3-a91f-fe3c18491c86,2160p_60hz_q_37,Ritual@display=center_crop_1080p
2160p_60hz_q_37,2160p_60hz_q_37,5289ab4b-344d-487f-ac39-320de560806e,2160p_60hz_q_45,Ritual@display=center_crop_1080p
2160p_60hz_q_37,2160p_60hz_q_45,e972bffc-ae23-4562-ac73-419f130e0062,2160p_60hz_q_37,Ritual@display=center_crop_1080p
2160p_60hz_q_37,2160p_60hz_q_45,155e72f9-4498-4614-81f9-d887690e78ad,2160p_60hz_q_37,Ritual@display=center_crop_1080p
2160p_60hz_q_37,2160p_60hz_q_37,4df1c570-ef1a-4197-ab7f-78f52c6abbdd,2160p_60hz_q_45,Ritual@display=center_crop_1080p
2160p_60hz_q_37,2160p_60hz_q_37,e2c67206-2707-487f-9bb5-dfaf2e2922f0,2160p_60hz_q_45,Ritual@display=center_crop_1080p
2160p_60hz_q_45,2160p_60hz_q_51,50fb4a76-371b-4a31-aca5-d984ee1d3d44,2160p_60hz_q_45,SeaRock@display=center_crop_1080p
2160p_60hz_q_51,2160p_60hz_q_51,5b32a3b4-03ed-4323-90b4-de0bff193bd8,2160p_60hz_q_45,SeaRock@display=center_crop_1080p
2160p_60hz_q_45,2160p_60hz_q_51,beec74c3-b6a6-4e5b-b5dc-ece5e72efd35,2160p_60hz_q_45,SeaRock@display=center_crop_1080p
2160p_60hz_q_45,2160p_60hz_q_51,654273d8-39da-4132-b299-f4c320d54d3b,2160p_60hz_q_45,SeaRock@display=center_crop_1080p
2160p_60hz_q_45,2160p_60hz_q_51,f96ffcdd-22c6-49b7-bd2d-73e698539f79,2160p_60hz_q_45,SeaRock@display=center_crop_1080p
2160p_60hz_q_45,2160p_60hz_q_51,b071fb5e-233d-4a69-873f-08407b51b05c,2160p_60hz_q_45,SeaRock@display=center_crop_1080p
2160p_60hz_q_45,2160p_60hz_q_51,232508cc-8372-4d0c-bbe0-9a174d6a0c6a,2160p_60hz_q_45,SeaRock@display=center_crop_1080p
2160p_60hz_q_45,2160p_60hz_q_51,45d734a8-ca71-42f6-abde-ef570e3b4cf1,2160p_60hz_q_45,SeaRock@display=center_crop_1080p
2160p_60hz_q_45,2160p_60hz_q_45,e9551a3e-d41f-474d-b2d8-05231d46ff64,2160p_60hz_q_51,SeaRock@display=center_crop_1080p
2160p_60hz_q_45,2160p_60hz_q_51,d467718b-5841-4c1b-b448-1ff4876f3fb8,2160p_60hz_q_45,SeaRock@display=center_crop_1080p
2160p_60hz_q_39,2160p_60hz_q_39,50fb4a76-371b-4a31-aca5-d984ee1d3d44,1080p_60hz_q_37,SeaRock@display=center_crop_1080p
2160p_60hz_q_39,1080p_60hz_q_37,f78b4a60-3247-4387-8e81-67393ae77757,2160p_60hz_q_39,SeaRock@display=center_crop_1080p
,1080p_60hz_q_37,46aabf20-8386-4462-a685-7bdf025cd375,2160p_60hz_q_39,SeaRock@display=center_crop_1080p
2160p_60hz_q_39,2160p_60hz_q_39,9b110929-8562-4dea-aa03-dea569d7160a,1080p_60hz_q_37,SeaRock@display=center_crop_1080p
2160p_60hz_q_39,1080p_60hz_q_37,30e8a8c4-2328-440a-b55d-d5378c63abce,2160p_60hz_q_39,SeaRock@display=center_crop_1080p
2160p_60hz_q_39,2160p_60hz_q_39,0ea37ed8-df3d-4bd2-9c04-dc44aa006a9e,1080p_60hz_q_37,SeaRock@display=center_crop_1080p
2160p_60hz_q_39,1080p_60hz_q_37,4e09a9b9-6b2b-4400-80d9-80562371bcb7,2160p_60hz_q_39,SeaRock@display=center_crop_1080p
2160p_60hz_q_39,2160p_60hz_q_39,e7ac105b-703b-4de4-9812-9d319b7f1f75,1080p_60hz_q_37,SeaRock@display=center_crop_1080p
2160p_60hz_q_39,1080p_60hz_q_37,523ea5e5-4fd4-40e9-9c8e-8d615f1f5f82,2160p_60hz_q_39,SeaRock@display=center_crop_1080p
1080p_60hz_q_37,1080p_60hz_q_37,23fa0894-e067-4bdf-98ff-55ade0a43235,2160p_60hz_q_39,SeaRock@display=center_crop_1080p
2160p_60hz_q_45,2160p_60hz_q_49,50fb4a76-371b-4a31-aca5-d984ee1d3d44,2160p_60hz_q_45,Dancers@display=center_crop_1080p
2160p_60hz_q_45,2160p_60hz_q_49,765454bf-56a0-46e6-8d8c-bc870137fb21,2160p_60hz_q_45,Dancers@display=center_crop_1080p
2160p_60hz_q_45,2160p_60hz_q_45,3f875a9c-3a5b-49b9-8c04-e56a4bb7d9ec,2160p_60hz_q_49,Dancers@display=center_crop_1080p
,2160p_60hz_q_45,82a236b2-18c8-4d54-a0b5-f88094d10601,2160p_60hz_q_49,Dancers@display=center_crop_1080p
2160p_60hz_q_45,2160p_60hz_q_45,d6ba2aff-cecb-46aa-8325-57f11ca3b9df,2160p_60hz_q_49,Dancers@display=center_crop_1080p
,2160p_60hz_q_49,4a35f560-042e-4d5b-b103-c56fd5d326a8,2160p_60hz_q_45,Dancers@display=center_crop_1080p
2160p_60hz_q_45,2160p_60hz_q_45,bf850da6-7c90-4bad-9ba2-ea60aad4339c,2160p_60hz_q_49,Dancers@display=center_crop_1080p
2160p_60hz_q_45,2160p_60hz_q_45,4df1c570-ef1a-4197-ab7f-78f52c6abbdd,2160p_60hz_q_49,Dancers@display=center_crop_1080p
2160p_60hz_q_49,2160p_60hz_q_49,5da05509-4f9f-4145-833d-f052c9a2779a,2160p_60hz_q_45,Dancers@display=center_crop_1080p
,2160p_60hz_q_49,d88c101b-11c9-4e8d-9dae-f4e5b67933d1,2160p_60hz_q_45,Dancers@display=center_crop_1080p
2160p_60hz_q_33,2160p_60hz_q_41,50fb4a76-371b-4a31-aca5-d984ee1d3d44,2160p_60hz_q_33,Dinner@display=center_crop_1080p
2160p_60hz_q_33,2160p_60hz_q_33,43262614-2245-4ffb-ba5c-e087f9cfe4a3,2160p_60hz_q_41,Dinner@display=center_crop_1080p
2160p_60hz_q_33,2160p_60hz_q_41,e14d6669-467f-41ea-9347-18173aa10ac3,2160p_60hz_q_33,Dinner@display=center_crop_1080p
2160p_60hz_q_33,2160p_60hz_q_41,5b32a3b4-03ed-4323-90b4-de0bff193bd8,2160p_60hz_q_33,Dinner@display=center_crop_1080p
2160p_60hz_q_33,2160p_60hz_q_33,8a4b3ba0-ce40-46d3-b44a-431055c4d035,2160p_60hz_q_41,Dinner@display=center_crop_1080p
2160p_60hz_q_33,2160p_60hz_q_41,7964e590-7127-4f9b-96c6-f13637d38713,2160p_60hz_q_33,Dinner@display=center_crop_1080p
2160p_60hz_q_33,2160p_60hz_q_41,b5797c5f-6b3b-4b7f-9b23-5bea5b3eb229,2160p_60hz_q_33,Dinner@display=center_crop_1080p
2160p_60hz_q_33,2160p_60hz_q_33,b8264831-a348-4b5b-bd9d-32b0d6d71474,2160p_60hz_q_41,Dinner@display=center_crop_1080p
2160p_60hz_q_33,2160p_60hz_q_41,1fe98c14-e7fb-4352-b0be-e531236faf61,2160p_60hz_q_33,Dinner@display=center_crop_1080p
2160p_60hz_q_33,2160p_60hz_q_41,e0a72c3a-15b0-43a1-9aa0-00e27e8bcc4f,2160p_60hz_q_33,Dinner@display=center_crop_1080p
2160p_60hz_q_39,2160p_60hz_q_39,50fb4a76-371b-4a31-aca5-d984ee1d3d44,2160p_60hz_q_45,Narrator@display=center_crop_1080p
2160p_60hz_q_39,2160p_60hz_q_45,50fb4a76-371b-4a31-aca5-d984ee1d3d44,2160p_60hz_q_39,Narrator@display=center_crop_1080p
2160p_60hz_q_39,2160p_60hz_q_45,eedf411b-6b3f-45af-bfac-983da3c35692,2160p_60hz_q_39,Narrator@display=center_crop_1080p
2160p_60hz_q_39,2160p_60hz_q_45,26bdef07-111d-4497-95d2-1c34e0c6879f,2160p_60hz_q_39,Narrator@display=center_crop_1080p
2160p_60hz_q_39,2160p_60hz_q_45,cb7ef030-32e8-43e5-ab92-83ef3ebe1440,2160p_60hz_q_39,Narrator@display=center_crop_1080p
2160p_60hz_q_45,2160p_60hz_q_45,b5797c5f-6b3b-4b7f-9b23-5bea5b3eb229,2160p_60hz_q_39,Narrator@display=center_crop_1080p
2160p_60hz_q_39,2160p_60hz_q_45,5989e0f3-b0a9-47d7-b12a-46b2ba1b1502,2160p_60hz_q_39,Narrator@display=center_crop_1080p
2160p_60hz_q_39,2160p_60hz_q_39,5fdf86ad-9d4e-4634-a044-29b78873c1a5,2160p_60hz_q_45,Narrator@display=center_crop_1080p
2160p_60hz_q_39,2160p_60hz_q_39,b080efca-4a2b-456b-8b97-fa7150fa2f8d,2160p_60hz_q_45,Narrator@display=center_crop_1080p
2160p_60hz_q_39,2160p_60hz_q_45,dbc1ca9b-a7e7-40e4-a057-eecc8d4a2441,2160p_60hz_q_39,Narrator@display=center_crop_1080p
1080p_60hz_q_27,1080p_60hz_q_31,23fa0894-e067-4bdf-98ff-55ade0a43235,1080p_60hz_q_27,SeaRock@display=center_crop_1080p
1080p_60hz_q_27,1080p_60hz_q_31,12ef4ddb-107d-42b2-bfa0-b59fa554e40a,1080p_60hz_q_27,SeaRock@display=center_crop_1080p
1080p_60hz_q_27,1080p_60hz_q_27,0ffef109-60c6-4ceb-ac56-654ec208a83f,1080p_60hz_q_31,SeaRock@display=center_crop_1080p
1080p_60hz_q_27,1080p_60hz_q_27,809c6f38-8134-47bd-8f9b-e5110f957391,1080p_60hz_q_31,SeaRock@display=center_crop_1080p
1080p_60hz_q_27,1080p_60hz_q_27,b2301164-83b7-413a-84b4-18592d2bda27,1080p_60hz_q_31,SeaRock@display=center_crop_1080p
1080p_60hz_q_27,1080p_60hz_q_27,23fa0894-e067-4bdf-98ff-55ade0a43235,1080p_60hz_q_31,SeaRock@display=center_crop_1080p
1080p_60hz_q_31,1080p_60hz_q_31,23fa0894-e067-4bdf-98ff-55ade0a43235,1080p_60hz_q_27,SeaRock@display=center_crop_1080p
1080p_60hz_q_27,1080p_60hz_q_31,1879c35a-85bd-4033-aa8d-f1c79ce51a7f,1080p_60hz_q_27,SeaRock@display=center_crop_1080p
1080p_60hz_q_27,1080p_60hz_q_27,d910e078-d366-48f9-80a5-0723efa4eb4b,1080p_60hz_q_31,SeaRock@display=center_crop_1080p
1080p_60hz_q_27,1080p_60hz_q_27,7bbe860b-aaf5-41f4-afb2-851886818fc7,1080p_60hz_q_31,SeaRock@display=center_crop_1080p
2160p_60hz_q_27,2160p_60hz_q_27,50fb4a76-371b-4a31-aca5-d984ee1d3d44,2160p_60hz_q_45,Football@display=center_crop_1080p
2160p_60hz_q_27,2160p_60hz_q_45,df3181f3-e23f-460f-b47b-84cc79f0625c,2160p_60hz_q_27,Football@display=center_crop_1080p
2160p_60hz_q_27,2160p_60hz_q_45,310b7e44-fc5e-411e-b78f-fc76d806c19e,2160p_60hz_q_27,Football@display=center_crop_1080p
2160p_60hz_q_27,2160p_60hz_q_27,5289ab4b-344d-487f-ac39-320de560806e,2160p_60hz_q_45,Football@display=center_crop_1080p
2160p_60hz_q_27,2160p_60hz_q_45,b534d02f-8944-4adf-bd53-e57ce627a786,2160p_60hz_q_27,Football@display=center_crop_1080p
2160p_60hz_q_27,2160p_60hz_q_27,badb4c68-c25f-4312-93cc-37b701824925,2160p_60hz_q_45,Football@display=center_crop_1080p
2160p_60hz_q_27,2160p_60hz_q_45,0ea37ed8-df3d-4bd2-9c04-dc44aa006a9e,2160p_60hz_q_27,Football@display=center_crop_1080p
2160p_60hz_q_27,2160p_60hz_q_27,7206fd08-7457-4883-830b-cca57fc03ee5,2160p_60hz_q_45,Football@display=center_crop_1080p
2160p_60hz_q_27,2160p_60hz_q_45,78ad0f22-b5f9-431c-9cf3-561ec8ee9182,2160p_60hz_q_27,Football@display=center_crop_1080p
2160p_60hz_q_27,2160p_60hz_q_45,c35a25f8-73ad-40bf-ac86-c73d08325734,2160p_60hz_q_27,Football@display=center_crop_1080p
2160p_60hz_q_27,2160p_60hz_q_27,50fb4a76-371b-4a31-aca5-d984ee1d3d44,2160p_60hz_q_51,Monkeys@display=center_crop_1080p
2160p_60hz_q_27,2160p_60hz_q_51,0b0fda41-82df-4015-b135-36c8ab65f2a0,2160p_60hz_q_27,Monkeys@display=center_crop_1080p
2160p_60hz_q_27,2160p_60hz_q_51,47b610b2-5357-4c65-8fe2-b8ccdf788bfe,2160p_60hz_q_27,Monkeys@display=center_crop_1080p
2160p_60hz_q_27,2160p_60hz_q_27,0342ff17-6f9e-48d6-8a90-91636dce509f,2160p_60hz_q_51,Monkeys@display=center_crop_1080p
2160p_60hz_q_27,2160p_60hz_q_51,2ed884e7-7f71-4a59-88ae-63e2f27f6fef,2160p_60hz_q_27,Monkeys@display=center_crop_1080p
2160p_60hz_q_27,2160p_60hz_q_27,59afbfdf-b41c-47dc-9323-b8a435f4b924,2160p_60hz_q_51,Monkeys@display=center_crop_1080p
2160p_60hz_q_27,2160p_60hz_q_51,3e499d20-74be-44a1-956e-8b361c3a75b1,2160p_60hz_q_27,Monkeys@display=center_crop_1080p
2160p_60hz_q_27,2160p_60hz_q_27,8874acc5-cdbe-47f2-a092-7777f2ee3594,2160p_60hz_q_51,Monkeys@display=center_crop_1080p
2160p_60hz_q_27,2160p_60hz_q_27,5da05509-4f9f-4145-833d-f052c9a2779a,2160p_60hz_q_51,Monkeys@display=center_crop_1080p
2160p_60hz_q_27,2160p_60hz_q_27,cc653c90-c2e7-463e-83b6-1dee35da7534,2160p_60hz_q_51,Monkeys@display=center_crop_1080p
1080p_60hz_q_31,1080p_60hz_q_31,23481d60-7bee-4bd3-be2e-a512a295aebb,2160p_60hz_q_51,Narrator@display=center_crop_1080p
1080p_60hz_q_31,2160p_60hz_q_51,9c50fe25-8597-4a22-aae5-af43989f9d5f,1080p_60hz_q_31,Narrator@display=center_crop_1080p
1080p_60hz_q_31,1080p_60hz_q_31,e9d0b79f-5cb6-42b3-ad16-03f671a861e8,2160p_60hz_q_51,Narrator@display=center_crop_1080p
1080p_60hz_q_31,2160p_60hz_q_51,98c55785-858a-4f32-8749-ac355e17dc91,1080p_60hz_q_31,Narrator@display=center_crop_1080p
1080p_60hz_q_31,2160p_60hz_q_51,b5975696-d633-4dcb-aee4-f089dc00b163,1080p_60hz_q_31,Narrator@display=center_crop_1080p
1080p_60hz_q_31,1080p_60hz_q_31,50fb4a76-371b-4a31-aca5-d984ee1d3d44,2160p_60hz_q_51,Narrator@display=center_crop_1080p
1080p_60hz_q_31,2160p_60hz_q_51,04d3a74c-6229-4c46-b5ac-f17b5929936d,1080p_60hz_q_31,Narrator@display=center_crop_1080p
1080p_60hz_q_31,2160p_60hz_q_51,0d1af6dd-f5f6-42b8-b58f-1f062d3cdc72,1080p_60hz_q_31,Narrator@display=center_crop_1080p
1080p_60hz_q_31,2160p_60hz_q_51,98c55785-858a-4f32-8749-ac355e17dc91,1080p_60hz_q_31,Narrator@display=center_crop_1080p
1080p_60hz_q_31,1080p_60hz_q_31,98c55785-858a-4f32-8749-ac355e17dc91,2160p_60hz_q_51,Narrator@display=center_crop_1080p
1080p_60hz_q_23,2160p_60hz_q_33,c9923f00-4dfd-4b79-b700-dcd823bdb6f4,1080p_60hz_q_23,HoneyBee@display=center_crop_1080p
,2160p_60hz_q_33,e4788de6-8072-4c62-85b2-19c518bccccc,1080p_60hz_q_23,HoneyBee@display=center_crop_1080p
,1080p_60hz_q_23,8f93cd33-b4c5-4e6c-9337-89d455cb7fbe,2160p_60hz_q_33,HoneyBee@display=center_crop_1080p
,2160p_60hz_q_33,9b110929-8562-4dea-aa03-dea569d7160a,1080p_60hz_q_23,HoneyBee@display=center_crop_1080p
,2160p_60hz_q_33,3243b530-39c0-4181-88c4-d1402733f44f,1080p_60hz_q_23,HoneyBee@display=center_crop_1080p
,2160p_60hz_q_33,2ea19ebb-5fdf-47c4-aa24-d9d7355fda95,1080p_60hz_q_23,HoneyBee@display=center_crop_1080p
1080p_60hz_q_23,2160p_60hz_q_33,98c79528-25d0-4621-8eb2-562c49004f90,1080p_60hz_q_23,HoneyBee@display=center_crop_1080p
1080p_60hz_q_23,2160p_60hz_q_33,40acb942-4edc-4dea-a078-26987e1de4a3,1080p_60hz_q_23,HoneyBee@display=center_crop_1080p
1080p_60hz_q_23,2160p_60hz_q_33,b3bea668-0154-47a7-958c-45380c2c7da0,1080p_60hz_q_23,HoneyBee@display=center_crop_1080p
1080p_60hz_q_23,1080p_60hz_q_23,26c9aed6-c72c-40ff-adda-e31709393d7e,2160p_60hz_q_33,HoneyBee@display=center_crop_1080p
2160p_60hz_q_25,1080p_60hz_q_35,c9923f00-4dfd-4b79-b700-dcd823bdb6f4,2160p_60hz_q_25,Dinner@display=center_crop_1080p
2160p_60hz_q_25,2160p_60hz_q_25,f1142396-4ec7-4601-b113-7f53e64f27d0,1080p_60hz_q_35,Dinner@display=center_crop_1080p
2160p_60hz_q_25,2160p_60hz_q_25,48b895da-31dd-4c47-8d99-cbe1bd7d4339,1080p_60hz_q_35,Dinner@display=center_crop_1080p
2160p_60hz_q_25,2160p_60hz_q_25,2e79787c-c952-4312-b557-3d8eaa1a03d9,1080p_60hz_q_35,Dinner@display=center_crop_1080p
2160p_60hz_q_25,1080p_60hz_q_35,4cd150dd-7a6c-4a04-bcbb-c430cb979769,2160p_60hz_q_25,Dinner@display=center_crop_1080p
2160p_60hz_q_25,1080p_60hz_q_35,b534d02f-8944-4adf-bd53-e57ce627a786,2160p_60hz_q_25,Dinner@display=center_crop_1080p
2160p_60hz_q_25,1080p_60hz_q_35,8ffca7ad-9706-402d-a7d2-3b9c879a3bd5,2160p_60hz_q_25,Dinner@display=center_crop_1080p
2160p_60hz_q_25,2160p_60hz_q_25,27fc7da4-6d5e-44aa-892d-e16ec39089cc,1080p_60hz_q_35,Dinner@display=center_crop_1080p
2160p_60hz_q_25,1080p_60hz_q_35,27abb805-a7c5-4e2e-b455-f76a6a91906b,2160p_60hz_q_25,Dinner@display=center_crop_1080p
2160p_60hz_q_25,2160p_60hz_q_25,7bbe860b-aaf5-41f4-afb2-851886818fc7,1080p_60hz_q_35,Dinner@display=center_crop_1080p
2160p_60hz_q_29,1080p_60hz_q_35,c9923f00-4dfd-4b79-b700-dcd823bdb6f4,2160p_60hz_q_29,HoneyBee@display=center_crop_1080p
2160p_60hz_q_29,2160p_60hz_q_29,61feaf63-ec43-4944-b1f3-48480c3be1a1,1080p_60hz_q_35,HoneyBee@display=center_crop_1080p
2160p_60hz_q_29,1080p_60hz_q_35,0b011a81-3784-4c06-a335-fb62580cde04,2160p_60hz_q_29,HoneyBee@display=center_crop_1080p
2160p_60hz_q_29,1080p_60hz_q_35,cd044f9e-7cb5-48e5-a688-e76fa4ed8517,2160p_60hz_q_29,HoneyBee@display=center_crop_1080p
,1080p_60hz_q_35,63886b87-eff3-460e-b828-c9b1a172a21c,2160p_60hz_q_29,HoneyBee@display=center_crop_1080p
2160p_60hz_q_29,1080p_60hz_q_35,4cd150dd-7a6c-4a04-bcbb-c430cb979769,2160p_60hz_q_29,HoneyBee@display=center_crop_1080p
2160p_60hz_q_29,2160p_60hz_q_29,b8c183cb-0aaa-46a7-ab53-51da89921b40,1080p_60hz_q_35,HoneyBee@display=center_crop_1080p
2160p_60hz_q_29,1080p_60hz_q_35,9d9a8f21-682d-4940-bb3e-77802c7e41fe,2160p_60hz_q_29,HoneyBee@display=center_crop_1080p
2160p_60hz_q_29,1080p_60hz_q_35,d135eddd-102e-46e7-82da-64419e897ce6,2160p_60hz_q_29,HoneyBee@display=center_crop_1080p
2160p_60hz_q_29,2160p_60hz_q_29,fee7ebd1-9cce-414e-afba-84587a9f5557,1080p_60hz_q_35,HoneyBee@display=center_crop_1080p
2160p_60hz_q_29,2160p_60hz_q_29,c9923f00-4dfd-4b79-b700-dcd823bdb6f4,1080p_60hz_q_41,Ritual@display=center_crop_1080p
2160p_60hz_q_29,1080p_60hz_q_41,46aabf20-8386-4462-a685-7bdf025cd375,2160p_60hz_q_29,Ritual@display=center_crop_1080p
2160p_60hz_q_29,1080p_60hz_q_41,765454bf-56a0-46e6-8d8c-bc870137fb21,2160p_60hz_q_29,Ritual@display=center_crop_1080p
2160p_60hz_q_29,1080p_60hz_q_41,04d3a74c-6229-4c46-b5ac-f17b5929936d,2160p_60hz_q_29,Ritual@display=center_crop_1080p
2160p_60hz_q_29,2160p_60hz_q_29,2a94520b-37d9-4eeb-a589-017195b541e3,1080p_60hz_q_41,Ritual@display=center_crop_1080p
2160p_60hz_q_29,1080p_60hz_q_41,1a4f9bd0-1ff2-4da0-96f3-91c32fa4eda4,2160p_60hz_q_29,Ritual@display=center_crop_1080p
2160p_60hz_q_29,1080p_60hz_q_41,d42a6af2-2b3b-4c79-9e96-57767a5c5065,2160p_60hz_q_29,Ritual@display=center_crop_1080p
2160p_60hz_q_29,2160p_60hz_q_29,b3bea668-0154-47a7-958c-45380c2c7da0,1080p_60hz_q_41,Ritual@display=center_crop_1080p
2160p_60hz_q_29,2160p_60hz_q_29,8af7b70c-7bcb-4870-a401-358e2ab39eab,1080p_60hz_q_41,Ritual@display=center_crop_1080p
2160p_60hz_q_29,1080p_60hz_q_41,da2c9fd7-50ab-458a-a922-f54ef3dbc3b2,2160p_60hz_q_29,Ritual@display=center_crop_1080p
2160p_60hz_q_35,2160p_60hz_q_41,c9923f00-4dfd-4b79-b700-dcd823bdb6f4,2160p_60hz_q_35,Monkeys@display=center_crop_1080p
2160p_60hz_q_35,2160p_60hz_q_41,84a9bb8b-5b89-4196-aad3-5ec58814e164,2160p_60hz_q_35,Monkeys@display=center_crop_1080p
2160p_60hz_q_35,2160p_60hz_q_35,b2301164-83b7-413a-84b4-18592d2bda27,2160p_60hz_q_41,Monkeys@display=center_crop_1080p
2160p_60hz_q_35,2160p_60hz_q_41,7142d9c5-0e87-4291-b0c4-fe9768c9bb62,2160p_60hz_q_35,Monkeys@display=center_crop_1080p
2160p_60hz_q_41,2160p_60hz_q_41,de41656b-1f7f-453c-8775-6b21be1e124a,2160p_60hz_q_35,Monkeys@display=center_crop_1080p
2160p_60hz_q_35,2160p_60hz_q_35,863335b0-11fb-4fc6-80d1-123269c15ba3,2160p_60hz_q_41,Monkeys@display=center_crop_1080p
2160p_60hz_q_35,2160p_60hz_q_41,0744e640-8e21-41fe-ab34-dfe90d35a5e4,2160p_60hz_q_35,Monkeys@display=center_crop_1080p
2160p_60hz_q_35,2160p_60hz_q_41,d0def9ea-d1d8-481e-865e-e7781ca522cf,2160p_60hz_q_35,Monkeys@display=center_crop_1080p
2160p_60hz_q_35,2160p_60hz_q_35,a21ffff2-ba97-464c-a146-c7f86c53705a,2160p_60hz_q_41,Monkeys@display=center_crop_1080p
2160p_60hz_q_35,2160p_60hz_q_41,db96f8b8-515c-4db2-a50b-980516bf9af5,2160p_60hz_q_35,Monkeys@display=center_crop_1080p
1080p_60hz_q_27,2160p_60hz_q_39,c9923f00-4dfd-4b79-b700-dcd823bdb6f4,1080p_60hz_q_27,SeaRock@display=center_crop_1080p
1080p_60hz_q_27,2160p_60hz_q_39,086fece1-937a-4fa9-896e-b14e469195b6,1080p_60hz_q_27,SeaRock@display=center_crop_1080p
1080p_60hz_q_27,2160p_60hz_q_39,086fece1-937a-4fa9-896e-b14e469195b6,1080p_60hz_q_27,SeaRock@display=center_crop_1080p
1080p_60hz_q_27,1080p_60hz_q_27,765454bf-56a0-46e6-8d8c-bc870137fb21,2160p_60hz_q_39,SeaRock@display=center_crop_1080p
1080p_60hz_q_27,2160p_60hz_q_39,7fa32d26-7bca-4bd0-8d73-03341d624eca,1080p_60hz_q_27,SeaRock@display=center_crop_1080p
2160p_60hz_q_39,1080p_60hz_q_27,cb7ef030-32e8-43e5-ab92-83ef3ebe1440,2160p_60hz_q_39,SeaRock@display=center_crop_1080p
1080p_60hz_q_27,2160p_60hz_q_39,110d7871-1915-4303-887e-891fb24433ca,1080p_60hz_q_27,SeaRock@display=center_crop_1080p
1080p_60hz_q_27,2160p_60hz_q_39,59afbfdf-b41c-47dc-9323-b8a435f4b924,1080p_60hz_q_27,SeaRock@display=center_crop_1080p
1080p_60hz_q_27,1080p_60hz_q_27,a21ffff2-ba97-464c-a146-c7f86c53705a,2160p_60hz_q_39,SeaRock@display=center_crop_1080p
1080p_60hz_q_27,2160p_60hz_q_39,facfb033-277b-427a-9169-4b9a020a2469,1080p_60hz_q_27,SeaRock@display=center_crop_1080p
2160p_60hz_q_39,2160p_60hz_q_39,c9923f00-4dfd-4b79-b700-dcd823bdb6f4,2160p_60hz_q_49,Dancers@display=center_crop_1080p
2160p_60hz_q_39,2160p_60hz_q_39,e14d6669-467f-41ea-9347-18173aa10ac3,2160p_60hz_q_49,Dancers@display=center_crop_1080p
2160p_60hz_q_39,2160p_60hz_q_39,2efb2ebe-b88e-4181-9d88-e79646ad323c,2160p_60hz_q_49,Dancers@display=center_crop_1080p
2160p_60hz_q_39,2160p_60hz_q_49,b7c70b81-275b-4549-ac00-de8dbd201b40,2160p_60hz_q_39,Dancers@display=center_crop_1080p
2160p_60hz_q_39,2160p_60hz_q_49,27fc7da4-6d5e-44aa-892d-e16ec39089cc,2160p_60hz_q_39,Dancers@display=center_crop_1080p
2160p_60hz_q_39,2160p_60hz_q_49,a21ffff2-ba97-464c-a146-c7f86c53705a,2160p_60hz_q_39,Dancers@display=center_crop_1080p
2160p_60hz_q_39,2160p_60hz_q_39,b7928616-ca9e-452f-a4c0-0f707a07341c,2160p_60hz_q_49,Dancers@display=center_crop_1080p
2160p_60hz_q_39,2160p_60hz_q_49,9d9a8f21-682d-4940-bb3e-77802c7e41fe,2160p_60hz_q_39,Dancers@display=center_crop_1080p
2160p_60hz_q_39,2160p_60hz_q_39,e2c67206-2707-487f-9bb5-dfaf2e2922f0,2160p_60hz_q_49,Dancers@display=center_crop_1080p
2160p_60hz_q_39,2160p_60hz_q_39,facfb033-277b-427a-9169-4b9a020a2469,2160p_60hz_q_49,Dancers@display=center_crop_1080p
2160p_60hz_q_27,1080p_60hz_q_39,c9923f00-4dfd-4b79-b700-dcd823bdb6f4,2160p_60hz_q_27,Discuss@display=center_crop_1080p
2160p_60hz_q_27,1080p_60hz_q_39,f12ef427-eefa-4f1b-b2d1-0a5fa567750a,2160p_60hz_q_27,Discuss@display=center_crop_1080p
2160p_60hz_q_27,2160p_60hz_q_27,e14d6669-467f-41ea-9347-18173aa10ac3,1080p_60hz_q_39,Discuss@display=center_crop_1080p
2160p_60hz_q_27,1080p_60hz_q_39,285deb4d-638a-4cee-8ceb-cf512c184de5,2160p_60hz_q_27,Discuss@display=center_crop_1080p
2160p_60hz_q_27,2160p_60hz_q_27,b5797c5f-6b3b-4b7f-9b23-5bea5b3eb229,1080p_60hz_q_39,Discuss@display=center_crop_1080p
2160p_60hz_q_27,2160p_60hz_q_27,40acb942-4edc-4dea-a078-26987e1de4a3,1080p_60hz_q_39,Discuss@display=center_crop_1080p
2160p_60hz_q_27,1080p_60hz_q_39,bc64594f-68af-4afd-a02d-423ac80ebb4e,2160p_60hz_q_27,Discuss@display=center_crop_1080p
2160p_60hz_q_27,1080p_60hz_q_39,8af7b70c-7bcb-4870-a401-358e2ab39eab,2160p_60hz_q_27,Discuss@display=center_crop_1080p
2160p_60hz_q_27,1080p_60hz_q_39,208e7f6c-d013-4a6f-a6be-3008a0d3130b,2160p_60hz_q_27,Discuss@display=center_crop_1080p
2160p_60hz_q_27,1080p_60hz_q_39,208e7f6c-d013-4a6f-a6be-3008a0d3130b,2160p_60hz_q_27,Discuss@display=center_crop_1080p
2160p_60hz_q_27,1080p_60hz_q_27,23fa0894-e067-4bdf-98ff-55ade0a43235,2160p_60hz_q_27,SeaRock@display=center_crop_1080p
2160p_60hz_q_27,1080p_60hz_q_27,412dd5fb-427b-426d-9284-e8f9331100cb,2160p_60hz_q_27,SeaRock@display=center_crop_1080p
1080p_60hz_q_27,2160p_60hz_q_27,5521ff94-7e87-4bd3-a91f-fe3c18491c86,1080p_60hz_q_27,SeaRock@display=center_crop_1080p
1080p_60hz_q_27,2160p_60hz_q_27,c9923f00-4dfd-4b79-b700-dcd823bdb6f4,1080p_60hz_q_27,SeaRock@display=center_crop_1080p
2160p_60hz_q_27,1080p_60hz_q_27,26bdef07-111d-4497-95d2-1c34e0c6879f,2160p_60hz_q_27,SeaRock@display=center_crop_1080p
,1080p_60hz_q_27,6fd8c7e3-92ad-4ae9-8d4b-6c10db61c856,2160p_60hz_q_27,SeaRock@display=center_crop_1080p
2160p_60hz_q_27,1080p_60hz_q_27,b080efca-4a2b-456b-8b97-fa7150fa2f8d,2160p_60hz_q_27,SeaRock@display=center_crop_1080p
,1080p_60hz_q_27,fbfd61f4-6813-4623-98f8-85664b3910ae,2160p_60hz_q_27,SeaRock@display=center_crop_1080p
2160p_60hz_q_27,1080p_60hz_q_27,c9923f00-4dfd-4b79-b700-dcd823bdb6f4,2160p_60hz_q_27,SeaRock@display=center_crop_1080p
2160p_60hz_q_27,1080p_60hz_q_27,43262614-2245-4ffb-ba5c-e087f9cfe4a3,2160p_60hz_q_27,SeaRock@display=center_crop_1080p
2160p_60hz_q_45,1080p_60hz_q_31,3243b530-39c0-4181-88c4-d1402733f44f,2160p_60hz_q_45,SeaRock@display=center_crop_1080p
1080p_60hz_q_31,2160p_60hz_q_45,d739b99a-9798-42ec-b4f4-3db5001692c4,1080p_60hz_q_31,SeaRock@display=center_crop_1080p
1080p_60hz_q_31,2160p_60hz_q_45,fe9ba464-25aa-4a37-8a07-769dc55e4626,1080p_60hz_q_31,SeaRock@display=center_crop_1080p
1080p_60hz_q_31,1080p_60hz_q_31,c9923f00-4dfd-4b79-b700-dcd823bdb6f4,2160p_60hz_q_45,SeaRock@display=center_crop_1080p
,2160p_60hz_q_45,fe6b749e-2b37-43ce-8ec0-132a654149bf,1080p_60hz_q_31,SeaRock@display=center_crop_1080p
1080p_60hz_q_31,2160p_60hz_q_45,18b65afe-0318-4e2f-b48f-d243fa07b40c,1080p_60hz_q_31,SeaRock@display=center_crop_1080p
1080p_60hz_q_31,2160p_60hz_q_45,b3bea668-0154-47a7-958c-45380c2c7da0,1080p_60hz_q_31,SeaRock@display=center_crop_1080p
1080p_60hz_q_31,2160p_60hz_q_45,eb300457-ab68-4665-a62e-e63b649b3fdf,1080p_60hz_q_31,SeaRock@display=center_crop_1080p
1080p_60hz_q_31,2160p_60hz_q_45,07bb6da7-3bb5-4713-94b5-3cc6da69b587,1080p_60hz_q_31,SeaRock@display=center_crop_1080p
1080p_60hz_q_31,2160p_60hz_q_45,086fece1-937a-4fa9-896e-b14e469195b6,1080p_60hz_q_31,SeaRock@display=center_crop_1080p
2160p_60hz_q_25,2160p_60hz_q_25,84a9bb8b-5b89-4196-aad3-5ec58814e164,2160p_60hz_q_39,Dancers@display=center_crop_1080p
2160p_60hz_q_25,2160p_60hz_q_25,a593750d-9e2c-4127-906a-9c623c034081,2160p_60hz_q_39,Dancers@display=center_crop_1080p
2160p_60hz_q_25,2160p_60hz_q_25,defc3237-931e-4a71-bf18-59d6d7c99b4c,2160p_60hz_q_39,Dancers@display=center_crop_1080p
2160p_60hz_q_25,2160p_60hz_q_25,930a439c-60aa-4244-a3c8-50a01c5107ab,2160p_60hz_q_39,Dancers@display=center_crop_1080p
2160p_60hz_q_25,2160p_60hz_q_39,da2c9fd7-50ab-458a-a922-f54ef3dbc3b2,2160p_60hz_q_25,Dancers@display=center_crop_1080p
2160p_60hz_q_25,2160p_60hz_q_39,e170141b-c0ee-4624-b054-17a5c6aced22,2160p_60hz_q_25,Dancers@display=center_crop_1080p
2160p_60hz_q_25,2160p_60hz_q_25,e7ac105b-703b-4de4-9812-9d319b7f1f75,2160p_60hz_q_39,Dancers@display=center_crop_1080p
2160p_60hz_q_25,2160p_60hz_q_25,110d7871-1915-4303-887e-891fb24433ca,2160p_60hz_q_39,Dancers@display=center_crop_1080p
2160p_60hz_q_25,2160p_60hz_q_25,310b7e44-fc5e-411e-b78f-fc76d806c19e,2160p_60hz_q_39,Dancers@display=center_crop_1080p
2160p_60hz_q_25,2160p_60hz_q_25,b687d08f-c451-43a4-a016-b7164e40457a,2160p_60hz_q_39,Dancers@display=center_crop_1080p
2160p_60hz_q_41,1080p_60hz_q_43,94d70f48-55b6-4b7a-9dae-68e34937fd1c,2160p_60hz_q_41,Football@display=center_crop_1080p
2160p_60hz_q_41,1080p_60hz_q_43,45d734a8-ca71-42f6-abde-ef570e3b4cf1,2160p_60hz_q_41,Football@display=center_crop_1080p
2160p_60hz_q_41,1080p_60hz_q_43,14da32d8-0023-44b9-bb95-51f1fad516e6,2160p_60hz_q_41,Football@display=center_crop_1080p
2160p_60hz_q_41,2160p_60hz_q_41,b5797c5f-6b3b-4b7f-9b23-5bea5b3eb229,1080p_60hz_q_43,Football@display=center_crop_1080p
2160p_60hz_q_41,2160p_60hz_q_41,3e499d20-74be-44a1-956e-8b361c3a75b1,1080p_60hz_q_43,Football@display=center_crop_1080p
2160p_60hz_q_41,1080p_60hz_q_43,930a439c-60aa-4244-a3c8-50a01c5107ab,2160p_60hz_q_41,Football@display=center_crop_1080p
2160p_60hz_q_41,2160p_60hz_q_41,02bdc5dd-6b5a-4f34-b244-61603b6e09ae,1080p_60hz_q_43,Football@display=center_crop_1080p
2160p_60hz_q_41,2160p_60hz_q_41,1d9d2224-8591-47ef-a7b7-3347f5dbf4f2,1080p_60hz_q_43,Football@display=center_crop_1080p
2160p_60hz_q_41,1080p_60hz_q_43,8503e28a-947a-459c-a673-7beb97834ba5,2160p_60hz_q_41,Football@display=center_crop_1080p
2160p_60hz_q_41,2160p_60hz_q_41,94d70f48-55b6-4b7a-9dae-68e34937fd1c,1080p_60hz_q_43,Football@display=center_crop_1080p
1080p_60hz_q_31,2160p_60hz_q_41,930a439c-60aa-4244-a3c8-50a01c5107ab,1080p_60hz_q_31,Dinner@display=center_crop_1080p
1080p_60hz_q_31,1080p_60hz_q_31,f304bc2a-d059-481e-9268-2dc6d5c0ee8f,2160p_60hz_q_41,Dinner@display=center_crop_1080p
1080p_60hz_q_31,1080p_60hz_q_31,e588b351-3f75-4040-858b-1286d607e866,2160p_60hz_q_41,Dinner@display=center_crop_1080p
1080p_60hz_q_31,1080p_60hz_q_31,5521ff94-7e87-4bd3-a91f-fe3c18491c86,2160p_60hz_q_41,Dinner@display=center_crop_1080p
1080p_60hz_q_31,2160p_60hz_q_41,2ea19ebb-5fdf-47c4-aa24-d9d7355fda95,1080p_60hz_q_31,Dinner@display=center_crop_1080p
1080p_60hz_q_31,2160p_60hz_q_41,c4a0e1ad-7984-40d7-8f68-73a82a2a463f,1080p_60hz_q_31,Dinner@display=center_crop_1080p
1080p_60hz_q_31,1080p_60hz_q_31,b071fb5e-233d-4a69-873f-08407b51b05c,2160p_60hz_q_41,Dinner@display=center_crop_1080p
1080p_60hz_q_31,2160p_60hz_q_41,fe9ba464-25aa-4a37-8a07-769dc55e4626,1080p_60hz_q_31,Dinner@display=center_crop_1080p
1080p_60hz_q_31,1080p_60hz_q_31,b3bea668-0154-47a7-958c-45380c2c7da0,2160p_60hz_q_41,Dinner@display=center_crop_1080p
,2160p_60hz_q_41,1be4edae-5a41-4038-b893-a09775762485,1080p_60hz_q_31,Dinner@display=center_crop_1080p
2160p_60hz_q_37,2160p_60hz_q_33,930a439c-60aa-4244-a3c8-50a01c5107ab,2160p_60hz_q_37,Dinner@display=center_crop_1080p
2160p_60hz_q_33,2160p_60hz_q_33,1870054d-e579-4520-9f6a-4f32b8fedd4b,2160p_60hz_q_37,Dinner@display=center_crop_1080p
2160p_60hz_q_33,2160p_60hz_q_33,0c824067-2fc7-44f5-9e62-4469ee9f28bd,2160p_60hz_q_37,Dinner@display=center_crop_1080p
2160p_60hz_q_33,2160p_60hz_q_33,e154a82c-3a72-4854-8f3a-f54550369af2,2160p_60hz_q_37,Dinner@display=center_crop_1080p
2160p_60hz_q_33,2160p_60hz_q_37,e9d0b79f-5cb6-42b3-ad16-03f671a861e8,2160p_60hz_q_33,Dinner@display=center_crop_1080p
2160p_60hz_q_33,2160p_60hz_q_37,2bd94a3e-72b0-4010-9e82-d5d934a3ab57,2160p_60hz_q_33,Dinner@display=center_crop_1080p
,2160p_60hz_q_37,d6ba2aff-cecb-46aa-8325-57f11ca3b9df,2160p_60hz_q_33,Dinner@display=center_crop_1080p
2160p_60hz_q_33,2160p_60hz_q_33,d42a6af2-2b3b-4c79-9e96-57767a5c5065,2160p_60hz_q_37,Dinner@display=center_crop_1080p
,2160p_60hz_q_37,c80fb156-701f-41eb-b170-da73f11eb894,2160p_60hz_q_33,Dinner@display=center_crop_1080p
2160p_60hz_q_33,2160p_60hz_q_37,951670ac-a4a0-4c5f-b3e8-f8edc637fa52,2160p_60hz_q_33,Dinner@display=center_crop_1080p
2160p_60hz_q_37,1080p_60hz_q_39,930a439c-60aa-4244-a3c8-50a01c5107ab,2160p_60hz_q_37,Discuss@display=center_crop_1080p
2160p_60hz_q_37,1080p_60hz_q_39,a07115e7-e7a2-4d02-af4f-849190a7a0e9,2160p_60hz_q_37,Discuss@display=center_crop_1080p
2160p_60hz_q_37,2160p_60hz_q_37,765454bf-56a0-46e6-8d8c-bc870137fb21,1080p_60hz_q_39,Discuss@display=center_crop_1080p
2160p_60hz_q_37,2160p_60hz_q_37,9f51abaa-a048-44d8-ae58-d57bbdc1ef25,1080p_60hz_q_39,Discuss@display=center_crop_1080p
2160p_60hz_q_37,2160p_60hz_q_37,2ed884e7-7f71-4a59-88ae-63e2f27f6fef,1080p_60hz_q_39,Discuss@display=center_crop_1080p
2160p_60hz_q_37,2160p_60hz_q_37,9d57cbc2-ab27-45bd-a59c-6bf0db043d78,1080p_60hz_q_39,Discuss@display=center_crop_1080p
2160p_60hz_q_37,2160p_60hz_q_37,eab9779d-4083-4225-8473-fc8798ebb47e,1080p_60hz_q_39,Discuss@display=center_crop_1080p
2160p_60hz_q_37,2160p_60hz_q_37,6005423d-55ca-4137-8021-d3db601da77e,1080p_60hz_q_39,Discuss@display=center_crop_1080p
2160p_60hz_q_37,1080p_60hz_q_39,1be4edae-5a41-4038-b893-a09775762485,2160p_60hz_q_37,Discuss@display=center_crop_1080p
2160p_60hz_q_37,1080p_60hz_q_39,c35a25f8-73ad-40bf-ac86-c73d08325734,2160p_60hz_q_37,Discuss@display=center_crop_1080p
1080p_60hz_q_27,2160p_60hz_q_39,930a439c-60aa-4244-a3c8-50a01c5107ab,1080p_60hz_q_27,Narrator@display=center_crop_1080p
1080p_60hz_q_27,1080p_60hz_q_27,d2d885e4-1ca3-4625-8c39-88667529f002,2160p_60hz_q_39,Narrator@display=center_crop_1080p
1080p_60hz_q_27,1080p_60hz_q_27,e8103e3b-0bfe-47b6-b4ec-9aefdfb262aa,2160p_60hz_q_39,Narrator@display=center_crop_1080p
1080p_60hz_q_27,2160p_60hz_q_39,8a4b3ba0-ce40-46d3-b44a-431055c4d035,1080p_60hz_q_27,Narrator@display=center_crop_1080p
1080p_60hz_q_27,2160p_60hz_q_39,7964e590-7127-4f9b-96c6-f13637d38713,1080p_60hz_q_27,Narrator@display=center_crop_1080p
1080p_60hz_q_27,2160p_60hz_q_39,6005423d-55ca-4137-8021-d3db601da77e,1080p_60hz_q_27,Narrator@display=center_crop_1080p
1080p_60hz_q_27,1080p_60hz_q_27,bc64594f-68af-4afd-a02d-423ac80ebb4e,2160p_60hz_q_39,Narrator@display=center_crop_1080p
1080p_60hz_q_27,2160p_60hz_q_39,088777a9-db1c-4683-9812-ce100f1b95df,1080p_60hz_q_27,Narrator@display=center_crop_1080p
1080p_60hz_q_27,2160p_60hz_q_39,e4791982-1c0b-4b9d-96dd-f685a61a40b7,1080p_60hz_q_27,Narrator@display=center_crop_1080p
2160p_60hz_q_39,2160p_60hz_q_39,e8e854f8-db3b-4b12-b87f-0c5c849cf0ab,1080p_60hz_q_27,Narrator@display=center_crop_1080p
2160p_60hz_q_37,2160p_60hz_q_51,e0ce4996-dc5b-41e3-bc6d-56d591c87119,2160p_60hz_q_37,Tunnel@display=center_crop_1080p
2160p_60hz_q_37,2160p_60hz_q_37,a07115e7-e7a2-4d02-af4f-849190a7a0e9,2160p_60hz_q_51,Tunnel@display=center_crop_1080p
2160p_60hz_q_37,2160p_60hz_q_37,1e8852de-bbe6-48cd-a1a5-3159df60e41f,2160p_60hz_q_51,Tunnel@display=center_crop_1080p
2160p_60hz_q_37,2160p_60hz_q_51,7ac3129c-bc4a-4a32-9ca5-27a305d5c36c,2160p_60hz_q_37,Tunnel@display=center_crop_1080p
2160p_60hz_q_37,2160p_60hz_q_51,5521ff94-7e87-4bd3-a91f-fe3c18491c86,2160p_60hz_q_37,Tunnel@display=center_crop_1080p
2160p_60hz_q_37,2160p_60hz_q_51,930a439c-60aa-4244-a3c8-50a01c5107ab,2160p_60hz_q_37,Tunnel@display=center_crop_1080p
2160p_60hz_q_37,2160p_60hz_q_51,0c824067-2fc7-44f5-9e62-4469ee9f28bd,2160p_60hz_q_37,Tunnel@display=center_crop_1080p
2160p_60hz_q_37,2160p_60hz_q_37,5989e0f3-b0a9-47d7-b12a-46b2ba1b1502,2160p_60hz_q_51,Tunnel@display=center_crop_1080p
2160p_60hz_q_37,2160p_60hz_q_37,e0ce4996-dc5b-41e3-bc6d-56d591c87119,2160p_60hz_q_51,Tunnel@display=center_crop_1080p
2160p_60hz_q_37,2160p_60hz_q_37,8af7b70c-7bcb-4870-a401-358e2ab39eab,2160p_60hz_q_51,Tunnel@display=center_crop_1080p
2160p_60hz_q_29,2160p_60hz_q_29,41481cf6-0d7b-4fcf-bf52-4417617a4242,2160p_60hz_q_41,Ritual@display=center_crop_1080p
2160p_60hz_q_41,2160p_60hz_q_41,1e8852de-bbe6-48cd-a1a5-3159df60e41f,2160p_60hz_q_29,Ritual@display=center_crop_1080p
2160p_60hz_q_29,2160p_60hz_q_41,47b610b2-5357-4c65-8fe2-b8ccdf788bfe,2160p_60hz_q_29,Ritual@display=center_crop_1080p
2160p_60hz_q_29,2160p_60hz_q_29,757d41cf-5808-4373-a3b1-f7dd94f2ac11,2160p_60hz_q_41,Ritual@display=center_crop_1080p
2160p_60hz_q_41,2160p_60hz_q_29,532f40a1-621c-494b-8e10-a8cb0668755d,2160p_60hz_q_41,Ritual@display=center_crop_1080p
2160p_60hz_q_29,2160p_60hz_q_41,1afd1df2-27db-4494-8663-413ad9946a0d,2160p_60hz_q_29,Ritual@display=center_crop_1080p
2160p_60hz_q_29,2160p_60hz_q_41,7206fd08-7457-4883-830b-cca57fc03ee5,2160p_60hz_q_29,Ritual@display=center_crop_1080p
2160p_60hz_q_29,2160p_60hz_q_29,5d7831a1-caca-4669-9e4c-d8c0329ff397,2160p_60hz_q_41,Ritual@display=center_crop_1080p
2160p_60hz_q_29,2160p_60hz_q_29,3c7562c0-bc9e-4808-9372-695211fc6275,2160p_60hz_q_41,Ritual@display=center_crop_1080p
2160p_60hz_q_29,2160p_60hz_q_41,facfb033-277b-427a-9169-4b9a020a2469,2160p_60hz_q_29,Ritual@display=center_crop_1080p
1080p_60hz_q_31,1080p_60hz_q_31,41481cf6-0d7b-4fcf-bf52-4417617a4242,1080p_60hz_q_37,Narrator@display=center_crop_1080p
1080p_60hz_q_31,1080p_60hz_q_31,f6295a10-e597-43a1-97d3-3e15e7a7d385,1080p_60hz_q_37,Narrator@display=center_crop_1080p
1080p_60hz_q_31,1080p_60hz_q_31,ac00c619-1689-4173-bedd-13fff7ce2c99,1080p_60hz_q_37,Narrator@display=center_crop_1080p
1080p_60hz_q_31,1080p_60hz_q_31,086fece1-937a-4fa9-896e-b14e469195b6,1080p_60hz_q_37,Narrator@display=center_crop_1080p
1080p_60hz_q_31,1080p_60hz_q_37,cd044f9e-7cb5-48e5-a688-e76fa4ed8517,1080p_60hz_q_31,Narrator@display=center_crop_1080p
1080p_60hz_q_31,1080p_60hz_q_37,984e388d-b130-4495-9352-11919b42ab34,1080p_60hz_q_31,Narrator@display=center_crop_1080p
1080p_60hz_q_31,1080p_60hz_q_37,b071fb5e-233d-4a69-873f-08407b51b05c,1080p_60hz_q_31,Narrator@display=center_crop_1080p
1080p_60hz_q_31,1080p_60hz_q_31,b7928616-ca9e-452f-a4c0-0f707a07341c,1080p_60hz_q_37,Narrator@display=center_crop_1080p
1080p_60hz_q_31,1080p_60hz_q_31,e2c67206-2707-487f-9bb5-dfaf2e2922f0,1080p_60hz_q_37,Narrator@display=center_crop_1080p
1080p_60hz_q_31,1080p_60hz_q_37,d11f9ccb-7bb2-41ae-beae-fa69cbbfbde7,1080p_60hz_q_31,Narrator@display=center_crop_1080p
2160p_60hz_q_39,2160p_60hz_q_45,e2c67206-2707-487f-9bb5-dfaf2e2922f0,2160p_60hz_q_39,SeaRock@display=center_crop_1080p
2160p_60hz_q_39,2160p_60hz_q_45,43b2c520-73e1-4b7a-bf5d-72f725568d35,2160p_60hz_q_39,SeaRock@display=center_crop_1080p
2160p_60hz_q_39,2160p_60hz_q_45,41481cf6-0d7b-4fcf-bf52-4417617a4242,2160p_60hz_q_39,SeaRock@display=center_crop_1080p
2160p_60hz_q_39,2160p_60hz_q_39,48b895da-31dd-4c47-8d99-cbe1bd7d4339,2160p_60hz_q_45,SeaRock@display=center_crop_1080p
2160p_60hz_q_39,2160p_60hz_q_39,0c55ce65-4725-4776-9e80-68de0d55c818,2160p_60hz_q_45,SeaRock@display=center_crop_1080p
2160p_60hz_q_39,2160p_60hz_q_45,3a9c1e54-5803-42be-b7c4-ae7a7c6d615f,2160p_60hz_q_39,SeaRock@display=center_crop_1080p
2160p_60hz_q_39,2160p_60hz_q_45,2a94520b-37d9-4eeb-a589-017195b541e3,2160p_60hz_q_39,SeaRock@display=center_crop_1080p
2160p_60hz_q_39,2160p_60hz_q_45,3289a60c-e8f2-4bed-b60c-1ed515026b67,2160p_60hz_q_39,SeaRock@display=center_crop_1080p
2160p_60hz_q_39,2160p_60hz_q_45,c35a25f8-73ad-40bf-ac86-c73d08325734,2160p_60hz_q_39,SeaRock@display=center_crop_1080p
,2160p_60hz_q_45,9f51abaa-a048-44d8-ae58-d57bbdc1ef25,2160p_60hz_q_39,SeaRock@display=center_crop_1080p
1080p_60hz_q_37,1080p_60hz_q_37,41481cf6-0d7b-4fcf-bf52-4417617a4242,1080p_60hz_q_41,Ready@display=center_crop_1080p
1080p_60hz_q_37,1080p_60hz_q_41,38ed80b5-0f71-489e-973d-37a39ed3a96c,1080p_60hz_q_37,Ready@display=center_crop_1080p
1080p_60hz_q_37,1080p_60hz_q_37,12af518c-7153-4f07-a556-0ee231ba34ae,1080p_60hz_q_41,Ready@display=center_crop_1080p
1080p_60hz_q_37,1080p_60hz_q_37,beec74c3-b6a6-4e5b-b5dc-ece5e72efd35,1080p_60hz_q_41,Ready@display=center_crop_1080p
1080p_60hz_q_37,1080p_60hz_q_41,1879c35a-85bd-4033-aa8d-f1c79ce51a7f,1080p_60hz_q_37,Ready@display=center_crop_1080p
1080p_60hz_q_37,1080p_60hz_q_41,a21ffff2-ba97-464c-a146-c7f86c53705a,1080p_60hz_q_37,Ready@display=center_crop_1080p
1080p_60hz_q_37,1080p_60hz_q_37,b7928616-ca9e-452f-a4c0-0f707a07341c,1080p_60hz_q_41,Ready@display=center_crop_1080p
,1080p_60hz_q_37,a924191d-6339-4d6f-b4fa-cc87e9e9f573,1080p_60hz_q_41,Ready@display=center_crop_1080p
1080p_60hz_q_37,1080p_60hz_q_37,3c7562c0-bc9e-4808-9372-695211fc6275,1080p_60hz_q_41,Ready@display=center_crop_1080p
1080p_60hz_q_37,1080p_60hz_q_37,951670ac-a4a0-4c5f-b3e8-f8edc637fa52,1080p_60hz_q_41,Ready@display=center_crop_1080p
2160p_60hz_q_27,2160p_60hz_q_27,8f93cd33-b4c5-4e6c-9337-89d455cb7fbe,2160p_60hz_q_45,Monkeys@display=center_crop_1080p
2160p_60hz_q_27,2160p_60hz_q_45,e0a72c3a-15b0-43a1-9aa0-00e27e8bcc4f,2160p_60hz_q_27,Monkeys@display=center_crop_1080p
2160p_60hz_q_27,2160p_60hz_q_27,12af518c-7153-4f07-a556-0ee231ba34ae,2160p_60hz_q_45,Monkeys@display=center_crop_1080p
2160p_60hz_q_27,2160p_60hz_q_45,a924191d-6339-4d6f-b4fa-cc87e9e9f573,2160p_60hz_q_27,Monkeys@display=center_crop_1080p
2160p_60hz_q_27,2160p_60hz_q_27,41481cf6-0d7b-4fcf-bf52-4417617a4242,2160p_60hz_q_45,Monkeys@display=center_crop_1080p
2160p_60hz_q_27,2160p_60hz_q_27,1a4f9bd0-1ff2-4da0-96f3-91c32fa4eda4,2160p_60hz_q_45,Monkeys@display=center_crop_1080p
2160p_60hz_q_27,2160p_60hz_q_45,b7928616-ca9e-452f-a4c0-0f707a07341c,2160p_60hz_q_27,Monkeys@display=center_crop_1080p
2160p_60hz_q_27,2160p_60hz_q_27,a19a106e-8382-4006-944c-61b928f95814,2160p_60hz_q_45,Monkeys@display=center_crop_1080p
2160p_60hz_q_27,2160p_60hz_q_27,41481cf6-0d7b-4fcf-bf52-4417617a4242,2160p_60hz_q_45,Monkeys@display=center_crop_1080p
2160p_60hz_q_27,2160p_60hz_q_27,b5797c5f-6b3b-4b7f-9b23-5bea5b3eb229,2160p_60hz_q_45,Monkeys@display=center_crop_1080p
1080p_60hz_q_41,1080p_60hz_q_41,41481cf6-0d7b-4fcf-bf52-4417617a4242,2160p_60hz_q_51,Narrator@display=center_crop_1080p
1080p_60hz_q_41,2160p_60hz_q_51,41481cf6-0d7b-4fcf-bf52-4417617a4242,1080p_60hz_q_41,Narrator@display=center_crop_1080p
,2160p_60hz_q_51,41481cf6-0d7b-4fcf-bf52-4417617a4242,1080p_60hz_q_41,Narrator@display=center_crop_1080p
1080p_60hz_q_41,1080p_60hz_q_41,946b7170-be46-4eb3-b754-5ee5511bc09a,2160p_60hz_q_51,Narrator@display=center_crop_1080p
1080p_60hz_q_41,1080p_60hz_q_41,7fa32d26-7bca-4bd0-8d73-03341d624eca,2160p_60hz_q_51,Narrator@display=center_crop_1080p
1080p_60hz_q_41,2160p_60hz_q_51,0c55ce65-4725-4776-9e80-68de0d55c818,1080p_60hz_q_41,Narrator@display=center_crop_1080p
1080p_60hz_q_41,1080p_60hz_q_41,5289ab4b-344d-487f-ac39-320de560806e,2160p_60hz_q_51,Narrator@display=center_crop_1080p
1080p_60hz_q_41,1080p_60hz_q_41,f16afd28-7eb2-490b-9dee-9411c451c7b6,2160p_60hz_q_51,Narrator@display=center_crop_1080p
1080p_60hz_q_41,1080p_60hz_q_41,b15043b9-76db-434f-a66f-5267875bfa9d,2160p_60hz_q_51,Narrator@display=center_crop_1080p
2160p_60hz_q_51,2160p_60hz_q_51,4e09a9b9-6b2b-4400-80d9-80562371bcb7,1080p_60hz_q_41,Narrator@display=center_crop_1080p
1080p_60hz_q_37,2160p_60hz_q_47,41481cf6-0d7b-4fcf-bf52-4417617a4242,1080p_60hz_q_37,Ready@display=center_crop_1080p
2160p_60hz_q_47,2160p_60hz_q_47,1e8852de-bbe6-48cd-a1a5-3159df60e41f,1080p_60hz_q_37,Ready@display=center_crop_1080p
1080p_60hz_q_37,1080p_60hz_q_37,47b610b2-5357-4c65-8fe2-b8ccdf788bfe,2160p_60hz_q_47,Ready@display=center_crop_1080p
1080p_60hz_q_37,2160p_60hz_q_47,e154a82c-3a72-4854-8f3a-f54550369af2,1080p_60hz_q_37,Ready@display=center_crop_1080p
1080p_60hz_q_37,1080p_60hz_q_37,e9d0b79f-5cb6-42b3-ad16-03f671a861e8,2160p_60hz_q_47,Ready@display=center_crop_1080p
1080p_60hz_q_37,2160p_60hz_q_47,848417ce-54e9-4f48-a77b-40f1cc056f40,1080p_60hz_q_37,Ready@display=center_crop_1080p
1080p_60hz_q_37,1080p_60hz_q_37,2efb2ebe-b88e-4181-9d88-e79646ad323c,2160p_60hz_q_47,Ready@display=center_crop_1080p
1080p_60hz_q_37,2160p_60hz_q_47,d0def9ea-d1d8-481e-865e-e7781ca522cf,1080p_60hz_q_37,Ready@display=center_crop_1080p
1080p_60hz_q_37,1080p_60hz_q_37,5d7831a1-caca-4669-9e4c-d8c0329ff397,2160p_60hz_q_47,Ready@display=center_crop_1080p
1080p_60hz_q_37,2160p_60hz_q_47,b080efca-4a2b-456b-8b97-fa7150fa2f8d,1080p_60hz_q_37,Ready@display=center_crop_1080p
2160p_60hz_q_41,2160p_60hz_q_51,43262614-2245-4ffb-ba5c-e087f9cfe4a3,2160p_60hz_q_41,Tunnel@display=center_crop_1080p
2160p_60hz_q_41,2160p_60hz_q_41,0b71c40e-fc37-4899-a022-675ff7351368,2160p_60hz_q_51,Tunnel@display=center_crop_1080p
2160p_60hz_q_41,2160p_60hz_q_41,38ed80b5-0f71-489e-973d-37a39ed3a96c,2160p_60hz_q_51,Tunnel@display=center_crop_1080p
2160p_60hz_q_41,2160p_60hz_q_51,70fb323d-b8bb-4830-acf7-c066e2076a7a,2160p_60hz_q_41,Tunnel@display=center_crop_1080p
2160p_60hz_q_41,2160p_60hz_q_51,654273d8-39da-4132-b299-f4c320d54d3b,2160p_60hz_q_41,Tunnel@display=center_crop_1080p
2160p_60hz_q_41,2160p_60hz_q_51,3e499d20-74be-44a1-956e-8b361c3a75b1,2160p_60hz_q_41,Tunnel@display=center_crop_1080p
2160p_60hz_q_41,2160p_60hz_q_51,6005423d-55ca-4137-8021-d3db601da77e,2160p_60hz_q_41,Tunnel@display=center_crop_1080p
2160p_60hz_q_41,2160p_60hz_q_51,e7ac105b-703b-4de4-9812-9d319b7f1f75,2160p_60hz_q_41,Tunnel@display=center_crop_1080p
2160p_60hz_q_41,2160p_60hz_q_51,e0a72c3a-15b0-43a1-9aa0-00e27e8bcc4f,2160p_60hz_q_41,Tunnel@display=center_crop_1080p
2160p_60hz_q_41,2160p_60hz_q_51,e8e854f8-db3b-4b12-b87f-0c5c849cf0ab,2160p_60hz_q_41,Tunnel@display=center_crop_1080p
1080p_60hz_q_41,1080p_60hz_q_41,e53d4eea-976a-4b76-925c-8f49229e1c77,2160p_60hz_q_49,Yacht@display=center_crop_1080p
1080p_60hz_q_41,2160p_60hz_q_49,43262614-2245-4ffb-ba5c-e087f9cfe4a3,1080p_60hz_q_41,Yacht@display=center_crop_1080p
1080p_60hz_q_41,1080p_60hz_q_41,26bdef07-111d-4497-95d2-1c34e0c6879f,2160p_60hz_q_49,Yacht@display=center_crop_1080p
1080p_60hz_q_41,2160p_60hz_q_49,17280dc9-80f2-4649-b2ff-73bb5953c227,1080p_60hz_q_41,Yacht@display=center_crop_1080p
1080p_60hz_q_41,2160p_60hz_q_49,a19a106e-8382-4006-944c-61b928f95814,1080p_60hz_q_41,Yacht@display=center_crop_1080p
1080p_60hz_q_41,1080p_60hz_q_41,0744e640-8e21-41fe-ab34-dfe90d35a5e4,2160p_60hz_q_49,Yacht@display=center_crop_1080p
1080p_60hz_q_41,2160p_60hz_q_49,b5975696-d633-4dcb-aee4-f089dc00b163,1080p_60hz_q_41,Yacht@display=center_crop_1080p
1080p_60hz_q_41,2160p_60hz_q_49,b687d08f-c451-43a4-a016-b7164e40457a,1080p_60hz_q_41,Yacht@display=center_crop_1080p
1080p_60hz_q_41,1080p_60hz_q_41,2e79787c-c952-4312-b557-3d8eaa1a03d9,2160p_60hz_q_49,Yacht@display=center_crop_1080p
1080p_60hz_q_41,2160p_60hz_q_49,765454bf-56a0-46e6-8d8c-bc870137fb21,1080p_60hz_q_41,Yacht@display=center_crop_1080p
1080p_60hz_q_25,1080p_60hz_q_39,ac060a26-f40f-4682-ab6e-89bc9d9355fb,1080p_60hz_q_25,Beauty@display=center_crop_1080p
1080p_60hz_q_25,1080p_60hz_q_39,43262614-2245-4ffb-ba5c-e087f9cfe4a3,1080p_60hz_q_25,Beauty@display=center_crop_1080p
1080p_60hz_q_25,1080p_60hz_q_39,12ef4ddb-107d-42b2-bfa0-b59fa554e40a,1080p_60hz_q_25,Beauty@display=center_crop_1080p
1080p_60hz_q_25,1080p_60hz_q_25,1a4b7399-7fcd-4ddf-bb63-5a7e1ecc9174,1080p_60hz_q_39,Beauty@display=center_crop_1080p
1080p_60hz_q_25,1080p_60hz_q_39,beec74c3-b6a6-4e5b-b5dc-ece5e72efd35,1080p_60hz_q_25,Beauty@display=center_crop_1080p
1080p_60hz_q_25,1080p_60hz_q_25,c9a88139-93f8-452e-8765-de0fd53867df,1080p_60hz_q_39,Beauty@display=center_crop_1080p
1080p_60hz_q_25,1080p_60hz_q_25,b3bea668-0154-47a7-958c-45380c2c7da0,1080p_60hz_q_39,Beauty@display=center_crop_1080p
1080p_60hz_q_25,1080p_60hz_q_39,9832020d-32c9-4b00-b7da-f708d715fc06,1080p_60hz_q_25,Beauty@display=center_crop_1080p
1080p_60hz_q_25,1080p_60hz_q_39,fc66e681-3ee1-4f30-9e0a-390ec97223e9,1080p_60hz_q_25,Beauty@display=center_crop_1080p
,1080p_60hz_q_39,3243b530-39c0-4181-88c4-d1402733f44f,1080p_60hz_q_25,Beauty@display=center_crop_1080p
2160p_60hz_q_43,2160p_60hz_q_47,37fe0e5a-6482-4791-a6ee-6d277ad53a8e,2160p_60hz_q_43,Jockey@display=center_crop_1080p
,2160p_60hz_q_43,2307d8e9-642b-4f06-8182-1c953bcbcc79,2160p_60hz_q_47,Jockey@display=center_crop_1080p
,2160p_60hz_q_47,1d9d2224-8591-47ef-a7b7-3347f5dbf4f2,2160p_60hz_q_43,Jockey@display=center_crop_1080p
2160p_60hz_q_43,2160p_60hz_q_47,f8a8894e-7e85-4d2a-8eb5-ed2fc77bcff4,2160p_60hz_q_43,Jockey@display=center_crop_1080p
2160p_60hz_q_43,2160p_60hz_q_47,1879c35a-85bd-4033-aa8d-f1c79ce51a7f,2160p_60hz_q_43,Jockey@display=center_crop_1080p
2160p_60hz_q_43,2160p_60hz_q_47,2efb2ebe-b88e-4181-9d88-e79646ad323c,2160p_60hz_q_43,Jockey@display=center_crop_1080p
2160p_60hz_q_43,2160p_60hz_q_43,43262614-2245-4ffb-ba5c-e087f9cfe4a3,2160p_60hz_q_47,Jockey@display=center_crop_1080p
2160p_60hz_q_43,2160p_60hz_q_43,68139fa1-4fca-4ef0-8a0d-5b7972e73b76,2160p_60hz_q_47,Jockey@display=center_crop_1080p
2160p_60hz_q_43,2160p_60hz_q_43,6365d9f1-fe2e-49a7-81fa-419e09ce4970,2160p_60hz_q_47,Jockey@display=center_crop_1080p
2160p_60hz_q_47,2160p_60hz_q_43,e9d0b79f-5cb6-42b3-ad16-03f671a861e8,2160p_60hz_q_47,Jockey@display=center_crop_1080p
2160p_60hz_q_35,2160p_60hz_q_35,43262614-2245-4ffb-ba5c-e087f9cfe4a3,2160p_60hz_q_47,Ready@display=center_crop_1080p
2160p_60hz_q_35,2160p_60hz_q_47,8503e28a-947a-459c-a673-7beb97834ba5,2160p_60hz_q_35,Ready@display=center_crop_1080p
2160p_60hz_q_35,2160p_60hz_q_47,3243b530-39c0-4181-88c4-d1402733f44f,2160p_60hz_q_35,Ready@display=center_crop_1080p
2160p_60hz_q_35,2160p_60hz_q_47,defc3237-931e-4a71-bf18-59d6d7c99b4c,2160p_60hz_q_35,Ready@display=center_crop_1080p
2160p_60hz_q_35,2160p_60hz_q_35,e170141b-c0ee-4624-b054-17a5c6aced22,2160p_60hz_q_47,Ready@display=center_crop_1080p
2160p_60hz_q_35,2160p_60hz_q_35,0ea37ed8-df3d-4bd2-9c04-dc44aa006a9e,2160p_60hz_q_47,Ready@display=center_crop_1080p
2160p_60hz_q_35,2160p_60hz_q_35,4df1c570-ef1a-4197-ab7f-78f52c6abbdd,2160p_60hz_q_47,Ready@display=center_crop_1080p
2160p_60hz_q_35,2160p_60hz_q_35,ac060a26-f40f-4682-ab6e-89bc9d9355fb,2160p_60hz_q_47,Ready@display=center_crop_1080p
2160p_60hz_q_35,2160p_60hz_q_35,ee00aeb2-a1df-4d5c-bf9c-9699648637aa,2160p_60hz_q_47,Ready@display=center_crop_1080p
2160p_60hz_q_35,2160p_60hz_q_47,55916d21-4d60-41a9-bbdc-4b5273f1c0a1,2160p_60hz_q_35,Ready@display=center_crop_1080p
2160p_60hz_q_43,2160p_60hz_q_47,43262614-2245-4ffb-ba5c-e087f9cfe4a3,2160p_60hz_q_43,Toddler@display=center_crop_1080p
2160p_60hz_q_43,2160p_60hz_q_47,61feaf63-ec43-4944-b1f3-48480c3be1a1,2160p_60hz_q_43,Toddler@display=center_crop_1080p
2160p_60hz_q_47,2160p_60hz_q_47,ac00c619-1689-4173-bedd-13fff7ce2c99,2160p_60hz_q_43,Toddler@display=center_crop_1080p
2160p_60hz_q_47,2160p_60hz_q_47,62b97f5e-f60a-46bc-933c-799cade5e19e,2160p_60hz_q_43,Toddler@display=center_crop_1080p
2160p_60hz_q_43,2160p_60hz_q_43,5399cf88-3d79-48b1-8c17-3cd72da4ced8,2160p_60hz_q_47,Toddler@display=center_crop_1080p
2160p_60hz_q_43,2160p_60hz_q_47,ca304a7b-b10f-4cd3-a40e-3663b1a6fc20,2160p_60hz_q_43,Toddler@display=center_crop_1080p
2160p_60hz_q_43,2160p_60hz_q_43,b5797c5f-6b3b-4b7f-9b23-5bea5b3eb229,2160p_60hz_q_47,Toddler@display=center_crop_1080p
2160p_60hz_q_43,2160p_60hz_q_47,1a451c03-6caa-4ba8-8207-bfdff094790a,2160p_60hz_q_43,Toddler@display=center_crop_1080p
2160p_60hz_q_43,2160p_60hz_q_43,b071fb5e-233d-4a69-873f-08407b51b05c,2160p_60hz_q_47,Toddler@display=center_crop_1080p
,2160p_60hz_q_47,b15043b9-76db-434f-a66f-5267875bfa9d,2160p_60hz_q_43,Toddler@display=center_crop_1080p
2160p_60hz_q_33,2160p_60hz_q_39,43262614-2245-4ffb-ba5c-e087f9cfe4a3,2160p_60hz_q_33,HoneyBee@display=center_crop_1080p
2160p_60hz_q_33,2160p_60hz_q_39,fae05acc-8eb8-426e-94f6-a2acfd916530,2160p_60hz_q_33,HoneyBee@display=center_crop_1080p
2160p_60hz_q_33,2160p_60hz_q_33,f304bc2a-d059-481e-9268-2dc6d5c0ee8f,2160p_60hz_q_39,HoneyBee@display=center_crop_1080p
2160p_60hz_q_33,2160p_60hz_q_39,c81ae704-93f9-4974-8b29-9181659b6dd4,2160p_60hz_q_33,HoneyBee@display=center_crop_1080p
,2160p_60hz_q_33,e588b351-3f75-4040-858b-1286d607e866,2160p_60hz_q_39,HoneyBee@display=center_crop_1080p
2160p_60hz_q_33,2160p_60hz_q_39,0744e640-8e21-41fe-ab34-dfe90d35a5e4,2160p_60hz_q_33,HoneyBee@display=center_crop_1080p
2160p_60hz_q_33,2160p_60hz_q_39,c4a0e1ad-7984-40d7-8f68-73a82a2a463f,2160p_60hz_q_33,HoneyBee@display=center_crop_1080p
2160p_60hz_q_39,2160p_60hz_q_33,6005423d-55ca-4137-8021-d3db601da77e,2160p_60hz_q_39,HoneyBee@display=center_crop_1080p
2160p_60hz_q_33,2160p_60hz_q_39,13ef788f-6080-4128-9bcf-3f3fe1fcacc0,2160p_60hz_q_33,HoneyBee@display=center_crop_1080p
,2160p_60hz_q_33,234f2863-9dc3-4857-bbf9-144b0e1a86f4,2160p_60hz_q_39,HoneyBee@display=center_crop_1080p
2160p_60hz_q_41,2160p_60hz_q_41,43262614-2245-4ffb-ba5c-e087f9cfe4a3,2160p_60hz_q_51,Monkeys@display=center_crop_1080p
2160p_60hz_q_41,2160p_60hz_q_51,f6295a10-e597-43a1-97d3-3e15e7a7d385,2160p_60hz_q_41,Monkeys@display=center_crop_1080p
2160p_60hz_q_41,2160p_60hz_q_41,df575ecc-df7d-4fe6-902d-c05730fce434,2160p_60hz_q_51,Monkeys@display=center_crop_1080p
2160p_60hz_q_41,2160p_60hz_q_51,0c824067-2fc7-44f5-9e62-4469ee9f28bd,2160p_60hz_q_41,Monkeys@display=center_crop_1080p
2160p_60hz_q_41,2160p_60hz_q_51,fe6b749e-2b37-43ce-8ec0-132a654149bf,2160p_60hz_q_41,Monkeys@display=center_crop_1080p
2160p_60hz_q_41,2160p_60hz_q_51,cb7ef030-32e8-43e5-ab92-83ef3ebe1440,2160p_60hz_q_41,Monkeys@display=center_crop_1080p
2160p_60hz_q_41,2160p_60hz_q_51,43b2c520-73e1-4b7a-bf5d-72f725568d35,2160p_60hz_q_41,Monkeys@display=center_crop_1080p
2160p_60hz_q_41,2160p_60hz_q_41,45f7895e-4d5f-4242-b275-48ce60c655bc,2160p_60hz_q_51,Monkeys@display=center_crop_1080p
2160p_60hz_q_41,2160p_60hz_q_51,5d7831a1-caca-4669-9e4c-d8c0329ff397,2160p_60hz_q_41,Monkeys@display=center_crop_1080p
2160p_60hz_q_41,2160p_60hz_q_41,a5de1a7c-1a0e-4207-8292-d8ed4a2eb2e7,2160p_60hz_q_51,Monkeys@display=center_crop_1080p
,1080p_60hz_q_29,12af518c-7153-4f07-a556-0ee231ba34ae,2160p_60hz_q_27,Discuss@display=center_crop_1080p
2160p_60hz_q_27,1080p_60hz_q_29,0ea37ed8-df3d-4bd2-9c04-dc44aa006a9e,2160p_60hz_q_27,Discuss@display=center_crop_1080p
2160p_60hz_q_27,1080p_60hz_q_29,f78b4a60-3247-4387-8e81-67393ae77757,2160p_60hz_q_27,Discuss@display=center_crop_1080p
2160p_60hz_q_27,1080p_60hz_q_29,c9f9b726-7136-4632-89d8-9e6b66d837dc,2160p_60hz_q_27,Discuss@display=center_crop_1080p
2160p_60hz_q_27,1080p_60hz_q_29,b15043b9-76db-434f-a66f-5267875bfa9d,2160p_60hz_q_27,Discuss@display=center_crop_1080p
2160p_60hz_q_27,1080p_60hz_q_29,757d41cf-5808-4373-a3b1-f7dd94f2ac11,2160p_60hz_q_27,Discuss@display=center_crop_1080p
2160p_60hz_q_27,1080p_60hz_q_29,4e09a9b9-6b2b-4400-80d9-80562371bcb7,2160p_60hz_q_27,Discuss@display=center_crop_1080p
2160p_60hz_q_27,2160p_60hz_q_27,43262614-2245-4ffb-ba5c-e087f9cfe4a3,1080p_60hz_q_29,Discuss@display=center_crop_1080p
2160p_60hz_q_27,1080p_60hz_q_29,56fb1617-07cb-4404-8798-8e34d0947e88,2160p_60hz_q_27,Discuss@display=center_crop_1080p
2160p_60hz_q_27,1080p_60hz_q_29,c35a25f8-73ad-40bf-ac86-c73d08325734,2160p_60hz_q_27,Discuss@display=center_crop_1080p
2160p_60hz_q_35,1080p_60hz_q_33,6548cc0b-1e7d-4c7b-bef3-d24d0e401d9c,2160p_60hz_q_35,Beauty@display=center_crop_1080p
2160p_60hz_q_35,2160p_60hz_q_35,2ea19ebb-5fdf-47c4-aa24-d9d7355fda95,1080p_60hz_q_33,Beauty@display=center_crop_1080p
,1080p_60hz_q_33,5d7831a1-caca-4669-9e4c-d8c0329ff397,2160p_60hz_q_35,Beauty@display=center_crop_1080p
2160p_60hz_q_35,2160p_60hz_q_35,15a33f39-68de-4ec2-a989-d4fb1a1d21f0,1080p_60hz_q_33,Beauty@display=center_crop_1080p
2160p_60hz_q_35,1080p_60hz_q_33,0b0fda41-82df-4015-b135-36c8ab65f2a0,2160p_60hz_q_35,Beauty@display=center_crop_1080p
2160p_60hz_q_35,1080p_60hz_q_33,4a35f560-042e-4d5b-b103-c56fd5d326a8,2160p_60hz_q_35,Beauty@display=center_crop_1080p
,1080p_60hz_q_33,badb4c68-c25f-4312-93cc-37b701824925,2160p_60hz_q_35,Beauty@display=center_crop_1080p
,2160p_60hz_q_35,e588b351-3f75-4040-858b-1286d607e866,1080p_60hz_q_33,Beauty@display=center_crop_1080p
2160p_60hz_q_35,2160p_60hz_q_35,facfb033-277b-427a-9169-4b9a020a2469,1080p_60hz_q_33,Beauty@display=center_crop_1080p
2160p_60hz_q_35,1080p_60hz_q_33,8af7b70c-7bcb-4870-a401-358e2ab39eab,2160p_60hz_q_35,Beauty@display=center_crop_1080p
2160p_60hz_q_37,1080p_60hz_q_41,0b0fda41-82df-4015-b135-36c8ab65f2a0,2160p_60hz_q_37,Ritual@display=center_crop_1080p
2160p_60hz_q_37,2160p_60hz_q_37,38ed80b5-0f71-489e-973d-37a39ed3a96c,1080p_60hz_q_41,Ritual@display=center_crop_1080p
2160p_60hz_q_37,1080p_60hz_q_41,0c55ce65-4725-4776-9e80-68de0d55c818,2160p_60hz_q_37,Ritual@display=center_crop_1080p
2160p_60hz_q_37,1080p_60hz_q_41,3289a60c-e8f2-4bed-b60c-1ed515026b67,2160p_60hz_q_37,Ritual@display=center_crop_1080p
2160p_60hz_q_37,1080p_60hz_q_41,82a236b2-18c8-4d54-a0b5-f88094d10601,2160p_60hz_q_37,Ritual@display=center_crop_1080p
2160p_60hz_q_37,2160p_60hz_q_37,7964e590-7127-4f9b-96c6-f13637d38713,1080p_60hz_q_41,Ritual@display=center_crop_1080p
2160p_60hz_q_37,1080p_60hz_q_41,0ffef109-60c6-4ceb-ac56-654ec208a83f,2160p_60hz_q_37,Ritual@display=center_crop_1080p
2160p_60hz_q_37,1080p_60hz_q_41,50643d45-c2af-4f8c-b193-3f15787dcbd2,2160p_60hz_q_37,Ritual@display=center_crop_1080p
2160p_60hz_q_37,2160p_60hz_q_37,d4f74e62-520b-489d-af5c-051c4d744c55,1080p_60hz_q_41,Ritual@display=center_crop_1080p
2160p_60hz_q_37,1080p_60hz_q_41,53fda506-b1fc-4245-860a-07ad40e5b65d,2160p_60hz_q_37,Ritual@display=center_crop_1080p
1080p_60hz_q_33,1080p_60hz_q_33,e2c15f73-409b-4bf1-bdb6-d0391da62807,1080p_60hz_q_25,Jockey@display=center_crop_1080p
1080p_60hz_q_25,1080p_60hz_q_33,523ea5e5-4fd4-40e9-9c8e-8d615f1f5f82,1080p_60hz_q_25,Jockey@display=center_crop_1080p
1080p_60hz_q_25,1080p_60hz_q_33,c9a88139-93f8-452e-8765-de0fd53867df,1080p_60hz_q_25,Jockey@display=center_crop_1080p
1080p_60hz_q_25,1080p_60hz_q_33,109eb910-4896-4ae9-8621-2db0f75f6dc4,1080p_60hz_q_25,Jockey@display=center_crop_1080p
1080p_60hz_q_25,1080p_60hz_q_25,a5de1a7c-1a0e-4207-8292-d8ed4a2eb2e7,1080p_60hz_q_33,Jockey@display=center_crop_1080p
,1080p_60hz_q_33,3b093b24-8dee-407c-adc3-23e77227e35b,1080p_60hz_q_25,Jockey@display=center_crop_1080p
1080p_60hz_q_25,1080p_60hz_q_25,26bdef07-111d-4497-95d2-1c34e0c6879f,1080p_60hz_q_33,Jockey@display=center_crop_1080p
1080p_60hz_q_25,1080p_60hz_q_33,848417ce-54e9-4f48-a77b-40f1cc056f40,1080p_60hz_q_25,Jockey@display=center_crop_1080p
1080p_60hz_q_25,1080p_60hz_q_25,7ac3129c-bc4a-4a32-9ca5-27a305d5c36c,1080p_60hz_q_33,Jockey@display=center_crop_1080p
1080p_60hz_q_25,1080p_60hz_q_33,8d422037-bbe3-4258-b1ef-8f0503275f26,1080p_60hz_q_25,Jockey@display=center_crop_1080p
2160p_60hz_q_33,1080p_60hz_q_31,cf2843f8-d897-4e6f-892f-3e8e414080c4,2160p_60hz_q_33,Dinner@display=center_crop_1080p
,1080p_60hz_q_31,7b6a30c6-4b19-47c7-bc99-5dd895ce82d3,2160p_60hz_q_33,Dinner@display=center_crop_1080p
1080p_60hz_q_31,1080p_60hz_q_31,de41656b-1f7f-453c-8775-6b21be1e124a,2160p_60hz_q_33,Dinner@display=center_crop_1080p
2160p_60hz_q_33,2160p_60hz_q_33,56fb1617-07cb-4404-8798-8e34d0947e88,1080p_60hz_q_31,Dinner@display=center_crop_1080p
2160p_60hz_q_33,1080p_60hz_q_31,0b0fda41-82df-4015-b135-36c8ab65f2a0,2160p_60hz_q_33,Dinner@display=center_crop_1080p
1080p_60hz_q_31,1080p_60hz_q_31,1e8852de-bbe6-48cd-a1a5-3159df60e41f,2160p_60hz_q_33,Dinner@display=center_crop_1080p
2160p_60hz_q_33,2160p_60hz_q_33,155e72f9-4498-4614-81f9-d887690e78ad,1080p_60hz_q_31,Dinner@display=center_crop_1080p
1080p_60hz_q_31,1080p_60hz_q_31,809c6f38-8134-47bd-8f9b-e5110f957391,2160p_60hz_q_33,Dinner@display=center_crop_1080p
2160p_60hz_q_33,2160p_60hz_q_33,c9a88139-93f8-452e-8765-de0fd53867df,1080p_60hz_q_31,Dinner@display=center_crop_1080p
2160p_60hz_q_33,1080p_60hz_q_31,3a9c1e54-5803-42be-b7c4-ae7a7c6d615f,2160p_60hz_q_33,Dinner@display=center_crop_1080p
2160p_60hz_q_25,1080p_60hz_q_41,0b0fda41-82df-4015-b135-36c8ab65f2a0,2160p_60hz_q_25,Narrator@display=center_crop_1080p
2160p_60hz_q_25,2160p_60hz_q_25,086fece1-937a-4fa9-896e-b14e469195b6,1080p_60hz_q_41,Narrator@display=center_crop_1080p
2160p_60hz_q_25,2160p_60hz_q_25,bb0de866-f477-4617-92a3-a805e8a1d219,1080p_60hz_q_41,Narrator@display=center_crop_1080p
2160p_60hz_q_25,1080p_60hz_q_41,e588b351-3f75-4040-858b-1286d607e866,2160p_60hz_q_25,Narrator@display=center_crop_1080p
2160p_60hz_q_25,1080p_60hz_q_41,1be63c96-99ea-42cd-9317-f035ce5c85a9,2160p_60hz_q_25,Narrator@display=center_crop_1080p
2160p_60hz_q_25,2160p_60hz_q_25,70fb323d-b8bb-4830-acf7-c066e2076a7a,1080p_60hz_q_41,Narrator@display=center_crop_1080p
2160p_60hz_q_25,1080p_60hz_q_41,59afbfdf-b41c-47dc-9323-b8a435f4b924,2160p_60hz_q_25,Narrator@display=center_crop_1080p
2160p_60hz_q_25,1080p_60hz_q_41,c80fb156-701f-41eb-b170-da73f11eb894,2160p_60hz_q_25,Narrator@display=center_crop_1080p
2160p_60hz_q_25,2160p_60hz_q_25,7ddeb20b-f4f8-4fb9-a492-b8062afa1e27,1080p_60hz_q_41,Narrator@display=center_crop_1080p
2160p_60hz_q_25,1080p_60hz_q_41,def6a485-5c26-438d-9ad9-e51d37f4a6cf,2160p_60hz_q_25,Narrator@display=center_crop_1080p
,2160p_60hz_q_45,1a451c03-6caa-4ba8-8207-bfdff094790a,1080p_60hz_q_41,SeaRock@display=center_crop_1080p
2160p_60hz_q_45,1080p_60hz_q_41,d2f8b16b-4b0b-4f2d-abf6-678cad1848f7,2160p_60hz_q_45,SeaRock@display=center_crop_1080p
2160p_60hz_q_45,2160p_60hz_q_45,98c55785-858a-4f32-8749-ac355e17dc91,1080p_60hz_q_41,SeaRock@display=center_crop_1080p
2160p_60hz_q_45,2160p_60hz_q_45,98c55785-858a-4f32-8749-ac355e17dc91,1080p_60hz_q_41,SeaRock@display=center_crop_1080p
2160p_60hz_q_45,1080p_60hz_q_41,d4f74e62-520b-489d-af5c-051c4d744c55,2160p_60hz_q_45,SeaRock@display=center_crop_1080p
2160p_60hz_q_45,1080p_60hz_q_41,e972bffc-ae23-4562-ac73-419f130e0062,2160p_60hz_q_45,SeaRock@display=center_crop_1080p
2160p_60hz_q_45,1080p_60hz_q_41,98c55785-858a-4f32-8749-ac355e17dc91,2160p_60hz_q_45,SeaRock@display=center_crop_1080p
2160p_60hz_q_45,1080p_60hz_q_41,0b0fda41-82df-4015-b135-36c8ab65f2a0,2160p_60hz_q_45,SeaRock@display=center_crop_1080p
2160p_60hz_q_45,2160p_60hz_q_45,e2c15f73-409b-4bf1-bdb6-d0391da62807,1080p_60hz_q_41,SeaRock@display=center_crop_1080p
1080p_60hz_q_41,1080p_60hz_q_41,38ed80b5-0f71-489e-973d-37a39ed3a96c,2160p_60hz_q_45,SeaRock@display=center_crop_1080p
1080p_60hz_q_35,2160p_60hz_q_51,0b0fda41-82df-4015-b135-36c8ab65f2a0,1080p_60hz_q_35,Tunnel@display=center_crop_1080p
1080p_60hz_q_35,1080p_60hz_q_35,fae05acc-8eb8-426e-94f6-a2acfd916530,2160p_60hz_q_51,Tunnel@display=center_crop_1080p
1080p_60hz_q_35,2160p_60hz_q_51,62b97f5e-f60a-46bc-933c-799cade5e19e,1080p_60hz_q_35,Tunnel@display=center_crop_1080p
1080p_60hz_q_35,2160p_60hz_q_51,3b093b24-8dee-407c-adc3-23e77227e35b,1080p_60hz_q_35,Tunnel@display=center_crop_1080p
1080p_60hz_q_35,1080p_60hz_q_35,2efb2ebe-b88e-4181-9d88-e79646ad323c,2160p_60hz_q_51,Tunnel@display=center_crop_1080p
1080p_60hz_q_35,1080p_60hz_q_35,82a236b2-18c8-4d54-a0b5-f88094d10601,2160p_60hz_q_51,Tunnel@display=center_crop_1080p
,2160p_60hz_q_51,c42c6f3e-4b34-4438-9461-dfc16820e17b,1080p_60hz_q_35,Tunnel@display=center_crop_1080p
1080p_60hz_q_35,1080p_60hz_q_35,1d9d2224-8591-47ef-a7b7-3347f5dbf4f2,2160p_60hz_q_51,Tunnel@display=center_crop_1080p
1080p_60hz_q_35,2160p_60hz_q_51,37fe0e5a-6482-4791-a6ee-6d277ad53a8e,1080p_60hz_q_35,Tunnel@display=center_crop_1080p
1080p_60hz_q_35,2160p_60hz_q_51,208e7f6c-d013-4a6f-a6be-3008a0d3130b,1080p_60hz_q_35,Tunnel@display=center_crop_1080p
1080p_60hz_q_29,1080p_60hz_q_29,ef28475d-dbd1-4ce8-903c-751fee91fbd1,1080p_60hz_q_43,Football@display=center_crop_1080p
1080p_60hz_q_29,1080p_60hz_q_43,337071eb-82e7-440f-93a9-60e3f4e874d3,1080p_60hz_q_29,Football@display=center_crop_1080p
1080p_60hz_q_29,1080p_60hz_q_43,ef28475d-dbd1-4ce8-903c-751fee91fbd1,1080p_60hz_q_29,Football@display=center_crop_1080p
1080p_60hz_q_29,1080p_60hz_q_43,a07115e7-e7a2-4d02-af4f-849190a7a0e9,1080p_60hz_q_29,Football@display=center_crop_1080p
1080p_60hz_q_29,1080p_60hz_q_29,e170141b-c0ee-4624-b054-17a5c6aced22,1080p_60hz_q_43,Football@display=center_crop_1080p
1080p_60hz_q_29,1080p_60hz_q_43,0b0fda41-82df-4015-b135-36c8ab65f2a0,1080p_60hz_q_29,Football@display=center_crop_1080p
1080p_60hz_q_29,1080p_60hz_q_29,eb8aa815-a946-4f28-b470-3f1c9fdf4788,1080p_60hz_q_43,Football@display=center_crop_1080p
1080p_60hz_q_29,1080p_60hz_q_43,b080efca-4a2b-456b-8b97-fa7150fa2f8d,1080p_60hz_q_29,Football@display=center_crop_1080p
1080p_60hz_q_29,1080p_60hz_q_29,5b32a3b4-03ed-4323-90b4-de0bff193bd8,1080p_60hz_q_43,Football@display=center_crop_1080p
1080p_60hz_q_29,1080p_60hz_q_43,b3bea668-0154-47a7-958c-45380c2c7da0,1080p_60hz_q_29,Football@display=center_crop_1080p
1080p_60hz_q_33,2160p_60hz_q_47,0b0fda41-82df-4015-b135-36c8ab65f2a0,1080p_60hz_q_33,Ready@display=center_crop_1080p
1080p_60hz_q_33,1080p_60hz_q_33,fc66e681-3ee1-4f30-9e0a-390ec97223e9,2160p_60hz_q_47,Ready@display=center_crop_1080p
1080p_60hz_q_33,1080p_60hz_q_33,7142d9c5-0e87-4291-b0c4-fe9768c9bb62,2160p_60hz_q_47,Ready@display=center_crop_1080p
1080p_60hz_q_33,2160p_60hz_q_47,fe6b749e-2b37-43ce-8ec0-132a654149bf,1080p_60hz_q_33,Ready@display=center_crop_1080p
1080p_60hz_q_33,2160p_60hz_q_47,c1f77f70-98ba-4d35-8fe5-5925140673e2,1080p_60hz_q_33,Ready@display=center_crop_1080p
1080p_60hz_q_33,1080p_60hz_q_33,8ffca7ad-9706-402d-a7d2-3b9c879a3bd5,2160p_60hz_q_47,Ready@display=center_crop_1080p
1080p_60hz_q_33,2160p_60hz_q_47,50643d45-c2af-4f8c-b193-3f15787dcbd2,1080p_60hz_q_33,Ready@display=center_crop_1080p
1080p_60hz_q_33,1080p_60hz_q_33,e2c15f73-409b-4bf1-bdb6-d0391da62807,2160p_60hz_q_47,Ready@display=center_crop_1080p
1080p_60hz_q_33,2160p_60hz_q_47,5fdf86ad-9d4e-4634-a044-29b78873c1a5,1080p_60hz_q_33,Ready@display=center_crop_1080p
1080p_60hz_q_33,1080p_60hz_q_33,fee7ebd1-9cce-414e-afba-84587a9f5557,2160p_60hz_q_47,Ready@display=center_crop_1080p
1080p_60hz_q_31,2160p_60hz_q_45,0b0fda41-82df-4015-b135-36c8ab65f2a0,1080p_60hz_q_31,Dancers@display=center_crop_1080p
1080p_60hz_q_31,2160p_60hz_q_45,39f32b60-c4bd-4287-bb95-c5acf6f45aa7,1080p_60hz_q_31,Dancers@display=center_crop_1080p
1080p_60hz_q_31,1080p_60hz_q_31,e154a82c-3a72-4854-8f3a-f54550369af2,2160p_60hz_q_45,Dancers@display=center_crop_1080p
1080p_60hz_q_31,1080p_60hz_q_31,2bd94a3e-72b0-4010-9e82-d5d934a3ab57,2160p_60hz_q_45,Dancers@display=center_crop_1080p
1080p_60hz_q_31,1080p_60hz_q_31,30e8a8c4-2328-440a-b55d-d5378c63abce,2160p_60hz_q_45,Dancers@display=center_crop_1080p
1080p_60hz_q_31,1080p_60hz_q_31,fcf36229-e931-4a91-8e22-2a87f1aab261,2160p_60hz_q_45,Dancers@display=center_crop_1080p
1080p_60hz_q_31,2160p_60hz_q_45,7ac3129c-bc4a-4a32-9ca5-27a305d5c36c,1080p_60hz_q_31,Dancers@display=center_crop_1080p
1080p_60hz_q_31,2160p_60hz_q_45,c42c6f3e-4b34-4438-9461-dfc16820e17b,1080p_60hz_q_31,Dancers@display=center_crop_1080p
1080p_60hz_q_31,2160p_60hz_q_45,d4f74e62-520b-489d-af5c-051c4d744c55,1080p_60hz_q_31,Dancers@display=center_crop_1080p
1080p_60hz_q_31,2160p_60hz_q_45,7ddeb20b-f4f8-4fb9-a492-b8062afa1e27,1080p_60hz_q_31,Dancers@display=center_crop_1080p
2160p_60hz_q_29,1080p_60hz_q_27,0b0fda41-82df-4015-b135-36c8ab65f2a0,2160p_60hz_q_29,HoneyBee@display=center_crop_1080p
,2160p_60hz_q_29,0c824067-2fc7-44f5-9e62-4469ee9f28bd,1080p_60hz_q_27,HoneyBee@display=center_crop_1080p
2160p_60hz_q_29,1080p_60hz_q_27,7732bed5-fc82-4d88-b674-40d62da7e8d0,2160p_60hz_q_29,HoneyBee@display=center_crop_1080p
,1080p_60hz_q_27,beec74c3-b6a6-4e5b-b5dc-ece5e72efd35,2160p_60hz_q_29,HoneyBee@display=center_crop_1080p
2160p_60hz_q_29,2160p_60hz_q_29,606c83fe-5972-4bcb-b811-f7bb443fc6fd,1080p_60hz_q_27,HoneyBee@display=center_crop_1080p
,1080p_60hz_q_27,8ffca7ad-9706-402d-a7d2-3b9c879a3bd5,2160p_60hz_q_29,HoneyBee@display=center_crop_1080p
1080p_60hz_q_27,1080p_60hz_q_27,654273d8-39da-4132-b299-f4c320d54d3b,2160p_60hz_q_29,HoneyBee@display=center_crop_1080p
,2160p_60hz_q_29,27abb805-a7c5-4e2e-b455-f76a6a91906b,1080p_60hz_q_27,HoneyBee@display=center_crop_1080p
2160p_60hz_q_29,2160p_60hz_q_29,a924191d-6339-4d6f-b4fa-cc87e9e9f573,1080p_60hz_q_27,HoneyBee@display=center_crop_1080p
,1080p_60hz_q_27,1fe98c14-e7fb-4352-b0be-e531236faf61,2160p_60hz_q_29,HoneyBee@display=center_crop_1080p
1080p_60hz_q_27,2160p_60hz_q_45,84a9bb8b-5b89-4196-aad3-5ec58814e164,1080p_60hz_q_27,Narrator@display=center_crop_1080p
1080p_60hz_q_27,2160p_60hz_q_45,df575ecc-df7d-4fe6-902d-c05730fce434,1080p_60hz_q_27,Narrator@display=center_crop_1080p
1080p_60hz_q_27,1080p_60hz_q_27,eb8aa815-a946-4f28-b470-3f1c9fdf4788,2160p_60hz_q_45,Narrator@display=center_crop_1080p
1080p_60hz_q_27,2160p_60hz_q_45,7732bed5-fc82-4d88-b674-40d62da7e8d0,1080p_60hz_q_27,Narrator@display=center_crop_1080p
1080p_60hz_q_27,2160p_60hz_q_45,631d5c27-ad66-408c-b36e-9da595aaa740,1080p_60hz_q_27,Narrator@display=center_crop_1080p
1080p_60hz_q_27,2160p_60hz_q_45,8ffca7ad-9706-402d-a7d2-3b9c879a3bd5,1080p_60hz_q_27,Narrator@display=center_crop_1080p
1080p_60hz_q_27,2160p_60hz_q_45,18b65afe-0318-4e2f-b48f-d243fa07b40c,1080p_60hz_q_27,Narrator@display=center_crop_1080p
1080p_60hz_q_27,2160p_60hz_q_45,edc9c4be-870a-4682-bc68-79c60e58efe1,1080p_60hz_q_27,Narrator@display=center_crop_1080p
1080p_60hz_q_27,1080p_60hz_q_27,d88c101b-11c9-4e8d-9dae-f4e5b67933d1,2160p_60hz_q_45,Narrator@display=center_crop_1080p
1080p_60hz_q_27,1080p_60hz_q_27,d11f9ccb-7bb2-41ae-beae-fa69cbbfbde7,2160p_60hz_q_45,Narrator@display=center_crop_1080p
1080p_60hz_q_29,2160p_60hz_q_49,84a9bb8b-5b89-4196-aad3-5ec58814e164,1080p_60hz_q_29,Discuss@display=center_crop_1080p
1080p_60hz_q_29,1080p_60hz_q_29,f6295a10-e597-43a1-97d3-3e15e7a7d385,2160p_60hz_q_49,Discuss@display=center_crop_1080p
1080p_60hz_q_29,1080p_60hz_q_29,e8103e3b-0bfe-47b6-b4ec-9aefdfb262aa,2160p_60hz_q_49,Discuss@display=center_crop_1080p
1080p_60hz_q_29,1080p_60hz_q_29,07bb6da7-3bb5-4713-94b5-3cc6da69b587,2160p_60hz_q_49,Discuss@display=center_crop_1080p
1080p_60hz_q_29,2160p_60hz_q_49,05b5a635-0c1c-40d3-a1d1-41f2cfd5eb5c,1080p_60hz_q_29,Discuss@display=center_crop_1080p
1080p_60hz_q_29,1080p_60hz_q_29,920ae656-f821-4eb5-a087-1c0799062c8b,2160p_60hz_q_49,Discuss@display=center_crop_1080p
1080p_60hz_q_29,1080p_60hz_q_29,a21ffff2-ba97-464c-a146-c7f86c53705a,2160p_60hz_q_49,Discuss@display=center_crop_1080p
1080p_60hz_q_29,2160p_60hz_q_49,db96f8b8-515c-4db2-a50b-980516bf9af5,1080p_60hz_q_29,Discuss@display=center_crop_1080p
1080p_60hz_q_29,1080p_60hz_q_29,d11f9ccb-7bb2-41ae-beae-fa69cbbfbde7,2160p_60hz_q_49,Discuss@display=center_crop_1080p
1080p_60hz_q_29,1080p_60hz_q_29,d11f9ccb-7bb2-41ae-beae-fa69cbbfbde7,2160p_60hz_q_49,Discuss@display=center_crop_1080p
1080p_60hz_q_31,2160p_60hz_q_37,84a9bb8b-5b89-4196-aad3-5ec58814e164,1080p_60hz_q_31,Dinner@display=center_crop_1080p
1080p_60hz_q_31,1080p_60hz_q_31,aaf93665-e2a2-453b-9ecf-937b0d3a5597,2160p_60hz_q_37,Dinner@display=center_crop_1080p
1080p_60hz_q_31,2160p_60hz_q_37,863335b0-11fb-4fc6-80d1-123269c15ba3,1080p_60hz_q_31,Dinner@display=center_crop_1080p
1080p_60hz_q_31,1080p_60hz_q_31,7ac3129c-bc4a-4a32-9ca5-27a305d5c36c,2160p_60hz_q_37,Dinner@display=center_crop_1080p
,2160p_60hz_q_37,e170141b-c0ee-4624-b054-17a5c6aced22,1080p_60hz_q_31,Dinner@display=center_crop_1080p
2160p_60hz_q_37,2160p_60hz_q_37,b48a33a8-dd39-4714-b7bf-1a3c90661e10,1080p_60hz_q_31,Dinner@display=center_crop_1080p
2160p_60hz_q_37,2160p_60hz_q_37,40acb942-4edc-4dea-a078-26987e1de4a3,1080p_60hz_q_31,Dinner@display=center_crop_1080p
,2160p_60hz_q_37,9d9a8f21-682d-4940-bb3e-77802c7e41fe,1080p_60hz_q_31,Dinner@display=center_crop_1080p
2160p_60hz_q_37,2160p_60hz_q_37,45d734a8-ca71-42f6-abde-ef570e3b4cf1,1080p_60hz_q_31,Dinner@display=center_crop_1080p
,1080p_60hz_q_31,2e18b0d1-37c9-4503-a092-99a9ed14251c,2160p_60hz_q_37,Dinner@display=center_crop_1080p
2160p_60hz_q_37,2160p_60hz_q_49,beec74c3-b6a6-4e5b-b5dc-ece5e72efd35,2160p_60hz_q_37,Yacht@display=center_crop_1080p
2160p_60hz_q_37,2160p_60hz_q_37,757d41cf-5808-4373-a3b1-f7dd94f2ac11,2160p_60hz_q_49,Yacht@display=center_crop_1080p
2160p_60hz_q_37,2160p_60hz_q_49,de41656b-1f7f-453c-8775-6b21be1e124a,2160p_60hz_q_37,Yacht@display=center_crop_1080p
2160p_60hz_q_37,2160p_60hz_q_49,fc66e681-3ee1-4f30-9e0a-390ec97223e9,2160p_60hz_q_37,Yacht@display=center_crop_1080p
2160p_60hz_q_37,2160p_60hz_q_49,f33fbf32-6eda-406b-84e4-2bf22ec6cf36,2160p_60hz_q_37,Yacht@display=center_crop_1080p
2160p_60hz_q_37,2160p_60hz_q_37,951670ac-a4a0-4c5f-b3e8-f8edc637fa52,2160p_60hz_q_49,Yacht@display=center_crop_1080p
2160p_60hz_q_37,2160p_60hz_q_37,ac060a26-f40f-4682-ab6e-89bc9d9355fb,2160p_60hz_q_49,Yacht@display=center_crop_1080p
2160p_60hz_q_37,2160p_60hz_q_49,e14d6669-467f-41ea-9347-18173aa10ac3,2160p_60hz_q_37,Yacht@display=center_crop_1080p
2160p_60hz_q_37,2160p_60hz_q_37,5ca47ce2-d2f1-4fa3-ad4c-eaf361944918,2160p_60hz_q_49,Yacht@display=center_crop_1080p
2160p_60hz_q_37,2160p_60hz_q_37,fee7ebd1-9cce-414e-afba-84587a9f5557,2160p_60hz_q_49,Yacht@display=center_crop_1080p
2160p_60hz_q_41,2160p_60hz_q_45,d093d363-050e-4485-a32c-a78f0cbf9200,2160p_60hz_q_41,Football@display=center_crop_1080p
2160p_60hz_q_41,2160p_60hz_q_45,84a9bb8b-5b89-4196-aad3-5ec58814e164,2160p_60hz_q_41,Football@display=center_crop_1080p
2160p_60hz_q_41,2160p_60hz_q_41,285deb4d-638a-4cee-8ceb-cf512c184de5,2160p_60hz_q_45,Football@display=center_crop_1080p
2160p_60hz_q_41,2160p_60hz_q_41,0341a278-6c8f-4762-a626-c5d04a0fa9fb,2160p_60hz_q_45,Football@display=center_crop_1080p
2160p_60hz_q_41,2160p_60hz_q_41,702eb14b-2395-4120-ad3f-dee6b6427bb4,2160p_60hz_q_45,Football@display=center_crop_1080p
2160p_60hz_q_41,2160p_60hz_q_41,9adcb266-908a-48bb-869c-d7ee226280f2,2160p_60hz_q_45,Football@display=center_crop_1080p
2160p_60hz_q_45,2160p_60hz_q_45,fba23fd4-9b8e-48e9-87c0-332c32d92b5d,2160p_60hz_q_41,Football@display=center_crop_1080p
2160p_60hz_q_45,2160p_60hz_q_41,0ef0a234-67c9-41cd-bf18-ce87701e1950,2160p_60hz_q_45,Football@display=center_crop_1080p
2160p_60hz_q_41,2160p_60hz_q_45,685a3e68-04ce-40bd-bf57-9619db51dcfc,2160p_60hz_q_41,Football@display=center_crop_1080p
2160p_60hz_q_41,2160p_60hz_q_41,26d14aae-323e-4dc1-ba80-01bf70af6aab,2160p_60hz_q_45,Football@display=center_crop_1080p
2160p_60hz_q_41,2160p_60hz_q_45,84a9bb8b-5b89-4196-aad3-5ec58814e164,2160p_60hz_q_41,Ritual@display=center_crop_1080p
2160p_60hz_q_41,2160p_60hz_q_41,d2d885e4-1ca3-4625-8c39-88667529f002,2160p_60hz_q_45,Ritual@display=center_crop_1080p
2160p_60hz_q_41,2160p_60hz_q_45,9b110929-8562-4dea-aa03-dea569d7160a,2160p_60hz_q_41,Ritual@display=center_crop_1080p
2160p_60hz_q_41,2160p_60hz_q_41,809c6f38-8134-47bd-8f9b-e5110f957391,2160p_60hz_q_45,Ritual@display=center_crop_1080p
2160p_60hz_q_45,2160p_60hz_q_45,30e8a8c4-2328-440a-b55d-d5378c63abce,2160p_60hz_q_41,Ritual@display=center_crop_1080p
2160p_60hz_q_41,2160p_60hz_q_45,9832020d-32c9-4b00-b7da-f708d715fc06,2160p_60hz_q_41,Ritual@display=center_crop_1080p
2160p_60hz_q_41,2160p_60hz_q_41,70fb323d-b8bb-4830-acf7-c066e2076a7a,2160p_60hz_q_45,Ritual@display=center_crop_1080p
2160p_60hz_q_41,2160p_60hz_q_41,f16afd28-7eb2-490b-9dee-9411c451c7b6,2160p_60hz_q_45,Ritual@display=center_crop_1080p
2160p_60hz_q_41,2160p_60hz_q_45,1d9d2224-8591-47ef-a7b7-3347f5dbf4f2,2160p_60hz_q_41,Ritual@display=center_crop_1080p
2160p_60hz_q_41,2160p_60hz_q_41,b5975696-d633-4dcb-aee4-f089dc00b163,2160p_60hz_q_45,Ritual@display=center_crop_1080p
1080p_60hz_q_23,1080p_60hz_q_23,84a9bb8b-5b89-4196-aad3-5ec58814e164,2160p_60hz_q_45,HoneyBee@display=center_crop_1080p
1080p_60hz_q_23,2160p_60hz_q_45,946b7170-be46-4eb3-b754-5ee5511bc09a,1080p_60hz_q_23,HoneyBee@display=center_crop_1080p
1080p_60hz_q_23,1080p_60hz_q_23,e154a82c-3a72-4854-8f3a-f54550369af2,2160p_60hz_q_45,HoneyBee@display=center_crop_1080p
1080p_60hz_q_23,2160p_60hz_q_45,cb7ef030-32e8-43e5-ab92-83ef3ebe1440,1080p_60hz_q_23,HoneyBee@display=center_crop_1080p
1080p_60hz_q_23,2160p_60hz_q_45,43b2c520-73e1-4b7a-bf5d-72f725568d35,1080p_60hz_q_23,HoneyBee@display=center_crop_1080p
1080p_60hz_q_23,1080p_60hz_q_23,606c83fe-5972-4bcb-b811-f7bb443fc6fd,2160p_60hz_q_45,HoneyBee@display=center_crop_1080p
1080p_60hz_q_23,1080p_60hz_q_23,a5762c12-c5ba-4b11-898d-9ae55f04d30a,2160p_60hz_q_45,HoneyBee@display=center_crop_1080p
1080p_60hz_q_23,1080p_60hz_q_23,badb4c68-c25f-4312-93cc-37b701824925,2160p_60hz_q_45,HoneyBee@display=center_crop_1080p
1080p_60hz_q_23,2160p_60hz_q_45,2307d8e9-642b-4f06-8182-1c953bcbcc79,1080p_60hz_q_23,HoneyBee@display=center_crop_1080p
1080p_60hz_q_23,1080p_60hz_q_23,e7ac105b-703b-4de4-9812-9d319b7f1f75,2160p_60hz_q_45,HoneyBee@display=center_crop_1080p
2160p_60hz_q_33,2160p_60hz_q_33,1a4f9bd0-1ff2-4da0-96f3-91c32fa4eda4,2160p_60hz_q_47,Jockey@display=center_crop_1080p
2160p_60hz_q_33,2160p_60hz_q_33,863335b0-11fb-4fc6-80d1-123269c15ba3,2160p_60hz_q_47,Jockey@display=center_crop_1080p
2160p_60hz_q_33,2160p_60hz_q_33,2ed884e7-7f71-4a59-88ae-63e2f27f6fef,2160p_60hz_q_47,Jockey@display=center_crop_1080p
2160p_60hz_q_33,2160p_60hz_q_33,62b97f5e-f60a-46bc-933c-799cade5e19e,2160p_60hz_q_47,Jockey@display=center_crop_1080p
2160p_60hz_q_33,2160p_60hz_q_47,d910e078-d366-48f9-80a5-0723efa4eb4b,2160p_60hz_q_33,Jockey@display=center_crop_1080p
2160p_60hz_q_33,2160p_60hz_q_47,e588b351-3f75-4040-858b-1286d607e866,2160p_60hz_q_33,Jockey@display=center_crop_1080p
2160p_60hz_q_33,2160p_60hz_q_33,0ffef109-60c6-4ceb-ac56-654ec208a83f,2160p_60hz_q_47,Jockey@display=center_crop_1080p
2160p_60hz_q_33,2160p_60hz_q_47,ee00aeb2-a1df-4d5c-bf9c-9699648637aa,2160p_60hz_q_33,Jockey@display=center_crop_1080p
2160p_60hz_q_33,2160p_60hz_q_47,7bbe860b-aaf5-41f4-afb2-851886818fc7,2160p_60hz_q_33,Jockey@display=center_crop_1080p
2160p_60hz_q_33,2160p_60hz_q_33,84a9bb8b-5b89-4196-aad3-5ec58814e164,2160p_60hz_q_47,Jockey@display=center_crop_1080p
2160p_60hz_q_27,2160p_60hz_q_27,84a9bb8b-5b89-4196-aad3-5ec58814e164,2160p_60hz_q_45,SeaRock@display=center_crop_1080p
2160p_60hz_q_27,2160p_60hz_q_27,d2d885e4-1ca3-4625-8c39-88667529f002,2160p_60hz_q_45,SeaRock@display=center_crop_1080p
2160p_60hz_q_27,2160p_60hz_q_27,a07115e7-e7a2-4d02-af4f-849190a7a0e9,2160p_60hz_q_45,SeaRock@display=center_crop_1080p
2160p_60hz_q_27,2160p_60hz_q_27,5289ab4b-344d-487f-ac39-320de560806e,2160p_60hz_q_45,SeaRock@display=center_crop_1080p
2160p_60hz_q_27,2160p_60hz_q_45,d0def9ea-d1d8-481e-865e-e7781ca522cf,2160p_60hz_q_27,SeaRock@display=center_crop_1080p
2160p_60hz_q_27,2160p_60hz_q_45,c42c6f3e-4b34-4438-9461-dfc16820e17b,2160p_60hz_q_27,SeaRock@display=center_crop_1080p
2160p_60hz_q_27,2160p_60hz_q_27,fee7ebd1-9cce-414e-afba-84587a9f5557,2160p_60hz_q_45,SeaRock@display=center_crop_1080p
2160p_60hz_q_27,2160p_60hz_q_45,1be4edae-5a41-4038-b893-a09775762485,2160p_60hz_q_27,SeaRock@display=center_crop_1080p
2160p_60hz_q_27,2160p_60hz_q_27,ee00aeb2-a1df-4d5c-bf9c-9699648637aa,2160p_60hz_q_45,SeaRock@display=center_crop_1080p
2160p_60hz_q_27,2160p_60hz_q_45,e8e854f8-db3b-4b12-b87f-0c5c849cf0ab,2160p_60hz_q_27,SeaRock@display=center_crop_1080p
2160p_60hz_q_33,2160p_60hz_q_45,a5de1a7c-1a0e-4207-8292-d8ed4a2eb2e7,2160p_60hz_q_33,Dancers@display=center_crop_1080p
2160p_60hz_q_33,2160p_60hz_q_33,d910e078-d366-48f9-80a5-0723efa4eb4b,2160p_60hz_q_45,Dancers@display=center_crop_1080p
2160p_60hz_q_33,2160p_60hz_q_45,eab9779d-4083-4225-8473-fc8798ebb47e,2160p_60hz_q_33,Dancers@display=center_crop_1080p
2160p_60hz_q_33,2160p_60hz_q_45,9f51abaa-a048-44d8-ae58-d57bbdc1ef25,2160p_60hz_q_33,Dancers@display=center_crop_1080p
2160p_60hz_q_33,2160p_60hz_q_45,1a451c03-6caa-4ba8-8207-bfdff094790a,2160p_60hz_q_33,Dancers@display=center_crop_1080p
2160p_60hz_q_33,2160p_60hz_q_45,7964e590-7127-4f9b-96c6-f13637d38713,2160p_60hz_q_33,Dancers@display=center_crop_1080p
2160p_60hz_q_33,2160p_60hz_q_45,1a451c03-6caa-4ba8-8207-bfdff094790a,2160p_60hz_q_33,Dancers@display=center_crop_1080p
2160p_60hz_q_33,2160p_60hz_q_45,f6295a10-e597-43a1-97d3-3e15e7a7d385,2160p_60hz_q_33,Dancers@display=center_crop_1080p
2160p_60hz_q_33,2160p_60hz_q_45,1fe98c14-e7fb-4352-b0be-e531236faf61,2160p_60hz_q_33,Dancers@display=center_crop_1080p
2160p_60hz_q_33,2160p_60hz_q_45,1f673a0c-db45-4f78-9d42-cde1779d5d4e,2160p_60hz_q_33,Dancers@display=center_crop_1080p
1080p_60hz_q_31,2160p_60hz_q_45,f6295a10-e597-43a1-97d3-3e15e7a7d385,1080p_60hz_q_31,Ritual@display=center_crop_1080p
1080p_60hz_q_31,2160p_60hz_q_45,14da32d8-0023-44b9-bb95-51f1fad516e6,1080p_60hz_q_31,Ritual@display=center_crop_1080p
1080p_60hz_q_31,1080p_60hz_q_31,48b895da-31dd-4c47-8d99-cbe1bd7d4339,2160p_60hz_q_45,Ritual@display=center_crop_1080p
1080p_60hz_q_31,2160p_60hz_q_45,f33fbf32-6eda-406b-84e4-2bf22ec6cf36,1080p_60hz_q_31,Ritual@display=center_crop_1080p
1080p_60hz_q_31,2160p_60hz_q_45,43b2c520-73e1-4b7a-bf5d-72f725568d35,1080p_60hz_q_31,Ritual@display=center_crop_1080p
1080p_60hz_q_31,2160p_60hz_q_45,9d9a8f21-682d-4940-bb3e-77802c7e41fe,1080p_60hz_q_31,Ritual@display=center_crop_1080p
1080p_60hz_q_31,2160p_60hz_q_45,6005423d-55ca-4137-8021-d3db601da77e,1080p_60hz_q_31,Ritual@display=center_crop_1080p
1080p_60hz_q_31,1080p_60hz_q_31,5fdf86ad-9d4e-4634-a044-29b78873c1a5,2160p_60hz_q_45,Ritual@display=center_crop_1080p
1080p_60hz_q_31,1080p_60hz_q_31,cc653c90-c2e7-463e-83b6-1dee35da7534,2160p_60hz_q_45,Ritual@display=center_crop_1080p
1080p_60hz_q_31,2160p_60hz_q_45,02bdc5dd-6b5a-4f34-b244-61603b6e09ae,1080p_60hz_q_31,Ritual@display=center_crop_1080p
2160p_60hz_q_45,2160p_60hz_q_45,6005423d-55ca-4137-8021-d3db601da77e,2160p_60hz_q_49,Yacht@display=center_crop_1080p
2160p_60hz_q_45,2160p_60hz_q_49,ca304a7b-b10f-4cd3-a40e-3663b1a6fc20,2160p_60hz_q_45,Yacht@display=center_crop_1080p
2160p_60hz_q_45,2160p_60hz_q_45,1a4f9bd0-1ff2-4da0-96f3-91c32fa4eda4,2160p_60hz_q_49,Yacht@display=center_crop_1080p
2160p_60hz_q_45,2160p_60hz_q_45,cd044f9e-7cb5-48e5-a688-e76fa4ed8517,2160p_60hz_q_49,Yacht@display=center_crop_1080p
2160p_60hz_q_45,2160p_60hz_q_45,8d422037-bbe3-4258-b1ef-8f0503275f26,2160p_60hz_q_49,Yacht@display=center_crop_1080p
2160p_60hz_q_45,2160p_60hz_q_45,f6295a10-e597-43a1-97d3-3e15e7a7d385,2160p_60hz_q_49,Yacht@display=center_crop_1080p
2160p_60hz_q_45,2160p_60hz_q_49,920ae656-f821-4eb5-a087-1c0799062c8b,2160p_60hz_q_45,Yacht@display=center_crop_1080p
2160p_60hz_q_45,2160p_60hz_q_45,ca1ed559-56c0-4ec2-9a97-ef41e1a1ef4d,2160p_60hz_q_49,Yacht@display=center_crop_1080p
2160p_60hz_q_45,2160p_60hz_q_49,1879c35a-85bd-4033-aa8d-f1c79ce51a7f,2160p_60hz_q_45,Yacht@display=center_crop_1080p
2160p_60hz_q_45,2160p_60hz_q_45,532f40a1-621c-494b-8e10-a8cb0668755d,2160p_60hz_q_49,Yacht@display=center_crop_1080p
2160p_60hz_q_41,1080p_60hz_q_25,f6295a10-e597-43a1-97d3-3e15e7a7d385,2160p_60hz_q_41,Dinner@display=center_crop_1080p
1080p_60hz_q_25,1080p_60hz_q_25,df3181f3-e23f-460f-b47b-84cc79f0625c,2160p_60hz_q_41,Dinner@display=center_crop_1080p
1080p_60hz_q_25,1080p_60hz_q_25,fcf36c35-1d49-4f05-a0d2-3f573be84282,2160p_60hz_q_41,Dinner@display=center_crop_1080p
1080p_60hz_q_25,2160p_60hz_q_41,8503e28a-947a-459c-a673-7beb97834ba5,1080p_60hz_q_25,Dinner@display=center_crop_1080p
1080p_60hz_q_25,2160p_60hz_q_41,532f40a1-621c-494b-8e10-a8cb0668755d,1080p_60hz_q_25,Dinner@display=center_crop_1080p
1080p_60hz_q_25,1080p_60hz_q_25,98c79528-25d0-4621-8eb2-562c49004f90,2160p_60hz_q_41,Dinner@display=center_crop_1080p
1080p_60hz_q_25,2160p_60hz_q_41,606c83fe-5972-4bcb-b811-f7bb443fc6fd,1080p_60hz_q_25,Dinner@display=center_crop_1080p
1080p_60hz_q_25,2160p_60hz_q_41,2e5b02d4-0a00-4feb-993b-d3dd3567d028,1080p_60hz_q_25,Dinner@display=center_crop_1080p
1080p_60hz_q_25,1080p_60hz_q_25,3e499d20-74be-44a1-956e-8b361c3a75b1,2160p_60hz_q_41,Dinner@display=center_crop_1080p
1080p_60hz_q_25,2160p_60hz_q_41,5ca47ce2-d2f1-4fa3-ad4c-eaf361944918,1080p_60hz_q_25,Dinner@display=center_crop_1080p
2160p_60hz_q_39,2160p_60hz_q_39,f6295a10-e597-43a1-97d3-3e15e7a7d385,2160p_60hz_q_43,Toddler@display=center_crop_1080p
,2160p_60hz_q_43,de106203-e86a-420a-8d43-f3d9603b8900,2160p_60hz_q_39,Toddler@display=center_crop_1080p
2160p_60hz_q_39,2160p_60hz_q_43,946b7170-be46-4eb3-b754-5ee5511bc09a,2160p_60hz_q_39,Toddler@display=center_crop_1080p
2160p_60hz_q_39,2160p_60hz_q_39,cb7ef030-32e8-43e5-ab92-83ef3ebe1440,2160p_60hz_q_43,Toddler@display=center_crop_1080p
2160p_60hz_q_39,2160p_60hz_q_43,e53d4eea-976a-4b76-925c-8f49229e1c77,2160p_60hz_q_39,Toddler@display=center_crop_1080p
,2160p_60hz_q_43,9832020d-32c9-4b00-b7da-f708d715fc06,2160p_60hz_q_39,Toddler@display=center_crop_1080p
2160p_60hz_q_39,2160p_60hz_q_43,f96ffcdd-22c6-49b7-bd2d-73e698539f79,2160p_60hz_q_39,Toddler@display=center_crop_1080p
2160p_60hz_q_39,2160p_60hz_q_39,af582b31-de6f-45b4-b3d3-ec513c6500eb,2160p_60hz_q_43,Toddler@display=center_crop_1080p
2160p_60hz_q_39,2160p_60hz_q_39,2e18b0d1-37c9-4503-a092-99a9ed14251c,2160p_60hz_q_43,Toddler@display=center_crop_1080p
2160p_60hz_q_39,2160p_60hz_q_39,234f2863-9dc3-4857-bbf9-144b0e1a86f4,2160p_60hz_q_43,Toddler@display=center_crop_1080p
2160p_60hz_q_41,2160p_60hz_q_41,f6295a10-e597-43a1-97d3-3e15e7a7d385,1080p_60hz_q_41,Ready@display=center_crop_1080p
2160p_60hz_q_41,2160p_60hz_q_41,eedf411b-6b3f-45af-bfac-983da3c35692,1080p_60hz_q_41,Ready@display=center_crop_1080p
2160p_60hz_q_41,1080p_60hz_q_41,7fa32d26-7bca-4bd0-8d73-03341d624eca,2160p_60hz_q_41,Ready@display=center_crop_1080p
2160p_60hz_q_41,1080p_60hz_q_41,0e46f967-6968-4dbb-8903-a997c011029d,2160p_60hz_q_41,Ready@display=center_crop_1080p
,1080p_60hz_q_41,4731f594-5464-428a-8891-726dceae70cb,2160p_60hz_q_41,Ready@display=center_crop_1080p
2160p_60hz_q_41,2160p_60hz_q_41,70fb323d-b8bb-4830-acf7-c066e2076a7a,1080p_60hz_q_41,Ready@display=center_crop_1080p
2160p_60hz_q_41,1080p_60hz_q_41,8874acc5-cdbe-47f2-a092-7777f2ee3594,2160p_60hz_q_41,Ready@display=center_crop_1080p
,1080p_60hz_q_41,d88c101b-11c9-4e8d-9dae-f4e5b67933d1,2160p_60hz_q_41,Ready@display=center_crop_1080p
2160p_60hz_q_41,2160p_60hz_q_41,26c9aed6-c72c-40ff-adda-e31709393d7e,1080p_60hz_q_41,Ready@display=center_crop_1080p
2160p_60hz_q_41,2160p_60hz_q_41,da2c9fd7-50ab-458a-a922-f54ef3dbc3b2,1080p_60hz_q_41,Ready@display=center_crop_1080p
2160p_60hz_q_31,2160p_60hz_q_31,a5762c12-c5ba-4b11-898d-9ae55f04d30a,1080p_60hz_q_33,Beauty@display=center_crop_1080p
2160p_60hz_q_31,2160p_60hz_q_31,f304bc2a-d059-481e-9268-2dc6d5c0ee8f,1080p_60hz_q_33,Beauty@display=center_crop_1080p
2160p_60hz_q_31,1080p_60hz_q_33,fbfd61f4-6813-4623-98f8-85664b3910ae,2160p_60hz_q_31,Beauty@display=center_crop_1080p
1080p_60hz_q_33,1080p_60hz_q_33,f6295a10-e597-43a1-97d3-3e15e7a7d385,2160p_60hz_q_31,Beauty@display=center_crop_1080p
2160p_60hz_q_31,1080p_60hz_q_33,2ed884e7-7f71-4a59-88ae-63e2f27f6fef,2160p_60hz_q_31,Beauty@display=center_crop_1080p
2160p_60hz_q_31,1080p_60hz_q_33,27abb805-a7c5-4e2e-b455-f76a6a91906b,2160p_60hz_q_31,Beauty@display=center_crop_1080p
2160p_60hz_q_31,1080p_60hz_q_33,e53d4eea-976a-4b76-925c-8f49229e1c77,2160p_60hz_q_31,Beauty@display=center_crop_1080p
2160p_60hz_q_31,2160p_60hz_q_31,920ae656-f821-4eb5-a087-1c0799062c8b,1080p_60hz_q_33,Beauty@display=center_crop_1080p
2160p_60hz_q_31,2160p_60hz_q_31,9d4cc4b7-59aa-493d-844b-83e05a7ee9b6,1080p_60hz_q_33,Beauty@display=center_crop_1080p
2160p_60hz_q_31,2160p_60hz_q_31,b687d08f-c451-43a4-a016-b7164e40457a,1080p_60hz_q_33,Beauty@display=center_crop_1080p
2160p_60hz_q_33,1080p_60hz_q_41,baff962a-861f-470e-b1f5-deb3cc28475d,2160p_60hz_q_33,SeaRock@display=center_crop_1080p
2160p_60hz_q_33,1080p_60hz_q_41,c422e83a-4ae2-46de-a97a-8bb99b9b6408,2160p_60hz_q_33,SeaRock@display=center_crop_1080p
2160p_60hz_q_33,1080p_60hz_q_41,f6295a10-e597-43a1-97d3-3e15e7a7d385,2160p_60hz_q_33,SeaRock@display=center_crop_1080p
2160p_60hz_q_33,1080p_60hz_q_41,848417ce-54e9-4f48-a77b-40f1cc056f40,2160p_60hz_q_33,SeaRock@display=center_crop_1080p
2160p_60hz_q_33,2160p_60hz_q_33,8874acc5-cdbe-47f2-a092-7777f2ee3594,1080p_60hz_q_41,SeaRock@display=center_crop_1080p
2160p_60hz_q_33,2160p_60hz_q_33,3a9c1e54-5803-42be-b7c4-ae7a7c6d615f,1080p_60hz_q_41,SeaRock@display=center_crop_1080p
2160p_60hz_q_33,1080p_60hz_q_41,67d83dd0-c702-4742-bc13-028ca244d5fb,2160p_60hz_q_33,SeaRock@display=center_crop_1080p
2160p_60hz_q_33,1080p_60hz_q_41,0b011a81-3784-4c06-a335-fb62580cde04,2160p_60hz_q_33,SeaRock@display=center_crop_1080p
2160p_60hz_q_33,1080p_60hz_q_41,c422e83a-4ae2-46de-a97a-8bb99b9b6408,2160p_60hz_q_33,SeaRock@display=center_crop_1080p
2160p_60hz_q_33,1080p_60hz_q_41,3983543e-c80b-40e4-bd96-0bc96de4c562,2160p_60hz_q_33,SeaRock@display=center_crop_1080p
2160p_60hz_q_35,2160p_60hz_q_35,d88c101b-11c9-4e8d-9dae-f4e5b67933d1,2160p_60hz_q_39,Beauty@display=center_crop_1080p
2160p_60hz_q_35,2160p_60hz_q_39,0e579390-f06d-465e-93d4-187f3887914a,2160p_60hz_q_35,Beauty@display=center_crop_1080p
2160p_60hz_q_35,2160p_60hz_q_39,3f875a9c-3a5b-49b9-8c04-e56a4bb7d9ec,2160p_60hz_q_35,Beauty@display=center_crop_1080p
2160p_60hz_q_35,2160p_60hz_q_35,17280dc9-80f2-4649-b2ff-73bb5953c227,2160p_60hz_q_39,Beauty@display=center_crop_1080p
2160p_60hz_q_35,2160p_60hz_q_39,00d96475-6e03-4ff0-b5e0-afc407da0723,2160p_60hz_q_35,Beauty@display=center_crop_1080p
2160p_60hz_q_35,2160p_60hz_q_35,fee7ebd1-9cce-414e-afba-84587a9f5557,2160p_60hz_q_39,Beauty@display=center_crop_1080p
2160p_60hz_q_35,2160p_60hz_q_35,310b7e44-fc5e-411e-b78f-fc76d806c19e,2160p_60hz_q_39,Beauty@display=center_crop_1080p
2160p_60hz_q_39,2160p_60hz_q_35,37f4d149-b1ab-400b-b3f6-3801e7acc02d,2160p_60hz_q_39,Beauty@display=center_crop_1080p
2160p_60hz_q_35,2160p_60hz_q_39,7206fd08-7457-4883-830b-cca57fc03ee5,2160p_60hz_q_35,Beauty@display=center_crop_1080p
2160p_60hz_q_35,2160p_60hz_q_35,765454bf-56a0-46e6-8d8c-bc870137fb21,2160p_60hz_q_39,Beauty@display=center_crop_1080p
2160p_60hz_q_25,2160p_60hz_q_25,37f4d149-b1ab-400b-b3f6-3801e7acc02d,2160p_60hz_q_45,Dancers@display=center_crop_1080p
2160p_60hz_q_25,2160p_60hz_q_45,2ba1abad-a0d9-4273-b56e-68dcba71cc73,2160p_60hz_q_25,Dancers@display=center_crop_1080p
2160p_60hz_q_25,2160p_60hz_q_25,0d143a52-e18f-4432-adb5-2345850fb6c8,2160p_60hz_q_45,Dancers@display=center_crop_1080p
2160p_60hz_q_25,2160p_60hz_q_45,cd044f9e-7cb5-48e5-a688-e76fa4ed8517,2160p_60hz_q_25,Dancers@display=center_crop_1080p
2160p_60hz_q_25,2160p_60hz_q_45,15a33f39-68de-4ec2-a989-d4fb1a1d21f0,2160p_60hz_q_25,Dancers@display=center_crop_1080p
2160p_60hz_q_25,2160p_60hz_q_45,f33fbf32-6eda-406b-84e4-2bf22ec6cf36,2160p_60hz_q_25,Dancers@display=center_crop_1080p
2160p_60hz_q_25,2160p_60hz_q_25,d0def9ea-d1d8-481e-865e-e7781ca522cf,2160p_60hz_q_45,Dancers@display=center_crop_1080p
2160p_60hz_q_25,2160p_60hz_q_45,5989e0f3-b0a9-47d7-b12a-46b2ba1b1502,2160p_60hz_q_25,Dancers@display=center_crop_1080p
2160p_60hz_q_25,2160p_60hz_q_25,7bbe860b-aaf5-41f4-afb2-851886818fc7,2160p_60hz_q_45,Dancers@display=center_crop_1080p
2160p_60hz_q_25,2160p_60hz_q_45,7b6a30c6-4b19-47c7-bc99-5dd895ce82d3,2160p_60hz_q_25,Dancers@display=center_crop_1080p
1080p_60hz_q_29,1080p_60hz_q_29,6548cc0b-1e7d-4c7b-bef3-d24d0e401d9c,2160p_60hz_q_43,Discuss@display=center_crop_1080p
1080p_60hz_q_29,1080p_60hz_q_29,e2c15f73-409b-4bf1-bdb6-d0391da62807,2160p_60hz_q_43,Discuss@display=center_crop_1080p
1080p_60hz_q_29,1080p_60hz_q_29,37f4d149-b1ab-400b-b3f6-3801e7acc02d,2160p_60hz_q_43,Discuss@display=center_crop_1080p
1080p_60hz_q_29,2160p_60hz_q_43,de106203-e86a-420a-8d43-f3d9603b8900,1080p_60hz_q_29,Discuss@display=center_crop_1080p
1080p_60hz_q_29,1080p_60hz_q_29,12ef4ddb-107d-42b2-bfa0-b59fa554e40a,2160p_60hz_q_43,Discuss@display=center_crop_1080p
1080p_60hz_q_29,1080p_60hz_q_29,fae05acc-8eb8-426e-94f6-a2acfd916530,2160p_60hz_q_43,Discuss@display=center_crop_1080p
1080p_60hz_q_29,2160p_60hz_q_43,e0ce4996-dc5b-41e3-bc6d-56d591c87119,1080p_60hz_q_29,Discuss@display=center_crop_1080p
1080p_60hz_q_29,1080p_60hz_q_29,d4caa0db-8bd4-47cc-ad0e-f10ed19d1038,2160p_60hz_q_43,Discuss@display=center_crop_1080p
1080p_60hz_q_29,1080p_60hz_q_29,e0ce4996-dc5b-41e3-bc6d-56d591c87119,2160p_60hz_q_43,Discuss@display=center_crop_1080p
1080p_60hz_q_29,2160p_60hz_q_43,e0ce4996-dc5b-41e3-bc6d-56d591c87119,1080p_60hz_q_29,Discuss@display=center_crop_1080p
2160p_60hz_q_33,2160p_60hz_q_45,37f4d149-b1ab-400b-b3f6-3801e7acc02d,2160p_60hz_q_33,HoneyBee@display=center_crop_1080p
2160p_60hz_q_33,2160p_60hz_q_45,d2d885e4-1ca3-4625-8c39-88667529f002,2160p_60hz_q_33,HoneyBee@display=center_crop_1080p
2160p_60hz_q_33,2160p_60hz_q_45,48b895da-31dd-4c47-8d99-cbe1bd7d4339,2160p_60hz_q_33,HoneyBee@display=center_crop_1080p
2160p_60hz_q_33,2160p_60hz_q_45,b5d5ad99-3c81-4f5a-ab4e-a3aae033d40b,2160p_60hz_q_33,HoneyBee@display=center_crop_1080p
2160p_60hz_q_33,2160p_60hz_q_45,3983543e-c80b-40e4-bd96-0bc96de4c562,2160p_60hz_q_33,HoneyBee@display=center_crop_1080p
2160p_60hz_q_33,2160p_60hz_q_33,17280dc9-80f2-4649-b2ff-73bb5953c227,2160p_60hz_q_45,HoneyBee@display=center_crop_1080p
2160p_60hz_q_33,2160p_60hz_q_33,26a7dfc8-1e68-4579-b9af-f5727b8c413b,2160p_60hz_q_45,HoneyBee@display=center_crop_1080p
2160p_60hz_q_33,2160p_60hz_q_45,27fc7da4-6d5e-44aa-892d-e16ec39089cc,2160p_60hz_q_33,HoneyBee@display=center_crop_1080p
2160p_60hz_q_33,2160p_60hz_q_33,4a35f560-042e-4d5b-b103-c56fd5d326a8,2160p_60hz_q_45,HoneyBee@display=center_crop_1080p
2160p_60hz_q_33,2160p_60hz_q_33,ee00aeb2-a1df-4d5c-bf9c-9699648637aa,2160p_60hz_q_45,HoneyBee@display=center_crop_1080p
2160p_60hz_q_37,2160p_60hz_q_37,2bd94a3e-72b0-4010-9e82-d5d934a3ab57,1080p_60hz_q_41,Yacht@display=center_crop_1080p
2160p_60hz_q_37,1080p_60hz_q_41,43b2c520-73e1-4b7a-bf5d-72f725568d35,2160p_60hz_q_37,Yacht@display=center_crop_1080p
2160p_60hz_q_37,1080p_60hz_q_41,7732bed5-fc82-4d88-b674-40d62da7e8d0,2160p_60hz_q_37,Yacht@display=center_crop_1080p
2160p_60hz_q_37,1080p_60hz_q_41,b5d5ad99-3c81-4f5a-ab4e-a3aae033d40b,2160p_60hz_q_37,Yacht@display=center_crop_1080p
2160p_60hz_q_37,1080p_60hz_q_41,aaf93665-e2a2-453b-9ecf-937b0d3a5597,2160p_60hz_q_37,Yacht@display=center_crop_1080p
2160p_60hz_q_37,2160p_60hz_q_37,e154a82c-3a72-4854-8f3a-f54550369af2,1080p_60hz_q_41,Yacht@display=center_crop_1080p
2160p_60hz_q_37,2160p_60hz_q_37,37f4d149-b1ab-400b-b3f6-3801e7acc02d,1080p_60hz_q_41,Yacht@display=center_crop_1080p
2160p_60hz_q_37,1080p_60hz_q_41,d2d885e4-1ca3-4625-8c39-88667529f002,2160p_60hz_q_37,Yacht@display=center_crop_1080p
2160p_60hz_q_37,1080p_60hz_q_41,1afd1df2-27db-4494-8663-413ad9946a0d,2160p_60hz_q_37,Yacht@display=center_crop_1080p
2160p_60hz_q_37,1080p_60hz_q_41,523ea5e5-4fd4-40e9-9c8e-8d615f1f5f82,2160p_60hz_q_37,Yacht@display=center_crop_1080p
,1080p_60hz_q_37,9f51abaa-a048-44d8-ae58-d57bbdc1ef25,1080p_60hz_q_25,Jockey@display=center_crop_1080p
1080p_60hz_q_25,1080p_60hz_q_37,d2d885e4-1ca3-4625-8c39-88667529f002,1080p_60hz_q_25,Jockey@display=center_crop_1080p
1080p_60hz_q_25,1080p_60hz_q_37,badb4c68-c25f-4312-93cc-37b701824925,1080p_60hz_q_25,Jockey@display=center_crop_1080p
1080p_60hz_q_25,1080p_60hz_q_25,9b110929-8562-4dea-aa03-dea569d7160a,1080p_60hz_q_37,Jockey@display=center_crop_1080p
1080p_60hz_q_25,1080p_60hz_q_37,5989e0f3-b0a9-47d7-b12a-46b2ba1b1502,1080p_60hz_q_25,Jockey@display=center_crop_1080p
1080p_60hz_q_25,1080p_60hz_q_25,0d1af6dd-f5f6-42b8-b58f-1f062d3cdc72,1080p_60hz_q_37,Jockey@display=center_crop_1080p
1080p_60hz_q_25,1080p_60hz_q_37,45f7895e-4d5f-4242-b275-48ce60c655bc,1080p_60hz_q_25,Jockey@display=center_crop_1080p
1080p_60hz_q_25,1080p_60hz_q_25,37f4d149-b1ab-400b-b3f6-3801e7acc02d,1080p_60hz_q_37,Jockey@display=center_crop_1080p
,1080p_60hz_q_25,4731f594-5464-428a-8891-726dceae70cb,1080p_60hz_q_37,Jockey@display=center_crop_1080p
1080p_60hz_q_25,1080p_60hz_q_37,1f673a0c-db45-4f78-9d42-cde1779d5d4e,1080p_60hz_q_25,Jockey@display=center_crop_1080p
1080p_60hz_q_33,1080p_60hz_q_33,37f4d149-b1ab-400b-b3f6-3801e7acc02d,2160p_60hz_q_45,Ready@display=center_crop_1080p
1080p_60hz_q_33,2160p_60hz_q_45,a8491a57-9a29-4f83-9024-a9bdd72e0cc8,1080p_60hz_q_33,Ready@display=center_crop_1080p
1080p_60hz_q_33,2160p_60hz_q_45,0342ff17-6f9e-48d6-8a90-91636dce509f,1080p_60hz_q_33,Ready@display=center_crop_1080p
1080p_60hz_q_33,2160p_60hz_q_45,310b7e44-fc5e-411e-b78f-fc76d806c19e,1080p_60hz_q_33,Ready@display=center_crop_1080p
1080p_60hz_q_33,1080p_60hz_q_33,5521ff94-7e87-4bd3-a91f-fe3c18491c86,2160p_60hz_q_45,Ready@display=center_crop_1080p
,1080p_60hz_q_33,98c79528-25d0-4621-8eb2-562c49004f90,2160p_60hz_q_45,Ready@display=center_crop_1080p
1080p_60hz_q_33,2160p_60hz_q_45,b5797c5f-6b3b-4b7f-9b23-5bea5b3eb229,1080p_60hz_q_33,Ready@display=center_crop_1080p
1080p_60hz_q_33,2160p_60hz_q_45,b48a33a8-dd39-4714-b7bf-1a3c90661e10,1080p_60hz_q_33,Ready@display=center_crop_1080p
1080p_60hz_q_33,2160p_60hz_q_45,5989e0f3-b0a9-47d7-b12a-46b2ba1b1502,1080p_60hz_q_33,Ready@display=center_crop_1080p
1080p_60hz_q_33,1080p_60hz_q_33,c80fb156-701f-41eb-b170-da73f11eb894,2160p_60hz_q_45,Ready@display=center_crop_1080p
1080p_60hz_q_25,2160p_60hz_q_37,37f4d149-b1ab-400b-b3f6-3801e7acc02d,1080p_60hz_q_25,Dinner@display=center_crop_1080p
1080p_60hz_q_25,1080p_60hz_q_25,67d83dd0-c702-4742-bc13-028ca244d5fb,2160p_60hz_q_37,Dinner@display=center_crop_1080p
1080p_60hz_q_25,2160p_60hz_q_37,fe6b749e-2b37-43ce-8ec0-132a654149bf,1080p_60hz_q_25,Dinner@display=center_crop_1080p
1080p_60hz_q_25,2160p_60hz_q_37,3289a60c-e8f2-4bed-b60c-1ed515026b67,1080p_60hz_q_25,Dinner@display=center_crop_1080p
1080p_60hz_q_25,1080p_60hz_q_25,cb7ef030-32e8-43e5-ab92-83ef3ebe1440,2160p_60hz_q_37,Dinner@display=center_crop_1080p
1080p_60hz_q_25,2160p_60hz_q_37,f16afd28-7eb2-490b-9dee-9411c451c7b6,1080p_60hz_q_25,Dinner@display=center_crop_1080p
1080p_60hz_q_25,1080p_60hz_q_25,e2c15f73-409b-4bf1-bdb6-d0391da62807,2160p_60hz_q_37,Dinner@display=center_crop_1080p
1080p_60hz_q_25,1080p_60hz_q_25,8d422037-bbe3-4258-b1ef-8f0503275f26,2160p_60hz_q_37,Dinner@display=center_crop_1080p
1080p_60hz_q_25,2160p_60hz_q_37,d135eddd-102e-46e7-82da-64419e897ce6,1080p_60hz_q_25,Dinner@display=center_crop_1080p
1080p_60hz_q_25,1080p_60hz_q_25,e4791982-1c0b-4b9d-96dd-f685a61a40b7,2160p_60hz_q_37,Dinner@display=center_crop_1080p
2160p_60hz_q_43,1080p_60hz_q_37,61feaf63-ec43-4944-b1f3-48480c3be1a1,2160p_60hz_q_43,Jockey@display=center_crop_1080p
1080p_60hz_q_37,2160p_60hz_q_43,d2f8b16b-4b0b-4f2d-abf6-678cad1848f7,1080p_60hz_q_37,Jockey@display=center_crop_1080p
1080p_60hz_q_37,2160p_60hz_q_43,eab9779d-4083-4225-8473-fc8798ebb47e,1080p_60hz_q_37,Jockey@display=center_crop_1080p
1080p_60hz_q_37,1080p_60hz_q_37,1e8852de-bbe6-48cd-a1a5-3159df60e41f,2160p_60hz_q_43,Jockey@display=center_crop_1080p
1080p_60hz_q_37,2160p_60hz_q_43,809c6f38-8134-47bd-8f9b-e5110f957391,1080p_60hz_q_37,Jockey@display=center_crop_1080p
1080p_60hz_q_37,1080p_60hz_q_37,aaf93665-e2a2-453b-9ecf-937b0d3a5597,2160p_60hz_q_43,Jockey@display=center_crop_1080p
1080p_60hz_q_37,2160p_60hz_q_43,38eb67c2-2906-4921-bcd3-74943af82d47,1080p_60hz_q_37,Jockey@display=center_crop_1080p
1080p_60hz_q_37,2160p_60hz_q_43,1255512e-c359-4479-9837-296bf75c44f8,1080p_60hz_q_37,Jockey@display=center_crop_1080p
1080p_60hz_q_37,1080p_60hz_q_37,cf2843f8-d897-4e6f-892f-3e8e414080c4,2160p_60hz_q_43,Jockey@display=center_crop_1080p
,2160p_60hz_q_43,8a4b3ba0-ce40-46d3-b44a-431055c4d035,1080p_60hz_q_37,Jockey@display=center_crop_1080p
2160p_60hz_q_27,2160p_60hz_q_43,7f0cddff-774e-4a0e-9f22-c9360ca264d9,2160p_60hz_q_27,Discuss@display=center_crop_1080p
2160p_60hz_q_27,2160p_60hz_q_27,7f0cddff-774e-4a0e-9f22-c9360ca264d9,2160p_60hz_q_43,Discuss@display=center_crop_1080p
2160p_60hz_q_27,2160p_60hz_q_43,dd51a63a-3fd2-4af7-9514-5850c3202dac,2160p_60hz_q_27,Discuss@display=center_crop_1080p
2160p_60hz_q_27,2160p_60hz_q_43,b0f6f8cf-ae90-4ff2-92c6-07d321d2644b,2160p_60hz_q_27,Discuss@display=center_crop_1080p
2160p_60hz_q_27,2160p_60hz_q_43,7f0cddff-774e-4a0e-9f22-c9360ca264d9,2160p_60hz_q_27,Discuss@display=center_crop_1080p
2160p_60hz_q_27,2160p_60hz_q_43,dd51a63a-3fd2-4af7-9514-5850c3202dac,2160p_60hz_q_27,Discuss@display=center_crop_1080p
2160p_60hz_q_27,2160p_60hz_q_43,34527965-1372-4e85-a924-f544c30404d5,2160p_60hz_q_27,Discuss@display=center_crop_1080p
2160p_60hz_q_27,2160p_60hz_q_43,0341a278-6c8f-4762-a626-c5d04a0fa9fb,2160p_60hz_q_27,Discuss@display=center_crop_1080p
2160p_60hz_q_27,2160p_60hz_q_27,fee7ebd1-9cce-414e-afba-84587a9f5557,2160p_60hz_q_43,Discuss@display=center_crop_1080p
2160p_60hz_q_27,2160p_60hz_q_27,dd51a63a-3fd2-4af7-9514-5850c3202dac,2160p_60hz_q_43,Discuss@display=center_crop_1080p
1080p_60hz_q_39,2160p_60hz_q_45,61feaf63-ec43-4944-b1f3-48480c3be1a1,1080p_60hz_q_39,Dancers@display=center_crop_1080p
,2160p_60hz_q_45,9c50fe25-8597-4a22-aae5-af43989f9d5f,1080p_60hz_q_39,Dancers@display=center_crop_1080p
1080p_60hz_q_39,2160p_60hz_q_45,7fa32d26-7bca-4bd0-8d73-03341d624eca,1080p_60hz_q_39,Dancers@display=center_crop_1080p
2160p_60hz_q_45,1080p_60hz_q_39,7732bed5-fc82-4d88-b674-40d62da7e8d0,2160p_60hz_q_45,Dancers@display=center_crop_1080p
,2160p_60hz_q_45,c81ae704-93f9-4974-8b29-9181659b6dd4,1080p_60hz_q_39,Dancers@display=center_crop_1080p
1080p_60hz_q_39,1080p_60hz_q_39,1a4f9bd0-1ff2-4da0-96f3-91c32fa4eda4,2160p_60hz_q_45,Dancers@display=center_crop_1080p
1080p_60hz_q_39,1080p_60hz_q_39,fcf36229-e931-4a91-8e22-2a87f1aab261,2160p_60hz_q_45,Dancers@display=center_crop_1080p
,2160p_60hz_q_45,e972bffc-ae23-4562-ac73-419f130e0062,1080p_60hz_q_39,Dancers@display=center_crop_1080p
1080p_60hz_q_39,2160p_60hz_q_45,1255512e-c359-4479-9837-296bf75c44f8,1080p_60hz_q_39,Dancers@display=center_crop_1080p
1080p_60hz_q_39,1080p_60hz_q_39,c9a88139-93f8-452e-8765-de0fd53867df,2160p_60hz_q_45,Dancers@display=center_crop_1080p
1080p_60hz_q_29,1080p_60hz_q_41,61feaf63-ec43-4944-b1f3-48480c3be1a1,1080p_60hz_q_29,Yacht@display=center_crop_1080p
1080p_60hz_q_29,1080p_60hz_q_29,c1f77f70-98ba-4d35-8fe5-5925140673e2,1080p_60hz_q_41,Yacht@display=center_crop_1080p
1080p_60hz_q_29,1080p_60hz_q_29,5fdf86ad-9d4e-4634-a044-29b78873c1a5,1080p_60hz_q_41,Yacht@display=center_crop_1080p
1080p_60hz_q_29,1080p_60hz_q_29,984e388d-b130-4495-9352-11919b42ab34,1080p_60hz_q_41,Yacht@display=center_crop_1080p
1080p_60hz_q_29,1080p_60hz_q_29,0c55ce65-4725-4776-9e80-68de0d55c818,1080p_60hz_q_41,Yacht@display=center_crop_1080p
1080p_60hz_q_29,1080p_60hz_q_29,d0def9ea-d1d8-481e-865e-e7781ca522cf,1080p_60hz_q_41,Yacht@display=center_crop_1080p
1080p_60hz_q_29,1080p_60hz_q_41,bcda90fb-3e20-4af9-be88-74ad79194ab6,1080p_60hz_q_29,Yacht@display=center_crop_1080p
1080p_60hz_q_29,1080p_60hz_q_29,5399cf88-3d79-48b1-8c17-3cd72da4ced8,1080p_60hz_q_41,Yacht@display=center_crop_1080p
1080p_60hz_q_29,1080p_60hz_q_29,0d143a52-e18f-4432-adb5-2345850fb6c8,1080p_60hz_q_41,Yacht@display=center_crop_1080p
1080p_60hz_q_29,1080p_60hz_q_29,2e5b02d4-0a00-4feb-993b-d3dd3567d028,1080p_60hz_q_41,Yacht@display=center_crop_1080p
1080p_60hz_q_25,2160p_60hz_q_45,26bdef07-111d-4497-95d2-1c34e0c6879f,1080p_60hz_q_25,Beauty@display=center_crop_1080p
1080p_60hz_q_25,2160p_60hz_q_45,62b97f5e-f60a-46bc-933c-799cade5e19e,1080p_60hz_q_25,Beauty@display=center_crop_1080p
1080p_60hz_q_25,1080p_60hz_q_25,1afd1df2-27db-4494-8663-413ad9946a0d,2160p_60hz_q_45,Beauty@display=center_crop_1080p
1080p_60hz_q_25,2160p_60hz_q_45,c80fb156-701f-41eb-b170-da73f11eb894,1080p_60hz_q_25,Beauty@display=center_crop_1080p
1080p_60hz_q_25,2160p_60hz_q_45,bc6328e9-ac68-4cf5-9c95-116d946da15b,1080p_60hz_q_25,Beauty@display=center_crop_1080p
1080p_60hz_q_25,1080p_60hz_q_25,0d143a52-e18f-4432-adb5-2345850fb6c8,2160p_60hz_q_45,Beauty@display=center_crop_1080p
1080p_60hz_q_25,2160p_60hz_q_45,46c72348-a4f5-45a1-aca1-ed0547c43708,1080p_60hz_q_25,Beauty@display=center_crop_1080p
1080p_60hz_q_25,1080p_60hz_q_25,61feaf63-ec43-4944-b1f3-48480c3be1a1,2160p_60hz_q_45,Beauty@display=center_crop_1080p
1080p_60hz_q_25,2160p_60hz_q_45,ff018c0f-acf7-4bf8-ae51-2c1e2f9d4ce1,1080p_60hz_q_25,Beauty@display=center_crop_1080p
1080p_60hz_q_25,1080p_60hz_q_25,523ea5e5-4fd4-40e9-9c8e-8d615f1f5f82,2160p_60hz_q_45,Beauty@display=center_crop_1080p
1080p_60hz_q_31,2160p_60hz_q_41,61feaf63-ec43-4944-b1f3-48480c3be1a1,1080p_60hz_q_31,Ritual@display=center_crop_1080p
,2160p_60hz_q_41,e4788de6-8072-4c62-85b2-19c518bccccc,1080p_60hz_q_31,Ritual@display=center_crop_1080p
1080p_60hz_q_31,1080p_60hz_q_31,5b32a3b4-03ed-4323-90b4-de0bff193bd8,2160p_60hz_q_41,Ritual@display=center_crop_1080p
,2160p_60hz_q_41,0c1c7340-3f94-4985-af41-6c3ee4c993c8,1080p_60hz_q_31,Ritual@display=center_crop_1080p
1080p_60hz_q_31,2160p_60hz_q_41,7732bed5-fc82-4d88-b674-40d62da7e8d0,1080p_60hz_q_31,Ritual@display=center_crop_1080p
1080p_60hz_q_31,1080p_60hz_q_31,ca304a7b-b10f-4cd3-a40e-3663b1a6fc20,2160p_60hz_q_41,Ritual@display=center_crop_1080p
2160p_60hz_q_41,2160p_60hz_q_41,654273d8-39da-4132-b299-f4c320d54d3b,1080p_60hz_q_31,Ritual@display=center_crop_1080p
1080p_60hz_q_31,1080p_60hz_q_31,ff018c0f-acf7-4bf8-ae51-2c1e2f9d4ce1,2160p_60hz_q_41,Ritual@display=center_crop_1080p
2160p_60hz_q_41,1080p_60hz_q_31,8874acc5-cdbe-47f2-a092-7777f2ee3594,2160p_60hz_q_41,Ritual@display=center_crop_1080p
1080p_60hz_q_31,2160p_60hz_q_41,23481d60-7bee-4bd3-be2e-a512a295aebb,1080p_60hz_q_31,Ritual@display=center_crop_1080p
,2160p_60hz_q_35,61feaf63-ec43-4944-b1f3-48480c3be1a1,1080p_60hz_q_37,Ready@display=center_crop_1080p
1080p_60hz_q_37,2160p_60hz_q_35,8d9dae56-b7ed-4a87-9560-f24092471144,1080p_60hz_q_37,Ready@display=center_crop_1080p
2160p_60hz_q_35,2160p_60hz_q_35,bcda90fb-3e20-4af9-be88-74ad79194ab6,1080p_60hz_q_37,Ready@display=center_crop_1080p
2160p_60hz_q_35,2160p_60hz_q_35,39f32b60-c4bd-4287-bb95-c5acf6f45aa7,1080p_60hz_q_37,Ready@display=center_crop_1080p
2160p_60hz_q_35,2160p_60hz_q_35,17280dc9-80f2-4649-b2ff-73bb5953c227,1080p_60hz_q_37,Ready@display=center_crop_1080p
2160p_60hz_q_35,1080p_60hz_q_37,26a7dfc8-1e68-4579-b9af-f5727b8c413b,2160p_60hz_q_35,Ready@display=center_crop_1080p
2160p_60hz_q_35,1080p_60hz_q_37,d42a6af2-2b3b-4c79-9e96-57767a5c5065,2160p_60hz_q_35,Ready@display=center_crop_1080p
2160p_60hz_q_35,1080p_60hz_q_37,b8264831-a348-4b5b-bd9d-32b0d6d71474,2160p_60hz_q_35,Ready@display=center_crop_1080p
2160p_60hz_q_35,1080p_60hz_q_37,13ef788f-6080-4128-9bcf-3f3fe1fcacc0,2160p_60hz_q_35,Ready@display=center_crop_1080p
2160p_60hz_q_35,2160p_60hz_q_35,337071eb-82e7-440f-93a9-60e3f4e874d3,1080p_60hz_q_37,Ready@display=center_crop_1080p
2160p_60hz_q_41,1080p_60hz_q_41,2ba1abad-a0d9-4273-b56e-68dcba71cc73,2160p_60hz_q_41,Ritual@display=center_crop_1080p
2160p_60hz_q_41,2160p_60hz_q_41,df3181f3-e23f-460f-b47b-84cc79f0625c,1080p_60hz_q_41,Ritual@display=center_crop_1080p
2160p_60hz_q_41,1080p_60hz_q_41,412dd5fb-427b-426d-9284-e8f9331100cb,2160p_60hz_q_41,Ritual@display=center_crop_1080p
2160p_60hz_q_41,1080p_60hz_q_41,1f673a0c-db45-4f78-9d42-cde1779d5d4e,2160p_60hz_q_41,Ritual@display=center_crop_1080p
,1080p_60hz_q_41,07bb6da7-3bb5-4713-94b5-3cc6da69b587,2160p_60hz_q_41,Ritual@display=center_crop_1080p
2160p_60hz_q_41,2160p_60hz_q_41,3243b530-39c0-4181-88c4-d1402733f44f,1080p_60hz_q_41,Ritual@display=center_crop_1080p
2160p_60hz_q_41,2160p_60hz_q_41,05b5a635-0c1c-40d3-a1d1-41f2cfd5eb5c,1080p_60hz_q_41,Ritual@display=center_crop_1080p
2160p_60hz_q_41,2160p_60hz_q_41,e2c15f73-409b-4bf1-bdb6-d0391da62807,1080p_60hz_q_41,Ritual@display=center_crop_1080p
2160p_60hz_q_41,2160p_60hz_q_41,b15043b9-76db-434f-a66f-5267875bfa9d,1080p_60hz_q_41,Ritual@display=center_crop_1080p
2160p_60hz_q_41,1080p_60hz_q_41,e7ac105b-703b-4de4-9812-9d319b7f1f75,2160p_60hz_q_41,Ritual@display=center_crop_1080p
1080p_60hz_q_29,2160p_60hz_q_51,2ba1abad-a0d9-4273-b56e-68dcba71cc73,1080p_60hz_q_29,Monkeys@display=center_crop_1080p
1080p_60hz_q_29,1080p_60hz_q_29,00d96475-6e03-4ff0-b5e0-afc407da0723,2160p_60hz_q_51,Monkeys@display=center_crop_1080p
1080p_60hz_q_29,2160p_60hz_q_51,1870054d-e579-4520-9f6a-4f32b8fedd4b,1080p_60hz_q_29,Monkeys@display=center_crop_1080p
1080p_60hz_q_29,2160p_60hz_q_51,9b110929-8562-4dea-aa03-dea569d7160a,1080p_60hz_q_29,Monkeys@display=center_crop_1080p
1080p_60hz_q_29,2160p_60hz_q_51,5289ab4b-344d-487f-ac39-320de560806e,1080p_60hz_q_29,Monkeys@display=center_crop_1080p
1080p_60hz_q_29,1080p_60hz_q_29,beec74c3-b6a6-4e5b-b5dc-ece5e72efd35,2160p_60hz_q_51,Monkeys@display=center_crop_1080p
1080p_60hz_q_29,2160p_60hz_q_51,27fc7da4-6d5e-44aa-892d-e16ec39089cc,1080p_60hz_q_29,Monkeys@display=center_crop_1080p
1080p_60hz_q_29,1080p_60hz_q_29,6005423d-55ca-4137-8021-d3db601da77e,2160p_60hz_q_51,Monkeys@display=center_crop_1080p
1080p_60hz_q_29,2160p_60hz_q_51,facfb033-277b-427a-9169-4b9a020a2469,1080p_60hz_q_29,Monkeys@display=center_crop_1080p
1080p_60hz_q_29,2160p_60hz_q_51,c9a88139-93f8-452e-8765-de0fd53867df,1080p_60hz_q_29,Monkeys@display=center_crop_1080p
2160p_60hz_q_37,2160p_60hz_q_37,4e09a9b9-6b2b-4400-80d9-80562371bcb7,1080p_60hz_q_37,Jockey@display=center_crop_1080p
2160p_60hz_q_37,2160p_60hz_q_37,bcda90fb-3e20-4af9-be88-74ad79194ab6,1080p_60hz_q_37,Jockey@display=center_crop_1080p
2160p_60hz_q_37,1080p_60hz_q_37,98c79528-25d0-4621-8eb2-562c49004f90,2160p_60hz_q_37,Jockey@display=center_crop_1080p
,1080p_60hz_q_37,2ea19ebb-5fdf-47c4-aa24-d9d7355fda95,2160p_60hz_q_37,Jockey@display=center_crop_1080p
2160p_60hz_q_37,2160p_60hz_q_37,53fda506-b1fc-4245-860a-07ad40e5b65d,1080p_60hz_q_37,Jockey@display=center_crop_1080p
2160p_60hz_q_37,1080p_60hz_q_37,f865b921-41ac-4b8a-99a2-9e7b2738ff85,2160p_60hz_q_37,Jockey@display=center_crop_1080p
2160p_60hz_q_37,2160p_60hz_q_37,04d3a74c-6229-4c46-b5ac-f17b5929936d,1080p_60hz_q_37,Jockey@display=center_crop_1080p
2160p_60hz_q_37,1080p_60hz_q_37,50643d45-c2af-4f8c-b193-3f15787dcbd2,2160p_60hz_q_37,Jockey@display=center_crop_1080p
2160p_60hz_q_37,1080p_60hz_q_37,7206fd08-7457-4883-830b-cca57fc03ee5,2160p_60hz_q_37,Jockey@display=center_crop_1080p
2160p_60hz_q_37,2160p_60hz_q_37,ac00c619-1689-4173-bedd-13fff7ce2c99,1080p_60hz_q_37,Jockey@display=center_crop_1080p
2160p_60hz_q_41,2160p_60hz_q_41,2ba1abad-a0d9-4273-b56e-68dcba71cc73,2160p_60hz_q_45,Ready@display=center_crop_1080p
2160p_60hz_q_41,2160p_60hz_q_45,cd044f9e-7cb5-48e5-a688-e76fa4ed8517,2160p_60hz_q_41,Ready@display=center_crop_1080p
2160p_60hz_q_45,2160p_60hz_q_45,5289ab4b-344d-487f-ac39-320de560806e,2160p_60hz_q_41,Ready@display=center_crop_1080p
2160p_60hz_q_41,2160p_60hz_q_45,1a4f9bd0-1ff2-4da0-96f3-91c32fa4eda4,2160p_60hz_q_41,Ready@display=center_crop_1080p
,2160p_60hz_q_45,0d1af6dd-f5f6-42b8-b58f-1f062d3cdc72,2160p_60hz_q_41,Ready@display=center_crop_1080p
2160p_60hz_q_41,2160p_60hz_q_45,18b65afe-0318-4e2f-b48f-d243fa07b40c,2160p_60hz_q_41,Ready@display=center_crop_1080p
2160p_60hz_q_45,2160p_60hz_q_45,fe9ba464-25aa-4a37-8a07-769dc55e4626,2160p_60hz_q_41,Ready@display=center_crop_1080p
,2160p_60hz_q_45,45f7895e-4d5f-4242-b275-48ce60c655bc,2160p_60hz_q_41,Ready@display=center_crop_1080p
,2160p_60hz_q_45,1d9d2224-8591-47ef-a7b7-3347f5dbf4f2,2160p_60hz_q_41,Ready@display=center_crop_1080p
2160p_60hz_q_41,2160p_60hz_q_45,1be4edae-5a41-4038-b893-a09775762485,2160p_60hz_q_41,Ready@display=center_crop_1080p
1080p_60hz_q_25,1080p_60hz_q_33,2ba1abad-a0d9-4273-b56e-68dcba71cc73,1080p_60hz_q_25,Beauty@display=center_crop_1080p
1080p_60hz_q_25,1080p_60hz_q_33,e7ac105b-703b-4de4-9812-9d319b7f1f75,1080p_60hz_q_25,Beauty@display=center_crop_1080p
1080p_60hz_q_25,1080p_60hz_q_25,2307d8e9-642b-4f06-8182-1c953bcbcc79,1080p_60hz_q_33,Beauty@display=center_crop_1080p
1080p_60hz_q_25,1080p_60hz_q_25,d910e078-d366-48f9-80a5-0723efa4eb4b,1080p_60hz_q_33,Beauty@display=center_crop_1080p
,1080p_60hz_q_33,45f7895e-4d5f-4242-b275-48ce60c655bc,1080p_60hz_q_25,Beauty@display=center_crop_1080p
1080p_60hz_q_25,1080p_60hz_q_33,3c7562c0-bc9e-4808-9372-695211fc6275,1080p_60hz_q_25,Beauty@display=center_crop_1080p
,1080p_60hz_q_33,d6ba2aff-cecb-46aa-8325-57f11ca3b9df,1080p_60hz_q_25,Beauty@display=center_crop_1080p
1080p_60hz_q_25,1080p_60hz_q_25,6fd8c7e3-92ad-4ae9-8d4b-6c10db61c856,1080p_60hz_q_33,Beauty@display=center_crop_1080p
1080p_60hz_q_25,1080p_60hz_q_25,c1f77f70-98ba-4d35-8fe5-5925140673e2,1080p_60hz_q_33,Beauty@display=center_crop_1080p
1080p_60hz_q_25,1080p_60hz_q_25,946b7170-be46-4eb3-b754-5ee5511bc09a,1080p_60hz_q_33,Beauty@display=center_crop_1080p
2160p_60hz_q_25,2160p_60hz_q_41,2ba1abad-a0d9-4273-b56e-68dcba71cc73,2160p_60hz_q_25,Dinner@display=center_crop_1080p
2160p_60hz_q_25,2160p_60hz_q_25,8d9dae56-b7ed-4a87-9560-f24092471144,2160p_60hz_q_41,Dinner@display=center_crop_1080p
2160p_60hz_q_25,2160p_60hz_q_41,3b093b24-8dee-407c-adc3-23e77227e35b,2160p_60hz_q_25,Dinner@display=center_crop_1080p
2160p_60hz_q_25,2160p_60hz_q_41,285deb4d-638a-4cee-8ceb-cf512c184de5,2160p_60hz_q_25,Dinner@display=center_crop_1080p
2160p_60hz_q_25,2160p_60hz_q_25,9d57cbc2-ab27-45bd-a59c-6bf0db043d78,2160p_60hz_q_41,Dinner@display=center_crop_1080p
2160p_60hz_q_25,2160p_60hz_q_25,4df1c570-ef1a-4197-ab7f-78f52c6abbdd,2160p_60hz_q_41,Dinner@display=center_crop_1080p
2160p_60hz_q_25,2160p_60hz_q_25,ff018c0f-acf7-4bf8-ae51-2c1e2f9d4ce1,2160p_60hz_q_41,Dinner@display=center_crop_1080p
2160p_60hz_q_25,2160p_60hz_q_41,db96f8b8-515c-4db2-a50b-980516bf9af5,2160p_60hz_q_25,Dinner@display=center_crop_1080p
2160p_60hz_q_25,2160p_60hz_q_41,3c7562c0-bc9e-4808-9372-695211fc6275,2160p_60hz_q_25,Dinner@display=center_crop_1080p
2160p_60hz_q_25,2160p_60hz_q_41,109eb910-4896-4ae9-8621-2db0f75f6dc4,2160p_60hz_q_25,Dinner@display=center_crop_1080p
2160p_60hz_q_35,1080p_60hz_q_33,2ba1abad-a0d9-4273-b56e-68dcba71cc73,2160p_60hz_q_35,Football@display=center_crop_1080p
2160p_60hz_q_35,1080p_60hz_q_33,d910e078-d366-48f9-80a5-0723efa4eb4b,2160p_60hz_q_35,Football@display=center_crop_1080p
2160p_60hz_q_35,2160p_60hz_q_35,5c9fb765-7783-4e60-af0f-aa58a44f2419,1080p_60hz_q_33,Football@display=center_crop_1080p
,1080p_60hz_q_33,757d41cf-5808-4373-a3b1-f7dd94f2ac11,2160p_60hz_q_35,Football@display=center_crop_1080p
1080p_60hz_q_33,1080p_60hz_q_33,70fb323d-b8bb-4830-acf7-c066e2076a7a,2160p_60hz_q_35,Football@display=center_crop_1080p
1080p_60hz_q_33,2160p_60hz_q_35,0d1af6dd-f5f6-42b8-b58f-1f062d3cdc72,1080p_60hz_q_33,Football@display=center_crop_1080p
2160p_60hz_q_35,1080p_60hz_q_33,b071fb5e-233d-4a69-873f-08407b51b05c,2160p_60hz_q_35,Football@display=center_crop_1080p
2160p_60hz_q_35,1080p_60hz_q_33,d88c101b-11c9-4e8d-9dae-f4e5b67933d1,2160p_60hz_q_35,Football@display=center_crop_1080p
2160p_60hz_q_35,2160p_60hz_q_35,208e7f6c-d013-4a6f-a6be-3008a0d3130b,1080p_60hz_q_33,Football@display=center_crop_1080p
2160p_60hz_q_35,2160p_60hz_q_35,dbc1ca9b-a7e7-40e4-a057-eecc8d4a2441,1080p_60hz_q_33,Football@display=center_crop_1080p
2160p_60hz_q_37,1080p_60hz_q_35,2ba1abad-a0d9-4273-b56e-68dcba71cc73,2160p_60hz_q_37,Yacht@display=center_crop_1080p
2160p_60hz_q_37,1080p_60hz_q_35,11632a76-065c-4306-b916-5d8f46563df9,2160p_60hz_q_37,Yacht@display=center_crop_1080p
2160p_60hz_q_37,1080p_60hz_q_35,c81ae704-93f9-4974-8b29-9181659b6dd4,2160p_60hz_q_37,Yacht@display=center_crop_1080p
2160p_60hz_q_37,2160p_60hz_q_37,654273d8-39da-4132-b299-f4c320d54d3b,1080p_60hz_q_35,Yacht@display=center_crop_1080p
,2160p_60hz_q_37,9f51abaa-a048-44d8-ae58-d57bbdc1ef25,1080p_60hz_q_35,Yacht@display=center_crop_1080p
2160p_60hz_q_37,2160p_60hz_q_37,310b7e44-fc5e-411e-b78f-fc76d806c19e,1080p_60hz_q_35,Yacht@display=center_crop_1080p
,2160p_60hz_q_37,4e09a9b9-6b2b-4400-80d9-80562371bcb7,1080p_60hz_q_35,Yacht@display=center_crop_1080p
1080p_60hz_q_35,2160p_60hz_q_37,7ac3129c-bc4a-4a32-9ca5-27a305d5c36c,1080p_60hz_q_35,Yacht@display=center_crop_1080p
2160p_60hz_q_37,2160p_60hz_q_37,d910e078-d366-48f9-80a5-0723efa4eb4b,1080p_60hz_q_35,Yacht@display=center_crop_1080p
2160p_60hz_q_37,1080p_60hz_q_35,e0a72c3a-15b0-43a1-9aa0-00e27e8bcc4f,2160p_60hz_q_37,Yacht@display=center_crop_1080p
1080p_60hz_q_35,1080p_60hz_q_35,0b71c40e-fc37-4899-a022-675ff7351368,2160p_60hz_q_47,Tunnel@display=center_crop_1080p
1080p_60hz_q_35,1080p_60hz_q_35,863335b0-11fb-4fc6-80d1-123269c15ba3,2160p_60hz_q_47,Tunnel@display=center_crop_1080p
1080p_60hz_q_35,2160p_60hz_q_47,d42a6af2-2b3b-4c79-9e96-57767a5c5065,1080p_60hz_q_35,Tunnel@display=center_crop_1080p
1080p_60hz_q_35,2160p_60hz_q_47,56fb1617-07cb-4404-8798-8e34d0947e88,1080p_60hz_q_35,Tunnel@display=center_crop_1080p
1080p_60hz_q_35,1080p_60hz_q_35,3a9c1e54-5803-42be-b7c4-ae7a7c6d615f,2160p_60hz_q_47,Tunnel@display=center_crop_1080p
1080p_60hz_q_35,2160p_60hz_q_47,2ba1abad-a0d9-4273-b56e-68dcba71cc73,1080p_60hz_q_35,Tunnel@display=center_crop_1080p
1080p_60hz_q_35,2160p_60hz_q_47,b48a33a8-dd39-4714-b7bf-1a3c90661e10,1080p_60hz_q_35,Tunnel@display=center_crop_1080p
1080p_60hz_q_35,1080p_60hz_q_35,68139fa1-4fca-4ef0-8a0d-5b7972e73b76,2160p_60hz_q_47,Tunnel@display=center_crop_1080p
1080p_60hz_q_35,2160p_60hz_q_47,40acb942-4edc-4dea-a078-26987e1de4a3,1080p_60hz_q_35,Tunnel@display=center_crop_1080p
1080p_60hz_q_35,2160p_60hz_q_47,2307d8e9-642b-4f06-8182-1c953bcbcc79,1080p_60hz_q_35,Tunnel@display=center_crop_1080p
1080p_60hz_q_23,1080p_60hz_q_35,2ba1abad-a0d9-4273-b56e-68dcba71cc73,1080p_60hz_q_23,HoneyBee@display=center_crop_1080p
1080p_60hz_q_23,1080p_60hz_q_35,a8491a57-9a29-4f83-9024-a9bdd72e0cc8,1080p_60hz_q_23,HoneyBee@display=center_crop_1080p
1080p_60hz_q_23,1080p_60hz_q_35,1f673a0c-db45-4f78-9d42-cde1779d5d4e,1080p_60hz_q_23,HoneyBee@display=center_crop_1080p
1080p_60hz_q_23,1080p_60hz_q_35,5521ff94-7e87-4bd3-a91f-fe3c18491c86,1080p_60hz_q_23,HoneyBee@display=center_crop_1080p
1080p_60hz_q_35,1080p_60hz_q_23,9d57cbc2-ab27-45bd-a59c-6bf0db043d78,1080p_60hz_q_35,HoneyBee@display=center_crop_1080p
1080p_60hz_q_23,1080p_60hz_q_35,d0def9ea-d1d8-481e-865e-e7781ca522cf,1080p_60hz_q_23,HoneyBee@display=center_crop_1080p
1080p_60hz_q_23,1080p_60hz_q_23,f96ffcdd-22c6-49b7-bd2d-73e698539f79,1080p_60hz_q_35,HoneyBee@display=center_crop_1080p
1080p_60hz_q_23,1080p_60hz_q_35,edc9c4be-870a-4682-bc68-79c60e58efe1,1080p_60hz_q_23,HoneyBee@display=center_crop_1080p
1080p_60hz_q_23,1080p_60hz_q_23,23481d60-7bee-4bd3-be2e-a512a295aebb,1080p_60hz_q_35,HoneyBee@display=center_crop_1080p
1080p_60hz_q_23,1080p_60hz_q_23,7ddeb20b-f4f8-4fb9-a492-b8062afa1e27,1080p_60hz_q_35,HoneyBee@display=center_crop_1080p
2160p_60hz_q_39,2160p_60hz_q_39,2ba1abad-a0d9-4273-b56e-68dcba71cc73,1080p_60hz_q_41,Narrator@display=center_crop_1080p
,1080p_60hz_q_41,d910e078-d366-48f9-80a5-0723efa4eb4b,2160p_60hz_q_39,Narrator@display=center_crop_1080p
2160p_60hz_q_39,2160p_60hz_q_39,a07115e7-e7a2-4d02-af4f-849190a7a0e9,1080p_60hz_q_41,Narrator@display=center_crop_1080p
2160p_60hz_q_39,2160p_60hz_q_39,beec74c3-b6a6-4e5b-b5dc-ece5e72efd35,1080p_60hz_q_41,Narrator@display=center_crop_1080p
2160p_60hz_q_39,2160p_60hz_q_39,b534d02f-8944-4adf-bd53-e57ce627a786,1080p_60hz_q_41,Narrator@display=center_crop_1080p
2160p_60hz_q_39,2160p_60hz_q_39,27abb805-a7c5-4e2e-b455-f76a6a91906b,1080p_60hz_q_41,Narrator@display=center_crop_1080p
2160p_60hz_q_39,1080p_60hz_q_41,155e72f9-4498-4614-81f9-d887690e78ad,2160p_60hz_q_39,Narrator@display=center_crop_1080p
2160p_60hz_q_39,2160p_60hz_q_39,edc9c4be-870a-4682-bc68-79c60e58efe1,1080p_60hz_q_41,Narrator@display=center_crop_1080p
,1080p_60hz_q_41,7b6a30c6-4b19-47c7-bc99-5dd895ce82d3,2160p_60hz_q_39,Narrator@display=center_crop_1080p
2160p_60hz_q_39,2160p_60hz_q_39,d11f9ccb-7bb2-41ae-beae-fa69cbbfbde7,1080p_60hz_q_41,Narrator@display=center_crop_1080p
2160p_60hz_q_39,2160p_60hz_q_45,d2d885e4-1ca3-4625-8c39-88667529f002,2160p_60hz_q_39,Dancers@display=center_crop_1080p
2160p_60hz_q_39,2160p_60hz_q_39,11632a76-065c-4306-b916-5d8f46563df9,2160p_60hz_q_45,Dancers@display=center_crop_1080p
2160p_60hz_q_39,2160p_60hz_q_45,bb0de866-f477-4617-92a3-a805e8a1d219,2160p_60hz_q_39,Dancers@display=center_crop_1080p
2160p_60hz_q_39,2160p_60hz_q_39,7142d9c5-0e87-4291-b0c4-fe9768c9bb62,2160p_60hz_q_45,Dancers@display=center_crop_1080p
2160p_60hz_q_39,2160p_60hz_q_39,26bdef07-111d-4497-95d2-1c34e0c6879f,2160p_60hz_q_45,Dancers@display=center_crop_1080p
2160p_60hz_q_39,2160p_60hz_q_45,63886b87-eff3-460e-b828-c9b1a172a21c,2160p_60hz_q_39,Dancers@display=center_crop_1080p
2160p_60hz_q_39,2160p_60hz_q_39,631d5c27-ad66-408c-b36e-9da595aaa740,2160p_60hz_q_45,Dancers@display=center_crop_1080p
2160p_60hz_q_39,2160p_60hz_q_45,18b65afe-0318-4e2f-b48f-d243fa07b40c,2160p_60hz_q_39,Dancers@display=center_crop_1080p
2160p_60hz_q_39,2160p_60hz_q_39,ff018c0f-acf7-4bf8-ae51-2c1e2f9d4ce1,2160p_60hz_q_45,Dancers@display=center_crop_1080p
2160p_60hz_q_39,2160p_60hz_q_39,bc64594f-68af-4afd-a02d-423ac80ebb4e,2160p_60hz_q_45,Dancers@display=center_crop_1080p
2160p_60hz_q_37,2160p_60hz_q_37,d2d885e4-1ca3-4625-8c39-88667529f002,2160p_60hz_q_49,Dinner@display=center_crop_1080p
2160p_60hz_q_37,2160p_60hz_q_37,38eb67c2-2906-4921-bcd3-74943af82d47,2160p_60hz_q_49,Dinner@display=center_crop_1080p
2160p_60hz_q_37,2160p_60hz_q_37,11632a76-065c-4306-b916-5d8f46563df9,2160p_60hz_q_49,Dinner@display=center_crop_1080p
2160p_60hz_q_37,2160p_60hz_q_37,0e46f967-6968-4dbb-8903-a997c011029d,2160p_60hz_q_49,Dinner@display=center_crop_1080p
2160p_60hz_q_37,2160p_60hz_q_37,2a94520b-37d9-4eeb-a589-017195b541e3,2160p_60hz_q_49,Dinner@display=center_crop_1080p
2160p_60hz_q_37,2160p_60hz_q_49,2ed884e7-7f71-4a59-88ae-63e2f27f6fef,2160p_60hz_q_37,Dinner@display=center_crop_1080p
2160p_60hz_q_37,2160p_60hz_q_37,920ae656-f821-4eb5-a087-1c0799062c8b,2160p_60hz_q_49,Dinner@display=center_crop_1080p
2160p_60hz_q_37,2160p_60hz_q_49,c42c6f3e-4b34-4438-9461-dfc16820e17b,2160p_60hz_q_37,Dinner@display=center_crop_1080p
2160p_60hz_q_37,2160p_60hz_q_49,5da05509-4f9f-4145-833d-f052c9a2779a,2160p_60hz_q_37,Dinner@display=center_crop_1080p
2160p_60hz_q_37,2160p_60hz_q_37,d88c101b-11c9-4e8d-9dae-f4e5b67933d1,2160p_60hz_q_49,Dinner@display=center_crop_1080p
,1080p_60hz_q_39,3b093b24-8dee-407c-adc3-23e77227e35b,2160p_60hz_q_45,Beauty@display=center_crop_1080p
1080p_60hz_q_39,1080p_60hz_q_39,7bbe860b-aaf5-41f4-afb2-851886818fc7,2160p_60hz_q_45,Beauty@display=center_crop_1080p
1080p_60hz_q_39,1080p_60hz_q_39,d2d885e4-1ca3-4625-8c39-88667529f002,2160p_60hz_q_45,Beauty@display=center_crop_1080p
1080p_60hz_q_39,1080p_60hz_q_39,234f2863-9dc3-4857-bbf9-144b0e1a86f4,2160p_60hz_q_45,Beauty@display=center_crop_1080p
1080p_60hz_q_39,1080p_60hz_q_39,7fa32d26-7bca-4bd0-8d73-03341d624eca,2160p_60hz_q_45,Beauty@display=center_crop_1080p
,2160p_60hz_q_45,b2301164-83b7-413a-84b4-18592d2bda27,1080p_60hz_q_39,Beauty@display=center_crop_1080p
,1080p_60hz_q_39,db96f8b8-515c-4db2-a50b-980516bf9af5,2160p_60hz_q_45,Beauty@display=center_crop_1080p
2160p_60hz_q_45,2160p_60hz_q_45,5289ab4b-344d-487f-ac39-320de560806e,1080p_60hz_q_39,Beauty@display=center_crop_1080p
2160p_60hz_q_45,2160p_60hz_q_45,c4a0e1ad-7984-40d7-8f68-73a82a2a463f,1080p_60hz_q_39,Beauty@display=center_crop_1080p
,1080p_60hz_q_39,532f40a1-621c-494b-8e10-a8cb0668755d,2160p_60hz_q_45,Beauty@display=center_crop_1080p
1080p_60hz_q_37,1080p_60hz_q_37,d2d885e4-1ca3-4625-8c39-88667529f002,2160p_60hz_q_45,Monkeys@display=center_crop_1080p
2160p_60hz_q_45,2160p_60hz_q_45,c9f9b726-7136-4632-89d8-9e6b66d837dc,1080p_60hz_q_37,Monkeys@display=center_crop_1080p
2160p_60hz_q_45,2160p_60hz_q_45,946b7170-be46-4eb3-b754-5ee5511bc09a,1080p_60hz_q_37,Monkeys@display=center_crop_1080p
1080p_60hz_q_37,1080p_60hz_q_37,0e46f967-6968-4dbb-8903-a997c011029d,2160p_60hz_q_45,Monkeys@display=center_crop_1080p
1080p_60hz_q_37,1080p_60hz_q_37,63886b87-eff3-460e-b828-c9b1a172a21c,2160p_60hz_q_45,Monkeys@display=center_crop_1080p
,2160p_60hz_q_45,17280dc9-80f2-4649-b2ff-73bb5953c227,1080p_60hz_q_37,Monkeys@display=center_crop_1080p
1080p_60hz_q_37,2160p_60hz_q_45,badb4c68-c25f-4312-93cc-37b701824925,1080p_60hz_q_37,Monkeys@display=center_crop_1080p
,2160p_60hz_q_45,e2c15f73-409b-4bf1-bdb6-d0391da62807,1080p_60hz_q_37,Monkeys@display=center_crop_1080p
,2160p_60hz_q_45,7bbe860b-aaf5-41f4-afb2-851886818fc7,1080p_60hz_q_37,Monkeys@display=center_crop_1080p
,2160p_60hz_q_45,1fe98c14-e7fb-4352-b0be-e531236faf61,1080p_60hz_q_37,Monkeys@display=center_crop_1080p
2160p_60hz_q_39,1080p_60hz_q_43,d2d885e4-1ca3-4625-8c39-88667529f002,2160p_60hz_q_39,Toddler@display=center_crop_1080p
2160p_60hz_q_39,2160p_60hz_q_39,f304bc2a-d059-481e-9268-2dc6d5c0ee8f,1080p_60hz_q_43,Toddler@display=center_crop_1080p
2160p_60hz_q_39,2160p_60hz_q_39,c1406dbe-085d-437e-a0f6-f8cac228648d,1080p_60hz_q_43,Toddler@display=center_crop_1080p
2160p_60hz_q_39,2160p_60hz_q_39,07bb6da7-3bb5-4713-94b5-3cc6da69b587,1080p_60hz_q_43,Toddler@display=center_crop_1080p
2160p_60hz_q_39,1080p_60hz_q_43,3243b530-39c0-4181-88c4-d1402733f44f,2160p_60hz_q_39,Toddler@display=center_crop_1080p
2160p_60hz_q_39,2160p_60hz_q_39,0ffef109-60c6-4ceb-ac56-654ec208a83f,1080p_60hz_q_43,Toddler@display=center_crop_1080p
2160p_60hz_q_39,1080p_60hz_q_43,50643d45-c2af-4f8c-b193-3f15787dcbd2,2160p_60hz_q_39,Toddler@display=center_crop_1080p
2160p_60hz_q_39,2160p_60hz_q_39,e2c67206-2707-487f-9bb5-dfaf2e2922f0,1080p_60hz_q_43,Toddler@display=center_crop_1080p
2160p_60hz_q_39,2160p_60hz_q_39,4e09a9b9-6b2b-4400-80d9-80562371bcb7,1080p_60hz_q_43,Toddler@display=center_crop_1080p
2160p_60hz_q_39,1080p_60hz_q_43,e4791982-1c0b-4b9d-96dd-f685a61a40b7,2160p_60hz_q_39,Toddler@display=center_crop_1080p
1080p_60hz_q_33,1080p_60hz_q_43,d2d885e4-1ca3-4625-8c39-88667529f002,1080p_60hz_q_33,Football@display=center_crop_1080p
1080p_60hz_q_33,1080p_60hz_q_33,33d6bc20-c2de-4c46-a451-3681be8dc16c,1080p_60hz_q_43,Football@display=center_crop_1080p
1080p_60hz_q_33,1080p_60hz_q_43,6365d9f1-fe2e-49a7-81fa-419e09ce4970,1080p_60hz_q_33,Football@display=center_crop_1080p
1080p_60hz_q_33,1080p_60hz_q_33,f8a8894e-7e85-4d2a-8eb5-ed2fc77bcff4,1080p_60hz_q_43,Football@display=center_crop_1080p
1080p_60hz_q_33,1080p_60hz_q_33,1afd1df2-27db-4494-8663-413ad9946a0d,1080p_60hz_q_43,Football@display=center_crop_1080p
1080p_60hz_q_33,1080p_60hz_q_43,68a8fa22-cb96-4da4-aad4-b06206826925,1080p_60hz_q_33,Football@display=center_crop_1080p
1080p_60hz_q_33,1080p_60hz_q_43,9d57cbc2-ab27-45bd-a59c-6bf0db043d78,1080p_60hz_q_33,Football@display=center_crop_1080p
1080p_60hz_q_33,1080p_60hz_q_33,40acb942-4edc-4dea-a078-26987e1de4a3,1080p_60hz_q_43,Football@display=center_crop_1080p
1080p_60hz_q_33,1080p_60hz_q_43,5d7831a1-caca-4669-9e4c-d8c0329ff397,1080p_60hz_q_33,Football@display=center_crop_1080p
1080p_60hz_q_33,1080p_60hz_q_33,4e09a9b9-6b2b-4400-80d9-80562371bcb7,1080p_60hz_q_43,Football@display=center_crop_1080p
2160p_60hz_q_35,2160p_60hz_q_41,d2d885e4-1ca3-4625-8c39-88667529f002,2160p_60hz_q_35,Ready@display=center_crop_1080p
,2160p_60hz_q_35,f78b4a60-3247-4387-8e81-67393ae77757,2160p_60hz_q_41,Ready@display=center_crop_1080p
2160p_60hz_q_35,2160p_60hz_q_41,48b895da-31dd-4c47-8d99-cbe1bd7d4339,2160p_60hz_q_35,Ready@display=center_crop_1080p
2160p_60hz_q_35,2160p_60hz_q_35,9b110929-8562-4dea-aa03-dea569d7160a,2160p_60hz_q_41,Ready@display=center_crop_1080p
2160p_60hz_q_35,2160p_60hz_q_41,07bb6da7-3bb5-4713-94b5-3cc6da69b587,2160p_60hz_q_35,Ready@display=center_crop_1080p
2160p_60hz_q_41,2160p_60hz_q_35,631d5c27-ad66-408c-b36e-9da595aaa740,2160p_60hz_q_41,Ready@display=center_crop_1080p
2160p_60hz_q_35,2160p_60hz_q_41,f16afd28-7eb2-490b-9dee-9411c451c7b6,2160p_60hz_q_35,Ready@display=center_crop_1080p
2160p_60hz_q_35,2160p_60hz_q_41,1255512e-c359-4479-9837-296bf75c44f8,2160p_60hz_q_35,Ready@display=center_crop_1080p
2160p_60hz_q_35,2160p_60hz_q_41,db96f8b8-515c-4db2-a50b-980516bf9af5,2160p_60hz_q_35,Ready@display=center_crop_1080p
2160p_60hz_q_35,2160p_60hz_q_41,b5975696-d633-4dcb-aee4-f089dc00b163,2160p_60hz_q_35,Ready@display=center_crop_1080p
2160p_60hz_q_39,1080p_60hz_q_37,d910e078-d366-48f9-80a5-0723efa4eb4b,2160p_60hz_q_39,Toddler@display=center_crop_1080p
2160p_60hz_q_39,2160p_60hz_q_39,ca1ed559-56c0-4ec2-9a97-ef41e1a1ef4d,1080p_60hz_q_37,Toddler@display=center_crop_1080p
2160p_60hz_q_39,2160p_60hz_q_39,2bd94a3e-72b0-4010-9e82-d5d934a3ab57,1080p_60hz_q_37,Toddler@display=center_crop_1080p
2160p_60hz_q_39,1080p_60hz_q_37,e588b351-3f75-4040-858b-1286d607e866,2160p_60hz_q_39,Toddler@display=center_crop_1080p
2160p_60hz_q_39,2160p_60hz_q_39,6365d9f1-fe2e-49a7-81fa-419e09ce4970,1080p_60hz_q_37,Toddler@display=center_crop_1080p
2160p_60hz_q_39,1080p_60hz_q_37,9d57cbc2-ab27-45bd-a59c-6bf0db043d78,2160p_60hz_q_39,Toddler@display=center_crop_1080p
2160p_60hz_q_39,1080p_60hz_q_37,d135eddd-102e-46e7-82da-64419e897ce6,2160p_60hz_q_39,Toddler@display=center_crop_1080p
2160p_60hz_q_39,1080p_60hz_q_37,af582b31-de6f-45b4-b3d3-ec513c6500eb,2160p_60hz_q_39,Toddler@display=center_crop_1080p
2160p_60hz_q_39,1080p_60hz_q_37,facfb033-277b-427a-9169-4b9a020a2469,2160p_60hz_q_39,Toddler@display=center_crop_1080p
1080p_60hz_q_37,1080p_60hz_q_37,da2c9fd7-50ab-458a-a922-f54ef3dbc3b2,2160p_60hz_q_39,Toddler@display=center_crop_1080p
1080p_60hz_q_35,2160p_60hz_q_49,e8103e3b-0bfe-47b6-b4ec-9aefdfb262aa,1080p_60hz_q_35,Dinner@display=center_crop_1080p
1080p_60hz_q_35,1080p_60hz_q_35,1afd1df2-27db-4494-8663-413ad9946a0d,2160p_60hz_q_49,Dinner@display=center_crop_1080p
1080p_60hz_q_35,2160p_60hz_q_49,6005423d-55ca-4137-8021-d3db601da77e,1080p_60hz_q_35,Dinner@display=center_crop_1080p
,2160p_60hz_q_49,07bb6da7-3bb5-4713-94b5-3cc6da69b587,1080p_60hz_q_35,Dinner@display=center_crop_1080p
1080p_60hz_q_35,2160p_60hz_q_49,f8a8894e-7e85-4d2a-8eb5-ed2fc77bcff4,1080p_60hz_q_35,Dinner@display=center_crop_1080p
1080p_60hz_q_35,2160p_60hz_q_49,d910e078-d366-48f9-80a5-0723efa4eb4b,1080p_60hz_q_35,Dinner@display=center_crop_1080p
1080p_60hz_q_35,1080p_60hz_q_35,53fda506-b1fc-4245-860a-07ad40e5b65d,2160p_60hz_q_49,Dinner@display=center_crop_1080p
1080p_60hz_q_35,1080p_60hz_q_35,26bdef07-111d-4497-95d2-1c34e0c6879f,2160p_60hz_q_49,Dinner@display=center_crop_1080p
1080p_60hz_q_35,2160p_60hz_q_49,6365d9f1-fe2e-49a7-81fa-419e09ce4970,1080p_60hz_q_35,Dinner@display=center_crop_1080p
1080p_60hz_q_35,1080p_60hz_q_35,68a8fa22-cb96-4da4-aad4-b06206826925,2160p_60hz_q_49,Dinner@display=center_crop_1080p
,1080p_60hz_q_37,d910e078-d366-48f9-80a5-0723efa4eb4b,2160p_60hz_q_41,Monkeys@display=center_crop_1080p
2160p_60hz_q_41,2160p_60hz_q_41,f78b4a60-3247-4387-8e81-67393ae77757,1080p_60hz_q_37,Monkeys@display=center_crop_1080p
2160p_60hz_q_41,1080p_60hz_q_37,38ed80b5-0f71-489e-973d-37a39ed3a96c,2160p_60hz_q_41,Monkeys@display=center_crop_1080p
2160p_60hz_q_41,2160p_60hz_q_41,c1406dbe-085d-437e-a0f6-f8cac228648d,1080p_60hz_q_37,Monkeys@display=center_crop_1080p
2160p_60hz_q_41,2160p_60hz_q_41,3f875a9c-3a5b-49b9-8c04-e56a4bb7d9ec,1080p_60hz_q_37,Monkeys@display=center_crop_1080p
1080p_60hz_q_37,2160p_60hz_q_41,654273d8-39da-4132-b299-f4c320d54d3b,1080p_60hz_q_37,Monkeys@display=center_crop_1080p
,1080p_60hz_q_37,7e0438d1-a48a-4e60-9234-b320965d86aa,2160p_60hz_q_41,Monkeys@display=center_crop_1080p
2160p_60hz_q_41,2160p_60hz_q_41,7206fd08-7457-4883-830b-cca57fc03ee5,1080p_60hz_q_37,Monkeys@display=center_crop_1080p
2160p_60hz_q_41,2160p_60hz_q_41,13ef788f-6080-4128-9bcf-3f3fe1fcacc0,1080p_60hz_q_37,Monkeys@display=center_crop_1080p
2160p_60hz_q_41,1080p_60hz_q_37,b5975696-d633-4dcb-aee4-f089dc00b163,2160p_60hz_q_41,Monkeys@display=center_crop_1080p
2160p_60hz_q_47,2160p_60hz_q_47,8503e28a-947a-459c-a673-7beb97834ba5,2160p_60hz_q_51,Toddler@display=center_crop_1080p
2160p_60hz_q_47,2160p_60hz_q_51,38eb67c2-2906-4921-bcd3-74943af82d47,2160p_60hz_q_47,Toddler@display=center_crop_1080p
2160p_60hz_q_47,2160p_60hz_q_51,b7c70b81-275b-4549-ac00-de8dbd201b40,2160p_60hz_q_47,Toddler@display=center_crop_1080p
,2160p_60hz_q_47,78ad0f22-b5f9-431c-9cf3-561ec8ee9182,2160p_60hz_q_51,Toddler@display=center_crop_1080p
2160p_60hz_q_47,2160p_60hz_q_51,3289a60c-e8f2-4bed-b60c-1ed515026b67,2160p_60hz_q_47,Toddler@display=center_crop_1080p
2160p_60hz_q_47,2160p_60hz_q_51,fe9ba464-25aa-4a37-8a07-769dc55e4626,2160p_60hz_q_47,Toddler@display=center_crop_1080p
2160p_60hz_q_47,2160p_60hz_q_47,78ad0f22-b5f9-431c-9cf3-561ec8ee9182,2160p_60hz_q_51,Toddler@display=center_crop_1080p
2160p_60hz_q_47,2160p_60hz_q_47,5da05509-4f9f-4145-833d-f052c9a2779a,2160p_60hz_q_51,Toddler@display=center_crop_1080p
2160p_60hz_q_47,2160p_60hz_q_47,26c9aed6-c72c-40ff-adda-e31709393d7e,2160p_60hz_q_51,Toddler@display=center_crop_1080p
,2160p_60hz_q_51,59afbfdf-b41c-47dc-9323-b8a435f4b924,2160p_60hz_q_47,Toddler@display=center_crop_1080p
1080p_60hz_q_39,2160p_60hz_q_51,beec74c3-b6a6-4e5b-b5dc-ece5e72efd35,1080p_60hz_q_39,Tunnel@display=center_crop_1080p
1080p_60hz_q_39,1080p_60hz_q_39,9d4cc4b7-59aa-493d-844b-83e05a7ee9b6,2160p_60hz_q_51,Tunnel@display=center_crop_1080p
1080p_60hz_q_39,2160p_60hz_q_51,e8e854f8-db3b-4b12-b87f-0c5c849cf0ab,1080p_60hz_q_39,Tunnel@display=center_crop_1080p
1080p_60hz_q_39,1080p_60hz_q_39,38eb67c2-2906-4921-bcd3-74943af82d47,2160p_60hz_q_51,Tunnel@display=center_crop_1080p
1080p_60hz_q_39,1080p_60hz_q_39,c80fb156-701f-41eb-b170-da73f11eb894,2160p_60hz_q_51,Tunnel@display=center_crop_1080p
1080p_60hz_q_39,1080p_60hz_q_39,e9551a3e-d41f-474d-b2d8-05231d46ff64,2160p_60hz_q_51,Tunnel@display=center_crop_1080p
1080p_60hz_q_39,1080p_60hz_q_39,9d57cbc2-ab27-45bd-a59c-6bf0db043d78,2160p_60hz_q_51,Tunnel@display=center_crop_1080p
1080p_60hz_q_39,2160p_60hz_q_51,0b71c40e-fc37-4899-a022-675ff7351368,1080p_60hz_q_39,Tunnel@display=center_crop_1080p
1080p_60hz_q_39,2160p_60hz_q_51,b5975696-d633-4dcb-aee4-f089dc00b163,1080p_60hz_q_39,Tunnel@display=center_crop_1080p
1080p_60hz_q_39,1080p_60hz_q_39,1870054d-e579-4520-9f6a-4f32b8fedd4b,2160p_60hz_q_51,Tunnel@display=center_crop_1080p
2160p_60hz_q_25,1080p_60hz_q_27,38eb67c2-2906-4921-bcd3-74943af82d47,2160p_60hz_q_25,Narrator@display=center_crop_1080p
,2160p_60hz_q_25,df575ecc-df7d-4fe6-902d-c05730fce434,1080p_60hz_q_27,Narrator@display=center_crop_1080p
2160p_60hz_q_25,2160p_60hz_q_25,1e8852de-bbe6-48cd-a1a5-3159df60e41f,1080p_60hz_q_27,Narrator@display=center_crop_1080p
,2160p_60hz_q_25,bcda90fb-3e20-4af9-be88-74ad79194ab6,1080p_60hz_q_27,Narrator@display=center_crop_1080p
1080p_60hz_q_27,1080p_60hz_q_27,1a4f9bd0-1ff2-4da0-96f3-91c32fa4eda4,2160p_60hz_q_25,Narrator@display=center_crop_1080p
2160p_60hz_q_25,1080p_60hz_q_27,606c83fe-5972-4bcb-b811-f7bb443fc6fd,2160p_60hz_q_25,Narrator@display=center_crop_1080p
2160p_60hz_q_25,1080p_60hz_q_27,e53d4eea-976a-4b76-925c-8f49229e1c77,2160p_60hz_q_25,Narrator@display=center_crop_1080p
2160p_60hz_q_25,1080p_60hz_q_27,e972bffc-ae23-4562-ac73-419f130e0062,2160p_60hz_q_25,Narrator@display=center_crop_1080p
2160p_60hz_q_25,2160p_60hz_q_25,ee00aeb2-a1df-4d5c-bf9c-9699648637aa,1080p_60hz_q_27,Narrator@display=center_crop_1080p
1080p_60hz_q_27,1080p_60hz_q_27,e8e854f8-db3b-4b12-b87f-0c5c849cf0ab,2160p_60hz_q_25,Narrator@display=center_crop_1080p
2160p_60hz_q_31,2160p_60hz_q_31,a5de1a7c-1a0e-4207-8292-d8ed4a2eb2e7,1080p_60hz_q_25,Beauty@display=center_crop_1080p
2160p_60hz_q_31,2160p_60hz_q_31,1be4edae-5a41-4038-b893-a09775762485,1080p_60hz_q_25,Beauty@display=center_crop_1080p
,2160p_60hz_q_31,7964e590-7127-4f9b-96c6-f13637d38713,1080p_60hz_q_25,Beauty@display=center_crop_1080p
1080p_60hz_q_25,2160p_60hz_q_31,b7928616-ca9e-452f-a4c0-0f707a07341c,1080p_60hz_q_25,Beauty@display=center_crop_1080p
2160p_60hz_q_31,2160p_60hz_q_31,0b011a81-3784-4c06-a335-fb62580cde04,1080p_60hz_q_25,Beauty@display=center_crop_1080p
1080p_60hz_q_25,2160p_60hz_q_31,4cd150dd-7a6c-4a04-bcbb-c430cb979769,1080p_60hz_q_25,Beauty@display=center_crop_1080p
2160p_60hz_q_31,1080p_60hz_q_25,e2c67206-2707-487f-9bb5-dfaf2e2922f0,2160p_60hz_q_31,Beauty@display=center_crop_1080p
2160p_60hz_q_31,2160p_60hz_q_31,a924191d-6339-4d6f-b4fa-cc87e9e9f573,1080p_60hz_q_25,Beauty@display=center_crop_1080p
2160p_60hz_q_31,1080p_60hz_q_25,38eb67c2-2906-4921-bcd3-74943af82d47,2160p_60hz_q_31,Beauty@display=center_crop_1080p
2160p_60hz_q_31,1080p_60hz_q_25,0e46f967-6968-4dbb-8903-a997c011029d,2160p_60hz_q_31,Beauty@display=center_crop_1080p
1080p_60hz_q_35,1080p_60hz_q_35,38eb67c2-2906-4921-bcd3-74943af82d47,2160p_60hz_q_45,HoneyBee@display=center_crop_1080p
1080p_60hz_q_35,2160p_60hz_q_45,0d143a52-e18f-4432-adb5-2345850fb6c8,1080p_60hz_q_35,HoneyBee@display=center_crop_1080p
2160p_60hz_q_45,1080p_60hz_q_35,bb0de866-f477-4617-92a3-a805e8a1d219,2160p_60hz_q_45,HoneyBee@display=center_crop_1080p
1080p_60hz_q_35,1080p_60hz_q_35,848417ce-54e9-4f48-a77b-40f1cc056f40,2160p_60hz_q_45,HoneyBee@display=center_crop_1080p
1080p_60hz_q_35,1080p_60hz_q_35,68a8fa22-cb96-4da4-aad4-b06206826925,2160p_60hz_q_45,HoneyBee@display=center_crop_1080p
1080p_60hz_q_35,1080p_60hz_q_35,9832020d-32c9-4b00-b7da-f708d715fc06,2160p_60hz_q_45,HoneyBee@display=center_crop_1080p
1080p_60hz_q_35,1080p_60hz_q_35,7964e590-7127-4f9b-96c6-f13637d38713,2160p_60hz_q_45,HoneyBee@display=center_crop_1080p
,1080p_60hz_q_35,d88c101b-11c9-4e8d-9dae-f4e5b67933d1,2160p_60hz_q_45,HoneyBee@display=center_crop_1080p
1080p_60hz_q_35,2160p_60hz_q_45,facfb033-277b-427a-9169-4b9a020a2469,1080p_60hz_q_35,HoneyBee@display=center_crop_1080p
1080p_60hz_q_35,1080p_60hz_q_35,eb300457-ab68-4665-a62e-e63b649b3fdf,2160p_60hz_q_45,HoneyBee@display=center_crop_1080p
1080p_60hz_q_27,1080p_60hz_q_27,38eb67c2-2906-4921-bcd3-74943af82d47,2160p_60hz_q_47,Ready@display=center_crop_1080p
1080p_60hz_q_27,1080p_60hz_q_27,e4788de6-8072-4c62-85b2-19c518bccccc,2160p_60hz_q_47,Ready@display=center_crop_1080p
1080p_60hz_q_27,2160p_60hz_q_47,3b093b24-8dee-407c-adc3-23e77227e35b,1080p_60hz_q_27,Ready@display=center_crop_1080p
1080p_60hz_q_27,1080p_60hz_q_27,e14d6669-467f-41ea-9347-18173aa10ac3,2160p_60hz_q_47,Ready@display=center_crop_1080p
1080p_60hz_q_27,1080p_60hz_q_27,809c6f38-8134-47bd-8f9b-e5110f957391,2160p_60hz_q_47,Ready@display=center_crop_1080p
1080p_60hz_q_27,1080p_60hz_q_27,6548cc0b-1e7d-4c7b-bef3-d24d0e401d9c,2160p_60hz_q_47,Ready@display=center_crop_1080p
1080p_60hz_q_27,2160p_60hz_q_47,2ea19ebb-5fdf-47c4-aa24-d9d7355fda95,1080p_60hz_q_27,Ready@display=center_crop_1080p
1080p_60hz_q_27,1080p_60hz_q_27,b071fb5e-233d-4a69-873f-08407b51b05c,2160p_60hz_q_47,Ready@display=center_crop_1080p
1080p_60hz_q_27,1080p_60hz_q_27,5da05509-4f9f-4145-833d-f052c9a2779a,2160p_60hz_q_47,Ready@display=center_crop_1080p
1080p_60hz_q_27,1080p_60hz_q_27,45d734a8-ca71-42f6-abde-ef570e3b4cf1,2160p_60hz_q_47,Ready@display=center_crop_1080p
2160p_60hz_q_25,2160p_60hz_q_49,ac00c619-1689-4173-bedd-13fff7ce2c99,2160p_60hz_q_25,Dinner@display=center_crop_1080p
2160p_60hz_q_25,2160p_60hz_q_25,46aabf20-8386-4462-a685-7bdf025cd375,2160p_60hz_q_49,Dinner@display=center_crop_1080p
2160p_60hz_q_25,2160p_60hz_q_49,7fa32d26-7bca-4bd0-8d73-03341d624eca,2160p_60hz_q_25,Dinner@display=center_crop_1080p
2160p_60hz_q_25,2160p_60hz_q_49,412dd5fb-427b-426d-9284-e8f9331100cb,2160p_60hz_q_25,Dinner@display=center_crop_1080p
2160p_60hz_q_25,2160p_60hz_q_25,19b86171-b4f8-49bf-a0e9-17e0ba50a844,2160p_60hz_q_49,Dinner@display=center_crop_1080p
2160p_60hz_q_25,2160p_60hz_q_25,f33fbf32-6eda-406b-84e4-2bf22ec6cf36,2160p_60hz_q_49,Dinner@display=center_crop_1080p
2160p_60hz_q_25,2160p_60hz_q_25,d0def9ea-d1d8-481e-865e-e7781ca522cf,2160p_60hz_q_49,Dinner@display=center_crop_1080p
2160p_60hz_q_25,2160p_60hz_q_25,0ffef109-60c6-4ceb-ac56-654ec208a83f,2160p_60hz_q_49,Dinner@display=center_crop_1080p
2160p_60hz_q_25,2160p_60hz_q_49,b15043b9-76db-434f-a66f-5267875bfa9d,2160p_60hz_q_25,Dinner@display=center_crop_1080p
2160p_60hz_q_25,2160p_60hz_q_25,8af7b70c-7bcb-4870-a401-358e2ab39eab,2160p_60hz_q_49,Dinner@display=center_crop_1080p
2160p_60hz_q_33,2160p_60hz_q_43,ac00c619-1689-4173-bedd-13fff7ce2c99,2160p_60hz_q_33,Discuss@display=center_crop_1080p
2160p_60hz_q_33,2160p_60hz_q_43,5b32a3b4-03ed-4323-90b4-de0bff193bd8,2160p_60hz_q_33,Discuss@display=center_crop_1080p
2160p_60hz_q_33,2160p_60hz_q_33,b5d5ad99-3c81-4f5a-ab4e-a3aae033d40b,2160p_60hz_q_43,Discuss@display=center_crop_1080p
2160p_60hz_q_33,2160p_60hz_q_33,0c1c7340-3f94-4985-af41-6c3ee4c993c8,2160p_60hz_q_43,Discuss@display=center_crop_1080p
2160p_60hz_q_33,2160p_60hz_q_43,d6ba2aff-cecb-46aa-8325-57f11ca3b9df,2160p_60hz_q_33,Discuss@display=center_crop_1080p
2160p_60hz_q_33,2160p_60hz_q_43,7964e590-7127-4f9b-96c6-f13637d38713,2160p_60hz_q_33,Discuss@display=center_crop_1080p
2160p_60hz_q_33,2160p_60hz_q_33,1a4b7399-7fcd-4ddf-bb63-5a7e1ecc9174,2160p_60hz_q_43,Discuss@display=center_crop_1080p
2160p_60hz_q_33,2160p_60hz_q_43,8d422037-bbe3-4258-b1ef-8f0503275f26,2160p_60hz_q_33,Discuss@display=center_crop_1080p
2160p_60hz_q_33,2160p_60hz_q_33,5d7831a1-caca-4669-9e4c-d8c0329ff397,2160p_60hz_q_43,Discuss@display=center_crop_1080p
2160p_60hz_q_33,2160p_60hz_q_33,3a9c1e54-5803-42be-b7c4-ae7a7c6d615f,2160p_60hz_q_43,Discuss@display=center_crop_1080p
2160p_60hz_q_27,2160p_60hz_q_27,ac00c619-1689-4173-bedd-13fff7ce2c99,1080p_60hz_q_37,Monkeys@display=center_crop_1080p
2160p_60hz_q_27,1080p_60hz_q_37,46aabf20-8386-4462-a685-7bdf025cd375,2160p_60hz_q_27,Monkeys@display=center_crop_1080p
2160p_60hz_q_27,2160p_60hz_q_27,fc66e681-3ee1-4f30-9e0a-390ec97223e9,1080p_60hz_q_37,Monkeys@display=center_crop_1080p
2160p_60hz_q_27,2160p_60hz_q_27,2e79787c-c952-4312-b557-3d8eaa1a03d9,1080p_60hz_q_37,Monkeys@display=center_crop_1080p
2160p_60hz_q_27,1080p_60hz_q_37,30e8a8c4-2328-440a-b55d-d5378c63abce,2160p_60hz_q_27,Monkeys@display=center_crop_1080p
2160p_60hz_q_27,1080p_60hz_q_37,82a236b2-18c8-4d54-a0b5-f88094d10601,2160p_60hz_q_27,Monkeys@display=center_crop_1080p
2160p_60hz_q_27,2160p_60hz_q_27,4a35f560-042e-4d5b-b103-c56fd5d326a8,1080p_60hz_q_37,Monkeys@display=center_crop_1080p
2160p_60hz_q_27,2160p_60hz_q_27,ac060a26-f40f-4682-ab6e-89bc9d9355fb,1080p_60hz_q_37,Monkeys@display=center_crop_1080p
2160p_60hz_q_27,2160p_60hz_q_27,ee00aeb2-a1df-4d5c-bf9c-9699648637aa,1080p_60hz_q_37,Monkeys@display=center_crop_1080p
2160p_60hz_q_27,2160p_60hz_q_27,337071eb-82e7-440f-93a9-60e3f4e874d3,1080p_60hz_q_37,Monkeys@display=center_crop_1080p
1080p_60hz_q_37,1080p_60hz_q_37,ff018c0f-acf7-4bf8-ae51-2c1e2f9d4ce1,2160p_60hz_q_51,SeaRock@display=center_crop_1080p
1080p_60hz_q_37,1080p_60hz_q_37,7efb5c27-cb11-4e89-a200-bfcc3f784540,2160p_60hz_q_51,SeaRock@display=center_crop_1080p
1080p_60hz_q_37,2160p_60hz_q_51,7efb5c27-cb11-4e89-a200-bfcc3f784540,1080p_60hz_q_37,SeaRock@display=center_crop_1080p
1080p_60hz_q_37,2160p_60hz_q_51,910116ae-0cae-4d75-9849-3bb4bd52d328,1080p_60hz_q_37,SeaRock@display=center_crop_1080p
1080p_60hz_q_37,2160p_60hz_q_51,6af65e2a-a0d6-44b0-a4f1-ac6cb745e29f,1080p_60hz_q_37,SeaRock@display=center_crop_1080p
1080p_60hz_q_37,2160p_60hz_q_51,7f0cddff-774e-4a0e-9f22-c9360ca264d9,1080p_60hz_q_37,SeaRock@display=center_crop_1080p
1080p_60hz_q_37,1080p_60hz_q_37,1eac016c-8104-4285-8d8b-3e458a1cdc91,2160p_60hz_q_51,SeaRock@display=center_crop_1080p
1080p_60hz_q_37,1080p_60hz_q_37,cfd3b986-d942-4286-8d23-1a883c550671,2160p_60hz_q_51,SeaRock@display=center_crop_1080p
1080p_60hz_q_37,1080p_60hz_q_37,7f0cddff-774e-4a0e-9f22-c9360ca264d9,2160p_60hz_q_51,SeaRock@display=center_crop_1080p
1080p_60hz_q_37,2160p_60hz_q_51,488ada9d-9342-4a06-8d36-d589067fe942,1080p_60hz_q_37,SeaRock@display=center_crop_1080p
2160p_60hz_q_39,2160p_60hz_q_39,59afbfdf-b41c-47dc-9323-b8a435f4b924,2160p_60hz_q_45,Beauty@display=center_crop_1080p
2160p_60hz_q_39,2160p_60hz_q_45,ac00c619-1689-4173-bedd-13fff7ce2c99,2160p_60hz_q_39,Beauty@display=center_crop_1080p
2160p_60hz_q_39,2160p_60hz_q_39,d0def9ea-d1d8-481e-865e-e7781ca522cf,2160p_60hz_q_45,Beauty@display=center_crop_1080p
2160p_60hz_q_39,2160p_60hz_q_45,5989e0f3-b0a9-47d7-b12a-46b2ba1b1502,2160p_60hz_q_39,Beauty@display=center_crop_1080p
2160p_60hz_q_39,2160p_60hz_q_45,47b610b2-5357-4c65-8fe2-b8ccdf788bfe,2160p_60hz_q_39,Beauty@display=center_crop_1080p
2160p_60hz_q_39,2160p_60hz_q_39,8f93cd33-b4c5-4e6c-9337-89d455cb7fbe,2160p_60hz_q_45,Beauty@display=center_crop_1080p
2160p_60hz_q_39,2160p_60hz_q_39,98c79528-25d0-4621-8eb2-562c49004f90,2160p_60hz_q_45,Beauty@display=center_crop_1080p
2160p_60hz_q_39,2160p_60hz_q_39,7142d9c5-0e87-4291-b0c4-fe9768c9bb62,2160p_60hz_q_45,Beauty@display=center_crop_1080p
,2160p_60hz_q_39,1d9d2224-8591-47ef-a7b7-3347f5dbf4f2,2160p_60hz_q_45,Beauty@display=center_crop_1080p
2160p_60hz_q_39,2160p_60hz_q_45,baff962a-861f-470e-b1f5-deb3cc28475d,2160p_60hz_q_39,Beauty@display=center_crop_1080p
2160p_60hz_q_29,2160p_60hz_q_33,ac00c619-1689-4173-bedd-13fff7ce2c99,2160p_60hz_q_29,HoneyBee@display=center_crop_1080p
,2160p_60hz_q_29,de106203-e86a-420a-8d43-f3d9603b8900,2160p_60hz_q_33,HoneyBee@display=center_crop_1080p
,2160p_60hz_q_29,a593750d-9e2c-4127-906a-9c623c034081,2160p_60hz_q_33,HoneyBee@display=center_crop_1080p
2160p_60hz_q_33,2160p_60hz_q_29,2e79787c-c952-4312-b557-3d8eaa1a03d9,2160p_60hz_q_33,HoneyBee@display=center_crop_1080p
,2160p_60hz_q_33,1afd1df2-27db-4494-8663-413ad9946a0d,2160p_60hz_q_29,HoneyBee@display=center_crop_1080p
2160p_60hz_q_29,2160p_60hz_q_29,7ac3129c-bc4a-4a32-9ca5-27a305d5c36c,2160p_60hz_q_33,HoneyBee@display=center_crop_1080p
2160p_60hz_q_33,2160p_60hz_q_29,b48a33a8-dd39-4714-b7bf-1a3c90661e10,2160p_60hz_q_33,HoneyBee@display=center_crop_1080p
2160p_60hz_q_29,2160p_60hz_q_29,d739b99a-9798-42ec-b4f4-3db5001692c4,2160p_60hz_q_33,HoneyBee@display=center_crop_1080p
2160p_60hz_q_29,2160p_60hz_q_29,5da05509-4f9f-4145-833d-f052c9a2779a,2160p_60hz_q_33,HoneyBee@display=center_crop_1080p
2160p_60hz_q_29,2160p_60hz_q_29,b5975696-d633-4dcb-aee4-f089dc00b163,2160p_60hz_q_33,HoneyBee@display=center_crop_1080p
2160p_60hz_q_41,2160p_60hz_q_49,30e8a8c4-2328-440a-b55d-d5378c63abce,2160p_60hz_q_41,Yacht@display=center_crop_1080p
2160p_60hz_q_41,2160p_60hz_q_41,fcf36c35-1d49-4f05-a0d2-3f573be84282,2160p_60hz_q_49,Yacht@display=center_crop_1080p
2160p_60hz_q_41,2160p_60hz_q_41,c80fb156-701f-41eb-b170-da73f11eb894,2160p_60hz_q_49,Yacht@display=center_crop_1080p
2160p_60hz_q_41,2160p_60hz_q_49,0ea37ed8-df3d-4bd2-9c04-dc44aa006a9e,2160p_60hz_q_41,Yacht@display=center_crop_1080p
2160p_60hz_q_41,2160p_60hz_q_49,2ea19ebb-5fdf-47c4-aa24-d9d7355fda95,2160p_60hz_q_41,Yacht@display=center_crop_1080p
2160p_60hz_q_41,2160p_60hz_q_41,e4788de6-8072-4c62-85b2-19c518bccccc,2160p_60hz_q_49,Yacht@display=center_crop_1080p
2160p_60hz_q_41,2160p_60hz_q_41,ac00c619-1689-4173-bedd-13fff7ce2c99,2160p_60hz_q_49,Yacht@display=center_crop_1080p
,2160p_60hz_q_49,7b6a30c6-4b19-47c7-bc99-5dd895ce82d3,2160p_60hz_q_41,Yacht@display=center_crop_1080p
2160p_60hz_q_41,2160p_60hz_q_41,1255512e-c359-4479-9837-296bf75c44f8,2160p_60hz_q_49,Yacht@display=center_crop_1080p
2160p_60hz_q_41,2160p_60hz_q_41,62b97f5e-f60a-46bc-933c-799cade5e19e,2160p_60hz_q_49,Yacht@display=center_crop_1080p
1080p_60hz_q_37,1080p_60hz_q_37,ac00c619-1689-4173-bedd-13fff7ce2c99,2160p_60hz_q_45,Ready@display=center_crop_1080p
1080p_60hz_q_37,2160p_60hz_q_45,946b7170-be46-4eb3-b754-5ee5511bc09a,1080p_60hz_q_37,Ready@display=center_crop_1080p
,1080p_60hz_q_37,19b86171-b4f8-49bf-a0e9-17e0ba50a844,2160p_60hz_q_45,Ready@display=center_crop_1080p
1080p_60hz_q_37,1080p_60hz_q_37,82a236b2-18c8-4d54-a0b5-f88094d10601,2160p_60hz_q_45,Ready@display=center_crop_1080p
1080p_60hz_q_37,2160p_60hz_q_45,984e388d-b130-4495-9352-11919b42ab34,1080p_60hz_q_37,Ready@display=center_crop_1080p
1080p_60hz_q_37,1080p_60hz_q_37,fcf36229-e931-4a91-8e22-2a87f1aab261,2160p_60hz_q_45,Ready@display=center_crop_1080p
,2160p_60hz_q_45,6fd8c7e3-92ad-4ae9-8d4b-6c10db61c856,1080p_60hz_q_37,Ready@display=center_crop_1080p
1080p_60hz_q_37,2160p_60hz_q_45,32f8d619-a479-42d1-b457-f76b8f164236,1080p_60hz_q_37,Ready@display=center_crop_1080p
1080p_60hz_q_37,1080p_60hz_q_37,d4f74e62-520b-489d-af5c-051c4d744c55,2160p_60hz_q_45,Ready@display=center_crop_1080p
1080p_60hz_q_37,1080p_60hz_q_37,234f2863-9dc3-4857-bbf9-144b0e1a86f4,2160p_60hz_q_45,Ready@display=center_crop_1080p
2160p_60hz_q_27,1080p_60hz_q_37,0b011a81-3784-4c06-a335-fb62580cde04,2160p_60hz_q_27,Football@display=center_crop_1080p
2160p_60hz_q_27,1080p_60hz_q_37,fae05acc-8eb8-426e-94f6-a2acfd916530,2160p_60hz_q_27,Football@display=center_crop_1080p
2160p_60hz_q_27,2160p_60hz_q_27,39f32b60-c4bd-4287-bb95-c5acf6f45aa7,1080p_60hz_q_37,Football@display=center_crop_1080p
2160p_60hz_q_27,1080p_60hz_q_37,848417ce-54e9-4f48-a77b-40f1cc056f40,2160p_60hz_q_27,Football@display=center_crop_1080p
2160p_60hz_q_27,2160p_60hz_q_27,2e5b02d4-0a00-4feb-993b-d3dd3567d028,1080p_60hz_q_37,Football@display=center_crop_1080p
2160p_60hz_q_27,2160p_60hz_q_27,59afbfdf-b41c-47dc-9323-b8a435f4b924,1080p_60hz_q_37,Football@display=center_crop_1080p
,1080p_60hz_q_37,eab9779d-4083-4225-8473-fc8798ebb47e,2160p_60hz_q_27,Football@display=center_crop_1080p
2160p_60hz_q_27,1080p_60hz_q_37,6005423d-55ca-4137-8021-d3db601da77e,2160p_60hz_q_27,Football@display=center_crop_1080p
2160p_60hz_q_27,1080p_60hz_q_37,648eaa2c-7641-4715-8a50-77b78df2a33a,2160p_60hz_q_27,Football@display=center_crop_1080p
2160p_60hz_q_27,2160p_60hz_q_27,d467718b-5841-4c1b-b448-1ff4876f3fb8,1080p_60hz_q_37,Football@display=center_crop_1080p
1080p_60hz_q_37,1080p_60hz_q_43,0b011a81-3784-4c06-a335-fb62580cde04,1080p_60hz_q_37,Monkeys@display=center_crop_1080p
1080p_60hz_q_37,1080p_60hz_q_37,e14d6669-467f-41ea-9347-18173aa10ac3,1080p_60hz_q_43,Monkeys@display=center_crop_1080p
1080p_60hz_q_37,1080p_60hz_q_37,5b32a3b4-03ed-4323-90b4-de0bff193bd8,1080p_60hz_q_43,Monkeys@display=center_crop_1080p
1080p_60hz_q_37,1080p_60hz_q_43,5c9fb765-7783-4e60-af0f-aa58a44f2419,1080p_60hz_q_37,Monkeys@display=center_crop_1080p
1080p_60hz_q_37,1080p_60hz_q_37,848417ce-54e9-4f48-a77b-40f1cc056f40,1080p_60hz_q_43,Monkeys@display=center_crop_1080p
1080p_60hz_q_37,1080p_60hz_q_43,631d5c27-ad66-408c-b36e-9da595aaa740,1080p_60hz_q_37,Monkeys@display=center_crop_1080p
1080p_60hz_q_37,1080p_60hz_q_37,0d1af6dd-f5f6-42b8-b58f-1f062d3cdc72,1080p_60hz_q_43,Monkeys@display=center_crop_1080p
1080p_60hz_q_37,1080p_60hz_q_43,40acb942-4edc-4dea-a078-26987e1de4a3,1080p_60hz_q_37,Monkeys@display=center_crop_1080p
1080p_60hz_q_37,1080p_60hz_q_43,23481d60-7bee-4bd3-be2e-a512a295aebb,1080p_60hz_q_37,Monkeys@display=center_crop_1080p
1080p_60hz_q_37,1080p_60hz_q_37,def6a485-5c26-438d-9ad9-e51d37f4a6cf,1080p_60hz_q_43,Monkeys@display=center_crop_1080p
1080p_60hz_q_31,1080p_60hz_q_31,0b011a81-3784-4c06-a335-fb62580cde04,2160p_60hz_q_39,Dancers@display=center_crop_1080p
1080p_60hz_q_31,2160p_60hz_q_39,62b97f5e-f60a-46bc-933c-799cade5e19e,1080p_60hz_q_31,Dancers@display=center_crop_1080p
1080p_60hz_q_31,1080p_60hz_q_31,3b093b24-8dee-407c-adc3-23e77227e35b,2160p_60hz_q_39,Dancers@display=center_crop_1080p
1080p_60hz_q_31,2160p_60hz_q_39,de41656b-1f7f-453c-8775-6b21be1e124a,1080p_60hz_q_31,Dancers@display=center_crop_1080p
,2160p_60hz_q_39,757d41cf-5808-4373-a3b1-f7dd94f2ac11,1080p_60hz_q_31,Dancers@display=center_crop_1080p
1080p_60hz_q_31,2160p_60hz_q_39,285deb4d-638a-4cee-8ceb-cf512c184de5,1080p_60hz_q_31,Dancers@display=center_crop_1080p
1080p_60hz_q_31,1080p_60hz_q_31,badb4c68-c25f-4312-93cc-37b701824925,2160p_60hz_q_39,Dancers@display=center_crop_1080p
1080p_60hz_q_31,2160p_60hz_q_39,f96ffcdd-22c6-49b7-bd2d-73e698539f79,1080p_60hz_q_31,Dancers@display=center_crop_1080p
1080p_60hz_q_31,1080p_60hz_q_31,2ef2ced7-e0c0-4f17-8842-daab631cff22,2160p_60hz_q_39,Dancers@display=center_crop_1080p
2160p_60hz_q_39,1080p_60hz_q_31,088777a9-db1c-4683-9812-ce100f1b95df,2160p_60hz_q_39,Dancers@display=center_crop_1080p
2160p_60hz_q_35,2160p_60hz_q_35,0b011a81-3784-4c06-a335-fb62580cde04,2160p_60hz_q_47,Toddler@display=center_crop_1080p
2160p_60hz_q_35,2160p_60hz_q_35,bcda90fb-3e20-4af9-be88-74ad79194ab6,2160p_60hz_q_47,Toddler@display=center_crop_1080p
2160p_60hz_q_35,2160p_60hz_q_47,fc66e681-3ee1-4f30-9e0a-390ec97223e9,2160p_60hz_q_35,Toddler@display=center_crop_1080p
2160p_60hz_q_47,2160p_60hz_q_47,15a33f39-68de-4ec2-a989-d4fb1a1d21f0,2160p_60hz_q_35,Toddler@display=center_crop_1080p
2160p_60hz_q_35,2160p_60hz_q_35,2ed884e7-7f71-4a59-88ae-63e2f27f6fef,2160p_60hz_q_47,Toddler@display=center_crop_1080p
2160p_60hz_q_35,2160p_60hz_q_47,606c83fe-5972-4bcb-b811-f7bb443fc6fd,2160p_60hz_q_35,Toddler@display=center_crop_1080p
2160p_60hz_q_35,2160p_60hz_q_35,b534d02f-8944-4adf-bd53-e57ce627a786,2160p_60hz_q_47,Toddler@display=center_crop_1080p
2160p_60hz_q_35,2160p_60hz_q_35,18b65afe-0318-4e2f-b48f-d243fa07b40c,2160p_60hz_q_47,Toddler@display=center_crop_1080p
2160p_60hz_q_35,2160p_60hz_q_47,a21ffff2-ba97-464c-a146-c7f86c53705a,2160p_60hz_q_35,Toddler@display=center_crop_1080p
2160p_60hz_q_35,2160p_60hz_q_47,13ef788f-6080-4128-9bcf-3f3fe1fcacc0,2160p_60hz_q_35,Toddler@display=center_crop_1080p
,2160p_60hz_q_33,0b011a81-3784-4c06-a335-fb62580cde04,1080p_60hz_q_25,Discuss@display=center_crop_1080p
1080p_60hz_q_25,2160p_60hz_q_33,e0ce4996-dc5b-41e3-bc6d-56d591c87119,1080p_60hz_q_25,Discuss@display=center_crop_1080p
1080p_60hz_q_25,2160p_60hz_q_33,b2301164-83b7-413a-84b4-18592d2bda27,1080p_60hz_q_25,Discuss@display=center_crop_1080p
,1080p_60hz_q_25,3b093b24-8dee-407c-adc3-23e77227e35b,2160p_60hz_q_33,Discuss@display=center_crop_1080p
,1080p_60hz_q_25,c1f77f70-98ba-4d35-8fe5-5925140673e2,2160p_60hz_q_33,Discuss@display=center_crop_1080p
,2160p_60hz_q_33,0d1af6dd-f5f6-42b8-b58f-1f062d3cdc72,1080p_60hz_q_25,Discuss@display=center_crop_1080p
1080p_60hz_q_25,2160p_60hz_q_33,4a35f560-042e-4d5b-b103-c56fd5d326a8,1080p_60hz_q_25,Discuss@display=center_crop_1080p
1080p_60hz_q_25,1080p_60hz_q_25,e7ac105b-703b-4de4-9812-9d319b7f1f75,2160p_60hz_q_33,Discuss@display=center_crop_1080p
,2160p_60hz_q_33,2e18b0d1-37c9-4503-a092-99a9ed14251c,1080p_60hz_q_25,Discuss@display=center_crop_1080p
2160p_60hz_q_33,2160p_60hz_q_33,e9551a3e-d41f-474d-b2d8-05231d46ff64,1080p_60hz_q_25,Discuss@display=center_crop_1080p
1080p_60hz_q_29,1080p_60hz_q_29,5b32a3b4-03ed-4323-90b4-de0bff193bd8,2160p_60hz_q_41,Yacht@display=center_crop_1080p
1080p_60hz_q_29,2160p_60hz_q_41,0b011a81-3784-4c06-a335-fb62580cde04,1080p_60hz_q_29,Yacht@display=center_crop_1080p
1080p_60hz_q_29,1080p_60hz_q_29,e9d0b79f-5cb6-42b3-ad16-03f671a861e8,2160p_60hz_q_41,Yacht@display=center_crop_1080p
1080p_60hz_q_29,2160p_60hz_q_41,8af7b70c-7bcb-4870-a401-358e2ab39eab,1080p_60hz_q_29,Yacht@display=center_crop_1080p
1080p_60hz_q_29,1080p_60hz_q_29,2ed884e7-7f71-4a59-88ae-63e2f27f6fef,2160p_60hz_q_41,Yacht@display=center_crop_1080p
1080p_60hz_q_29,1080p_60hz_q_29,68a8fa22-cb96-4da4-aad4-b06206826925,2160p_60hz_q_41,Yacht@display=center_crop_1080p
1080p_60hz_q_29,2160p_60hz_q_41,d4caa0db-8bd4-47cc-ad0e-f10ed19d1038,1080p_60hz_q_29,Yacht@display=center_crop_1080p
1080p_60hz_q_29,2160p_60hz_q_41,19b86171-b4f8-49bf-a0e9-17e0ba50a844,1080p_60hz_q_29,Yacht@display=center_crop_1080p
1080p_60hz_q_29,2160p_60hz_q_41,00d96475-6e03-4ff0-b5e0-afc407da0723,1080p_60hz_q_29,Yacht@display=center_crop_1080p
1080p_60hz_q_29,1080p_60hz_q_29,badb4c68-c25f-4312-93cc-37b701824925,2160p_60hz_q_41,Yacht@display=center_crop_1080p
2160p_60hz_q_35,2160p_60hz_q_45,b3bfce76-39b7-447f-8ed1-6fde7dd0dd52,2160p_60hz_q_35,Ready@display=center_crop_1080p
2160p_60hz_q_35,2160p_60hz_q_45,94055a93-ea44-475a-9bc1-e304fbcbb6a5,2160p_60hz_q_35,Ready@display=center_crop_1080p
2160p_60hz_q_35,2160p_60hz_q_35,e7c2eb31-dae1-4475-91e4-96c9dbb24e46,2160p_60hz_q_45,Ready@display=center_crop_1080p
2160p_60hz_q_35,2160p_60hz_q_45,d2b4ccf8-df89-4fd3-9bd0-76a4a330b75e,2160p_60hz_q_35,Ready@display=center_crop_1080p
2160p_60hz_q_35,2160p_60hz_q_45,d993f2aa-daf6-406e-82f7-0c3e3d9a6cf0,2160p_60hz_q_35,Ready@display=center_crop_1080p
2160p_60hz_q_35,2160p_60hz_q_45,302e1287-9f66-4b60-9274-85716ad811e5,2160p_60hz_q_35,Ready@display=center_crop_1080p
2160p_60hz_q_35,2160p_60hz_q_35,43b2c520-73e1-4b7a-bf5d-72f725568d35,2160p_60hz_q_45,Ready@display=center_crop_1080p
2160p_60hz_q_35,2160p_60hz_q_35,e208d210-8183-44b6-a172-63a07d0a6e7b,2160p_60hz_q_45,Ready@display=center_crop_1080p
2160p_60hz_q_35,2160p_60hz_q_45,0b011a81-3784-4c06-a335-fb62580cde04,2160p_60hz_q_35,Ready@display=center_crop_1080p
2160p_60hz_q_35,2160p_60hz_q_35,43fdbb18-c19e-46d2-b9eb-f7a171a3585f,2160p_60hz_q_45,Ready@display=center_crop_1080p
2160p_60hz_q_27,2160p_60hz_q_37,0b011a81-3784-4c06-a335-fb62580cde04,2160p_60hz_q_27,Tunnel@display=center_crop_1080p
,2160p_60hz_q_27,fcf36c35-1d49-4f05-a0d2-3f573be84282,2160p_60hz_q_37,Tunnel@display=center_crop_1080p
,2160p_60hz_q_27,b5d5ad99-3c81-4f5a-ab4e-a3aae033d40b,2160p_60hz_q_37,Tunnel@display=center_crop_1080p
2160p_60hz_q_27,2160p_60hz_q_37,eb8aa815-a946-4f28-b470-3f1c9fdf4788,2160p_60hz_q_27,Tunnel@display=center_crop_1080p
2160p_60hz_q_27,2160p_60hz_q_37,7732bed5-fc82-4d88-b674-40d62da7e8d0,2160p_60hz_q_27,Tunnel@display=center_crop_1080p
2160p_60hz_q_37,2160p_60hz_q_37,4cd150dd-7a6c-4a04-bcbb-c430cb979769,2160p_60hz_q_27,Tunnel@display=center_crop_1080p
2160p_60hz_q_37,2160p_60hz_q_27,defc3237-931e-4a71-bf18-59d6d7c99b4c,2160p_60hz_q_37,Tunnel@display=center_crop_1080p
2160p_60hz_q_37,2160p_60hz_q_37,d4caa0db-8bd4-47cc-ad0e-f10ed19d1038,2160p_60hz_q_27,Tunnel@display=center_crop_1080p
2160p_60hz_q_27,2160p_60hz_q_37,def6a485-5c26-438d-9ad9-e51d37f4a6cf,2160p_60hz_q_27,Tunnel@display=center_crop_1080p
2160p_60hz_q_27,2160p_60hz_q_37,d467718b-5841-4c1b-b448-1ff4876f3fb8,2160p_60hz_q_27,Tunnel@display=center_crop_1080p
2160p_60hz_q_45,2160p_60hz_q_45,0b011a81-3784-4c06-a335-fb62580cde04,1080p_60hz_q_41,Ritual@display=center_crop_1080p
2160p_60hz_q_45,1080p_60hz_q_41,8503e28a-947a-459c-a673-7beb97834ba5,2160p_60hz_q_45,Ritual@display=center_crop_1080p
1080p_60hz_q_41,1080p_60hz_q_41,e154a82c-3a72-4854-8f3a-f54550369af2,2160p_60hz_q_45,Ritual@display=center_crop_1080p
,1080p_60hz_q_41,4731f594-5464-428a-8891-726dceae70cb,2160p_60hz_q_45,Ritual@display=center_crop_1080p
,1080p_60hz_q_41,e53d4eea-976a-4b76-925c-8f49229e1c77,2160p_60hz_q_45,Ritual@display=center_crop_1080p
1080p_60hz_q_41,2160p_60hz_q_45,70fb323d-b8bb-4830-acf7-c066e2076a7a,1080p_60hz_q_41,Ritual@display=center_crop_1080p
2160p_60hz_q_45,2160p_60hz_q_45,c4a0e1ad-7984-40d7-8f68-73a82a2a463f,1080p_60hz_q_41,Ritual@display=center_crop_1080p
2160p_60hz_q_45,2160p_60hz_q_45,d739b99a-9798-42ec-b4f4-3db5001692c4,1080p_60hz_q_41,Ritual@display=center_crop_1080p
2160p_60hz_q_45,2160p_60hz_q_45,7bbe860b-aaf5-41f4-afb2-851886818fc7,1080p_60hz_q_41,Ritual@display=center_crop_1080p
2160p_60hz_q_45,2160p_60hz_q_45,4e09a9b9-6b2b-4400-80d9-80562371bcb7,1080p_60hz_q_41,Ritual@display=center_crop_1080p
2160p_60hz_q_33,1080p_60hz_q_41,f78b4a60-3247-4387-8e81-67393ae77757,2160p_60hz_q_33,Narrator@display=center_crop_1080p
2160p_60hz_q_33,1080p_60hz_q_41,4cd150dd-7a6c-4a04-bcbb-c430cb979769,2160p_60hz_q_33,Narrator@display=center_crop_1080p
2160p_60hz_q_33,2160p_60hz_q_33,47b610b2-5357-4c65-8fe2-b8ccdf788bfe,1080p_60hz_q_41,Narrator@display=center_crop_1080p
2160p_60hz_q_33,2160p_60hz_q_33,c9f9b726-7136-4632-89d8-9e6b66d837dc,1080p_60hz_q_41,Narrator@display=center_crop_1080p
2160p_60hz_q_33,2160p_60hz_q_33,c9f9b726-7136-4632-89d8-9e6b66d837dc,1080p_60hz_q_41,Narrator@display=center_crop_1080p
2160p_60hz_q_33,2160p_60hz_q_33,62b97f5e-f60a-46bc-933c-799cade5e19e,1080p_60hz_q_41,Narrator@display=center_crop_1080p
2160p_60hz_q_33,2160p_60hz_q_33,c42c6f3e-4b34-4438-9461-dfc16820e17b,1080p_60hz_q_41,Narrator@display=center_crop_1080p
2160p_60hz_q_33,2160p_60hz_q_33,1d9d2224-8591-47ef-a7b7-3347f5dbf4f2,1080p_60hz_q_41,Narrator@display=center_crop_1080p
2160p_60hz_q_33,1080p_60hz_q_41,00d96475-6e03-4ff0-b5e0-afc407da0723,2160p_60hz_q_33,Narrator@display=center_crop_1080p
2160p_60hz_q_33,1080p_60hz_q_41,f78b4a60-3247-4387-8e81-67393ae77757,2160p_60hz_q_33,Narrator@display=center_crop_1080p
2160p_60hz_q_35,1080p_60hz_q_43,f78b4a60-3247-4387-8e81-67393ae77757,2160p_60hz_q_35,Football@display=center_crop_1080p
2160p_60hz_q_35,2160p_60hz_q_35,c9f9b726-7136-4632-89d8-9e6b66d837dc,1080p_60hz_q_43,Football@display=center_crop_1080p
2160p_60hz_q_35,2160p_60hz_q_35,f1142396-4ec7-4601-b113-7f53e64f27d0,1080p_60hz_q_43,Football@display=center_crop_1080p
2160p_60hz_q_35,1080p_60hz_q_43,de41656b-1f7f-453c-8775-6b21be1e124a,2160p_60hz_q_35,Football@display=center_crop_1080p
2160p_60hz_q_35,1080p_60hz_q_43,2bd94a3e-72b0-4010-9e82-d5d934a3ab57,2160p_60hz_q_35,Football@display=center_crop_1080p
2160p_60hz_q_35,2160p_60hz_q_35,b8c183cb-0aaa-46a7-ab53-51da89921b40,1080p_60hz_q_43,Football@display=center_crop_1080p
2160p_60hz_q_35,1080p_60hz_q_43,088777a9-db1c-4683-9812-ce100f1b95df,2160p_60hz_q_35,Football@display=center_crop_1080p
2160p_60hz_q_35,1080p_60hz_q_43,523ea5e5-4fd4-40e9-9c8e-8d615f1f5f82,2160p_60hz_q_35,Football@display=center_crop_1080p
2160p_60hz_q_35,2160p_60hz_q_35,ee00aeb2-a1df-4d5c-bf9c-9699648637aa,1080p_60hz_q_43,Football@display=center_crop_1080p
2160p_60hz_q_35,1080p_60hz_q_43,e9551a3e-d41f-474d-b2d8-05231d46ff64,2160p_60hz_q_35,Football@display=center_crop_1080p
2160p_60hz_q_37,2160p_60hz_q_37,863335b0-11fb-4fc6-80d1-123269c15ba3,2160p_60hz_q_49,Discuss@display=center_crop_1080p
2160p_60hz_q_37,2160p_60hz_q_37,ef28475d-dbd1-4ce8-903c-751fee91fbd1,2160p_60hz_q_49,Discuss@display=center_crop_1080p
2160p_60hz_q_37,2160p_60hz_q_49,7e0438d1-a48a-4e60-9234-b320965d86aa,2160p_60hz_q_37,Discuss@display=center_crop_1080p
2160p_60hz_q_37,2160p_60hz_q_49,bc6328e9-ac68-4cf5-9c95-116d946da15b,2160p_60hz_q_37,Discuss@display=center_crop_1080p
2160p_60hz_q_37,2160p_60hz_q_49,1d9d2224-8591-47ef-a7b7-3347f5dbf4f2,2160p_60hz_q_37,Discuss@display=center_crop_1080p
2160p_60hz_q_37,2160p_60hz_q_37,f78b4a60-3247-4387-8e81-67393ae77757,2160p_60hz_q_49,Discuss@display=center_crop_1080p
2160p_60hz_q_37,2160p_60hz_q_49,15a33f39-68de-4ec2-a989-d4fb1a1d21f0,2160p_60hz_q_37,Discuss@display=center_crop_1080p
2160p_60hz_q_37,2160p_60hz_q_37,ef28475d-dbd1-4ce8-903c-751fee91fbd1,2160p_60hz_q_49,Discuss@display=center_crop_1080p
2160p_60hz_q_37,2160p_60hz_q_37,62b97f5e-f60a-46bc-933c-799cade5e19e,2160p_60hz_q_49,Discuss@display=center_crop_1080p
2160p_60hz_q_37,2160p_60hz_q_37,ef28475d-dbd1-4ce8-903c-751fee91fbd1,2160p_60hz_q_49,Discuss@display=center_crop_1080p
2160p_60hz_q_27,2160p_60hz_q_27,f78b4a60-3247-4387-8e81-67393ae77757,1080p_60hz_q_31,SeaRock@display=center_crop_1080p
2160p_60hz_q_27,2160p_60hz_q_27,c9f9b726-7136-4632-89d8-9e6b66d837dc,1080p_60hz_q_31,SeaRock@display=center_crop_1080p
2160p_60hz_q_27,2160p_60hz_q_27,de106203-e86a-420a-8d43-f3d9603b8900,1080p_60hz_q_31,SeaRock@display=center_crop_1080p
1080p_60hz_q_31,1080p_60hz_q_31,11632a76-065c-4306-b916-5d8f46563df9,2160p_60hz_q_27,SeaRock@display=center_crop_1080p
2160p_60hz_q_27,2160p_60hz_q_27,bcda90fb-3e20-4af9-be88-74ad79194ab6,1080p_60hz_q_31,SeaRock@display=center_crop_1080p
2160p_60hz_q_27,2160p_60hz_q_27,63886b87-eff3-460e-b828-c9b1a172a21c,1080p_60hz_q_31,SeaRock@display=center_crop_1080p
2160p_60hz_q_27,2160p_60hz_q_27,920ae656-f821-4eb5-a087-1c0799062c8b,1080p_60hz_q_31,SeaRock@display=center_crop_1080p
2160p_60hz_q_27,2160p_60hz_q_27,a5762c12-c5ba-4b11-898d-9ae55f04d30a,1080p_60hz_q_31,SeaRock@display=center_crop_1080p
2160p_60hz_q_27,2160p_60hz_q_27,1d9d2224-8591-47ef-a7b7-3347f5dbf4f2,1080p_60hz_q_31,SeaRock@display=center_crop_1080p
2160p_60hz_q_27,2160p_60hz_q_27,53fda506-b1fc-4245-860a-07ad40e5b65d,1080p_60hz_q_31,SeaRock@display=center_crop_1080p
,1080p_60hz_q_33,f78b4a60-3247-4387-8e81-67393ae77757,2160p_60hz_q_35,Ready@display=center_crop_1080p
2160p_60hz_q_35,2160p_60hz_q_35,f1142396-4ec7-4601-b113-7f53e64f27d0,1080p_60hz_q_33,Ready@display=center_crop_1080p
,2160p_60hz_q_35,9c50fe25-8597-4a22-aae5-af43989f9d5f,1080p_60hz_q_33,Ready@display=center_crop_1080p
2160p_60hz_q_35,1080p_60hz_q_33,04d3a74c-6229-4c46-b5ac-f17b5929936d,2160p_60hz_q_35,Ready@display=center_crop_1080p
2160p_60hz_q_35,2160p_60hz_q_35,cf2843f8-d897-4e6f-892f-3e8e414080c4,1080p_60hz_q_33,Ready@display=center_crop_1080p
,1080p_60hz_q_33,d6ba2aff-cecb-46aa-8325-57f11ca3b9df,2160p_60hz_q_35,Ready@display=center_crop_1080p
2160p_60hz_q_35,1080p_60hz_q_33,f96ffcdd-22c6-49b7-bd2d-73e698539f79,2160p_60hz_q_35,Ready@display=center_crop_1080p
,1080p_60hz_q_33,59afbfdf-b41c-47dc-9323-b8a435f4b924,2160p_60hz_q_35,Ready@display=center_crop_1080p
2160p_60hz_q_35,1080p_60hz_q_33,d135eddd-102e-46e7-82da-64419e897ce6,2160p_60hz_q_35,Ready@display=center_crop_1080p
,2160p_60hz_q_35,facfb033-277b-427a-9169-4b9a020a2469,1080p_60hz_q_33,Ready@display=center_crop_1080p
,2160p_60hz_q_47,f78b4a60-3247-4387-8e81-67393ae77757,1080p_60hz_q_39,Tunnel@display=center_crop_1080p
1080p_60hz_q_39,2160p_60hz_q_47,c9f9b726-7136-4632-89d8-9e6b66d837dc,1080p_60hz_q_39,Tunnel@display=center_crop_1080p
1080p_60hz_q_39,1080p_60hz_q_39,df3181f3-e23f-460f-b47b-84cc79f0625c,2160p_60hz_q_47,Tunnel@display=center_crop_1080p
1080p_60hz_q_39,2160p_60hz_q_47,12af518c-7153-4f07-a556-0ee231ba34ae,1080p_60hz_q_39,Tunnel@display=center_crop_1080p
1080p_60hz_q_39,2160p_60hz_q_47,3289a60c-e8f2-4bed-b60c-1ed515026b67,1080p_60hz_q_39,Tunnel@display=center_crop_1080p
1080p_60hz_q_39,1080p_60hz_q_39,4731f594-5464-428a-8891-726dceae70cb,2160p_60hz_q_47,Tunnel@display=center_crop_1080p
1080p_60hz_q_39,1080p_60hz_q_39,f8a8894e-7e85-4d2a-8eb5-ed2fc77bcff4,2160p_60hz_q_47,Tunnel@display=center_crop_1080p
1080p_60hz_q_39,2160p_60hz_q_47,b687d08f-c451-43a4-a016-b7164e40457a,1080p_60hz_q_39,Tunnel@display=center_crop_1080p
1080p_60hz_q_39,1080p_60hz_q_39,da2c9fd7-50ab-458a-a922-f54ef3dbc3b2,2160p_60hz_q_47,Tunnel@display=center_crop_1080p
1080p_60hz_q_39,2160p_60hz_q_47,94d70f48-55b6-4b7a-9dae-68e34937fd1c,1080p_60hz_q_39,Tunnel@display=center_crop_1080p
2160p_60hz_q_35,2160p_60hz_q_35,c9f9b726-7136-4632-89d8-9e6b66d837dc,2160p_60hz_q_51,Football@display=center_crop_1080p
2160p_60hz_q_35,2160p_60hz_q_35,df575ecc-df7d-4fe6-902d-c05730fce434,2160p_60hz_q_51,Football@display=center_crop_1080p
2160p_60hz_q_35,2160p_60hz_q_35,48b895da-31dd-4c47-8d99-cbe1bd7d4339,2160p_60hz_q_51,Football@display=center_crop_1080p
2160p_60hz_q_35,2160p_60hz_q_35,2efb2ebe-b88e-4181-9d88-e79646ad323c,2160p_60hz_q_51,Football@display=center_crop_1080p
2160p_60hz_q_35,2160p_60hz_q_35,a5762c12-c5ba-4b11-898d-9ae55f04d30a,2160p_60hz_q_51,Football@display=center_crop_1080p
2160p_60hz_q_35,2160p_60hz_q_35,50643d45-c2af-4f8c-b193-3f15787dcbd2,2160p_60hz_q_51,Football@display=center_crop_1080p
2160p_60hz_q_35,2160p_60hz_q_35,8d422037-bbe3-4258-b1ef-8f0503275f26,2160p_60hz_q_51,Football@display=center_crop_1080p
2160p_60hz_q_35,2160p_60hz_q_35,e2c67206-2707-487f-9bb5-dfaf2e2922f0,2160p_60hz_q_51,Football@display=center_crop_1080p
2160p_60hz_q_35,2160p_60hz_q_51,b5975696-d633-4dcb-aee4-f089dc00b163,2160p_60hz_q_35,Football@display=center_crop_1080p
2160p_60hz_q_35,2160p_60hz_q_51,ef28475d-dbd1-4ce8-903c-751fee91fbd1,2160p_60hz_q_35,Football@display=center_crop_1080p
1080p_60hz_q_35,1080p_60hz_q_43,c9f9b726-7136-4632-89d8-9e6b66d837dc,1080p_60hz_q_35,Tunnel@display=center_crop_1080p
1080p_60hz_q_35,1080p_60hz_q_35,df575ecc-df7d-4fe6-902d-c05730fce434,1080p_60hz_q_43,Tunnel@display=center_crop_1080p
1080p_60hz_q_35,1080p_60hz_q_35,bc6328e9-ac68-4cf5-9c95-116d946da15b,1080p_60hz_q_43,Tunnel@display=center_crop_1080p
,1080p_60hz_q_35,8503e28a-947a-459c-a673-7beb97834ba5,1080p_60hz_q_43,Tunnel@display=center_crop_1080p
1080p_60hz_q_35,1080p_60hz_q_43,e588b351-3f75-4040-858b-1286d607e866,1080p_60hz_q_35,Tunnel@display=center_crop_1080p
1080p_60hz_q_35,1080p_60hz_q_35,1be63c96-99ea-42cd-9317-f035ce5c85a9,1080p_60hz_q_43,Tunnel@display=center_crop_1080p
1080p_60hz_q_35,1080p_60hz_q_35,fee7ebd1-9cce-414e-afba-84587a9f5557,1080p_60hz_q_43,Tunnel@display=center_crop_1080p
1080p_60hz_q_35,1080p_60hz_q_35,ee00aeb2-a1df-4d5c-bf9c-9699648637aa,1080p_60hz_q_43,Tunnel@display=center_crop_1080p
1080p_60hz_q_35,1080p_60hz_q_35,966299a2-a7bd-4029-a06f-4054980e3c4f,1080p_60hz_q_43,Tunnel@display=center_crop_1080p
1080p_60hz_q_35,1080p_60hz_q_35,02bdc5dd-6b5a-4f34-b244-61603b6e09ae,1080p_60hz_q_43,Tunnel@display=center_crop_1080p
1080p_60hz_q_27,1080p_60hz_q_27,c9f9b726-7136-4632-89d8-9e6b66d837dc,2160p_60hz_q_33,SeaRock@display=center_crop_1080p
,2160p_60hz_q_33,e4788de6-8072-4c62-85b2-19c518bccccc,1080p_60hz_q_27,SeaRock@display=center_crop_1080p
2160p_60hz_q_33,1080p_60hz_q_27,0e46f967-6968-4dbb-8903-a997c011029d,2160p_60hz_q_33,SeaRock@display=center_crop_1080p
2160p_60hz_q_33,1080p_60hz_q_27,26a7dfc8-1e68-4579-b9af-f5727b8c413b,2160p_60hz_q_33,SeaRock@display=center_crop_1080p
1080p_60hz_q_27,2160p_60hz_q_33,e53d4eea-976a-4b76-925c-8f49229e1c77,1080p_60hz_q_27,SeaRock@display=center_crop_1080p
1080p_60hz_q_27,1080p_60hz_q_27,a19a106e-8382-4006-944c-61b928f95814,2160p_60hz_q_33,SeaRock@display=center_crop_1080p
2160p_60hz_q_33,2160p_60hz_q_33,f16afd28-7eb2-490b-9dee-9411c451c7b6,1080p_60hz_q_27,SeaRock@display=center_crop_1080p
1080p_60hz_q_27,2160p_60hz_q_33,d135eddd-102e-46e7-82da-64419e897ce6,1080p_60hz_q_27,SeaRock@display=center_crop_1080p
,2160p_60hz_q_33,337071eb-82e7-440f-93a9-60e3f4e874d3,1080p_60hz_q_27,SeaRock@display=center_crop_1080p
2160p_60hz_q_33,1080p_60hz_q_27,02bdc5dd-6b5a-4f34-b244-61603b6e09ae,2160p_60hz_q_33,SeaRock@display=center_crop_1080p
1080p_60hz_q_41,2160p_60hz_q_51,a07115e7-e7a2-4d02-af4f-849190a7a0e9,1080p_60hz_q_41,SeaRock@display=center_crop_1080p
1080p_60hz_q_41,1080p_60hz_q_41,8d9dae56-b7ed-4a87-9560-f24092471144,2160p_60hz_q_51,SeaRock@display=center_crop_1080p
,2160p_60hz_q_51,0c824067-2fc7-44f5-9e62-4469ee9f28bd,1080p_60hz_q_41,SeaRock@display=center_crop_1080p
,2160p_60hz_q_51,5c9fb765-7783-4e60-af0f-aa58a44f2419,1080p_60hz_q_41,SeaRock@display=center_crop_1080p
1080p_60hz_q_41,1080p_60hz_q_41,b7c70b81-275b-4549-ac00-de8dbd201b40,2160p_60hz_q_51,SeaRock@display=center_crop_1080p
1080p_60hz_q_41,1080p_60hz_q_41,6548cc0b-1e7d-4c7b-bef3-d24d0e401d9c,2160p_60hz_q_51,SeaRock@display=center_crop_1080p
1080p_60hz_q_41,1080p_60hz_q_41,1a4b7399-7fcd-4ddf-bb63-5a7e1ecc9174,2160p_60hz_q_51,SeaRock@display=center_crop_1080p
1080p_60hz_q_41,1080p_60hz_q_41,c422e83a-4ae2-46de-a97a-8bb99b9b6408,2160p_60hz_q_51,SeaRock@display=center_crop_1080p
,2160p_60hz_q_51,1fe98c14-e7fb-4352-b0be-e531236faf61,1080p_60hz_q_41,SeaRock@display=center_crop_1080p
,1080p_60hz_q_41,94d70f48-55b6-4b7a-9dae-68e34937fd1c,2160p_60hz_q_51,SeaRock@display=center_crop_1080p
2160p_60hz_q_27,2160p_60hz_q_27,a07115e7-e7a2-4d02-af4f-849190a7a0e9,2160p_60hz_q_51,Football@display=center_crop_1080p
2160p_60hz_q_27,2160p_60hz_q_51,e4788de6-8072-4c62-85b2-19c518bccccc,2160p_60hz_q_27,Football@display=center_crop_1080p
2160p_60hz_q_27,2160p_60hz_q_27,aaf93665-e2a2-453b-9ecf-937b0d3a5597,2160p_60hz_q_51,Football@display=center_crop_1080p
2160p_60hz_q_27,2160p_60hz_q_27,532f40a1-621c-494b-8e10-a8cb0668755d,2160p_60hz_q_51,Football@display=center_crop_1080p
2160p_60hz_q_27,2160p_60hz_q_27,beec74c3-b6a6-4e5b-b5dc-ece5e72efd35,2160p_60hz_q_51,Football@display=center_crop_1080p
2160p_60hz_q_27,2160p_60hz_q_51,12ef4ddb-107d-42b2-bfa0-b59fa554e40a,2160p_60hz_q_27,Football@display=center_crop_1080p
2160p_60hz_q_27,2160p_60hz_q_27,1fe98c14-e7fb-4352-b0be-e531236faf61,2160p_60hz_q_51,Football@display=center_crop_1080p
2160p_60hz_q_27,2160p_60hz_q_27,fee7ebd1-9cce-414e-afba-84587a9f5557,2160p_60hz_q_51,Football@display=center_crop_1080p
2160p_60hz_q_27,2160p_60hz_q_27,a5de1a7c-1a0e-4207-8292-d8ed4a2eb2e7,2160p_60hz_q_51,Football@display=center_crop_1080p
2160p_60hz_q_27,2160p_60hz_q_51,3a9c1e54-5803-42be-b7c4-ae7a7c6d615f,2160p_60hz_q_27,Football@display=center_crop_1080p
1080p_60hz_q_29,1080p_60hz_q_29,a07115e7-e7a2-4d02-af4f-849190a7a0e9,2160p_60hz_q_35,Football@display=center_crop_1080p
,2160p_60hz_q_35,2e79787c-c952-4312-b557-3d8eaa1a03d9,1080p_60hz_q_29,Football@display=center_crop_1080p
,1080p_60hz_q_29,c1406dbe-085d-437e-a0f6-f8cac228648d,2160p_60hz_q_35,Football@display=center_crop_1080p
1080p_60hz_q_29,2160p_60hz_q_35,ca304a7b-b10f-4cd3-a40e-3663b1a6fc20,1080p_60hz_q_29,Football@display=center_crop_1080p
1080p_60hz_q_29,2160p_60hz_q_35,fcf36229-e931-4a91-8e22-2a87f1aab261,1080p_60hz_q_29,Football@display=center_crop_1080p
,2160p_60hz_q_35,18b65afe-0318-4e2f-b48f-d243fa07b40c,1080p_60hz_q_29,Football@display=center_crop_1080p
2160p_60hz_q_35,2160p_60hz_q_35,232508cc-8372-4d0c-bbe0-9a174d6a0c6a,1080p_60hz_q_29,Football@display=center_crop_1080p
2160p_60hz_q_35,2160p_60hz_q_35,e7ac105b-703b-4de4-9812-9d319b7f1f75,1080p_60hz_q_29,Football@display=center_crop_1080p
2160p_60hz_q_35,1080p_60hz_q_29,da2c9fd7-50ab-458a-a922-f54ef3dbc3b2,2160p_60hz_q_35,Football@display=center_crop_1080p
,1080p_60hz_q_29,ef28475d-dbd1-4ce8-903c-751fee91fbd1,2160p_60hz_q_35,Football@display=center_crop_1080p
2160p_60hz_q_35,2160p_60hz_q_35,a07115e7-e7a2-4d02-af4f-849190a7a0e9,1080p_60hz_q_37,Football@display=center_crop_1080p
2160p_60hz_q_35,2160p_60hz_q_35,df575ecc-df7d-4fe6-902d-c05730fce434,1080p_60hz_q_37,Football@display=center_crop_1080p
2160p_60hz_q_35,1080p_60hz_q_37,47b610b2-5357-4c65-8fe2-b8ccdf788bfe,2160p_60hz_q_35,Football@display=center_crop_1080p
1080p_60hz_q_37,2160p_60hz_q_35,412dd5fb-427b-426d-9284-e8f9331100cb,1080p_60hz_q_37,Football@display=center_crop_1080p
2160p_60hz_q_35,2160p_60hz_q_35,5399cf88-3d79-48b1-8c17-3cd72da4ced8,1080p_60hz_q_37,Football@display=center_crop_1080p
2160p_60hz_q_35,1080p_60hz_q_37,5521ff94-7e87-4bd3-a91f-fe3c18491c86,2160p_60hz_q_35,Football@display=center_crop_1080p
2160p_60hz_q_35,1080p_60hz_q_37,6fd8c7e3-92ad-4ae9-8d4b-6c10db61c856,2160p_60hz_q_35,Football@display=center_crop_1080p
2160p_60hz_q_35,2160p_60hz_q_35,5ca47ce2-d2f1-4fa3-ad4c-eaf361944918,1080p_60hz_q_37,Football@display=center_crop_1080p
2160p_60hz_q_35,2160p_60hz_q_35,7ddeb20b-f4f8-4fb9-a492-b8062afa1e27,1080p_60hz_q_37,Football@display=center_crop_1080p
2160p_60hz_q_35,2160p_60hz_q_35,23fa0894-e067-4bdf-98ff-55ade0a43235,1080p_60hz_q_37,Football@display=center_crop_1080p
1080p_60hz_q_25,1080p_60hz_q_39,d993f2aa-daf6-406e-82f7-0c3e3d9a6cf0,1080p_60hz_q_25,Discuss@display=center_crop_1080p
1080p_60hz_q_25,1080p_60hz_q_25,d993f2aa-daf6-406e-82f7-0c3e3d9a6cf0,1080p_60hz_q_39,Discuss@display=center_crop_1080p
1080p_60hz_q_25,1080p_60hz_q_25,72ac556d-4a84-4609-ba4c-7e16151d6050,1080p_60hz_q_39,Discuss@display=center_crop_1080p
1080p_60hz_q_25,1080p_60hz_q_39,72ac556d-4a84-4609-ba4c-7e16151d6050,1080p_60hz_q_25,Discuss@display=center_crop_1080p
1080p_60hz_q_25,1080p_60hz_q_25,9fd2df3d-b1a4-4894-9d42-5d7b62c0871c,1080p_60hz_q_39,Discuss@display=center_crop_1080p
1080p_60hz_q_25,1080p_60hz_q_39,b3f3f213-f19e-4a4a-b931-f353a85e4be4,1080p_60hz_q_25,Discuss@display=center_crop_1080p
1080p_60hz_q_25,1080p_60hz_q_25,685a3e68-04ce-40bd-bf57-9619db51dcfc,1080p_60hz_q_39,Discuss@display=center_crop_1080p
1080p_60hz_q_25,1080p_60hz_q_25,9fd2df3d-b1a4-4894-9d42-5d7b62c0871c,1080p_60hz_q_39,Discuss@display=center_crop_1080p
1080p_60hz_q_25,1080p_60hz_q_25,b3f3f213-f19e-4a4a-b931-f353a85e4be4,1080p_60hz_q_39,Discuss@display=center_crop_1080p
1080p_60hz_q_25,1080p_60hz_q_39,72ac556d-4a84-4609-ba4c-7e16151d6050,1080p_60hz_q_25,Discuss@display=center_crop_1080p
,2160p_60hz_q_45,a07115e7-e7a2-4d02-af4f-849190a7a0e9,2160p_60hz_q_41,Monkeys@display=center_crop_1080p
2160p_60hz_q_41,2160p_60hz_q_41,9d4cc4b7-59aa-493d-844b-83e05a7ee9b6,2160p_60hz_q_45,Monkeys@display=center_crop_1080p
2160p_60hz_q_41,2160p_60hz_q_41,04d3a74c-6229-4c46-b5ac-f17b5929936d,2160p_60hz_q_45,Monkeys@display=center_crop_1080p
2160p_60hz_q_41,2160p_60hz_q_45,2bd94a3e-72b0-4010-9e82-d5d934a3ab57,2160p_60hz_q_41,Monkeys@display=center_crop_1080p
2160p_60hz_q_41,2160p_60hz_q_41,98c79528-25d0-4621-8eb2-562c49004f90,2160p_60hz_q_45,Monkeys@display=center_crop_1080p
2160p_60hz_q_41,2160p_60hz_q_45,f16afd28-7eb2-490b-9dee-9411c451c7b6,2160p_60hz_q_41,Monkeys@display=center_crop_1080p
2160p_60hz_q_41,2160p_60hz_q_41,6fd8c7e3-92ad-4ae9-8d4b-6c10db61c856,2160p_60hz_q_45,Monkeys@display=center_crop_1080p
2160p_60hz_q_41,2160p_60hz_q_41,8d422037-bbe3-4258-b1ef-8f0503275f26,2160p_60hz_q_45,Monkeys@display=center_crop_1080p
2160p_60hz_q_41,2160p_60hz_q_45,c80fb156-701f-41eb-b170-da73f11eb894,2160p_60hz_q_41,Monkeys@display=center_crop_1080p
2160p_60hz_q_41,2160p_60hz_q_45,8af7b70c-7bcb-4870-a401-358e2ab39eab,2160p_60hz_q_41,Monkeys@display=center_crop_1080p
,2160p_60hz_q_39,a07115e7-e7a2-4d02-af4f-849190a7a0e9,1080p_60hz_q_31,Narrator@display=center_crop_1080p
,2160p_60hz_q_39,e0ce4996-dc5b-41e3-bc6d-56d591c87119,1080p_60hz_q_31,Narrator@display=center_crop_1080p
1080p_60hz_q_31,1080p_60hz_q_31,de106203-e86a-420a-8d43-f3d9603b8900,2160p_60hz_q_39,Narrator@display=center_crop_1080p
,1080p_60hz_q_31,fcf36c35-1d49-4f05-a0d2-3f573be84282,2160p_60hz_q_39,Narrator@display=center_crop_1080p
1080p_60hz_q_31,2160p_60hz_q_39,fc66e681-3ee1-4f30-9e0a-390ec97223e9,1080p_60hz_q_31,Narrator@display=center_crop_1080p
1080p_60hz_q_31,1080p_60hz_q_31,b5d5ad99-3c81-4f5a-ab4e-a3aae033d40b,2160p_60hz_q_39,Narrator@display=center_crop_1080p
2160p_60hz_q_39,2160p_60hz_q_39,d2f8b16b-4b0b-4f2d-abf6-678cad1848f7,1080p_60hz_q_31,Narrator@display=center_crop_1080p
2160p_60hz_q_39,2160p_60hz_q_39,7e0438d1-a48a-4e60-9234-b320965d86aa,1080p_60hz_q_31,Narrator@display=center_crop_1080p
,1080p_60hz_q_31,3e499d20-74be-44a1-956e-8b361c3a75b1,2160p_60hz_q_39,Narrator@display=center_crop_1080p
,1080p_60hz_q_31,7bbe860b-aaf5-41f4-afb2-851886818fc7,2160p_60hz_q_39,Narrator@display=center_crop_1080p
2160p_60hz_q_27,2160p_60hz_q_27,e0ce4996-dc5b-41e3-bc6d-56d591c87119,2160p_60hz_q_49,Discuss@display=center_crop_1080p
2160p_60hz_q_27,2160p_60hz_q_27,086fece1-937a-4fa9-896e-b14e469195b6,2160p_60hz_q_49,Discuss@display=center_crop_1080p
2160p_60hz_q_27,2160p_60hz_q_49,f1142396-4ec7-4601-b113-7f53e64f27d0,2160p_60hz_q_27,Discuss@display=center_crop_1080p
2160p_60hz_q_27,2160p_60hz_q_27,14da32d8-0023-44b9-bb95-51f1fad516e6,2160p_60hz_q_49,Discuss@display=center_crop_1080p
2160p_60hz_q_27,2160p_60hz_q_49,b7c70b81-275b-4549-ac00-de8dbd201b40,2160p_60hz_q_27,Discuss@display=center_crop_1080p
2160p_60hz_q_27,2160p_60hz_q_49,1afd1df2-27db-4494-8663-413ad9946a0d,2160p_60hz_q_27,Discuss@display=center_crop_1080p
2160p_60hz_q_27,2160p_60hz_q_49,b8c183cb-0aaa-46a7-ab53-51da89921b40,2160p_60hz_q_27,Discuss@display=center_crop_1080p
2160p_60hz_q_27,2160p_60hz_q_49,fbfd61f4-6813-4623-98f8-85664b3910ae,2160p_60hz_q_27,Discuss@display=center_crop_1080p
2160p_60hz_q_27,2160p_60hz_q_49,b5975696-d633-4dcb-aee4-f089dc00b163,2160p_60hz_q_27,Discuss@display=center_crop_1080p
2160p_60hz_q_27,2160p_60hz_q_49,e8e854f8-db3b-4b12-b87f-0c5c849cf0ab,2160p_60hz_q_27,Discuss@display=center_crop_1080p
2160p_60hz_q_33,1080p_60hz_q_37,e0ce4996-dc5b-41e3-bc6d-56d591c87119,2160p_60hz_q_33,SeaRock@display=center_crop_1080p
2160p_60hz_q_33,2160p_60hz_q_33,9d4cc4b7-59aa-493d-844b-83e05a7ee9b6,1080p_60hz_q_37,SeaRock@display=center_crop_1080p
2160p_60hz_q_33,2160p_60hz_q_33,15a33f39-68de-4ec2-a989-d4fb1a1d21f0,1080p_60hz_q_37,SeaRock@display=center_crop_1080p
2160p_60hz_q_33,1080p_60hz_q_37,1be63c96-99ea-42cd-9317-f035ce5c85a9,2160p_60hz_q_33,SeaRock@display=center_crop_1080p
2160p_60hz_q_33,1080p_60hz_q_37,82a236b2-18c8-4d54-a0b5-f88094d10601,2160p_60hz_q_33,SeaRock@display=center_crop_1080p
2160p_60hz_q_33,1080p_60hz_q_37,1a451c03-6caa-4ba8-8207-bfdff094790a,2160p_60hz_q_33,SeaRock@display=center_crop_1080p
,2160p_60hz_q_33,32f8d619-a479-42d1-b457-f76b8f164236,1080p_60hz_q_37,SeaRock@display=center_crop_1080p
2160p_60hz_q_33,2160p_60hz_q_33,b687d08f-c451-43a4-a016-b7164e40457a,1080p_60hz_q_37,SeaRock@display=center_crop_1080p
2160p_60hz_q_33,2160p_60hz_q_33,da2c9fd7-50ab-458a-a922-f54ef3dbc3b2,1080p_60hz_q_37,SeaRock@display=center_crop_1080p
2160p_60hz_q_33,2160p_60hz_q_33,def6a485-5c26-438d-9ad9-e51d37f4a6cf,1080p_60hz_q_37,SeaRock@display=center_crop_1080p
2160p_60hz_q_29,2160p_60hz_q_29,e0ce4996-dc5b-41e3-bc6d-56d591c87119,1080p_60hz_q_31,Ritual@display=center_crop_1080p
2160p_60hz_q_29,1080p_60hz_q_31,f12ef427-eefa-4f1b-b2d1-0a5fa567750a,2160p_60hz_q_29,Ritual@display=center_crop_1080p
,1080p_60hz_q_31,9f51abaa-a048-44d8-ae58-d57bbdc1ef25,2160p_60hz_q_29,Ritual@display=center_crop_1080p
2160p_60hz_q_29,1080p_60hz_q_31,c1406dbe-085d-437e-a0f6-f8cac228648d,2160p_60hz_q_29,Ritual@display=center_crop_1080p
2160p_60hz_q_29,1080p_60hz_q_31,848417ce-54e9-4f48-a77b-40f1cc056f40,2160p_60hz_q_29,Ritual@display=center_crop_1080p
2160p_60hz_q_29,2160p_60hz_q_29,6548cc0b-1e7d-4c7b-bef3-d24d0e401d9c,1080p_60hz_q_31,Ritual@display=center_crop_1080p
,1080p_60hz_q_31,f96ffcdd-22c6-49b7-bd2d-73e698539f79,2160p_60hz_q_29,Ritual@display=center_crop_1080p
2160p_60hz_q_29,2160p_60hz_q_29,59afbfdf-b41c-47dc-9323-b8a435f4b924,1080p_60hz_q_31,Ritual@display=center_crop_1080p
2160p_60hz_q_29,1080p_60hz_q_31,baff962a-861f-470e-b1f5-deb3cc28475d,2160p_60hz_q_29,Ritual@display=center_crop_1080p
2160p_60hz_q_29,1080p_60hz_q_31,37fe0e5a-6482-4791-a6ee-6d277ad53a8e,2160p_60hz_q_29,Ritual@display=center_crop_1080p
,2160p_60hz_q_51,e0ce4996-dc5b-41e3-bc6d-56d591c87119,1080p_60hz_q_43,Monkeys@display=center_crop_1080p
1080p_60hz_q_43,2160p_60hz_q_51,0d143a52-e18f-4432-adb5-2345850fb6c8,1080p_60hz_q_43,Monkeys@display=center_crop_1080p
1080p_60hz_q_43,1080p_60hz_q_43,1e8852de-bbe6-48cd-a1a5-3159df60e41f,2160p_60hz_q_51,Monkeys@display=center_crop_1080p
1080p_60hz_q_43,1080p_60hz_q_43,310b7e44-fc5e-411e-b78f-fc76d806c19e,2160p_60hz_q_51,Monkeys@display=center_crop_1080p
,1080p_60hz_q_43,8a4b3ba0-ce40-46d3-b44a-431055c4d035,2160p_60hz_q_51,Monkeys@display=center_crop_1080p
,1080p_60hz_q_43,1be63c96-99ea-42cd-9317-f035ce5c85a9,2160p_60hz_q_51,Monkeys@display=center_crop_1080p
1080p_60hz_q_43,1080p_60hz_q_43,d42a6af2-2b3b-4c79-9e96-57767a5c5065,2160p_60hz_q_51,Monkeys@display=center_crop_1080p
1080p_60hz_q_43,1080p_60hz_q_43,b8264831-a348-4b5b-bd9d-32b0d6d71474,2160p_60hz_q_51,Monkeys@display=center_crop_1080p
1080p_60hz_q_43,1080p_60hz_q_43,5fdf86ad-9d4e-4634-a044-29b78873c1a5,2160p_60hz_q_51,Monkeys@display=center_crop_1080p
1080p_60hz_q_43,1080p_60hz_q_43,109eb910-4896-4ae9-8621-2db0f75f6dc4,2160p_60hz_q_51,Monkeys@display=center_crop_1080p
2160p_60hz_q_41,2160p_60hz_q_41,de106203-e86a-420a-8d43-f3d9603b8900,1080p_60hz_q_37,Ritual@display=center_crop_1080p
2160p_60hz_q_41,1080p_60hz_q_37,bb0de866-f477-4617-92a3-a805e8a1d219,2160p_60hz_q_41,Ritual@display=center_crop_1080p
2160p_60hz_q_41,1080p_60hz_q_37,fe6b749e-2b37-43ce-8ec0-132a654149bf,2160p_60hz_q_41,Ritual@display=center_crop_1080p
2160p_60hz_q_41,2160p_60hz_q_41,3f875a9c-3a5b-49b9-8c04-e56a4bb7d9ec,1080p_60hz_q_37,Ritual@display=center_crop_1080p
2160p_60hz_q_41,2160p_60hz_q_41,cb7ef030-32e8-43e5-ab92-83ef3ebe1440,1080p_60hz_q_37,Ritual@display=center_crop_1080p
2160p_60hz_q_41,2160p_60hz_q_41,920ae656-f821-4eb5-a087-1c0799062c8b,1080p_60hz_q_37,Ritual@display=center_crop_1080p
2160p_60hz_q_41,1080p_60hz_q_37,27abb805-a7c5-4e2e-b455-f76a6a91906b,2160p_60hz_q_41,Ritual@display=center_crop_1080p
2160p_60hz_q_41,2160p_60hz_q_41,2307d8e9-642b-4f06-8182-1c953bcbcc79,1080p_60hz_q_37,Ritual@display=center_crop_1080p
2160p_60hz_q_41,1080p_60hz_q_37,e0a72c3a-15b0-43a1-9aa0-00e27e8bcc4f,2160p_60hz_q_41,Ritual@display=center_crop_1080p
2160p_60hz_q_41,2160p_60hz_q_41,523ea5e5-4fd4-40e9-9c8e-8d615f1f5f82,1080p_60hz_q_37,Ritual@display=center_crop_1080p
2160p_60hz_q_31,2160p_60hz_q_45,1f673a0c-db45-4f78-9d42-cde1779d5d4e,2160p_60hz_q_31,Beauty@display=center_crop_1080p
2160p_60hz_q_31,2160p_60hz_q_45,7b6a30c6-4b19-47c7-bc99-5dd895ce82d3,2160p_60hz_q_31,Beauty@display=center_crop_1080p
2160p_60hz_q_31,2160p_60hz_q_31,defc3237-931e-4a71-bf18-59d6d7c99b4c,2160p_60hz_q_45,Beauty@display=center_crop_1080p
2160p_60hz_q_31,2160p_60hz_q_45,c81ae704-93f9-4974-8b29-9181659b6dd4,2160p_60hz_q_31,Beauty@display=center_crop_1080p
2160p_60hz_q_31,2160p_60hz_q_31,33d6bc20-c2de-4c46-a451-3681be8dc16c,2160p_60hz_q_45,Beauty@display=center_crop_1080p
2160p_60hz_q_31,2160p_60hz_q_31,05b5a635-0c1c-40d3-a1d1-41f2cfd5eb5c,2160p_60hz_q_45,Beauty@display=center_crop_1080p
2160p_60hz_q_31,2160p_60hz_q_31,ee00aeb2-a1df-4d5c-bf9c-9699648637aa,2160p_60hz_q_45,Beauty@display=center_crop_1080p
2160p_60hz_q_31,2160p_60hz_q_45,de106203-e86a-420a-8d43-f3d9603b8900,2160p_60hz_q_31,Beauty@display=center_crop_1080p
2160p_60hz_q_31,2160p_60hz_q_31,45d734a8-ca71-42f6-abde-ef570e3b4cf1,2160p_60hz_q_45,Beauty@display=center_crop_1080p
2160p_60hz_q_31,2160p_60hz_q_31,2ef2ced7-e0c0-4f17-8842-daab631cff22,2160p_60hz_q_45,Beauty@display=center_crop_1080p
1080p_60hz_q_41,1080p_60hz_q_41,de106203-e86a-420a-8d43-f3d9603b8900,2160p_60hz_q_47,Ready@display=center_crop_1080p
1080p_60hz_q_41,2160p_60hz_q_47,11632a76-065c-4306-b916-5d8f46563df9,1080p_60hz_q_41,Ready@display=center_crop_1080p
,1080p_60hz_q_41,9f51abaa-a048-44d8-ae58-d57bbdc1ef25,2160p_60hz_q_47,Ready@display=center_crop_1080p
2160p_60hz_q_47,2160p_60hz_q_47,5399cf88-3d79-48b1-8c17-3cd72da4ced8,1080p_60hz_q_41,Ready@display=center_crop_1080p
,2160p_60hz_q_47,b7c70b81-275b-4549-ac00-de8dbd201b40,1080p_60hz_q_41,Ready@display=center_crop_1080p
1080p_60hz_q_41,1080p_60hz_q_41,110d7871-1915-4303-887e-891fb24433ca,2160p_60hz_q_47,Ready@display=center_crop_1080p
2160p_60hz_q_47,2160p_60hz_q_47,654273d8-39da-4132-b299-f4c320d54d3b,1080p_60hz_q_41,Ready@display=center_crop_1080p
1080p_60hz_q_41,1080p_60hz_q_41,c42c6f3e-4b34-4438-9461-dfc16820e17b,2160p_60hz_q_47,Ready@display=center_crop_1080p
1080p_60hz_q_41,2160p_60hz_q_47,5ca47ce2-d2f1-4fa3-ad4c-eaf361944918,1080p_60hz_q_41,Ready@display=center_crop_1080p
1080p_60hz_q_41,2160p_60hz_q_47,e7ac105b-703b-4de4-9812-9d319b7f1f75,1080p_60hz_q_41,Ready@display=center_crop_1080p
2160p_60hz_q_41,2160p_60hz_q_37,2e18b0d1-37c9-4503-a092-99a9ed14251c,2160p_60hz_q_41,Yacht@display=center_crop_1080p
,2160p_60hz_q_37,1fe98c14-e7fb-4352-b0be-e531236faf61,2160p_60hz_q_41,Yacht@display=center_crop_1080p
,2160p_60hz_q_37,bc6328e9-ac68-4cf5-9c95-116d946da15b,2160p_60hz_q_41,Yacht@display=center_crop_1080p
2160p_60hz_q_37,2160p_60hz_q_37,de106203-e86a-420a-8d43-f3d9603b8900,2160p_60hz_q_41,Yacht@display=center_crop_1080p
2160p_60hz_q_37,2160p_60hz_q_41,9d57cbc2-ab27-45bd-a59c-6bf0db043d78,2160p_60hz_q_37,Yacht@display=center_crop_1080p
2160p_60hz_q_37,2160p_60hz_q_37,5521ff94-7e87-4bd3-a91f-fe3c18491c86,2160p_60hz_q_41,Yacht@display=center_crop_1080p
2160p_60hz_q_41,2160p_60hz_q_41,15a33f39-68de-4ec2-a989-d4fb1a1d21f0,2160p_60hz_q_37,Yacht@display=center_crop_1080p
2160p_60hz_q_41,2160p_60hz_q_41,e8103e3b-0bfe-47b6-b4ec-9aefdfb262aa,2160p_60hz_q_37,Yacht@display=center_crop_1080p
,2160p_60hz_q_37,fe6b749e-2b37-43ce-8ec0-132a654149bf,2160p_60hz_q_41,Yacht@display=center_crop_1080p
2160p_60hz_q_37,2160p_60hz_q_37,a21ffff2-ba97-464c-a146-c7f86c53705a,2160p_60hz_q_41,Yacht@display=center_crop_1080p
1080p_60hz_q_29,1080p_60hz_q_29,de106203-e86a-420a-8d43-f3d9603b8900,1080p_60hz_q_43,Monkeys@display=center_crop_1080p
1080p_60hz_q_29,1080p_60hz_q_29,bcda90fb-3e20-4af9-be88-74ad79194ab6,1080p_60hz_q_43,Monkeys@display=center_crop_1080p
1080p_60hz_q_29,1080p_60hz_q_43,e154a82c-3a72-4854-8f3a-f54550369af2,1080p_60hz_q_29,Monkeys@display=center_crop_1080p
1080p_60hz_q_29,1080p_60hz_q_29,3289a60c-e8f2-4bed-b60c-1ed515026b67,1080p_60hz_q_43,Monkeys@display=center_crop_1080p
1080p_60hz_q_29,1080p_60hz_q_43,6365d9f1-fe2e-49a7-81fa-419e09ce4970,1080p_60hz_q_29,Monkeys@display=center_crop_1080p
1080p_60hz_q_29,1080p_60hz_q_29,f8a8894e-7e85-4d2a-8eb5-ed2fc77bcff4,1080p_60hz_q_43,Monkeys@display=center_crop_1080p
1080p_60hz_q_29,1080p_60hz_q_43,1afd1df2-27db-4494-8663-413ad9946a0d,1080p_60hz_q_29,Monkeys@display=center_crop_1080p
1080p_60hz_q_29,1080p_60hz_q_43,ff018c0f-acf7-4bf8-ae51-2c1e2f9d4ce1,1080p_60hz_q_29,Monkeys@display=center_crop_1080p
1080p_60hz_q_29,1080p_60hz_q_29,2ef2ced7-e0c0-4f17-8842-daab631cff22,1080p_60hz_q_43,Monkeys@display=center_crop_1080p
1080p_60hz_q_29,1080p_60hz_q_29,1be4edae-5a41-4038-b893-a09775762485,1080p_60hz_q_43,Monkeys@display=center_crop_1080p
1080p_60hz_q_31,1080p_60hz_q_31,de106203-e86a-420a-8d43-f3d9603b8900,1080p_60hz_q_25,Dancers@display=center_crop_1080p
1080p_60hz_q_25,1080p_60hz_q_31,00d96475-6e03-4ff0-b5e0-afc407da0723,1080p_60hz_q_25,Dancers@display=center_crop_1080p
1080p_60hz_q_25,1080p_60hz_q_31,48b895da-31dd-4c47-8d99-cbe1bd7d4339,1080p_60hz_q_25,Dancers@display=center_crop_1080p
1080p_60hz_q_25,1080p_60hz_q_31,33d6bc20-c2de-4c46-a451-3681be8dc16c,1080p_60hz_q_25,Dancers@display=center_crop_1080p
1080p_60hz_q_25,1080p_60hz_q_25,5289ab4b-344d-487f-ac39-320de560806e,1080p_60hz_q_31,Dancers@display=center_crop_1080p
1080p_60hz_q_25,1080p_60hz_q_25,920ae656-f821-4eb5-a087-1c0799062c8b,1080p_60hz_q_31,Dancers@display=center_crop_1080p
1080p_60hz_q_25,1080p_60hz_q_25,a5762c12-c5ba-4b11-898d-9ae55f04d30a,1080p_60hz_q_31,Dancers@display=center_crop_1080p
1080p_60hz_q_25,1080p_60hz_q_25,109eb910-4896-4ae9-8621-2db0f75f6dc4,1080p_60hz_q_31,Dancers@display=center_crop_1080p
1080p_60hz_q_25,1080p_60hz_q_31,ee00aeb2-a1df-4d5c-bf9c-9699648637aa,1080p_60hz_q_25,Dancers@display=center_crop_1080p
,1080p_60hz_q_31,966299a2-a7bd-4029-a06f-4054980e3c4f,1080p_60hz_q_25,Dancers@display=center_crop_1080p
2160p_60hz_q_33,1080p_60hz_q_33,2e79787c-c952-4312-b557-3d8eaa1a03d9,2160p_60hz_q_33,Jockey@display=center_crop_1080p
,2160p_60hz_q_33,ca1ed559-56c0-4ec2-9a97-ef41e1a1ef4d,1080p_60hz_q_33,Jockey@display=center_crop_1080p
2160p_60hz_q_33,1080p_60hz_q_33,6548cc0b-1e7d-4c7b-bef3-d24d0e401d9c,2160p_60hz_q_33,Jockey@display=center_crop_1080p
2160p_60hz_q_33,1080p_60hz_q_33,30e8a8c4-2328-440a-b55d-d5378c63abce,2160p_60hz_q_33,Jockey@display=center_crop_1080p
2160p_60hz_q_33,1080p_60hz_q_33,facfb033-277b-427a-9169-4b9a020a2469,2160p_60hz_q_33,Jockey@display=center_crop_1080p
2160p_60hz_q_33,1080p_60hz_q_33,a924191d-6339-4d6f-b4fa-cc87e9e9f573,2160p_60hz_q_33,Jockey@display=center_crop_1080p
,2160p_60hz_q_33,cc653c90-c2e7-463e-83b6-1dee35da7534,1080p_60hz_q_33,Jockey@display=center_crop_1080p
2160p_60hz_q_33,1080p_60hz_q_33,40acb942-4edc-4dea-a078-26987e1de4a3,2160p_60hz_q_33,Jockey@display=center_crop_1080p
,2160p_60hz_q_33,de106203-e86a-420a-8d43-f3d9603b8900,1080p_60hz_q_33,Jockey@display=center_crop_1080p
2160p_60hz_q_33,2160p_60hz_q_33,cd044f9e-7cb5-48e5-a688-e76fa4ed8517,1080p_60hz_q_33,Jockey@display=center_crop_1080p
2160p_60hz_q_43,2160p_60hz_q_51,df575ecc-df7d-4fe6-902d-c05730fce434,2160p_60hz_q_43,Toddler@display=center_crop_1080p
2160p_60hz_q_43,2160p_60hz_q_43,14da32d8-0023-44b9-bb95-51f1fad516e6,2160p_60hz_q_51,Toddler@display=center_crop_1080p
2160p_60hz_q_43,2160p_60hz_q_51,bc6328e9-ac68-4cf5-9c95-116d946da15b,2160p_60hz_q_43,Toddler@display=center_crop_1080p
2160p_60hz_q_43,2160p_60hz_q_43,eb8aa815-a946-4f28-b470-3f1c9fdf4788,2160p_60hz_q_51,Toddler@display=center_crop_1080p
2160p_60hz_q_43,2160p_60hz_q_43,defc3237-931e-4a71-bf18-59d6d7c99b4c,2160p_60hz_q_51,Toddler@display=center_crop_1080p
2160p_60hz_q_43,2160p_60hz_q_43,e170141b-c0ee-4624-b054-17a5c6aced22,2160p_60hz_q_51,Toddler@display=center_crop_1080p
2160p_60hz_q_43,2160p_60hz_q_43,4a35f560-042e-4d5b-b103-c56fd5d326a8,2160p_60hz_q_51,Toddler@display=center_crop_1080p
2160p_60hz_q_43,2160p_60hz_q_43,bc64594f-68af-4afd-a02d-423ac80ebb4e,2160p_60hz_q_51,Toddler@display=center_crop_1080p
2160p_60hz_q_43,2160p_60hz_q_51,1be4edae-5a41-4038-b893-a09775762485,2160p_60hz_q_43,Toddler@display=center_crop_1080p
2160p_60hz_q_43,2160p_60hz_q_51,088777a9-db1c-4683-9812-ce100f1b95df,2160p_60hz_q_43,Toddler@display=center_crop_1080p
,1080p_60hz_q_35,df575ecc-df7d-4fe6-902d-c05730fce434,2160p_60hz_q_37,Dinner@display=center_crop_1080p
2160p_60hz_q_37,1080p_60hz_q_35,00d96475-6e03-4ff0-b5e0-afc407da0723,2160p_60hz_q_37,Dinner@display=center_crop_1080p
1080p_60hz_q_35,2160p_60hz_q_37,eedf411b-6b3f-45af-bfac-983da3c35692,1080p_60hz_q_35,Dinner@display=center_crop_1080p
2160p_60hz_q_37,2160p_60hz_q_37,47b610b2-5357-4c65-8fe2-b8ccdf788bfe,1080p_60hz_q_35,Dinner@display=center_crop_1080p
2160p_60hz_q_37,1080p_60hz_q_35,0342ff17-6f9e-48d6-8a90-91636dce509f,2160p_60hz_q_37,Dinner@display=center_crop_1080p
,1080p_60hz_q_35,4731f594-5464-428a-8891-726dceae70cb,2160p_60hz_q_37,Dinner@display=center_crop_1080p
2160p_60hz_q_37,2160p_60hz_q_37,110d7871-1915-4303-887e-891fb24433ca,1080p_60hz_q_35,Dinner@display=center_crop_1080p
1080p_60hz_q_35,1080p_60hz_q_35,d739b99a-9798-42ec-b4f4-3db5001692c4,2160p_60hz_q_37,Dinner@display=center_crop_1080p
2160p_60hz_q_37,2160p_60hz_q_37,d4caa0db-8bd4-47cc-ad0e-f10ed19d1038,1080p_60hz_q_35,Dinner@display=center_crop_1080p
2160p_60hz_q_37,2160p_60hz_q_37,e7ac105b-703b-4de4-9812-9d319b7f1f75,1080p_60hz_q_35,Dinner@display=center_crop_1080p
2160p_60hz_q_45,2160p_60hz_q_45,086fece1-937a-4fa9-896e-b14e469195b6,2160p_60hz_q_49,Ritual@display=center_crop_1080p
2160p_60hz_q_45,2160p_60hz_q_49,a593750d-9e2c-4127-906a-9c623c034081,2160p_60hz_q_45,Ritual@display=center_crop_1080p
2160p_60hz_q_45,2160p_60hz_q_49,0e46f967-6968-4dbb-8903-a997c011029d,2160p_60hz_q_45,Ritual@display=center_crop_1080p
2160p_60hz_q_45,2160p_60hz_q_45,c1f77f70-98ba-4d35-8fe5-5925140673e2,2160p_60hz_q_49,Ritual@display=center_crop_1080p
2160p_60hz_q_45,2160p_60hz_q_49,b5797c5f-6b3b-4b7f-9b23-5bea5b3eb229,2160p_60hz_q_45,Ritual@display=center_crop_1080p
2160p_60hz_q_49,2160p_60hz_q_49,8d422037-bbe3-4258-b1ef-8f0503275f26,2160p_60hz_q_45,Ritual@display=center_crop_1080p
,2160p_60hz_q_45,45f7895e-4d5f-4242-b275-48ce60c655bc,2160p_60hz_q_49,Ritual@display=center_crop_1080p
2160p_60hz_q_45,2160p_60hz_q_45,fbfd61f4-6813-4623-98f8-85664b3910ae,2160p_60hz_q_49,Ritual@display=center_crop_1080p
2160p_60hz_q_45,2160p_60hz_q_45,1be4edae-5a41-4038-b893-a09775762485,2160p_60hz_q_49,Ritual@display=center_crop_1080p
2160p_60hz_q_45,2160p_60hz_q_45,a5de1a7c-1a0e-4207-8292-d8ed4a2eb2e7,2160p_60hz_q_49,Ritual@display=center_crop_1080p
2160p_60hz_q_35,2160p_60hz_q_35,086fece1-937a-4fa9-896e-b14e469195b6,2160p_60hz_q_45,Monkeys@display=center_crop_1080p
2160p_60hz_q_35,2160p_60hz_q_35,f1142396-4ec7-4601-b113-7f53e64f27d0,2160p_60hz_q_45,Monkeys@display=center_crop_1080p
2160p_60hz_q_35,2160p_60hz_q_35,fcf36c35-1d49-4f05-a0d2-3f573be84282,2160p_60hz_q_45,Monkeys@display=center_crop_1080p
2160p_60hz_q_35,2160p_60hz_q_35,67d83dd0-c702-4742-bc13-028ca244d5fb,2160p_60hz_q_45,Monkeys@display=center_crop_1080p
2160p_60hz_q_35,2160p_60hz_q_45,3983543e-c80b-40e4-bd96-0bc96de4c562,2160p_60hz_q_35,Monkeys@display=center_crop_1080p
2160p_60hz_q_35,2160p_60hz_q_45,5521ff94-7e87-4bd3-a91f-fe3c18491c86,2160p_60hz_q_35,Monkeys@display=center_crop_1080p
2160p_60hz_q_35,2160p_60hz_q_45,4cd150dd-7a6c-4a04-bcbb-c430cb979769,2160p_60hz_q_35,Monkeys@display=center_crop_1080p
2160p_60hz_q_35,2160p_60hz_q_35,f96ffcdd-22c6-49b7-bd2d-73e698539f79,2160p_60hz_q_45,Monkeys@display=center_crop_1080p
2160p_60hz_q_35,2160p_60hz_q_45,50643d45-c2af-4f8c-b193-3f15787dcbd2,2160p_60hz_q_35,Monkeys@display=center_crop_1080p
2160p_60hz_q_35,2160p_60hz_q_45,d88c101b-11c9-4e8d-9dae-f4e5b67933d1,2160p_60hz_q_35,Monkeys@display=center_crop_1080p
1080p_60hz_q_35,1080p_60hz_q_35,def6a485-5c26-438d-9ad9-e51d37f4a6cf,1080p_60hz_q_39,Tunnel@display=center_crop_1080p
1080p_60hz_q_35,1080p_60hz_q_39,de41656b-1f7f-453c-8775-6b21be1e124a,1080p_60hz_q_35,Tunnel@display=center_crop_1080p
,1080p_60hz_q_35,0ffef109-60c6-4ceb-ac56-654ec208a83f,1080p_60hz_q_39,Tunnel@display=center_crop_1080p
1080p_60hz_q_35,1080p_60hz_q_35,b7928616-ca9e-452f-a4c0-0f707a07341c,1080p_60hz_q_39,Tunnel@display=center_crop_1080p
1080p_60hz_q_39,1080p_60hz_q_39,e2c67206-2707-487f-9bb5-dfaf2e2922f0,1080p_60hz_q_35,Tunnel@display=center_crop_1080p
1080p_60hz_q_35,1080p_60hz_q_35,086fece1-937a-4fa9-896e-b14e469195b6,1080p_60hz_q_39,Tunnel@display=center_crop_1080p
1080p_60hz_q_35,1080p_60hz_q_35,086fece1-937a-4fa9-896e-b14e469195b6,1080p_60hz_q_39,Tunnel@display=center_crop_1080p
1080p_60hz_q_39,1080p_60hz_q_39,2ed884e7-7f71-4a59-88ae-63e2f27f6fef,1080p_60hz_q_35,Tunnel@display=center_crop_1080p
1080p_60hz_q_35,1080p_60hz_q_39,8ffca7ad-9706-402d-a7d2-3b9c879a3bd5,1080p_60hz_q_35,Tunnel@display=center_crop_1080p
1080p_60hz_q_35,1080p_60hz_q_39,def6a485-5c26-438d-9ad9-e51d37f4a6cf,1080p_60hz_q_35,Tunnel@display=center_crop_1080p
1080p_60hz_q_35,1080p_60hz_q_35,fba23fd4-9b8e-48e9-87c0-332c32d92b5d,2160p_60hz_q_43,Discuss@display=center_crop_1080p
1080p_60hz_q_35,2160p_60hz_q_43,d56ae1e3-b0a2-45f1-ac3c-f29feb50e937,1080p_60hz_q_35,Discuss@display=center_crop_1080p
2160p_60hz_q_43,1080p_60hz_q_35,fba23fd4-9b8e-48e9-87c0-332c32d92b5d,2160p_60hz_q_43,Discuss@display=center_crop_1080p
,2160p_60hz_q_43,86c554b8-cc57-4430-b99b-57bf9042b3a0,1080p_60hz_q_35,Discuss@display=center_crop_1080p
,2160p_60hz_q_43,1eac016c-8104-4285-8d8b-3e458a1cdc91,1080p_60hz_q_35,Discuss@display=center_crop_1080p
1080p_60hz_q_35,2160p_60hz_q_43,86c554b8-cc57-4430-b99b-57bf9042b3a0,1080p_60hz_q_35,Discuss@display=center_crop_1080p
,2160p_60hz_q_43,4731f594-5464-428a-8891-726dceae70cb,1080p_60hz_q_35,Discuss@display=center_crop_1080p
1080p_60hz_q_35,2160p_60hz_q_43,d56ae1e3-b0a2-45f1-ac3c-f29feb50e937,1080p_60hz_q_35,Discuss@display=center_crop_1080p
1080p_60hz_q_35,2160p_60hz_q_43,9dbf09d1-a276-41ba-9f60-9f4ff062b4f3,1080p_60hz_q_35,Discuss@display=center_crop_1080p
1080p_60hz_q_35,1080p_60hz_q_35,1eac016c-8104-4285-8d8b-3e458a1cdc91,2160p_60hz_q_43,Discuss@display=center_crop_1080p
2160p_60hz_q_27,1080p_60hz_q_41,086fece1-937a-4fa9-896e-b14e469195b6,2160p_60hz_q_27,SeaRock@display=center_crop_1080p
2160p_60hz_q_27,1080p_60hz_q_41,0342ff17-6f9e-48d6-8a90-91636dce509f,2160p_60hz_q_27,SeaRock@display=center_crop_1080p
2160p_60hz_q_27,1080p_60hz_q_41,19b86171-b4f8-49bf-a0e9-17e0ba50a844,2160p_60hz_q_27,SeaRock@display=center_crop_1080p
2160p_60hz_q_27,2160p_60hz_q_27,2efb2ebe-b88e-4181-9d88-e79646ad323c,1080p_60hz_q_41,SeaRock@display=center_crop_1080p
2160p_60hz_q_27,2160p_60hz_q_27,8ffca7ad-9706-402d-a7d2-3b9c879a3bd5,1080p_60hz_q_41,SeaRock@display=center_crop_1080p
2160p_60hz_q_27,1080p_60hz_q_41,badb4c68-c25f-4312-93cc-37b701824925,2160p_60hz_q_27,SeaRock@display=center_crop_1080p
2160p_60hz_q_27,1080p_60hz_q_41,0d1af6dd-f5f6-42b8-b58f-1f062d3cdc72,2160p_60hz_q_27,SeaRock@display=center_crop_1080p
2160p_60hz_q_27,2160p_60hz_q_27,5989e0f3-b0a9-47d7-b12a-46b2ba1b1502,1080p_60hz_q_41,SeaRock@display=center_crop_1080p
2160p_60hz_q_27,1080p_60hz_q_41,db96f8b8-515c-4db2-a50b-980516bf9af5,2160p_60hz_q_27,SeaRock@display=center_crop_1080p
2160p_60hz_q_27,2160p_60hz_q_27,e8e854f8-db3b-4b12-b87f-0c5c849cf0ab,1080p_60hz_q_41,SeaRock@display=center_crop_1080p
2160p_60hz_q_39,2160p_60hz_q_39,086fece1-937a-4fa9-896e-b14e469195b6,1080p_60hz_q_37,Narrator@display=center_crop_1080p
2160p_60hz_q_39,1080p_60hz_q_37,1870054d-e579-4520-9f6a-4f32b8fedd4b,2160p_60hz_q_39,Narrator@display=center_crop_1080p
,2160p_60hz_q_39,1f673a0c-db45-4f78-9d42-cde1779d5d4e,1080p_60hz_q_37,Narrator@display=center_crop_1080p
2160p_60hz_q_39,1080p_60hz_q_37,d6ba2aff-cecb-46aa-8325-57f11ca3b9df,2160p_60hz_q_39,Narrator@display=center_crop_1080p
,1080p_60hz_q_37,c422e83a-4ae2-46de-a97a-8bb99b9b6408,2160p_60hz_q_39,Narrator@display=center_crop_1080p
,1080p_60hz_q_37,45f7895e-4d5f-4242-b275-48ce60c655bc,2160p_60hz_q_39,Narrator@display=center_crop_1080p
2160p_60hz_q_39,2160p_60hz_q_39,12ef4ddb-107d-42b2-bfa0-b59fa554e40a,1080p_60hz_q_37,Narrator@display=center_crop_1080p
2160p_60hz_q_39,1080p_60hz_q_37,d135eddd-102e-46e7-82da-64419e897ce6,2160p_60hz_q_39,Narrator@display=center_crop_1080p
2160p_60hz_q_39,1080p_60hz_q_37,966299a2-a7bd-4029-a06f-4054980e3c4f,2160p_60hz_q_39,Narrator@display=center_crop_1080p
1080p_60hz_q_37,1080p_60hz_q_37,9d7f3cb5-9b1d-4a2b-8564-bd16197718d7,2160p_60hz_q_39,Narrator@display=center_crop_1080p
,2160p_60hz_q_33,7b6a30c6-4b19-47c7-bc99-5dd895ce82d3,2160p_60hz_q_39,SeaRock@display=center_crop_1080p
,2160p_60hz_q_33,4731f594-5464-428a-8891-726dceae70cb,2160p_60hz_q_39,SeaRock@display=center_crop_1080p
2160p_60hz_q_33,2160p_60hz_q_39,14da32d8-0023-44b9-bb95-51f1fad516e6,2160p_60hz_q_33,SeaRock@display=center_crop_1080p
2160p_60hz_q_33,2160p_60hz_q_39,a924191d-6339-4d6f-b4fa-cc87e9e9f573,2160p_60hz_q_33,SeaRock@display=center_crop_1080p
,2160p_60hz_q_33,3a9c1e54-5803-42be-b7c4-ae7a7c6d615f,2160p_60hz_q_39,SeaRock@display=center_crop_1080p
,2160p_60hz_q_39,8503e28a-947a-459c-a673-7beb97834ba5,2160p_60hz_q_33,SeaRock@display=center_crop_1080p
2160p_60hz_q_33,2160p_60hz_q_39,9832020d-32c9-4b00-b7da-f708d715fc06,2160p_60hz_q_33,SeaRock@display=center_crop_1080p
2160p_60hz_q_33,2160p_60hz_q_39,086fece1-937a-4fa9-896e-b14e469195b6,2160p_60hz_q_33,SeaRock@display=center_crop_1080p
2160p_60hz_q_33,2160p_60hz_q_33,966299a2-a7bd-4029-a06f-4054980e3c4f,2160p_60hz_q_39,SeaRock@display=center_crop_1080p
2160p_60hz_q_33,2160p_60hz_q_39,dbc1ca9b-a7e7-40e4-a057-eecc8d4a2441,2160p_60hz_q_33,SeaRock@display=center_crop_1080p
2160p_60hz_q_29,2160p_60hz_q_29,00d96475-6e03-4ff0-b5e0-afc407da0723,2160p_60hz_q_45,HoneyBee@display=center_crop_1080p
2160p_60hz_q_29,2160p_60hz_q_45,fc66e681-3ee1-4f30-9e0a-390ec97223e9,2160p_60hz_q_29,HoneyBee@display=center_crop_1080p
2160p_60hz_q_29,2160p_60hz_q_45,26bdef07-111d-4497-95d2-1c34e0c6879f,2160p_60hz_q_29,HoneyBee@display=center_crop_1080p
2160p_60hz_q_29,2160p_60hz_q_29,631d5c27-ad66-408c-b36e-9da595aaa740,2160p_60hz_q_45,HoneyBee@display=center_crop_1080p
2160p_60hz_q_29,2160p_60hz_q_45,e53d4eea-976a-4b76-925c-8f49229e1c77,2160p_60hz_q_29,HoneyBee@display=center_crop_1080p
2160p_60hz_q_29,2160p_60hz_q_29,155e72f9-4498-4614-81f9-d887690e78ad,2160p_60hz_q_45,HoneyBee@display=center_crop_1080p
2160p_60hz_q_29,2160p_60hz_q_29,32f8d619-a479-42d1-b457-f76b8f164236,2160p_60hz_q_45,HoneyBee@display=center_crop_1080p
2160p_60hz_q_29,2160p_60hz_q_29,7bbe860b-aaf5-41f4-afb2-851886818fc7,2160p_60hz_q_45,HoneyBee@display=center_crop_1080p
2160p_60hz_q_29,2160p_60hz_q_45,53fda506-b1fc-4245-860a-07ad40e5b65d,2160p_60hz_q_29,HoneyBee@display=center_crop_1080p
2160p_60hz_q_29,2160p_60hz_q_29,e4791982-1c0b-4b9d-96dd-f685a61a40b7,2160p_60hz_q_45,HoneyBee@display=center_crop_1080p
2160p_60hz_q_37,2160p_60hz_q_43,32f8d619-a479-42d1-b457-f76b8f164236,2160p_60hz_q_37,Jockey@display=center_crop_1080p
2160p_60hz_q_37,2160p_60hz_q_43,bf850da6-7c90-4bad-9ba2-ea60aad4339c,2160p_60hz_q_37,Jockey@display=center_crop_1080p
2160p_60hz_q_37,2160p_60hz_q_43,15a33f39-68de-4ec2-a989-d4fb1a1d21f0,2160p_60hz_q_37,Jockey@display=center_crop_1080p
2160p_60hz_q_37,2160p_60hz_q_43,2e18b0d1-37c9-4503-a092-99a9ed14251c,2160p_60hz_q_37,Jockey@display=center_crop_1080p
2160p_60hz_q_37,2160p_60hz_q_37,ac060a26-f40f-4682-ab6e-89bc9d9355fb,2160p_60hz_q_43,Jockey@display=center_crop_1080p
2160p_60hz_q_37,2160p_60hz_q_37,00d96475-6e03-4ff0-b5e0-afc407da0723,2160p_60hz_q_43,Jockey@display=center_crop_1080p
2160p_60hz_q_37,2160p_60hz_q_43,5521ff94-7e87-4bd3-a91f-fe3c18491c86,2160p_60hz_q_37,Jockey@display=center_crop_1080p
2160p_60hz_q_37,2160p_60hz_q_37,1fe98c14-e7fb-4352-b0be-e531236faf61,2160p_60hz_q_43,Jockey@display=center_crop_1080p
2160p_60hz_q_37,2160p_60hz_q_43,4df1c570-ef1a-4197-ab7f-78f52c6abbdd,2160p_60hz_q_37,Jockey@display=center_crop_1080p
2160p_60hz_q_37,2160p_60hz_q_37,9d4cc4b7-59aa-493d-844b-83e05a7ee9b6,2160p_60hz_q_43,Jockey@display=center_crop_1080p
1080p_60hz_q_37,1080p_60hz_q_37,00d96475-6e03-4ff0-b5e0-afc407da0723,2160p_60hz_q_51,Toddler@display=center_crop_1080p
1080p_60hz_q_37,1080p_60hz_q_37,48b895da-31dd-4c47-8d99-cbe1bd7d4339,2160p_60hz_q_51,Toddler@display=center_crop_1080p
1080p_60hz_q_37,1080p_60hz_q_37,e154a82c-3a72-4854-8f3a-f54550369af2,2160p_60hz_q_51,Toddler@display=center_crop_1080p
1080p_60hz_q_37,1080p_60hz_q_37,9b110929-8562-4dea-aa03-dea569d7160a,2160p_60hz_q_51,Toddler@display=center_crop_1080p
1080p_60hz_q_37,2160p_60hz_q_51,2a94520b-37d9-4eeb-a589-017195b541e3,1080p_60hz_q_37,Toddler@display=center_crop_1080p
1080p_60hz_q_37,1080p_60hz_q_37,beec74c3-b6a6-4e5b-b5dc-ece5e72efd35,2160p_60hz_q_51,Toddler@display=center_crop_1080p
1080p_60hz_q_37,2160p_60hz_q_51,232508cc-8372-4d0c-bbe0-9a174d6a0c6a,1080p_60hz_q_37,Toddler@display=center_crop_1080p
1080p_60hz_q_37,2160p_60hz_q_51,5d7831a1-caca-4669-9e4c-d8c0329ff397,1080p_60hz_q_37,Toddler@display=center_crop_1080p
1080p_60hz_q_37,2160p_60hz_q_51,951670ac-a4a0-4c5f-b3e8-f8edc637fa52,1080p_60hz_q_37,Toddler@display=center_crop_1080p
1080p_60hz_q_37,1080p_60hz_q_37,02bdc5dd-6b5a-4f34-b244-61603b6e09ae,2160p_60hz_q_51,Toddler@display=center_crop_1080p
2160p_60hz_q_27,2160p_60hz_q_27,00d96475-6e03-4ff0-b5e0-afc407da0723,1080p_60hz_q_35,Tunnel@display=center_crop_1080p
2160p_60hz_q_27,1080p_60hz_q_35,fae05acc-8eb8-426e-94f6-a2acfd916530,2160p_60hz_q_27,Tunnel@display=center_crop_1080p
2160p_60hz_q_27,2160p_60hz_q_27,e8103e3b-0bfe-47b6-b4ec-9aefdfb262aa,1080p_60hz_q_35,Tunnel@display=center_crop_1080p
2160p_60hz_q_27,1080p_60hz_q_35,3983543e-c80b-40e4-bd96-0bc96de4c562,2160p_60hz_q_27,Tunnel@display=center_crop_1080p
2160p_60hz_q_27,1080p_60hz_q_35,757d41cf-5808-4373-a3b1-f7dd94f2ac11,2160p_60hz_q_27,Tunnel@display=center_crop_1080p
2160p_60hz_q_27,2160p_60hz_q_27,c4a0e1ad-7984-40d7-8f68-73a82a2a463f,1080p_60hz_q_35,Tunnel@display=center_crop_1080p
,2160p_60hz_q_27,f865b921-41ac-4b8a-99a2-9e7b2738ff85,1080p_60hz_q_35,Tunnel@display=center_crop_1080p
,2160p_60hz_q_27,5fdf86ad-9d4e-4634-a044-29b78873c1a5,1080p_60hz_q_35,Tunnel@display=center_crop_1080p
1080p_60hz_q_35,2160p_60hz_q_27,b080efca-4a2b-456b-8b97-fa7150fa2f8d,1080p_60hz_q_35,Tunnel@display=center_crop_1080p
2160p_60hz_q_27,1080p_60hz_q_35,e9551a3e-d41f-474d-b2d8-05231d46ff64,2160p_60hz_q_27,Tunnel@display=center_crop_1080p
1080p_60hz_q_33,1080p_60hz_q_41,00d96475-6e03-4ff0-b5e0-afc407da0723,1080p_60hz_q_33,Ready@display=center_crop_1080p
1080p_60hz_q_33,1080p_60hz_q_33,14da32d8-0023-44b9-bb95-51f1fad516e6,1080p_60hz_q_41,Ready@display=center_crop_1080p
1080p_60hz_q_33,1080p_60hz_q_33,e8103e3b-0bfe-47b6-b4ec-9aefdfb262aa,1080p_60hz_q_41,Ready@display=center_crop_1080p
1080p_60hz_q_33,1080p_60hz_q_33,7732bed5-fc82-4d88-b674-40d62da7e8d0,1080p_60hz_q_41,Ready@display=center_crop_1080p
1080p_60hz_q_33,1080p_60hz_q_41,15a33f39-68de-4ec2-a989-d4fb1a1d21f0,1080p_60hz_q_33,Ready@display=center_crop_1080p
1080p_60hz_q_33,1080p_60hz_q_33,89a1c554-1ca4-4287-a0c9-314fe9b8197e,1080p_60hz_q_41,Ready@display=center_crop_1080p
1080p_60hz_q_33,1080p_60hz_q_41,eab9779d-4083-4225-8473-fc8798ebb47e,1080p_60hz_q_33,Ready@display=center_crop_1080p
1080p_60hz_q_33,1080p_60hz_q_33,bc64594f-68af-4afd-a02d-423ac80ebb4e,1080p_60hz_q_41,Ready@display=center_crop_1080p
1080p_60hz_q_33,1080p_60hz_q_41,a5de1a7c-1a0e-4207-8292-d8ed4a2eb2e7,1080p_60hz_q_33,Ready@display=center_crop_1080p
1080p_60hz_q_33,1080p_60hz_q_41,23fa0894-e067-4bdf-98ff-55ade0a43235,1080p_60hz_q_33,Ready@display=center_crop_1080p
1080p_60hz_q_31,1080p_60hz_q_37,00d96475-6e03-4ff0-b5e0-afc407da0723,1080p_60hz_q_31,Ritual@display=center_crop_1080p
1080p_60hz_q_31,1080p_60hz_q_31,0b71c40e-fc37-4899-a022-675ff7351368,1080p_60hz_q_37,Ritual@display=center_crop_1080p
1080p_60hz_q_31,1080p_60hz_q_37,8d9dae56-b7ed-4a87-9560-f24092471144,1080p_60hz_q_31,Ritual@display=center_crop_1080p
1080p_60hz_q_31,1080p_60hz_q_31,7fa32d26-7bca-4bd0-8d73-03341d624eca,1080p_60hz_q_37,Ritual@display=center_crop_1080p
1080p_60hz_q_31,1080p_60hz_q_37,19b86171-b4f8-49bf-a0e9-17e0ba50a844,1080p_60hz_q_31,Ritual@display=center_crop_1080p
,1080p_60hz_q_31,2ed884e7-7f71-4a59-88ae-63e2f27f6fef,1080p_60hz_q_37,Ritual@display=center_crop_1080p
1080p_60hz_q_31,1080p_60hz_q_37,1879c35a-85bd-4033-aa8d-f1c79ce51a7f,1080p_60hz_q_31,Ritual@display=center_crop_1080p
,1080p_60hz_q_37,3e499d20-74be-44a1-956e-8b361c3a75b1,1080p_60hz_q_31,Ritual@display=center_crop_1080p
1080p_60hz_q_31,1080p_60hz_q_37,5ca47ce2-d2f1-4fa3-ad4c-eaf361944918,1080p_60hz_q_31,Ritual@display=center_crop_1080p
1080p_60hz_q_31,1080p_60hz_q_31,109eb910-4896-4ae9-8621-2db0f75f6dc4,1080p_60hz_q_37,Ritual@display=center_crop_1080p
2160p_60hz_q_33,2160p_60hz_q_37,43b2c520-73e1-4b7a-bf5d-72f725568d35,2160p_60hz_q_33,Discuss@display=center_crop_1080p
2160p_60hz_q_33,2160p_60hz_q_37,32f8d619-a479-42d1-b457-f76b8f164236,2160p_60hz_q_33,Discuss@display=center_crop_1080p
2160p_60hz_q_33,2160p_60hz_q_37,d11f9ccb-7bb2-41ae-beae-fa69cbbfbde7,2160p_60hz_q_33,Discuss@display=center_crop_1080p
,2160p_60hz_q_37,532f40a1-621c-494b-8e10-a8cb0668755d,2160p_60hz_q_33,Discuss@display=center_crop_1080p
,2160p_60hz_q_37,109eb910-4896-4ae9-8621-2db0f75f6dc4,2160p_60hz_q_33,Discuss@display=center_crop_1080p
,2160p_60hz_q_33,2a94520b-37d9-4eeb-a589-017195b541e3,2160p_60hz_q_37,Discuss@display=center_crop_1080p
,2160p_60hz_q_33,8503e28a-947a-459c-a673-7beb97834ba5,2160p_60hz_q_37,Discuss@display=center_crop_1080p
2160p_60hz_q_33,2160p_60hz_q_33,3289a60c-e8f2-4bed-b60c-1ed515026b67,2160p_60hz_q_37,Discuss@display=center_crop_1080p
2160p_60hz_q_33,2160p_60hz_q_37,94d70f48-55b6-4b7a-9dae-68e34937fd1c,2160p_60hz_q_33,Discuss@display=center_crop_1080p
2160p_60hz_q_33,2160p_60hz_q_33,94d70f48-55b6-4b7a-9dae-68e34937fd1c,2160p_60hz_q_37,Discuss@display=center_crop_1080p
1080p_60hz_q_29,1080p_60hz_q_39,488ada9d-9342-4a06-8d36-d589067fe942,1080p_60hz_q_29,Discuss@display=center_crop_1080p
1080p_60hz_q_29,1080p_60hz_q_39,4da7f46c-169e-4ee4-9443-4a99be1607d7,1080p_60hz_q_29,Discuss@display=center_crop_1080p
1080p_60hz_q_29,1080p_60hz_q_39,7b6a30c6-4b19-47c7-bc99-5dd895ce82d3,1080p_60hz_q_29,Discuss@display=center_crop_1080p
1080p_60hz_q_29,1080p_60hz_q_29,4da7f46c-169e-4ee4-9443-4a99be1607d7,1080p_60hz_q_39,Discuss@display=center_crop_1080p
1080p_60hz_q_29,1080p_60hz_q_39,702eb14b-2395-4120-ad3f-dee6b6427bb4,1080p_60hz_q_29,Discuss@display=center_crop_1080p
1080p_60hz_q_29,1080p_60hz_q_29,26d14aae-323e-4dc1-ba80-01bf70af6aab,1080p_60hz_q_39,Discuss@display=center_crop_1080p
1080p_60hz_q_29,1080p_60hz_q_29,a7679f9e-b2d8-41d1-90d7-6701cf76981d,1080p_60hz_q_39,Discuss@display=center_crop_1080p
1080p_60hz_q_29,1080p_60hz_q_29,702eb14b-2395-4120-ad3f-dee6b6427bb4,1080p_60hz_q_39,Discuss@display=center_crop_1080p
1080p_60hz_q_29,1080p_60hz_q_39,fba23fd4-9b8e-48e9-87c0-332c32d92b5d,1080p_60hz_q_29,Discuss@display=center_crop_1080p
1080p_60hz_q_29,1080p_60hz_q_39,fba23fd4-9b8e-48e9-87c0-332c32d92b5d,1080p_60hz_q_29,Discuss@display=center_crop_1080p
,2160p_60hz_q_37,757d41cf-5808-4373-a3b1-f7dd94f2ac11,1080p_60hz_q_25,Jockey@display=center_crop_1080p
1080p_60hz_q_25,2160p_60hz_q_37,eb8aa815-a946-4f28-b470-3f1c9fdf4788,1080p_60hz_q_25,Jockey@display=center_crop_1080p
1080p_60hz_q_25,2160p_60hz_q_37,5b32a3b4-03ed-4323-90b4-de0bff193bd8,1080p_60hz_q_25,Jockey@display=center_crop_1080p
,1080p_60hz_q_25,59afbfdf-b41c-47dc-9323-b8a435f4b924,2160p_60hz_q_37,Jockey@display=center_crop_1080p
1080p_60hz_q_25,1080p_60hz_q_25,0e579390-f06d-465e-93d4-187f3887914a,2160p_60hz_q_37,Jockey@display=center_crop_1080p
1080p_60hz_q_25,2160p_60hz_q_37,c4a0e1ad-7984-40d7-8f68-73a82a2a463f,1080p_60hz_q_25,Jockey@display=center_crop_1080p
,2160p_60hz_q_37,d4caa0db-8bd4-47cc-ad0e-f10ed19d1038,1080p_60hz_q_25,Jockey@display=center_crop_1080p
1080p_60hz_q_25,2160p_60hz_q_37,2bd94a3e-72b0-4010-9e82-d5d934a3ab57,1080p_60hz_q_25,Jockey@display=center_crop_1080p
1080p_60hz_q_25,2160p_60hz_q_37,3e499d20-74be-44a1-956e-8b361c3a75b1,1080p_60hz_q_25,Jockey@display=center_crop_1080p
1080p_60hz_q_25,2160p_60hz_q_37,5c9fb765-7783-4e60-af0f-aa58a44f2419,1080p_60hz_q_25,Jockey@display=center_crop_1080p
1080p_60hz_q_33,1080p_60hz_q_37,2ed884e7-7f71-4a59-88ae-63e2f27f6fef,1080p_60hz_q_33,Football@display=center_crop_1080p
1080p_60hz_q_33,1080p_60hz_q_33,8ffca7ad-9706-402d-a7d2-3b9c879a3bd5,1080p_60hz_q_37,Football@display=center_crop_1080p
,1080p_60hz_q_33,db96f8b8-515c-4db2-a50b-980516bf9af5,1080p_60hz_q_37,Football@display=center_crop_1080p
1080p_60hz_q_33,1080p_60hz_q_37,e588b351-3f75-4040-858b-1286d607e866,1080p_60hz_q_33,Football@display=center_crop_1080p
1080p_60hz_q_37,1080p_60hz_q_33,7ac3129c-bc4a-4a32-9ca5-27a305d5c36c,1080p_60hz_q_37,Football@display=center_crop_1080p
1080p_60hz_q_33,1080p_60hz_q_37,23fa0894-e067-4bdf-98ff-55ade0a43235,1080p_60hz_q_33,Football@display=center_crop_1080p
1080p_60hz_q_33,1080p_60hz_q_37,0e579390-f06d-465e-93d4-187f3887914a,1080p_60hz_q_33,Football@display=center_crop_1080p
1080p_60hz_q_33,1080p_60hz_q_37,1f673a0c-db45-4f78-9d42-cde1779d5d4e,1080p_60hz_q_33,Football@display=center_crop_1080p
1080p_60hz_q_37,1080p_60hz_q_37,654273d8-39da-4132-b299-f4c320d54d3b,1080p_60hz_q_33,Football@display=center_crop_1080p
1080p_60hz_q_33,1080p_60hz_q_33,208e7f6c-d013-4a6f-a6be-3008a0d3130b,1080p_60hz_q_37,Football@display=center_crop_1080p
1080p_60hz_q_31,2160p_60hz_q_47,0e579390-f06d-465e-93d4-187f3887914a,1080p_60hz_q_31,Tunnel@display=center_crop_1080p
1080p_60hz_q_31,2160p_60hz_q_47,e4791982-1c0b-4b9d-96dd-f685a61a40b7,1080p_60hz_q_31,Tunnel@display=center_crop_1080p
1080p_60hz_q_31,1080p_60hz_q_31,d4f74e62-520b-489d-af5c-051c4d744c55,2160p_60hz_q_47,Tunnel@display=center_crop_1080p
1080p_60hz_q_31,2160p_60hz_q_47,18b65afe-0318-4e2f-b48f-d243fa07b40c,1080p_60hz_q_31,Tunnel@display=center_crop_1080p
1080p_60hz_q_31,2160p_60hz_q_47,1a451c03-6caa-4ba8-8207-bfdff094790a,1080p_60hz_q_31,Tunnel@display=center_crop_1080p
1080p_60hz_q_31,2160p_60hz_q_47,f304bc2a-d059-481e-9268-2dc6d5c0ee8f,1080p_60hz_q_31,Tunnel@display=center_crop_1080p
1080p_60hz_q_31,2160p_60hz_q_47,b7c70b81-275b-4549-ac00-de8dbd201b40,1080p_60hz_q_31,Tunnel@display=center_crop_1080p
1080p_60hz_q_31,1080p_60hz_q_31,3a9c1e54-5803-42be-b7c4-ae7a7c6d615f,2160p_60hz_q_47,Tunnel@display=center_crop_1080p
1080p_60hz_q_31,1080p_60hz_q_31,7142d9c5-0e87-4291-b0c4-fe9768c9bb62,2160p_60hz_q_47,Tunnel@display=center_crop_1080p
1080p_60hz_q_31,1080p_60hz_q_31,9d7f3cb5-9b1d-4a2b-8564-bd16197718d7,2160p_60hz_q_47,Tunnel@display=center_crop_1080p
2160p_60hz_q_35,1080p_60hz_q_29,0e579390-f06d-465e-93d4-187f3887914a,2160p_60hz_q_35,Monkeys@display=center_crop_1080p
2160p_60hz_q_35,2160p_60hz_q_35,a593750d-9e2c-4127-906a-9c623c034081,1080p_60hz_q_29,Monkeys@display=center_crop_1080p
1080p_60hz_q_29,1080p_60hz_q_29,26bdef07-111d-4497-95d2-1c34e0c6879f,2160p_60hz_q_35,Monkeys@display=center_crop_1080p
1080p_60hz_q_29,2160p_60hz_q_35,ca304a7b-b10f-4cd3-a40e-3663b1a6fc20,1080p_60hz_q_29,Monkeys@display=center_crop_1080p
,2160p_60hz_q_35,26a7dfc8-1e68-4579-b9af-f5727b8c413b,1080p_60hz_q_29,Monkeys@display=center_crop_1080p
2160p_60hz_q_35,2160p_60hz_q_35,a5762c12-c5ba-4b11-898d-9ae55f04d30a,1080p_60hz_q_29,Monkeys@display=center_crop_1080p
1080p_60hz_q_29,1080p_60hz_q_29,b3bea668-0154-47a7-958c-45380c2c7da0,2160p_60hz_q_35,Monkeys@display=center_crop_1080p
2160p_60hz_q_35,2160p_60hz_q_35,523ea5e5-4fd4-40e9-9c8e-8d615f1f5f82,1080p_60hz_q_29,Monkeys@display=center_crop_1080p
1080p_60hz_q_29,1080p_60hz_q_29,234f2863-9dc3-4857-bbf9-144b0e1a86f4,2160p_60hz_q_35,Monkeys@display=center_crop_1080p
2160p_60hz_q_35,2160p_60hz_q_35,d11f9ccb-7bb2-41ae-beae-fa69cbbfbde7,1080p_60hz_q_29,Monkeys@display=center_crop_1080p
1080p_60hz_q_37,1080p_60hz_q_43,0e579390-f06d-465e-93d4-187f3887914a,1080p_60hz_q_37,Toddler@display=center_crop_1080p
1080p_60hz_q_37,1080p_60hz_q_43,39f32b60-c4bd-4287-bb95-c5acf6f45aa7,1080p_60hz_q_37,Toddler@display=center_crop_1080p
1080p_60hz_q_37,1080p_60hz_q_43,0c1c7340-3f94-4985-af41-6c3ee4c993c8,1080p_60hz_q_37,Toddler@display=center_crop_1080p
1080p_60hz_q_37,1080p_60hz_q_43,7732bed5-fc82-4d88-b674-40d62da7e8d0,1080p_60hz_q_37,Toddler@display=center_crop_1080p
1080p_60hz_q_37,1080p_60hz_q_43,2ea19ebb-5fdf-47c4-aa24-d9d7355fda95,1080p_60hz_q_37,Toddler@display=center_crop_1080p
1080p_60hz_q_37,1080p_60hz_q_43,98c79528-25d0-4621-8eb2-562c49004f90,1080p_60hz_q_37,Toddler@display=center_crop_1080p
1080p_60hz_q_37,1080p_60hz_q_37,b687d08f-c451-43a4-a016-b7164e40457a,1080p_60hz_q_43,Toddler@display=center_crop_1080p
1080p_60hz_q_37,1080p_60hz_q_43,2307d8e9-642b-4f06-8182-1c953bcbcc79,1080p_60hz_q_37,Toddler@display=center_crop_1080p
1080p_60hz_q_43,1080p_60hz_q_43,a5de1a7c-1a0e-4207-8292-d8ed4a2eb2e7,1080p_60hz_q_37,Toddler@display=center_crop_1080p
1080p_60hz_q_37,1080p_60hz_q_37,966299a2-a7bd-4029-a06f-4054980e3c4f,1080p_60hz_q_43,Toddler@display=center_crop_1080p
1080p_60hz_q_35,1080p_60hz_q_35,53fda506-b1fc-4245-860a-07ad40e5b65d,1080p_60hz_q_41,Yacht@display=center_crop_1080p
1080p_60hz_q_35,1080p_60hz_q_41,40acb942-4edc-4dea-a078-26987e1de4a3,1080p_60hz_q_35,Yacht@display=center_crop_1080p
1080p_60hz_q_35,1080p_60hz_q_35,d88c101b-11c9-4e8d-9dae-f4e5b67933d1,1080p_60hz_q_41,Yacht@display=center_crop_1080p
1080p_60hz_q_35,1080p_60hz_q_35,4cd150dd-7a6c-4a04-bcbb-c430cb979769,1080p_60hz_q_41,Yacht@display=center_crop_1080p
1080p_60hz_q_35,1080p_60hz_q_35,48b895da-31dd-4c47-8d99-cbe1bd7d4339,1080p_60hz_q_41,Yacht@display=center_crop_1080p
1080p_60hz_q_35,1080p_60hz_q_41,47b610b2-5357-4c65-8fe2-b8ccdf788bfe,1080p_60hz_q_35,Yacht@display=center_crop_1080p
1080p_60hz_q_35,1080p_60hz_q_35,26a7dfc8-1e68-4579-b9af-f5727b8c413b,1080p_60hz_q_41,Yacht@display=center_crop_1080p
1080p_60hz_q_35,1080p_60hz_q_41,0e579390-f06d-465e-93d4-187f3887914a,1080p_60hz_q_35,Yacht@display=center_crop_1080p
1080p_60hz_q_35,1080p_60hz_q_35,e170141b-c0ee-4624-b054-17a5c6aced22,1080p_60hz_q_41,Yacht@display=center_crop_1080p
1080p_60hz_q_35,1080p_60hz_q_41,f16afd28-7eb2-490b-9dee-9411c451c7b6,1080p_60hz_q_35,Yacht@display=center_crop_1080p
2160p_60hz_q_37,2160p_60hz_q_41,0e579390-f06d-465e-93d4-187f3887914a,2160p_60hz_q_37,Ritual@display=center_crop_1080p
2160p_60hz_q_37,2160p_60hz_q_41,11632a76-065c-4306-b916-5d8f46563df9,2160p_60hz_q_37,Ritual@display=center_crop_1080p
,2160p_60hz_q_41,b2301164-83b7-413a-84b4-18592d2bda27,2160p_60hz_q_37,Ritual@display=center_crop_1080p
2160p_60hz_q_37,2160p_60hz_q_37,eb8aa815-a946-4f28-b470-3f1c9fdf4788,2160p_60hz_q_41,Ritual@display=center_crop_1080p
2160p_60hz_q_37,2160p_60hz_q_41,63886b87-eff3-460e-b828-c9b1a172a21c,2160p_60hz_q_37,Ritual@display=center_crop_1080p
2160p_60hz_q_37,2160p_60hz_q_37,2ea19ebb-5fdf-47c4-aa24-d9d7355fda95,2160p_60hz_q_41,Ritual@display=center_crop_1080p
,2160p_60hz_q_41,18b65afe-0318-4e2f-b48f-d243fa07b40c,2160p_60hz_q_37,Ritual@display=center_crop_1080p
2160p_60hz_q_37,2160p_60hz_q_37,b8264831-a348-4b5b-bd9d-32b0d6d71474,2160p_60hz_q_41,Ritual@display=center_crop_1080p
2160p_60hz_q_37,2160p_60hz_q_37,a924191d-6339-4d6f-b4fa-cc87e9e9f573,2160p_60hz_q_41,Ritual@display=center_crop_1080p
2160p_60hz_q_37,2160p_60hz_q_41,45d734a8-ca71-42f6-abde-ef570e3b4cf1,2160p_60hz_q_37,Ritual@display=center_crop_1080p
1080p_60hz_q_27,2160p_60hz_q_39,0e579390-f06d-465e-93d4-187f3887914a,1080p_60hz_q_27,HoneyBee@display=center_crop_1080p
1080p_60hz_q_27,1080p_60hz_q_27,62b97f5e-f60a-46bc-933c-799cade5e19e,2160p_60hz_q_39,HoneyBee@display=center_crop_1080p
1080p_60hz_q_27,1080p_60hz_q_27,fe6b749e-2b37-43ce-8ec0-132a654149bf,2160p_60hz_q_39,HoneyBee@display=center_crop_1080p
1080p_60hz_q_27,1080p_60hz_q_27,809c6f38-8134-47bd-8f9b-e5110f957391,2160p_60hz_q_39,HoneyBee@display=center_crop_1080p
1080p_60hz_q_27,2160p_60hz_q_39,5289ab4b-344d-487f-ac39-320de560806e,1080p_60hz_q_27,HoneyBee@display=center_crop_1080p
1080p_60hz_q_27,1080p_60hz_q_27,606c83fe-5972-4bcb-b811-f7bb443fc6fd,2160p_60hz_q_39,HoneyBee@display=center_crop_1080p
,2160p_60hz_q_39,1a4b7399-7fcd-4ddf-bb63-5a7e1ecc9174,1080p_60hz_q_27,HoneyBee@display=center_crop_1080p
,2160p_60hz_q_39,1d9d2224-8591-47ef-a7b7-3347f5dbf4f2,1080p_60hz_q_27,HoneyBee@display=center_crop_1080p
1080p_60hz_q_27,1080p_60hz_q_27,523ea5e5-4fd4-40e9-9c8e-8d615f1f5f82,2160p_60hz_q_39,HoneyBee@display=center_crop_1080p
1080p_60hz_q_27,2160p_60hz_q_39,45d734a8-ca71-42f6-abde-ef570e3b4cf1,1080p_60hz_q_27,HoneyBee@display=center_crop_1080p
2160p_60hz_q_41,2160p_60hz_q_41,b15043b9-76db-434f-a66f-5267875bfa9d,1080p_60hz_q_41,Yacht@display=center_crop_1080p
2160p_60hz_q_41,2160p_60hz_q_41,f304bc2a-d059-481e-9268-2dc6d5c0ee8f,1080p_60hz_q_41,Yacht@display=center_crop_1080p
2160p_60hz_q_41,2160p_60hz_q_41,f12ef427-eefa-4f1b-b2d1-0a5fa567750a,1080p_60hz_q_41,Yacht@display=center_crop_1080p
2160p_60hz_q_41,2160p_60hz_q_41,7206fd08-7457-4883-830b-cca57fc03ee5,1080p_60hz_q_41,Yacht@display=center_crop_1080p
2160p_60hz_q_41,2160p_60hz_q_41,6fd8c7e3-92ad-4ae9-8d4b-6c10db61c856,1080p_60hz_q_41,Yacht@display=center_crop_1080p
2160p_60hz_q_41,2160p_60hz_q_41,f8a8894e-7e85-4d2a-8eb5-ed2fc77bcff4,1080p_60hz_q_41,Yacht@display=center_crop_1080p
2160p_60hz_q_41,2160p_60hz_q_41,d42a6af2-2b3b-4c79-9e96-57767a5c5065,1080p_60hz_q_41,Yacht@display=center_crop_1080p
,1080p_60hz_q_41,1f673a0c-db45-4f78-9d42-cde1779d5d4e,2160p_60hz_q_41,Yacht@display=center_crop_1080p
2160p_60hz_q_41,2160p_60hz_q_41,966299a2-a7bd-4029-a06f-4054980e3c4f,1080p_60hz_q_41,Yacht@display=center_crop_1080p
2160p_60hz_q_41,2160p_60hz_q_41,b534d02f-8944-4adf-bd53-e57ce627a786,1080p_60hz_q_41,Yacht@display=center_crop_1080p
2160p_60hz_q_35,2160p_60hz_q_35,f12ef427-eefa-4f1b-b2d1-0a5fa567750a,2160p_60hz_q_51,Toddler@display=center_crop_1080p
2160p_60hz_q_35,2160p_60hz_q_35,b2301164-83b7-413a-84b4-18592d2bda27,2160p_60hz_q_51,Toddler@display=center_crop_1080p
2160p_60hz_q_35,2160p_60hz_q_35,63886b87-eff3-460e-b828-c9b1a172a21c,2160p_60hz_q_51,Toddler@display=center_crop_1080p
2160p_60hz_q_35,2160p_60hz_q_51,0744e640-8e21-41fe-ab34-dfe90d35a5e4,2160p_60hz_q_35,Toddler@display=center_crop_1080p
2160p_60hz_q_35,2160p_60hz_q_35,27fc7da4-6d5e-44aa-892d-e16ec39089cc,2160p_60hz_q_51,Toddler@display=center_crop_1080p
2160p_60hz_q_35,2160p_60hz_q_35,9d9a8f21-682d-4940-bb3e-77802c7e41fe,2160p_60hz_q_51,Toddler@display=center_crop_1080p
2160p_60hz_q_35,2160p_60hz_q_51,6005423d-55ca-4137-8021-d3db601da77e,2160p_60hz_q_35,Toddler@display=center_crop_1080p
2160p_60hz_q_35,2160p_60hz_q_35,7bbe860b-aaf5-41f4-afb2-851886818fc7,2160p_60hz_q_51,Toddler@display=center_crop_1080p
2160p_60hz_q_35,2160p_60hz_q_35,cc653c90-c2e7-463e-83b6-1dee35da7534,2160p_60hz_q_51,Toddler@display=center_crop_1080p
2160p_60hz_q_35,2160p_60hz_q_35,56fb1617-07cb-4404-8798-8e34d0947e88,2160p_60hz_q_51,Toddler@display=center_crop_1080p
2160p_60hz_q_41,2160p_60hz_q_41,f12ef427-eefa-4f1b-b2d1-0a5fa567750a,2160p_60hz_q_47,Ready@display=center_crop_1080p
2160p_60hz_q_41,2160p_60hz_q_41,5b32a3b4-03ed-4323-90b4-de0bff193bd8,2160p_60hz_q_47,Ready@display=center_crop_1080p
2160p_60hz_q_41,2160p_60hz_q_41,3f875a9c-3a5b-49b9-8c04-e56a4bb7d9ec,2160p_60hz_q_47,Ready@display=center_crop_1080p
,2160p_60hz_q_47,1be63c96-99ea-42cd-9317-f035ce5c85a9,2160p_60hz_q_41,Ready@display=center_crop_1080p
2160p_60hz_q_41,2160p_60hz_q_47,a5762c12-c5ba-4b11-898d-9ae55f04d30a,2160p_60hz_q_41,Ready@display=center_crop_1080p
2160p_60hz_q_41,2160p_60hz_q_47,1a4b7399-7fcd-4ddf-bb63-5a7e1ecc9174,2160p_60hz_q_41,Ready@display=center_crop_1080p
2160p_60hz_q_41,2160p_60hz_q_47,27fc7da4-6d5e-44aa-892d-e16ec39089cc,2160p_60hz_q_41,Ready@display=center_crop_1080p
2160p_60hz_q_41,2160p_60hz_q_41,edc9c4be-870a-4682-bc68-79c60e58efe1,2160p_60hz_q_47,Ready@display=center_crop_1080p
2160p_60hz_q_41,2160p_60hz_q_41,b15043b9-76db-434f-a66f-5267875bfa9d,2160p_60hz_q_47,Ready@display=center_crop_1080p
2160p_60hz_q_41,2160p_60hz_q_47,109eb910-4896-4ae9-8621-2db0f75f6dc4,2160p_60hz_q_41,Ready@display=center_crop_1080p
1080p_60hz_q_35,1080p_60hz_q_35,f12ef427-eefa-4f1b-b2d1-0a5fa567750a,2160p_60hz_q_41,Dinner@display=center_crop_1080p
2160p_60hz_q_41,2160p_60hz_q_41,bc6328e9-ac68-4cf5-9c95-116d946da15b,1080p_60hz_q_35,Dinner@display=center_crop_1080p
1080p_60hz_q_35,2160p_60hz_q_41,c1406dbe-085d-437e-a0f6-f8cac228648d,1080p_60hz_q_35,Dinner@display=center_crop_1080p
2160p_60hz_q_41,2160p_60hz_q_41,5289ab4b-344d-487f-ac39-320de560806e,1080p_60hz_q_35,Dinner@display=center_crop_1080p
1080p_60hz_q_35,2160p_60hz_q_41,1879c35a-85bd-4033-aa8d-f1c79ce51a7f,1080p_60hz_q_35,Dinner@display=center_crop_1080p
,2160p_60hz_q_41,5989e0f3-b0a9-47d7-b12a-46b2ba1b1502,1080p_60hz_q_35,Dinner@display=center_crop_1080p
1080p_60hz_q_35,1080p_60hz_q_35,50643d45-c2af-4f8c-b193-3f15787dcbd2,2160p_60hz_q_41,Dinner@display=center_crop_1080p
,1080p_60hz_q_35,46c72348-a4f5-45a1-aca1-ed0547c43708,2160p_60hz_q_41,Dinner@display=center_crop_1080p
2160p_60hz_q_41,2160p_60hz_q_41,37fe0e5a-6482-4791-a6ee-6d277ad53a8e,1080p_60hz_q_35,Dinner@display=center_crop_1080p
2160p_60hz_q_41,2160p_60hz_q_41,e9551a3e-d41f-474d-b2d8-05231d46ff64,1080p_60hz_q_35,Dinner@display=center_crop_1080p
1080p_60hz_q_25,1080p_60hz_q_39,f12ef427-eefa-4f1b-b2d1-0a5fa567750a,1080p_60hz_q_25,Dancers@display=center_crop_1080p
1080p_60hz_q_25,1080p_60hz_q_39,b2301164-83b7-413a-84b4-18592d2bda27,1080p_60hz_q_25,Dancers@display=center_crop_1080p
1080p_60hz_q_25,1080p_60hz_q_39,c1406dbe-085d-437e-a0f6-f8cac228648d,1080p_60hz_q_25,Dancers@display=center_crop_1080p
1080p_60hz_q_25,1080p_60hz_q_39,809c6f38-8134-47bd-8f9b-e5110f957391,1080p_60hz_q_25,Dancers@display=center_crop_1080p
1080p_60hz_q_25,1080p_60hz_q_39,8a4b3ba0-ce40-46d3-b44a-431055c4d035,1080p_60hz_q_25,Dancers@display=center_crop_1080p
1080p_60hz_q_25,1080p_60hz_q_39,b5797c5f-6b3b-4b7f-9b23-5bea5b3eb229,1080p_60hz_q_25,Dancers@display=center_crop_1080p
1080p_60hz_q_25,1080p_60hz_q_25,6005423d-55ca-4137-8021-d3db601da77e,1080p_60hz_q_39,Dancers@display=center_crop_1080p
1080p_60hz_q_25,1080p_60hz_q_25,fbfd61f4-6813-4623-98f8-85664b3910ae,1080p_60hz_q_39,Dancers@display=center_crop_1080p
1080p_60hz_q_25,1080p_60hz_q_39,26c9aed6-c72c-40ff-adda-e31709393d7e,1080p_60hz_q_25,Dancers@display=center_crop_1080p
1080p_60hz_q_25,1080p_60hz_q_39,648eaa2c-7641-4715-8a50-77b78df2a33a,1080p_60hz_q_25,Dancers@display=center_crop_1080p
1080p_60hz_q_25,1080p_60hz_q_31,0d143a52-e18f-4432-adb5-2345850fb6c8,1080p_60hz_q_25,Dinner@display=center_crop_1080p
1080p_60hz_q_25,1080p_60hz_q_31,62b97f5e-f60a-46bc-933c-799cade5e19e,1080p_60hz_q_25,Dinner@display=center_crop_1080p
,1080p_60hz_q_25,0c1c7340-3f94-4985-af41-6c3ee4c993c8,1080p_60hz_q_31,Dinner@display=center_crop_1080p
1080p_60hz_q_25,1080p_60hz_q_25,0c55ce65-4725-4776-9e80-68de0d55c818,1080p_60hz_q_31,Dinner@display=center_crop_1080p
1080p_60hz_q_25,1080p_60hz_q_31,43b2c520-73e1-4b7a-bf5d-72f725568d35,1080p_60hz_q_25,Dinner@display=center_crop_1080p
1080p_60hz_q_25,1080p_60hz_q_31,1a4f9bd0-1ff2-4da0-96f3-91c32fa4eda4,1080p_60hz_q_25,Dinner@display=center_crop_1080p
1080p_60hz_q_25,1080p_60hz_q_31,984e388d-b130-4495-9352-11919b42ab34,1080p_60hz_q_25,Dinner@display=center_crop_1080p
1080p_60hz_q_25,1080p_60hz_q_25,6fd8c7e3-92ad-4ae9-8d4b-6c10db61c856,1080p_60hz_q_31,Dinner@display=center_crop_1080p
1080p_60hz_q_25,1080p_60hz_q_25,a924191d-6339-4d6f-b4fa-cc87e9e9f573,1080p_60hz_q_31,Dinner@display=center_crop_1080p
1080p_60hz_q_25,1080p_60hz_q_31,facfb033-277b-427a-9169-4b9a020a2469,1080p_60hz_q_25,Dinner@display=center_crop_1080p
1080p_60hz_q_27,1080p_60hz_q_27,0d143a52-e18f-4432-adb5-2345850fb6c8,1080p_60hz_q_37,Ready@display=center_crop_1080p
1080p_60hz_q_27,1080p_60hz_q_27,aaf93665-e2a2-453b-9ecf-937b0d3a5597,1080p_60hz_q_37,Ready@display=center_crop_1080p
1080p_60hz_q_27,1080p_60hz_q_37,1f673a0c-db45-4f78-9d42-cde1779d5d4e,1080p_60hz_q_27,Ready@display=center_crop_1080p
1080p_60hz_q_27,1080p_60hz_q_27,285deb4d-638a-4cee-8ceb-cf512c184de5,1080p_60hz_q_37,Ready@display=center_crop_1080p
1080p_60hz_q_27,1080p_60hz_q_27,2ed884e7-7f71-4a59-88ae-63e2f27f6fef,1080p_60hz_q_37,Ready@display=center_crop_1080p
1080p_60hz_q_27,1080p_60hz_q_37,b534d02f-8944-4adf-bd53-e57ce627a786,1080p_60hz_q_27,Ready@display=center_crop_1080p
1080p_60hz_q_27,1080p_60hz_q_37,c4a0e1ad-7984-40d7-8f68-73a82a2a463f,1080p_60hz_q_27,Ready@display=center_crop_1080p
1080p_60hz_q_27,1080p_60hz_q_27,ff018c0f-acf7-4bf8-ae51-2c1e2f9d4ce1,1080p_60hz_q_37,Ready@display=center_crop_1080p
1080p_60hz_q_27,1080p_60hz_q_27,d4caa0db-8bd4-47cc-ad0e-f10ed19d1038,1080p_60hz_q_37,Ready@display=center_crop_1080p
1080p_60hz_q_27,1080p_60hz_q_37,e4791982-1c0b-4b9d-96dd-f685a61a40b7,1080p_60hz_q_27,Ready@display=center_crop_1080p
1080p_60hz_q_33,1080p_60hz_q_37,b5797c5f-6b3b-4b7f-9b23-5bea5b3eb229,1080p_60hz_q_33,Jockey@display=center_crop_1080p
1080p_60hz_q_33,1080p_60hz_q_37,33d6bc20-c2de-4c46-a451-3681be8dc16c,1080p_60hz_q_33,Jockey@display=center_crop_1080p
1080p_60hz_q_33,1080p_60hz_q_37,67d83dd0-c702-4742-bc13-028ca244d5fb,1080p_60hz_q_33,Jockey@display=center_crop_1080p
1080p_60hz_q_33,1080p_60hz_q_37,0d143a52-e18f-4432-adb5-2345850fb6c8,1080p_60hz_q_33,Jockey@display=center_crop_1080p
,1080p_60hz_q_37,2a94520b-37d9-4eeb-a589-017195b541e3,1080p_60hz_q_33,Jockey@display=center_crop_1080p
1080p_60hz_q_33,1080p_60hz_q_37,b071fb5e-233d-4a69-873f-08407b51b05c,1080p_60hz_q_33,Jockey@display=center_crop_1080p
,1080p_60hz_q_33,c1f77f70-98ba-4d35-8fe5-5925140673e2,1080p_60hz_q_37,Jockey@display=center_crop_1080p
1080p_60hz_q_33,1080p_60hz_q_37,b15043b9-76db-434f-a66f-5267875bfa9d,1080p_60hz_q_33,Jockey@display=center_crop_1080p
1080p_60hz_q_33,1080p_60hz_q_33,a593750d-9e2c-4127-906a-9c623c034081,1080p_60hz_q_37,Jockey@display=center_crop_1080p
1080p_60hz_q_33,1080p_60hz_q_37,e0a72c3a-15b0-43a1-9aa0-00e27e8bcc4f,1080p_60hz_q_33,Jockey@display=center_crop_1080p
1080p_60hz_q_27,1080p_60hz_q_27,0d143a52-e18f-4432-adb5-2345850fb6c8,2160p_60hz_q_33,Narrator@display=center_crop_1080p
,1080p_60hz_q_27,8f93cd33-b4c5-4e6c-9337-89d455cb7fbe,2160p_60hz_q_33,Narrator@display=center_crop_1080p
1080p_60hz_q_27,2160p_60hz_q_33,c1f77f70-98ba-4d35-8fe5-5925140673e2,1080p_60hz_q_27,Narrator@display=center_crop_1080p
2160p_60hz_q_33,1080p_60hz_q_27,9d57cbc2-ab27-45bd-a59c-6bf0db043d78,2160p_60hz_q_33,Narrator@display=center_crop_1080p
,1080p_60hz_q_27,c422e83a-4ae2-46de-a97a-8bb99b9b6408,2160p_60hz_q_33,Narrator@display=center_crop_1080p
2160p_60hz_q_33,2160p_60hz_q_33,b8264831-a348-4b5b-bd9d-32b0d6d71474,1080p_60hz_q_27,Narrator@display=center_crop_1080p
,1080p_60hz_q_27,1fe98c14-e7fb-4352-b0be-e531236faf61,2160p_60hz_q_33,Narrator@display=center_crop_1080p
2160p_60hz_q_33,2160p_60hz_q_33,45d734a8-ca71-42f6-abde-ef570e3b4cf1,1080p_60hz_q_27,Narrator@display=center_crop_1080p
1080p_60hz_q_27,1080p_60hz_q_27,d467718b-5841-4c1b-b448-1ff4876f3fb8,2160p_60hz_q_33,Narrator@display=center_crop_1080p
2160p_60hz_q_33,1080p_60hz_q_27,d467718b-5841-4c1b-b448-1ff4876f3fb8,2160p_60hz_q_33,Narrator@display=center_crop_1080p
1080p_60hz_q_37,2160p_60hz_q_51,11632a76-065c-4306-b916-5d8f46563df9,1080p_60hz_q_37,Football@display=center_crop_1080p
1080p_60hz_q_37,1080p_60hz_q_37,1870054d-e579-4520-9f6a-4f32b8fedd4b,2160p_60hz_q_51,Football@display=center_crop_1080p
1080p_60hz_q_37,2160p_60hz_q_51,fc66e681-3ee1-4f30-9e0a-390ec97223e9,1080p_60hz_q_37,Football@display=center_crop_1080p
1080p_60hz_q_37,1080p_60hz_q_37,3243b530-39c0-4181-88c4-d1402733f44f,2160p_60hz_q_51,Football@display=center_crop_1080p
1080p_60hz_q_37,1080p_60hz_q_37,8a4b3ba0-ce40-46d3-b44a-431055c4d035,2160p_60hz_q_51,Football@display=center_crop_1080p
1080p_60hz_q_37,2160p_60hz_q_51,920ae656-f821-4eb5-a087-1c0799062c8b,1080p_60hz_q_37,Football@display=center_crop_1080p
1080p_60hz_q_37,2160p_60hz_q_51,e2c15f73-409b-4bf1-bdb6-d0391da62807,1080p_60hz_q_37,Football@display=center_crop_1080p
1080p_60hz_q_37,1080p_60hz_q_37,2ef2ced7-e0c0-4f17-8842-daab631cff22,2160p_60hz_q_51,Football@display=center_crop_1080p
1080p_60hz_q_37,1080p_60hz_q_37,56fb1617-07cb-4404-8798-8e34d0947e88,2160p_60hz_q_51,Football@display=center_crop_1080p
1080p_60hz_q_37,1080p_60hz_q_37,d467718b-5841-4c1b-b448-1ff4876f3fb8,2160p_60hz_q_51,Football@display=center_crop_1080p
1080p_60hz_q_25,1080p_60hz_q_25,14da32d8-0023-44b9-bb95-51f1fad516e6,2160p_60hz_q_47,Jockey@display=center_crop_1080p
1080p_60hz_q_25,2160p_60hz_q_47,532f40a1-621c-494b-8e10-a8cb0668755d,1080p_60hz_q_25,Jockey@display=center_crop_1080p
1080p_60hz_q_25,2160p_60hz_q_47,a19a106e-8382-4006-944c-61b928f95814,1080p_60hz_q_25,Jockey@display=center_crop_1080p
1080p_60hz_q_25,2160p_60hz_q_47,285deb4d-638a-4cee-8ceb-cf512c184de5,1080p_60hz_q_25,Jockey@display=center_crop_1080p
1080p_60hz_q_25,1080p_60hz_q_25,18b65afe-0318-4e2f-b48f-d243fa07b40c,2160p_60hz_q_47,Jockey@display=center_crop_1080p
1080p_60hz_q_25,1080p_60hz_q_25,bb0de866-f477-4617-92a3-a805e8a1d219,2160p_60hz_q_47,Jockey@display=center_crop_1080p
1080p_60hz_q_25,1080p_60hz_q_25,8ffca7ad-9706-402d-a7d2-3b9c879a3bd5,2160p_60hz_q_47,Jockey@display=center_crop_1080p
1080p_60hz_q_25,2160p_60hz_q_47,6005423d-55ca-4137-8021-d3db601da77e,1080p_60hz_q_25,Jockey@display=center_crop_1080p
1080p_60hz_q_25,1080p_60hz_q_25,89a1c554-1ca4-4287-a0c9-314fe9b8197e,2160p_60hz_q_47,Jockey@display=center_crop_1080p
1080p_60hz_q_25,1080p_60hz_q_25,9c50fe25-8597-4a22-aae5-af43989f9d5f,2160p_60hz_q_47,Jockey@display=center_crop_1080p
1080p_60hz_q_31,1080p_60hz_q_31,11632a76-065c-4306-b916-5d8f46563df9,2160p_60hz_q_39,HoneyBee@display=center_crop_1080p
,1080p_60hz_q_31,9f51abaa-a048-44d8-ae58-d57bbdc1ef25,2160p_60hz_q_39,HoneyBee@display=center_crop_1080p
1080p_60hz_q_31,1080p_60hz_q_31,0e46f967-6968-4dbb-8903-a997c011029d,2160p_60hz_q_39,HoneyBee@display=center_crop_1080p
1080p_60hz_q_31,2160p_60hz_q_39,1a4f9bd0-1ff2-4da0-96f3-91c32fa4eda4,1080p_60hz_q_31,HoneyBee@display=center_crop_1080p
1080p_60hz_q_31,1080p_60hz_q_31,defc3237-931e-4a71-bf18-59d6d7c99b4c,2160p_60hz_q_39,HoneyBee@display=center_crop_1080p
1080p_60hz_q_31,2160p_60hz_q_39,110d7871-1915-4303-887e-891fb24433ca,1080p_60hz_q_31,HoneyBee@display=center_crop_1080p
,2160p_60hz_q_39,e2c15f73-409b-4bf1-bdb6-d0391da62807,1080p_60hz_q_31,HoneyBee@display=center_crop_1080p
1080p_60hz_q_31,1080p_60hz_q_31,fe9ba464-25aa-4a37-8a07-769dc55e4626,2160p_60hz_q_39,HoneyBee@display=center_crop_1080p
2160p_60hz_q_39,1080p_60hz_q_31,37fe0e5a-6482-4791-a6ee-6d277ad53a8e,2160p_60hz_q_39,HoneyBee@display=center_crop_1080p
1080p_60hz_q_31,1080p_60hz_q_31,c9a88139-93f8-452e-8765-de0fd53867df,2160p_60hz_q_39,HoneyBee@display=center_crop_1080p
1080p_60hz_q_27,1080p_60hz_q_27,f1142396-4ec7-4601-b113-7f53e64f27d0,2160p_60hz_q_45,HoneyBee@display=center_crop_1080p
1080p_60hz_q_27,2160p_60hz_q_45,9c50fe25-8597-4a22-aae5-af43989f9d5f,1080p_60hz_q_27,HoneyBee@display=center_crop_1080p
1080p_60hz_q_27,2160p_60hz_q_45,e8103e3b-0bfe-47b6-b4ec-9aefdfb262aa,1080p_60hz_q_27,HoneyBee@display=center_crop_1080p
1080p_60hz_q_27,1080p_60hz_q_27,757d41cf-5808-4373-a3b1-f7dd94f2ac11,2160p_60hz_q_45,HoneyBee@display=center_crop_1080p
1080p_60hz_q_27,1080p_60hz_q_27,6365d9f1-fe2e-49a7-81fa-419e09ce4970,2160p_60hz_q_45,HoneyBee@display=center_crop_1080p
1080p_60hz_q_27,2160p_60hz_q_45,d42a6af2-2b3b-4c79-9e96-57767a5c5065,1080p_60hz_q_27,HoneyBee@display=center_crop_1080p
1080p_60hz_q_27,1080p_60hz_q_27,1a451c03-6caa-4ba8-8207-bfdff094790a,2160p_60hz_q_45,HoneyBee@display=center_crop_1080p
1080p_60hz_q_27,2160p_60hz_q_45,3e499d20-74be-44a1-956e-8b361c3a75b1,1080p_60hz_q_27,HoneyBee@display=center_crop_1080p
1080p_60hz_q_27,1080p_60hz_q_27,fbfd61f4-6813-4623-98f8-85664b3910ae,2160p_60hz_q_45,HoneyBee@display=center_crop_1080p
1080p_60hz_q_27,2160p_60hz_q_45,109eb910-4896-4ae9-8621-2db0f75f6dc4,1080p_60hz_q_27,HoneyBee@display=center_crop_1080p
1080p_60hz_q_33,2160p_60hz_q_47,e8103e3b-0bfe-47b6-b4ec-9aefdfb262aa,1080p_60hz_q_33,Jockey@display=center_crop_1080p
1080p_60hz_q_33,1080p_60hz_q_33,d4f74e62-520b-489d-af5c-051c4d744c55,2160p_60hz_q_47,Jockey@display=center_crop_1080p
1080p_60hz_q_33,2160p_60hz_q_47,cb7ef030-32e8-43e5-ab92-83ef3ebe1440,1080p_60hz_q_33,Jockey@display=center_crop_1080p
1080p_60hz_q_33,1080p_60hz_q_33,f304bc2a-d059-481e-9268-2dc6d5c0ee8f,2160p_60hz_q_47,Jockey@display=center_crop_1080p
2160p_60hz_q_47,1080p_60hz_q_33,d88c101b-11c9-4e8d-9dae-f4e5b67933d1,2160p_60hz_q_47,Jockey@display=center_crop_1080p
1080p_60hz_q_33,2160p_60hz_q_47,defc3237-931e-4a71-bf18-59d6d7c99b4c,1080p_60hz_q_33,Jockey@display=center_crop_1080p
1080p_60hz_q_33,2160p_60hz_q_47,b534d02f-8944-4adf-bd53-e57ce627a786,1080p_60hz_q_33,Jockey@display=center_crop_1080p
1080p_60hz_q_33,2160p_60hz_q_47,e53d4eea-976a-4b76-925c-8f49229e1c77,1080p_60hz_q_33,Jockey@display=center_crop_1080p
2160p_60hz_q_47,2160p_60hz_q_47,f1142396-4ec7-4601-b113-7f53e64f27d0,1080p_60hz_q_33,Jockey@display=center_crop_1080p
1080p_60hz_q_33,2160p_60hz_q_47,d42a6af2-2b3b-4c79-9e96-57767a5c5065,1080p_60hz_q_33,Jockey@display=center_crop_1080p
2160p_60hz_q_33,2160p_60hz_q_39,f1142396-4ec7-4601-b113-7f53e64f27d0,2160p_60hz_q_33,Dancers@display=center_crop_1080p
,2160p_60hz_q_39,8503e28a-947a-459c-a673-7beb97834ba5,2160p_60hz_q_33,Dancers@display=center_crop_1080p
2160p_60hz_q_33,2160p_60hz_q_33,412dd5fb-427b-426d-9284-e8f9331100cb,2160p_60hz_q_39,Dancers@display=center_crop_1080p
2160p_60hz_q_33,2160p_60hz_q_39,04d3a74c-6229-4c46-b5ac-f17b5929936d,2160p_60hz_q_33,Dancers@display=center_crop_1080p
2160p_60hz_q_33,2160p_60hz_q_33,07bb6da7-3bb5-4713-94b5-3cc6da69b587,2160p_60hz_q_39,Dancers@display=center_crop_1080p
2160p_60hz_q_33,2160p_60hz_q_33,2ea19ebb-5fdf-47c4-aa24-d9d7355fda95,2160p_60hz_q_39,Dancers@display=center_crop_1080p
2160p_60hz_q_33,2160p_60hz_q_39,98c79528-25d0-4621-8eb2-562c49004f90,2160p_60hz_q_33,Dancers@display=center_crop_1080p
2160p_60hz_q_39,2160p_60hz_q_39,b8c183cb-0aaa-46a7-ab53-51da89921b40,2160p_60hz_q_33,Dancers@display=center_crop_1080p
2160p_60hz_q_33,2160p_60hz_q_39,db96f8b8-515c-4db2-a50b-980516bf9af5,2160p_60hz_q_33,Dancers@display=center_crop_1080p
2160p_60hz_q_33,2160p_60hz_q_39,53fda506-b1fc-4245-860a-07ad40e5b65d,2160p_60hz_q_33,Dancers@display=center_crop_1080p
1080p_60hz_q_31,1080p_60hz_q_31,f1142396-4ec7-4601-b113-7f53e64f27d0,1080p_60hz_q_41,Ritual@display=center_crop_1080p
1080p_60hz_q_31,1080p_60hz_q_41,9c50fe25-8597-4a22-aae5-af43989f9d5f,1080p_60hz_q_31,Ritual@display=center_crop_1080p
1080p_60hz_q_31,1080p_60hz_q_31,3b093b24-8dee-407c-adc3-23e77227e35b,1080p_60hz_q_41,Ritual@display=center_crop_1080p
1080p_60hz_q_31,1080p_60hz_q_41,26bdef07-111d-4497-95d2-1c34e0c6879f,1080p_60hz_q_31,Ritual@display=center_crop_1080p
1080p_60hz_q_31,1080p_60hz_q_41,d2f8b16b-4b0b-4f2d-abf6-678cad1848f7,1080p_60hz_q_31,Ritual@display=center_crop_1080p
1080p_60hz_q_31,1080p_60hz_q_41,984e388d-b130-4495-9352-11919b42ab34,1080p_60hz_q_31,Ritual@display=center_crop_1080p
1080p_60hz_q_31,1080p_60hz_q_41,b534d02f-8944-4adf-bd53-e57ce627a786,1080p_60hz_q_31,Ritual@display=center_crop_1080p
1080p_60hz_q_31,1080p_60hz_q_31,7e0438d1-a48a-4e60-9234-b320965d86aa,1080p_60hz_q_41,Ritual@display=center_crop_1080p
1080p_60hz_q_31,1080p_60hz_q_31,a21ffff2-ba97-464c-a146-c7f86c53705a,1080p_60hz_q_41,Ritual@display=center_crop_1080p
1080p_60hz_q_31,1080p_60hz_q_31,46c72348-a4f5-45a1-aca1-ed0547c43708,1080p_60hz_q_41,Ritual@display=center_crop_1080p
2160p_60hz_q_41,1080p_60hz_q_35,9c50fe25-8597-4a22-aae5-af43989f9d5f,2160p_60hz_q_41,Yacht@display=center_crop_1080p
1080p_60hz_q_35,2160p_60hz_q_41,b080efca-4a2b-456b-8b97-fa7150fa2f8d,1080p_60hz_q_35,Yacht@display=center_crop_1080p
1080p_60hz_q_35,2160p_60hz_q_41,f1142396-4ec7-4601-b113-7f53e64f27d0,1080p_60hz_q_35,Yacht@display=center_crop_1080p
,1080p_60hz_q_35,809c6f38-8134-47bd-8f9b-e5110f957391,2160p_60hz_q_41,Yacht@display=center_crop_1080p
1080p_60hz_q_35,1080p_60hz_q_35,d4f74e62-520b-489d-af5c-051c4d744c55,2160p_60hz_q_41,Yacht@display=center_crop_1080p
1080p_60hz_q_35,1080p_60hz_q_35,c42c6f3e-4b34-4438-9461-dfc16820e17b,2160p_60hz_q_41,Yacht@display=center_crop_1080p
,1080p_60hz_q_35,cf2843f8-d897-4e6f-892f-3e8e414080c4,2160p_60hz_q_41,Yacht@display=center_crop_1080p
1080p_60hz_q_35,1080p_60hz_q_35,b3bea668-0154-47a7-958c-45380c2c7da0,2160p_60hz_q_41,Yacht@display=center_crop_1080p
,2160p_60hz_q_41,8a4b3ba0-ce40-46d3-b44a-431055c4d035,1080p_60hz_q_35,Yacht@display=center_crop_1080p
1080p_60hz_q_35,1080p_60hz_q_35,d2f8b16b-4b0b-4f2d-abf6-678cad1848f7,2160p_60hz_q_41,Yacht@display=center_crop_1080p
2160p_60hz_q_25,2160p_60hz_q_25,14da32d8-0023-44b9-bb95-51f1fad516e6,2160p_60hz_q_51,Narrator@display=center_crop_1080p
2160p_60hz_q_25,2160p_60hz_q_51,7142d9c5-0e87-4291-b0c4-fe9768c9bb62,2160p_60hz_q_25,Narrator@display=center_crop_1080p
2160p_60hz_q_25,2160p_60hz_q_51,fe6b749e-2b37-43ce-8ec0-132a654149bf,2160p_60hz_q_25,Narrator@display=center_crop_1080p
2160p_60hz_q_25,2160p_60hz_q_25,757d41cf-5808-4373-a3b1-f7dd94f2ac11,2160p_60hz_q_51,Narrator@display=center_crop_1080p
2160p_60hz_q_25,2160p_60hz_q_25,654273d8-39da-4132-b299-f4c320d54d3b,2160p_60hz_q_51,Narrator@display=center_crop_1080p
2160p_60hz_q_25,2160p_60hz_q_25,1a451c03-6caa-4ba8-8207-bfdff094790a,2160p_60hz_q_51,Narrator@display=center_crop_1080p
2160p_60hz_q_25,2160p_60hz_q_51,0ea37ed8-df3d-4bd2-9c04-dc44aa006a9e,2160p_60hz_q_25,Narrator@display=center_crop_1080p
2160p_60hz_q_25,2160p_60hz_q_25,2e18b0d1-37c9-4503-a092-99a9ed14251c,2160p_60hz_q_51,Narrator@display=center_crop_1080p
2160p_60hz_q_25,2160p_60hz_q_25,78ad0f22-b5f9-431c-9cf3-561ec8ee9182,2160p_60hz_q_51,Narrator@display=center_crop_1080p
2160p_60hz_q_25,2160p_60hz_q_51,55916d21-4d60-41a9-bbdc-4b5273f1c0a1,2160p_60hz_q_25,Narrator@display=center_crop_1080p
1080p_60hz_q_37,1080p_60hz_q_37,14da32d8-0023-44b9-bb95-51f1fad516e6,2160p_60hz_q_35,Monkeys@display=center_crop_1080p
2160p_60hz_q_35,2160p_60hz_q_35,f304bc2a-d059-481e-9268-2dc6d5c0ee8f,1080p_60hz_q_37,Monkeys@display=center_crop_1080p
2160p_60hz_q_35,2160p_60hz_q_35,0c1c7340-3f94-4985-af41-6c3ee4c993c8,1080p_60hz_q_37,Monkeys@display=center_crop_1080p
2160p_60hz_q_35,1080p_60hz_q_37,19b86171-b4f8-49bf-a0e9-17e0ba50a844,2160p_60hz_q_35,Monkeys@display=center_crop_1080p
2160p_60hz_q_35,1080p_60hz_q_37,2ea19ebb-5fdf-47c4-aa24-d9d7355fda95,2160p_60hz_q_35,Monkeys@display=center_crop_1080p
2160p_60hz_q_35,2160p_60hz_q_35,1879c35a-85bd-4033-aa8d-f1c79ce51a7f,1080p_60hz_q_37,Monkeys@display=center_crop_1080p
1080p_60hz_q_37,1080p_60hz_q_37,e972bffc-ae23-4562-ac73-419f130e0062,2160p_60hz_q_35,Monkeys@display=center_crop_1080p
2160p_60hz_q_35,1080p_60hz_q_37,c42c6f3e-4b34-4438-9461-dfc16820e17b,2160p_60hz_q_35,Monkeys@display=center_crop_1080p
2160p_60hz_q_35,1080p_60hz_q_37,fbfd61f4-6813-4623-98f8-85664b3910ae,2160p_60hz_q_35,Monkeys@display=center_crop_1080p
2160p_60hz_q_35,2160p_60hz_q_35,26c9aed6-c72c-40ff-adda-e31709393d7e,1080p_60hz_q_37,Monkeys@display=center_crop_1080p
2160p_60hz_q_29,2160p_60hz_q_29,f8a8894e-7e85-4d2a-8eb5-ed2fc77bcff4,1080p_60hz_q_23,HoneyBee@display=center_crop_1080p
,1080p_60hz_q_23,12af518c-7153-4f07-a556-0ee231ba34ae,2160p_60hz_q_29,HoneyBee@display=center_crop_1080p
,2160p_60hz_q_29,bcda90fb-3e20-4af9-be88-74ad79194ab6,1080p_60hz_q_23,HoneyBee@display=center_crop_1080p
,1080p_60hz_q_23,fcf36c35-1d49-4f05-a0d2-3f573be84282,2160p_60hz_q_29,HoneyBee@display=center_crop_1080p
1080p_60hz_q_23,1080p_60hz_q_23,7b6a30c6-4b19-47c7-bc99-5dd895ce82d3,2160p_60hz_q_29,HoneyBee@display=center_crop_1080p
,2160p_60hz_q_29,3f875a9c-3a5b-49b9-8c04-e56a4bb7d9ec,1080p_60hz_q_23,HoneyBee@display=center_crop_1080p
1080p_60hz_q_23,1080p_60hz_q_23,23fa0894-e067-4bdf-98ff-55ade0a43235,2160p_60hz_q_29,HoneyBee@display=center_crop_1080p
,2160p_60hz_q_29,a19a106e-8382-4006-944c-61b928f95814,1080p_60hz_q_23,HoneyBee@display=center_crop_1080p
,2160p_60hz_q_29,baff962a-861f-470e-b1f5-deb3cc28475d,1080p_60hz_q_23,HoneyBee@display=center_crop_1080p
2160p_60hz_q_29,1080p_60hz_q_23,14da32d8-0023-44b9-bb95-51f1fad516e6,2160p_60hz_q_29,HoneyBee@display=center_crop_1080p
1080p_60hz_q_39,1080p_60hz_q_39,fcf36c35-1d49-4f05-a0d2-3f573be84282,2160p_60hz_q_39,Beauty@display=center_crop_1080p
2160p_60hz_q_39,1080p_60hz_q_39,631d5c27-ad66-408c-b36e-9da595aaa740,2160p_60hz_q_39,Beauty@display=center_crop_1080p
2160p_60hz_q_39,2160p_60hz_q_39,d42a6af2-2b3b-4c79-9e96-57767a5c5065,1080p_60hz_q_39,Beauty@display=center_crop_1080p
2160p_60hz_q_39,2160p_60hz_q_39,d739b99a-9798-42ec-b4f4-3db5001692c4,1080p_60hz_q_39,Beauty@display=center_crop_1080p
2160p_60hz_q_39,2160p_60hz_q_39,6005423d-55ca-4137-8021-d3db601da77e,1080p_60hz_q_39,Beauty@display=center_crop_1080p
2160p_60hz_q_39,2160p_60hz_q_39,0342ff17-6f9e-48d6-8a90-91636dce509f,1080p_60hz_q_39,Beauty@display=center_crop_1080p
2160p_60hz_q_39,2160p_60hz_q_39,6365d9f1-fe2e-49a7-81fa-419e09ce4970,1080p_60hz_q_39,Beauty@display=center_crop_1080p
2160p_60hz_q_39,1080p_60hz_q_39,07bb6da7-3bb5-4713-94b5-3cc6da69b587,2160p_60hz_q_39,Beauty@display=center_crop_1080p
2160p_60hz_q_39,2160p_60hz_q_39,5fdf86ad-9d4e-4634-a044-29b78873c1a5,1080p_60hz_q_39,Beauty@display=center_crop_1080p
2160p_60hz_q_39,2160p_60hz_q_39,14da32d8-0023-44b9-bb95-51f1fad516e6,1080p_60hz_q_39,Beauty@display=center_crop_1080p
2160p_60hz_q_25,2160p_60hz_q_25,14da32d8-0023-44b9-bb95-51f1fad516e6,1080p_60hz_q_31,Dinner@display=center_crop_1080p
2160p_60hz_q_25,1080p_60hz_q_31,765454bf-56a0-46e6-8d8c-bc870137fb21,2160p_60hz_q_25,Dinner@display=center_crop_1080p
2160p_60hz_q_25,1080p_60hz_q_31,eb8aa815-a946-4f28-b470-3f1c9fdf4788,2160p_60hz_q_25,Dinner@display=center_crop_1080p
2160p_60hz_q_25,2160p_60hz_q_25,3f875a9c-3a5b-49b9-8c04-e56a4bb7d9ec,1080p_60hz_q_31,Dinner@display=center_crop_1080p
1080p_60hz_q_31,2160p_60hz_q_25,defc3237-931e-4a71-bf18-59d6d7c99b4c,1080p_60hz_q_31,Dinner@display=center_crop_1080p
2160p_60hz_q_25,1080p_60hz_q_31,eab9779d-4083-4225-8473-fc8798ebb47e,2160p_60hz_q_25,Dinner@display=center_crop_1080p
2160p_60hz_q_25,1080p_60hz_q_31,12ef4ddb-107d-42b2-bfa0-b59fa554e40a,2160p_60hz_q_25,Dinner@display=center_crop_1080p
2160p_60hz_q_25,2160p_60hz_q_25,26c9aed6-c72c-40ff-adda-e31709393d7e,1080p_60hz_q_31,Dinner@display=center_crop_1080p
2160p_60hz_q_25,1080p_60hz_q_31,fee7ebd1-9cce-414e-afba-84587a9f5557,2160p_60hz_q_25,Dinner@display=center_crop_1080p
2160p_60hz_q_25,1080p_60hz_q_31,ee00aeb2-a1df-4d5c-bf9c-9699648637aa,2160p_60hz_q_25,Dinner@display=center_crop_1080p
1080p_60hz_q_33,1080p_60hz_q_33,0b71c40e-fc37-4899-a022-675ff7351368,1080p_60hz_q_37,Ready@display=center_crop_1080p
1080p_60hz_q_33,1080p_60hz_q_37,1870054d-e579-4520-9f6a-4f32b8fedd4b,1080p_60hz_q_33,Ready@display=center_crop_1080p
1080p_60hz_q_37,1080p_60hz_q_37,68139fa1-4fca-4ef0-8a0d-5b7972e73b76,1080p_60hz_q_33,Ready@display=center_crop_1080p
1080p_60hz_q_33,1080p_60hz_q_37,3983543e-c80b-40e4-bd96-0bc96de4c562,1080p_60hz_q_33,Ready@display=center_crop_1080p
1080p_60hz_q_33,1080p_60hz_q_37,d2f8b16b-4b0b-4f2d-abf6-678cad1848f7,1080p_60hz_q_33,Ready@display=center_crop_1080p
,1080p_60hz_q_33,6365d9f1-fe2e-49a7-81fa-419e09ce4970,1080p_60hz_q_37,Ready@display=center_crop_1080p
1080p_60hz_q_33,1080p_60hz_q_37,f8a8894e-7e85-4d2a-8eb5-ed2fc77bcff4,1080p_60hz_q_33,Ready@display=center_crop_1080p
1080p_60hz_q_33,1080p_60hz_q_37,3e499d20-74be-44a1-956e-8b361c3a75b1,1080p_60hz_q_33,Ready@display=center_crop_1080p
1080p_60hz_q_33,1080p_60hz_q_37,7bbe860b-aaf5-41f4-afb2-851886818fc7,1080p_60hz_q_33,Ready@display=center_crop_1080p
1080p_60hz_q_33,1080p_60hz_q_33,8af7b70c-7bcb-4870-a401-358e2ab39eab,1080p_60hz_q_37,Ready@display=center_crop_1080p
2160p_60hz_q_27,2160p_60hz_q_41,0b71c40e-fc37-4899-a022-675ff7351368,2160p_60hz_q_27,Monkeys@display=center_crop_1080p
2160p_60hz_q_27,2160p_60hz_q_27,cd044f9e-7cb5-48e5-a688-e76fa4ed8517,2160p_60hz_q_41,Monkeys@display=center_crop_1080p
2160p_60hz_q_27,2160p_60hz_q_27,0c55ce65-4725-4776-9e80-68de0d55c818,2160p_60hz_q_41,Monkeys@display=center_crop_1080p
2160p_60hz_q_27,2160p_60hz_q_41,e53d4eea-976a-4b76-925c-8f49229e1c77,2160p_60hz_q_27,Monkeys@display=center_crop_1080p
2160p_60hz_q_27,2160p_60hz_q_27,68a8fa22-cb96-4da4-aad4-b06206826925,2160p_60hz_q_41,Monkeys@display=center_crop_1080p
2160p_60hz_q_27,2160p_60hz_q_41,7964e590-7127-4f9b-96c6-f13637d38713,2160p_60hz_q_27,Monkeys@display=center_crop_1080p
2160p_60hz_q_27,2160p_60hz_q_41,d739b99a-9798-42ec-b4f4-3db5001692c4,2160p_60hz_q_27,Monkeys@display=center_crop_1080p
2160p_60hz_q_27,2160p_60hz_q_41,32f8d619-a479-42d1-b457-f76b8f164236,2160p_60hz_q_27,Monkeys@display=center_crop_1080p
2160p_60hz_q_27,2160p_60hz_q_41,bc64594f-68af-4afd-a02d-423ac80ebb4e,2160p_60hz_q_27,Monkeys@display=center_crop_1080p
2160p_60hz_q_27,2160p_60hz_q_27,088777a9-db1c-4683-9812-ce100f1b95df,2160p_60hz_q_41,Monkeys@display=center_crop_1080p
1080p_60hz_q_33,1080p_60hz_q_33,0b71c40e-fc37-4899-a022-675ff7351368,2160p_60hz_q_51,Toddler@display=center_crop_1080p
1080p_60hz_q_33,1080p_60hz_q_33,9c50fe25-8597-4a22-aae5-af43989f9d5f,2160p_60hz_q_51,Toddler@display=center_crop_1080p
1080p_60hz_q_33,1080p_60hz_q_33,0342ff17-6f9e-48d6-8a90-91636dce509f,2160p_60hz_q_51,Toddler@display=center_crop_1080p
1080p_60hz_q_33,2160p_60hz_q_51,1f673a0c-db45-4f78-9d42-cde1779d5d4e,1080p_60hz_q_33,Toddler@display=center_crop_1080p
1080p_60hz_q_33,2160p_60hz_q_51,c81ae704-93f9-4974-8b29-9181659b6dd4,1080p_60hz_q_33,Toddler@display=center_crop_1080p
1080p_60hz_q_33,1080p_60hz_q_33,5289ab4b-344d-487f-ac39-320de560806e,2160p_60hz_q_51,Toddler@display=center_crop_1080p
1080p_60hz_q_33,2160p_60hz_q_51,2e5b02d4-0a00-4feb-993b-d3dd3567d028,1080p_60hz_q_33,Toddler@display=center_crop_1080p
1080p_60hz_q_33,1080p_60hz_q_33,c4a0e1ad-7984-40d7-8f68-73a82a2a463f,2160p_60hz_q_51,Toddler@display=center_crop_1080p
1080p_60hz_q_33,2160p_60hz_q_51,1255512e-c359-4479-9837-296bf75c44f8,1080p_60hz_q_33,Toddler@display=center_crop_1080p
1080p_60hz_q_33,1080p_60hz_q_33,5ca47ce2-d2f1-4fa3-ad4c-eaf361944918,2160p_60hz_q_51,Toddler@display=center_crop_1080p
2160p_60hz_q_47,2160p_60hz_q_47,0b71c40e-fc37-4899-a022-675ff7351368,1080p_60hz_q_37,Toddler@display=center_crop_1080p
1080p_60hz_q_37,1080p_60hz_q_37,1e8852de-bbe6-48cd-a1a5-3159df60e41f,2160p_60hz_q_47,Toddler@display=center_crop_1080p
1080p_60hz_q_37,1080p_60hz_q_37,47b610b2-5357-4c65-8fe2-b8ccdf788bfe,2160p_60hz_q_47,Toddler@display=center_crop_1080p
1080p_60hz_q_37,2160p_60hz_q_47,e9d0b79f-5cb6-42b3-ad16-03f671a861e8,1080p_60hz_q_37,Toddler@display=center_crop_1080p
,2160p_60hz_q_47,de41656b-1f7f-453c-8775-6b21be1e124a,1080p_60hz_q_37,Toddler@display=center_crop_1080p
1080p_60hz_q_37,1080p_60hz_q_37,43b2c520-73e1-4b7a-bf5d-72f725568d35,2160p_60hz_q_47,Toddler@display=center_crop_1080p
1080p_60hz_q_37,1080p_60hz_q_37,1afd1df2-27db-4494-8663-413ad9946a0d,2160p_60hz_q_47,Toddler@display=center_crop_1080p
,2160p_60hz_q_47,68a8fa22-cb96-4da4-aad4-b06206826925,1080p_60hz_q_37,Toddler@display=center_crop_1080p
,2160p_60hz_q_47,a924191d-6339-4d6f-b4fa-cc87e9e9f573,1080p_60hz_q_37,Toddler@display=center_crop_1080p
1080p_60hz_q_37,1080p_60hz_q_37,109eb910-4896-4ae9-8621-2db0f75f6dc4,2160p_60hz_q_47,Toddler@display=center_crop_1080p
,2160p_60hz_q_33,78565309-96e1-4885-ba2e-78beaac6835d,1080p_60hz_q_29,Discuss@display=center_crop_1080p
2160p_60hz_q_33,2160p_60hz_q_33,9adcb266-908a-48bb-869c-d7ee226280f2,1080p_60hz_q_29,Discuss@display=center_crop_1080p
2160p_60hz_q_33,2160p_60hz_q_33,90799b56-50d1-41ec-8721-85ce8890bd97,1080p_60hz_q_29,Discuss@display=center_crop_1080p
2160p_60hz_q_33,1080p_60hz_q_29,b0f6f8cf-ae90-4ff2-92c6-07d321d2644b,2160p_60hz_q_33,Discuss@display=center_crop_1080p
2160p_60hz_q_33,2160p_60hz_q_33,0b71c40e-fc37-4899-a022-675ff7351368,1080p_60hz_q_29,Discuss@display=center_crop_1080p
2160p_60hz_q_33,2160p_60hz_q_33,e972bffc-ae23-4562-ac73-419f130e0062,1080p_60hz_q_29,Discuss@display=center_crop_1080p
2160p_60hz_q_33,2160p_60hz_q_33,c42c6f3e-4b34-4438-9461-dfc16820e17b,1080p_60hz_q_29,Discuss@display=center_crop_1080p
2160p_60hz_q_33,2160p_60hz_q_33,90799b56-50d1-41ec-8721-85ce8890bd97,1080p_60hz_q_29,Discuss@display=center_crop_1080p
,2160p_60hz_q_33,8be37e96-6865-4d62-8a83-00e6302e2a0c,1080p_60hz_q_29,Discuss@display=center_crop_1080p
2160p_60hz_q_33,2160p_60hz_q_33,b0f6f8cf-ae90-4ff2-92c6-07d321d2644b,1080p_60hz_q_29,Discuss@display=center_crop_1080p
1080p_60hz_q_27,2160p_60hz_q_45,0b71c40e-fc37-4899-a022-675ff7351368,1080p_60hz_q_27,Ready@display=center_crop_1080p
,1080p_60hz_q_27,0c824067-2fc7-44f5-9e62-4469ee9f28bd,2160p_60hz_q_45,Ready@display=center_crop_1080p
1080p_60hz_q_27,2160p_60hz_q_45,eb8aa815-a946-4f28-b470-3f1c9fdf4788,1080p_60hz_q_27,Ready@display=center_crop_1080p
1080p_60hz_q_27,1080p_60hz_q_27,63886b87-eff3-460e-b828-c9b1a172a21c,2160p_60hz_q_45,Ready@display=center_crop_1080p
1080p_60hz_q_27,2160p_60hz_q_45,5c9fb765-7783-4e60-af0f-aa58a44f2419,1080p_60hz_q_27,Ready@display=center_crop_1080p
1080p_60hz_q_27,2160p_60hz_q_45,30e8a8c4-2328-440a-b55d-d5378c63abce,1080p_60hz_q_27,Ready@display=center_crop_1080p
1080p_60hz_q_27,2160p_60hz_q_45,b8c183cb-0aaa-46a7-ab53-51da89921b40,1080p_60hz_q_27,Ready@display=center_crop_1080p
1080p_60hz_q_27,2160p_60hz_q_45,bf850da6-7c90-4bad-9ba2-ea60aad4339c,1080p_60hz_q_27,Ready@display=center_crop_1080p
1080p_60hz_q_27,1080p_60hz_q_27,46c72348-a4f5-45a1-aca1-ed0547c43708,2160p_60hz_q_45,Ready@display=center_crop_1080p
1080p_60hz_q_27,2160p_60hz_q_45,523ea5e5-4fd4-40e9-9c8e-8d615f1f5f82,1080p_60hz_q_27,Ready@display=center_crop_1080p
2160p_60hz_q_39,1080p_60hz_q_35,0b71c40e-fc37-4899-a022-675ff7351368,2160p_60hz_q_39,HoneyBee@display=center_crop_1080p
,1080p_60hz_q_35,b2301164-83b7-413a-84b4-18592d2bda27,2160p_60hz_q_39,HoneyBee@display=center_crop_1080p
1080p_60hz_q_35,1080p_60hz_q_35,5399cf88-3d79-48b1-8c17-3cd72da4ced8,2160p_60hz_q_39,HoneyBee@display=center_crop_1080p
,2160p_60hz_q_39,4731f594-5464-428a-8891-726dceae70cb,1080p_60hz_q_35,HoneyBee@display=center_crop_1080p
2160p_60hz_q_39,1080p_60hz_q_35,05b5a635-0c1c-40d3-a1d1-41f2cfd5eb5c,2160p_60hz_q_39,HoneyBee@display=center_crop_1080p
2160p_60hz_q_39,2160p_60hz_q_39,59afbfdf-b41c-47dc-9323-b8a435f4b924,1080p_60hz_q_35,HoneyBee@display=center_crop_1080p
2160p_60hz_q_39,1080p_60hz_q_35,c42c6f3e-4b34-4438-9461-dfc16820e17b,2160p_60hz_q_39,HoneyBee@display=center_crop_1080p
2160p_60hz_q_39,2160p_60hz_q_39,b7928616-ca9e-452f-a4c0-0f707a07341c,1080p_60hz_q_35,HoneyBee@display=center_crop_1080p
2160p_60hz_q_39,2160p_60hz_q_39,5ca47ce2-d2f1-4fa3-ad4c-eaf361944918,1080p_60hz_q_35,HoneyBee@display=center_crop_1080p
,1080p_60hz_q_35,1be4edae-5a41-4038-b893-a09775762485,2160p_60hz_q_39,HoneyBee@display=center_crop_1080p
2160p_60hz_q_45,2160p_60hz_q_45,fae05acc-8eb8-426e-94f6-a2acfd916530,2160p_60hz_q_51,Football@display=center_crop_1080p
2160p_60hz_q_45,2160p_60hz_q_51,0ffef109-60c6-4ceb-ac56-654ec208a83f,2160p_60hz_q_45,Football@display=center_crop_1080p
2160p_60hz_q_45,2160p_60hz_q_45,facfb033-277b-427a-9169-4b9a020a2469,2160p_60hz_q_51,Football@display=center_crop_1080p
2160p_60hz_q_45,2160p_60hz_q_51,0b71c40e-fc37-4899-a022-675ff7351368,2160p_60hz_q_45,Football@display=center_crop_1080p
2160p_60hz_q_45,2160p_60hz_q_45,fae05acc-8eb8-426e-94f6-a2acfd916530,2160p_60hz_q_51,Football@display=center_crop_1080p
2160p_60hz_q_45,2160p_60hz_q_45,0e46f967-6968-4dbb-8903-a997c011029d,2160p_60hz_q_51,Football@display=center_crop_1080p
2160p_60hz_q_45,2160p_60hz_q_51,1a4f9bd0-1ff2-4da0-96f3-91c32fa4eda4,2160p_60hz_q_45,Football@display=center_crop_1080p
2160p_60hz_q_45,2160p_60hz_q_45,1e8852de-bbe6-48cd-a1a5-3159df60e41f,2160p_60hz_q_51,Football@display=center_crop_1080p
2160p_60hz_q_45,2160p_60hz_q_51,984e388d-b130-4495-9352-11919b42ab34,2160p_60hz_q_45,Football@display=center_crop_1080p
2160p_60hz_q_45,2160p_60hz_q_45,fae05acc-8eb8-426e-94f6-a2acfd916530,2160p_60hz_q_51,Football@display=center_crop_1080p
2160p_60hz_q_33,2160p_60hz_q_33,0b71c40e-fc37-4899-a022-675ff7351368,1080p_60hz_q_35,Discuss@display=center_crop_1080p
2160p_60hz_q_33,2160p_60hz_q_33,fc66e681-3ee1-4f30-9e0a-390ec97223e9,1080p_60hz_q_35,Discuss@display=center_crop_1080p
2160p_60hz_q_33,2160p_60hz_q_33,33d6bc20-c2de-4c46-a451-3681be8dc16c,1080p_60hz_q_35,Discuss@display=center_crop_1080p
2160p_60hz_q_33,2160p_60hz_q_33,e588b351-3f75-4040-858b-1286d607e866,1080p_60hz_q_35,Discuss@display=center_crop_1080p
2160p_60hz_q_33,1080p_60hz_q_35,17280dc9-80f2-4649-b2ff-73bb5953c227,2160p_60hz_q_33,Discuss@display=center_crop_1080p
2160p_60hz_q_33,1080p_60hz_q_35,6365d9f1-fe2e-49a7-81fa-419e09ce4970,2160p_60hz_q_33,Discuss@display=center_crop_1080p
2160p_60hz_q_33,2160p_60hz_q_33,d88c101b-11c9-4e8d-9dae-f4e5b67933d1,1080p_60hz_q_35,Discuss@display=center_crop_1080p
2160p_60hz_q_33,1080p_60hz_q_35,088777a9-db1c-4683-9812-ce100f1b95df,2160p_60hz_q_33,Discuss@display=center_crop_1080p
2160p_60hz_q_33,2160p_60hz_q_33,e9551a3e-d41f-474d-b2d8-05231d46ff64,1080p_60hz_q_35,Discuss@display=center_crop_1080p
2160p_60hz_q_33,1080p_60hz_q_35,98c55785-858a-4f32-8749-ac355e17dc91,2160p_60hz_q_33,Discuss@display=center_crop_1080p
1080p_60hz_q_37,2160p_60hz_q_51,9c50fe25-8597-4a22-aae5-af43989f9d5f,1080p_60hz_q_37,Monkeys@display=center_crop_1080p
1080p_60hz_q_37,2160p_60hz_q_51,7fa32d26-7bca-4bd0-8d73-03341d624eca,1080p_60hz_q_37,Monkeys@display=center_crop_1080p
1080p_60hz_q_37,2160p_60hz_q_51,c81ae704-93f9-4974-8b29-9181659b6dd4,1080p_60hz_q_37,Monkeys@display=center_crop_1080p
1080p_60hz_q_37,1080p_60hz_q_37,e588b351-3f75-4040-858b-1286d607e866,2160p_60hz_q_51,Monkeys@display=center_crop_1080p
1080p_60hz_q_37,2160p_60hz_q_51,9d57cbc2-ab27-45bd-a59c-6bf0db043d78,1080p_60hz_q_37,Monkeys@display=center_crop_1080p
1080p_60hz_q_37,2160p_60hz_q_51,18b65afe-0318-4e2f-b48f-d243fa07b40c,1080p_60hz_q_37,Monkeys@display=center_crop_1080p
1080p_60hz_q_37,2160p_60hz_q_51,155e72f9-4498-4614-81f9-d887690e78ad,1080p_60hz_q_37,Monkeys@display=center_crop_1080p
1080p_60hz_q_37,2160p_60hz_q_51,edc9c4be-870a-4682-bc68-79c60e58efe1,1080p_60hz_q_37,Monkeys@display=center_crop_1080p
1080p_60hz_q_37,1080p_60hz_q_37,1d9d2224-8591-47ef-a7b7-3347f5dbf4f2,2160p_60hz_q_51,Monkeys@display=center_crop_1080p
1080p_60hz_q_37,2160p_60hz_q_51,4e09a9b9-6b2b-4400-80d9-80562371bcb7,1080p_60hz_q_37,Monkeys@display=center_crop_1080p
1080p_60hz_q_25,2160p_60hz_q_39,285deb4d-638a-4cee-8ceb-cf512c184de5,1080p_60hz_q_25,Beauty@display=center_crop_1080p
1080p_60hz_q_25,1080p_60hz_q_25,109eb910-4896-4ae9-8621-2db0f75f6dc4,2160p_60hz_q_39,Beauty@display=center_crop_1080p
1080p_60hz_q_25,1080p_60hz_q_25,e9d0b79f-5cb6-42b3-ad16-03f671a861e8,2160p_60hz_q_39,Beauty@display=center_crop_1080p
1080p_60hz_q_25,1080p_60hz_q_25,9c50fe25-8597-4a22-aae5-af43989f9d5f,2160p_60hz_q_39,Beauty@display=center_crop_1080p
1080p_60hz_q_25,2160p_60hz_q_39,1879c35a-85bd-4033-aa8d-f1c79ce51a7f,1080p_60hz_q_25,Beauty@display=center_crop_1080p
1080p_60hz_q_25,2160p_60hz_q_39,7e0438d1-a48a-4e60-9234-b320965d86aa,1080p_60hz_q_25,Beauty@display=center_crop_1080p
1080p_60hz_q_25,2160p_60hz_q_39,de41656b-1f7f-453c-8775-6b21be1e124a,1080p_60hz_q_25,Beauty@display=center_crop_1080p
1080p_60hz_q_25,1080p_60hz_q_25,2e5b02d4-0a00-4feb-993b-d3dd3567d028,2160p_60hz_q_39,Beauty@display=center_crop_1080p
1080p_60hz_q_25,1080p_60hz_q_25,da2c9fd7-50ab-458a-a922-f54ef3dbc3b2,2160p_60hz_q_39,Beauty@display=center_crop_1080p
1080p_60hz_q_25,2160p_60hz_q_39,e972bffc-ae23-4562-ac73-419f130e0062,1080p_60hz_q_25,Beauty@display=center_crop_1080p
2160p_60hz_q_39,1080p_60hz_q_41,9c50fe25-8597-4a22-aae5-af43989f9d5f,2160p_60hz_q_39,SeaRock@display=center_crop_1080p
2160p_60hz_q_39,2160p_60hz_q_39,fcf36c35-1d49-4f05-a0d2-3f573be84282,1080p_60hz_q_41,SeaRock@display=center_crop_1080p
2160p_60hz_q_39,2160p_60hz_q_39,62b97f5e-f60a-46bc-933c-799cade5e19e,1080p_60hz_q_41,SeaRock@display=center_crop_1080p
2160p_60hz_q_39,2160p_60hz_q_39,17280dc9-80f2-4649-b2ff-73bb5953c227,1080p_60hz_q_41,SeaRock@display=center_crop_1080p
2160p_60hz_q_39,2160p_60hz_q_39,7964e590-7127-4f9b-96c6-f13637d38713,1080p_60hz_q_41,SeaRock@display=center_crop_1080p
2160p_60hz_q_39,1080p_60hz_q_41,4df1c570-ef1a-4197-ab7f-78f52c6abbdd,2160p_60hz_q_39,SeaRock@display=center_crop_1080p
2160p_60hz_q_39,1080p_60hz_q_41,46c72348-a4f5-45a1-aca1-ed0547c43708,2160p_60hz_q_39,SeaRock@display=center_crop_1080p
2160p_60hz_q_39,2160p_60hz_q_39,af582b31-de6f-45b4-b3d3-ec513c6500eb,1080p_60hz_q_41,SeaRock@display=center_crop_1080p
2160p_60hz_q_39,2160p_60hz_q_39,e4791982-1c0b-4b9d-96dd-f685a61a40b7,1080p_60hz_q_41,SeaRock@display=center_crop_1080p
2160p_60hz_q_39,2160p_60hz_q_39,eb300457-ab68-4665-a62e-e63b649b3fdf,1080p_60hz_q_41,SeaRock@display=center_crop_1080p
1080p_60hz_q_25,1080p_60hz_q_25,9c50fe25-8597-4a22-aae5-af43989f9d5f,2160p_60hz_q_43,Discuss@display=center_crop_1080p
1080p_60hz_q_25,2160p_60hz_q_43,bb0de866-f477-4617-92a3-a805e8a1d219,1080p_60hz_q_25,Discuss@display=center_crop_1080p
1080p_60hz_q_25,1080p_60hz_q_25,04d3a74c-6229-4c46-b5ac-f17b5929936d,2160p_60hz_q_43,Discuss@display=center_crop_1080p
1080p_60hz_q_25,2160p_60hz_q_43,ca304a7b-b10f-4cd3-a40e-3663b1a6fc20,1080p_60hz_q_25,Discuss@display=center_crop_1080p
1080p_60hz_q_25,2160p_60hz_q_43,606c83fe-5972-4bcb-b811-f7bb443fc6fd,1080p_60hz_q_25,Discuss@display=center_crop_1080p
1080p_60hz_q_25,2160p_60hz_q_43,1879c35a-85bd-4033-aa8d-f1c79ce51a7f,1080p_60hz_q_25,Discuss@display=center_crop_1080p
1080p_60hz_q_25,1080p_60hz_q_25,27fc7da4-6d5e-44aa-892d-e16ec39089cc,2160p_60hz_q_43,Discuss@display=center_crop_1080p
1080p_60hz_q_25,1080p_60hz_q_25,5ca47ce2-d2f1-4fa3-ad4c-eaf361944918,2160p_60hz_q_43,Discuss@display=center_crop_1080p
1080p_60hz_q_25,1080p_60hz_q_25,d467718b-5841-4c1b-b448-1ff4876f3fb8,2160p_60hz_q_43,Discuss@display=center_crop_1080p
1080p_60hz_q_25,1080p_60hz_q_25,d467718b-5841-4c1b-b448-1ff4876f3fb8,2160p_60hz_q_43,Discuss@display=center_crop_1080p
1080p_60hz_q_43,2160p_60hz_q_51,9c50fe25-8597-4a22-aae5-af43989f9d5f,1080p_60hz_q_43,Football@display=center_crop_1080p
1080p_60hz_q_43,1080p_60hz_q_43,9b110929-8562-4dea-aa03-dea569d7160a,2160p_60hz_q_51,Football@display=center_crop_1080p
1080p_60hz_q_43,2160p_60hz_q_51,f33fbf32-6eda-406b-84e4-2bf22ec6cf36,1080p_60hz_q_43,Football@display=center_crop_1080p
1080p_60hz_q_43,1080p_60hz_q_43,2a94520b-37d9-4eeb-a589-017195b541e3,2160p_60hz_q_51,Football@display=center_crop_1080p
1080p_60hz_q_43,2160p_60hz_q_51,155e72f9-4498-4614-81f9-d887690e78ad,1080p_60hz_q_43,Football@display=center_crop_1080p
1080p_60hz_q_43,1080p_60hz_q_43,f16afd28-7eb2-490b-9dee-9411c451c7b6,2160p_60hz_q_51,Football@display=center_crop_1080p
,2160p_60hz_q_51,1a451c03-6caa-4ba8-8207-bfdff094790a,1080p_60hz_q_43,Football@display=center_crop_1080p
1080p_60hz_q_43,1080p_60hz_q_43,baff962a-861f-470e-b1f5-deb3cc28475d,2160p_60hz_q_51,Football@display=center_crop_1080p
1080p_60hz_q_43,1080p_60hz_q_43,98c55785-858a-4f32-8749-ac355e17dc91,2160p_60hz_q_51,Football@display=center_crop_1080p
1080p_60hz_q_43,1080p_60hz_q_43,dbc1ca9b-a7e7-40e4-a057-eecc8d4a2441,2160p_60hz_q_51,Football@display=center_crop_1080p
1080p_60hz_q_31,1080p_60hz_q_41,8d9dae56-b7ed-4a87-9560-f24092471144,1080p_60hz_q_31,Narrator@display=center_crop_1080p
1080p_60hz_q_31,1080p_60hz_q_31,b2301164-83b7-413a-84b4-18592d2bda27,1080p_60hz_q_41,Narrator@display=center_crop_1080p
1080p_60hz_q_31,1080p_60hz_q_31,4731f594-5464-428a-8891-726dceae70cb,1080p_60hz_q_41,Narrator@display=center_crop_1080p
1080p_60hz_q_31,1080p_60hz_q_41,7ac3129c-bc4a-4a32-9ca5-27a305d5c36c,1080p_60hz_q_31,Narrator@display=center_crop_1080p
1080p_60hz_q_31,1080p_60hz_q_41,b48a33a8-dd39-4714-b7bf-1a3c90661e10,1080p_60hz_q_31,Narrator@display=center_crop_1080p
1080p_60hz_q_31,1080p_60hz_q_41,7206fd08-7457-4883-830b-cca57fc03ee5,1080p_60hz_q_31,Narrator@display=center_crop_1080p
1080p_60hz_q_31,1080p_60hz_q_31,26c9aed6-c72c-40ff-adda-e31709393d7e,1080p_60hz_q_41,Narrator@display=center_crop_1080p
1080p_60hz_q_31,1080p_60hz_q_41,facfb033-277b-427a-9169-4b9a020a2469,1080p_60hz_q_31,Narrator@display=center_crop_1080p
1080p_60hz_q_31,1080p_60hz_q_41,208e7f6c-d013-4a6f-a6be-3008a0d3130b,1080p_60hz_q_31,Narrator@display=center_crop_1080p
1080p_60hz_q_31,1080p_60hz_q_31,208e7f6c-d013-4a6f-a6be-3008a0d3130b,1080p_60hz_q_41,Narrator@display=center_crop_1080p
1080p_60hz_q_31,2160p_60hz_q_41,8d9dae56-b7ed-4a87-9560-f24092471144,1080p_60hz_q_31,Tunnel@display=center_crop_1080p
2160p_60hz_q_41,2160p_60hz_q_41,26bdef07-111d-4497-95d2-1c34e0c6879f,1080p_60hz_q_31,Tunnel@display=center_crop_1080p
1080p_60hz_q_31,1080p_60hz_q_31,1a4f9bd0-1ff2-4da0-96f3-91c32fa4eda4,2160p_60hz_q_41,Tunnel@display=center_crop_1080p
1080p_60hz_q_31,1080p_60hz_q_31,984e388d-b130-4495-9352-11919b42ab34,2160p_60hz_q_41,Tunnel@display=center_crop_1080p
,2160p_60hz_q_41,6fd8c7e3-92ad-4ae9-8d4b-6c10db61c856,1080p_60hz_q_31,Tunnel@display=center_crop_1080p
1080p_60hz_q_31,1080p_60hz_q_31,edc9c4be-870a-4682-bc68-79c60e58efe1,2160p_60hz_q_41,Tunnel@display=center_crop_1080p
1080p_60hz_q_31,2160p_60hz_q_41,26c9aed6-c72c-40ff-adda-e31709393d7e,1080p_60hz_q_31,Tunnel@display=center_crop_1080p
,2160p_60hz_q_41,4e09a9b9-6b2b-4400-80d9-80562371bcb7,1080p_60hz_q_31,Tunnel@display=center_crop_1080p
,1080p_60hz_q_31,e4791982-1c0b-4b9d-96dd-f685a61a40b7,2160p_60hz_q_41,Tunnel@display=center_crop_1080p
,2160p_60hz_q_41,94d70f48-55b6-4b7a-9dae-68e34937fd1c,1080p_60hz_q_31,Tunnel@display=center_crop_1080p
1080p_60hz_q_33,2160p_60hz_q_37,5399cf88-3d79-48b1-8c17-3cd72da4ced8,1080p_60hz_q_33,Jockey@display=center_crop_1080p
2160p_60hz_q_37,1080p_60hz_q_33,765454bf-56a0-46e6-8d8c-bc870137fb21,2160p_60hz_q_37,Jockey@display=center_crop_1080p
1080p_60hz_q_33,1080p_60hz_q_33,13ef788f-6080-4128-9bcf-3f3fe1fcacc0,2160p_60hz_q_37,Jockey@display=center_crop_1080p
2160p_60hz_q_37,1080p_60hz_q_33,f33fbf32-6eda-406b-84e4-2bf22ec6cf36,2160p_60hz_q_37,Jockey@display=center_crop_1080p
1080p_60hz_q_33,1080p_60hz_q_33,2e5b02d4-0a00-4feb-993b-d3dd3567d028,2160p_60hz_q_37,Jockey@display=center_crop_1080p
1080p_60hz_q_33,2160p_60hz_q_37,9d57cbc2-ab27-45bd-a59c-6bf0db043d78,1080p_60hz_q_33,Jockey@display=center_crop_1080p
1080p_60hz_q_33,2160p_60hz_q_37,de41656b-1f7f-453c-8775-6b21be1e124a,1080p_60hz_q_33,Jockey@display=center_crop_1080p
2160p_60hz_q_37,2160p_60hz_q_37,27abb805-a7c5-4e2e-b455-f76a6a91906b,1080p_60hz_q_33,Jockey@display=center_crop_1080p
2160p_60hz_q_37,1080p_60hz_q_33,8d9dae56-b7ed-4a87-9560-f24092471144,2160p_60hz_q_37,Jockey@display=center_crop_1080p
1080p_60hz_q_33,1080p_60hz_q_33,966299a2-a7bd-4029-a06f-4054980e3c4f,2160p_60hz_q_37,Jockey@display=center_crop_1080p
1080p_60hz_q_39,1080p_60hz_q_39,8d9dae56-b7ed-4a87-9560-f24092471144,2160p_60hz_q_49,Dancers@display=center_crop_1080p
1080p_60hz_q_39,1080p_60hz_q_39,5b32a3b4-03ed-4323-90b4-de0bff193bd8,2160p_60hz_q_49,Dancers@display=center_crop_1080p
1080p_60hz_q_39,2160p_60hz_q_49,eb8aa815-a946-4f28-b470-3f1c9fdf4788,1080p_60hz_q_39,Dancers@display=center_crop_1080p
,2160p_60hz_q_49,e53d4eea-976a-4b76-925c-8f49229e1c77,1080p_60hz_q_39,Dancers@display=center_crop_1080p
1080p_60hz_q_39,1080p_60hz_q_39,6365d9f1-fe2e-49a7-81fa-419e09ce4970,2160p_60hz_q_49,Dancers@display=center_crop_1080p
1080p_60hz_q_39,2160p_60hz_q_49,68a8fa22-cb96-4da4-aad4-b06206826925,1080p_60hz_q_39,Dancers@display=center_crop_1080p
1080p_60hz_q_39,2160p_60hz_q_49,155e72f9-4498-4614-81f9-d887690e78ad,1080p_60hz_q_39,Dancers@display=center_crop_1080p
,2160p_60hz_q_49,c422e83a-4ae2-46de-a97a-8bb99b9b6408,1080p_60hz_q_39,Dancers@display=center_crop_1080p
1080p_60hz_q_39,1080p_60hz_q_39,5ca47ce2-d2f1-4fa3-ad4c-eaf361944918,2160p_60hz_q_49,Dancers@display=center_crop_1080p
1080p_60hz_q_39,2160p_60hz_q_49,951670ac-a4a0-4c5f-b3e8-f8edc637fa52,1080p_60hz_q_39,Dancers@display=center_crop_1080p
1080p_60hz_q_29,1080p_60hz_q_29,7efb5c27-cb11-4e89-a200-bfcc3f784540,2160p_60hz_q_51,Football@display=center_crop_1080p
1080p_60hz_q_29,1080p_60hz_q_29,11251697-444d-49c2-923c-4f4d98f84fd5,2160p_60hz_q_51,Football@display=center_crop_1080p
1080p_60hz_q_29,2160p_60hz_q_51,a8d3de13-9b45-4bdd-9180-13d2e3c4f1cc,1080p_60hz_q_29,Football@display=center_crop_1080p
1080p_60hz_q_29,2160p_60hz_q_51,43fdbb18-c19e-46d2-b9eb-f7a171a3585f,1080p_60hz_q_29,Football@display=center_crop_1080p
1080p_60hz_q_29,2160p_60hz_q_51,8d9dae56-b7ed-4a87-9560-f24092471144,1080p_60hz_q_29,Football@display=center_crop_1080p
1080p_60hz_q_29,2160p_60hz_q_51,a7679f9e-b2d8-41d1-90d7-6701cf76981d,1080p_60hz_q_29,Football@display=center_crop_1080p
1080p_60hz_q_29,2160p_60hz_q_51,7efb5c27-cb11-4e89-a200-bfcc3f784540,1080p_60hz_q_29,Football@display=center_crop_1080p
1080p_60hz_q_29,1080p_60hz_q_29,af582b31-de6f-45b4-b3d3-ec513c6500eb,2160p_60hz_q_51,Football@display=center_crop_1080p
1080p_60hz_q_29,1080p_60hz_q_29,d05165a1-48ac-49d0-9aad-a67277f852b8,2160p_60hz_q_51,Football@display=center_crop_1080p
1080p_60hz_q_29,2160p_60hz_q_51,e14d6669-467f-41ea-9347-18173aa10ac3,1080p_60hz_q_29,Football@display=center_crop_1080p
,1080p_60hz_q_31,8d9dae56-b7ed-4a87-9560-f24092471144,2160p_60hz_q_33,HoneyBee@display=center_crop_1080p
,2160p_60hz_q_33,9d4cc4b7-59aa-493d-844b-83e05a7ee9b6,1080p_60hz_q_31,HoneyBee@display=center_crop_1080p
,1080p_60hz_q_31,0c1c7340-3f94-4985-af41-6c3ee4c993c8,2160p_60hz_q_33,HoneyBee@display=center_crop_1080p
2160p_60hz_q_33,2160p_60hz_q_33,0c55ce65-4725-4776-9e80-68de0d55c818,1080p_60hz_q_31,HoneyBee@display=center_crop_1080p
,2160p_60hz_q_33,30e8a8c4-2328-440a-b55d-d5378c63abce,1080p_60hz_q_31,HoneyBee@display=center_crop_1080p
1080p_60hz_q_31,2160p_60hz_q_33,e972bffc-ae23-4562-ac73-419f130e0062,1080p_60hz_q_31,HoneyBee@display=center_crop_1080p
,1080p_60hz_q_31,6fd8c7e3-92ad-4ae9-8d4b-6c10db61c856,2160p_60hz_q_33,HoneyBee@display=center_crop_1080p
1080p_60hz_q_31,1080p_60hz_q_31,8874acc5-cdbe-47f2-a092-7777f2ee3594,2160p_60hz_q_33,HoneyBee@display=center_crop_1080p
,1080p_60hz_q_31,c80fb156-701f-41eb-b170-da73f11eb894,2160p_60hz_q_33,HoneyBee@display=center_crop_1080p
2160p_60hz_q_33,2160p_60hz_q_33,a5de1a7c-1a0e-4207-8292-d8ed4a2eb2e7,1080p_60hz_q_31,HoneyBee@display=center_crop_1080p
,2160p_60hz_q_31,0c1c7340-3f94-4985-af41-6c3ee4c993c8,2160p_60hz_q_35,Beauty@display=center_crop_1080p
2160p_60hz_q_31,2160p_60hz_q_31,26a7dfc8-1e68-4579-b9af-f5727b8c413b,2160p_60hz_q_35,Beauty@display=center_crop_1080p
,2160p_60hz_q_31,5ca47ce2-d2f1-4fa3-ad4c-eaf361944918,2160p_60hz_q_35,Beauty@display=center_crop_1080p
,2160p_60hz_q_31,8d9dae56-b7ed-4a87-9560-f24092471144,2160p_60hz_q_35,Beauty@display=center_crop_1080p
,2160p_60hz_q_35,68a8fa22-cb96-4da4-aad4-b06206826925,2160p_60hz_q_31,Beauty@display=center_crop_1080p
2160p_60hz_q_31,2160p_60hz_q_31,e8103e3b-0bfe-47b6-b4ec-9aefdfb262aa,2160p_60hz_q_35,Beauty@display=center_crop_1080p
2160p_60hz_q_31,2160p_60hz_q_35,50643d45-c2af-4f8c-b193-3f15787dcbd2,2160p_60hz_q_31,Beauty@display=center_crop_1080p
2160p_60hz_q_31,2160p_60hz_q_35,40acb942-4edc-4dea-a078-26987e1de4a3,2160p_60hz_q_31,Beauty@display=center_crop_1080p
2160p_60hz_q_31,2160p_60hz_q_31,5da05509-4f9f-4145-833d-f052c9a2779a,2160p_60hz_q_35,Beauty@display=center_crop_1080p
,2160p_60hz_q_35,3983543e-c80b-40e4-bd96-0bc96de4c562,2160p_60hz_q_31,Beauty@display=center_crop_1080p
1080p_60hz_q_31,1080p_60hz_q_31,fae05acc-8eb8-426e-94f6-a2acfd916530,2160p_60hz_q_37,Ritual@display=center_crop_1080p
1080p_60hz_q_31,2160p_60hz_q_37,946b7170-be46-4eb3-b754-5ee5511bc09a,1080p_60hz_q_31,Ritual@display=center_crop_1080p
2160p_60hz_q_37,1080p_60hz_q_31,5399cf88-3d79-48b1-8c17-3cd72da4ced8,2160p_60hz_q_37,Ritual@display=center_crop_1080p
2160p_60hz_q_37,1080p_60hz_q_31,110d7871-1915-4303-887e-891fb24433ca,2160p_60hz_q_37,Ritual@display=center_crop_1080p
1080p_60hz_q_31,2160p_60hz_q_37,89a1c554-1ca4-4287-a0c9-314fe9b8197e,1080p_60hz_q_31,Ritual@display=center_crop_1080p
1080p_60hz_q_31,2160p_60hz_q_37,badb4c68-c25f-4312-93cc-37b701824925,1080p_60hz_q_31,Ritual@display=center_crop_1080p
1080p_60hz_q_31,1080p_60hz_q_31,0ea37ed8-df3d-4bd2-9c04-dc44aa006a9e,2160p_60hz_q_37,Ritual@display=center_crop_1080p
,1080p_60hz_q_31,32f8d619-a479-42d1-b457-f76b8f164236,2160p_60hz_q_37,Ritual@display=center_crop_1080p
2160p_60hz_q_37,2160p_60hz_q_37,1255512e-c359-4479-9837-296bf75c44f8,1080p_60hz_q_31,Ritual@display=center_crop_1080p
1080p_60hz_q_31,2160p_60hz_q_37,951670ac-a4a0-4c5f-b3e8-f8edc637fa52,1080p_60hz_q_31,Ritual@display=center_crop_1080p
1080p_60hz_q_31,2160p_60hz_q_51,fae05acc-8eb8-426e-94f6-a2acfd916530,1080p_60hz_q_31,Tunnel@display=center_crop_1080p
1080p_60hz_q_31,2160p_60hz_q_51,a593750d-9e2c-4127-906a-9c623c034081,1080p_60hz_q_31,Tunnel@display=center_crop_1080p
,1080p_60hz_q_31,0c1c7340-3f94-4985-af41-6c3ee4c993c8,2160p_60hz_q_51,Tunnel@display=center_crop_1080p
1080p_60hz_q_31,2160p_60hz_q_51,9b110929-8562-4dea-aa03-dea569d7160a,1080p_60hz_q_31,Tunnel@display=center_crop_1080p
1080p_60hz_q_31,2160p_60hz_q_51,fe6b749e-2b37-43ce-8ec0-132a654149bf,1080p_60hz_q_31,Tunnel@display=center_crop_1080p
1080p_60hz_q_31,1080p_60hz_q_31,848417ce-54e9-4f48-a77b-40f1cc056f40,2160p_60hz_q_51,Tunnel@display=center_crop_1080p
1080p_60hz_q_31,2160p_60hz_q_51,12ef4ddb-107d-42b2-bfa0-b59fa554e40a,1080p_60hz_q_31,Tunnel@display=center_crop_1080p
1080p_60hz_q_31,1080p_60hz_q_31,951670ac-a4a0-4c5f-b3e8-f8edc637fa52,2160p_60hz_q_51,Tunnel@display=center_crop_1080p
1080p_60hz_q_31,2160p_60hz_q_51,cc653c90-c2e7-463e-83b6-1dee35da7534,1080p_60hz_q_31,Tunnel@display=center_crop_1080p
1080p_60hz_q_31,1080p_60hz_q_31,98c55785-858a-4f32-8749-ac355e17dc91,2160p_60hz_q_51,Tunnel@display=center_crop_1080p
2160p_60hz_q_35,1080p_60hz_q_27,46aabf20-8386-4462-a685-7bdf025cd375,2160p_60hz_q_35,Ready@display=center_crop_1080p
,1080p_60hz_q_27,fcf36c35-1d49-4f05-a0d2-3f573be84282,2160p_60hz_q_35,Ready@display=center_crop_1080p
,2160p_60hz_q_35,412dd5fb-427b-426d-9284-e8f9331100cb,1080p_60hz_q_27,Ready@display=center_crop_1080p
1080p_60hz_q_27,1080p_60hz_q_27,bb0de866-f477-4617-92a3-a805e8a1d219,2160p_60hz_q_35,Ready@display=center_crop_1080p
1080p_60hz_q_27,1080p_60hz_q_27,c1406dbe-085d-437e-a0f6-f8cac228648d,2160p_60hz_q_35,Ready@display=center_crop_1080p
,2160p_60hz_q_35,2e5b02d4-0a00-4feb-993b-d3dd3567d028,1080p_60hz_q_27,Ready@display=center_crop_1080p
1080p_60hz_q_27,1080p_60hz_q_27,7964e590-7127-4f9b-96c6-f13637d38713,2160p_60hz_q_35,Ready@display=center_crop_1080p
2160p_60hz_q_35,1080p_60hz_q_27,7e0438d1-a48a-4e60-9234-b320965d86aa,2160p_60hz_q_35,Ready@display=center_crop_1080p
1080p_60hz_q_27,1080p_60hz_q_27,6005423d-55ca-4137-8021-d3db601da77e,2160p_60hz_q_35,Ready@display=center_crop_1080p
2160p_60hz_q_35,1080p_60hz_q_27,e2c67206-2707-487f-9bb5-dfaf2e2922f0,2160p_60hz_q_35,Ready@display=center_crop_1080p
2160p_60hz_q_29,2160p_60hz_q_39,46aabf20-8386-4462-a685-7bdf025cd375,2160p_60hz_q_29,HoneyBee@display=center_crop_1080p
2160p_60hz_q_29,2160p_60hz_q_29,aaf93665-e2a2-453b-9ecf-937b0d3a5597,2160p_60hz_q_39,HoneyBee@display=center_crop_1080p
2160p_60hz_q_29,2160p_60hz_q_29,82a236b2-18c8-4d54-a0b5-f88094d10601,2160p_60hz_q_39,HoneyBee@display=center_crop_1080p
2160p_60hz_q_29,2160p_60hz_q_29,89a1c554-1ca4-4287-a0c9-314fe9b8197e,2160p_60hz_q_39,HoneyBee@display=center_crop_1080p
2160p_60hz_q_29,2160p_60hz_q_29,edc9c4be-870a-4682-bc68-79c60e58efe1,2160p_60hz_q_39,HoneyBee@display=center_crop_1080p
2160p_60hz_q_29,2160p_60hz_q_29,5989e0f3-b0a9-47d7-b12a-46b2ba1b1502,2160p_60hz_q_39,HoneyBee@display=center_crop_1080p
2160p_60hz_q_29,2160p_60hz_q_29,8d422037-bbe3-4258-b1ef-8f0503275f26,2160p_60hz_q_39,HoneyBee@display=center_crop_1080p
2160p_60hz_q_29,2160p_60hz_q_39,5fdf86ad-9d4e-4634-a044-29b78873c1a5,2160p_60hz_q_29,HoneyBee@display=center_crop_1080p
2160p_60hz_q_29,2160p_60hz_q_29,ac060a26-f40f-4682-ab6e-89bc9d9355fb,2160p_60hz_q_39,HoneyBee@display=center_crop_1080p
2160p_60hz_q_29,2160p_60hz_q_39,e0a72c3a-15b0-43a1-9aa0-00e27e8bcc4f,2160p_60hz_q_29,HoneyBee@display=center_crop_1080p
,1080p_60hz_q_29,bb0de866-f477-4617-92a3-a805e8a1d219,2160p_60hz_q_37,Yacht@display=center_crop_1080p
1080p_60hz_q_29,2160p_60hz_q_37,0342ff17-6f9e-48d6-8a90-91636dce509f,1080p_60hz_q_29,Yacht@display=center_crop_1080p
,2160p_60hz_q_37,7bbe860b-aaf5-41f4-afb2-851886818fc7,1080p_60hz_q_29,Yacht@display=center_crop_1080p
1080p_60hz_q_29,1080p_60hz_q_29,110d7871-1915-4303-887e-891fb24433ca,2160p_60hz_q_37,Yacht@display=center_crop_1080p
2160p_60hz_q_37,2160p_60hz_q_37,c9a88139-93f8-452e-8765-de0fd53867df,1080p_60hz_q_29,Yacht@display=center_crop_1080p
1080p_60hz_q_29,2160p_60hz_q_37,46aabf20-8386-4462-a685-7bdf025cd375,1080p_60hz_q_29,Yacht@display=center_crop_1080p
,2160p_60hz_q_37,088777a9-db1c-4683-9812-ce100f1b95df,1080p_60hz_q_29,Yacht@display=center_crop_1080p
,2160p_60hz_q_37,cb7ef030-32e8-43e5-ab92-83ef3ebe1440,1080p_60hz_q_29,Yacht@display=center_crop_1080p
2160p_60hz_q_37,1080p_60hz_q_29,e972bffc-ae23-4562-ac73-419f130e0062,2160p_60hz_q_37,Yacht@display=center_crop_1080p
1080p_60hz_q_29,2160p_60hz_q_37,c4a0e1ad-7984-40d7-8f68-73a82a2a463f,1080p_60hz_q_29,Yacht@display=center_crop_1080p
2160p_60hz_q_35,2160p_60hz_q_35,46aabf20-8386-4462-a685-7bdf025cd375,1080p_60hz_q_43,Toddler@display=center_crop_1080p
2160p_60hz_q_35,1080p_60hz_q_43,7142d9c5-0e87-4291-b0c4-fe9768c9bb62,2160p_60hz_q_35,Toddler@display=center_crop_1080p
2160p_60hz_q_35,2160p_60hz_q_35,9d4cc4b7-59aa-493d-844b-83e05a7ee9b6,1080p_60hz_q_43,Toddler@display=center_crop_1080p
2160p_60hz_q_35,2160p_60hz_q_35,19b86171-b4f8-49bf-a0e9-17e0ba50a844,1080p_60hz_q_43,Toddler@display=center_crop_1080p
2160p_60hz_q_35,2160p_60hz_q_35,cf2843f8-d897-4e6f-892f-3e8e414080c4,1080p_60hz_q_43,Toddler@display=center_crop_1080p
2160p_60hz_q_35,2160p_60hz_q_35,d2f8b16b-4b0b-4f2d-abf6-678cad1848f7,1080p_60hz_q_43,Toddler@display=center_crop_1080p
2160p_60hz_q_35,1080p_60hz_q_43,0ea37ed8-df3d-4bd2-9c04-dc44aa006a9e,2160p_60hz_q_35,Toddler@display=center_crop_1080p
2160p_60hz_q_35,2160p_60hz_q_35,3c7562c0-bc9e-4808-9372-695211fc6275,1080p_60hz_q_43,Toddler@display=center_crop_1080p
2160p_60hz_q_35,1080p_60hz_q_43,12ef4ddb-107d-42b2-bfa0-b59fa554e40a,2160p_60hz_q_35,Toddler@display=center_crop_1080p
2160p_60hz_q_35,2160p_60hz_q_35,b3bea668-0154-47a7-958c-45380c2c7da0,1080p_60hz_q_43,Toddler@display=center_crop_1080p
,2160p_60hz_q_43,6fd8c7e3-92ad-4ae9-8d4b-6c10db61c856,1080p_60hz_q_33,Jockey@display=center_crop_1080p
1080p_60hz_q_33,2160p_60hz_q_43,e14d6669-467f-41ea-9347-18173aa10ac3,1080p_60hz_q_33,Jockey@display=center_crop_1080p
1080p_60hz_q_33,1080p_60hz_q_33,088777a9-db1c-4683-9812-ce100f1b95df,2160p_60hz_q_43,Jockey@display=center_crop_1080p
1080p_60hz_q_33,1080p_60hz_q_33,ca304a7b-b10f-4cd3-a40e-3663b1a6fc20,2160p_60hz_q_43,Jockey@display=center_crop_1080p
1080p_60hz_q_33,2160p_60hz_q_43,0c1c7340-3f94-4985-af41-6c3ee4c993c8,1080p_60hz_q_33,Jockey@display=center_crop_1080p
1080p_60hz_q_33,2160p_60hz_q_43,1be4edae-5a41-4038-b893-a09775762485,1080p_60hz_q_33,Jockey@display=center_crop_1080p
1080p_60hz_q_33,1080p_60hz_q_33,d135eddd-102e-46e7-82da-64419e897ce6,2160p_60hz_q_43,Jockey@display=center_crop_1080p
1080p_60hz_q_33,2160p_60hz_q_43,b7928616-ca9e-452f-a4c0-0f707a07341c,1080p_60hz_q_33,Jockey@display=center_crop_1080p
1080p_60hz_q_33,2160p_60hz_q_43,fe6b749e-2b37-43ce-8ec0-132a654149bf,1080p_60hz_q_33,Jockey@display=center_crop_1080p
1080p_60hz_q_33,1080p_60hz_q_33,7964e590-7127-4f9b-96c6-f13637d38713,2160p_60hz_q_43,Jockey@display=center_crop_1080p
,1080p_60hz_q_33,46aabf20-8386-4462-a685-7bdf025cd375,1080p_60hz_q_29,Football@display=center_crop_1080p
,1080p_60hz_q_29,b2301164-83b7-413a-84b4-18592d2bda27,1080p_60hz_q_33,Football@display=center_crop_1080p
,1080p_60hz_q_33,0c1c7340-3f94-4985-af41-6c3ee4c993c8,1080p_60hz_q_29,Football@display=center_crop_1080p
,1080p_60hz_q_29,07bb6da7-3bb5-4713-94b5-3cc6da69b587,1080p_60hz_q_33,Football@display=center_crop_1080p
1080p_60hz_q_29,1080p_60hz_q_29,05b5a635-0c1c-40d3-a1d1-41f2cfd5eb5c,1080p_60hz_q_33,Football@display=center_crop_1080p
1080p_60hz_q_33,1080p_60hz_q_29,606c83fe-5972-4bcb-b811-f7bb443fc6fd,1080p_60hz_q_33,Football@display=center_crop_1080p
1080p_60hz_q_29,1080p_60hz_q_33,4a35f560-042e-4d5b-b103-c56fd5d326a8,1080p_60hz_q_29,Football@display=center_crop_1080p
1080p_60hz_q_33,1080p_60hz_q_33,23481d60-7bee-4bd3-be2e-a512a295aebb,1080p_60hz_q_29,Football@display=center_crop_1080p
1080p_60hz_q_29,1080p_60hz_q_29,78ad0f22-b5f9-431c-9cf3-561ec8ee9182,1080p_60hz_q_33,Football@display=center_crop_1080p
,1080p_60hz_q_29,ef28475d-dbd1-4ce8-903c-751fee91fbd1,1080p_60hz_q_33,Football@display=center_crop_1080p
,2160p_60hz_q_33,43b2c520-73e1-4b7a-bf5d-72f725568d35,1080p_60hz_q_25,Dancers@display=center_crop_1080p
,1080p_60hz_q_25,12af518c-7153-4f07-a556-0ee231ba34ae,2160p_60hz_q_33,Dancers@display=center_crop_1080p
2160p_60hz_q_33,2160p_60hz_q_33,70fb323d-b8bb-4830-acf7-c066e2076a7a,1080p_60hz_q_25,Dancers@display=center_crop_1080p
,1080p_60hz_q_25,a924191d-6339-4d6f-b4fa-cc87e9e9f573,2160p_60hz_q_33,Dancers@display=center_crop_1080p
2160p_60hz_q_33,2160p_60hz_q_33,37fe0e5a-6482-4791-a6ee-6d277ad53a8e,1080p_60hz_q_25,Dancers@display=center_crop_1080p
2160p_60hz_q_33,1080p_60hz_q_25,a8491a57-9a29-4f83-9024-a9bdd72e0cc8,2160p_60hz_q_33,Dancers@display=center_crop_1080p
,2160p_60hz_q_33,46aabf20-8386-4462-a685-7bdf025cd375,1080p_60hz_q_25,Dancers@display=center_crop_1080p
1080p_60hz_q_25,1080p_60hz_q_25,984e388d-b130-4495-9352-11919b42ab34,2160p_60hz_q_33,Dancers@display=center_crop_1080p
2160p_60hz_q_33,2160p_60hz_q_33,d739b99a-9798-42ec-b4f4-3db5001692c4,1080p_60hz_q_25,Dancers@display=center_crop_1080p
2160p_60hz_q_33,2160p_60hz_q_33,70fb323d-b8bb-4830-acf7-c066e2076a7a,1080p_60hz_q_25,Dancers@display=center_crop_1080p
,2160p_60hz_q_39,46aabf20-8386-4462-a685-7bdf025cd375,1080p_60hz_q_33,Beauty@display=center_crop_1080p
2160p_60hz_q_39,2160p_60hz_q_39,d135eddd-102e-46e7-82da-64419e897ce6,1080p_60hz_q_33,Beauty@display=center_crop_1080p
1080p_60hz_q_33,1080p_60hz_q_33,b7c70b81-275b-4549-ac00-de8dbd201b40,2160p_60hz_q_39,Beauty@display=center_crop_1080p
,2160p_60hz_q_39,8503e28a-947a-459c-a673-7beb97834ba5,1080p_60hz_q_33,Beauty@display=center_crop_1080p
,1080p_60hz_q_33,3e499d20-74be-44a1-956e-8b361c3a75b1,2160p_60hz_q_39,Beauty@display=center_crop_1080p
,2160p_60hz_q_39,2a94520b-37d9-4eeb-a589-017195b541e3,1080p_60hz_q_33,Beauty@display=center_crop_1080p
2160p_60hz_q_39,2160p_60hz_q_39,b8c183cb-0aaa-46a7-ab53-51da89921b40,1080p_60hz_q_33,Beauty@display=center_crop_1080p
2160p_60hz_q_39,2160p_60hz_q_39,0c824067-2fc7-44f5-9e62-4469ee9f28bd,1080p_60hz_q_33,Beauty@display=center_crop_1080p
,1080p_60hz_q_33,b5797c5f-6b3b-4b7f-9b23-5bea5b3eb229,2160p_60hz_q_39,Beauty@display=center_crop_1080p
,2160p_60hz_q_39,27fc7da4-6d5e-44aa-892d-e16ec39089cc,1080p_60hz_q_33,Beauty@display=center_crop_1080p
2160p_60hz_q_27,2160p_60hz_q_27,78ad0f22-b5f9-431c-9cf3-561ec8ee9182,2160p_60hz_q_41,Tunnel@display=center_crop_1080p
2160p_60hz_q_27,2160p_60hz_q_41,b5797c5f-6b3b-4b7f-9b23-5bea5b3eb229,2160p_60hz_q_27,Tunnel@display=center_crop_1080p
2160p_60hz_q_27,2160p_60hz_q_41,baff962a-861f-470e-b1f5-deb3cc28475d,2160p_60hz_q_27,Tunnel@display=center_crop_1080p
,2160p_60hz_q_27,cb7ef030-32e8-43e5-ab92-83ef3ebe1440,2160p_60hz_q_41,Tunnel@display=center_crop_1080p
2160p_60hz_q_27,2160p_60hz_q_41,56fb1617-07cb-4404-8798-8e34d0947e88,2160p_60hz_q_27,Tunnel@display=center_crop_1080p
2160p_60hz_q_27,2160p_60hz_q_27,2e79787c-c952-4312-b557-3d8eaa1a03d9,2160p_60hz_q_41,Tunnel@display=center_crop_1080p
2160p_60hz_q_41,2160p_60hz_q_27,f96ffcdd-22c6-49b7-bd2d-73e698539f79,2160p_60hz_q_41,Tunnel@display=center_crop_1080p
2160p_60hz_q_27,2160p_60hz_q_27,5c9fb765-7783-4e60-af0f-aa58a44f2419,2160p_60hz_q_41,Tunnel@display=center_crop_1080p
2160p_60hz_q_27,2160p_60hz_q_41,a8491a57-9a29-4f83-9024-a9bdd72e0cc8,2160p_60hz_q_27,Tunnel@display=center_crop_1080p
2160p_60hz_q_41,2160p_60hz_q_27,9d7f3cb5-9b1d-4a2b-8564-bd16197718d7,2160p_60hz_q_41,Tunnel@display=center_crop_1080p
2160p_60hz_q_33,2160p_60hz_q_33,a21ffff2-ba97-464c-a146-c7f86c53705a,2160p_60hz_q_37,Jockey@display=center_crop_1080p
,2160p_60hz_q_37,bc6328e9-ac68-4cf5-9c95-116d946da15b,2160p_60hz_q_33,Jockey@display=center_crop_1080p
,2160p_60hz_q_33,5fdf86ad-9d4e-4634-a044-29b78873c1a5,2160p_60hz_q_37,Jockey@display=center_crop_1080p
2160p_60hz_q_33,2160p_60hz_q_33,e170141b-c0ee-4624-b054-17a5c6aced22,2160p_60hz_q_37,Jockey@display=center_crop_1080p
2160p_60hz_q_33,2160p_60hz_q_37,a8491a57-9a29-4f83-9024-a9bdd72e0cc8,2160p_60hz_q_33,Jockey@display=center_crop_1080p
,2160p_60hz_q_33,7732bed5-fc82-4d88-b674-40d62da7e8d0,2160p_60hz_q_37,Jockey@display=center_crop_1080p
2160p_60hz_q_33,2160p_60hz_q_37,0ea37ed8-df3d-4bd2-9c04-dc44aa006a9e,2160p_60hz_q_33,Jockey@display=center_crop_1080p
2160p_60hz_q_33,2160p_60hz_q_33,7b6a30c6-4b19-47c7-bc99-5dd895ce82d3,2160p_60hz_q_37,Jockey@display=center_crop_1080p
2160p_60hz_q_33,2160p_60hz_q_37,45d734a8-ca71-42f6-abde-ef570e3b4cf1,2160p_60hz_q_33,Jockey@display=center_crop_1080p
2160p_60hz_q_33,2160p_60hz_q_33,b7c70b81-275b-4549-ac00-de8dbd201b40,2160p_60hz_q_37,Jockey@display=center_crop_1080p
2160p_60hz_q_43,2160p_60hz_q_43,a8491a57-9a29-4f83-9024-a9bdd72e0cc8,1080p_60hz_q_37,Toddler@display=center_crop_1080p
2160p_60hz_q_43,2160p_60hz_q_43,33d6bc20-c2de-4c46-a451-3681be8dc16c,1080p_60hz_q_37,Toddler@display=center_crop_1080p
1080p_60hz_q_37,1080p_60hz_q_37,82a236b2-18c8-4d54-a0b5-f88094d10601,2160p_60hz_q_43,Toddler@display=center_crop_1080p
1080p_60hz_q_37,1080p_60hz_q_37,89a1c554-1ca4-4287-a0c9-314fe9b8197e,2160p_60hz_q_43,Toddler@display=center_crop_1080p
2160p_60hz_q_43,2160p_60hz_q_43,6fd8c7e3-92ad-4ae9-8d4b-6c10db61c856,1080p_60hz_q_37,Toddler@display=center_crop_1080p
2160p_60hz_q_43,2160p_60hz_q_43,8d422037-bbe3-4258-b1ef-8f0503275f26,1080p_60hz_q_37,Toddler@display=center_crop_1080p
2160p_60hz_q_43,2160p_60hz_q_43,d4f74e62-520b-489d-af5c-051c4d744c55,1080p_60hz_q_37,Toddler@display=center_crop_1080p
,1080p_60hz_q_37,7b6a30c6-4b19-47c7-bc99-5dd895ce82d3,2160p_60hz_q_43,Toddler@display=center_crop_1080p
1080p_60hz_q_37,2160p_60hz_q_43,ac060a26-f40f-4682-ab6e-89bc9d9355fb,1080p_60hz_q_37,Toddler@display=center_crop_1080p
1080p_60hz_q_37,1080p_60hz_q_37,53fda506-b1fc-4245-860a-07ad40e5b65d,2160p_60hz_q_43,Toddler@display=center_crop_1080p
1080p_60hz_q_37,2160p_60hz_q_45,a8491a57-9a29-4f83-9024-a9bdd72e0cc8,1080p_60hz_q_37,Football@display=center_crop_1080p
2160p_60hz_q_45,1080p_60hz_q_37,e9d0b79f-5cb6-42b3-ad16-03f671a861e8,2160p_60hz_q_45,Football@display=center_crop_1080p
1080p_60hz_q_37,2160p_60hz_q_45,0c55ce65-4725-4776-9e80-68de0d55c818,1080p_60hz_q_37,Football@display=center_crop_1080p
,1080p_60hz_q_37,cf2843f8-d897-4e6f-892f-3e8e414080c4,2160p_60hz_q_45,Football@display=center_crop_1080p
,2160p_60hz_q_45,82a236b2-18c8-4d54-a0b5-f88094d10601,1080p_60hz_q_37,Football@display=center_crop_1080p
1080p_60hz_q_37,2160p_60hz_q_45,d4caa0db-8bd4-47cc-ad0e-f10ed19d1038,1080p_60hz_q_37,Football@display=center_crop_1080p
1080p_60hz_q_37,1080p_60hz_q_37,8874acc5-cdbe-47f2-a092-7777f2ee3594,2160p_60hz_q_45,Football@display=center_crop_1080p
,2160p_60hz_q_45,7b6a30c6-4b19-47c7-bc99-5dd895ce82d3,1080p_60hz_q_37,Football@display=center_crop_1080p
1080p_60hz_q_37,2160p_60hz_q_45,208e7f6c-d013-4a6f-a6be-3008a0d3130b,1080p_60hz_q_37,Football@display=center_crop_1080p
,2160p_60hz_q_45,e9551a3e-d41f-474d-b2d8-05231d46ff64,1080p_60hz_q_37,Football@display=center_crop_1080p
2160p_60hz_q_45,2160p_60hz_q_45,2307d8e9-642b-4f06-8182-1c953bcbcc79,1080p_60hz_q_41,Yacht@display=center_crop_1080p
2160p_60hz_q_45,2160p_60hz_q_45,863335b0-11fb-4fc6-80d1-123269c15ba3,1080p_60hz_q_41,Yacht@display=center_crop_1080p
1080p_60hz_q_41,2160p_60hz_q_45,a5de1a7c-1a0e-4207-8292-d8ed4a2eb2e7,1080p_60hz_q_41,Yacht@display=center_crop_1080p
2160p_60hz_q_45,1080p_60hz_q_41,a8491a57-9a29-4f83-9024-a9bdd72e0cc8,2160p_60hz_q_45,Yacht@display=center_crop_1080p
1080p_60hz_q_41,1080p_60hz_q_41,27abb805-a7c5-4e2e-b455-f76a6a91906b,2160p_60hz_q_45,Yacht@display=center_crop_1080p
2160p_60hz_q_45,2160p_60hz_q_45,155e72f9-4498-4614-81f9-d887690e78ad,1080p_60hz_q_41,Yacht@display=center_crop_1080p
2160p_60hz_q_45,2160p_60hz_q_45,0c824067-2fc7-44f5-9e62-4469ee9f28bd,1080p_60hz_q_41,Yacht@display=center_crop_1080p
,1080p_60hz_q_41,7964e590-7127-4f9b-96c6-f13637d38713,2160p_60hz_q_45,Yacht@display=center_crop_1080p
2160p_60hz_q_45,1080p_60hz_q_41,98c79528-25d0-4621-8eb2-562c49004f90,2160p_60hz_q_45,Yacht@display=center_crop_1080p
,1080p_60hz_q_41,59afbfdf-b41c-47dc-9323-b8a435f4b924,2160p_60hz_q_45,Yacht@display=center_crop_1080p
1080p_60hz_q_29,1080p_60hz_q_29,a8491a57-9a29-4f83-9024-a9bdd72e0cc8,2160p_60hz_q_45,Monkeys@display=center_crop_1080p
1080p_60hz_q_29,1080p_60hz_q_29,39f32b60-c4bd-4287-bb95-c5acf6f45aa7,2160p_60hz_q_45,Monkeys@display=center_crop_1080p
1080p_60hz_q_29,2160p_60hz_q_45,eb8aa815-a946-4f28-b470-3f1c9fdf4788,1080p_60hz_q_29,Monkeys@display=center_crop_1080p
1080p_60hz_q_29,1080p_60hz_q_29,07bb6da7-3bb5-4713-94b5-3cc6da69b587,2160p_60hz_q_45,Monkeys@display=center_crop_1080p
1080p_60hz_q_29,2160p_60hz_q_45,3243b530-39c0-4181-88c4-d1402733f44f,1080p_60hz_q_29,Monkeys@display=center_crop_1080p
1080p_60hz_q_29,1080p_60hz_q_29,05b5a635-0c1c-40d3-a1d1-41f2cfd5eb5c,2160p_60hz_q_45,Monkeys@display=center_crop_1080p
1080p_60hz_q_29,2160p_60hz_q_45,9832020d-32c9-4b00-b7da-f708d715fc06,1080p_60hz_q_29,Monkeys@display=center_crop_1080p
1080p_60hz_q_29,2160p_60hz_q_45,2307d8e9-642b-4f06-8182-1c953bcbcc79,1080p_60hz_q_29,Monkeys@display=center_crop_1080p
1080p_60hz_q_29,2160p_60hz_q_45,45d734a8-ca71-42f6-abde-ef570e3b4cf1,1080p_60hz_q_29,Monkeys@display=center_crop_1080p
1080p_60hz_q_29,2160p_60hz_q_45,def6a485-5c26-438d-9ad9-e51d37f4a6cf,1080p_60hz_q_29,Monkeys@display=center_crop_1080p
2160p_60hz_q_35,2160p_60hz_q_35,df3181f3-e23f-460f-b47b-84cc79f0625c,1080p_60hz_q_41,Ready@display=center_crop_1080p
2160p_60hz_q_35,1080p_60hz_q_41,ca1ed559-56c0-4ec2-9a97-ef41e1a1ef4d,2160p_60hz_q_35,Ready@display=center_crop_1080p
2160p_60hz_q_35,1080p_60hz_q_41,a593750d-9e2c-4127-906a-9c623c034081,2160p_60hz_q_35,Ready@display=center_crop_1080p
2160p_60hz_q_35,2160p_60hz_q_35,2a94520b-37d9-4eeb-a589-017195b541e3,1080p_60hz_q_41,Ready@display=center_crop_1080p
2160p_60hz_q_35,1080p_60hz_q_41,05b5a635-0c1c-40d3-a1d1-41f2cfd5eb5c,2160p_60hz_q_35,Ready@display=center_crop_1080p
2160p_60hz_q_35,2160p_60hz_q_35,e972bffc-ae23-4562-ac73-419f130e0062,1080p_60hz_q_41,Ready@display=center_crop_1080p
2160p_60hz_q_35,1080p_60hz_q_41,4a35f560-042e-4d5b-b103-c56fd5d326a8,2160p_60hz_q_35,Ready@display=center_crop_1080p
2160p_60hz_q_35,1080p_60hz_q_41,088777a9-db1c-4683-9812-ce100f1b95df,2160p_60hz_q_35,Ready@display=center_crop_1080p
2160p_60hz_q_35,1080p_60hz_q_41,2e18b0d1-37c9-4503-a092-99a9ed14251c,2160p_60hz_q_35,Ready@display=center_crop_1080p
2160p_60hz_q_35,1080p_60hz_q_41,e4791982-1c0b-4b9d-96dd-f685a61a40b7,2160p_60hz_q_35,Ready@display=center_crop_1080p
2160p_60hz_q_43,1080p_60hz_q_43,df3181f3-e23f-460f-b47b-84cc79f0625c,2160p_60hz_q_43,Toddler@display=center_crop_1080p
1080p_60hz_q_43,1080p_60hz_q_43,eedf411b-6b3f-45af-bfac-983da3c35692,2160p_60hz_q_43,Toddler@display=center_crop_1080p
2160p_60hz_q_43,2160p_60hz_q_43,b5d5ad99-3c81-4f5a-ab4e-a3aae033d40b,1080p_60hz_q_43,Toddler@display=center_crop_1080p
2160p_60hz_q_43,1080p_60hz_q_43,0e46f967-6968-4dbb-8903-a997c011029d,2160p_60hz_q_43,Toddler@display=center_crop_1080p
2160p_60hz_q_43,2160p_60hz_q_43,05b5a635-0c1c-40d3-a1d1-41f2cfd5eb5c,1080p_60hz_q_43,Toddler@display=center_crop_1080p
2160p_60hz_q_43,1080p_60hz_q_43,1be63c96-99ea-42cd-9317-f035ce5c85a9,2160p_60hz_q_43,Toddler@display=center_crop_1080p
2160p_60hz_q_43,2160p_60hz_q_43,0d1af6dd-f5f6-42b8-b58f-1f062d3cdc72,1080p_60hz_q_43,Toddler@display=center_crop_1080p
,1080p_60hz_q_43,45f7895e-4d5f-4242-b275-48ce60c655bc,2160p_60hz_q_43,Toddler@display=center_crop_1080p
2160p_60hz_q_43,2160p_60hz_q_43,1fe98c14-e7fb-4352-b0be-e531236faf61,1080p_60hz_q_43,Toddler@display=center_crop_1080p
2160p_60hz_q_43,1080p_60hz_q_43,ee00aeb2-a1df-4d5c-bf9c-9699648637aa,2160p_60hz_q_43,Toddler@display=center_crop_1080p
1080p_60hz_q_35,1080p_60hz_q_31,df3181f3-e23f-460f-b47b-84cc79f0625c,1080p_60hz_q_35,HoneyBee@display=center_crop_1080p
1080p_60hz_q_31,1080p_60hz_q_31,e14d6669-467f-41ea-9347-18173aa10ac3,1080p_60hz_q_35,HoneyBee@display=center_crop_1080p
,1080p_60hz_q_31,5b32a3b4-03ed-4323-90b4-de0bff193bd8,1080p_60hz_q_35,HoneyBee@display=center_crop_1080p
,1080p_60hz_q_35,8a4b3ba0-ce40-46d3-b44a-431055c4d035,1080p_60hz_q_31,HoneyBee@display=center_crop_1080p
1080p_60hz_q_35,1080p_60hz_q_35,ca304a7b-b10f-4cd3-a40e-3663b1a6fc20,1080p_60hz_q_31,HoneyBee@display=center_crop_1080p
1080p_60hz_q_31,1080p_60hz_q_31,606c83fe-5972-4bcb-b811-f7bb443fc6fd,1080p_60hz_q_35,HoneyBee@display=center_crop_1080p
,1080p_60hz_q_35,0d1af6dd-f5f6-42b8-b58f-1f062d3cdc72,1080p_60hz_q_31,HoneyBee@display=center_crop_1080p
1080p_60hz_q_31,1080p_60hz_q_31,0ea37ed8-df3d-4bd2-9c04-dc44aa006a9e,1080p_60hz_q_35,HoneyBee@display=center_crop_1080p
1080p_60hz_q_31,1080p_60hz_q_35,1255512e-c359-4479-9837-296bf75c44f8,1080p_60hz_q_31,HoneyBee@display=center_crop_1080p
1080p_60hz_q_31,1080p_60hz_q_31,8af7b70c-7bcb-4870-a401-358e2ab39eab,1080p_60hz_q_35,HoneyBee@display=center_crop_1080p
1080p_60hz_q_29,1080p_60hz_q_29,37fe0e5a-6482-4791-a6ee-6d277ad53a8e,2160p_60hz_q_45,Yacht@display=center_crop_1080p
1080p_60hz_q_29,2160p_60hz_q_45,8ffca7ad-9706-402d-a7d2-3b9c879a3bd5,1080p_60hz_q_29,Yacht@display=center_crop_1080p
1080p_60hz_q_29,1080p_60hz_q_29,0d1af6dd-f5f6-42b8-b58f-1f062d3cdc72,2160p_60hz_q_45,Yacht@display=center_crop_1080p
1080p_60hz_q_29,1080p_60hz_q_29,18b65afe-0318-4e2f-b48f-d243fa07b40c,2160p_60hz_q_45,Yacht@display=center_crop_1080p
1080p_60hz_q_29,1080p_60hz_q_29,b8264831-a348-4b5b-bd9d-32b0d6d71474,2160p_60hz_q_45,Yacht@display=center_crop_1080p
1080p_60hz_q_29,2160p_60hz_q_45,1be63c96-99ea-42cd-9317-f035ce5c85a9,1080p_60hz_q_29,Yacht@display=center_crop_1080p
1080p_60hz_q_29,1080p_60hz_q_29,d6ba2aff-cecb-46aa-8325-57f11ca3b9df,2160p_60hz_q_45,Yacht@display=center_crop_1080p
1080p_60hz_q_29,2160p_60hz_q_45,df3181f3-e23f-460f-b47b-84cc79f0625c,1080p_60hz_q_29,Yacht@display=center_crop_1080p
1080p_60hz_q_29,2160p_60hz_q_45,9b110929-8562-4dea-aa03-dea569d7160a,1080p_60hz_q_29,Yacht@display=center_crop_1080p
1080p_60hz_q_29,1080p_60hz_q_29,eedf411b-6b3f-45af-bfac-983da3c35692,2160p_60hz_q_45,Yacht@display=center_crop_1080p
2160p_60hz_q_27,2160p_60hz_q_27,df3181f3-e23f-460f-b47b-84cc79f0625c,1080p_60hz_q_43,Monkeys@display=center_crop_1080p
2160p_60hz_q_27,2160p_60hz_q_27,eedf411b-6b3f-45af-bfac-983da3c35692,1080p_60hz_q_43,Monkeys@display=center_crop_1080p
2160p_60hz_q_27,1080p_60hz_q_43,3b093b24-8dee-407c-adc3-23e77227e35b,2160p_60hz_q_27,Monkeys@display=center_crop_1080p
2160p_60hz_q_27,2160p_60hz_q_27,e9d0b79f-5cb6-42b3-ad16-03f671a861e8,1080p_60hz_q_43,Monkeys@display=center_crop_1080p
2160p_60hz_q_27,2160p_60hz_q_27,2a94520b-37d9-4eeb-a589-017195b541e3,1080p_60hz_q_43,Monkeys@display=center_crop_1080p
2160p_60hz_q_27,2160p_60hz_q_27,89a1c554-1ca4-4287-a0c9-314fe9b8197e,1080p_60hz_q_43,Monkeys@display=center_crop_1080p
2160p_60hz_q_27,1080p_60hz_q_43,0ffef109-60c6-4ceb-ac56-654ec208a83f,2160p_60hz_q_27,Monkeys@display=center_crop_1080p
2160p_60hz_q_27,2160p_60hz_q_27,5ca47ce2-d2f1-4fa3-ad4c-eaf361944918,1080p_60hz_q_43,Monkeys@display=center_crop_1080p
2160p_60hz_q_27,1080p_60hz_q_43,fee7ebd1-9cce-414e-afba-84587a9f5557,2160p_60hz_q_27,Monkeys@display=center_crop_1080p
2160p_60hz_q_27,1080p_60hz_q_43,e7ac105b-703b-4de4-9812-9d319b7f1f75,2160p_60hz_q_27,Monkeys@display=center_crop_1080p
1080p_60hz_q_37,1080p_60hz_q_37,fee7ebd1-9cce-414e-afba-84587a9f5557,2160p_60hz_q_47,Jockey@display=center_crop_1080p
1080p_60hz_q_37,1080p_60hz_q_37,5ca47ce2-d2f1-4fa3-ad4c-eaf361944918,2160p_60hz_q_47,Jockey@display=center_crop_1080p
1080p_60hz_q_37,1080p_60hz_q_37,8874acc5-cdbe-47f2-a092-7777f2ee3594,2160p_60hz_q_47,Jockey@display=center_crop_1080p
1080p_60hz_q_37,2160p_60hz_q_47,d0def9ea-d1d8-481e-865e-e7781ca522cf,1080p_60hz_q_37,Jockey@display=center_crop_1080p
1080p_60hz_q_37,2160p_60hz_q_47,12af518c-7153-4f07-a556-0ee231ba34ae,1080p_60hz_q_37,Jockey@display=center_crop_1080p
1080p_60hz_q_37,1080p_60hz_q_37,eedf411b-6b3f-45af-bfac-983da3c35692,2160p_60hz_q_47,Jockey@display=center_crop_1080p
1080p_60hz_q_37,2160p_60hz_q_47,7142d9c5-0e87-4291-b0c4-fe9768c9bb62,1080p_60hz_q_37,Jockey@display=center_crop_1080p
1080p_60hz_q_37,1080p_60hz_q_37,b3bea668-0154-47a7-958c-45380c2c7da0,2160p_60hz_q_47,Jockey@display=center_crop_1080p
1080p_60hz_q_37,1080p_60hz_q_37,e4788de6-8072-4c62-85b2-19c518bccccc,2160p_60hz_q_47,Jockey@display=center_crop_1080p
1080p_60hz_q_37,2160p_60hz_q_47,c81ae704-93f9-4974-8b29-9181659b6dd4,1080p_60hz_q_37,Jockey@display=center_crop_1080p
2160p_60hz_q_37,2160p_60hz_q_47,eedf411b-6b3f-45af-bfac-983da3c35692,2160p_60hz_q_37,Tunnel@display=center_crop_1080p
2160p_60hz_q_37,2160p_60hz_q_47,aaf93665-e2a2-453b-9ecf-937b0d3a5597,2160p_60hz_q_37,Tunnel@display=center_crop_1080p
,2160p_60hz_q_47,d6ba2aff-cecb-46aa-8325-57f11ca3b9df,2160p_60hz_q_37,Tunnel@display=center_crop_1080p
2160p_60hz_q_37,2160p_60hz_q_47,0d1af6dd-f5f6-42b8-b58f-1f062d3cdc72,2160p_60hz_q_37,Tunnel@display=center_crop_1080p
2160p_60hz_q_37,2160p_60hz_q_47,4a35f560-042e-4d5b-b103-c56fd5d326a8,2160p_60hz_q_37,Tunnel@display=center_crop_1080p
2160p_60hz_q_37,2160p_60hz_q_47,fbfd61f4-6813-4623-98f8-85664b3910ae,2160p_60hz_q_37,Tunnel@display=center_crop_1080p
2160p_60hz_q_37,2160p_60hz_q_47,234f2863-9dc3-4857-bbf9-144b0e1a86f4,2160p_60hz_q_37,Tunnel@display=center_crop_1080p
2160p_60hz_q_37,2160p_60hz_q_47,337071eb-82e7-440f-93a9-60e3f4e874d3,2160p_60hz_q_37,Tunnel@display=center_crop_1080p
2160p_60hz_q_47,2160p_60hz_q_47,337071eb-82e7-440f-93a9-60e3f4e874d3,2160p_60hz_q_37,Tunnel@display=center_crop_1080p
2160p_60hz_q_37,2160p_60hz_q_37,ef28475d-dbd1-4ce8-903c-751fee91fbd1,2160p_60hz_q_47,Tunnel@display=center_crop_1080p
2160p_60hz_q_25,1080p_60hz_q_39,eedf411b-6b3f-45af-bfac-983da3c35692,2160p_60hz_q_25,Dancers@display=center_crop_1080p
2160p_60hz_q_25,1080p_60hz_q_39,f304bc2a-d059-481e-9268-2dc6d5c0ee8f,2160p_60hz_q_25,Dancers@display=center_crop_1080p
2160p_60hz_q_25,1080p_60hz_q_39,b5d5ad99-3c81-4f5a-ab4e-a3aae033d40b,2160p_60hz_q_25,Dancers@display=center_crop_1080p
2160p_60hz_q_25,1080p_60hz_q_39,e9d0b79f-5cb6-42b3-ad16-03f671a861e8,2160p_60hz_q_25,Dancers@display=center_crop_1080p
2160p_60hz_q_25,2160p_60hz_q_25,848417ce-54e9-4f48-a77b-40f1cc056f40,1080p_60hz_q_39,Dancers@display=center_crop_1080p
2160p_60hz_q_25,1080p_60hz_q_39,6548cc0b-1e7d-4c7b-bef3-d24d0e401d9c,2160p_60hz_q_25,Dancers@display=center_crop_1080p
2160p_60hz_q_25,1080p_60hz_q_39,0d1af6dd-f5f6-42b8-b58f-1f062d3cdc72,2160p_60hz_q_25,Dancers@display=center_crop_1080p
2160p_60hz_q_25,2160p_60hz_q_25,27abb805-a7c5-4e2e-b455-f76a6a91906b,1080p_60hz_q_39,Dancers@display=center_crop_1080p
2160p_60hz_q_25,2160p_60hz_q_25,46c72348-a4f5-45a1-aca1-ed0547c43708,1080p_60hz_q_39,Dancers@display=center_crop_1080p
2160p_60hz_q_25,1080p_60hz_q_39,4e09a9b9-6b2b-4400-80d9-80562371bcb7,2160p_60hz_q_25,Dancers@display=center_crop_1080p
2160p_60hz_q_37,2160p_60hz_q_49,eedf411b-6b3f-45af-bfac-983da3c35692,2160p_60hz_q_37,Ritual@display=center_crop_1080p
2160p_60hz_q_37,2160p_60hz_q_37,310b7e44-fc5e-411e-b78f-fc76d806c19e,2160p_60hz_q_49,Ritual@display=center_crop_1080p
2160p_60hz_q_37,2160p_60hz_q_49,2efb2ebe-b88e-4181-9d88-e79646ad323c,2160p_60hz_q_37,Ritual@display=center_crop_1080p
2160p_60hz_q_37,2160p_60hz_q_49,6365d9f1-fe2e-49a7-81fa-419e09ce4970,2160p_60hz_q_37,Ritual@display=center_crop_1080p
2160p_60hz_q_37,2160p_60hz_q_37,68a8fa22-cb96-4da4-aad4-b06206826925,2160p_60hz_q_49,Ritual@display=center_crop_1080p
2160p_60hz_q_37,2160p_60hz_q_37,9d57cbc2-ab27-45bd-a59c-6bf0db043d78,2160p_60hz_q_49,Ritual@display=center_crop_1080p
2160p_60hz_q_37,2160p_60hz_q_37,fe9ba464-25aa-4a37-8a07-769dc55e4626,2160p_60hz_q_49,Ritual@display=center_crop_1080p
2160p_60hz_q_37,2160p_60hz_q_37,eab9779d-4083-4225-8473-fc8798ebb47e,2160p_60hz_q_49,Ritual@display=center_crop_1080p
2160p_60hz_q_37,2160p_60hz_q_49,7ddeb20b-f4f8-4fb9-a492-b8062afa1e27,2160p_60hz_q_37,Ritual@display=center_crop_1080p
2160p_60hz_q_37,2160p_60hz_q_37,2e18b0d1-37c9-4503-a092-99a9ed14251c,2160p_60hz_q_49,Ritual@display=center_crop_1080p
,1080p_60hz_q_25,e4788de6-8072-4c62-85b2-19c518bccccc,2160p_60hz_q_39,Dancers@display=center_crop_1080p
1080p_60hz_q_25,2160p_60hz_q_39,bc6328e9-ac68-4cf5-9c95-116d946da15b,1080p_60hz_q_25,Dancers@display=center_crop_1080p
,1080p_60hz_q_25,fcf36c35-1d49-4f05-a0d2-3f573be84282,2160p_60hz_q_39,Dancers@display=center_crop_1080p
,2160p_60hz_q_39,19b86171-b4f8-49bf-a0e9-17e0ba50a844,1080p_60hz_q_25,Dancers@display=center_crop_1080p
1080p_60hz_q_25,1080p_60hz_q_25,5521ff94-7e87-4bd3-a91f-fe3c18491c86,2160p_60hz_q_39,Dancers@display=center_crop_1080p
1080p_60hz_q_25,2160p_60hz_q_39,4731f594-5464-428a-8891-726dceae70cb,1080p_60hz_q_25,Dancers@display=center_crop_1080p
1080p_60hz_q_25,1080p_60hz_q_25,b48a33a8-dd39-4714-b7bf-1a3c90661e10,2160p_60hz_q_39,Dancers@display=center_crop_1080p
1080p_60hz_q_25,2160p_60hz_q_39,7206fd08-7457-4883-830b-cca57fc03ee5,1080p_60hz_q_25,Dancers@display=center_crop_1080p
1080p_60hz_q_25,1080p_60hz_q_25,3c7562c0-bc9e-4808-9372-695211fc6275,2160p_60hz_q_39,Dancers@display=center_crop_1080p
1080p_60hz_q_25,2160p_60hz_q_39,2e18b0d1-37c9-4503-a092-99a9ed14251c,1080p_60hz_q_25,Dancers@display=center_crop_1080p
,1080p_60hz_q_29,e4788de6-8072-4c62-85b2-19c518bccccc,1080p_60hz_q_25,Discuss@display=center_crop_1080p
,1080p_60hz_q_29,0342ff17-6f9e-48d6-8a90-91636dce509f,1080p_60hz_q_25,Discuss@display=center_crop_1080p
1080p_60hz_q_25,1080p_60hz_q_29,26a7dfc8-1e68-4579-b9af-f5727b8c413b,1080p_60hz_q_25,Discuss@display=center_crop_1080p
,1080p_60hz_q_25,18b65afe-0318-4e2f-b48f-d243fa07b40c,1080p_60hz_q_29,Discuss@display=center_crop_1080p
1080p_60hz_q_25,1080p_60hz_q_25,27abb805-a7c5-4e2e-b455-f76a6a91906b,1080p_60hz_q_29,Discuss@display=center_crop_1080p
1080p_60hz_q_25,1080p_60hz_q_25,edc9c4be-870a-4682-bc68-79c60e58efe1,1080p_60hz_q_29,Discuss@display=center_crop_1080p
1080p_60hz_q_29,1080p_60hz_q_25,d4f74e62-520b-489d-af5c-051c4d744c55,1080p_60hz_q_29,Discuss@display=center_crop_1080p
1080p_60hz_q_25,1080p_60hz_q_25,951670ac-a4a0-4c5f-b3e8-f8edc637fa52,1080p_60hz_q_29,Discuss@display=center_crop_1080p
1080p_60hz_q_25,1080p_60hz_q_25,e8e854f8-db3b-4b12-b87f-0c5c849cf0ab,1080p_60hz_q_29,Discuss@display=center_crop_1080p
1080p_60hz_q_25,1080p_60hz_q_29,98c55785-858a-4f32-8749-ac355e17dc91,1080p_60hz_q_25,Discuss@display=center_crop_1080p
1080p_60hz_q_27,2160p_60hz_q_51,1870054d-e579-4520-9f6a-4f32b8fedd4b,1080p_60hz_q_27,SeaRock@display=center_crop_1080p
1080p_60hz_q_27,2160p_60hz_q_51,e14d6669-467f-41ea-9347-18173aa10ac3,1080p_60hz_q_27,SeaRock@display=center_crop_1080p
1080p_60hz_q_27,1080p_60hz_q_27,04d3a74c-6229-4c46-b5ac-f17b5929936d,2160p_60hz_q_51,SeaRock@display=center_crop_1080p
1080p_60hz_q_27,1080p_60hz_q_27,0744e640-8e21-41fe-ab34-dfe90d35a5e4,2160p_60hz_q_51,SeaRock@display=center_crop_1080p
1080p_60hz_q_27,1080p_60hz_q_27,b534d02f-8944-4adf-bd53-e57ce627a786,2160p_60hz_q_51,SeaRock@display=center_crop_1080p
1080p_60hz_q_27,1080p_60hz_q_27,70fb323d-b8bb-4830-acf7-c066e2076a7a,2160p_60hz_q_51,SeaRock@display=center_crop_1080p
1080p_60hz_q_27,1080p_60hz_q_27,e170141b-c0ee-4624-b054-17a5c6aced22,2160p_60hz_q_51,SeaRock@display=center_crop_1080p
1080p_60hz_q_27,2160p_60hz_q_51,13ef788f-6080-4128-9bcf-3f3fe1fcacc0,1080p_60hz_q_27,SeaRock@display=center_crop_1080p
1080p_60hz_q_27,2160p_60hz_q_51,d467718b-5841-4c1b-b448-1ff4876f3fb8,1080p_60hz_q_27,SeaRock@display=center_crop_1080p
1080p_60hz_q_27,2160p_60hz_q_51,02bdc5dd-6b5a-4f34-b244-61603b6e09ae,1080p_60hz_q_27,SeaRock@display=center_crop_1080p
1080p_60hz_q_31,2160p_60hz_q_33,1870054d-e579-4520-9f6a-4f32b8fedd4b,1080p_60hz_q_31,Dancers@display=center_crop_1080p
1080p_60hz_q_31,2160p_60hz_q_33,68139fa1-4fca-4ef0-8a0d-5b7972e73b76,1080p_60hz_q_31,Dancers@display=center_crop_1080p
2160p_60hz_q_33,2160p_60hz_q_33,9b110929-8562-4dea-aa03-dea569d7160a,1080p_60hz_q_31,Dancers@display=center_crop_1080p
1080p_60hz_q_31,2160p_60hz_q_33,ca304a7b-b10f-4cd3-a40e-3663b1a6fc20,1080p_60hz_q_31,Dancers@display=center_crop_1080p
,1080p_60hz_q_31,3e499d20-74be-44a1-956e-8b361c3a75b1,2160p_60hz_q_33,Dancers@display=center_crop_1080p
2160p_60hz_q_33,2160p_60hz_q_33,8874acc5-cdbe-47f2-a092-7777f2ee3594,1080p_60hz_q_31,Dancers@display=center_crop_1080p
2160p_60hz_q_33,2160p_60hz_q_33,12ef4ddb-107d-42b2-bfa0-b59fa554e40a,1080p_60hz_q_31,Dancers@display=center_crop_1080p
,1080p_60hz_q_31,2307d8e9-642b-4f06-8182-1c953bcbcc79,2160p_60hz_q_33,Dancers@display=center_crop_1080p
,2160p_60hz_q_33,cc653c90-c2e7-463e-83b6-1dee35da7534,1080p_60hz_q_31,Dancers@display=center_crop_1080p
,2160p_60hz_q_33,337071eb-82e7-440f-93a9-60e3f4e874d3,1080p_60hz_q_31,Dancers@display=center_crop_1080p
1080p_60hz_q_33,1080p_60hz_q_33,1870054d-e579-4520-9f6a-4f32b8fedd4b,2160p_60hz_q_47,Toddler@display=center_crop_1080p
1080p_60hz_q_33,2160p_60hz_q_47,67d83dd0-c702-4742-bc13-028ca244d5fb,1080p_60hz_q_33,Toddler@display=center_crop_1080p
1080p_60hz_q_33,2160p_60hz_q_47,3b093b24-8dee-407c-adc3-23e77227e35b,1080p_60hz_q_33,Toddler@display=center_crop_1080p
1080p_60hz_q_33,2160p_60hz_q_47,310b7e44-fc5e-411e-b78f-fc76d806c19e,1080p_60hz_q_33,Toddler@display=center_crop_1080p
1080p_60hz_q_33,2160p_60hz_q_47,863335b0-11fb-4fc6-80d1-123269c15ba3,1080p_60hz_q_33,Toddler@display=center_crop_1080p
1080p_60hz_q_33,2160p_60hz_q_47,984e388d-b130-4495-9352-11919b42ab34,1080p_60hz_q_33,Toddler@display=center_crop_1080p
1080p_60hz_q_33,1080p_60hz_q_33,d42a6af2-2b3b-4c79-9e96-57767a5c5065,2160p_60hz_q_47,Toddler@display=center_crop_1080p
1080p_60hz_q_33,2160p_60hz_q_47,b8c183cb-0aaa-46a7-ab53-51da89921b40,1080p_60hz_q_33,Toddler@display=center_crop_1080p
1080p_60hz_q_33,1080p_60hz_q_33,23481d60-7bee-4bd3-be2e-a512a295aebb,2160p_60hz_q_47,Toddler@display=center_crop_1080p
1080p_60hz_q_33,1080p_60hz_q_33,e7ac105b-703b-4de4-9812-9d319b7f1f75,2160p_60hz_q_47,Toddler@display=center_crop_1080p
1080p_60hz_q_31,2160p_60hz_q_45,1870054d-e579-4520-9f6a-4f32b8fedd4b,1080p_60hz_q_31,HoneyBee@display=center_crop_1080p
1080p_60hz_q_31,2160p_60hz_q_45,0342ff17-6f9e-48d6-8a90-91636dce509f,1080p_60hz_q_31,HoneyBee@display=center_crop_1080p
1080p_60hz_q_31,2160p_60hz_q_45,33d6bc20-c2de-4c46-a451-3681be8dc16c,1080p_60hz_q_31,HoneyBee@display=center_crop_1080p
2160p_60hz_q_45,1080p_60hz_q_31,15a33f39-68de-4ec2-a989-d4fb1a1d21f0,2160p_60hz_q_45,HoneyBee@display=center_crop_1080p
1080p_60hz_q_31,2160p_60hz_q_45,3289a60c-e8f2-4bed-b60c-1ed515026b67,1080p_60hz_q_31,HoneyBee@display=center_crop_1080p
1080p_60hz_q_31,1080p_60hz_q_31,50643d45-c2af-4f8c-b193-3f15787dcbd2,2160p_60hz_q_45,HoneyBee@display=center_crop_1080p
1080p_60hz_q_31,2160p_60hz_q_45,a21ffff2-ba97-464c-a146-c7f86c53705a,1080p_60hz_q_31,HoneyBee@display=center_crop_1080p
1080p_60hz_q_31,1080p_60hz_q_31,db96f8b8-515c-4db2-a50b-980516bf9af5,2160p_60hz_q_45,HoneyBee@display=center_crop_1080p
1080p_60hz_q_31,1080p_60hz_q_31,3c7562c0-bc9e-4808-9372-695211fc6275,2160p_60hz_q_45,HoneyBee@display=center_crop_1080p
1080p_60hz_q_31,1080p_60hz_q_31,088777a9-db1c-4683-9812-ce100f1b95df,2160p_60hz_q_45,HoneyBee@display=center_crop_1080p
2160p_60hz_q_33,1080p_60hz_q_35,68139fa1-4fca-4ef0-8a0d-5b7972e73b76,2160p_60hz_q_33,HoneyBee@display=center_crop_1080p
2160p_60hz_q_33,2160p_60hz_q_33,39f32b60-c4bd-4287-bb95-c5acf6f45aa7,1080p_60hz_q_35,HoneyBee@display=center_crop_1080p
,1080p_60hz_q_35,19b86171-b4f8-49bf-a0e9-17e0ba50a844,2160p_60hz_q_33,HoneyBee@display=center_crop_1080p
,1080p_60hz_q_35,2a94520b-37d9-4eeb-a589-017195b541e3,2160p_60hz_q_33,HoneyBee@display=center_crop_1080p
,1080p_60hz_q_35,d6ba2aff-cecb-46aa-8325-57f11ca3b9df,2160p_60hz_q_33,HoneyBee@display=center_crop_1080p
2160p_60hz_q_33,2160p_60hz_q_33,f16afd28-7eb2-490b-9dee-9411c451c7b6,1080p_60hz_q_35,HoneyBee@display=center_crop_1080p
2160p_60hz_q_33,2160p_60hz_q_33,eab9779d-4083-4225-8473-fc8798ebb47e,1080p_60hz_q_35,HoneyBee@display=center_crop_1080p
2160p_60hz_q_33,2160p_60hz_q_33,2ef2ced7-e0c0-4f17-8842-daab631cff22,1080p_60hz_q_35,HoneyBee@display=center_crop_1080p
2160p_60hz_q_33,1080p_60hz_q_35,4e09a9b9-6b2b-4400-80d9-80562371bcb7,2160p_60hz_q_33,HoneyBee@display=center_crop_1080p
2160p_60hz_q_33,2160p_60hz_q_33,98c55785-858a-4f32-8749-ac355e17dc91,1080p_60hz_q_35,HoneyBee@display=center_crop_1080p
1080p_60hz_q_37,1080p_60hz_q_37,68139fa1-4fca-4ef0-8a0d-5b7972e73b76,2160p_60hz_q_49,Ritual@display=center_crop_1080p
1080p_60hz_q_37,2160p_60hz_q_49,67d83dd0-c702-4742-bc13-028ca244d5fb,1080p_60hz_q_37,Ritual@display=center_crop_1080p
1080p_60hz_q_37,2160p_60hz_q_49,8a4b3ba0-ce40-46d3-b44a-431055c4d035,1080p_60hz_q_37,Ritual@display=center_crop_1080p
1080p_60hz_q_37,2160p_60hz_q_49,e588b351-3f75-4040-858b-1286d607e866,1080p_60hz_q_37,Ritual@display=center_crop_1080p
1080p_60hz_q_37,2160p_60hz_q_49,631d5c27-ad66-408c-b36e-9da595aaa740,1080p_60hz_q_37,Ritual@display=center_crop_1080p
1080p_60hz_q_37,1080p_60hz_q_37,b48a33a8-dd39-4714-b7bf-1a3c90661e10,2160p_60hz_q_49,Ritual@display=center_crop_1080p
1080p_60hz_q_37,2160p_60hz_q_49,b8c183cb-0aaa-46a7-ab53-51da89921b40,1080p_60hz_q_37,Ritual@display=center_crop_1080p
1080p_60hz_q_37,2160p_60hz_q_49,bc64594f-68af-4afd-a02d-423ac80ebb4e,1080p_60hz_q_37,Ritual@display=center_crop_1080p
1080p_60hz_q_37,2160p_60hz_q_49,26c9aed6-c72c-40ff-adda-e31709393d7e,1080p_60hz_q_37,Ritual@display=center_crop_1080p
1080p_60hz_q_37,1080p_60hz_q_37,fee7ebd1-9cce-414e-afba-84587a9f5557,2160p_60hz_q_49,Ritual@display=center_crop_1080p
2160p_60hz_q_33,2160p_60hz_q_33,68139fa1-4fca-4ef0-8a0d-5b7972e73b76,2160p_60hz_q_51,SeaRock@display=center_crop_1080p
2160p_60hz_q_33,2160p_60hz_q_51,310b7e44-fc5e-411e-b78f-fc76d806c19e,2160p_60hz_q_33,SeaRock@display=center_crop_1080p
2160p_60hz_q_33,2160p_60hz_q_33,2bd94a3e-72b0-4010-9e82-d5d934a3ab57,2160p_60hz_q_51,SeaRock@display=center_crop_1080p
2160p_60hz_q_33,2160p_60hz_q_51,e588b351-3f75-4040-858b-1286d607e866,2160p_60hz_q_33,SeaRock@display=center_crop_1080p
2160p_60hz_q_33,2160p_60hz_q_33,d42a6af2-2b3b-4c79-9e96-57767a5c5065,2160p_60hz_q_51,SeaRock@display=center_crop_1080p
2160p_60hz_q_33,2160p_60hz_q_51,5d7831a1-caca-4669-9e4c-d8c0329ff397,2160p_60hz_q_33,SeaRock@display=center_crop_1080p
2160p_60hz_q_33,2160p_60hz_q_51,a5de1a7c-1a0e-4207-8292-d8ed4a2eb2e7,2160p_60hz_q_33,SeaRock@display=center_crop_1080p
2160p_60hz_q_33,2160p_60hz_q_33,337071eb-82e7-440f-93a9-60e3f4e874d3,2160p_60hz_q_51,SeaRock@display=center_crop_1080p
2160p_60hz_q_33,2160p_60hz_q_33,98c55785-858a-4f32-8749-ac355e17dc91,2160p_60hz_q_51,SeaRock@display=center_crop_1080p
2160p_60hz_q_33,2160p_60hz_q_51,98c55785-858a-4f32-8749-ac355e17dc91,2160p_60hz_q_33,SeaRock@display=center_crop_1080p
2160p_60hz_q_39,2160p_60hz_q_39,68139fa1-4fca-4ef0-8a0d-5b7972e73b76,2160p_60hz_q_31,Beauty@display=center_crop_1080p
2160p_60hz_q_31,2160p_60hz_q_31,bf850da6-7c90-4bad-9ba2-ea60aad4339c,2160p_60hz_q_39,Beauty@display=center_crop_1080p
2160p_60hz_q_31,2160p_60hz_q_31,b5975696-d633-4dcb-aee4-f089dc00b163,2160p_60hz_q_39,Beauty@display=center_crop_1080p
2160p_60hz_q_31,2160p_60hz_q_39,2e18b0d1-37c9-4503-a092-99a9ed14251c,2160p_60hz_q_31,Beauty@display=center_crop_1080p
2160p_60hz_q_31,2160p_60hz_q_39,5399cf88-3d79-48b1-8c17-3cd72da4ced8,2160p_60hz_q_31,Beauty@display=center_crop_1080p
2160p_60hz_q_31,2160p_60hz_q_39,1be63c96-99ea-42cd-9317-f035ce5c85a9,2160p_60hz_q_31,Beauty@display=center_crop_1080p
2160p_60hz_q_31,2160p_60hz_q_31,63886b87-eff3-460e-b828-c9b1a172a21c,2160p_60hz_q_39,Beauty@display=center_crop_1080p
2160p_60hz_q_31,2160p_60hz_q_39,4731f594-5464-428a-8891-726dceae70cb,2160p_60hz_q_31,Beauty@display=center_crop_1080p
,2160p_60hz_q_39,18b65afe-0318-4e2f-b48f-d243fa07b40c,2160p_60hz_q_31,Beauty@display=center_crop_1080p
2160p_60hz_q_31,2160p_60hz_q_31,19b86171-b4f8-49bf-a0e9-17e0ba50a844,2160p_60hz_q_39,Beauty@display=center_crop_1080p
1080p_60hz_q_27,2160p_60hz_q_51,68139fa1-4fca-4ef0-8a0d-5b7972e73b76,1080p_60hz_q_27,Narrator@display=center_crop_1080p
1080p_60hz_q_27,1080p_60hz_q_27,9b110929-8562-4dea-aa03-dea569d7160a,2160p_60hz_q_51,Narrator@display=center_crop_1080p
1080p_60hz_q_27,1080p_60hz_q_27,5521ff94-7e87-4bd3-a91f-fe3c18491c86,2160p_60hz_q_51,Narrator@display=center_crop_1080p
1080p_60hz_q_27,1080p_60hz_q_27,fcf36229-e931-4a91-8e22-2a87f1aab261,2160p_60hz_q_51,Narrator@display=center_crop_1080p
1080p_60hz_q_27,1080p_60hz_q_27,110d7871-1915-4303-887e-891fb24433ca,2160p_60hz_q_51,Narrator@display=center_crop_1080p
1080p_60hz_q_27,1080p_60hz_q_27,6365d9f1-fe2e-49a7-81fa-419e09ce4970,2160p_60hz_q_51,Narrator@display=center_crop_1080p
1080p_60hz_q_27,2160p_60hz_q_51,9832020d-32c9-4b00-b7da-f708d715fc06,1080p_60hz_q_27,Narrator@display=center_crop_1080p
1080p_60hz_q_27,2160p_60hz_q_51,2307d8e9-642b-4f06-8182-1c953bcbcc79,1080p_60hz_q_27,Narrator@display=center_crop_1080p
1080p_60hz_q_27,2160p_60hz_q_51,94d70f48-55b6-4b7a-9dae-68e34937fd1c,1080p_60hz_q_27,Narrator@display=center_crop_1080p
1080p_60hz_q_27,1080p_60hz_q_27,d467718b-5841-4c1b-b448-1ff4876f3fb8,2160p_60hz_q_51,Narrator@display=center_crop_1080p
1080p_60hz_q_25,1080p_60hz_q_25,d2f8b16b-4b0b-4f2d-abf6-678cad1848f7,1080p_60hz_q_35,Discuss@display=center_crop_1080p
1080p_60hz_q_25,1080p_60hz_q_25,208e7f6c-d013-4a6f-a6be-3008a0d3130b,1080p_60hz_q_35,Discuss@display=center_crop_1080p
1080p_60hz_q_25,1080p_60hz_q_25,f16afd28-7eb2-490b-9dee-9411c451c7b6,1080p_60hz_q_35,Discuss@display=center_crop_1080p
1080p_60hz_q_35,1080p_60hz_q_35,2307d8e9-642b-4f06-8182-1c953bcbcc79,1080p_60hz_q_25,Discuss@display=center_crop_1080p
1080p_60hz_q_25,1080p_60hz_q_25,e0a72c3a-15b0-43a1-9aa0-00e27e8bcc4f,1080p_60hz_q_35,Discuss@display=center_crop_1080p
1080p_60hz_q_25,1080p_60hz_q_35,dbc1ca9b-a7e7-40e4-a057-eecc8d4a2441,1080p_60hz_q_25,Discuss@display=center_crop_1080p
1080p_60hz_q_25,1080p_60hz_q_35,3a9c1e54-5803-42be-b7c4-ae7a7c6d615f,1080p_60hz_q_25,Discuss@display=center_crop_1080p
1080p_60hz_q_25,1080p_60hz_q_25,1e8852de-bbe6-48cd-a1a5-3159df60e41f,1080p_60hz_q_35,Discuss@display=center_crop_1080p
1080p_60hz_q_25,1080p_60hz_q_35,70fb323d-b8bb-4830-acf7-c066e2076a7a,1080p_60hz_q_25,Discuss@display=center_crop_1080p
1080p_60hz_q_25,1080p_60hz_q_35,de41656b-1f7f-453c-8775-6b21be1e124a,1080p_60hz_q_25,Discuss@display=center_crop_1080p
2160p_60hz_q_31,2160p_60hz_q_31,13ef788f-6080-4128-9bcf-3f3fe1fcacc0,1080p_60hz_q_39,Beauty@display=center_crop_1080p
2160p_60hz_q_31,1080p_60hz_q_39,cd044f9e-7cb5-48e5-a688-e76fa4ed8517,2160p_60hz_q_31,Beauty@display=center_crop_1080p
2160p_60hz_q_31,1080p_60hz_q_39,8a4b3ba0-ce40-46d3-b44a-431055c4d035,2160p_60hz_q_31,Beauty@display=center_crop_1080p
2160p_60hz_q_31,1080p_60hz_q_39,04d3a74c-6229-4c46-b5ac-f17b5929936d,2160p_60hz_q_31,Beauty@display=center_crop_1080p
2160p_60hz_q_31,2160p_60hz_q_31,cf2843f8-d897-4e6f-892f-3e8e414080c4,1080p_60hz_q_39,Beauty@display=center_crop_1080p
1080p_60hz_q_39,1080p_60hz_q_39,1e8852de-bbe6-48cd-a1a5-3159df60e41f,2160p_60hz_q_31,Beauty@display=center_crop_1080p
2160p_60hz_q_31,1080p_60hz_q_39,d2f8b16b-4b0b-4f2d-abf6-678cad1848f7,2160p_60hz_q_31,Beauty@display=center_crop_1080p
2160p_60hz_q_31,1080p_60hz_q_39,232508cc-8372-4d0c-bbe0-9a174d6a0c6a,2160p_60hz_q_31,Beauty@display=center_crop_1080p
2160p_60hz_q_31,1080p_60hz_q_39,155e72f9-4498-4614-81f9-d887690e78ad,2160p_60hz_q_31,Beauty@display=center_crop_1080p
2160p_60hz_q_31,2160p_60hz_q_31,809c6f38-8134-47bd-8f9b-e5110f957391,1080p_60hz_q_39,Beauty@display=center_crop_1080p
1080p_60hz_q_23,1080p_60hz_q_23,1e8852de-bbe6-48cd-a1a5-3159df60e41f,1080p_60hz_q_31,HoneyBee@display=center_crop_1080p
1080p_60hz_q_23,1080p_60hz_q_31,47b610b2-5357-4c65-8fe2-b8ccdf788bfe,1080p_60hz_q_23,HoneyBee@display=center_crop_1080p
1080p_60hz_q_23,1080p_60hz_q_31,412dd5fb-427b-426d-9284-e8f9331100cb,1080p_60hz_q_23,HoneyBee@display=center_crop_1080p
,1080p_60hz_q_31,7142d9c5-0e87-4291-b0c4-fe9768c9bb62,1080p_60hz_q_23,HoneyBee@display=center_crop_1080p
1080p_60hz_q_23,1080p_60hz_q_31,04d3a74c-6229-4c46-b5ac-f17b5929936d,1080p_60hz_q_23,HoneyBee@display=center_crop_1080p
1080p_60hz_q_23,1080p_60hz_q_31,863335b0-11fb-4fc6-80d1-123269c15ba3,1080p_60hz_q_23,HoneyBee@display=center_crop_1080p
1080p_60hz_q_23,1080p_60hz_q_23,984e388d-b130-4495-9352-11919b42ab34,1080p_60hz_q_31,HoneyBee@display=center_crop_1080p
1080p_60hz_q_23,1080p_60hz_q_23,7e0438d1-a48a-4e60-9234-b320965d86aa,1080p_60hz_q_31,HoneyBee@display=center_crop_1080p
1080p_60hz_q_23,1080p_60hz_q_23,b8264831-a348-4b5b-bd9d-32b0d6d71474,1080p_60hz_q_31,HoneyBee@display=center_crop_1080p
1080p_60hz_q_23,1080p_60hz_q_31,d4caa0db-8bd4-47cc-ad0e-f10ed19d1038,1080p_60hz_q_23,HoneyBee@display=center_crop_1080p
2160p_60hz_q_33,2160p_60hz_q_33,1e8852de-bbe6-48cd-a1a5-3159df60e41f,2160p_60hz_q_45,SeaRock@display=center_crop_1080p
2160p_60hz_q_33,2160p_60hz_q_45,3b093b24-8dee-407c-adc3-23e77227e35b,2160p_60hz_q_33,SeaRock@display=center_crop_1080p
2160p_60hz_q_33,2160p_60hz_q_33,b5d5ad99-3c81-4f5a-ab4e-a3aae033d40b,2160p_60hz_q_45,SeaRock@display=center_crop_1080p
2160p_60hz_q_33,2160p_60hz_q_45,e9d0b79f-5cb6-42b3-ad16-03f671a861e8,2160p_60hz_q_33,SeaRock@display=center_crop_1080p
2160p_60hz_q_33,2160p_60hz_q_33,285deb4d-638a-4cee-8ceb-cf512c184de5,2160p_60hz_q_45,SeaRock@display=center_crop_1080p
2160p_60hz_q_33,2160p_60hz_q_33,6005423d-55ca-4137-8021-d3db601da77e,2160p_60hz_q_45,SeaRock@display=center_crop_1080p
2160p_60hz_q_33,2160p_60hz_q_33,7206fd08-7457-4883-830b-cca57fc03ee5,2160p_60hz_q_45,SeaRock@display=center_crop_1080p
2160p_60hz_q_33,2160p_60hz_q_33,7ddeb20b-f4f8-4fb9-a492-b8062afa1e27,2160p_60hz_q_45,SeaRock@display=center_crop_1080p
2160p_60hz_q_33,2160p_60hz_q_33,e4791982-1c0b-4b9d-96dd-f685a61a40b7,2160p_60hz_q_45,SeaRock@display=center_crop_1080p
2160p_60hz_q_33,2160p_60hz_q_45,208e7f6c-d013-4a6f-a6be-3008a0d3130b,2160p_60hz_q_33,SeaRock@display=center_crop_1080p
1080p_60hz_q_25,1080p_60hz_q_25,1e8852de-bbe6-48cd-a1a5-3159df60e41f,2160p_60hz_q_49,Dancers@display=center_crop_1080p
1080p_60hz_q_25,2160p_60hz_q_49,47b610b2-5357-4c65-8fe2-b8ccdf788bfe,1080p_60hz_q_25,Dancers@display=center_crop_1080p
1080p_60hz_q_25,2160p_60hz_q_49,0c1c7340-3f94-4985-af41-6c3ee4c993c8,1080p_60hz_q_25,Dancers@display=center_crop_1080p
1080p_60hz_q_25,1080p_60hz_q_25,5c9fb765-7783-4e60-af0f-aa58a44f2419,2160p_60hz_q_49,Dancers@display=center_crop_1080p
1080p_60hz_q_25,2160p_60hz_q_49,cb7ef030-32e8-43e5-ab92-83ef3ebe1440,1080p_60hz_q_25,Dancers@display=center_crop_1080p
1080p_60hz_q_25,2160p_60hz_q_49,532f40a1-621c-494b-8e10-a8cb0668755d,1080p_60hz_q_25,Dancers@display=center_crop_1080p
1080p_60hz_q_25,1080p_60hz_q_25,05b5a635-0c1c-40d3-a1d1-41f2cfd5eb5c,2160p_60hz_q_49,Dancers@display=center_crop_1080p
1080p_60hz_q_25,2160p_60hz_q_49,c4a0e1ad-7984-40d7-8f68-73a82a2a463f,1080p_60hz_q_25,Dancers@display=center_crop_1080p
1080p_60hz_q_25,2160p_60hz_q_49,0ffef109-60c6-4ceb-ac56-654ec208a83f,1080p_60hz_q_25,Dancers@display=center_crop_1080p
1080p_60hz_q_25,1080p_60hz_q_25,5d7831a1-caca-4669-9e4c-d8c0329ff397,2160p_60hz_q_49,Dancers@display=center_crop_1080p
2160p_60hz_q_27,2160p_60hz_q_27,0342ff17-6f9e-48d6-8a90-91636dce509f,1080p_60hz_q_29,Football@display=center_crop_1080p
,2160p_60hz_q_27,d6ba2aff-cecb-46aa-8325-57f11ca3b9df,1080p_60hz_q_29,Football@display=center_crop_1080p
1080p_60hz_q_29,1080p_60hz_q_29,1879c35a-85bd-4033-aa8d-f1c79ce51a7f,2160p_60hz_q_27,Football@display=center_crop_1080p
,1080p_60hz_q_29,a19a106e-8382-4006-944c-61b928f95814,2160p_60hz_q_27,Football@display=center_crop_1080p
2160p_60hz_q_27,2160p_60hz_q_27,7e0438d1-a48a-4e60-9234-b320965d86aa,1080p_60hz_q_29,Football@display=center_crop_1080p
2160p_60hz_q_27,2160p_60hz_q_27,edc9c4be-870a-4682-bc68-79c60e58efe1,1080p_60hz_q_29,Football@display=center_crop_1080p
2160p_60hz_q_27,1080p_60hz_q_29,b7928616-ca9e-452f-a4c0-0f707a07341c,2160p_60hz_q_27,Football@display=center_crop_1080p
,1080p_60hz_q_29,109eb910-4896-4ae9-8621-2db0f75f6dc4,2160p_60hz_q_27,Football@display=center_crop_1080p
2160p_60hz_q_27,1080p_60hz_q_29,e4791982-1c0b-4b9d-96dd-f685a61a40b7,2160p_60hz_q_27,Football@display=center_crop_1080p
2160p_60hz_q_27,1080p_60hz_q_29,23fa0894-e067-4bdf-98ff-55ade0a43235,2160p_60hz_q_27,Football@display=center_crop_1080p
2160p_60hz_q_29,2160p_60hz_q_29,0342ff17-6f9e-48d6-8a90-91636dce509f,2160p_60hz_q_37,Ritual@display=center_crop_1080p
2160p_60hz_q_29,2160p_60hz_q_37,9d4cc4b7-59aa-493d-844b-83e05a7ee9b6,2160p_60hz_q_29,Ritual@display=center_crop_1080p
2160p_60hz_q_29,2160p_60hz_q_37,8f93cd33-b4c5-4e6c-9337-89d455cb7fbe,2160p_60hz_q_29,Ritual@display=center_crop_1080p
2160p_60hz_q_29,2160p_60hz_q_29,b5d5ad99-3c81-4f5a-ab4e-a3aae033d40b,2160p_60hz_q_37,Ritual@display=center_crop_1080p
2160p_60hz_q_29,2160p_60hz_q_37,d6ba2aff-cecb-46aa-8325-57f11ca3b9df,2160p_60hz_q_29,Ritual@display=center_crop_1080p
2160p_60hz_q_29,2160p_60hz_q_37,c42c6f3e-4b34-4438-9461-dfc16820e17b,2160p_60hz_q_29,Ritual@display=center_crop_1080p
2160p_60hz_q_29,2160p_60hz_q_37,d4caa0db-8bd4-47cc-ad0e-f10ed19d1038,2160p_60hz_q_29,Ritual@display=center_crop_1080p
2160p_60hz_q_29,2160p_60hz_q_37,12ef4ddb-107d-42b2-bfa0-b59fa554e40a,2160p_60hz_q_29,Ritual@display=center_crop_1080p
,2160p_60hz_q_29,234f2863-9dc3-4857-bbf9-144b0e1a86f4,2160p_60hz_q_37,Ritual@display=center_crop_1080p
2160p_60hz_q_37,2160p_60hz_q_37,966299a2-a7bd-4029-a06f-4054980e3c4f,2160p_60hz_q_29,Ritual@display=center_crop_1080p
2160p_60hz_q_41,2160p_60hz_q_51,bc6328e9-ac68-4cf5-9c95-116d946da15b,2160p_60hz_q_41,Football@display=center_crop_1080p
2160p_60hz_q_41,2160p_60hz_q_41,bb0de866-f477-4617-92a3-a805e8a1d219,2160p_60hz_q_51,Football@display=center_crop_1080p
2160p_60hz_q_41,2160p_60hz_q_41,cb7ef030-32e8-43e5-ab92-83ef3ebe1440,2160p_60hz_q_51,Football@display=center_crop_1080p
2160p_60hz_q_41,2160p_60hz_q_51,fcf36229-e931-4a91-8e22-2a87f1aab261,2160p_60hz_q_41,Football@display=center_crop_1080p
2160p_60hz_q_41,2160p_60hz_q_51,1255512e-c359-4479-9837-296bf75c44f8,2160p_60hz_q_41,Football@display=center_crop_1080p
2160p_60hz_q_41,2160p_60hz_q_51,3c7562c0-bc9e-4808-9372-695211fc6275,2160p_60hz_q_41,Football@display=center_crop_1080p
2160p_60hz_q_41,2160p_60hz_q_51,5fdf86ad-9d4e-4634-a044-29b78873c1a5,2160p_60hz_q_41,Football@display=center_crop_1080p
2160p_60hz_q_41,2160p_60hz_q_51,e0a72c3a-15b0-43a1-9aa0-00e27e8bcc4f,2160p_60hz_q_41,Football@display=center_crop_1080p
2160p_60hz_q_41,2160p_60hz_q_41,e4791982-1c0b-4b9d-96dd-f685a61a40b7,2160p_60hz_q_51,Football@display=center_crop_1080p
2160p_60hz_q_41,2160p_60hz_q_41,eb300457-ab68-4665-a62e-e63b649b3fdf,2160p_60hz_q_51,Football@display=center_crop_1080p
1080p_60hz_q_27,1080p_60hz_q_27,b3bea668-0154-47a7-958c-45380c2c7da0,1080p_60hz_q_31,Narrator@display=center_crop_1080p
,1080p_60hz_q_27,27fc7da4-6d5e-44aa-892d-e16ec39089cc,1080p_60hz_q_31,Narrator@display=center_crop_1080p
1080p_60hz_q_27,1080p_60hz_q_27,c35a25f8-73ad-40bf-ac86-c73d08325734,1080p_60hz_q_31,Narrator@display=center_crop_1080p
1080p_60hz_q_27,1080p_60hz_q_31,606c83fe-5972-4bcb-b811-f7bb443fc6fd,1080p_60hz_q_27,Narrator@display=center_crop_1080p
1080p_60hz_q_27,1080p_60hz_q_31,48b895da-31dd-4c47-8d99-cbe1bd7d4339,1080p_60hz_q_27,Narrator@display=center_crop_1080p
,1080p_60hz_q_27,a19a106e-8382-4006-944c-61b928f95814,1080p_60hz_q_31,Narrator@display=center_crop_1080p
,1080p_60hz_q_27,07bb6da7-3bb5-4713-94b5-3cc6da69b587,1080p_60hz_q_31,Narrator@display=center_crop_1080p
,1080p_60hz_q_31,bc6328e9-ac68-4cf5-9c95-116d946da15b,1080p_60hz_q_27,Narrator@display=center_crop_1080p
1080p_60hz_q_27,1080p_60hz_q_31,c35a25f8-73ad-40bf-ac86-c73d08325734,1080p_60hz_q_27,Narrator@display=center_crop_1080p
1080p_60hz_q_31,1080p_60hz_q_27,f33fbf32-6eda-406b-84e4-2bf22ec6cf36,1080p_60hz_q_31,Narrator@display=center_crop_1080p
,2160p_60hz_q_45,bc6328e9-ac68-4cf5-9c95-116d946da15b,2160p_60hz_q_39,HoneyBee@display=center_crop_1080p
2160p_60hz_q_39,2160p_60hz_q_39,f33fbf32-6eda-406b-84e4-2bf22ec6cf36,2160p_60hz_q_45,HoneyBee@display=center_crop_1080p
2160p_60hz_q_39,2160p_60hz_q_39,232508cc-8372-4d0c-bbe0-9a174d6a0c6a,2160p_60hz_q_45,HoneyBee@display=center_crop_1080p
2160p_60hz_q_39,2160p_60hz_q_39,c35a25f8-73ad-40bf-ac86-c73d08325734,2160p_60hz_q_45,HoneyBee@display=center_crop_1080p
2160p_60hz_q_39,2160p_60hz_q_39,9d7f3cb5-9b1d-4a2b-8564-bd16197718d7,2160p_60hz_q_45,HoneyBee@display=center_crop_1080p
2160p_60hz_q_39,2160p_60hz_q_39,5c9fb765-7783-4e60-af0f-aa58a44f2419,2160p_60hz_q_45,HoneyBee@display=center_crop_1080p
,2160p_60hz_q_39,4df1c570-ef1a-4197-ab7f-78f52c6abbdd,2160p_60hz_q_45,HoneyBee@display=center_crop_1080p
2160p_60hz_q_39,2160p_60hz_q_45,d4f74e62-520b-489d-af5c-051c4d744c55,2160p_60hz_q_39,HoneyBee@display=center_crop_1080p
2160p_60hz_q_39,2160p_60hz_q_45,2bd94a3e-72b0-4010-9e82-d5d934a3ab57,2160p_60hz_q_39,HoneyBee@display=center_crop_1080p
2160p_60hz_q_39,2160p_60hz_q_45,b071fb5e-233d-4a69-873f-08407b51b05c,2160p_60hz_q_39,HoneyBee@display=center_crop_1080p
2160p_60hz_q_33,2160p_60hz_q_33,ca1ed559-56c0-4ec2-9a97-ef41e1a1ef4d,1080p_60hz_q_35,Dinner@display=center_crop_1080p
2160p_60hz_q_33,2160p_60hz_q_33,7732bed5-fc82-4d88-b674-40d62da7e8d0,1080p_60hz_q_35,Dinner@display=center_crop_1080p
2160p_60hz_q_33,1080p_60hz_q_35,15a33f39-68de-4ec2-a989-d4fb1a1d21f0,2160p_60hz_q_33,Dinner@display=center_crop_1080p
2160p_60hz_q_33,2160p_60hz_q_33,17280dc9-80f2-4649-b2ff-73bb5953c227,1080p_60hz_q_35,Dinner@display=center_crop_1080p
2160p_60hz_q_33,2160p_60hz_q_33,fcf36229-e931-4a91-8e22-2a87f1aab261,1080p_60hz_q_35,Dinner@display=center_crop_1080p
2160p_60hz_q_33,1080p_60hz_q_35,a21ffff2-ba97-464c-a146-c7f86c53705a,2160p_60hz_q_33,Dinner@display=center_crop_1080p
2160p_60hz_q_33,2160p_60hz_q_33,0ea37ed8-df3d-4bd2-9c04-dc44aa006a9e,1080p_60hz_q_35,Dinner@display=center_crop_1080p
2160p_60hz_q_33,2160p_60hz_q_33,bf850da6-7c90-4bad-9ba2-ea60aad4339c,1080p_60hz_q_35,Dinner@display=center_crop_1080p
2160p_60hz_q_33,2160p_60hz_q_33,7ddeb20b-f4f8-4fb9-a492-b8062afa1e27,1080p_60hz_q_35,Dinner@display=center_crop_1080p
2160p_60hz_q_33,2160p_60hz_q_33,523ea5e5-4fd4-40e9-9c8e-8d615f1f5f82,1080p_60hz_q_35,Dinner@display=center_crop_1080p
2160p_60hz_q_45,2160p_60hz_q_45,ca1ed559-56c0-4ec2-9a97-ef41e1a1ef4d,1080p_60hz_q_43,Monkeys@display=center_crop_1080p
2160p_60hz_q_45,2160p_60hz_q_45,33d6bc20-c2de-4c46-a451-3681be8dc16c,1080p_60hz_q_43,Monkeys@display=center_crop_1080p
2160p_60hz_q_45,1080p_60hz_q_43,285deb4d-638a-4cee-8ceb-cf512c184de5,2160p_60hz_q_45,Monkeys@display=center_crop_1080p
2160p_60hz_q_45,1080p_60hz_q_43,b7c70b81-275b-4549-ac00-de8dbd201b40,2160p_60hz_q_45,Monkeys@display=center_crop_1080p
2160p_60hz_q_45,2160p_60hz_q_45,6548cc0b-1e7d-4c7b-bef3-d24d0e401d9c,1080p_60hz_q_43,Monkeys@display=center_crop_1080p
1080p_60hz_q_43,1080p_60hz_q_43,0ea37ed8-df3d-4bd2-9c04-dc44aa006a9e,2160p_60hz_q_45,Monkeys@display=center_crop_1080p
2160p_60hz_q_45,1080p_60hz_q_43,232508cc-8372-4d0c-bbe0-9a174d6a0c6a,2160p_60hz_q_45,Monkeys@display=center_crop_1080p
,2160p_60hz_q_45,d135eddd-102e-46e7-82da-64419e897ce6,1080p_60hz_q_43,Monkeys@display=center_crop_1080p
,1080p_60hz_q_43,53fda506-b1fc-4245-860a-07ad40e5b65d,2160p_60hz_q_45,Monkeys@display=center_crop_1080p
2160p_60hz_q_45,2160p_60hz_q_45,d11f9ccb-7bb2-41ae-beae-fa69cbbfbde7,1080p_60hz_q_43,Monkeys@display=center_crop_1080p
2160p_60hz_q_35,2160p_60hz_q_35,5521ff94-7e87-4bd3-a91f-fe3c18491c86,2160p_60hz_q_45,Beauty@display=center_crop_1080p
2160p_60hz_q_35,2160p_60hz_q_45,984e388d-b130-4495-9352-11919b42ab34,2160p_60hz_q_35,Beauty@display=center_crop_1080p
2160p_60hz_q_35,2160p_60hz_q_35,0d1af6dd-f5f6-42b8-b58f-1f062d3cdc72,2160p_60hz_q_45,Beauty@display=center_crop_1080p
2160p_60hz_q_35,2160p_60hz_q_45,eb8aa815-a946-4f28-b470-3f1c9fdf4788,2160p_60hz_q_35,Beauty@display=center_crop_1080p
2160p_60hz_q_35,2160p_60hz_q_35,8d422037-bbe3-4258-b1ef-8f0503275f26,2160p_60hz_q_45,Beauty@display=center_crop_1080p
2160p_60hz_q_35,2160p_60hz_q_35,cc653c90-c2e7-463e-83b6-1dee35da7534,2160p_60hz_q_45,Beauty@display=center_crop_1080p
2160p_60hz_q_35,2160p_60hz_q_45,d4caa0db-8bd4-47cc-ad0e-f10ed19d1038,2160p_60hz_q_35,Beauty@display=center_crop_1080p
2160p_60hz_q_35,2160p_60hz_q_35,ca1ed559-56c0-4ec2-9a97-ef41e1a1ef4d,2160p_60hz_q_45,Beauty@display=center_crop_1080p
2160p_60hz_q_35,2160p_60hz_q_45,e14d6669-467f-41ea-9347-18173aa10ac3,2160p_60hz_q_35,Beauty@display=center_crop_1080p
2160p_60hz_q_35,2160p_60hz_q_45,b071fb5e-233d-4a69-873f-08407b51b05c,2160p_60hz_q_35,Beauty@display=center_crop_1080p
,2160p_60hz_q_25,ca1ed559-56c0-4ec2-9a97-ef41e1a1ef4d,1080p_60hz_q_25,Dancers@display=center_crop_1080p
,2160p_60hz_q_25,0c55ce65-4725-4776-9e80-68de0d55c818,1080p_60hz_q_25,Dancers@display=center_crop_1080p
2160p_60hz_q_25,2160p_60hz_q_25,863335b0-11fb-4fc6-80d1-123269c15ba3,1080p_60hz_q_25,Dancers@display=center_crop_1080p
2160p_60hz_q_25,1080p_60hz_q_25,89a1c554-1ca4-4287-a0c9-314fe9b8197e,2160p_60hz_q_25,Dancers@display=center_crop_1080p
,1080p_60hz_q_25,a19a106e-8382-4006-944c-61b928f95814,2160p_60hz_q_25,Dancers@display=center_crop_1080p
,1080p_60hz_q_25,59afbfdf-b41c-47dc-9323-b8a435f4b924,2160p_60hz_q_25,Dancers@display=center_crop_1080p
1080p_60hz_q_25,1080p_60hz_q_25,50643d45-c2af-4f8c-b193-3f15787dcbd2,2160p_60hz_q_25,Dancers@display=center_crop_1080p
,2160p_60hz_q_25,232508cc-8372-4d0c-bbe0-9a174d6a0c6a,1080p_60hz_q_25,Dancers@display=center_crop_1080p
2160p_60hz_q_25,2160p_60hz_q_25,d135eddd-102e-46e7-82da-64419e897ce6,1080p_60hz_q_25,Dancers@display=center_crop_1080p
1080p_60hz_q_25,2160p_60hz_q_25,ac060a26-f40f-4682-ab6e-89bc9d9355fb,1080p_60hz_q_25,Dancers@display=center_crop_1080p
1080p_60hz_q_39,1080p_60hz_q_39,d11f9ccb-7bb2-41ae-beae-fa69cbbfbde7,2160p_60hz_q_49,Discuss@display=center_crop_1080p
1080p_60hz_q_39,1080p_60hz_q_39,fcf36229-e931-4a91-8e22-2a87f1aab261,2160p_60hz_q_49,Discuss@display=center_crop_1080p
1080p_60hz_q_39,1080p_60hz_q_39,02bdc5dd-6b5a-4f34-b244-61603b6e09ae,2160p_60hz_q_49,Discuss@display=center_crop_1080p
1080p_60hz_q_39,1080p_60hz_q_39,e154a82c-3a72-4854-8f3a-f54550369af2,2160p_60hz_q_49,Discuss@display=center_crop_1080p
1080p_60hz_q_39,1080p_60hz_q_39,02bdc5dd-6b5a-4f34-b244-61603b6e09ae,2160p_60hz_q_49,Discuss@display=center_crop_1080p
1080p_60hz_q_39,1080p_60hz_q_39,9b110929-8562-4dea-aa03-dea569d7160a,2160p_60hz_q_49,Discuss@display=center_crop_1080p
,2160p_60hz_q_49,46c72348-a4f5-45a1-aca1-ed0547c43708,1080p_60hz_q_39,Discuss@display=center_crop_1080p
1080p_60hz_q_39,1080p_60hz_q_39,966299a2-a7bd-4029-a06f-4054980e3c4f,2160p_60hz_q_49,Discuss@display=center_crop_1080p
,2160p_60hz_q_49,d42a6af2-2b3b-4c79-9e96-57767a5c5065,1080p_60hz_q_39,Discuss@display=center_crop_1080p
1080p_60hz_q_39,2160p_60hz_q_49,946b7170-be46-4eb3-b754-5ee5511bc09a,1080p_60hz_q_39,Discuss@display=center_crop_1080p
2160p_60hz_q_33,2160p_60hz_q_33,c1406dbe-085d-437e-a0f6-f8cac228648d,1080p_60hz_q_37,Jockey@display=center_crop_1080p
2160p_60hz_q_33,1080p_60hz_q_37,110d7871-1915-4303-887e-891fb24433ca,2160p_60hz_q_33,Jockey@display=center_crop_1080p
2160p_60hz_q_33,1080p_60hz_q_37,232508cc-8372-4d0c-bbe0-9a174d6a0c6a,2160p_60hz_q_33,Jockey@display=center_crop_1080p
2160p_60hz_q_33,2160p_60hz_q_33,b080efca-4a2b-456b-8b97-fa7150fa2f8d,1080p_60hz_q_37,Jockey@display=center_crop_1080p
2160p_60hz_q_33,1080p_60hz_q_37,d739b99a-9798-42ec-b4f4-3db5001692c4,2160p_60hz_q_33,Jockey@display=center_crop_1080p
2160p_60hz_q_33,1080p_60hz_q_37,7e0438d1-a48a-4e60-9234-b320965d86aa,2160p_60hz_q_33,Jockey@display=center_crop_1080p
2160p_60hz_q_33,1080p_60hz_q_37,631d5c27-ad66-408c-b36e-9da595aaa740,2160p_60hz_q_33,Jockey@display=center_crop_1080p
2160p_60hz_q_33,2160p_60hz_q_33,c42c6f3e-4b34-4438-9461-dfc16820e17b,1080p_60hz_q_37,Jockey@display=center_crop_1080p
1080p_60hz_q_37,1080p_60hz_q_37,e972bffc-ae23-4562-ac73-419f130e0062,2160p_60hz_q_33,Jockey@display=center_crop_1080p
2160p_60hz_q_33,1080p_60hz_q_37,b2301164-83b7-413a-84b4-18592d2bda27,2160p_60hz_q_33,Jockey@display=center_crop_1080p
2160p_60hz_q_35,1080p_60hz_q_37,a593750d-9e2c-4127-906a-9c623c034081,2160p_60hz_q_35,Toddler@display=center_crop_1080p
2160p_60hz_q_35,2160p_60hz_q_35,2e79787c-c952-4312-b557-3d8eaa1a03d9,1080p_60hz_q_37,Toddler@display=center_crop_1080p
2160p_60hz_q_35,2160p_60hz_q_35,5521ff94-7e87-4bd3-a91f-fe3c18491c86,1080p_60hz_q_37,Toddler@display=center_crop_1080p
2160p_60hz_q_35,1080p_60hz_q_37,7ac3129c-bc4a-4a32-9ca5-27a305d5c36c,2160p_60hz_q_35,Toddler@display=center_crop_1080p
2160p_60hz_q_35,2160p_60hz_q_35,654273d8-39da-4132-b299-f4c320d54d3b,1080p_60hz_q_37,Toddler@display=center_crop_1080p
1080p_60hz_q_37,2160p_60hz_q_35,e2c15f73-409b-4bf1-bdb6-d0391da62807,1080p_60hz_q_37,Toddler@display=center_crop_1080p
2160p_60hz_q_35,1080p_60hz_q_37,32f8d619-a479-42d1-b457-f76b8f164236,2160p_60hz_q_35,Toddler@display=center_crop_1080p
2160p_60hz_q_35,2160p_60hz_q_35,46c72348-a4f5-45a1-aca1-ed0547c43708,1080p_60hz_q_37,Toddler@display=center_crop_1080p
2160p_60hz_q_35,1080p_60hz_q_37,7ddeb20b-f4f8-4fb9-a492-b8062afa1e27,2160p_60hz_q_35,Toddler@display=center_crop_1080p
2160p_60hz_q_35,1080p_60hz_q_37,9d7f3cb5-9b1d-4a2b-8564-bd16197718d7,2160p_60hz_q_35,Toddler@display=center_crop_1080p
2160p_60hz_q_27,2160p_60hz_q_27,02bdc5dd-6b5a-4f34-b244-61603b6e09ae,1080p_60hz_q_33,Football@display=center_crop_1080p
2160p_60hz_q_27,2160p_60hz_q_27,765454bf-56a0-46e6-8d8c-bc870137fb21,1080p_60hz_q_33,Football@display=center_crop_1080p
2160p_60hz_q_27,1080p_60hz_q_33,02bdc5dd-6b5a-4f34-b244-61603b6e09ae,2160p_60hz_q_27,Football@display=center_crop_1080p
2160p_60hz_q_27,2160p_60hz_q_27,1a451c03-6caa-4ba8-8207-bfdff094790a,1080p_60hz_q_33,Football@display=center_crop_1080p
2160p_60hz_q_27,2160p_60hz_q_27,d0def9ea-d1d8-481e-865e-e7781ca522cf,1080p_60hz_q_33,Football@display=center_crop_1080p
2160p_60hz_q_27,2160p_60hz_q_27,c42c6f3e-4b34-4438-9461-dfc16820e17b,1080p_60hz_q_33,Football@display=center_crop_1080p
2160p_60hz_q_27,1080p_60hz_q_33,94d70f48-55b6-4b7a-9dae-68e34937fd1c,2160p_60hz_q_27,Football@display=center_crop_1080p
2160p_60hz_q_27,2160p_60hz_q_27,2e18b0d1-37c9-4503-a092-99a9ed14251c,1080p_60hz_q_33,Football@display=center_crop_1080p
2160p_60hz_q_27,1080p_60hz_q_33,8af7b70c-7bcb-4870-a401-358e2ab39eab,2160p_60hz_q_27,Football@display=center_crop_1080p
2160p_60hz_q_27,1080p_60hz_q_33,7fa32d26-7bca-4bd0-8d73-03341d624eca,2160p_60hz_q_27,Football@display=center_crop_1080p
2160p_60hz_q_43,2160p_60hz_q_43,921e2578-7569-4445-a5d3-5a5ea2ec2889,2160p_60hz_q_49,Discuss@display=center_crop_1080p
2160p_60hz_q_43,2160p_60hz_q_49,4df1c570-ef1a-4197-ab7f-78f52c6abbdd,2160p_60hz_q_43,Discuss@display=center_crop_1080p
2160p_60hz_q_43,2160p_60hz_q_43,5bf5dadf-cc67-42ba-b42b-1b9415d17c24,2160p_60hz_q_49,Discuss@display=center_crop_1080p
2160p_60hz_q_43,2160p_60hz_q_43,e2adc937-ec87-4b98-979f-68691bb93285,2160p_60hz_q_49,Discuss@display=center_crop_1080p
2160p_60hz_q_43,2160p_60hz_q_43,5bf5dadf-cc67-42ba-b42b-1b9415d17c24,2160p_60hz_q_49,Discuss@display=center_crop_1080p
,2160p_60hz_q_49,59afbfdf-b41c-47dc-9323-b8a435f4b924,2160p_60hz_q_43,Discuss@display=center_crop_1080p
2160p_60hz_q_43,2160p_60hz_q_43,d05165a1-48ac-49d0-9aad-a67277f852b8,2160p_60hz_q_49,Discuss@display=center_crop_1080p
2160p_60hz_q_43,2160p_60hz_q_43,95eaa2d2-2d34-46ab-b6f1-cf8d40188be4,2160p_60hz_q_49,Discuss@display=center_crop_1080p
2160p_60hz_q_43,2160p_60hz_q_43,d093d363-050e-4485-a32c-a78f0cbf9200,2160p_60hz_q_49,Discuss@display=center_crop_1080p
2160p_60hz_q_43,2160p_60hz_q_43,95eaa2d2-2d34-46ab-b6f1-cf8d40188be4,2160p_60hz_q_49,Discuss@display=center_crop_1080p
2160p_60hz_q_37,2160p_60hz_q_45,46c72348-a4f5-45a1-aca1-ed0547c43708,2160p_60hz_q_37,Yacht@display=center_crop_1080p
2160p_60hz_q_37,2160p_60hz_q_45,7fa32d26-7bca-4bd0-8d73-03341d624eca,2160p_60hz_q_37,Yacht@display=center_crop_1080p
2160p_60hz_q_37,2160p_60hz_q_37,285deb4d-638a-4cee-8ceb-cf512c184de5,2160p_60hz_q_45,Yacht@display=center_crop_1080p
2160p_60hz_q_37,2160p_60hz_q_45,45d734a8-ca71-42f6-abde-ef570e3b4cf1,2160p_60hz_q_37,Yacht@display=center_crop_1080p
2160p_60hz_q_37,2160p_60hz_q_37,3e499d20-74be-44a1-956e-8b361c3a75b1,2160p_60hz_q_45,Yacht@display=center_crop_1080p
2160p_60hz_q_37,2160p_60hz_q_45,23481d60-7bee-4bd3-be2e-a512a295aebb,2160p_60hz_q_37,Yacht@display=center_crop_1080p
2160p_60hz_q_37,2160p_60hz_q_45,32f8d619-a479-42d1-b457-f76b8f164236,2160p_60hz_q_37,Yacht@display=center_crop_1080p
2160p_60hz_q_37,2160p_60hz_q_45,0c1c7340-3f94-4985-af41-6c3ee4c993c8,2160p_60hz_q_37,Yacht@display=center_crop_1080p
2160p_60hz_q_37,2160p_60hz_q_37,defc3237-931e-4a71-bf18-59d6d7c99b4c,2160p_60hz_q_45,Yacht@display=center_crop_1080p
2160p_60hz_q_37,2160p_60hz_q_45,9d9a8f21-682d-4940-bb3e-77802c7e41fe,2160p_60hz_q_37,Yacht@display=center_crop_1080p
,2160p_60hz_q_37,7fa32d26-7bca-4bd0-8d73-03341d624eca,1080p_60hz_q_39,Tunnel@display=center_crop_1080p
2160p_60hz_q_37,2160p_60hz_q_37,04d3a74c-6229-4c46-b5ac-f17b5929936d,1080p_60hz_q_39,Tunnel@display=center_crop_1080p
2160p_60hz_q_37,1080p_60hz_q_39,2ea19ebb-5fdf-47c4-aa24-d9d7355fda95,2160p_60hz_q_37,Tunnel@display=center_crop_1080p
,1080p_60hz_q_39,e170141b-c0ee-4624-b054-17a5c6aced22,2160p_60hz_q_37,Tunnel@display=center_crop_1080p
1080p_60hz_q_39,2160p_60hz_q_37,bf850da6-7c90-4bad-9ba2-ea60aad4339c,1080p_60hz_q_39,Tunnel@display=center_crop_1080p
1080p_60hz_q_39,1080p_60hz_q_39,8874acc5-cdbe-47f2-a092-7777f2ee3594,2160p_60hz_q_37,Tunnel@display=center_crop_1080p
2160p_60hz_q_37,2160p_60hz_q_37,d88c101b-11c9-4e8d-9dae-f4e5b67933d1,1080p_60hz_q_39,Tunnel@display=center_crop_1080p
,2160p_60hz_q_37,337071eb-82e7-440f-93a9-60e3f4e874d3,1080p_60hz_q_39,Tunnel@display=center_crop_1080p
,2160p_60hz_q_37,337071eb-82e7-440f-93a9-60e3f4e874d3,1080p_60hz_q_39,Tunnel@display=center_crop_1080p
2160p_60hz_q_37,2160p_60hz_q_37,eb300457-ab68-4665-a62e-e63b649b3fdf,1080p_60hz_q_39,Tunnel@display=center_crop_1080p
2160p_60hz_q_29,2160p_60hz_q_49,fcf36c35-1d49-4f05-a0d2-3f573be84282,2160p_60hz_q_29,Ritual@display=center_crop_1080p
2160p_60hz_q_29,2160p_60hz_q_29,0c824067-2fc7-44f5-9e62-4469ee9f28bd,2160p_60hz_q_49,Ritual@display=center_crop_1080p
2160p_60hz_q_29,2160p_60hz_q_29,33d6bc20-c2de-4c46-a451-3681be8dc16c,2160p_60hz_q_49,Ritual@display=center_crop_1080p
2160p_60hz_q_29,2160p_60hz_q_29,c81ae704-93f9-4974-8b29-9181659b6dd4,2160p_60hz_q_49,Ritual@display=center_crop_1080p
2160p_60hz_q_29,2160p_60hz_q_29,4cd150dd-7a6c-4a04-bcbb-c430cb979769,2160p_60hz_q_49,Ritual@display=center_crop_1080p
2160p_60hz_q_29,2160p_60hz_q_49,0d1af6dd-f5f6-42b8-b58f-1f062d3cdc72,2160p_60hz_q_29,Ritual@display=center_crop_1080p
2160p_60hz_q_29,2160p_60hz_q_49,5989e0f3-b0a9-47d7-b12a-46b2ba1b1502,2160p_60hz_q_29,Ritual@display=center_crop_1080p
2160p_60hz_q_29,2160p_60hz_q_49,f865b921-41ac-4b8a-99a2-9e7b2738ff85,2160p_60hz_q_29,Ritual@display=center_crop_1080p
2160p_60hz_q_29,2160p_60hz_q_29,ee00aeb2-a1df-4d5c-bf9c-9699648637aa,2160p_60hz_q_49,Ritual@display=center_crop_1080p
2160p_60hz_q_29,2160p_60hz_q_29,02bdc5dd-6b5a-4f34-b244-61603b6e09ae,2160p_60hz_q_49,Ritual@display=center_crop_1080p
2160p_60hz_q_35,2160p_60hz_q_35,fcf36c35-1d49-4f05-a0d2-3f573be84282,1080p_60hz_q_33,Toddler@display=center_crop_1080p
2160p_60hz_q_35,1080p_60hz_q_33,5b32a3b4-03ed-4323-90b4-de0bff193bd8,2160p_60hz_q_35,Toddler@display=center_crop_1080p
2160p_60hz_q_35,1080p_60hz_q_33,04d3a74c-6229-4c46-b5ac-f17b5929936d,2160p_60hz_q_35,Toddler@display=center_crop_1080p
2160p_60hz_q_35,1080p_60hz_q_33,3983543e-c80b-40e4-bd96-0bc96de4c562,2160p_60hz_q_35,Toddler@display=center_crop_1080p
2160p_60hz_q_35,1080p_60hz_q_33,809c6f38-8134-47bd-8f9b-e5110f957391,2160p_60hz_q_35,Toddler@display=center_crop_1080p
2160p_60hz_q_35,2160p_60hz_q_35,30e8a8c4-2328-440a-b55d-d5378c63abce,1080p_60hz_q_33,Toddler@display=center_crop_1080p
2160p_60hz_q_35,2160p_60hz_q_35,d0def9ea-d1d8-481e-865e-e7781ca522cf,1080p_60hz_q_33,Toddler@display=center_crop_1080p
1080p_60hz_q_33,2160p_60hz_q_35,b7928616-ca9e-452f-a4c0-0f707a07341c,1080p_60hz_q_33,Toddler@display=center_crop_1080p
,2160p_60hz_q_35,c80fb156-701f-41eb-b170-da73f11eb894,1080p_60hz_q_33,Toddler@display=center_crop_1080p
2160p_60hz_q_35,1080p_60hz_q_33,fee7ebd1-9cce-414e-afba-84587a9f5557,2160p_60hz_q_35,Toddler@display=center_crop_1080p
1080p_60hz_q_23,1080p_60hz_q_23,38ed80b5-0f71-489e-973d-37a39ed3a96c,2160p_60hz_q_39,HoneyBee@display=center_crop_1080p
1080p_60hz_q_23,2160p_60hz_q_39,3b093b24-8dee-407c-adc3-23e77227e35b,1080p_60hz_q_23,HoneyBee@display=center_crop_1080p
1080p_60hz_q_23,2160p_60hz_q_39,eb8aa815-a946-4f28-b470-3f1c9fdf4788,1080p_60hz_q_23,HoneyBee@display=center_crop_1080p
1080p_60hz_q_23,1080p_60hz_q_23,2efb2ebe-b88e-4181-9d88-e79646ad323c,2160p_60hz_q_39,HoneyBee@display=center_crop_1080p
1080p_60hz_q_23,2160p_60hz_q_39,c1f77f70-98ba-4d35-8fe5-5925140673e2,1080p_60hz_q_23,HoneyBee@display=center_crop_1080p
1080p_60hz_q_23,1080p_60hz_q_23,e170141b-c0ee-4624-b054-17a5c6aced22,2160p_60hz_q_39,HoneyBee@display=center_crop_1080p
1080p_60hz_q_23,1080p_60hz_q_23,bf850da6-7c90-4bad-9ba2-ea60aad4339c,2160p_60hz_q_39,HoneyBee@display=center_crop_1080p
1080p_60hz_q_23,1080p_60hz_q_23,45f7895e-4d5f-4242-b275-48ce60c655bc,2160p_60hz_q_39,HoneyBee@display=center_crop_1080p
,1080p_60hz_q_23,e2c67206-2707-487f-9bb5-dfaf2e2922f0,2160p_60hz_q_39,HoneyBee@display=center_crop_1080p
1080p_60hz_q_23,2160p_60hz_q_39,951670ac-a4a0-4c5f-b3e8-f8edc637fa52,1080p_60hz_q_23,HoneyBee@display=center_crop_1080p
2160p_60hz_q_29,2160p_60hz_q_29,f304bc2a-d059-481e-9268-2dc6d5c0ee8f,2160p_60hz_q_45,Ritual@display=center_crop_1080p
2160p_60hz_q_29,2160p_60hz_q_45,2e79787c-c952-4312-b557-3d8eaa1a03d9,2160p_60hz_q_29,Ritual@display=center_crop_1080p
2160p_60hz_q_29,2160p_60hz_q_29,cf2843f8-d897-4e6f-892f-3e8e414080c4,2160p_60hz_q_45,Ritual@display=center_crop_1080p
2160p_60hz_q_29,2160p_60hz_q_29,0744e640-8e21-41fe-ab34-dfe90d35a5e4,2160p_60hz_q_45,Ritual@display=center_crop_1080p
2160p_60hz_q_29,2160p_60hz_q_45,fcf36229-e931-4a91-8e22-2a87f1aab261,2160p_60hz_q_29,Ritual@display=center_crop_1080p
2160p_60hz_q_29,2160p_60hz_q_45,d0def9ea-d1d8-481e-865e-e7781ca522cf,2160p_60hz_q_29,Ritual@display=center_crop_1080p
2160p_60hz_q_29,2160p_60hz_q_45,40acb942-4edc-4dea-a078-26987e1de4a3,2160p_60hz_q_29,Ritual@display=center_crop_1080p
2160p_60hz_q_29,2160p_60hz_q_45,bf850da6-7c90-4bad-9ba2-ea60aad4339c,2160p_60hz_q_29,Ritual@display=center_crop_1080p
2160p_60hz_q_29,2160p_60hz_q_29,13ef788f-6080-4128-9bcf-3f3fe1fcacc0,2160p_60hz_q_45,Ritual@display=center_crop_1080p
2160p_60hz_q_29,2160p_60hz_q_29,088777a9-db1c-4683-9812-ce100f1b95df,2160p_60hz_q_45,Ritual@display=center_crop_1080p
2160p_60hz_q_25,2160p_60hz_q_25,f304bc2a-d059-481e-9268-2dc6d5c0ee8f,2160p_60hz_q_45,Narrator@display=center_crop_1080p
2160p_60hz_q_25,2160p_60hz_q_45,0c1c7340-3f94-4985-af41-6c3ee4c993c8,2160p_60hz_q_25,Narrator@display=center_crop_1080p
2160p_60hz_q_25,2160p_60hz_q_25,3f875a9c-3a5b-49b9-8c04-e56a4bb7d9ec,2160p_60hz_q_45,Narrator@display=center_crop_1080p
2160p_60hz_q_25,2160p_60hz_q_25,2bd94a3e-72b0-4010-9e82-d5d934a3ab57,2160p_60hz_q_45,Narrator@display=center_crop_1080p
2160p_60hz_q_25,2160p_60hz_q_25,1a4b7399-7fcd-4ddf-bb63-5a7e1ecc9174,2160p_60hz_q_45,Narrator@display=center_crop_1080p
2160p_60hz_q_25,2160p_60hz_q_45,c4a0e1ad-7984-40d7-8f68-73a82a2a463f,2160p_60hz_q_25,Narrator@display=center_crop_1080p
2160p_60hz_q_25,2160p_60hz_q_25,232508cc-8372-4d0c-bbe0-9a174d6a0c6a,2160p_60hz_q_45,Narrator@display=center_crop_1080p
2160p_60hz_q_25,2160p_60hz_q_45,cc653c90-c2e7-463e-83b6-1dee35da7534,2160p_60hz_q_25,Narrator@display=center_crop_1080p
2160p_60hz_q_25,2160p_60hz_q_25,ef28475d-dbd1-4ce8-903c-751fee91fbd1,2160p_60hz_q_45,Narrator@display=center_crop_1080p
2160p_60hz_q_25,2160p_60hz_q_45,d467718b-5841-4c1b-b448-1ff4876f3fb8,2160p_60hz_q_25,Narrator@display=center_crop_1080p
1080p_60hz_q_31,1080p_60hz_q_31,0c824067-2fc7-44f5-9e62-4469ee9f28bd,2160p_60hz_q_45,Narrator@display=center_crop_1080p
1080p_60hz_q_31,1080p_60hz_q_31,2efb2ebe-b88e-4181-9d88-e79646ad323c,2160p_60hz_q_45,Narrator@display=center_crop_1080p
1080p_60hz_q_31,2160p_60hz_q_45,d0def9ea-d1d8-481e-865e-e7781ca522cf,1080p_60hz_q_31,Narrator@display=center_crop_1080p
1080p_60hz_q_31,2160p_60hz_q_45,50643d45-c2af-4f8c-b193-3f15787dcbd2,1080p_60hz_q_31,Narrator@display=center_crop_1080p
1080p_60hz_q_31,2160p_60hz_q_45,bf850da6-7c90-4bad-9ba2-ea60aad4339c,1080p_60hz_q_31,Narrator@display=center_crop_1080p
1080p_60hz_q_31,2160p_60hz_q_45,ff018c0f-acf7-4bf8-ae51-2c1e2f9d4ce1,1080p_60hz_q_31,Narrator@display=center_crop_1080p
1080p_60hz_q_31,2160p_60hz_q_45,3c7562c0-bc9e-4808-9372-695211fc6275,1080p_60hz_q_31,Narrator@display=center_crop_1080p
1080p_60hz_q_31,1080p_60hz_q_31,2ef2ced7-e0c0-4f17-8842-daab631cff22,2160p_60hz_q_45,Narrator@display=center_crop_1080p
1080p_60hz_q_31,1080p_60hz_q_31,8af7b70c-7bcb-4870-a401-358e2ab39eab,2160p_60hz_q_45,Narrator@display=center_crop_1080p
1080p_60hz_q_31,1080p_60hz_q_31,d11f9ccb-7bb2-41ae-beae-fa69cbbfbde7,2160p_60hz_q_45,Narrator@display=center_crop_1080p
2160p_60hz_q_25,2160p_60hz_q_25,67d83dd0-c702-4742-bc13-028ca244d5fb,2160p_60hz_q_49,Dancers@display=center_crop_1080p
2160p_60hz_q_25,2160p_60hz_q_49,e588b351-3f75-4040-858b-1286d607e866,2160p_60hz_q_25,Dancers@display=center_crop_1080p
2160p_60hz_q_25,2160p_60hz_q_25,26a7dfc8-1e68-4579-b9af-f5727b8c413b,2160p_60hz_q_49,Dancers@display=center_crop_1080p
2160p_60hz_q_25,2160p_60hz_q_49,2ed884e7-7f71-4a59-88ae-63e2f27f6fef,2160p_60hz_q_25,Dancers@display=center_crop_1080p
2160p_60hz_q_25,2160p_60hz_q_25,9832020d-32c9-4b00-b7da-f708d715fc06,2160p_60hz_q_49,Dancers@display=center_crop_1080p
2160p_60hz_q_25,2160p_60hz_q_49,f865b921-41ac-4b8a-99a2-9e7b2738ff85,2160p_60hz_q_25,Dancers@display=center_crop_1080p
2160p_60hz_q_25,2160p_60hz_q_49,baff962a-861f-470e-b1f5-deb3cc28475d,2160p_60hz_q_25,Dancers@display=center_crop_1080p
2160p_60hz_q_25,2160p_60hz_q_49,af582b31-de6f-45b4-b3d3-ec513c6500eb,2160p_60hz_q_25,Dancers@display=center_crop_1080p
2160p_60hz_q_25,2160p_60hz_q_49,8af7b70c-7bcb-4870-a401-358e2ab39eab,2160p_60hz_q_25,Dancers@display=center_crop_1080p
2160p_60hz_q_25,2160p_60hz_q_49,523ea5e5-4fd4-40e9-9c8e-8d615f1f5f82,2160p_60hz_q_25,Dancers@display=center_crop_1080p
1080p_60hz_q_27,1080p_60hz_q_35,67d83dd0-c702-4742-bc13-028ca244d5fb,1080p_60hz_q_27,HoneyBee@display=center_crop_1080p
1080p_60hz_q_27,1080p_60hz_q_27,e9d0b79f-5cb6-42b3-ad16-03f671a861e8,1080p_60hz_q_35,HoneyBee@display=center_crop_1080p
1080p_60hz_q_27,1080p_60hz_q_27,285deb4d-638a-4cee-8ceb-cf512c184de5,1080p_60hz_q_35,HoneyBee@display=center_crop_1080p
1080p_60hz_q_27,1080p_60hz_q_27,b5797c5f-6b3b-4b7f-9b23-5bea5b3eb229,1080p_60hz_q_35,HoneyBee@display=center_crop_1080p
1080p_60hz_q_27,1080p_60hz_q_35,f865b921-41ac-4b8a-99a2-9e7b2738ff85,1080p_60hz_q_27,HoneyBee@display=center_crop_1080p
1080p_60hz_q_27,1080p_60hz_q_27,af582b31-de6f-45b4-b3d3-ec513c6500eb,1080p_60hz_q_35,HoneyBee@display=center_crop_1080p
1080p_60hz_q_27,1080p_60hz_q_35,b080efca-4a2b-456b-8b97-fa7150fa2f8d,1080p_60hz_q_27,HoneyBee@display=center_crop_1080p
1080p_60hz_q_27,1080p_60hz_q_27,da2c9fd7-50ab-458a-a922-f54ef3dbc3b2,1080p_60hz_q_35,HoneyBee@display=center_crop_1080p
1080p_60hz_q_27,1080p_60hz_q_27,2e18b0d1-37c9-4503-a092-99a9ed14251c,1080p_60hz_q_35,HoneyBee@display=center_crop_1080p
1080p_60hz_q_27,1080p_60hz_q_27,966299a2-a7bd-4029-a06f-4054980e3c4f,1080p_60hz_q_35,HoneyBee@display=center_crop_1080p
2160p_60hz_q_45,2160p_60hz_q_45,b2301164-83b7-413a-84b4-18592d2bda27,2160p_60hz_q_47,Ready@display=center_crop_1080p
,2160p_60hz_q_47,c81ae704-93f9-4974-8b29-9181659b6dd4,2160p_60hz_q_45,Ready@display=center_crop_1080p
,2160p_60hz_q_47,1afd1df2-27db-4494-8663-413ad9946a0d,2160p_60hz_q_45,Ready@display=center_crop_1080p
2160p_60hz_q_45,2160p_60hz_q_47,7ac3129c-bc4a-4a32-9ca5-27a305d5c36c,2160p_60hz_q_45,Ready@display=center_crop_1080p
2160p_60hz_q_45,2160p_60hz_q_45,a19a106e-8382-4006-944c-61b928f95814,2160p_60hz_q_47,Ready@display=center_crop_1080p
2160p_60hz_q_45,2160p_60hz_q_45,f865b921-41ac-4b8a-99a2-9e7b2738ff85,2160p_60hz_q_47,Ready@display=center_crop_1080p
2160p_60hz_q_45,2160p_60hz_q_45,9d9a8f21-682d-4940-bb3e-77802c7e41fe,2160p_60hz_q_47,Ready@display=center_crop_1080p
2160p_60hz_q_45,2160p_60hz_q_47,7206fd08-7457-4883-830b-cca57fc03ee5,2160p_60hz_q_45,Ready@display=center_crop_1080p
2160p_60hz_q_45,2160p_60hz_q_45,af582b31-de6f-45b4-b3d3-ec513c6500eb,2160p_60hz_q_47,Ready@display=center_crop_1080p
2160p_60hz_q_45,2160p_60hz_q_45,7ddeb20b-f4f8-4fb9-a492-b8062afa1e27,2160p_60hz_q_47,Ready@display=center_crop_1080p
,1080p_60hz_q_43,bb0de866-f477-4617-92a3-a805e8a1d219,2160p_60hz_q_51,Tunnel@display=center_crop_1080p
1080p_60hz_q_43,1080p_60hz_q_43,d2f8b16b-4b0b-4f2d-abf6-678cad1848f7,2160p_60hz_q_51,Tunnel@display=center_crop_1080p
1080p_60hz_q_43,2160p_60hz_q_51,fcf36229-e931-4a91-8e22-2a87f1aab261,1080p_60hz_q_43,Tunnel@display=center_crop_1080p
2160p_60hz_q_51,1080p_60hz_q_43,920ae656-f821-4eb5-a087-1c0799062c8b,2160p_60hz_q_51,Tunnel@display=center_crop_1080p
1080p_60hz_q_43,1080p_60hz_q_43,1a4b7399-7fcd-4ddf-bb63-5a7e1ecc9174,2160p_60hz_q_51,Tunnel@display=center_crop_1080p
1080p_60hz_q_43,1080p_60hz_q_43,8d422037-bbe3-4258-b1ef-8f0503275f26,2160p_60hz_q_51,Tunnel@display=center_crop_1080p
,2160p_60hz_q_51,46c72348-a4f5-45a1-aca1-ed0547c43708,1080p_60hz_q_43,Tunnel@display=center_crop_1080p
1080p_60hz_q_43,2160p_60hz_q_51,1be4edae-5a41-4038-b893-a09775762485,1080p_60hz_q_43,Tunnel@display=center_crop_1080p
,2160p_60hz_q_51,523ea5e5-4fd4-40e9-9c8e-8d615f1f5f82,1080p_60hz_q_43,Tunnel@display=center_crop_1080p
1080p_60hz_q_43,1080p_60hz_q_43,eb300457-ab68-4665-a62e-e63b649b3fdf,2160p_60hz_q_51,Tunnel@display=center_crop_1080p
2160p_60hz_q_39,2160p_60hz_q_39,e14d6669-467f-41ea-9347-18173aa10ac3,2160p_60hz_q_47,Toddler@display=center_crop_1080p
2160p_60hz_q_39,2160p_60hz_q_47,5c9fb765-7783-4e60-af0f-aa58a44f2419,2160p_60hz_q_39,Toddler@display=center_crop_1080p
2160p_60hz_q_39,2160p_60hz_q_47,757d41cf-5808-4373-a3b1-f7dd94f2ac11,2160p_60hz_q_39,Toddler@display=center_crop_1080p
,2160p_60hz_q_47,d6ba2aff-cecb-46aa-8325-57f11ca3b9df,2160p_60hz_q_39,Toddler@display=center_crop_1080p
2160p_60hz_q_39,2160p_60hz_q_39,d739b99a-9798-42ec-b4f4-3db5001692c4,2160p_60hz_q_47,Toddler@display=center_crop_1080p
2160p_60hz_q_39,2160p_60hz_q_39,bf850da6-7c90-4bad-9ba2-ea60aad4339c,2160p_60hz_q_47,Toddler@display=center_crop_1080p
2160p_60hz_q_39,2160p_60hz_q_47,4df1c570-ef1a-4197-ab7f-78f52c6abbdd,2160p_60hz_q_39,Toddler@display=center_crop_1080p
2160p_60hz_q_39,2160p_60hz_q_39,5fdf86ad-9d4e-4634-a044-29b78873c1a5,2160p_60hz_q_47,Toddler@display=center_crop_1080p
2160p_60hz_q_39,2160p_60hz_q_47,af582b31-de6f-45b4-b3d3-ec513c6500eb,2160p_60hz_q_39,Toddler@display=center_crop_1080p
2160p_60hz_q_39,2160p_60hz_q_47,523ea5e5-4fd4-40e9-9c8e-8d615f1f5f82,2160p_60hz_q_39,Toddler@display=center_crop_1080p
1080p_60hz_q_29,1080p_60hz_q_29,55916d21-4d60-41a9-bbdc-4b5273f1c0a1,1080p_60hz_q_35,Discuss@display=center_crop_1080p
1080p_60hz_q_29,1080p_60hz_q_35,5289ab4b-344d-487f-ac39-320de560806e,1080p_60hz_q_29,Discuss@display=center_crop_1080p
1080p_60hz_q_29,1080p_60hz_q_35,def6a485-5c26-438d-9ad9-e51d37f4a6cf,1080p_60hz_q_29,Discuss@display=center_crop_1080p
1080p_60hz_q_29,1080p_60hz_q_29,def6a485-5c26-438d-9ad9-e51d37f4a6cf,1080p_60hz_q_35,Discuss@display=center_crop_1080p
1080p_60hz_q_29,1080p_60hz_q_35,a5762c12-c5ba-4b11-898d-9ae55f04d30a,1080p_60hz_q_29,Discuss@display=center_crop_1080p
1080p_60hz_q_29,1080p_60hz_q_29,55916d21-4d60-41a9-bbdc-4b5273f1c0a1,1080p_60hz_q_35,Discuss@display=center_crop_1080p
1080p_60hz_q_29,1080p_60hz_q_29,def6a485-5c26-438d-9ad9-e51d37f4a6cf,1080p_60hz_q_35,Discuss@display=center_crop_1080p
1080p_60hz_q_29,1080p_60hz_q_29,eb8aa815-a946-4f28-b470-3f1c9fdf4788,1080p_60hz_q_35,Discuss@display=center_crop_1080p
1080p_60hz_q_29,1080p_60hz_q_35,b7928616-ca9e-452f-a4c0-0f707a07341c,1080p_60hz_q_29,Discuss@display=center_crop_1080p
1080p_60hz_q_29,1080p_60hz_q_29,c4a0e1ad-7984-40d7-8f68-73a82a2a463f,1080p_60hz_q_35,Discuss@display=center_crop_1080p
1080p_60hz_q_31,1080p_60hz_q_31,232508cc-8372-4d0c-bbe0-9a174d6a0c6a,1080p_60hz_q_35,Dinner@display=center_crop_1080p
1080p_60hz_q_31,1080p_60hz_q_31,fbfd61f4-6813-4623-98f8-85664b3910ae,1080p_60hz_q_35,Dinner@display=center_crop_1080p
1080p_60hz_q_31,1080p_60hz_q_31,4e09a9b9-6b2b-4400-80d9-80562371bcb7,1080p_60hz_q_35,Dinner@display=center_crop_1080p
1080p_60hz_q_31,1080p_60hz_q_35,ef28475d-dbd1-4ce8-903c-751fee91fbd1,1080p_60hz_q_31,Dinner@display=center_crop_1080p
,1080p_60hz_q_31,0744e640-8e21-41fe-ab34-dfe90d35a5e4,1080p_60hz_q_35,Dinner@display=center_crop_1080p
1080p_60hz_q_31,1080p_60hz_q_35,8f93cd33-b4c5-4e6c-9337-89d455cb7fbe,1080p_60hz_q_31,Dinner@display=center_crop_1080p
1080p_60hz_q_31,1080p_60hz_q_31,55916d21-4d60-41a9-bbdc-4b5273f1c0a1,1080p_60hz_q_35,Dinner@display=center_crop_1080p
,1080p_60hz_q_35,9d4cc4b7-59aa-493d-844b-83e05a7ee9b6,1080p_60hz_q_31,Dinner@display=center_crop_1080p
1080p_60hz_q_31,1080p_60hz_q_35,966299a2-a7bd-4029-a06f-4054980e3c4f,1080p_60hz_q_31,Dinner@display=center_crop_1080p
1080p_60hz_q_31,1080p_60hz_q_31,0d1af6dd-f5f6-42b8-b58f-1f062d3cdc72,1080p_60hz_q_35,Dinner@display=center_crop_1080p
2160p_60hz_q_35,2160p_60hz_q_35,8f93cd33-b4c5-4e6c-9337-89d455cb7fbe,2160p_60hz_q_45,Football@display=center_crop_1080p
2160p_60hz_q_35,2160p_60hz_q_45,b5d5ad99-3c81-4f5a-ab4e-a3aae033d40b,2160p_60hz_q_35,Football@display=center_crop_1080p
2160p_60hz_q_35,2160p_60hz_q_35,98c79528-25d0-4621-8eb2-562c49004f90,2160p_60hz_q_45,Football@display=center_crop_1080p
2160p_60hz_q_35,2160p_60hz_q_35,110d7871-1915-4303-887e-891fb24433ca,2160p_60hz_q_45,Football@display=center_crop_1080p
2160p_60hz_q_35,2160p_60hz_q_45,1a4b7399-7fcd-4ddf-bb63-5a7e1ecc9174,2160p_60hz_q_35,Football@display=center_crop_1080p
2160p_60hz_q_35,2160p_60hz_q_35,c422e83a-4ae2-46de-a97a-8bb99b9b6408,2160p_60hz_q_45,Football@display=center_crop_1080p
2160p_60hz_q_35,2160p_60hz_q_45,bf850da6-7c90-4bad-9ba2-ea60aad4339c,2160p_60hz_q_35,Football@display=center_crop_1080p
2160p_60hz_q_35,2160p_60hz_q_45,d135eddd-102e-46e7-82da-64419e897ce6,2160p_60hz_q_35,Football@display=center_crop_1080p
2160p_60hz_q_35,2160p_60hz_q_35,208e7f6c-d013-4a6f-a6be-3008a0d3130b,2160p_60hz_q_45,Football@display=center_crop_1080p
2160p_60hz_q_35,2160p_60hz_q_35,9d7f3cb5-9b1d-4a2b-8564-bd16197718d7,2160p_60hz_q_45,Football@display=center_crop_1080p
1080p_60hz_q_31,2160p_60hz_q_49,aaf93665-e2a2-453b-9ecf-937b0d3a5597,1080p_60hz_q_31,Ritual@display=center_crop_1080p
1080p_60hz_q_31,1080p_60hz_q_31,e8103e3b-0bfe-47b6-b4ec-9aefdfb262aa,2160p_60hz_q_49,Ritual@display=center_crop_1080p
1080p_60hz_q_31,2160p_60hz_q_49,863335b0-11fb-4fc6-80d1-123269c15ba3,1080p_60hz_q_31,Ritual@display=center_crop_1080p
1080p_60hz_q_31,1080p_60hz_q_31,beec74c3-b6a6-4e5b-b5dc-ece5e72efd35,2160p_60hz_q_49,Ritual@display=center_crop_1080p
1080p_60hz_q_31,2160p_60hz_q_49,a5762c12-c5ba-4b11-898d-9ae55f04d30a,1080p_60hz_q_31,Ritual@display=center_crop_1080p
1080p_60hz_q_31,2160p_60hz_q_49,7ac3129c-bc4a-4a32-9ca5-27a305d5c36c,1080p_60hz_q_31,Ritual@display=center_crop_1080p
2160p_60hz_q_49,2160p_60hz_q_49,c422e83a-4ae2-46de-a97a-8bb99b9b6408,1080p_60hz_q_31,Ritual@display=center_crop_1080p
1080p_60hz_q_31,2160p_60hz_q_49,232508cc-8372-4d0c-bbe0-9a174d6a0c6a,1080p_60hz_q_31,Ritual@display=center_crop_1080p
1080p_60hz_q_31,1080p_60hz_q_31,d135eddd-102e-46e7-82da-64419e897ce6,2160p_60hz_q_49,Ritual@display=center_crop_1080p
1080p_60hz_q_31,1080p_60hz_q_31,1fe98c14-e7fb-4352-b0be-e531236faf61,2160p_60hz_q_49,Ritual@display=center_crop_1080p
2160p_60hz_q_25,2160p_60hz_q_25,aaf93665-e2a2-453b-9ecf-937b0d3a5597,1080p_60hz_q_31,Narrator@display=center_crop_1080p
,1080p_60hz_q_31,848417ce-54e9-4f48-a77b-40f1cc056f40,2160p_60hz_q_25,Narrator@display=center_crop_1080p
2160p_60hz_q_25,1080p_60hz_q_31,2e5b02d4-0a00-4feb-993b-d3dd3567d028,2160p_60hz_q_25,Narrator@display=center_crop_1080p
2160p_60hz_q_25,2160p_60hz_q_25,e170141b-c0ee-4624-b054-17a5c6aced22,1080p_60hz_q_31,Narrator@display=center_crop_1080p
1080p_60hz_q_31,2160p_60hz_q_25,40acb942-4edc-4dea-a078-26987e1de4a3,1080p_60hz_q_31,Narrator@display=center_crop_1080p
,2160p_60hz_q_25,fe9ba464-25aa-4a37-8a07-769dc55e4626,1080p_60hz_q_31,Narrator@display=center_crop_1080p
2160p_60hz_q_25,2160p_60hz_q_25,5ca47ce2-d2f1-4fa3-ad4c-eaf361944918,1080p_60hz_q_31,Narrator@display=center_crop_1080p
1080p_60hz_q_31,1080p_60hz_q_31,af582b31-de6f-45b4-b3d3-ec513c6500eb,2160p_60hz_q_25,Narrator@display=center_crop_1080p
,1080p_60hz_q_31,af582b31-de6f-45b4-b3d3-ec513c6500eb,2160p_60hz_q_25,Narrator@display=center_crop_1080p
2160p_60hz_q_25,2160p_60hz_q_25,e8e854f8-db3b-4b12-b87f-0c5c849cf0ab,1080p_60hz_q_31,Narrator@display=center_crop_1080p
2160p_60hz_q_25,1080p_60hz_q_31,aaf93665-e2a2-453b-9ecf-937b0d3a5597,2160p_60hz_q_25,Dancers@display=center_crop_1080p
2160p_60hz_q_25,2160p_60hz_q_25,e8103e3b-0bfe-47b6-b4ec-9aefdfb262aa,1080p_60hz_q_31,Dancers@display=center_crop_1080p
2160p_60hz_q_25,1080p_60hz_q_31,f8a8894e-7e85-4d2a-8eb5-ed2fc77bcff4,2160p_60hz_q_25,Dancers@display=center_crop_1080p
2160p_60hz_q_25,2160p_60hz_q_25,1879c35a-85bd-4033-aa8d-f1c79ce51a7f,1080p_60hz_q_31,Dancers@display=center_crop_1080p
2160p_60hz_q_25,1080p_60hz_q_31,9d57cbc2-ab27-45bd-a59c-6bf0db043d78,2160p_60hz_q_25,Dancers@display=center_crop_1080p
,1080p_60hz_q_31,b48a33a8-dd39-4714-b7bf-1a3c90661e10,2160p_60hz_q_25,Dancers@display=center_crop_1080p
2160p_60hz_q_25,2160p_60hz_q_25,6fd8c7e3-92ad-4ae9-8d4b-6c10db61c856,1080p_60hz_q_31,Dancers@display=center_crop_1080p
2160p_60hz_q_25,2160p_60hz_q_25,8d422037-bbe3-4258-b1ef-8f0503275f26,1080p_60hz_q_31,Dancers@display=center_crop_1080p
2160p_60hz_q_25,1080p_60hz_q_31,b15043b9-76db-434f-a66f-5267875bfa9d,2160p_60hz_q_25,Dancers@display=center_crop_1080p
2160p_60hz_q_25,2160p_60hz_q_25,e0a72c3a-15b0-43a1-9aa0-00e27e8bcc4f,1080p_60hz_q_31,Dancers@display=center_crop_1080p
,1080p_60hz_q_43,19b86171-b4f8-49bf-a0e9-17e0ba50a844,2160p_60hz_q_47,Tunnel@display=center_crop_1080p
,2160p_60hz_q_47,07bb6da7-3bb5-4713-94b5-3cc6da69b587,1080p_60hz_q_43,Tunnel@display=center_crop_1080p
1080p_60hz_q_43,1080p_60hz_q_43,c1f77f70-98ba-4d35-8fe5-5925140673e2,2160p_60hz_q_47,Tunnel@display=center_crop_1080p
,1080p_60hz_q_43,7964e590-7127-4f9b-96c6-f13637d38713,2160p_60hz_q_47,Tunnel@display=center_crop_1080p
,1080p_60hz_q_43,b48a33a8-dd39-4714-b7bf-1a3c90661e10,2160p_60hz_q_47,Tunnel@display=center_crop_1080p
,2160p_60hz_q_47,b48a33a8-dd39-4714-b7bf-1a3c90661e10,1080p_60hz_q_43,Tunnel@display=center_crop_1080p
2160p_60hz_q_47,2160p_60hz_q_47,b8c183cb-0aaa-46a7-ab53-51da89921b40,1080p_60hz_q_43,Tunnel@display=center_crop_1080p
2160p_60hz_q_47,1080p_60hz_q_43,32f8d619-a479-42d1-b457-f76b8f164236,2160p_60hz_q_47,Tunnel@display=center_crop_1080p
,2160p_60hz_q_47,1fe98c14-e7fb-4352-b0be-e531236faf61,1080p_60hz_q_43,Tunnel@display=center_crop_1080p
2160p_60hz_q_47,1080p_60hz_q_43,d11f9ccb-7bb2-41ae-beae-fa69cbbfbde7,2160p_60hz_q_47,Tunnel@display=center_crop_1080p
