answer,left_method,participant,right_method,test_case
hrc12,hrc05,d525c5ca-6140-4540-a61f-22179ffbc792,hrc12,src01@display=no-training
hrc12,hrc12,d525c5ca-6140-4540-a61f-22179ffbc792,hrc05,src01@display=no-training
hrc12,hrc12,b1f30d1e-18e5-46f4-a578-f9ee9194ef95,hrc05,src01@display=no-training
hrc12,hrc12,8f3ff7d0-6b93-41a4-95c3-9d0134c0d6cb,hrc05,src01@display=no-training
hrc12,hrc12,11db3acb-288e-45af-8b03-6c6762d57fd3,hrc05,src01@display=no-training
hrc12,hrc12,d525c5ca-6140-4540-a61f-22179ffbc792,hrc05,src01@display=no-training
hrc12,hrc12,20a56b23-a069-49e5-b34d-d80c1af588d5,hrc05,src01@display=no-training
hrc12,hrc12,0f829d1a-b988-4f9b-8ff2-7ed9cefc6432,hrc05,src01@display=no-training
hrc12,hrc12,f8765b82-42a9-446d-86f2-3a30e524f1bc,hrc05,src01@display=no-training
hrc12,hrc12,d525c5ca-6140-4540-a61f-22179ffbc792,hrc05,src01@display=no-training
hrc07,hrc07,603c65cd-5f34-45be-87e4-a188d93c9c26,hrc16,src01@display=no-training
hrc07,hrc07,a3815387-5066-48e8-8a7c-44f4efb709fa,hrc16,src01@display=no-training
hrc07,hrc07,56d73c46-8181-476a-8cb6-4e14d196dea1,hrc16,src01@display=no-training
hrc07,hrc07,a737d54b-45b8-4cef-88b9-20f3eff16aac,hrc16,src01@display=no-training
hrc07,hrc16,e6d7d52f-82ca-4a41-8106-151bd717727c,hrc07,src01@display=no-training
hrc07,hrc07,b90ac04a-b62e-44db-989d-a35bdf9a6344,hrc16,src01@display=no-training
hrc07,hrc07,3294436f-ed2c-418c-b0a4-838f6d5f50b0,hrc16,src01@display=no-training
hrc07,hrc07,7d3d38fd-547c-43c1-af86-0bc68bbb33af,hrc16,src01@display=no-training
hrc07,hrc16,d8193f20-ca78-4f7e-a54e-1eb281c8ac16,hrc07,src01@display=no-training
hrc07,hrc07,6a664ca8-5192-4d54-b58b-519e2a07a482,hrc16,src01@display=no-training
hrc04,hrc04,a3815387-5066-48e8-8a7c-44f4efb709fa,hrc12,src01@display=no-training
hrc12,hrc12,a78d1d20-2f7b-4947-a14e-71f3b16b23ea,hrc04,src01@display=no-training
hrc12,hrc04,630aff3d-3ab7-4cb4-905a-dc27697f8572,hrc12,src01@display=no-training
hrc12,hrc12,94aed9f0-a26e-435d-9499-0a57d0d09c0e,hrc04,src01@display=no-training
hrc04,hrc04,7ae38b5c-cd98-477d-a069-e103eed457c3,hrc12,src01@display=no-training
hrc04,hrc04,78ec5f69-a67b-42ac-ae06-c985f67935dd,hrc12,src01@display=no-training
hrc04,hrc04,f62c787c-9092-47b5-b493-5f371ecab9f3,hrc12,src01@display=no-training
hrc04,hrc04,3a25c1af-1c65-4d09-a99f-d8dcf43ebb15,hrc12,src01@display=no-training
hrc04,hrc12,8549911f-d533-4be3-bccb-c329e82caf2c,hrc04,src01@display=no-training
hrc04,hrc04,fa99c6a8-18e7-4b07-b497-43ad86407f9c,hrc12,src01@display=no-training
hrc07,hrc07,d8ec2c52-de7d-4789-bb99-a91eb78cb08d,hrc19,src01@display=no-training
hrc07,hrc07,a65903f2-eb1f-4206-929e-6957d523b32a,hrc19,src01@display=no-training
,hrc07,ea4c2ce7-4a48-4590-9d5e-0592ae88a555,hrc19,src01@display=no-training
hrc19,hrc07,9988cc9a-f7bd-4702-bbcc-ff93503e8d2d,hrc19,src01@display=no-training
,hrc07,fb31c371-260c-42e8-bf4f-4fcf297f4421,hrc19,src01@display=no-training
,hrc19,7f99fd97-cecd-4573-bd45-b573347d0edd,hrc07,src01@display=no-training
,hrc07,29891a92-472f-4241-97b3-f486548bb310,hrc19,src01@display=no-training
hrc07,hrc07,4d913085-d3c6-4c34-9d18-eef3239c47cf,hrc19,src01@display=no-training
,hrc19,79ba2a0e-0575-43ab-a3ce-31fdb61283d4,hrc07,src01@display=no-training
hrc07,hrc07,56981384-e0ba-4ec4-a6ea-fec5f32b3988,hrc19,src01@display=no-training
hrc17,hrc17,fb31c371-260c-42e8-bf4f-4fcf297f4421,hrc09,src01@display=no-training
hrc17,hrc17,a9776e74-c474-4e53-b6ce-96a8d66fa6a2,hrc09,src01@display=no-training
hrc17,hrc17,5cfef51c-f7c4-4010-a911-a45be2a4d919,hrc09,src01@display=no-training
hrc09,hrc17,b0367ddc-1381-4c30-b054-032f640ef4d3,hrc09,src01@display=no-training
hrc17,hrc17,87fef6f6-df52-49c0-89da-106af9527b46,hrc09,src01@display=no-training
hrc17,hrc17,fb31c371-260c-42e8-bf4f-4fcf297f4421,hrc09,src01@display=no-training
hrc17,hrc17,f9017240-e499-42f6-85ae-673f751f0c38,hrc09,src01@display=no-training
hrc09,hrc17,8831c2ef-64b2-4f81-bd12-782facb47567,hrc09,src01@display=no-training
hrc17,hrc09,66da8469-601a-48fb-b75e-716c69b24198,hrc17,src01@display=no-training
hrc17,hrc17,fa771af9-0334-4430-aa48-6fdf4401ccb8,hrc09,src01@display=no-training
,hrc13,e549fc8d-e4a9-47f6-bf39-4aa6b7f0a5a0,hrc10,src01@display=no-training
,hrc13,0691e239-86d2-4f18-9569-54691f5edf2c,hrc10,src01@display=no-training
hrc10,hrc10,3508c90d-7344-4ec2-946c-52b057f5fd46,hrc13,src01@display=no-training
hrc10,hrc10,0f77e328-c1f5-4b7b-b765-f2b718ad525c,hrc13,src01@display=no-training
,hrc13,67a775b1-b97f-4aa4-affb-54e6180f3b71,hrc10,src01@display=no-training
hrc10,hrc10,2231f9ee-7322-4c18-afd8-0297a5523148,hrc13,src01@display=no-training
hrc10,hrc10,e3860613-8b47-4eb6-9969-c33344cb2a9d,hrc13,src01@display=no-training
,hrc13,e2ef8b3c-8f6b-4998-b6a9-acd51651099f,hrc10,src01@display=no-training
hrc10,hrc13,938ee2d9-0612-434e-8ced-1e766ff31000,hrc10,src01@display=no-training
hrc10,hrc10,c4483616-3ed2-4394-9493-213d0c170895,hrc13,src01@display=no-training
,hrc05,e549fc8d-e4a9-47f6-bf39-4aa6b7f0a5a0,hrc16,src01@display=no-training
hrc16,hrc05,b4661ee3-507e-48f0-bf90-49eccdd0a6c1,hrc16,src01@display=no-training
hrc05,hrc05,9614c9c1-60ce-4d80-9b93-e6ff552677ad,hrc16,src01@display=no-training
hrc16,hrc05,dbdaad26-adc8-416a-9f6e-1c8ca62da9db,hrc16,src01@display=no-training
,hrc05,3cdea77c-18d6-4285-8822-0547ebab6d19,hrc16,src01@display=no-training
hrc05,hrc05,49747077-9ad4-48ed-b0be-218faff3cc0c,hrc16,src01@display=no-training
,hrc16,d7f3aecf-d290-43fd-9be3-4d98d3431ac1,hrc05,src01@display=no-training
hrc05,hrc16,90fb2795-6b00-41e1-9332-4593f10a9aed,hrc05,src01@display=no-training
hrc16,hrc05,e4e6cf83-5949-47e7-9675-8b2b53c28ec5,hrc16,src01@display=no-training
hrc05,hrc05,8ae60f0f-bc2f-4e37-9772-cbd58a5734ca,hrc16,src01@display=no-training
hrc07,hrc07,73a3477c-83b1-4130-a654-cafab3a0613e,hrc09,src01@display=no-training
hrc07,hrc09,a54f674c-0f58-452d-9942-8e3cfd73ef19,hrc07,src01@display=no-training
hrc07,hrc09,f6e12820-1dde-4cf8-8de7-2dcccc84bffe,hrc07,src01@display=no-training
hrc09,hrc07,474c10a2-5941-4abe-8277-46ce02332ba7,hrc09,src01@display=no-training
hrc07,hrc07,34175692-f5d0-47a5-bac5-7d352d905d05,hrc09,src01@display=no-training
hrc07,hrc09,389e65fd-2bf8-42a2-8b81-822ecb5b58e1,hrc07,src01@display=no-training
hrc07,hrc07,8b82218a-90c4-4f4a-8bcb-f70c2de70614,hrc09,src01@display=no-training
hrc07,hrc09,0a58e305-db28-4bee-9e46-518f3b1d5970,hrc07,src01@display=no-training
hrc07,hrc09,b5be2bf1-6a7d-4c5c-97a6-70da4d407bf6,hrc07,src01@display=no-training
hrc07,hrc07,c6346704-bff8-407a-af84-b379478d3cd2,hrc09,src01@display=no-training
hrc09,hrc09,5845af96-725e-4152-9a01-ca4f09a900d9,hrc05,src01@display=no-training
hrc09,hrc05,92eaa3f8-76a9-4f2b-810d-426076bbe1ab,hrc09,src01@display=no-training
hrc09,hrc09,5a61f938-bcc9-4393-8100-91e4bdd9d9a3,hrc05,src01@display=no-training
hrc05,hrc09,59e41467-1fc8-49ad-871f-be15ce142ac5,hrc05,src01@display=no-training
hrc09,hrc09,2b493139-f877-4c83-8de2-f89c1b5bbd54,hrc05,src01@display=no-training
hrc05,hrc09,76e7a6ec-c031-4a31-a249-f205679c4482,hrc05,src01@display=no-training
hrc09,hrc09,8e45ec30-d8f0-4b0f-9d1a-95543dd2734f,hrc05,src01@display=no-training
,hrc05,60ade839-ce16-4f88-b903-3805bf524cf2,hrc09,src01@display=no-training
hrc05,hrc05,d4e8046f-6b35-4b66-8555-8cf0cd6352af,hrc09,src01@display=no-training
hrc09,hrc09,83233e30-b3ad-4498-8eff-e51044d70333,hrc05,src01@display=no-training
original,hrc09,fa5673e7-4f40-478e-bd78-39f26214807f,original,src01@display=no-training
original,original,a59ec670-7ba7-4f2a-9b13-85d278c73590,hrc09,src01@display=no-training
original,original,e833d5d7-37b6-4a78-a6b4-3f21fe78fda7,hrc09,src01@display=no-training
original,original,ba43bf3c-660f-4297-aba2-e454ac146c64,hrc09,src01@display=no-training
original,original,a2cd5997-8ab2-40d5-af24-ff7745f16f87,hrc09,src01@display=no-training
original,original,835319a2-89cb-4cdc-92ac-97ef2d4ab247,hrc09,src01@display=no-training
original,hrc09,63fa730e-878e-451e-9b62-555a1567818a,original,src01@display=no-training
original,original,ec5fe569-3e08-47cb-aadb-ea0b09d17525,hrc09,src01@display=no-training
original,original,29c269f6-6a68-452f-966a-32a3b90781a1,hrc09,src01@display=no-training
original,original,df52d896-b5bf-493f-bb1c-ee5bbb1e44be,hrc09,src01@display=no-training
hrc09,hrc08,fa5673e7-4f40-478e-bd78-39f26214807f,hrc09,src02@display=no-training
hrc09,hrc08,45e7611d-1c87-4056-ba5c-3a69b413e6e3,hrc09,src02@display=no-training
hrc09,hrc09,a808a4de-7bea-4369-8f71-1cb7d12f07d2,hrc08,src02@display=no-training
hrc09,hrc09,50f51bac-dcf9-417a-af31-515670431985,hrc08,src02@display=no-training
hrc09,hrc09,e1c3e5d6-ca2e-41ad-8695-fcff92798414,hrc08,src02@display=no-training
hrc09,hrc09,84531b99-869c-4f3e-ae80-dac3f956997a,hrc08,src02@display=no-training
hrc09,hrc08,629ac0f2-f93c-4562-87e2-83e91c83e632,hrc09,src02@display=no-training
hrc09,hrc09,6bd47135-ac01-4b14-8a59-fd0f773c048b,hrc08,src02@display=no-training
hrc09,hrc09,fca3759b-d972-4109-b510-9c0e331cd10b,hrc08,src02@display=no-training
hrc09,hrc09,f0f94ac1-9151-4b66-acb1-542e28570e3e,hrc08,src02@display=no-training
hrc08,hrc08,bb1ff323-7e95-4031-aa16-e14eb8d8d109,hrc17,src01@display=no-training
hrc08,hrc17,fd4ac2a5-2530-4db8-84d3-e33c1c638e13,hrc08,src01@display=no-training
hrc08,hrc08,5d3b4e5d-95ce-4d4c-a503-228a06c1c27b,hrc17,src01@display=no-training
hrc08,hrc08,8f75f8b3-15e6-4e03-855b-627f9aee47aa,hrc17,src01@display=no-training
hrc08,hrc17,6d152256-d10c-48b1-98bf-22a27348c2f5,hrc08,src01@display=no-training
hrc08,hrc08,00fb48d3-939f-4d8f-a974-6c0799e28570,hrc17,src01@display=no-training
hrc08,hrc17,30d52e8d-b0e1-45e5-9af0-fad21c9f6ec0,hrc08,src01@display=no-training
hrc08,hrc17,47bc558e-26ee-49db-8c60-121b90b84188,hrc08,src01@display=no-training
hrc08,hrc08,9867dfa9-15e4-49b2-9516-13dcde4ab58d,hrc17,src01@display=no-training
hrc08,hrc08,d0af8c35-bbb4-4ea1-a7bc-327a4b1da556,hrc17,src01@display=no-training
hrc19,hrc19,bb1ff323-7e95-4031-aa16-e14eb8d8d109,hrc05,src02@display=no-training
hrc19,hrc19,15e504a2-140c-49a8-b62a-adede2b19d95,hrc05,src02@display=no-training
hrc19,hrc19,2082be69-3d1a-46ad-b3cf-b33db5b98382,hrc05,src02@display=no-training
hrc19,hrc19,ab8731a7-c17c-49d1-881c-ab56930ea3e4,hrc05,src02@display=no-training
hrc19,hrc19,01904d44-e0cb-4817-a8d8-d2f99d1f7947,hrc05,src02@display=no-training
hrc19,hrc05,a79372d9-f532-4d0a-9819-25b31a6f5090,hrc19,src02@display=no-training
hrc19,hrc19,676769ee-ffa7-4de5-81aa-002ebbd70d74,hrc05,src02@display=no-training
hrc19,hrc05,f94f6753-69d0-480c-9955-cef718ee907a,hrc19,src02@display=no-training
hrc19,hrc05,0b29fc48-e1cd-4bcc-9dfe-589cbd42ce95,hrc19,src02@display=no-training
hrc19,hrc05,6aa8af2c-3dd4-497b-a3fe-7c0f81f96f4a,hrc19,src02@display=no-training
hrc16,hrc10,c4460a5b-238c-483a-a3f2-e8328925140a,hrc16,src01@display=no-training
hrc16,hrc16,fc2d5087-17df-4c84-844b-23b0339b666b,hrc10,src01@display=no-training
hrc10,hrc10,cfc289f5-548c-494d-8a96-40752a1ec3c7,hrc16,src01@display=no-training
,hrc10,e44dbcab-120c-411c-b746-5ce312213b75,hrc16,src01@display=no-training
hrc16,hrc10,7fa97596-ab87-40b3-8e98-d7cad94abbea,hrc16,src01@display=no-training
,hrc10,a45092db-c7cb-43ec-9349-5066f42b90bf,hrc16,src01@display=no-training
hrc16,hrc16,a598dfc3-ed57-44eb-8b48-92b2c1dd6086,hrc10,src01@display=no-training
hrc16,hrc10,d53945fe-0d18-43b7-82bc-70c07f67a7ca,hrc16,src01@display=no-training
hrc16,hrc10,451ab434-8329-4354-8a93-59493cd3cffa,hrc16,src01@display=no-training
hrc16,hrc16,1632c427-02e0-4a5c-aef6-97645307543a,hrc10,src01@display=no-training
hrc12,hrc21,9ec30e98-34b7-4892-b1fb-6d9312636ec5,hrc12,src01@display=no-training
,hrc21,a3577c25-bda4-48cb-856e-c8b69b4cad2f,hrc12,src01@display=no-training
hrc12,hrc12,84ca9dd6-4310-434b-946b-97d8f4b39485,hrc21,src01@display=no-training
hrc12,hrc21,0b983c9a-59ad-4422-bd89-8970550897f8,hrc12,src01@display=no-training
hrc12,hrc21,8f79de94-24be-4943-8b74-544f666196b8,hrc12,src01@display=no-training
hrc21,hrc12,9f33edd4-881a-4ba2-a15f-93d4e082e7b0,hrc21,src01@display=no-training
hrc21,hrc12,06334826-d0bc-4981-ba31-12d33cc57c66,hrc21,src01@display=no-training
,hrc21,66bbfe16-e8a0-4b41-bbb9-8d4184c0f119,hrc12,src01@display=no-training
hrc21,hrc21,d7e0c98f-c9e7-46ee-bce5-8e90e87a0cf9,hrc12,src01@display=no-training
hrc21,hrc21,481d8908-0d05-4b2c-804a-4fe6f0926148,hrc12,src01@display=no-training
original,hrc13,e94f704d-fa22-45f1-a03e-2a052dc0f0a9,original,src02@display=no-training
original,original,3e03b6ef-3501-4cab-a64d-2d85a706afe8,hrc13,src02@display=no-training
original,original,cf05d5d1-53f7-4560-9fb1-c4020a9dcb97,hrc13,src02@display=no-training
original,original,8c1ba179-2106-4f2f-9f78-2ccd5d2f38a5,hrc13,src02@display=no-training
original,hrc13,1429be8c-2d52-47df-b521-60ee72622965,original,src02@display=no-training
original,original,e70ba9af-4c86-4f6e-a2c8-54afd6b7c818,hrc13,src02@display=no-training
original,original,c045d23e-3f3b-4b8e-8905-9903e31dea71,hrc13,src02@display=no-training
original,original,84ca9dd6-4310-434b-946b-97d8f4b39485,hrc13,src02@display=no-training
original,hrc13,9ec30e98-34b7-4892-b1fb-6d9312636ec5,original,src02@display=no-training
original,hrc13,cd44a9d3-7ebf-4faa-8518-38fbbf1df7ad,original,src02@display=no-training
hrc02,hrc02,6903154f-149f-4eb7-8ace-8f69157e066a,hrc09,src01@display=no-training
hrc02,hrc02,9d9bfe50-d1ff-4dc3-b196-c5217ac2863f,hrc09,src01@display=no-training
hrc02,hrc02,98d05a59-115c-43a5-8845-daafef401e10,hrc09,src01@display=no-training
hrc02,hrc02,ec470923-9bfa-4568-9528-8052a26f75c3,hrc09,src01@display=no-training
hrc02,hrc02,bef0165e-80b7-4c57-99b3-61581555789d,hrc09,src01@display=no-training
hrc02,hrc09,2847519c-6135-4c95-869d-42debfbc689f,hrc02,src01@display=no-training
hrc02,hrc02,6422b30c-4004-46d9-99b3-57b3d473d60d,hrc09,src01@display=no-training
hrc02,hrc02,3ef600ff-b8b8-4571-8b95-e601a6f55984,hrc09,src01@display=no-training
hrc02,hrc09,ac14af03-fcb4-4aba-8f34-f5ff9bae8255,hrc02,src01@display=no-training
hrc02,hrc02,8d4e5eed-e5d0-458f-bd23-a31748731768,hrc09,src01@display=no-training
original,original,80908261-cba5-4b08-96bb-e5e6570a85e4,hrc17,src01@display=no-training
original,hrc17,5ca1b440-eaea-4aa1-a952-eb559d039066,original,src01@display=no-training
original,original,f3b6f948-ae20-480b-b2e8-052f53a70678,hrc17,src01@display=no-training
original,original,3125536d-6555-425a-b49f-e4ae86ecbb4e,hrc17,src01@display=no-training
original,original,1211caf9-9b1b-4189-8c44-f768b7ee496c,hrc17,src01@display=no-training
original,hrc17,89011f22-37a1-4f64-b709-dcf63ad6d18b,original,src01@display=no-training
original,hrc17,826cb616-90d6-4b39-8a0a-fa0704a99c08,original,src01@display=no-training
original,hrc17,4bc866e0-4050-47ae-828f-de9f50923090,original,src01@display=no-training
original,hrc17,fc432dc9-f132-47ef-88ba-dfa8091b09a7,original,src01@display=no-training
original,hrc17,38207576-6ad7-4dac-84da-904ae3c77cf8,original,src01@display=no-training
hrc12,hrc09,a9493403-f217-4299-87f9-f2ae8be02247,hrc12,src01@display=no-training
hrc12,hrc12,8f1ca983-841c-4d72-86e2-945a28de8cd6,hrc09,src01@display=no-training
hrc12,hrc12,786e97ac-4266-4756-9693-1128d669933d,hrc09,src01@display=no-training
hrc12,hrc09,86d83e24-39aa-4eeb-bc01-1126751d5d70,hrc12,src01@display=no-training
hrc12,hrc12,dbdce651-0354-4168-86b0-feb47a871b13,hrc09,src01@display=no-training
hrc12,hrc12,5f9aaee4-8689-4753-9a70-a5d7dac11e95,hrc09,src01@display=no-training
hrc09,hrc12,70fd376b-a5b0-42fb-a562-8cbc5f239c70,hrc09,src01@display=no-training
hrc12,hrc09,6dd8d337-692a-485b-b57f-6af0f846c35d,hrc12,src01@display=no-training
hrc12,hrc09,8c6347a1-9073-43a1-a02c-299b19f1b2b1,hrc12,src01@display=no-training
hrc12,hrc09,4286ceb2-7535-49c7-ae3e-0a69c7960068,hrc12,src01@display=no-training
hrc07,hrc07,cd44a9d3-7ebf-4faa-8518-38fbbf1df7ad,hrc12,src01@display=no-training
hrc12,hrc07,82ca0b94-20d0-44bf-8773-eb56a962731c,hrc12,src01@display=no-training
hrc07,hrc12,2dbcc381-f90b-45b5-86a0-21b327c40e1c,hrc07,src01@display=no-training
hrc07,hrc07,87435dd4-468b-4d42-ad09-2d8173a30764,hrc12,src01@display=no-training
hrc07,hrc07,9689ec55-8b9a-4a62-9377-9e5e8f39c603,hrc12,src01@display=no-training
hrc12,hrc07,d5d724bc-303a-4e86-9d46-ab375de40734,hrc12,src01@display=no-training
hrc07,hrc07,d8f1cdf9-2130-4c7b-a94a-644261d6d4f7,hrc12,src01@display=no-training
hrc07,hrc12,e821abbf-0fb6-4ae2-ac63-ba7b31bec9fc,hrc07,src01@display=no-training
hrc07,hrc12,13f2c5fd-55b0-4e23-a6b7-07c03eae90a4,hrc07,src01@display=no-training
hrc12,hrc07,5558d8dc-89e4-420a-bb35-818b2f95eb50,hrc12,src01@display=no-training
hrc09,hrc09,ac14af03-fcb4-4aba-8f34-f5ff9bae8255,hrc10,src02@display=no-training
hrc09,hrc10,70bd37da-a9f2-495e-86bf-87cc6eae4b9f,hrc09,src02@display=no-training
hrc09,hrc10,cfc289f5-548c-494d-8a96-40752a1ec3c7,hrc09,src02@display=no-training
hrc09,hrc10,a867dbaa-519b-4945-aa5a-9f6b4c6520b7,hrc09,src02@display=no-training
hrc09,hrc09,859ffd8a-b1cd-49e1-9235-03e141136463,hrc10,src02@display=no-training
hrc09,hrc09,f57e8a92-b926-4e1b-b862-194acbd20f56,hrc10,src02@display=no-training
hrc09,hrc10,c39301ac-544e-4bb2-85a7-b38cbff67bc4,hrc09,src02@display=no-training
hrc09,hrc10,32128d68-b864-4e0e-9c13-989300fe1f5d,hrc09,src02@display=no-training
hrc09,hrc09,bfbecf9a-5392-4f42-9ec6-fc3f122112b5,hrc10,src02@display=no-training
hrc09,hrc10,c0261397-7755-4f0f-b0a4-681c1cae71b6,hrc09,src02@display=no-training
hrc12,hrc12,1ca098a1-dfa3-49ff-acd7-b778c5051265,hrc13,src01@display=no-training
hrc12,hrc12,425d756e-d5e7-49bc-83a2-85e76ee9b31d,hrc13,src01@display=no-training
hrc12,hrc13,9ff9d03b-26f1-4cd0-958a-820c3c75ba32,hrc12,src01@display=no-training
hrc12,hrc13,d5b7f31b-d65b-42ce-bd0a-29200c94f810,hrc12,src01@display=no-training
hrc12,hrc13,523b838f-5f2e-4f19-b9df-d9969424c697,hrc12,src01@display=no-training
hrc12,hrc12,45c610dd-b351-487a-9dd4-b1d71de31f2c,hrc13,src01@display=no-training
hrc12,hrc13,ed6794a4-ad11-45aa-a760-07c44352d392,hrc12,src01@display=no-training
hrc12,hrc13,2e65f225-cf41-430f-ae14-779a3b02a411,hrc12,src01@display=no-training
hrc12,hrc12,d93ef59b-910a-4885-a1a9-0f5c8a50c1d0,hrc13,src01@display=no-training
hrc12,hrc12,4f4f18bc-d2ca-4b2c-8233-b92a1023ed89,hrc13,src01@display=no-training
hrc19,hrc16,647d0ccb-1fbc-496d-92fd-0af0637de9ae,hrc19,src02@display=no-training
hrc19,hrc16,4a563c82-9cb0-45fa-b0d9-acdbe3db8b47,hrc19,src02@display=no-training
hrc19,hrc19,1b17167c-cbf2-48e2-8bf0-51adbb5d57e0,hrc16,src02@display=no-training
hrc19,hrc16,6e129bbe-9076-4e00-af2d-e7504a9dc166,hrc19,src02@display=no-training
hrc19,hrc19,4f4f18bc-d2ca-4b2c-8233-b92a1023ed89,hrc16,src02@display=no-training
hrc19,hrc19,c0e526aa-54a9-4187-bc52-4f56df7ea910,hrc16,src02@display=no-training
,hrc16,993fa71c-3dd5-4651-b910-2ea0d14b3621,hrc19,src02@display=no-training
hrc19,hrc19,87becdf0-b143-4d89-af46-118582383619,hrc16,src02@display=no-training
hrc19,hrc16,4eb1d1af-ab6a-441d-99c3-0baadc8799ac,hrc19,src02@display=no-training
hrc19,hrc19,8caf3bb1-46b2-4cff-b052-ecb1b2e9b9b1,hrc16,src02@display=no-training
original,original,e9557943-1ab4-4b6b-abe6-5b960e68cbcb,hrc18,src01@display=no-training
original,original,2b36f719-882e-4e03-9131-8d4f3e7246a4,hrc18,src01@display=no-training
original,hrc18,57c09e89-1614-4d50-8112-d27c826ebf65,original,src01@display=no-training
original,original,6f842774-fc05-48d4-a002-71b2aa489b59,hrc18,src01@display=no-training
original,original,f0477d3b-b59d-4c71-8581-110c40c14ca6,hrc18,src01@display=no-training
original,original,928f738f-8508-48b5-a38d-33451eab8633,hrc18,src01@display=no-training
original,original,2d3fa1a6-afde-4886-bbd9-6d6ae7788071,hrc18,src01@display=no-training
original,original,a8ee67dd-bb21-4bc5-a474-fcfb83d5f8d6,hrc18,src01@display=no-training
original,hrc18,f7a57a0e-fc33-4611-9435-fd7e359f7394,original,src01@display=no-training
original,hrc18,8182bf73-0cb3-422e-8eb3-0cbb71037d76,original,src01@display=no-training
original,original,43d096d5-06ae-454a-8e9e-064159d07454,hrc16,src02@display=no-training
original,hrc16,b402bb4d-47ad-4132-adb9-73915b9b2d9d,original,src02@display=no-training
original,original,b0367ddc-1381-4c30-b054-032f640ef4d3,hrc16,src02@display=no-training
original,hrc16,b06990da-cdb0-46ce-9ec1-4e2597c7c00a,original,src02@display=no-training
original,original,08222fec-a836-4bb3-bc8b-06590d580cca,hrc16,src02@display=no-training
original,hrc16,331844da-5e41-403c-a653-e3e9df4bd77e,original,src02@display=no-training
original,hrc16,1d7e8443-fd1d-48b1-9a31-005a653ad28d,original,src02@display=no-training
original,hrc16,fa36cb57-e118-4fa0-b207-5cb949f290dd,original,src02@display=no-training
original,hrc16,cd53e6fd-1592-4582-a526-ce3b91a4ea71,original,src02@display=no-training
original,hrc16,fe18ed94-ebd5-49f9-a7db-04e87cb783fd,original,src02@display=no-training
hrc21,hrc21,43d096d5-06ae-454a-8e9e-064159d07454,hrc10,src01@display=no-training
hrc21,hrc10,417eaad3-9ff2-4d1a-a693-5ae803839281,hrc21,src01@display=no-training
hrc21,hrc21,3fd0c9c3-2630-4b2e-97a2-a5d53a98bd58,hrc10,src01@display=no-training
hrc21,hrc10,03ef0614-5880-4283-869c-e93d4b9d990e,hrc21,src01@display=no-training
hrc21,hrc10,e94bde4d-255d-47f6-bdbf-d781c9955022,hrc21,src01@display=no-training
hrc21,hrc10,98ce71da-42b5-40dc-ba86-68f8b2f86e1f,hrc21,src01@display=no-training
hrc21,hrc10,901525db-f558-48a2-931c-a9de0c60f77f,hrc21,src01@display=no-training
hrc21,hrc21,e8c1511a-8c33-4c69-be8f-24942a1a27ce,hrc10,src01@display=no-training
hrc21,hrc10,42299818-23d6-4c44-822c-dcdd91f26d60,hrc21,src01@display=no-training
hrc21,hrc21,33ef8805-0783-43e5-b363-3facd89393f8,hrc10,src01@display=no-training
hrc07,hrc07,ba113fb3-dae8-44d5-b55c-ca1f6c35f671,hrc13,src02@display=no-training
hrc07,hrc07,74ffc6b3-9180-486e-9946-af73fbc87977,hrc13,src02@display=no-training
hrc07,hrc07,6135ed7f-5dda-4d85-87d3-be5893060467,hrc13,src02@display=no-training
hrc07,hrc07,a6dad7bb-8836-4103-9511-d77c49ea02c9,hrc13,src02@display=no-training
hrc07,hrc13,77381627-993a-4177-ad22-b7dbdbfad056,hrc07,src02@display=no-training
hrc07,hrc07,e94bde4d-255d-47f6-bdbf-d781c9955022,hrc13,src02@display=no-training
hrc07,hrc13,3f4c851c-d791-4ae1-a409-b15ebc7602e2,hrc07,src02@display=no-training
hrc07,hrc07,8b7d1ecd-e95a-4379-a495-33a22119a344,hrc13,src02@display=no-training
hrc07,hrc13,faac7ea8-ec5f-4eb7-b401-1aa9a93a6a43,hrc07,src02@display=no-training
hrc07,hrc07,2542f94b-c9c0-4121-8cd6-562f67503607,hrc13,src02@display=no-training
,hrc18,201ca70f-e731-4e8e-a125-f82579361303,hrc17,src01@display=no-training
,hrc18,10133552-f9c8-4185-b640-7e25d2e74bf4,hrc17,src01@display=no-training
hrc17,hrc17,39106def-10dc-4a00-97d4-3f8ec15e1f8e,hrc18,src01@display=no-training
,hrc17,215a949e-c7d9-4a47-9700-b26141e218c8,hrc18,src01@display=no-training
hrc17,hrc18,32b0fe51-c4b4-46e2-9f45-9ba36cb18419,hrc17,src01@display=no-training
hrc17,hrc17,be25cfd3-2f0b-42ca-b68b-807e9954418e,hrc18,src01@display=no-training
hrc17,hrc18,7e98f940-e3dc-44a6-a8fd-efa346cb7697,hrc17,src01@display=no-training
hrc17,hrc18,8b27aa77-28aa-4647-bdbc-dbbf35b50d86,hrc17,src01@display=no-training
hrc17,hrc18,1fda9f15-e969-41d3-a5e6-1ef66b8b22d8,hrc17,src01@display=no-training
hrc18,hrc18,ba113fb3-dae8-44d5-b55c-ca1f6c35f671,hrc17,src01@display=no-training
hrc02,hrc02,a900d27b-6050-4998-afe6-b3e4a84fa956,hrc19,src02@display=no-training
hrc02,hrc02,f29f68bb-6a96-4f0e-b690-847842a9a16d,hrc19,src02@display=no-training
hrc02,hrc19,a54f674c-0f58-452d-9942-8e3cfd73ef19,hrc02,src02@display=no-training
hrc02,hrc19,e014ebd9-cd30-437e-a333-6be5f7828d6d,hrc02,src02@display=no-training
hrc02,hrc02,31139786-676b-4e53-9762-4f0e8cc93727,hrc19,src02@display=no-training
hrc19,hrc19,f626ab92-efaa-4e82-af30-018d04dd08c1,hrc02,src02@display=no-training
hrc02,hrc02,3da1d186-8e8c-4453-85b7-68f16823be0c,hrc19,src02@display=no-training
hrc19,hrc02,07e0efcb-001f-491e-aa9f-cca467743d01,hrc19,src02@display=no-training
hrc02,hrc19,130f97dd-bd25-4da8-ac72-85c683f293af,hrc02,src02@display=no-training
hrc02,hrc19,d7b474e9-ad6f-4890-99ab-5a796fcbd2cb,hrc02,src02@display=no-training
hrc16,hrc18,a900d27b-6050-4998-afe6-b3e4a84fa956,hrc16,src01@display=no-training
hrc18,hrc16,aef6f382-f636-4b40-bc86-864837bb4fa3,hrc18,src01@display=no-training
hrc18,hrc16,45421f6a-1b14-4ed1-b5d8-8dacebed8b88,hrc18,src01@display=no-training
hrc18,hrc16,046a2d12-93ee-4c22-b4af-236d42e42716,hrc18,src01@display=no-training
hrc18,hrc16,b1807296-12f5-4e55-b33e-cfe441bc70de,hrc18,src01@display=no-training
hrc18,hrc18,71e14685-9bb1-453e-940d-07a99ca5950b,hrc16,src01@display=no-training
hrc16,hrc16,09de16c3-f8ac-42c9-bd83-0b8cebd57647,hrc18,src01@display=no-training
hrc18,hrc18,551db687-32a7-4c5c-ad62-3702df23d258,hrc16,src01@display=no-training
hrc18,hrc18,0e6bd588-76a1-47fe-8393-5e2f3cf4168a,hrc16,src01@display=no-training
,hrc16,6f7e0309-3095-4c2a-a58e-11232cacc3bd,hrc18,src01@display=no-training
hrc20,hrc17,f431a506-baeb-4aaf-8c16-3403fe25dc3d,hrc20,src01@display=no-training
hrc20,hrc17,88fd02c5-402c-4421-b7ec-555b9efbe077,hrc20,src01@display=no-training
hrc20,hrc17,a867dbaa-519b-4945-aa5a-9f6b4c6520b7,hrc20,src01@display=no-training
hrc20,hrc17,953708e4-c895-4afd-96e8-b45fdd505175,hrc20,src01@display=no-training
hrc20,hrc20,c0a4b3b4-26a8-4223-9d56-496a44fa7b3f,hrc17,src01@display=no-training
hrc20,hrc20,1f13add5-5ce9-4c51-8b33-3777418089c5,hrc17,src01@display=no-training
hrc20,hrc17,7874da72-8ea1-4e57-abe0-af1f5b35cf3a,hrc20,src01@display=no-training
hrc20,hrc17,3da1d186-8e8c-4453-85b7-68f16823be0c,hrc20,src01@display=no-training
hrc20,hrc17,2c7b0073-dae3-4a21-a8ab-64e06361be0d,hrc20,src01@display=no-training
hrc20,hrc20,91641fb2-f748-4fad-bfa6-9ef0e5b271a3,hrc17,src01@display=no-training
hrc21,hrc12,f431a506-baeb-4aaf-8c16-3403fe25dc3d,hrc21,src02@display=no-training
hrc21,hrc21,ecf6df41-9caa-4f8e-9e83-ed4064aa1ec4,hrc12,src02@display=no-training
hrc12,hrc21,786e97ac-4266-4756-9693-1128d669933d,hrc12,src02@display=no-training
hrc12,hrc12,fd4ac2a5-2530-4db8-84d3-e33c1c638e13,hrc21,src02@display=no-training
hrc12,hrc12,4f379e80-7986-435e-80da-90d2288a9137,hrc21,src02@display=no-training
hrc21,hrc12,4a48da27-470b-4fcd-8543-b926c16ff650,hrc21,src02@display=no-training
hrc21,hrc21,8dc48e4f-944e-46f3-b3d7-2733d875f1c5,hrc12,src02@display=no-training
,hrc21,3266e1c9-08ee-4211-9f34-1170e2ecb043,hrc12,src02@display=no-training
,hrc12,051f4c64-8631-42c6-85f8-d7168adf4874,hrc21,src02@display=no-training
hrc21,hrc12,97e1763f-e2a6-4c83-a1cd-6cc36cd155bf,hrc21,src02@display=no-training
hrc20,hrc20,05f9d4ef-3265-4042-bbf9-52c4862a6cc1,hrc16,src01@display=no-training
hrc20,hrc16,19c32dbe-28f1-41dd-b4bd-520d0ae1860c,hrc20,src01@display=no-training
hrc20,hrc20,a808a4de-7bea-4369-8f71-1cb7d12f07d2,hrc16,src01@display=no-training
hrc20,hrc20,853100a4-1afc-4a6b-af04-44ce98e09b00,hrc16,src01@display=no-training
hrc20,hrc16,2fef66bc-f9ba-4659-8710-5c4e882e66d2,hrc20,src01@display=no-training
hrc20,hrc16,43de5aa3-6ca6-4e25-9742-c63818d012ca,hrc20,src01@display=no-training
hrc20,hrc16,4045a842-9f7c-40f9-80be-3d5831d6a738,hrc20,src01@display=no-training
hrc20,hrc16,aa235a56-2c9d-4248-b414-4fb6bb6ad697,hrc20,src01@display=no-training
hrc20,hrc20,50a38519-8060-4b35-97ac-c4b565cbe444,hrc16,src01@display=no-training
hrc20,hrc16,b774e164-c6e9-4e95-888c-12c5e3ddb8ad,hrc20,src01@display=no-training
hrc07,hrc07,6b87b86f-c250-4cb0-8fbb-338e7d6bd849,hrc10,src02@display=no-training
hrc07,hrc10,e93873b4-0ba1-44f7-9892-01237fb79aed,hrc07,src02@display=no-training
hrc07,hrc10,83d45c00-57c2-4eae-a987-5b25a951a833,hrc07,src02@display=no-training
hrc07,hrc10,8e1eae9a-55e4-4cff-a611-e4ba38d017bb,hrc07,src02@display=no-training
hrc07,hrc10,54382ae9-82bc-48d6-a644-d65706f0a65d,hrc07,src02@display=no-training
hrc07,hrc10,e886d720-6d96-44b4-a38f-ef52c0aea62d,hrc07,src02@display=no-training
hrc07,hrc10,3422834a-4094-4e5a-b388-6a1bda18368f,hrc07,src02@display=no-training
hrc07,hrc10,27178302-0773-447d-b736-e24bec3ac742,hrc07,src02@display=no-training
hrc07,hrc07,840a09b5-4c5b-45f7-8f13-6a8057cf0fac,hrc10,src02@display=no-training
hrc07,hrc07,1febb2a5-e775-4a21-a8b0-28aa2c87f5fc,hrc10,src02@display=no-training
hrc04,hrc04,6b87b86f-c250-4cb0-8fbb-338e7d6bd849,hrc13,src01@display=no-training
hrc04,hrc04,87e94e45-9c62-4b17-8f94-a1cb0efa9b1d,hrc13,src01@display=no-training
hrc04,hrc13,04813965-9b3c-43c9-9a9d-5a6941afef3d,hrc04,src01@display=no-training
hrc04,hrc04,3a734a80-9259-40ba-be9d-459a898ba938,hrc13,src01@display=no-training
hrc04,hrc04,2f5c9d18-91f7-4d55-a880-82131b6af0d3,hrc13,src01@display=no-training
hrc04,hrc13,a410f9ea-0698-429b-a5d2-9f44282f6d4b,hrc04,src01@display=no-training
hrc04,hrc13,eadefcd2-3e7b-4db5-a25d-9ebfe5da399e,hrc04,src01@display=no-training
hrc04,hrc04,6ea4f9af-c257-4696-b51c-792ab1b5c848,hrc13,src01@display=no-training
hrc04,hrc04,5dc62e1a-77a7-42ff-b80f-ad839dbf8ba4,hrc13,src01@display=no-training
hrc04,hrc13,64f01562-adef-480b-927e-12872cada192,hrc04,src01@display=no-training
,original,8dbb5d68-3d99-48a5-9921-349f663f4524,hrc07,src02@display=no-training
,original,f0c077b8-5233-41ba-9089-7e1b10f40640,hrc07,src02@display=no-training
,hrc07,3ad42979-cd24-4628-a4da-5fe85c253715,original,src02@display=no-training
hrc07,original,a5d75ac5-07f5-4c4c-bf5f-671d657d60b5,hrc07,src02@display=no-training
,hrc07,f2b9faac-c743-4136-9ed0-28508f2a2b42,original,src02@display=no-training
,hrc07,02b35be6-fb7d-4492-87e7-8f22e34574ad,original,src02@display=no-training
original,original,bd7b1f78-9c0e-4064-9134-e2e03080215b,hrc07,src02@display=no-training
,original,abff7351-c218-40d5-8aa9-fc7b1a5d8429,hrc07,src02@display=no-training
hrc07,hrc07,3bd6b8a9-b6b4-451c-9278-ee9a14dafa7f,original,src02@display=no-training
,hrc07,4a2d56ff-0393-4f08-9121-e22c41b4c51f,original,src02@display=no-training
hrc07,hrc04,b7dcf8dc-b52c-47a2-90bd-e420cdeb41cb,hrc07,src02@display=no-training
hrc07,hrc07,f27f301b-6bbb-4542-bf08-11f97dbd22d2,hrc04,src02@display=no-training
,hrc07,ea4c2ce7-4a48-4590-9d5e-0592ae88a555,hrc04,src02@display=no-training
hrc04,hrc04,175a965b-e302-46aa-b701-fb087c49b74f,hrc07,src02@display=no-training
,hrc07,6b3e1fe5-2144-4a32-9c96-22e81b465526,hrc04,src02@display=no-training
hrc04,hrc07,ccf15846-bb9a-4523-86ef-96158048a208,hrc04,src02@display=no-training
hrc04,hrc07,36b61036-3adf-409a-ba43-b95dd2257675,hrc04,src02@display=no-training
,hrc04,c79ca1a1-db1e-4f12-8a20-b18e8b065ead,hrc07,src02@display=no-training
,hrc04,eaeedcc0-54af-4d8a-8d41-5f3f9420e804,hrc07,src02@display=no-training
,hrc04,6ecafacc-74bb-46fc-a25c-fb88759b6610,hrc07,src02@display=no-training
hrc12,hrc08,b7dcf8dc-b52c-47a2-90bd-e420cdeb41cb,hrc12,src01@display=no-training
,hrc12,d0ff0cee-967d-4b1f-8398-f805a1c309bb,hrc08,src01@display=no-training
hrc08,hrc12,400e826b-2859-4400-a0a8-9cb0ca818371,hrc08,src01@display=no-training
hrc08,hrc08,2b2fa8d6-a371-4df4-aaf9-2b8ac3c23030,hrc12,src01@display=no-training
hrc08,hrc12,306ef9fb-b2aa-4eb0-b6b7-f160a0880759,hrc08,src01@display=no-training
hrc08,hrc12,64c2f134-2df0-40e2-854a-c2cafa0df023,hrc08,src01@display=no-training
hrc12,hrc08,adb42d8d-a4b5-4730-b575-c6db34b3313c,hrc12,src01@display=no-training
,hrc08,6a5c53fc-4f8c-4abf-97c1-466f1f6c1023,hrc12,src01@display=no-training
hrc08,hrc08,89c91ff0-a1a3-4604-95f9-2196ba8054bf,hrc12,src01@display=no-training
hrc08,hrc12,82043c11-c04e-412b-8b30-62518aaf55b5,hrc08,src01@display=no-training
hrc09,hrc18,e37230c1-652b-4455-bcb6-13eb88ed333d,hrc09,src01@display=no-training
hrc09,hrc09,b2050466-f235-4258-9cad-bdd9aa52afc2,hrc18,src01@display=no-training
,hrc09,7cee5dec-b3f6-4b77-9f58-36202fc71af5,hrc18,src01@display=no-training
hrc18,hrc09,bd86f5f7-6fbd-4680-a9d5-5a34f343eba2,hrc18,src01@display=no-training
hrc09,hrc09,51c24e0f-2499-49c5-860a-84b17cff38be,hrc18,src01@display=no-training
hrc09,hrc09,a2feff48-6bd4-4bd1-9ccf-fc969c920cdf,hrc18,src01@display=no-training
hrc09,hrc18,9b12ec4a-fa08-4ab2-b239-ed08073ff262,hrc09,src01@display=no-training
hrc18,hrc09,d826d53b-0856-4aea-a51b-432806abb1e1,hrc18,src01@display=no-training
hrc09,hrc09,f3898e02-ebd4-402b-90c3-9f2575211afc,hrc18,src01@display=no-training
hrc09,hrc18,881a6c66-db05-40f7-ad8a-77648d2d237f,hrc09,src01@display=no-training
original,hrc07,cda2124f-abe9-453e-bbce-bd562f21785b,original,src01@display=no-training
hrc07,original,23314143-2b04-4e79-8a25-a9a2efd14f19,hrc07,src01@display=no-training
original,original,ff2c80e4-1759-42a7-a6bc-0b3eac9f9ed3,hrc07,src01@display=no-training
,hrc07,9be2aa59-4968-4b1b-8ba3-90356da3c013,original,src01@display=no-training
,original,aff72792-47ad-419e-9732-8b02aa415e28,hrc07,src01@display=no-training
original,hrc07,fed3c133-8a6c-4f5f-a931-1d3bf1e3cbfb,original,src01@display=no-training
,original,c88af769-d298-4298-800c-ad11fb29c899,hrc07,src01@display=no-training
original,hrc07,21fb7d74-ce7f-4a75-bbf9-60059b82b720,original,src01@display=no-training
original,hrc07,1d86cd8c-857c-4e48-a107-5f9463d42d40,original,src01@display=no-training
hrc07,hrc07,20ee2e43-5f41-4f76-b0c1-2ffe19f9602c,original,src01@display=no-training
hrc04,hrc09,cda2124f-abe9-453e-bbce-bd562f21785b,hrc04,src02@display=no-training
hrc04,hrc04,7686d813-d5e0-44f8-903b-16713b01a72d,hrc09,src02@display=no-training
,hrc04,1a3f82b3-7431-4271-b1d3-20a62c2c99dc,hrc09,src02@display=no-training
hrc04,hrc04,f9017240-e499-42f6-85ae-673f751f0c38,hrc09,src02@display=no-training
,hrc09,78e26595-e75f-4806-a6ed-26d6e8f35a1b,hrc04,src02@display=no-training
hrc04,hrc09,6f2c2f55-6d6c-4686-9a3c-50e7b4b47219,hrc04,src02@display=no-training
hrc04,hrc09,f526611a-a42a-4f2f-89d5-cc9e7efac493,hrc04,src02@display=no-training
,hrc04,9d509489-42a8-469c-8e72-777f35c39870,hrc09,src02@display=no-training
hrc09,hrc09,d826d53b-0856-4aea-a51b-432806abb1e1,hrc04,src02@display=no-training
,hrc09,38207576-6ad7-4dac-84da-904ae3c77cf8,hrc04,src02@display=no-training
hrc09,hrc18,22dbb752-8410-4e4d-8c96-e285cb6b6ee8,hrc09,src02@display=no-training
hrc09,hrc18,1192c78f-0781-43ea-8c31-4352aa897a64,hrc09,src02@display=no-training
hrc09,hrc18,86df2c31-3d5e-4c20-8931-c3ef97cc34cd,hrc09,src02@display=no-training
hrc09,hrc09,2e1c5ff1-e376-4bef-a680-7c80520888f0,hrc18,src02@display=no-training
hrc09,hrc18,e6117117-5dce-465d-9049-31c50c6c61b0,hrc09,src02@display=no-training
hrc09,hrc18,d680646f-4054-409d-a496-91a707fd4885,hrc09,src02@display=no-training
hrc09,hrc18,66b92e37-0b75-4aba-990d-ca47cf686540,hrc09,src02@display=no-training
hrc09,hrc09,292650bb-01af-4e38-b7ab-f6c163fcea4c,hrc18,src02@display=no-training
hrc09,hrc18,0fc10e59-0cf3-4b60-acf5-c2e37e215cad,hrc09,src02@display=no-training
hrc09,hrc09,0e6bd588-76a1-47fe-8393-5e2f3cf4168a,hrc18,src02@display=no-training
hrc21,hrc18,22dbb752-8410-4e4d-8c96-e285cb6b6ee8,hrc21,src01@display=no-training
hrc21,hrc21,33285b45-2963-4ceb-8111-877417789be1,hrc18,src01@display=no-training
hrc21,hrc18,3be288f6-8041-4043-b452-46e8a67d7014,hrc21,src01@display=no-training
hrc21,hrc21,438e8653-e2e4-4d7e-b701-1cd1aff05f82,hrc18,src01@display=no-training
hrc21,hrc21,6b3e1fe5-2144-4a32-9c96-22e81b465526,hrc18,src01@display=no-training
hrc21,hrc21,e70ba9af-4c86-4f6e-a2c8-54afd6b7c818,hrc18,src01@display=no-training
hrc21,hrc21,890b0e6e-f299-462d-aeeb-b186f01f6f70,hrc18,src01@display=no-training
hrc21,hrc18,72e7431d-e9dc-43b5-9e38-6d3780f298ea,hrc21,src01@display=no-training
hrc21,hrc18,d693e8cd-acbe-470b-bf2b-5c6ff409dc71,hrc21,src01@display=no-training
hrc21,hrc18,24321fc2-2364-4f6d-a25c-f593a13b061a,hrc21,src01@display=no-training
original,original,2fa1bcd3-8b2a-436f-a799-1eb3e77d45f3,hrc19,src01@display=no-training
original,hrc19,f29f68bb-6a96-4f0e-b690-847842a9a16d,original,src01@display=no-training
,original,f34eebbe-cadc-470b-ad67-fba97042993a,hrc19,src01@display=no-training
original,hrc19,b022effd-ca6f-4f69-a0f5-11bd78628639,original,src01@display=no-training
original,original,13e19637-8aec-4d17-8256-c1a0879440e8,hrc19,src01@display=no-training
original,hrc19,33646442-3d35-4986-9939-550b7bd59125,original,src01@display=no-training
original,original,6167a62f-8c9a-478a-bf9c-8c81420948a8,hrc19,src01@display=no-training
original,original,c23c0921-9fcb-43fe-82f9-8e8f14fc0947,hrc19,src01@display=no-training
original,original,6c11fc1a-b4f0-4525-855f-f6a00b5409e8,hrc19,src01@display=no-training
,hrc19,aa69d5d4-b9af-4cba-94f6-bdfd76ca0b84,original,src01@display=no-training
hrc04,hrc13,b022effd-ca6f-4f69-a0f5-11bd78628639,hrc04,src02@display=no-training
hrc04,hrc04,62dfcc1a-f13d-43b7-b124-9461292a7415,hrc13,src02@display=no-training
hrc04,hrc04,c4e9ca97-a225-4610-a601-6fb7b294f85c,hrc13,src02@display=no-training
hrc04,hrc04,651b3bb1-0c2e-4a58-a8ff-c03001964285,hrc13,src02@display=no-training
hrc04,hrc13,a013f115-1c9c-4d46-85b2-9e4c2673ab14,hrc04,src02@display=no-training
hrc04,hrc04,c06fa6f7-ddd2-43d1-96e0-1284e8008c14,hrc13,src02@display=no-training
hrc04,hrc13,e88a08d0-13f6-4bf9-ad6e-ddd7c77f7373,hrc04,src02@display=no-training
hrc04,hrc04,77d2ccfb-ea78-4f68-bea0-064eb802d8b9,hrc13,src02@display=no-training
hrc04,hrc04,7636c232-cf8e-42d0-9b8d-10d48c444b17,hrc13,src02@display=no-training
hrc04,hrc04,c92c9904-292e-420d-8f51-77a57c673a5c,hrc13,src02@display=no-training
hrc21,hrc21,4d6decb6-ad5d-4bda-a1c3-198f1d83d3d6,hrc05,src02@display=no-training
hrc21,hrc05,a0461a72-81fc-4492-9cad-96ba9f7bacbb,hrc21,src02@display=no-training
hrc21,hrc21,a5bfd6b9-ec5f-49d7-aad5-4f7a6c1bef00,hrc05,src02@display=no-training
hrc21,hrc05,b75eed47-d9a5-4a29-b4b7-bab0ecbfaf72,hrc21,src02@display=no-training
hrc21,hrc21,9980f22a-f115-45f1-b3a2-d12fd0dd8cf1,hrc05,src02@display=no-training
hrc21,hrc05,d7ccb7af-590f-4f88-bbdb-cb8e68e72518,hrc21,src02@display=no-training
hrc21,hrc05,814ba963-799b-4345-bf39-65bfbb22105a,hrc21,src02@display=no-training
hrc21,hrc21,4a76f2f7-9d33-49ba-8cc4-1cf92c5da2d4,hrc05,src02@display=no-training
hrc21,hrc05,48a9efad-0b20-49da-b47d-ae93af5ce867,hrc21,src02@display=no-training
hrc21,hrc05,4286ceb2-7535-49c7-ae3e-0a69c7960068,hrc21,src02@display=no-training
hrc07,hrc05,a63fa9ac-58ac-4b07-a9c8-fa73440cdfb5,hrc07,src01@display=no-training
hrc07,hrc05,379e9519-d897-4cf1-b5cf-090662e13f2e,hrc07,src01@display=no-training
hrc07,hrc07,63f7f7f4-368f-486f-8fef-7458e62a7909,hrc05,src01@display=no-training
hrc07,hrc05,058eabcd-6fe1-4446-af05-c68fbd2bd0c6,hrc07,src01@display=no-training
hrc07,hrc05,de673751-ad54-476d-9e45-5e82a3cea63d,hrc07,src01@display=no-training
hrc07,hrc07,fdd71d4d-86e1-473c-8d6a-212eac301182,hrc05,src01@display=no-training
hrc07,hrc05,58c5db58-31c9-498a-84c7-f2656253c676,hrc07,src01@display=no-training
hrc07,hrc05,002808ce-aaff-4a9e-a4c9-3cd8d9b3ef6a,hrc07,src01@display=no-training
hrc07,hrc07,d52484c5-287b-49f5-92f9-d01055c2728e,hrc05,src01@display=no-training
hrc07,hrc07,a91842fe-969f-4065-af6f-8664becf98fe,hrc05,src01@display=no-training
hrc02,hrc02,f6994c6d-9f18-45f3-b54f-2940b888587f,hrc19,src01@display=no-training
hrc02,hrc19,380f614f-b98d-4a9b-bb43-75930185afa8,hrc02,src01@display=no-training
hrc02,hrc19,c4e9ca97-a225-4610-a601-6fb7b294f85c,hrc02,src01@display=no-training
hrc02,hrc02,0a1969d8-7cd3-499e-8b05-180327e7639d,hrc19,src01@display=no-training
hrc02,hrc02,a5d75ac5-07f5-4c4c-bf5f-671d657d60b5,hrc19,src01@display=no-training
hrc02,hrc02,e1a81f7d-52d5-42f1-a2d0-3c29476b9636,hrc19,src01@display=no-training
hrc02,hrc02,5e7b7399-d11c-4dbd-b93c-a054a679a25f,hrc19,src01@display=no-training
hrc19,hrc02,b1c29b25-331d-4a78-aab8-01d110fd1e92,hrc19,src01@display=no-training
hrc19,hrc19,cb413348-33d5-4aa8-b00b-1200485f9b83,hrc02,src01@display=no-training
hrc02,hrc19,6a98c9e8-2ad1-4e94-9b64-768f79f5a556,hrc02,src01@display=no-training
hrc12,hrc12,f6994c6d-9f18-45f3-b54f-2940b888587f,hrc10,src02@display=no-training
hrc12,hrc10,417eaad3-9ff2-4d1a-a693-5ae803839281,hrc12,src02@display=no-training
hrc12,hrc10,fc2d5087-17df-4c84-844b-23b0339b666b,hrc12,src02@display=no-training
hrc12,hrc12,a0705ba3-cba0-46ca-adaa-5ad1794e1188,hrc10,src02@display=no-training
hrc12,hrc10,aec7ed14-ebe5-4a27-971e-812aa92084ca,hrc12,src02@display=no-training
hrc12,hrc12,835319a2-89cb-4cdc-92ac-97ef2d4ab247,hrc10,src02@display=no-training
hrc12,hrc12,22b292e9-7a17-4b4a-9a09-0681caae291e,hrc10,src02@display=no-training
hrc12,hrc12,32984cad-d2a2-4070-9903-e1bb08e62b3e,hrc10,src02@display=no-training
hrc12,hrc12,b50ef8d4-8186-4583-b21a-e5735648587c,hrc10,src02@display=no-training
hrc12,hrc12,62657dbc-0939-45fd-b9d0-0c9a3b27d669,hrc10,src02@display=no-training
original,original,afcc6f96-522d-4ce5-a0c2-f2969675ad06,hrc10,src02@display=no-training
original,original,003d62a2-e400-4a0d-8dc3-7805faeb9a7b,hrc10,src02@display=no-training
original,hrc10,7cee5dec-b3f6-4b77-9f58-36202fc71af5,original,src02@display=no-training
original,original,4d913085-d3c6-4c34-9d18-eef3239c47cf,hrc10,src02@display=no-training
original,original,06327616-afdd-4927-bbaf-73de01dfa383,hrc10,src02@display=no-training
original,original,db107cd9-dbe7-4902-afda-5ae89c3af6c2,hrc10,src02@display=no-training
original,original,feabbea3-3eb7-46a6-9150-d41a3944603d,hrc10,src02@display=no-training
original,hrc10,091fadc3-64c7-48a1-8c46-a1233a3b21f1,original,src02@display=no-training
original,original,90fb2795-6b00-41e1-9332-4593f10a9aed,hrc10,src02@display=no-training
original,original,6b7cf11a-44c3-48d0-87a8-cdc05b3801e6,hrc10,src02@display=no-training
original,hrc02,afcc6f96-522d-4ce5-a0c2-f2969675ad06,original,src01@display=no-training
,original,c7393313-6dbc-4da9-9dd7-d677cd4aa45b,hrc02,src01@display=no-training
hrc02,original,2d0c771e-dcc5-4ab1-96dd-5be09e162328,hrc02,src01@display=no-training
original,hrc02,c7b767ec-2634-44e9-a9b0-29d5046ff17a,original,src01@display=no-training
original,hrc02,d2b4d696-aa3f-4f64-842e-b95ddd65449e,original,src01@display=no-training
original,original,6bfdc018-e316-4308-9e36-75b96fbf87db,hrc02,src01@display=no-training
hrc02,original,93c57369-8b2e-4e2c-a35b-74535dfc3434,hrc02,src01@display=no-training
original,hrc02,feabc2a1-9004-4146-acc3-3609cc50300a,original,src01@display=no-training
original,original,2e79172f-46f4-4734-ae33-91f9f5c22bbf,hrc02,src01@display=no-training
hrc02,hrc02,0bf55f15-f420-47f7-affc-2654b7277ec7,original,src01@display=no-training
,hrc20,60d58be8-a3a8-44bf-a2b9-13792fb7c7a7,hrc08,src01@display=no-training
hrc20,hrc08,6d22f6aa-ae59-40dc-8725-da821af52e48,hrc20,src01@display=no-training
,hrc08,3205993c-aac2-4a12-b9f8-728328cdc06c,hrc20,src01@display=no-training
hrc20,hrc20,ce9bf68f-cff6-46ed-abc8-cc2f6af281e2,hrc08,src01@display=no-training
,hrc20,f3db176c-d706-4df7-8e35-7dc9132ab42d,hrc08,src01@display=no-training
hrc08,hrc08,64f09ad6-9f2d-4ed2-9f00-8b7388aca3d2,hrc20,src01@display=no-training
,hrc08,b2e4fd69-e297-428c-80bb-8e4c322696ae,hrc20,src01@display=no-training
hrc08,hrc08,2f199ff5-e6d7-4e86-b684-1c3b552baa9b,hrc20,src01@display=no-training
,hrc20,bc998eae-55a0-4a74-80a8-20a27838be1a,hrc08,src01@display=no-training
hrc08,hrc08,53ddf5cc-1602-4d03-9883-5332482a5feb,hrc20,src01@display=no-training
hrc02,hrc02,93c61817-07f1-4876-97ad-e44a7db757f1,hrc18,src01@display=no-training
hrc02,hrc02,a0461a72-81fc-4492-9cad-96ba9f7bacbb,hrc18,src01@display=no-training
hrc02,hrc18,aa2497f2-d324-449a-a3ea-ec31d2180c93,hrc02,src01@display=no-training
hrc02,hrc18,34168229-2e1e-4921-ac15-d92436d5a977,hrc02,src01@display=no-training
hrc02,hrc02,ea1fced5-67ab-4744-8af5-26b265424a52,hrc18,src01@display=no-training
hrc02,hrc02,e6649c05-bba4-4d31-98c7-8601374d6057,hrc18,src01@display=no-training
hrc02,hrc02,6928b695-0a44-43eb-bf33-2e73eea11790,hrc18,src01@display=no-training
hrc02,hrc02,56dca4c8-e374-4954-ad6b-2e964a5df796,hrc18,src01@display=no-training
hrc02,hrc18,232fe1a0-97fb-4560-816a-d80445fda792,hrc02,src01@display=no-training
hrc02,hrc18,fd313eca-0eb1-4b39-bd08-b5329f2c5e61,hrc02,src01@display=no-training
,hrc08,93c61817-07f1-4876-97ad-e44a7db757f1,hrc10,src02@display=no-training
hrc08,hrc10,90a2641b-5fcb-41c9-ad89-2451fbfad6a7,hrc08,src02@display=no-training
hrc08,hrc08,57357bed-fa07-439c-9372-137abde6515b,hrc10,src02@display=no-training
hrc08,hrc10,99ac275c-68a7-481c-a3ec-e1a7ecf385c8,hrc08,src02@display=no-training
,hrc10,2b2fa8d6-a371-4df4-aaf9-2b8ac3c23030,hrc08,src02@display=no-training
hrc08,hrc10,c0194955-c42e-4a2f-a1ab-b48fdb4fe5e8,hrc08,src02@display=no-training
hrc08,hrc08,d403c7b5-a23c-4583-90c0-5ed27e20b8f4,hrc10,src02@display=no-training
,hrc10,3294436f-ed2c-418c-b0a4-838f6d5f50b0,hrc08,src02@display=no-training
hrc08,hrc10,ffcb775b-526f-4e28-8b0a-a53af6cae4fc,hrc08,src02@display=no-training
,hrc10,3346d8dd-79a1-4cc2-96f1-d21cc148070a,hrc08,src02@display=no-training
hrc21,hrc16,aa69d5d4-b9af-4cba-94f6-bdfd76ca0b84,hrc21,src02@display=no-training
hrc21,hrc16,8b550bbc-1620-4719-858f-a2cdbb3ff4b0,hrc21,src02@display=no-training
hrc21,hrc16,5f05bf2e-edd6-48ae-83b0-bbad9be59c03,hrc21,src02@display=no-training
hrc21,hrc21,aa5df311-6e77-419b-a840-ecac85c0bf57,hrc16,src02@display=no-training
hrc21,hrc21,2c034a31-b04b-4132-be9d-cebcbabb4380,hrc16,src02@display=no-training
hrc21,hrc21,628344eb-f0b3-4307-bba4-fd09f7dcc56b,hrc16,src02@display=no-training
hrc21,hrc16,8d17603d-66f1-4773-afa0-a9d1c2441752,hrc21,src02@display=no-training
hrc21,hrc21,5d3dc6a3-01dc-43b0-8cff-bfbde0c40871,hrc16,src02@display=no-training
hrc21,hrc16,8c6347a1-9073-43a1-a02c-299b19f1b2b1,hrc21,src02@display=no-training
hrc21,hrc16,c0edb15c-ab68-46ab-8a8a-1fa175f7c810,hrc21,src02@display=no-training
hrc04,hrc08,59a9f430-ab65-4955-9fcf-ce453281029a,hrc04,src02@display=no-training
hrc04,hrc08,42144d90-79d5-4dd8-9d01-b29df2cc9f4a,hrc04,src02@display=no-training
hrc04,hrc04,e5023fe1-23dd-4132-99eb-54f07bb55f1c,hrc08,src02@display=no-training
hrc04,hrc04,ea1fced5-67ab-4744-8af5-26b265424a52,hrc08,src02@display=no-training
hrc04,hrc08,425d756e-d5e7-49bc-83a2-85e76ee9b31d,hrc04,src02@display=no-training
hrc04,hrc04,014398e2-d4da-4268-abcf-1761c994090f,hrc08,src02@display=no-training
hrc04,hrc08,c0841986-a23a-42a0-a152-ce477545bdd0,hrc04,src02@display=no-training
hrc04,hrc08,fb99a2e3-6eef-43f1-9bb6-9d2a39a89d68,hrc04,src02@display=no-training
hrc04,hrc04,42f73238-b3a1-4fb4-b12c-ebfe89f8bb5f,hrc08,src02@display=no-training
hrc04,hrc04,54610d4e-5622-4fe4-9db3-a3db3d3e936f,hrc08,src02@display=no-training
,original,59a9f430-ab65-4955-9fcf-ce453281029a,hrc20,src01@display=no-training
original,original,c01f1046-c717-4ff9-8dad-7421859fc613,hrc20,src01@display=no-training
original,hrc20,8bc8cdd6-aa66-4cdd-9b76-76c9e52981fa,original,src01@display=no-training
,hrc20,985b2187-2e8e-497a-87c3-80cdc7a2058a,original,src01@display=no-training
original,hrc20,11e0d1ca-a7ee-4489-9f90-88cd738b1ecd,original,src01@display=no-training
,original,77e6627f-e93f-4de6-839e-47512ff2f2b3,hrc20,src01@display=no-training
original,original,8ffc1eb7-3d8c-4803-a4ae-6c512d5e5478,hrc20,src01@display=no-training
hrc20,hrc20,4bd6af01-9fac-4ed3-9eb7-a3274aeb5661,original,src01@display=no-training
original,original,99d9d038-42e4-4055-a1db-51c247b52d8c,hrc20,src01@display=no-training
original,original,fa4c43d0-3260-4144-aefb-de55089af488,hrc20,src01@display=no-training
hrc21,hrc21,23a11d58-2368-47e0-af93-d8596fc7db71,hrc18,src02@display=no-training
hrc21,hrc21,e94d62b4-1674-49d2-9d93-d83fdf7fc0a9,hrc18,src02@display=no-training
hrc21,hrc21,2c370320-38ea-4dce-8087-b3357e95e335,hrc18,src02@display=no-training
hrc21,hrc18,285e6ce4-b740-4a6e-9a62-d17f2e36da56,hrc21,src02@display=no-training
hrc21,hrc21,a598dfc3-ed57-44eb-8b48-92b2c1dd6086,hrc18,src02@display=no-training
hrc21,hrc18,6505fbd9-0847-4bf1-bc8a-09532291d090,hrc21,src02@display=no-training
hrc21,hrc18,2f40feab-34a7-4195-ae6f-b5f696ff05b4,hrc21,src02@display=no-training
hrc21,hrc21,603ab446-f84f-4a09-9a90-7409bcc0d3b8,hrc18,src02@display=no-training
hrc21,hrc21,cb66df87-875e-4b42-86b6-694bfeb1313b,hrc18,src02@display=no-training
hrc21,hrc18,ec5fe569-3e08-47cb-aadb-ea0b09d17525,hrc21,src02@display=no-training
hrc17,hrc17,c19a5422-36d3-49b8-b471-41caff52a8dc,hrc10,src01@display=no-training
hrc17,hrc17,463e62be-6f60-44e3-bc69-d7d4bd290f0d,hrc10,src01@display=no-training
hrc17,hrc17,23a11d58-2368-47e0-af93-d8596fc7db71,hrc10,src01@display=no-training
hrc17,hrc17,84ef6bb8-cb60-4e35-94ee-4f6eb5bac7a4,hrc10,src01@display=no-training
hrc17,hrc10,649135cd-e54f-4105-a2ff-d175b6e51c29,hrc17,src01@display=no-training
hrc17,hrc17,26871ee6-07b2-4725-9d6b-d10cd6d6e8c8,hrc10,src01@display=no-training
hrc17,hrc10,d54f6b38-56cd-4ea7-8dbb-93a511ddf7eb,hrc17,src01@display=no-training
hrc17,hrc17,45dbc247-317c-43c0-b2b1-effff92bd167,hrc10,src01@display=no-training
hrc10,hrc17,3f1c16f9-0d28-48e7-a3c4-0941df878231,hrc10,src01@display=no-training
hrc17,hrc10,133ad39e-5998-410a-b3de-f89eff90206c,hrc17,src01@display=no-training
hrc21,hrc13,70d9005d-4cb3-4dce-a134-aee6f96d771a,hrc21,src01@display=no-training
hrc21,hrc21,f8bdbf2b-56fa-42ce-bc56-3bea94e0d7cb,hrc13,src01@display=no-training
hrc21,hrc13,105b98fb-1f96-406b-b05f-11ca59ac217d,hrc21,src01@display=no-training
hrc21,hrc21,4abc48f0-325c-4564-95b3-06db30c6e854,hrc13,src01@display=no-training
hrc21,hrc21,9f415f14-b6f8-4ff3-a032-bc39cc814b73,hrc13,src01@display=no-training
hrc21,hrc13,1519847b-b957-4b45-8e9f-db5d5f72b749,hrc21,src01@display=no-training
hrc21,hrc13,a7cb4167-b9d3-436d-a9d0-8bf14c40f7ac,hrc21,src01@display=no-training
hrc21,hrc21,7e119710-3485-4cd1-b324-8038bbd18930,hrc13,src01@display=no-training
hrc21,hrc21,db107cd9-dbe7-4902-afda-5ae89c3af6c2,hrc13,src01@display=no-training
hrc21,hrc21,c045d23e-3f3b-4b8e-8905-9903e31dea71,hrc13,src01@display=no-training
hrc07,hrc12,70d9005d-4cb3-4dce-a134-aee6f96d771a,hrc07,src02@display=no-training
hrc12,hrc07,c78abaca-70ac-4a0d-97cd-ccdda203382b,hrc12,src02@display=no-training
hrc07,hrc07,058eabcd-6fe1-4446-af05-c68fbd2bd0c6,hrc12,src02@display=no-training
,hrc07,5411fe28-313e-4207-ad33-9c1acd9b0640,hrc12,src02@display=no-training
,hrc12,11310c79-0068-4f33-a341-a8ddbb36beb9,hrc07,src02@display=no-training
hrc12,hrc12,0ae1ac23-5abd-4347-8efd-f7b4982e799c,hrc07,src02@display=no-training
hrc07,hrc12,0fca2270-5646-4e65-b178-a722179983b0,hrc07,src02@display=no-training
,hrc12,5dc62e1a-77a7-42ff-b80f-ad839dbf8ba4,hrc07,src02@display=no-training
hrc07,hrc12,72ed54fa-f4f0-473b-a829-ac89abe9d3c5,hrc07,src02@display=no-training
hrc07,hrc07,8ca2525f-c1cd-4738-8317-eea204eddd29,hrc12,src02@display=no-training
hrc04,hrc18,b04ac0db-8699-48a2-96b6-61ae98dd8cf2,hrc04,src01@display=no-training
hrc04,hrc04,382ad6ec-0b8e-44d5-9c4b-5833a1d00b0f,hrc18,src01@display=no-training
hrc04,hrc18,b189d345-e28a-4e58-9ed3-5e4acd21add1,hrc04,src01@display=no-training
hrc04,hrc04,0d7f37d0-f53e-4a52-a78b-afc17556431e,hrc18,src01@display=no-training
hrc04,hrc18,79fb1864-fb13-4926-a967-5398013e9d21,hrc04,src01@display=no-training
hrc04,hrc04,9d199c7e-9811-4344-b93f-7cc29ae8e563,hrc18,src01@display=no-training
hrc04,hrc04,a1f80cb0-486f-4698-bf3f-26cb0a65d353,hrc18,src01@display=no-training
hrc04,hrc18,0cc760c5-8660-492e-a4d2-c4360899975d,hrc04,src01@display=no-training
hrc04,hrc18,393f17cf-39ac-43fc-8555-4164fc3d866b,hrc04,src01@display=no-training
hrc04,hrc04,77d2ccfb-ea78-4f68-bea0-064eb802d8b9,hrc18,src01@display=no-training
hrc20,hrc18,b04ac0db-8699-48a2-96b6-61ae98dd8cf2,hrc20,src02@display=no-training
hrc20,hrc20,1c222557-129c-413d-b05a-5e68afeca1fd,hrc18,src02@display=no-training
hrc20,hrc20,567005c0-484c-420a-8253-19699c82eee9,hrc18,src02@display=no-training
hrc20,hrc18,0da493d0-ea80-4d70-ba9e-e3f5ff77d39f,hrc20,src02@display=no-training
,hrc20,03ef0614-5880-4283-869c-e93d4b9d990e,hrc18,src02@display=no-training
hrc20,hrc18,61d2eaea-5d9d-432f-9d2b-228e869edc47,hrc20,src02@display=no-training
hrc20,hrc20,b1c29b25-331d-4a78-aab8-01d110fd1e92,hrc18,src02@display=no-training
hrc20,hrc20,f836f93f-9bb9-48a0-9294-9c768e1c23a2,hrc18,src02@display=no-training
hrc20,hrc18,8b0638be-1f8e-4353-bfc3-9e38c96115eb,hrc20,src02@display=no-training
,hrc20,6f7e0309-3095-4c2a-a58e-11232cacc3bd,hrc18,src02@display=no-training
hrc02,hrc16,0b021756-c303-46dc-b638-0d261335d8af,hrc02,src02@display=no-training
hrc02,hrc16,fdf2fd03-93a4-4751-b144-858499ab8b7f,hrc02,src02@display=no-training
hrc02,hrc02,c3cffd70-eea1-4c11-b2aa-5b2a38cdda11,hrc16,src02@display=no-training
hrc02,hrc16,f0119fe7-19cb-45d6-98b1-8d30f3994399,hrc02,src02@display=no-training
hrc02,hrc16,0abb605f-ad44-4d63-9bbd-84e2b37b9a07,hrc02,src02@display=no-training
hrc02,hrc02,0cd7633d-6ff0-4fc9-93c8-d9b7e1e8ff24,hrc16,src02@display=no-training
hrc02,hrc16,70fd376b-a5b0-42fb-a562-8cbc5f239c70,hrc02,src02@display=no-training
hrc02,hrc16,9a32f30e-db52-4c25-93d0-fa4eb929c406,hrc02,src02@display=no-training
hrc02,hrc02,12058d43-7153-442b-b2ba-d6d2c1f6628a,hrc16,src02@display=no-training
hrc02,hrc16,f4e3ae9d-eacf-4aa7-8112-8fd261fe5350,hrc02,src02@display=no-training
hrc18,hrc18,0b021756-c303-46dc-b638-0d261335d8af,hrc07,src01@display=no-training
hrc07,hrc07,9ad10c3e-1a1c-47c3-99bb-3662130048fd,hrc18,src01@display=no-training
hrc07,hrc07,57357bed-fa07-439c-9372-137abde6515b,hrc18,src01@display=no-training
hrc07,hrc18,6733509c-e7bb-4800-a850-f076ea6206c3,hrc07,src01@display=no-training
hrc07,hrc18,62df5c8a-e08f-42bf-9636-a410c58e7b85,hrc07,src01@display=no-training
hrc07,hrc18,758f23cd-06e0-4d59-888b-f4b28f9b6923,hrc07,src01@display=no-training
hrc07,hrc07,37a3a09a-748e-4cea-8c39-9b3b93a32ee8,hrc18,src01@display=no-training
hrc07,hrc18,1cb35fd5-7c42-46a8-9139-15882c5bf85c,hrc07,src01@display=no-training
hrc07,hrc18,e088fd7c-253e-44ae-8d6d-3103781ceafe,hrc07,src01@display=no-training
hrc07,hrc18,c70e15fe-285d-4f39-b35a-67e47849682c,hrc07,src01@display=no-training
original,hrc17,28782d99-843d-4867-9073-5a0e48e63cf1,original,src02@display=no-training
original,hrc17,4927f150-d8a4-41da-b42a-b30169d85dd0,original,src02@display=no-training
original,original,28eb4aad-a4f2-49d8-a300-91829b85297f,hrc17,src02@display=no-training
original,original,cfea4206-4dd5-4ab5-a9ee-e12be9395f29,hrc17,src02@display=no-training
original,original,01df0c77-0651-44a9-a4f7-2575b2c9c62b,hrc17,src02@display=no-training
original,original,f2e393ff-0812-4cba-b5e1-e10e0a6a0f10,hrc17,src02@display=no-training
original,hrc17,9e2006cf-81f6-4dc7-9a43-405a3037fda2,original,src02@display=no-training
original,hrc17,39106def-10dc-4a00-97d4-3f8ec15e1f8e,original,src02@display=no-training
original,hrc17,1a45a8b4-7135-4768-a5c5-238e37fb98df,original,src02@display=no-training
original,hrc17,f01ea614-4b9a-4255-8e5c-16a8f3c2a04a,original,src02@display=no-training
hrc09,hrc09,28782d99-843d-4867-9073-5a0e48e63cf1,hrc10,src01@display=no-training
hrc09,hrc09,45e7611d-1c87-4056-ba5c-3a69b413e6e3,hrc10,src01@display=no-training
hrc09,hrc09,adc32989-072a-4555-a6e0-77db79cde686,hrc10,src01@display=no-training
hrc09,hrc09,1a3f82b3-7431-4271-b1d3-20a62c2c99dc,hrc10,src01@display=no-training
hrc09,hrc10,78c51e31-ff55-4ce9-af30-adc428a084c9,hrc09,src01@display=no-training
hrc09,hrc09,50c67488-59d0-4940-a8b4-861e754c9111,hrc10,src01@display=no-training
hrc09,hrc10,8c1ba179-2106-4f2f-9f78-2ccd5d2f38a5,hrc09,src01@display=no-training
hrc09,hrc09,eb2c7c91-0b6c-44d7-bb58-ab8e88ed8d52,hrc10,src01@display=no-training
hrc09,hrc09,40a7c6a1-6d4e-405c-830b-288315717027,hrc10,src01@display=no-training
hrc09,hrc10,ebbf9667-0a89-4ecf-ad92-4b6fd6d9112c,hrc09,src01@display=no-training
hrc21,hrc10,67826647-a045-4d27-aaa5-297da9676f09,hrc21,src02@display=no-training
hrc21,hrc21,103c01a6-1eb1-43e3-8bf6-689f6a997cb1,hrc10,src02@display=no-training
hrc21,hrc10,b1be1c63-dc1e-454a-9783-8aac04ad515d,hrc21,src02@display=no-training
hrc21,hrc21,9ea19e1f-428b-414a-abdf-c1e51f9afe71,hrc10,src02@display=no-training
hrc21,hrc10,a17e1f28-022f-402d-a120-9119be72ae5f,hrc21,src02@display=no-training
hrc21,hrc10,d0ff0cee-967d-4b1f-8398-f805a1c309bb,hrc21,src02@display=no-training
hrc21,hrc10,004eff23-2c97-4fd4-8603-adcac081627e,hrc21,src02@display=no-training
hrc21,hrc21,55475eab-a988-4f0c-a896-9786f795968b,hrc10,src02@display=no-training
hrc21,hrc10,30065a50-d76b-477b-97ca-586bd68abc96,hrc21,src02@display=no-training
hrc21,hrc21,88dba501-c1cc-4377-b515-43a0b935917c,hrc10,src02@display=no-training
hrc04,hrc04,30065a50-d76b-477b-97ca-586bd68abc96,hrc16,src01@display=no-training
hrc04,hrc16,d78516ec-a6b0-43c0-a455-d7f06cd94f15,hrc04,src01@display=no-training
hrc04,hrc04,12b434bf-907d-4561-8fc9-35ceaabb08ec,hrc16,src01@display=no-training
hrc04,hrc16,7b899b16-b4b6-4694-9c62-eb0d83e287f0,hrc04,src01@display=no-training
hrc04,hrc16,4ee218cc-9cd2-4178-9a02-4a72119ac7e5,hrc04,src01@display=no-training
hrc04,hrc16,6cccef86-b575-48f8-8954-d39181458358,hrc04,src01@display=no-training
hrc04,hrc16,1b351bd1-c7e8-4893-b9e4-2df5e96440bc,hrc04,src01@display=no-training
hrc04,hrc04,ed2ad2a1-7e3b-4113-a49a-dfecffee3e57,hrc16,src01@display=no-training
hrc04,hrc04,5d6db2a1-c7dc-406e-b3db-75a738a9cd46,hrc16,src01@display=no-training
hrc04,hrc16,8ca2525f-c1cd-4738-8317-eea204eddd29,hrc04,src01@display=no-training
hrc02,hrc02,70e23cfe-1b20-48b2-82a9-db37279d0932,hrc17,src02@display=no-training
hrc02,hrc17,66da8469-601a-48fb-b75e-716c69b24198,hrc02,src02@display=no-training
hrc02,hrc17,333d401b-efa1-4532-857c-dc442646d7e1,hrc02,src02@display=no-training
hrc02,hrc17,644a6069-cbb8-48d7-a8d4-f201c43ed65d,hrc02,src02@display=no-training
hrc02,hrc17,8ef6518d-4f93-431e-b9bc-9b0af8ccfb8d,hrc02,src02@display=no-training
hrc02,hrc02,e58844a6-5ea7-4ff9-84af-63ca198af1e2,hrc17,src02@display=no-training
hrc02,hrc02,f60a36aa-458a-4e8d-a50a-4a398ad38cb2,hrc17,src02@display=no-training
hrc02,hrc17,b9fce031-c9a8-4792-995b-c255fc3e9f96,hrc02,src02@display=no-training
hrc02,hrc02,3689cfa7-e365-4824-870c-9532ed1fe836,hrc17,src02@display=no-training
hrc02,hrc17,8016f341-9a26-4b5e-bc01-b857242d960b,hrc02,src02@display=no-training
hrc17,hrc17,3689cfa7-e365-4824-870c-9532ed1fe836,hrc13,src01@display=no-training
hrc17,hrc13,25bc1618-bd39-4c6b-8d75-5311bacba659,hrc17,src01@display=no-training
hrc17,hrc13,5411fe28-313e-4207-ad33-9c1acd9b0640,hrc17,src01@display=no-training
hrc17,hrc13,5483fa79-a1d3-437e-9925-e36c78b80e67,hrc17,src01@display=no-training
hrc17,hrc17,119c71bb-332f-49d7-80be-8c10ac85f39a,hrc13,src01@display=no-training
hrc13,hrc17,d10debac-78f1-47fd-b639-dd0a767a2115,hrc13,src01@display=no-training
hrc17,hrc17,5018c844-da80-412a-8af7-3d05af5fdef8,hrc13,src01@display=no-training
hrc17,hrc13,6bf101c5-81e0-4ad5-ae95-b70599b108b5,hrc17,src01@display=no-training
,hrc17,a693e218-d9cd-4ff6-99ba-627b53ca937e,hrc13,src01@display=no-training
hrc17,hrc17,1458ee06-1d9f-404b-9e4d-b09e3b5731af,hrc13,src01@display=no-training
,hrc12,d54f6b38-56cd-4ea7-8dbb-93a511ddf7eb,hrc20,src02@display=no-training
hrc12,hrc12,b98660c4-d820-49f5-ad84-51b0f9ad2f61,hrc20,src02@display=no-training
,hrc20,7763f75d-5547-4454-ad57-f9fc777a23d9,hrc12,src02@display=no-training
,hrc20,3f85bc0e-c112-4433-8f8f-45ffb4d9f825,hrc12,src02@display=no-training
,hrc20,37a3a09a-748e-4cea-8c39-9b3b93a32ee8,hrc12,src02@display=no-training
,hrc12,78f11d30-8cfb-4880-8a9d-194b1120ef55,hrc20,src02@display=no-training
,hrc12,501d69cf-99ba-43bd-b46b-c32a45b0bec0,hrc20,src02@display=no-training
,hrc20,9e25a404-4bfe-4e8c-8dec-e7c76c0c760a,hrc12,src02@display=no-training
hrc12,hrc12,b3674941-21f6-49d0-a645-e7b0723e17a2,hrc20,src02@display=no-training
hrc12,hrc12,6dd0be1d-e48a-44f8-ae1e-f6387437d5dd,hrc20,src02@display=no-training
hrc02,hrc02,67826647-a045-4d27-aaa5-297da9676f09,hrc07,src01@display=no-training
,hrc02,09fcdbbf-de96-4dac-b347-e69c88a3876a,hrc07,src01@display=no-training
hrc02,hrc07,9b0c0416-607d-4c8a-bc4e-ea233462e8ff,hrc02,src01@display=no-training
,hrc02,d45350bd-1fef-4a5e-be1d-b4b2d296c441,hrc07,src01@display=no-training
hrc07,hrc07,7cbdd433-0c91-4d60-ab7b-f1261aaa8fbd,hrc02,src01@display=no-training
hrc07,hrc02,e6f8bc6b-e67a-4141-9f44-5abe35c62046,hrc07,src01@display=no-training
hrc07,hrc02,d9c97855-ed84-4f1f-8ccf-f42d5c6853e6,hrc07,src01@display=no-training
,hrc02,ec6a0331-4b38-43ac-a93c-18edcb2a5488,hrc07,src01@display=no-training
hrc07,hrc07,bc00ffbe-d00a-4157-87b8-493e67cdc18b,hrc02,src01@display=no-training
hrc07,hrc07,cc41adc2-0128-483a-a929-40af98e50807,hrc02,src01@display=no-training
hrc18,hrc13,d8f54fdc-7030-4c2f-a9e5-007dc7987a70,hrc18,src01@display=no-training
hrc13,hrc18,1f750243-4a32-4f9f-bbff-778d68c9340e,hrc13,src01@display=no-training
hrc18,hrc13,41f6da59-8daa-44e5-b500-a68effe80918,hrc18,src01@display=no-training
hrc18,hrc18,fbbbfd01-6603-4bb4-aca1-df5e811989cc,hrc13,src01@display=no-training
hrc18,hrc18,0c7b7124-cc6e-481c-8a1c-20819910984a,hrc13,src01@display=no-training
hrc13,hrc13,a471abf2-3b44-4da3-a664-17b747e632f6,hrc18,src01@display=no-training
hrc18,hrc18,cdf2dad0-af39-485b-894c-b2ff5d19e348,hrc13,src01@display=no-training
hrc18,hrc13,13a2756e-95aa-41fb-bf5d-20e5c9679c7e,hrc18,src01@display=no-training
hrc18,hrc13,0b29fc48-e1cd-4bcc-9dfe-589cbd42ce95,hrc18,src01@display=no-training
hrc18,hrc18,7c1cd676-1163-4512-b0cc-125f92752018,hrc13,src01@display=no-training
hrc08,hrc08,d8f54fdc-7030-4c2f-a9e5-007dc7987a70,hrc18,src02@display=no-training
hrc18,hrc08,02dc2aa5-1d89-4c14-8abf-91739c14bb95,hrc18,src02@display=no-training
hrc08,hrc18,d7b86eaa-b11f-4bf4-ba01-62352ea7ae97,hrc08,src02@display=no-training
hrc18,hrc18,11f7b84a-0978-427c-8d2a-ec8d877db0cf,hrc08,src02@display=no-training
hrc18,hrc08,86f1012a-cb24-4aea-8fb1-43cf2f564d78,hrc18,src02@display=no-training
hrc08,hrc18,600b636d-749f-407b-8a35-4c651be24036,hrc08,src02@display=no-training
hrc08,hrc18,8aeb1e20-726c-4807-a4b6-069493614cbf,hrc08,src02@display=no-training
hrc18,hrc18,d7bac6c1-397b-40c6-9c43-ed999836f813,hrc08,src02@display=no-training
hrc08,hrc08,8e4da856-a4b7-4bcd-ae3b-c1982bbc9a46,hrc18,src02@display=no-training
hrc08,hrc18,8d8628ca-83a4-40d2-b94c-08e90b8944e4,hrc08,src02@display=no-training
hrc21,hrc21,fa18eb5e-4ada-462b-90a4-8d7624505663,hrc17,src01@display=no-training
hrc21,hrc21,a79432a2-63c0-4c12-9522-c8c10548b5fc,hrc17,src01@display=no-training
hrc21,hrc17,ecf73c1d-2209-4416-b005-26b678216634,hrc21,src01@display=no-training
hrc21,hrc17,25110c9c-f0d7-4c05-b06a-1e805b4a0692,hrc21,src01@display=no-training
hrc21,hrc17,7361b0c2-c367-4080-8cf3-940171663143,hrc21,src01@display=no-training
hrc17,hrc17,f0bdf508-0d60-44d3-9e43-58e0b70a2a87,hrc21,src01@display=no-training
hrc21,hrc21,d7b474e9-ad6f-4890-99ab-5a796fcbd2cb,hrc17,src01@display=no-training
hrc21,hrc17,da8af091-d487-4bed-a798-4a640f2f0058,hrc21,src01@display=no-training
hrc21,hrc17,f84ff720-d8bb-45c9-8403-50d59edcb435,hrc21,src01@display=no-training
hrc21,hrc21,0cd7633d-6ff0-4fc9-93c8-d9b7e1e8ff24,hrc17,src01@display=no-training
,hrc18,f84ff720-d8bb-45c9-8403-50d59edcb435,hrc13,src02@display=no-training
hrc13,hrc13,ff2c80e4-1759-42a7-a6bc-0b3eac9f9ed3,hrc18,src02@display=no-training
hrc18,hrc13,38905ec1-bf21-4862-bd29-398e8eeb2295,hrc18,src02@display=no-training
hrc18,hrc18,fc6ca1a9-48a6-41d5-b5ca-d7fa40d1a43e,hrc13,src02@display=no-training
hrc18,hrc18,459e6ec8-9143-4fda-89ff-32c90a82f712,hrc13,src02@display=no-training
hrc18,hrc18,5f9aaee4-8689-4753-9a70-a5d7dac11e95,hrc13,src02@display=no-training
hrc18,hrc18,98f9ec54-b947-408f-848e-553b8a2ded6e,hrc13,src02@display=no-training
hrc18,hrc13,a2eae99e-1732-497c-b157-394ebbf76ed5,hrc18,src02@display=no-training
hrc18,hrc18,02ec8608-c527-44a4-ba72-94448cdae1ed,hrc13,src02@display=no-training
hrc18,hrc13,34be0c29-9f70-4340-abc2-ef86a719199c,hrc18,src02@display=no-training
,hrc02,ed410ad3-28a9-470f-b22e-63686ace5647,original,src02@display=no-training
hrc02,hrc02,94bd995b-79a8-4b12-9fbc-f1f9f63dfdbf,original,src02@display=no-training
hrc02,hrc02,e833d5d7-37b6-4a78-a6b4-3f21fe78fda7,original,src02@display=no-training
original,original,722cd235-b167-4f83-9e2c-44921da5a9d0,hrc02,src02@display=no-training
original,original,c0a4b3b4-26a8-4223-9d56-496a44fa7b3f,hrc02,src02@display=no-training
,original,b6d6ce5a-8b39-434f-9587-d7ab23d43dae,hrc02,src02@display=no-training
hrc02,hrc02,7e5cbaab-672a-41ac-9674-e427d4eb2683,original,src02@display=no-training
,original,ca040d77-a3dc-4939-89c0-9f953e9f9515,hrc02,src02@display=no-training
,original,7f99fd97-cecd-4573-bd45-b573347d0edd,hrc02,src02@display=no-training
,original,7a99092a-1aef-4c46-ad48-570d36f8f632,hrc02,src02@display=no-training
hrc04,hrc17,5b570328-ab5e-44ee-86bc-c9f161a75ff7,hrc04,src02@display=no-training
hrc04,hrc17,3d5aadf7-0358-49ff-b541-71a9103878b1,hrc04,src02@display=no-training
hrc04,hrc17,ba43bf3c-660f-4297-aba2-e454ac146c64,hrc04,src02@display=no-training
hrc04,hrc17,35777d6a-3f13-436d-aeac-f175175f5a1c,hrc04,src02@display=no-training
hrc04,hrc17,39df8f82-6ae7-4b16-91e1-bc8a53bbd2bf,hrc04,src02@display=no-training
hrc04,hrc04,d10debac-78f1-47fd-b639-dd0a767a2115,hrc17,src02@display=no-training
hrc04,hrc17,5f6a3446-9ea6-439f-b7a6-b6e3899ada03,hrc04,src02@display=no-training
hrc04,hrc17,adb42d8d-a4b5-4730-b575-c6db34b3313c,hrc04,src02@display=no-training
hrc04,hrc04,7c1cd676-1163-4512-b0cc-125f92752018,hrc17,src02@display=no-training
hrc04,hrc17,1458ee06-1d9f-404b-9e4d-b09e3b5731af,hrc04,src02@display=no-training
hrc02,hrc05,69e276e4-b0df-46a7-bc3c-07f8ef83d625,hrc02,src01@display=no-training
hrc02,hrc05,6cf2c76e-5f85-4403-82aa-d49cfb5b9422,hrc02,src01@display=no-training
hrc02,hrc05,1a6df238-534f-41b5-8cb5-5875009d5d21,hrc02,src01@display=no-training
hrc02,hrc02,cf62539a-dfa8-4a51-b330-bd4b8a49fcd1,hrc05,src01@display=no-training
hrc02,hrc05,ab4d5ed2-9bbb-48d2-b661-f087828c05d3,hrc02,src01@display=no-training
hrc02,hrc02,5abb5f46-0296-40b8-822f-ec4f8bb50c1f,hrc05,src01@display=no-training
hrc02,hrc05,05942f22-02a8-4b21-a462-aca7c9d5c551,hrc02,src01@display=no-training
hrc02,hrc02,4c9c9dbc-7938-48fa-87e5-30a5bb146ac8,hrc05,src01@display=no-training
hrc02,hrc05,5b570328-ab5e-44ee-86bc-c9f161a75ff7,hrc02,src01@display=no-training
hrc02,hrc02,5386aada-2e84-4b87-920b-147898ce357b,hrc05,src01@display=no-training
hrc18,hrc18,180806df-395a-48a6-bcf7-c5a1bc420139,hrc16,src02@display=no-training
hrc18,hrc18,27e50f3e-f48d-493d-ac1e-736d639503f8,hrc16,src02@display=no-training
hrc18,hrc18,91c69418-ca88-47fa-9045-520cb13e2506,hrc16,src02@display=no-training
hrc18,hrc16,909ad99b-fa8b-4cfd-b7e7-e4df1f5f24b9,hrc18,src02@display=no-training
hrc18,hrc16,8f5ce5d7-602e-4a26-b3ba-4beeab07c0a8,hrc18,src02@display=no-training
hrc18,hrc16,dbf56af0-d333-49de-9bd3-1b837113335b,hrc18,src02@display=no-training
hrc18,hrc18,2cabc179-9b0a-4956-abc4-db3cf2e03f98,hrc16,src02@display=no-training
hrc16,hrc18,2268b1e8-ab95-4a64-bbb0-4dc64f270f4f,hrc16,src02@display=no-training
hrc18,hrc16,5682da16-b011-4915-aa49-e3e1d3037386,hrc18,src02@display=no-training
hrc18,hrc18,551eb5b5-43a7-404e-92fb-9640959fd234,hrc16,src02@display=no-training
hrc12,hrc12,24766b7c-1659-4b37-9e0d-5b94e92a320d,original,src02@display=no-training
hrc12,original,d0c61afd-7aff-4a1d-9e82-3b047a761915,hrc12,src02@display=no-training
,original,4028c986-9c45-4388-8224-02a7b2afa646,hrc12,src02@display=no-training
original,hrc12,74cc3f67-0c1c-46ee-aa87-d1092bf64bb4,original,src02@display=no-training
original,hrc12,fbb9f043-7950-41ce-817f-27e38dcf2bfb,original,src02@display=no-training
original,hrc12,389e65fd-2bf8-42a2-8b81-822ecb5b58e1,original,src02@display=no-training
original,original,44d9eda0-c8bd-4bf7-add7-ddb3b53b45bd,hrc12,src02@display=no-training
original,original,ab4d5ed2-9bbb-48d2-b661-f087828c05d3,hrc12,src02@display=no-training
original,original,d5d724bc-303a-4e86-9d46-ab375de40734,hrc12,src02@display=no-training
,hrc12,9169b3e4-5bee-4ec0-b43b-ea915ccf9849,original,src02@display=no-training
hrc16,hrc16,0b20d6f6-fcf4-43e4-a46c-1b42be59e085,hrc17,src01@display=no-training
hrc17,hrc17,77381627-993a-4177-ad22-b7dbdbfad056,hrc16,src01@display=no-training
hrc17,hrc17,3b1b4424-3cd1-4584-bbb5-5e27d1680658,hrc16,src01@display=no-training
hrc17,hrc16,d6027bc7-293a-4c1b-b564-58c113ba4161,hrc17,src01@display=no-training
,hrc17,0d42c5ea-d627-4776-8c86-8294d4032f8f,hrc16,src01@display=no-training
hrc17,hrc16,2140537a-e344-4a76-81a0-e36902bebd8c,hrc17,src01@display=no-training
hrc17,hrc16,8a725e7a-8f22-4487-8125-b725545dc485,hrc17,src01@display=no-training
hrc17,hrc16,7e7a3e3d-6238-4765-b6a4-3babc94d94ec,hrc17,src01@display=no-training
hrc17,hrc17,a9e2bea1-eb02-4a50-8ab1-77f60cb569ff,hrc16,src01@display=no-training
hrc17,hrc16,01d6be2c-7f4e-4112-b3bb-c8851ced9397,hrc17,src01@display=no-training
hrc09,hrc05,25a404f1-36a1-47b9-a8f7-89a36a7ed99c,hrc09,src02@display=no-training
hrc09,hrc05,bc383371-8a6a-4048-bcf3-f4daac498ef0,hrc09,src02@display=no-training
hrc09,hrc05,9e9f603a-fd4f-46bf-a2e2-a50497486075,hrc09,src02@display=no-training
hrc09,hrc05,c1739819-086d-408c-b516-f05ff33ddf56,hrc09,src02@display=no-training
hrc09,hrc05,edfbe193-6225-4440-aca9-7b5ca28c88f2,hrc09,src02@display=no-training
hrc09,hrc05,15d0cead-d844-42c7-921c-8e5961c6f3ce,hrc09,src02@display=no-training
hrc09,hrc09,5483dfd1-da59-48bb-b08e-2893950a526b,hrc05,src02@display=no-training
hrc09,hrc05,a6da5121-b372-4161-b0dc-f2fa121c82d8,hrc09,src02@display=no-training
hrc09,hrc09,79595a55-109b-463a-9dc6-18a2c47dda3b,hrc05,src02@display=no-training
hrc09,hrc09,6dd3a163-db41-4440-8d55-ed3d84cb78ae,hrc05,src02@display=no-training
,hrc07,80d7f268-897c-430a-b38f-9144f6baa71a,hrc21,src01@display=no-training
hrc21,hrc21,62dfcc1a-f13d-43b7-b124-9461292a7415,hrc07,src01@display=no-training
,hrc21,b9478e46-608d-4b40-85f2-6d5ebe427241,hrc07,src01@display=no-training
,hrc21,567005c0-484c-420a-8253-19699c82eee9,hrc07,src01@display=no-training
hrc21,hrc21,e668e37c-ba44-4b0d-afd9-2062862b816f,hrc07,src01@display=no-training
hrc07,hrc21,9980f22a-f115-45f1-b3a2-d12fd0dd8cf1,hrc07,src01@display=no-training
hrc07,hrc21,ccdcf626-e732-4c39-ade0-7e667a11b9de,hrc07,src01@display=no-training
hrc07,hrc21,fb5480ba-84ba-44f1-b7ef-93dbfcb1be78,hrc07,src01@display=no-training
hrc07,hrc07,b7855b91-3456-4c68-b626-fee17876f40c,hrc21,src01@display=no-training
hrc21,hrc07,eb42ae7c-e7ca-4b07-b2f1-d5d1b93224e7,hrc21,src01@display=no-training
hrc07,hrc07,80d7f268-897c-430a-b38f-9144f6baa71a,hrc05,src02@display=no-training
hrc07,hrc07,d100eafa-1760-436d-bd9f-a9724e3f1ee6,hrc05,src02@display=no-training
hrc07,hrc07,7049aa82-15c3-4aa7-807f-379c1ea7f2c9,hrc05,src02@display=no-training
hrc07,hrc07,b2641de9-20b4-4009-9fab-38d837861c26,hrc05,src02@display=no-training
hrc07,hrc05,d013d53b-da4a-4452-b8a9-1ea353b220fb,hrc07,src02@display=no-training
hrc07,hrc05,5740ef69-a9fb-42c2-b986-66e60752eb0f,hrc07,src02@display=no-training
hrc07,hrc07,3f5f7b8c-cd59-4d11-b12e-b8f93a47cf5c,hrc05,src02@display=no-training
hrc07,hrc05,e9aa57ae-3fd7-4f57-aa6b-889f6b4630bf,hrc07,src02@display=no-training
hrc07,hrc07,9f00faa6-a756-4269-a038-adb6de52ec0d,hrc05,src02@display=no-training
hrc07,hrc07,4b6c3b78-352c-4b84-9c29-a70e17c0e399,hrc05,src02@display=no-training
hrc12,hrc12,c7c0f387-cd76-4d32-911a-6aa633441126,hrc16,src02@display=no-training
hrc12,hrc16,3dec82e1-f23f-4793-a574-e6cd6cca38a8,hrc12,src02@display=no-training
hrc12,hrc12,659cefad-c10d-42d5-a046-c14ee5cbec01,hrc16,src02@display=no-training
hrc12,hrc12,34972aa1-0bc4-4539-a7cb-4c5968b766e0,hrc16,src02@display=no-training
hrc12,hrc12,b90ac04a-b62e-44db-989d-a35bdf9a6344,hrc16,src02@display=no-training
hrc12,hrc12,eab4dc38-820b-4c1b-a638-2b4a0f93a334,hrc16,src02@display=no-training
hrc12,hrc16,a9e2bea1-eb02-4a50-8ab1-77f60cb569ff,hrc12,src02@display=no-training
hrc12,hrc16,fde3321b-a2a7-4c3f-a0fd-4dfc1beeba48,hrc12,src02@display=no-training
hrc12,hrc16,e2ef8b3c-8f6b-4998-b6a9-acd51651099f,hrc12,src02@display=no-training
hrc12,hrc12,881a6c66-db05-40f7-ad8a-77648d2d237f,hrc16,src02@display=no-training
hrc05,hrc05,c7c0f387-cd76-4d32-911a-6aa633441126,hrc08,src01@display=no-training
hrc05,hrc05,38905ec1-bf21-4862-bd29-398e8eeb2295,hrc08,src01@display=no-training
hrc08,hrc08,f27f301b-6bbb-4542-bf08-11f97dbd22d2,hrc05,src01@display=no-training
hrc08,hrc08,e4bae4c3-c65c-4141-9322-84691c956ebc,hrc05,src01@display=no-training
hrc08,hrc05,35000692-6b52-47f3-b5aa-d03481ae3eb5,hrc08,src01@display=no-training
hrc08,hrc05,37d9329c-b27d-4e17-9128-3c5b2f9003e1,hrc08,src01@display=no-training
hrc08,hrc08,9e9f603a-fd4f-46bf-a2e2-a50497486075,hrc05,src01@display=no-training
hrc08,hrc05,993fa71c-3dd5-4651-b910-2ea0d14b3621,hrc08,src01@display=no-training
hrc08,hrc05,635554c5-d17c-4fc7-a61e-7d792f8ec3c8,hrc08,src01@display=no-training
hrc08,hrc08,647d0ccb-1fbc-496d-92fd-0af0637de9ae,hrc05,src01@display=no-training
hrc20,hrc07,a9ad1409-0f06-42d1-b882-e2fa2010a67b,hrc20,src01@display=no-training
hrc20,hrc07,27e50f3e-f48d-493d-ac1e-736d639503f8,hrc20,src01@display=no-training
hrc07,hrc07,3dec82e1-f23f-4793-a574-e6cd6cca38a8,hrc20,src01@display=no-training
,hrc20,0fa6e044-fe07-4575-a037-ca202981ab92,hrc07,src01@display=no-training
,hrc20,2c034a31-b04b-4132-be9d-cebcbabb4380,hrc07,src01@display=no-training
,hrc07,965970ee-4f8f-4907-ae84-3318c16a5f29,hrc20,src01@display=no-training
hrc07,hrc20,085d2fd6-2fec-4af4-a870-d2963b430267,hrc07,src01@display=no-training
hrc07,hrc07,6a4a2c2c-2e8e-47c8-bf35-4d48dc10350a,hrc20,src01@display=no-training
hrc20,hrc20,187b1523-3261-4e58-b86f-69930ec90cb8,hrc07,src01@display=no-training
hrc20,hrc07,a01d248f-120f-44aa-a1ae-c78564daf7f6,hrc20,src01@display=no-training
original,original,b545444b-1118-4d91-9b8d-80c0b015c526,hrc18,src02@display=no-training
original,original,26871ee6-07b2-4725-9d6b-d10cd6d6e8c8,hrc18,src02@display=no-training
original,hrc18,8831c2ef-64b2-4f81-bd12-782facb47567,original,src02@display=no-training
original,hrc18,4936c335-63ad-42c7-9910-e2b138439967,original,src02@display=no-training
original,hrc18,2a143680-f30d-48a1-bea7-5ae7236e6392,original,src02@display=no-training
original,original,d8f1cdf9-2130-4c7b-a94a-644261d6d4f7,hrc18,src02@display=no-training
original,hrc18,15db2e4a-2144-4d8c-a36f-2997208a1f4f,original,src02@display=no-training
original,hrc18,6c11fc1a-b4f0-4525-855f-f6a00b5409e8,original,src02@display=no-training
original,hrc18,bbb385de-3383-428c-810d-de9218736f6e,original,src02@display=no-training
original,hrc18,1c06f64f-65bb-40e2-9a85-3330f967aefd,original,src02@display=no-training
hrc04,hrc17,b545444b-1118-4d91-9b8d-80c0b015c526,hrc04,src01@display=no-training
hrc04,hrc04,7cb06b23-5ae6-4b33-95b1-ab1ec6ce9a9d,hrc17,src01@display=no-training
hrc04,hrc17,4eb31704-9ae1-4640-a4bd-e09f46dda911,hrc04,src01@display=no-training
hrc04,hrc17,13d8e79f-b78d-4090-b59a-b516d546b349,hrc04,src01@display=no-training
hrc04,hrc04,65392d93-283c-4079-b9ae-ce016ea883f6,hrc17,src01@display=no-training
hrc04,hrc04,d8160212-8dcd-4e7a-8d55-f10de6af90d9,hrc17,src01@display=no-training
hrc04,hrc17,091fadc3-64c7-48a1-8c46-a1233a3b21f1,hrc04,src01@display=no-training
hrc04,hrc04,658dc692-7421-4412-901b-44c5c6156b8d,hrc17,src01@display=no-training
hrc17,hrc04,226606bc-5276-4f2d-9a2c-b56c14b8bcdf,hrc17,src01@display=no-training
hrc04,hrc17,32b1e827-4cf2-468f-9797-4a40b9ed4a47,hrc04,src01@display=no-training
hrc09,hrc07,eac8c936-91b4-4073-a199-182fc3008679,hrc09,src02@display=no-training
hrc07,hrc09,2285a432-258c-4d27-8292-7c7b782bc591,hrc07,src02@display=no-training
,hrc09,9b8f4b05-1edf-44f3-8a9c-7cc885460eeb,hrc07,src02@display=no-training
,hrc09,c7b767ec-2634-44e9-a9b0-29d5046ff17a,hrc07,src02@display=no-training
,hrc07,29674e6d-089e-4429-a5a5-05030ef57cbc,hrc09,src02@display=no-training
,hrc07,bda87d12-7e34-4288-abb7-7730774cfe50,hrc09,src02@display=no-training
,hrc07,ccdcf626-e732-4c39-ade0-7e667a11b9de,hrc09,src02@display=no-training
hrc09,hrc07,3143164a-1c3e-4ff1-bc7b-f98339e9a921,hrc09,src02@display=no-training
hrc07,hrc07,9d5a019b-71bd-4af6-b124-a219b08b293a,hrc09,src02@display=no-training
hrc09,hrc09,1d2ed32a-13f4-4021-896f-073296654209,hrc07,src02@display=no-training
hrc21,hrc21,eac8c936-91b4-4073-a199-182fc3008679,hrc19,src01@display=no-training
hrc21,hrc19,6afbcd4e-754d-4cb0-b039-3ad6afbf633b,hrc21,src01@display=no-training
hrc21,hrc19,e014ebd9-cd30-437e-a333-6be5f7828d6d,hrc21,src01@display=no-training
,hrc21,c1345d78-3ad8-4f4a-8031-beffe95a18af,hrc19,src01@display=no-training
,hrc19,5de0605d-3090-497c-830c-5bf5a45ce692,hrc21,src01@display=no-training
,hrc21,54b6bc20-e9f0-430e-b687-f9a3bb4d716b,hrc19,src01@display=no-training
hrc21,hrc19,02dbd363-be57-492d-9e52-1e5212588363,hrc21,src01@display=no-training
hrc21,hrc21,f526611a-a42a-4f2f-89d5-cc9e7efac493,hrc19,src01@display=no-training
,hrc21,9e25a404-4bfe-4e8c-8dec-e7c76c0c760a,hrc19,src01@display=no-training
hrc21,hrc19,c7d09f16-7664-480c-a6c5-279f5014c143,hrc21,src01@display=no-training
hrc02,hrc16,2f4ed158-b11c-4b86-b59d-6ddbec83983a,hrc02,src01@display=no-training
hrc02,hrc02,2373027a-04a9-4d76-b084-f53e20ed3cf4,hrc16,src01@display=no-training
hrc02,hrc16,7c7af9a4-0f7b-49fd-bb78-618f89ecaaef,hrc02,src01@display=no-training
hrc02,hrc16,9d6f7ee1-e089-4410-88df-ff9fd7b07a56,hrc02,src01@display=no-training
hrc02,hrc02,2f40feab-34a7-4195-ae6f-b5f696ff05b4,hrc16,src01@display=no-training
hrc16,hrc02,5da512f4-fb90-48d2-9129-8557fd670449,hrc16,src01@display=no-training
hrc02,hrc02,66b9e1ca-7be6-469d-881b-e3433a746220,hrc16,src01@display=no-training
hrc02,hrc16,ad80bfb9-7f25-493b-9511-fe3bf1a4016f,hrc02,src01@display=no-training
hrc02,hrc16,2082be69-3d1a-46ad-b3cf-b33db5b98382,hrc02,src01@display=no-training
hrc02,hrc02,d93492c2-f0b1-484d-9d63-b66f217afdea,hrc16,src01@display=no-training
,hrc20,71a24918-51dc-498e-a290-b05897aeb40e,hrc04,src02@display=no-training
hrc04,hrc04,fc412c03-7ce4-4158-821d-8a6eb8b6813f,hrc20,src02@display=no-training
hrc04,hrc20,f97b08cc-e500-4b70-86c4-10b8a663d70b,hrc04,src02@display=no-training
hrc04,hrc04,1e2aafec-b705-4388-8de9-025a35aca97a,hrc20,src02@display=no-training
hrc20,hrc20,da4644b1-335d-468a-8df0-814cc400fa8a,hrc04,src02@display=no-training
,hrc20,91641fb2-f748-4fad-bfa6-9ef0e5b271a3,hrc04,src02@display=no-training
,hrc20,8f9afef3-5f14-4236-b677-b43876808ec6,hrc04,src02@display=no-training
hrc04,hrc20,144a1937-b5d6-4765-b6d9-7b109e63d11a,hrc04,src02@display=no-training
hrc20,hrc20,a527bdf9-311f-43ee-a4b5-31dd2629cc0a,hrc04,src02@display=no-training
hrc04,hrc04,2f4ed158-b11c-4b86-b59d-6ddbec83983a,hrc20,src02@display=no-training
hrc08,hrc08,201d5967-5a76-40c7-b91d-1c37fe8dc4b2,hrc10,src01@display=no-training
hrc08,hrc08,41875269-0856-453f-bf25-f04241dd081e,hrc10,src01@display=no-training
hrc08,hrc10,aa3bfe25-9f30-43c7-9980-293bb0244bb7,hrc08,src01@display=no-training
hrc08,hrc10,7a2918f4-1036-462e-9ab0-f7d1b432cbf9,hrc08,src01@display=no-training
hrc08,hrc08,a1e1659d-48d5-4ed4-a44f-c3f29c092682,hrc10,src01@display=no-training
hrc08,hrc08,da4a495f-f672-4f49-a718-0acc3e86b358,hrc10,src01@display=no-training
hrc08,hrc08,9bd8abfb-6a27-45ba-b7dc-35c6940c49a6,hrc10,src01@display=no-training
hrc08,hrc10,d54a2502-b2af-434c-a632-821a14394a8c,hrc08,src01@display=no-training
hrc08,hrc10,fe18ed94-ebd5-49f9-a7db-04e87cb783fd,hrc08,src01@display=no-training
hrc08,hrc08,42b81a15-a01a-4b06-a99e-90705512d83f,hrc10,src01@display=no-training
hrc12,hrc12,201d5967-5a76-40c7-b91d-1c37fe8dc4b2,hrc18,src02@display=no-training
hrc12,hrc12,66eade00-16e6-485e-9a5d-2e92b67367b8,hrc18,src02@display=no-training
hrc12,hrc18,d3b13080-81da-4a83-bf78-091b1c137734,hrc12,src02@display=no-training
hrc18,hrc18,2eacc76c-1451-477e-9f61-195c6e0adf15,hrc12,src02@display=no-training
hrc12,hrc12,7c090835-7343-43cb-a556-8d9c65bf2579,hrc18,src02@display=no-training
hrc12,hrc12,09de16c3-f8ac-42c9-bd83-0b8cebd57647,hrc18,src02@display=no-training
hrc12,hrc18,a89ffe10-715d-49e0-9bd3-fc0664ef817e,hrc12,src02@display=no-training
hrc12,hrc12,702fb032-4e58-4351-a7b9-4d973e83ab6e,hrc18,src02@display=no-training
hrc12,hrc18,13318ebb-5875-4ff4-9460-a1cb3c93434a,hrc12,src02@display=no-training
hrc18,hrc18,c6230a1a-bba9-4067-a204-87588e4d736c,hrc12,src02@display=no-training
hrc12,hrc12,65d5748f-05f5-4b6c-a2db-6fae81611346,hrc19,src02@display=no-training
hrc12,hrc12,6c9dede0-7efc-4a48-898c-fb00527cd28e,hrc19,src02@display=no-training
hrc12,hrc19,515db079-946d-43fc-ad4f-da5008eb87ea,hrc12,src02@display=no-training
hrc12,hrc12,c1345d78-3ad8-4f4a-8031-beffe95a18af,hrc19,src02@display=no-training
hrc12,hrc12,9d2abd08-aa84-4b48-aeb3-697822d55fc6,hrc19,src02@display=no-training
hrc12,hrc19,9a03424d-ff0b-41dc-8c67-620dd10a5d75,hrc12,src02@display=no-training
,hrc19,80242604-78cd-4315-af9e-7594eeb7970c,hrc12,src02@display=no-training
hrc12,hrc12,31386404-9819-45ed-8d9d-7ceeb1453990,hrc19,src02@display=no-training
,hrc19,f0449a2c-9fa2-49ec-9d76-27a7a5be2351,hrc12,src02@display=no-training
hrc12,hrc19,007919af-9cda-4553-bac6-327e2447b734,hrc12,src02@display=no-training
hrc18,hrc05,65d5748f-05f5-4b6c-a2db-6fae81611346,hrc18,src01@display=no-training
hrc18,hrc05,fe3a065d-fb32-4bd4-a25c-0987131f6fbe,hrc18,src01@display=no-training
hrc05,hrc05,f0a76645-e0ea-4afb-a6f5-ea3bf3c94671,hrc18,src01@display=no-training
hrc18,hrc18,f27b0cf6-7468-44af-be54-21169745fbb1,hrc05,src01@display=no-training
hrc05,hrc18,1fbd93ac-8eb8-4d25-8246-22f21c4c0993,hrc05,src01@display=no-training
hrc05,hrc18,33baf34b-a2c0-4a23-9b3e-9d8242619fd3,hrc05,src01@display=no-training
hrc05,hrc18,c45da97c-cc8c-48a8-94f1-397f7240fae3,hrc05,src01@display=no-training
hrc18,hrc18,36b61036-3adf-409a-ba43-b95dd2257675,hrc05,src01@display=no-training
hrc05,hrc18,cd53e6fd-1592-4582-a526-ce3b91a4ea71,hrc05,src01@display=no-training
hrc05,hrc18,7b959763-70f9-4960-bd32-6491ee9b6aa2,hrc05,src01@display=no-training
hrc20,hrc20,352cda41-e8ef-438d-8eed-747420881787,hrc08,src02@display=no-training
hrc20,hrc20,3fd0c9c3-2630-4b2e-97a2-a5d53a98bd58,hrc08,src02@display=no-training
hrc20,hrc20,78448630-72f5-4556-84ab-a02e39a647b6,hrc08,src02@display=no-training
hrc20,hrc08,371cdc4f-5316-45e5-84cd-997130771a27,hrc20,src02@display=no-training
hrc20,hrc08,2a00693b-e684-4794-ac24-aa15b045d8eb,hrc20,src02@display=no-training
hrc20,hrc20,d5018336-2e28-4a35-a250-a723b3fa214d,hrc08,src02@display=no-training
hrc20,hrc08,a464bb39-1622-4a87-b812-7b328917ca19,hrc20,src02@display=no-training
hrc20,hrc20,4d46e51f-dff6-46d4-9b9a-70501b6b053b,hrc08,src02@display=no-training
hrc08,hrc08,b4e1fa11-f8c7-4c37-91e5-ab34c817ae12,hrc20,src02@display=no-training
hrc20,hrc20,26f1a4f3-2de9-4b62-9f2e-9184870cb93e,hrc08,src02@display=no-training
hrc21,hrc21,4bb20196-b209-4ff6-b04e-cc3536d6a71e,hrc09,src01@display=no-training
hrc21,hrc21,eca046f8-b87a-462c-8926-24edcb9d9f21,hrc09,src01@display=no-training
hrc21,hrc09,88fce6e5-aa83-48d2-91a1-183a1d9e16d2,hrc21,src01@display=no-training
,hrc09,dd48a3e8-a67f-41e1-b59d-9ee155000e80,hrc21,src01@display=no-training
hrc21,hrc09,fd3488d8-d8cc-4644-89d8-89d67f214ab0,hrc21,src01@display=no-training
hrc21,hrc21,9a32f30e-db52-4c25-93d0-fa4eb929c406,hrc09,src01@display=no-training
hrc09,hrc21,44c75a94-439f-4168-9828-64b1fb591086,hrc09,src01@display=no-training
hrc21,hrc09,cb0a599b-6c54-4c99-88b5-bdf49ce83f3d,hrc21,src01@display=no-training
hrc21,hrc21,352cda41-e8ef-438d-8eed-747420881787,hrc09,src01@display=no-training
hrc21,hrc09,bea90b0c-2411-4578-a6bf-accb02560906,hrc21,src01@display=no-training
hrc20,hrc18,2cfe331f-d439-403f-9fce-0f646ac185ac,hrc20,src01@display=no-training
hrc20,hrc20,2c820e01-cd0e-4cca-bb2b-5384ccd7f578,hrc18,src01@display=no-training
hrc20,hrc20,ecf6df41-9caa-4f8e-9e83-ed4064aa1ec4,hrc18,src01@display=no-training
hrc20,hrc18,472d4448-6fde-4702-84a1-cf3f7bd0e45d,hrc20,src01@display=no-training
hrc20,hrc20,50f51bac-dcf9-417a-af31-515670431985,hrc18,src01@display=no-training
hrc20,hrc18,fc8b30b8-66ed-4a7c-a34d-169a0a459c61,hrc20,src01@display=no-training
hrc20,hrc18,70d291f3-ba18-41ee-b459-63c9e8e05b5e,hrc20,src01@display=no-training
hrc20,hrc18,faac7ea8-ec5f-4eb7-b401-1aa9a93a6a43,hrc20,src01@display=no-training
hrc20,hrc20,2daff1ae-37c2-45ec-b0eb-0e2eb34872bb,hrc18,src01@display=no-training
hrc20,hrc20,88ad40fc-1622-47b5-9086-b7b7f2c69c4e,hrc18,src01@display=no-training
hrc05,hrc05,2cfe331f-d439-403f-9fce-0f646ac185ac,hrc16,src02@display=no-training
,hrc16,3c6f9f56-45a3-4dd7-a38e-a5e2ecda05d4,hrc05,src02@display=no-training
,hrc16,64b1b899-f049-46b3-a73c-f6a9365c1ed0,hrc05,src02@display=no-training
hrc16,hrc16,8bc8cdd6-aa66-4cdd-9b76-76c9e52981fa,hrc05,src02@display=no-training
hrc16,hrc05,dbf0417a-0d93-4d64-b022-2db9f2a09242,hrc16,src02@display=no-training
hrc05,hrc16,f58fcc49-b5e9-4207-8790-8ecf66e5eb9d,hrc05,src02@display=no-training
hrc16,hrc16,a2feff48-6bd4-4bd1-9ccf-fc969c920cdf,hrc05,src02@display=no-training
hrc05,hrc05,938ee2d9-0612-434e-8ced-1e766ff31000,hrc16,src02@display=no-training
hrc05,hrc05,5da512f4-fb90-48d2-9129-8557fd670449,hrc16,src02@display=no-training
hrc05,hrc16,8ae60f0f-bc2f-4e37-9772-cbd58a5734ca,hrc05,src02@display=no-training
hrc19,hrc13,85d4226a-923b-46e0-a30f-30c0c4c0ace3,hrc19,src01@display=no-training
hrc19,hrc13,e7425f6d-50e7-4398-bd06-29976ef5d052,hrc19,src01@display=no-training
hrc19,hrc19,abb3b591-f804-455c-a9eb-62536ba55725,hrc13,src01@display=no-training
hrc19,hrc19,36f2fc24-f43a-4904-b65f-f81f2d37dab2,hrc13,src01@display=no-training
hrc19,hrc13,502847cb-21d3-4808-bd8a-4ec3b2a1c24c,hrc19,src01@display=no-training
hrc19,hrc19,c74c4b82-1bc8-4335-a038-4c5055aebe86,hrc13,src01@display=no-training
hrc19,hrc19,5a1b603e-2a3d-41bf-8b6e-10e9c9e994bf,hrc13,src01@display=no-training
hrc19,hrc19,8edc7654-ee8d-4cb7-8342-3a3c78003044,hrc13,src01@display=no-training
hrc19,hrc19,7e199bb2-9e3d-466f-b778-f12547a0ef72,hrc13,src01@display=no-training
hrc19,hrc19,a2212010-e7af-4f03-b283-3bf430b0d63b,hrc13,src01@display=no-training
hrc17,hrc10,85d4226a-923b-46e0-a30f-30c0c4c0ace3,hrc17,src02@display=no-training
hrc17,hrc10,380f614f-b98d-4a9b-bb43-75930185afa8,hrc17,src02@display=no-training
hrc10,hrc17,31c31db1-03c4-48b9-90e4-a916869f99fe,hrc10,src02@display=no-training
hrc17,hrc17,15823cce-8dd0-4043-a063-eb157f7a8b5f,hrc10,src02@display=no-training
hrc17,hrc10,13e19637-8aec-4d17-8256-c1a0879440e8,hrc17,src02@display=no-training
hrc17,hrc10,8ab4a29f-8839-4f93-a204-7142e13cfeed,hrc17,src02@display=no-training
hrc17,hrc10,63ceda33-c319-4414-8785-2b289e78177a,hrc17,src02@display=no-training
hrc17,hrc10,47bc558e-26ee-49db-8c60-121b90b84188,hrc17,src02@display=no-training
hrc17,hrc10,3d7aafda-1c1e-45bc-9428-96ed6bdab751,hrc17,src02@display=no-training
hrc17,hrc17,7c4a3a6e-b0af-4faa-af50-2e866b6d0fa8,hrc10,src02@display=no-training
,hrc08,d3b13080-81da-4a83-bf78-091b1c137734,hrc21,src01@display=no-training
hrc21,hrc08,0ff4298a-a194-4522-8ac6-1ea12733aa57,hrc21,src01@display=no-training
hrc08,hrc21,e802d7f4-170f-4b14-9db6-3528dd3b697d,hrc08,src01@display=no-training
hrc08,hrc21,183e5378-8994-4497-ab39-a4e4efc81fbc,hrc08,src01@display=no-training
,hrc21,08222fec-a836-4bb3-bc8b-06590d580cca,hrc08,src01@display=no-training
,hrc08,c0841986-a23a-42a0-a152-ce477545bdd0,hrc21,src01@display=no-training
hrc21,hrc21,1429be8c-2d52-47df-b521-60ee72622965,hrc08,src01@display=no-training
hrc21,hrc08,2dc294c9-e2ad-4de1-a9d0-cd71bbb77208,hrc21,src01@display=no-training
hrc08,hrc21,07e0efcb-001f-491e-aa9f-cca467743d01,hrc08,src01@display=no-training
hrc08,hrc21,007919af-9cda-4553-bac6-327e2447b734,hrc08,src01@display=no-training
original,hrc13,ddc874dc-add5-4197-83ee-063f91b95d49,original,src01@display=no-training
original,original,d100eafa-1760-436d-bd9f-a9724e3f1ee6,hrc13,src01@display=no-training
original,original,3bfa18a6-0a8c-4599-9b10-98689041a469,hrc13,src01@display=no-training
original,hrc13,515db079-946d-43fc-ad4f-da5008eb87ea,original,src01@display=no-training
original,hrc13,15823cce-8dd0-4043-a063-eb157f7a8b5f,original,src01@display=no-training
original,hrc13,e7965f16-6621-4854-84b4-b552c5738880,original,src01@display=no-training
original,hrc13,61d2eaea-5d9d-432f-9d2b-228e869edc47,original,src01@display=no-training
original,hrc13,dbf56af0-d333-49de-9bd3-1b837113335b,original,src01@display=no-training
original,original,d5fa3015-e940-4b6b-9b66-69277af334a1,hrc13,src01@display=no-training
original,original,c79ca1a1-db1e-4f12-8a20-b18e8b065ead,hrc13,src01@display=no-training
,hrc02,ddc874dc-add5-4197-83ee-063f91b95d49,hrc21,src02@display=no-training
,hrc21,9a628bc0-babc-4781-a306-fb94b8f002ae,hrc02,src02@display=no-training
,hrc21,2dbcc381-f90b-45b5-86a0-21b327c40e1c,hrc02,src02@display=no-training
hrc02,hrc21,474c10a2-5941-4abe-8277-46ce02332ba7,hrc02,src02@display=no-training
hrc02,hrc21,e8b75641-dc07-4974-9c94-cd85ade313d5,hrc02,src02@display=no-training
hrc02,hrc02,5abb5f46-0296-40b8-822f-ec4f8bb50c1f,hrc21,src02@display=no-training
hrc02,hrc21,953708e4-c895-4afd-96e8-b45fdd505175,hrc02,src02@display=no-training
hrc21,hrc21,8bf8e043-0dfe-4d04-bed8-5faea6c6c4c4,hrc02,src02@display=no-training
hrc02,hrc02,e088fd7c-253e-44ae-8d6d-3103781ceafe,hrc21,src02@display=no-training
hrc02,hrc21,28baa163-62aa-4091-9067-f78967afea4a,hrc02,src02@display=no-training
,hrc21,a591e83b-145e-4108-aeee-6fa5d3a97d7c,hrc09,src02@display=no-training
,hrc21,5d057714-3fbd-4f10-97c9-c11263c29073,hrc09,src02@display=no-training
hrc09,hrc21,19e7ead1-67fa-4926-8271-f0c799875d36,hrc09,src02@display=no-training
hrc09,hrc09,bd9239e9-b8b4-43eb-a5a6-1abbf7090483,hrc21,src02@display=no-training
hrc09,hrc09,3e1cdcff-b39c-4ab1-88c6-cc8a1b5ed717,hrc21,src02@display=no-training
,hrc21,a50b1738-5516-46bd-a585-fa878da470e2,hrc09,src02@display=no-training
hrc09,hrc09,6ddc68b9-2043-40b0-8dca-222965fa9c27,hrc21,src02@display=no-training
,hrc09,2e79172f-46f4-4734-ae33-91f9f5c22bbf,hrc21,src02@display=no-training
hrc09,hrc21,43868782-c006-4e73-8ab4-1f5f132a01cc,hrc09,src02@display=no-training
hrc09,hrc21,3337d50f-3ff4-4b00-9c35-a238978ffa06,hrc09,src02@display=no-training
hrc21,hrc21,f27a0397-b743-4949-8956-95f550f3d0ef,hrc16,src01@display=no-training
hrc21,hrc16,b2f07ae4-3913-406a-b5a9-14721e18db1e,hrc21,src01@display=no-training
hrc21,hrc21,1a2abb6c-4336-478a-91fa-c99e4106a3cc,hrc16,src01@display=no-training
hrc21,hrc16,7fc4fb94-b7e7-4237-8e77-087183634925,hrc21,src01@display=no-training
hrc21,hrc21,014398e2-d4da-4268-abcf-1761c994090f,hrc16,src01@display=no-training
hrc21,hrc21,8c2b0451-0fb5-484e-8355-79304c222887,hrc16,src01@display=no-training
hrc21,hrc16,b4170a87-8862-45d0-ae39-a2fa7515fc9d,hrc21,src01@display=no-training
hrc21,hrc21,7062c3bd-bec4-41ad-a49d-387ebc46bfd2,hrc16,src01@display=no-training
hrc21,hrc21,f9933ce8-818d-4818-9d22-5b3ce5d20f11,hrc16,src01@display=no-training
hrc21,hrc21,746fca7b-627e-49a4-8992-4928103625eb,hrc16,src01@display=no-training
hrc17,hrc17,f27a0397-b743-4949-8956-95f550f3d0ef,hrc05,src02@display=no-training
hrc17,hrc05,f41906e2-bcde-4730-a270-44ad2f2dbd45,hrc17,src02@display=no-training
hrc05,hrc17,d8193f20-ca78-4f7e-a54e-1eb281c8ac16,hrc05,src02@display=no-training
hrc17,hrc17,2e4c1a67-80bc-4b30-b6ca-da117c7f7ee9,hrc05,src02@display=no-training
hrc05,hrc05,046a2d12-93ee-4c22-b4af-236d42e42716,hrc17,src02@display=no-training
hrc17,hrc17,a9df2d8e-b4c7-406b-9550-b482d25879cf,hrc05,src02@display=no-training
hrc05,hrc17,30d52e8d-b0e1-45e5-9af0-fad21c9f6ec0,hrc05,src02@display=no-training
hrc17,hrc05,d445a949-d7c2-4196-b6a8-50cf9b19cc10,hrc17,src02@display=no-training
hrc17,hrc17,a7e6cf69-b8cc-4cbc-964e-f6819e5cd6a4,hrc05,src02@display=no-training
,hrc05,64f01562-adef-480b-927e-12872cada192,hrc17,src02@display=no-training
hrc12,hrc19,d38f260b-2e37-4346-a868-80b7be4c916c,hrc12,src01@display=no-training
,hrc12,42144d90-79d5-4dd8-9d01-b29df2cc9f4a,hrc19,src01@display=no-training
hrc19,hrc12,83d19ff1-7b53-43bc-a20e-c0b147ea8546,hrc19,src01@display=no-training
hrc12,hrc12,30dbdb0c-b18c-47e8-b3d6-c157a53730b7,hrc19,src01@display=no-training
hrc19,hrc12,a308165b-fe13-4927-8f58-a686634660c3,hrc19,src01@display=no-training
hrc12,hrc19,acf7d6bd-9041-4faf-ad16-b17383982915,hrc12,src01@display=no-training
hrc12,hrc12,8758c6d9-ff95-4e68-834d-d2cc9e39f62c,hrc19,src01@display=no-training
hrc12,hrc19,d69fb9a4-88e8-4e25-bbde-bebbddf5fbc5,hrc12,src01@display=no-training
hrc12,hrc12,a0c2d52c-ddc3-4bb4-8744-5a989100dbf6,hrc19,src01@display=no-training
hrc12,hrc12,58728ea0-6590-46a3-a689-df5c9daab943,hrc19,src01@display=no-training
hrc09,hrc09,d38f260b-2e37-4346-a868-80b7be4c916c,hrc17,src02@display=no-training
hrc09,hrc09,30dbdb0c-b18c-47e8-b3d6-c157a53730b7,hrc17,src02@display=no-training
hrc09,hrc09,b753aa06-01fa-4174-8bac-c4ea32e61695,hrc17,src02@display=no-training
hrc09,hrc17,4abc48f0-325c-4564-95b3-06db30c6e854,hrc09,src02@display=no-training
hrc09,hrc09,dbdce651-0354-4168-86b0-feb47a871b13,hrc17,src02@display=no-training
hrc09,hrc09,57276fbb-57d2-40e9-b2ec-07c74e77b724,hrc17,src02@display=no-training
hrc09,hrc09,44a3e5d7-0f82-40c1-aff8-95ba8afcb6ad,hrc17,src02@display=no-training
hrc09,hrc17,a8ee67dd-bb21-4bc5-a474-fcfb83d5f8d6,hrc09,src02@display=no-training
hrc09,hrc17,13f2c5fd-55b0-4e23-a6b7-07c03eae90a4,hrc09,src02@display=no-training
hrc09,hrc17,e30de58c-2d4b-4fe4-b9a6-ad385c04edad,hrc09,src02@display=no-training
,hrc20,0dd7d0b1-0929-45c1-8b60-460f209faf75,hrc21,src01@display=no-training
hrc20,hrc21,90a2641b-5fcb-41c9-ad89-2451fbfad6a7,hrc20,src01@display=no-training
hrc21,hrc20,b066ef4f-1fb5-4a6d-b1d7-5a4e654c3efa,hrc21,src01@display=no-training
hrc21,hrc20,0da493d0-ea80-4d70-ba9e-e3f5ff77d39f,hrc21,src01@display=no-training
hrc21,hrc20,ead7b5fc-d725-4729-9c61-81707a1d6090,hrc21,src01@display=no-training
hrc20,hrc21,5c7751e7-9750-4406-9966-89fd02b9c880,hrc20,src01@display=no-training
hrc21,hrc20,feabbea3-3eb7-46a6-9150-d41a3944603d,hrc21,src01@display=no-training
hrc21,hrc21,4095c1dd-b4e9-4e29-a6dd-67556deddbb5,hrc20,src01@display=no-training
hrc20,hrc21,02ec8608-c527-44a4-ba72-94448cdae1ed,hrc20,src01@display=no-training
hrc20,hrc21,d360835c-e531-45d7-880a-45390ee03e29,hrc20,src01@display=no-training
hrc08,hrc19,58a466cc-6ddb-4014-a5cc-732e55706d9a,hrc08,src01@display=no-training
,hrc08,4a76f2f7-9d33-49ba-8cc4-1cf92c5da2d4,hrc19,src01@display=no-training
,hrc08,07c33d31-ca90-4b64-83b4-e99784e28b49,hrc19,src01@display=no-training
hrc08,hrc08,30342057-2a33-4929-ac24-d1c5f1106151,hrc19,src01@display=no-training
,hrc08,fde3321b-a2a7-4c3f-a0fd-4dfc1beeba48,hrc19,src01@display=no-training
hrc08,hrc19,ebdd1319-f262-41ca-aba9-aabc27f9c28a,hrc08,src01@display=no-training
hrc08,hrc08,6b9a4e34-52b8-4521-aef8-113f03c2eed5,hrc19,src01@display=no-training
hrc08,hrc19,08473901-0621-448d-b64d-61aa72567205,hrc08,src01@display=no-training
,hrc08,e4933001-a28b-487d-9bfd-c114ce6d130e,hrc19,src01@display=no-training
,hrc08,7ff3ca3e-cf96-4966-a02a-b9eab26a658b,hrc19,src01@display=no-training
hrc04,hrc04,88933710-9f5e-424e-903b-81e5d2852fb0,hrc16,src02@display=no-training
hrc04,hrc16,acf7d6bd-9041-4faf-ad16-b17383982915,hrc04,src02@display=no-training
hrc04,hrc16,66ae368d-fe93-4ff7-aafd-162ed5776cd6,hrc04,src02@display=no-training
hrc04,hrc04,e8e1430a-3a2a-4c67-80e7-310c0cb6a8b9,hrc16,src02@display=no-training
hrc04,hrc04,1ca098a1-dfa3-49ff-acd7-b778c5051265,hrc16,src02@display=no-training
hrc04,hrc16,50f1cc6f-21de-44c4-8056-cfee37a49d31,hrc04,src02@display=no-training
hrc04,hrc04,a16b67db-f08d-44c6-8b9c-e326911ad68f,hrc16,src02@display=no-training
hrc04,hrc16,fda50597-1f41-40cf-b84d-017055879a57,hrc04,src02@display=no-training
hrc04,hrc16,4bc866e0-4050-47ae-828f-de9f50923090,hrc04,src02@display=no-training
hrc04,hrc04,03c579d6-6125-4434-b2d8-ff7f379b3427,hrc16,src02@display=no-training
hrc02,hrc13,88933710-9f5e-424e-903b-81e5d2852fb0,hrc02,src01@display=no-training
hrc02,hrc13,917a52c4-6014-43e2-8f2f-185321b5e7d2,hrc02,src01@display=no-training
hrc02,hrc13,a801ea4e-4aef-4dc3-bcb9-0b668206f360,hrc02,src01@display=no-training
hrc02,hrc02,6d0409d3-a58a-4600-9d50-620749517832,hrc13,src01@display=no-training
hrc02,hrc13,af5e8105-39b8-4b2a-9e17-9b0216a6820c,hrc02,src01@display=no-training
hrc02,hrc02,1e2aafec-b705-4388-8de9-025a35aca97a,hrc13,src01@display=no-training
hrc02,hrc13,f6e9c70a-c31e-4e0c-9454-2796cd957b8f,hrc02,src01@display=no-training
hrc02,hrc02,9bf342e3-6f22-490b-b00b-372d2a7d8199,hrc13,src01@display=no-training
hrc02,hrc13,2542f94b-c9c0-4121-8cd6-562f67503607,hrc02,src01@display=no-training
hrc02,hrc02,9a7623a5-6e59-4ac2-82aa-7d649f48d3f8,hrc13,src01@display=no-training
hrc12,hrc12,d93ef59b-910a-4885-a1a9-0f5c8a50c1d0,hrc17,src02@display=no-training
hrc12,hrc17,aa3bfe25-9f30-43c7-9980-293bb0244bb7,hrc12,src02@display=no-training
hrc12,hrc12,a54376d0-ee13-4dc1-9b59-87e155c62795,hrc17,src02@display=no-training
hrc12,hrc12,b7e97777-2add-42f9-95bf-19529261ff45,hrc17,src02@display=no-training
hrc12,hrc12,20a56b23-a069-49e5-b34d-d80c1af588d5,hrc17,src02@display=no-training
hrc12,hrc12,cce62b97-6ffc-4119-89f5-102422ff2691,hrc17,src02@display=no-training
hrc12,hrc12,c8f19654-d24f-46d4-9aa5-99d95c9ceab5,hrc17,src02@display=no-training
hrc12,hrc17,00fb48d3-939f-4d8f-a974-6c0799e28570,hrc12,src02@display=no-training
hrc12,hrc17,06334826-d0bc-4981-ba31-12d33cc57c66,hrc12,src02@display=no-training
hrc12,hrc17,6422b30c-4004-46d9-99b3-57b3d473d60d,hrc12,src02@display=no-training
hrc20,hrc10,8ef6518d-4f93-431e-b9bc-9b0af8ccfb8d,hrc20,src01@display=no-training
hrc20,hrc20,8faf10ee-8a92-42c5-8fbf-d7d96cf705cc,hrc10,src01@display=no-training
hrc20,hrc20,60458390-32fa-4441-b820-90787c5343f6,hrc10,src01@display=no-training
hrc20,hrc10,813fdbc9-4237-4f9f-a666-17738dfcf944,hrc20,src01@display=no-training
hrc20,hrc20,3d70e856-3ab7-4076-ad82-0936b0fdf3c7,hrc10,src01@display=no-training
hrc20,hrc10,e55ca671-1a64-4590-953d-9e284e88d509,hrc20,src01@display=no-training
hrc20,hrc20,382bd03d-ed65-4ddb-a6a5-6fc3acb136bd,hrc10,src01@display=no-training
hrc20,hrc10,dd499e6e-bc1b-4090-a03c-6f903502c697,hrc20,src01@display=no-training
hrc20,hrc10,750c3a12-5578-4045-9330-d2c16abadd6d,hrc20,src01@display=no-training
hrc20,hrc10,f264924b-f4f0-43e6-8f91-b52f1d661da2,hrc20,src01@display=no-training
hrc08,hrc13,750c3a12-5578-4045-9330-d2c16abadd6d,hrc08,src02@display=no-training
,hrc13,60acbb26-ef95-4f72-a364-3ca612973a92,hrc08,src02@display=no-training
hrc08,hrc08,6733509c-e7bb-4800-a850-f076ea6206c3,hrc13,src02@display=no-training
hrc08,hrc13,841689ee-6ac0-48ef-b84e-b3638f5477a9,hrc08,src02@display=no-training
hrc08,hrc13,90c69d83-f3c8-4671-a98e-f65b76cbcde7,hrc08,src02@display=no-training
hrc08,hrc08,bf5f4b87-d05a-440d-9431-6620c1795e60,hrc13,src02@display=no-training
hrc13,hrc13,ae4c00ce-4550-481b-a407-ae258ddbd276,hrc08,src02@display=no-training
,hrc13,48f844e9-7586-4d74-aa4f-ea6cc7b0f7e5,hrc08,src02@display=no-training
hrc08,hrc13,481d8908-0d05-4b2c-804a-4fe6f0926148,hrc08,src02@display=no-training
hrc13,hrc13,82043c11-c04e-412b-8b30-62518aaf55b5,hrc08,src02@display=no-training
,original,813fdbc9-4237-4f9f-a666-17738dfcf944,hrc20,src02@display=no-training
original,hrc20,6afbcd4e-754d-4cb0-b039-3ad6afbf633b,original,src02@display=no-training
,hrc20,741a8131-74dd-48ea-8966-115510bba4e5,original,src02@display=no-training
original,original,e44dbcab-120c-411c-b746-5ce312213b75,hrc20,src02@display=no-training
,hrc20,5eb3a7bb-533a-4dbd-82c4-cd0fae2b33b0,original,src02@display=no-training
original,hrc20,a1e1659d-48d5-4ed4-a44f-c3f29c092682,original,src02@display=no-training
original,original,16145d50-23f3-421b-8b7c-1f8e6a45b00e,hrc20,src02@display=no-training
original,hrc20,7874da72-8ea1-4e57-abe0-af1f5b35cf3a,original,src02@display=no-training
,hrc20,f34eebbe-cadc-470b-ad67-fba97042993a,original,src02@display=no-training
original,original,d360835c-e531-45d7-880a-45390ee03e29,hrc20,src02@display=no-training
hrc19,hrc19,8d049de6-f9d6-4813-a9ff-3ed3a39fb484,hrc09,src01@display=no-training
,hrc09,f4ff5c1b-9241-474d-80db-0ff5fd2f6bdf,hrc19,src01@display=no-training
hrc19,hrc19,7763f75d-5547-4454-ad57-f9fc777a23d9,hrc09,src01@display=no-training
hrc19,hrc09,b29696b7-a249-4355-9bb6-63188e35d7c2,hrc19,src01@display=no-training
,hrc19,90c69d83-f3c8-4671-a98e-f65b76cbcde7,hrc09,src01@display=no-training
hrc19,hrc19,aab7fd60-4d29-441c-88ff-67d6aabea655,hrc09,src01@display=no-training
hrc19,hrc19,5f6a3446-9ea6-439f-b7a6-b6e3899ada03,hrc09,src01@display=no-training
hrc19,hrc19,2ae6675c-c739-44f0-860a-11311acb04f1,hrc09,src01@display=no-training
hrc19,hrc09,24b6b941-c8a6-46ae-8975-47c98ad64ab2,hrc19,src01@display=no-training
hrc09,hrc09,53127e19-5162-4bab-bb56-69665405a598,hrc19,src01@display=no-training
hrc09,hrc13,2b860b17-e033-4f3e-9e8b-b9581a30f146,hrc09,src01@display=no-training
hrc09,hrc13,70bd37da-a9f2-495e-86bf-87cc6eae4b9f,hrc09,src01@display=no-training
hrc09,hrc09,6ff38ecc-04ae-437a-84b7-76bb1e074190,hrc13,src01@display=no-training
hrc09,hrc09,c8323faf-2696-4adb-8e2c-59d12c8a518f,hrc13,src01@display=no-training
hrc13,hrc13,81da3e49-dd49-4dc1-b619-476371ae6e37,hrc09,src01@display=no-training
hrc09,hrc13,f12b829d-b55b-4c7c-830a-48c568c8601d,hrc09,src01@display=no-training
hrc09,hrc13,085ea3db-2334-44ab-8798-14e7badbe0c6,hrc09,src01@display=no-training
hrc09,hrc09,f081f320-f89e-4b1d-8b57-482c199bf00f,hrc13,src01@display=no-training
hrc09,hrc13,0fc10e59-0cf3-4b60-acf5-c2e37e215cad,hrc09,src01@display=no-training
hrc09,hrc13,004eff23-2c97-4fd4-8603-adcac081627e,hrc09,src01@display=no-training
hrc07,hrc18,2b860b17-e033-4f3e-9e8b-b9581a30f146,hrc07,src02@display=no-training
hrc07,hrc18,23314143-2b04-4e79-8a25-a9a2efd14f19,hrc07,src02@display=no-training
hrc07,hrc18,f95ca5ed-5806-41a7-883d-75390a3ca469,hrc07,src02@display=no-training
hrc07,hrc18,c0e69549-b15d-40ee-820b-e480007bc208,hrc07,src02@display=no-training
hrc07,hrc07,965970ee-4f8f-4907-ae84-3318c16a5f29,hrc18,src02@display=no-training
hrc07,hrc07,b6306029-365c-41e2-9319-61c0c405c6f4,hrc18,src02@display=no-training
hrc07,hrc07,db06cd08-012c-4984-9355-38a0ac42eeb1,hrc18,src02@display=no-training
hrc07,hrc07,50492a39-a060-497d-8a49-c6ad52d40574,hrc18,src02@display=no-training
hrc07,hrc18,34a04ead-7804-4e55-b549-9b91d884c0ad,hrc07,src02@display=no-training
hrc07,hrc07,7ff3ca3e-cf96-4966-a02a-b9eab26a658b,hrc18,src02@display=no-training
hrc04,hrc09,0febb639-cbaf-4607-83ee-763ea7fdd47c,hrc04,src01@display=no-training
hrc04,hrc04,c351a2a2-c54e-4c05-a690-2ef4b7fa7f7d,hrc09,src01@display=no-training
hrc04,hrc04,42fb1927-baf0-4108-b7ea-960028526098,hrc09,src01@display=no-training
hrc04,hrc04,07378324-0772-4f67-aee2-23bc754f81b6,hrc09,src01@display=no-training
hrc04,hrc09,6b7cf11a-44c3-48d0-87a8-cdc05b3801e6,hrc04,src01@display=no-training
hrc04,hrc09,b625a0c8-c3a6-4fa5-b988-b51609c1c180,hrc04,src01@display=no-training
hrc04,hrc09,b33d0fef-ee87-4da3-bdcd-51f6b905229a,hrc04,src01@display=no-training
hrc04,hrc09,3034afea-6f37-4f52-8503-ac648de2af08,hrc04,src01@display=no-training
hrc04,hrc09,388ed430-804e-41cf-99d5-f38198e8fcd1,hrc04,src01@display=no-training
hrc04,hrc04,53f17f2b-6a32-4ac6-b226-91275dd8b985,hrc09,src01@display=no-training
original,hrc05,3034afea-6f37-4f52-8503-ac648de2af08,original,src02@display=no-training
original,original,5a61f938-bcc9-4393-8100-91e4bdd9d9a3,hrc05,src02@display=no-training
original,original,b886332d-223e-4326-be89-64ab855f095b,hrc05,src02@display=no-training
original,hrc05,b3f255bf-c09c-4b9f-8244-955912f91178,original,src02@display=no-training
original,original,77e6627f-e93f-4de6-839e-47512ff2f2b3,hrc05,src02@display=no-training
original,original,882969fc-cb3f-463a-ae31-0d7c32898c9f,hrc05,src02@display=no-training
original,hrc05,05bbbdbc-3637-4492-9d38-a5af08b94693,original,src02@display=no-training
original,hrc05,1cb35fd5-7c42-46a8-9139-15882c5bf85c,original,src02@display=no-training
original,hrc05,4a154184-7951-43db-b483-c74ac72e5248,original,src02@display=no-training
original,hrc05,fa4c43d0-3260-4144-aefb-de55089af488,original,src02@display=no-training
hrc20,hrc20,e91f223e-e8f9-4445-a4ad-dc4d538a20de,hrc13,src01@display=no-training
hrc20,hrc20,fdf2fd03-93a4-4751-b144-858499ab8b7f,hrc13,src01@display=no-training
hrc20,hrc13,c3401f48-cfd7-4f88-b4f3-ec9dc22b55f8,hrc20,src01@display=no-training
hrc20,hrc20,7636c232-cf8e-42d0-9b8d-10d48c444b17,hrc13,src01@display=no-training
hrc20,hrc20,e4f818a1-7ee9-47f2-81ca-391cad0569a5,hrc13,src01@display=no-training
hrc20,hrc13,ed39cdae-6f21-4391-af68-10ac22103779,hrc20,src01@display=no-training
hrc20,hrc20,f0f94ac1-9151-4b66-acb1-542e28570e3e,hrc13,src01@display=no-training
hrc20,hrc20,1f017b44-d631-45b7-b0da-c6dfeca39a8c,hrc13,src01@display=no-training
hrc20,hrc20,d6c6a79e-5a39-4ddc-8d67-e61611c73318,hrc13,src01@display=no-training
hrc20,hrc13,de6eb217-6eea-4165-9c15-a88a23221767,hrc20,src01@display=no-training
hrc19,hrc19,de6eb217-6eea-4165-9c15-a88a23221767,hrc08,src02@display=no-training
hrc19,hrc19,6a64ffbb-f695-4513-846a-2f9cdbe1ba3b,hrc08,src02@display=no-training
hrc19,hrc08,5198b894-1131-4041-bcc1-62488fda0604,hrc19,src02@display=no-training
hrc19,hrc19,49747077-9ad4-48ed-b0be-218faff3cc0c,hrc08,src02@display=no-training
hrc19,hrc19,b104dbe8-fec3-4032-b006-cece9ca6183f,hrc08,src02@display=no-training
hrc19,hrc08,20b82720-584e-4871-83c5-e88aec82c7ff,hrc19,src02@display=no-training
hrc19,hrc08,e91f223e-e8f9-4445-a4ad-dc4d538a20de,hrc19,src02@display=no-training
hrc08,hrc08,abd0f219-9a62-430f-b50f-c61b688c219c,hrc19,src02@display=no-training
hrc19,hrc19,d17f9416-d50c-4520-a1c8-c8482f856518,hrc08,src02@display=no-training
hrc08,hrc08,c23c0921-9fcb-43fe-82f9-8e8f14fc0947,hrc19,src02@display=no-training
hrc12,hrc08,c8f72662-a515-45a0-95c3-949ba2fb339b,hrc12,src02@display=no-training
hrc12,hrc08,462db8d0-a7b4-42e4-bf77-31dfdd0323a0,hrc12,src02@display=no-training
hrc12,hrc12,b1a7ab8f-b9a1-4e38-9633-fac16c7345db,hrc08,src02@display=no-training
hrc12,hrc08,3125536d-6555-425a-b49f-e4ae86ecbb4e,hrc12,src02@display=no-training
hrc12,hrc08,7127c423-c55e-495f-8cbf-e77776fc320c,hrc12,src02@display=no-training
hrc12,hrc12,fc66ffa3-14fc-4401-a95b-eedb200be7d9,hrc08,src02@display=no-training
hrc12,hrc12,ac3cb7af-b2f0-4b61-9ea7-61bad06aa1d3,hrc08,src02@display=no-training
hrc12,hrc08,99f1e0ac-c8cc-4fc1-93e1-efcdcd8b78b3,hrc12,src02@display=no-training
hrc12,hrc08,ba616751-5099-4c06-988f-2c268e4073c2,hrc12,src02@display=no-training
hrc12,hrc12,69c3ed9d-d1a6-4b14-a616-fef3656533bc,hrc08,src02@display=no-training
,hrc05,dae60604-49cd-4259-9d04-075db5ad2a1d,hrc19,src01@display=no-training
hrc05,hrc05,003c7620-28fb-4ea6-91fa-1e262f492774,hrc19,src01@display=no-training
hrc19,hrc19,31386404-9819-45ed-8d9d-7ceeb1453990,hrc05,src01@display=no-training
hrc19,hrc19,2a143680-f30d-48a1-bea7-5ae7236e6392,hrc05,src01@display=no-training
hrc19,hrc05,a6dad7bb-8836-4103-9511-d77c49ea02c9,hrc19,src01@display=no-training
hrc19,hrc05,47def90d-2712-4403-8b42-13b67d009638,hrc19,src01@display=no-training
hrc19,hrc05,20b82720-584e-4871-83c5-e88aec82c7ff,hrc19,src01@display=no-training
hrc19,hrc19,0f507c58-71ee-46ec-aacf-e12011825bfc,hrc05,src01@display=no-training
hrc19,hrc05,f7f138ce-de66-475c-a8c9-bd1cb637ba4d,hrc19,src01@display=no-training
hrc19,hrc05,b75eed47-d9a5-4a29-b4b7-bab0ecbfaf72,hrc19,src01@display=no-training
hrc18,hrc18,0f507c58-71ee-46ec-aacf-e12011825bfc,hrc05,src02@display=no-training
hrc18,hrc18,b2050466-f235-4258-9cad-bdd9aa52afc2,hrc05,src02@display=no-training
hrc18,hrc18,f4884865-8ee6-4c6d-87e0-7b69ee065577,hrc05,src02@display=no-training
hrc18,hrc18,7e54f228-a645-4144-a294-2ee406582705,hrc05,src02@display=no-training
hrc05,hrc05,1bfb2f4b-8c15-4e96-807b-51afd54edd7b,hrc18,src02@display=no-training
hrc18,hrc18,b7d9cf99-b646-448f-8000-ca53352da30a,hrc05,src02@display=no-training
hrc05,hrc05,02dbd363-be57-492d-9e52-1e5212588363,hrc18,src02@display=no-training
hrc18,hrc18,d54a2502-b2af-434c-a632-821a14394a8c,hrc05,src02@display=no-training
hrc18,hrc18,2c7b0073-dae3-4a21-a8ab-64e06361be0d,hrc05,src02@display=no-training
hrc18,hrc18,b1b18717-7abb-45b4-87fd-424cf2f20ca6,hrc05,src02@display=no-training
hrc04,hrc04,c6d9a5c8-6f81-4408-b07f-37e8585a32b5,hrc10,src01@display=no-training
hrc04,hrc10,65e55d30-683c-49bd-9237-f89f1646f134,hrc04,src01@display=no-training
hrc04,hrc04,9d2abd08-aa84-4b48-aeb3-697822d55fc6,hrc10,src01@display=no-training
hrc04,hrc04,676769ee-ffa7-4de5-81aa-002ebbd70d74,hrc10,src01@display=no-training
hrc04,hrc04,78e26595-e75f-4806-a6ed-26d6e8f35a1b,hrc10,src01@display=no-training
hrc04,hrc04,9a03424d-ff0b-41dc-8c67-620dd10a5d75,hrc10,src01@display=no-training
hrc04,hrc04,04e42b86-466e-4ef7-9fc6-faf842d0b850,hrc10,src01@display=no-training
hrc04,hrc10,8f9afef3-5f14-4236-b677-b43876808ec6,hrc04,src01@display=no-training
hrc04,hrc10,6ecafacc-74bb-46fc-a25c-fb88759b6610,hrc04,src01@display=no-training
hrc04,hrc10,76d6bfe0-55a2-4a6c-b431-2ec5bf75cee1,hrc04,src01@display=no-training
hrc17,hrc13,447c7140-f7b6-4b14-bdd2-8eea13d0c242,hrc17,src02@display=no-training
hrc13,hrc17,eadb6c2b-306e-44cc-aff9-fcde6aa2a7d8,hrc13,src02@display=no-training
hrc17,hrc17,b1ea6be7-fe29-4b9e-a8ba-e07c4943aac7,hrc13,src02@display=no-training
hrc17,hrc17,e96e0e40-8578-4490-afc3-dfb4e1b48a48,hrc13,src02@display=no-training
hrc17,hrc13,5e7b7399-d11c-4dbd-b93c-a054a679a25f,hrc17,src02@display=no-training
hrc17,hrc13,2079d5ff-c609-4f44-9674-c79839f7f3d1,hrc17,src02@display=no-training
hrc17,hrc13,e79fa7fb-62cf-4b20-8b29-1cd64f2820a4,hrc17,src02@display=no-training
hrc13,hrc17,0cc760c5-8660-492e-a4d2-c4360899975d,hrc13,src02@display=no-training
hrc13,hrc17,12247555-aca9-429f-a207-b97cd9e2cbec,hrc13,src02@display=no-training
hrc17,hrc17,fb5480ba-84ba-44f1-b7ef-93dbfcb1be78,hrc13,src02@display=no-training
hrc08,hrc08,371cdc4f-5316-45e5-84cd-997130771a27,hrc04,src01@display=no-training
,hrc08,f0c077b8-5233-41ba-9089-7e1b10f40640,hrc04,src01@display=no-training
hrc08,hrc04,36cb46ba-2416-4e33-8134-040d59c29db7,hrc08,src01@display=no-training
hrc08,hrc04,b886332d-223e-4326-be89-64ab855f095b,hrc08,src01@display=no-training
hrc08,hrc04,c0e69549-b15d-40ee-820b-e480007bc208,hrc08,src01@display=no-training
hrc08,hrc04,d9b5fc53-9935-4007-bdae-6fa5e7e7fc92,hrc08,src01@display=no-training
,hrc08,2c0b6a6c-d0ad-404b-b47e-56a9c31d76f0,hrc04,src01@display=no-training
hrc04,hrc04,3b1058e2-fe8a-4537-a14d-164020753a23,hrc08,src01@display=no-training
hrc08,hrc04,25b75a3c-786b-44b3-b448-9883ab9d0990,hrc08,src01@display=no-training
hrc04,hrc04,39d43d5b-46f8-414f-9020-3222318f84dc,hrc08,src01@display=no-training
hrc07,hrc07,1c2ce761-1fe1-4d04-8f97-16a2a10de20d,hrc13,src01@display=no-training
hrc07,hrc07,7686d813-d5e0-44f8-903b-16713b01a72d,hrc13,src01@display=no-training
hrc07,hrc13,fe33fee8-5006-45d4-8417-1d434a61505d,hrc07,src01@display=no-training
hrc07,hrc13,f48460fd-df6e-46c7-bd50-c8eb06fbeb8e,hrc07,src01@display=no-training
hrc07,hrc07,a6da5121-b372-4161-b0dc-f2fa121c82d8,hrc13,src01@display=no-training
hrc07,hrc13,d0807ae0-7cac-48cf-9fb5-e6472c49f3a6,hrc07,src01@display=no-training
hrc07,hrc13,ddcfd680-b0b1-4163-af51-6bc0fbc21a5f,hrc07,src01@display=no-training
hrc07,hrc07,927b9b1e-da20-4644-b8d6-f85a22be59d7,hrc13,src01@display=no-training
hrc07,hrc07,d2cf4226-323a-4fcb-8249-df61c89ff7e8,hrc13,src01@display=no-training
hrc07,hrc07,6f8a5c6a-feb4-476a-beb2-43405347d14b,hrc13,src01@display=no-training
hrc05,hrc05,1c2ce761-1fe1-4d04-8f97-16a2a10de20d,hrc10,src02@display=no-training
hrc05,hrc10,e4933001-a28b-487d-9bfd-c114ce6d130e,hrc05,src02@display=no-training
hrc05,hrc05,a4774df5-8eae-465d-8180-c488cf6e72ef,hrc10,src02@display=no-training
hrc05,hrc05,7ba3a129-ae12-46de-8820-d5b53c634220,hrc10,src02@display=no-training
hrc05,hrc10,c199f722-c139-4861-9744-4560a943312a,hrc05,src02@display=no-training
hrc05,hrc10,314669a2-7dac-4f5f-9604-1595a6684acb,hrc05,src02@display=no-training
hrc05,hrc05,53f17f2b-6a32-4ac6-b226-91275dd8b985,hrc10,src02@display=no-training
,hrc10,4095c1dd-b4e9-4e29-a6dd-67556deddbb5,hrc05,src02@display=no-training
hrc10,hrc10,8549911f-d533-4be3-bccb-c329e82caf2c,hrc05,src02@display=no-training
,hrc10,a65903f2-eb1f-4206-929e-6957d523b32a,hrc05,src02@display=no-training
hrc20,hrc05,70e695fe-114b-4983-83ef-0b5c5e955fb4,hrc20,src02@display=no-training
hrc20,hrc05,b3ab6afb-5443-4339-b704-960084f98591,hrc20,src02@display=no-training
hrc20,hrc05,3bfa18a6-0a8c-4599-9b10-98689041a469,hrc20,src02@display=no-training
hrc20,hrc05,d2cbcac4-4ae9-45fa-ab83-1226cebc893f,hrc20,src02@display=no-training
hrc20,hrc05,45e1e015-506b-4217-a64f-4f2b2d502cda,hrc20,src02@display=no-training
hrc20,hrc20,928f738f-8508-48b5-a38d-33451eab8633,hrc05,src02@display=no-training
hrc20,hrc20,0c7cd81d-925c-4743-a2d6-52c210ca2c4d,hrc05,src02@display=no-training
hrc20,hrc05,226606bc-5276-4f2d-9a2c-b56c14b8bcdf,hrc20,src02@display=no-training
hrc20,hrc05,32b1e827-4cf2-468f-9797-4a40b9ed4a47,hrc20,src02@display=no-training
hrc20,hrc05,2d88bf11-2afb-4e46-aea9-b4aa2d240f8c,hrc20,src02@display=no-training
hrc08,hrc08,70e695fe-114b-4983-83ef-0b5c5e955fb4,hrc09,src01@display=no-training
hrc08,hrc09,fc66ffa3-14fc-4401-a95b-eedb200be7d9,hrc08,src01@display=no-training
hrc08,hrc09,eaa5315e-7904-41da-ad17-313ff2625ef5,hrc08,src01@display=no-training
hrc08,hrc08,ba734442-c953-48c5-a8ce-20166773bf6a,hrc09,src01@display=no-training
hrc08,hrc09,d06c5043-187d-45b6-a654-ec690918445f,hrc08,src01@display=no-training
,hrc09,54610d4e-5622-4fe4-9db3-a3db3d3e936f,hrc08,src01@display=no-training
hrc08,hrc09,3ad72fd4-4689-4163-a828-dd1744964c11,hrc08,src01@display=no-training
hrc08,hrc08,e58844a6-5ea7-4ff9-84af-63ca198af1e2,hrc09,src01@display=no-training
hrc08,hrc08,05de8bc7-41eb-47be-80e6-4c24be43649c,hrc09,src01@display=no-training
hrc08,hrc08,1d2ed32a-13f4-4021-896f-073296654209,hrc09,src01@display=no-training
hrc02,hrc09,2140537a-e344-4a76-81a0-e36902bebd8c,hrc02,src02@display=no-training
,hrc02,72afd759-8740-43e7-ad36-748d80c2ddb2,hrc09,src02@display=no-training
hrc02,hrc02,c835e219-186e-4440-8c16-769b1d05bf29,hrc09,src02@display=no-training
hrc09,hrc02,35a5e6fa-f38a-4cd9-a1ce-1df5e58a64d5,hrc09,src02@display=no-training
,hrc02,94f8e362-2fe0-4596-a14e-b13248907924,hrc09,src02@display=no-training
hrc02,hrc02,8d4e5eed-e5d0-458f-bd23-a31748731768,hrc09,src02@display=no-training
hrc02,hrc02,da8f040c-b701-44b5-ac7a-47f459e0f56a,hrc09,src02@display=no-training
,hrc02,d96b7ae5-1e66-4e19-bcca-dcb1cf8f646d,hrc09,src02@display=no-training
,hrc02,7de80bf2-500e-478d-af55-ba3cd4f18a29,hrc09,src02@display=no-training
,hrc02,bc998eae-55a0-4a74-80a8-20a27838be1a,hrc09,src02@display=no-training
chrc11,chrc11,809ceea6-b27d-4b7f-aacb-214a78fe5623,chrc01,csrc12@display=no-training
,chrc01,fb3aa600-7dad-4017-b757-92ee188220dc,chrc11,csrc12@display=no-training
chrc11,chrc11,74cc3f67-0c1c-46ee-aa87-d1092bf64bb4,chrc01,csrc12@display=no-training
chrc11,chrc11,502847cb-21d3-4808-bd8a-4ec3b2a1c24c,chrc01,csrc12@display=no-training
chrc11,chrc01,74af2a5c-993c-4783-9d09-ade01b63051f,chrc11,csrc12@display=no-training
chrc11,chrc01,b095e845-0f71-4a09-8f0e-77b302587a01,chrc11,csrc12@display=no-training
chrc01,chrc01,42cf276e-584f-459f-92b9-c2966ba7f50e,chrc11,csrc12@display=no-training
chrc01,chrc01,2ae6675c-c739-44f0-860a-11311acb04f1,chrc11,csrc12@display=no-training
,chrc11,38f44379-14d3-428f-9b62-0912929e8b78,chrc01,csrc12@display=no-training
chrc01,chrc01,6f8a5c6a-feb4-476a-beb2-43405347d14b,chrc11,csrc12@display=no-training
hrc07,hrc07,0441b07d-420d-4150-9b33-b41f9f87be60,hrc04,src01@display=no-training
,hrc07,3266e1c9-08ee-4211-9f34-1170e2ecb043,hrc04,src01@display=no-training
hrc04,hrc04,0d3450b3-ca58-4972-9929-41fde9269c36,hrc07,src01@display=no-training
hrc07,hrc04,12247555-aca9-429f-a207-b97cd9e2cbec,hrc07,src01@display=no-training
,hrc07,909ad99b-fa8b-4cfd-b7e7-e4df1f5f24b9,hrc04,src01@display=no-training
hrc07,hrc04,b412d0a7-b934-4b16-aa21-5145df105da7,hrc07,src01@display=no-training
hrc07,hrc04,4ae1d15b-34bc-41bf-8729-623211970811,hrc07,src01@display=no-training
hrc07,hrc04,2360f12b-fd5b-4617-9fd0-5672e2a40b5d,hrc07,src01@display=no-training
hrc07,hrc04,20f66b79-3f1d-4554-88c5-52523b9a4b27,hrc07,src01@display=no-training
hrc07,hrc04,5682da16-b011-4915-aa49-e3e1d3037386,hrc07,src01@display=no-training
,hrc10,07c33d31-ca90-4b64-83b4-e99784e28b49,hrc16,src02@display=no-training
hrc10,hrc16,5359c039-f974-44eb-8bf2-a15031e7dabe,hrc10,src02@display=no-training
hrc16,hrc16,ad107398-33a4-4479-86ee-10181456c5b9,hrc10,src02@display=no-training
hrc10,hrc10,e802d7f4-170f-4b14-9db6-3528dd3b697d,hrc16,src02@display=no-training
hrc16,hrc16,e1d09195-68a7-4a6e-873b-35cb494a81e2,hrc10,src02@display=no-training
hrc10,hrc10,35000692-6b52-47f3-b5aa-d03481ae3eb5,hrc16,src02@display=no-training
hrc16,hrc16,f9cbea11-d50a-4473-8583-2756324ec9fa,hrc10,src02@display=no-training
,hrc10,55d3eb0b-85e9-424a-8a9b-61d092b40bd1,hrc16,src02@display=no-training
hrc10,hrc16,9ff9d03b-26f1-4cd0-958a-820c3c75ba32,hrc10,src02@display=no-training
hrc10,hrc10,8ff1358b-2362-4541-bef9-aaa77d3cedb2,hrc16,src02@display=no-training
original,original,cdf4f7d3-5102-4605-9a14-fb1197c927a8,hrc21,src02@display=no-training
original,original,f683c15d-84e9-44ca-963c-37ae92c878a0,hrc21,src02@display=no-training
hrc21,original,f4ff5c1b-9241-474d-80db-0ff5fd2f6bdf,hrc21,src02@display=no-training
original,original,97f15f79-2e8c-4f8f-bdf8-57bc17a7a1f9,hrc21,src02@display=no-training
hrc21,hrc21,8c2b0451-0fb5-484e-8355-79304c222887,original,src02@display=no-training
original,original,054b9d42-a10e-4563-9d6e-e161da3640fd,hrc21,src02@display=no-training
original,hrc21,8b82218a-90c4-4f4a-8bcb-f70c2de70614,original,src02@display=no-training
original,hrc21,de72b01b-833a-4081-8d29-5f625c2d03fb,original,src02@display=no-training
original,hrc21,08473901-0621-448d-b64d-61aa72567205,original,src02@display=no-training
,hrc21,7f60cd05-3ea6-4d0e-87e8-632c5ff9743b,original,src02@display=no-training
hrc13,hrc13,cdf4f7d3-5102-4605-9a14-fb1197c927a8,hrc16,src01@display=no-training
hrc16,hrc16,9f68eedf-f31c-451d-a986-2a8f55f28aa4,hrc13,src01@display=no-training
,hrc13,35777d6a-3f13-436d-aeac-f175175f5a1c,hrc16,src01@display=no-training
hrc16,hrc13,0053f56a-3dfc-4463-8859-7205469af490,hrc16,src01@display=no-training
hrc16,hrc16,d7ccb7af-590f-4f88-bbdb-cb8e68e72518,hrc13,src01@display=no-training
hrc16,hrc16,600cbf91-d68d-4a24-9457-3bb048b161be,hrc13,src01@display=no-training
hrc16,hrc16,ae4c00ce-4550-481b-a407-ae258ddbd276,hrc13,src01@display=no-training
,hrc16,86d4496d-95f4-42fb-aa84-ac80e6bf2f82,hrc13,src01@display=no-training
hrc16,hrc13,6dd3a163-db41-4440-8d55-ed3d84cb78ae,hrc16,src01@display=no-training
hrc16,hrc16,6d49b4f9-c138-4a5f-89f6-c7f16201e76c,hrc13,src01@display=no-training
hrc08,hrc08,144a1937-b5d6-4765-b6d9-7b109e63d11a,hrc18,src01@display=no-training
hrc08,hrc08,003d62a2-e400-4a0d-8dc3-7805faeb9a7b,hrc18,src01@display=no-training
hrc08,hrc18,99ac275c-68a7-481c-a3ec-e1a7ecf385c8,hrc08,src01@display=no-training
hrc08,hrc18,a0705ba3-cba0-46ca-adaa-5ad1794e1188,hrc08,src01@display=no-training
hrc08,hrc18,e3910452-c747-4618-b718-e301ef9b69c9,hrc08,src01@display=no-training
hrc08,hrc08,222b099d-9a10-42b8-886d-9a79c05de256,hrc18,src01@display=no-training
,hrc08,99743e4c-daf4-4bfa-ab87-e89131a2c8f6,hrc18,src01@display=no-training
hrc08,hrc18,47c5b9b0-9b12-4925-af04-7e9d48ac8e4d,hrc08,src01@display=no-training
hrc08,hrc08,4766c33f-2917-4521-af24-131c165bb9d5,hrc18,src01@display=no-training
hrc08,hrc08,cb83eb86-11c6-454c-b320-99bbb9f9bb2f,hrc18,src01@display=no-training
hrc07,hrc16,37ec1046-f236-4488-a333-7f304a5fdfc7,hrc07,src02@display=no-training
hrc07,hrc16,c3da0cd7-93e9-42a3-b672-c85cfce1f726,hrc07,src02@display=no-training
hrc07,hrc16,88fce6e5-aa83-48d2-91a1-183a1d9e16d2,hrc07,src02@display=no-training
hrc07,hrc16,64cd5d8a-d083-4ac4-a732-cd96e8eb1fe2,hrc07,src02@display=no-training
hrc07,hrc07,65f53762-138f-4c4f-860b-c41827f8937f,hrc16,src02@display=no-training
hrc07,hrc16,82ca0b94-20d0-44bf-8773-eb56a962731c,hrc07,src02@display=no-training
hrc07,hrc16,b4536e7a-d9bf-4058-98b9-bdb45b1f4cf4,hrc07,src02@display=no-training
hrc07,hrc16,4c00c3bf-e047-43af-81ed-5870a469acb5,hrc07,src02@display=no-training
hrc07,hrc16,df52d896-b5bf-493f-bb1c-ee5bbb1e44be,hrc07,src02@display=no-training
hrc07,hrc07,bc47fb0e-ec8a-4615-93a4-3b6ecd00445d,hrc16,src02@display=no-training
hrc13,hrc13,01d6be2c-7f4e-4112-b3bb-c8851ced9397,hrc05,src02@display=no-training
hrc05,hrc13,389dadbc-d92b-46ab-9e1d-6c635bb3c5aa,hrc05,src02@display=no-training
hrc13,hrc13,08d2aa18-36e2-4d06-b1b8-78ab06e9c8a4,hrc05,src02@display=no-training
hrc13,hrc13,3521500f-73a5-4c23-853b-8f0ce5b3d92f,hrc05,src02@display=no-training
hrc05,hrc13,8f75f8b3-15e6-4e03-855b-627f9aee47aa,hrc05,src02@display=no-training
hrc05,hrc05,c19a5422-36d3-49b8-b471-41caff52a8dc,hrc13,src02@display=no-training
,hrc13,ec6a0331-4b38-43ac-a93c-18edcb2a5488,hrc05,src02@display=no-training
,hrc13,53abf2c4-59eb-4444-ab2a-092449acce40,hrc05,src02@display=no-training
hrc13,hrc13,ee4e6658-a9aa-47c7-bee6-48666c24c37e,hrc05,src02@display=no-training
hrc05,hrc13,20004959-c8e6-47d6-83b9-05113caa2147,hrc05,src02@display=no-training
hrc12,hrc02,7401d166-8f9c-452f-b9a0-0b715d71ab24,hrc12,src01@display=no-training
hrc02,hrc12,ec59d4c7-4b74-4bed-906c-68165f69ea8c,hrc02,src01@display=no-training
hrc02,hrc12,0577b759-dc16-4e43-be93-2041e7934891,hrc02,src01@display=no-training
hrc02,hrc12,33aa809b-6785-49dc-ae11-5d5af6f61e8e,hrc02,src01@display=no-training
hrc02,hrc02,64523042-54b3-4028-9557-439ad63a25e1,hrc12,src01@display=no-training
hrc02,hrc12,c8fcb579-4361-48f4-ad8c-190c038f943f,hrc02,src01@display=no-training
hrc12,hrc02,7e5cbaab-672a-41ac-9674-e427d4eb2683,hrc12,src01@display=no-training
,hrc12,3143164a-1c3e-4ff1-bc7b-f98339e9a921,hrc02,src01@display=no-training
hrc02,hrc02,cdb9bb58-60e2-4bd6-a07a-2e9558115deb,hrc12,src01@display=no-training
hrc02,hrc12,75c4ab50-a4aa-4fd4-b430-ef329c45fc1b,hrc02,src01@display=no-training
hrc07,hrc07,a308165b-fe13-4927-8f58-a686634660c3,hrc17,src02@display=no-training
hrc07,hrc07,b014d3a9-188b-4d01-8b6b-6867ebb0997d,hrc17,src02@display=no-training
hrc07,hrc17,257352c3-f4fb-41d1-988e-e8dc49e02c9d,hrc07,src02@display=no-training
hrc07,hrc17,7401d166-8f9c-452f-b9a0-0b715d71ab24,hrc07,src02@display=no-training
hrc07,hrc07,b591d7b2-ac40-4444-b6c7-d86eb5d52ea7,hrc17,src02@display=no-training
hrc07,hrc07,f358592f-c14f-4bc9-b4c3-6d0c3bb440cb,hrc17,src02@display=no-training
hrc07,hrc17,79384cbc-8849-4e8b-9bc8-729523cda045,hrc07,src02@display=no-training
hrc07,hrc17,3c7ef17b-e826-4055-83ba-6a771c08659a,hrc07,src02@display=no-training
hrc07,hrc07,0053f56a-3dfc-4463-8859-7205469af490,hrc17,src02@display=no-training
hrc07,hrc17,7e7c71d5-29cf-4dc2-b67b-49a564dcb072,hrc07,src02@display=no-training
,hrc04,ee62cd40-eb37-45c7-91fd-09a4476d01a9,hrc21,src02@display=no-training
hrc21,hrc04,3a388285-6747-4423-817b-a7ad15ef6563,hrc21,src02@display=no-training
,hrc21,f936dac4-e73d-41d4-b1e6-f9c3189f9fd1,hrc04,src02@display=no-training
hrc04,hrc04,b29696b7-a249-4355-9bb6-63188e35d7c2,hrc21,src02@display=no-training
hrc21,hrc21,af112a53-7d26-4589-b586-67b928b370c4,hrc04,src02@display=no-training
hrc04,hrc04,2f5c9d18-91f7-4d55-a880-82131b6af0d3,hrc21,src02@display=no-training
hrc04,hrc21,f94f84f0-0314-443c-aa81-c3dd47dd772a,hrc04,src02@display=no-training
hrc04,hrc21,9988cc9a-f7bd-4702-bbcc-ff93503e8d2d,hrc04,src02@display=no-training
,hrc21,08e396e3-0ae3-4512-8a21-90a5e7de97f9,hrc04,src02@display=no-training
hrc04,hrc21,19221555-9ce9-4393-9ea5-e50657e62c74,hrc04,src02@display=no-training
hrc07,hrc21,3b1b4424-3cd1-4584-bbb5-5e27d1680658,hrc07,src02@display=no-training
,hrc21,b33d0fef-ee87-4da3-bdcd-51f6b905229a,hrc07,src02@display=no-training
hrc07,hrc07,57c09e89-1614-4d50-8112-d27c826ebf65,hrc21,src02@display=no-training
hrc07,hrc21,315a0286-5f6d-4248-832d-03fd03fd9243,hrc07,src02@display=no-training
hrc07,hrc07,157b2239-271e-41e3-99b6-ed7eca00929c,hrc21,src02@display=no-training
hrc07,hrc21,2847519c-6135-4c95-869d-42debfbc689f,hrc07,src02@display=no-training
hrc07,hrc21,2fee481f-e69f-4359-87d3-cf4825a653fe,hrc07,src02@display=no-training
hrc07,hrc21,6928b695-0a44-43eb-bf33-2e73eea11790,hrc07,src02@display=no-training
,hrc07,b1da7162-c87f-43eb-8bf7-ebb71f16e861,hrc21,src02@display=no-training
hrc21,hrc07,b914574b-e89a-44f2-99af-2232911e216d,hrc21,src02@display=no-training
hrc21,hrc21,b995bc40-788a-4263-9250-2f075d16f373,hrc13,src02@display=no-training
hrc21,hrc21,9ba77784-a25d-4dc4-a969-95c4699b5d77,hrc13,src02@display=no-training
hrc21,hrc21,84a655db-ea7f-4628-a0ee-cfac0fa9c28e,hrc13,src02@display=no-training
hrc21,hrc21,f48460fd-df6e-46c7-bd50-c8eb06fbeb8e,hrc13,src02@display=no-training
hrc21,hrc13,a22cb552-73fd-4bba-b020-6878660bd0d4,hrc21,src02@display=no-training
hrc21,hrc21,e886156a-16d3-42e3-b41a-4975284ac07f,hrc13,src02@display=no-training
hrc21,hrc13,a3b8c3bd-c5e0-4e7d-9169-f1c735b1ad6a,hrc21,src02@display=no-training
hrc21,hrc13,c88af769-d298-4298-800c-ad11fb29c899,hrc21,src02@display=no-training
hrc21,hrc13,1d86cd8c-857c-4e48-a107-5f9463d42d40,hrc21,src02@display=no-training
hrc21,hrc21,ce25b470-c37f-49d0-8203-ed9688c18912,hrc13,src02@display=no-training
hrc09,hrc09,c8783d0a-7f2d-415e-8df6-e257a2c50e3c,hrc19,src02@display=no-training
hrc09,hrc09,c71727c6-7153-435c-987a-c909d1f6afb3,hrc19,src02@display=no-training
hrc09,hrc09,6837bdb0-899f-421b-90b2-7679b398759b,hrc19,src02@display=no-training
hrc09,hrc09,15ec9909-579a-4944-b785-eeb1176c8f46,hrc19,src02@display=no-training
hrc09,hrc19,60458390-32fa-4441-b820-90787c5343f6,hrc09,src02@display=no-training
hrc09,hrc09,6d4b73c7-6738-487e-932f-bbe469cd77cb,hrc19,src02@display=no-training
hrc09,hrc09,1d5750bc-8caa-403b-b8cb-7843720e4e19,hrc19,src02@display=no-training
hrc09,hrc19,88ad40fc-1622-47b5-9086-b7b7f2c69c4e,hrc09,src02@display=no-training
hrc19,hrc09,c4b4c465-69fa-4440-8297-38bbd5b0b5d4,hrc19,src02@display=no-training
,hrc09,e7297da4-8b5e-4b1f-9e73-3e1484bc53f0,hrc19,src02@display=no-training
hrc02,hrc02,8a725e7a-8f22-4487-8125-b725545dc485,hrc10,src02@display=no-training
hrc02,hrc10,eb5fb68f-6fe8-41d7-9434-0e7b1acdd8fd,hrc02,src02@display=no-training
hrc02,hrc10,8f1ca983-841c-4d72-86e2-945a28de8cd6,hrc02,src02@display=no-training
hrc02,hrc10,cb0a599b-6c54-4c99-88b5-bdf49ce83f3d,hrc02,src02@display=no-training
hrc02,hrc02,f33c2c13-eae4-419f-9589-dd92b5088180,hrc10,src02@display=no-training
hrc02,hrc10,6ab68eee-6d2b-46e8-b03a-b267fb0eac35,hrc02,src02@display=no-training
hrc02,hrc02,c2db09e2-43d0-490d-a6c8-e264533673bf,hrc10,src02@display=no-training
hrc02,hrc10,262cca7b-6b71-4c12-afe8-728ea07d533a,hrc02,src02@display=no-training
hrc02,hrc02,abb69d4e-907f-485f-845d-799923e35219,hrc10,src02@display=no-training
hrc02,hrc10,7e7a3e3d-6238-4765-b6a4-3babc94d94ec,hrc02,src02@display=no-training
hrc19,hrc19,d6027bc7-293a-4c1b-b564-58c113ba4161,hrc13,src02@display=no-training
hrc19,hrc13,4bf6e92c-767f-4fd1-9cca-e64e41624327,hrc19,src02@display=no-training
hrc19,hrc19,3b98f084-15aa-4f10-bb56-097bd5a7cfad,hrc13,src02@display=no-training
hrc19,hrc19,7adefaed-dee1-4607-8648-a185a4bc8ff7,hrc13,src02@display=no-training
hrc19,hrc13,e7965f16-6621-4854-84b4-b552c5738880,hrc19,src02@display=no-training
,hrc19,f7a660f2-17ac-444a-980f-416641f86208,hrc13,src02@display=no-training
hrc19,hrc13,901525db-f558-48a2-931c-a9de0c60f77f,hrc19,src02@display=no-training
hrc19,hrc19,29a74aa2-3f6f-413b-a6e7-f37994c1db18,hrc13,src02@display=no-training
hrc19,hrc19,84bd8de2-fe4e-426f-a1e4-82db2dee938f,hrc13,src02@display=no-training
hrc19,hrc19,3167e740-abcd-47b6-b957-0711ed640b48,hrc13,src02@display=no-training
hrc04,hrc05,bc47fb0e-ec8a-4615-93a4-3b6ecd00445d,hrc04,src01@display=no-training
hrc04,hrc04,872f64ae-b43d-4fee-b0ab-45bcd25b5854,hrc05,src01@display=no-training
hrc04,hrc05,f2b9faac-c743-4136-9ed0-28508f2a2b42,hrc04,src01@display=no-training
hrc04,hrc05,7f66d17f-e0f8-4000-938a-38fdb600fcc2,hrc04,src01@display=no-training
hrc04,hrc05,25a404f1-36a1-47b9-a8f7-89a36a7ed99c,hrc04,src01@display=no-training
hrc04,hrc04,183f0910-0608-4ad7-a2a4-533a8554de1a,hrc05,src01@display=no-training
hrc04,hrc04,5f6b09f1-b26d-4374-83d3-458e20cb9ab5,hrc05,src01@display=no-training
hrc04,hrc05,3febb924-5622-4d83-b36c-f2213c3f5117,hrc04,src01@display=no-training
hrc04,hrc05,c15c4cb8-d927-4f2a-adf4-af121b87b70b,hrc04,src01@display=no-training
hrc04,hrc05,b014d3a9-188b-4d01-8b6b-6867ebb0997d,hrc04,src01@display=no-training
,hrc17,b7fec695-05b6-497c-8374-2ef38f3b9753,hrc08,src02@display=no-training
hrc08,hrc08,24b6b941-c8a6-46ae-8975-47c98ad64ab2,hrc17,src02@display=no-training
hrc17,hrc17,77567141-ef0e-4a59-8e28-b3aa576185d7,hrc08,src02@display=no-training
,hrc08,400e826b-2859-4400-a0a8-9cb0ca818371,hrc17,src02@display=no-training
hrc17,hrc08,7e119710-3485-4cd1-b324-8038bbd18930,hrc17,src02@display=no-training
hrc17,hrc17,397001a4-5eb9-437f-ad18-41f87dace59c,hrc08,src02@display=no-training
hrc08,hrc08,cb83993d-7a2f-4fbf-a8a1-a391f4a0490f,hrc17,src02@display=no-training
hrc17,hrc08,119c71bb-332f-49d7-80be-8c10ac85f39a,hrc17,src02@display=no-training
hrc17,hrc17,a647b0ba-6ea8-4ffa-a048-3f4711f595b0,hrc08,src02@display=no-training
hrc17,hrc08,d745395f-3d67-40e3-9565-8e285d7be7fb,hrc17,src02@display=no-training
hrc21,hrc17,0d42c5ea-d627-4776-8c86-8294d4032f8f,hrc21,src02@display=no-training
hrc21,hrc21,1351a736-f69a-4aea-8bae-fbd4e5704cde,hrc17,src02@display=no-training
hrc21,hrc21,b066ef4f-1fb5-4a6d-b1d7-5a4e654c3efa,hrc17,src02@display=no-training
hrc21,hrc21,9b0c0416-607d-4c8a-bc4e-ea233462e8ff,hrc17,src02@display=no-training
hrc21,hrc21,d7b2a508-f469-4b1b-bfd6-e44749545450,hrc17,src02@display=no-training
hrc21,hrc17,fed3c133-8a6c-4f5f-a931-1d3bf1e3cbfb,hrc21,src02@display=no-training
hrc21,hrc17,cd3da8c8-6bd7-4717-8f4a-b136895e3626,hrc21,src02@display=no-training
hrc21,hrc21,bec08049-04b7-4efb-b381-ac88d95a053d,hrc17,src02@display=no-training
hrc21,hrc21,37d8e0b9-f320-4759-b810-b47ff4467016,hrc17,src02@display=no-training
hrc21,hrc21,7d3d38fd-547c-43c1-af86-0bc68bbb33af,hrc17,src02@display=no-training
,hrc08,814ba963-799b-4345-bf39-65bfbb22105a,hrc07,src01@display=no-training
hrc07,hrc08,95a42d41-dfc0-4ddf-ae33-f22f4f4f7632,hrc07,src01@display=no-training
hrc08,hrc07,65f53762-138f-4c4f-860b-c41827f8937f,hrc08,src01@display=no-training
hrc07,hrc07,39df8f82-6ae7-4b16-91e1-bc8a53bbd2bf,hrc08,src01@display=no-training
,hrc07,1b9e7799-1c0f-4d71-9579-79b835093f71,hrc08,src01@display=no-training
hrc08,hrc08,24766b7c-1659-4b37-9e0d-5b94e92a320d,hrc07,src01@display=no-training
hrc07,hrc07,edfbe193-6225-4440-aca9-7b5ca28c88f2,hrc08,src01@display=no-training
hrc07,hrc08,b98660c4-d820-49f5-ad84-51b0f9ad2f61,hrc07,src01@display=no-training
,hrc07,64472def-2740-415f-828a-17a7931c64a8,hrc08,src01@display=no-training
,hrc08,78448630-72f5-4556-84ab-a02e39a647b6,hrc07,src01@display=no-training
hrc02,hrc02,8016f341-9a26-4b5e-bc01-b857242d960b,hrc21,src01@display=no-training
hrc21,hrc21,281c5472-3eae-4cd1-8a96-3bc8d0820015,hrc02,src01@display=no-training
hrc02,hrc21,459e6ec8-9143-4fda-89ff-32c90a82f712,hrc02,src01@display=no-training
,hrc21,de72b01b-833a-4081-8d29-5f625c2d03fb,hrc02,src01@display=no-training
,hrc02,262cca7b-6b71-4c12-afe8-728ea07d533a,hrc21,src01@display=no-training
,hrc02,c3da0cd7-93e9-42a3-b672-c85cfce1f726,hrc21,src01@display=no-training
,hrc21,9d32f287-7a5a-4287-9f48-10a44fcb3304,hrc02,src01@display=no-training
hrc21,hrc21,f4fa6f10-58c2-4aea-9eff-1a0ec31b5e25,hrc02,src01@display=no-training
hrc21,hrc21,4c00c3bf-e047-43af-81ed-5870a469acb5,hrc02,src01@display=no-training
hrc02,hrc02,1d47d828-0a6c-45f0-9598-2a1b328ea583,hrc21,src01@display=no-training
hrc07,hrc07,77567141-ef0e-4a59-8e28-b3aa576185d7,hrc17,src01@display=no-training
hrc07,hrc07,37bcaa2e-6ab9-4674-8dc6-00622721be83,hrc17,src01@display=no-training
hrc07,hrc07,62657dbc-0939-45fd-b9d0-0c9a3b27d669,hrc17,src01@display=no-training
hrc07,hrc07,2c370320-38ea-4dce-8087-b3357e95e335,hrc17,src01@display=no-training
hrc07,hrc07,5f05bf2e-edd6-48ae-83b0-bbad9be59c03,hrc17,src01@display=no-training
hrc07,hrc17,e71693e3-f3a8-4f43-b1a3-1094bcfee6b3,hrc07,src01@display=no-training
hrc07,hrc17,cb83993d-7a2f-4fbf-a8a1-a391f4a0490f,hrc07,src01@display=no-training
hrc17,hrc17,558436ff-83db-46b3-951b-08ea96ddeceb,hrc07,src01@display=no-training
hrc07,hrc07,b7fec695-05b6-497c-8374-2ef38f3b9753,hrc17,src01@display=no-training
hrc07,hrc17,8ff1358b-2362-4541-bef9-aaa77d3cedb2,hrc07,src01@display=no-training
hrc05,hrc05,b4536e7a-d9bf-4058-98b9-bdb45b1f4cf4,hrc13,src01@display=no-training
hrc05,hrc05,420ba22c-2e57-46d7-a211-7fd00fb6b275,hrc13,src01@display=no-training
hrc05,hrc05,f4e36280-7ab6-4bf1-afd0-2b3094871ff7,hrc13,src01@display=no-training
,hrc13,6138f355-0d67-4ba4-b05d-14e0b0d74414,hrc05,src01@display=no-training
hrc13,hrc05,da0b33d7-d588-4595-b322-5d8c898978e4,hrc13,src01@display=no-training
hrc05,hrc05,1cf51187-29ee-4e29-80b2-ad2a3f850fe2,hrc13,src01@display=no-training
hrc05,hrc13,e2e1d4a7-9934-44f8-a146-212e0c669ec9,hrc05,src01@display=no-training
hrc05,hrc05,b80f00b9-eab1-4fc9-807a-f0f2300dd67c,hrc13,src01@display=no-training
hrc05,hrc13,a8a6721b-be7d-42a3-ad63-ad07d8be7093,hrc05,src01@display=no-training
hrc05,hrc05,a380631e-2ff4-4ec4-882d-f1b84cf9cdc9,hrc13,src01@display=no-training
hrc04,hrc04,df4292d0-100f-419b-bb47-77f336b78a08,hrc10,src02@display=no-training
hrc04,hrc10,6903154f-149f-4eb7-8ace-8f69157e066a,hrc04,src02@display=no-training
hrc04,hrc04,9867dfa9-15e4-49b2-9516-13dcde4ab58d,hrc10,src02@display=no-training
hrc04,hrc04,6b366ab5-6ec6-4700-afc7-1ae167361336,hrc10,src02@display=no-training
hrc04,hrc10,ce8915ce-0513-4c3d-9f55-b726199fa15a,hrc04,src02@display=no-training
hrc04,hrc10,9d199c7e-9811-4344-b93f-7cc29ae8e563,hrc04,src02@display=no-training
hrc04,hrc10,a4b0cbec-917c-418b-bdf9-82a0936f4905,hrc04,src02@display=no-training
hrc04,hrc04,379e9519-d897-4cf1-b5cf-090662e13f2e,hrc10,src02@display=no-training
hrc04,hrc04,1dee3d32-1f26-414d-aec0-9ef6c3cfd86a,hrc10,src02@display=no-training
hrc04,hrc04,2e75be72-13cf-403c-aed6-59327c99ac9a,hrc10,src02@display=no-training
hrc21,hrc05,a527bdf9-311f-43ee-a4b5-31dd2629cc0a,hrc21,src01@display=no-training
hrc21,hrc05,257352c3-f4fb-41d1-988e-e8dc49e02c9d,hrc21,src01@display=no-training
hrc21,hrc05,157b2239-271e-41e3-99b6-ed7eca00929c,hrc21,src01@display=no-training
hrc21,hrc21,09313056-ebad-4866-92f8-0be6160820e5,hrc05,src01@display=no-training
hrc21,hrc05,8d17603d-66f1-4773-afa0-a9d1c2441752,hrc21,src01@display=no-training
hrc21,hrc21,34a04ead-7804-4e55-b549-9b91d884c0ad,hrc05,src01@display=no-training
hrc21,hrc21,320763ff-9395-4607-b5dd-547772958a15,hrc05,src01@display=no-training
hrc21,hrc21,5a14dca9-ea09-4194-8bd6-e5eb2d3a4404,hrc05,src01@display=no-training
hrc21,hrc05,7de80bf2-500e-478d-af55-ba3cd4f18a29,hrc21,src01@display=no-training
hrc05,hrc21,6b3f07e5-02e2-48e7-8efc-461b03f85b4c,hrc05,src01@display=no-training
chrc12,chrc12,45e1e015-506b-4217-a64f-4f2b2d502cda,chrc04,csrc11@display=no-training
chrc12,chrc12,eeb931d9-8161-4fcf-8e54-2eb9a45bf56f,chrc04,csrc11@display=no-training
chrc12,chrc04,13318ebb-5875-4ff4-9460-a1cb3c93434a,chrc12,csrc11@display=no-training
chrc12,chrc04,c74c4b82-1bc8-4335-a038-4c5055aebe86,chrc12,csrc11@display=no-training
chrc12,chrc04,2231f9ee-7322-4c18-afd8-0297a5523148,chrc12,csrc11@display=no-training
chrc12,chrc12,79595a55-109b-463a-9dc6-18a2c47dda3b,chrc04,csrc11@display=no-training
chrc12,chrc12,db107cd9-dbe7-4902-afda-5ae89c3af6c2,chrc04,csrc11@display=no-training
,chrc04,fb95302d-dad1-44cc-9cbd-cfbbd08c9051,chrc12,csrc11@display=no-training
chrc12,chrc12,c8f19654-d24f-46d4-9aa5-99d95c9ceab5,chrc04,csrc11@display=no-training
chrc12,chrc12,4426f22d-2504-4d64-9045-785110d11a95,chrc04,csrc11@display=no-training
original,chrc07,a289f0fe-8e3d-48c8-b3d3-d09b6d17b9f8,original,csrc12@display=no-training
original,chrc07,8445dda7-8d95-449d-8c54-8e2591a8e364,original,csrc12@display=no-training
original,chrc07,e1a81f7d-52d5-42f1-a2d0-3c29476b9636,original,csrc12@display=no-training
original,chrc07,985b2187-2e8e-497a-87c3-80cdc7a2058a,original,csrc12@display=no-training
original,original,183e5378-8994-4497-ab39-a4e4efc81fbc,chrc07,csrc12@display=no-training
,chrc07,91641fb2-f748-4fad-bfa6-9ef0e5b271a3,original,csrc12@display=no-training
original,original,4426f22d-2504-4d64-9045-785110d11a95,chrc07,csrc12@display=no-training
original,original,88dba501-c1cc-4377-b515-43a0b935917c,chrc07,csrc12@display=no-training
original,original,dae60604-49cd-4259-9d04-075db5ad2a1d,chrc07,csrc12@display=no-training
original,chrc07,e4e6cf83-5949-47e7-9675-8b2b53c28ec5,original,csrc12@display=no-training
hrc16,hrc09,88da8301-e4b8-4cae-a783-ce505f802cbd,hrc16,src01@display=no-training
hrc09,hrc09,02fd1a52-0f17-45c3-8185-fdbf6906e984,hrc16,src01@display=no-training
hrc09,hrc09,df5575f6-7028-4152-850d-bfdbd7ff0569,hrc16,src01@display=no-training
hrc09,hrc16,e1c3c1f9-f59c-4c62-8fa3-8f19be438b85,hrc09,src01@display=no-training
hrc09,hrc09,2bc6723c-6d0f-472f-8eda-70e418545225,hrc16,src01@display=no-training
hrc09,hrc09,f683c15d-84e9-44ca-963c-37ae92c878a0,hrc16,src01@display=no-training
,hrc09,c2db09e2-43d0-490d-a6c8-e264533673bf,hrc16,src01@display=no-training
,hrc09,73fa3c1f-2659-4f89-afb2-0453b581f177,hrc16,src01@display=no-training
hrc16,hrc16,c89ae1bd-9c54-42bf-bc2a-a7f87fc248e2,hrc09,src01@display=no-training
hrc16,hrc09,af112a53-7d26-4589-b586-67b928b370c4,hrc16,src01@display=no-training
hrc17,hrc16,87b763b7-2f26-42bb-a0da-162c15c36d74,hrc17,src02@display=no-training
,hrc17,7cb06b23-5ae6-4b33-95b1-ab1ec6ce9a9d,hrc16,src02@display=no-training
hrc17,hrc17,fe3a065d-fb32-4bd4-a25c-0987131f6fbe,hrc16,src02@display=no-training
hrc17,hrc17,438e8653-e2e4-4d7e-b701-1cd1aff05f82,hrc16,src02@display=no-training
,hrc16,fbbbfd01-6603-4bb4-aca1-df5e811989cc,hrc17,src02@display=no-training
hrc17,hrc16,87fef6f6-df52-49c0-89da-106af9527b46,hrc17,src02@display=no-training
,hrc16,9f33edd4-881a-4ba2-a15f-93d4e082e7b0,hrc17,src02@display=no-training
hrc17,hrc17,4bd6af01-9fac-4ed3-9eb7-a3274aeb5661,hrc16,src02@display=no-training
hrc17,hrc16,4b23efe8-b14b-4be4-9bf3-7282c400ff35,hrc17,src02@display=no-training
hrc17,hrc17,67ca9cde-86c8-4ddb-890a-128b94e38020,hrc16,src02@display=no-training
,hrc04,eb5fb68f-6fe8-41d7-9434-0e7b1acdd8fd,hrc21,src01@display=no-training
hrc04,hrc21,38850f49-cd06-4f9a-a8c4-a06ca20d6707,hrc04,src01@display=no-training
hrc04,hrc21,3a58be0e-af57-4db0-b60d-eb75d3e7c349,hrc04,src01@display=no-training
hrc04,hrc04,175a965b-e302-46aa-b701-fb087c49b74f,hrc21,src01@display=no-training
,hrc21,285e6ce4-b740-4a6e-9a62-d17f2e36da56,hrc04,src01@display=no-training
,hrc04,17d1397c-63b2-4fba-b4cd-01580d48fa8e,hrc21,src01@display=no-training
hrc04,hrc04,3a63b826-0eed-47df-b419-9d445cda5305,hrc21,src01@display=no-training
hrc21,hrc21,c06fa6f7-ddd2-43d1-96e0-1284e8008c14,hrc04,src01@display=no-training
,hrc21,a07731ab-f9d3-46b8-b2de-afcf6b424aeb,hrc04,src01@display=no-training
hrc04,hrc21,d5018336-2e28-4a35-a250-a723b3fa214d,hrc04,src01@display=no-training
hrc19,hrc19,aeb6aa3e-8394-4b15-b8ed-a897b8f04db9,hrc18,src02@display=no-training
hrc18,hrc18,af9ff558-041e-4cd0-ba22-7930f53eaf9b,hrc19,src02@display=no-training
hrc19,hrc18,28138e18-1992-4f6d-94e7-993ddca405e8,hrc19,src02@display=no-training
hrc19,hrc18,a78d1d20-2f7b-4947-a14e-71f3b16b23ea,hrc19,src02@display=no-training
hrc19,hrc19,3adb22b3-7403-4d2b-bc31-9209defa8e33,hrc18,src02@display=no-training
hrc19,hrc18,c185b7b6-460c-449b-942c-7437d0e8b154,hrc19,src02@display=no-training
,hrc18,4386838f-4af9-4121-8895-9a6078e94dd5,hrc19,src02@display=no-training
,hrc18,3d0bf3f3-3243-42a4-9bc4-85c569e83dff,hrc19,src02@display=no-training
hrc19,hrc18,d5484fd3-0692-49b0-b84e-4c5498cd6cb1,hrc19,src02@display=no-training
,hrc18,58845140-df28-4fce-bf1c-d785294ee30e,hrc19,src02@display=no-training
hrc05,hrc10,4927f150-d8a4-41da-b42a-b30169d85dd0,hrc05,src01@display=no-training
hrc05,hrc05,19221555-9ce9-4393-9ea5-e50657e62c74,hrc10,src01@display=no-training
hrc05,hrc10,63ceda33-c319-4414-8785-2b289e78177a,hrc05,src01@display=no-training
hrc05,hrc05,bdaf75e9-710e-440d-a0da-c8460f2c216f,hrc10,src01@display=no-training
hrc05,hrc05,6ddc68b9-2043-40b0-8dca-222965fa9c27,hrc10,src01@display=no-training
hrc05,hrc05,04ec428f-6fd5-4052-bc85-65d3a3c8eb1f,hrc10,src01@display=no-training
hrc05,hrc05,86f1012a-cb24-4aea-8fb1-43cf2f564d78,hrc10,src01@display=no-training
hrc10,hrc10,299729cd-be73-45ed-a747-d83ab1327861,hrc05,src01@display=no-training
,hrc05,2e75be72-13cf-403c-aed6-59327c99ac9a,hrc10,src01@display=no-training
hrc05,hrc10,87a347b9-cae4-4cc4-b265-8223b5359ce7,hrc05,src01@display=no-training
hrc21,hrc21,87a347b9-cae4-4cc4-b265-8223b5359ce7,hrc08,src02@display=no-training
hrc21,hrc21,c0dba839-43a8-404b-95ba-2473525fd047,hrc08,src02@display=no-training
hrc21,hrc08,630ff0a1-fb06-4ccb-8371-5093b4b80f83,hrc21,src02@display=no-training
hrc21,hrc08,adc32989-072a-4555-a6e0-77db79cde686,hrc21,src02@display=no-training
hrc21,hrc08,298df3c7-d91b-4f74-be0d-afbb5a554566,hrc21,src02@display=no-training
hrc21,hrc21,076c3bf8-1f81-4a6b-a192-b6eebd26686f,hrc08,src02@display=no-training
hrc21,hrc21,5db70634-a94d-4ef3-9da9-6f716223cb35,hrc08,src02@display=no-training
hrc21,hrc21,6140f270-6e48-4210-9132-c8a58eeb4d48,hrc08,src02@display=no-training
hrc21,hrc08,d4e8046f-6b35-4b66-8555-8cf0cd6352af,hrc21,src02@display=no-training
hrc21,hrc21,385532c8-5edf-4c2b-85e3-1c533fad9959,hrc08,src02@display=no-training
hrc04,hrc04,c0dba839-43a8-404b-95ba-2473525fd047,original,src01@display=no-training
,original,f4c93ef6-9b4c-4208-b5f1-c0827cbfa484,hrc04,src01@display=no-training
original,hrc04,83d45c00-57c2-4eae-a987-5b25a951a833,original,src01@display=no-training
hrc04,hrc04,1eaa9fca-05a8-423a-be58-58c2b8582fcd,original,src01@display=no-training
hrc04,original,7a541b70-1d9e-4eb0-898c-811d92959d4e,hrc04,src01@display=no-training
hrc04,original,f58fcc49-b5e9-4207-8790-8ecf66e5eb9d,hrc04,src01@display=no-training
original,hrc04,f2e393ff-0812-4cba-b5e1-e10e0a6a0f10,original,src01@display=no-training
original,hrc04,1aa9e663-67d3-4003-a25b-de0487e89331,original,src01@display=no-training
hrc04,original,3167e740-abcd-47b6-b957-0711ed640b48,hrc04,src01@display=no-training
,original,feb86d47-9265-4860-8fde-a8d663708477,hrc04,src01@display=no-training
hrc20,hrc20,da8af091-d487-4bed-a798-4a640f2f0058,hrc17,src02@display=no-training
hrc17,hrc20,f0bdf508-0d60-44d3-9e43-58e0b70a2a87,hrc17,src02@display=no-training
hrc20,hrc20,566fb7d8-e6ca-43c7-ae5a-48aca6a507a4,hrc17,src02@display=no-training
hrc20,hrc17,46f38607-110d-49ab-b60c-8c1ab9421949,hrc20,src02@display=no-training
hrc20,hrc17,6d152256-d10c-48b1-98bf-22a27348c2f5,hrc20,src02@display=no-training
hrc20,hrc20,c07bc56b-eae7-49b2-bab4-79cd32536be2,hrc17,src02@display=no-training
hrc20,hrc17,eaa5315e-7904-41da-ad17-313ff2625ef5,hrc20,src02@display=no-training
hrc20,hrc20,085ea3db-2334-44ab-8798-14e7badbe0c6,hrc17,src02@display=no-training
hrc20,hrc17,e2e1d4a7-9934-44f8-a146-212e0c669ec9,hrc20,src02@display=no-training
hrc20,hrc20,c7d09f16-7664-480c-a6c5-279f5014c143,hrc17,src02@display=no-training
hrc09,hrc09,246f90ba-2f72-4806-83dc-3ed750ed6b5a,hrc20,src02@display=no-training
hrc09,hrc20,b4661ee3-507e-48f0-bf90-49eccdd0a6c1,hrc09,src02@display=no-training
,hrc20,f8765b82-42a9-446d-86f2-3a30e524f1bc,hrc09,src02@display=no-training
hrc09,hrc09,151474dd-b512-4d05-9a75-a4b0be5942ed,hrc20,src02@display=no-training
hrc09,hrc09,ae596db0-ca56-4a5e-819e-66d021715ded,hrc20,src02@display=no-training
,hrc20,7522b6a2-33fd-4d39-9892-118173704b57,hrc09,src02@display=no-training
hrc09,hrc09,8d4a618f-7184-43bd-9513-10873098a873,hrc20,src02@display=no-training
hrc09,hrc20,42fb1927-baf0-4108-b7ea-960028526098,hrc09,src02@display=no-training
hrc09,hrc20,1bfc7116-b8cd-4ff0-b2ad-97cacfe7de37,hrc09,src02@display=no-training
hrc09,hrc09,65972744-31a9-4472-9908-5536a8a7122e,hrc20,src02@display=no-training
hrc08,original,9d1ec2ac-c570-4278-936a-ea2dd7be8872,hrc08,src01@display=no-training
,original,74ffc6b3-9180-486e-9946-af73fbc87977,hrc08,src01@display=no-training
original,original,3e03b6ef-3501-4cab-a64d-2d85a706afe8,hrc08,src01@display=no-training
,hrc08,c62ff2ad-45a7-4f3e-acce-030576899b17,original,src01@display=no-training
original,hrc08,3e1cdcff-b39c-4ab1-88c6-cc8a1b5ed717,original,src01@display=no-training
,original,076c3bf8-1f81-4a6b-a192-b6eebd26686f,hrc08,src01@display=no-training
hrc08,hrc08,41f2b15c-dbe4-473b-af00-28c8751e329e,original,src01@display=no-training
original,hrc08,0c75c2cb-4183-4187-8e95-1ddec654b46f,original,src01@display=no-training
,original,5db97e29-51c6-4d87-9897-b63690e31c52,hrc08,src01@display=no-training
hrc08,original,8b0638be-1f8e-4353-bfc3-9e38c96115eb,hrc08,src01@display=no-training
hrc02,hrc20,5081c565-b48b-48ae-a702-a224554798b4,hrc02,src02@display=no-training
hrc02,hrc20,bc00ffbe-d00a-4157-87b8-493e67cdc18b,hrc02,src02@display=no-training
,hrc02,ed2ad2a1-7e3b-4113-a49a-dfecffee3e57,hrc20,src02@display=no-training
hrc02,hrc02,64e2f67e-8d1c-4d48-8af3-8fcba72344a8,hrc20,src02@display=no-training
hrc02,hrc20,777aa73c-e876-4af7-a998-55b2db8bf245,hrc02,src02@display=no-training
hrc02,hrc20,58c5db58-31c9-498a-84c7-f2656253c676,hrc02,src02@display=no-training
hrc02,hrc20,f9bbfc44-9d81-442b-b2b0-e2e241471b54,hrc02,src02@display=no-training
hrc02,hrc02,cc41adc2-0128-483a-a929-40af98e50807,hrc20,src02@display=no-training
hrc02,hrc20,f3344844-a685-491f-b82c-2b0d069dc1cc,hrc02,src02@display=no-training
,hrc20,5f8aaead-de3f-4647-b1db-afa272e15627,hrc02,src02@display=no-training
hrc12,hrc12,f626ab92-efaa-4e82-af30-018d04dd08c1,hrc20,src01@display=no-training
,hrc20,d10ee993-b3ae-434c-9a7b-a7d6ce66c776,hrc12,src01@display=no-training
hrc20,hrc20,02b35be6-fb7d-4492-87e7-8f22e34574ad,hrc12,src01@display=no-training
hrc20,hrc20,9612d1a4-483e-473f-aec2-02934e0618ca,hrc12,src01@display=no-training
,hrc12,58845140-df28-4fce-bf1c-d785294ee30e,hrc20,src01@display=no-training
,hrc20,7522b6a2-33fd-4d39-9892-118173704b57,hrc12,src01@display=no-training
hrc12,hrc12,2285a432-258c-4d27-8292-7c7b782bc591,hrc20,src01@display=no-training
hrc20,hrc20,8fc87c48-7bd5-4eef-9a74-49511a30296c,hrc12,src01@display=no-training
,hrc20,c39301ac-544e-4bb2-85a7-b38cbff67bc4,hrc12,src01@display=no-training
hrc20,hrc12,840a09b5-4c5b-45f7-8f13-6a8057cf0fac,hrc20,src01@display=no-training
hrc16,hrc16,2c820e01-cd0e-4cca-bb2b-5384ccd7f578,hrc08,src02@display=no-training
,hrc16,bd86f5f7-6fbd-4680-a9d5-5a34f343eba2,hrc08,src02@display=no-training
hrc08,hrc16,739e1d34-ccab-4d66-b5cb-3271ed097ccd,hrc08,src02@display=no-training
hrc08,hrc08,2b36f719-882e-4e03-9131-8d4f3e7246a4,hrc16,src02@display=no-training
hrc16,hrc08,2d6d9756-d2b6-4bea-b4e1-94b41721de02,hrc16,src02@display=no-training
hrc08,hrc16,0f829d1a-b988-4f9b-8ff2-7ed9cefc6432,hrc08,src02@display=no-training
hrc08,hrc08,f14632b9-fec7-49db-8dde-908e448d8556,hrc16,src02@display=no-training
hrc16,hrc08,7e35fb7d-230e-4635-bf54-a51aab87f3a7,hrc16,src02@display=no-training
hrc08,hrc16,64472def-2740-415f-828a-17a7931c64a8,hrc08,src02@display=no-training
hrc08,hrc08,7c7af9a4-0f7b-49fd-bb78-618f89ecaaef,hrc16,src02@display=no-training
hrc19,hrc10,5f8aaead-de3f-4647-b1db-afa272e15627,hrc19,src01@display=no-training
hrc19,hrc19,9e239992-9940-42db-9d49-1d0d8d937637,hrc10,src01@display=no-training
hrc19,hrc10,5d2512ce-fedd-483b-818a-932259712b71,hrc19,src01@display=no-training
hrc19,hrc10,8d05d45d-efc8-477b-95a3-8473ca645610,hrc19,src01@display=no-training
hrc19,hrc19,c4041511-376e-4f71-9c8e-acac17d0954a,hrc10,src01@display=no-training
hrc19,hrc19,b6306029-365c-41e2-9319-61c0c405c6f4,hrc10,src01@display=no-training
hrc10,hrc10,31d876be-00c7-4aff-98d2-67a95f368125,hrc19,src01@display=no-training
hrc19,hrc19,abb69d4e-907f-485f-845d-799923e35219,hrc10,src01@display=no-training
hrc19,hrc19,71bca3dc-88af-418b-bc5c-901a819fd1f0,hrc10,src01@display=no-training
hrc19,hrc10,97e1763f-e2a6-4c83-a1cd-6cc36cd155bf,hrc19,src01@display=no-training
hrc20,hrc20,9a628bc0-babc-4781-a306-fb94b8f002ae,hrc05,src01@display=no-training
hrc20,hrc05,133d32f7-73d9-4005-b533-e890f9fae74f,hrc20,src01@display=no-training
hrc20,hrc05,6837bdb0-899f-421b-90b2-7679b398759b,hrc20,src01@display=no-training
hrc20,hrc05,72c660f3-a268-4edb-9599-b17c96af9ec7,hrc20,src01@display=no-training
hrc20,hrc20,5eb3a7bb-533a-4dbd-82c4-cd0fae2b33b0,hrc05,src01@display=no-training
hrc20,hrc05,a422b10e-0b4e-4ece-89fa-850dbbcd9867,hrc20,src01@display=no-training
hrc20,hrc05,f878add3-52f7-4664-b4db-debcd7fa6905,hrc20,src01@display=no-training
hrc20,hrc20,12058d43-7153-442b-b2ba-d6d2c1f6628a,hrc05,src01@display=no-training
hrc20,hrc20,28baa163-62aa-4091-9067-f78967afea4a,hrc05,src01@display=no-training
hrc20,hrc05,7c090835-7343-43cb-a556-8d9c65bf2579,hrc20,src01@display=no-training
hrc18,hrc10,b5b43c0b-1179-45bb-b87a-ff61774cbd0a,hrc18,src01@display=no-training
hrc18,hrc10,9169b3e4-5bee-4ec0-b43b-ea915ccf9849,hrc18,src01@display=no-training
hrc18,hrc10,ce2acc22-6dc0-4d57-bf52-34e031ecb83c,hrc18,src01@display=no-training
,hrc10,10201875-20ed-4191-8b55-2033d1755645,hrc18,src01@display=no-training
hrc18,hrc10,29674e6d-089e-4429-a5a5-05030ef57cbc,hrc18,src01@display=no-training
hrc18,hrc10,ca65c3a0-fb0a-4804-a1b4-2f35acc5b559,hrc18,src01@display=no-training
hrc18,hrc10,ab73b275-9ae8-46d7-b5f9-e2881e9ad887,hrc18,src01@display=no-training
hrc18,hrc18,03c579d6-6125-4434-b2d8-ff7f379b3427,hrc10,src01@display=no-training
hrc18,hrc10,67ca9cde-86c8-4ddb-890a-128b94e38020,hrc18,src01@display=no-training
hrc18,hrc18,7789925c-d537-4f98-b572-c50cc53b8114,hrc10,src01@display=no-training
hrc04,hrc05,c11955ae-3777-4424-a93d-4591403dad1e,hrc04,src02@display=no-training
hrc04,hrc05,25bc1618-bd39-4c6b-8d75-5311bacba659,hrc04,src02@display=no-training
hrc04,hrc04,1cd0a690-9a45-4224-b1bf-e4d32d4789b5,hrc05,src02@display=no-training
hrc04,hrc04,d9ff101e-ef99-45a1-b979-91bffe08a7a1,hrc05,src02@display=no-training
hrc04,hrc04,9b12ec4a-fa08-4ab2-b239-ed08073ff262,hrc05,src02@display=no-training
hrc04,hrc05,9bf342e3-6f22-490b-b00b-372d2a7d8199,hrc04,src02@display=no-training
hrc04,hrc04,0f1643f2-3736-40f1-a861-503a0ba59cf8,hrc05,src02@display=no-training
hrc04,hrc04,2d6e96ab-1cc9-4a46-8bba-341f2f33237d,hrc05,src02@display=no-training
hrc04,hrc04,e4e6cf83-5949-47e7-9675-8b2b53c28ec5,hrc05,src02@display=no-training
hrc04,hrc05,d35fe353-da0b-4b73-af6a-0993d3199c77,hrc04,src02@display=no-training
hrc17,hrc05,e93873b4-0ba1-44f7-9892-01237fb79aed,hrc17,src01@display=no-training
hrc05,hrc05,eadb6c2b-306e-44cc-aff9-fcde6aa2a7d8,hrc17,src01@display=no-training
hrc17,hrc17,78303b02-0ba1-4849-8789-c6c7c276bb31,hrc05,src01@display=no-training
hrc05,hrc05,48f26fd4-0581-4d50-ab31-ffef5ac3b645,hrc17,src01@display=no-training
,hrc17,a8aa57a4-5b70-4366-ac0c-df4184675711,hrc05,src01@display=no-training
hrc17,hrc17,c199f722-c139-4861-9744-4560a943312a,hrc05,src01@display=no-training
,hrc17,a50b1738-5516-46bd-a585-fa878da470e2,hrc05,src01@display=no-training
hrc05,hrc05,0ae1ac23-5abd-4347-8efd-f7b4982e799c,hrc17,src01@display=no-training
,hrc05,e0c67370-cb8d-4fb4-b6e8-e967e9d4da10,hrc17,src01@display=no-training
hrc17,hrc17,0111d895-f938-4921-8210-3201f559f616,hrc05,src01@display=no-training
hrc02,hrc12,82ab8023-9761-42d0-9676-339989d8363c,hrc02,src02@display=no-training
hrc12,hrc12,08e33f50-c2e4-4cb2-b5a8-6a8a53423f73,hrc02,src02@display=no-training
hrc02,hrc12,fa18eb5e-4ada-462b-90a4-8d7624505663,hrc02,src02@display=no-training
hrc12,hrc02,10201875-20ed-4191-8b55-2033d1755645,hrc12,src02@display=no-training
hrc12,hrc12,ca15c732-cfca-497b-90c1-3f5fbb0dd541,hrc02,src02@display=no-training
hrc12,hrc02,086d0330-b9c6-4f82-a316-35e94ab7a6a7,hrc12,src02@display=no-training
hrc02,hrc02,feabc2a1-9004-4146-acc3-3609cc50300a,hrc12,src02@display=no-training
hrc02,hrc02,d10ee993-b3ae-434c-9a7b-a7d6ce66c776,hrc12,src02@display=no-training
hrc02,hrc02,1cf51187-29ee-4e29-80b2-ad2a3f850fe2,hrc12,src02@display=no-training
hrc02,hrc12,e2d4c222-36f6-4569-87c8-d78cdc2588f3,hrc02,src02@display=no-training
hrc08,hrc08,82ab8023-9761-42d0-9676-339989d8363c,hrc13,src01@display=no-training
hrc08,hrc13,afb5f403-21d5-4d09-b92f-6d95cee2fde2,hrc08,src01@display=no-training
hrc08,hrc13,b1ea6be7-fe29-4b9e-a8ba-e07c4943aac7,hrc08,src01@display=no-training
hrc08,hrc13,7e35fb7d-230e-4635-bf54-a51aab87f3a7,hrc08,src01@display=no-training
hrc08,hrc08,8445dda7-8d95-449d-8c54-8e2591a8e364,hrc13,src01@display=no-training
hrc08,hrc08,8760b604-bde2-4d2a-8da9-0492b050506c,hrc13,src01@display=no-training
hrc08,hrc08,4739f5c7-b987-4c87-8af7-0a28b32df1b7,hrc13,src01@display=no-training
hrc08,hrc08,6b443695-605c-4b3e-ad5c-4504b6a4935b,hrc13,src01@display=no-training
hrc08,hrc13,0282e284-6075-4272-8e47-0514da6c0239,hrc08,src01@display=no-training
hrc08,hrc08,a268d438-9f11-4978-8ad9-7ed49297521c,hrc13,src01@display=no-training
chrc08,chrc08,232fe1a0-97fb-4560-816a-d80445fda792,chrc11,csrc11@display=no-training
chrc11,chrc11,eadb6c2b-306e-44cc-aff9-fcde6aa2a7d8,chrc08,csrc11@display=no-training
chrc11,chrc11,2be68ad6-657e-4ffe-b18b-9bca4e91fd1a,chrc08,csrc11@display=no-training
,chrc11,438e8653-e2e4-4d7e-b701-1cd1aff05f82,chrc08,csrc11@display=no-training
chrc11,chrc11,88fd02c5-402c-4421-b7ec-555b9efbe077,chrc08,csrc11@display=no-training
chrc11,chrc11,4458597e-489f-4665-bcbf-9197d0b1b47d,chrc08,csrc11@display=no-training
chrc08,chrc08,05942f22-02a8-4b21-a462-aca7c9d5c551,chrc11,csrc11@display=no-training
chrc08,chrc08,746fca7b-627e-49a4-8992-4928103625eb,chrc11,csrc11@display=no-training
chrc11,chrc08,e2d4c222-36f6-4569-87c8-d78cdc2588f3,chrc11,csrc11@display=no-training
chrc11,chrc08,c0f8aa5b-3cf4-493d-b074-c742adeec0bb,chrc11,csrc11@display=no-training
hrc04,hrc18,4458597e-489f-4665-bcbf-9197d0b1b47d,hrc04,src02@display=no-training
hrc04,hrc18,f3b6f948-ae20-480b-b2e8-052f53a70678,hrc04,src02@display=no-training
hrc04,hrc04,aff72792-47ad-419e-9732-8b02aa415e28,hrc18,src02@display=no-training
hrc04,hrc04,086fa07b-23fc-412b-8ce3-a01afdd6db7f,hrc18,src02@display=no-training
hrc04,hrc18,ed6794a4-ad11-45aa-a760-07c44352d392,hrc04,src02@display=no-training
hrc04,hrc18,8a46bc78-31c5-412e-82cb-6ace35e90b6b,hrc04,src02@display=no-training
hrc04,hrc04,b65c2531-4fd5-4f51-9a89-79645ecc449a,hrc18,src02@display=no-training
hrc04,hrc04,6a5c53fc-4f8c-4abf-97c1-466f1f6c1023,hrc18,src02@display=no-training
hrc04,hrc18,42299818-23d6-4c44-822c-dcdd91f26d60,hrc04,src02@display=no-training
hrc04,hrc18,215a949e-c7d9-4a47-9700-b26141e218c8,hrc04,src02@display=no-training
chrc05,chrc05,4f51ccc9-748a-455c-a276-65a0686f7ad8,chrc01,csrc14@display=no-training
chrc05,chrc01,b4e1fa11-f8c7-4c37-91e5-ab34c817ae12,chrc05,csrc14@display=no-training
chrc05,chrc05,d45350bd-1fef-4a5e-be1d-b4b2d296c441,chrc01,csrc14@display=no-training
chrc05,chrc05,27e50f3e-f48d-493d-ac1e-736d639503f8,chrc01,csrc14@display=no-training
chrc05,chrc01,5740ef69-a9fb-42c2-b986-66e60752eb0f,chrc05,csrc14@display=no-training
chrc05,chrc01,bec08049-04b7-4efb-b381-ac88d95a053d,chrc05,csrc14@display=no-training
chrc05,chrc05,84ca7dac-b83d-46e1-8a3f-6934889b29fd,chrc01,csrc14@display=no-training
chrc05,chrc05,52e41e38-4c61-40bc-bb28-cafdfe4bcb7f,chrc01,csrc14@display=no-training
chrc05,chrc05,5f6b09f1-b26d-4374-83d3-458e20cb9ab5,chrc01,csrc14@display=no-training
chrc05,chrc01,67ca9cde-86c8-4ddb-890a-128b94e38020,chrc05,csrc14@display=no-training
original,hrc10,38b31f9d-3706-4054-8720-2f012548436f,original,src01@display=no-training
original,original,db06cd08-012c-4984-9355-38a0ac42eeb1,hrc10,src01@display=no-training
original,hrc10,9aa9ce3f-8ff6-4653-96df-427197849f72,original,src01@display=no-training
original,original,b7265973-03c7-49cf-9175-acfed74ae1c7,hrc10,src01@display=no-training
original,original,a0cd7044-db98-415c-b38f-2a75f18fdcbc,hrc10,src01@display=no-training
original,hrc10,0e041457-20d5-4bd4-b6ad-bb8eef3e9ad3,original,src01@display=no-training
original,hrc10,3337d50f-3ff4-4b00-9c35-a238978ffa06,original,src01@display=no-training
original,hrc10,1175b846-a79d-4505-bf4c-b367e1f83ba6,original,src01@display=no-training
original,original,4a563c82-9cb0-45fa-b0d9-acdbe3db8b47,hrc10,src01@display=no-training
original,hrc10,855a54a4-c733-4d3c-99f7-7995e608d8f8,original,src01@display=no-training
,hrc02,0b68809c-f3bf-441e-865d-8c067237226e,hrc04,src02@display=no-training
,hrc04,78ad58b6-fe7d-4b2c-9f23-b91de2567065,hrc02,src02@display=no-training
hrc02,hrc02,974a075a-e55c-4415-807d-4e07735b6e1d,hrc04,src02@display=no-training
,hrc02,9be2aa59-4968-4b1b-8ba3-90356da3c013,hrc04,src02@display=no-training
hrc04,hrc04,558436ff-83db-46b3-951b-08ea96ddeceb,hrc02,src02@display=no-training
,hrc02,e6fc1745-e793-4db0-a5ca-9fe262db0dcb,hrc04,src02@display=no-training
,hrc04,53466a3c-2c62-4717-b913-22fec5e4d2d9,hrc02,src02@display=no-training
hrc04,hrc04,eadefcd2-3e7b-4db5-a25d-9ebfe5da399e,hrc02,src02@display=no-training
hrc02,hrc02,b0d86c37-1389-480f-862e-828f0e6376a5,hrc04,src02@display=no-training
hrc02,hrc04,f6dcbb2a-6b4d-4e46-99b1-4179f4898cd0,hrc02,src02@display=no-training
hrc02,hrc18,1175b846-a79d-4505-bf4c-b367e1f83ba6,hrc02,src02@display=no-training
hrc02,hrc02,0e041457-20d5-4bd4-b6ad-bb8eef3e9ad3,hrc18,src02@display=no-training
hrc02,hrc18,0577b759-dc16-4e43-be93-2041e7934891,hrc02,src02@display=no-training
hrc02,hrc18,7cbdd433-0c91-4d60-ab7b-f1261aaa8fbd,hrc02,src02@display=no-training
hrc02,hrc02,02fd1a52-0f17-45c3-8185-fdbf6906e984,hrc18,src02@display=no-training
hrc02,hrc02,23cdd1ed-fe00-4deb-8ca7-db975f43a835,hrc18,src02@display=no-training
hrc02,hrc02,98ce71da-42b5-40dc-ba86-68f8b2f86e1f,hrc18,src02@display=no-training
hrc02,hrc18,2cf04c1d-69ed-4a9f-9296-26dd3abf56ce,hrc02,src02@display=no-training
hrc02,hrc02,8760b604-bde2-4d2a-8da9-0492b050506c,hrc18,src02@display=no-training
hrc02,hrc18,84327ee8-7e8c-4049-886f-05323cf7bbc3,hrc02,src02@display=no-training
original,original,38b31f9d-3706-4054-8720-2f012548436f,hrc08,src02@display=no-training
original,original,4eb31704-9ae1-4640-a4bd-e09f46dda911,hrc08,src02@display=no-training
original,original,fcd73472-0774-473f-b76a-fb20acbb403a,hrc08,src02@display=no-training
original,hrc08,8c63c66c-47a3-47f5-b661-de0aa2715e65,original,src02@display=no-training
original,original,9689ec55-8b9a-4a62-9377-9e5e8f39c603,hrc08,src02@display=no-training
original,original,74af2a5c-993c-4783-9d09-ade01b63051f,hrc08,src02@display=no-training
original,original,7ae38b5c-cd98-477d-a069-e103eed457c3,hrc08,src02@display=no-training
original,original,b4170a87-8862-45d0-ae39-a2fa7515fc9d,hrc08,src02@display=no-training
original,original,08f89d86-d913-4fe9-b96e-90342304c107,hrc08,src02@display=no-training
original,hrc08,f1f59d35-72b2-4506-8acc-4f38f587a5f8,original,src02@display=no-training
hrc07,hrc07,71a24918-51dc-498e-a290-b05897aeb40e,hrc10,src01@display=no-training
hrc07,hrc10,705f7799-2d34-4d2e-b583-c65f61f6aa45,hrc07,src01@display=no-training
hrc07,hrc07,2815e5fa-b68b-48d8-accb-0c3f76be3c48,hrc10,src01@display=no-training
hrc07,hrc10,1b17167c-cbf2-48e2-8bf0-51adbb5d57e0,hrc07,src01@display=no-training
hrc07,hrc07,4d46e51f-dff6-46d4-9b9a-70501b6b053b,hrc10,src01@display=no-training
hrc07,hrc07,38d87ed8-3766-4fd4-bf18-746702872360,hrc10,src01@display=no-training
hrc07,hrc10,05bbbdbc-3637-4492-9d38-a5af08b94693,hrc07,src01@display=no-training
hrc07,hrc10,ad4a8214-8f58-4022-b373-a21582fdc842,hrc07,src01@display=no-training
hrc07,hrc10,fbac4b1d-155c-4d3e-8c84-e98425883f47,hrc07,src01@display=no-training
hrc07,hrc07,5359c039-f974-44eb-8bf2-a15031e7dabe,hrc10,src01@display=no-training
hrc08,hrc08,66340852-ed06-4d74-9c1d-9b0abddb1028,hrc16,src01@display=no-training
hrc08,hrc16,02dc2aa5-1d89-4c14-8abf-91739c14bb95,hrc08,src01@display=no-training
hrc08,hrc16,84ca7dac-b83d-46e1-8a3f-6934889b29fd,hrc08,src01@display=no-training
hrc08,hrc16,462db8d0-a7b4-42e4-bf77-31dfdd0323a0,hrc08,src01@display=no-training
hrc08,hrc08,9ee5a4b0-d417-41e3-9cf1-3729e16ad280,hrc16,src01@display=no-training
hrc08,hrc08,86aa1c54-0c9f-4963-8bac-800d7ac6c0bb,hrc16,src01@display=no-training
hrc08,hrc16,fc412c03-7ce4-4158-821d-8a6eb8b6813f,hrc08,src01@display=no-training
hrc08,hrc16,f95ca5ed-5806-41a7-883d-75390a3ca469,hrc08,src01@display=no-training
hrc08,hrc08,49d9d4cb-b8a1-4d99-ba2a-7e1346fc0627,hrc16,src01@display=no-training
hrc08,hrc16,1f668c3f-b8ef-42dd-8802-092f59e99fc3,hrc08,src01@display=no-training
,original,855a54a4-c733-4d3c-99f7-7995e608d8f8,hrc09,src02@display=no-training
hrc09,original,33aa809b-6785-49dc-ae11-5d5af6f61e8e,hrc09,src02@display=no-training
original,original,a0cd7044-db98-415c-b38f-2a75f18fdcbc,hrc09,src02@display=no-training
hrc09,original,73f3f458-e953-4612-8841-8bb1c14fd5ec,hrc09,src02@display=no-training
original,hrc09,6a4a2c2c-2e8e-47c8-bf35-4d48dc10350a,original,src02@display=no-training
,hrc09,acf2878b-e5bd-4ec7-8b6b-26b383998f44,original,src02@display=no-training
,original,9d32f287-7a5a-4287-9f48-10a44fcb3304,hrc09,src02@display=no-training
original,original,17af3b7f-f3da-4ae2-be50-11325270770f,hrc09,src02@display=no-training
original,hrc09,12a93fbf-896e-43f7-8958-1af43801cf9f,original,src02@display=no-training
original,original,6e3e236c-b948-4a41-8b52-feb486da487b,hrc09,src02@display=no-training
hrc12,hrc17,b0d13c9f-0536-4977-b610-8e918acf1da9,hrc12,src01@display=no-training
hrc12,hrc17,7341608e-8a94-48aa-9aac-53d556ee0c5b,hrc12,src01@display=no-training
hrc12,hrc17,3dee2c2a-d976-46be-90d7-07d0aa49c753,hrc12,src01@display=no-training
hrc12,hrc17,84a655db-ea7f-4628-a0ee-cfac0fa9c28e,hrc12,src01@display=no-training
hrc12,hrc12,fdb19be6-2ae6-4d67-88e5-7730eec07397,hrc17,src01@display=no-training
hrc12,hrc17,a6704ad0-84ef-4e86-8ac5-f592cc525f47,hrc12,src01@display=no-training
hrc12,hrc17,595d6b93-ba8e-4ddf-9a72-50bbd51fd899,hrc12,src01@display=no-training
hrc12,hrc17,0c7cd81d-925c-4743-a2d6-52c210ca2c4d,hrc12,src01@display=no-training
,hrc17,2a7ae114-b740-4a89-8ed5-1a599b046d0a,hrc12,src01@display=no-training
hrc12,hrc17,cb1a089e-69c8-47ac-abc5-fcd819bcb522,hrc12,src01@display=no-training
hrc12,hrc18,b67161f4-61f3-43a5-b97d-1f8094983f11,hrc12,src01@display=no-training
hrc12,hrc18,097501e3-7ae3-4027-b579-5bd87c1f76c0,hrc12,src01@display=no-training
hrc12,hrc12,58a49050-238b-432e-afa5-5ecb7c8183cb,hrc18,src01@display=no-training
hrc12,hrc12,9d509489-42a8-469c-8e72-777f35c39870,hrc18,src01@display=no-training
hrc12,hrc18,dd5b36e2-1bd9-4001-a709-c16dd679568a,hrc12,src01@display=no-training
hrc12,hrc12,e14946cd-907b-4bb4-a50f-16353833a3a1,hrc18,src01@display=no-training
hrc12,hrc18,11d4d942-e945-4204-be57-396f71f413a0,hrc12,src01@display=no-training
hrc12,hrc18,3990f74e-2af9-40f4-a1ab-1c71da94a744,hrc12,src01@display=no-training
hrc12,hrc12,7cb4c25c-98f3-4c33-a8ef-2f1c44f8dd8a,hrc18,src01@display=no-training
hrc12,hrc18,6188c003-558b-403c-a837-9aad0078345c,hrc12,src01@display=no-training
hrc20,hrc20,31e37061-1d48-4b7e-801d-b43f7c932cf2,hrc19,src02@display=no-training
hrc20,hrc19,bdcc1e7a-95a7-4f0a-89b9-ef03f0ed7261,hrc20,src02@display=no-training
hrc20,hrc20,b8f7524b-817c-41cc-8cf3-2f9e4053b9ac,hrc19,src02@display=no-training
hrc20,hrc19,4490560e-8581-4dfb-9579-fa5b7f095173,hrc20,src02@display=no-training
hrc20,hrc19,22dff3a5-9b27-475a-97c3-7edaf366b118,hrc20,src02@display=no-training
hrc20,hrc20,675ffd28-b178-4691-b838-a717d141848f,hrc19,src02@display=no-training
,hrc19,d78516ec-a6b0-43c0-a455-d7f06cd94f15,hrc20,src02@display=no-training
hrc19,hrc20,36cb46ba-2416-4e33-8134-040d59c29db7,hrc19,src02@display=no-training
hrc20,hrc20,52a8708f-7993-40c8-aea1-69ff552e2f01,hrc19,src02@display=no-training
hrc20,hrc19,4e7f36e0-2d5f-468a-920c-11bc1cdf8ff4,hrc20,src02@display=no-training
hrc19,hrc17,1fdc6dc3-b544-4d31-86e1-db0c7e9eeb71,hrc19,src02@display=no-training
,hrc19,0d3450b3-ca58-4972-9929-41fde9269c36,hrc17,src02@display=no-training
hrc19,hrc17,20f66b79-3f1d-4554-88c5-52523b9a4b27,hrc19,src02@display=no-training
hrc19,hrc17,79ed6f1d-b369-4100-a6fd-b0a81d46b110,hrc19,src02@display=no-training
hrc19,hrc19,7fa97596-ab87-40b3-8e98-d7cad94abbea,hrc17,src02@display=no-training
hrc19,hrc17,8c00d752-4fc3-4e7d-a8df-d7ca2c6a73a2,hrc19,src02@display=no-training
hrc19,hrc19,80d588f3-fa01-4c67-b619-ce44c84e9fcf,hrc17,src02@display=no-training
hrc19,hrc19,d693e8cd-acbe-470b-bf2b-5c6ff409dc71,hrc17,src02@display=no-training
hrc19,hrc19,a268d438-9f11-4978-8ad9-7ed49297521c,hrc17,src02@display=no-training
hrc19,hrc17,dd48a3e8-a67f-41e1-b59d-9ee155000e80,hrc19,src02@display=no-training
hrc21,hrc21,ed16384e-9a7f-4dd5-b966-585e924233fa,hrc20,src02@display=no-training
hrc21,hrc20,9614c9c1-60ce-4d80-9b93-e6ff552677ad,hrc21,src02@display=no-training
,hrc20,065f3d2b-259a-432d-8636-22c31cc31048,hrc21,src02@display=no-training
hrc21,hrc21,1c4a5a74-592e-4746-a113-78413df921cf,hrc20,src02@display=no-training
hrc21,hrc21,c5b0d22e-1cc5-4408-b4f7-e79652a808ee,hrc20,src02@display=no-training
,hrc21,7b899b16-b4b6-4694-9c62-eb0d83e287f0,hrc20,src02@display=no-training
hrc21,hrc21,ed39cdae-6f21-4391-af68-10ac22103779,hrc20,src02@display=no-training
hrc21,hrc20,382bd03d-ed65-4ddb-a6a5-6fc3acb136bd,hrc21,src02@display=no-training
hrc21,hrc21,04e42b86-466e-4ef7-9fc6-faf842d0b850,hrc20,src02@display=no-training
hrc21,hrc20,e0deec6c-51b7-4f93-86ca-4d5c22a4d76d,hrc21,src02@display=no-training
hrc18,hrc18,c77480f8-273f-4607-bb07-67cedb0529ca,hrc17,src02@display=no-training
hrc18,hrc17,b7122e85-e78f-4b6f-a0cb-c759ffed197c,hrc18,src02@display=no-training
hrc18,hrc17,4d17c7e4-60bc-4e77-a3b1-31516fc353b3,hrc18,src02@display=no-training
,hrc17,2be68ad6-657e-4ffe-b18b-9bca4e91fd1a,hrc18,src02@display=no-training
hrc18,hrc17,30342057-2a33-4929-ac24-d1c5f1106151,hrc18,src02@display=no-training
hrc18,hrc18,9b102348-ca8a-4c5b-8d7d-a1878bcb82d3,hrc17,src02@display=no-training
hrc17,hrc18,0493648c-4348-4a60-af6d-775313df1a69,hrc17,src02@display=no-training
hrc18,hrc18,798ea17c-f39f-4bc5-94bc-74a3062693f7,hrc17,src02@display=no-training
hrc18,hrc17,3a58be0e-af57-4db0-b60d-eb75d3e7c349,hrc18,src02@display=no-training
hrc18,hrc18,470de4d5-fd31-4124-92aa-e5d4b85b5782,hrc17,src02@display=no-training
hrc02,hrc10,54707083-dc19-4e62-8c91-f5df5e49ee2d,hrc02,src01@display=no-training
hrc02,hrc02,5bdaabb1-85bf-463f-b5bd-b6e0563b1309,hrc10,src01@display=no-training
hrc02,hrc02,741a8131-74dd-48ea-8966-115510bba4e5,hrc10,src01@display=no-training
hrc02,hrc10,4936c335-63ad-42c7-9910-e2b138439967,hrc02,src01@display=no-training
hrc02,hrc02,71504043-233f-4a03-871a-8774e4c83b95,hrc10,src01@display=no-training
hrc02,hrc10,75d3b625-b4cb-421e-8d02-6b64d24248ea,hrc02,src01@display=no-training
hrc02,hrc10,3613e7d6-5bdf-4926-bba2-7859e0b1f77b,hrc02,src01@display=no-training
hrc02,hrc02,f9cbea11-d50a-4473-8583-2756324ec9fa,hrc10,src01@display=no-training
hrc02,hrc02,5efbb928-3bec-4b6c-b8c5-41607eba8d77,hrc10,src01@display=no-training
hrc02,hrc10,5c617a43-9028-40e4-9b65-09380b3527c4,hrc02,src01@display=no-training
hrc09,hrc09,bc63bd48-5827-4995-891b-7fbc691fa6d1,hrc16,src02@display=no-training
hrc09,hrc09,1f017b44-d631-45b7-b0da-c6dfeca39a8c,hrc16,src02@display=no-training
hrc09,hrc16,a8778d33-16cc-44bf-9465-c8c2ea966646,hrc09,src02@display=no-training
hrc09,hrc16,7ccb0da3-b717-4245-9daa-e5860aaaaca6,hrc09,src02@display=no-training
hrc09,hrc09,e6f8bc6b-e67a-4141-9f44-5abe35c62046,hrc16,src02@display=no-training
hrc09,hrc09,64c2f134-2df0-40e2-854a-c2cafa0df023,hrc16,src02@display=no-training
hrc09,hrc16,31d876be-00c7-4aff-98d2-67a95f368125,hrc09,src02@display=no-training
hrc09,hrc09,70d291f3-ba18-41ee-b459-63c9e8e05b5e,hrc16,src02@display=no-training
hrc09,hrc16,003c7620-28fb-4ea6-91fa-1e262f492774,hrc09,src02@display=no-training
hrc09,hrc09,d0af8c35-bbb4-4ea1-a7bc-327a4b1da556,hrc16,src02@display=no-training
hrc04,hrc19,20e597b5-5ce5-45a7-9a38-d9ef3932f8e0,hrc04,src01@display=no-training
,hrc19,35dca9af-478f-4d4b-9b7e-5282ae66c558,hrc04,src01@display=no-training
,hrc04,43841f54-348c-4ab3-9c66-5c001c2e1e8a,hrc19,src01@display=no-training
,hrc19,0e786423-5320-4062-b1c3-029db412234e,hrc04,src01@display=no-training
hrc04,hrc19,74baf96c-84eb-4b58-8ed9-1bbe2c73d85a,hrc04,src01@display=no-training
hrc04,hrc19,1cd3c163-d5dd-44b8-9cf7-a107a3824ffa,hrc04,src01@display=no-training
hrc04,hrc19,77d5559f-b918-4334-9319-a6e7ed7df260,hrc04,src01@display=no-training
hrc04,hrc04,195c7b00-aa90-444e-b2f5-4a13f76dd102,hrc19,src01@display=no-training
hrc04,hrc04,315a0286-5f6d-4248-832d-03fd03fd9243,hrc19,src01@display=no-training
hrc04,hrc04,f469abc3-589d-4d1c-965e-33a7e258ed76,hrc19,src01@display=no-training
original,original,474c10a2-5941-4abe-8277-46ce02332ba7,chrc11,csrc12@display=no-training
,original,d17f9416-d50c-4520-a1c8-c8482f856518,chrc11,csrc12@display=no-training
original,original,9867dfa9-15e4-49b2-9516-13dcde4ab58d,chrc11,csrc12@display=no-training
,chrc11,e7297da4-8b5e-4b1f-9e73-3e1484bc53f0,original,csrc12@display=no-training
original,chrc11,fcb49f3d-24e4-48f4-b819-5a1d0dd9a3ab,original,csrc12@display=no-training
original,original,8046912e-7adc-42c4-af5e-639cb0e9d717,chrc11,csrc12@display=no-training
chrc11,chrc11,35dca9af-478f-4d4b-9b7e-5282ae66c558,original,csrc12@display=no-training
original,chrc11,3be288f6-8041-4043-b452-46e8a67d7014,original,csrc12@display=no-training
original,original,f33c2c13-eae4-419f-9589-dd92b5088180,chrc11,csrc12@display=no-training
original,original,24b6b941-c8a6-46ae-8975-47c98ad64ab2,chrc11,csrc12@display=no-training
hrc18,hrc10,b2f07ae4-3913-406a-b5a9-14721e18db1e,hrc18,src02@display=no-training
hrc10,hrc18,7f66d17f-e0f8-4000-938a-38fdb600fcc2,hrc10,src02@display=no-training
hrc18,hrc18,63f7f7f4-368f-486f-8fef-7458e62a7909,hrc10,src02@display=no-training
hrc18,hrc18,1ac2dd7c-2993-4a15-a53f-3af54deb2789,hrc10,src02@display=no-training
hrc18,hrc10,222b099d-9a10-42b8-886d-9a79c05de256,hrc18,src02@display=no-training
hrc18,hrc18,d7f3aecf-d290-43fd-9be3-4d98d3431ac1,hrc10,src02@display=no-training
hrc18,hrc18,133ad39e-5998-410a-b3de-f89eff90206c,hrc10,src02@display=no-training
hrc18,hrc18,5db97e29-51c6-4d87-9897-b63690e31c52,hrc10,src02@display=no-training
hrc18,hrc18,9a7623a5-6e59-4ac2-82aa-7d649f48d3f8,hrc10,src02@display=no-training
hrc10,hrc10,6167a62f-8c9a-478a-bf9c-8c81420948a8,hrc18,src02@display=no-training
hrc02,hrc02,bb8b1f5a-3ed7-40f4-8e3b-17cf31d1fd2b,hrc17,src01@display=no-training
hrc02,hrc17,e828d90a-90b1-4c9b-85b2-5eb87e19463f,hrc02,src01@display=no-training
hrc02,hrc17,b3ab6afb-5443-4339-b704-960084f98591,hrc02,src01@display=no-training
hrc02,hrc17,e107ed08-0b73-4c35-8f6b-f7cc4fa9ebd6,hrc02,src01@display=no-training
hrc02,hrc17,31139786-676b-4e53-9762-4f0e8cc93727,hrc02,src01@display=no-training
hrc02,hrc02,f286d2c9-0a31-42fd-af9d-f5d49f3d8482,hrc17,src01@display=no-training
hrc02,hrc17,2be68ad6-657e-4ffe-b18b-9bca4e91fd1a,hrc02,src01@display=no-training
hrc02,hrc02,55d3eb0b-85e9-424a-8a9b-61d092b40bd1,hrc17,src01@display=no-training
hrc02,hrc17,08f89d86-d913-4fe9-b96e-90342304c107,hrc02,src01@display=no-training
hrc02,hrc17,96c12748-598a-4c44-85ec-d5f3eafc8b88,hrc02,src01@display=no-training
hrc12,hrc13,6b891a74-b253-4dc5-b5fe-567e9aa20da9,hrc12,src02@display=no-training
hrc12,hrc13,211e49fa-fc80-47ae-a50a-15426f09fa31,hrc12,src02@display=no-training
hrc12,hrc12,9431de3e-ad59-46eb-b7d4-71d8c1a9b15a,hrc13,src02@display=no-training
hrc12,hrc13,0691e239-86d2-4f18-9569-54691f5edf2c,hrc12,src02@display=no-training
hrc12,hrc13,6f842774-fc05-48d4-a002-71b2aa489b59,hrc12,src02@display=no-training
hrc12,hrc12,75d3b625-b4cb-421e-8d02-6b64d24248ea,hrc13,src02@display=no-training
hrc12,hrc13,da0b33d7-d588-4595-b322-5d8c898978e4,hrc12,src02@display=no-training
hrc12,hrc12,2a7ae114-b740-4a89-8ed5-1a599b046d0a,hrc13,src02@display=no-training
hrc12,hrc12,a67d4d4f-72b8-4fa5-b507-179a49dbc862,hrc13,src02@display=no-training
hrc12,hrc12,f3898e02-ebd4-402b-90c3-9f2575211afc,hrc13,src02@display=no-training
hrc19,hrc18,6b891a74-b253-4dc5-b5fe-567e9aa20da9,hrc19,src01@display=no-training
hrc19,hrc18,211e49fa-fc80-47ae-a50a-15426f09fa31,hrc19,src01@display=no-training
hrc19,hrc19,94bd995b-79a8-4b12-9fbc-f1f9f63dfdbf,hrc18,src01@display=no-training
hrc19,hrc18,8d4a618f-7184-43bd-9513-10873098a873,hrc19,src01@display=no-training
hrc19,hrc18,630902ff-4e93-4002-a561-a300b5a42928,hrc19,src01@display=no-training
hrc19,hrc18,7dad68b5-2969-4d35-8426-a97f213bdaf4,hrc19,src01@display=no-training
hrc19,hrc19,86b0a474-8f1a-4b98-894e-c0ce21f94dce,hrc18,src01@display=no-training
hrc19,hrc19,abff7351-c218-40d5-8aa9-fc7b1a5d8429,hrc18,src01@display=no-training
hrc19,hrc19,9bf893fd-8e82-4b0e-bc2b-b001e5f912c4,hrc18,src01@display=no-training
hrc19,hrc19,4a2d56ff-0393-4f08-9121-e22c41b4c51f,hrc18,src01@display=no-training
hrc12,hrc12,8fc87c48-7bd5-4eef-9a74-49511a30296c,hrc04,src02@display=no-training
,hrc04,1a2abb6c-4336-478a-91fa-c99e4106a3cc,hrc12,src02@display=no-training
hrc04,hrc12,b189d345-e28a-4e58-9ed3-5e4acd21add1,hrc04,src02@display=no-training
,hrc04,da85add1-f1b2-4d6c-a92c-16edac52b42b,hrc12,src02@display=no-training
hrc04,hrc12,653d3a44-c7c2-4735-9899-3247fc68381e,hrc04,src02@display=no-training
hrc04,hrc12,5c7751e7-9750-4406-9966-89fd02b9c880,hrc04,src02@display=no-training
,hrc12,5018c844-da80-412a-8af7-3d05af5fdef8,hrc04,src02@display=no-training
hrc04,hrc12,58202c2c-6ed0-49f9-bd1c-0ee22c7dec66,hrc04,src02@display=no-training
hrc04,hrc04,a3d57e9a-630c-4320-8a26-435a9d86ed76,hrc12,src02@display=no-training
hrc04,hrc12,58728ea0-6590-46a3-a689-df5c9daab943,hrc04,src02@display=no-training
hrc07,hrc08,6b9a4e34-52b8-4521-aef8-113f03c2eed5,hrc07,src02@display=no-training
hrc07,hrc08,f2e8c7d8-a560-4d86-95c1-9a382b47082e,hrc07,src02@display=no-training
hrc07,hrc08,ce2acc22-6dc0-4d57-bf52-34e031ecb83c,hrc07,src02@display=no-training
hrc07,hrc08,9280e338-65c6-4436-b3ea-a9ea8eda154f,hrc07,src02@display=no-training
hrc07,hrc07,6138f355-0d67-4ba4-b05d-14e0b0d74414,hrc08,src02@display=no-training
hrc07,hrc08,f264924b-f4f0-43e6-8f91-b52f1d661da2,hrc07,src02@display=no-training
hrc07,hrc08,317542a8-f621-48a9-9b33-a2887072545f,hrc07,src02@display=no-training
hrc07,hrc07,e821abbf-0fb6-4ae2-ac63-ba7b31bec9fc,hrc08,src02@display=no-training
hrc07,hrc07,b80f00b9-eab1-4fc9-807a-f0f2300dd67c,hrc08,src02@display=no-training
hrc07,hrc08,88da8301-e4b8-4cae-a783-ce505f802cbd,hrc07,src02@display=no-training
hrc20,hrc20,192032f1-d829-4694-87f8-740a5b69b17c,hrc10,src02@display=no-training
hrc20,hrc10,b7265973-03c7-49cf-9175-acfed74ae1c7,hrc20,src02@display=no-training
hrc20,hrc10,9ee5a4b0-d417-41e3-9cf1-3729e16ad280,hrc20,src02@display=no-training
hrc20,hrc10,dce23d6c-d138-4d23-95e5-005aef8ba310,hrc20,src02@display=no-training
hrc20,hrc20,306ef9fb-b2aa-4eb0-b6b7-f160a0880759,hrc10,src02@display=no-training
hrc20,hrc20,62df5c8a-e08f-42bf-9636-a410c58e7b85,hrc10,src02@display=no-training
hrc20,hrc20,62c65a02-fe11-4b7d-8a9f-f81de50ebaa3,hrc10,src02@display=no-training
hrc20,hrc20,d4868a7d-8256-414b-84a9-825087f26e37,hrc10,src02@display=no-training
hrc20,hrc10,3a63b826-0eed-47df-b419-9d445cda5305,hrc20,src02@display=no-training
hrc20,hrc10,b23e36d2-c068-4aef-8659-04dc5a8f7fe0,hrc20,src02@display=no-training
hrc20,hrc16,c351a2a2-c54e-4c05-a690-2ef4b7fa7f7d,hrc20,src02@display=no-training
hrc20,hrc16,d99ad3ae-8b0c-4beb-8079-541552a06b3d,hrc20,src02@display=no-training
hrc20,hrc16,84e9c5d9-f0e9-4b75-a0b5-ab23597e13db,hrc20,src02@display=no-training
hrc20,hrc16,0c3224df-0ca1-473b-9ab7-3466eabb0233,hrc20,src02@display=no-training
hrc20,hrc16,68c0527c-5834-4f6e-9b86-785f8c121744,hrc20,src02@display=no-training
hrc20,hrc20,74baf96c-84eb-4b58-8ed9-1bbe2c73d85a,hrc16,src02@display=no-training
hrc20,hrc16,3f40ceea-2e6d-472c-81ea-76ff6c95e550,hrc20,src02@display=no-training
hrc20,hrc16,39d43d5b-46f8-414f-9020-3222318f84dc,hrc20,src02@display=no-training
hrc20,hrc16,dd499e6e-bc1b-4090-a03c-6f903502c697,hrc20,src02@display=no-training
hrc20,hrc20,5efbb928-3bec-4b6c-b8c5-41607eba8d77,hrc16,src02@display=no-training
chrc04,chrc04,943e61f6-dc70-42d1-ab00-bd193c341085,chrc08,csrc11@display=no-training
chrc08,chrc08,f532281c-30f2-4a67-916d-92f3230bdf18,chrc04,csrc11@display=no-training
chrc04,chrc04,46988bee-31b6-4324-8234-6c77582cea87,chrc08,csrc11@display=no-training
chrc04,chrc04,37d9329c-b27d-4e17-9128-3c5b2f9003e1,chrc08,csrc11@display=no-training
,chrc08,78e26595-e75f-4806-a6ed-26d6e8f35a1b,chrc04,csrc11@display=no-training
chrc04,chrc08,b9b99a88-ac1f-4fe7-a09c-438e278f3476,chrc04,csrc11@display=no-training
chrc04,chrc08,9baf0479-ee75-4c1d-a964-9c05587af8b1,chrc04,csrc11@display=no-training
chrc04,chrc08,f7a57a0e-fc33-4611-9435-fd7e359f7394,chrc04,csrc11@display=no-training
chrc08,chrc04,6eb5a5d1-481b-4555-aa32-c0790e9e2589,chrc08,csrc11@display=no-training
,chrc08,8d8628ca-83a4-40d2-b94c-08e90b8944e4,chrc04,csrc11@display=no-training
hrc04,hrc19,534e0a10-19b0-4438-8138-70759d080fbe,hrc04,src02@display=no-training
hrc04,hrc19,e8e5c81a-3625-4b91-8db0-69e7fc222356,hrc04,src02@display=no-training
hrc04,hrc04,e4bae4c3-c65c-4141-9322-84691c956ebc,hrc19,src02@display=no-training
hrc19,hrc04,24d9d790-2ae1-466a-b5d4-7d54cbb3d13f,hrc19,src02@display=no-training
hrc04,hrc19,37d9329c-b27d-4e17-9128-3c5b2f9003e1,hrc04,src02@display=no-training
hrc04,hrc19,b33b3126-3379-45c3-aee4-013638446db5,hrc04,src02@display=no-training
hrc04,hrc04,0c75c2cb-4183-4187-8e95-1ddec654b46f,hrc19,src02@display=no-training
hrc04,hrc04,66bbfe16-e8a0-4b41-bbb9-8d4184c0f119,hrc19,src02@display=no-training
hrc04,hrc04,ddffe468-0319-485b-a9f2-2d7cb355367d,hrc19,src02@display=no-training
hrc04,hrc04,c6346704-bff8-407a-af84-b379478d3cd2,hrc19,src02@display=no-training
hrc12,hrc12,53740b0e-a70b-4465-b745-472a3a1afd99,hrc16,src01@display=no-training
hrc12,hrc16,3d0bf3f3-3243-42a4-9bc4-85c569e83dff,hrc12,src01@display=no-training
hrc12,hrc12,04e95b2d-3ea9-40f2-b0b2-68e0877d4e5d,hrc16,src01@display=no-training
hrc12,hrc12,333d401b-efa1-4532-857c-dc442646d7e1,hrc16,src01@display=no-training
hrc12,hrc16,bd9239e9-b8b4-43eb-a5a6-1abbf7090483,hrc12,src01@display=no-training
hrc12,hrc12,534e0a10-19b0-4438-8138-70759d080fbe,hrc16,src01@display=no-training
hrc12,hrc16,27b30671-4eca-4ec3-9e08-9417482203c9,hrc12,src01@display=no-training
hrc12,hrc12,0dc3edab-68ec-4a80-883a-2fd140574ca4,hrc16,src01@display=no-training
hrc12,hrc16,3768d6e7-7966-4982-9ab8-ae2660e156e7,hrc12,src01@display=no-training
hrc12,hrc12,84e9c5d9-f0e9-4b75-a0b5-ab23597e13db,hrc16,src01@display=no-training
original,original,27b30671-4eca-4ec3-9e08-9417482203c9,chrc05,csrc14@display=no-training
chrc05,chrc05,99f86dbc-c997-48dd-a808-f815dab7c068,original,csrc14@display=no-training
original,chrc05,b591d7b2-ac40-4444-b6c7-d86eb5d52ea7,original,csrc14@display=no-training
original,chrc05,6e3e236c-b948-4a41-8b52-feb486da487b,original,csrc14@display=no-training
original,original,2ae6675c-c739-44f0-860a-11311acb04f1,chrc05,csrc14@display=no-training
,original,68d1f2b5-3293-45a5-b42e-e9c3da1c116f,chrc05,csrc14@display=no-training
original,original,bd7b1f78-9c0e-4064-9134-e2e03080215b,chrc05,csrc14@display=no-training
original,original,b5be2bf1-6a7d-4c5c-97a6-70da4d407bf6,chrc05,csrc14@display=no-training
original,chrc05,003c7620-28fb-4ea6-91fa-1e262f492774,original,csrc14@display=no-training
,chrc05,53ddf5cc-1602-4d03-9883-5332482a5feb,original,csrc14@display=no-training
hrc19,hrc16,c3a2f596-b8f4-49f0-a9b5-c2f77d98ee55,hrc19,src01@display=no-training
hrc19,hrc16,3744ff82-c0b1-4437-ac1a-c854a86ac26a,hrc19,src01@display=no-training
hrc19,hrc19,9c1c0670-84be-45e4-8b42-6435e7d64c55,hrc16,src01@display=no-training
hrc19,hrc19,566fb7d8-e6ca-43c7-ae5a-48aca6a507a4,hrc16,src01@display=no-training
hrc19,hrc16,d68fccce-10d0-4170-8046-4903861db29b,hrc19,src01@display=no-training
hrc19,hrc16,7f3041e3-410f-4d6c-bbe7-88fa3f554f22,hrc19,src01@display=no-training
hrc19,hrc16,f4884865-8ee6-4c6d-87e0-7b69ee065577,hrc19,src01@display=no-training
hrc19,hrc19,bf5f4b87-d05a-440d-9431-6620c1795e60,hrc16,src01@display=no-training
hrc19,hrc19,d99ad3ae-8b0c-4beb-8079-541552a06b3d,hrc16,src01@display=no-training
hrc19,hrc19,4a6a6f68-c5c9-4bbd-8a01-006271fff551,hrc16,src01@display=no-training
chrc05,chrc05,566fb7d8-e6ca-43c7-ae5a-48aca6a507a4,chrc04,csrc14@display=no-training
chrc05,chrc05,4936c335-63ad-42c7-9910-e2b138439967,chrc04,csrc14@display=no-training
,chrc05,7adc7c75-a19e-4472-a3e8-16b402b25ad1,chrc04,csrc14@display=no-training
chrc05,chrc05,af5e8105-39b8-4b2a-9e17-9b0216a6820c,chrc04,csrc14@display=no-training
chrc04,chrc05,38d87ed8-3766-4fd4-bf18-746702872360,chrc04,csrc14@display=no-training
chrc05,chrc05,77d5559f-b918-4334-9319-a6e7ed7df260,chrc04,csrc14@display=no-training
chrc05,chrc05,739e1d34-ccab-4d66-b5cb-3271ed097ccd,chrc04,csrc14@display=no-training
chrc05,chrc05,fc432dc9-f132-47ef-88ba-dfa8091b09a7,chrc04,csrc14@display=no-training
chrc05,chrc04,96c12748-598a-4c44-85ec-d5f3eafc8b88,chrc05,csrc14@display=no-training
chrc05,chrc04,3bd6b8a9-b6b4-451c-9278-ee9a14dafa7f,chrc05,csrc14@display=no-training
hrc13,hrc13,b4f11a5a-15eb-4899-9de8-5e5e981ce37f,hrc10,src02@display=no-training
hrc13,hrc13,523b838f-5f2e-4f19-b9df-d9969424c697,hrc10,src02@display=no-training
,hrc13,3d70e856-3ab7-4076-ad82-0936b0fdf3c7,hrc10,src02@display=no-training
hrc10,hrc10,79fb1864-fb13-4926-a967-5398013e9d21,hrc13,src02@display=no-training
hrc13,hrc13,085d2fd6-2fec-4af4-a870-d2963b430267,hrc10,src02@display=no-training
,hrc10,8faf10ee-8a92-42c5-8fbf-d7d96cf705cc,hrc13,src02@display=no-training
hrc10,hrc13,ac1c5396-5489-4c1c-840b-77df5a401eab,hrc10,src02@display=no-training
hrc13,hrc10,2815e5fa-b68b-48d8-accb-0c3f76be3c48,hrc13,src02@display=no-training
hrc10,hrc10,49d9d4cb-b8a1-4d99-ba2a-7e1346fc0627,hrc13,src02@display=no-training
,hrc10,3de8634b-9153-4c5a-8a93-5d6012373bd6,hrc13,src02@display=no-training
chrc09,chrc09,0dc3edab-68ec-4a80-883a-2fd140574ca4,chrc06,csrc14@display=no-training
chrc09,chrc09,285e6ce4-b740-4a6e-9a62-d17f2e36da56,chrc06,csrc14@display=no-training
chrc09,chrc09,331844da-5e41-403c-a653-e3e9df4bd77e,chrc06,csrc14@display=no-training
chrc09,chrc09,df5575f6-7028-4152-850d-bfdbd7ff0569,chrc06,csrc14@display=no-training
chrc09,chrc06,a2feff48-6bd4-4bd1-9ccf-fc969c920cdf,chrc09,csrc14@display=no-training
chrc09,chrc09,f526611a-a42a-4f2f-89d5-cc9e7efac493,chrc06,csrc14@display=no-training
chrc09,chrc09,e394df73-758e-4644-8b8b-a189f9d65c6d,chrc06,csrc14@display=no-training
chrc09,chrc06,d693e8cd-acbe-470b-bf2b-5c6ff409dc71,chrc09,csrc14@display=no-training
chrc09,chrc09,89c91ff0-a1a3-4604-95f9-2196ba8054bf,chrc06,csrc14@display=no-training
chrc09,chrc09,f0f94ac1-9151-4b66-acb1-542e28570e3e,chrc06,csrc14@display=no-training
hrc08,hrc05,04813965-9b3c-43c9-9a9d-5a6941afef3d,hrc08,src02@display=no-training
,hrc08,12b434bf-907d-4561-8fc9-35ceaabb08ec,hrc05,src02@display=no-training
hrc08,hrc05,aa235a56-2c9d-4248-b414-4fb6bb6ad697,hrc08,src02@display=no-training
hrc08,hrc08,2fef66bc-f9ba-4659-8710-5c4e882e66d2,hrc05,src02@display=no-training
,hrc05,72c660f3-a268-4edb-9599-b17c96af9ec7,hrc08,src02@display=no-training
hrc05,hrc05,d8fe4329-c33c-4514-855a-4c687ff9f01f,hrc08,src02@display=no-training
,hrc08,464f84c4-5e60-4e85-94a9-c39e2530addd,hrc05,src02@display=no-training
,hrc08,ebbf9667-0a89-4ecf-ad92-4b6fd6d9112c,hrc05,src02@display=no-training
hrc05,hrc05,f0a76645-e0ea-4afb-a6f5-ea3bf3c94671,hrc08,src02@display=no-training
hrc08,hrc08,cbc3521e-1314-4a2d-8cba-7c6f5c572bf6,hrc05,src02@display=no-training
hrc19,hrc10,e544d1dd-c998-44a6-83a8-086b969ce1de,hrc19,src02@display=no-training
hrc19,hrc10,6a85a985-7d96-4ecd-86ba-685728a82dd0,hrc19,src02@display=no-training
hrc19,hrc19,4768c225-fe63-46e5-981e-e1034d688ad2,hrc10,src02@display=no-training
hrc19,hrc19,3b8076ab-07ed-47d6-83b5-dcda486a3b18,hrc10,src02@display=no-training
hrc10,hrc10,c3a2f596-b8f4-49f0-a9b5-c2f77d98ee55,hrc19,src02@display=no-training
hrc19,hrc10,84592273-be4b-4c0c-9569-ce4a9d8c0128,hrc19,src02@display=no-training
hrc10,hrc19,fa5bdffd-c51b-4e05-9f17-e622852412d1,hrc10,src02@display=no-training
hrc19,hrc10,47c5b9b0-9b12-4925-af04-7e9d48ac8e4d,hrc19,src02@display=no-training
hrc19,hrc10,af6668ca-3a6d-4746-88a7-4c28b88de39c,hrc19,src02@display=no-training
hrc19,hrc19,12d98a34-47f5-4779-b4d0-c7e35539b9cb,hrc10,src02@display=no-training
hrc12,hrc10,a5bfd6b9-ec5f-49d7-aad5-4f7a6c1bef00,hrc12,src01@display=no-training
hrc12,hrc12,21efd454-9af3-483d-91e5-6cf0ae03c848,hrc10,src01@display=no-training
hrc12,hrc12,4bc0f60a-d132-4900-ad4c-38f780439f03,hrc10,src01@display=no-training
hrc12,hrc10,6a85a985-7d96-4ecd-86ba-685728a82dd0,hrc12,src01@display=no-training
hrc12,hrc12,e8b75641-dc07-4974-9c94-cd85ade313d5,hrc10,src01@display=no-training
hrc12,hrc12,93596366-ce37-42f6-b977-85e17c6b6323,hrc10,src01@display=no-training
hrc12,hrc10,777aa73c-e876-4af7-a998-55b2db8bf245,hrc12,src01@display=no-training
hrc12,hrc10,1bfc7116-b8cd-4ff0-b2ad-97cacfe7de37,hrc12,src01@display=no-training
hrc12,hrc12,f56c1990-5b48-4e2a-8ed9-84e0a4db16d1,hrc10,src01@display=no-training
hrc12,hrc12,7c337f37-80f0-4f07-8559-841a5456e201,hrc10,src01@display=no-training
chrc09,chrc01,87e94e45-9c62-4b17-8f94-a1cb0efa9b1d,chrc09,csrc14@display=no-training
chrc09,chrc01,e1c3c1f9-f59c-4c62-8fa3-8f19be438b85,chrc09,csrc14@display=no-training
chrc09,chrc09,5198b894-1131-4041-bcc1-62488fda0604,chrc01,csrc14@display=no-training
chrc09,chrc01,98ce71da-42b5-40dc-ba86-68f8b2f86e1f,chrc09,csrc14@display=no-training
chrc09,chrc01,00fb48d3-939f-4d8f-a974-6c0799e28570,chrc09,csrc14@display=no-training
chrc09,chrc01,9d5a019b-71bd-4af6-b124-a219b08b293a,chrc09,csrc14@display=no-training
chrc09,chrc09,65972744-31a9-4472-9908-5536a8a7122e,chrc01,csrc14@display=no-training
chrc09,chrc01,d06c5043-187d-45b6-a654-ec690918445f,chrc09,csrc14@display=no-training
chrc09,chrc01,a380631e-2ff4-4ec4-882d-f1b84cf9cdc9,chrc09,csrc14@display=no-training
chrc09,chrc09,d360835c-e531-45d7-880a-45390ee03e29,chrc01,csrc14@display=no-training
hrc04,hrc04,e544d1dd-c998-44a6-83a8-086b969ce1de,hrc02,src01@display=no-training
hrc04,hrc02,9baf0479-ee75-4c1d-a964-9c05587af8b1,hrc04,src01@display=no-training
hrc04,hrc02,353bad22-15fb-4dc6-8eed-7dd83f1c5ae6,hrc04,src01@display=no-training
,hrc04,2d6d9756-d2b6-4bea-b4e1-94b41721de02,hrc02,src01@display=no-training
hrc04,hrc04,d080f3ec-e040-41e2-8e4c-6ff37f951cc8,hrc02,src01@display=no-training
,hrc02,341de2f3-ef53-46f2-bb65-e3d0c0757b76,hrc04,src01@display=no-training
,hrc02,464f84c4-5e60-4e85-94a9-c39e2530addd,hrc04,src01@display=no-training
hrc04,hrc04,379a33e7-1e63-40fb-b4f7-7424e192a99f,hrc02,src01@display=no-training
hrc04,hrc02,96156214-ba1f-44ad-b911-4cd9c3e80a16,hrc04,src01@display=no-training
,hrc02,90799355-438b-4212-8fff-ee5297cbd8db,hrc04,src01@display=no-training
hrc12,hrc12,4b2bb8bc-bbe6-432b-bd1f-da59f6ae9222,hrc09,src02@display=no-training
,hrc09,13d8e79f-b78d-4090-b59a-b516d546b349,hrc12,src02@display=no-training
hrc09,hrc09,ae3ac7e2-b402-4c44-8dc5-8efdde5bb599,hrc12,src02@display=no-training
hrc12,hrc12,542711ab-bcb8-424f-92d3-27b288d47359,hrc09,src02@display=no-training
hrc09,hrc12,ead7b5fc-d725-4729-9c61-81707a1d6090,hrc09,src02@display=no-training
hrc12,hrc09,5386aada-2e84-4b87-920b-147898ce357b,hrc12,src02@display=no-training
hrc09,hrc09,1b351bd1-c7e8-4893-b9e4-2df5e96440bc,hrc12,src02@display=no-training
,hrc12,f4f2f8e0-a564-424a-91ca-74d1accfde15,hrc09,src02@display=no-training
hrc12,hrc12,232fe1a0-97fb-4560-816a-d80445fda792,hrc09,src02@display=no-training
hrc09,hrc12,e0797398-ff1b-4cd6-9229-a59d2a290e80,hrc09,src02@display=no-training
hrc20,hrc20,63fa730e-878e-451e-9b62-555a1567818a,hrc13,src02@display=no-training
hrc20,hrc13,c4be62d3-fa6f-4723-a727-5c0950b7f27f,hrc20,src02@display=no-training
hrc20,hrc13,d774ed68-3d63-4ddc-9c2b-17f926e01537,hrc20,src02@display=no-training
hrc20,hrc13,379a33e7-1e63-40fb-b4f7-7424e192a99f,hrc20,src02@display=no-training
hrc20,hrc20,3f1c16f9-0d28-48e7-a3c4-0941df878231,hrc13,src02@display=no-training
hrc20,hrc20,50a38519-8060-4b35-97ac-c4b565cbe444,hrc13,src02@display=no-training
hrc20,hrc13,aa2497f2-d324-449a-a3ea-ec31d2180c93,hrc20,src02@display=no-training
hrc20,hrc13,94aed9f0-a26e-435d-9499-0a57d0d09c0e,hrc20,src02@display=no-training
hrc20,hrc13,2373027a-04a9-4d76-b084-f53e20ed3cf4,hrc20,src02@display=no-training
hrc20,hrc20,3613e7d6-5bdf-4926-bba2-7859e0b1f77b,hrc13,src02@display=no-training
original,chrc06,7c5e9f10-6dd5-4939-833b-7b5680686212,original,csrc14@display=no-training
original,chrc06,e58844a6-5ea7-4ff9-84af-63ca198af1e2,original,csrc14@display=no-training
original,original,3346d8dd-79a1-4cc2-96f1-d21cc148070a,chrc06,csrc14@display=no-training
original,chrc06,8016f341-9a26-4b5e-bc01-b857242d960b,original,csrc14@display=no-training
original,original,bb6d0d2d-b94a-492f-94a9-f55ed5467e0e,chrc06,csrc14@display=no-training
original,original,82a2a32f-6ef7-40ab-a7a3-0abcb70eed2a,chrc06,csrc14@display=no-training
original,chrc06,88ad40fc-1622-47b5-9086-b7b7f2c69c4e,original,csrc14@display=no-training
original,original,a9e2bea1-eb02-4a50-8ab1-77f60cb569ff,chrc06,csrc14@display=no-training
original,original,d9c97855-ed84-4f1f-8ccf-f42d5c6853e6,chrc06,csrc14@display=no-training
original,original,ffcb775b-526f-4e28-8b0a-a53af6cae4fc,chrc06,csrc14@display=no-training
chrc08,chrc01,2f199ff5-e6d7-4e86-b684-1c3b552baa9b,chrc08,csrc11@display=no-training
chrc08,chrc01,3cdea77c-18d6-4285-8822-0547ebab6d19,chrc08,csrc11@display=no-training
chrc08,chrc01,62befdf4-5641-483b-97cc-14024b210d8b,chrc08,csrc11@display=no-training
chrc08,chrc01,c199f722-c139-4861-9744-4560a943312a,chrc08,csrc11@display=no-training
chrc08,chrc08,7341608e-8a94-48aa-9aac-53d556ee0c5b,chrc01,csrc11@display=no-training
chrc08,chrc01,fe88ec31-e062-4ec6-a7c6-455dc015a155,chrc08,csrc11@display=no-training
chrc08,chrc01,15db2e4a-2144-4d8c-a36f-2997208a1f4f,chrc08,csrc11@display=no-training
chrc08,chrc08,513c4fa3-6b47-439f-8b41-c8bc61b20ba8,chrc01,csrc11@display=no-training
chrc08,chrc01,e1a81f7d-52d5-42f1-a2d0-3c29476b9636,chrc08,csrc11@display=no-training
chrc08,chrc08,3f1c16f9-0d28-48e7-a3c4-0941df878231,chrc01,csrc11@display=no-training
hrc16,hrc13,8fb40cfe-fe7b-4b76-ae1e-8415ab06a086,hrc16,src02@display=no-training
hrc16,hrc16,74d70012-3006-4be8-92f9-a6511f1400f5,hrc13,src02@display=no-training
hrc13,hrc13,299729cd-be73-45ed-a747-d83ab1327861,hrc16,src02@display=no-training
hrc16,hrc16,a07f105d-b327-4e67-a324-e213ab12c547,hrc13,src02@display=no-training
hrc13,hrc16,0a613023-d4c7-4410-b039-c972f3cf3e04,hrc13,src02@display=no-training
hrc16,hrc16,a410f9ea-0698-429b-a5d2-9f44282f6d4b,hrc13,src02@display=no-training
hrc16,hrc16,d127198b-74be-4c79-9d44-24120e804d7c,hrc13,src02@display=no-training
hrc13,hrc13,48b0ecc7-6a07-4117-a6a2-e7e762ff7646,hrc16,src02@display=no-training
hrc16,hrc13,1f64c3be-6d62-4593-ba38-ec5d4b9eb8e1,hrc16,src02@display=no-training
hrc13,hrc13,a1c9f1fa-39f5-4736-862d-35205a62f9dc,hrc16,src02@display=no-training
hrc07,hrc02,1b59b26a-5969-49dc-b678-1d6a91bdfa3d,hrc07,src02@display=no-training
hrc02,hrc02,3dee2c2a-d976-46be-90d7-07d0aa49c753,hrc07,src02@display=no-training
hrc02,hrc02,720fae40-2e83-4d33-9334-c274db0a60a2,hrc07,src02@display=no-training
hrc07,hrc07,86d83e24-39aa-4eeb-bc01-1126751d5d70,hrc02,src02@display=no-training
,hrc07,d93492c2-f0b1-484d-9d63-b66f217afdea,hrc02,src02@display=no-training
hrc02,hrc07,890b0e6e-f299-462d-aeeb-b186f01f6f70,hrc02,src02@display=no-training
hrc02,hrc07,37bcaa2e-6ab9-4674-8dc6-00622721be83,hrc02,src02@display=no-training
hrc07,hrc02,99d9d038-42e4-4055-a1db-51c247b52d8c,hrc07,src02@display=no-training
,hrc07,fc432dc9-f132-47ef-88ba-dfa8091b09a7,hrc02,src02@display=no-training
,hrc02,4430b16c-a339-4f7d-bfc4-59c4c73b0b30,hrc07,src02@display=no-training
hrc19,hrc19,c4b4c465-69fa-4440-8297-38bbd5b0b5d4,hrc17,src01@display=no-training
hrc19,hrc19,a79372d9-f532-4d0a-9819-25b31a6f5090,hrc17,src01@display=no-training
hrc19,hrc19,1d5750bc-8caa-403b-b8cb-7843720e4e19,hrc17,src01@display=no-training
hrc19,hrc17,495902a1-5f30-4da7-9e15-e95a6286afc8,hrc19,src01@display=no-training
hrc19,hrc17,1b59b26a-5969-49dc-b678-1d6a91bdfa3d,hrc19,src01@display=no-training
hrc19,hrc19,2a501377-6471-4b25-8716-04c3807bc81d,hrc17,src01@display=no-training
hrc19,hrc19,77ffe866-607d-40f5-97ad-5a9629b1c95b,hrc17,src01@display=no-training
hrc19,hrc19,f532281c-30f2-4a67-916d-92f3230bdf18,hrc17,src01@display=no-training
hrc19,hrc19,c3da5709-2e8a-49da-99c5-900fa16448d3,hrc17,src01@display=no-training
hrc19,hrc19,82a2a32f-6ef7-40ab-a7a3-0abcb70eed2a,hrc17,src01@display=no-training
,chrc01,6422b30c-4004-46d9-99b3-57b3d473d60d,chrc08,csrc13@display=no-training
chrc08,chrc08,e94d62b4-1674-49d2-9d93-d83fdf7fc0a9,chrc01,csrc13@display=no-training
chrc08,chrc08,37bcaa2e-6ab9-4674-8dc6-00622721be83,chrc01,csrc13@display=no-training
chrc08,chrc08,2c95ff4f-49cb-486d-808e-f6b8faed6fd5,chrc01,csrc13@display=no-training
chrc08,chrc08,c01f1046-c717-4ff9-8dad-7421859fc613,chrc01,csrc13@display=no-training
chrc08,chrc08,4ad0d76a-ac19-475d-97db-ffe0fd66930b,chrc01,csrc13@display=no-training
chrc08,chrc01,306ef9fb-b2aa-4eb0-b6b7-f160a0880759,chrc08,csrc13@display=no-training
chrc08,chrc08,a79372d9-f532-4d0a-9819-25b31a6f5090,chrc01,csrc13@display=no-training
chrc08,chrc08,3f40ceea-2e6d-472c-81ea-76ff6c95e550,chrc01,csrc13@display=no-training
chrc08,chrc01,33baf34b-a2c0-4a23-9b3e-9d8242619fd3,chrc08,csrc13@display=no-training
chrc04,chrc06,003d62a2-e400-4a0d-8dc3-7805faeb9a7b,chrc04,csrc14@display=no-training
chrc04,chrc06,12d98a34-47f5-4779-b4d0-c7e35539b9cb,chrc04,csrc14@display=no-training
chrc04,chrc04,596a4e13-7796-4561-90a1-76039346e88a,chrc06,csrc14@display=no-training
chrc04,chrc06,3ad72fd4-4689-4163-a828-dd1744964c11,chrc04,csrc14@display=no-training
chrc04,chrc04,41f2b15c-dbe4-473b-af00-28c8751e329e,chrc06,csrc14@display=no-training
chrc04,chrc04,6d152256-d10c-48b1-98bf-22a27348c2f5,chrc06,csrc14@display=no-training
chrc04,chrc04,a693e218-d9cd-4ff6-99ba-627b53ca937e,chrc06,csrc14@display=no-training
chrc04,chrc06,e3f0a209-352a-4445-aea0-2de5126ac546,chrc04,csrc14@display=no-training
chrc04,chrc04,a6da5121-b372-4161-b0dc-f2fa121c82d8,chrc06,csrc14@display=no-training
chrc04,chrc04,501d69cf-99ba-43bd-b46b-c32a45b0bec0,chrc06,csrc14@display=no-training
original,original,e107ed08-0b73-4c35-8f6b-f7cc4fa9ebd6,chrc04,csrc11@display=no-training
original,original,0fefac0c-a2e6-487f-ad69-a8c37b4efa0a,chrc04,csrc11@display=no-training
original,original,84531b99-869c-4f3e-ae80-dac3f956997a,chrc04,csrc11@display=no-training
original,chrc04,a743ec39-7c4a-4a5e-af3d-ef34d1f878ef,original,csrc11@display=no-training
original,chrc04,c8fcb579-4361-48f4-ad8c-190c038f943f,original,csrc11@display=no-training
original,chrc04,cc795331-2401-4a12-b0ee-fa79b36fff76,original,csrc11@display=no-training
original,chrc04,6aa8af2c-3dd4-497b-a3fe-7c0f81f96f4a,original,csrc11@display=no-training
original,chrc04,c06fa6f7-ddd2-43d1-96e0-1284e8008c14,original,csrc11@display=no-training
chrc04,chrc04,cd53e6fd-1592-4582-a526-ce3b91a4ea71,original,csrc11@display=no-training
chrc04,original,6f7e0309-3095-4c2a-a58e-11232cacc3bd,chrc04,csrc11@display=no-training
chrc05,chrc01,a83953f0-5996-451a-9eaa-44ee8adcc8e8,chrc05,csrc13@display=no-training
chrc05,chrc05,20110c53-5600-4f67-a39a-6d0375743519,chrc01,csrc13@display=no-training
chrc05,chrc01,7e54f228-a645-4144-a294-2ee406582705,chrc05,csrc13@display=no-training
chrc05,chrc05,58202c2c-6ed0-49f9-bd1c-0ee22c7dec66,chrc01,csrc13@display=no-training
chrc05,chrc05,f526611a-a42a-4f2f-89d5-cc9e7efac493,chrc01,csrc13@display=no-training
chrc05,chrc05,8f9afef3-5f14-4236-b677-b43876808ec6,chrc01,csrc13@display=no-training
chrc05,chrc05,42299818-23d6-4c44-822c-dcdd91f26d60,chrc01,csrc13@display=no-training
chrc05,chrc05,25b75a3c-786b-44b3-b448-9883ab9d0990,chrc01,csrc13@display=no-training
chrc05,chrc01,2d6e96ab-1cc9-4a46-8bba-341f2f33237d,chrc05,csrc13@display=no-training
chrc05,chrc05,130f97dd-bd25-4da8-ac72-85c683f293af,chrc01,csrc13@display=no-training
chrc12,chrc01,e739fe65-9837-4a8e-8058-6a0063fca411,chrc12,csrc11@display=no-training
chrc12,chrc12,a50b1738-5516-46bd-a585-fa878da470e2,chrc01,csrc11@display=no-training
chrc12,chrc01,d403c7b5-a23c-4583-90c0-5ed27e20b8f4,chrc12,csrc11@display=no-training
chrc12,chrc01,16145d50-23f3-421b-8b7c-1f8e6a45b00e,chrc12,csrc11@display=no-training
chrc12,chrc01,d17f9416-d50c-4520-a1c8-c8482f856518,chrc12,csrc11@display=no-training
chrc12,chrc12,3ed94fd1-c049-45fd-ad73-4b5fb83c209d,chrc01,csrc11@display=no-training
chrc12,chrc12,80d588f3-fa01-4c67-b619-ce44c84e9fcf,chrc01,csrc11@display=no-training
chrc12,chrc01,5d3dc6a3-01dc-43b0-8cff-bfbde0c40871,chrc12,csrc11@display=no-training
chrc12,chrc01,aeb6aa3e-8394-4b15-b8ed-a897b8f04db9,chrc12,csrc11@display=no-training
chrc12,chrc01,551db687-32a7-4c5c-ad62-3702df23d258,chrc12,csrc11@display=no-training
hrc20,hrc20,50f1cc6f-21de-44c4-8056-cfee37a49d31,hrc19,src01@display=no-training
hrc20,hrc19,84531b99-869c-4f3e-ae80-dac3f956997a,hrc20,src01@display=no-training
hrc20,hrc20,e6117117-5dce-465d-9049-31c50c6c61b0,hrc19,src01@display=no-training
hrc20,hrc20,ec3147b5-c360-4dab-968a-ae71fecd3e29,hrc19,src01@display=no-training
hrc20,hrc19,e8e1430a-3a2a-4c67-80e7-310c0cb6a8b9,hrc20,src01@display=no-training
hrc19,hrc20,7b386b95-ce0d-4fce-a835-59be5bcfc864,hrc19,src01@display=no-training
hrc19,hrc20,86df2c31-3d5e-4c20-8931-c3ef97cc34cd,hrc19,src01@display=no-training
hrc20,hrc19,66b92e37-0b75-4aba-990d-ca47cf686540,hrc20,src01@display=no-training
hrc19,hrc20,42f73238-b3a1-4fb4-b12c-ebfe89f8bb5f,hrc19,src01@display=no-training
hrc20,hrc19,91f25404-e83b-4cbb-b329-8cc995812dd1,hrc20,src01@display=no-training
chrc07,chrc10,a89ffe10-715d-49e0-9bd3-fc0664ef817e,chrc07,csrc12@display=no-training
chrc07,chrc10,232fe1a0-97fb-4560-816a-d80445fda792,chrc07,csrc12@display=no-training
chrc07,chrc10,13318ebb-5875-4ff4-9460-a1cb3c93434a,chrc07,csrc12@display=no-training
chrc07,chrc10,76e7a6ec-c031-4a31-a249-f205679c4482,chrc07,csrc12@display=no-training
chrc07,chrc07,de673751-ad54-476d-9e45-5e82a3cea63d,chrc10,csrc12@display=no-training
chrc07,chrc10,fa36cb57-e118-4fa0-b207-5cb949f290dd,chrc07,csrc12@display=no-training
chrc07,chrc10,1bfb2f4b-8c15-4e96-807b-51afd54edd7b,chrc07,csrc12@display=no-training
chrc07,chrc10,eaa5315e-7904-41da-ad17-313ff2625ef5,chrc07,csrc12@display=no-training
chrc07,chrc10,ccdcf626-e732-4c39-ade0-7e667a11b9de,chrc07,csrc12@display=no-training
chrc10,chrc10,1d214d6a-4f35-4b88-9fc8-42416a834b24,chrc07,csrc12@display=no-training
chrc11,chrc08,781e5bd3-5a30-4643-8e93-d43670ab3790,chrc11,csrc13@display=no-training
chrc11,chrc08,c0a4b3b4-26a8-4223-9d56-496a44fa7b3f,chrc11,csrc13@display=no-training
chrc11,chrc11,c2db09e2-43d0-490d-a6c8-e264533673bf,chrc08,csrc13@display=no-training
chrc11,chrc11,d9c97855-ed84-4f1f-8ccf-f42d5c6853e6,chrc08,csrc13@display=no-training
chrc11,chrc08,5db70634-a94d-4ef3-9da9-6f716223cb35,chrc11,csrc13@display=no-training
chrc11,chrc11,b104dbe8-fec3-4032-b006-cece9ca6183f,chrc08,csrc13@display=no-training
chrc11,chrc08,56dca4c8-e374-4954-ad6b-2e964a5df796,chrc11,csrc13@display=no-training
chrc11,chrc11,a289f0fe-8e3d-48c8-b3d3-d09b6d17b9f8,chrc08,csrc13@display=no-training
chrc11,chrc08,01e8d7b6-3386-43b3-a8e3-f1af4d392224,chrc11,csrc13@display=no-training
chrc11,chrc11,fd313eca-0eb1-4b39-bd08-b5329f2c5e61,chrc08,csrc13@display=no-training
original,original,b1ea6be7-fe29-4b9e-a8ba-e07c4943aac7,chrc08,csrc13@display=no-training
original,original,fb95302d-dad1-44cc-9cbd-cfbbd08c9051,chrc08,csrc13@display=no-training
original,original,36f2fc24-f43a-4904-b65f-f81f2d37dab2,chrc08,csrc13@display=no-training
original,chrc08,86df2c31-3d5e-4c20-8931-c3ef97cc34cd,original,csrc13@display=no-training
original,original,45c610dd-b351-487a-9dd4-b1d71de31f2c,chrc08,csrc13@display=no-training
original,original,9a5132b2-76b8-4072-aa1e-a8ad2272768b,chrc08,csrc13@display=no-training
original,chrc08,1cb35fd5-7c42-46a8-9139-15882c5bf85c,original,csrc13@display=no-training
original,chrc08,1a45a8b4-7135-4768-a5c5-238e37fb98df,original,csrc13@display=no-training
original,original,9f00faa6-a756-4269-a038-adb6de52ec0d,chrc08,csrc13@display=no-training
original,original,65febfb3-2ea0-4b86-bc2e-3588fe6206d1,chrc08,csrc13@display=no-training
chrc02,chrc08,0afe3f83-afb0-4165-aa8a-5d917fc5f69b,chrc02,csrc13@display=no-training
chrc02,chrc02,f12b829d-b55b-4c7c-830a-48c568c8601d,chrc08,csrc13@display=no-training
chrc02,chrc08,b1da7162-c87f-43eb-8bf7-ebb71f16e861,chrc02,csrc13@display=no-training
chrc02,chrc08,eda8b60b-5b21-467d-9233-b9c8379a3a30,chrc02,csrc13@display=no-training
chrc02,chrc02,6d22f6aa-ae59-40dc-8725-da821af52e48,chrc08,csrc13@display=no-training
chrc02,chrc02,78c51e31-ff55-4ce9-af30-adc428a084c9,chrc08,csrc13@display=no-training
chrc02,chrc02,b753aa06-01fa-4174-8bac-c4ea32e61695,chrc08,csrc13@display=no-training
chrc02,chrc08,835e531d-086d-4efe-8d86-2e29a6f0383b,chrc02,csrc13@display=no-training
chrc02,chrc02,91f8e990-7ac5-44d9-aeb9-f8235aeea663,chrc08,csrc13@display=no-training
chrc02,chrc08,4bb20196-b209-4ff6-b04e-cc3536d6a71e,chrc02,csrc13@display=no-training
chrc09,chrc09,985b2187-2e8e-497a-87c3-80cdc7a2058a,chrc04,csrc14@display=no-training
chrc09,chrc04,ce8245a5-280a-422c-b0dd-f82448221858,chrc09,csrc14@display=no-training
chrc09,chrc09,b33b3126-3379-45c3-aee4-013638446db5,chrc04,csrc14@display=no-training
,chrc09,7a086198-2edc-4d14-ab82-3d7cd87e92c7,chrc04,csrc14@display=no-training
chrc09,chrc09,88dba501-c1cc-4377-b515-43a0b935917c,chrc04,csrc14@display=no-training
chrc09,chrc09,b1c29b25-331d-4a78-aab8-01d110fd1e92,chrc04,csrc14@display=no-training
chrc04,chrc04,a289f0fe-8e3d-48c8-b3d3-d09b6d17b9f8,chrc09,csrc14@display=no-training
chrc09,chrc04,fa36cb57-e118-4fa0-b207-5cb949f290dd,chrc09,csrc14@display=no-training
,chrc04,e4e6cf83-5949-47e7-9675-8b2b53c28ec5,chrc09,csrc14@display=no-training
chrc09,chrc04,8182bf73-0cb3-422e-8eb3-0cbb71037d76,chrc09,csrc14@display=no-training
original,chrc01,f3b6f948-ae20-480b-b2e8-052f53a70678,original,csrc12@display=no-training
original,chrc01,8831c2ef-64b2-4f81-bd12-782facb47567,original,csrc12@display=no-training
,original,6cccef86-b575-48f8-8954-d39181458358,chrc01,csrc12@display=no-training
original,chrc01,e886d720-6d96-44b4-a38f-ef52c0aea62d,original,csrc12@display=no-training
original,original,e8c1511a-8c33-4c69-be8f-24942a1a27ce,chrc01,csrc12@display=no-training
,chrc01,71a24918-51dc-498e-a290-b05897aeb40e,original,csrc12@display=no-training
original,chrc01,19a4afc7-504f-4287-aff1-0e01ee561c13,original,csrc12@display=no-training
original,chrc01,22dff3a5-9b27-475a-97c3-7edaf366b118,original,csrc12@display=no-training
original,chrc01,2d6e96ab-1cc9-4a46-8bba-341f2f33237d,original,csrc12@display=no-training
,chrc01,8d8628ca-83a4-40d2-b94c-08e90b8944e4,original,csrc12@display=no-training
hrc04,hrc04,92eaa3f8-76a9-4f2b-810d-426076bbe1ab,original,src02@display=no-training
original,original,6e864a01-02fb-4ef4-8f67-60232783d138,hrc04,src02@display=no-training
hrc04,hrc04,a1600447-82bb-4d9c-8d46-cacad314ec84,original,src02@display=no-training
,original,c0258f9a-7e2a-4c8a-b306-a389e2972855,hrc04,src02@display=no-training
hrc04,original,a6704ad0-84ef-4e86-8ac5-f592cc525f47,hrc04,src02@display=no-training
,hrc04,98b09ff4-e3e5-4a56-a530-95ab35695116,original,src02@display=no-training
,original,ec8fe5d2-66e6-446e-82d7-78a2c7f7243a,hrc04,src02@display=no-training
original,hrc04,a97fc96e-5fbe-4371-a9ec-14da0c0f764f,original,src02@display=no-training
,original,907299d4-1482-46f9-8444-e875e38eb7cb,hrc04,src02@display=no-training
original,hrc04,05942f22-02a8-4b21-a462-aca7c9d5c551,original,src02@display=no-training
hrc20,hrc02,7ccb0da3-b717-4245-9daa-e5860aaaaca6,hrc20,src01@display=no-training
hrc02,hrc20,2c95ff4f-49cb-486d-808e-f6b8faed6fd5,hrc02,src01@display=no-training
hrc20,hrc20,054b9d42-a10e-4563-9d6e-e161da3640fd,hrc02,src01@display=no-training
hrc20,hrc02,45a5d03e-bea9-4566-83cb-7256c637b0f8,hrc20,src01@display=no-training
,hrc20,151474dd-b512-4d05-9a75-a4b0be5942ed,hrc02,src01@display=no-training
hrc20,hrc02,a3a1ef6b-9d54-45e1-bd34-1d3d3c08481b,hrc20,src01@display=no-training
hrc02,hrc20,cd4297f0-57ec-486e-957b-ef09e8de0607,hrc02,src01@display=no-training
hrc20,hrc02,907299d4-1482-46f9-8444-e875e38eb7cb,hrc20,src01@display=no-training
hrc02,hrc20,b0d86c37-1389-480f-862e-828f0e6376a5,hrc02,src01@display=no-training
hrc02,hrc20,1642079d-acaa-48c5-a13e-413c3f8bdc04,hrc02,src01@display=no-training
original,chrc11,907299d4-1482-46f9-8444-e875e38eb7cb,original,csrc11@display=no-training
chrc11,original,2b493139-f877-4c83-8de2-f89c1b5bbd54,chrc11,csrc11@display=no-training
original,original,9d2abd08-aa84-4b48-aeb3-697822d55fc6,chrc11,csrc11@display=no-training
chrc11,chrc11,ac3cb7af-b2f0-4b61-9ea7-61bad06aa1d3,original,csrc11@display=no-training
original,chrc11,9bd8abfb-6a27-45ba-b7dc-35c6940c49a6,original,csrc11@display=no-training
original,chrc11,43868782-c006-4e73-8ab4-1f5f132a01cc,original,csrc11@display=no-training
original,chrc11,1cf51187-29ee-4e29-80b2-ad2a3f850fe2,original,csrc11@display=no-training
original,original,d06c5043-187d-45b6-a654-ec690918445f,chrc11,csrc11@display=no-training
original,chrc11,e02609ec-35cf-456d-b864-7676af978c4b,original,csrc11@display=no-training
original,chrc11,d52484c5-287b-49f5-92f9-d01055c2728e,original,csrc11@display=no-training
,chrc11,907299d4-1482-46f9-8444-e875e38eb7cb,chrc05,csrc13@display=no-training
chrc11,chrc05,2b2fa8d6-a371-4df4-aaf9-2b8ac3c23030,chrc11,csrc13@display=no-training
chrc11,chrc05,9d6f7ee1-e089-4410-88df-ff9fd7b07a56,chrc11,csrc13@display=no-training
chrc11,chrc05,eadefcd2-3e7b-4db5-a25d-9ebfe5da399e,chrc11,csrc13@display=no-training
,chrc11,3febb924-5622-4d83-b36c-f2213c3f5117,chrc05,csrc13@display=no-training
chrc11,chrc05,20b82720-584e-4871-83c5-e88aec82c7ff,chrc11,csrc13@display=no-training
chrc11,chrc05,42fb1927-baf0-4108-b7ea-960028526098,chrc11,csrc13@display=no-training
chrc05,chrc05,226606bc-5276-4f2d-9a2c-b56c14b8bcdf,chrc11,csrc13@display=no-training
chrc05,chrc11,e4e6cf83-5949-47e7-9675-8b2b53c28ec5,chrc05,csrc13@display=no-training
chrc11,chrc11,28138e18-1992-4f6d-94e7-993ddca405e8,chrc05,csrc13@display=no-training
hrc02,hrc13,c4041511-376e-4f71-9c8e-acac17d0954a,hrc02,src02@display=no-training
hrc02,hrc13,fb3aa600-7dad-4017-b757-92ee188220dc,hrc02,src02@display=no-training
hrc02,hrc13,8f79de94-24be-4943-8b74-544f666196b8,hrc02,src02@display=no-training
hrc02,hrc13,81da3e49-dd49-4dc1-b619-476371ae6e37,hrc02,src02@display=no-training
hrc02,hrc13,eda8b60b-5b21-467d-9233-b9c8379a3a30,hrc02,src02@display=no-training
hrc02,hrc13,e71693e3-f3a8-4f43-b1a3-1094bcfee6b3,hrc02,src02@display=no-training
hrc02,hrc13,aef6f382-f636-4b40-bc86-864837bb4fa3,hrc02,src02@display=no-training
hrc02,hrc13,42aa0e55-7209-46e7-89a1-6d855d35847c,hrc02,src02@display=no-training
hrc02,hrc13,5d2512ce-fedd-483b-818a-932259712b71,hrc02,src02@display=no-training
hrc02,hrc13,9fd1b181-02a1-4f1c-8cba-bb8193353de9,hrc02,src02@display=no-training
chrc04,chrc04,4286ceb2-7535-49c7-ae3e-0a69c7960068,chrc01,csrc14@display=no-training
chrc04,chrc01,fbf0e732-933c-4026-87b1-d49c6106ccf3,chrc04,csrc14@display=no-training
chrc04,chrc01,79595a55-109b-463a-9dc6-18a2c47dda3b,chrc04,csrc14@display=no-training
chrc04,chrc04,ad80bfb9-7f25-493b-9511-fe3bf1a4016f,chrc01,csrc14@display=no-training
chrc04,chrc01,f0477d3b-b59d-4c71-8581-110c40c14ca6,chrc04,csrc14@display=no-training
chrc04,chrc01,adefd39e-12cd-4c2a-aaa3-98f584c5c723,chrc04,csrc14@display=no-training
chrc04,chrc04,151474dd-b512-4d05-9a75-a4b0be5942ed,chrc01,csrc14@display=no-training
chrc04,chrc04,52a8708f-7993-40c8-aea1-69ff552e2f01,chrc01,csrc14@display=no-training
chrc04,chrc04,df4292d0-100f-419b-bb47-77f336b78a08,chrc01,csrc14@display=no-training
chrc04,chrc01,320763ff-9395-4607-b5dd-547772958a15,chrc04,csrc14@display=no-training
,hrc19,4217bff9-943f-4f5e-b985-5d9e1ebb5eba,hrc07,src02@display=no-training
hrc07,hrc07,6ea4f9af-c257-4696-b51c-792ab1b5c848,hrc19,src02@display=no-training
,hrc19,43841f54-348c-4ab3-9c66-5c001c2e1e8a,hrc07,src02@display=no-training
hrc07,hrc19,1642079d-acaa-48c5-a13e-413c3f8bdc04,hrc07,src02@display=no-training
hrc19,hrc19,f6e12820-1dde-4cf8-8de7-2dcccc84bffe,hrc07,src02@display=no-training
hrc07,hrc07,8d05d45d-efc8-477b-95a3-8473ca645610,hrc19,src02@display=no-training
hrc07,hrc07,d080f3ec-e040-41e2-8e4c-6ff37f951cc8,hrc19,src02@display=no-training
hrc07,hrc07,51c24e0f-2499-49c5-860a-84b17cff38be,hrc19,src02@display=no-training
hrc07,hrc07,705f7799-2d34-4d2e-b583-c65f61f6aa45,hrc19,src02@display=no-training
hrc07,hrc19,53127e19-5162-4bab-bb56-69665405a598,hrc07,src02@display=no-training
original,chrc11,bda87d12-7e34-4288-abb7-7730774cfe50,original,csrc13@display=no-training
original,original,c045d23e-3f3b-4b8e-8905-9903e31dea71,chrc11,csrc13@display=no-training
original,chrc11,d9b5fc53-9935-4007-bdae-6fa5e7e7fc92,original,csrc13@display=no-training
original,chrc11,2542f94b-c9c0-4121-8cd6-562f67503607,original,csrc13@display=no-training
original,original,5538c60a-3f6f-425a-90d3-4f15c31f6e3f,chrc11,csrc13@display=no-training
original,original,e394df73-758e-4644-8b8b-a189f9d65c6d,chrc11,csrc13@display=no-training
original,chrc11,78f11d30-8cfb-4880-8a9d-194b1120ef55,original,csrc13@display=no-training
original,original,f6e12820-1dde-4cf8-8de7-2dcccc84bffe,chrc11,csrc13@display=no-training
original,chrc11,cf05d5d1-53f7-4560-9fb1-c4020a9dcb97,original,csrc13@display=no-training
original,chrc11,b80f00b9-eab1-4fc9-807a-f0f2300dd67c,original,csrc13@display=no-training
chrc01,chrc01,56d73c46-8181-476a-8cb6-4e14d196dea1,chrc10,csrc12@display=no-training
chrc01,chrc10,e04a10a2-abed-4430-a7ce-7f6e3735c4d2,chrc01,csrc12@display=no-training
chrc01,chrc01,e14946cd-907b-4bb4-a50f-16353833a3a1,chrc10,csrc12@display=no-training
chrc01,chrc01,d69fb9a4-88e8-4e25-bbde-bebbddf5fbc5,chrc10,csrc12@display=no-training
chrc01,chrc10,efec50c6-91a7-440c-9aea-465ed22f7ea8,chrc01,csrc12@display=no-training
chrc01,chrc01,9d5a019b-71bd-4af6-b124-a219b08b293a,chrc10,csrc12@display=no-training
chrc01,chrc01,86d4496d-95f4-42fb-aa84-ac80e6bf2f82,chrc10,csrc12@display=no-training
chrc01,chrc01,6dd3a163-db41-4440-8d55-ed3d84cb78ae,chrc10,csrc12@display=no-training
chrc01,chrc01,05de8bc7-41eb-47be-80e6-4c24be43649c,chrc10,csrc12@display=no-training
chrc01,chrc10,1458ee06-1d9f-404b-9e4d-b09e3b5731af,chrc01,csrc12@display=no-training
hrc19,hrc19,106526b1-77b2-4d00-b5b0-5b7e929f1444,original,src02@display=no-training
original,original,fdd71d4d-86e1-473c-8d6a-212eac301182,hrc19,src02@display=no-training
original,original,189cc04f-5b5b-45ea-be05-e4f97f0b529b,hrc19,src02@display=no-training
original,original,b774e164-c6e9-4e95-888c-12c5e3ddb8ad,hrc19,src02@display=no-training
original,original,4f51ccc9-748a-455c-a276-65a0686f7ad8,hrc19,src02@display=no-training
original,original,52e41e38-4c61-40bc-bb28-cafdfe4bcb7f,hrc19,src02@display=no-training
original,original,5a14dca9-ea09-4194-8bd6-e5eb2d3a4404,hrc19,src02@display=no-training
original,hrc19,adefd39e-12cd-4c2a-aaa3-98f584c5c723,original,src02@display=no-training
original,original,3be288f6-8041-4043-b452-46e8a67d7014,hrc19,src02@display=no-training
original,hrc19,3a448cd9-fa6e-4e30-9d17-ab40a67c7980,original,src02@display=no-training
chrc02,chrc05,2b493139-f877-4c83-8de2-f89c1b5bbd54,chrc02,csrc13@display=no-training
chrc02,chrc02,537c658a-c98a-4694-980b-087adcb1835b,chrc05,csrc13@display=no-training
chrc02,chrc05,e6649c05-bba4-4d31-98c7-8601374d6057,chrc02,csrc13@display=no-training
chrc02,chrc02,41f2b15c-dbe4-473b-af00-28c8751e329e,chrc05,csrc13@display=no-training
chrc02,chrc05,f9cbea11-d50a-4473-8583-2756324ec9fa,chrc02,csrc13@display=no-training
chrc02,chrc02,241b830e-0e58-4e17-a663-88a3a821ac3e,chrc05,csrc13@display=no-training
chrc02,chrc02,189cc04f-5b5b-45ea-be05-e4f97f0b529b,chrc05,csrc13@display=no-training
chrc02,chrc02,86d4496d-95f4-42fb-aa84-ac80e6bf2f82,chrc05,csrc13@display=no-training
chrc02,chrc05,a268d438-9f11-4978-8ad9-7ed49297521c,chrc02,csrc13@display=no-training
,chrc05,4a2d56ff-0393-4f08-9121-e22c41b4c51f,chrc02,csrc13@display=no-training
original,chrc01,42aa0e55-7209-46e7-89a1-6d855d35847c,original,csrc13@display=no-training
original,original,6cf2c76e-5f85-4403-82aa-d49cfb5b9422,chrc01,csrc13@display=no-training
original,original,0febb639-cbaf-4607-83ee-763ea7fdd47c,chrc01,csrc13@display=no-training
original,chrc01,0c75c2cb-4183-4187-8e95-1ddec654b46f,original,csrc13@display=no-training
original,original,30d52e8d-b0e1-45e5-9af0-fad21c9f6ec0,chrc01,csrc13@display=no-training
original,original,e2ef8b3c-8f6b-4998-b6a9-acd51651099f,chrc01,csrc13@display=no-training
original,chrc01,232fe1a0-97fb-4560-816a-d80445fda792,original,csrc13@display=no-training
original,original,c99a62dd-b2e6-4d8f-9986-44d28d8c8dc1,chrc01,csrc13@display=no-training
original,original,bd7b1f78-9c0e-4064-9134-e2e03080215b,chrc01,csrc13@display=no-training
original,chrc01,840a09b5-4c5b-45f7-8f13-6a8057cf0fac,original,csrc13@display=no-training
hrc21,hrc19,73bc4325-66f7-441c-aedd-b9b15a616e60,hrc21,src02@display=no-training
hrc21,hrc21,c62ff2ad-45a7-4f3e-acce-030576899b17,hrc19,src02@display=no-training
hrc21,hrc19,b30b28f7-3557-4eef-8ebe-423e04fd98e7,hrc21,src02@display=no-training
,hrc21,45102dc6-4f10-4500-a0f1-b9a4537ebbbe,hrc19,src02@display=no-training
hrc21,hrc19,5bb6a91c-222e-469d-9d1f-6f1064a66a0a,hrc21,src02@display=no-training
hrc21,hrc19,34175692-f5d0-47a5-bac5-7d352d905d05,hrc21,src02@display=no-training
hrc19,hrc21,c15c4cb8-d927-4f2a-adf4-af121b87b70b,hrc19,src02@display=no-training
hrc21,hrc21,cb39772f-9dea-41e0-b6d2-008c4a858765,hrc19,src02@display=no-training
hrc21,hrc19,0d7f37d0-f53e-4a52-a78b-afc17556431e,hrc21,src02@display=no-training
hrc21,hrc19,b593f76a-6681-43ae-8d5d-96bd388eca8a,hrc21,src02@display=no-training
chrc11,chrc07,a2cd5997-8ab2-40d5-af24-ff7745f16f87,chrc11,csrc12@display=no-training
chrc11,chrc07,53466a3c-2c62-4717-b913-22fec5e4d2d9,chrc11,csrc12@display=no-training
chrc11,chrc07,085d2fd6-2fec-4af4-a870-d2963b430267,chrc11,csrc12@display=no-training
chrc11,chrc07,89ffb17a-c99a-4e69-b200-2fd8e129e584,chrc11,csrc12@display=no-training
chrc11,chrc11,e088fd7c-253e-44ae-8d6d-3103781ceafe,chrc07,csrc12@display=no-training
chrc11,chrc11,5d6db2a1-c7dc-406e-b3db-75a738a9cd46,chrc07,csrc12@display=no-training
chrc11,chrc07,e9f063c9-f724-4652-b11a-5e4f1b67c58a,chrc11,csrc12@display=no-training
chrc11,chrc07,b13d20bd-47f9-4840-a9e4-a22cca6b80dd,chrc11,csrc12@display=no-training
chrc11,chrc11,72ed54fa-f4f0-473b-a829-ac89abe9d3c5,chrc07,csrc12@display=no-training
,chrc07,4a2d56ff-0393-4f08-9121-e22c41b4c51f,chrc11,csrc12@display=no-training
chrc02,chrc02,66eade00-16e6-485e-9a5d-2e92b67367b8,chrc01,csrc13@display=no-training
chrc02,chrc01,a07f105d-b327-4e67-a324-e213ab12c547,chrc02,csrc13@display=no-training
chrc02,chrc02,d680646f-4054-409d-a496-91a707fd4885,chrc01,csrc13@display=no-training
chrc02,chrc01,b5be2bf1-6a7d-4c5c-97a6-70da4d407bf6,chrc02,csrc13@display=no-training
chrc02,chrc01,4a6a6f68-c5c9-4bbd-8a01-006271fff551,chrc02,csrc13@display=no-training
chrc02,chrc02,3a58be0e-af57-4db0-b60d-eb75d3e7c349,chrc01,csrc13@display=no-training
chrc02,chrc02,15823cce-8dd0-4043-a063-eb157f7a8b5f,chrc01,csrc13@display=no-training
chrc02,chrc01,c39301ac-544e-4bb2-85a7-b38cbff67bc4,chrc02,csrc13@display=no-training
chrc02,chrc02,9d9bfe50-d1ff-4dc3-b196-c5217ac2863f,chrc01,csrc13@display=no-training
chrc02,chrc01,745247a5-0200-4707-8b6c-14b19a0c8216,chrc02,csrc13@display=no-training
chrc12,chrc11,9280e338-65c6-4436-b3ea-a9ea8eda154f,chrc12,csrc11@display=no-training
chrc12,chrc12,73f3f458-e953-4612-8841-8bb1c14fd5ec,chrc11,csrc11@display=no-training
,chrc11,99f1e0ac-c8cc-4fc1-93e1-efcdcd8b78b3,chrc12,csrc11@display=no-training
chrc12,chrc11,cd3da8c8-6bd7-4717-8f4a-b136895e3626,chrc12,csrc11@display=no-training
chrc12,chrc11,d0c55c7c-e53c-42e0-8941-c77ee46fda9a,chrc12,csrc11@display=no-training
chrc12,chrc11,3f4c851c-d791-4ae1-a409-b15ebc7602e2,chrc12,csrc11@display=no-training
chrc12,chrc12,2a501377-6471-4b25-8716-04c3807bc81d,chrc11,csrc11@display=no-training
chrc12,chrc11,df5575f6-7028-4152-850d-bfdbd7ff0569,chrc12,csrc11@display=no-training
chrc12,chrc11,d7b474e9-ad6f-4890-99ab-5a796fcbd2cb,chrc12,csrc11@display=no-training
chrc12,chrc11,3ae937fd-57fd-4920-85e7-0a88238197d1,chrc12,csrc11@display=no-training
original,original,1d5c805c-effd-4a65-8548-6d56ca4ca24c,chrc01,csrc11@display=no-training
original,chrc01,e1c3c1f9-f59c-4c62-8fa3-8f19be438b85,original,csrc11@display=no-training
original,chrc01,58610daf-4074-4fec-bc1c-4770879d61c8,original,csrc11@display=no-training
original,original,a79432a2-63c0-4c12-9522-c8c10548b5fc,chrc01,csrc11@display=no-training
original,original,d8160212-8dcd-4e7a-8d55-f10de6af90d9,chrc01,csrc11@display=no-training
original,chrc01,647d0ccb-1fbc-496d-92fd-0af0637de9ae,original,csrc11@display=no-training
original,original,8d34a0c1-f486-4a33-930c-2685163bcf28,chrc01,csrc11@display=no-training
original,original,2bcab180-368e-445d-b0e6-9a217518bc1a,chrc01,csrc11@display=no-training
original,original,20004959-c8e6-47d6-83b9-05113caa2147,chrc01,csrc11@display=no-training
original,original,cf62539a-dfa8-4a51-b330-bd4b8a49fcd1,chrc01,csrc11@display=no-training
original,original,2fba8665-903d-4a1d-affb-1d9d331f49a4,hrc21,src01@display=no-training
original,hrc21,cf05d5d1-53f7-4560-9fb1-c4020a9dcb97,original,src01@display=no-training
hrc21,hrc21,3fa51d84-1a9d-4cf7-8204-2ab2685cd7be,original,src01@display=no-training
,hrc21,d5484fd3-0692-49b0-b84e-4c5498cd6cb1,original,src01@display=no-training
hrc21,original,31c31db1-03c4-48b9-90e4-a916869f99fe,hrc21,src01@display=no-training
original,hrc21,391d7919-cc5f-4309-81f6-ce6cfc04a7bc,original,src01@display=no-training
original,original,ac1c5396-5489-4c1c-840b-77df5a401eab,hrc21,src01@display=no-training
,original,34cd2be8-af8a-4643-a087-b771ca29f1a3,hrc21,src01@display=no-training
original,hrc21,4b23efe8-b14b-4be4-9bf3-7282c400ff35,original,src01@display=no-training
,hrc21,6dd0be1d-e48a-44f8-ae1e-f6387437d5dd,original,src01@display=no-training
original,chrc10,8d4e5eed-e5d0-458f-bd23-a31748731768,original,csrc12@display=no-training
original,original,cdb9bb58-60e2-4bd6-a07a-2e9558115deb,chrc10,csrc12@display=no-training
original,original,6a5c53fc-4f8c-4abf-97c1-466f1f6c1023,chrc10,csrc12@display=no-training
original,chrc10,ad80bfb9-7f25-493b-9511-fe3bf1a4016f,original,csrc12@display=no-training
original,chrc10,566f1efe-c334-4e1c-bd9d-60079dd825db,original,csrc12@display=no-training
original,chrc10,cf05d5d1-53f7-4560-9fb1-c4020a9dcb97,original,csrc12@display=no-training
original,chrc10,99d9d038-42e4-4055-a1db-51c247b52d8c,original,csrc12@display=no-training
original,chrc10,d13f540e-6390-44ec-8862-c0cc3a81cc74,original,csrc12@display=no-training
original,original,3a031695-b20f-4ff1-803d-2611342ac2de,chrc10,csrc12@display=no-training
original,original,239be723-f6dc-4053-ac79-4f57603fd382,chrc10,csrc12@display=no-training
original,chrc08,cb39772f-9dea-41e0-b6d2-008c4a858765,original,csrc11@display=no-training
original,chrc08,ce8915ce-0513-4c3d-9f55-b726199fa15a,original,csrc11@display=no-training
original,original,331844da-5e41-403c-a653-e3e9df4bd77e,chrc08,csrc11@display=no-training
original,original,b6306029-365c-41e2-9319-61c0c405c6f4,chrc08,csrc11@display=no-training
original,original,6b48482e-fbd7-4085-8717-135a3fa6b351,chrc08,csrc11@display=no-training
chrc08,chrc08,eadefcd2-3e7b-4db5-a25d-9ebfe5da399e,original,csrc11@display=no-training
original,chrc08,e03f8435-2142-45a7-a15c-ecf62ea4f916,original,csrc11@display=no-training
original,original,819d099f-3867-4dc9-9654-7215ae56bc6b,chrc08,csrc11@display=no-training
original,chrc08,c7d09f16-7664-480c-a6c5-279f5014c143,original,csrc11@display=no-training
original,original,cb83eb86-11c6-454c-b320-99bbb9f9bb2f,chrc08,csrc11@display=no-training
chrc11,chrc11,41c77243-6fce-4b2f-a350-655108d9e602,chrc03,csrc12@display=no-training
chrc03,chrc11,b9c3fca0-b2c9-405e-bd99-3fdff578567b,chrc03,csrc12@display=no-training
chrc11,chrc11,1cec815b-399d-4f9d-93d3-0c26f0fc84db,chrc03,csrc12@display=no-training
chrc03,chrc11,580e1413-4ae4-445e-962e-fe68d926449a,chrc03,csrc12@display=no-training
chrc03,chrc03,98f9ec54-b947-408f-848e-553b8a2ded6e,chrc11,csrc12@display=no-training
,chrc11,ca040d77-a3dc-4939-89c0-9f953e9f9515,chrc03,csrc12@display=no-training
chrc11,chrc03,0a58e305-db28-4bee-9e46-518f3b1d5970,chrc11,csrc12@display=no-training
chrc11,chrc03,28138e18-1992-4f6d-94e7-993ddca405e8,chrc11,csrc12@display=no-training
chrc11,chrc03,d2cf4226-323a-4fcb-8249-df61c89ff7e8,chrc11,csrc12@display=no-training
chrc11,chrc11,7ff3ca3e-cf96-4966-a02a-b9eab26a658b,chrc03,csrc12@display=no-training
,chrc11,0a613023-d4c7-4410-b039-c972f3cf3e04,chrc04,csrc11@display=no-training
,chrc11,0d7f37d0-f53e-4a52-a78b-afc17556431e,chrc04,csrc11@display=no-training
chrc11,chrc04,9d199c7e-9811-4344-b93f-7cc29ae8e563,chrc11,csrc11@display=no-training
chrc11,chrc11,4d93cc4f-73bc-4f6c-afb4-30e41bee10f7,chrc04,csrc11@display=no-training
chrc11,chrc04,fd620d26-73f0-45d6-bfe5-7b47eb755676,chrc11,csrc11@display=no-training
,chrc04,1410348a-256b-4580-8343-0558cdf51750,chrc11,csrc11@display=no-training
chrc04,chrc11,cb413348-33d5-4aa8-b00b-1200485f9b83,chrc04,csrc11@display=no-training
chrc11,chrc04,01e8d7b6-3386-43b3-a8e3-f1af4d392224,chrc11,csrc11@display=no-training
,chrc04,48a9efad-0b20-49da-b47d-ae93af5ce867,chrc11,csrc11@display=no-training
chrc11,chrc11,0e6bd588-76a1-47fe-8393-5e2f3cf4168a,chrc04,csrc11@display=no-training
chrc01,chrc03,08d2aa18-36e2-4d06-b1b8-78ab06e9c8a4,chrc01,csrc12@display=no-training
chrc01,chrc03,719b63b7-550b-4eab-be5d-8250b6731a2e,chrc01,csrc12@display=no-training
chrc01,chrc03,77e6627f-e93f-4de6-839e-47512ff2f2b3,chrc01,csrc12@display=no-training
chrc01,chrc03,0cd7633d-6ff0-4fc9-93c8-d9b7e1e8ff24,chrc01,csrc12@display=no-training
chrc01,chrc03,64c2f134-2df0-40e2-854a-c2cafa0df023,chrc01,csrc12@display=no-training
,chrc03,317542a8-f621-48a9-9b33-a2887072545f,chrc01,csrc12@display=no-training
chrc01,chrc03,1cd3c163-d5dd-44b8-9cf7-a107a3824ffa,chrc01,csrc12@display=no-training
chrc01,chrc01,18bf1906-21d2-4d8f-9a24-12e0783263bf,chrc03,csrc12@display=no-training
chrc01,chrc01,88ad40fc-1622-47b5-9086-b7b7f2c69c4e,chrc03,csrc12@display=no-training
chrc01,chrc03,b014d3a9-188b-4d01-8b6b-6867ebb0997d,chrc01,csrc12@display=no-training
chrc02,chrc11,6b7cf11a-44c3-48d0-87a8-cdc05b3801e6,chrc02,csrc13@display=no-training
chrc02,chrc02,4bb7ddad-6f61-4af0-a929-abcc95347a33,chrc11,csrc13@display=no-training
chrc02,chrc11,77381627-993a-4177-ad22-b7dbdbfad056,chrc02,csrc13@display=no-training
chrc02,chrc02,8c6347a1-9073-43a1-a02c-299b19f1b2b1,chrc11,csrc13@display=no-training
chrc02,chrc11,4f379e80-7986-435e-80da-90d2288a9137,chrc02,csrc13@display=no-training
chrc02,chrc02,2167d9eb-7db5-4c9e-9b6f-576f21f3db82,chrc11,csrc13@display=no-training
chrc02,chrc02,69f0d010-abd8-4344-9f51-d04c4a5ddfe7,chrc11,csrc13@display=no-training
chrc02,chrc11,eb5529f9-4569-4b21-9bee-6c7a462d6195,chrc02,csrc13@display=no-training
chrc02,chrc11,24766b7c-1659-4b37-9e0d-5b94e92a320d,chrc02,csrc13@display=no-training
chrc02,chrc11,c0edb15c-ab68-46ab-8a8a-1fa175f7c810,chrc02,csrc13@display=no-training
chrc01,chrc01,3521500f-73a5-4c23-853b-8f0ce5b3d92f,chrc11,csrc11@display=no-training
chrc11,chrc01,9c4a6974-4af6-4241-afbd-9ec8b051f3d6,chrc11,csrc11@display=no-training
chrc11,chrc01,ad4a8214-8f58-4022-b373-a21582fdc842,chrc11,csrc11@display=no-training
chrc11,chrc11,4bd6af01-9fac-4ed3-9eb7-a3274aeb5661,chrc01,csrc11@display=no-training
chrc11,chrc11,06334826-d0bc-4981-ba31-12d33cc57c66,chrc01,csrc11@display=no-training
chrc11,chrc01,d54a2502-b2af-434c-a632-821a14394a8c,chrc11,csrc11@display=no-training
chrc11,chrc11,54def2f7-632c-4e93-9b86-2370f6ecfb35,chrc01,csrc11@display=no-training
chrc11,chrc11,c3401f48-cfd7-4f88-b4f3-ec9dc22b55f8,chrc01,csrc11@display=no-training
chrc11,chrc01,84327ee8-7e8c-4049-886f-05323cf7bbc3,chrc11,csrc11@display=no-training
chrc11,chrc01,6b3f07e5-02e2-48e7-8efc-461b03f85b4c,chrc11,csrc11@display=no-training
original,chrc03,f12b829d-b55b-4c7c-830a-48c568c8601d,original,csrc12@display=no-training
original,original,64e2f67e-8d1c-4d48-8af3-8fcba72344a8,chrc03,csrc12@display=no-training
original,original,11e0d1ca-a7ee-4489-9f90-88cd738b1ecd,chrc03,csrc12@display=no-training
original,original,c3f9730e-aae2-4cb4-8244-348706326454,chrc03,csrc12@display=no-training
original,original,a308165b-fe13-4927-8f58-a686634660c3,chrc03,csrc12@display=no-training
,original,814ba963-799b-4345-bf39-65bfbb22105a,chrc03,csrc12@display=no-training
original,original,a6af3dc2-604d-4e26-9f55-4c28c4160630,chrc03,csrc12@display=no-training
original,chrc03,9fd30985-cc56-465e-8258-5cd25c69cf1b,original,csrc12@display=no-training
original,original,bd86f5f7-6fbd-4680-a9d5-5a34f343eba2,chrc03,csrc12@display=no-training
original,chrc03,551eb5b5-43a7-404e-92fb-9640959fd234,original,csrc12@display=no-training
,chrc08,397001a4-5eb9-437f-ad18-41f87dace59c,chrc05,csrc13@display=no-training
chrc05,chrc08,65e55d30-683c-49bd-9237-f89f1646f134,chrc05,csrc13@display=no-training
chrc05,chrc08,097501e3-7ae3-4027-b579-5bd87c1f76c0,chrc05,csrc13@display=no-training
chrc05,chrc05,34cd2be8-af8a-4643-a087-b771ca29f1a3,chrc08,csrc13@display=no-training
chrc05,chrc05,c1345d78-3ad8-4f4a-8031-beffe95a18af,chrc08,csrc13@display=no-training
chrc05,chrc05,004eff23-2c97-4fd4-8603-adcac081627e,chrc08,csrc13@display=no-training
chrc05,chrc05,656acb6a-98d6-4ca3-bb95-940aef8ce38e,chrc08,csrc13@display=no-training
chrc05,chrc08,4a48da27-470b-4fcd-8543-b926c16ff650,chrc05,csrc13@display=no-training
chrc05,chrc08,e7965f16-6621-4854-84b4-b552c5738880,chrc05,csrc13@display=no-training
chrc05,chrc05,6ab68eee-6d2b-46e8-b03a-b267fb0eac35,chrc08,csrc13@display=no-training
original,chrc01,f33c2c13-eae4-419f-9589-dd92b5088180,original,csrc14@display=no-training
original,original,eda8b60b-5b21-467d-9233-b9c8379a3a30,chrc01,csrc14@display=no-training
original,chrc01,3a448cd9-fa6e-4e30-9d17-ab40a67c7980,original,csrc14@display=no-training
original,original,d0c55c7c-e53c-42e0-8941-c77ee46fda9a,chrc01,csrc14@display=no-training
original,original,a308165b-fe13-4927-8f58-a686634660c3,chrc01,csrc14@display=no-training
original,original,46f38607-110d-49ab-b60c-8c1ab9421949,chrc01,csrc14@display=no-training
original,original,7522b6a2-33fd-4d39-9892-118173704b57,chrc01,csrc14@display=no-training
original,chrc01,e0deec6c-51b7-4f93-86ca-4d5c22a4d76d,original,csrc14@display=no-training
original,chrc01,3a031695-b20f-4ff1-803d-2611342ac2de,original,csrc14@display=no-training
original,chrc01,fcb49f3d-24e4-48f4-b819-5a1d0dd9a3ab,original,csrc14@display=no-training
chrc02,chrc02,f3db176c-d706-4df7-8e35-7dc9132ab42d,original,csrc13@display=no-training
chrc02,chrc02,c0e69549-b15d-40ee-820b-e480007bc208,original,csrc13@display=no-training
,chrc02,0fa6e044-fe07-4575-a037-ca202981ab92,original,csrc13@display=no-training
,original,49ecc985-24ed-446c-8c82-950e120f85ba,chrc02,csrc13@display=no-training
original,original,201ca70f-e731-4e8e-a125-f82579361303,chrc02,csrc13@display=no-training
chrc02,chrc02,21fb7d74-ce7f-4a75-bbf9-60059b82b720,original,csrc13@display=no-training
chrc02,original,1cf51187-29ee-4e29-80b2-ad2a3f850fe2,chrc02,csrc13@display=no-training
,chrc02,f63f36f1-2249-4b6a-8e08-f48d0d3c923b,original,csrc13@display=no-training
original,chrc02,2edf4337-6b67-4ab1-b75b-8f5d88a140ad,original,csrc13@display=no-training
,original,215a949e-c7d9-4a47-9700-b26141e218c8,chrc02,csrc13@display=no-training
hrc02,hrc02,3cdea77c-18d6-4285-8822-0547ebab6d19,hrc08,src02@display=no-training
hrc02,hrc02,4f6ed91f-c64d-42a0-8454-0bed11504c24,hrc08,src02@display=no-training
hrc02,hrc02,3508c90d-7344-4ec2-946c-52b057f5fd46,hrc08,src02@display=no-training
hrc02,hrc08,d7e0c98f-c9e7-46ee-bce5-8e90e87a0cf9,hrc02,src02@display=no-training
hrc02,hrc08,0f77e328-c1f5-4b7b-b765-f2b718ad525c,hrc02,src02@display=no-training
hrc02,hrc02,78c51e31-ff55-4ce9-af30-adc428a084c9,hrc08,src02@display=no-training
hrc02,hrc08,eeb931d9-8161-4fcf-8e54-2eb9a45bf56f,hrc02,src02@display=no-training
hrc02,hrc02,f3db176c-d706-4df7-8e35-7dc9132ab42d,hrc08,src02@display=no-training
hrc02,hrc02,311f0ee0-925e-4e69-b13e-bffca005694b,hrc08,src02@display=no-training
,hrc08,b33efb6e-2e53-4052-87d4-bb3557a36e88,hrc02,src02@display=no-training
original,chrc04,cc41adc2-0128-483a-a929-40af98e50807,original,csrc14@display=no-training
original,chrc04,b559e691-1ad1-47f2-bbb3-c0c843c2f5f8,original,csrc14@display=no-training
original,original,93c57369-8b2e-4e2c-a35b-74535dfc3434,chrc04,csrc14@display=no-training
original,chrc04,513c4fa3-6b47-439f-8b41-c8bc61b20ba8,original,csrc14@display=no-training
original,original,49ecc985-24ed-446c-8c82-950e120f85ba,chrc04,csrc14@display=no-training
original,original,84bd8de2-fe4e-426f-a1e4-82db2dee938f,chrc04,csrc14@display=no-training
original,chrc04,08473901-0621-448d-b64d-61aa72567205,original,csrc14@display=no-training
original,original,8831c2ef-64b2-4f81-bd12-782facb47567,chrc04,csrc14@display=no-training
original,original,7e119710-3485-4cd1-b324-8038bbd18930,chrc04,csrc14@display=no-training
original,original,f0119fe7-19cb-45d6-98b1-8d30f3994399,chrc04,csrc14@display=no-training
original,hrc16,d9ff101e-ef99-45a1-b979-91bffe08a7a1,original,src01@display=no-training
original,hrc16,48b0ecc7-6a07-4117-a6a2-e7e762ff7646,original,src01@display=no-training
original,hrc16,3ed94fd1-c049-45fd-ad73-4b5fb83c209d,original,src01@display=no-training
original,hrc16,086d0330-b9c6-4f82-a316-35e94ab7a6a7,original,src01@display=no-training
original,original,89ffb17a-c99a-4e69-b200-2fd8e129e584,hrc16,src01@display=no-training
original,hrc16,2edf4337-6b67-4ab1-b75b-8f5d88a140ad,original,src01@display=no-training
original,hrc16,57276fbb-57d2-40e9-b2ec-07c74e77b724,original,src01@display=no-training
original,hrc16,859ffd8a-b1cd-49e1-9235-03e141136463,original,src01@display=no-training
original,original,06772a52-4fbd-4aca-9a4c-698832194181,hrc16,src01@display=no-training
original,hrc16,01df0c77-0651-44a9-a4f7-2575b2c9c62b,original,src01@display=no-training
chrc11,chrc10,8002f66b-04d9-4eeb-abb7-87bda4b6ecb8,chrc11,csrc12@display=no-training
chrc11,chrc11,91f25404-e83b-4cbb-b329-8cc995812dd1,chrc10,csrc12@display=no-training
chrc11,chrc10,0bc2ef68-2eec-431d-a903-4e5fb7901115,chrc11,csrc12@display=no-training
chrc11,chrc11,88b36f5b-7e11-4173-9612-6e4bd8a0df5f,chrc10,csrc12@display=no-training
chrc11,chrc11,6cf2c76e-5f85-4403-82aa-d49cfb5b9422,chrc10,csrc12@display=no-training
chrc11,chrc11,37ec1046-f236-4488-a333-7f304a5fdfc7,chrc10,csrc12@display=no-training
chrc11,chrc11,f57e8a92-b926-4e1b-b862-194acbd20f56,chrc10,csrc12@display=no-training
chrc11,chrc10,1b17167c-cbf2-48e2-8bf0-51adbb5d57e0,chrc11,csrc12@display=no-training
chrc11,chrc10,45e1e015-506b-4217-a64f-4f2b2d502cda,chrc11,csrc12@display=no-training
chrc11,chrc10,b924cb23-4607-4aba-b7f1-8ac56580e36a,chrc11,csrc12@display=no-training
hrc12,hrc05,7e199bb2-9e3d-466f-b778-f12547a0ef72,hrc12,src02@display=no-training
hrc12,hrc12,5de0605d-3090-497c-830c-5bf5a45ce692,hrc05,src02@display=no-training
hrc12,hrc05,04ec428f-6fd5-4052-bc85-65d3a3c8eb1f,hrc12,src02@display=no-training
hrc12,hrc05,e55ca671-1a64-4590-953d-9e284e88d509,hrc12,src02@display=no-training
hrc12,hrc12,ce9bf68f-cff6-46ed-abc8-cc2f6af281e2,hrc05,src02@display=no-training
hrc12,hrc12,50c67488-59d0-4940-a8b4-861e754c9111,hrc05,src02@display=no-training
hrc12,hrc12,64f09ad6-9f2d-4ed2-9f00-8b7388aca3d2,hrc05,src02@display=no-training
hrc12,hrc05,81e4e011-635e-4e0c-84b4-cee59fe25ed0,hrc12,src02@display=no-training
hrc12,hrc12,8002f66b-04d9-4eeb-abb7-87bda4b6ecb8,hrc05,src02@display=no-training
hrc12,hrc12,1d104d10-ddaf-4815-9bae-c68e13790087,hrc05,src02@display=no-training
hrc04,hrc20,58f5993c-9061-4198-9190-1ba69c8c5bf2,hrc04,src01@display=no-training
hrc04,hrc20,db526d68-5a49-4fa8-9c91-35aaf4685886,hrc04,src01@display=no-training
,hrc20,b2b6e7cc-ead9-466e-9fac-168ff63177a5,hrc04,src01@display=no-training
hrc04,hrc04,20004959-c8e6-47d6-83b9-05113caa2147,hrc20,src01@display=no-training
hrc20,hrc20,e394df73-758e-4644-8b8b-a189f9d65c6d,hrc04,src01@display=no-training
hrc04,hrc20,5bb6a91c-222e-469d-9d1f-6f1064a66a0a,hrc04,src01@display=no-training
hrc04,hrc04,e2546711-0b61-4b0a-91a2-3692f713334a,hrc20,src01@display=no-training
hrc04,hrc04,0fefac0c-a2e6-487f-ad69-a8c37b4efa0a,hrc20,src01@display=no-training
hrc04,hrc20,f57e8a92-b926-4e1b-b862-194acbd20f56,hrc04,src01@display=no-training
hrc20,hrc20,c6230a1a-bba9-4067-a204-87588e4d736c,hrc04,src01@display=no-training
chrc03,chrc07,71504043-233f-4a03-871a-8774e4c83b95,chrc03,csrc12@display=no-training
chrc03,chrc03,20a56b23-a069-49e5-b34d-d80c1af588d5,chrc07,csrc12@display=no-training
chrc03,chrc07,14cd44b5-5d36-4f69-be0a-f4be1d6bfc59,chrc03,csrc12@display=no-training
chrc03,chrc03,cb66df87-875e-4b42-86b6-694bfeb1313b,chrc07,csrc12@display=no-training
chrc03,chrc07,00fb48d3-939f-4d8f-a974-6c0799e28570,chrc03,csrc12@display=no-training
chrc07,chrc07,c45da97c-cc8c-48a8-94f1-397f7240fae3,chrc03,csrc12@display=no-training
chrc07,chrc03,0fca2270-5646-4e65-b178-a722179983b0,chrc07,csrc12@display=no-training
chrc03,chrc03,dd499e6e-bc1b-4090-a03c-6f903502c697,chrc07,csrc12@display=no-training
chrc03,chrc03,48a9efad-0b20-49da-b47d-ae93af5ce867,chrc07,csrc12@display=no-training
chrc03,chrc07,1c2a4829-ce7e-4d25-b351-e3dd50c04aff,chrc03,csrc12@display=no-training
hrc07,hrc07,c61e0119-921d-482d-9ebd-6be3c141eb7e,hrc20,src02@display=no-training
hrc07,hrc07,cdb9bb58-60e2-4bd6-a07a-2e9558115deb,hrc20,src02@display=no-training
hrc07,hrc07,270c19d1-7369-4fc0-84b0-9021a68d1b71,hrc20,src02@display=no-training
hrc20,hrc07,3990f74e-2af9-40f4-a1ab-1c71da94a744,hrc20,src02@display=no-training
hrc20,hrc07,d69fb9a4-88e8-4e25-bbde-bebbddf5fbc5,hrc20,src02@display=no-training
,hrc20,630902ff-4e93-4002-a561-a300b5a42928,hrc07,src02@display=no-training
hrc07,hrc20,a07731ab-f9d3-46b8-b2de-afcf6b424aeb,hrc07,src02@display=no-training
hrc20,hrc20,d9c97855-ed84-4f1f-8ccf-f42d5c6853e6,hrc07,src02@display=no-training
,hrc20,6188c003-558b-403c-a837-9aad0078345c,hrc07,src02@display=no-training
hrc07,hrc07,463d864b-3fcb-42d6-bd68-deaac53f6745,hrc20,src02@display=no-training
chrc03,chrc10,8809b6cf-50cf-4c1e-8184-379e403aa7c4,chrc03,csrc12@display=no-training
chrc03,chrc03,7c5e9f10-6dd5-4939-833b-7b5680686212,chrc10,csrc12@display=no-training
chrc03,chrc03,fb51cc7e-0aac-43bd-b29c-dc2abd1c2c82,chrc10,csrc12@display=no-training
chrc03,chrc10,d7b86eaa-b11f-4bf4-ba01-62352ea7ae97,chrc03,csrc12@display=no-training
chrc03,chrc10,0ae1ac23-5abd-4347-8efd-f7b4982e799c,chrc03,csrc12@display=no-training
chrc03,chrc03,6b366ab5-6ec6-4700-afc7-1ae167361336,chrc10,csrc12@display=no-training
chrc03,chrc10,cb83eb86-11c6-454c-b320-99bbb9f9bb2f,chrc03,csrc12@display=no-training
chrc03,chrc10,31139786-676b-4e53-9762-4f0e8cc93727,chrc03,csrc12@display=no-training
chrc03,chrc10,6fdb4288-40f0-4de1-8396-6bfb23ae11ef,chrc03,csrc12@display=no-training
chrc03,chrc10,f94f84f0-0314-443c-aa81-c3dd47dd772a,chrc03,csrc12@display=no-training
chrc09,chrc09,e3910452-c747-4618-b718-e301ef9b69c9,original,csrc14@display=no-training
,original,c19a5422-36d3-49b8-b471-41caff52a8dc,chrc09,csrc14@display=no-training
original,original,5538c60a-3f6f-425a-90d3-4f15c31f6e3f,chrc09,csrc14@display=no-training
original,original,9a32f30e-db52-4c25-93d0-fa4eb929c406,chrc09,csrc14@display=no-training
original,original,80242604-78cd-4315-af9e-7594eeb7970c,chrc09,csrc14@display=no-training
,chrc09,53abf2c4-59eb-4444-ab2a-092449acce40,original,csrc14@display=no-training
,chrc09,fc8b30b8-66ed-4a7c-a34d-169a0a459c61,original,csrc14@display=no-training
chrc09,original,a78a2e8d-3a91-469c-b6d8-cb42a4121c57,chrc09,csrc14@display=no-training
original,original,72ed54fa-f4f0-473b-a829-ac89abe9d3c5,chrc09,csrc14@display=no-training
original,chrc09,bf3cb4fa-49fa-4340-a93a-968c70951b9d,original,csrc14@display=no-training
original,chrc12,391d7919-cc5f-4309-81f6-ce6cfc04a7bc,original,csrc11@display=no-training
original,original,5abb5f46-0296-40b8-822f-ec4f8bb50c1f,chrc12,csrc11@display=no-training
chrc12,chrc12,81da3e49-dd49-4dc1-b619-476371ae6e37,original,csrc11@display=no-training
original,chrc12,8c1ba179-2106-4f2f-9f78-2ccd5d2f38a5,original,csrc11@display=no-training
chrc12,chrc12,9fd1b181-02a1-4f1c-8cba-bb8193353de9,original,csrc11@display=no-training
original,original,f9933ce8-818d-4818-9d22-5b3ce5d20f11,chrc12,csrc11@display=no-training
chrc12,chrc12,26f1a4f3-2de9-4b62-9f2e-9184870cb93e,original,csrc11@display=no-training
original,original,abd0f219-9a62-430f-b50f-c61b688c219c,chrc12,csrc11@display=no-training
,original,5dc62e1a-77a7-42ff-b80f-ad839dbf8ba4,chrc12,csrc11@display=no-training
original,original,f1f59d35-72b2-4506-8acc-4f38f587a5f8,chrc12,csrc11@display=no-training
chrc04,chrc04,6f2c2f55-6d6c-4686-9a3c-50e7b4b47219,chrc01,csrc11@display=no-training
chrc04,chrc04,6fdb4288-40f0-4de1-8396-6bfb23ae11ef,chrc01,csrc11@display=no-training
chrc04,chrc01,364332c7-5e58-405e-a1a2-57c7e65b6f31,chrc04,csrc11@display=no-training
chrc04,chrc01,4f51ccc9-748a-455c-a276-65a0686f7ad8,chrc04,csrc11@display=no-training
chrc01,chrc01,66da8469-601a-48fb-b75e-716c69b24198,chrc04,csrc11@display=no-training
chrc04,chrc04,a801ea4e-4aef-4dc3-bcb9-0b668206f360,chrc01,csrc11@display=no-training
chrc04,chrc01,66eade00-16e6-485e-9a5d-2e92b67367b8,chrc04,csrc11@display=no-training
chrc04,chrc01,66ae368d-fe93-4ff7-aafd-162ed5776cd6,chrc04,csrc11@display=no-training
chrc04,chrc01,3294436f-ed2c-418c-b0a4-838f6d5f50b0,chrc04,csrc11@display=no-training
chrc04,chrc01,d7b86eaa-b11f-4bf4-ba01-62352ea7ae97,chrc04,csrc11@display=no-training
,chrc09,42b81a15-a01a-4b06-a99e-90705512d83f,chrc05,csrc14@display=no-training
,chrc09,aab7fd60-4d29-441c-88ff-67d6aabea655,chrc05,csrc14@display=no-training
chrc09,chrc09,34cd2be8-af8a-4643-a087-b771ca29f1a3,chrc05,csrc14@display=no-training
chrc09,chrc09,cc795331-2401-4a12-b0ee-fa79b36fff76,chrc05,csrc14@display=no-training
chrc09,chrc05,20e45293-4833-4c41-9853-2922c822270f,chrc09,csrc14@display=no-training
chrc05,chrc05,c6230a1a-bba9-4067-a204-87588e4d736c,chrc09,csrc14@display=no-training
chrc09,chrc09,23cdd1ed-fe00-4deb-8ca7-db975f43a835,chrc05,csrc14@display=no-training
chrc05,chrc05,881a6c66-db05-40f7-ad8a-77648d2d237f,chrc09,csrc14@display=no-training
chrc09,chrc05,745247a5-0200-4707-8b6c-14b19a0c8216,chrc09,csrc14@display=no-training
chrc05,chrc05,8e4da856-a4b7-4bcd-ae3b-c1982bbc9a46,chrc09,csrc14@display=no-training
original,original,1a07e498-1f79-4718-99fc-3465754935aa,hrc05,src01@display=no-training
original,hrc05,b65c2531-4fd5-4f51-9a89-79645ecc449a,original,src01@display=no-training
original,original,292650bb-01af-4e38-b7ab-f6c163fcea4c,hrc05,src01@display=no-training
original,hrc05,9ebd8a15-d6da-429e-b5e7-f3d7d0b7d614,original,src01@display=no-training
original,original,92618dab-00d8-4abd-ac31-f37ac2df1d55,hrc05,src01@display=no-training
original,original,fda50597-1f41-40cf-b84d-017055879a57,hrc05,src01@display=no-training
original,hrc05,bbb385de-3383-428c-810d-de9218736f6e,original,src01@display=no-training
original,hrc05,67ae0f79-04ba-4a89-867a-2b136e9aca56,original,src01@display=no-training
original,hrc05,a16b67db-f08d-44c6-8b9c-e326911ad68f,original,src01@display=no-training
original,hrc05,6fdb4288-40f0-4de1-8396-6bfb23ae11ef,original,src01@display=no-training
chrc11,chrc11,5eb3a7bb-533a-4dbd-82c4-cd0fae2b33b0,chrc01,csrc13@display=no-training
chrc11,chrc11,eaa5315e-7904-41da-ad17-313ff2625ef5,chrc01,csrc13@display=no-training
chrc11,chrc11,a45092db-c7cb-43ec-9349-5066f42b90bf,chrc01,csrc13@display=no-training
chrc11,chrc11,29a74aa2-3f6f-413b-a6e7-f37994c1db18,chrc01,csrc13@display=no-training
chrc11,chrc11,f286d2c9-0a31-42fd-af9d-f5d49f3d8482,chrc01,csrc13@display=no-training
chrc11,chrc01,7a086198-2edc-4d14-ab82-3d7cd87e92c7,chrc11,csrc13@display=no-training
chrc11,chrc11,9d5a019b-71bd-4af6-b124-a219b08b293a,chrc01,csrc13@display=no-training
chrc11,chrc11,e02609ec-35cf-456d-b864-7676af978c4b,chrc01,csrc13@display=no-training
chrc11,chrc01,cd3da8c8-6bd7-4717-8f4a-b136895e3626,chrc11,csrc13@display=no-training
chrc11,chrc01,6c67538e-6b84-46b3-bd4c-8c3389fbab32,chrc11,csrc13@display=no-training
chrc12,chrc12,e58844a6-5ea7-4ff9-84af-63ca198af1e2,chrc08,csrc11@display=no-training
chrc12,chrc12,091fadc3-64c7-48a1-8c46-a1233a3b21f1,chrc08,csrc11@display=no-training
chrc12,chrc08,433d4e34-b646-4538-941d-0a21131fb37c,chrc12,csrc11@display=no-training
chrc12,chrc12,f265067e-4156-41bf-a356-5489e7eb5f56,chrc08,csrc11@display=no-training
chrc12,chrc08,ca15c732-cfca-497b-90c1-3f5fbb0dd541,chrc12,csrc11@display=no-training
chrc12,chrc08,fc9666e5-30e9-47fc-9e00-bfb32a90cb5b,chrc12,csrc11@display=no-training
chrc12,chrc12,d10ee993-b3ae-434c-9a7b-a7d6ce66c776,chrc08,csrc11@display=no-training
chrc12,chrc12,58202c2c-6ed0-49f9-bd1c-0ee22c7dec66,chrc08,csrc11@display=no-training
chrc12,chrc08,585d8e35-90b2-450a-be37-2cef44ec5f71,chrc12,csrc11@display=no-training
chrc12,chrc08,0bf55f15-f420-47f7-affc-2654b7277ec7,chrc12,csrc11@display=no-training
chrc06,chrc01,5f9aaee4-8689-4753-9a70-a5d7dac11e95,chrc06,csrc14@display=no-training
chrc06,chrc01,e886d720-6d96-44b4-a38f-ef52c0aea62d,chrc06,csrc14@display=no-training
,chrc06,3613e7d6-5bdf-4926-bba2-7859e0b1f77b,chrc01,csrc14@display=no-training
chrc06,chrc06,551db687-32a7-4c5c-ad62-3702df23d258,chrc01,csrc14@display=no-training
chrc06,chrc06,32984cad-d2a2-4070-9903-e1bb08e62b3e,chrc01,csrc14@display=no-training
chrc06,chrc06,da8f040c-b701-44b5-ac7a-47f459e0f56a,chrc01,csrc14@display=no-training
chrc06,chrc01,a268d438-9f11-4978-8ad9-7ed49297521c,chrc06,csrc14@display=no-training
chrc06,chrc06,e7297da4-8b5e-4b1f-9e73-3e1484bc53f0,chrc01,csrc14@display=no-training
chrc01,chrc01,a1c9f1fa-39f5-4736-862d-35205a62f9dc,chrc06,csrc14@display=no-training
chrc06,chrc01,20ee2e43-5f41-4f76-b0c1-2ffe19f9602c,chrc06,csrc14@display=no-training
hrc12,hrc12,adefd39e-12cd-4c2a-aaa3-98f584c5c723,original,src01@display=no-training
original,hrc12,32899118-d8fd-46ad-b83a-9e8ce0bdc1c7,original,src01@display=no-training
original,original,df4292d0-100f-419b-bb47-77f336b78a08,hrc12,src01@display=no-training
original,original,c932f144-695e-4b65-8153-5d7ba538f1b1,hrc12,src01@display=no-training
original,original,4f51ccc9-748a-455c-a276-65a0686f7ad8,hrc12,src01@display=no-training
original,original,3a031695-b20f-4ff1-803d-2611342ac2de,hrc12,src01@display=no-training
original,hrc12,dfac2e10-076c-4c94-b7a2-509a29363a96,original,src01@display=no-training
original,hrc12,e0797398-ff1b-4cd6-9229-a59d2a290e80,original,src01@display=no-training
,hrc12,b1be1c63-dc1e-454a-9783-8aac04ad515d,original,src01@display=no-training
original,hrc12,189cc04f-5b5b-45ea-be05-e4f97f0b529b,original,src01@display=no-training
hrc02,hrc05,76d6bfe0-55a2-4a6c-b431-2ec5bf75cee1,hrc02,src02@display=no-training
hrc02,hrc05,4a0a8685-4887-49fe-b267-09c0f3258c10,hrc02,src02@display=no-training
hrc05,hrc02,febbbfd7-f167-40e7-82f3-57fd12d35fdc,hrc05,src02@display=no-training
hrc02,hrc05,28f3ffe7-8eb8-4a16-9663-0a71ff4feb38,hrc02,src02@display=no-training
hrc02,hrc02,4bb7ddad-6f61-4af0-a929-abcc95347a33,hrc05,src02@display=no-training
hrc02,hrc02,a6af3dc2-604d-4e26-9f55-4c28c4160630,hrc05,src02@display=no-training
hrc02,hrc05,33e83277-87c9-40aa-9ef4-04f73519dc05,hrc02,src02@display=no-training
hrc02,hrc02,4cd37b8a-abc7-4359-a9e7-c17bee48ee62,hrc05,src02@display=no-training
hrc02,hrc05,42943899-85e5-447e-9c10-8493fc71be73,hrc02,src02@display=no-training
hrc02,hrc05,eb574414-bf4c-4dbe-bd80-1f14e0b9c5c7,hrc02,src02@display=no-training
original,chrc05,085d2fd6-2fec-4af4-a870-d2963b430267,original,csrc13@display=no-training
original,original,8bf8e043-0dfe-4d04-bed8-5faea6c6c4c4,chrc05,csrc13@display=no-training
original,original,65392d93-283c-4079-b9ae-ce016ea883f6,chrc05,csrc13@display=no-training
original,original,4739f5c7-b987-4c87-8af7-0a28b32df1b7,chrc05,csrc13@display=no-training
chrc05,chrc05,7874da72-8ea1-4e57-abe0-af1f5b35cf3a,original,csrc13@display=no-training
original,chrc05,882969fc-cb3f-463a-ae31-0d7c32898c9f,original,csrc13@display=no-training
original,original,9e25a404-4bfe-4e8c-8dec-e7c76c0c760a,chrc05,csrc13@display=no-training
original,chrc05,89ffb17a-c99a-4e69-b200-2fd8e129e584,original,csrc13@display=no-training
original,chrc05,4286ceb2-7535-49c7-ae3e-0a69c7960068,original,csrc13@display=no-training
original,chrc05,798ea17c-f39f-4bc5-94bc-74a3062693f7,original,csrc13@display=no-training
hrc09,hrc09,f12b829d-b55b-4c7c-830a-48c568c8601d,hrc13,src02@display=no-training
hrc09,hrc13,fd620d26-73f0-45d6-bfe5-7b47eb755676,hrc09,src02@display=no-training
hrc09,hrc13,3a25c1af-1c65-4d09-a99f-d8dcf43ebb15,hrc09,src02@display=no-training
hrc09,hrc09,c0f8aa5b-3cf4-493d-b074-c742adeec0bb,hrc13,src02@display=no-training
hrc09,hrc13,8ca53498-0bb4-4db3-a610-fdc0cfa8e85a,hrc09,src02@display=no-training
hrc09,hrc09,5fb511a7-580f-4be2-9e53-b66cd6b5246a,hrc13,src02@display=no-training
hrc09,hrc13,d39c9f82-0592-46e7-bfbb-7b637638d43b,hrc09,src02@display=no-training
hrc09,hrc09,dd5b36e2-1bd9-4001-a709-c16dd679568a,hrc13,src02@display=no-training
hrc09,hrc13,e57f0c1a-193e-4e7e-ad4a-41d517aa388f,hrc09,src02@display=no-training
hrc09,hrc13,413023ed-9827-460b-8769-d4497645a297,hrc09,src02@display=no-training
hrc08,hrc02,e03f8435-2142-45a7-a15c-ecf62ea4f916,hrc08,src01@display=no-training
hrc02,hrc08,23cdd1ed-fe00-4deb-8ca7-db975f43a835,hrc02,src01@display=no-training
,hrc02,d35fe353-da0b-4b73-af6a-0993d3199c77,hrc08,src01@display=no-training
hrc02,hrc08,3c7ef17b-e826-4055-83ba-6a771c08659a,hrc02,src01@display=no-training
hrc08,hrc02,3f6f7d1f-5885-4133-a799-55fe9e5a3cd2,hrc08,src01@display=no-training
hrc02,hrc08,a743ec39-7c4a-4a5e-af3d-ef34d1f878ef,hrc02,src01@display=no-training
hrc02,hrc02,31ca5cac-d2b2-4d89-b282-f15c708df086,hrc08,src01@display=no-training
hrc08,hrc02,c16ea7fc-f3f0-4ec9-bca4-b83eb9159aa1,hrc08,src01@display=no-training
,hrc08,42cf276e-584f-459f-92b9-c2966ba7f50e,hrc02,src01@display=no-training
hrc02,hrc08,72f9a380-16df-4b12-b1ab-9dda8acc360a,hrc02,src01@display=no-training
chrc05,chrc06,ebdd1319-f262-41ca-aba9-aabc27f9c28a,chrc05,csrc14@display=no-training
chrc05,chrc05,676769ee-ffa7-4de5-81aa-002ebbd70d74,chrc06,csrc14@display=no-training
chrc05,chrc05,7ff3ca3e-cf96-4966-a02a-b9eab26a658b,chrc06,csrc14@display=no-training
chrc05,chrc05,ddcfd680-b0b1-4163-af51-6bc0fbc21a5f,chrc06,csrc14@display=no-training
chrc05,chrc05,585d8e35-90b2-450a-be37-2cef44ec5f71,chrc06,csrc14@display=no-training
chrc05,chrc06,722bc5b0-1968-480d-b0b6-f15b25ae5ec6,chrc05,csrc14@display=no-training
chrc05,chrc06,9bf342e3-6f22-490b-b00b-372d2a7d8199,chrc05,csrc14@display=no-training
chrc05,chrc05,6d0409d3-a58a-4600-9d50-620749517832,chrc06,csrc14@display=no-training
chrc05,chrc05,2dc294c9-e2ad-4de1-a9d0-cd71bbb77208,chrc06,csrc14@display=no-training
chrc05,chrc06,e79fa7fb-62cf-4b20-8b29-1cd64f2820a4,chrc05,csrc14@display=no-training
chrc01,chrc07,29c269f6-6a68-452f-966a-32a3b90781a1,chrc01,csrc12@display=no-training
chrc01,chrc01,085ea3db-2334-44ab-8798-14e7badbe0c6,chrc07,csrc12@display=no-training
chrc01,chrc07,8d17603d-66f1-4773-afa0-a9d1c2441752,chrc01,csrc12@display=no-training
chrc01,chrc07,f6e9c70a-c31e-4e0c-9454-2796cd957b8f,chrc01,csrc12@display=no-training
chrc01,chrc01,33646442-3d35-4986-9939-550b7bd59125,chrc07,csrc12@display=no-training
chrc01,chrc01,45764b9e-1aaf-4afb-89d1-6d2cc38d7c1a,chrc07,csrc12@display=no-training
chrc01,chrc01,e4f818a1-7ee9-47f2-81ca-391cad0569a5,chrc07,csrc12@display=no-training
chrc01,chrc01,c3401f48-cfd7-4f88-b4f3-ec9dc22b55f8,chrc07,csrc12@display=no-training
chrc01,chrc01,9d32f287-7a5a-4287-9f48-10a44fcb3304,chrc07,csrc12@display=no-training
chrc01,chrc07,c6346704-bff8-407a-af84-b379478d3cd2,chrc01,csrc12@display=no-training
hrc20,hrc20,106526b1-77b2-4d00-b5b0-5b7e929f1444,hrc09,src01@display=no-training
hrc20,hrc09,dd0b4014-ce60-4ca7-ab3d-8d9ff47766fd,hrc20,src01@display=no-training
hrc20,hrc20,a6af3dc2-604d-4e26-9f55-4c28c4160630,hrc09,src01@display=no-training
hrc20,hrc09,f34d42ab-f3d5-493e-8f12-2070d370cbea,hrc20,src01@display=no-training
hrc20,hrc20,fcb49f3d-24e4-48f4-b819-5a1d0dd9a3ab,hrc09,src01@display=no-training
hrc20,hrc20,febbbfd7-f167-40e7-82f3-57fd12d35fdc,hrc09,src01@display=no-training
hrc20,hrc20,33e83277-87c9-40aa-9ef4-04f73519dc05,hrc09,src01@display=no-training
hrc20,hrc20,d13f540e-6390-44ec-8862-c0cc3a81cc74,hrc09,src01@display=no-training
hrc09,hrc09,e3f0a209-352a-4445-aea0-2de5126ac546,hrc20,src01@display=no-training
hrc20,hrc20,103c01a6-1eb1-43e3-8bf6-689f6a997cb1,hrc09,src01@display=no-training
