answer,left_method,participant,right_method,test_case
R6,R1,741f8ac1-2a62-48f7-b028-0925baec2441,R6,Fountains@display=saliency_crop_720p
R6,R1,36554c81-f470-4557-a0cc-f5b3bc85895a,R6,Fountains@display=saliency_crop_720p
R6,R1,ee821f20-7194-4ffa-bdbc-e072c04c5b3f,R6,Fountains@display=saliency_crop_720p
R6,R6,d01ee4de-eeab-4fbd-8524-356106dc4056,R1,Fountains@display=saliency_crop_720p
R6,R6,b7b7e154-b9f7-4715-a884-59a87a3cb0d0,R1,Fountains@display=saliency_crop_720p
R6,R1,1870bf23-1292-48d3-8fb9-9d5e3a56898c,R6,Fountains@display=saliency_crop_720p
R6,R6,3fa656ef-3088-43f3-88f1-bd3153908047,R1,Fountains@display=saliency_crop_720p
R6,R6,24877cc4-7da9-4c23-922c-bd003dcee0a5,R1,Fountains@display=saliency_crop_720p
R6,R6,c91044c9-01f7-4e0e-ac46-9d55ad58d440,R1,Fountains@display=saliency_crop_720p
R6,R1,f2d19079-fad8-48e8-b00e-82da13d0335c,R6,Fountains@display=saliency_crop_720p
R6,R6,741f8ac1-2a62-48f7-b028-0925baec2441,R2,Marathon@display=saliency_crop_720p
R6,R2,9e5809d4-ad76-485b-8726-8fe59f60e525,R6,Marathon@display=saliency_crop_720p
R6,R6,1e98319b-af93-4d24-b03d-045a6661fdb5,R2,Marathon@display=saliency_crop_720p
R6,R6,150d3f2b-1194-4365-ab30-409e52b8b836,R2,Marathon@display=saliency_crop_720p
R6,R2,e0f20671-beda-4d0a-b37a-4495f6c53510,R6,Marathon@display=saliency_crop_720p
R6,R2,c7cb111c-5f37-4f24-8dfb-5959b2bf43c4,R6,Marathon@display=saliency_crop_720p
R6,R6,7f8aea63-96d6-4a3c-a4cf-af6310fc603a,R2,Marathon@display=saliency_crop_720p
R6,R2,bd7f5bfc-51a6-47a7-946e-773f7cd82298,R6,Marathon@display=saliency_crop_720p
R6,R2,e0c576ae-60ae-4a6c-9bbb-3bf76376eb49,R6,Marathon@display=saliency_crop_720p
R6,R2,f657943e-7379-41d8-b9ca-6085e8d87335,R6,Marathon@display=saliency_crop_720p
R5,R2,741f8ac1-2a62-48f7-b028-0925baec2441,R5,Mobile@display=saliency_crop_720p
R5,R5,a15bf945-b620-4e3f-b0c7-4b3591dbc1d9,R2,Mobile@display=saliency_crop_720p
R5,R5,0b7a0119-059f-4e1d-ad31-b02c334f46b1,R2,Mobile@display=saliency_crop_720p
R5,R2,b3162290-869f-4769-b470-8d2ec15f49c8,R5,Mobile@display=saliency_crop_720p
R2,R5,89c86263-551a-45a8-98ed-da85069c52cd,R2,Mobile@display=saliency_crop_720p
R5,R5,7e04804d-aea8-4485-a4e9-dc9bb4228542,R2,Mobile@display=saliency_crop_720p
,R5,e31059d9-bef0-476f-a45d-5e7896d8e306,R2,Mobile@display=saliency_crop_720p
R5,R5,0b1fc41b-322f-4aef-b351-3486e5787f69,R2,Mobile@display=saliency_crop_720p
R5,R2,2754ece0-2691-4586-94bd-8548288a77ce,R5,Mobile@display=saliency_crop_720p
R5,R2,f1cb2cc7-888f-4e68-b3f1-b266be4cddc3,R5,Mobile@display=saliency_crop_720p
R6,R4,741f8ac1-2a62-48f7-b028-0925baec2441,R6,Wood@display=saliency_crop_720p
R4,R6,0f88c0c9-72ba-4659-95dc-9720cd2bf6be,R4,Wood@display=saliency_crop_720p
R6,R6,2016b457-b3ea-4362-8268-5d9ccb7069a7,R4,Wood@display=saliency_crop_720p
R4,R4,6bcbf25a-c4a1-46c6-8ebf-c5345a553a15,R6,Wood@display=saliency_crop_720p
,R6,89c86263-551a-45a8-98ed-da85069c52cd,R4,Wood@display=saliency_crop_720p
R4,R6,451fa2e5-e97f-4b99-90ab-d7660e24eae1,R4,Wood@display=saliency_crop_720p
R6,R6,b06ea5c9-b548-4926-b4db-76f085a56d9c,R4,Wood@display=saliency_crop_720p
,R6,2b276ada-898a-4e8e-8a8c-fb4ec9b447ba,R4,Wood@display=saliency_crop_720p
R6,R6,8374c149-4680-4d9c-bc86-4210195afbb5,R4,Wood@display=saliency_crop_720p
R4,R6,eda68cb8-1e4e-4421-9ce1-2caf6b8df80e,R4,Wood@display=saliency_crop_720p
R5,R5,741f8ac1-2a62-48f7-b028-0925baec2441,R3,Coastguard@display=saliency_crop_720p
R3,R5,54ac11ca-520a-490a-9b24-e07dfc89fe74,R3,Coastguard@display=saliency_crop_720p
R5,R5,0ddf447f-af8a-46a9-959b-ad5962feb3ec,R3,Coastguard@display=saliency_crop_720p
R5,R5,ae5d414d-af8a-42b7-923a-5b36f6f5af7f,R3,Coastguard@display=saliency_crop_720p
,R3,50785f09-5f3b-43e8-a7c9-df4a6f8c5995,R5,Coastguard@display=saliency_crop_720p
R5,R5,d6afd701-716f-4c9a-8c7c-d8e857ac7e6d,R3,Coastguard@display=saliency_crop_720p
R3,R3,0b1fc41b-322f-4aef-b351-3486e5787f69,R5,Coastguard@display=saliency_crop_720p
R5,R3,7527db76-0b02-4712-be81-bdf99a306513,R5,Coastguard@display=saliency_crop_720p
R5,R5,0f6a550a-24ac-4ffd-b841-9e3b88c556d9,R3,Coastguard@display=saliency_crop_720p
R5,R5,ad2dbf7a-7ce9-493d-9c43-4e368f58da47,R3,Coastguard@display=saliency_crop_720p
R6,R2,741f8ac1-2a62-48f7-b028-0925baec2441,R6,Coastguard@display=saliency_crop_720p
R6,R6,c284e74e-3d25-475f-9345-f57f7aeae706,R2,Coastguard@display=saliency_crop_720p
R6,R6,13426a53-421c-4362-8f41-14152d68ff4a,R2,Coastguard@display=saliency_crop_720p
R6,R6,281613c6-59bc-4f69-bba7-11aa5b09b21d,R2,Coastguard@display=saliency_crop_720p
R6,R6,889cff2b-8aa8-4f4e-900d-3fd66fcbb09f,R2,Coastguard@display=saliency_crop_720p
R6,R6,2ecb19f3-dbd9-49ec-8a1d-87027edfc214,R2,Coastguard@display=saliency_crop_720p
R6,R6,7f8aea63-96d6-4a3c-a4cf-af6310fc603a,R2,Coastguard@display=saliency_crop_720p
R6,R6,09b49f0a-1565-4274-b0cd-9cc56bfc5117,R2,Coastguard@display=saliency_crop_720p
R6,R2,f3df28f2-b3a2-4101-8215-106abe4b7509,R6,Coastguard@display=saliency_crop_720p
R6,R2,050adc5c-523f-4141-ac89-2f5ae0ab9c5d,R6,Coastguard@display=saliency_crop_720p
R6,R6,741f8ac1-2a62-48f7-b028-0925baec2441,R5,Marathon@display=saliency_crop_720p
,R6,ae5d414d-af8a-42b7-923a-5b36f6f5af7f,R5,Marathon@display=saliency_crop_720p
R5,R5,13426a53-421c-4362-8f41-14152d68ff4a,R6,Marathon@display=saliency_crop_720p
,R6,b9716331-526c-45d1-8be7-d0dddef7c60a,R5,Marathon@display=saliency_crop_720p
R6,R5,2ecb19f3-dbd9-49ec-8a1d-87027edfc214,R6,Marathon@display=saliency_crop_720p
R6,R5,0b711778-9ee1-4fdc-9641-56f076a06caf,R6,Marathon@display=saliency_crop_720p
,R6,a746f1e5-0459-459f-b5ed-e86d4c185174,R5,Marathon@display=saliency_crop_720p
R6,R6,9de6ddbf-ea31-49d6-aa57-4d09d18770b6,R5,Marathon@display=saliency_crop_720p
R5,R6,d1226590-6359-4cac-88f3-dec750222bfa,R5,Marathon@display=saliency_crop_720p
R6,R5,f2d19079-fad8-48e8-b00e-82da13d0335c,R6,Marathon@display=saliency_crop_720p
R2,R1,741f8ac1-2a62-48f7-b028-0925baec2441,R2,Runners@display=saliency_crop_720p
R2,R1,0f88c0c9-72ba-4659-95dc-9720cd2bf6be,R2,Runners@display=saliency_crop_720p
R2,R1,2016b457-b3ea-4362-8268-5d9ccb7069a7,R2,Runners@display=saliency_crop_720p
R2,R2,c1233c78-9911-4cf3-96ce-705837796c43,R1,Runners@display=saliency_crop_720p
R2,R1,b1425010-e886-40da-8bb4-f5af11c1261d,R2,Runners@display=saliency_crop_720p
R2,R1,50785f09-5f3b-43e8-a7c9-df4a6f8c5995,R2,Runners@display=saliency_crop_720p
R2,R2,88a6a4db-205d-49ba-af66-9bf4bd061f36,R1,Runners@display=saliency_crop_720p
R2,R1,3f4cbe98-8b64-4a14-aa37-b7dd2a53b670,R2,Runners@display=saliency_crop_720p
R2,R1,f1cb2cc7-888f-4e68-b3f1-b266be4cddc3,R2,Runners@display=saliency_crop_720p
R2,R2,ad2dbf7a-7ce9-493d-9c43-4e368f58da47,R1,Runners@display=saliency_crop_720p
,R6,741f8ac1-2a62-48f7-b028-0925baec2441,R5,Fountains@display=saliency_crop_720p
R6,R5,2016b457-b3ea-4362-8268-5d9ccb7069a7,R6,Fountains@display=saliency_crop_720p
R5,R6,74ff9857-1648-4ead-9e1d-bc5021209b22,R5,Fountains@display=saliency_crop_720p
R5,R6,d90616ad-9eb8-42d7-8453-625141773072,R5,Fountains@display=saliency_crop_720p
,R6,89d548e9-3b95-4982-a9d6-c108023058b8,R5,Fountains@display=saliency_crop_720p
R5,R6,9daf50bb-5031-4a91-afcc-4e50ecb00427,R5,Fountains@display=saliency_crop_720p
R5,R5,25633ea9-2d37-4e57-b7e4-16e0ddaedda2,R6,Fountains@display=saliency_crop_720p
R6,R5,0a258512-3acd-455f-8ddb-03715c16106c,R6,Fountains@display=saliency_crop_720p
R6,R5,d1226590-6359-4cac-88f3-dec750222bfa,R6,Fountains@display=saliency_crop_720p
,R5,4ea401ab-55bd-4ef4-80de-8c52b604f2cb,R6,Fountains@display=saliency_crop_720p
,R6,741f8ac1-2a62-48f7-b028-0925baec2441,R3,Wood@display=saliency_crop_720p
R6,R3,8c8ca989-c073-4802-ad1c-d94d279b28ba,R6,Wood@display=saliency_crop_720p
R6,R3,13426a53-421c-4362-8f41-14152d68ff4a,R6,Wood@display=saliency_crop_720p
R6,R3,03918ae8-2ee6-4b4f-bc00-6f9e5dcb5855,R6,Wood@display=saliency_crop_720p
R6,R3,451fa2e5-e97f-4b99-90ab-d7660e24eae1,R6,Wood@display=saliency_crop_720p
R3,R3,c3f429a5-aa27-4510-a9c2-61669895dfcf,R6,Wood@display=saliency_crop_720p
R3,R6,a7c77be2-85d9-45d4-89d2-6e6664d42c09,R3,Wood@display=saliency_crop_720p
R6,R3,a164626b-c8af-4c0b-a5e9-b7a1ebdafffe,R6,Wood@display=saliency_crop_720p
R3,R6,0f6a550a-24ac-4ffd-b841-9e3b88c556d9,R3,Wood@display=saliency_crop_720p
R6,R3,21f869c7-f7a5-4fe3-99d4-3a6760f23d84,R6,Wood@display=saliency_crop_720p
R3,R3,7f809612-5236-4b57-b24f-a1349c654505,R2,Coastguard@display=saliency_crop_720p
R2,R3,9e5809d4-ad76-485b-8726-8fe59f60e525,R2,Coastguard@display=saliency_crop_720p
R3,R3,3c3b56ed-3741-4d48-bc40-f84ba10af9e5,R2,Coastguard@display=saliency_crop_720p
R3,R2,d90616ad-9eb8-42d7-8453-625141773072,R3,Coastguard@display=saliency_crop_720p
R3,R2,89ae69f0-ecd6-4afa-b505-5d7649a99cf7,R3,Coastguard@display=saliency_crop_720p
R3,R2,404031d7-47ed-41d5-af7f-5e07071b9ed8,R3,Coastguard@display=saliency_crop_720p
R3,R3,88a6a4db-205d-49ba-af66-9bf4bd061f36,R2,Coastguard@display=saliency_crop_720p
R3,R2,59ce8f4c-5087-40a5-9d45-9e0396ccfe36,R3,Coastguard@display=saliency_crop_720p
R3,R2,976350d6-8359-4ecb-8b4d-5f856f09f6e1,R3,Coastguard@display=saliency_crop_720p
R3,R3,e68ba270-158b-4ef3-828e-d229b5c4f93e,R2,Coastguard@display=saliency_crop_720p
R2,R2,7f809612-5236-4b57-b24f-a1349c654505,R3,Runners@display=saliency_crop_720p
,R3,3395f4d5-f9c9-4a33-a1e5-b46d0c5a5169,R2,Runners@display=saliency_crop_720p
,R2,977f5ed7-4a68-4e18-9cea-3b89f5958e68,R3,Runners@display=saliency_crop_720p
R2,R3,b7ec049a-b317-451f-890c-7a6206c37992,R2,Runners@display=saliency_crop_720p
R3,R2,02f37b74-f890-438c-b501-56c6f737b850,R3,Runners@display=saliency_crop_720p
,R3,bb555e13-3dc2-4bae-aebb-687073bd6696,R2,Runners@display=saliency_crop_720p
R2,R3,cb1a0aca-97dd-44c9-acb0-9292ae562bda,R2,Runners@display=saliency_crop_720p
R2,R2,2316ec74-84cd-4dc3-bb00-4296d577f866,R3,Runners@display=saliency_crop_720p
R3,R3,e42819ec-8638-46ef-8a60-347850133bc4,R2,Runners@display=saliency_crop_720p
R2,R3,f3df28f2-b3a2-4101-8215-106abe4b7509,R2,Runners@display=saliency_crop_720p
R6,R6,7f809612-5236-4b57-b24f-a1349c654505,R2,Runners@display=saliency_crop_720p
R6,R6,df46e5b6-1361-4a3f-a3d6-662d3f77e370,R2,Runners@display=saliency_crop_720p
R2,R2,184df185-1d74-4468-9ed0-0c8702c46ca8,R6,Runners@display=saliency_crop_720p
R6,R2,89c86263-551a-45a8-98ed-da85069c52cd,R6,Runners@display=saliency_crop_720p
R6,R6,8d903096-da8b-4bbf-a3b3-cb3aafc91e60,R2,Runners@display=saliency_crop_720p
R6,R2,38791d77-e2b3-4222-8410-53028a6ee0ca,R6,Runners@display=saliency_crop_720p
R2,R6,b25461e3-8554-4529-b350-f06f64c8f1d8,R2,Runners@display=saliency_crop_720p
R6,R6,9de6ddbf-ea31-49d6-aa57-4d09d18770b6,R2,Runners@display=saliency_crop_720p
R6,R6,0f6a550a-24ac-4ffd-b841-9e3b88c556d9,R2,Runners@display=saliency_crop_720p
R6,R2,ddac386f-edf8-4cc6-9dcb-5f766b67ba89,R6,Runners@display=saliency_crop_720p
R5,R6,7f809612-5236-4b57-b24f-a1349c654505,R5,Mobile@display=saliency_crop_720p
R5,R6,89af9b70-47f8-4bfe-86da-a21eaffabf9c,R5,Mobile@display=saliency_crop_720p
R6,R5,bef59a2b-ddd1-426f-b51a-44f8c046b19f,R6,Mobile@display=saliency_crop_720p
,R5,c1233c78-9911-4cf3-96ce-705837796c43,R6,Mobile@display=saliency_crop_720p
R6,R6,b3e01703-d5bd-46fc-a177-66a1b0ba1512,R5,Mobile@display=saliency_crop_720p
R5,R6,bb555e13-3dc2-4bae-aebb-687073bd6696,R5,Mobile@display=saliency_crop_720p
,R6,d6afd701-716f-4c9a-8c7c-d8e857ac7e6d,R5,Mobile@display=saliency_crop_720p
,R6,63e15e4a-afd7-496b-a690-c9a0fc039877,R5,Mobile@display=saliency_crop_720p
R6,R5,7089da54-462d-41f6-9846-808c4563d2f7,R6,Mobile@display=saliency_crop_720p
R6,R6,bb23da40-6486-42fe-8646-ad5ee9586d1b,R5,Mobile@display=saliency_crop_720p
R6,R6,7f809612-5236-4b57-b24f-a1349c654505,R1,Coastguard@display=saliency_crop_720p
R6,R1,25877507-c3b5-496c-82d5-8fb10915c045,R6,Coastguard@display=saliency_crop_720p
R6,R6,d09af4b6-629c-4769-8541-2780ea897297,R1,Coastguard@display=saliency_crop_720p
R6,R6,dd41bbe2-9aa2-4e5f-a780-8dd52a1d7ac9,R1,Coastguard@display=saliency_crop_720p
R6,R1,3c08870b-72d3-4453-8f00-c742a295abe5,R6,Coastguard@display=saliency_crop_720p
R6,R6,3b8ef142-e12e-4e1e-a55a-518a5d6a3a30,R1,Coastguard@display=saliency_crop_720p
R6,R1,e889d905-074a-4441-b4d4-da0913066e81,R6,Coastguard@display=saliency_crop_720p
R6,R6,45c970cc-8650-41bd-a84d-83e2a312609d,R1,Coastguard@display=saliency_crop_720p
R6,R1,ddac386f-edf8-4cc6-9dcb-5f766b67ba89,R6,Coastguard@display=saliency_crop_720p
R6,R1,02a36236-600c-4d2d-bac6-911989aa18ab,R6,Coastguard@display=saliency_crop_720p
R6,R6,7f809612-5236-4b57-b24f-a1349c654505,R5,Marathon@display=saliency_crop_720p
R6,R6,7038c718-8872-4a90-8727-551f1026825c,R5,Marathon@display=saliency_crop_720p
,R5,6c4bf991-9e48-493b-8a57-fa8eda5143f7,R6,Marathon@display=saliency_crop_720p
R6,R5,e3c97b5a-bd35-45f7-af6f-5071d786ce6d,R6,Marathon@display=saliency_crop_720p
,R6,f97debc6-c942-4a3b-8401-944fcc699990,R5,Marathon@display=saliency_crop_720p
R5,R5,fd82f5f2-dbad-4673-94e8-6374d5c887de,R6,Marathon@display=saliency_crop_720p
,R6,e31059d9-bef0-476f-a45d-5e7896d8e306,R5,Marathon@display=saliency_crop_720p
R5,R5,e42819ec-8638-46ef-8a60-347850133bc4,R6,Marathon@display=saliency_crop_720p
,R5,f929555f-b198-4089-ba97-c458a694db91,R6,Marathon@display=saliency_crop_720p
R6,R5,4273074b-8761-4f94-8902-8ca3acba618c,R6,Marathon@display=saliency_crop_720p
R4,R3,7f809612-5236-4b57-b24f-a1349c654505,R4,Marathon@display=saliency_crop_720p
R4,R4,ee821f20-7194-4ffa-bdbc-e072c04c5b3f,R3,Marathon@display=saliency_crop_720p
,R4,915b1e8c-d82f-4b9a-901d-45904ef15ccd,R3,Marathon@display=saliency_crop_720p
R4,R4,3a54e371-0526-47e9-9190-3a1e1d7e98e5,R3,Marathon@display=saliency_crop_720p
,R3,bb555e13-3dc2-4bae-aebb-687073bd6696,R4,Marathon@display=saliency_crop_720p
R4,R4,ff6a0bae-170c-49e1-8f2f-b77d4ec2558b,R3,Marathon@display=saliency_crop_720p
R3,R4,95710843-53a6-4ce1-8187-bcabc14214bd,R3,Marathon@display=saliency_crop_720p
R4,R4,dc28f189-59e3-4c5e-9323-03ef7f5e2d97,R3,Marathon@display=saliency_crop_720p
,R4,bb23da40-6486-42fe-8646-ad5ee9586d1b,R3,Marathon@display=saliency_crop_720p
,R3,2a84694e-dc72-4256-9473-dbba201e4b59,R4,Marathon@display=saliency_crop_720p
R5,R1,7f809612-5236-4b57-b24f-a1349c654505,R5,Fountains@display=saliency_crop_720p
R5,R1,18a795a2-dcc4-4415-b6a7-fc00d1e99141,R5,Fountains@display=saliency_crop_720p
R5,R1,7312338a-e511-45a5-96cd-d6ea25016b2f,R5,Fountains@display=saliency_crop_720p
R5,R1,3c3b56ed-3741-4d48-bc40-f84ba10af9e5,R5,Fountains@display=saliency_crop_720p
R5,R1,d01ee4de-eeab-4fbd-8524-356106dc4056,R5,Fountains@display=saliency_crop_720p
R5,R1,49238b08-9aa6-43ad-836c-c4a77df0066d,R5,Fountains@display=saliency_crop_720p
R5,R5,a88c1e63-cc97-4ea2-bf46-496ac4a1d26b,R1,Fountains@display=saliency_crop_720p
R5,R5,738a8833-ff22-4cc4-9d40-dcacfa02ee12,R1,Fountains@display=saliency_crop_720p
R5,R5,c91044c9-01f7-4e0e-ac46-9d55ad58d440,R1,Fountains@display=saliency_crop_720p
R5,R5,a948b6d6-12f1-4314-b21c-8cd2b65c5e08,R1,Fountains@display=saliency_crop_720p
R6,R3,9d3c2c90-3ee0-4c70-839b-dea46464e009,R6,Fountains@display=saliency_crop_720p
R3,R3,7e810e2b-a60a-4c56-b884-c162d90d6c9a,R6,Fountains@display=saliency_crop_720p
R6,R3,5da16ddd-4449-494c-8353-cca728fda8ce,R6,Fountains@display=saliency_crop_720p
R6,R3,c1233c78-9911-4cf3-96ce-705837796c43,R6,Fountains@display=saliency_crop_720p
R6,R6,46a9eff0-38e5-4216-9855-253317f501bd,R3,Fountains@display=saliency_crop_720p
R6,R3,4ebbe1dc-912a-4e52-88f6-ac59dd632f59,R6,Fountains@display=saliency_crop_720p
R6,R3,b18f7082-e656-4f3b-8b2a-b4f9859f2591,R6,Fountains@display=saliency_crop_720p
R6,R6,672abb9a-33b8-4db0-b227-b8e20ccefd06,R3,Fountains@display=saliency_crop_720p
R6,R3,a164626b-c8af-4c0b-a5e9-b7a1ebdafffe,R6,Fountains@display=saliency_crop_720p
R3,R3,814102c1-d84b-467d-975c-2ccadcdd1608,R6,Fountains@display=saliency_crop_720p
R1,R1,9d3c2c90-3ee0-4c70-839b-dea46464e009,R5,Coastguard@display=saliency_crop_720p
R5,R5,d537e91d-3672-4039-9598-31666298902b,R1,Coastguard@display=saliency_crop_720p
R5,R5,11d5e43f-aea9-4ca3-9cd6-0be5e30054ea,R1,Coastguard@display=saliency_crop_720p
R5,R5,02f37b74-f890-438c-b501-56c6f737b850,R1,Coastguard@display=saliency_crop_720p
R5,R5,c1ab6b5a-8150-4b61-aa8f-21f9aa057180,R1,Coastguard@display=saliency_crop_720p
R5,R5,d44108b6-a212-47ec-8a3f-31a7e26e8c3d,R1,Coastguard@display=saliency_crop_720p
R5,R1,13e9ddfd-2240-45d1-abba-341ee311ead2,R5,Coastguard@display=saliency_crop_720p
R5,R1,6f14afce-e86b-4111-9ccf-3b1ea7d2db16,R5,Coastguard@display=saliency_crop_720p
R5,R1,17c3b1b8-7cdd-490f-afbc-d8eece8cb422,R5,Coastguard@display=saliency_crop_720p
R5,R1,f786a5a6-ad19-416f-a3d6-b79e7937e385,R5,Coastguard@display=saliency_crop_720p
R4,R4,9d3c2c90-3ee0-4c70-839b-dea46464e009,R6,Wood@display=saliency_crop_720p
R6,R4,a15bf945-b620-4e3f-b0c7-4b3591dbc1d9,R6,Wood@display=saliency_crop_720p
R6,R4,4428e8f1-427f-45b3-a6c9-7978ec3021a9,R6,Wood@display=saliency_crop_720p
R4,R6,99d0c997-17d3-49ee-a79c-52899e517adb,R4,Wood@display=saliency_crop_720p
R6,R4,edf59e18-8621-49ba-a818-96825286522a,R6,Wood@display=saliency_crop_720p
R6,R4,95710843-53a6-4ce1-8187-bcabc14214bd,R6,Wood@display=saliency_crop_720p
R6,R4,e889d905-074a-4441-b4d4-da0913066e81,R6,Wood@display=saliency_crop_720p
R4,R6,565b6435-19ae-4544-915a-0ac71b987e39,R4,Wood@display=saliency_crop_720p
,R6,21f869c7-f7a5-4fe3-99d4-3a6760f23d84,R4,Wood@display=saliency_crop_720p
R6,R4,050adc5c-523f-4141-ac89-2f5ae0ab9c5d,R6,Wood@display=saliency_crop_720p
R2,R2,9d3c2c90-3ee0-4c70-839b-dea46464e009,R1,Fountains@display=saliency_crop_720p
R2,R1,1e98319b-af93-4d24-b03d-045a6661fdb5,R2,Fountains@display=saliency_crop_720p
,R2,b3162290-869f-4769-b470-8d2ec15f49c8,R1,Fountains@display=saliency_crop_720p
R2,R2,87ab35d8-4c37-47d1-9b22-1829dc5dc3c4,R1,Fountains@display=saliency_crop_720p
R2,R2,fef3ddd3-cb8d-4874-a0a3-029156d7349c,R1,Fountains@display=saliency_crop_720p
R2,R2,cb1a0aca-97dd-44c9-acb0-9292ae562bda,R1,Fountains@display=saliency_crop_720p
R2,R2,e42819ec-8638-46ef-8a60-347850133bc4,R1,Fountains@display=saliency_crop_720p
R2,R2,f657943e-7379-41d8-b9ca-6085e8d87335,R1,Fountains@display=saliency_crop_720p
R2,R2,2c8ac8f7-daf5-4ec3-bc54-c7339655128d,R1,Fountains@display=saliency_crop_720p
R2,R1,8188593a-accb-49a1-86d7-c617b9f1fa35,R2,Fountains@display=saliency_crop_720p
R3,R1,9d3c2c90-3ee0-4c70-839b-dea46464e009,R3,Mobile@display=saliency_crop_720p
R3,R1,3704e14e-9fae-41bf-9343-c43eeb127d43,R3,Mobile@display=saliency_crop_720p
,R3,184df185-1d74-4468-9ed0-0c8702c46ca8,R1,Mobile@display=saliency_crop_720p
R3,R1,d9398397-65f2-452c-bd63-2438d388fb9b,R3,Mobile@display=saliency_crop_720p
R3,R3,451fa2e5-e97f-4b99-90ab-d7660e24eae1,R1,Mobile@display=saliency_crop_720p
R3,R3,2e350e47-8ffe-4c00-b51b-1e8deaa2c539,R1,Mobile@display=saliency_crop_720p
R3,R3,b18f7082-e656-4f3b-8b2a-b4f9859f2591,R1,Mobile@display=saliency_crop_720p
R3,R3,e8f411fc-2246-470e-88cc-9044aa75cdfe,R1,Mobile@display=saliency_crop_720p
R3,R3,8188593a-accb-49a1-86d7-c617b9f1fa35,R1,Mobile@display=saliency_crop_720p
R3,R3,ddac386f-edf8-4cc6-9dcb-5f766b67ba89,R1,Mobile@display=saliency_crop_720p
R2,R2,9d3c2c90-3ee0-4c70-839b-dea46464e009,R3,Runners@display=saliency_crop_720p
,R2,0997f881-af21-482e-bb00-b8158ad0df70,R3,Runners@display=saliency_crop_720p
R2,R2,be797be2-8e88-4f13-a0a5-38c6619fe390,R3,Runners@display=saliency_crop_720p
R3,R2,f97debc6-c942-4a3b-8401-944fcc699990,R3,Runners@display=saliency_crop_720p
R3,R2,7e04804d-aea8-4485-a4e9-dc9bb4228542,R3,Runners@display=saliency_crop_720p
R3,R2,9daf50bb-5031-4a91-afcc-4e50ecb00427,R3,Runners@display=saliency_crop_720p
R3,R3,e42819ec-8638-46ef-8a60-347850133bc4,R2,Runners@display=saliency_crop_720p
R3,R2,da7b3dc2-1c27-42c2-922c-e52ee70d3b7a,R3,Runners@display=saliency_crop_720p
R3,R3,a164626b-c8af-4c0b-a5e9-b7a1ebdafffe,R2,Runners@display=saliency_crop_720p
R2,R3,b5c8a9c7-e79a-48e8-8112-27fad4f3990d,R2,Runners@display=saliency_crop_720p
R5,R5,9d3c2c90-3ee0-4c70-839b-dea46464e009,R1,Wood@display=saliency_crop_720p
R5,R1,7e810e2b-a60a-4c56-b884-c162d90d6c9a,R5,Wood@display=saliency_crop_720p
R5,R5,301e5596-ccd9-4341-b590-605122658e80,R1,Wood@display=saliency_crop_720p
R5,R5,87ab35d8-4c37-47d1-9b22-1829dc5dc3c4,R1,Wood@display=saliency_crop_720p
R5,R1,827cca51-8a75-4ea5-ae3b-a7f7cda0bb49,R5,Wood@display=saliency_crop_720p
R5,R1,2e350e47-8ffe-4c00-b51b-1e8deaa2c539,R5,Wood@display=saliency_crop_720p
R1,R5,616bd94d-0f79-44d6-b065-1dc3a733815b,R1,Wood@display=saliency_crop_720p
R5,R5,a59d9c3c-5f98-4c36-9fdd-923ec879fa4a,R1,Wood@display=saliency_crop_720p
R5,R5,a164626b-c8af-4c0b-a5e9-b7a1ebdafffe,R1,Wood@display=saliency_crop_720p
R5,R1,f657943e-7379-41d8-b9ca-6085e8d87335,R5,Wood@display=saliency_crop_720p
R3,R3,9d3c2c90-3ee0-4c70-839b-dea46464e009,R1,Coastguard@display=saliency_crop_720p
R3,R3,3c85e6af-6d69-40c3-a902-e565a7703815,R1,Coastguard@display=saliency_crop_720p
R1,R3,ee821f20-7194-4ffa-bdbc-e072c04c5b3f,R1,Coastguard@display=saliency_crop_720p
,R1,edacfcf4-81fb-48d0-8e71-034582b726b6,R3,Coastguard@display=saliency_crop_720p
R3,R1,8cd3a3d2-8780-4e0f-baf0-4e586dc6ea1d,R3,Coastguard@display=saliency_crop_720p
R3,R1,2ecb19f3-dbd9-49ec-8a1d-87027edfc214,R3,Coastguard@display=saliency_crop_720p
R3,R3,468683f9-b2bc-4566-bd36-13c7ebd4653b,R1,Coastguard@display=saliency_crop_720p
R3,R1,fe694a50-b355-4c22-93f7-f10ed297818c,R3,Coastguard@display=saliency_crop_720p
,R1,17c3b1b8-7cdd-490f-afbc-d8eece8cb422,R3,Coastguard@display=saliency_crop_720p
R3,R3,e4981e4b-89a7-4998-bb0c-fa7801ffc85d,R1,Coastguard@display=saliency_crop_720p
R6,R2,36554c81-f470-4557-a0cc-f5b3bc85895a,R6,Mobile@display=saliency_crop_720p
R6,R2,301e5596-ccd9-4341-b590-605122658e80,R6,Mobile@display=saliency_crop_720p
R6,R2,0ddf447f-af8a-46a9-959b-ad5962feb3ec,R6,Mobile@display=saliency_crop_720p
R6,R6,11d5e43f-aea9-4ca3-9cd6-0be5e30054ea,R2,Mobile@display=saliency_crop_720p
R6,R6,3fa656ef-3088-43f3-88f1-bd3153908047,R2,Mobile@display=saliency_crop_720p
R6,R6,a7c77be2-85d9-45d4-89d2-6e6664d42c09,R2,Mobile@display=saliency_crop_720p
R6,R2,91ff490d-9ede-4421-8ebe-d1921121b016,R6,Mobile@display=saliency_crop_720p
R6,R2,e4b69059-2d82-45f3-9716-0da84e361c7d,R6,Mobile@display=saliency_crop_720p
R6,R2,f3df28f2-b3a2-4101-8215-106abe4b7509,R6,Mobile@display=saliency_crop_720p
R6,R2,21f869c7-f7a5-4fe3-99d4-3a6760f23d84,R6,Mobile@display=saliency_crop_720p
R6,R1,36554c81-f470-4557-a0cc-f5b3bc85895a,R6,Mobile@display=saliency_crop_720p
R6,R6,255b3f30-8e77-4ed4-aae6-af54b9cecfde,R1,Mobile@display=saliency_crop_720p
R6,R6,df46e5b6-1361-4a3f-a3d6-662d3f77e370,R1,Mobile@display=saliency_crop_720p
R6,R6,a4599144-137a-49f5-8efa-5af9b1dd69ff,R1,Mobile@display=saliency_crop_720p
,R1,b7b7e154-b9f7-4715-a884-59a87a3cb0d0,R6,Mobile@display=saliency_crop_720p
R6,R6,ff6a0bae-170c-49e1-8f2f-b77d4ec2558b,R1,Mobile@display=saliency_crop_720p
R6,R6,25633ea9-2d37-4e57-b7e4-16e0ddaedda2,R1,Mobile@display=saliency_crop_720p
R6,R6,7e026835-513f-4612-847f-404c005fe10a,R1,Mobile@display=saliency_crop_720p
R6,R6,1df3e3f9-0906-4863-84c9-5aaae5983afd,R1,Mobile@display=saliency_crop_720p
R6,R6,4273074b-8761-4f94-8902-8ca3acba618c,R1,Mobile@display=saliency_crop_720p
R4,R2,36554c81-f470-4557-a0cc-f5b3bc85895a,R4,Runners@display=saliency_crop_720p
R4,R4,aa0774ee-42ab-43d9-8f77-34cae831cbee,R2,Runners@display=saliency_crop_720p
R4,R2,1bdfcec9-fa8e-43ea-bf16-3c5222d01fd4,R4,Runners@display=saliency_crop_720p
R4,R2,4428e8f1-427f-45b3-a6c9-7978ec3021a9,R4,Runners@display=saliency_crop_720p
R4,R4,c7cb111c-5f37-4f24-8dfb-5959b2bf43c4,R2,Runners@display=saliency_crop_720p
R4,R4,2316ec74-84cd-4dc3-bb00-4296d577f866,R2,Runners@display=saliency_crop_720p
R4,R2,519b827f-a3f3-4046-b7dc-53d0bc3590e9,R4,Runners@display=saliency_crop_720p
R4,R2,e4b69059-2d82-45f3-9716-0da84e361c7d,R4,Runners@display=saliency_crop_720p
R4,R4,9fcac6e5-4916-4f9a-a50c-72cc52db8389,R2,Runners@display=saliency_crop_720p
R4,R2,8188593a-accb-49a1-86d7-c617b9f1fa35,R4,Runners@display=saliency_crop_720p
R6,R1,36554c81-f470-4557-a0cc-f5b3bc85895a,R6,Marathon@display=saliency_crop_720p
R6,R6,915b1e8c-d82f-4b9a-901d-45904ef15ccd,R1,Marathon@display=saliency_crop_720p
R6,R6,b729a72c-bf5a-4f29-8017-2ccf349890a4,R1,Marathon@display=saliency_crop_720p
R6,R1,c284e74e-3d25-475f-9345-f57f7aeae706,R6,Marathon@display=saliency_crop_720p
R6,R1,4428e8f1-427f-45b3-a6c9-7978ec3021a9,R6,Marathon@display=saliency_crop_720p
R6,R6,bb56917a-dee1-475e-973e-7c047c66be9a,R1,Marathon@display=saliency_crop_720p
R6,R1,15c34aa6-446e-4c4d-a566-a10828466312,R6,Marathon@display=saliency_crop_720p
R6,R6,2316ec74-84cd-4dc3-bb00-4296d577f866,R1,Marathon@display=saliency_crop_720p
R6,R6,47313c32-e907-4763-8b34-f1b57f7fbcb6,R1,Marathon@display=saliency_crop_720p
R6,R6,1df3e3f9-0906-4863-84c9-5aaae5983afd,R1,Marathon@display=saliency_crop_720p
R4,R4,d44108b6-a212-47ec-8a3f-31a7e26e8c3d,R3,Fountains@display=saliency_crop_720p
R4,R3,5ff9001e-676f-4805-ae82-e6ca16346167,R4,Fountains@display=saliency_crop_720p
R4,R3,4428e8f1-427f-45b3-a6c9-7978ec3021a9,R4,Fountains@display=saliency_crop_720p
R4,R4,b947a04a-0471-41a3-9d0d-a539a3306a26,R3,Fountains@display=saliency_crop_720p
,R4,b859b11b-3f2f-4a7b-8a38-06f221b9e766,R3,Fountains@display=saliency_crop_720p
R4,R3,5ff9001e-676f-4805-ae82-e6ca16346167,R4,Fountains@display=saliency_crop_720p
R4,R4,89af9b70-47f8-4bfe-86da-a21eaffabf9c,R3,Fountains@display=saliency_crop_720p
R4,R3,5ff9001e-676f-4805-ae82-e6ca16346167,R4,Fountains@display=saliency_crop_720p
R4,R4,32949c69-f2a6-477b-9c51-f43244d26fc2,R3,Fountains@display=saliency_crop_720p
R4,R3,1b6a749b-e218-4b4c-98bd-6e9b962b3fec,R4,Fountains@display=saliency_crop_720p
R5,R5,36554c81-f470-4557-a0cc-f5b3bc85895a,R2,Fountains@display=saliency_crop_720p
R5,R2,b3162290-869f-4769-b470-8d2ec15f49c8,R5,Fountains@display=saliency_crop_720p
R5,R2,edacfcf4-81fb-48d0-8e71-034582b726b6,R5,Fountains@display=saliency_crop_720p
R5,R5,ee51349e-87c9-40e7-bfff-6ac0d3a94834,R2,Fountains@display=saliency_crop_720p
R5,R2,b3e01703-d5bd-46fc-a177-66a1b0ba1512,R5,Fountains@display=saliency_crop_720p
R5,R2,d44108b6-a212-47ec-8a3f-31a7e26e8c3d,R5,Fountains@display=saliency_crop_720p
R5,R5,2bff4ead-ee8c-48d2-a69b-3dd279e3fd60,R2,Fountains@display=saliency_crop_720p
R5,R5,09b49f0a-1565-4274-b0cd-9cc56bfc5117,R2,Fountains@display=saliency_crop_720p
R5,R5,f3df28f2-b3a2-4101-8215-106abe4b7509,R2,Fountains@display=saliency_crop_720p
R5,R2,2a84694e-dc72-4256-9473-dbba201e4b59,R5,Fountains@display=saliency_crop_720p
,R5,36554c81-f470-4557-a0cc-f5b3bc85895a,R3,Marathon@display=saliency_crop_720p
,R3,984c33c3-2b12-4c2d-a9c1-bd571a942254,R5,Marathon@display=saliency_crop_720p
R5,R3,d9398397-65f2-452c-bd63-2438d388fb9b,R5,Marathon@display=saliency_crop_720p
R5,R5,29861f85-74aa-4b7d-a8cf-325a85339c2d,R3,Marathon@display=saliency_crop_720p
R3,R3,889cff2b-8aa8-4f4e-900d-3fd66fcbb09f,R5,Marathon@display=saliency_crop_720p
R5,R3,e61b2bb2-c827-4629-9d34-92c14aaa9c67,R5,Marathon@display=saliency_crop_720p
R5,R3,fe694a50-b355-4c22-93f7-f10ed297818c,R5,Marathon@display=saliency_crop_720p
,R5,1df3e3f9-0906-4863-84c9-5aaae5983afd,R3,Marathon@display=saliency_crop_720p
R5,R5,74dab9ad-dabe-4484-85f1-1dac4bd738f7,R3,Marathon@display=saliency_crop_720p
R5,R3,b5c8a9c7-e79a-48e8-8112-27fad4f3990d,R5,Marathon@display=saliency_crop_720p
,R4,36554c81-f470-4557-a0cc-f5b3bc85895a,R3,Wood@display=saliency_crop_720p
R3,R4,915b1e8c-d82f-4b9a-901d-45904ef15ccd,R3,Wood@display=saliency_crop_720p
R3,R4,a44c2467-fee9-42a9-abd6-3093cd007c91,R3,Wood@display=saliency_crop_720p
R3,R3,99d0c997-17d3-49ee-a79c-52899e517adb,R4,Wood@display=saliency_crop_720p
R4,R4,a96e1cbb-d957-490b-82a6-ceece82f5c0a,R3,Wood@display=saliency_crop_720p
,R3,d44108b6-a212-47ec-8a3f-31a7e26e8c3d,R4,Wood@display=saliency_crop_720p
,R4,2316ec74-84cd-4dc3-bb00-4296d577f866,R3,Wood@display=saliency_crop_720p
R4,R4,7527db76-0b02-4712-be81-bdf99a306513,R3,Wood@display=saliency_crop_720p
R3,R3,668a814c-5057-4e5d-933d-8bbfeb9dde28,R4,Wood@display=saliency_crop_720p
R3,R4,a639194a-e96d-4b67-b56f-1fd982f3fa3d,R3,Wood@display=saliency_crop_720p
,R2,36554c81-f470-4557-a0cc-f5b3bc85895a,R4,Mobile@display=saliency_crop_720p
R4,R2,9e5809d4-ad76-485b-8726-8fe59f60e525,R4,Mobile@display=saliency_crop_720p
R4,R2,3a54e371-0526-47e9-9190-3a1e1d7e98e5,R4,Mobile@display=saliency_crop_720p
R4,R2,d9398397-65f2-452c-bd63-2438d388fb9b,R4,Mobile@display=saliency_crop_720p
,R4,89d548e9-3b95-4982-a9d6-c108023058b8,R2,Mobile@display=saliency_crop_720p
R4,R4,8898a861-3dec-47ae-9e2e-8cd1ed844d2c,R2,Mobile@display=saliency_crop_720p
R4,R4,4c00a892-6d3c-4543-a3a6-ecd51578a665,R2,Mobile@display=saliency_crop_720p
R4,R4,59ce8f4c-5087-40a5-9d45-9e0396ccfe36,R2,Mobile@display=saliency_crop_720p
R4,R4,63e15e4a-afd7-496b-a690-c9a0fc039877,R2,Mobile@display=saliency_crop_720p
R4,R2,baf74719-ec87-4df6-b995-745a0b159942,R4,Mobile@display=saliency_crop_720p
,R5,36554c81-f470-4557-a0cc-f5b3bc85895a,R6,Wood@display=saliency_crop_720p
,R6,8c8ca989-c073-4802-ad1c-d94d279b28ba,R5,Wood@display=saliency_crop_720p
R6,R6,184df185-1d74-4468-9ed0-0c8702c46ca8,R5,Wood@display=saliency_crop_720p
R6,R5,bb555e13-3dc2-4bae-aebb-687073bd6696,R6,Wood@display=saliency_crop_720p
R5,R6,a96e1cbb-d957-490b-82a6-ceece82f5c0a,R5,Wood@display=saliency_crop_720p
,R5,13e9ddfd-2240-45d1-abba-341ee311ead2,R6,Wood@display=saliency_crop_720p
R6,R5,59ce8f4c-5087-40a5-9d45-9e0396ccfe36,R6,Wood@display=saliency_crop_720p
,R6,a746f1e5-0459-459f-b5ed-e86d4c185174,R5,Wood@display=saliency_crop_720p
R6,R5,9eca7084-d2b7-4f1a-9c4c-a29c723b5ca7,R6,Wood@display=saliency_crop_720p
,R5,f786a5a6-ad19-416f-a3d6-b79e7937e385,R6,Wood@display=saliency_crop_720p
R4,R1,aa0774ee-42ab-43d9-8f77-34cae831cbee,R4,Wood@display=saliency_crop_720p
R4,R4,79142280-e321-4c94-a688-89f8d0f2143d,R1,Wood@display=saliency_crop_720p
R4,R1,1bdfcec9-fa8e-43ea-bf16-3c5222d01fd4,R4,Wood@display=saliency_crop_720p
R4,R1,8cd3a3d2-8780-4e0f-baf0-4e586dc6ea1d,R4,Wood@display=saliency_crop_720p
R4,R4,6cc94353-36d5-4bb3-9874-109adc6e4a2b,R1,Wood@display=saliency_crop_720p
R4,R4,3c08870b-72d3-4453-8f00-c742a295abe5,R1,Wood@display=saliency_crop_720p
R4,R1,d5860c43-3d0a-4bfd-ba95-e4f22ebe233f,R4,Wood@display=saliency_crop_720p
R4,R4,f166fa4c-3957-47de-a343-b8e0139d8118,R1,Wood@display=saliency_crop_720p
R4,R4,f1cb2cc7-888f-4e68-b3f1-b266be4cddc3,R1,Wood@display=saliency_crop_720p
R4,R4,286e906d-748d-4dbe-937d-5737964765c4,R1,Wood@display=saliency_crop_720p
R3,R2,a2cd0a74-ae10-4063-9478-85575963a0b0,R3,Fountains@display=saliency_crop_720p
R3,R3,d537e91d-3672-4039-9598-31666298902b,R2,Fountains@display=saliency_crop_720p
R3,R3,d537e91d-3672-4039-9598-31666298902b,R2,Fountains@display=saliency_crop_720p
R3,R3,74ff9857-1648-4ead-9e1d-bc5021209b22,R2,Fountains@display=saliency_crop_720p
R3,R3,1fae4163-0cc0-4fdc-a4e1-1a15e0763e65,R2,Fountains@display=saliency_crop_720p
R3,R2,eda68cb8-1e4e-4421-9ce1-2caf6b8df80e,R3,Fountains@display=saliency_crop_720p
R3,R2,ad2dbf7a-7ce9-493d-9c43-4e368f58da47,R3,Fountains@display=saliency_crop_720p
R3,R3,b66699af-52ef-45e2-9b3b-a934314a7f27,R2,Fountains@display=saliency_crop_720p
R3,R2,a51f3ee9-6df6-43a7-bc9f-4e403bc4b91d,R3,Fountains@display=saliency_crop_720p
R3,R3,cb1a0aca-97dd-44c9-acb0-9292ae562bda,R2,Fountains@display=saliency_crop_720p
R3,R3,aa0774ee-42ab-43d9-8f77-34cae831cbee,R4,Mobile@display=saliency_crop_720p
R4,R4,7038c718-8872-4a90-8727-551f1026825c,R3,Mobile@display=saliency_crop_720p
R4,R3,22babd26-be86-429a-86c1-5fb14c84cbaf,R4,Mobile@display=saliency_crop_720p
R3,R4,5f54ca8c-4f0d-4099-a7c2-456de483832c,R3,Mobile@display=saliency_crop_720p
R4,R3,2ecb19f3-dbd9-49ec-8a1d-87027edfc214,R4,Mobile@display=saliency_crop_720p
R3,R3,b06ea5c9-b548-4926-b4db-76f085a56d9c,R4,Mobile@display=saliency_crop_720p
R4,R3,2b276ada-898a-4e8e-8a8c-fb4ec9b447ba,R4,Mobile@display=saliency_crop_720p
R4,R3,0a258512-3acd-455f-8ddb-03715c16106c,R4,Mobile@display=saliency_crop_720p
R3,R3,642d5f92-2723-4f97-b2c7-a2b2b232ece5,R4,Mobile@display=saliency_crop_720p
R3,R3,a8d6b3f3-ec6e-4e18-9f5f-b6807fa96bf5,R4,Mobile@display=saliency_crop_720p
,R2,aa0774ee-42ab-43d9-8f77-34cae831cbee,R1,Coastguard@display=saliency_crop_720p
R2,R1,7e810e2b-a60a-4c56-b884-c162d90d6c9a,R2,Coastguard@display=saliency_crop_720p
R1,R2,255b3f30-8e77-4ed4-aae6-af54b9cecfde,R1,Coastguard@display=saliency_crop_720p
R2,R1,6a67fb94-1db7-4bf5-9bc2-35b8b4f2864f,R2,Coastguard@display=saliency_crop_720p
R1,R1,c7966b62-3a1f-406c-b7e2-2e215da0d94a,R2,Coastguard@display=saliency_crop_720p
,R2,cdfad871-f242-47ec-91ee-bc14b6f2c59a,R1,Coastguard@display=saliency_crop_720p
R2,R1,bd7f5bfc-51a6-47a7-946e-773f7cd82298,R2,Coastguard@display=saliency_crop_720p
R1,R2,dc28f189-59e3-4c5e-9323-03ef7f5e2d97,R1,Coastguard@display=saliency_crop_720p
,R2,cc917a10-e52d-45ce-82f7-38e642faed9d,R1,Coastguard@display=saliency_crop_720p
R2,R2,b7e88525-0f76-473c-9904-1afb1b81737f,R1,Coastguard@display=saliency_crop_720p
,R3,aa0774ee-42ab-43d9-8f77-34cae831cbee,R5,Mobile@display=saliency_crop_720p
R5,R5,2016b457-b3ea-4362-8268-5d9ccb7069a7,R3,Mobile@display=saliency_crop_720p
R3,R3,6a55c41e-28f5-40e5-9774-f234f5a2f27c,R5,Mobile@display=saliency_crop_720p
,R3,c1233c78-9911-4cf3-96ce-705837796c43,R5,Mobile@display=saliency_crop_720p
,R5,d01ee4de-eeab-4fbd-8524-356106dc4056,R3,Mobile@display=saliency_crop_720p
R3,R5,7e04804d-aea8-4485-a4e9-dc9bb4228542,R3,Mobile@display=saliency_crop_720p
,R3,e31059d9-bef0-476f-a45d-5e7896d8e306,R5,Mobile@display=saliency_crop_720p
R5,R3,e42819ec-8638-46ef-8a60-347850133bc4,R5,Mobile@display=saliency_crop_720p
,R3,f929555f-b198-4089-ba97-c458a694db91,R5,Mobile@display=saliency_crop_720p
R5,R5,02a36236-600c-4d2d-bac6-911989aa18ab,R3,Mobile@display=saliency_crop_720p
R3,R3,984c33c3-2b12-4c2d-a9c1-bd571a942254,R2,Mobile@display=saliency_crop_720p
,R3,6a55c41e-28f5-40e5-9774-f234f5a2f27c,R2,Mobile@display=saliency_crop_720p
R3,R2,be797be2-8e88-4f13-a0a5-38c6619fe390,R3,Mobile@display=saliency_crop_720p
R3,R3,edacfcf4-81fb-48d0-8e71-034582b726b6,R2,Mobile@display=saliency_crop_720p
R3,R3,dc5a4b0e-f1a0-4f21-8203-0ec7ecfdb06e,R2,Mobile@display=saliency_crop_720p
R3,R3,7f8aea63-96d6-4a3c-a4cf-af6310fc603a,R2,Mobile@display=saliency_crop_720p
R3,R2,d5860c43-3d0a-4bfd-ba95-e4f22ebe233f,R3,Mobile@display=saliency_crop_720p
,R2,78d0d426-32d3-48d6-b4bd-af91799c7d19,R3,Mobile@display=saliency_crop_720p
R3,R3,da7b3dc2-1c27-42c2-922c-e52ee70d3b7a,R2,Mobile@display=saliency_crop_720p
R3,R3,0f6a550a-24ac-4ffd-b841-9e3b88c556d9,R2,Mobile@display=saliency_crop_720p
R4,R4,984c33c3-2b12-4c2d-a9c1-bd571a942254,R1,Fountains@display=saliency_crop_720p
R4,R4,df46e5b6-1361-4a3f-a3d6-662d3f77e370,R1,Fountains@display=saliency_crop_720p
R4,R4,06a572e1-633c-42f0-a829-fb2ed318e676,R1,Fountains@display=saliency_crop_720p
R4,R4,87ab35d8-4c37-47d1-9b22-1829dc5dc3c4,R1,Fountains@display=saliency_crop_720p
R4,R1,fd82f5f2-dbad-4673-94e8-6374d5c887de,R4,Fountains@display=saliency_crop_720p
R4,R1,c3f429a5-aa27-4510-a9c2-61669895dfcf,R4,Fountains@display=saliency_crop_720p
R4,R4,2c8ac8f7-daf5-4ec3-bc54-c7339655128d,R1,Fountains@display=saliency_crop_720p
R4,R4,e3f040b9-e356-446c-b33b-9eb5428d0c57,R1,Fountains@display=saliency_crop_720p
R4,R1,0f6a550a-24ac-4ffd-b841-9e3b88c556d9,R4,Fountains@display=saliency_crop_720p
R4,R1,668a814c-5057-4e5d-933d-8bbfeb9dde28,R4,Fountains@display=saliency_crop_720p
,R3,984c33c3-2b12-4c2d-a9c1-bd571a942254,R6,Runners@display=saliency_crop_720p
,R6,1fae4163-0cc0-4fdc-a4e1-1a15e0763e65,R3,Runners@display=saliency_crop_720p
R6,R3,150d3f2b-1194-4365-ab30-409e52b8b836,R6,Runners@display=saliency_crop_720p
R6,R6,22babd26-be86-429a-86c1-5fb14c84cbaf,R3,Runners@display=saliency_crop_720p
R3,R6,5f54ca8c-4f0d-4099-a7c2-456de483832c,R3,Runners@display=saliency_crop_720p
R6,R3,6222769f-cb14-4155-b28b-2b98cacae37c,R6,Runners@display=saliency_crop_720p
R6,R3,7e026835-513f-4612-847f-404c005fe10a,R6,Runners@display=saliency_crop_720p
,R3,6f14afce-e86b-4111-9ccf-3b1ea7d2db16,R6,Runners@display=saliency_crop_720p
,R3,1df3e3f9-0906-4863-84c9-5aaae5983afd,R6,Runners@display=saliency_crop_720p
R6,R6,a8d6b3f3-ec6e-4e18-9f5f-b6807fa96bf5,R3,Runners@display=saliency_crop_720p
R3,R4,984c33c3-2b12-4c2d-a9c1-bd571a942254,R3,Coastguard@display=saliency_crop_720p
R4,R3,25877507-c3b5-496c-82d5-8fb10915c045,R4,Coastguard@display=saliency_crop_720p
R4,R4,977f5ed7-4a68-4e18-9cea-3b89f5958e68,R3,Coastguard@display=saliency_crop_720p
R4,R4,13426a53-421c-4362-8f41-14152d68ff4a,R3,Coastguard@display=saliency_crop_720p
R4,R3,53be3403-98d0-404f-9260-59a45dac9099,R4,Coastguard@display=saliency_crop_720p
R4,R4,b947a04a-0471-41a3-9d0d-a539a3306a26,R3,Coastguard@display=saliency_crop_720p
R4,R3,a88c1e63-cc97-4ea2-bf46-496ac4a1d26b,R4,Coastguard@display=saliency_crop_720p
R4,R4,3f4cbe98-8b64-4a14-aa37-b7dd2a53b670,R3,Coastguard@display=saliency_crop_720p
,R3,2aa4fa46-6ed3-44d1-94b4-aa7c1be876a5,R4,Coastguard@display=saliency_crop_720p
R4,R4,f657943e-7379-41d8-b9ca-6085e8d87335,R3,Coastguard@display=saliency_crop_720p
R5,R5,984c33c3-2b12-4c2d-a9c1-bd571a942254,R1,Marathon@display=saliency_crop_720p
R5,R1,1e98319b-af93-4d24-b03d-045a6661fdb5,R5,Marathon@display=saliency_crop_720p
R5,R1,e423a2c2-501c-4555-add5-03c9f967d3c6,R5,Marathon@display=saliency_crop_720p
R5,R1,150d3f2b-1194-4365-ab30-409e52b8b836,R5,Marathon@display=saliency_crop_720p
R5,R5,89ae69f0-ecd6-4afa-b505-5d7649a99cf7,R1,Marathon@display=saliency_crop_720p
R5,R1,1bfcbfac-8fb1-456b-9325-ba0e0241df76,R5,Marathon@display=saliency_crop_720p
R5,R5,e31059d9-bef0-476f-a45d-5e7896d8e306,R1,Marathon@display=saliency_crop_720p
R5,R1,fe694a50-b355-4c22-93f7-f10ed297818c,R5,Marathon@display=saliency_crop_720p
R5,R5,cc917a10-e52d-45ce-82f7-38e642faed9d,R1,Marathon@display=saliency_crop_720p
R5,R1,ddac386f-edf8-4cc6-9dcb-5f766b67ba89,R5,Marathon@display=saliency_crop_720p
R3,R3,984c33c3-2b12-4c2d-a9c1-bd571a942254,R4,Fountains@display=saliency_crop_720p
R4,R3,8c8ca989-c073-4802-ad1c-d94d279b28ba,R4,Fountains@display=saliency_crop_720p
R4,R3,d1245215-bee5-4c94-8788-7103a8f4a316,R4,Fountains@display=saliency_crop_720p
R4,R4,30e9f8b1-cb8d-46dd-b83a-27f7f7bc3ccd,R3,Fountains@display=saliency_crop_720p
R3,R4,bb555e13-3dc2-4bae-aebb-687073bd6696,R3,Fountains@display=saliency_crop_720p
R4,R4,95710843-53a6-4ce1-8187-bcabc14214bd,R3,Fountains@display=saliency_crop_720p
R4,R4,38791d77-e2b3-4222-8410-53028a6ee0ca,R3,Fountains@display=saliency_crop_720p
,R4,f929555f-b198-4089-ba97-c458a694db91,R3,Fountains@display=saliency_crop_720p
,R3,1df3e3f9-0906-4863-84c9-5aaae5983afd,R4,Fountains@display=saliency_crop_720p
,R3,f786a5a6-ad19-416f-a3d6-b79e7937e385,R4,Fountains@display=saliency_crop_720p
R3,R3,984c33c3-2b12-4c2d-a9c1-bd571a942254,R6,Wood@display=saliency_crop_720p
R6,R3,5da16ddd-4449-494c-8353-cca728fda8ce,R6,Wood@display=saliency_crop_720p
,R3,d01ee4de-eeab-4fbd-8524-356106dc4056,R6,Wood@display=saliency_crop_720p
,R3,b1425010-e886-40da-8bb4-f5af11c1261d,R6,Wood@display=saliency_crop_720p
R6,R3,616bd94d-0f79-44d6-b065-1dc3a733815b,R6,Wood@display=saliency_crop_720p
R6,R3,9aafde03-1aea-4020-bb6e-8a2de416ade6,R6,Wood@display=saliency_crop_720p
R6,R6,2aa4fa46-6ed3-44d1-94b4-aa7c1be876a5,R3,Wood@display=saliency_crop_720p
R3,R6,21707d3c-00b5-4b08-bcd1-8164876f5630,R3,Wood@display=saliency_crop_720p
,R6,0a258512-3acd-455f-8ddb-03715c16106c,R3,Wood@display=saliency_crop_720p
R6,R3,c37f9b67-3c3d-4496-9871-91e52c9b56ee,R6,Wood@display=saliency_crop_720p
R4,R1,984c33c3-2b12-4c2d-a9c1-bd571a942254,R4,Marathon@display=saliency_crop_720p
R4,R4,7e810e2b-a60a-4c56-b884-c162d90d6c9a,R1,Marathon@display=saliency_crop_720p
R4,R4,13426a53-421c-4362-8f41-14152d68ff4a,R1,Marathon@display=saliency_crop_720p
R4,R4,1dfc726c-679c-4fc4-9c97-a79260ee0693,R1,Marathon@display=saliency_crop_720p
R4,R1,b7b7e154-b9f7-4715-a884-59a87a3cb0d0,R4,Marathon@display=saliency_crop_720p
R4,R4,8898a861-3dec-47ae-9e2e-8cd1ed844d2c,R1,Marathon@display=saliency_crop_720p
R4,R4,b18f7082-e656-4f3b-8b2a-b4f9859f2591,R1,Marathon@display=saliency_crop_720p
R4,R4,6f14afce-e86b-4111-9ccf-3b1ea7d2db16,R1,Marathon@display=saliency_crop_720p
R4,R1,e9e98d7d-e876-4733-8263-947b5e8a8043,R4,Marathon@display=saliency_crop_720p
R4,R4,baf74719-ec87-4df6-b995-745a0b159942,R1,Marathon@display=saliency_crop_720p
R6,R5,984c33c3-2b12-4c2d-a9c1-bd571a942254,R6,Wood@display=saliency_crop_720p
R5,R5,18a795a2-dcc4-4415-b6a7-fc00d1e99141,R6,Wood@display=saliency_crop_720p
R6,R5,1e98319b-af93-4d24-b03d-045a6661fdb5,R6,Wood@display=saliency_crop_720p
R5,R6,184df185-1d74-4468-9ed0-0c8702c46ca8,R5,Wood@display=saliency_crop_720p
R5,R6,a44c2467-fee9-42a9-abd6-3093cd007c91,R5,Wood@display=saliency_crop_720p
R6,R6,c7966b62-3a1f-406c-b7e2-2e215da0d94a,R5,Wood@display=saliency_crop_720p
,R6,89ae69f0-ecd6-4afa-b505-5d7649a99cf7,R5,Wood@display=saliency_crop_720p
,R6,a2cd0a74-ae10-4063-9478-85575963a0b0,R5,Wood@display=saliency_crop_720p
R5,R6,738a8833-ff22-4cc4-9d40-dcacfa02ee12,R5,Wood@display=saliency_crop_720p
R5,R6,d1226590-6359-4cac-88f3-dec750222bfa,R5,Wood@display=saliency_crop_720p
R2,R2,b480e499-5a2b-4ea9-a86b-ae8659248c5b,R1,Fountains@display=saliency_crop_720p
R2,R2,3395f4d5-f9c9-4a33-a1e5-b46d0c5a5169,R1,Fountains@display=saliency_crop_720p
R2,R1,11d5e43f-aea9-4ca3-9cd6-0be5e30054ea,R2,Fountains@display=saliency_crop_720p
R2,R1,6a67fb94-1db7-4bf5-9bc2-35b8b4f2864f,R2,Fountains@display=saliency_crop_720p
R2,R1,b9716331-526c-45d1-8be7-d0dddef7c60a,R2,Fountains@display=saliency_crop_720p
R2,R1,d6afd701-716f-4c9a-8c7c-d8e857ac7e6d,R2,Fountains@display=saliency_crop_720p
R2,R2,68197079-d21f-4bad-946b-d713786b8d63,R1,Fountains@display=saliency_crop_720p
R2,R2,0cab1385-708a-4cd7-a1af-98bb9c47c647,R1,Fountains@display=saliency_crop_720p
,R2,9fcac6e5-4916-4f9a-a50c-72cc52db8389,R1,Fountains@display=saliency_crop_720p
R2,R2,976350d6-8359-4ecb-8b4d-5f856f09f6e1,R1,Fountains@display=saliency_crop_720p
R4,R1,b480e499-5a2b-4ea9-a86b-ae8659248c5b,R4,Marathon@display=saliency_crop_720p
R4,R1,79142280-e321-4c94-a688-89f8d0f2143d,R4,Marathon@display=saliency_crop_720p
R4,R4,7312338a-e511-45a5-96cd-d6ea25016b2f,R1,Marathon@display=saliency_crop_720p
R4,R1,a4599144-137a-49f5-8efa-5af9b1dd69ff,R4,Marathon@display=saliency_crop_720p
R4,R4,4cf850d4-61c0-4b33-a61d-8019373987dc,R1,Marathon@display=saliency_crop_720p
R4,R1,9da170ef-90e6-45c5-82b7-aa0c045e0b69,R4,Marathon@display=saliency_crop_720p
R4,R4,38791d77-e2b3-4222-8410-53028a6ee0ca,R1,Marathon@display=saliency_crop_720p
R4,R1,e889d905-074a-4441-b4d4-da0913066e81,R4,Marathon@display=saliency_crop_720p
R4,R1,e8f411fc-2246-470e-88cc-9044aa75cdfe,R4,Marathon@display=saliency_crop_720p
R4,R4,668a814c-5057-4e5d-933d-8bbfeb9dde28,R1,Marathon@display=saliency_crop_720p
R3,R3,b480e499-5a2b-4ea9-a86b-ae8659248c5b,R1,Mobile@display=saliency_crop_720p
R3,R1,255b3f30-8e77-4ed4-aae6-af54b9cecfde,R3,Mobile@display=saliency_crop_720p
R3,R3,c284e74e-3d25-475f-9345-f57f7aeae706,R1,Mobile@display=saliency_crop_720p
R3,R1,11d5e43f-aea9-4ca3-9cd6-0be5e30054ea,R3,Mobile@display=saliency_crop_720p
R3,R1,a4599144-137a-49f5-8efa-5af9b1dd69ff,R3,Mobile@display=saliency_crop_720p
R3,R1,8d0c0dbf-408c-471e-8c42-ae75675fdf0f,R3,Mobile@display=saliency_crop_720p
R3,R1,38791d77-e2b3-4222-8410-53028a6ee0ca,R3,Mobile@display=saliency_crop_720p
R3,R1,e9e98d7d-e876-4733-8263-947b5e8a8043,R3,Mobile@display=saliency_crop_720p
R3,R1,09b49f0a-1565-4274-b0cd-9cc56bfc5117,R3,Mobile@display=saliency_crop_720p
R3,R3,2a84694e-dc72-4256-9473-dbba201e4b59,R1,Mobile@display=saliency_crop_720p
R4,R1,b480e499-5a2b-4ea9-a86b-ae8659248c5b,R4,Runners@display=saliency_crop_720p
R4,R4,a15bf945-b620-4e3f-b0c7-4b3591dbc1d9,R1,Runners@display=saliency_crop_720p
R4,R1,150d3f2b-1194-4365-ab30-409e52b8b836,R4,Runners@display=saliency_crop_720p
R4,R4,e3c97b5a-bd35-45f7-af6f-5071d786ce6d,R1,Runners@display=saliency_crop_720p
R4,R1,d9398397-65f2-452c-bd63-2438d388fb9b,R4,Runners@display=saliency_crop_720p
R4,R4,dc5a4b0e-f1a0-4f21-8203-0ec7ecfdb06e,R1,Runners@display=saliency_crop_720p
R4,R1,468683f9-b2bc-4566-bd36-13c7ebd4653b,R4,Runners@display=saliency_crop_720p
R4,R4,d5860c43-3d0a-4bfd-ba95-e4f22ebe233f,R1,Runners@display=saliency_crop_720p
R4,R4,a59d9c3c-5f98-4c36-9fdd-923ec879fa4a,R1,Runners@display=saliency_crop_720p
R4,R4,f2d19079-fad8-48e8-b00e-82da13d0335c,R1,Runners@display=saliency_crop_720p
R5,R5,b480e499-5a2b-4ea9-a86b-ae8659248c5b,R4,Coastguard@display=saliency_crop_720p
R5,R5,7e810e2b-a60a-4c56-b884-c162d90d6c9a,R4,Coastguard@display=saliency_crop_720p
R5,R5,977f5ed7-4a68-4e18-9cea-3b89f5958e68,R4,Coastguard@display=saliency_crop_720p
R4,R5,ba0d9051-cdd8-4fbd-a78d-61de5fd89cb7,R4,Coastguard@display=saliency_crop_720p
R5,R5,f97debc6-c942-4a3b-8401-944fcc699990,R4,Coastguard@display=saliency_crop_720p
,R4,89d548e9-3b95-4982-a9d6-c108023058b8,R5,Coastguard@display=saliency_crop_720p
R5,R4,4ebbe1dc-912a-4e52-88f6-ac59dd632f59,R5,Coastguard@display=saliency_crop_720p
,R5,f166fa4c-3957-47de-a343-b8e0139d8118,R4,Coastguard@display=saliency_crop_720p
R4,R4,8374c149-4680-4d9c-bc86-4210195afbb5,R5,Coastguard@display=saliency_crop_720p
R5,R4,e68ba270-158b-4ef3-828e-d229b5c4f93e,R5,Coastguard@display=saliency_crop_720p
R4,R2,b480e499-5a2b-4ea9-a86b-ae8659248c5b,R4,Marathon@display=saliency_crop_720p
R4,R2,8c8ca989-c073-4802-ad1c-d94d279b28ba,R4,Marathon@display=saliency_crop_720p
R4,R4,3ef566a6-cf1d-4184-94d0-3a2d9ff2cf38,R2,Marathon@display=saliency_crop_720p
R4,R4,8063bb45-2535-474d-b2f5-55f445e7972b,R2,Marathon@display=saliency_crop_720p
R4,R2,7e04804d-aea8-4485-a4e9-dc9bb4228542,R4,Marathon@display=saliency_crop_720p
R4,R2,89ae69f0-ecd6-4afa-b505-5d7649a99cf7,R4,Marathon@display=saliency_crop_720p
R4,R4,d6afd701-716f-4c9a-8c7c-d8e857ac7e6d,R2,Marathon@display=saliency_crop_720p
R4,R4,3f4cbe98-8b64-4a14-aa37-b7dd2a53b670,R2,Marathon@display=saliency_crop_720p
R4,R2,217eeae7-100e-4039-bc33-801352e04e47,R4,Marathon@display=saliency_crop_720p
R4,R4,d1226590-6359-4cac-88f3-dec750222bfa,R2,Marathon@display=saliency_crop_720p
R4,R1,b480e499-5a2b-4ea9-a86b-ae8659248c5b,R4,Wood@display=saliency_crop_720p
,R1,3395f4d5-f9c9-4a33-a1e5-b46d0c5a5169,R4,Wood@display=saliency_crop_720p
R1,R1,45b8135e-e0e9-470f-a807-aeb8e0547265,R4,Wood@display=saliency_crop_720p
R4,R1,3ef566a6-cf1d-4184-94d0-3a2d9ff2cf38,R4,Wood@display=saliency_crop_720p
R4,R4,ba0d9051-cdd8-4fbd-a78d-61de5fd89cb7,R1,Wood@display=saliency_crop_720p
R4,R4,b1425010-e886-40da-8bb4-f5af11c1261d,R1,Wood@display=saliency_crop_720p
R4,R4,8898a861-3dec-47ae-9e2e-8cd1ed844d2c,R1,Wood@display=saliency_crop_720p
R4,R1,2bff4ead-ee8c-48d2-a69b-3dd279e3fd60,R4,Wood@display=saliency_crop_720p
R4,R1,a746f1e5-0459-459f-b5ed-e86d4c185174,R4,Wood@display=saliency_crop_720p
R4,R1,736daf56-5294-448e-a783-00c4261b7884,R4,Wood@display=saliency_crop_720p
R5,R1,b480e499-5a2b-4ea9-a86b-ae8659248c5b,R5,Wood@display=saliency_crop_720p
R5,R1,0f88c0c9-72ba-4659-95dc-9720cd2bf6be,R5,Wood@display=saliency_crop_720p
R1,R5,8063bb45-2535-474d-b2f5-55f445e7972b,R1,Wood@display=saliency_crop_720p
,R5,cdfad871-f242-47ec-91ee-bc14b6f2c59a,R1,Wood@display=saliency_crop_720p
R5,R5,e1dca6b5-2ba7-4cec-b1d8-39c1d4293aa3,R1,Wood@display=saliency_crop_720p
R1,R5,e61b2bb2-c827-4629-9d34-92c14aaa9c67,R1,Wood@display=saliency_crop_720p
R5,R5,27b7bcca-ebd5-4dd5-86ae-6d18db047687,R1,Wood@display=saliency_crop_720p
R5,R5,519b827f-a3f3-4046-b7dc-53d0bc3590e9,R1,Wood@display=saliency_crop_720p
R5,R1,217eeae7-100e-4039-bc33-801352e04e47,R5,Wood@display=saliency_crop_720p
R5,R1,814102c1-d84b-467d-975c-2ccadcdd1608,R5,Wood@display=saliency_crop_720p
R6,R6,b480e499-5a2b-4ea9-a86b-ae8659248c5b,R3,Fountains@display=saliency_crop_720p
R6,R3,4d89ce0f-2937-4d56-9686-88e1742d58e6,R6,Fountains@display=saliency_crop_720p
R6,R3,255b3f30-8e77-4ed4-aae6-af54b9cecfde,R6,Fountains@display=saliency_crop_720p
R6,R3,3ef566a6-cf1d-4184-94d0-3a2d9ff2cf38,R6,Fountains@display=saliency_crop_720p
R6,R6,6bcbf25a-c4a1-46c6-8ebf-c5345a553a15,R3,Fountains@display=saliency_crop_720p
R6,R3,a96e1cbb-d957-490b-82a6-ceece82f5c0a,R6,Fountains@display=saliency_crop_720p
R6,R6,24877cc4-7da9-4c23-922c-bd003dcee0a5,R3,Fountains@display=saliency_crop_720p
,R3,d6afd701-716f-4c9a-8c7c-d8e857ac7e6d,R6,Fountains@display=saliency_crop_720p
R6,R6,7527db76-0b02-4712-be81-bdf99a306513,R3,Fountains@display=saliency_crop_720p
R6,R6,f2d19079-fad8-48e8-b00e-82da13d0335c,R3,Fountains@display=saliency_crop_720p
R5,R4,0997f881-af21-482e-bb00-b8158ad0df70,R5,Mobile@display=saliency_crop_720p
,R5,c284e74e-3d25-475f-9345-f57f7aeae706,R4,Mobile@display=saliency_crop_720p
R5,R4,a44c2467-fee9-42a9-abd6-3093cd007c91,R5,Mobile@display=saliency_crop_720p
R5,R4,53be3403-98d0-404f-9260-59a45dac9099,R5,Mobile@display=saliency_crop_720p
,R5,c4e0202a-d6df-4a89-84b7-abe2320317d4,R4,Mobile@display=saliency_crop_720p
R5,R4,8898a861-3dec-47ae-9e2e-8cd1ed844d2c,R5,Mobile@display=saliency_crop_720p
R5,R5,6f14afce-e86b-4111-9ccf-3b1ea7d2db16,R4,Mobile@display=saliency_crop_720p
R5,R4,3f4cbe98-8b64-4a14-aa37-b7dd2a53b670,R5,Mobile@display=saliency_crop_720p
,R5,17c3b1b8-7cdd-490f-afbc-d8eece8cb422,R4,Mobile@display=saliency_crop_720p
R5,R5,b5c8a9c7-e79a-48e8-8112-27fad4f3990d,R4,Mobile@display=saliency_crop_720p
R2,R1,4d89ce0f-2937-4d56-9686-88e1742d58e6,R2,Wood@display=saliency_crop_720p
R2,R2,8063bb45-2535-474d-b2f5-55f445e7972b,R1,Wood@display=saliency_crop_720p
R2,R1,2754ece0-2691-4586-94bd-8548288a77ce,R2,Wood@display=saliency_crop_720p
R2,R1,ff6a0bae-170c-49e1-8f2f-b77d4ec2558b,R2,Wood@display=saliency_crop_720p
R2,R2,0997f881-af21-482e-bb00-b8158ad0df70,R1,Wood@display=saliency_crop_720p
R2,R1,74dab9ad-dabe-4484-85f1-1dac4bd738f7,R2,Wood@display=saliency_crop_720p
R2,R1,a497a473-9c28-4102-bd8a-d3600323b14b,R2,Wood@display=saliency_crop_720p
R2,R1,4c00a892-6d3c-4543-a3a6-ecd51578a665,R2,Wood@display=saliency_crop_720p
R2,R1,25877507-c3b5-496c-82d5-8fb10915c045,R2,Wood@display=saliency_crop_720p
R2,R1,a88c1e63-cc97-4ea2-bf46-496ac4a1d26b,R2,Wood@display=saliency_crop_720p
R6,R2,0997f881-af21-482e-bb00-b8158ad0df70,R6,Fountains@display=saliency_crop_720p
R6,R6,0f88c0c9-72ba-4659-95dc-9720cd2bf6be,R2,Fountains@display=saliency_crop_720p
R6,R2,aec04abb-36e1-4b19-a4e4-b86a7fc0e60b,R6,Fountains@display=saliency_crop_720p
R6,R2,d9398397-65f2-452c-bd63-2438d388fb9b,R6,Fountains@display=saliency_crop_720p
R6,R2,89d548e9-3b95-4982-a9d6-c108023058b8,R6,Fountains@display=saliency_crop_720p
R6,R6,7e1981ef-c387-451d-a064-1c23f7592d89,R2,Fountains@display=saliency_crop_720p
R6,R2,4c00a892-6d3c-4543-a3a6-ecd51578a665,R6,Fountains@display=saliency_crop_720p
R6,R2,b25461e3-8554-4529-b350-f06f64c8f1d8,R6,Fountains@display=saliency_crop_720p
R6,R6,09b49f0a-1565-4274-b0cd-9cc56bfc5117,R2,Fountains@display=saliency_crop_720p
R6,R6,ddac386f-edf8-4cc6-9dcb-5f766b67ba89,R2,Fountains@display=saliency_crop_720p
R3,R2,0997f881-af21-482e-bb00-b8158ad0df70,R3,Coastguard@display=saliency_crop_720p
R3,R3,3c3b56ed-3741-4d48-bc40-f84ba10af9e5,R2,Coastguard@display=saliency_crop_720p
R3,R2,e423a2c2-501c-4555-add5-03c9f967d3c6,R3,Coastguard@display=saliency_crop_720p
R3,R2,a878cfc3-6f7b-4130-b064-54bf4dc4f24e,R3,Coastguard@display=saliency_crop_720p
,R2,281613c6-59bc-4f69-bba7-11aa5b09b21d,R3,Coastguard@display=saliency_crop_720p
,R3,b1425010-e886-40da-8bb4-f5af11c1261d,R2,Coastguard@display=saliency_crop_720p
R3,R3,1870bf23-1292-48d3-8fb9-9d5e3a56898c,R2,Coastguard@display=saliency_crop_720p
,R2,f166fa4c-3957-47de-a343-b8e0139d8118,R3,Coastguard@display=saliency_crop_720p
R3,R2,642d5f92-2723-4f97-b2c7-a2b2b232ece5,R3,Coastguard@display=saliency_crop_720p
,R2,b7e88525-0f76-473c-9904-1afb1b81737f,R3,Coastguard@display=saliency_crop_720p
R6,R6,0997f881-af21-482e-bb00-b8158ad0df70,R3,Coastguard@display=saliency_crop_720p
R6,R6,45b8135e-e0e9-470f-a807-aeb8e0547265,R3,Coastguard@display=saliency_crop_720p
R6,R3,0b7a0119-059f-4e1d-ad31-b02c334f46b1,R6,Coastguard@display=saliency_crop_720p
R6,R3,6c4bf991-9e48-493b-8a57-fa8eda5143f7,R6,Coastguard@display=saliency_crop_720p
R6,R6,87ab35d8-4c37-47d1-9b22-1829dc5dc3c4,R3,Coastguard@display=saliency_crop_720p
,R6,c4e0202a-d6df-4a89-84b7-abe2320317d4,R3,Coastguard@display=saliency_crop_720p
,R3,2e350e47-8ffe-4c00-b51b-1e8deaa2c539,R6,Coastguard@display=saliency_crop_720p
R3,R3,616bd94d-0f79-44d6-b065-1dc3a733815b,R6,Coastguard@display=saliency_crop_720p
R3,R6,24f1a5c5-54bc-4098-a9c4-ca4605a0c79f,R3,Coastguard@display=saliency_crop_720p
R6,R6,74dab9ad-dabe-4484-85f1-1dac4bd738f7,R3,Coastguard@display=saliency_crop_720p
R4,R4,0997f881-af21-482e-bb00-b8158ad0df70,R2,Fountains@display=saliency_crop_720p
R4,R2,4e359f28-12f0-4066-b8cc-925ca92c739a,R4,Fountains@display=saliency_crop_720p
R4,R4,f983d238-dc1f-4c72-8389-ec465fdf433d,R2,Fountains@display=saliency_crop_720p
R4,R4,22babd26-be86-429a-86c1-5fb14c84cbaf,R2,Fountains@display=saliency_crop_720p
R4,R4,29861f85-74aa-4b7d-a8cf-325a85339c2d,R2,Fountains@display=saliency_crop_720p
R4,R2,88a6a4db-205d-49ba-af66-9bf4bd061f36,R4,Fountains@display=saliency_crop_720p
R4,R4,3f4cbe98-8b64-4a14-aa37-b7dd2a53b670,R2,Fountains@display=saliency_crop_720p
R4,R4,217eeae7-100e-4039-bc33-801352e04e47,R2,Fountains@display=saliency_crop_720p
R4,R4,c37f9b67-3c3d-4496-9871-91e52c9b56ee,R2,Fountains@display=saliency_crop_720p
R4,R2,02a36236-600c-4d2d-bac6-911989aa18ab,R4,Fountains@display=saliency_crop_720p
R4,R2,0997f881-af21-482e-bb00-b8158ad0df70,R4,Marathon@display=saliency_crop_720p
R4,R2,3395f4d5-f9c9-4a33-a1e5-b46d0c5a5169,R4,Marathon@display=saliency_crop_720p
R4,R4,d537e91d-3672-4039-9598-31666298902b,R2,Marathon@display=saliency_crop_720p
R4,R4,02f37b74-f890-438c-b501-56c6f737b850,R2,Marathon@display=saliency_crop_720p
R4,R2,7e04804d-aea8-4485-a4e9-dc9bb4228542,R4,Marathon@display=saliency_crop_720p
R4,R4,9da170ef-90e6-45c5-82b7-aa0c045e0b69,R2,Marathon@display=saliency_crop_720p
R4,R4,fbbb8d95-d1e4-416b-a540-a60d3ba1c05b,R2,Marathon@display=saliency_crop_720p
R4,R2,9de6ddbf-ea31-49d6-aa57-4d09d18770b6,R4,Marathon@display=saliency_crop_720p
R4,R4,21f869c7-f7a5-4fe3-99d4-3a6760f23d84,R2,Marathon@display=saliency_crop_720p
R4,R4,f786a5a6-ad19-416f-a3d6-b79e7937e385,R2,Marathon@display=saliency_crop_720p
R5,R1,0997f881-af21-482e-bb00-b8158ad0df70,R5,Runners@display=saliency_crop_720p
R5,R5,1b5e8d39-a826-46ce-81b7-76a91246ca2d,R1,Runners@display=saliency_crop_720p
R5,R5,f983d238-dc1f-4c72-8389-ec465fdf433d,R1,Runners@display=saliency_crop_720p
R5,R5,db138b4b-48ef-4ebf-91bb-fc4dab998618,R1,Runners@display=saliency_crop_720p
R5,R1,46a9eff0-38e5-4216-9855-253317f501bd,R5,Runners@display=saliency_crop_720p
R5,R1,e1dca6b5-2ba7-4cec-b1d8-39c1d4293aa3,R5,Runners@display=saliency_crop_720p
R5,R5,b18f7082-e656-4f3b-8b2a-b4f9859f2591,R1,Runners@display=saliency_crop_720p
R5,R5,dc28f189-59e3-4c5e-9323-03ef7f5e2d97,R1,Runners@display=saliency_crop_720p
R5,R1,eda68cb8-1e4e-4421-9ce1-2caf6b8df80e,R5,Runners@display=saliency_crop_720p
R5,R1,e4981e4b-89a7-4998-bb0c-fa7801ffc85d,R5,Runners@display=saliency_crop_720p
R4,R2,0997f881-af21-482e-bb00-b8158ad0df70,R4,Marathon@display=saliency_crop_720p
R4,R4,b729a72c-bf5a-4f29-8017-2ccf349890a4,R2,Marathon@display=saliency_crop_720p
R4,R4,6c4bf991-9e48-493b-8a57-fa8eda5143f7,R2,Marathon@display=saliency_crop_720p
R4,R4,8d903096-da8b-4bbf-a3b3-cb3aafc91e60,R2,Marathon@display=saliency_crop_720p
R4,R2,c7966b62-3a1f-406c-b7e2-2e215da0d94a,R4,Marathon@display=saliency_crop_720p
R4,R2,cdfad871-f242-47ec-91ee-bc14b6f2c59a,R4,Marathon@display=saliency_crop_720p
,R2,d5860c43-3d0a-4bfd-ba95-e4f22ebe233f,R4,Marathon@display=saliency_crop_720p
R4,R2,7e026835-513f-4612-847f-404c005fe10a,R4,Marathon@display=saliency_crop_720p
R4,R4,519b827f-a3f3-4046-b7dc-53d0bc3590e9,R2,Marathon@display=saliency_crop_720p
R4,R4,976350d6-8359-4ecb-8b4d-5f856f09f6e1,R2,Marathon@display=saliency_crop_720p
,R2,0997f881-af21-482e-bb00-b8158ad0df70,R1,Coastguard@display=saliency_crop_720p
R1,R1,3704e14e-9fae-41bf-9343-c43eeb127d43,R2,Coastguard@display=saliency_crop_720p
R1,R1,8063bb45-2535-474d-b2f5-55f445e7972b,R2,Coastguard@display=saliency_crop_720p
,R2,edacfcf4-81fb-48d0-8e71-034582b726b6,R1,Coastguard@display=saliency_crop_720p
R1,R1,fd82f5f2-dbad-4673-94e8-6374d5c887de,R2,Coastguard@display=saliency_crop_720p
R1,R1,7e1981ef-c387-451d-a064-1c23f7592d89,R2,Coastguard@display=saliency_crop_720p
,R2,d6afd701-716f-4c9a-8c7c-d8e857ac7e6d,R1,Coastguard@display=saliency_crop_720p
,R2,c91044c9-01f7-4e0e-ac46-9d55ad58d440,R1,Coastguard@display=saliency_crop_720p
,R2,217eeae7-100e-4039-bc33-801352e04e47,R1,Coastguard@display=saliency_crop_720p
R1,R2,6003c531-2418-4463-977d-5ea5f43c6fe6,R1,Coastguard@display=saliency_crop_720p
R3,R3,103b5a3b-9184-4f0b-b47b-f534d7912e86,R2,Marathon@display=saliency_crop_720p
R3,R2,3704e14e-9fae-41bf-9343-c43eeb127d43,R3,Marathon@display=saliency_crop_720p
R3,R3,977f5ed7-4a68-4e18-9cea-3b89f5958e68,R2,Marathon@display=saliency_crop_720p
R3,R2,0ddf447f-af8a-46a9-959b-ad5962feb3ec,R3,Marathon@display=saliency_crop_720p
R3,R2,53be3403-98d0-404f-9260-59a45dac9099,R3,Marathon@display=saliency_crop_720p
R3,R2,89d548e9-3b95-4982-a9d6-c108023058b8,R3,Marathon@display=saliency_crop_720p
R3,R3,404031d7-47ed-41d5-af7f-5e07071b9ed8,R2,Marathon@display=saliency_crop_720p
R3,R2,9aafde03-1aea-4020-bb6e-8a2de416ade6,R3,Marathon@display=saliency_crop_720p
R3,R2,dc28f189-59e3-4c5e-9323-03ef7f5e2d97,R3,Marathon@display=saliency_crop_720p
,R2,286e906d-748d-4dbe-937d-5737964765c4,R3,Marathon@display=saliency_crop_720p
R6,R6,103b5a3b-9184-4f0b-b47b-f534d7912e86,R3,Mobile@display=saliency_crop_720p
R6,R3,915b1e8c-d82f-4b9a-901d-45904ef15ccd,R6,Mobile@display=saliency_crop_720p
R6,R3,8063bb45-2535-474d-b2f5-55f445e7972b,R6,Mobile@display=saliency_crop_720p
R6,R6,99d0c997-17d3-49ee-a79c-52899e517adb,R3,Mobile@display=saliency_crop_720p
R6,R6,edf59e18-8621-49ba-a818-96825286522a,R3,Mobile@display=saliency_crop_720p
,R3,3b8ef142-e12e-4e1e-a55a-518a5d6a3a30,R6,Mobile@display=saliency_crop_720p
R3,R6,e1809ce6-9de7-4931-92c6-581b253174dc,R3,Mobile@display=saliency_crop_720p
R6,R3,565b6435-19ae-4544-915a-0ac71b987e39,R6,Mobile@display=saliency_crop_720p
R6,R6,d1226590-6359-4cac-88f3-dec750222bfa,R3,Mobile@display=saliency_crop_720p
R6,R3,cc917a10-e52d-45ce-82f7-38e642faed9d,R6,Mobile@display=saliency_crop_720p
R5,R5,103b5a3b-9184-4f0b-b47b-f534d7912e86,R1,Mobile@display=saliency_crop_720p
R5,R1,1fae4163-0cc0-4fdc-a4e1-1a15e0763e65,R5,Mobile@display=saliency_crop_720p
R5,R1,a878cfc3-6f7b-4130-b064-54bf4dc4f24e,R5,Mobile@display=saliency_crop_720p
R5,R1,db138b4b-48ef-4ebf-91bb-fc4dab998618,R5,Mobile@display=saliency_crop_720p
R5,R5,b947a04a-0471-41a3-9d0d-a539a3306a26,R1,Mobile@display=saliency_crop_720p
R5,R1,889cff2b-8aa8-4f4e-900d-3fd66fcbb09f,R5,Mobile@display=saliency_crop_720p
R1,R5,e1809ce6-9de7-4931-92c6-581b253174dc,R1,Mobile@display=saliency_crop_720p
R5,R1,f3df28f2-b3a2-4101-8215-106abe4b7509,R5,Mobile@display=saliency_crop_720p
,R1,a8d6b3f3-ec6e-4e18-9f5f-b6807fa96bf5,R5,Mobile@display=saliency_crop_720p
R5,R5,21f869c7-f7a5-4fe3-99d4-3a6760f23d84,R1,Mobile@display=saliency_crop_720p
R6,R5,103b5a3b-9184-4f0b-b47b-f534d7912e86,R6,Mobile@display=saliency_crop_720p
R5,R6,89af9b70-47f8-4bfe-86da-a21eaffabf9c,R5,Mobile@display=saliency_crop_720p
R6,R5,74ff9857-1648-4ead-9e1d-bc5021209b22,R6,Mobile@display=saliency_crop_720p
R6,R5,53be3403-98d0-404f-9260-59a45dac9099,R6,Mobile@display=saliency_crop_720p
R6,R5,15c34aa6-446e-4c4d-a566-a10828466312,R6,Mobile@display=saliency_crop_720p
R6,R5,9daf50bb-5031-4a91-afcc-4e50ecb00427,R6,Mobile@display=saliency_crop_720p
,R5,c3f429a5-aa27-4510-a9c2-61669895dfcf,R6,Mobile@display=saliency_crop_720p
R6,R5,642d5f92-2723-4f97-b2c7-a2b2b232ece5,R6,Mobile@display=saliency_crop_720p
,R6,736daf56-5294-448e-a783-00c4261b7884,R5,Mobile@display=saliency_crop_720p
R6,R5,c37f9b67-3c3d-4496-9871-91e52c9b56ee,R6,Mobile@display=saliency_crop_720p
R6,R6,103b5a3b-9184-4f0b-b47b-f534d7912e86,R4,Fountains@display=saliency_crop_720p
R4,R4,7038c718-8872-4a90-8727-551f1026825c,R6,Fountains@display=saliency_crop_720p
R4,R6,ee821f20-7194-4ffa-bdbc-e072c04c5b3f,R4,Fountains@display=saliency_crop_720p
R6,R6,be797be2-8e88-4f13-a0a5-38c6619fe390,R4,Fountains@display=saliency_crop_720p
R4,R6,fef3ddd3-cb8d-4874-a0a3-029156d7349c,R4,Fountains@display=saliency_crop_720p
R6,R6,2ef4e142-420e-4882-8763-7b239fce2254,R4,Fountains@display=saliency_crop_720p
R6,R6,8898a861-3dec-47ae-9e2e-8cd1ed844d2c,R4,Fountains@display=saliency_crop_720p
R6,R6,738a8833-ff22-4cc4-9d40-dcacfa02ee12,R4,Fountains@display=saliency_crop_720p
,R4,45c970cc-8650-41bd-a84d-83e2a312609d,R6,Fountains@display=saliency_crop_720p
R6,R6,ea61fab5-2626-4801-a6e9-20e3dab1289f,R4,Fountains@display=saliency_crop_720p
R6,R6,103b5a3b-9184-4f0b-b47b-f534d7912e86,R2,Wood@display=saliency_crop_720p
,R2,1b5e8d39-a826-46ce-81b7-76a91246ca2d,R6,Wood@display=saliency_crop_720p
,R2,d09af4b6-629c-4769-8541-2780ea897297,R6,Wood@display=saliency_crop_720p
R6,R6,7e04804d-aea8-4485-a4e9-dc9bb4228542,R2,Wood@display=saliency_crop_720p
R6,R2,b947a04a-0471-41a3-9d0d-a539a3306a26,R6,Wood@display=saliency_crop_720p
,R6,e31059d9-bef0-476f-a45d-5e7896d8e306,R2,Wood@display=saliency_crop_720p
R6,R2,a59d9c3c-5f98-4c36-9fdd-923ec879fa4a,R6,Wood@display=saliency_crop_720p
R6,R2,f657943e-7379-41d8-b9ca-6085e8d87335,R6,Wood@display=saliency_crop_720p
R6,R2,6490ce57-97e1-4aaf-b182-a333d12fabce,R6,Wood@display=saliency_crop_720p
,R2,ad2dbf7a-7ce9-493d-9c43-4e368f58da47,R6,Wood@display=saliency_crop_720p
R6,R2,103b5a3b-9184-4f0b-b47b-f534d7912e86,R6,Fountains@display=saliency_crop_720p
R6,R2,3395f4d5-f9c9-4a33-a1e5-b46d0c5a5169,R6,Fountains@display=saliency_crop_720p
R6,R2,79142280-e321-4c94-a688-89f8d0f2143d,R6,Fountains@display=saliency_crop_720p
R6,R2,11d5e43f-aea9-4ca3-9cd6-0be5e30054ea,R6,Fountains@display=saliency_crop_720p
R6,R2,6a67fb94-1db7-4bf5-9bc2-35b8b4f2864f,R6,Fountains@display=saliency_crop_720p
R6,R6,bb555e13-3dc2-4bae-aebb-687073bd6696,R2,Fountains@display=saliency_crop_720p
R6,R2,bc7eaf33-d14a-412d-b86b-bca8c1779ea6,R6,Fountains@display=saliency_crop_720p
R6,R6,68197079-d21f-4bad-946b-d713786b8d63,R2,Fountains@display=saliency_crop_720p
R6,R2,baf74719-ec87-4df6-b995-745a0b159942,R6,Fountains@display=saliency_crop_720p
R6,R6,286e906d-748d-4dbe-937d-5737964765c4,R2,Fountains@display=saliency_crop_720p
R5,R5,103b5a3b-9184-4f0b-b47b-f534d7912e86,R2,Runners@display=saliency_crop_720p
R5,R2,915b1e8c-d82f-4b9a-901d-45904ef15ccd,R5,Runners@display=saliency_crop_720p
R5,R2,d1245215-bee5-4c94-8788-7103a8f4a316,R5,Runners@display=saliency_crop_720p
R5,R2,e0f20671-beda-4d0a-b37a-4495f6c53510,R5,Runners@display=saliency_crop_720p
R5,R5,89ae69f0-ecd6-4afa-b505-5d7649a99cf7,R2,Runners@display=saliency_crop_720p
,R2,2e350e47-8ffe-4c00-b51b-1e8deaa2c539,R5,Runners@display=saliency_crop_720p
R5,R5,9aafde03-1aea-4020-bb6e-8a2de416ade6,R2,Runners@display=saliency_crop_720p
R5,R5,2754ece0-2691-4586-94bd-8548288a77ce,R2,Runners@display=saliency_crop_720p
R5,R5,6490ce57-97e1-4aaf-b182-a333d12fabce,R2,Runners@display=saliency_crop_720p
R5,R5,976350d6-8359-4ecb-8b4d-5f856f09f6e1,R2,Runners@display=saliency_crop_720p
R5,R5,103b5a3b-9184-4f0b-b47b-f534d7912e86,R1,Coastguard@display=saliency_crop_720p
R1,R5,184df185-1d74-4468-9ed0-0c8702c46ca8,R1,Coastguard@display=saliency_crop_720p
,R1,ee51349e-87c9-40e7-bfff-6ac0d3a94834,R5,Coastguard@display=saliency_crop_720p
R5,R1,e3c97b5a-bd35-45f7-af6f-5071d786ce6d,R5,Coastguard@display=saliency_crop_720p
R5,R1,03918ae8-2ee6-4b4f-bc00-6f9e5dcb5855,R5,Coastguard@display=saliency_crop_720p
R5,R1,404031d7-47ed-41d5-af7f-5e07071b9ed8,R5,Coastguard@display=saliency_crop_720p
R5,R5,3f4cbe98-8b64-4a14-aa37-b7dd2a53b670,R1,Coastguard@display=saliency_crop_720p
R5,R1,e9e98d7d-e876-4733-8263-947b5e8a8043,R5,Coastguard@display=saliency_crop_720p
R5,R5,0cab1385-708a-4cd7-a1af-98bb9c47c647,R1,Coastguard@display=saliency_crop_720p
,R1,f786a5a6-ad19-416f-a3d6-b79e7937e385,R5,Coastguard@display=saliency_crop_720p
R6,R3,103b5a3b-9184-4f0b-b47b-f534d7912e86,R6,Wood@display=saliency_crop_720p
,R6,8c8ca989-c073-4802-ad1c-d94d279b28ba,R3,Wood@display=saliency_crop_720p
R6,R3,b4dbd212-bfb6-4c88-9be5-85863b03eb1c,R6,Wood@display=saliency_crop_720p
,R3,3a54e371-0526-47e9-9190-3a1e1d7e98e5,R6,Wood@display=saliency_crop_720p
R6,R6,5f54ca8c-4f0d-4099-a7c2-456de483832c,R3,Wood@display=saliency_crop_720p
R6,R3,cb1a0aca-97dd-44c9-acb0-9292ae562bda,R6,Wood@display=saliency_crop_720p
,R6,9daf50bb-5031-4a91-afcc-4e50ecb00427,R3,Wood@display=saliency_crop_720p
,R6,fe694a50-b355-4c22-93f7-f10ed297818c,R3,Wood@display=saliency_crop_720p
R6,R6,672abb9a-33b8-4db0-b227-b8e20ccefd06,R3,Wood@display=saliency_crop_720p
,R3,b7e88525-0f76-473c-9904-1afb1b81737f,R6,Wood@display=saliency_crop_720p
R5,R5,827224dd-5fd8-4799-a52e-33b8fffc2c34,R1,Wood@display=saliency_crop_720p
R5,R1,54ac11ca-520a-490a-9b24-e07dfc89fe74,R5,Wood@display=saliency_crop_720p
R5,R1,d1245215-bee5-4c94-8788-7103a8f4a316,R5,Wood@display=saliency_crop_720p
R5,R5,b3e01703-d5bd-46fc-a177-66a1b0ba1512,R1,Wood@display=saliency_crop_720p
R5,R5,2a258c74-d533-4d96-ac7e-f0ed88465111,R1,Wood@display=saliency_crop_720p
R5,R1,7e1981ef-c387-451d-a064-1c23f7592d89,R5,Wood@display=saliency_crop_720p
R5,R5,a497a473-9c28-4102-bd8a-d3600323b14b,R1,Wood@display=saliency_crop_720p
R5,R1,a164626b-c8af-4c0b-a5e9-b7a1ebdafffe,R5,Wood@display=saliency_crop_720p
R5,R5,814102c1-d84b-467d-975c-2ccadcdd1608,R1,Wood@display=saliency_crop_720p
R5,R5,4ea401ab-55bd-4ef4-80de-8c52b604f2cb,R1,Wood@display=saliency_crop_720p
R5,R2,827224dd-5fd8-4799-a52e-33b8fffc2c34,R5,Coastguard@display=saliency_crop_720p
R5,R5,9e5809d4-ad76-485b-8726-8fe59f60e525,R2,Coastguard@display=saliency_crop_720p
R5,R5,8cd3a3d2-8780-4e0f-baf0-4e586dc6ea1d,R2,Coastguard@display=saliency_crop_720p
R5,R5,b7b7e154-b9f7-4715-a884-59a87a3cb0d0,R2,Coastguard@display=saliency_crop_720p
R5,R5,b9716331-526c-45d1-8be7-d0dddef7c60a,R2,Coastguard@display=saliency_crop_720p
R5,R2,2e350e47-8ffe-4c00-b51b-1e8deaa2c539,R5,Coastguard@display=saliency_crop_720p
R5,R5,6f14afce-e86b-4111-9ccf-3b1ea7d2db16,R2,Coastguard@display=saliency_crop_720p
R5,R5,a746f1e5-0459-459f-b5ed-e86d4c185174,R2,Coastguard@display=saliency_crop_720p
R5,R5,2a84694e-dc72-4256-9473-dbba201e4b59,R2,Coastguard@display=saliency_crop_720p
R5,R5,a948b6d6-12f1-4314-b21c-8cd2b65c5e08,R2,Coastguard@display=saliency_crop_720p
R6,R6,827224dd-5fd8-4799-a52e-33b8fffc2c34,R4,Mobile@display=saliency_crop_720p
R6,R4,7312338a-e511-45a5-96cd-d6ea25016b2f,R6,Mobile@display=saliency_crop_720p
,R6,d01ee4de-eeab-4fbd-8524-356106dc4056,R4,Mobile@display=saliency_crop_720p
R6,R6,2ef4e142-420e-4882-8763-7b239fce2254,R4,Mobile@display=saliency_crop_720p
R6,R6,4cf850d4-61c0-4b33-a61d-8019373987dc,R4,Mobile@display=saliency_crop_720p
R6,R6,95710843-53a6-4ce1-8187-bcabc14214bd,R4,Mobile@display=saliency_crop_720p
R6,R4,a497a473-9c28-4102-bd8a-d3600323b14b,R6,Mobile@display=saliency_crop_720p
R6,R6,1df3e3f9-0906-4863-84c9-5aaae5983afd,R4,Mobile@display=saliency_crop_720p
R6,R6,ea61fab5-2626-4801-a6e9-20e3dab1289f,R4,Mobile@display=saliency_crop_720p
,R4,e68ba270-158b-4ef3-828e-d229b5c4f93e,R6,Mobile@display=saliency_crop_720p
R3,R1,827224dd-5fd8-4799-a52e-33b8fffc2c34,R3,Runners@display=saliency_crop_720p
R3,R3,7038c718-8872-4a90-8727-551f1026825c,R1,Runners@display=saliency_crop_720p
R3,R1,74ff9857-1648-4ead-9e1d-bc5021209b22,R3,Runners@display=saliency_crop_720p
R3,R1,281613c6-59bc-4f69-bba7-11aa5b09b21d,R3,Runners@display=saliency_crop_720p
R3,R1,89d548e9-3b95-4982-a9d6-c108023058b8,R3,Runners@display=saliency_crop_720p
R3,R1,e61b2bb2-c827-4629-9d34-92c14aaa9c67,R3,Runners@display=saliency_crop_720p
R3,R1,78d0d426-32d3-48d6-b4bd-af91799c7d19,R3,Runners@display=saliency_crop_720p
R3,R1,4c00a892-6d3c-4543-a3a6-ecd51578a665,R3,Runners@display=saliency_crop_720p
R3,R3,63e15e4a-afd7-496b-a690-c9a0fc039877,R1,Runners@display=saliency_crop_720p
R3,R1,f1cb2cc7-888f-4e68-b3f1-b266be4cddc3,R3,Runners@display=saliency_crop_720p
R6,R3,827224dd-5fd8-4799-a52e-33b8fffc2c34,R6,Mobile@display=saliency_crop_720p
R6,R6,8067395d-93a0-4d10-82a1-f9bfef5922d0,R3,Mobile@display=saliency_crop_720p
R6,R3,30e9f8b1-cb8d-46dd-b83a-27f7f7bc3ccd,R6,Mobile@display=saliency_crop_720p
,R3,8d0c0dbf-408c-471e-8c42-ae75675fdf0f,R6,Mobile@display=saliency_crop_720p
,R6,3c08870b-72d3-4453-8f00-c742a295abe5,R3,Mobile@display=saliency_crop_720p
R6,R6,451fa2e5-e97f-4b99-90ab-d7660e24eae1,R3,Mobile@display=saliency_crop_720p
R6,R6,738a8833-ff22-4cc4-9d40-dcacfa02ee12,R3,Mobile@display=saliency_crop_720p
R6,R6,a164626b-c8af-4c0b-a5e9-b7a1ebdafffe,R3,Mobile@display=saliency_crop_720p
R3,R6,d1226590-6359-4cac-88f3-dec750222bfa,R3,Mobile@display=saliency_crop_720p
R6,R6,4ea401ab-55bd-4ef4-80de-8c52b604f2cb,R3,Mobile@display=saliency_crop_720p
R4,R4,827224dd-5fd8-4799-a52e-33b8fffc2c34,R5,Wood@display=saliency_crop_720p
R4,R4,8067395d-93a0-4d10-82a1-f9bfef5922d0,R5,Wood@display=saliency_crop_720p
,R5,bef59a2b-ddd1-426f-b51a-44f8c046b19f,R4,Wood@display=saliency_crop_720p
R5,R4,02f37b74-f890-438c-b501-56c6f737b850,R5,Wood@display=saliency_crop_720p
,R5,cdfad871-f242-47ec-91ee-bc14b6f2c59a,R4,Wood@display=saliency_crop_720p
R4,R5,1bfcbfac-8fb1-456b-9325-ba0e0241df76,R4,Wood@display=saliency_crop_720p
R4,R5,7e026835-513f-4612-847f-404c005fe10a,R4,Wood@display=saliency_crop_720p
,R4,6f14afce-e86b-4111-9ccf-3b1ea7d2db16,R5,Wood@display=saliency_crop_720p
R5,R4,09b49f0a-1565-4274-b0cd-9cc56bfc5117,R5,Wood@display=saliency_crop_720p
R5,R4,9fcac6e5-4916-4f9a-a50c-72cc52db8389,R5,Wood@display=saliency_crop_720p
R6,R6,827224dd-5fd8-4799-a52e-33b8fffc2c34,R1,Mobile@display=saliency_crop_720p
R6,R6,915b1e8c-d82f-4b9a-901d-45904ef15ccd,R1,Mobile@display=saliency_crop_720p
R6,R6,b729a72c-bf5a-4f29-8017-2ccf349890a4,R1,Mobile@display=saliency_crop_720p
R6,R1,e423a2c2-501c-4555-add5-03c9f967d3c6,R6,Mobile@display=saliency_crop_720p
R6,R1,fef3ddd3-cb8d-4874-a0a3-029156d7349c,R6,Mobile@display=saliency_crop_720p
R6,R1,50785f09-5f3b-43e8-a7c9-df4a6f8c5995,R6,Mobile@display=saliency_crop_720p
,R6,a88c1e63-cc97-4ea2-bf46-496ac4a1d26b,R1,Mobile@display=saliency_crop_720p
R6,R6,a746f1e5-0459-459f-b5ed-e86d4c185174,R1,Mobile@display=saliency_crop_720p
R6,R6,e0c576ae-60ae-4a6c-9bbb-3bf76376eb49,R1,Mobile@display=saliency_crop_720p
R6,R6,b7e88525-0f76-473c-9904-1afb1b81737f,R1,Mobile@display=saliency_crop_720p
R5,R5,827224dd-5fd8-4799-a52e-33b8fffc2c34,R3,Fountains@display=saliency_crop_720p
R5,R3,f983d238-dc1f-4c72-8389-ec465fdf433d,R5,Fountains@display=saliency_crop_720p
R5,R3,8063bb45-2535-474d-b2f5-55f445e7972b,R5,Fountains@display=saliency_crop_720p
R5,R3,89c86263-551a-45a8-98ed-da85069c52cd,R5,Fountains@display=saliency_crop_720p
R3,R5,2a258c74-d533-4d96-ac7e-f0ed88465111,R3,Fountains@display=saliency_crop_720p
,R5,5388d40a-2cf7-42da-a59d-6ca6cd878118,R3,Fountains@display=saliency_crop_720p
R5,R5,e889d905-074a-4441-b4d4-da0913066e81,R3,Fountains@display=saliency_crop_720p
R3,R3,45c970cc-8650-41bd-a84d-83e2a312609d,R5,Fountains@display=saliency_crop_720p
R5,R5,bb23da40-6486-42fe-8646-ad5ee9586d1b,R3,Fountains@display=saliency_crop_720p
R5,R3,b859b11b-3f2f-4a7b-8a38-06f221b9e766,R5,Fountains@display=saliency_crop_720p
R5,R5,3db5ec0f-96ca-47a5-8087-e53e89e20d80,R3,Fountains@display=saliency_crop_720p
,R5,301e5596-ccd9-4341-b590-605122658e80,R3,Fountains@display=saliency_crop_720p
,R3,ae5d414d-af8a-42b7-923a-5b36f6f5af7f,R5,Fountains@display=saliency_crop_720p
R5,R3,e3c97b5a-bd35-45f7-af6f-5071d786ce6d,R5,Fountains@display=saliency_crop_720p
,R5,8d903096-da8b-4bbf-a3b3-cb3aafc91e60,R3,Fountains@display=saliency_crop_720p
,R5,827cca51-8a75-4ea5-ae3b-a7f7cda0bb49,R3,Fountains@display=saliency_crop_720p
R3,R5,2a258c74-d533-4d96-ac7e-f0ed88465111,R3,Fountains@display=saliency_crop_720p
R5,R3,a59d9c3c-5f98-4c36-9fdd-923ec879fa4a,R5,Fountains@display=saliency_crop_720p
R5,R3,86779d1b-a1d0-490c-9ea9-768676c45504,R5,Fountains@display=saliency_crop_720p
,R3,c37f9b67-3c3d-4496-9871-91e52c9b56ee,R5,Fountains@display=saliency_crop_720p
R2,R2,3db5ec0f-96ca-47a5-8087-e53e89e20d80,R5,Wood@display=saliency_crop_720p
,R5,1fae4163-0cc0-4fdc-a4e1-1a15e0763e65,R2,Wood@display=saliency_crop_720p
R2,R5,0ddf447f-af8a-46a9-959b-ad5962feb3ec,R2,Wood@display=saliency_crop_720p
R2,R2,74ff9857-1648-4ead-9e1d-bc5021209b22,R5,Wood@display=saliency_crop_720p
R5,R5,fd82f5f2-dbad-4673-94e8-6374d5c887de,R2,Wood@display=saliency_crop_720p
,R5,1870bf23-1292-48d3-8fb9-9d5e3a56898c,R2,Wood@display=saliency_crop_720p
R5,R5,0b1fc41b-322f-4aef-b351-3486e5787f69,R2,Wood@display=saliency_crop_720p
R5,R2,b25461e3-8554-4529-b350-f06f64c8f1d8,R5,Wood@display=saliency_crop_720p
,R5,e4b69059-2d82-45f3-9716-0da84e361c7d,R2,Wood@display=saliency_crop_720p
R2,R5,f1cb2cc7-888f-4e68-b3f1-b266be4cddc3,R2,Wood@display=saliency_crop_720p
R3,R1,3db5ec0f-96ca-47a5-8087-e53e89e20d80,R3,Runners@display=saliency_crop_720p
R3,R3,4e359f28-12f0-4066-b8cc-925ca92c739a,R1,Runners@display=saliency_crop_720p
R3,R3,150d3f2b-1194-4365-ab30-409e52b8b836,R1,Runners@display=saliency_crop_720p
R3,R1,a44c2467-fee9-42a9-abd6-3093cd007c91,R3,Runners@display=saliency_crop_720p
R3,R1,2ef4e142-420e-4882-8763-7b239fce2254,R3,Runners@display=saliency_crop_720p
R3,R3,3b8ef142-e12e-4e1e-a55a-518a5d6a3a30,R1,Runners@display=saliency_crop_720p
R3,R1,d6afd701-716f-4c9a-8c7c-d8e857ac7e6d,R3,Runners@display=saliency_crop_720p
R3,R3,8374c149-4680-4d9c-bc86-4210195afbb5,R1,Runners@display=saliency_crop_720p
R3,R1,736daf56-5294-448e-a783-00c4261b7884,R3,Runners@display=saliency_crop_720p
R3,R1,050adc5c-523f-4141-ac89-2f5ae0ab9c5d,R3,Runners@display=saliency_crop_720p
R3,R1,3db5ec0f-96ca-47a5-8087-e53e89e20d80,R3,Marathon@display=saliency_crop_720p
R3,R1,0ee60acd-31ae-4ce6-8288-d6f0b2512b5a,R3,Marathon@display=saliency_crop_720p
R3,R1,d1245215-bee5-4c94-8788-7103a8f4a316,R3,Marathon@display=saliency_crop_720p
R3,R1,3a54e371-0526-47e9-9190-3a1e1d7e98e5,R3,Marathon@display=saliency_crop_720p
R3,R1,bb555e13-3dc2-4bae-aebb-687073bd6696,R3,Marathon@display=saliency_crop_720p
R3,R3,616bd94d-0f79-44d6-b065-1dc3a733815b,R1,Marathon@display=saliency_crop_720p
R3,R3,e1809ce6-9de7-4931-92c6-581b253174dc,R1,Marathon@display=saliency_crop_720p
R3,R1,21707d3c-00b5-4b08-bcd1-8164876f5630,R3,Marathon@display=saliency_crop_720p
R3,R3,74dab9ad-dabe-4484-85f1-1dac4bd738f7,R1,Marathon@display=saliency_crop_720p
R3,R3,736daf56-5294-448e-a783-00c4261b7884,R1,Marathon@display=saliency_crop_720p
R4,R3,3db5ec0f-96ca-47a5-8087-e53e89e20d80,R4,Fountains@display=saliency_crop_720p
,R4,3395f4d5-f9c9-4a33-a1e5-b46d0c5a5169,R3,Fountains@display=saliency_crop_720p
R3,R3,8cd3a3d2-8780-4e0f-baf0-4e586dc6ea1d,R4,Fountains@display=saliency_crop_720p
R4,R4,b66699af-52ef-45e2-9b3b-a934314a7f27,R3,Fountains@display=saliency_crop_720p
R4,R3,5f54ca8c-4f0d-4099-a7c2-456de483832c,R4,Fountains@display=saliency_crop_720p
R3,R4,b3e01703-d5bd-46fc-a177-66a1b0ba1512,R3,Fountains@display=saliency_crop_720p
R4,R4,2bff4ead-ee8c-48d2-a69b-3dd279e3fd60,R3,Fountains@display=saliency_crop_720p
R4,R4,597a8b4b-9c57-4fa8-8d8b-678096920dac,R3,Fountains@display=saliency_crop_720p
,R4,74dab9ad-dabe-4484-85f1-1dac4bd738f7,R3,Fountains@display=saliency_crop_720p
R4,R4,ad2dbf7a-7ce9-493d-9c43-4e368f58da47,R3,Fountains@display=saliency_crop_720p
R5,R5,3db5ec0f-96ca-47a5-8087-e53e89e20d80,R3,Coastguard@display=saliency_crop_720p
R3,R5,ee821f20-7194-4ffa-bdbc-e072c04c5b3f,R3,Coastguard@display=saliency_crop_720p
R5,R5,6a55c41e-28f5-40e5-9774-f234f5a2f27c,R3,Coastguard@display=saliency_crop_720p
,R5,edacfcf4-81fb-48d0-8e71-034582b726b6,R3,Coastguard@display=saliency_crop_720p
R5,R3,6bcbf25a-c4a1-46c6-8ebf-c5345a553a15,R5,Coastguard@display=saliency_crop_720p
,R3,b1425010-e886-40da-8bb4-f5af11c1261d,R5,Coastguard@display=saliency_crop_720p
R3,R3,bc7eaf33-d14a-412d-b86b-bca8c1779ea6,R5,Coastguard@display=saliency_crop_720p
,R5,fbbb8d95-d1e4-416b-a540-a60d3ba1c05b,R3,Coastguard@display=saliency_crop_720p
,R5,e4b69059-2d82-45f3-9716-0da84e361c7d,R3,Coastguard@display=saliency_crop_720p
R5,R3,f3df28f2-b3a2-4101-8215-106abe4b7509,R5,Coastguard@display=saliency_crop_720p
R2,R2,3db5ec0f-96ca-47a5-8087-e53e89e20d80,R5,Wood@display=saliency_crop_720p
R5,R5,1fae4163-0cc0-4fdc-a4e1-1a15e0763e65,R2,Wood@display=saliency_crop_720p
R5,R5,150d3f2b-1194-4365-ab30-409e52b8b836,R2,Wood@display=saliency_crop_720p
,R5,bb56917a-dee1-475e-973e-7c047c66be9a,R2,Wood@display=saliency_crop_720p
R5,R2,b9716331-526c-45d1-8be7-d0dddef7c60a,R5,Wood@display=saliency_crop_720p
R5,R5,2b276ada-898a-4e8e-8a8c-fb4ec9b447ba,R2,Wood@display=saliency_crop_720p
R5,R5,6f14afce-e86b-4111-9ccf-3b1ea7d2db16,R2,Wood@display=saliency_crop_720p
R5,R2,e8f411fc-2246-470e-88cc-9044aa75cdfe,R5,Wood@display=saliency_crop_720p
R5,R2,668a814c-5057-4e5d-933d-8bbfeb9dde28,R5,Wood@display=saliency_crop_720p
R5,R5,a8d6b3f3-ec6e-4e18-9f5f-b6807fa96bf5,R2,Wood@display=saliency_crop_720p
R4,R1,3db5ec0f-96ca-47a5-8087-e53e89e20d80,R4,Runners@display=saliency_crop_720p
R4,R4,b4dbd212-bfb6-4c88-9be5-85863b03eb1c,R1,Runners@display=saliency_crop_720p
R4,R4,a44c2467-fee9-42a9-abd6-3093cd007c91,R1,Runners@display=saliency_crop_720p
R4,R1,1dfc726c-679c-4fc4-9c97-a79260ee0693,R4,Runners@display=saliency_crop_720p
R4,R1,3c08870b-72d3-4453-8f00-c742a295abe5,R4,Runners@display=saliency_crop_720p
R4,R1,13e9ddfd-2240-45d1-abba-341ee311ead2,R4,Runners@display=saliency_crop_720p
R4,R1,519b827f-a3f3-4046-b7dc-53d0bc3590e9,R4,Runners@display=saliency_crop_720p
R4,R1,c91044c9-01f7-4e0e-ac46-9d55ad58d440,R4,Runners@display=saliency_crop_720p
R4,R1,e4b69059-2d82-45f3-9716-0da84e361c7d,R4,Runners@display=saliency_crop_720p
R4,R4,7089da54-462d-41f6-9846-808c4563d2f7,R1,Runners@display=saliency_crop_720p
,R2,3db5ec0f-96ca-47a5-8087-e53e89e20d80,R3,Marathon@display=saliency_crop_720p
R3,R2,3ef566a6-cf1d-4184-94d0-3a2d9ff2cf38,R3,Marathon@display=saliency_crop_720p
R3,R2,03918ae8-2ee6-4b4f-bc00-6f9e5dcb5855,R3,Marathon@display=saliency_crop_720p
R3,R3,6cc94353-36d5-4bb3-9874-109adc6e4a2b,R2,Marathon@display=saliency_crop_720p
,R2,25633ea9-2d37-4e57-b7e4-16e0ddaedda2,R3,Marathon@display=saliency_crop_720p
R3,R3,2316ec74-84cd-4dc3-bb00-4296d577f866,R2,Marathon@display=saliency_crop_720p
R3,R3,0a258512-3acd-455f-8ddb-03715c16106c,R2,Marathon@display=saliency_crop_720p
R3,R3,e4b69059-2d82-45f3-9716-0da84e361c7d,R2,Marathon@display=saliency_crop_720p
R3,R2,217eeae7-100e-4039-bc33-801352e04e47,R3,Marathon@display=saliency_crop_720p
R3,R3,ea61fab5-2626-4801-a6e9-20e3dab1289f,R2,Marathon@display=saliency_crop_720p
R6,R6,0ee60acd-31ae-4ce6-8288-d6f0b2512b5a,R1,Runners@display=saliency_crop_720p
R6,R6,45b8135e-e0e9-470f-a807-aeb8e0547265,R1,Runners@display=saliency_crop_720p
R6,R6,1bdfcec9-fa8e-43ea-bf16-3c5222d01fd4,R1,Runners@display=saliency_crop_720p
R6,R1,edacfcf4-81fb-48d0-8e71-034582b726b6,R6,Runners@display=saliency_crop_720p
R6,R6,dd41bbe2-9aa2-4e5f-a780-8dd52a1d7ac9,R1,Runners@display=saliency_crop_720p
R6,R6,15c34aa6-446e-4c4d-a566-a10828466312,R1,Runners@display=saliency_crop_720p
R6,R6,b06ea5c9-b548-4926-b4db-76f085a56d9c,R1,Runners@display=saliency_crop_720p
R6,R6,25633ea9-2d37-4e57-b7e4-16e0ddaedda2,R1,Runners@display=saliency_crop_720p
R6,R6,ea61fab5-2626-4801-a6e9-20e3dab1289f,R1,Runners@display=saliency_crop_720p
R6,R1,e4981e4b-89a7-4998-bb0c-fa7801ffc85d,R6,Runners@display=saliency_crop_720p
R6,R6,0ee60acd-31ae-4ce6-8288-d6f0b2512b5a,R1,Coastguard@display=saliency_crop_720p
R6,R1,a7b51467-dadd-4f79-ad3c-befe5941c14e,R6,Coastguard@display=saliency_crop_720p
R6,R1,1e98319b-af93-4d24-b03d-045a6661fdb5,R6,Coastguard@display=saliency_crop_720p
R6,R1,a44c2467-fee9-42a9-abd6-3093cd007c91,R6,Coastguard@display=saliency_crop_720p
R6,R1,99d0c997-17d3-49ee-a79c-52899e517adb,R6,Coastguard@display=saliency_crop_720p
R6,R1,8d0c0dbf-408c-471e-8c42-ae75675fdf0f,R6,Coastguard@display=saliency_crop_720p
R6,R6,dc5a4b0e-f1a0-4f21-8203-0ec7ecfdb06e,R1,Coastguard@display=saliency_crop_720p
R6,R6,27b7bcca-ebd5-4dd5-86ae-6d18db047687,R1,Coastguard@display=saliency_crop_720p
R6,R1,da7b3dc2-1c27-42c2-922c-e52ee70d3b7a,R6,Coastguard@display=saliency_crop_720p
R6,R1,ddac386f-edf8-4cc6-9dcb-5f766b67ba89,R6,Coastguard@display=saliency_crop_720p
R5,R5,0ee60acd-31ae-4ce6-8288-d6f0b2512b5a,R1,Mobile@display=saliency_crop_720p
R5,R1,3395f4d5-f9c9-4a33-a1e5-b46d0c5a5169,R5,Mobile@display=saliency_crop_720p
R5,R1,8cd3a3d2-8780-4e0f-baf0-4e586dc6ea1d,R5,Mobile@display=saliency_crop_720p
R5,R5,b66699af-52ef-45e2-9b3b-a934314a7f27,R1,Mobile@display=saliency_crop_720p
R5,R5,a51f3ee9-6df6-43a7-bc9f-4e403bc4b91d,R1,Mobile@display=saliency_crop_720p
R5,R1,50785f09-5f3b-43e8-a7c9-df4a6f8c5995,R5,Mobile@display=saliency_crop_720p
R5,R1,e61b2bb2-c827-4629-9d34-92c14aaa9c67,R5,Mobile@display=saliency_crop_720p
R5,R1,c3f429a5-aa27-4510-a9c2-61669895dfcf,R5,Mobile@display=saliency_crop_720p
R5,R1,e3f040b9-e356-446c-b33b-9eb5428d0c57,R5,Mobile@display=saliency_crop_720p
R5,R5,4273074b-8761-4f94-8902-8ca3acba618c,R1,Mobile@display=saliency_crop_720p
R3,R3,519768dd-3de6-41b9-bacf-108710851ed4,R4,Wood@display=saliency_crop_720p
,R3,3704e14e-9fae-41bf-9343-c43eeb127d43,R4,Wood@display=saliency_crop_720p
R4,R3,e3c97b5a-bd35-45f7-af6f-5071d786ce6d,R4,Wood@display=saliency_crop_720p
R4,R4,ee821f20-7194-4ffa-bdbc-e072c04c5b3f,R3,Wood@display=saliency_crop_720p
R3,R3,a59d9c3c-5f98-4c36-9fdd-923ec879fa4a,R4,Wood@display=saliency_crop_720p
R4,R3,9fcac6e5-4916-4f9a-a50c-72cc52db8389,R4,Wood@display=saliency_crop_720p
R3,R4,0ee60acd-31ae-4ce6-8288-d6f0b2512b5a,R3,Wood@display=saliency_crop_720p
R4,R3,53be3403-98d0-404f-9260-59a45dac9099,R4,Wood@display=saliency_crop_720p
R4,R4,29861f85-74aa-4b7d-a8cf-325a85339c2d,R3,Wood@display=saliency_crop_720p
R4,R3,0cab1385-708a-4cd7-a1af-98bb9c47c647,R4,Wood@display=saliency_crop_720p
R6,R2,0ee60acd-31ae-4ce6-8288-d6f0b2512b5a,R6,Mobile@display=saliency_crop_720p
,R2,18a795a2-dcc4-4415-b6a7-fc00d1e99141,R6,Mobile@display=saliency_crop_720p
R2,R6,184df185-1d74-4468-9ed0-0c8702c46ca8,R2,Mobile@display=saliency_crop_720p
R6,R2,30e9f8b1-cb8d-46dd-b83a-27f7f7bc3ccd,R6,Mobile@display=saliency_crop_720p
R6,R6,6222769f-cb14-4155-b28b-2b98cacae37c,R2,Mobile@display=saliency_crop_720p
,R6,13e9ddfd-2240-45d1-abba-341ee311ead2,R2,Mobile@display=saliency_crop_720p
R6,R2,21707d3c-00b5-4b08-bcd1-8164876f5630,R6,Mobile@display=saliency_crop_720p
R6,R6,d1226590-6359-4cac-88f3-dec750222bfa,R2,Mobile@display=saliency_crop_720p
R6,R6,0f6a550a-24ac-4ffd-b841-9e3b88c556d9,R2,Mobile@display=saliency_crop_720p
R6,R2,a639194a-e96d-4b67-b56f-1fd982f3fa3d,R6,Mobile@display=saliency_crop_720p
R6,R2,e3f040b9-e356-446c-b33b-9eb5428d0c57,R6,Wood@display=saliency_crop_720p
R6,R2,30e9f8b1-cb8d-46dd-b83a-27f7f7bc3ccd,R6,Wood@display=saliency_crop_720p
,R2,b947a04a-0471-41a3-9d0d-a539a3306a26,R6,Wood@display=saliency_crop_720p
R6,R6,e9e98d7d-e876-4733-8263-947b5e8a8043,R2,Wood@display=saliency_crop_720p
R2,R6,0ee60acd-31ae-4ce6-8288-d6f0b2512b5a,R2,Wood@display=saliency_crop_720p
,R6,1b5e8d39-a826-46ce-81b7-76a91246ca2d,R2,Wood@display=saliency_crop_720p
R6,R2,5da16ddd-4449-494c-8353-cca728fda8ce,R6,Wood@display=saliency_crop_720p
,R6,89d548e9-3b95-4982-a9d6-c108023058b8,R2,Wood@display=saliency_crop_720p
,R6,38791d77-e2b3-4222-8410-53028a6ee0ca,R2,Wood@display=saliency_crop_720p
R6,R2,e4981e4b-89a7-4998-bb0c-fa7801ffc85d,R6,Wood@display=saliency_crop_720p
R2,R4,0ee60acd-31ae-4ce6-8288-d6f0b2512b5a,R2,Wood@display=saliency_crop_720p
R4,R2,7e810e2b-a60a-4c56-b884-c162d90d6c9a,R4,Wood@display=saliency_crop_720p
R2,R4,6c4bf991-9e48-493b-8a57-fa8eda5143f7,R2,Wood@display=saliency_crop_720p
R4,R2,dd41bbe2-9aa2-4e5f-a780-8dd52a1d7ac9,R4,Wood@display=saliency_crop_720p
R2,R4,b3e01703-d5bd-46fc-a177-66a1b0ba1512,R2,Wood@display=saliency_crop_720p
R4,R4,a88c1e63-cc97-4ea2-bf46-496ac4a1d26b,R2,Wood@display=saliency_crop_720p
R4,R4,a746f1e5-0459-459f-b5ed-e86d4c185174,R2,Wood@display=saliency_crop_720p
,R4,0a258512-3acd-455f-8ddb-03715c16106c,R2,Wood@display=saliency_crop_720p
R4,R2,e3f040b9-e356-446c-b33b-9eb5428d0c57,R4,Wood@display=saliency_crop_720p
R4,R4,976350d6-8359-4ecb-8b4d-5f856f09f6e1,R2,Wood@display=saliency_crop_720p
R5,R1,0ee60acd-31ae-4ce6-8288-d6f0b2512b5a,R5,Runners@display=saliency_crop_720p
R5,R5,25877507-c3b5-496c-82d5-8fb10915c045,R1,Runners@display=saliency_crop_720p
R5,R5,45b8135e-e0e9-470f-a807-aeb8e0547265,R1,Runners@display=saliency_crop_720p
R5,R5,0ddf447f-af8a-46a9-959b-ad5962feb3ec,R1,Runners@display=saliency_crop_720p
R5,R5,74ff9857-1648-4ead-9e1d-bc5021209b22,R1,Runners@display=saliency_crop_720p
R5,R5,b7b7e154-b9f7-4715-a884-59a87a3cb0d0,R1,Runners@display=saliency_crop_720p
R5,R1,616bd94d-0f79-44d6-b065-1dc3a733815b,R5,Runners@display=saliency_crop_720p
R5,R1,7e1981ef-c387-451d-a064-1c23f7592d89,R5,Runners@display=saliency_crop_720p
R5,R5,e3f040b9-e356-446c-b33b-9eb5428d0c57,R1,Runners@display=saliency_crop_720p
R5,R5,f2d19079-fad8-48e8-b00e-82da13d0335c,R1,Runners@display=saliency_crop_720p
R4,R4,0ee60acd-31ae-4ce6-8288-d6f0b2512b5a,R2,Coastguard@display=saliency_crop_720p
R4,R4,df46e5b6-1361-4a3f-a3d6-662d3f77e370,R2,Coastguard@display=saliency_crop_720p
R4,R4,b729a72c-bf5a-4f29-8017-2ccf349890a4,R2,Coastguard@display=saliency_crop_720p
R4,R4,a44c2467-fee9-42a9-abd6-3093cd007c91,R2,Coastguard@display=saliency_crop_720p
R4,R2,99d0c997-17d3-49ee-a79c-52899e517adb,R4,Coastguard@display=saliency_crop_720p
,R2,a96e1cbb-d957-490b-82a6-ceece82f5c0a,R4,Coastguard@display=saliency_crop_720p
R4,R2,a88c1e63-cc97-4ea2-bf46-496ac4a1d26b,R4,Coastguard@display=saliency_crop_720p
R4,R2,24877cc4-7da9-4c23-922c-bd003dcee0a5,R4,Coastguard@display=saliency_crop_720p
R4,R4,baf74719-ec87-4df6-b995-745a0b159942,R2,Coastguard@display=saliency_crop_720p
R4,R4,286e906d-748d-4dbe-937d-5737964765c4,R2,Coastguard@display=saliency_crop_720p
R6,R4,0ee60acd-31ae-4ce6-8288-d6f0b2512b5a,R6,Mobile@display=saliency_crop_720p
R6,R4,3c85e6af-6d69-40c3-a902-e565a7703815,R6,Mobile@display=saliency_crop_720p
R4,R6,0b7a0119-059f-4e1d-ad31-b02c334f46b1,R4,Mobile@display=saliency_crop_720p
,R4,301e5596-ccd9-4341-b590-605122658e80,R6,Mobile@display=saliency_crop_720p
R6,R6,d9398397-65f2-452c-bd63-2438d388fb9b,R4,Mobile@display=saliency_crop_720p
R4,R4,46a9eff0-38e5-4216-9855-253317f501bd,R6,Mobile@display=saliency_crop_720p
,R6,13e9ddfd-2240-45d1-abba-341ee311ead2,R4,Mobile@display=saliency_crop_720p
,R4,c91044c9-01f7-4e0e-ac46-9d55ad58d440,R6,Mobile@display=saliency_crop_720p
R4,R6,2c8ac8f7-daf5-4ec3-bc54-c7339655128d,R4,Mobile@display=saliency_crop_720p
,R6,e68ba270-158b-4ef3-828e-d229b5c4f93e,R4,Mobile@display=saliency_crop_720p
R4,R5,0ee60acd-31ae-4ce6-8288-d6f0b2512b5a,R4,Runners@display=saliency_crop_720p
R5,R5,7038c718-8872-4a90-8727-551f1026825c,R4,Runners@display=saliency_crop_720p
,R4,b3162290-869f-4769-b470-8d2ec15f49c8,R5,Runners@display=saliency_crop_720p
R5,R4,d90616ad-9eb8-42d7-8453-625141773072,R5,Runners@display=saliency_crop_720p
R4,R5,99d0c997-17d3-49ee-a79c-52899e517adb,R4,Runners@display=saliency_crop_720p
R5,R4,616bd94d-0f79-44d6-b065-1dc3a733815b,R5,Runners@display=saliency_crop_720p
,R4,d6afd701-716f-4c9a-8c7c-d8e857ac7e6d,R5,Runners@display=saliency_crop_720p
R5,R5,2aa4fa46-6ed3-44d1-94b4-aa7c1be876a5,R4,Runners@display=saliency_crop_720p
R5,R4,4c00a892-6d3c-4543-a3a6-ecd51578a665,R5,Runners@display=saliency_crop_720p
R4,R4,45c970cc-8650-41bd-a84d-83e2a312609d,R5,Runners@display=saliency_crop_720p
R6,R1,0ee60acd-31ae-4ce6-8288-d6f0b2512b5a,R6,Marathon@display=saliency_crop_720p
R6,R1,255b3f30-8e77-4ed4-aae6-af54b9cecfde,R6,Marathon@display=saliency_crop_720p
R6,R1,b3162290-869f-4769-b470-8d2ec15f49c8,R6,Marathon@display=saliency_crop_720p
R6,R6,4428e8f1-427f-45b3-a6c9-7978ec3021a9,R1,Marathon@display=saliency_crop_720p
R6,R1,d9398397-65f2-452c-bd63-2438d388fb9b,R6,Marathon@display=saliency_crop_720p
R6,R6,6222769f-cb14-4155-b28b-2b98cacae37c,R1,Marathon@display=saliency_crop_720p
R6,R6,d6afd701-716f-4c9a-8c7c-d8e857ac7e6d,R1,Marathon@display=saliency_crop_720p
R6,R1,738a8833-ff22-4cc4-9d40-dcacfa02ee12,R6,Marathon@display=saliency_crop_720p
R6,R1,c91044c9-01f7-4e0e-ac46-9d55ad58d440,R6,Marathon@display=saliency_crop_720p
R6,R6,a639194a-e96d-4b67-b56f-1fd982f3fa3d,R1,Marathon@display=saliency_crop_720p
R6,R3,42e445c6-70f6-4003-a9c8-e236a841ffd9,R6,Runners@display=saliency_crop_720p
R6,R6,17c0690f-d4b3-4f02-be32-d9ca72f2e8ca,R3,Runners@display=saliency_crop_720p
R6,R3,6a55c41e-28f5-40e5-9774-f234f5a2f27c,R6,Runners@display=saliency_crop_720p
R6,R3,b7ec049a-b317-451f-890c-7a6206c37992,R6,Runners@display=saliency_crop_720p
R6,R3,d01ee4de-eeab-4fbd-8524-356106dc4056,R6,Runners@display=saliency_crop_720p
,R3,dc5a4b0e-f1a0-4f21-8203-0ec7ecfdb06e,R6,Runners@display=saliency_crop_720p
R3,R3,bd7f5bfc-51a6-47a7-946e-773f7cd82298,R6,Runners@display=saliency_crop_720p
R6,R3,672abb9a-33b8-4db0-b227-b8e20ccefd06,R6,Runners@display=saliency_crop_720p
,R3,c91044c9-01f7-4e0e-ac46-9d55ad58d440,R6,Runners@display=saliency_crop_720p
R6,R6,9de6ddbf-ea31-49d6-aa57-4d09d18770b6,R3,Runners@display=saliency_crop_720p
R6,R6,42e445c6-70f6-4003-a9c8-e236a841ffd9,R4,Runners@display=saliency_crop_720p
R6,R4,b166b1a4-303d-410b-8dcf-1fd9368a2025,R6,Runners@display=saliency_crop_720p
R6,R4,6a55c41e-28f5-40e5-9774-f234f5a2f27c,R6,Runners@display=saliency_crop_720p
R6,R6,a4599144-137a-49f5-8efa-5af9b1dd69ff,R4,Runners@display=saliency_crop_720p
R4,R6,f97debc6-c942-4a3b-8401-944fcc699990,R4,Runners@display=saliency_crop_720p
R4,R6,c4e0202a-d6df-4a89-84b7-abe2320317d4,R4,Runners@display=saliency_crop_720p
R6,R6,cb1a0aca-97dd-44c9-acb0-9292ae562bda,R4,Runners@display=saliency_crop_720p
R6,R6,a7c77be2-85d9-45d4-89d2-6e6664d42c09,R4,Runners@display=saliency_crop_720p
R4,R4,e889d905-074a-4441-b4d4-da0913066e81,R6,Runners@display=saliency_crop_720p
R6,R4,f657943e-7379-41d8-b9ca-6085e8d87335,R6,Runners@display=saliency_crop_720p
R6,R6,42e445c6-70f6-4003-a9c8-e236a841ffd9,R3,Fountains@display=saliency_crop_720p
R6,R3,25d1daad-316c-4d4e-962c-0952840343e8,R6,Fountains@display=saliency_crop_720p
R6,R6,255b3f30-8e77-4ed4-aae6-af54b9cecfde,R3,Fountains@display=saliency_crop_720p
R6,R3,11d5e43f-aea9-4ca3-9cd6-0be5e30054ea,R6,Fountains@display=saliency_crop_720p
R3,R6,99d0c997-17d3-49ee-a79c-52899e517adb,R3,Fountains@display=saliency_crop_720p
R6,R3,e1dca6b5-2ba7-4cec-b1d8-39c1d4293aa3,R6,Fountains@display=saliency_crop_720p
R6,R3,bd7f5bfc-51a6-47a7-946e-773f7cd82298,R6,Fountains@display=saliency_crop_720p
,R6,21707d3c-00b5-4b08-bcd1-8164876f5630,R3,Fountains@display=saliency_crop_720p
R6,R6,17c3b1b8-7cdd-490f-afbc-d8eece8cb422,R3,Fountains@display=saliency_crop_720p
,R3,e68ba270-158b-4ef3-828e-d229b5c4f93e,R6,Fountains@display=saliency_crop_720p
R6,R6,42e445c6-70f6-4003-a9c8-e236a841ffd9,R1,Wood@display=saliency_crop_720p
R6,R6,ae5d2317-34ff-4a10-b92a-ee800dbd7824,R1,Wood@display=saliency_crop_720p
R6,R1,22babd26-be86-429a-86c1-5fb14c84cbaf,R6,Wood@display=saliency_crop_720p
R6,R6,15c34aa6-446e-4c4d-a566-a10828466312,R1,Wood@display=saliency_crop_720p
R6,R6,b9716331-526c-45d1-8be7-d0dddef7c60a,R1,Wood@display=saliency_crop_720p
R6,R1,bc7eaf33-d14a-412d-b86b-bca8c1779ea6,R6,Wood@display=saliency_crop_720p
,R1,519768dd-3de6-41b9-bacf-108710851ed4,R6,Wood@display=saliency_crop_720p
R6,R1,597a8b4b-9c57-4fa8-8d8b-678096920dac,R6,Wood@display=saliency_crop_720p
R6,R6,24f1a5c5-54bc-4098-a9c4-ca4605a0c79f,R1,Wood@display=saliency_crop_720p
R1,R1,bb23da40-6486-42fe-8646-ad5ee9586d1b,R6,Wood@display=saliency_crop_720p
R2,R2,42e445c6-70f6-4003-a9c8-e236a841ffd9,R1,Marathon@display=saliency_crop_720p
R2,R2,7831fc77-5fde-419a-85a3-3d3f83bfaa44,R1,Marathon@display=saliency_crop_720p
R2,R2,d537e91d-3672-4039-9598-31666298902b,R1,Marathon@display=saliency_crop_720p
R2,R1,a878cfc3-6f7b-4130-b064-54bf4dc4f24e,R2,Marathon@display=saliency_crop_720p
R2,R2,c4e0202a-d6df-4a89-84b7-abe2320317d4,R1,Marathon@display=saliency_crop_720p
R2,R1,c7cb111c-5f37-4f24-8dfb-5959b2bf43c4,R2,Marathon@display=saliency_crop_720p
R2,R2,468683f9-b2bc-4566-bd36-13c7ebd4653b,R1,Marathon@display=saliency_crop_720p
R1,R1,e1809ce6-9de7-4931-92c6-581b253174dc,R2,Marathon@display=saliency_crop_720p
R2,R1,17c3b1b8-7cdd-490f-afbc-d8eece8cb422,R2,Marathon@display=saliency_crop_720p
R2,R1,7089da54-462d-41f6-9846-808c4563d2f7,R2,Marathon@display=saliency_crop_720p
R3,R3,42e445c6-70f6-4003-a9c8-e236a841ffd9,R1,Coastguard@display=saliency_crop_720p
R1,R1,378fcb96-9a03-4c96-8030-20b890424760,R3,Coastguard@display=saliency_crop_720p
R3,R3,22babd26-be86-429a-86c1-5fb14c84cbaf,R1,Coastguard@display=saliency_crop_720p
R3,R1,8d903096-da8b-4bbf-a3b3-cb3aafc91e60,R3,Coastguard@display=saliency_crop_720p
R3,R3,9da170ef-90e6-45c5-82b7-aa0c045e0b69,R1,Coastguard@display=saliency_crop_720p
,R1,e61b2bb2-c827-4629-9d34-92c14aaa9c67,R3,Coastguard@display=saliency_crop_720p
R3,R1,a7c77be2-85d9-45d4-89d2-6e6664d42c09,R3,Coastguard@display=saliency_crop_720p
R3,R3,7527db76-0b02-4712-be81-bdf99a306513,R1,Coastguard@display=saliency_crop_720p
R3,R1,9eca7084-d2b7-4f1a-9c4c-a29c723b5ca7,R3,Coastguard@display=saliency_crop_720p
R3,R3,b5c8a9c7-e79a-48e8-8112-27fad4f3990d,R1,Coastguard@display=saliency_crop_720p
R4,R4,42e445c6-70f6-4003-a9c8-e236a841ffd9,R2,Coastguard@display=saliency_crop_720p
,R2,6abec8af-0a48-4c59-902c-08a437c87038,R4,Coastguard@display=saliency_crop_720p
R4,R2,79142280-e321-4c94-a688-89f8d0f2143d,R4,Coastguard@display=saliency_crop_720p
R4,R2,11d5e43f-aea9-4ca3-9cd6-0be5e30054ea,R4,Coastguard@display=saliency_crop_720p
R4,R4,c7966b62-3a1f-406c-b7e2-2e215da0d94a,R2,Coastguard@display=saliency_crop_720p
R4,R2,451fa2e5-e97f-4b99-90ab-d7660e24eae1,R4,Coastguard@display=saliency_crop_720p
R4,R2,bc7eaf33-d14a-412d-b86b-bca8c1779ea6,R4,Coastguard@display=saliency_crop_720p
,R2,21707d3c-00b5-4b08-bcd1-8164876f5630,R4,Coastguard@display=saliency_crop_720p
,R4,a746f1e5-0459-459f-b5ed-e86d4c185174,R2,Coastguard@display=saliency_crop_720p
R4,R4,4273074b-8761-4f94-8902-8ca3acba618c,R2,Coastguard@display=saliency_crop_720p
R4,R2,42e445c6-70f6-4003-a9c8-e236a841ffd9,R4,Wood@display=saliency_crop_720p
R4,R2,6a70e13a-742b-47ca-a63e-0360fd2bc593,R4,Wood@display=saliency_crop_720p
R2,R4,7312338a-e511-45a5-96cd-d6ea25016b2f,R2,Wood@display=saliency_crop_720p
R4,R2,d90616ad-9eb8-42d7-8453-625141773072,R4,Wood@display=saliency_crop_720p
,R2,c7cb111c-5f37-4f24-8dfb-5959b2bf43c4,R4,Wood@display=saliency_crop_720p
R4,R2,6222769f-cb14-4155-b28b-2b98cacae37c,R4,Wood@display=saliency_crop_720p
,R2,3fa656ef-3088-43f3-88f1-bd3153908047,R4,Wood@display=saliency_crop_720p
R2,R4,a7c77be2-85d9-45d4-89d2-6e6664d42c09,R2,Wood@display=saliency_crop_720p
R4,R4,e8f411fc-2246-470e-88cc-9044aa75cdfe,R2,Wood@display=saliency_crop_720p
R4,R4,4273074b-8761-4f94-8902-8ca3acba618c,R2,Wood@display=saliency_crop_720p
,R1,42e445c6-70f6-4003-a9c8-e236a841ffd9,R2,Fountains@display=saliency_crop_720p
R2,R2,2f43b081-80a8-4f3b-aae0-612bc85bb533,R1,Fountains@display=saliency_crop_720p
R2,R1,eb33bb36-3d3d-4b5e-9592-aecf461d8ea4,R2,Fountains@display=saliency_crop_720p
R2,R1,1e98319b-af93-4d24-b03d-045a6661fdb5,R2,Fountains@display=saliency_crop_720p
R1,R1,30e9f8b1-cb8d-46dd-b83a-27f7f7bc3ccd,R2,Fountains@display=saliency_crop_720p
R2,R2,404031d7-47ed-41d5-af7f-5e07071b9ed8,R1,Fountains@display=saliency_crop_720p
R2,R1,9daf50bb-5031-4a91-afcc-4e50ecb00427,R2,Fountains@display=saliency_crop_720p
R1,R1,59ce8f4c-5087-40a5-9d45-9e0396ccfe36,R2,Fountains@display=saliency_crop_720p
R1,R1,da7b3dc2-1c27-42c2-922c-e52ee70d3b7a,R2,Fountains@display=saliency_crop_720p
,R1,f786a5a6-ad19-416f-a3d6-b79e7937e385,R2,Fountains@display=saliency_crop_720p
R2,R1,17c0690f-d4b3-4f02-be32-d9ca72f2e8ca,R2,Wood@display=saliency_crop_720p
R1,R2,25877507-c3b5-496c-82d5-8fb10915c045,R1,Wood@display=saliency_crop_720p
,R2,3a54e371-0526-47e9-9190-3a1e1d7e98e5,R1,Wood@display=saliency_crop_720p
R2,R2,db138b4b-48ef-4ebf-91bb-fc4dab998618,R1,Wood@display=saliency_crop_720p
R2,R2,4ebbe1dc-912a-4e52-88f6-ac59dd632f59,R1,Wood@display=saliency_crop_720p
,R1,fa78d961-10d7-4926-b408-50dcf817d4db,R2,Wood@display=saliency_crop_720p
,R2,6f14afce-e86b-4111-9ccf-3b1ea7d2db16,R1,Wood@display=saliency_crop_720p
R2,R1,e0c576ae-60ae-4a6c-9bbb-3bf76376eb49,R2,Wood@display=saliency_crop_720p
R2,R2,ea61fab5-2626-4801-a6e9-20e3dab1289f,R1,Wood@display=saliency_crop_720p
R1,R2,8188593a-accb-49a1-86d7-c617b9f1fa35,R1,Wood@display=saliency_crop_720p
R2,R2,17c0690f-d4b3-4f02-be32-d9ca72f2e8ca,R1,Marathon@display=saliency_crop_720p
R2,R2,1fae4163-0cc0-4fdc-a4e1-1a15e0763e65,R1,Marathon@display=saliency_crop_720p
R2,R2,a878cfc3-6f7b-4130-b064-54bf4dc4f24e,R1,Marathon@display=saliency_crop_720p
R2,R1,aec04abb-36e1-4b19-a4e4-b86a7fc0e60b,R2,Marathon@display=saliency_crop_720p
R2,R2,29861f85-74aa-4b7d-a8cf-325a85339c2d,R1,Marathon@display=saliency_crop_720p
R2,R1,b06ea5c9-b548-4926-b4db-76f085a56d9c,R2,Marathon@display=saliency_crop_720p
R2,R2,fa78d961-10d7-4926-b408-50dcf817d4db,R1,Marathon@display=saliency_crop_720p
R2,R1,fe694a50-b355-4c22-93f7-f10ed297818c,R2,Marathon@display=saliency_crop_720p
R2,R1,c91044c9-01f7-4e0e-ac46-9d55ad58d440,R2,Marathon@display=saliency_crop_720p
,R1,ddac386f-edf8-4cc6-9dcb-5f766b67ba89,R2,Marathon@display=saliency_crop_720p
R3,R3,17c0690f-d4b3-4f02-be32-d9ca72f2e8ca,R4,Wood@display=saliency_crop_720p
,R3,a7b51467-dadd-4f79-ad3c-befe5941c14e,R4,Wood@display=saliency_crop_720p
R4,R3,6c4bf991-9e48-493b-8a57-fa8eda5143f7,R4,Wood@display=saliency_crop_720p
,R4,e0f20671-beda-4d0a-b37a-4495f6c53510,R3,Wood@display=saliency_crop_720p
,R3,bb56917a-dee1-475e-973e-7c047c66be9a,R4,Wood@display=saliency_crop_720p
R4,R3,49238b08-9aa6-43ad-836c-c4a77df0066d,R4,Wood@display=saliency_crop_720p
,R4,7e1981ef-c387-451d-a064-1c23f7592d89,R3,Wood@display=saliency_crop_720p
R4,R4,e889d905-074a-4441-b4d4-da0913066e81,R3,Wood@display=saliency_crop_720p
R4,R3,91ff490d-9ede-4421-8ebe-d1921121b016,R4,Wood@display=saliency_crop_720p
R4,R3,a948b6d6-12f1-4314-b21c-8cd2b65c5e08,R4,Wood@display=saliency_crop_720p
R6,R6,17c0690f-d4b3-4f02-be32-d9ca72f2e8ca,R5,Coastguard@display=saliency_crop_720p
R6,R5,18a795a2-dcc4-4415-b6a7-fc00d1e99141,R6,Coastguard@display=saliency_crop_720p
R6,R5,ba0d9051-cdd8-4fbd-a78d-61de5fd89cb7,R6,Coastguard@display=saliency_crop_720p
R5,R5,22babd26-be86-429a-86c1-5fb14c84cbaf,R6,Coastguard@display=saliency_crop_720p
R6,R5,bb56917a-dee1-475e-973e-7c047c66be9a,R6,Coastguard@display=saliency_crop_720p
,R6,d5860c43-3d0a-4bfd-ba95-e4f22ebe233f,R5,Coastguard@display=saliency_crop_720p
R5,R6,a7c77be2-85d9-45d4-89d2-6e6664d42c09,R5,Coastguard@display=saliency_crop_720p
R6,R6,519b827f-a3f3-4046-b7dc-53d0bc3590e9,R5,Coastguard@display=saliency_crop_720p
R5,R6,baf74719-ec87-4df6-b995-745a0b159942,R5,Coastguard@display=saliency_crop_720p
R5,R5,7089da54-462d-41f6-9846-808c4563d2f7,R6,Coastguard@display=saliency_crop_720p
R5,R5,17c0690f-d4b3-4f02-be32-d9ca72f2e8ca,R2,Fountains@display=saliency_crop_720p
R5,R2,7e810e2b-a60a-4c56-b884-c162d90d6c9a,R5,Fountains@display=saliency_crop_720p
R5,R5,6a55c41e-28f5-40e5-9774-f234f5a2f27c,R2,Fountains@display=saliency_crop_720p
R5,R2,8063bb45-2535-474d-b2f5-55f445e7972b,R5,Fountains@display=saliency_crop_720p
R5,R5,bb56917a-dee1-475e-973e-7c047c66be9a,R2,Fountains@display=saliency_crop_720p
R5,R5,c1ab6b5a-8150-4b61-aa8f-21f9aa057180,R2,Fountains@display=saliency_crop_720p
R5,R5,3fa656ef-3088-43f3-88f1-bd3153908047,R2,Fountains@display=saliency_crop_720p
R5,R5,b18f7082-e656-4f3b-8b2a-b4f9859f2591,R2,Fountains@display=saliency_crop_720p
R5,R2,642d5f92-2723-4f97-b2c7-a2b2b232ece5,R5,Fountains@display=saliency_crop_720p
R5,R5,e4981e4b-89a7-4998-bb0c-fa7801ffc85d,R2,Fountains@display=saliency_crop_720p
R6,R2,3ef566a6-cf1d-4184-94d0-3a2d9ff2cf38,R6,Marathon@display=saliency_crop_720p
R6,R6,5388d40a-2cf7-42da-a59d-6ca6cd878118,R2,Marathon@display=saliency_crop_720p
R6,R2,17c0690f-d4b3-4f02-be32-d9ca72f2e8ca,R6,Marathon@display=saliency_crop_720p
R6,R2,122c20f2-fdf2-45bd-91bb-825b2cd121cc,R6,Marathon@display=saliency_crop_720p
R6,R6,47313c32-e907-4763-8b34-f1b57f7fbcb6,R2,Marathon@display=saliency_crop_720p
R6,R6,122c20f2-fdf2-45bd-91bb-825b2cd121cc,R2,Marathon@display=saliency_crop_720p
R6,R2,53be3403-98d0-404f-9260-59a45dac9099,R6,Marathon@display=saliency_crop_720p
R6,R2,89c86263-551a-45a8-98ed-da85069c52cd,R6,Marathon@display=saliency_crop_720p
R6,R2,451fa2e5-e97f-4b99-90ab-d7660e24eae1,R6,Marathon@display=saliency_crop_720p
R6,R2,6003c531-2418-4463-977d-5ea5f43c6fe6,R6,Marathon@display=saliency_crop_720p
R2,R3,17c0690f-d4b3-4f02-be32-d9ca72f2e8ca,R2,Fountains@display=saliency_crop_720p
R2,R3,b28d7478-6983-46f5-9f46-66beca775a60,R2,Fountains@display=saliency_crop_720p
R3,R2,b7ec049a-b317-451f-890c-7a6206c37992,R3,Fountains@display=saliency_crop_720p
R3,R2,ee51349e-87c9-40e7-bfff-6ac0d3a94834,R3,Fountains@display=saliency_crop_720p
,R3,50785f09-5f3b-43e8-a7c9-df4a6f8c5995,R2,Fountains@display=saliency_crop_720p
R3,R3,fa78d961-10d7-4926-b408-50dcf817d4db,R2,Fountains@display=saliency_crop_720p
R3,R3,a497a473-9c28-4102-bd8a-d3600323b14b,R2,Fountains@display=saliency_crop_720p
R3,R3,1df3e3f9-0906-4863-84c9-5aaae5983afd,R2,Fountains@display=saliency_crop_720p
R3,R3,baf74719-ec87-4df6-b995-745a0b159942,R2,Fountains@display=saliency_crop_720p
R3,R3,4ea401ab-55bd-4ef4-80de-8c52b604f2cb,R2,Fountains@display=saliency_crop_720p
R6,R6,7038c718-8872-4a90-8727-551f1026825c,R4,Coastguard@display=saliency_crop_720p
R6,R6,a497a473-9c28-4102-bd8a-d3600323b14b,R4,Coastguard@display=saliency_crop_720p
R6,R4,ff6a0bae-170c-49e1-8f2f-b77d4ec2558b,R6,Coastguard@display=saliency_crop_720p
,R6,86779d1b-a1d0-490c-9ea9-768676c45504,R4,Coastguard@display=saliency_crop_720p
,R6,52a47bbc-e062-4cba-9e8d-3fe5e313ac97,R4,Coastguard@display=saliency_crop_720p
R4,R6,9da170ef-90e6-45c5-82b7-aa0c045e0b69,R4,Coastguard@display=saliency_crop_720p
R6,R6,52a47bbc-e062-4cba-9e8d-3fe5e313ac97,R4,Coastguard@display=saliency_crop_720p
,R4,17c0690f-d4b3-4f02-be32-d9ca72f2e8ca,R6,Coastguard@display=saliency_crop_720p
R6,R6,c3f429a5-aa27-4510-a9c2-61669895dfcf,R4,Coastguard@display=saliency_crop_720p
R6,R4,db138b4b-48ef-4ebf-91bb-fc4dab998618,R6,Coastguard@display=saliency_crop_720p
R6,R6,378fcb96-9a03-4c96-8030-20b890424760,R2,Fountains@display=saliency_crop_720p
R6,R6,1bdfcec9-fa8e-43ea-bf16-3c5222d01fd4,R2,Fountains@display=saliency_crop_720p
R6,R2,87ab35d8-4c37-47d1-9b22-1829dc5dc3c4,R6,Fountains@display=saliency_crop_720p
R6,R2,99d0c997-17d3-49ee-a79c-52899e517adb,R6,Fountains@display=saliency_crop_720p
R6,R6,edf59e18-8621-49ba-a818-96825286522a,R2,Fountains@display=saliency_crop_720p
R6,R6,cb1a0aca-97dd-44c9-acb0-9292ae562bda,R2,Fountains@display=saliency_crop_720p
R6,R6,bd7f5bfc-51a6-47a7-946e-773f7cd82298,R2,Fountains@display=saliency_crop_720p
R6,R6,8374c149-4680-4d9c-bc86-4210195afbb5,R2,Fountains@display=saliency_crop_720p
R6,R2,f657943e-7379-41d8-b9ca-6085e8d87335,R6,Fountains@display=saliency_crop_720p
R6,R2,a639194a-e96d-4b67-b56f-1fd982f3fa3d,R6,Fountains@display=saliency_crop_720p
R3,R3,378fcb96-9a03-4c96-8030-20b890424760,R1,Wood@display=saliency_crop_720p
R3,R3,b166b1a4-303d-410b-8dcf-1fd9368a2025,R1,Wood@display=saliency_crop_720p
R3,R1,3704e14e-9fae-41bf-9343-c43eeb127d43,R3,Wood@display=saliency_crop_720p
R3,R3,13426a53-421c-4362-8f41-14152d68ff4a,R1,Wood@display=saliency_crop_720p
R3,R3,2ef4e142-420e-4882-8763-7b239fce2254,R1,Wood@display=saliency_crop_720p
R3,R3,7f8aea63-96d6-4a3c-a4cf-af6310fc603a,R1,Wood@display=saliency_crop_720p
R3,R3,78d0d426-32d3-48d6-b4bd-af91799c7d19,R1,Wood@display=saliency_crop_720p
R3,R1,27b7bcca-ebd5-4dd5-86ae-6d18db047687,R3,Wood@display=saliency_crop_720p
R3,R1,45c970cc-8650-41bd-a84d-83e2a312609d,R3,Wood@display=saliency_crop_720p
R3,R3,976350d6-8359-4ecb-8b4d-5f856f09f6e1,R1,Wood@display=saliency_crop_720p
R4,R4,378fcb96-9a03-4c96-8030-20b890424760,R1,Fountains@display=saliency_crop_720p
R4,R4,9e5809d4-ad76-485b-8726-8fe59f60e525,R1,Fountains@display=saliency_crop_720p
R4,R4,e423a2c2-501c-4555-add5-03c9f967d3c6,R1,Fountains@display=saliency_crop_720p
R4,R1,e3c97b5a-bd35-45f7-af6f-5071d786ce6d,R4,Fountains@display=saliency_crop_720p
R4,R1,dd41bbe2-9aa2-4e5f-a780-8dd52a1d7ac9,R4,Fountains@display=saliency_crop_720p
R4,R1,a96e1cbb-d957-490b-82a6-ceece82f5c0a,R4,Fountains@display=saliency_crop_720p
R4,R1,38791d77-e2b3-4222-8410-53028a6ee0ca,R4,Fountains@display=saliency_crop_720p
R4,R4,6f14afce-e86b-4111-9ccf-3b1ea7d2db16,R1,Fountains@display=saliency_crop_720p
R4,R1,21f869c7-f7a5-4fe3-99d4-3a6760f23d84,R4,Fountains@display=saliency_crop_720p
R4,R4,a948b6d6-12f1-4314-b21c-8cd2b65c5e08,R1,Fountains@display=saliency_crop_720p
R3,R3,378fcb96-9a03-4c96-8030-20b890424760,R1,Runners@display=saliency_crop_720p
R3,R3,3c85e6af-6d69-40c3-a902-e565a7703815,R1,Runners@display=saliency_crop_720p
R3,R1,bef59a2b-ddd1-426f-b51a-44f8c046b19f,R3,Runners@display=saliency_crop_720p
,R1,c1233c78-9911-4cf3-96ce-705837796c43,R3,Runners@display=saliency_crop_720p
R3,R3,b1425010-e886-40da-8bb4-f5af11c1261d,R1,Runners@display=saliency_crop_720p
R3,R3,519768dd-3de6-41b9-bacf-108710851ed4,R1,Runners@display=saliency_crop_720p
R3,R3,597a8b4b-9c57-4fa8-8d8b-678096920dac,R1,Runners@display=saliency_crop_720p
R3,R1,17c3b1b8-7cdd-490f-afbc-d8eece8cb422,R3,Runners@display=saliency_crop_720p
R3,R3,9de6ddbf-ea31-49d6-aa57-4d09d18770b6,R1,Runners@display=saliency_crop_720p
R3,R1,b859b11b-3f2f-4a7b-8a38-06f221b9e766,R3,Runners@display=saliency_crop_720p
R3,R3,378fcb96-9a03-4c96-8030-20b890424760,R5,Wood@display=saliency_crop_720p
,R3,06a572e1-633c-42f0-a829-fb2ed318e676,R5,Wood@display=saliency_crop_720p
R5,R3,22babd26-be86-429a-86c1-5fb14c84cbaf,R5,Wood@display=saliency_crop_720p
R5,R3,fd82f5f2-dbad-4673-94e8-6374d5c887de,R5,Wood@display=saliency_crop_720p
R5,R3,4ebbe1dc-912a-4e52-88f6-ac59dd632f59,R5,Wood@display=saliency_crop_720p
R5,R3,24877cc4-7da9-4c23-922c-bd003dcee0a5,R5,Wood@display=saliency_crop_720p
R5,R5,68197079-d21f-4bad-946b-d713786b8d63,R3,Wood@display=saliency_crop_720p
R5,R3,63e15e4a-afd7-496b-a690-c9a0fc039877,R5,Wood@display=saliency_crop_720p
R5,R3,8188593a-accb-49a1-86d7-c617b9f1fa35,R5,Wood@display=saliency_crop_720p
R5,R3,b859b11b-3f2f-4a7b-8a38-06f221b9e766,R5,Wood@display=saliency_crop_720p
,R1,378fcb96-9a03-4c96-8030-20b890424760,R2,Coastguard@display=saliency_crop_720p
,R1,c284e74e-3d25-475f-9345-f57f7aeae706,R2,Coastguard@display=saliency_crop_720p
R2,R1,8063bb45-2535-474d-b2f5-55f445e7972b,R2,Coastguard@display=saliency_crop_720p
R2,R1,ee51349e-87c9-40e7-bfff-6ac0d3a94834,R2,Coastguard@display=saliency_crop_720p
,R2,ff6a0bae-170c-49e1-8f2f-b77d4ec2558b,R1,Coastguard@display=saliency_crop_720p
R2,R2,7e026835-513f-4612-847f-404c005fe10a,R1,Coastguard@display=saliency_crop_720p
,R2,59ce8f4c-5087-40a5-9d45-9e0396ccfe36,R1,Coastguard@display=saliency_crop_720p
R2,R2,f929555f-b198-4089-ba97-c458a694db91,R1,Coastguard@display=saliency_crop_720p
R2,R1,eda68cb8-1e4e-4421-9ce1-2caf6b8df80e,R2,Coastguard@display=saliency_crop_720p
,R2,f786a5a6-ad19-416f-a3d6-b79e7937e385,R1,Coastguard@display=saliency_crop_720p
R3,R3,ea61fab5-2626-4801-a6e9-20e3dab1289f,R6,Marathon@display=saliency_crop_720p
,R3,378fcb96-9a03-4c96-8030-20b890424760,R6,Marathon@display=saliency_crop_720p
R6,R3,99d0c997-17d3-49ee-a79c-52899e517adb,R6,Marathon@display=saliency_crop_720p
R6,R6,a746f1e5-0459-459f-b5ed-e86d4c185174,R3,Marathon@display=saliency_crop_720p
R6,R6,a7c77be2-85d9-45d4-89d2-6e6664d42c09,R3,Marathon@display=saliency_crop_720p
R6,R3,e3f040b9-e356-446c-b33b-9eb5428d0c57,R6,Marathon@display=saliency_crop_720p
,R6,1870bf23-1292-48d3-8fb9-9d5e3a56898c,R3,Marathon@display=saliency_crop_720p
R6,R3,ba0d9051-cdd8-4fbd-a78d-61de5fd89cb7,R6,Marathon@display=saliency_crop_720p
R6,R3,25877507-c3b5-496c-82d5-8fb10915c045,R6,Marathon@display=saliency_crop_720p
R6,R6,6490ce57-97e1-4aaf-b182-a333d12fabce,R3,Marathon@display=saliency_crop_720p
R6,R1,ae5d2317-34ff-4a10-b92a-ee800dbd7824,R6,Wood@display=saliency_crop_720p
R6,R6,2f43b081-80a8-4f3b-aae0-612bc85bb533,R1,Wood@display=saliency_crop_720p
R6,R6,7038c718-8872-4a90-8727-551f1026825c,R1,Wood@display=saliency_crop_720p
R6,R1,d9398397-65f2-452c-bd63-2438d388fb9b,R6,Wood@display=saliency_crop_720p
R6,R1,b7b7e154-b9f7-4715-a884-59a87a3cb0d0,R6,Wood@display=saliency_crop_720p
R6,R6,404031d7-47ed-41d5-af7f-5e07071b9ed8,R1,Wood@display=saliency_crop_720p
R6,R1,bc7eaf33-d14a-412d-b86b-bca8c1779ea6,R6,Wood@display=saliency_crop_720p
R6,R1,519768dd-3de6-41b9-bacf-108710851ed4,R6,Wood@display=saliency_crop_720p
R6,R1,47313c32-e907-4763-8b34-f1b57f7fbcb6,R6,Wood@display=saliency_crop_720p
R6,R1,814102c1-d84b-467d-975c-2ccadcdd1608,R6,Wood@display=saliency_crop_720p
R5,R5,ae5d2317-34ff-4a10-b92a-ee800dbd7824,R3,Runners@display=saliency_crop_720p
,R3,3395f4d5-f9c9-4a33-a1e5-b46d0c5a5169,R5,Runners@display=saliency_crop_720p
R5,R5,06a572e1-633c-42f0-a829-fb2ed318e676,R3,Runners@display=saliency_crop_720p
R5,R5,1dfc726c-679c-4fc4-9c97-a79260ee0693,R3,Runners@display=saliency_crop_720p
,R5,8d0c0dbf-408c-471e-8c42-ae75675fdf0f,R3,Runners@display=saliency_crop_720p
R3,R5,7f8aea63-96d6-4a3c-a4cf-af6310fc603a,R3,Runners@display=saliency_crop_720p
R3,R5,a59d9c3c-5f98-4c36-9fdd-923ec879fa4a,R3,Runners@display=saliency_crop_720p
R3,R5,dc28f189-59e3-4c5e-9323-03ef7f5e2d97,R3,Runners@display=saliency_crop_720p
R5,R3,baf74719-ec87-4df6-b995-745a0b159942,R5,Runners@display=saliency_crop_720p
,R3,4ea401ab-55bd-4ef4-80de-8c52b604f2cb,R5,Runners@display=saliency_crop_720p
R6,R6,ae5d2317-34ff-4a10-b92a-ee800dbd7824,R3,Mobile@display=saliency_crop_720p
R6,R3,1b5e8d39-a826-46ce-81b7-76a91246ca2d,R6,Mobile@display=saliency_crop_720p
R6,R3,be797be2-8e88-4f13-a0a5-38c6619fe390,R6,Mobile@display=saliency_crop_720p
,R3,6a67fb94-1db7-4bf5-9bc2-35b8b4f2864f,R6,Mobile@display=saliency_crop_720p
R6,R3,c7966b62-3a1f-406c-b7e2-2e215da0d94a,R6,Mobile@display=saliency_crop_720p
R3,R6,95710843-53a6-4ce1-8187-bcabc14214bd,R3,Mobile@display=saliency_crop_720p
,R3,6f14afce-e86b-4111-9ccf-3b1ea7d2db16,R6,Mobile@display=saliency_crop_720p
,R3,17c3b1b8-7cdd-490f-afbc-d8eece8cb422,R6,Mobile@display=saliency_crop_720p
R6,R6,976350d6-8359-4ecb-8b4d-5f856f09f6e1,R3,Mobile@display=saliency_crop_720p
R6,R6,ad2dbf7a-7ce9-493d-9c43-4e368f58da47,R3,Mobile@display=saliency_crop_720p
R5,R5,ae5d2317-34ff-4a10-b92a-ee800dbd7824,R4,Coastguard@display=saliency_crop_720p
R4,R5,4d89ce0f-2937-4d56-9686-88e1742d58e6,R4,Coastguard@display=saliency_crop_720p
R4,R4,6c4bf991-9e48-493b-8a57-fa8eda5143f7,R5,Coastguard@display=saliency_crop_720p
R4,R5,30e9f8b1-cb8d-46dd-b83a-27f7f7bc3ccd,R4,Coastguard@display=saliency_crop_720p
R4,R4,7e04804d-aea8-4485-a4e9-dc9bb4228542,R5,Coastguard@display=saliency_crop_720p
R5,R4,38791d77-e2b3-4222-8410-53028a6ee0ca,R5,Coastguard@display=saliency_crop_720p
R4,R4,0b711778-9ee1-4fdc-9641-56f076a06caf,R5,Coastguard@display=saliency_crop_720p
,R5,b25461e3-8554-4529-b350-f06f64c8f1d8,R4,Coastguard@display=saliency_crop_720p
,R5,a639194a-e96d-4b67-b56f-1fd982f3fa3d,R4,Coastguard@display=saliency_crop_720p
R4,R4,a948b6d6-12f1-4314-b21c-8cd2b65c5e08,R5,Coastguard@display=saliency_crop_720p
R3,R2,ae5d2317-34ff-4a10-b92a-ee800dbd7824,R3,Runners@display=saliency_crop_720p
R2,R2,5da16ddd-4449-494c-8353-cca728fda8ce,R3,Runners@display=saliency_crop_720p
R3,R2,be797be2-8e88-4f13-a0a5-38c6619fe390,R3,Runners@display=saliency_crop_720p
R3,R3,c1233c78-9911-4cf3-96ce-705837796c43,R2,Runners@display=saliency_crop_720p
R3,R3,2ef4e142-420e-4882-8763-7b239fce2254,R2,Runners@display=saliency_crop_720p
R3,R3,2ecb19f3-dbd9-49ec-8a1d-87027edfc214,R2,Runners@display=saliency_crop_720p
R3,R3,7e1981ef-c387-451d-a064-1c23f7592d89,R2,Runners@display=saliency_crop_720p
R3,R2,738a8833-ff22-4cc4-9d40-dcacfa02ee12,R3,Runners@display=saliency_crop_720p
R3,R3,e3f040b9-e356-446c-b33b-9eb5428d0c57,R2,Runners@display=saliency_crop_720p
R3,R2,6490ce57-97e1-4aaf-b182-a333d12fabce,R3,Runners@display=saliency_crop_720p
R1,R1,ae5d2317-34ff-4a10-b92a-ee800dbd7824,R2,Wood@display=saliency_crop_720p
R2,R1,7312338a-e511-45a5-96cd-d6ea25016b2f,R2,Wood@display=saliency_crop_720p
R2,R1,0b7a0119-059f-4e1d-ad31-b02c334f46b1,R2,Wood@display=saliency_crop_720p
R2,R1,87ab35d8-4c37-47d1-9b22-1829dc5dc3c4,R2,Wood@display=saliency_crop_720p
R2,R1,a51f3ee9-6df6-43a7-bc9f-4e403bc4b91d,R2,Wood@display=saliency_crop_720p
R2,R1,e1dca6b5-2ba7-4cec-b1d8-39c1d4293aa3,R2,Wood@display=saliency_crop_720p
,R1,e31059d9-bef0-476f-a45d-5e7896d8e306,R2,Wood@display=saliency_crop_720p
R2,R2,738a8833-ff22-4cc4-9d40-dcacfa02ee12,R1,Wood@display=saliency_crop_720p
R2,R2,f929555f-b198-4089-ba97-c458a694db91,R1,Wood@display=saliency_crop_720p
R2,R1,976350d6-8359-4ecb-8b4d-5f856f09f6e1,R2,Wood@display=saliency_crop_720p
R5,R5,ae5d2317-34ff-4a10-b92a-ee800dbd7824,R4,Coastguard@display=saliency_crop_720p
,R4,977f5ed7-4a68-4e18-9cea-3b89f5958e68,R5,Coastguard@display=saliency_crop_720p
R5,R4,bef59a2b-ddd1-426f-b51a-44f8c046b19f,R5,Coastguard@display=saliency_crop_720p
R5,R5,89c86263-551a-45a8-98ed-da85069c52cd,R4,Coastguard@display=saliency_crop_720p
,R4,fd82f5f2-dbad-4673-94e8-6374d5c887de,R5,Coastguard@display=saliency_crop_720p
R5,R4,fa78d961-10d7-4926-b408-50dcf817d4db,R5,Coastguard@display=saliency_crop_720p
R5,R4,a88c1e63-cc97-4ea2-bf46-496ac4a1d26b,R5,Coastguard@display=saliency_crop_720p
,R5,0a258512-3acd-455f-8ddb-03715c16106c,R4,Coastguard@display=saliency_crop_720p
R5,R5,6490ce57-97e1-4aaf-b182-a333d12fabce,R4,Coastguard@display=saliency_crop_720p
R5,R4,050adc5c-523f-4141-ac89-2f5ae0ab9c5d,R5,Coastguard@display=saliency_crop_720p
R5,R2,54ac11ca-520a-490a-9b24-e07dfc89fe74,R5,Marathon@display=saliency_crop_720p
R5,R2,c1ab6b5a-8150-4b61-aa8f-21f9aa057180,R5,Marathon@display=saliency_crop_720p
R2,R2,59ce8f4c-5087-40a5-9d45-9e0396ccfe36,R5,Marathon@display=saliency_crop_720p
R5,R2,ea61fab5-2626-4801-a6e9-20e3dab1289f,R5,Marathon@display=saliency_crop_720p
R5,R2,32949c69-f2a6-477b-9c51-f43244d26fc2,R5,Marathon@display=saliency_crop_720p
R5,R2,309b27a3-e273-4199-addd-efb56885600e,R5,Marathon@display=saliency_crop_720p
R5,R2,ae5d2317-34ff-4a10-b92a-ee800dbd7824,R5,Marathon@display=saliency_crop_720p
R5,R2,ae5d414d-af8a-42b7-923a-5b36f6f5af7f,R5,Marathon@display=saliency_crop_720p
R5,R2,86779d1b-a1d0-490c-9ea9-768676c45504,R5,Marathon@display=saliency_crop_720p
R5,R2,122c20f2-fdf2-45bd-91bb-825b2cd121cc,R5,Marathon@display=saliency_crop_720p
,R4,ae5d2317-34ff-4a10-b92a-ee800dbd7824,R3,Mobile@display=saliency_crop_720p
,R3,b4dbd212-bfb6-4c88-9be5-85863b03eb1c,R4,Mobile@display=saliency_crop_720p
R4,R4,d09af4b6-629c-4769-8541-2780ea897297,R3,Mobile@display=saliency_crop_720p
,R3,bb56917a-dee1-475e-973e-7c047c66be9a,R4,Mobile@display=saliency_crop_720p
R3,R4,b1425010-e886-40da-8bb4-f5af11c1261d,R3,Mobile@display=saliency_crop_720p
,R3,e61b2bb2-c827-4629-9d34-92c14aaa9c67,R4,Mobile@display=saliency_crop_720p
R4,R4,38791d77-e2b3-4222-8410-53028a6ee0ca,R3,Mobile@display=saliency_crop_720p
R3,R3,59ce8f4c-5087-40a5-9d45-9e0396ccfe36,R4,Mobile@display=saliency_crop_720p
R3,R3,217eeae7-100e-4039-bc33-801352e04e47,R4,Mobile@display=saliency_crop_720p
R4,R4,f1cb2cc7-888f-4e68-b3f1-b266be4cddc3,R3,Mobile@display=saliency_crop_720p
R6,R5,6abec8af-0a48-4c59-902c-08a437c87038,R6,Runners@display=saliency_crop_720p
R6,R6,3704e14e-9fae-41bf-9343-c43eeb127d43,R5,Runners@display=saliency_crop_720p
R6,R6,e423a2c2-501c-4555-add5-03c9f967d3c6,R5,Runners@display=saliency_crop_720p
,R5,281613c6-59bc-4f69-bba7-11aa5b09b21d,R6,Runners@display=saliency_crop_720p
,R5,a96e1cbb-d957-490b-82a6-ceece82f5c0a,R6,Runners@display=saliency_crop_720p
,R6,e31059d9-bef0-476f-a45d-5e7896d8e306,R5,Runners@display=saliency_crop_720p
R6,R5,24877cc4-7da9-4c23-922c-bd003dcee0a5,R6,Runners@display=saliency_crop_720p
R5,R5,738a8833-ff22-4cc4-9d40-dcacfa02ee12,R6,Runners@display=saliency_crop_720p
R6,R5,9eca7084-d2b7-4f1a-9c4c-a29c723b5ca7,R6,Runners@display=saliency_crop_720p
R6,R5,21f869c7-f7a5-4fe3-99d4-3a6760f23d84,R6,Runners@display=saliency_crop_720p
R3,R3,6abec8af-0a48-4c59-902c-08a437c87038,R1,Fountains@display=saliency_crop_720p
R3,R1,4d89ce0f-2937-4d56-9686-88e1742d58e6,R3,Fountains@display=saliency_crop_720p
R3,R1,0b7a0119-059f-4e1d-ad31-b02c334f46b1,R3,Fountains@display=saliency_crop_720p
R3,R3,a878cfc3-6f7b-4130-b064-54bf4dc4f24e,R1,Fountains@display=saliency_crop_720p
R3,R1,6bcbf25a-c4a1-46c6-8ebf-c5345a553a15,R3,Fountains@display=saliency_crop_720p
R3,R1,89ae69f0-ecd6-4afa-b505-5d7649a99cf7,R3,Fountains@display=saliency_crop_720p
R3,R1,3b8ef142-e12e-4e1e-a55a-518a5d6a3a30,R3,Fountains@display=saliency_crop_720p
R3,R3,2316ec74-84cd-4dc3-bb00-4296d577f866,R1,Fountains@display=saliency_crop_720p
R3,R3,519b827f-a3f3-4046-b7dc-53d0bc3590e9,R1,Fountains@display=saliency_crop_720p
R3,R3,6003c531-2418-4463-977d-5ea5f43c6fe6,R1,Fountains@display=saliency_crop_720p
R4,R4,6abec8af-0a48-4c59-902c-08a437c87038,R3,Runners@display=saliency_crop_720p
R4,R3,89af9b70-47f8-4bfe-86da-a21eaffabf9c,R4,Runners@display=saliency_crop_720p
R4,R4,be797be2-8e88-4f13-a0a5-38c6619fe390,R3,Runners@display=saliency_crop_720p
R4,R3,89c86263-551a-45a8-98ed-da85069c52cd,R4,Runners@display=saliency_crop_720p
,R4,15c34aa6-446e-4c4d-a566-a10828466312,R3,Runners@display=saliency_crop_720p
,R4,8898a861-3dec-47ae-9e2e-8cd1ed844d2c,R3,Runners@display=saliency_crop_720p
R4,R3,27b7bcca-ebd5-4dd5-86ae-6d18db047687,R4,Runners@display=saliency_crop_720p
R4,R4,e1809ce6-9de7-4931-92c6-581b253174dc,R3,Runners@display=saliency_crop_720p
R4,R4,217eeae7-100e-4039-bc33-801352e04e47,R3,Runners@display=saliency_crop_720p
R4,R4,cc917a10-e52d-45ce-82f7-38e642faed9d,R3,Runners@display=saliency_crop_720p
R6,R3,6abec8af-0a48-4c59-902c-08a437c87038,R6,Runners@display=saliency_crop_720p
R6,R3,7312338a-e511-45a5-96cd-d6ea25016b2f,R6,Runners@display=saliency_crop_720p
R6,R3,aec04abb-36e1-4b19-a4e4-b86a7fc0e60b,R6,Runners@display=saliency_crop_720p
R6,R6,8cd3a3d2-8780-4e0f-baf0-4e586dc6ea1d,R3,Runners@display=saliency_crop_720p
R6,R6,2190aa77-e0fe-4724-99da-095e5420ba5d,R3,Runners@display=saliency_crop_720p
R6,R6,3b8ef142-e12e-4e1e-a55a-518a5d6a3a30,R3,Runners@display=saliency_crop_720p
R6,R3,24877cc4-7da9-4c23-922c-bd003dcee0a5,R6,Runners@display=saliency_crop_720p
R6,R3,e0c576ae-60ae-4a6c-9bbb-3bf76376eb49,R6,Runners@display=saliency_crop_720p
R6,R3,45c970cc-8650-41bd-a84d-83e2a312609d,R6,Runners@display=saliency_crop_720p
R6,R6,a639194a-e96d-4b67-b56f-1fd982f3fa3d,R3,Runners@display=saliency_crop_720p
R5,R5,6abec8af-0a48-4c59-902c-08a437c87038,R3,Fountains@display=saliency_crop_720p
R5,R3,b4dbd212-bfb6-4c88-9be5-85863b03eb1c,R5,Fountains@display=saliency_crop_720p
R5,R5,977f5ed7-4a68-4e18-9cea-3b89f5958e68,R3,Fountains@display=saliency_crop_720p
R5,R5,b7ec049a-b317-451f-890c-7a6206c37992,R3,Fountains@display=saliency_crop_720p
R5,R5,8d0c0dbf-408c-471e-8c42-ae75675fdf0f,R3,Fountains@display=saliency_crop_720p
R3,R3,2a258c74-d533-4d96-ac7e-f0ed88465111,R5,Fountains@display=saliency_crop_720p
R5,R3,a59d9c3c-5f98-4c36-9fdd-923ec879fa4a,R5,Fountains@display=saliency_crop_720p
R5,R3,8374c149-4680-4d9c-bc86-4210195afbb5,R5,Fountains@display=saliency_crop_720p
,R3,e4b69059-2d82-45f3-9716-0da84e361c7d,R5,Fountains@display=saliency_crop_720p
,R3,a639194a-e96d-4b67-b56f-1fd982f3fa3d,R5,Fountains@display=saliency_crop_720p
R5,R4,6abec8af-0a48-4c59-902c-08a437c87038,R5,Mobile@display=saliency_crop_720p
R4,R4,f983d238-dc1f-4c72-8389-ec465fdf433d,R5,Mobile@display=saliency_crop_720p
R4,R4,e423a2c2-501c-4555-add5-03c9f967d3c6,R5,Mobile@display=saliency_crop_720p
R5,R5,1dfc726c-679c-4fc4-9c97-a79260ee0693,R4,Mobile@display=saliency_crop_720p
,R5,827cca51-8a75-4ea5-ae3b-a7f7cda0bb49,R4,Mobile@display=saliency_crop_720p
R4,R4,2a258c74-d533-4d96-ac7e-f0ed88465111,R5,Mobile@display=saliency_crop_720p
,R5,47313c32-e907-4763-8b34-f1b57f7fbcb6,R4,Mobile@display=saliency_crop_720p
R4,R4,4c00a892-6d3c-4543-a3a6-ecd51578a665,R5,Mobile@display=saliency_crop_720p
R5,R4,f657943e-7379-41d8-b9ca-6085e8d87335,R5,Mobile@display=saliency_crop_720p
R5,R5,bb23da40-6486-42fe-8646-ad5ee9586d1b,R4,Mobile@display=saliency_crop_720p
R6,R1,6abec8af-0a48-4c59-902c-08a437c87038,R6,Marathon@display=saliency_crop_720p
R6,R1,301e5596-ccd9-4341-b590-605122658e80,R6,Marathon@display=saliency_crop_720p
R6,R6,db138b4b-48ef-4ebf-91bb-fc4dab998618,R1,Marathon@display=saliency_crop_720p
R1,R6,5f54ca8c-4f0d-4099-a7c2-456de483832c,R1,Marathon@display=saliency_crop_720p
R6,R6,49238b08-9aa6-43ad-836c-c4a77df0066d,R1,Marathon@display=saliency_crop_720p
R6,R6,a88c1e63-cc97-4ea2-bf46-496ac4a1d26b,R1,Marathon@display=saliency_crop_720p
R6,R6,b18f7082-e656-4f3b-8b2a-b4f9859f2591,R1,Marathon@display=saliency_crop_720p
R6,R1,47313c32-e907-4763-8b34-f1b57f7fbcb6,R6,Marathon@display=saliency_crop_720p
R6,R6,736daf56-5294-448e-a783-00c4261b7884,R1,Marathon@display=saliency_crop_720p
R6,R6,4273074b-8761-4f94-8902-8ca3acba618c,R1,Marathon@display=saliency_crop_720p
,R2,6abec8af-0a48-4c59-902c-08a437c87038,R3,Wood@display=saliency_crop_720p
R2,R2,7038c718-8872-4a90-8727-551f1026825c,R3,Wood@display=saliency_crop_720p
R2,R2,79142280-e321-4c94-a688-89f8d0f2143d,R3,Wood@display=saliency_crop_720p
R2,R3,11d5e43f-aea9-4ca3-9cd6-0be5e30054ea,R2,Wood@display=saliency_crop_720p
,R2,8d903096-da8b-4bbf-a3b3-cb3aafc91e60,R3,Wood@display=saliency_crop_720p
,R3,bb555e13-3dc2-4bae-aebb-687073bd6696,R2,Wood@display=saliency_crop_720p
,R3,2bff4ead-ee8c-48d2-a69b-3dd279e3fd60,R2,Wood@display=saliency_crop_720p
R3,R3,565b6435-19ae-4544-915a-0ac71b987e39,R2,Wood@display=saliency_crop_720p
R3,R3,2754ece0-2691-4586-94bd-8548288a77ce,R2,Wood@display=saliency_crop_720p
R3,R2,9fcac6e5-4916-4f9a-a50c-72cc52db8389,R3,Wood@display=saliency_crop_720p
,R4,6abec8af-0a48-4c59-902c-08a437c87038,R3,Mobile@display=saliency_crop_720p
,R3,8c8ca989-c073-4802-ad1c-d94d279b28ba,R4,Mobile@display=saliency_crop_720p
R3,R3,bef59a2b-ddd1-426f-b51a-44f8c046b19f,R4,Mobile@display=saliency_crop_720p
R3,R3,8cd3a3d2-8780-4e0f-baf0-4e586dc6ea1d,R4,Mobile@display=saliency_crop_720p
R3,R3,fd82f5f2-dbad-4673-94e8-6374d5c887de,R4,Mobile@display=saliency_crop_720p
R4,R4,7e1981ef-c387-451d-a064-1c23f7592d89,R3,Mobile@display=saliency_crop_720p
R4,R4,9aafde03-1aea-4020-bb6e-8a2de416ade6,R3,Mobile@display=saliency_crop_720p
R3,R4,b25461e3-8554-4529-b350-f06f64c8f1d8,R3,Mobile@display=saliency_crop_720p
R4,R3,217eeae7-100e-4039-bc33-801352e04e47,R4,Mobile@display=saliency_crop_720p
,R3,74dab9ad-dabe-4484-85f1-1dac4bd738f7,R4,Mobile@display=saliency_crop_720p
,R2,6abec8af-0a48-4c59-902c-08a437c87038,R3,Wood@display=saliency_crop_720p
R2,R3,d163bcec-e729-4759-a2ee-133bb2590bee,R2,Wood@display=saliency_crop_720p
,R3,150d3f2b-1194-4365-ab30-409e52b8b836,R2,Wood@display=saliency_crop_720p
R2,R3,aec04abb-36e1-4b19-a4e4-b86a7fc0e60b,R2,Wood@display=saliency_crop_720p
R2,R3,99d0c997-17d3-49ee-a79c-52899e517adb,R2,Wood@display=saliency_crop_720p
R3,R3,46a9eff0-38e5-4216-9855-253317f501bd,R2,Wood@display=saliency_crop_720p
R3,R3,95710843-53a6-4ce1-8187-bcabc14214bd,R2,Wood@display=saliency_crop_720p
R2,R3,e1809ce6-9de7-4931-92c6-581b253174dc,R2,Wood@display=saliency_crop_720p
,R2,59ce8f4c-5087-40a5-9d45-9e0396ccfe36,R3,Wood@display=saliency_crop_720p
R3,R2,2a84694e-dc72-4256-9473-dbba201e4b59,R3,Wood@display=saliency_crop_720p
R2,R1,6a70e13a-742b-47ca-a63e-0360fd2bc593,R2,Runners@display=saliency_crop_720p
R2,R2,89af9b70-47f8-4bfe-86da-a21eaffabf9c,R1,Runners@display=saliency_crop_720p
R2,R1,bef59a2b-ddd1-426f-b51a-44f8c046b19f,R2,Runners@display=saliency_crop_720p
R2,R1,1dfc726c-679c-4fc4-9c97-a79260ee0693,R2,Runners@display=saliency_crop_720p
R2,R2,29861f85-74aa-4b7d-a8cf-325a85339c2d,R1,Runners@display=saliency_crop_720p
R2,R1,3fa656ef-3088-43f3-88f1-bd3153908047,R2,Runners@display=saliency_crop_720p
R2,R2,2bff4ead-ee8c-48d2-a69b-3dd279e3fd60,R1,Runners@display=saliency_crop_720p
R1,R1,e8f411fc-2246-470e-88cc-9044aa75cdfe,R2,Runners@display=saliency_crop_720p
R2,R1,2754ece0-2691-4586-94bd-8548288a77ce,R2,Runners@display=saliency_crop_720p
R2,R2,b5c8a9c7-e79a-48e8-8112-27fad4f3990d,R1,Runners@display=saliency_crop_720p
R4,R4,6a70e13a-742b-47ca-a63e-0360fd2bc593,R6,Wood@display=saliency_crop_720p
R4,R6,7312338a-e511-45a5-96cd-d6ea25016b2f,R4,Wood@display=saliency_crop_720p
,R4,b729a72c-bf5a-4f29-8017-2ccf349890a4,R6,Wood@display=saliency_crop_720p
,R4,a878cfc3-6f7b-4130-b064-54bf4dc4f24e,R6,Wood@display=saliency_crop_720p
,R4,bb56917a-dee1-475e-973e-7c047c66be9a,R6,Wood@display=saliency_crop_720p
,R6,889cff2b-8aa8-4f4e-900d-3fd66fcbb09f,R4,Wood@display=saliency_crop_720p
,R6,13e9ddfd-2240-45d1-abba-341ee311ead2,R4,Wood@display=saliency_crop_720p
,R4,b18f7082-e656-4f3b-8b2a-b4f9859f2591,R6,Wood@display=saliency_crop_720p
,R4,c91044c9-01f7-4e0e-ac46-9d55ad58d440,R6,Wood@display=saliency_crop_720p
R4,R4,f1cb2cc7-888f-4e68-b3f1-b266be4cddc3,R6,Wood@display=saliency_crop_720p
R5,R4,6a70e13a-742b-47ca-a63e-0360fd2bc593,R5,Wood@display=saliency_crop_720p
R4,R4,9e5809d4-ad76-485b-8726-8fe59f60e525,R5,Wood@display=saliency_crop_720p
R5,R4,74ff9857-1648-4ead-9e1d-bc5021209b22,R5,Wood@display=saliency_crop_720p
,R4,b66699af-52ef-45e2-9b3b-a934314a7f27,R5,Wood@display=saliency_crop_720p
R4,R4,827cca51-8a75-4ea5-ae3b-a7f7cda0bb49,R5,Wood@display=saliency_crop_720p
R5,R4,404031d7-47ed-41d5-af7f-5e07071b9ed8,R5,Wood@display=saliency_crop_720p
R5,R5,2c8ac8f7-daf5-4ec3-bc54-c7339655128d,R4,Wood@display=saliency_crop_720p
R4,R5,6003c531-2418-4463-977d-5ea5f43c6fe6,R4,Wood@display=saliency_crop_720p
R4,R4,7089da54-462d-41f6-9846-808c4563d2f7,R5,Wood@display=saliency_crop_720p
,R4,02a36236-600c-4d2d-bac6-911989aa18ab,R5,Wood@display=saliency_crop_720p
R4,R1,6a70e13a-742b-47ca-a63e-0360fd2bc593,R4,Mobile@display=saliency_crop_720p
R4,R4,45b8135e-e0e9-470f-a807-aeb8e0547265,R1,Mobile@display=saliency_crop_720p
R4,R1,06a572e1-633c-42f0-a829-fb2ed318e676,R4,Mobile@display=saliency_crop_720p
R4,R1,a878cfc3-6f7b-4130-b064-54bf4dc4f24e,R4,Mobile@display=saliency_crop_720p
R4,R1,281613c6-59bc-4f69-bba7-11aa5b09b21d,R4,Mobile@display=saliency_crop_720p
R4,R1,c1ab6b5a-8150-4b61-aa8f-21f9aa057180,R4,Mobile@display=saliency_crop_720p
R4,R4,fa78d961-10d7-4926-b408-50dcf817d4db,R1,Mobile@display=saliency_crop_720p
R4,R1,e1809ce6-9de7-4931-92c6-581b253174dc,R4,Mobile@display=saliency_crop_720p
R4,R4,668a814c-5057-4e5d-933d-8bbfeb9dde28,R1,Mobile@display=saliency_crop_720p
R4,R4,a8d6b3f3-ec6e-4e18-9f5f-b6807fa96bf5,R1,Mobile@display=saliency_crop_720p
R5,R5,6a70e13a-742b-47ca-a63e-0360fd2bc593,R3,Runners@display=saliency_crop_720p
R5,R5,b28d7478-6983-46f5-9f46-66beca775a60,R3,Runners@display=saliency_crop_720p
,R3,1e98319b-af93-4d24-b03d-045a6661fdb5,R5,Runners@display=saliency_crop_720p
R5,R3,13426a53-421c-4362-8f41-14152d68ff4a,R5,Runners@display=saliency_crop_720p
,R5,3a54e371-0526-47e9-9190-3a1e1d7e98e5,R3,Runners@display=saliency_crop_720p
R5,R3,451fa2e5-e97f-4b99-90ab-d7660e24eae1,R5,Runners@display=saliency_crop_720p
R5,R3,a497a473-9c28-4102-bd8a-d3600323b14b,R5,Runners@display=saliency_crop_720p
R5,R3,f166fa4c-3957-47de-a343-b8e0139d8118,R5,Runners@display=saliency_crop_720p
,R3,0cab1385-708a-4cd7-a1af-98bb9c47c647,R5,Runners@display=saliency_crop_720p
R5,R5,24f1a5c5-54bc-4098-a9c4-ca4605a0c79f,R3,Runners@display=saliency_crop_720p
,R4,6a70e13a-742b-47ca-a63e-0360fd2bc593,R5,Fountains@display=saliency_crop_720p
R4,R5,06a572e1-633c-42f0-a829-fb2ed318e676,R4,Fountains@display=saliency_crop_720p
R5,R5,b7ec049a-b317-451f-890c-7a6206c37992,R4,Fountains@display=saliency_crop_720p
R5,R4,ba0d9051-cdd8-4fbd-a78d-61de5fd89cb7,R5,Fountains@display=saliency_crop_720p
R5,R4,fd82f5f2-dbad-4673-94e8-6374d5c887de,R5,Fountains@display=saliency_crop_720p
,R5,468683f9-b2bc-4566-bd36-13c7ebd4653b,R4,Fountains@display=saliency_crop_720p
R5,R5,fe694a50-b355-4c22-93f7-f10ed297818c,R4,Fountains@display=saliency_crop_720p
R5,R4,565b6435-19ae-4544-915a-0ac71b987e39,R5,Fountains@display=saliency_crop_720p
R5,R4,24f1a5c5-54bc-4098-a9c4-ca4605a0c79f,R5,Fountains@display=saliency_crop_720p
R5,R4,f2d19079-fad8-48e8-b00e-82da13d0335c,R5,Fountains@display=saliency_crop_720p
,R2,6a70e13a-742b-47ca-a63e-0360fd2bc593,R3,Mobile@display=saliency_crop_720p
R2,R2,7038c718-8872-4a90-8727-551f1026825c,R3,Mobile@display=saliency_crop_720p
,R2,1e98319b-af93-4d24-b03d-045a6661fdb5,R3,Mobile@display=saliency_crop_720p
R2,R2,02f37b74-f890-438c-b501-56c6f737b850,R3,Mobile@display=saliency_crop_720p
R3,R2,89c86263-551a-45a8-98ed-da85069c52cd,R3,Mobile@display=saliency_crop_720p
R3,R3,4cf850d4-61c0-4b33-a61d-8019373987dc,R2,Mobile@display=saliency_crop_720p
R3,R2,2ecb19f3-dbd9-49ec-8a1d-87027edfc214,R3,Mobile@display=saliency_crop_720p
R2,R2,7f8aea63-96d6-4a3c-a4cf-af6310fc603a,R3,Mobile@display=saliency_crop_720p
R2,R3,597a8b4b-9c57-4fa8-8d8b-678096920dac,R2,Mobile@display=saliency_crop_720p
R3,R3,86779d1b-a1d0-490c-9ea9-768676c45504,R2,Mobile@display=saliency_crop_720p
R2,R1,74a2e617-fcf7-4cd0-b819-f7750241ac9f,R2,Runners@display=saliency_crop_720p
R2,R2,1d894725-fa26-47a4-b780-02a60aeb70d9,R1,Runners@display=saliency_crop_720p
R2,R2,0f88c0c9-72ba-4659-95dc-9720cd2bf6be,R1,Runners@display=saliency_crop_720p
R2,R2,53be3403-98d0-404f-9260-59a45dac9099,R1,Runners@display=saliency_crop_720p
R2,R2,4cf850d4-61c0-4b33-a61d-8019373987dc,R1,Runners@display=saliency_crop_720p
R1,R1,9da170ef-90e6-45c5-82b7-aa0c045e0b69,R2,Runners@display=saliency_crop_720p
R2,R2,25633ea9-2d37-4e57-b7e4-16e0ddaedda2,R1,Runners@display=saliency_crop_720p
R2,R2,a59d9c3c-5f98-4c36-9fdd-923ec879fa4a,R1,Runners@display=saliency_crop_720p
R2,R1,02a36236-600c-4d2d-bac6-911989aa18ab,R2,Runners@display=saliency_crop_720p
R2,R1,050adc5c-523f-4141-ac89-2f5ae0ab9c5d,R2,Runners@display=saliency_crop_720p
R6,R6,74a2e617-fcf7-4cd0-b819-f7750241ac9f,R1,Runners@display=saliency_crop_720p
R6,R1,1d894725-fa26-47a4-b780-02a60aeb70d9,R6,Runners@display=saliency_crop_720p
R6,R6,a7b51467-dadd-4f79-ad3c-befe5941c14e,R1,Runners@display=saliency_crop_720p
R6,R6,6cc94353-36d5-4bb3-9874-109adc6e4a2b,R1,Runners@display=saliency_crop_720p
R6,R1,3c08870b-72d3-4453-8f00-c742a295abe5,R6,Runners@display=saliency_crop_720p
R6,R1,1bfcbfac-8fb1-456b-9325-ba0e0241df76,R6,Runners@display=saliency_crop_720p
R6,R6,78d0d426-32d3-48d6-b4bd-af91799c7d19,R1,Runners@display=saliency_crop_720p
R6,R6,68197079-d21f-4bad-946b-d713786b8d63,R1,Runners@display=saliency_crop_720p
R6,R6,814102c1-d84b-467d-975c-2ccadcdd1608,R1,Runners@display=saliency_crop_720p
R6,R6,e68ba270-158b-4ef3-828e-d229b5c4f93e,R1,Runners@display=saliency_crop_720p
R5,R5,74a2e617-fcf7-4cd0-b819-f7750241ac9f,R3,Runners@display=saliency_crop_720p
R5,R3,2f43b081-80a8-4f3b-aae0-612bc85bb533,R5,Runners@display=saliency_crop_720p
R5,R5,8063bb45-2535-474d-b2f5-55f445e7972b,R3,Runners@display=saliency_crop_720p
R5,R3,53be3403-98d0-404f-9260-59a45dac9099,R5,Runners@display=saliency_crop_720p
R5,R5,451fa2e5-e97f-4b99-90ab-d7660e24eae1,R3,Runners@display=saliency_crop_720p
,R5,5388d40a-2cf7-42da-a59d-6ca6cd878118,R3,Runners@display=saliency_crop_720p
,R3,68197079-d21f-4bad-946b-d713786b8d63,R5,Runners@display=saliency_crop_720p
R5,R3,a164626b-c8af-4c0b-a5e9-b7a1ebdafffe,R5,Runners@display=saliency_crop_720p
R5,R5,0cab1385-708a-4cd7-a1af-98bb9c47c647,R3,Runners@display=saliency_crop_720p
R5,R5,bb23da40-6486-42fe-8646-ad5ee9586d1b,R3,Runners@display=saliency_crop_720p
R4,R4,74a2e617-fcf7-4cd0-b819-f7750241ac9f,R1,Mobile@display=saliency_crop_720p
R4,R1,1b5e8d39-a826-46ce-81b7-76a91246ca2d,R4,Mobile@display=saliency_crop_720p
R4,R4,ae5d414d-af8a-42b7-923a-5b36f6f5af7f,R1,Mobile@display=saliency_crop_720p
R4,R4,6cc94353-36d5-4bb3-9874-109adc6e4a2b,R1,Mobile@display=saliency_crop_720p
R4,R4,b9716331-526c-45d1-8be7-d0dddef7c60a,R1,Mobile@display=saliency_crop_720p
R4,R4,468683f9-b2bc-4566-bd36-13c7ebd4653b,R1,Mobile@display=saliency_crop_720p
R4,R1,27b7bcca-ebd5-4dd5-86ae-6d18db047687,R4,Mobile@display=saliency_crop_720p
R4,R1,519b827f-a3f3-4046-b7dc-53d0bc3590e9,R4,Mobile@display=saliency_crop_720p
R4,R4,e4981e4b-89a7-4998-bb0c-fa7801ffc85d,R1,Mobile@display=saliency_crop_720p
R4,R1,a639194a-e96d-4b67-b56f-1fd982f3fa3d,R4,Mobile@display=saliency_crop_720p
R3,R3,74a2e617-fcf7-4cd0-b819-f7750241ac9f,R2,Marathon@display=saliency_crop_720p
R3,R3,ad0e3e3f-8df5-47bb-a613-3f3e13bd4cd6,R2,Marathon@display=saliency_crop_720p
R3,R2,d537e91d-3672-4039-9598-31666298902b,R3,Marathon@display=saliency_crop_720p
R2,R2,d90616ad-9eb8-42d7-8453-625141773072,R3,Marathon@display=saliency_crop_720p
R3,R2,87ab35d8-4c37-47d1-9b22-1829dc5dc3c4,R3,Marathon@display=saliency_crop_720p
R3,R2,2e350e47-8ffe-4c00-b51b-1e8deaa2c539,R3,Marathon@display=saliency_crop_720p
R3,R2,2aa4fa46-6ed3-44d1-94b4-aa7c1be876a5,R3,Marathon@display=saliency_crop_720p
R3,R2,e0c576ae-60ae-4a6c-9bbb-3bf76376eb49,R3,Marathon@display=saliency_crop_720p
R3,R2,519b827f-a3f3-4046-b7dc-53d0bc3590e9,R3,Marathon@display=saliency_crop_720p
R3,R2,e4b69059-2d82-45f3-9716-0da84e361c7d,R3,Marathon@display=saliency_crop_720p
R5,R1,74a2e617-fcf7-4cd0-b819-f7750241ac9f,R5,Marathon@display=saliency_crop_720p
R5,R1,1d894725-fa26-47a4-b780-02a60aeb70d9,R5,Marathon@display=saliency_crop_720p
R5,R5,b7ec049a-b317-451f-890c-7a6206c37992,R1,Marathon@display=saliency_crop_720p
R5,R5,d01ee4de-eeab-4fbd-8524-356106dc4056,R1,Marathon@display=saliency_crop_720p
R5,R5,edf59e18-8621-49ba-a818-96825286522a,R1,Marathon@display=saliency_crop_720p
R5,R1,1bfcbfac-8fb1-456b-9325-ba0e0241df76,R5,Marathon@display=saliency_crop_720p
R5,R1,78d0d426-32d3-48d6-b4bd-af91799c7d19,R5,Marathon@display=saliency_crop_720p
R5,R1,68197079-d21f-4bad-946b-d713786b8d63,R5,Marathon@display=saliency_crop_720p
R1,R1,09b49f0a-1565-4274-b0cd-9cc56bfc5117,R5,Marathon@display=saliency_crop_720p
R5,R5,9fcac6e5-4916-4f9a-a50c-72cc52db8389,R1,Marathon@display=saliency_crop_720p
R4,R4,74a2e617-fcf7-4cd0-b819-f7750241ac9f,R1,Fountains@display=saliency_crop_720p
R4,R4,7831fc77-5fde-419a-85a3-3d3f83bfaa44,R1,Fountains@display=saliency_crop_720p
R4,R4,d09af4b6-629c-4769-8541-2780ea897297,R1,Fountains@display=saliency_crop_720p
R4,R4,03918ae8-2ee6-4b4f-bc00-6f9e5dcb5855,R1,Fountains@display=saliency_crop_720p
R4,R1,c7cb111c-5f37-4f24-8dfb-5959b2bf43c4,R4,Fountains@display=saliency_crop_720p
R4,R1,e61b2bb2-c827-4629-9d34-92c14aaa9c67,R4,Fountains@display=saliency_crop_720p
R4,R4,3f4cbe98-8b64-4a14-aa37-b7dd2a53b670,R1,Fountains@display=saliency_crop_720p
R4,R1,59ce8f4c-5087-40a5-9d45-9e0396ccfe36,R4,Fountains@display=saliency_crop_720p
R4,R4,eda68cb8-1e4e-4421-9ce1-2caf6b8df80e,R1,Fountains@display=saliency_crop_720p
R4,R4,050adc5c-523f-4141-ac89-2f5ae0ab9c5d,R1,Fountains@display=saliency_crop_720p
R6,R4,74a2e617-fcf7-4cd0-b819-f7750241ac9f,R6,Fountains@display=saliency_crop_720p
R6,R6,3c85e6af-6d69-40c3-a902-e565a7703815,R4,Fountains@display=saliency_crop_720p
R6,R6,6a55c41e-28f5-40e5-9774-f234f5a2f27c,R4,Fountains@display=saliency_crop_720p
R6,R4,150d3f2b-1194-4365-ab30-409e52b8b836,R6,Fountains@display=saliency_crop_720p
R6,R6,53be3403-98d0-404f-9260-59a45dac9099,R4,Fountains@display=saliency_crop_720p
R6,R6,c1ab6b5a-8150-4b61-aa8f-21f9aa057180,R4,Fountains@display=saliency_crop_720p
,R6,a2cd0a74-ae10-4063-9478-85575963a0b0,R4,Fountains@display=saliency_crop_720p
R6,R4,f166fa4c-3957-47de-a343-b8e0139d8118,R6,Fountains@display=saliency_crop_720p
R4,R6,2754ece0-2691-4586-94bd-8548288a77ce,R4,Fountains@display=saliency_crop_720p
R6,R6,976350d6-8359-4ecb-8b4d-5f856f09f6e1,R4,Fountains@display=saliency_crop_720p
R6,R6,74a2e617-fcf7-4cd0-b819-f7750241ac9f,R2,Coastguard@display=saliency_crop_720p
R6,R2,04182fda-adbd-47eb-ba2d-48e9060f8da1,R6,Coastguard@display=saliency_crop_720p
R6,R2,4e359f28-12f0-4066-b8cc-925ca92c739a,R6,Coastguard@display=saliency_crop_720p
R6,R6,89c86263-551a-45a8-98ed-da85069c52cd,R2,Coastguard@display=saliency_crop_720p
R6,R2,b66699af-52ef-45e2-9b3b-a934314a7f27,R6,Coastguard@display=saliency_crop_720p
R6,R2,c7cb111c-5f37-4f24-8dfb-5959b2bf43c4,R6,Coastguard@display=saliency_crop_720p
R6,R6,25633ea9-2d37-4e57-b7e4-16e0ddaedda2,R2,Coastguard@display=saliency_crop_720p
R6,R6,45c970cc-8650-41bd-a84d-83e2a312609d,R2,Coastguard@display=saliency_crop_720p
,R6,86779d1b-a1d0-490c-9ea9-768676c45504,R2,Coastguard@display=saliency_crop_720p
R6,R6,b5c8a9c7-e79a-48e8-8112-27fad4f3990d,R2,Coastguard@display=saliency_crop_720p
R4,R4,74a2e617-fcf7-4cd0-b819-f7750241ac9f,R1,Mobile@display=saliency_crop_720p
R4,R4,dd913f13-41f9-4057-ae67-8506bfea7a51,R1,Mobile@display=saliency_crop_720p
R1,R4,5da16ddd-4449-494c-8353-cca728fda8ce,R1,Mobile@display=saliency_crop_720p
R4,R1,dd41bbe2-9aa2-4e5f-a780-8dd52a1d7ac9,R4,Mobile@display=saliency_crop_720p
R4,R4,2ef4e142-420e-4882-8763-7b239fce2254,R1,Mobile@display=saliency_crop_720p
R4,R4,95710843-53a6-4ce1-8187-bcabc14214bd,R1,Mobile@display=saliency_crop_720p
R4,R4,27b7bcca-ebd5-4dd5-86ae-6d18db047687,R1,Mobile@display=saliency_crop_720p
R4,R1,0a258512-3acd-455f-8ddb-03715c16106c,R4,Mobile@display=saliency_crop_720p
R4,R4,7089da54-462d-41f6-9846-808c4563d2f7,R1,Mobile@display=saliency_crop_720p
R4,R1,8188593a-accb-49a1-86d7-c617b9f1fa35,R4,Mobile@display=saliency_crop_720p
R6,R6,309b27a3-e273-4199-addd-efb56885600e,R4,Fountains@display=saliency_crop_720p
R6,R6,915b1e8c-d82f-4b9a-901d-45904ef15ccd,R4,Fountains@display=saliency_crop_720p
R6,R4,1b6a749b-e218-4b4c-98bd-6e9b962b3fec,R6,Fountains@display=saliency_crop_720p
R4,R6,1b6a749b-e218-4b4c-98bd-6e9b962b3fec,R4,Fountains@display=saliency_crop_720p
R6,R6,2316ec74-84cd-4dc3-bb00-4296d577f866,R4,Fountains@display=saliency_crop_720p
R6,R4,5ff9001e-676f-4805-ae82-e6ca16346167,R6,Fountains@display=saliency_crop_720p
R4,R6,ea61fab5-2626-4801-a6e9-20e3dab1289f,R4,Fountains@display=saliency_crop_720p
,R4,13e9ddfd-2240-45d1-abba-341ee311ead2,R6,Fountains@display=saliency_crop_720p
R6,R4,1b6a749b-e218-4b4c-98bd-6e9b962b3fec,R6,Fountains@display=saliency_crop_720p
R6,R6,6490ce57-97e1-4aaf-b182-a333d12fabce,R4,Fountains@display=saliency_crop_720p
R5,R5,ad0e3e3f-8df5-47bb-a613-3f3e13bd4cd6,R2,Mobile@display=saliency_crop_720p
R5,R5,1bdfcec9-fa8e-43ea-bf16-3c5222d01fd4,R2,Mobile@display=saliency_crop_720p
,R2,13426a53-421c-4362-8f41-14152d68ff4a,R5,Mobile@display=saliency_crop_720p
R5,R5,6cc94353-36d5-4bb3-9874-109adc6e4a2b,R2,Mobile@display=saliency_crop_720p
R2,R5,c4e0202a-d6df-4a89-84b7-abe2320317d4,R2,Mobile@display=saliency_crop_720p
R5,R5,7e1981ef-c387-451d-a064-1c23f7592d89,R2,Mobile@display=saliency_crop_720p
R5,R5,bd7f5bfc-51a6-47a7-946e-773f7cd82298,R2,Mobile@display=saliency_crop_720p
R5,R2,642d5f92-2723-4f97-b2c7-a2b2b232ece5,R5,Mobile@display=saliency_crop_720p
R5,R5,0f6a550a-24ac-4ffd-b841-9e3b88c556d9,R2,Mobile@display=saliency_crop_720p
,R2,a948b6d6-12f1-4314-b21c-8cd2b65c5e08,R5,Mobile@display=saliency_crop_720p
R3,R3,ad0e3e3f-8df5-47bb-a613-3f3e13bd4cd6,R2,Fountains@display=saliency_crop_720p
R3,R3,df46e5b6-1361-4a3f-a3d6-662d3f77e370,R2,Fountains@display=saliency_crop_720p
R3,R3,a44c2467-fee9-42a9-abd6-3093cd007c91,R2,Fountains@display=saliency_crop_720p
R3,R2,dc5a4b0e-f1a0-4f21-8203-0ec7ecfdb06e,R3,Fountains@display=saliency_crop_720p
R3,R2,2190aa77-e0fe-4724-99da-095e5420ba5d,R3,Fountains@display=saliency_crop_720p
R3,R3,889cff2b-8aa8-4f4e-900d-3fd66fcbb09f,R2,Fountains@display=saliency_crop_720p
R3,R3,5388d40a-2cf7-42da-a59d-6ca6cd878118,R2,Fountains@display=saliency_crop_720p
R3,R3,2754ece0-2691-4586-94bd-8548288a77ce,R2,Fountains@display=saliency_crop_720p
R3,R2,baf74719-ec87-4df6-b995-745a0b159942,R3,Fountains@display=saliency_crop_720p
R3,R2,286e906d-748d-4dbe-937d-5737964765c4,R3,Fountains@display=saliency_crop_720p
R5,R5,ad0e3e3f-8df5-47bb-a613-3f3e13bd4cd6,R2,Fountains@display=saliency_crop_720p
R5,R2,45b8135e-e0e9-470f-a807-aeb8e0547265,R5,Fountains@display=saliency_crop_720p
R5,R5,06a572e1-633c-42f0-a829-fb2ed318e676,R2,Fountains@display=saliency_crop_720p
R5,R2,e0f20671-beda-4d0a-b37a-4495f6c53510,R5,Fountains@display=saliency_crop_720p
R2,R5,f97debc6-c942-4a3b-8401-944fcc699990,R2,Fountains@display=saliency_crop_720p
R5,R5,a51f3ee9-6df6-43a7-bc9f-4e403bc4b91d,R2,Fountains@display=saliency_crop_720p
R5,R2,25633ea9-2d37-4e57-b7e4-16e0ddaedda2,R5,Fountains@display=saliency_crop_720p
R5,R5,d6afd701-716f-4c9a-8c7c-d8e857ac7e6d,R2,Fountains@display=saliency_crop_720p
R5,R2,217eeae7-100e-4039-bc33-801352e04e47,R5,Fountains@display=saliency_crop_720p
R5,R2,02a36236-600c-4d2d-bac6-911989aa18ab,R5,Fountains@display=saliency_crop_720p
R6,R2,ad0e3e3f-8df5-47bb-a613-3f3e13bd4cd6,R6,Runners@display=saliency_crop_720p
R6,R6,a7b51467-dadd-4f79-ad3c-befe5941c14e,R2,Runners@display=saliency_crop_720p
R6,R2,df46e5b6-1361-4a3f-a3d6-662d3f77e370,R6,Runners@display=saliency_crop_720p
R2,R6,ee51349e-87c9-40e7-bfff-6ac0d3a94834,R2,Runners@display=saliency_crop_720p
R6,R6,c4e0202a-d6df-4a89-84b7-abe2320317d4,R2,Runners@display=saliency_crop_720p
R6,R6,b66699af-52ef-45e2-9b3b-a934314a7f27,R2,Runners@display=saliency_crop_720p
R6,R6,50785f09-5f3b-43e8-a7c9-df4a6f8c5995,R2,Runners@display=saliency_crop_720p
R6,R2,a2cd0a74-ae10-4063-9478-85575963a0b0,R6,Runners@display=saliency_crop_720p
R6,R2,6003c531-2418-4463-977d-5ea5f43c6fe6,R6,Runners@display=saliency_crop_720p
R6,R6,b5c8a9c7-e79a-48e8-8112-27fad4f3990d,R2,Runners@display=saliency_crop_720p
R6,R1,ad0e3e3f-8df5-47bb-a613-3f3e13bd4cd6,R6,Coastguard@display=saliency_crop_720p
R6,R6,79142280-e321-4c94-a688-89f8d0f2143d,R1,Coastguard@display=saliency_crop_720p
R6,R6,74ff9857-1648-4ead-9e1d-bc5021209b22,R1,Coastguard@display=saliency_crop_720p
R6,R6,03918ae8-2ee6-4b4f-bc00-6f9e5dcb5855,R1,Coastguard@display=saliency_crop_720p
R6,R6,889cff2b-8aa8-4f4e-900d-3fd66fcbb09f,R1,Coastguard@display=saliency_crop_720p
R6,R6,7f8aea63-96d6-4a3c-a4cf-af6310fc603a,R1,Coastguard@display=saliency_crop_720p
R6,R1,d5860c43-3d0a-4bfd-ba95-e4f22ebe233f,R6,Coastguard@display=saliency_crop_720p
R6,R6,68197079-d21f-4bad-946b-d713786b8d63,R1,Coastguard@display=saliency_crop_720p
R6,R1,c91044c9-01f7-4e0e-ac46-9d55ad58d440,R6,Coastguard@display=saliency_crop_720p
R6,R6,4ea401ab-55bd-4ef4-80de-8c52b604f2cb,R1,Coastguard@display=saliency_crop_720p
R6,R1,15126a02-ad31-4209-ba37-4bedaf9cf17e,R6,Fountains@display=saliency_crop_720p
R6,R6,b4dbd212-bfb6-4c88-9be5-85863b03eb1c,R1,Fountains@display=saliency_crop_720p
R6,R6,150d3f2b-1194-4365-ab30-409e52b8b836,R1,Fountains@display=saliency_crop_720p
R6,R6,89c86263-551a-45a8-98ed-da85069c52cd,R1,Fountains@display=saliency_crop_720p
R6,R1,5f54ca8c-4f0d-4099-a7c2-456de483832c,R6,Fountains@display=saliency_crop_720p
R6,R1,2e350e47-8ffe-4c00-b51b-1e8deaa2c539,R6,Fountains@display=saliency_crop_720p
R6,R1,d5860c43-3d0a-4bfd-ba95-e4f22ebe233f,R6,Fountains@display=saliency_crop_720p
R6,R6,da7b3dc2-1c27-42c2-922c-e52ee70d3b7a,R1,Fountains@display=saliency_crop_720p
R6,R6,0f6a550a-24ac-4ffd-b841-9e3b88c556d9,R1,Fountains@display=saliency_crop_720p
R6,R1,ad2dbf7a-7ce9-493d-9c43-4e368f58da47,R6,Fountains@display=saliency_crop_720p
R6,R5,1b6a749b-e218-4b4c-98bd-6e9b962b3fec,R6,Fountains@display=saliency_crop_720p
R5,R6,7e04804d-aea8-4485-a4e9-dc9bb4228542,R5,Fountains@display=saliency_crop_720p
R6,R6,ea61fab5-2626-4801-a6e9-20e3dab1289f,R5,Fountains@display=saliency_crop_720p
R6,R6,e3f040b9-e356-446c-b33b-9eb5428d0c57,R5,Fountains@display=saliency_crop_720p
R5,R6,1b6a749b-e218-4b4c-98bd-6e9b962b3fec,R5,Fountains@display=saliency_crop_720p
R6,R5,91ff490d-9ede-4421-8ebe-d1921121b016,R6,Fountains@display=saliency_crop_720p
R6,R5,184df185-1d74-4468-9ed0-0c8702c46ca8,R6,Fountains@display=saliency_crop_720p
,R5,bb56917a-dee1-475e-973e-7c047c66be9a,R6,Fountains@display=saliency_crop_720p
R6,R6,25877507-c3b5-496c-82d5-8fb10915c045,R5,Fountains@display=saliency_crop_720p
R5,R6,15126a02-ad31-4209-ba37-4bedaf9cf17e,R5,Fountains@display=saliency_crop_720p
R6,R2,15126a02-ad31-4209-ba37-4bedaf9cf17e,R6,Mobile@display=saliency_crop_720p
,R6,3704e14e-9fae-41bf-9343-c43eeb127d43,R2,Mobile@display=saliency_crop_720p
R6,R2,3a54e371-0526-47e9-9190-3a1e1d7e98e5,R6,Mobile@display=saliency_crop_720p
R6,R6,03918ae8-2ee6-4b4f-bc00-6f9e5dcb5855,R2,Mobile@display=saliency_crop_720p
R2,R2,a51f3ee9-6df6-43a7-bc9f-4e403bc4b91d,R6,Mobile@display=saliency_crop_720p
R6,R2,0b1fc41b-322f-4aef-b351-3486e5787f69,R6,Mobile@display=saliency_crop_720p
R6,R2,2316ec74-84cd-4dc3-bb00-4296d577f866,R6,Mobile@display=saliency_crop_720p
R6,R6,9de6ddbf-ea31-49d6-aa57-4d09d18770b6,R2,Mobile@display=saliency_crop_720p
R6,R2,f2d19079-fad8-48e8-b00e-82da13d0335c,R6,Mobile@display=saliency_crop_720p
R6,R6,b5c8a9c7-e79a-48e8-8112-27fad4f3990d,R2,Mobile@display=saliency_crop_720p
R5,R3,15126a02-ad31-4209-ba37-4bedaf9cf17e,R5,Coastguard@display=saliency_crop_720p
R5,R5,8c8ca989-c073-4802-ad1c-d94d279b28ba,R3,Coastguard@display=saliency_crop_720p
R5,R3,3a54e371-0526-47e9-9190-3a1e1d7e98e5,R5,Coastguard@display=saliency_crop_720p
R3,R5,2ef4e142-420e-4882-8763-7b239fce2254,R3,Coastguard@display=saliency_crop_720p
R5,R3,b1425010-e886-40da-8bb4-f5af11c1261d,R5,Coastguard@display=saliency_crop_720p
R5,R3,2bff4ead-ee8c-48d2-a69b-3dd279e3fd60,R5,Coastguard@display=saliency_crop_720p
R5,R3,68197079-d21f-4bad-946b-d713786b8d63,R5,Coastguard@display=saliency_crop_720p
,R5,e0c576ae-60ae-4a6c-9bbb-3bf76376eb49,R3,Coastguard@display=saliency_crop_720p
R5,R3,736daf56-5294-448e-a783-00c4261b7884,R5,Coastguard@display=saliency_crop_720p
R5,R3,b859b11b-3f2f-4a7b-8a38-06f221b9e766,R5,Coastguard@display=saliency_crop_720p
R5,R5,15126a02-ad31-4209-ba37-4bedaf9cf17e,R1,Coastguard@display=saliency_crop_720p
R5,R1,7e810e2b-a60a-4c56-b884-c162d90d6c9a,R5,Coastguard@display=saliency_crop_720p
R5,R1,0b7a0119-059f-4e1d-ad31-b02c334f46b1,R5,Coastguard@display=saliency_crop_720p
R5,R5,d09af4b6-629c-4769-8541-2780ea897297,R1,Coastguard@display=saliency_crop_720p
R5,R5,6bcbf25a-c4a1-46c6-8ebf-c5345a553a15,R1,Coastguard@display=saliency_crop_720p
R5,R1,c1ab6b5a-8150-4b61-aa8f-21f9aa057180,R5,Coastguard@display=saliency_crop_720p
R5,R5,c3f429a5-aa27-4510-a9c2-61669895dfcf,R1,Coastguard@display=saliency_crop_720p
R5,R5,2c8ac8f7-daf5-4ec3-bc54-c7339655128d,R1,Coastguard@display=saliency_crop_720p
R5,R1,09b49f0a-1565-4274-b0cd-9cc56bfc5117,R5,Coastguard@display=saliency_crop_720p
R5,R1,bb23da40-6486-42fe-8646-ad5ee9586d1b,R5,Coastguard@display=saliency_crop_720p
R3,R2,15126a02-ad31-4209-ba37-4bedaf9cf17e,R3,Mobile@display=saliency_crop_720p
R3,R3,df46e5b6-1361-4a3f-a3d6-662d3f77e370,R2,Mobile@display=saliency_crop_720p
R2,R2,02f37b74-f890-438c-b501-56c6f737b850,R3,Mobile@display=saliency_crop_720p
R3,R3,dd41bbe2-9aa2-4e5f-a780-8dd52a1d7ac9,R2,Mobile@display=saliency_crop_720p
,R2,a96e1cbb-d957-490b-82a6-ceece82f5c0a,R3,Mobile@display=saliency_crop_720p
,R3,d5860c43-3d0a-4bfd-ba95-e4f22ebe233f,R2,Mobile@display=saliency_crop_720p
R3,R3,2b276ada-898a-4e8e-8a8c-fb4ec9b447ba,R2,Mobile@display=saliency_crop_720p
R3,R3,7527db76-0b02-4712-be81-bdf99a306513,R2,Mobile@display=saliency_crop_720p
R3,R3,814102c1-d84b-467d-975c-2ccadcdd1608,R2,Mobile@display=saliency_crop_720p
R3,R2,b5c8a9c7-e79a-48e8-8112-27fad4f3990d,R3,Mobile@display=saliency_crop_720p
R5,R5,15126a02-ad31-4209-ba37-4bedaf9cf17e,R2,Coastguard@display=saliency_crop_720p
R5,R5,18a795a2-dcc4-4415-b6a7-fc00d1e99141,R2,Coastguard@display=saliency_crop_720p
R5,R5,d537e91d-3672-4039-9598-31666298902b,R2,Coastguard@display=saliency_crop_720p
R5,R2,fef3ddd3-cb8d-4874-a0a3-029156d7349c,R5,Coastguard@display=saliency_crop_720p
R5,R5,cb1a0aca-97dd-44c9-acb0-9292ae562bda,R2,Coastguard@display=saliency_crop_720p
R5,R5,95710843-53a6-4ce1-8187-bcabc14214bd,R2,Coastguard@display=saliency_crop_720p
R5,R5,0b1fc41b-322f-4aef-b351-3486e5787f69,R2,Coastguard@display=saliency_crop_720p
R5,R2,fe694a50-b355-4c22-93f7-f10ed297818c,R5,Coastguard@display=saliency_crop_720p
R5,R5,4273074b-8761-4f94-8902-8ca3acba618c,R2,Coastguard@display=saliency_crop_720p
R5,R2,ad2dbf7a-7ce9-493d-9c43-4e368f58da47,R5,Coastguard@display=saliency_crop_720p
R3,R3,ea61fab5-2626-4801-a6e9-20e3dab1289f,R5,Wood@display=saliency_crop_720p
R5,R3,fef3ddd3-cb8d-4874-a0a3-029156d7349c,R5,Wood@display=saliency_crop_720p
R5,R3,eb33bb36-3d3d-4b5e-9592-aecf461d8ea4,R5,Wood@display=saliency_crop_720p
,R3,dd913f13-41f9-4057-ae67-8506bfea7a51,R5,Wood@display=saliency_crop_720p
R3,R5,6490ce57-97e1-4aaf-b182-a333d12fabce,R3,Wood@display=saliency_crop_720p
R5,R3,6003c531-2418-4463-977d-5ea5f43c6fe6,R5,Wood@display=saliency_crop_720p
,R5,c1ab6b5a-8150-4b61-aa8f-21f9aa057180,R3,Wood@display=saliency_crop_720p
R5,R5,8d0c0dbf-408c-471e-8c42-ae75675fdf0f,R3,Wood@display=saliency_crop_720p
R5,R3,2c8ac8f7-daf5-4ec3-bc54-c7339655128d,R5,Wood@display=saliency_crop_720p
R3,R5,15126a02-ad31-4209-ba37-4bedaf9cf17e,R3,Wood@display=saliency_crop_720p
R6,R6,dd913f13-41f9-4057-ae67-8506bfea7a51,R1,Fountains@display=saliency_crop_720p
R6,R6,25877507-c3b5-496c-82d5-8fb10915c045,R1,Fountains@display=saliency_crop_720p
R6,R6,184df185-1d74-4468-9ed0-0c8702c46ca8,R1,Fountains@display=saliency_crop_720p
R6,R1,5f54ca8c-4f0d-4099-a7c2-456de483832c,R6,Fountains@display=saliency_crop_720p
R6,R1,7e1981ef-c387-451d-a064-1c23f7592d89,R6,Fountains@display=saliency_crop_720p
R6,R6,2aa4fa46-6ed3-44d1-94b4-aa7c1be876a5,R1,Fountains@display=saliency_crop_720p
R6,R1,b25461e3-8554-4529-b350-f06f64c8f1d8,R6,Fountains@display=saliency_crop_720p
R6,R1,597a8b4b-9c57-4fa8-8d8b-678096920dac,R6,Fountains@display=saliency_crop_720p
R6,R1,0cab1385-708a-4cd7-a1af-98bb9c47c647,R6,Fountains@display=saliency_crop_720p
R6,R6,7089da54-462d-41f6-9846-808c4563d2f7,R1,Fountains@display=saliency_crop_720p
R3,R3,dd913f13-41f9-4057-ae67-8506bfea7a51,R1,Marathon@display=saliency_crop_720p
R3,R3,3c3b56ed-3741-4d48-bc40-f84ba10af9e5,R1,Marathon@display=saliency_crop_720p
R3,R1,b3162290-869f-4769-b470-8d2ec15f49c8,R3,Marathon@display=saliency_crop_720p
R3,R3,edacfcf4-81fb-48d0-8e71-034582b726b6,R1,Marathon@display=saliency_crop_720p
R3,R3,8d0c0dbf-408c-471e-8c42-ae75675fdf0f,R1,Marathon@display=saliency_crop_720p
R3,R3,3b8ef142-e12e-4e1e-a55a-518a5d6a3a30,R1,Marathon@display=saliency_crop_720p
R3,R3,9daf50bb-5031-4a91-afcc-4e50ecb00427,R1,Marathon@display=saliency_crop_720p
R3,R1,738a8833-ff22-4cc4-9d40-dcacfa02ee12,R3,Marathon@display=saliency_crop_720p
R3,R3,09b49f0a-1565-4274-b0cd-9cc56bfc5117,R1,Marathon@display=saliency_crop_720p
R3,R1,814102c1-d84b-467d-975c-2ccadcdd1608,R3,Marathon@display=saliency_crop_720p
R3,R1,dd913f13-41f9-4057-ae67-8506bfea7a51,R3,Wood@display=saliency_crop_720p
R3,R3,7038c718-8872-4a90-8727-551f1026825c,R1,Wood@display=saliency_crop_720p
R3,R1,255b3f30-8e77-4ed4-aae6-af54b9cecfde,R3,Wood@display=saliency_crop_720p
R3,R3,ae5d414d-af8a-42b7-923a-5b36f6f5af7f,R1,Wood@display=saliency_crop_720p
R3,R3,6a67fb94-1db7-4bf5-9bc2-35b8b4f2864f,R1,Wood@display=saliency_crop_720p
R3,R3,2ecb19f3-dbd9-49ec-8a1d-87027edfc214,R1,Wood@display=saliency_crop_720p
R3,R3,e42819ec-8638-46ef-8a60-347850133bc4,R1,Wood@display=saliency_crop_720p
R1,R1,672abb9a-33b8-4db0-b227-b8e20ccefd06,R3,Wood@display=saliency_crop_720p
R3,R1,9de6ddbf-ea31-49d6-aa57-4d09d18770b6,R3,Wood@display=saliency_crop_720p
R3,R1,f2d19079-fad8-48e8-b00e-82da13d0335c,R3,Wood@display=saliency_crop_720p
R5,R2,dd913f13-41f9-4057-ae67-8506bfea7a51,R5,Coastguard@display=saliency_crop_720p
R5,R2,184df185-1d74-4468-9ed0-0c8702c46ca8,R5,Coastguard@display=saliency_crop_720p
R5,R2,a4599144-137a-49f5-8efa-5af9b1dd69ff,R5,Coastguard@display=saliency_crop_720p
R5,R5,03918ae8-2ee6-4b4f-bc00-6f9e5dcb5855,R2,Coastguard@display=saliency_crop_720p
R5,R5,616bd94d-0f79-44d6-b065-1dc3a733815b,R2,Coastguard@display=saliency_crop_720p
R5,R5,24877cc4-7da9-4c23-922c-bd003dcee0a5,R2,Coastguard@display=saliency_crop_720p
,R5,565b6435-19ae-4544-915a-0ac71b987e39,R2,Coastguard@display=saliency_crop_720p
,R2,0a258512-3acd-455f-8ddb-03715c16106c,R5,Coastguard@display=saliency_crop_720p
R5,R2,c37f9b67-3c3d-4496-9871-91e52c9b56ee,R5,Coastguard@display=saliency_crop_720p
R5,R2,b859b11b-3f2f-4a7b-8a38-06f221b9e766,R5,Coastguard@display=saliency_crop_720p
R3,R3,dd913f13-41f9-4057-ae67-8506bfea7a51,R1,Fountains@display=saliency_crop_720p
R3,R1,b4dbd212-bfb6-4c88-9be5-85863b03eb1c,R3,Fountains@display=saliency_crop_720p
R3,R3,5da16ddd-4449-494c-8353-cca728fda8ce,R1,Fountains@display=saliency_crop_720p
R3,R1,8d903096-da8b-4bbf-a3b3-cb3aafc91e60,R3,Fountains@display=saliency_crop_720p
R3,R3,6a67fb94-1db7-4bf5-9bc2-35b8b4f2864f,R1,Fountains@display=saliency_crop_720p
R3,R1,d5860c43-3d0a-4bfd-ba95-e4f22ebe233f,R3,Fountains@display=saliency_crop_720p
R3,R1,a746f1e5-0459-459f-b5ed-e86d4c185174,R3,Fountains@display=saliency_crop_720p
R3,R3,86779d1b-a1d0-490c-9ea9-768676c45504,R1,Fountains@display=saliency_crop_720p
R3,R1,814102c1-d84b-467d-975c-2ccadcdd1608,R3,Fountains@display=saliency_crop_720p
R3,R1,050adc5c-523f-4141-ac89-2f5ae0ab9c5d,R3,Fountains@display=saliency_crop_720p
,R5,dd913f13-41f9-4057-ae67-8506bfea7a51,R4,Runners@display=saliency_crop_720p
R5,R5,54ac11ca-520a-490a-9b24-e07dfc89fe74,R4,Runners@display=saliency_crop_720p
R5,R4,02f37b74-f890-438c-b501-56c6f737b850,R5,Runners@display=saliency_crop_720p
R5,R4,db138b4b-48ef-4ebf-91bb-fc4dab998618,R5,Runners@display=saliency_crop_720p
R5,R5,7e04804d-aea8-4485-a4e9-dc9bb4228542,R4,Runners@display=saliency_crop_720p
,R5,a51f3ee9-6df6-43a7-bc9f-4e403bc4b91d,R4,Runners@display=saliency_crop_720p
,R4,b18f7082-e656-4f3b-8b2a-b4f9859f2591,R5,Runners@display=saliency_crop_720p
,R4,fbbb8d95-d1e4-416b-a540-a60d3ba1c05b,R5,Runners@display=saliency_crop_720p
R4,R4,642d5f92-2723-4f97-b2c7-a2b2b232ece5,R5,Runners@display=saliency_crop_720p
,R5,217eeae7-100e-4039-bc33-801352e04e47,R4,Runners@display=saliency_crop_720p
,R5,dd913f13-41f9-4057-ae67-8506bfea7a51,R3,Marathon@display=saliency_crop_720p
R5,R3,0f88c0c9-72ba-4659-95dc-9720cd2bf6be,R5,Marathon@display=saliency_crop_720p
,R5,301e5596-ccd9-4341-b590-605122658e80,R3,Marathon@display=saliency_crop_720p
R5,R5,30e9f8b1-cb8d-46dd-b83a-27f7f7bc3ccd,R3,Marathon@display=saliency_crop_720p
R5,R5,b66699af-52ef-45e2-9b3b-a934314a7f27,R3,Marathon@display=saliency_crop_720p
R5,R3,4cf850d4-61c0-4b33-a61d-8019373987dc,R5,Marathon@display=saliency_crop_720p
R5,R3,a88c1e63-cc97-4ea2-bf46-496ac4a1d26b,R5,Marathon@display=saliency_crop_720p
R5,R5,c3f429a5-aa27-4510-a9c2-61669895dfcf,R3,Marathon@display=saliency_crop_720p
R5,R3,24f1a5c5-54bc-4098-a9c4-ca4605a0c79f,R5,Marathon@display=saliency_crop_720p
R5,R5,7089da54-462d-41f6-9846-808c4563d2f7,R3,Marathon@display=saliency_crop_720p
,R4,dd913f13-41f9-4057-ae67-8506bfea7a51,R5,Wood@display=saliency_crop_720p
R4,R5,9e5809d4-ad76-485b-8726-8fe59f60e525,R4,Wood@display=saliency_crop_720p
R4,R4,8cd3a3d2-8780-4e0f-baf0-4e586dc6ea1d,R5,Wood@display=saliency_crop_720p
,R5,edf59e18-8621-49ba-a818-96825286522a,R4,Wood@display=saliency_crop_720p
,R4,cb1a0aca-97dd-44c9-acb0-9292ae562bda,R5,Wood@display=saliency_crop_720p
R5,R4,e1809ce6-9de7-4931-92c6-581b253174dc,R5,Wood@display=saliency_crop_720p
R4,R4,17c3b1b8-7cdd-490f-afbc-d8eece8cb422,R5,Wood@display=saliency_crop_720p
R4,R5,2c8ac8f7-daf5-4ec3-bc54-c7339655128d,R4,Wood@display=saliency_crop_720p
R5,R4,a948b6d6-12f1-4314-b21c-8cd2b65c5e08,R5,Wood@display=saliency_crop_720p
,R5,02a36236-600c-4d2d-bac6-911989aa18ab,R4,Wood@display=saliency_crop_720p
R6,R5,2f43b081-80a8-4f3b-aae0-612bc85bb533,R6,Marathon@display=saliency_crop_720p
R5,R6,7038c718-8872-4a90-8727-551f1026825c,R5,Marathon@display=saliency_crop_720p
R5,R6,0ddf447f-af8a-46a9-959b-ad5962feb3ec,R5,Marathon@display=saliency_crop_720p
,R6,b7b7e154-b9f7-4715-a884-59a87a3cb0d0,R5,Marathon@display=saliency_crop_720p
R6,R5,46a9eff0-38e5-4216-9855-253317f501bd,R6,Marathon@display=saliency_crop_720p
R5,R5,e61b2bb2-c827-4629-9d34-92c14aaa9c67,R6,Marathon@display=saliency_crop_720p
,R6,2b276ada-898a-4e8e-8a8c-fb4ec9b447ba,R5,Marathon@display=saliency_crop_720p
,R6,2754ece0-2691-4586-94bd-8548288a77ce,R5,Marathon@display=saliency_crop_720p
R6,R6,217eeae7-100e-4039-bc33-801352e04e47,R5,Marathon@display=saliency_crop_720p
,R6,a8d6b3f3-ec6e-4e18-9f5f-b6807fa96bf5,R5,Marathon@display=saliency_crop_720p
R6,R6,2f43b081-80a8-4f3b-aae0-612bc85bb533,R2,Wood@display=saliency_crop_720p
R6,R2,89af9b70-47f8-4bfe-86da-a21eaffabf9c,R6,Wood@display=saliency_crop_720p
,R2,b729a72c-bf5a-4f29-8017-2ccf349890a4,R6,Wood@display=saliency_crop_720p
R6,R2,b7ec049a-b317-451f-890c-7a6206c37992,R6,Wood@display=saliency_crop_720p
R2,R6,c7966b62-3a1f-406c-b7e2-2e215da0d94a,R2,Wood@display=saliency_crop_720p
R6,R2,1bfcbfac-8fb1-456b-9325-ba0e0241df76,R6,Wood@display=saliency_crop_720p
R6,R2,bc7eaf33-d14a-412d-b86b-bca8c1779ea6,R6,Wood@display=saliency_crop_720p
R6,R2,27b7bcca-ebd5-4dd5-86ae-6d18db047687,R6,Wood@display=saliency_crop_720p
R6,R2,642d5f92-2723-4f97-b2c7-a2b2b232ece5,R6,Wood@display=saliency_crop_720p
R6,R6,e68ba270-158b-4ef3-828e-d229b5c4f93e,R2,Wood@display=saliency_crop_720p
R5,R3,2f43b081-80a8-4f3b-aae0-612bc85bb533,R5,Mobile@display=saliency_crop_720p
R5,R5,1bdfcec9-fa8e-43ea-bf16-3c5222d01fd4,R3,Mobile@display=saliency_crop_720p
R5,R5,b7ec049a-b317-451f-890c-7a6206c37992,R3,Mobile@display=saliency_crop_720p
R5,R3,c7966b62-3a1f-406c-b7e2-2e215da0d94a,R5,Mobile@display=saliency_crop_720p
R5,R3,b947a04a-0471-41a3-9d0d-a539a3306a26,R5,Mobile@display=saliency_crop_720p
,R5,13e9ddfd-2240-45d1-abba-341ee311ead2,R3,Mobile@display=saliency_crop_720p
,R3,5388d40a-2cf7-42da-a59d-6ca6cd878118,R5,Mobile@display=saliency_crop_720p
R5,R5,47313c32-e907-4763-8b34-f1b57f7fbcb6,R3,Mobile@display=saliency_crop_720p
,R3,668a814c-5057-4e5d-933d-8bbfeb9dde28,R5,Mobile@display=saliency_crop_720p
R5,R5,ad2dbf7a-7ce9-493d-9c43-4e368f58da47,R3,Mobile@display=saliency_crop_720p
R6,R4,2f43b081-80a8-4f3b-aae0-612bc85bb533,R6,Runners@display=saliency_crop_720p
R4,R4,18a795a2-dcc4-4415-b6a7-fc00d1e99141,R6,Runners@display=saliency_crop_720p
R6,R6,1e98319b-af93-4d24-b03d-045a6661fdb5,R4,Runners@display=saliency_crop_720p
R4,R4,11d5e43f-aea9-4ca3-9cd6-0be5e30054ea,R6,Runners@display=saliency_crop_720p
R4,R6,d09af4b6-629c-4769-8541-2780ea897297,R4,Runners@display=saliency_crop_720p
R4,R4,b3e01703-d5bd-46fc-a177-66a1b0ba1512,R6,Runners@display=saliency_crop_720p
R6,R4,49238b08-9aa6-43ad-836c-c4a77df0066d,R6,Runners@display=saliency_crop_720p
,R4,d5860c43-3d0a-4bfd-ba95-e4f22ebe233f,R6,Runners@display=saliency_crop_720p
R6,R6,597a8b4b-9c57-4fa8-8d8b-678096920dac,R4,Runners@display=saliency_crop_720p
R6,R4,02a36236-600c-4d2d-bac6-911989aa18ab,R6,Runners@display=saliency_crop_720p
R4,R3,2f43b081-80a8-4f3b-aae0-612bc85bb533,R4,Marathon@display=saliency_crop_720p
R4,R4,a15bf945-b620-4e3f-b0c7-4b3591dbc1d9,R3,Marathon@display=saliency_crop_720p
R4,R4,e423a2c2-501c-4555-add5-03c9f967d3c6,R3,Marathon@display=saliency_crop_720p
R4,R3,a4599144-137a-49f5-8efa-5af9b1dd69ff,R4,Marathon@display=saliency_crop_720p
,R4,8d903096-da8b-4bbf-a3b3-cb3aafc91e60,R3,Marathon@display=saliency_crop_720p
R4,R3,9daf50bb-5031-4a91-afcc-4e50ecb00427,R4,Marathon@display=saliency_crop_720p
,R4,5388d40a-2cf7-42da-a59d-6ca6cd878118,R3,Marathon@display=saliency_crop_720p
R4,R3,8374c149-4680-4d9c-bc86-4210195afbb5,R4,Marathon@display=saliency_crop_720p
,R3,9eca7084-d2b7-4f1a-9c4c-a29c723b5ca7,R4,Marathon@display=saliency_crop_720p
,R4,a948b6d6-12f1-4314-b21c-8cd2b65c5e08,R3,Marathon@display=saliency_crop_720p
R5,R1,2f43b081-80a8-4f3b-aae0-612bc85bb533,R5,Mobile@display=saliency_crop_720p
R5,R5,0f88c0c9-72ba-4659-95dc-9720cd2bf6be,R1,Mobile@display=saliency_crop_720p
R5,R5,b7ec049a-b317-451f-890c-7a6206c37992,R1,Mobile@display=saliency_crop_720p
R5,R5,1dfc726c-679c-4fc4-9c97-a79260ee0693,R1,Mobile@display=saliency_crop_720p
R5,R1,3c08870b-72d3-4453-8f00-c742a295abe5,R5,Mobile@display=saliency_crop_720p
R5,R5,3b8ef142-e12e-4e1e-a55a-518a5d6a3a30,R1,Mobile@display=saliency_crop_720p
R5,R1,a7c77be2-85d9-45d4-89d2-6e6664d42c09,R5,Mobile@display=saliency_crop_720p
R5,R1,597a8b4b-9c57-4fa8-8d8b-678096920dac,R5,Mobile@display=saliency_crop_720p
R5,R1,9fcac6e5-4916-4f9a-a50c-72cc52db8389,R5,Mobile@display=saliency_crop_720p
R5,R1,b859b11b-3f2f-4a7b-8a38-06f221b9e766,R5,Mobile@display=saliency_crop_720p
R5,R5,32949c69-f2a6-477b-9c51-f43244d26fc2,R3,Marathon@display=saliency_crop_720p
R5,R5,52a47bbc-e062-4cba-9e8d-3fe5e313ac97,R3,Marathon@display=saliency_crop_720p
R5,R3,5ff9001e-676f-4805-ae82-e6ca16346167,R5,Marathon@display=saliency_crop_720p
R5,R3,5da16ddd-4449-494c-8353-cca728fda8ce,R5,Marathon@display=saliency_crop_720p
,R5,519768dd-3de6-41b9-bacf-108710851ed4,R3,Marathon@display=saliency_crop_720p
R5,R3,b7e88525-0f76-473c-9904-1afb1b81737f,R5,Marathon@display=saliency_crop_720p
R5,R5,32949c69-f2a6-477b-9c51-f43244d26fc2,R3,Marathon@display=saliency_crop_720p
R3,R5,45b8135e-e0e9-470f-a807-aeb8e0547265,R3,Marathon@display=saliency_crop_720p
,R3,edf59e18-8621-49ba-a818-96825286522a,R5,Marathon@display=saliency_crop_720p
R5,R5,6c4bf991-9e48-493b-8a57-fa8eda5143f7,R3,Marathon@display=saliency_crop_720p
R4,R4,09b49f0a-1565-4274-b0cd-9cc56bfc5117,R2,Mobile@display=saliency_crop_720p
R4,R2,b9716331-526c-45d1-8be7-d0dddef7c60a,R4,Mobile@display=saliency_crop_720p
R4,R2,ee821f20-7194-4ffa-bdbc-e072c04c5b3f,R4,Mobile@display=saliency_crop_720p
R4,R4,04182fda-adbd-47eb-ba2d-48e9060f8da1,R2,Mobile@display=saliency_crop_720p
R4,R4,736daf56-5294-448e-a783-00c4261b7884,R2,Mobile@display=saliency_crop_720p
R4,R2,9daf50bb-5031-4a91-afcc-4e50ecb00427,R4,Mobile@display=saliency_crop_720p
R4,R4,3c3b56ed-3741-4d48-bc40-f84ba10af9e5,R2,Mobile@display=saliency_crop_720p
R4,R2,53be3403-98d0-404f-9260-59a45dac9099,R4,Mobile@display=saliency_crop_720p
R4,R2,eb33bb36-3d3d-4b5e-9592-aecf461d8ea4,R4,Mobile@display=saliency_crop_720p
R4,R4,edf59e18-8621-49ba-a818-96825286522a,R2,Mobile@display=saliency_crop_720p
R6,R1,eb33bb36-3d3d-4b5e-9592-aecf461d8ea4,R6,Wood@display=saliency_crop_720p
R6,R6,7e810e2b-a60a-4c56-b884-c162d90d6c9a,R1,Wood@display=saliency_crop_720p
R6,R6,d09af4b6-629c-4769-8541-2780ea897297,R1,Wood@display=saliency_crop_720p
R6,R1,281613c6-59bc-4f69-bba7-11aa5b09b21d,R6,Wood@display=saliency_crop_720p
R6,R6,50785f09-5f3b-43e8-a7c9-df4a6f8c5995,R1,Wood@display=saliency_crop_720p
R6,R6,fa78d961-10d7-4926-b408-50dcf817d4db,R1,Wood@display=saliency_crop_720p
R6,R1,0b1fc41b-322f-4aef-b351-3486e5787f69,R6,Wood@display=saliency_crop_720p
R6,R6,cc917a10-e52d-45ce-82f7-38e642faed9d,R1,Wood@display=saliency_crop_720p
R6,R6,eda68cb8-1e4e-4421-9ce1-2caf6b8df80e,R1,Wood@display=saliency_crop_720p
R6,R1,b5c8a9c7-e79a-48e8-8112-27fad4f3990d,R6,Wood@display=saliency_crop_720p
,R1,122c20f2-fdf2-45bd-91bb-825b2cd121cc,R3,Wood@display=saliency_crop_720p
R1,R3,1b6a749b-e218-4b4c-98bd-6e9b962b3fec,R1,Wood@display=saliency_crop_720p
,R3,122c20f2-fdf2-45bd-91bb-825b2cd121cc,R1,Wood@display=saliency_crop_720p
,R1,eb33bb36-3d3d-4b5e-9592-aecf461d8ea4,R3,Wood@display=saliency_crop_720p
R3,R1,c1d4bea4-9eca-4c4e-ae70-90d6f994b905,R3,Wood@display=saliency_crop_720p
R3,R3,c284e74e-3d25-475f-9345-f57f7aeae706,R1,Wood@display=saliency_crop_720p
R1,R1,e42819ec-8638-46ef-8a60-347850133bc4,R3,Wood@display=saliency_crop_720p
,R1,5ff9001e-676f-4805-ae82-e6ca16346167,R3,Wood@display=saliency_crop_720p
R3,R1,c7cb111c-5f37-4f24-8dfb-5959b2bf43c4,R3,Wood@display=saliency_crop_720p
R3,R1,52a47bbc-e062-4cba-9e8d-3fe5e313ac97,R3,Wood@display=saliency_crop_720p
,R1,c1d4bea4-9eca-4c4e-ae70-90d6f994b905,R3,Coastguard@display=saliency_crop_720p
R3,R3,eb33bb36-3d3d-4b5e-9592-aecf461d8ea4,R1,Coastguard@display=saliency_crop_720p
R3,R1,122c20f2-fdf2-45bd-91bb-825b2cd121cc,R3,Coastguard@display=saliency_crop_720p
,R1,edf59e18-8621-49ba-a818-96825286522a,R3,Coastguard@display=saliency_crop_720p
R3,R3,122c20f2-fdf2-45bd-91bb-825b2cd121cc,R1,Coastguard@display=saliency_crop_720p
,R1,2b276ada-898a-4e8e-8a8c-fb4ec9b447ba,R3,Coastguard@display=saliency_crop_720p
R3,R3,63e15e4a-afd7-496b-a690-c9a0fc039877,R1,Coastguard@display=saliency_crop_720p
,R3,e4981e4b-89a7-4998-bb0c-fa7801ffc85d,R1,Coastguard@display=saliency_crop_720p
R3,R1,2016b457-b3ea-4362-8268-5d9ccb7069a7,R3,Coastguard@display=saliency_crop_720p
,R1,122c20f2-fdf2-45bd-91bb-825b2cd121cc,R3,Coastguard@display=saliency_crop_720p
R4,R2,eb33bb36-3d3d-4b5e-9592-aecf461d8ea4,R4,Mobile@display=saliency_crop_720p
R4,R4,9e5809d4-ad76-485b-8726-8fe59f60e525,R2,Mobile@display=saliency_crop_720p
R4,R2,13426a53-421c-4362-8f41-14152d68ff4a,R4,Mobile@display=saliency_crop_720p
R4,R2,281613c6-59bc-4f69-bba7-11aa5b09b21d,R4,Mobile@display=saliency_crop_720p
R4,R2,9da170ef-90e6-45c5-82b7-aa0c045e0b69,R4,Mobile@display=saliency_crop_720p
,R2,a2cd0a74-ae10-4063-9478-85575963a0b0,R4,Mobile@display=saliency_crop_720p
R4,R4,bc7eaf33-d14a-412d-b86b-bca8c1779ea6,R2,Mobile@display=saliency_crop_720p
R4,R2,672abb9a-33b8-4db0-b227-b8e20ccefd06,R4,Mobile@display=saliency_crop_720p
R2,R4,9eca7084-d2b7-4f1a-9c4c-a29c723b5ca7,R2,Mobile@display=saliency_crop_720p
R4,R2,4ea401ab-55bd-4ef4-80de-8c52b604f2cb,R4,Mobile@display=saliency_crop_720p
R6,R3,eb33bb36-3d3d-4b5e-9592-aecf461d8ea4,R6,Coastguard@display=saliency_crop_720p
R6,R6,3ef566a6-cf1d-4184-94d0-3a2d9ff2cf38,R3,Coastguard@display=saliency_crop_720p
R6,R6,be797be2-8e88-4f13-a0a5-38c6619fe390,R3,Coastguard@display=saliency_crop_720p
,R6,f97debc6-c942-4a3b-8401-944fcc699990,R3,Coastguard@display=saliency_crop_720p
R6,R6,46a9eff0-38e5-4216-9855-253317f501bd,R3,Coastguard@display=saliency_crop_720p
,R3,b18f7082-e656-4f3b-8b2a-b4f9859f2591,R6,Coastguard@display=saliency_crop_720p
R6,R3,4c00a892-6d3c-4543-a3a6-ecd51578a665,R6,Coastguard@display=saliency_crop_720p
R6,R3,91ff490d-9ede-4421-8ebe-d1921121b016,R6,Coastguard@display=saliency_crop_720p
R6,R6,e0c576ae-60ae-4a6c-9bbb-3bf76376eb49,R3,Coastguard@display=saliency_crop_720p
R6,R6,21f869c7-f7a5-4fe3-99d4-3a6760f23d84,R3,Coastguard@display=saliency_crop_720p
,R4,eb33bb36-3d3d-4b5e-9592-aecf461d8ea4,R2,Runners@display=saliency_crop_720p
R2,R2,18a795a2-dcc4-4415-b6a7-fc00d1e99141,R4,Runners@display=saliency_crop_720p
R4,R2,ae5d414d-af8a-42b7-923a-5b36f6f5af7f,R4,Runners@display=saliency_crop_720p
R4,R4,4428e8f1-427f-45b3-a6c9-7978ec3021a9,R2,Runners@display=saliency_crop_720p
,R4,cdfad871-f242-47ec-91ee-bc14b6f2c59a,R2,Runners@display=saliency_crop_720p
,R2,49238b08-9aa6-43ad-836c-c4a77df0066d,R4,Runners@display=saliency_crop_720p
R2,R4,b06ea5c9-b548-4926-b4db-76f085a56d9c,R2,Runners@display=saliency_crop_720p
R2,R2,7527db76-0b02-4712-be81-bdf99a306513,R4,Runners@display=saliency_crop_720p
R4,R4,ea61fab5-2626-4801-a6e9-20e3dab1289f,R2,Runners@display=saliency_crop_720p
R4,R4,814102c1-d84b-467d-975c-2ccadcdd1608,R2,Runners@display=saliency_crop_720p
R6,R6,7831fc77-5fde-419a-85a3-3d3f83bfaa44,R4,Runners@display=saliency_crop_720p
R6,R4,b166b1a4-303d-410b-8dcf-1fd9368a2025,R6,Runners@display=saliency_crop_720p
R4,R4,06a572e1-633c-42f0-a829-fb2ed318e676,R6,Runners@display=saliency_crop_720p
,R6,b729a72c-bf5a-4f29-8017-2ccf349890a4,R4,Runners@display=saliency_crop_720p
R6,R4,a4599144-137a-49f5-8efa-5af9b1dd69ff,R6,Runners@display=saliency_crop_720p
,R4,2190aa77-e0fe-4724-99da-095e5420ba5d,R6,Runners@display=saliency_crop_720p
R6,R4,2ecb19f3-dbd9-49ec-8a1d-87027edfc214,R6,Runners@display=saliency_crop_720p
R6,R6,bc7eaf33-d14a-412d-b86b-bca8c1779ea6,R4,Runners@display=saliency_crop_720p
,R6,da7b3dc2-1c27-42c2-922c-e52ee70d3b7a,R4,Runners@display=saliency_crop_720p
R6,R4,a164626b-c8af-4c0b-a5e9-b7a1ebdafffe,R6,Runners@display=saliency_crop_720p
R5,R5,7831fc77-5fde-419a-85a3-3d3f83bfaa44,R6,Wood@display=saliency_crop_720p
R6,R6,b4dbd212-bfb6-4c88-9be5-85863b03eb1c,R5,Wood@display=saliency_crop_720p
R6,R6,ba0d9051-cdd8-4fbd-a78d-61de5fd89cb7,R5,Wood@display=saliency_crop_720p
,R5,c1233c78-9911-4cf3-96ce-705837796c43,R6,Wood@display=saliency_crop_720p
R5,R5,7f8aea63-96d6-4a3c-a4cf-af6310fc603a,R6,Wood@display=saliency_crop_720p
R6,R5,2b276ada-898a-4e8e-8a8c-fb4ec9b447ba,R6,Wood@display=saliency_crop_720p
R6,R5,3f4cbe98-8b64-4a14-aa37-b7dd2a53b670,R6,Wood@display=saliency_crop_720p
,R6,da7b3dc2-1c27-42c2-922c-e52ee70d3b7a,R5,Wood@display=saliency_crop_720p
R6,R5,d1226590-6359-4cac-88f3-dec750222bfa,R6,Wood@display=saliency_crop_720p
,R6,b7e88525-0f76-473c-9904-1afb1b81737f,R5,Wood@display=saliency_crop_720p
R5,R5,7831fc77-5fde-419a-85a3-3d3f83bfaa44,R1,Runners@display=saliency_crop_720p
R5,R5,79142280-e321-4c94-a688-89f8d0f2143d,R1,Runners@display=saliency_crop_720p
R5,R1,b3162290-869f-4769-b470-8d2ec15f49c8,R5,Runners@display=saliency_crop_720p
R5,R1,ae5d414d-af8a-42b7-923a-5b36f6f5af7f,R5,Runners@display=saliency_crop_720p
R5,R1,ba0d9051-cdd8-4fbd-a78d-61de5fd89cb7,R5,Runners@display=saliency_crop_720p
R5,R1,a96e1cbb-d957-490b-82a6-ceece82f5c0a,R5,Runners@display=saliency_crop_720p
R5,R5,9daf50bb-5031-4a91-afcc-4e50ecb00427,R1,Runners@display=saliency_crop_720p
R5,R1,88a6a4db-205d-49ba-af66-9bf4bd061f36,R5,Runners@display=saliency_crop_720p
R5,R1,47313c32-e907-4763-8b34-f1b57f7fbcb6,R5,Runners@display=saliency_crop_720p
R5,R5,f3df28f2-b3a2-4101-8215-106abe4b7509,R1,Runners@display=saliency_crop_720p
R4,R2,7831fc77-5fde-419a-85a3-3d3f83bfaa44,R4,Fountains@display=saliency_crop_720p
R4,R4,7312338a-e511-45a5-96cd-d6ea25016b2f,R2,Fountains@display=saliency_crop_720p
R4,R2,ae5d414d-af8a-42b7-923a-5b36f6f5af7f,R4,Fountains@display=saliency_crop_720p
R4,R2,281613c6-59bc-4f69-bba7-11aa5b09b21d,R4,Fountains@display=saliency_crop_720p
R4,R4,1bfcbfac-8fb1-456b-9325-ba0e0241df76,R2,Fountains@display=saliency_crop_720p
R4,R2,b06ea5c9-b548-4926-b4db-76f085a56d9c,R4,Fountains@display=saliency_crop_720p
R4,R2,0b711778-9ee1-4fdc-9641-56f076a06caf,R4,Fountains@display=saliency_crop_720p
R4,R4,7527db76-0b02-4712-be81-bdf99a306513,R2,Fountains@display=saliency_crop_720p
R4,R2,e4981e4b-89a7-4998-bb0c-fa7801ffc85d,R4,Fountains@display=saliency_crop_720p
R4,R2,a8d6b3f3-ec6e-4e18-9f5f-b6807fa96bf5,R4,Fountains@display=saliency_crop_720p
R3,R1,7831fc77-5fde-419a-85a3-3d3f83bfaa44,R3,Mobile@display=saliency_crop_720p
R3,R1,89af9b70-47f8-4bfe-86da-a21eaffabf9c,R3,Mobile@display=saliency_crop_720p
,R1,b729a72c-bf5a-4f29-8017-2ccf349890a4,R3,Mobile@display=saliency_crop_720p
R3,R3,ee51349e-87c9-40e7-bfff-6ac0d3a94834,R1,Mobile@display=saliency_crop_720p
R3,R1,c7966b62-3a1f-406c-b7e2-2e215da0d94a,R3,Mobile@display=saliency_crop_720p
,R1,404031d7-47ed-41d5-af7f-5e07071b9ed8,R3,Mobile@display=saliency_crop_720p
R3,R3,3f4cbe98-8b64-4a14-aa37-b7dd2a53b670,R1,Mobile@display=saliency_crop_720p
R3,R1,e9e98d7d-e876-4733-8263-947b5e8a8043,R3,Mobile@display=saliency_crop_720p
R3,R3,0cab1385-708a-4cd7-a1af-98bb9c47c647,R1,Mobile@display=saliency_crop_720p
R3,R3,24f1a5c5-54bc-4098-a9c4-ca4605a0c79f,R1,Mobile@display=saliency_crop_720p
R5,R5,7831fc77-5fde-419a-85a3-3d3f83bfaa44,R3,Mobile@display=saliency_crop_720p
R5,R5,54ac11ca-520a-490a-9b24-e07dfc89fe74,R3,Mobile@display=saliency_crop_720p
R3,R5,0ddf447f-af8a-46a9-959b-ad5962feb3ec,R3,Mobile@display=saliency_crop_720p
,R5,ae5d414d-af8a-42b7-923a-5b36f6f5af7f,R3,Mobile@display=saliency_crop_720p
R5,R3,b3e01703-d5bd-46fc-a177-66a1b0ba1512,R5,Mobile@display=saliency_crop_720p
,R3,25633ea9-2d37-4e57-b7e4-16e0ddaedda2,R5,Mobile@display=saliency_crop_720p
,R5,f166fa4c-3957-47de-a343-b8e0139d8118,R3,Mobile@display=saliency_crop_720p
R5,R3,45c970cc-8650-41bd-a84d-83e2a312609d,R5,Mobile@display=saliency_crop_720p
R5,R3,4273074b-8761-4f94-8902-8ca3acba618c,R5,Mobile@display=saliency_crop_720p
R3,R5,7089da54-462d-41f6-9846-808c4563d2f7,R3,Mobile@display=saliency_crop_720p
R6,R6,25d1daad-316c-4d4e-962c-0952840343e8,R3,Marathon@display=saliency_crop_720p
R6,R6,54ac11ca-520a-490a-9b24-e07dfc89fe74,R3,Marathon@display=saliency_crop_720p
R6,R3,3a54e371-0526-47e9-9190-3a1e1d7e98e5,R6,Marathon@display=saliency_crop_720p
R6,R6,a96e1cbb-d957-490b-82a6-ceece82f5c0a,R3,Marathon@display=saliency_crop_720p
R6,R3,cb1a0aca-97dd-44c9-acb0-9292ae562bda,R6,Marathon@display=saliency_crop_720p
R6,R6,b06ea5c9-b548-4926-b4db-76f085a56d9c,R3,Marathon@display=saliency_crop_720p
R6,R6,78d0d426-32d3-48d6-b4bd-af91799c7d19,R3,Marathon@display=saliency_crop_720p
R6,R3,f166fa4c-3957-47de-a343-b8e0139d8118,R6,Marathon@display=saliency_crop_720p
R6,R6,86779d1b-a1d0-490c-9ea9-768676c45504,R3,Marathon@display=saliency_crop_720p
R6,R3,e68ba270-158b-4ef3-828e-d229b5c4f93e,R6,Marathon@display=saliency_crop_720p
R5,R6,25d1daad-316c-4d4e-962c-0952840343e8,R5,Runners@display=saliency_crop_720p
R6,R5,4e359f28-12f0-4066-b8cc-925ca92c739a,R6,Runners@display=saliency_crop_720p
R6,R6,c284e74e-3d25-475f-9345-f57f7aeae706,R5,Runners@display=saliency_crop_720p
R6,R5,ba0d9051-cdd8-4fbd-a78d-61de5fd89cb7,R6,Runners@display=saliency_crop_720p
,R6,dc5a4b0e-f1a0-4f21-8203-0ec7ecfdb06e,R5,Runners@display=saliency_crop_720p
,R6,d44108b6-a212-47ec-8a3f-31a7e26e8c3d,R5,Runners@display=saliency_crop_720p
,R5,fa78d961-10d7-4926-b408-50dcf817d4db,R6,Runners@display=saliency_crop_720p
R6,R5,738a8833-ff22-4cc4-9d40-dcacfa02ee12,R6,Runners@display=saliency_crop_720p
R5,R6,74dab9ad-dabe-4484-85f1-1dac4bd738f7,R5,Runners@display=saliency_crop_720p
,R5,f786a5a6-ad19-416f-a3d6-b79e7937e385,R6,Runners@display=saliency_crop_720p
R6,R5,25d1daad-316c-4d4e-962c-0952840343e8,R6,Coastguard@display=saliency_crop_720p
R5,R6,1fae4163-0cc0-4fdc-a4e1-1a15e0763e65,R5,Coastguard@display=saliency_crop_720p
R6,R6,6c4bf991-9e48-493b-8a57-fa8eda5143f7,R5,Coastguard@display=saliency_crop_720p
,R6,edf59e18-8621-49ba-a818-96825286522a,R5,Coastguard@display=saliency_crop_720p
,R5,c1ab6b5a-8150-4b61-aa8f-21f9aa057180,R6,Coastguard@display=saliency_crop_720p
,R5,5388d40a-2cf7-42da-a59d-6ca6cd878118,R6,Coastguard@display=saliency_crop_720p
R5,R6,0b1fc41b-322f-4aef-b351-3486e5787f69,R5,Coastguard@display=saliency_crop_720p
R6,R6,642d5f92-2723-4f97-b2c7-a2b2b232ece5,R5,Coastguard@display=saliency_crop_720p
R6,R5,e3f040b9-e356-446c-b33b-9eb5428d0c57,R6,Coastguard@display=saliency_crop_720p
R5,R5,f2d19079-fad8-48e8-b00e-82da13d0335c,R6,Coastguard@display=saliency_crop_720p
R5,R6,25d1daad-316c-4d4e-962c-0952840343e8,R5,Runners@display=saliency_crop_720p
R6,R6,1e98319b-af93-4d24-b03d-045a6661fdb5,R5,Runners@display=saliency_crop_720p
R5,R5,25877507-c3b5-496c-82d5-8fb10915c045,R6,Runners@display=saliency_crop_720p
R6,R6,0ddf447f-af8a-46a9-959b-ad5962feb3ec,R5,Runners@display=saliency_crop_720p
R6,R5,ee51349e-87c9-40e7-bfff-6ac0d3a94834,R6,Runners@display=saliency_crop_720p
R6,R6,99d0c997-17d3-49ee-a79c-52899e517adb,R5,Runners@display=saliency_crop_720p
,R5,404031d7-47ed-41d5-af7f-5e07071b9ed8,R6,Runners@display=saliency_crop_720p
R6,R6,27b7bcca-ebd5-4dd5-86ae-6d18db047687,R5,Runners@display=saliency_crop_720p
,R5,a497a473-9c28-4102-bd8a-d3600323b14b,R6,Runners@display=saliency_crop_720p
R6,R6,cc917a10-e52d-45ce-82f7-38e642faed9d,R5,Runners@display=saliency_crop_720p
R3,R4,25d1daad-316c-4d4e-962c-0952840343e8,R3,Runners@display=saliency_crop_720p
R4,R4,7e810e2b-a60a-4c56-b884-c162d90d6c9a,R3,Runners@display=saliency_crop_720p
R4,R4,b729a72c-bf5a-4f29-8017-2ccf349890a4,R3,Runners@display=saliency_crop_720p
R4,R4,d1245215-bee5-4c94-8788-7103a8f4a316,R3,Runners@display=saliency_crop_720p
R4,R4,02f37b74-f890-438c-b501-56c6f737b850,R3,Runners@display=saliency_crop_720p
R3,R3,2190aa77-e0fe-4724-99da-095e5420ba5d,R4,Runners@display=saliency_crop_720p
R4,R3,9da170ef-90e6-45c5-82b7-aa0c045e0b69,R4,Runners@display=saliency_crop_720p
R4,R4,9aafde03-1aea-4020-bb6e-8a2de416ade6,R3,Runners@display=saliency_crop_720p
R4,R3,2aa4fa46-6ed3-44d1-94b4-aa7c1be876a5,R4,Runners@display=saliency_crop_720p
,R3,fbbb8d95-d1e4-416b-a540-a60d3ba1c05b,R4,Runners@display=saliency_crop_720p
R5,R5,25d1daad-316c-4d4e-962c-0952840343e8,R4,Fountains@display=saliency_crop_720p
R5,R5,b166b1a4-303d-410b-8dcf-1fd9368a2025,R4,Fountains@display=saliency_crop_720p
R5,R5,ee821f20-7194-4ffa-bdbc-e072c04c5b3f,R4,Fountains@display=saliency_crop_720p
R5,R5,54ac11ca-520a-490a-9b24-e07dfc89fe74,R4,Fountains@display=saliency_crop_720p
,R5,3a54e371-0526-47e9-9190-3a1e1d7e98e5,R4,Fountains@display=saliency_crop_720p
,R4,b9716331-526c-45d1-8be7-d0dddef7c60a,R5,Fountains@display=saliency_crop_720p
,R4,f929555f-b198-4089-ba97-c458a694db91,R5,Fountains@display=saliency_crop_720p
R5,R4,e8f411fc-2246-470e-88cc-9044aa75cdfe,R5,Fountains@display=saliency_crop_720p
R5,R5,9de6ddbf-ea31-49d6-aa57-4d09d18770b6,R4,Fountains@display=saliency_crop_720p
,R4,b5c8a9c7-e79a-48e8-8112-27fad4f3990d,R5,Fountains@display=saliency_crop_720p
R1,R2,25d1daad-316c-4d4e-962c-0952840343e8,R1,Mobile@display=saliency_crop_720p
,R1,1b5e8d39-a826-46ce-81b7-76a91246ca2d,R2,Mobile@display=saliency_crop_720p
R2,R1,3ef566a6-cf1d-4184-94d0-3a2d9ff2cf38,R2,Mobile@display=saliency_crop_720p
R2,R2,d90616ad-9eb8-42d7-8453-625141773072,R1,Mobile@display=saliency_crop_720p
R1,R1,bb555e13-3dc2-4bae-aebb-687073bd6696,R2,Mobile@display=saliency_crop_720p
R2,R2,88a6a4db-205d-49ba-af66-9bf4bd061f36,R1,Mobile@display=saliency_crop_720p
R1,R1,2aa4fa46-6ed3-44d1-94b4-aa7c1be876a5,R2,Mobile@display=saliency_crop_720p
R2,R1,f166fa4c-3957-47de-a343-b8e0139d8118,R2,Mobile@display=saliency_crop_720p
R2,R1,fbbb8d95-d1e4-416b-a540-a60d3ba1c05b,R2,Mobile@display=saliency_crop_720p
R1,R2,a639194a-e96d-4b67-b56f-1fd982f3fa3d,R1,Mobile@display=saliency_crop_720p
,R2,25d1daad-316c-4d4e-962c-0952840343e8,R5,Wood@display=saliency_crop_720p
R2,R5,18a795a2-dcc4-4415-b6a7-fc00d1e99141,R2,Wood@display=saliency_crop_720p
R5,R2,e3c97b5a-bd35-45f7-af6f-5071d786ce6d,R5,Wood@display=saliency_crop_720p
R5,R5,6bcbf25a-c4a1-46c6-8ebf-c5345a553a15,R2,Wood@display=saliency_crop_720p
,R5,b7b7e154-b9f7-4715-a884-59a87a3cb0d0,R2,Wood@display=saliency_crop_720p
,R5,2e350e47-8ffe-4c00-b51b-1e8deaa2c539,R2,Wood@display=saliency_crop_720p
,R5,7e1981ef-c387-451d-a064-1c23f7592d89,R2,Wood@display=saliency_crop_720p
,R5,91ff490d-9ede-4421-8ebe-d1921121b016,R2,Wood@display=saliency_crop_720p
R5,R5,672abb9a-33b8-4db0-b227-b8e20ccefd06,R2,Wood@display=saliency_crop_720p
R5,R2,f2d19079-fad8-48e8-b00e-82da13d0335c,R5,Wood@display=saliency_crop_720p
R5,R5,d163bcec-e729-4759-a2ee-133bb2590bee,R2,Marathon@display=saliency_crop_720p
R5,R5,89af9b70-47f8-4bfe-86da-a21eaffabf9c,R2,Marathon@display=saliency_crop_720p
R5,R2,1bdfcec9-fa8e-43ea-bf16-3c5222d01fd4,R5,Marathon@display=saliency_crop_720p
R5,R5,edacfcf4-81fb-48d0-8e71-034582b726b6,R2,Marathon@display=saliency_crop_720p
R5,R5,2190aa77-e0fe-4724-99da-095e5420ba5d,R2,Marathon@display=saliency_crop_720p
R5,R2,889cff2b-8aa8-4f4e-900d-3fd66fcbb09f,R5,Marathon@display=saliency_crop_720p
R2,R5,672abb9a-33b8-4db0-b227-b8e20ccefd06,R2,Marathon@display=saliency_crop_720p
R5,R5,2c8ac8f7-daf5-4ec3-bc54-c7339655128d,R2,Marathon@display=saliency_crop_720p
R5,R2,6003c531-2418-4463-977d-5ea5f43c6fe6,R5,Marathon@display=saliency_crop_720p
R5,R2,e4981e4b-89a7-4998-bb0c-fa7801ffc85d,R5,Marathon@display=saliency_crop_720p
R3,R3,d163bcec-e729-4759-a2ee-133bb2590bee,R4,Coastguard@display=saliency_crop_720p
R4,R4,e423a2c2-501c-4555-add5-03c9f967d3c6,R3,Coastguard@display=saliency_crop_720p
R4,R3,0ddf447f-af8a-46a9-959b-ad5962feb3ec,R4,Coastguard@display=saliency_crop_720p
R4,R3,a51f3ee9-6df6-43a7-bc9f-4e403bc4b91d,R4,Coastguard@display=saliency_crop_720p
R4,R4,6222769f-cb14-4155-b28b-2b98cacae37c,R3,Coastguard@display=saliency_crop_720p
R3,R3,bd7f5bfc-51a6-47a7-946e-773f7cd82298,R4,Coastguard@display=saliency_crop_720p
R4,R4,2aa4fa46-6ed3-44d1-94b4-aa7c1be876a5,R3,Coastguard@display=saliency_crop_720p
R4,R4,0b711778-9ee1-4fdc-9641-56f076a06caf,R3,Coastguard@display=saliency_crop_720p
,R3,c37f9b67-3c3d-4496-9871-91e52c9b56ee,R4,Coastguard@display=saliency_crop_720p
,R3,4ea401ab-55bd-4ef4-80de-8c52b604f2cb,R4,Coastguard@display=saliency_crop_720p
R4,R1,c1d4bea4-9eca-4c4e-ae70-90d6f994b905,R4,Coastguard@display=saliency_crop_720p
R4,R4,dc5a4b0e-f1a0-4f21-8203-0ec7ecfdb06e,R1,Coastguard@display=saliency_crop_720p
R4,R1,a7c77be2-85d9-45d4-89d2-6e6664d42c09,R4,Coastguard@display=saliency_crop_720p
R4,R4,309b27a3-e273-4199-addd-efb56885600e,R1,Coastguard@display=saliency_crop_720p
R4,R1,309b27a3-e273-4199-addd-efb56885600e,R4,Coastguard@display=saliency_crop_720p
R4,R1,d163bcec-e729-4759-a2ee-133bb2590bee,R4,Coastguard@display=saliency_crop_720p
R1,R1,3ef566a6-cf1d-4184-94d0-3a2d9ff2cf38,R4,Coastguard@display=saliency_crop_720p
,R4,2a84694e-dc72-4256-9473-dbba201e4b59,R1,Coastguard@display=saliency_crop_720p
,R1,5ff9001e-676f-4805-ae82-e6ca16346167,R4,Coastguard@display=saliency_crop_720p
R1,R4,1b6a749b-e218-4b4c-98bd-6e9b962b3fec,R1,Coastguard@display=saliency_crop_720p
R5,R1,d163bcec-e729-4759-a2ee-133bb2590bee,R5,Fountains@display=saliency_crop_720p
R5,R1,a7b51467-dadd-4f79-ad3c-befe5941c14e,R5,Fountains@display=saliency_crop_720p
R5,R5,79142280-e321-4c94-a688-89f8d0f2143d,R1,Fountains@display=saliency_crop_720p
R5,R5,301e5596-ccd9-4341-b590-605122658e80,R1,Fountains@display=saliency_crop_720p
R5,R1,c7966b62-3a1f-406c-b7e2-2e215da0d94a,R5,Fountains@display=saliency_crop_720p
R5,R5,6222769f-cb14-4155-b28b-2b98cacae37c,R1,Fountains@display=saliency_crop_720p
R5,R1,2aa4fa46-6ed3-44d1-94b4-aa7c1be876a5,R5,Fountains@display=saliency_crop_720p
R5,R1,565b6435-19ae-4544-915a-0ac71b987e39,R5,Fountains@display=saliency_crop_720p
R5,R1,519b827f-a3f3-4046-b7dc-53d0bc3590e9,R5,Fountains@display=saliency_crop_720p
R5,R5,9de6ddbf-ea31-49d6-aa57-4d09d18770b6,R1,Fountains@display=saliency_crop_720p
R6,R3,d163bcec-e729-4759-a2ee-133bb2590bee,R6,Marathon@display=saliency_crop_720p
R6,R6,4e359f28-12f0-4066-b8cc-925ca92c739a,R3,Marathon@display=saliency_crop_720p
R6,R3,3c3b56ed-3741-4d48-bc40-f84ba10af9e5,R6,Marathon@display=saliency_crop_720p
R6,R3,db138b4b-48ef-4ebf-91bb-fc4dab998618,R6,Marathon@display=saliency_crop_720p
,R3,d01ee4de-eeab-4fbd-8524-356106dc4056,R6,Marathon@display=saliency_crop_720p
R6,R6,3c08870b-72d3-4453-8f00-c742a295abe5,R3,Marathon@display=saliency_crop_720p
R6,R6,a88c1e63-cc97-4ea2-bf46-496ac4a1d26b,R3,Marathon@display=saliency_crop_720p
R3,R3,0b711778-9ee1-4fdc-9641-56f076a06caf,R6,Marathon@display=saliency_crop_720p
R6,R6,286e906d-748d-4dbe-937d-5737964765c4,R3,Marathon@display=saliency_crop_720p
R6,R3,050adc5c-523f-4141-ac89-2f5ae0ab9c5d,R6,Marathon@display=saliency_crop_720p
R5,R6,d163bcec-e729-4759-a2ee-133bb2590bee,R5,Mobile@display=saliency_crop_720p
R5,R6,a15bf945-b620-4e3f-b0c7-4b3591dbc1d9,R5,Mobile@display=saliency_crop_720p
R6,R6,b3162290-869f-4769-b470-8d2ec15f49c8,R5,Mobile@display=saliency_crop_720p
R5,R5,cdfad871-f242-47ec-91ee-bc14b6f2c59a,R6,Mobile@display=saliency_crop_720p
,R6,c1ab6b5a-8150-4b61-aa8f-21f9aa057180,R5,Mobile@display=saliency_crop_720p
R6,R5,cb1a0aca-97dd-44c9-acb0-9292ae562bda,R6,Mobile@display=saliency_crop_720p
,R6,d5860c43-3d0a-4bfd-ba95-e4f22ebe233f,R5,Mobile@display=saliency_crop_720p
R5,R5,63e15e4a-afd7-496b-a690-c9a0fc039877,R6,Mobile@display=saliency_crop_720p
,R6,6490ce57-97e1-4aaf-b182-a333d12fabce,R5,Mobile@display=saliency_crop_720p
R6,R6,ad2dbf7a-7ce9-493d-9c43-4e368f58da47,R5,Mobile@display=saliency_crop_720p
R4,R1,d163bcec-e729-4759-a2ee-133bb2590bee,R4,Coastguard@display=saliency_crop_720p
R4,R4,0f88c0c9-72ba-4659-95dc-9720cd2bf6be,R1,Coastguard@display=saliency_crop_720p
R4,R1,e0f20671-beda-4d0a-b37a-4495f6c53510,R4,Coastguard@display=saliency_crop_720p
R4,R4,1dfc726c-679c-4fc4-9c97-a79260ee0693,R1,Coastguard@display=saliency_crop_720p
R4,R1,2ef4e142-420e-4882-8763-7b239fce2254,R4,Coastguard@display=saliency_crop_720p
R4,R4,2bff4ead-ee8c-48d2-a69b-3dd279e3fd60,R1,Coastguard@display=saliency_crop_720p
R4,R1,2316ec74-84cd-4dc3-bb00-4296d577f866,R4,Coastguard@display=saliency_crop_720p
R4,R1,a164626b-c8af-4c0b-a5e9-b7a1ebdafffe,R4,Coastguard@display=saliency_crop_720p
R4,R1,976350d6-8359-4ecb-8b4d-5f856f09f6e1,R4,Coastguard@display=saliency_crop_720p
R4,R1,a8d6b3f3-ec6e-4e18-9f5f-b6807fa96bf5,R4,Coastguard@display=saliency_crop_720p
R2,R2,d163bcec-e729-4759-a2ee-133bb2590bee,R1,Mobile@display=saliency_crop_720p
R2,R1,b28d7478-6983-46f5-9f46-66beca775a60,R2,Mobile@display=saliency_crop_720p
R2,R2,edacfcf4-81fb-48d0-8e71-034582b726b6,R1,Mobile@display=saliency_crop_720p
R1,R2,d90616ad-9eb8-42d7-8453-625141773072,R1,Mobile@display=saliency_crop_720p
R1,R2,2190aa77-e0fe-4724-99da-095e5420ba5d,R1,Mobile@display=saliency_crop_720p
,R1,2bff4ead-ee8c-48d2-a69b-3dd279e3fd60,R2,Mobile@display=saliency_crop_720p
R2,R2,0b711778-9ee1-4fdc-9641-56f076a06caf,R1,Mobile@display=saliency_crop_720p
R2,R2,e68ba270-158b-4ef3-828e-d229b5c4f93e,R1,Mobile@display=saliency_crop_720p
R2,R2,286e906d-748d-4dbe-937d-5737964765c4,R1,Mobile@display=saliency_crop_720p
R1,R1,050adc5c-523f-4141-ac89-2f5ae0ab9c5d,R2,Mobile@display=saliency_crop_720p
R4,R1,d163bcec-e729-4759-a2ee-133bb2590bee,R4,Runners@display=saliency_crop_720p
R4,R4,df46e5b6-1361-4a3f-a3d6-662d3f77e370,R1,Runners@display=saliency_crop_720p
R4,R4,a15bf945-b620-4e3f-b0c7-4b3591dbc1d9,R1,Runners@display=saliency_crop_720p
R4,R1,6bcbf25a-c4a1-46c6-8ebf-c5345a553a15,R4,Runners@display=saliency_crop_720p
R4,R4,89ae69f0-ecd6-4afa-b505-5d7649a99cf7,R1,Runners@display=saliency_crop_720p
R4,R1,2ecb19f3-dbd9-49ec-8a1d-87027edfc214,R4,Runners@display=saliency_crop_720p
R4,R4,2b276ada-898a-4e8e-8a8c-fb4ec9b447ba,R1,Runners@display=saliency_crop_720p
R4,R1,e8f411fc-2246-470e-88cc-9044aa75cdfe,R4,Runners@display=saliency_crop_720p
R4,R1,217eeae7-100e-4039-bc33-801352e04e47,R4,Runners@display=saliency_crop_720p
R4,R1,6003c531-2418-4463-977d-5ea5f43c6fe6,R4,Runners@display=saliency_crop_720p
R5,R5,fa78d961-10d7-4926-b408-50dcf817d4db,R2,Mobile@display=saliency_crop_720p
R2,R5,d90616ad-9eb8-42d7-8453-625141773072,R2,Mobile@display=saliency_crop_720p
R5,R2,6490ce57-97e1-4aaf-b182-a333d12fabce,R5,Mobile@display=saliency_crop_720p
R5,R5,8c8ca989-c073-4802-ad1c-d94d279b28ba,R2,Mobile@display=saliency_crop_720p
R5,R5,8067395d-93a0-4d10-82a1-f9bfef5922d0,R2,Mobile@display=saliency_crop_720p
R5,R5,a88c1e63-cc97-4ea2-bf46-496ac4a1d26b,R2,Mobile@display=saliency_crop_720p
R5,R5,0cab1385-708a-4cd7-a1af-98bb9c47c647,R2,Mobile@display=saliency_crop_720p
R5,R2,c91044c9-01f7-4e0e-ac46-9d55ad58d440,R5,Mobile@display=saliency_crop_720p
R5,R2,3c3b56ed-3741-4d48-bc40-f84ba10af9e5,R5,Mobile@display=saliency_crop_720p
R5,R5,ee821f20-7194-4ffa-bdbc-e072c04c5b3f,R2,Mobile@display=saliency_crop_720p
R6,R2,02a36236-600c-4d2d-bac6-911989aa18ab,R6,Coastguard@display=saliency_crop_720p
R6,R2,9de6ddbf-ea31-49d6-aa57-4d09d18770b6,R6,Coastguard@display=saliency_crop_720p
R6,R2,309b27a3-e273-4199-addd-efb56885600e,R6,Coastguard@display=saliency_crop_720p
R6,R2,e61b2bb2-c827-4629-9d34-92c14aaa9c67,R6,Coastguard@display=saliency_crop_720p
R6,R2,827cca51-8a75-4ea5-ae3b-a7f7cda0bb49,R6,Coastguard@display=saliency_crop_720p
R6,R6,b729a72c-bf5a-4f29-8017-2ccf349890a4,R2,Coastguard@display=saliency_crop_720p
R6,R2,52a47bbc-e062-4cba-9e8d-3fe5e313ac97,R6,Coastguard@display=saliency_crop_720p
R6,R6,309b27a3-e273-4199-addd-efb56885600e,R2,Coastguard@display=saliency_crop_720p
R6,R2,309b27a3-e273-4199-addd-efb56885600e,R6,Coastguard@display=saliency_crop_720p
R6,R6,309b27a3-e273-4199-addd-efb56885600e,R2,Coastguard@display=saliency_crop_720p
R4,R4,8067395d-93a0-4d10-82a1-f9bfef5922d0,R6,Marathon@display=saliency_crop_720p
,R4,bef59a2b-ddd1-426f-b51a-44f8c046b19f,R6,Marathon@display=saliency_crop_720p
,R6,ee51349e-87c9-40e7-bfff-6ac0d3a94834,R4,Marathon@display=saliency_crop_720p
,R4,c4e0202a-d6df-4a89-84b7-abe2320317d4,R6,Marathon@display=saliency_crop_720p
R4,R6,3c08870b-72d3-4453-8f00-c742a295abe5,R4,Marathon@display=saliency_crop_720p
R6,R6,a2cd0a74-ae10-4063-9478-85575963a0b0,R4,Marathon@display=saliency_crop_720p
R6,R6,e42819ec-8638-46ef-8a60-347850133bc4,R4,Marathon@display=saliency_crop_720p
R4,R4,7527db76-0b02-4712-be81-bdf99a306513,R6,Marathon@display=saliency_crop_720p
R4,R6,6490ce57-97e1-4aaf-b182-a333d12fabce,R4,Marathon@display=saliency_crop_720p
,R6,050adc5c-523f-4141-ac89-2f5ae0ab9c5d,R4,Marathon@display=saliency_crop_720p
R5,R5,8067395d-93a0-4d10-82a1-f9bfef5922d0,R4,Marathon@display=saliency_crop_720p
R4,R4,b4dbd212-bfb6-4c88-9be5-85863b03eb1c,R5,Marathon@display=saliency_crop_720p
R4,R5,b3162290-869f-4769-b470-8d2ec15f49c8,R4,Marathon@display=saliency_crop_720p
R5,R5,6bcbf25a-c4a1-46c6-8ebf-c5345a553a15,R4,Marathon@display=saliency_crop_720p
R4,R5,b1425010-e886-40da-8bb4-f5af11c1261d,R4,Marathon@display=saliency_crop_720p
R4,R4,95710843-53a6-4ce1-8187-bcabc14214bd,R5,Marathon@display=saliency_crop_720p
R4,R4,0b1fc41b-322f-4aef-b351-3486e5787f69,R5,Marathon@display=saliency_crop_720p
,R5,b25461e3-8554-4529-b350-f06f64c8f1d8,R4,Marathon@display=saliency_crop_720p
R4,R4,86779d1b-a1d0-490c-9ea9-768676c45504,R5,Marathon@display=saliency_crop_720p
R4,R4,a8d6b3f3-ec6e-4e18-9f5f-b6807fa96bf5,R5,Marathon@display=saliency_crop_720p
R6,R6,8067395d-93a0-4d10-82a1-f9bfef5922d0,R4,Coastguard@display=saliency_crop_720p
,R6,b4dbd212-bfb6-4c88-9be5-85863b03eb1c,R4,Coastguard@display=saliency_crop_720p
R4,R4,255b3f30-8e77-4ed4-aae6-af54b9cecfde,R6,Coastguard@display=saliency_crop_720p
,R4,aec04abb-36e1-4b19-a4e4-b86a7fc0e60b,R6,Coastguard@display=saliency_crop_720p
R6,R4,6cc94353-36d5-4bb3-9874-109adc6e4a2b,R6,Coastguard@display=saliency_crop_720p
R6,R6,a96e1cbb-d957-490b-82a6-ceece82f5c0a,R4,Coastguard@display=saliency_crop_720p
R6,R4,95710843-53a6-4ce1-8187-bcabc14214bd,R6,Coastguard@display=saliency_crop_720p
,R6,fbbb8d95-d1e4-416b-a540-a60d3ba1c05b,R4,Coastguard@display=saliency_crop_720p
,R4,2754ece0-2691-4586-94bd-8548288a77ce,R6,Coastguard@display=saliency_crop_720p
R6,R4,8188593a-accb-49a1-86d7-c617b9f1fa35,R6,Coastguard@display=saliency_crop_720p
R5,R5,8067395d-93a0-4d10-82a1-f9bfef5922d0,R1,Fountains@display=saliency_crop_720p
R5,R5,1fae4163-0cc0-4fdc-a4e1-1a15e0763e65,R1,Fountains@display=saliency_crop_720p
R5,R5,3c3b56ed-3741-4d48-bc40-f84ba10af9e5,R1,Fountains@display=saliency_crop_720p
R5,R1,0ddf447f-af8a-46a9-959b-ad5962feb3ec,R5,Fountains@display=saliency_crop_720p
R5,R1,4428e8f1-427f-45b3-a6c9-7978ec3021a9,R5,Fountains@display=saliency_crop_720p
R5,R1,15c34aa6-446e-4c4d-a566-a10828466312,R5,Fountains@display=saliency_crop_720p
R5,R1,1870bf23-1292-48d3-8fb9-9d5e3a56898c,R5,Fountains@display=saliency_crop_720p
R5,R5,3fa656ef-3088-43f3-88f1-bd3153908047,R1,Fountains@display=saliency_crop_720p
R5,R5,e0c576ae-60ae-4a6c-9bbb-3bf76376eb49,R1,Fountains@display=saliency_crop_720p
R5,R5,cc917a10-e52d-45ce-82f7-38e642faed9d,R1,Fountains@display=saliency_crop_720p
R6,R6,8067395d-93a0-4d10-82a1-f9bfef5922d0,R4,Marathon@display=saliency_crop_720p
R6,R4,0f88c0c9-72ba-4659-95dc-9720cd2bf6be,R6,Marathon@display=saliency_crop_720p
,R4,b729a72c-bf5a-4f29-8017-2ccf349890a4,R6,Marathon@display=saliency_crop_720p
R6,R6,6a55c41e-28f5-40e5-9774-f234f5a2f27c,R4,Marathon@display=saliency_crop_720p
R4,R4,ba0d9051-cdd8-4fbd-a78d-61de5fd89cb7,R6,Marathon@display=saliency_crop_720p
R6,R4,2ef4e142-420e-4882-8763-7b239fce2254,R6,Marathon@display=saliency_crop_720p
R6,R4,e1dca6b5-2ba7-4cec-b1d8-39c1d4293aa3,R6,Marathon@display=saliency_crop_720p
R6,R6,88a6a4db-205d-49ba-af66-9bf4bd061f36,R4,Marathon@display=saliency_crop_720p
R6,R6,a59d9c3c-5f98-4c36-9fdd-923ec879fa4a,R4,Marathon@display=saliency_crop_720p
,R6,1df3e3f9-0906-4863-84c9-5aaae5983afd,R4,Marathon@display=saliency_crop_720p
R6,R1,04182fda-adbd-47eb-ba2d-48e9060f8da1,R6,Runners@display=saliency_crop_720p
R6,R6,8c8ca989-c073-4802-ad1c-d94d279b28ba,R1,Runners@display=saliency_crop_720p
R6,R6,54ac11ca-520a-490a-9b24-e07dfc89fe74,R1,Runners@display=saliency_crop_720p
R6,R1,d09af4b6-629c-4769-8541-2780ea897297,R6,Runners@display=saliency_crop_720p
R6,R6,8d903096-da8b-4bbf-a3b3-cb3aafc91e60,R1,Runners@display=saliency_crop_720p
R6,R1,6a67fb94-1db7-4bf5-9bc2-35b8b4f2864f,R6,Runners@display=saliency_crop_720p
R6,R1,78d0d426-32d3-48d6-b4bd-af91799c7d19,R6,Runners@display=saliency_crop_720p
R6,R1,672abb9a-33b8-4db0-b227-b8e20ccefd06,R6,Runners@display=saliency_crop_720p
R6,R6,ad2dbf7a-7ce9-493d-9c43-4e368f58da47,R1,Runners@display=saliency_crop_720p
R6,R1,286e906d-748d-4dbe-937d-5737964765c4,R6,Runners@display=saliency_crop_720p
R5,R5,04182fda-adbd-47eb-ba2d-48e9060f8da1,R4,Mobile@display=saliency_crop_720p
,R4,1d894725-fa26-47a4-b780-02a60aeb70d9,R5,Mobile@display=saliency_crop_720p
R5,R5,aec04abb-36e1-4b19-a4e4-b86a7fc0e60b,R4,Mobile@display=saliency_crop_720p
R4,R5,d09af4b6-629c-4769-8541-2780ea897297,R4,Mobile@display=saliency_crop_720p
R5,R4,89ae69f0-ecd6-4afa-b505-5d7649a99cf7,R5,Mobile@display=saliency_crop_720p
R5,R5,7e026835-513f-4612-847f-404c005fe10a,R4,Mobile@display=saliency_crop_720p
R5,R5,24877cc4-7da9-4c23-922c-bd003dcee0a5,R4,Mobile@display=saliency_crop_720p
,R5,da7b3dc2-1c27-42c2-922c-e52ee70d3b7a,R4,Mobile@display=saliency_crop_720p
,R4,9eca7084-d2b7-4f1a-9c4c-a29c723b5ca7,R5,Mobile@display=saliency_crop_720p
R4,R4,ddac386f-edf8-4cc6-9dcb-5f766b67ba89,R5,Mobile@display=saliency_crop_720p
R6,R2,04182fda-adbd-47eb-ba2d-48e9060f8da1,R6,Runners@display=saliency_crop_720p
R6,R6,89af9b70-47f8-4bfe-86da-a21eaffabf9c,R2,Runners@display=saliency_crop_720p
R6,R6,6c4bf991-9e48-493b-8a57-fa8eda5143f7,R2,Runners@display=saliency_crop_720p
R6,R2,30e9f8b1-cb8d-46dd-b83a-27f7f7bc3ccd,R6,Runners@display=saliency_crop_720p
R6,R2,4ebbe1dc-912a-4e52-88f6-ac59dd632f59,R6,Runners@display=saliency_crop_720p
R6,R2,a7c77be2-85d9-45d4-89d2-6e6664d42c09,R6,Runners@display=saliency_crop_720p
R6,R6,e9e98d7d-e876-4733-8263-947b5e8a8043,R2,Runners@display=saliency_crop_720p
R6,R6,0cab1385-708a-4cd7-a1af-98bb9c47c647,R2,Runners@display=saliency_crop_720p
R6,R6,24f1a5c5-54bc-4098-a9c4-ca4605a0c79f,R2,Runners@display=saliency_crop_720p
R6,R2,74dab9ad-dabe-4484-85f1-1dac4bd738f7,R6,Runners@display=saliency_crop_720p
R4,R2,04182fda-adbd-47eb-ba2d-48e9060f8da1,R4,Fountains@display=saliency_crop_720p
R4,R4,1d894725-fa26-47a4-b780-02a60aeb70d9,R2,Fountains@display=saliency_crop_720p
R4,R4,977f5ed7-4a68-4e18-9cea-3b89f5958e68,R2,Fountains@display=saliency_crop_720p
R4,R4,aec04abb-36e1-4b19-a4e4-b86a7fc0e60b,R2,Fountains@display=saliency_crop_720p
R4,R2,db138b4b-48ef-4ebf-91bb-fc4dab998618,R4,Fountains@display=saliency_crop_720p
R4,R2,b66699af-52ef-45e2-9b3b-a934314a7f27,R4,Fountains@display=saliency_crop_720p
R4,R2,4cf850d4-61c0-4b33-a61d-8019373987dc,R4,Fountains@display=saliency_crop_720p
R4,R4,b06ea5c9-b548-4926-b4db-76f085a56d9c,R2,Fountains@display=saliency_crop_720p
R4,R4,fa78d961-10d7-4926-b408-50dcf817d4db,R2,Fountains@display=saliency_crop_720p
R4,R2,9eca7084-d2b7-4f1a-9c4c-a29c723b5ca7,R4,Fountains@display=saliency_crop_720p
R3,R1,b1425010-e886-40da-8bb4-f5af11c1261d,R3,Marathon@display=saliency_crop_720p
R3,R3,04182fda-adbd-47eb-ba2d-48e9060f8da1,R1,Marathon@display=saliency_crop_720p
R3,R3,d537e91d-3672-4039-9598-31666298902b,R1,Marathon@display=saliency_crop_720p
R3,R3,bc7eaf33-d14a-412d-b86b-bca8c1779ea6,R1,Marathon@display=saliency_crop_720p
R3,R1,a15bf945-b620-4e3f-b0c7-4b3591dbc1d9,R3,Marathon@display=saliency_crop_720p
R3,R1,d537e91d-3672-4039-9598-31666298902b,R3,Marathon@display=saliency_crop_720p
R3,R3,4ea401ab-55bd-4ef4-80de-8c52b604f2cb,R1,Marathon@display=saliency_crop_720p
R3,R3,4cf850d4-61c0-4b33-a61d-8019373987dc,R1,Marathon@display=saliency_crop_720p
R3,R1,ee51349e-87c9-40e7-bfff-6ac0d3a94834,R3,Marathon@display=saliency_crop_720p
R3,R1,9fcac6e5-4916-4f9a-a50c-72cc52db8389,R3,Marathon@display=saliency_crop_720p
R6,R2,04182fda-adbd-47eb-ba2d-48e9060f8da1,R6,Marathon@display=saliency_crop_720p
,R6,a878cfc3-6f7b-4130-b064-54bf4dc4f24e,R2,Marathon@display=saliency_crop_720p
R6,R2,c1233c78-9911-4cf3-96ce-705837796c43,R6,Marathon@display=saliency_crop_720p
R6,R6,b947a04a-0471-41a3-9d0d-a539a3306a26,R2,Marathon@display=saliency_crop_720p
R6,R6,616bd94d-0f79-44d6-b065-1dc3a733815b,R2,Marathon@display=saliency_crop_720p
R6,R6,88a6a4db-205d-49ba-af66-9bf4bd061f36,R2,Marathon@display=saliency_crop_720p
R6,R6,3f4cbe98-8b64-4a14-aa37-b7dd2a53b670,R2,Marathon@display=saliency_crop_720p
R6,R2,dc28f189-59e3-4c5e-9323-03ef7f5e2d97,R6,Marathon@display=saliency_crop_720p
R6,R2,cc917a10-e52d-45ce-82f7-38e642faed9d,R6,Marathon@display=saliency_crop_720p
R6,R6,7089da54-462d-41f6-9846-808c4563d2f7,R2,Marathon@display=saliency_crop_720p
R5,R5,04182fda-adbd-47eb-ba2d-48e9060f8da1,R6,Fountains@display=saliency_crop_720p
R6,R5,3c85e6af-6d69-40c3-a902-e565a7703815,R6,Fountains@display=saliency_crop_720p
R6,R5,2016b457-b3ea-4362-8268-5d9ccb7069a7,R6,Fountains@display=saliency_crop_720p
R6,R6,0b7a0119-059f-4e1d-ad31-b02c334f46b1,R5,Fountains@display=saliency_crop_720p
R6,R5,fef3ddd3-cb8d-4874-a0a3-029156d7349c,R6,Fountains@display=saliency_crop_720p
R6,R6,e1dca6b5-2ba7-4cec-b1d8-39c1d4293aa3,R5,Fountains@display=saliency_crop_720p
R5,R5,bd7f5bfc-51a6-47a7-946e-773f7cd82298,R6,Fountains@display=saliency_crop_720p
R6,R6,f166fa4c-3957-47de-a343-b8e0139d8118,R5,Fountains@display=saliency_crop_720p
R6,R6,9eca7084-d2b7-4f1a-9c4c-a29c723b5ca7,R5,Fountains@display=saliency_crop_720p
R6,R5,976350d6-8359-4ecb-8b4d-5f856f09f6e1,R6,Fountains@display=saliency_crop_720p
R4,R4,b166b1a4-303d-410b-8dcf-1fd9368a2025,R6,Mobile@display=saliency_crop_720p
R6,R6,b4dbd212-bfb6-4c88-9be5-85863b03eb1c,R4,Mobile@display=saliency_crop_720p
R6,R6,3c3b56ed-3741-4d48-bc40-f84ba10af9e5,R4,Mobile@display=saliency_crop_720p
R4,R4,87ab35d8-4c37-47d1-9b22-1829dc5dc3c4,R6,Mobile@display=saliency_crop_720p
R4,R4,ba0d9051-cdd8-4fbd-a78d-61de5fd89cb7,R6,Mobile@display=saliency_crop_720p
R6,R6,4cf850d4-61c0-4b33-a61d-8019373987dc,R4,Mobile@display=saliency_crop_720p
,R4,a2cd0a74-ae10-4063-9478-85575963a0b0,R6,Mobile@display=saliency_crop_720p
R6,R6,738a8833-ff22-4cc4-9d40-dcacfa02ee12,R4,Mobile@display=saliency_crop_720p
,R4,1df3e3f9-0906-4863-84c9-5aaae5983afd,R6,Mobile@display=saliency_crop_720p
,R6,e4981e4b-89a7-4998-bb0c-fa7801ffc85d,R4,Mobile@display=saliency_crop_720p
,R4,32949c69-f2a6-477b-9c51-f43244d26fc2,R2,Coastguard@display=saliency_crop_720p
R2,R4,24877cc4-7da9-4c23-922c-bd003dcee0a5,R2,Coastguard@display=saliency_crop_720p
R2,R4,1b6a749b-e218-4b4c-98bd-6e9b962b3fec,R2,Coastguard@display=saliency_crop_720p
R4,R2,8d0c0dbf-408c-471e-8c42-ae75675fdf0f,R4,Coastguard@display=saliency_crop_720p
R4,R2,ee51349e-87c9-40e7-bfff-6ac0d3a94834,R4,Coastguard@display=saliency_crop_720p
R4,R4,b166b1a4-303d-410b-8dcf-1fd9368a2025,R2,Coastguard@display=saliency_crop_720p
R4,R2,b5c8a9c7-e79a-48e8-8112-27fad4f3990d,R4,Coastguard@display=saliency_crop_720p
,R2,8898a861-3dec-47ae-9e2e-8cd1ed844d2c,R4,Coastguard@display=saliency_crop_720p
,R4,5ff9001e-676f-4805-ae82-e6ca16346167,R2,Coastguard@display=saliency_crop_720p
R4,R2,eda68cb8-1e4e-4421-9ce1-2caf6b8df80e,R4,Coastguard@display=saliency_crop_720p
R4,R1,b166b1a4-303d-410b-8dcf-1fd9368a2025,R4,Marathon@display=saliency_crop_720p
R4,R4,b28d7478-6983-46f5-9f46-66beca775a60,R1,Marathon@display=saliency_crop_720p
R4,R4,d537e91d-3672-4039-9598-31666298902b,R1,Marathon@display=saliency_crop_720p
R4,R4,8063bb45-2535-474d-b2f5-55f445e7972b,R1,Marathon@display=saliency_crop_720p
R4,R1,f97debc6-c942-4a3b-8401-944fcc699990,R4,Marathon@display=saliency_crop_720p
R4,R1,8898a861-3dec-47ae-9e2e-8cd1ed844d2c,R4,Marathon@display=saliency_crop_720p
R4,R4,9aafde03-1aea-4020-bb6e-8a2de416ade6,R1,Marathon@display=saliency_crop_720p
R4,R4,4c00a892-6d3c-4543-a3a6-ecd51578a665,R1,Marathon@display=saliency_crop_720p
R4,R4,68197079-d21f-4bad-946b-d713786b8d63,R1,Marathon@display=saliency_crop_720p
R4,R4,f3df28f2-b3a2-4101-8215-106abe4b7509,R1,Marathon@display=saliency_crop_720p
R4,R5,b166b1a4-303d-410b-8dcf-1fd9368a2025,R4,Runners@display=saliency_crop_720p
R4,R4,3c85e6af-6d69-40c3-a902-e565a7703815,R5,Runners@display=saliency_crop_720p
R4,R4,301e5596-ccd9-4341-b590-605122658e80,R5,Runners@display=saliency_crop_720p
R4,R5,fef3ddd3-cb8d-4874-a0a3-029156d7349c,R4,Runners@display=saliency_crop_720p
R5,R5,b947a04a-0471-41a3-9d0d-a539a3306a26,R4,Runners@display=saliency_crop_720p
,R5,ff6a0bae-170c-49e1-8f2f-b77d4ec2558b,R4,Runners@display=saliency_crop_720p
R5,R5,13e9ddfd-2240-45d1-abba-341ee311ead2,R4,Runners@display=saliency_crop_720p
R4,R4,4c00a892-6d3c-4543-a3a6-ecd51578a665,R5,Runners@display=saliency_crop_720p
R5,R4,565b6435-19ae-4544-915a-0ac71b987e39,R5,Runners@display=saliency_crop_720p
R4,R5,f3df28f2-b3a2-4101-8215-106abe4b7509,R4,Runners@display=saliency_crop_720p
R6,R1,b166b1a4-303d-410b-8dcf-1fd9368a2025,R6,Mobile@display=saliency_crop_720p
R6,R1,18a795a2-dcc4-4415-b6a7-fc00d1e99141,R6,Mobile@display=saliency_crop_720p
R6,R6,e3c97b5a-bd35-45f7-af6f-5071d786ce6d,R1,Mobile@display=saliency_crop_720p
R6,R6,6bcbf25a-c4a1-46c6-8ebf-c5345a553a15,R1,Mobile@display=saliency_crop_720p
R6,R6,f97debc6-c942-4a3b-8401-944fcc699990,R1,Mobile@display=saliency_crop_720p
R6,R1,4ebbe1dc-912a-4e52-88f6-ac59dd632f59,R6,Mobile@display=saliency_crop_720p
R6,R1,404031d7-47ed-41d5-af7f-5e07071b9ed8,R6,Mobile@display=saliency_crop_720p
R6,R1,a59d9c3c-5f98-4c36-9fdd-923ec879fa4a,R6,Mobile@display=saliency_crop_720p
R6,R6,fbbb8d95-d1e4-416b-a540-a60d3ba1c05b,R1,Mobile@display=saliency_crop_720p
R6,R1,f786a5a6-ad19-416f-a3d6-b79e7937e385,R6,Mobile@display=saliency_crop_720p
R5,R3,b166b1a4-303d-410b-8dcf-1fd9368a2025,R5,Wood@display=saliency_crop_720p
,R3,184df185-1d74-4468-9ed0-0c8702c46ca8,R5,Wood@display=saliency_crop_720p
,R3,bef59a2b-ddd1-426f-b51a-44f8c046b19f,R5,Wood@display=saliency_crop_720p
R5,R5,1dfc726c-679c-4fc4-9c97-a79260ee0693,R3,Wood@display=saliency_crop_720p
R5,R5,827cca51-8a75-4ea5-ae3b-a7f7cda0bb49,R3,Wood@display=saliency_crop_720p
R3,R5,95710843-53a6-4ce1-8187-bcabc14214bd,R3,Wood@display=saliency_crop_720p
,R5,59ce8f4c-5087-40a5-9d45-9e0396ccfe36,R3,Wood@display=saliency_crop_720p
R5,R3,e8f411fc-2246-470e-88cc-9044aa75cdfe,R5,Wood@display=saliency_crop_720p
R5,R3,baf74719-ec87-4df6-b995-745a0b159942,R5,Wood@display=saliency_crop_720p
,R5,c37f9b67-3c3d-4496-9871-91e52c9b56ee,R3,Wood@display=saliency_crop_720p
R4,R1,1d894725-fa26-47a4-b780-02a60aeb70d9,R4,Wood@display=saliency_crop_720p
R4,R1,5da16ddd-4449-494c-8353-cca728fda8ce,R4,Wood@display=saliency_crop_720p
R4,R1,aec04abb-36e1-4b19-a4e4-b86a7fc0e60b,R4,Wood@display=saliency_crop_720p
,R4,a51f3ee9-6df6-43a7-bc9f-4e403bc4b91d,R1,Wood@display=saliency_crop_720p
R4,R4,46a9eff0-38e5-4216-9855-253317f501bd,R1,Wood@display=saliency_crop_720p
R4,R4,3b8ef142-e12e-4e1e-a55a-518a5d6a3a30,R1,Wood@display=saliency_crop_720p
R4,R1,dc28f189-59e3-4c5e-9323-03ef7f5e2d97,R4,Wood@display=saliency_crop_720p
R4,R1,642d5f92-2723-4f97-b2c7-a2b2b232ece5,R4,Wood@display=saliency_crop_720p
,R4,9eca7084-d2b7-4f1a-9c4c-a29c723b5ca7,R1,Wood@display=saliency_crop_720p
R4,R1,b859b11b-3f2f-4a7b-8a38-06f221b9e766,R4,Wood@display=saliency_crop_720p
R3,R3,1d894725-fa26-47a4-b780-02a60aeb70d9,R1,Fountains@display=saliency_crop_720p
R3,R3,a7b51467-dadd-4f79-ad3c-befe5941c14e,R1,Fountains@display=saliency_crop_720p
R3,R3,6c4bf991-9e48-493b-8a57-fa8eda5143f7,R1,Fountains@display=saliency_crop_720p
R3,R3,8d903096-da8b-4bbf-a3b3-cb3aafc91e60,R1,Fountains@display=saliency_crop_720p
R3,R1,89d548e9-3b95-4982-a9d6-c108023058b8,R3,Fountains@display=saliency_crop_720p
R3,R3,78d0d426-32d3-48d6-b4bd-af91799c7d19,R1,Fountains@display=saliency_crop_720p
R3,R3,6f14afce-e86b-4111-9ccf-3b1ea7d2db16,R1,Fountains@display=saliency_crop_720p
R3,R1,63e15e4a-afd7-496b-a690-c9a0fc039877,R3,Fountains@display=saliency_crop_720p
R3,R3,8188593a-accb-49a1-86d7-c617b9f1fa35,R1,Fountains@display=saliency_crop_720p
R3,R3,a8d6b3f3-ec6e-4e18-9f5f-b6807fa96bf5,R1,Fountains@display=saliency_crop_720p
R4,R4,1d894725-fa26-47a4-b780-02a60aeb70d9,R2,Runners@display=saliency_crop_720p
R4,R2,b28d7478-6983-46f5-9f46-66beca775a60,R4,Runners@display=saliency_crop_720p
R4,R4,3a54e371-0526-47e9-9190-3a1e1d7e98e5,R2,Runners@display=saliency_crop_720p
R4,R4,22babd26-be86-429a-86c1-5fb14c84cbaf,R2,Runners@display=saliency_crop_720p
R4,R2,bb56917a-dee1-475e-973e-7c047c66be9a,R4,Runners@display=saliency_crop_720p
,R2,4ebbe1dc-912a-4e52-88f6-ac59dd632f59,R4,Runners@display=saliency_crop_720p
R4,R4,bd7f5bfc-51a6-47a7-946e-773f7cd82298,R2,Runners@display=saliency_crop_720p
R4,R4,fe694a50-b355-4c22-93f7-f10ed297818c,R2,Runners@display=saliency_crop_720p
R4,R2,6003c531-2418-4463-977d-5ea5f43c6fe6,R4,Runners@display=saliency_crop_720p
R4,R4,4ea401ab-55bd-4ef4-80de-8c52b604f2cb,R2,Runners@display=saliency_crop_720p
,R4,1d894725-fa26-47a4-b780-02a60aeb70d9,R5,Fountains@display=saliency_crop_720p
R4,R4,54ac11ca-520a-490a-9b24-e07dfc89fe74,R5,Fountains@display=saliency_crop_720p
,R4,b729a72c-bf5a-4f29-8017-2ccf349890a4,R5,Fountains@display=saliency_crop_720p
R4,R5,d1245215-bee5-4c94-8788-7103a8f4a316,R4,Fountains@display=saliency_crop_720p
,R4,edf59e18-8621-49ba-a818-96825286522a,R5,Fountains@display=saliency_crop_720p
R5,R4,b9716331-526c-45d1-8be7-d0dddef7c60a,R5,Fountains@display=saliency_crop_720p
R5,R5,468683f9-b2bc-4566-bd36-13c7ebd4653b,R4,Fountains@display=saliency_crop_720p
R5,R5,59ce8f4c-5087-40a5-9d45-9e0396ccfe36,R4,Fountains@display=saliency_crop_720p
R5,R5,e0c576ae-60ae-4a6c-9bbb-3bf76376eb49,R4,Fountains@display=saliency_crop_720p
,R4,668a814c-5057-4e5d-933d-8bbfeb9dde28,R5,Fountains@display=saliency_crop_720p
,R4,1d894725-fa26-47a4-b780-02a60aeb70d9,R5,Marathon@display=saliency_crop_720p
,R4,a7b51467-dadd-4f79-ad3c-befe5941c14e,R5,Marathon@display=saliency_crop_720p
R5,R4,79142280-e321-4c94-a688-89f8d0f2143d,R5,Marathon@display=saliency_crop_720p
,R5,aec04abb-36e1-4b19-a4e4-b86a7fc0e60b,R4,Marathon@display=saliency_crop_720p
,R4,cdfad871-f242-47ec-91ee-bc14b6f2c59a,R5,Marathon@display=saliency_crop_720p
R5,R4,2a258c74-d533-4d96-ac7e-f0ed88465111,R5,Marathon@display=saliency_crop_720p
,R5,9daf50bb-5031-4a91-afcc-4e50ecb00427,R4,Marathon@display=saliency_crop_720p
R5,R4,e9e98d7d-e876-4733-8263-947b5e8a8043,R5,Marathon@display=saliency_crop_720p
,R5,02a36236-600c-4d2d-bac6-911989aa18ab,R4,Marathon@display=saliency_crop_720p
,R4,b859b11b-3f2f-4a7b-8a38-06f221b9e766,R5,Marathon@display=saliency_crop_720p
,R4,32949c69-f2a6-477b-9c51-f43244d26fc2,R1,Coastguard@display=saliency_crop_720p
R4,R1,b66699af-52ef-45e2-9b3b-a934314a7f27,R4,Coastguard@display=saliency_crop_720p
,R1,52a47bbc-e062-4cba-9e8d-3fe5e313ac97,R4,Coastguard@display=saliency_crop_720p
,R4,32949c69-f2a6-477b-9c51-f43244d26fc2,R1,Coastguard@display=saliency_crop_720p
R4,R1,b7e88525-0f76-473c-9904-1afb1b81737f,R4,Coastguard@display=saliency_crop_720p
R4,R1,309b27a3-e273-4199-addd-efb56885600e,R4,Coastguard@display=saliency_crop_720p
R4,R4,309b27a3-e273-4199-addd-efb56885600e,R1,Coastguard@display=saliency_crop_720p
R4,R4,b3e01703-d5bd-46fc-a177-66a1b0ba1512,R1,Coastguard@display=saliency_crop_720p
R4,R4,a878cfc3-6f7b-4130-b064-54bf4dc4f24e,R1,Coastguard@display=saliency_crop_720p
R4,R1,e31059d9-bef0-476f-a45d-5e7896d8e306,R4,Coastguard@display=saliency_crop_720p
R5,R5,4d89ce0f-2937-4d56-9686-88e1742d58e6,R2,Runners@display=saliency_crop_720p
R5,R5,1b5e8d39-a826-46ce-81b7-76a91246ca2d,R2,Runners@display=saliency_crop_720p
R5,R5,255b3f30-8e77-4ed4-aae6-af54b9cecfde,R2,Runners@display=saliency_crop_720p
R5,R2,54ac11ca-520a-490a-9b24-e07dfc89fe74,R5,Runners@display=saliency_crop_720p
R5,R5,6a67fb94-1db7-4bf5-9bc2-35b8b4f2864f,R2,Runners@display=saliency_crop_720p
R5,R2,89d548e9-3b95-4982-a9d6-c108023058b8,R5,Runners@display=saliency_crop_720p
R5,R5,889cff2b-8aa8-4f4e-900d-3fd66fcbb09f,R2,Runners@display=saliency_crop_720p
R5,R5,b18f7082-e656-4f3b-8b2a-b4f9859f2591,R2,Runners@display=saliency_crop_720p
R5,R2,fe694a50-b355-4c22-93f7-f10ed297818c,R5,Runners@display=saliency_crop_720p
R5,R5,cc917a10-e52d-45ce-82f7-38e642faed9d,R2,Runners@display=saliency_crop_720p
,R2,4d89ce0f-2937-4d56-9686-88e1742d58e6,R1,Mobile@display=saliency_crop_720p
R2,R1,f983d238-dc1f-4c72-8389-ec465fdf433d,R2,Mobile@display=saliency_crop_720p
R2,R2,ee51349e-87c9-40e7-bfff-6ac0d3a94834,R1,Mobile@display=saliency_crop_720p
R2,R1,dd41bbe2-9aa2-4e5f-a780-8dd52a1d7ac9,R2,Mobile@display=saliency_crop_720p
R2,R1,29861f85-74aa-4b7d-a8cf-325a85339c2d,R2,Mobile@display=saliency_crop_720p
,R2,25633ea9-2d37-4e57-b7e4-16e0ddaedda2,R1,Mobile@display=saliency_crop_720p
R2,R2,38791d77-e2b3-4222-8410-53028a6ee0ca,R1,Mobile@display=saliency_crop_720p
R2,R1,dc28f189-59e3-4c5e-9323-03ef7f5e2d97,R2,Mobile@display=saliency_crop_720p
R2,R1,eda68cb8-1e4e-4421-9ce1-2caf6b8df80e,R2,Mobile@display=saliency_crop_720p
R2,R2,2a84694e-dc72-4256-9473-dbba201e4b59,R1,Mobile@display=saliency_crop_720p
R5,R5,4d89ce0f-2937-4d56-9686-88e1742d58e6,R1,Marathon@display=saliency_crop_720p
R5,R5,977f5ed7-4a68-4e18-9cea-3b89f5958e68,R1,Marathon@display=saliency_crop_720p
R5,R5,c284e74e-3d25-475f-9345-f57f7aeae706,R1,Marathon@display=saliency_crop_720p
R5,R1,6bcbf25a-c4a1-46c6-8ebf-c5345a553a15,R5,Marathon@display=saliency_crop_720p
R5,R5,89ae69f0-ecd6-4afa-b505-5d7649a99cf7,R1,Marathon@display=saliency_crop_720p
R5,R5,6222769f-cb14-4155-b28b-2b98cacae37c,R1,Marathon@display=saliency_crop_720p
R5,R5,1870bf23-1292-48d3-8fb9-9d5e3a56898c,R1,Marathon@display=saliency_crop_720p
R5,R1,5388d40a-2cf7-42da-a59d-6ca6cd878118,R5,Marathon@display=saliency_crop_720p
R5,R1,a164626b-c8af-4c0b-a5e9-b7a1ebdafffe,R5,Marathon@display=saliency_crop_720p
R5,R1,f1cb2cc7-888f-4e68-b3f1-b266be4cddc3,R5,Marathon@display=saliency_crop_720p
,R4,4d89ce0f-2937-4d56-9686-88e1742d58e6,R3,Runners@display=saliency_crop_720p
,R4,1b5e8d39-a826-46ce-81b7-76a91246ca2d,R3,Runners@display=saliency_crop_720p
R4,R4,30e9f8b1-cb8d-46dd-b83a-27f7f7bc3ccd,R3,Runners@display=saliency_crop_720p
R4,R4,e0f20671-beda-4d0a-b37a-4495f6c53510,R3,Runners@display=saliency_crop_720p
,R4,b1425010-e886-40da-8bb4-f5af11c1261d,R3,Runners@display=saliency_crop_720p
,R4,ff6a0bae-170c-49e1-8f2f-b77d4ec2558b,R3,Runners@display=saliency_crop_720p
,R4,bc7eaf33-d14a-412d-b86b-bca8c1779ea6,R3,Runners@display=saliency_crop_720p
R3,R3,0b711778-9ee1-4fdc-9641-56f076a06caf,R4,Runners@display=saliency_crop_720p
R3,R4,baf74719-ec87-4df6-b995-745a0b159942,R3,Runners@display=saliency_crop_720p
R4,R4,976350d6-8359-4ecb-8b4d-5f856f09f6e1,R3,Runners@display=saliency_crop_720p
R4,R4,1b5e8d39-a826-46ce-81b7-76a91246ca2d,R3,Coastguard@display=saliency_crop_720p
R4,R4,3704e14e-9fae-41bf-9343-c43eeb127d43,R3,Coastguard@display=saliency_crop_720p
R4,R3,1e98319b-af93-4d24-b03d-045a6661fdb5,R4,Coastguard@display=saliency_crop_720p
R4,R4,1dfc726c-679c-4fc4-9c97-a79260ee0693,R3,Coastguard@display=saliency_crop_720p
,R4,15c34aa6-446e-4c4d-a566-a10828466312,R3,Coastguard@display=saliency_crop_720p
R4,R3,1870bf23-1292-48d3-8fb9-9d5e3a56898c,R4,Coastguard@display=saliency_crop_720p
R4,R3,25633ea9-2d37-4e57-b7e4-16e0ddaedda2,R4,Coastguard@display=saliency_crop_720p
R3,R4,91ff490d-9ede-4421-8ebe-d1921121b016,R3,Coastguard@display=saliency_crop_720p
,R3,9eca7084-d2b7-4f1a-9c4c-a29c723b5ca7,R4,Coastguard@display=saliency_crop_720p
R4,R3,a948b6d6-12f1-4314-b21c-8cd2b65c5e08,R4,Coastguard@display=saliency_crop_720p
R6,R6,b28d7478-6983-46f5-9f46-66beca775a60,R4,Coastguard@display=saliency_crop_720p
R6,R4,915b1e8c-d82f-4b9a-901d-45904ef15ccd,R6,Coastguard@display=saliency_crop_720p
R6,R4,79142280-e321-4c94-a688-89f8d0f2143d,R6,Coastguard@display=saliency_crop_720p
,R4,d01ee4de-eeab-4fbd-8524-356106dc4056,R6,Coastguard@display=saliency_crop_720p
,R6,6a67fb94-1db7-4bf5-9bc2-35b8b4f2864f,R4,Coastguard@display=saliency_crop_720p
R6,R4,27b7bcca-ebd5-4dd5-86ae-6d18db047687,R6,Coastguard@display=saliency_crop_720p
R6,R6,a497a473-9c28-4102-bd8a-d3600323b14b,R4,Coastguard@display=saliency_crop_720p
,R6,e4b69059-2d82-45f3-9716-0da84e361c7d,R4,Coastguard@display=saliency_crop_720p
R6,R6,9de6ddbf-ea31-49d6-aa57-4d09d18770b6,R4,Coastguard@display=saliency_crop_720p
R6,R4,4273074b-8761-4f94-8902-8ca3acba618c,R6,Coastguard@display=saliency_crop_720p
R4,R5,b28d7478-6983-46f5-9f46-66beca775a60,R4,Marathon@display=saliency_crop_720p
R4,R4,df46e5b6-1361-4a3f-a3d6-662d3f77e370,R5,Marathon@display=saliency_crop_720p
R5,R4,a44c2467-fee9-42a9-abd6-3093cd007c91,R5,Marathon@display=saliency_crop_720p
R4,R5,2190aa77-e0fe-4724-99da-095e5420ba5d,R4,Marathon@display=saliency_crop_720p
R4,R5,2a258c74-d533-4d96-ac7e-f0ed88465111,R4,Marathon@display=saliency_crop_720p
R4,R4,d44108b6-a212-47ec-8a3f-31a7e26e8c3d,R5,Marathon@display=saliency_crop_720p
R5,R4,9aafde03-1aea-4020-bb6e-8a2de416ade6,R5,Marathon@display=saliency_crop_720p
,R5,68197079-d21f-4bad-946b-d713786b8d63,R4,Marathon@display=saliency_crop_720p
R4,R5,e3f040b9-e356-446c-b33b-9eb5428d0c57,R4,Marathon@display=saliency_crop_720p
R5,R4,eda68cb8-1e4e-4421-9ce1-2caf6b8df80e,R5,Marathon@display=saliency_crop_720p
,R5,5ff9001e-676f-4805-ae82-e6ca16346167,R6,Coastguard@display=saliency_crop_720p
,R6,a8d6b3f3-ec6e-4e18-9f5f-b6807fa96bf5,R5,Coastguard@display=saliency_crop_720p
,R5,32949c69-f2a6-477b-9c51-f43244d26fc2,R6,Coastguard@display=saliency_crop_720p
R6,R6,a15bf945-b620-4e3f-b0c7-4b3591dbc1d9,R5,Coastguard@display=saliency_crop_720p
R6,R5,1b6a749b-e218-4b4c-98bd-6e9b962b3fec,R6,Coastguard@display=saliency_crop_720p
R5,R6,b25461e3-8554-4529-b350-f06f64c8f1d8,R5,Coastguard@display=saliency_crop_720p
,R5,a2cd0a74-ae10-4063-9478-85575963a0b0,R6,Coastguard@display=saliency_crop_720p
R5,R6,b28d7478-6983-46f5-9f46-66beca775a60,R5,Coastguard@display=saliency_crop_720p
,R5,3b8ef142-e12e-4e1e-a55a-518a5d6a3a30,R6,Coastguard@display=saliency_crop_720p
,R6,5ff9001e-676f-4805-ae82-e6ca16346167,R5,Coastguard@display=saliency_crop_720p
R2,R2,4e359f28-12f0-4066-b8cc-925ca92c739a,R1,Marathon@display=saliency_crop_720p
R2,R2,f983d238-dc1f-4c72-8389-ec465fdf433d,R1,Marathon@display=saliency_crop_720p
R2,R2,8cd3a3d2-8780-4e0f-baf0-4e586dc6ea1d,R1,Marathon@display=saliency_crop_720p
R2,R1,bb56917a-dee1-475e-973e-7c047c66be9a,R2,Marathon@display=saliency_crop_720p
R2,R1,1bfcbfac-8fb1-456b-9325-ba0e0241df76,R2,Marathon@display=saliency_crop_720p
R2,R1,13e9ddfd-2240-45d1-abba-341ee311ead2,R2,Marathon@display=saliency_crop_720p
,R1,a497a473-9c28-4102-bd8a-d3600323b14b,R2,Marathon@display=saliency_crop_720p
R2,R2,e0c576ae-60ae-4a6c-9bbb-3bf76376eb49,R1,Marathon@display=saliency_crop_720p
R2,R1,6003c531-2418-4463-977d-5ea5f43c6fe6,R2,Marathon@display=saliency_crop_720p
R2,R1,bb23da40-6486-42fe-8646-ad5ee9586d1b,R2,Marathon@display=saliency_crop_720p
R6,R6,4e359f28-12f0-4066-b8cc-925ca92c739a,R4,Marathon@display=saliency_crop_720p
R4,R6,18a795a2-dcc4-4415-b6a7-fc00d1e99141,R4,Marathon@display=saliency_crop_720p
R4,R4,6a55c41e-28f5-40e5-9774-f234f5a2f27c,R6,Marathon@display=saliency_crop_720p
,R6,bef59a2b-ddd1-426f-b51a-44f8c046b19f,R4,Marathon@display=saliency_crop_720p
R6,R4,d09af4b6-629c-4769-8541-2780ea897297,R6,Marathon@display=saliency_crop_720p
R6,R6,03918ae8-2ee6-4b4f-bc00-6f9e5dcb5855,R4,Marathon@display=saliency_crop_720p
R6,R4,6222769f-cb14-4155-b28b-2b98cacae37c,R6,Marathon@display=saliency_crop_720p
,R6,519768dd-3de6-41b9-bacf-108710851ed4,R4,Marathon@display=saliency_crop_720p
R6,R6,0a258512-3acd-455f-8ddb-03715c16106c,R4,Marathon@display=saliency_crop_720p
R6,R4,eda68cb8-1e4e-4421-9ce1-2caf6b8df80e,R6,Marathon@display=saliency_crop_720p
,R4,3395f4d5-f9c9-4a33-a1e5-b46d0c5a5169,R2,Wood@display=saliency_crop_720p
R4,R4,45b8135e-e0e9-470f-a807-aeb8e0547265,R2,Wood@display=saliency_crop_720p
R2,R4,c284e74e-3d25-475f-9345-f57f7aeae706,R2,Wood@display=saliency_crop_720p
,R2,bef59a2b-ddd1-426f-b51a-44f8c046b19f,R4,Wood@display=saliency_crop_720p
R4,R2,89ae69f0-ecd6-4afa-b505-5d7649a99cf7,R4,Wood@display=saliency_crop_720p
R4,R4,9da170ef-90e6-45c5-82b7-aa0c045e0b69,R2,Wood@display=saliency_crop_720p
R4,R2,e61b2bb2-c827-4629-9d34-92c14aaa9c67,R4,Wood@display=saliency_crop_720p
R2,R4,24f1a5c5-54bc-4098-a9c4-ca4605a0c79f,R2,Wood@display=saliency_crop_720p
,R4,2a84694e-dc72-4256-9473-dbba201e4b59,R2,Wood@display=saliency_crop_720p
R2,R4,a639194a-e96d-4b67-b56f-1fd982f3fa3d,R2,Wood@display=saliency_crop_720p
R3,R3,3395f4d5-f9c9-4a33-a1e5-b46d0c5a5169,R2,Coastguard@display=saliency_crop_720p
R3,R3,1e98319b-af93-4d24-b03d-045a6661fdb5,R2,Coastguard@display=saliency_crop_720p
R3,R3,301e5596-ccd9-4341-b590-605122658e80,R2,Coastguard@display=saliency_crop_720p
R3,R2,53be3403-98d0-404f-9260-59a45dac9099,R3,Coastguard@display=saliency_crop_720p
R3,R3,827cca51-8a75-4ea5-ae3b-a7f7cda0bb49,R2,Coastguard@display=saliency_crop_720p
R3,R2,4cf850d4-61c0-4b33-a61d-8019373987dc,R3,Coastguard@display=saliency_crop_720p
R3,R3,3fa656ef-3088-43f3-88f1-bd3153908047,R2,Coastguard@display=saliency_crop_720p
R3,R3,21707d3c-00b5-4b08-bcd1-8164876f5630,R2,Coastguard@display=saliency_crop_720p
R3,R3,da7b3dc2-1c27-42c2-922c-e52ee70d3b7a,R2,Coastguard@display=saliency_crop_720p
R3,R2,bb23da40-6486-42fe-8646-ad5ee9586d1b,R3,Coastguard@display=saliency_crop_720p
R6,R6,a7b51467-dadd-4f79-ad3c-befe5941c14e,R3,Coastguard@display=saliency_crop_720p
R3,R6,45b8135e-e0e9-470f-a807-aeb8e0547265,R3,Coastguard@display=saliency_crop_720p
R3,R3,54ac11ca-520a-490a-9b24-e07dfc89fe74,R6,Coastguard@display=saliency_crop_720p
R3,R3,0b7a0119-059f-4e1d-ad31-b02c334f46b1,R6,Coastguard@display=saliency_crop_720p
R6,R3,a4599144-137a-49f5-8efa-5af9b1dd69ff,R6,Coastguard@display=saliency_crop_720p
R6,R6,c4e0202a-d6df-4a89-84b7-abe2320317d4,R3,Coastguard@display=saliency_crop_720p
,R6,50785f09-5f3b-43e8-a7c9-df4a6f8c5995,R3,Coastguard@display=saliency_crop_720p
R6,R3,7e026835-513f-4612-847f-404c005fe10a,R6,Coastguard@display=saliency_crop_720p
,R3,0a258512-3acd-455f-8ddb-03715c16106c,R6,Coastguard@display=saliency_crop_720p
R6,R3,0f6a550a-24ac-4ffd-b841-9e3b88c556d9,R6,Coastguard@display=saliency_crop_720p
R5,R2,0f88c0c9-72ba-4659-95dc-9720cd2bf6be,R5,Marathon@display=saliency_crop_720p
R5,R2,184df185-1d74-4468-9ed0-0c8702c46ca8,R5,Marathon@display=saliency_crop_720p
R5,R2,e3c97b5a-bd35-45f7-af6f-5071d786ce6d,R5,Marathon@display=saliency_crop_720p
R5,R5,fef3ddd3-cb8d-4874-a0a3-029156d7349c,R2,Marathon@display=saliency_crop_720p
R5,R2,b3e01703-d5bd-46fc-a177-66a1b0ba1512,R5,Marathon@display=saliency_crop_720p
R5,R5,ff6a0bae-170c-49e1-8f2f-b77d4ec2558b,R2,Marathon@display=saliency_crop_720p
R5,R5,3fa656ef-3088-43f3-88f1-bd3153908047,R2,Marathon@display=saliency_crop_720p
R5,R5,24877cc4-7da9-4c23-922c-bd003dcee0a5,R2,Marathon@display=saliency_crop_720p
R5,R5,63e15e4a-afd7-496b-a690-c9a0fc039877,R2,Marathon@display=saliency_crop_720p
R5,R5,a948b6d6-12f1-4314-b21c-8cd2b65c5e08,R2,Marathon@display=saliency_crop_720p
R3,R4,3c85e6af-6d69-40c3-a902-e565a7703815,R3,Marathon@display=saliency_crop_720p
R3,R3,1fae4163-0cc0-4fdc-a4e1-1a15e0763e65,R4,Marathon@display=saliency_crop_720p
R3,R3,e0f20671-beda-4d0a-b37a-4495f6c53510,R4,Marathon@display=saliency_crop_720p
R4,R4,dc5a4b0e-f1a0-4f21-8203-0ec7ecfdb06e,R3,Marathon@display=saliency_crop_720p
R4,R4,2e350e47-8ffe-4c00-b51b-1e8deaa2c539,R3,Marathon@display=saliency_crop_720p
R4,R3,2bff4ead-ee8c-48d2-a69b-3dd279e3fd60,R4,Marathon@display=saliency_crop_720p
R4,R4,a7c77be2-85d9-45d4-89d2-6e6664d42c09,R3,Marathon@display=saliency_crop_720p
R3,R3,fbbb8d95-d1e4-416b-a540-a60d3ba1c05b,R4,Marathon@display=saliency_crop_720p
R3,R3,17c3b1b8-7cdd-490f-afbc-d8eece8cb422,R4,Marathon@display=saliency_crop_720p
,R3,ad2dbf7a-7ce9-493d-9c43-4e368f58da47,R4,Marathon@display=saliency_crop_720p
R2,R3,3c85e6af-6d69-40c3-a902-e565a7703815,R2,Wood@display=saliency_crop_720p
R3,R2,3ef566a6-cf1d-4184-94d0-3a2d9ff2cf38,R3,Wood@display=saliency_crop_720p
R3,R2,be797be2-8e88-4f13-a0a5-38c6619fe390,R3,Wood@display=saliency_crop_720p
R3,R3,dd41bbe2-9aa2-4e5f-a780-8dd52a1d7ac9,R2,Wood@display=saliency_crop_720p
R3,R3,451fa2e5-e97f-4b99-90ab-d7660e24eae1,R2,Wood@display=saliency_crop_720p
R3,R3,2bff4ead-ee8c-48d2-a69b-3dd279e3fd60,R2,Wood@display=saliency_crop_720p
R3,R2,0b711778-9ee1-4fdc-9641-56f076a06caf,R3,Wood@display=saliency_crop_720p
R3,R3,0f6a550a-24ac-4ffd-b841-9e3b88c556d9,R2,Wood@display=saliency_crop_720p
R3,R3,74dab9ad-dabe-4484-85f1-1dac4bd738f7,R2,Wood@display=saliency_crop_720p
R3,R2,ddac386f-edf8-4cc6-9dcb-5f766b67ba89,R3,Wood@display=saliency_crop_720p
R5,R2,3c85e6af-6d69-40c3-a902-e565a7703815,R5,Runners@display=saliency_crop_720p
R5,R5,915b1e8c-d82f-4b9a-901d-45904ef15ccd,R2,Runners@display=saliency_crop_720p
R5,R2,fef3ddd3-cb8d-4874-a0a3-029156d7349c,R5,Runners@display=saliency_crop_720p
R5,R5,4428e8f1-427f-45b3-a6c9-7978ec3021a9,R2,Runners@display=saliency_crop_720p
R5,R2,b3e01703-d5bd-46fc-a177-66a1b0ba1512,R5,Runners@display=saliency_crop_720p
R5,R5,50785f09-5f3b-43e8-a7c9-df4a6f8c5995,R2,Runners@display=saliency_crop_720p
R5,R2,565b6435-19ae-4544-915a-0ac71b987e39,R5,Runners@display=saliency_crop_720p
R5,R5,672abb9a-33b8-4db0-b227-b8e20ccefd06,R2,Runners@display=saliency_crop_720p
R5,R5,2c8ac8f7-daf5-4ec3-bc54-c7339655128d,R2,Runners@display=saliency_crop_720p
R2,R2,8188593a-accb-49a1-86d7-c617b9f1fa35,R5,Runners@display=saliency_crop_720p
