answer,left_method,participant,right_method,test_case
7500kbps_2160p_59_94fps_hevc,7500kbps_2160p_59_94fps_h264,bd097813-7fc3-4301-b939-643d0af728a1,7500kbps_2160p_59_94fps_hevc,water_netflix@display=center_crop_720p
7500kbps_2160p_59_94fps_hevc,7500kbps_2160p_59_94fps_hevc,4067eb21-c8c2-4723-bc86-a1cab1f6d670,7500kbps_2160p_59_94fps_h264,water_netflix@display=center_crop_720p
7500kbps_2160p_59_94fps_h264,7500kbps_2160p_59_94fps_h264,54ff783c-43c7-4c8b-9c7a-eff5f73d662d,7500kbps_2160p_59_94fps_hevc,water_netflix@display=center_crop_720p
,7500kbps_2160p_59_94fps_h264,690650c7-9119-497a-9747-ace85cd8f32f,7500kbps_2160p_59_94fps_hevc,water_netflix@display=center_crop_720p
7500kbps_2160p_59_94fps_h264,7500kbps_2160p_59_94fps_hevc,1e0b9fa9-bdce-4013-a041-56771e0a8f5d,7500kbps_2160p_59_94fps_h264,water_netflix@display=center_crop_720p
7500kbps_2160p_59_94fps_hevc,7500kbps_2160p_59_94fps_hevc,e8fcfe15-ec19-4572-ac94-8161b3c1c538,7500kbps_2160p_59_94fps_h264,water_netflix@display=center_crop_720p
7500kbps_2160p_59_94fps_hevc,7500kbps_2160p_59_94fps_hevc,702bc811-372b-48b3-9241-d879f08da0ab,7500kbps_2160p_59_94fps_h264,water_netflix@display=center_crop_720p
7500kbps_2160p_59_94fps_hevc,7500kbps_2160p_59_94fps_hevc,89e87a67-9f89-4d9d-bbd9-17cd9d613671,7500kbps_2160p_59_94fps_h264,water_netflix@display=center_crop_720p
7500kbps_2160p_59_94fps_hevc,7500kbps_2160p_59_94fps_hevc,2c15d5b5-80b8-417f-a266-94c9f87ac793,7500kbps_2160p_59_94fps_h264,water_netflix@display=center_crop_720p
7500kbps_2160p_59_94fps_hevc,7500kbps_2160p_59_94fps_h264,9f78d5de-44ed-4ade-8350-91d15d08660f,7500kbps_2160p_59_94fps_hevc,water_netflix@display=center_crop_720p
40000kbps_2160p_59_94fps_hevc,7500kbps_2160p_59_94fps_h264,e8fcfe15-ec19-4572-ac94-8161b3c1c538,40000kbps_2160p_59_94fps_hevc,water_netflix@display=center_crop_720p
40000kbps_2160p_59_94fps_hevc,40000kbps_2160p_59_94fps_hevc,67cac82e-e60a-4a5b-849f-ff4a58a1b8ec,7500kbps_2160p_59_94fps_h264,water_netflix@display=center_crop_720p
40000kbps_2160p_59_94fps_hevc,40000kbps_2160p_59_94fps_hevc,c49850c3-7323-4a2a-98c6-1fc2e0acf12c,7500kbps_2160p_59_94fps_h264,water_netflix@display=center_crop_720p
40000kbps_2160p_59_94fps_hevc,40000kbps_2160p_59_94fps_hevc,e8fcfe15-ec19-4572-ac94-8161b3c1c538,7500kbps_2160p_59_94fps_h264,water_netflix@display=center_crop_720p
40000kbps_2160p_59_94fps_hevc,40000kbps_2160p_59_94fps_hevc,c49850c3-7323-4a2a-98c6-1fc2e0acf12c,7500kbps_2160p_59_94fps_h264,water_netflix@display=center_crop_720p
40000kbps_2160p_59_94fps_hevc,40000kbps_2160p_59_94fps_hevc,48b6f8e9-5f2c-4276-bbe7-0988ef3b70e4,7500kbps_2160p_59_94fps_h264,water_netflix@display=center_crop_720p
40000kbps_2160p_59_94fps_hevc,40000kbps_2160p_59_94fps_hevc,8ebb3f0c-3f39-4c6a-839f-96177a65a978,7500kbps_2160p_59_94fps_h264,water_netflix@display=center_crop_720p
40000kbps_2160p_59_94fps_hevc,7500kbps_2160p_59_94fps_h264,cd514197-164c-4a1b-aff2-ca42ca8c378b,40000kbps_2160p_59_94fps_hevc,water_netflix@display=center_crop_720p
40000kbps_2160p_59_94fps_hevc,7500kbps_2160p_59_94fps_h264,e8fcfe15-ec19-4572-ac94-8161b3c1c538,40000kbps_2160p_59_94fps_hevc,water_netflix@display=center_crop_720p
40000kbps_2160p_59_94fps_hevc,7500kbps_2160p_59_94fps_h264,e8fcfe15-ec19-4572-ac94-8161b3c1c538,40000kbps_2160p_59_94fps_hevc,water_netflix@display=center_crop_720p
7500kbps_2160p_59_94fps_vp9,7500kbps_2160p_59_94fps_vp9,dfd6da40-bceb-4416-bdc1-f638a4940ac5,7500kbps_2160p_59_94fps_hevc,water_netflix@display=center_crop_720p
7500kbps_2160p_59_94fps_vp9,7500kbps_2160p_59_94fps_hevc,8ebb3f0c-3f39-4c6a-839f-96177a65a978,7500kbps_2160p_59_94fps_vp9,water_netflix@display=center_crop_720p
7500kbps_2160p_59_94fps_vp9,7500kbps_2160p_59_94fps_hevc,4f832d5a-bd55-4616-a277-a2632893dc1d,7500kbps_2160p_59_94fps_vp9,water_netflix@display=center_crop_720p
7500kbps_2160p_59_94fps_vp9,7500kbps_2160p_59_94fps_hevc,c717cd44-9530-41e4-b4cf-181f472db916,7500kbps_2160p_59_94fps_vp9,water_netflix@display=center_crop_720p
7500kbps_2160p_59_94fps_vp9,7500kbps_2160p_59_94fps_hevc,5135cb57-2a91-4b0d-b4dc-1cd649f52d0f,7500kbps_2160p_59_94fps_vp9,water_netflix@display=center_crop_720p
7500kbps_2160p_59_94fps_vp9,7500kbps_2160p_59_94fps_hevc,e8fcfe15-ec19-4572-ac94-8161b3c1c538,7500kbps_2160p_59_94fps_vp9,water_netflix@display=center_crop_720p
7500kbps_2160p_59_94fps_vp9,7500kbps_2160p_59_94fps_hevc,cfe7f1d6-4a45-4bbf-9396-de92c79e6c63,7500kbps_2160p_59_94fps_vp9,water_netflix@display=center_crop_720p
7500kbps_2160p_59_94fps_vp9,7500kbps_2160p_59_94fps_vp9,8ebb3f0c-3f39-4c6a-839f-96177a65a978,7500kbps_2160p_59_94fps_hevc,water_netflix@display=center_crop_720p
7500kbps_2160p_59_94fps_vp9,7500kbps_2160p_59_94fps_hevc,5135cb57-2a91-4b0d-b4dc-1cd649f52d0f,7500kbps_2160p_59_94fps_vp9,water_netflix@display=center_crop_720p
7500kbps_2160p_59_94fps_vp9,7500kbps_2160p_59_94fps_hevc,e8fcfe15-ec19-4572-ac94-8161b3c1c538,7500kbps_2160p_59_94fps_vp9,water_netflix@display=center_crop_720p
,15000kbps_2160p_59_94fps_vp9,0259373b-1f23-4414-961a-3412d32497a1,7500kbps_2160p_59_94fps_vp9,vegetables_tuil@display=center_crop_720p
,7500kbps_2160p_59_94fps_vp9,438d29b9-e9b7-45a3-986b-f9c92b6f4d95,15000kbps_2160p_59_94fps_vp9,vegetables_tuil@display=center_crop_720p
7500kbps_2160p_59_94fps_vp9,15000kbps_2160p_59_94fps_vp9,0f86ed88-2d09-4d41-aa40-de0545f23360,7500kbps_2160p_59_94fps_vp9,vegetables_tuil@display=center_crop_720p
7500kbps_2160p_59_94fps_vp9,15000kbps_2160p_59_94fps_vp9,08e4105c-2f07-4aee-9e94-140b8cb7a24c,7500kbps_2160p_59_94fps_vp9,vegetables_tuil@display=center_crop_720p
15000kbps_2160p_59_94fps_vp9,15000kbps_2160p_59_94fps_vp9,988b6b80-ffc2-43de-aa0f-9a64267d3b2d,7500kbps_2160p_59_94fps_vp9,vegetables_tuil@display=center_crop_720p
7500kbps_2160p_59_94fps_vp9,15000kbps_2160p_59_94fps_vp9,b2f89705-9709-44d6-995f-730575282824,7500kbps_2160p_59_94fps_vp9,vegetables_tuil@display=center_crop_720p
,15000kbps_2160p_59_94fps_vp9,e8fcfe15-ec19-4572-ac94-8161b3c1c538,7500kbps_2160p_59_94fps_vp9,vegetables_tuil@display=center_crop_720p
,15000kbps_2160p_59_94fps_vp9,61b10c11-f67f-4d83-959a-7bcfbea45139,7500kbps_2160p_59_94fps_vp9,vegetables_tuil@display=center_crop_720p
7500kbps_2160p_59_94fps_vp9,15000kbps_2160p_59_94fps_vp9,7a534954-4fff-4031-a2b6-05a9cbf92f89,7500kbps_2160p_59_94fps_vp9,vegetables_tuil@display=center_crop_720p
7500kbps_2160p_59_94fps_vp9,15000kbps_2160p_59_94fps_vp9,e8fcfe15-ec19-4572-ac94-8161b3c1c538,7500kbps_2160p_59_94fps_vp9,vegetables_tuil@display=center_crop_720p
,40000kbps_2160p_59_94fps_vp9,0fdaf977-f8b3-470f-9588-6e0120f4e2da,40000kbps_2160p_59_94fps_hevc,water_netflix@display=center_crop_720p
,40000kbps_2160p_59_94fps_vp9,e8fcfe15-ec19-4572-ac94-8161b3c1c538,40000kbps_2160p_59_94fps_hevc,water_netflix@display=center_crop_720p
40000kbps_2160p_59_94fps_vp9,40000kbps_2160p_59_94fps_hevc,438d29b9-e9b7-45a3-986b-f9c92b6f4d95,40000kbps_2160p_59_94fps_vp9,water_netflix@display=center_crop_720p
40000kbps_2160p_59_94fps_vp9,40000kbps_2160p_59_94fps_hevc,ecf11ca3-bed9-43d6-b9c5-b886be71c3a4,40000kbps_2160p_59_94fps_vp9,water_netflix@display=center_crop_720p
40000kbps_2160p_59_94fps_vp9,40000kbps_2160p_59_94fps_hevc,e18eb56d-39ea-408a-b9a3-fc88439e769c,40000kbps_2160p_59_94fps_vp9,water_netflix@display=center_crop_720p
,40000kbps_2160p_59_94fps_hevc,438d29b9-e9b7-45a3-986b-f9c92b6f4d95,40000kbps_2160p_59_94fps_vp9,water_netflix@display=center_crop_720p
,40000kbps_2160p_59_94fps_vp9,337a3523-a782-41ef-9e3c-adb57f254738,40000kbps_2160p_59_94fps_hevc,water_netflix@display=center_crop_720p
40000kbps_2160p_59_94fps_vp9,40000kbps_2160p_59_94fps_hevc,0fdaf977-f8b3-470f-9588-6e0120f4e2da,40000kbps_2160p_59_94fps_vp9,water_netflix@display=center_crop_720p
40000kbps_2160p_59_94fps_vp9,40000kbps_2160p_59_94fps_vp9,337a3523-a782-41ef-9e3c-adb57f254738,40000kbps_2160p_59_94fps_hevc,water_netflix@display=center_crop_720p
,40000kbps_2160p_59_94fps_vp9,e8fcfe15-ec19-4572-ac94-8161b3c1c538,40000kbps_2160p_59_94fps_hevc,water_netflix@display=center_crop_720p
40000kbps_2160p_59_94fps_hevc,7500kbps_2160p_59_94fps_vp9,79926a79-3d5c-49b0-b064-0f3b43c66b71,40000kbps_2160p_59_94fps_hevc,water_netflix@display=center_crop_720p
7500kbps_2160p_59_94fps_vp9,40000kbps_2160p_59_94fps_hevc,1d2d9791-4db4-4b0d-9f5b-b7ac57248c04,7500kbps_2160p_59_94fps_vp9,water_netflix@display=center_crop_720p
40000kbps_2160p_59_94fps_hevc,40000kbps_2160p_59_94fps_hevc,4067eb21-c8c2-4723-bc86-a1cab1f6d670,7500kbps_2160p_59_94fps_vp9,water_netflix@display=center_crop_720p
,40000kbps_2160p_59_94fps_hevc,e8fcfe15-ec19-4572-ac94-8161b3c1c538,7500kbps_2160p_59_94fps_vp9,water_netflix@display=center_crop_720p
40000kbps_2160p_59_94fps_hevc,7500kbps_2160p_59_94fps_vp9,bd097813-7fc3-4301-b939-643d0af728a1,40000kbps_2160p_59_94fps_hevc,water_netflix@display=center_crop_720p
40000kbps_2160p_59_94fps_hevc,7500kbps_2160p_59_94fps_vp9,39da6bfe-8e4d-4f5c-a80e-f74e3bfa62a5,40000kbps_2160p_59_94fps_hevc,water_netflix@display=center_crop_720p
,7500kbps_2160p_59_94fps_vp9,1e0b9fa9-bdce-4013-a041-56771e0a8f5d,40000kbps_2160p_59_94fps_hevc,water_netflix@display=center_crop_720p
,40000kbps_2160p_59_94fps_hevc,e8fcfe15-ec19-4572-ac94-8161b3c1c538,7500kbps_2160p_59_94fps_vp9,water_netflix@display=center_crop_720p
40000kbps_2160p_59_94fps_hevc,7500kbps_2160p_59_94fps_vp9,ce4f4741-1199-4168-bde2-e3841e3c636c,40000kbps_2160p_59_94fps_hevc,water_netflix@display=center_crop_720p
,40000kbps_2160p_59_94fps_hevc,e8fcfe15-ec19-4572-ac94-8161b3c1c538,7500kbps_2160p_59_94fps_vp9,water_netflix@display=center_crop_720p
40974kbps_2160p_59_94fps_hevc,22229kbps_2160p_59_94fps_hevc,8442cf6b-8195-4e1d-af14-ca5e95d7ac31,40974kbps_2160p_59_94fps_hevc,water_netflix_8s@display=center_crop_720p
22229kbps_2160p_59_94fps_hevc,22229kbps_2160p_59_94fps_hevc,93ff33f7-c9b8-4878-9204-0028b4046842,40974kbps_2160p_59_94fps_hevc,water_netflix_8s@display=center_crop_720p
22229kbps_2160p_59_94fps_hevc,40974kbps_2160p_59_94fps_hevc,a9b3b743-fbcd-4058-ad5d-8a7923e6ea2c,22229kbps_2160p_59_94fps_hevc,water_netflix_8s@display=center_crop_720p
40974kbps_2160p_59_94fps_hevc,22229kbps_2160p_59_94fps_hevc,c717cd44-9530-41e4-b4cf-181f472db916,40974kbps_2160p_59_94fps_hevc,water_netflix_8s@display=center_crop_720p
40974kbps_2160p_59_94fps_hevc,40974kbps_2160p_59_94fps_hevc,beff4b9a-d9d9-47fd-9a5a-957121f0c5c7,22229kbps_2160p_59_94fps_hevc,water_netflix_8s@display=center_crop_720p
,22229kbps_2160p_59_94fps_hevc,bb6cca1f-9042-4f5a-b9c7-4f02a610c3b1,40974kbps_2160p_59_94fps_hevc,water_netflix_8s@display=center_crop_720p
22229kbps_2160p_59_94fps_hevc,40974kbps_2160p_59_94fps_hevc,8442cf6b-8195-4e1d-af14-ca5e95d7ac31,22229kbps_2160p_59_94fps_hevc,water_netflix_8s@display=center_crop_720p
,40974kbps_2160p_59_94fps_hevc,a9b3b743-fbcd-4058-ad5d-8a7923e6ea2c,22229kbps_2160p_59_94fps_hevc,water_netflix_8s@display=center_crop_720p
,22229kbps_2160p_59_94fps_hevc,a9b3b743-fbcd-4058-ad5d-8a7923e6ea2c,40974kbps_2160p_59_94fps_hevc,water_netflix_8s@display=center_crop_720p
40974kbps_2160p_59_94fps_hevc,22229kbps_2160p_59_94fps_hevc,c6ce66ef-7872-4e66-83ab-5d75441dd888,40974kbps_2160p_59_94fps_hevc,water_netflix_8s@display=center_crop_720p
3484kbps_2160p_59_94fps_hevc,3484kbps_2160p_59_94fps_h264,a9b3b743-fbcd-4058-ad5d-8a7923e6ea2c,3484kbps_2160p_59_94fps_hevc,water_netflix_8s@display=center_crop_720p
3484kbps_2160p_59_94fps_hevc,3484kbps_2160p_59_94fps_hevc,f79ea36f-a935-4d76-b4ff-960b05924dcd,3484kbps_2160p_59_94fps_h264,water_netflix_8s@display=center_crop_720p
3484kbps_2160p_59_94fps_hevc,3484kbps_2160p_59_94fps_hevc,a9b3b743-fbcd-4058-ad5d-8a7923e6ea2c,3484kbps_2160p_59_94fps_h264,water_netflix_8s@display=center_crop_720p
3484kbps_2160p_59_94fps_hevc,3484kbps_2160p_59_94fps_hevc,78035481-fe21-457c-b86d-dfbc7c4c368d,3484kbps_2160p_59_94fps_h264,water_netflix_8s@display=center_crop_720p
3484kbps_2160p_59_94fps_hevc,3484kbps_2160p_59_94fps_hevc,c6ce66ef-7872-4e66-83ab-5d75441dd888,3484kbps_2160p_59_94fps_h264,water_netflix_8s@display=center_crop_720p
3484kbps_2160p_59_94fps_hevc,3484kbps_2160p_59_94fps_hevc,4a881e60-d934-480e-bac4-1f9d14b095c7,3484kbps_2160p_59_94fps_h264,water_netflix_8s@display=center_crop_720p
3484kbps_2160p_59_94fps_hevc,3484kbps_2160p_59_94fps_hevc,1769563f-5b2e-49e3-9a5e-aa665fdb664e,3484kbps_2160p_59_94fps_h264,water_netflix_8s@display=center_crop_720p
3484kbps_2160p_59_94fps_hevc,3484kbps_2160p_59_94fps_h264,988b6b80-ffc2-43de-aa0f-9a64267d3b2d,3484kbps_2160p_59_94fps_hevc,water_netflix_8s@display=center_crop_720p
3484kbps_2160p_59_94fps_hevc,3484kbps_2160p_59_94fps_hevc,5df32126-f164-45f0-9b62-c03ffba8b152,3484kbps_2160p_59_94fps_h264,water_netflix_8s@display=center_crop_720p
3484kbps_2160p_59_94fps_h264,3484kbps_2160p_59_94fps_h264,a9b3b743-fbcd-4058-ad5d-8a7923e6ea2c,3484kbps_2160p_59_94fps_hevc,water_netflix_8s@display=center_crop_720p
59720kbps_2160p_59_94fps_hevc,3484kbps_2160p_59_94fps_h264,3f3b24c7-3ace-49f2-9b57-47769682e64c,59720kbps_2160p_59_94fps_hevc,water_netflix_8s@display=center_crop_720p
59720kbps_2160p_59_94fps_hevc,59720kbps_2160p_59_94fps_hevc,a088b6d6-c233-4894-9edb-af752372dc95,3484kbps_2160p_59_94fps_h264,water_netflix_8s@display=center_crop_720p
59720kbps_2160p_59_94fps_hevc,3484kbps_2160p_59_94fps_h264,7209ecef-2a7a-49e9-bb2b-0b91ef6a7a7a,59720kbps_2160p_59_94fps_hevc,water_netflix_8s@display=center_crop_720p
59720kbps_2160p_59_94fps_hevc,59720kbps_2160p_59_94fps_hevc,3f3b24c7-3ace-49f2-9b57-47769682e64c,3484kbps_2160p_59_94fps_h264,water_netflix_8s@display=center_crop_720p
59720kbps_2160p_59_94fps_hevc,3484kbps_2160p_59_94fps_h264,a9b3b743-fbcd-4058-ad5d-8a7923e6ea2c,59720kbps_2160p_59_94fps_hevc,water_netflix_8s@display=center_crop_720p
59720kbps_2160p_59_94fps_hevc,59720kbps_2160p_59_94fps_hevc,a9b3b743-fbcd-4058-ad5d-8a7923e6ea2c,3484kbps_2160p_59_94fps_h264,water_netflix_8s@display=center_crop_720p
59720kbps_2160p_59_94fps_hevc,59720kbps_2160p_59_94fps_hevc,ebba95f5-0a39-4272-9b4f-3061c16c43c6,3484kbps_2160p_59_94fps_h264,water_netflix_8s@display=center_crop_720p
59720kbps_2160p_59_94fps_hevc,59720kbps_2160p_59_94fps_hevc,9f78d5de-44ed-4ade-8350-91d15d08660f,3484kbps_2160p_59_94fps_h264,water_netflix_8s@display=center_crop_720p
59720kbps_2160p_59_94fps_hevc,3484kbps_2160p_59_94fps_h264,4ef67531-8da0-4b5a-b7f5-7633ad221a92,59720kbps_2160p_59_94fps_hevc,water_netflix_8s@display=center_crop_720p
59720kbps_2160p_59_94fps_hevc,3484kbps_2160p_59_94fps_h264,3f3b24c7-3ace-49f2-9b57-47769682e64c,59720kbps_2160p_59_94fps_hevc,water_netflix_8s@display=center_crop_720p
40974kbps_2160p_59_94fps_h264,59720kbps_2160p_59_94fps_hevc,0ef415ae-10b7-4d79-b0cd-ae471a0a1cd0,40974kbps_2160p_59_94fps_h264,water_netflix_8s@display=center_crop_720p
,40974kbps_2160p_59_94fps_h264,a9b3b743-fbcd-4058-ad5d-8a7923e6ea2c,59720kbps_2160p_59_94fps_hevc,water_netflix_8s@display=center_crop_720p
,40974kbps_2160p_59_94fps_h264,a9b3b743-fbcd-4058-ad5d-8a7923e6ea2c,59720kbps_2160p_59_94fps_hevc,water_netflix_8s@display=center_crop_720p
,59720kbps_2160p_59_94fps_hevc,893cc349-474d-4bac-9d36-7f321479eff9,40974kbps_2160p_59_94fps_h264,water_netflix_8s@display=center_crop_720p
,59720kbps_2160p_59_94fps_hevc,a9b3b743-fbcd-4058-ad5d-8a7923e6ea2c,40974kbps_2160p_59_94fps_h264,water_netflix_8s@display=center_crop_720p
,40974kbps_2160p_59_94fps_h264,a9b3b743-fbcd-4058-ad5d-8a7923e6ea2c,59720kbps_2160p_59_94fps_hevc,water_netflix_8s@display=center_crop_720p
,59720kbps_2160p_59_94fps_hevc,893cc349-474d-4bac-9d36-7f321479eff9,40974kbps_2160p_59_94fps_h264,water_netflix_8s@display=center_crop_720p
59720kbps_2160p_59_94fps_hevc,40974kbps_2160p_59_94fps_h264,ec308828-64d7-4599-9a85-e1f421a78f09,59720kbps_2160p_59_94fps_hevc,water_netflix_8s@display=center_crop_720p
40974kbps_2160p_59_94fps_h264,40974kbps_2160p_59_94fps_h264,fb6c7720-9e13-4bda-93b9-b82c53a2f9ec,59720kbps_2160p_59_94fps_hevc,water_netflix_8s@display=center_crop_720p
40974kbps_2160p_59_94fps_h264,59720kbps_2160p_59_94fps_hevc,1215e8a6-42c2-485d-bbee-5c6ca1be2493,40974kbps_2160p_59_94fps_h264,water_netflix_8s@display=center_crop_720p
,15000kbps_2160p_59_94fps_hevc,d062a4ae-4fee-4995-916f-c0f902887e35,40000kbps_2160p_59_94fps_vp9,cutting_orange_tuil@display=center_crop_720p
,15000kbps_2160p_59_94fps_hevc,fb267fbe-2773-414c-b61c-b69f42b58762,40000kbps_2160p_59_94fps_vp9,cutting_orange_tuil@display=center_crop_720p
15000kbps_2160p_59_94fps_hevc,15000kbps_2160p_59_94fps_hevc,5135cb57-2a91-4b0d-b4dc-1cd649f52d0f,40000kbps_2160p_59_94fps_vp9,cutting_orange_tuil@display=center_crop_720p
15000kbps_2160p_59_94fps_hevc,15000kbps_2160p_59_94fps_hevc,948440b3-36bc-425f-bc8b-fdc41fbb5a44,40000kbps_2160p_59_94fps_vp9,cutting_orange_tuil@display=center_crop_720p
,15000kbps_2160p_59_94fps_hevc,1769563f-5b2e-49e3-9a5e-aa665fdb664e,40000kbps_2160p_59_94fps_vp9,cutting_orange_tuil@display=center_crop_720p
40000kbps_2160p_59_94fps_vp9,40000kbps_2160p_59_94fps_vp9,948440b3-36bc-425f-bc8b-fdc41fbb5a44,15000kbps_2160p_59_94fps_hevc,cutting_orange_tuil@display=center_crop_720p
40000kbps_2160p_59_94fps_vp9,40000kbps_2160p_59_94fps_vp9,cd514197-164c-4a1b-aff2-ca42ca8c378b,15000kbps_2160p_59_94fps_hevc,cutting_orange_tuil@display=center_crop_720p
15000kbps_2160p_59_94fps_hevc,15000kbps_2160p_59_94fps_hevc,d062a4ae-4fee-4995-916f-c0f902887e35,40000kbps_2160p_59_94fps_vp9,cutting_orange_tuil@display=center_crop_720p
40000kbps_2160p_59_94fps_vp9,15000kbps_2160p_59_94fps_hevc,948440b3-36bc-425f-bc8b-fdc41fbb5a44,40000kbps_2160p_59_94fps_vp9,cutting_orange_tuil@display=center_crop_720p
,40000kbps_2160p_59_94fps_vp9,d062a4ae-4fee-4995-916f-c0f902887e35,15000kbps_2160p_59_94fps_hevc,cutting_orange_tuil@display=center_crop_720p
,15000kbps_2160p_59_94fps_h264,a8606522-5663-4cbe-8135-ea430251548e,40000kbps_2160p_59_94fps_hevc,cutting_orange_tuil@display=center_crop_720p
15000kbps_2160p_59_94fps_h264,40000kbps_2160p_59_94fps_hevc,766cf724-c54a-448d-aba8-31db9f14a3c9,15000kbps_2160p_59_94fps_h264,cutting_orange_tuil@display=center_crop_720p
40000kbps_2160p_59_94fps_hevc,15000kbps_2160p_59_94fps_h264,ec0ce1d3-1f2e-47ae-bab7-b9ad7cebcf35,40000kbps_2160p_59_94fps_hevc,cutting_orange_tuil@display=center_crop_720p
40000kbps_2160p_59_94fps_hevc,15000kbps_2160p_59_94fps_h264,beff4b9a-d9d9-47fd-9a5a-957121f0c5c7,40000kbps_2160p_59_94fps_hevc,cutting_orange_tuil@display=center_crop_720p
40000kbps_2160p_59_94fps_hevc,40000kbps_2160p_59_94fps_hevc,09fa6237-0870-4117-b13c-fcb18fa8af27,15000kbps_2160p_59_94fps_h264,cutting_orange_tuil@display=center_crop_720p
40000kbps_2160p_59_94fps_hevc,15000kbps_2160p_59_94fps_h264,8442cf6b-8195-4e1d-af14-ca5e95d7ac31,40000kbps_2160p_59_94fps_hevc,cutting_orange_tuil@display=center_crop_720p
40000kbps_2160p_59_94fps_hevc,15000kbps_2160p_59_94fps_h264,d062a4ae-4fee-4995-916f-c0f902887e35,40000kbps_2160p_59_94fps_hevc,cutting_orange_tuil@display=center_crop_720p
,15000kbps_2160p_59_94fps_h264,d062a4ae-4fee-4995-916f-c0f902887e35,40000kbps_2160p_59_94fps_hevc,cutting_orange_tuil@display=center_crop_720p
,40000kbps_2160p_59_94fps_hevc,690650c7-9119-497a-9747-ace85cd8f32f,15000kbps_2160p_59_94fps_h264,cutting_orange_tuil@display=center_crop_720p
,40000kbps_2160p_59_94fps_hevc,a8606522-5663-4cbe-8135-ea430251548e,15000kbps_2160p_59_94fps_h264,cutting_orange_tuil@display=center_crop_720p
40000kbps_2160p_59_94fps_hevc,40000kbps_2160p_59_94fps_hevc,2c7eb8e5-818b-4175-9bc7-deb3a344aea0,15000kbps_2160p_59_94fps_vp9,cutting_orange_tuil@display=center_crop_720p
40000kbps_2160p_59_94fps_hevc,40000kbps_2160p_59_94fps_hevc,e18eb56d-39ea-408a-b9a3-fc88439e769c,15000kbps_2160p_59_94fps_vp9,cutting_orange_tuil@display=center_crop_720p
,15000kbps_2160p_59_94fps_vp9,72d9bb0c-c247-4367-b884-db4d1deb1646,40000kbps_2160p_59_94fps_hevc,cutting_orange_tuil@display=center_crop_720p
,15000kbps_2160p_59_94fps_vp9,65d93164-9167-4017-b686-d6408294b610,40000kbps_2160p_59_94fps_hevc,cutting_orange_tuil@display=center_crop_720p
,15000kbps_2160p_59_94fps_vp9,d062a4ae-4fee-4995-916f-c0f902887e35,40000kbps_2160p_59_94fps_hevc,cutting_orange_tuil@display=center_crop_720p
,40000kbps_2160p_59_94fps_hevc,68c89ee3-7042-4a33-86fa-e63c2d6d767e,15000kbps_2160p_59_94fps_vp9,cutting_orange_tuil@display=center_crop_720p
,40000kbps_2160p_59_94fps_hevc,5df32126-f164-45f0-9b62-c03ffba8b152,15000kbps_2160p_59_94fps_vp9,cutting_orange_tuil@display=center_crop_720p
40000kbps_2160p_59_94fps_hevc,15000kbps_2160p_59_94fps_vp9,bd70f9a3-69aa-492e-92fe-e1ba35387699,40000kbps_2160p_59_94fps_hevc,cutting_orange_tuil@display=center_crop_720p
40000kbps_2160p_59_94fps_hevc,15000kbps_2160p_59_94fps_vp9,ec8f18b5-396a-4035-983d-14bd32d5820d,40000kbps_2160p_59_94fps_hevc,cutting_orange_tuil@display=center_crop_720p
,15000kbps_2160p_59_94fps_vp9,d062a4ae-4fee-4995-916f-c0f902887e35,40000kbps_2160p_59_94fps_hevc,cutting_orange_tuil@display=center_crop_720p
7500kbps_2160p_59_94fps_hevc,7500kbps_2160p_59_94fps_hevc,1215e8a6-42c2-485d-bbee-5c6ca1be2493,15000kbps_2160p_59_94fps_hevc,cutting_orange_tuil@display=center_crop_720p
15000kbps_2160p_59_94fps_hevc,15000kbps_2160p_59_94fps_hevc,cfe7f1d6-4a45-4bbf-9396-de92c79e6c63,7500kbps_2160p_59_94fps_hevc,cutting_orange_tuil@display=center_crop_720p
7500kbps_2160p_59_94fps_hevc,7500kbps_2160p_59_94fps_hevc,0ef415ae-10b7-4d79-b0cd-ae471a0a1cd0,15000kbps_2160p_59_94fps_hevc,cutting_orange_tuil@display=center_crop_720p
,7500kbps_2160p_59_94fps_hevc,1215e8a6-42c2-485d-bbee-5c6ca1be2493,15000kbps_2160p_59_94fps_hevc,cutting_orange_tuil@display=center_crop_720p
15000kbps_2160p_59_94fps_hevc,7500kbps_2160p_59_94fps_hevc,d0c36760-0f38-4c88-a492-4bb9b3bc2167,15000kbps_2160p_59_94fps_hevc,cutting_orange_tuil@display=center_crop_720p
,7500kbps_2160p_59_94fps_hevc,aaf964ce-819e-4c76-9a16-6d23c2d717ba,15000kbps_2160p_59_94fps_hevc,cutting_orange_tuil@display=center_crop_720p
15000kbps_2160p_59_94fps_hevc,7500kbps_2160p_59_94fps_hevc,afd72cf7-ca0d-4bba-8bf1-909cb9b56e88,15000kbps_2160p_59_94fps_hevc,cutting_orange_tuil@display=center_crop_720p
15000kbps_2160p_59_94fps_hevc,7500kbps_2160p_59_94fps_hevc,1215e8a6-42c2-485d-bbee-5c6ca1be2493,15000kbps_2160p_59_94fps_hevc,cutting_orange_tuil@display=center_crop_720p
,15000kbps_2160p_59_94fps_hevc,d062a4ae-4fee-4995-916f-c0f902887e35,7500kbps_2160p_59_94fps_hevc,cutting_orange_tuil@display=center_crop_720p
,15000kbps_2160p_59_94fps_hevc,1f357e72-ff19-440e-8df6-fd3e87cd52bd,7500kbps_2160p_59_94fps_hevc,cutting_orange_tuil@display=center_crop_720p
7500kbps_2160p_59_94fps_hevc,7500kbps_2160p_59_94fps_hevc,b2f89705-9709-44d6-995f-730575282824,40000kbps_2160p_59_94fps_h264,cutting_orange_tuil@display=center_crop_720p
40000kbps_2160p_59_94fps_h264,7500kbps_2160p_59_94fps_hevc,e0adaaa5-1f9d-4cb1-838d-782103297163,40000kbps_2160p_59_94fps_h264,cutting_orange_tuil@display=center_crop_720p
,7500kbps_2160p_59_94fps_hevc,743488ab-4387-40b6-8dd7-89cacd9486e9,40000kbps_2160p_59_94fps_h264,cutting_orange_tuil@display=center_crop_720p
40000kbps_2160p_59_94fps_h264,7500kbps_2160p_59_94fps_hevc,b2f89705-9709-44d6-995f-730575282824,40000kbps_2160p_59_94fps_h264,cutting_orange_tuil@display=center_crop_720p
40000kbps_2160p_59_94fps_h264,7500kbps_2160p_59_94fps_hevc,19247917-dc22-416c-a41d-be236ec8205a,40000kbps_2160p_59_94fps_h264,cutting_orange_tuil@display=center_crop_720p
,40000kbps_2160p_59_94fps_h264,d062a4ae-4fee-4995-916f-c0f902887e35,7500kbps_2160p_59_94fps_hevc,cutting_orange_tuil@display=center_crop_720p
,7500kbps_2160p_59_94fps_hevc,e0adaaa5-1f9d-4cb1-838d-782103297163,40000kbps_2160p_59_94fps_h264,cutting_orange_tuil@display=center_crop_720p
,7500kbps_2160p_59_94fps_hevc,daaf86ce-b78b-4b0f-b2d9-01df218aa413,40000kbps_2160p_59_94fps_h264,cutting_orange_tuil@display=center_crop_720p
40000kbps_2160p_59_94fps_h264,40000kbps_2160p_59_94fps_h264,0f86ed88-2d09-4d41-aa40-de0545f23360,7500kbps_2160p_59_94fps_hevc,cutting_orange_tuil@display=center_crop_720p
7500kbps_2160p_59_94fps_hevc,40000kbps_2160p_59_94fps_h264,29adab82-af7e-40b2-9935-c90b63fb7200,7500kbps_2160p_59_94fps_hevc,cutting_orange_tuil@display=center_crop_720p
,7500kbps_2160p_59_94fps_h264,d062a4ae-4fee-4995-916f-c0f902887e35,7500kbps_2160p_59_94fps_hevc,cutting_orange_tuil@display=center_crop_720p
7500kbps_2160p_59_94fps_hevc,7500kbps_2160p_59_94fps_hevc,a7ba017e-55da-48cd-be52-b24f021f0e7f,7500kbps_2160p_59_94fps_h264,cutting_orange_tuil@display=center_crop_720p
,7500kbps_2160p_59_94fps_h264,7e8b3c9e-ed4e-4cd0-904e-0c2144db1008,7500kbps_2160p_59_94fps_hevc,cutting_orange_tuil@display=center_crop_720p
7500kbps_2160p_59_94fps_hevc,7500kbps_2160p_59_94fps_hevc,1769563f-5b2e-49e3-9a5e-aa665fdb664e,7500kbps_2160p_59_94fps_h264,cutting_orange_tuil@display=center_crop_720p
7500kbps_2160p_59_94fps_hevc,7500kbps_2160p_59_94fps_hevc,fb6c7720-9e13-4bda-93b9-b82c53a2f9ec,7500kbps_2160p_59_94fps_h264,cutting_orange_tuil@display=center_crop_720p
,7500kbps_2160p_59_94fps_hevc,d062a4ae-4fee-4995-916f-c0f902887e35,7500kbps_2160p_59_94fps_h264,cutting_orange_tuil@display=center_crop_720p
7500kbps_2160p_59_94fps_h264,7500kbps_2160p_59_94fps_h264,228a389a-984c-4887-8124-dc6348d10f7b,7500kbps_2160p_59_94fps_hevc,cutting_orange_tuil@display=center_crop_720p
7500kbps_2160p_59_94fps_h264,7500kbps_2160p_59_94fps_hevc,228a389a-984c-4887-8124-dc6348d10f7b,7500kbps_2160p_59_94fps_h264,cutting_orange_tuil@display=center_crop_720p
7500kbps_2160p_59_94fps_h264,7500kbps_2160p_59_94fps_h264,37990ada-86e1-4448-9bd1-a05516904e6b,7500kbps_2160p_59_94fps_hevc,cutting_orange_tuil@display=center_crop_720p
,7500kbps_2160p_59_94fps_hevc,d062a4ae-4fee-4995-916f-c0f902887e35,7500kbps_2160p_59_94fps_h264,cutting_orange_tuil@display=center_crop_720p
59720kbps_2160p_59_94fps_hevc,3484kbps_2160p_59_94fps_hevc,fe21171c-8267-4704-bdc3-1850451316df,59720kbps_2160p_59_94fps_hevc,cutting_orange_tuil_8s@display=center_crop_720p
3484kbps_2160p_59_94fps_hevc,59720kbps_2160p_59_94fps_hevc,b002868b-0aac-480d-9139-8e807273fe21,3484kbps_2160p_59_94fps_hevc,cutting_orange_tuil_8s@display=center_crop_720p
59720kbps_2160p_59_94fps_hevc,3484kbps_2160p_59_94fps_hevc,e3299900-e057-461f-ba38-07d225535439,59720kbps_2160p_59_94fps_hevc,cutting_orange_tuil_8s@display=center_crop_720p
3484kbps_2160p_59_94fps_hevc,3484kbps_2160p_59_94fps_hevc,67ec1054-59e7-420c-99bb-1fa0f05bc32b,59720kbps_2160p_59_94fps_hevc,cutting_orange_tuil_8s@display=center_crop_720p
,3484kbps_2160p_59_94fps_hevc,893cc349-474d-4bac-9d36-7f321479eff9,59720kbps_2160p_59_94fps_hevc,cutting_orange_tuil_8s@display=center_crop_720p
,3484kbps_2160p_59_94fps_hevc,3ca889a7-f214-41ab-bc55-9d53f82436cd,59720kbps_2160p_59_94fps_hevc,cutting_orange_tuil_8s@display=center_crop_720p
,3484kbps_2160p_59_94fps_hevc,fb6c7720-9e13-4bda-93b9-b82c53a2f9ec,59720kbps_2160p_59_94fps_hevc,cutting_orange_tuil_8s@display=center_crop_720p
,3484kbps_2160p_59_94fps_hevc,fe21171c-8267-4704-bdc3-1850451316df,59720kbps_2160p_59_94fps_hevc,cutting_orange_tuil_8s@display=center_crop_720p
3484kbps_2160p_59_94fps_hevc,3484kbps_2160p_59_94fps_hevc,fb6c7720-9e13-4bda-93b9-b82c53a2f9ec,59720kbps_2160p_59_94fps_hevc,cutting_orange_tuil_8s@display=center_crop_720p
,3484kbps_2160p_59_94fps_hevc,fe21171c-8267-4704-bdc3-1850451316df,59720kbps_2160p_59_94fps_hevc,cutting_orange_tuil_8s@display=center_crop_720p
3484kbps_2160p_59_94fps_hevc,3484kbps_2160p_59_94fps_hevc,c49850c3-7323-4a2a-98c6-1fc2e0acf12c,3484kbps_2160p_59_94fps_h264,cutting_orange_tuil_8s@display=center_crop_720p
,3484kbps_2160p_59_94fps_h264,81c88a9d-cc8f-4851-9e78-8320e03d2180,3484kbps_2160p_59_94fps_hevc,cutting_orange_tuil_8s@display=center_crop_720p
3484kbps_2160p_59_94fps_hevc,3484kbps_2160p_59_94fps_hevc,0f7571f9-aee0-41fc-85ea-19ea3d296c37,3484kbps_2160p_59_94fps_h264,cutting_orange_tuil_8s@display=center_crop_720p
3484kbps_2160p_59_94fps_hevc,3484kbps_2160p_59_94fps_hevc,fe21171c-8267-4704-bdc3-1850451316df,3484kbps_2160p_59_94fps_h264,cutting_orange_tuil_8s@display=center_crop_720p
3484kbps_2160p_59_94fps_hevc,3484kbps_2160p_59_94fps_hevc,fe21171c-8267-4704-bdc3-1850451316df,3484kbps_2160p_59_94fps_h264,cutting_orange_tuil_8s@display=center_crop_720p
3484kbps_2160p_59_94fps_hevc,3484kbps_2160p_59_94fps_hevc,0259373b-1f23-4414-961a-3412d32497a1,3484kbps_2160p_59_94fps_h264,cutting_orange_tuil_8s@display=center_crop_720p
3484kbps_2160p_59_94fps_hevc,3484kbps_2160p_59_94fps_h264,17d8f323-de70-477b-9c54-e55ee1437488,3484kbps_2160p_59_94fps_hevc,cutting_orange_tuil_8s@display=center_crop_720p
,3484kbps_2160p_59_94fps_hevc,fe21171c-8267-4704-bdc3-1850451316df,3484kbps_2160p_59_94fps_h264,cutting_orange_tuil_8s@display=center_crop_720p
,3484kbps_2160p_59_94fps_h264,bd097813-7fc3-4301-b939-643d0af728a1,3484kbps_2160p_59_94fps_hevc,cutting_orange_tuil_8s@display=center_crop_720p
,3484kbps_2160p_59_94fps_h264,fe21171c-8267-4704-bdc3-1850451316df,3484kbps_2160p_59_94fps_hevc,cutting_orange_tuil_8s@display=center_crop_720p
59720kbps_2160p_59_94fps_hevc,40974kbps_2160p_59_94fps_hevc,67ec1054-59e7-420c-99bb-1fa0f05bc32b,59720kbps_2160p_59_94fps_hevc,cutting_orange_tuil_8s@display=center_crop_720p
40974kbps_2160p_59_94fps_hevc,59720kbps_2160p_59_94fps_hevc,e3299900-e057-461f-ba38-07d225535439,40974kbps_2160p_59_94fps_hevc,cutting_orange_tuil_8s@display=center_crop_720p
,59720kbps_2160p_59_94fps_hevc,fe21171c-8267-4704-bdc3-1850451316df,40974kbps_2160p_59_94fps_hevc,cutting_orange_tuil_8s@display=center_crop_720p
,40974kbps_2160p_59_94fps_hevc,f1d4d12e-0254-4b4a-b175-2e453553ff4d,59720kbps_2160p_59_94fps_hevc,cutting_orange_tuil_8s@display=center_crop_720p
59720kbps_2160p_59_94fps_hevc,59720kbps_2160p_59_94fps_hevc,5135cb57-2a91-4b0d-b4dc-1cd649f52d0f,40974kbps_2160p_59_94fps_hevc,cutting_orange_tuil_8s@display=center_crop_720p
,59720kbps_2160p_59_94fps_hevc,67cac82e-e60a-4a5b-849f-ff4a58a1b8ec,40974kbps_2160p_59_94fps_hevc,cutting_orange_tuil_8s@display=center_crop_720p
59720kbps_2160p_59_94fps_hevc,59720kbps_2160p_59_94fps_hevc,8cea155c-161f-4e60-9b74-b27c6dc55c81,40974kbps_2160p_59_94fps_hevc,cutting_orange_tuil_8s@display=center_crop_720p
,40974kbps_2160p_59_94fps_hevc,0a11d091-b466-4b8f-b1e2-56415f01204f,59720kbps_2160p_59_94fps_hevc,cutting_orange_tuil_8s@display=center_crop_720p
,40974kbps_2160p_59_94fps_hevc,46d45e60-3182-42a7-b102-d17e5bc40200,59720kbps_2160p_59_94fps_hevc,cutting_orange_tuil_8s@display=center_crop_720p
,40974kbps_2160p_59_94fps_hevc,fe21171c-8267-4704-bdc3-1850451316df,59720kbps_2160p_59_94fps_hevc,cutting_orange_tuil_8s@display=center_crop_720p
,15000kbps_2160p_59_94fps_hevc,fe21171c-8267-4704-bdc3-1850451316df,15000kbps_2160p_59_94fps_vp9,vegetables_tuil@display=center_crop_720p
15000kbps_2160p_59_94fps_hevc,15000kbps_2160p_59_94fps_hevc,f3051181-7c56-4891-afda-bfed1cb734e1,15000kbps_2160p_59_94fps_vp9,vegetables_tuil@display=center_crop_720p
,15000kbps_2160p_59_94fps_vp9,4a881e60-d934-480e-bac4-1f9d14b095c7,15000kbps_2160p_59_94fps_hevc,vegetables_tuil@display=center_crop_720p
,15000kbps_2160p_59_94fps_hevc,4a881e60-d934-480e-bac4-1f9d14b095c7,15000kbps_2160p_59_94fps_vp9,vegetables_tuil@display=center_crop_720p
15000kbps_2160p_59_94fps_vp9,15000kbps_2160p_59_94fps_vp9,988b6b80-ffc2-43de-aa0f-9a64267d3b2d,15000kbps_2160p_59_94fps_hevc,vegetables_tuil@display=center_crop_720p
15000kbps_2160p_59_94fps_hevc,15000kbps_2160p_59_94fps_vp9,7f06f2cf-9d5d-47db-b8d6-04608268bdd8,15000kbps_2160p_59_94fps_hevc,vegetables_tuil@display=center_crop_720p
15000kbps_2160p_59_94fps_hevc,15000kbps_2160p_59_94fps_hevc,dfd6da40-bceb-4416-bdc1-f638a4940ac5,15000kbps_2160p_59_94fps_vp9,vegetables_tuil@display=center_crop_720p
15000kbps_2160p_59_94fps_hevc,15000kbps_2160p_59_94fps_hevc,29adab82-af7e-40b2-9935-c90b63fb7200,15000kbps_2160p_59_94fps_vp9,vegetables_tuil@display=center_crop_720p
,15000kbps_2160p_59_94fps_vp9,74d5e5ae-6320-403e-8130-8f81d73cd2cb,15000kbps_2160p_59_94fps_hevc,vegetables_tuil@display=center_crop_720p
15000kbps_2160p_59_94fps_hevc,15000kbps_2160p_59_94fps_vp9,1d2d9791-4db4-4b0d-9f5b-b7ac57248c04,15000kbps_2160p_59_94fps_hevc,vegetables_tuil@display=center_crop_720p
,40000kbps_2160p_59_94fps_vp9,fe21171c-8267-4704-bdc3-1850451316df,7500kbps_2160p_59_94fps_vp9,cutting_orange_tuil@display=center_crop_720p
,7500kbps_2160p_59_94fps_vp9,c49850c3-7323-4a2a-98c6-1fc2e0acf12c,40000kbps_2160p_59_94fps_vp9,cutting_orange_tuil@display=center_crop_720p
40000kbps_2160p_59_94fps_vp9,7500kbps_2160p_59_94fps_vp9,a088b6d6-c233-4894-9edb-af752372dc95,40000kbps_2160p_59_94fps_vp9,cutting_orange_tuil@display=center_crop_720p
,7500kbps_2160p_59_94fps_vp9,bb6cca1f-9042-4f5a-b9c7-4f02a610c3b1,40000kbps_2160p_59_94fps_vp9,cutting_orange_tuil@display=center_crop_720p
,40000kbps_2160p_59_94fps_vp9,bb6cca1f-9042-4f5a-b9c7-4f02a610c3b1,7500kbps_2160p_59_94fps_vp9,cutting_orange_tuil@display=center_crop_720p
40000kbps_2160p_59_94fps_vp9,7500kbps_2160p_59_94fps_vp9,200ca2a2-54a0-4e55-9512-a6af8138234e,40000kbps_2160p_59_94fps_vp9,cutting_orange_tuil@display=center_crop_720p
7500kbps_2160p_59_94fps_vp9,7500kbps_2160p_59_94fps_vp9,15cf1be7-49a5-4b31-abac-f1b73a3145ee,40000kbps_2160p_59_94fps_vp9,cutting_orange_tuil@display=center_crop_720p
,40000kbps_2160p_59_94fps_vp9,243a5278-51f5-48b6-9ea0-515a2f0d3081,7500kbps_2160p_59_94fps_vp9,cutting_orange_tuil@display=center_crop_720p
40000kbps_2160p_59_94fps_vp9,40000kbps_2160p_59_94fps_vp9,5135cb57-2a91-4b0d-b4dc-1cd649f52d0f,7500kbps_2160p_59_94fps_vp9,cutting_orange_tuil@display=center_crop_720p
,7500kbps_2160p_59_94fps_vp9,3b3a2aed-9878-4103-8123-069aa9f69bff,40000kbps_2160p_59_94fps_vp9,cutting_orange_tuil@display=center_crop_720p
40000kbps_2160p_59_94fps_vp9,7500kbps_2160p_59_94fps_h264,4738cba8-0d09-4d03-9352-5632bee3d8e4,40000kbps_2160p_59_94fps_vp9,water_netflix@display=center_crop_720p
40000kbps_2160p_59_94fps_vp9,7500kbps_2160p_59_94fps_h264,a9132cf2-2408-4996-b7f7-c1f6d2fa7f7d,40000kbps_2160p_59_94fps_vp9,water_netflix@display=center_crop_720p
40000kbps_2160p_59_94fps_vp9,7500kbps_2160p_59_94fps_h264,03d58213-5e8a-435c-bc94-fa00b0f27f1b,40000kbps_2160p_59_94fps_vp9,water_netflix@display=center_crop_720p
40000kbps_2160p_59_94fps_vp9,40000kbps_2160p_59_94fps_vp9,200ca2a2-54a0-4e55-9512-a6af8138234e,7500kbps_2160p_59_94fps_h264,water_netflix@display=center_crop_720p
40000kbps_2160p_59_94fps_vp9,7500kbps_2160p_59_94fps_h264,03d58213-5e8a-435c-bc94-fa00b0f27f1b,40000kbps_2160p_59_94fps_vp9,water_netflix@display=center_crop_720p
40000kbps_2160p_59_94fps_vp9,7500kbps_2160p_59_94fps_h264,1769563f-5b2e-49e3-9a5e-aa665fdb664e,40000kbps_2160p_59_94fps_vp9,water_netflix@display=center_crop_720p
40000kbps_2160p_59_94fps_vp9,40000kbps_2160p_59_94fps_vp9,fb7f664d-92a4-47c9-9207-2dab88f6ed8a,7500kbps_2160p_59_94fps_h264,water_netflix@display=center_crop_720p
40000kbps_2160p_59_94fps_vp9,7500kbps_2160p_59_94fps_h264,75e596f0-e437-48b5-9d57-03b88a506f79,40000kbps_2160p_59_94fps_vp9,water_netflix@display=center_crop_720p
40000kbps_2160p_59_94fps_vp9,40000kbps_2160p_59_94fps_vp9,690650c7-9119-497a-9747-ace85cd8f32f,7500kbps_2160p_59_94fps_h264,water_netflix@display=center_crop_720p
40000kbps_2160p_59_94fps_vp9,40000kbps_2160p_59_94fps_vp9,0619f686-0cae-46d5-9a04-00b6b9c433c1,7500kbps_2160p_59_94fps_h264,water_netflix@display=center_crop_720p
40000kbps_2160p_59_94fps_h264,7500kbps_2160p_59_94fps_h264,8cea155c-161f-4e60-9b74-b27c6dc55c81,40000kbps_2160p_59_94fps_h264,vegetables_tuil@display=center_crop_720p
,7500kbps_2160p_59_94fps_h264,0619f686-0cae-46d5-9a04-00b6b9c433c1,40000kbps_2160p_59_94fps_h264,vegetables_tuil@display=center_crop_720p
,40000kbps_2160p_59_94fps_h264,ba0387cc-377b-45a6-8225-86a54c8e77bf,7500kbps_2160p_59_94fps_h264,vegetables_tuil@display=center_crop_720p
7500kbps_2160p_59_94fps_h264,40000kbps_2160p_59_94fps_h264,d72d9c60-71ce-409e-936a-c6a7c65c2693,7500kbps_2160p_59_94fps_h264,vegetables_tuil@display=center_crop_720p
40000kbps_2160p_59_94fps_h264,7500kbps_2160p_59_94fps_h264,03d58213-5e8a-435c-bc94-fa00b0f27f1b,40000kbps_2160p_59_94fps_h264,vegetables_tuil@display=center_crop_720p
,7500kbps_2160p_59_94fps_h264,a35a2ee2-ddeb-415b-b200-0880cb9d485c,40000kbps_2160p_59_94fps_h264,vegetables_tuil@display=center_crop_720p
,40000kbps_2160p_59_94fps_h264,893cc349-474d-4bac-9d36-7f321479eff9,7500kbps_2160p_59_94fps_h264,vegetables_tuil@display=center_crop_720p
40000kbps_2160p_59_94fps_h264,7500kbps_2160p_59_94fps_h264,72826188-8025-4e87-b7c2-0879f8ae2022,40000kbps_2160p_59_94fps_h264,vegetables_tuil@display=center_crop_720p
40000kbps_2160p_59_94fps_h264,40000kbps_2160p_59_94fps_h264,015f6620-e573-4ac7-a827-3a46dff55315,7500kbps_2160p_59_94fps_h264,vegetables_tuil@display=center_crop_720p
7500kbps_2160p_59_94fps_h264,40000kbps_2160p_59_94fps_h264,fb6c7720-9e13-4bda-93b9-b82c53a2f9ec,7500kbps_2160p_59_94fps_h264,vegetables_tuil@display=center_crop_720p
15000kbps_2160p_59_94fps_vp9,15000kbps_2160p_59_94fps_h264,03d58213-5e8a-435c-bc94-fa00b0f27f1b,15000kbps_2160p_59_94fps_vp9,vegetables_tuil@display=center_crop_720p
,15000kbps_2160p_59_94fps_h264,74d1c2af-afc2-46b0-8a55-d3ea706a0e09,15000kbps_2160p_59_94fps_vp9,vegetables_tuil@display=center_crop_720p
15000kbps_2160p_59_94fps_h264,15000kbps_2160p_59_94fps_h264,0619f686-0cae-46d5-9a04-00b6b9c433c1,15000kbps_2160p_59_94fps_vp9,vegetables_tuil@display=center_crop_720p
15000kbps_2160p_59_94fps_h264,15000kbps_2160p_59_94fps_vp9,2ea7b247-ca61-4ef8-8310-e4f62b6c9656,15000kbps_2160p_59_94fps_h264,vegetables_tuil@display=center_crop_720p
,15000kbps_2160p_59_94fps_vp9,40e07f13-a12f-42e3-a088-f1e648f0bc26,15000kbps_2160p_59_94fps_h264,vegetables_tuil@display=center_crop_720p
,15000kbps_2160p_59_94fps_h264,40e07f13-a12f-42e3-a088-f1e648f0bc26,15000kbps_2160p_59_94fps_vp9,vegetables_tuil@display=center_crop_720p
,15000kbps_2160p_59_94fps_h264,0619f686-0cae-46d5-9a04-00b6b9c433c1,15000kbps_2160p_59_94fps_vp9,vegetables_tuil@display=center_crop_720p
,15000kbps_2160p_59_94fps_h264,45ce7140-79ea-480a-879d-e9cdf9fef9c7,15000kbps_2160p_59_94fps_vp9,vegetables_tuil@display=center_crop_720p
,15000kbps_2160p_59_94fps_vp9,f79ea36f-a935-4d76-b4ff-960b05924dcd,15000kbps_2160p_59_94fps_h264,vegetables_tuil@display=center_crop_720p
,15000kbps_2160p_59_94fps_h264,7740f956-7828-453f-8936-138ace5e608c,15000kbps_2160p_59_94fps_vp9,vegetables_tuil@display=center_crop_720p
,3484kbps_2160p_59_94fps_h264,40e07f13-a12f-42e3-a088-f1e648f0bc26,40974kbps_2160p_59_94fps_h264,cutting_orange_tuil_8s@display=center_crop_720p
40974kbps_2160p_59_94fps_h264,3484kbps_2160p_59_94fps_h264,8ad89de3-6579-4fcb-9f42-62964d0c1b5d,40974kbps_2160p_59_94fps_h264,cutting_orange_tuil_8s@display=center_crop_720p
,40974kbps_2160p_59_94fps_h264,40e07f13-a12f-42e3-a088-f1e648f0bc26,3484kbps_2160p_59_94fps_h264,cutting_orange_tuil_8s@display=center_crop_720p
40974kbps_2160p_59_94fps_h264,40974kbps_2160p_59_94fps_h264,243a5278-51f5-48b6-9ea0-515a2f0d3081,3484kbps_2160p_59_94fps_h264,cutting_orange_tuil_8s@display=center_crop_720p
40974kbps_2160p_59_94fps_h264,40974kbps_2160p_59_94fps_h264,40e07f13-a12f-42e3-a088-f1e648f0bc26,3484kbps_2160p_59_94fps_h264,cutting_orange_tuil_8s@display=center_crop_720p
40974kbps_2160p_59_94fps_h264,40974kbps_2160p_59_94fps_h264,3f3b24c7-3ace-49f2-9b57-47769682e64c,3484kbps_2160p_59_94fps_h264,cutting_orange_tuil_8s@display=center_crop_720p
,40974kbps_2160p_59_94fps_h264,690650c7-9119-497a-9747-ace85cd8f32f,3484kbps_2160p_59_94fps_h264,cutting_orange_tuil_8s@display=center_crop_720p
40974kbps_2160p_59_94fps_h264,3484kbps_2160p_59_94fps_h264,1e5f1b62-657f-4f0b-8ba6-975cd9482d45,40974kbps_2160p_59_94fps_h264,cutting_orange_tuil_8s@display=center_crop_720p
40974kbps_2160p_59_94fps_h264,3484kbps_2160p_59_94fps_h264,9f78d5de-44ed-4ade-8350-91d15d08660f,40974kbps_2160p_59_94fps_h264,cutting_orange_tuil_8s@display=center_crop_720p
40974kbps_2160p_59_94fps_h264,3484kbps_2160p_59_94fps_h264,9f78d5de-44ed-4ade-8350-91d15d08660f,40974kbps_2160p_59_94fps_h264,cutting_orange_tuil_8s@display=center_crop_720p
15000kbps_2160p_59_94fps_h264,15000kbps_2160p_59_94fps_vp9,9f78d5de-44ed-4ade-8350-91d15d08660f,15000kbps_2160p_59_94fps_h264,cutting_orange_tuil@display=center_crop_720p
15000kbps_2160p_59_94fps_vp9,15000kbps_2160p_59_94fps_h264,015f6620-e573-4ac7-a827-3a46dff55315,15000kbps_2160p_59_94fps_vp9,cutting_orange_tuil@display=center_crop_720p
,15000kbps_2160p_59_94fps_h264,39da6bfe-8e4d-4f5c-a80e-f74e3bfa62a5,15000kbps_2160p_59_94fps_vp9,cutting_orange_tuil@display=center_crop_720p
,15000kbps_2160p_59_94fps_vp9,40e07f13-a12f-42e3-a088-f1e648f0bc26,15000kbps_2160p_59_94fps_h264,cutting_orange_tuil@display=center_crop_720p
,15000kbps_2160p_59_94fps_vp9,ca0b6ada-b677-448c-848a-adbd7a537aab,15000kbps_2160p_59_94fps_h264,cutting_orange_tuil@display=center_crop_720p
15000kbps_2160p_59_94fps_h264,15000kbps_2160p_59_94fps_h264,03d58213-5e8a-435c-bc94-fa00b0f27f1b,15000kbps_2160p_59_94fps_vp9,cutting_orange_tuil@display=center_crop_720p
15000kbps_2160p_59_94fps_h264,15000kbps_2160p_59_94fps_h264,09e18e7a-1037-415d-b9ad-451f4c29ae18,15000kbps_2160p_59_94fps_vp9,cutting_orange_tuil@display=center_crop_720p
15000kbps_2160p_59_94fps_h264,15000kbps_2160p_59_94fps_h264,40e07f13-a12f-42e3-a088-f1e648f0bc26,15000kbps_2160p_59_94fps_vp9,cutting_orange_tuil@display=center_crop_720p
15000kbps_2160p_59_94fps_vp9,15000kbps_2160p_59_94fps_h264,988b6b80-ffc2-43de-aa0f-9a64267d3b2d,15000kbps_2160p_59_94fps_vp9,cutting_orange_tuil@display=center_crop_720p
15000kbps_2160p_59_94fps_vp9,15000kbps_2160p_59_94fps_h264,03d58213-5e8a-435c-bc94-fa00b0f27f1b,15000kbps_2160p_59_94fps_vp9,cutting_orange_tuil@display=center_crop_720p
7500kbps_2160p_59_94fps_vp9,15000kbps_2160p_59_94fps_hevc,1769563f-5b2e-49e3-9a5e-aa665fdb664e,7500kbps_2160p_59_94fps_vp9,water_netflix@display=center_crop_720p
15000kbps_2160p_59_94fps_hevc,15000kbps_2160p_59_94fps_hevc,15cf1be7-49a5-4b31-abac-f1b73a3145ee,7500kbps_2160p_59_94fps_vp9,water_netflix@display=center_crop_720p
7500kbps_2160p_59_94fps_vp9,7500kbps_2160p_59_94fps_vp9,03d58213-5e8a-435c-bc94-fa00b0f27f1b,15000kbps_2160p_59_94fps_hevc,water_netflix@display=center_crop_720p
15000kbps_2160p_59_94fps_hevc,15000kbps_2160p_59_94fps_hevc,f79ea36f-a935-4d76-b4ff-960b05924dcd,7500kbps_2160p_59_94fps_vp9,water_netflix@display=center_crop_720p
,7500kbps_2160p_59_94fps_vp9,61b10c11-f67f-4d83-959a-7bcfbea45139,15000kbps_2160p_59_94fps_hevc,water_netflix@display=center_crop_720p
15000kbps_2160p_59_94fps_hevc,15000kbps_2160p_59_94fps_hevc,79926a79-3d5c-49b0-b064-0f3b43c66b71,7500kbps_2160p_59_94fps_vp9,water_netflix@display=center_crop_720p
,15000kbps_2160p_59_94fps_hevc,03d58213-5e8a-435c-bc94-fa00b0f27f1b,7500kbps_2160p_59_94fps_vp9,water_netflix@display=center_crop_720p
7500kbps_2160p_59_94fps_vp9,7500kbps_2160p_59_94fps_vp9,6f326bd6-a511-4b7a-9de9-417d8a5318b5,15000kbps_2160p_59_94fps_hevc,water_netflix@display=center_crop_720p
,15000kbps_2160p_59_94fps_hevc,fb7f664d-92a4-47c9-9207-2dab88f6ed8a,7500kbps_2160p_59_94fps_vp9,water_netflix@display=center_crop_720p
7500kbps_2160p_59_94fps_vp9,7500kbps_2160p_59_94fps_vp9,d72d9c60-71ce-409e-936a-c6a7c65c2693,15000kbps_2160p_59_94fps_hevc,water_netflix@display=center_crop_720p
,7500kbps_2160p_59_94fps_vp9,78035481-fe21-457c-b86d-dfbc7c4c368d,40000kbps_2160p_59_94fps_vp9,vegetables_tuil@display=center_crop_720p
,7500kbps_2160p_59_94fps_vp9,fb267fbe-2773-414c-b61c-b69f42b58762,40000kbps_2160p_59_94fps_vp9,vegetables_tuil@display=center_crop_720p
40000kbps_2160p_59_94fps_vp9,7500kbps_2160p_59_94fps_vp9,7f06f2cf-9d5d-47db-b8d6-04608268bdd8,40000kbps_2160p_59_94fps_vp9,vegetables_tuil@display=center_crop_720p
,40000kbps_2160p_59_94fps_vp9,40e07f13-a12f-42e3-a088-f1e648f0bc26,7500kbps_2160p_59_94fps_vp9,vegetables_tuil@display=center_crop_720p
7500kbps_2160p_59_94fps_vp9,40000kbps_2160p_59_94fps_vp9,1008bca0-3330-4f98-890f-83518204dac9,7500kbps_2160p_59_94fps_vp9,vegetables_tuil@display=center_crop_720p
40000kbps_2160p_59_94fps_vp9,40000kbps_2160p_59_94fps_vp9,89e87a67-9f89-4d9d-bbd9-17cd9d613671,7500kbps_2160p_59_94fps_vp9,vegetables_tuil@display=center_crop_720p
7500kbps_2160p_59_94fps_vp9,40000kbps_2160p_59_94fps_vp9,cfe7f1d6-4a45-4bbf-9396-de92c79e6c63,7500kbps_2160p_59_94fps_vp9,vegetables_tuil@display=center_crop_720p
7500kbps_2160p_59_94fps_vp9,40000kbps_2160p_59_94fps_vp9,03d58213-5e8a-435c-bc94-fa00b0f27f1b,7500kbps_2160p_59_94fps_vp9,vegetables_tuil@display=center_crop_720p
40000kbps_2160p_59_94fps_vp9,7500kbps_2160p_59_94fps_vp9,0f86ed88-2d09-4d41-aa40-de0545f23360,40000kbps_2160p_59_94fps_vp9,vegetables_tuil@display=center_crop_720p
40000kbps_2160p_59_94fps_vp9,7500kbps_2160p_59_94fps_vp9,37990ada-86e1-4448-9bd1-a05516904e6b,40000kbps_2160p_59_94fps_vp9,vegetables_tuil@display=center_crop_720p
40974kbps_2160p_59_94fps_h264,40974kbps_2160p_59_94fps_h264,ca0b6ada-b677-448c-848a-adbd7a537aab,3484kbps_2160p_59_94fps_hevc,cutting_orange_tuil_8s@display=center_crop_720p
40974kbps_2160p_59_94fps_h264,40974kbps_2160p_59_94fps_h264,03d58213-5e8a-435c-bc94-fa00b0f27f1b,3484kbps_2160p_59_94fps_hevc,cutting_orange_tuil_8s@display=center_crop_720p
40974kbps_2160p_59_94fps_h264,3484kbps_2160p_59_94fps_hevc,36c181d0-f9a1-4f75-a235-1e4891c6355d,40974kbps_2160p_59_94fps_h264,cutting_orange_tuil_8s@display=center_crop_720p
40974kbps_2160p_59_94fps_h264,3484kbps_2160p_59_94fps_hevc,4f832d5a-bd55-4616-a277-a2632893dc1d,40974kbps_2160p_59_94fps_h264,cutting_orange_tuil_8s@display=center_crop_720p
,3484kbps_2160p_59_94fps_hevc,8019643f-b4b4-4d34-8a45-a28abbcf8aef,40974kbps_2160p_59_94fps_h264,cutting_orange_tuil_8s@display=center_crop_720p
,40974kbps_2160p_59_94fps_h264,690650c7-9119-497a-9747-ace85cd8f32f,3484kbps_2160p_59_94fps_hevc,cutting_orange_tuil_8s@display=center_crop_720p
3484kbps_2160p_59_94fps_hevc,40974kbps_2160p_59_94fps_h264,c99f336d-2089-4274-95ce-cd1865a9787c,3484kbps_2160p_59_94fps_hevc,cutting_orange_tuil_8s@display=center_crop_720p
40974kbps_2160p_59_94fps_h264,3484kbps_2160p_59_94fps_hevc,03d58213-5e8a-435c-bc94-fa00b0f27f1b,40974kbps_2160p_59_94fps_h264,cutting_orange_tuil_8s@display=center_crop_720p
40974kbps_2160p_59_94fps_h264,3484kbps_2160p_59_94fps_hevc,a7ba017e-55da-48cd-be52-b24f021f0e7f,40974kbps_2160p_59_94fps_h264,cutting_orange_tuil_8s@display=center_crop_720p
3484kbps_2160p_59_94fps_hevc,40974kbps_2160p_59_94fps_h264,4794da0a-b39a-449f-9483-63a7c2b3f248,3484kbps_2160p_59_94fps_hevc,cutting_orange_tuil_8s@display=center_crop_720p
15000kbps_2160p_59_94fps_hevc,40000kbps_2160p_59_94fps_h264,03d58213-5e8a-435c-bc94-fa00b0f27f1b,15000kbps_2160p_59_94fps_hevc,vegetables_tuil@display=center_crop_720p
15000kbps_2160p_59_94fps_hevc,15000kbps_2160p_59_94fps_hevc,4067eb21-c8c2-4723-bc86-a1cab1f6d670,40000kbps_2160p_59_94fps_h264,vegetables_tuil@display=center_crop_720p
,40000kbps_2160p_59_94fps_h264,4067eb21-c8c2-4723-bc86-a1cab1f6d670,15000kbps_2160p_59_94fps_hevc,vegetables_tuil@display=center_crop_720p
40000kbps_2160p_59_94fps_h264,15000kbps_2160p_59_94fps_hevc,a19258eb-cbbd-4ef2-8d41-716d58719dee,40000kbps_2160p_59_94fps_h264,vegetables_tuil@display=center_crop_720p
40000kbps_2160p_59_94fps_h264,40000kbps_2160p_59_94fps_h264,dd09f622-1026-4a4b-95c2-6ac4366e33bf,15000kbps_2160p_59_94fps_hevc,vegetables_tuil@display=center_crop_720p
15000kbps_2160p_59_94fps_hevc,40000kbps_2160p_59_94fps_h264,860a94d4-e689-46d5-8a49-a1142fd97785,15000kbps_2160p_59_94fps_hevc,vegetables_tuil@display=center_crop_720p
15000kbps_2160p_59_94fps_hevc,40000kbps_2160p_59_94fps_h264,860a94d4-e689-46d5-8a49-a1142fd97785,15000kbps_2160p_59_94fps_hevc,vegetables_tuil@display=center_crop_720p
40000kbps_2160p_59_94fps_h264,15000kbps_2160p_59_94fps_hevc,ce4f4741-1199-4168-bde2-e3841e3c636c,40000kbps_2160p_59_94fps_h264,vegetables_tuil@display=center_crop_720p
40000kbps_2160p_59_94fps_h264,40000kbps_2160p_59_94fps_h264,cfe7f1d6-4a45-4bbf-9396-de92c79e6c63,15000kbps_2160p_59_94fps_hevc,vegetables_tuil@display=center_crop_720p
40000kbps_2160p_59_94fps_h264,40000kbps_2160p_59_94fps_h264,19247917-dc22-416c-a41d-be236ec8205a,15000kbps_2160p_59_94fps_hevc,vegetables_tuil@display=center_crop_720p
,59720kbps_2160p_59_94fps_hevc,a502b0da-a957-40ac-860f-b15da64700df,40974kbps_2160p_59_94fps_h264,cutting_orange_tuil_8s@display=center_crop_720p
,59720kbps_2160p_59_94fps_hevc,893cc349-474d-4bac-9d36-7f321479eff9,40974kbps_2160p_59_94fps_h264,cutting_orange_tuil_8s@display=center_crop_720p
,40974kbps_2160p_59_94fps_h264,4067eb21-c8c2-4723-bc86-a1cab1f6d670,59720kbps_2160p_59_94fps_hevc,cutting_orange_tuil_8s@display=center_crop_720p
59720kbps_2160p_59_94fps_hevc,59720kbps_2160p_59_94fps_hevc,19247917-dc22-416c-a41d-be236ec8205a,40974kbps_2160p_59_94fps_h264,cutting_orange_tuil_8s@display=center_crop_720p
,59720kbps_2160p_59_94fps_hevc,930059bc-9d85-4305-9da6-e7384c2f626d,40974kbps_2160p_59_94fps_h264,cutting_orange_tuil_8s@display=center_crop_720p
59720kbps_2160p_59_94fps_hevc,59720kbps_2160p_59_94fps_hevc,b720a425-7c43-42f8-8613-e6b9b2a93912,40974kbps_2160p_59_94fps_h264,cutting_orange_tuil_8s@display=center_crop_720p
,59720kbps_2160p_59_94fps_hevc,40e07f13-a12f-42e3-a088-f1e648f0bc26,40974kbps_2160p_59_94fps_h264,cutting_orange_tuil_8s@display=center_crop_720p
,59720kbps_2160p_59_94fps_hevc,dfd6da40-bceb-4416-bdc1-f638a4940ac5,40974kbps_2160p_59_94fps_h264,cutting_orange_tuil_8s@display=center_crop_720p
59720kbps_2160p_59_94fps_hevc,40974kbps_2160p_59_94fps_h264,b720a425-7c43-42f8-8613-e6b9b2a93912,59720kbps_2160p_59_94fps_hevc,cutting_orange_tuil_8s@display=center_crop_720p
40974kbps_2160p_59_94fps_h264,59720kbps_2160p_59_94fps_hevc,dd09f622-1026-4a4b-95c2-6ac4366e33bf,40974kbps_2160p_59_94fps_h264,cutting_orange_tuil_8s@display=center_crop_720p
,7500kbps_2160p_59_94fps_hevc,0619f686-0cae-46d5-9a04-00b6b9c433c1,15000kbps_2160p_59_94fps_h264,cutting_orange_tuil@display=center_crop_720p
,7500kbps_2160p_59_94fps_hevc,7740f956-7828-453f-8936-138ace5e608c,15000kbps_2160p_59_94fps_h264,cutting_orange_tuil@display=center_crop_720p
,7500kbps_2160p_59_94fps_hevc,4067eb21-c8c2-4723-bc86-a1cab1f6d670,15000kbps_2160p_59_94fps_h264,cutting_orange_tuil@display=center_crop_720p
15000kbps_2160p_59_94fps_h264,15000kbps_2160p_59_94fps_h264,4df8c1ce-9609-448d-b864-e09cd6da4d87,7500kbps_2160p_59_94fps_hevc,cutting_orange_tuil@display=center_crop_720p
15000kbps_2160p_59_94fps_h264,15000kbps_2160p_59_94fps_h264,4df8c1ce-9609-448d-b864-e09cd6da4d87,7500kbps_2160p_59_94fps_hevc,cutting_orange_tuil@display=center_crop_720p
,7500kbps_2160p_59_94fps_hevc,d72d9c60-71ce-409e-936a-c6a7c65c2693,15000kbps_2160p_59_94fps_h264,cutting_orange_tuil@display=center_crop_720p
,15000kbps_2160p_59_94fps_h264,40e07f13-a12f-42e3-a088-f1e648f0bc26,7500kbps_2160p_59_94fps_hevc,cutting_orange_tuil@display=center_crop_720p
,7500kbps_2160p_59_94fps_hevc,daaf86ce-b78b-4b0f-b2d9-01df218aa413,15000kbps_2160p_59_94fps_h264,cutting_orange_tuil@display=center_crop_720p
7500kbps_2160p_59_94fps_hevc,7500kbps_2160p_59_94fps_hevc,89e87a67-9f89-4d9d-bbd9-17cd9d613671,15000kbps_2160p_59_94fps_h264,cutting_orange_tuil@display=center_crop_720p
,15000kbps_2160p_59_94fps_h264,cd514197-164c-4a1b-aff2-ca42ca8c378b,7500kbps_2160p_59_94fps_hevc,cutting_orange_tuil@display=center_crop_720p
15000kbps_2160p_59_94fps_vp9,7500kbps_2160p_59_94fps_hevc,b720a425-7c43-42f8-8613-e6b9b2a93912,15000kbps_2160p_59_94fps_vp9,vegetables_tuil@display=center_crop_720p
,7500kbps_2160p_59_94fps_hevc,5df32126-f164-45f0-9b62-c03ffba8b152,15000kbps_2160p_59_94fps_vp9,vegetables_tuil@display=center_crop_720p
7500kbps_2160p_59_94fps_hevc,7500kbps_2160p_59_94fps_hevc,c6ce66ef-7872-4e66-83ab-5d75441dd888,15000kbps_2160p_59_94fps_vp9,vegetables_tuil@display=center_crop_720p
,15000kbps_2160p_59_94fps_vp9,86cf9966-2fc8-4b58-af9c-a8427bb85186,7500kbps_2160p_59_94fps_hevc,vegetables_tuil@display=center_crop_720p
,15000kbps_2160p_59_94fps_vp9,8257a2b4-115d-4a2e-a28e-c0e3549f4a3b,7500kbps_2160p_59_94fps_hevc,vegetables_tuil@display=center_crop_720p
7500kbps_2160p_59_94fps_hevc,7500kbps_2160p_59_94fps_hevc,92c90711-64d1-4c94-935d-226159558385,15000kbps_2160p_59_94fps_vp9,vegetables_tuil@display=center_crop_720p
,15000kbps_2160p_59_94fps_vp9,0619f686-0cae-46d5-9a04-00b6b9c433c1,7500kbps_2160p_59_94fps_hevc,vegetables_tuil@display=center_crop_720p
,15000kbps_2160p_59_94fps_vp9,40e07f13-a12f-42e3-a088-f1e648f0bc26,7500kbps_2160p_59_94fps_hevc,vegetables_tuil@display=center_crop_720p
7500kbps_2160p_59_94fps_hevc,7500kbps_2160p_59_94fps_hevc,228a389a-984c-4887-8124-dc6348d10f7b,15000kbps_2160p_59_94fps_vp9,vegetables_tuil@display=center_crop_720p
15000kbps_2160p_59_94fps_vp9,7500kbps_2160p_59_94fps_hevc,72d9bb0c-c247-4367-b884-db4d1deb1646,15000kbps_2160p_59_94fps_vp9,vegetables_tuil@display=center_crop_720p
,22229kbps_2160p_59_94fps_h264,3b3a2aed-9878-4103-8123-069aa9f69bff,40974kbps_2160p_59_94fps_hevc,cutting_orange_tuil_8s@display=center_crop_720p
,22229kbps_2160p_59_94fps_h264,34bc48f6-c844-4c91-b4e3-1dcab0636197,40974kbps_2160p_59_94fps_hevc,cutting_orange_tuil_8s@display=center_crop_720p
,22229kbps_2160p_59_94fps_h264,ebba95f5-0a39-4272-9b4f-3061c16c43c6,40974kbps_2160p_59_94fps_hevc,cutting_orange_tuil_8s@display=center_crop_720p
,40974kbps_2160p_59_94fps_hevc,72826188-8025-4e87-b7c2-0879f8ae2022,22229kbps_2160p_59_94fps_h264,cutting_orange_tuil_8s@display=center_crop_720p
,22229kbps_2160p_59_94fps_h264,40e07f13-a12f-42e3-a088-f1e648f0bc26,40974kbps_2160p_59_94fps_hevc,cutting_orange_tuil_8s@display=center_crop_720p
22229kbps_2160p_59_94fps_h264,22229kbps_2160p_59_94fps_h264,cd514197-164c-4a1b-aff2-ca42ca8c378b,40974kbps_2160p_59_94fps_hevc,cutting_orange_tuil_8s@display=center_crop_720p
22229kbps_2160p_59_94fps_h264,22229kbps_2160p_59_94fps_h264,4555a7b7-7597-4602-8e40-fabb41dd856d,40974kbps_2160p_59_94fps_hevc,cutting_orange_tuil_8s@display=center_crop_720p
40974kbps_2160p_59_94fps_hevc,40974kbps_2160p_59_94fps_hevc,6f326bd6-a511-4b7a-9de9-417d8a5318b5,22229kbps_2160p_59_94fps_h264,cutting_orange_tuil_8s@display=center_crop_720p
,40974kbps_2160p_59_94fps_hevc,7e8b3c9e-ed4e-4cd0-904e-0c2144db1008,22229kbps_2160p_59_94fps_h264,cutting_orange_tuil_8s@display=center_crop_720p
40974kbps_2160p_59_94fps_hevc,40974kbps_2160p_59_94fps_hevc,b720a425-7c43-42f8-8613-e6b9b2a93912,22229kbps_2160p_59_94fps_h264,cutting_orange_tuil_8s@display=center_crop_720p
,7500kbps_2160p_59_94fps_vp9,40e07f13-a12f-42e3-a088-f1e648f0bc26,15000kbps_2160p_59_94fps_hevc,cutting_orange_tuil@display=center_crop_720p
7500kbps_2160p_59_94fps_vp9,15000kbps_2160p_59_94fps_hevc,d0040886-4753-4106-8e9e-9a68d7f9b81c,7500kbps_2160p_59_94fps_vp9,cutting_orange_tuil@display=center_crop_720p
7500kbps_2160p_59_94fps_vp9,15000kbps_2160p_59_94fps_hevc,b720a425-7c43-42f8-8613-e6b9b2a93912,7500kbps_2160p_59_94fps_vp9,cutting_orange_tuil@display=center_crop_720p
,15000kbps_2160p_59_94fps_hevc,015f6620-e573-4ac7-a827-3a46dff55315,7500kbps_2160p_59_94fps_vp9,cutting_orange_tuil@display=center_crop_720p
,15000kbps_2160p_59_94fps_hevc,67cac82e-e60a-4a5b-849f-ff4a58a1b8ec,7500kbps_2160p_59_94fps_vp9,cutting_orange_tuil@display=center_crop_720p
,7500kbps_2160p_59_94fps_vp9,c21134a7-8ba5-4387-8244-c8165b6ca66e,15000kbps_2160p_59_94fps_hevc,cutting_orange_tuil@display=center_crop_720p
,7500kbps_2160p_59_94fps_vp9,b720a425-7c43-42f8-8613-e6b9b2a93912,15000kbps_2160p_59_94fps_hevc,cutting_orange_tuil@display=center_crop_720p
,15000kbps_2160p_59_94fps_hevc,ba0387cc-377b-45a6-8225-86a54c8e77bf,7500kbps_2160p_59_94fps_vp9,cutting_orange_tuil@display=center_crop_720p
7500kbps_2160p_59_94fps_vp9,15000kbps_2160p_59_94fps_hevc,09e18e7a-1037-415d-b9ad-451f4c29ae18,7500kbps_2160p_59_94fps_vp9,cutting_orange_tuil@display=center_crop_720p
15000kbps_2160p_59_94fps_hevc,15000kbps_2160p_59_94fps_hevc,27e233db-5084-42c3-98ec-709c8e196a26,7500kbps_2160p_59_94fps_vp9,cutting_orange_tuil@display=center_crop_720p
,15000kbps_2160p_59_94fps_hevc,40e07f13-a12f-42e3-a088-f1e648f0bc26,40000kbps_2160p_59_94fps_vp9,vegetables_tuil@display=center_crop_720p
15000kbps_2160p_59_94fps_hevc,15000kbps_2160p_59_94fps_hevc,fb6c7720-9e13-4bda-93b9-b82c53a2f9ec,40000kbps_2160p_59_94fps_vp9,vegetables_tuil@display=center_crop_720p
,40000kbps_2160p_59_94fps_vp9,743488ab-4387-40b6-8dd7-89cacd9486e9,15000kbps_2160p_59_94fps_hevc,vegetables_tuil@display=center_crop_720p
,40000kbps_2160p_59_94fps_vp9,0619f686-0cae-46d5-9a04-00b6b9c433c1,15000kbps_2160p_59_94fps_hevc,vegetables_tuil@display=center_crop_720p
,40000kbps_2160p_59_94fps_vp9,81c88a9d-cc8f-4851-9e78-8320e03d2180,15000kbps_2160p_59_94fps_hevc,vegetables_tuil@display=center_crop_720p
,40000kbps_2160p_59_94fps_vp9,d72d9c60-71ce-409e-936a-c6a7c65c2693,15000kbps_2160p_59_94fps_hevc,vegetables_tuil@display=center_crop_720p
,40000kbps_2160p_59_94fps_vp9,67cac82e-e60a-4a5b-849f-ff4a58a1b8ec,15000kbps_2160p_59_94fps_hevc,vegetables_tuil@display=center_crop_720p
15000kbps_2160p_59_94fps_hevc,15000kbps_2160p_59_94fps_hevc,08e4105c-2f07-4aee-9e94-140b8cb7a24c,40000kbps_2160p_59_94fps_vp9,vegetables_tuil@display=center_crop_720p
40000kbps_2160p_59_94fps_vp9,15000kbps_2160p_59_94fps_hevc,2ea7b247-ca61-4ef8-8310-e4f62b6c9656,40000kbps_2160p_59_94fps_vp9,vegetables_tuil@display=center_crop_720p
,40000kbps_2160p_59_94fps_vp9,5df32126-f164-45f0-9b62-c03ffba8b152,15000kbps_2160p_59_94fps_hevc,vegetables_tuil@display=center_crop_720p
,40000kbps_2160p_59_94fps_h264,fb267fbe-2773-414c-b61c-b69f42b58762,7500kbps_2160p_59_94fps_h264,cutting_orange_tuil@display=center_crop_720p
40000kbps_2160p_59_94fps_h264,7500kbps_2160p_59_94fps_h264,c49850c3-7323-4a2a-98c6-1fc2e0acf12c,40000kbps_2160p_59_94fps_h264,cutting_orange_tuil@display=center_crop_720p
40000kbps_2160p_59_94fps_h264,7500kbps_2160p_59_94fps_h264,be228e5c-82f1-4c19-99b9-548ef9baac42,40000kbps_2160p_59_94fps_h264,cutting_orange_tuil@display=center_crop_720p
,7500kbps_2160p_59_94fps_h264,34bc48f6-c844-4c91-b4e3-1dcab0636197,40000kbps_2160p_59_94fps_h264,cutting_orange_tuil@display=center_crop_720p
40000kbps_2160p_59_94fps_h264,40000kbps_2160p_59_94fps_h264,008b3c18-0773-43fb-8d31-d3c854c17b82,7500kbps_2160p_59_94fps_h264,cutting_orange_tuil@display=center_crop_720p
,40000kbps_2160p_59_94fps_h264,40e07f13-a12f-42e3-a088-f1e648f0bc26,7500kbps_2160p_59_94fps_h264,cutting_orange_tuil@display=center_crop_720p
40000kbps_2160p_59_94fps_h264,7500kbps_2160p_59_94fps_h264,1f357e72-ff19-440e-8df6-fd3e87cd52bd,40000kbps_2160p_59_94fps_h264,cutting_orange_tuil@display=center_crop_720p
,40000kbps_2160p_59_94fps_h264,0619f686-0cae-46d5-9a04-00b6b9c433c1,7500kbps_2160p_59_94fps_h264,cutting_orange_tuil@display=center_crop_720p
,40000kbps_2160p_59_94fps_h264,81c88a9d-cc8f-4851-9e78-8320e03d2180,7500kbps_2160p_59_94fps_h264,cutting_orange_tuil@display=center_crop_720p
40000kbps_2160p_59_94fps_h264,40000kbps_2160p_59_94fps_h264,008b3c18-0773-43fb-8d31-d3c854c17b82,7500kbps_2160p_59_94fps_h264,cutting_orange_tuil@display=center_crop_720p
22229kbps_2160p_59_94fps_hevc,3484kbps_2160p_59_94fps_h264,b720a425-7c43-42f8-8613-e6b9b2a93912,22229kbps_2160p_59_94fps_hevc,water_netflix_8s@display=center_crop_720p
22229kbps_2160p_59_94fps_hevc,3484kbps_2160p_59_94fps_h264,08e4105c-2f07-4aee-9e94-140b8cb7a24c,22229kbps_2160p_59_94fps_hevc,water_netflix_8s@display=center_crop_720p
22229kbps_2160p_59_94fps_hevc,3484kbps_2160p_59_94fps_h264,c49850c3-7323-4a2a-98c6-1fc2e0acf12c,22229kbps_2160p_59_94fps_hevc,water_netflix_8s@display=center_crop_720p
22229kbps_2160p_59_94fps_hevc,3484kbps_2160p_59_94fps_h264,09e18e7a-1037-415d-b9ad-451f4c29ae18,22229kbps_2160p_59_94fps_hevc,water_netflix_8s@display=center_crop_720p
22229kbps_2160p_59_94fps_hevc,22229kbps_2160p_59_94fps_hevc,75e596f0-e437-48b5-9d57-03b88a506f79,3484kbps_2160p_59_94fps_h264,water_netflix_8s@display=center_crop_720p
22229kbps_2160p_59_94fps_hevc,3484kbps_2160p_59_94fps_h264,75e596f0-e437-48b5-9d57-03b88a506f79,22229kbps_2160p_59_94fps_hevc,water_netflix_8s@display=center_crop_720p
22229kbps_2160p_59_94fps_hevc,3484kbps_2160p_59_94fps_h264,ce4f4741-1199-4168-bde2-e3841e3c636c,22229kbps_2160p_59_94fps_hevc,water_netflix_8s@display=center_crop_720p
22229kbps_2160p_59_94fps_hevc,22229kbps_2160p_59_94fps_hevc,bd097813-7fc3-4301-b939-643d0af728a1,3484kbps_2160p_59_94fps_h264,water_netflix_8s@display=center_crop_720p
22229kbps_2160p_59_94fps_hevc,22229kbps_2160p_59_94fps_hevc,690650c7-9119-497a-9747-ace85cd8f32f,3484kbps_2160p_59_94fps_h264,water_netflix_8s@display=center_crop_720p
22229kbps_2160p_59_94fps_hevc,3484kbps_2160p_59_94fps_h264,ca0b6ada-b677-448c-848a-adbd7a537aab,22229kbps_2160p_59_94fps_hevc,water_netflix_8s@display=center_crop_720p
40000kbps_2160p_59_94fps_vp9,40000kbps_2160p_59_94fps_vp9,b720a425-7c43-42f8-8613-e6b9b2a93912,15000kbps_2160p_59_94fps_vp9,water_netflix@display=center_crop_720p
,15000kbps_2160p_59_94fps_vp9,c717cd44-9530-41e4-b4cf-181f472db916,40000kbps_2160p_59_94fps_vp9,water_netflix@display=center_crop_720p
40000kbps_2160p_59_94fps_vp9,15000kbps_2160p_59_94fps_vp9,b720a425-7c43-42f8-8613-e6b9b2a93912,40000kbps_2160p_59_94fps_vp9,water_netflix@display=center_crop_720p
40000kbps_2160p_59_94fps_vp9,40000kbps_2160p_59_94fps_vp9,6f326bd6-a511-4b7a-9de9-417d8a5318b5,15000kbps_2160p_59_94fps_vp9,water_netflix@display=center_crop_720p
15000kbps_2160p_59_94fps_vp9,40000kbps_2160p_59_94fps_vp9,ecf11ca3-bed9-43d6-b9c5-b886be71c3a4,15000kbps_2160p_59_94fps_vp9,water_netflix@display=center_crop_720p
40000kbps_2160p_59_94fps_vp9,40000kbps_2160p_59_94fps_vp9,c6c7340e-5a8e-45d8-b2f9-2c2635477303,15000kbps_2160p_59_94fps_vp9,water_netflix@display=center_crop_720p
40000kbps_2160p_59_94fps_vp9,15000kbps_2160p_59_94fps_vp9,27e233db-5084-42c3-98ec-709c8e196a26,40000kbps_2160p_59_94fps_vp9,water_netflix@display=center_crop_720p
40000kbps_2160p_59_94fps_vp9,40000kbps_2160p_59_94fps_vp9,0619f686-0cae-46d5-9a04-00b6b9c433c1,15000kbps_2160p_59_94fps_vp9,water_netflix@display=center_crop_720p
,40000kbps_2160p_59_94fps_vp9,337a3523-a782-41ef-9e3c-adb57f254738,15000kbps_2160p_59_94fps_vp9,water_netflix@display=center_crop_720p
40000kbps_2160p_59_94fps_vp9,15000kbps_2160p_59_94fps_vp9,93ff33f7-c9b8-4878-9204-0028b4046842,40000kbps_2160p_59_94fps_vp9,water_netflix@display=center_crop_720p
15000kbps_2160p_59_94fps_hevc,15000kbps_2160p_59_94fps_hevc,b720a425-7c43-42f8-8613-e6b9b2a93912,40000kbps_2160p_59_94fps_h264,cutting_orange_tuil@display=center_crop_720p
,40000kbps_2160p_59_94fps_h264,c717cd44-9530-41e4-b4cf-181f472db916,15000kbps_2160p_59_94fps_hevc,cutting_orange_tuil@display=center_crop_720p
15000kbps_2160p_59_94fps_hevc,15000kbps_2160p_59_94fps_hevc,17d8f323-de70-477b-9c54-e55ee1437488,40000kbps_2160p_59_94fps_h264,cutting_orange_tuil@display=center_crop_720p
15000kbps_2160p_59_94fps_hevc,15000kbps_2160p_59_94fps_hevc,b720a425-7c43-42f8-8613-e6b9b2a93912,40000kbps_2160p_59_94fps_h264,cutting_orange_tuil@display=center_crop_720p
15000kbps_2160p_59_94fps_hevc,15000kbps_2160p_59_94fps_hevc,c6ce66ef-7872-4e66-83ab-5d75441dd888,40000kbps_2160p_59_94fps_h264,cutting_orange_tuil@display=center_crop_720p
,15000kbps_2160p_59_94fps_hevc,bd097813-7fc3-4301-b939-643d0af728a1,40000kbps_2160p_59_94fps_h264,cutting_orange_tuil@display=center_crop_720p
40000kbps_2160p_59_94fps_h264,40000kbps_2160p_59_94fps_h264,b720a425-7c43-42f8-8613-e6b9b2a93912,15000kbps_2160p_59_94fps_hevc,cutting_orange_tuil@display=center_crop_720p
15000kbps_2160p_59_94fps_hevc,40000kbps_2160p_59_94fps_h264,afd72cf7-ca0d-4bba-8bf1-909cb9b56e88,15000kbps_2160p_59_94fps_hevc,cutting_orange_tuil@display=center_crop_720p
,15000kbps_2160p_59_94fps_hevc,a9132cf2-2408-4996-b7f7-c1f6d2fa7f7d,40000kbps_2160p_59_94fps_h264,cutting_orange_tuil@display=center_crop_720p
,40000kbps_2160p_59_94fps_h264,bb6cca1f-9042-4f5a-b9c7-4f02a610c3b1,15000kbps_2160p_59_94fps_hevc,cutting_orange_tuil@display=center_crop_720p
40000kbps_2160p_59_94fps_hevc,40000kbps_2160p_59_94fps_hevc,b720a425-7c43-42f8-8613-e6b9b2a93912,7500kbps_2160p_59_94fps_hevc,vegetables_tuil@display=center_crop_720p
40000kbps_2160p_59_94fps_hevc,40000kbps_2160p_59_94fps_hevc,0259373b-1f23-4414-961a-3412d32497a1,7500kbps_2160p_59_94fps_hevc,vegetables_tuil@display=center_crop_720p
7500kbps_2160p_59_94fps_hevc,40000kbps_2160p_59_94fps_hevc,5cbe7084-5969-486b-ae84-b68e31857974,7500kbps_2160p_59_94fps_hevc,vegetables_tuil@display=center_crop_720p
,7500kbps_2160p_59_94fps_hevc,5cbe7084-5969-486b-ae84-b68e31857974,40000kbps_2160p_59_94fps_hevc,vegetables_tuil@display=center_crop_720p
,7500kbps_2160p_59_94fps_hevc,3ca889a7-f214-41ab-bc55-9d53f82436cd,40000kbps_2160p_59_94fps_hevc,vegetables_tuil@display=center_crop_720p
7500kbps_2160p_59_94fps_hevc,40000kbps_2160p_59_94fps_hevc,702bc811-372b-48b3-9241-d879f08da0ab,7500kbps_2160p_59_94fps_hevc,vegetables_tuil@display=center_crop_720p
40000kbps_2160p_59_94fps_hevc,40000kbps_2160p_59_94fps_hevc,ecf11ca3-bed9-43d6-b9c5-b886be71c3a4,7500kbps_2160p_59_94fps_hevc,vegetables_tuil@display=center_crop_720p
40000kbps_2160p_59_94fps_hevc,7500kbps_2160p_59_94fps_hevc,ecf11ca3-bed9-43d6-b9c5-b886be71c3a4,40000kbps_2160p_59_94fps_hevc,vegetables_tuil@display=center_crop_720p
40000kbps_2160p_59_94fps_hevc,40000kbps_2160p_59_94fps_hevc,d0040886-4753-4106-8e9e-9a68d7f9b81c,7500kbps_2160p_59_94fps_hevc,vegetables_tuil@display=center_crop_720p
40000kbps_2160p_59_94fps_hevc,40000kbps_2160p_59_94fps_hevc,37990ada-86e1-4448-9bd1-a05516904e6b,7500kbps_2160p_59_94fps_hevc,vegetables_tuil@display=center_crop_720p
40000kbps_2160p_59_94fps_h264,40000kbps_2160p_59_94fps_vp9,b720a425-7c43-42f8-8613-e6b9b2a93912,40000kbps_2160p_59_94fps_h264,water_netflix@display=center_crop_720p
40000kbps_2160p_59_94fps_vp9,40000kbps_2160p_59_94fps_vp9,08e4105c-2f07-4aee-9e94-140b8cb7a24c,40000kbps_2160p_59_94fps_h264,water_netflix@display=center_crop_720p
,40000kbps_2160p_59_94fps_vp9,893cc349-474d-4bac-9d36-7f321479eff9,40000kbps_2160p_59_94fps_h264,water_netflix@display=center_crop_720p
40000kbps_2160p_59_94fps_vp9,40000kbps_2160p_59_94fps_vp9,e0adaaa5-1f9d-4cb1-838d-782103297163,40000kbps_2160p_59_94fps_h264,water_netflix@display=center_crop_720p
40000kbps_2160p_59_94fps_vp9,40000kbps_2160p_59_94fps_vp9,4794da0a-b39a-449f-9483-63a7c2b3f248,40000kbps_2160p_59_94fps_h264,water_netflix@display=center_crop_720p
40000kbps_2160p_59_94fps_vp9,40000kbps_2160p_59_94fps_h264,4794da0a-b39a-449f-9483-63a7c2b3f248,40000kbps_2160p_59_94fps_vp9,water_netflix@display=center_crop_720p
40000kbps_2160p_59_94fps_vp9,40000kbps_2160p_59_94fps_h264,1e5f1b62-657f-4f0b-8ba6-975cd9482d45,40000kbps_2160p_59_94fps_vp9,water_netflix@display=center_crop_720p
40000kbps_2160p_59_94fps_vp9,40000kbps_2160p_59_94fps_h264,228a389a-984c-4887-8124-dc6348d10f7b,40000kbps_2160p_59_94fps_vp9,water_netflix@display=center_crop_720p
40000kbps_2160p_59_94fps_vp9,40000kbps_2160p_59_94fps_vp9,7f06f2cf-9d5d-47db-b8d6-04608268bdd8,40000kbps_2160p_59_94fps_h264,water_netflix@display=center_crop_720p
40000kbps_2160p_59_94fps_vp9,40000kbps_2160p_59_94fps_h264,29adab82-af7e-40b2-9935-c90b63fb7200,40000kbps_2160p_59_94fps_vp9,water_netflix@display=center_crop_720p
,7500kbps_2160p_59_94fps_h264,0619f686-0cae-46d5-9a04-00b6b9c433c1,40000kbps_2160p_59_94fps_hevc,vegetables_tuil@display=center_crop_720p
40000kbps_2160p_59_94fps_hevc,7500kbps_2160p_59_94fps_h264,4067eb21-c8c2-4723-bc86-a1cab1f6d670,40000kbps_2160p_59_94fps_hevc,vegetables_tuil@display=center_crop_720p
,7500kbps_2160p_59_94fps_h264,4067eb21-c8c2-4723-bc86-a1cab1f6d670,40000kbps_2160p_59_94fps_hevc,vegetables_tuil@display=center_crop_720p
40000kbps_2160p_59_94fps_hevc,7500kbps_2160p_59_94fps_h264,7a534954-4fff-4031-a2b6-05a9cbf92f89,40000kbps_2160p_59_94fps_hevc,vegetables_tuil@display=center_crop_720p
,7500kbps_2160p_59_94fps_h264,d0c36760-0f38-4c88-a492-4bb9b3bc2167,40000kbps_2160p_59_94fps_hevc,vegetables_tuil@display=center_crop_720p
,40000kbps_2160p_59_94fps_hevc,0a11d091-b466-4b8f-b1e2-56415f01204f,7500kbps_2160p_59_94fps_h264,vegetables_tuil@display=center_crop_720p
40000kbps_2160p_59_94fps_hevc,7500kbps_2160p_59_94fps_h264,8cea155c-161f-4e60-9b74-b27c6dc55c81,40000kbps_2160p_59_94fps_hevc,vegetables_tuil@display=center_crop_720p
,40000kbps_2160p_59_94fps_hevc,fb267fbe-2773-414c-b61c-b69f42b58762,7500kbps_2160p_59_94fps_h264,vegetables_tuil@display=center_crop_720p
40000kbps_2160p_59_94fps_hevc,40000kbps_2160p_59_94fps_hevc,ec308828-64d7-4599-9a85-e1f421a78f09,7500kbps_2160p_59_94fps_h264,vegetables_tuil@display=center_crop_720p
,40000kbps_2160p_59_94fps_hevc,1d2d9791-4db4-4b0d-9f5b-b7ac57248c04,7500kbps_2160p_59_94fps_h264,vegetables_tuil@display=center_crop_720p
,15000kbps_2160p_59_94fps_h264,0619f686-0cae-46d5-9a04-00b6b9c433c1,40000kbps_2160p_59_94fps_vp9,vegetables_tuil@display=center_crop_720p
,15000kbps_2160p_59_94fps_h264,45ce7140-79ea-480a-879d-e9cdf9fef9c7,40000kbps_2160p_59_94fps_vp9,vegetables_tuil@display=center_crop_720p
,15000kbps_2160p_59_94fps_h264,243a5278-51f5-48b6-9ea0-515a2f0d3081,40000kbps_2160p_59_94fps_vp9,vegetables_tuil@display=center_crop_720p
40000kbps_2160p_59_94fps_vp9,40000kbps_2160p_59_94fps_vp9,466e0b6f-df81-437f-8698-a8b268ef3133,15000kbps_2160p_59_94fps_h264,vegetables_tuil@display=center_crop_720p
40000kbps_2160p_59_94fps_vp9,15000kbps_2160p_59_94fps_h264,a216d5c0-ae1d-448e-b6ad-8c9fbbbd29d9,40000kbps_2160p_59_94fps_vp9,vegetables_tuil@display=center_crop_720p
,40000kbps_2160p_59_94fps_vp9,a216d5c0-ae1d-448e-b6ad-8c9fbbbd29d9,15000kbps_2160p_59_94fps_h264,vegetables_tuil@display=center_crop_720p
15000kbps_2160p_59_94fps_h264,40000kbps_2160p_59_94fps_vp9,92c90711-64d1-4c94-935d-226159558385,15000kbps_2160p_59_94fps_h264,vegetables_tuil@display=center_crop_720p
15000kbps_2160p_59_94fps_h264,15000kbps_2160p_59_94fps_h264,3c8ceb97-7ebb-42f7-b865-78735f9061e1,40000kbps_2160p_59_94fps_vp9,vegetables_tuil@display=center_crop_720p
40000kbps_2160p_59_94fps_vp9,15000kbps_2160p_59_94fps_h264,a35a2ee2-ddeb-415b-b200-0880cb9d485c,40000kbps_2160p_59_94fps_vp9,vegetables_tuil@display=center_crop_720p
,40000kbps_2160p_59_94fps_vp9,a35a2ee2-ddeb-415b-b200-0880cb9d485c,15000kbps_2160p_59_94fps_h264,vegetables_tuil@display=center_crop_720p
40974kbps_2160p_59_94fps_h264,3484kbps_2160p_59_94fps_hevc,c7091161-68a3-43e7-a99d-5b6da2c9ec8e,40974kbps_2160p_59_94fps_h264,water_netflix_8s@display=center_crop_720p
40974kbps_2160p_59_94fps_h264,40974kbps_2160p_59_94fps_h264,1008bca0-3330-4f98-890f-83518204dac9,3484kbps_2160p_59_94fps_hevc,water_netflix_8s@display=center_crop_720p
40974kbps_2160p_59_94fps_h264,40974kbps_2160p_59_94fps_h264,8ae4770b-48c9-468a-8b0f-2896d57a3467,3484kbps_2160p_59_94fps_hevc,water_netflix_8s@display=center_crop_720p
40974kbps_2160p_59_94fps_h264,3484kbps_2160p_59_94fps_hevc,8ebb3f0c-3f39-4c6a-839f-96177a65a978,40974kbps_2160p_59_94fps_h264,water_netflix_8s@display=center_crop_720p
40974kbps_2160p_59_94fps_h264,40974kbps_2160p_59_94fps_h264,48b6f8e9-5f2c-4276-bbe7-0988ef3b70e4,3484kbps_2160p_59_94fps_hevc,water_netflix_8s@display=center_crop_720p
40974kbps_2160p_59_94fps_h264,3484kbps_2160p_59_94fps_hevc,b2f89705-9709-44d6-995f-730575282824,40974kbps_2160p_59_94fps_h264,water_netflix_8s@display=center_crop_720p
40974kbps_2160p_59_94fps_h264,40974kbps_2160p_59_94fps_h264,67ec1054-59e7-420c-99bb-1fa0f05bc32b,3484kbps_2160p_59_94fps_hevc,water_netflix_8s@display=center_crop_720p
40974kbps_2160p_59_94fps_h264,40974kbps_2160p_59_94fps_h264,5df32126-f164-45f0-9b62-c03ffba8b152,3484kbps_2160p_59_94fps_hevc,water_netflix_8s@display=center_crop_720p
40974kbps_2160p_59_94fps_h264,3484kbps_2160p_59_94fps_hevc,46d45e60-3182-42a7-b102-d17e5bc40200,40974kbps_2160p_59_94fps_h264,water_netflix_8s@display=center_crop_720p
40974kbps_2160p_59_94fps_h264,40974kbps_2160p_59_94fps_h264,1d2d9791-4db4-4b0d-9f5b-b7ac57248c04,3484kbps_2160p_59_94fps_hevc,water_netflix_8s@display=center_crop_720p
3484kbps_2160p_60_0fps_h264,3484kbps_2160p_60_0fps_h264,c7091161-68a3-43e7-a99d-5b6da2c9ec8e,40974kbps_2160p_60_0fps_h264,Dancers_8s@display=center_crop_720p
3484kbps_2160p_60_0fps_h264,3484kbps_2160p_60_0fps_h264,0fdaf977-f8b3-470f-9588-6e0120f4e2da,40974kbps_2160p_60_0fps_h264,Dancers_8s@display=center_crop_720p
3484kbps_2160p_60_0fps_h264,40974kbps_2160p_60_0fps_h264,93ff33f7-c9b8-4878-9204-0028b4046842,3484kbps_2160p_60_0fps_h264,Dancers_8s@display=center_crop_720p
3484kbps_2160p_60_0fps_h264,3484kbps_2160p_60_0fps_h264,bb6cca1f-9042-4f5a-b9c7-4f02a610c3b1,40974kbps_2160p_60_0fps_h264,Dancers_8s@display=center_crop_720p
3484kbps_2160p_60_0fps_h264,40974kbps_2160p_60_0fps_h264,c717cd44-9530-41e4-b4cf-181f472db916,3484kbps_2160p_60_0fps_h264,Dancers_8s@display=center_crop_720p
3484kbps_2160p_60_0fps_h264,40974kbps_2160p_60_0fps_h264,b2f89705-9709-44d6-995f-730575282824,3484kbps_2160p_60_0fps_h264,Dancers_8s@display=center_crop_720p
3484kbps_2160p_60_0fps_h264,40974kbps_2160p_60_0fps_h264,228a389a-984c-4887-8124-dc6348d10f7b,3484kbps_2160p_60_0fps_h264,Dancers_8s@display=center_crop_720p
,3484kbps_2160p_60_0fps_h264,743488ab-4387-40b6-8dd7-89cacd9486e9,40974kbps_2160p_60_0fps_h264,Dancers_8s@display=center_crop_720p
3484kbps_2160p_60_0fps_h264,3484kbps_2160p_60_0fps_h264,afd72cf7-ca0d-4bba-8bf1-909cb9b56e88,40974kbps_2160p_60_0fps_h264,Dancers_8s@display=center_crop_720p
,3484kbps_2160p_60_0fps_h264,46d45e60-3182-42a7-b102-d17e5bc40200,40974kbps_2160p_60_0fps_h264,Dancers_8s@display=center_crop_720p
40000kbps_2160p_59_94fps_hevc,40000kbps_2160p_59_94fps_vp9,c7091161-68a3-43e7-a99d-5b6da2c9ec8e,40000kbps_2160p_59_94fps_hevc,vegetables_tuil@display=center_crop_720p
,40000kbps_2160p_59_94fps_hevc,ca0b6ada-b677-448c-848a-adbd7a537aab,40000kbps_2160p_59_94fps_vp9,vegetables_tuil@display=center_crop_720p
40000kbps_2160p_59_94fps_vp9,40000kbps_2160p_59_94fps_vp9,8767258e-7171-4c27-885c-514256aa64b5,40000kbps_2160p_59_94fps_hevc,vegetables_tuil@display=center_crop_720p
40000kbps_2160p_59_94fps_vp9,40000kbps_2160p_59_94fps_vp9,dd09f622-1026-4a4b-95c2-6ac4366e33bf,40000kbps_2160p_59_94fps_hevc,vegetables_tuil@display=center_crop_720p
40000kbps_2160p_59_94fps_vp9,40000kbps_2160p_59_94fps_vp9,f79ea36f-a935-4d76-b4ff-960b05924dcd,40000kbps_2160p_59_94fps_hevc,vegetables_tuil@display=center_crop_720p
,40000kbps_2160p_59_94fps_vp9,e0adaaa5-1f9d-4cb1-838d-782103297163,40000kbps_2160p_59_94fps_hevc,vegetables_tuil@display=center_crop_720p
40000kbps_2160p_59_94fps_hevc,40000kbps_2160p_59_94fps_hevc,f3051181-7c56-4891-afda-bfed1cb734e1,40000kbps_2160p_59_94fps_vp9,vegetables_tuil@display=center_crop_720p
40000kbps_2160p_59_94fps_vp9,40000kbps_2160p_59_94fps_hevc,a19258eb-cbbd-4ef2-8d41-716d58719dee,40000kbps_2160p_59_94fps_vp9,vegetables_tuil@display=center_crop_720p
,40000kbps_2160p_59_94fps_hevc,7ee9ac9c-8276-40d1-bf88-b06fbf4725b0,40000kbps_2160p_59_94fps_vp9,vegetables_tuil@display=center_crop_720p
40000kbps_2160p_59_94fps_vp9,40000kbps_2160p_59_94fps_hevc,2ea7b247-ca61-4ef8-8310-e4f62b6c9656,40000kbps_2160p_59_94fps_vp9,vegetables_tuil@display=center_crop_720p
,40974kbps_2160p_59_94fps_h264,0a11d091-b466-4b8f-b1e2-56415f01204f,59720kbps_2160p_59_94fps_h264,water_netflix_8s@display=center_crop_720p
,59720kbps_2160p_59_94fps_h264,39da6bfe-8e4d-4f5c-a80e-f74e3bfa62a5,40974kbps_2160p_59_94fps_h264,water_netflix_8s@display=center_crop_720p
,59720kbps_2160p_59_94fps_h264,0a11d091-b466-4b8f-b1e2-56415f01204f,40974kbps_2160p_59_94fps_h264,water_netflix_8s@display=center_crop_720p
59720kbps_2160p_59_94fps_h264,40974kbps_2160p_59_94fps_h264,8767258e-7171-4c27-885c-514256aa64b5,59720kbps_2160p_59_94fps_h264,water_netflix_8s@display=center_crop_720p
,40974kbps_2160p_59_94fps_h264,7f06f2cf-9d5d-47db-b8d6-04608268bdd8,59720kbps_2160p_59_94fps_h264,water_netflix_8s@display=center_crop_720p
,40974kbps_2160p_59_94fps_h264,51e29e96-e38f-429c-bfab-bf96cbdcd61f,59720kbps_2160p_59_94fps_h264,water_netflix_8s@display=center_crop_720p
,40974kbps_2160p_59_94fps_h264,67ec1054-59e7-420c-99bb-1fa0f05bc32b,59720kbps_2160p_59_94fps_h264,water_netflix_8s@display=center_crop_720p
40974kbps_2160p_59_94fps_h264,40974kbps_2160p_59_94fps_h264,c7091161-68a3-43e7-a99d-5b6da2c9ec8e,59720kbps_2160p_59_94fps_h264,water_netflix_8s@display=center_crop_720p
40974kbps_2160p_59_94fps_h264,59720kbps_2160p_59_94fps_h264,4f832d5a-bd55-4616-a277-a2632893dc1d,40974kbps_2160p_59_94fps_h264,water_netflix_8s@display=center_crop_720p
59720kbps_2160p_59_94fps_h264,40974kbps_2160p_59_94fps_h264,5cbe7084-5969-486b-ae84-b68e31857974,59720kbps_2160p_59_94fps_h264,water_netflix_8s@display=center_crop_720p
59720kbps_2160p_59_94fps_hevc,22229kbps_2160p_59_94fps_hevc,d0c36760-0f38-4c88-a492-4bb9b3bc2167,59720kbps_2160p_59_94fps_hevc,water_netflix_8s@display=center_crop_720p
59720kbps_2160p_59_94fps_hevc,59720kbps_2160p_59_94fps_hevc,1efee721-c595-49a9-ac51-bf3d35310e88,22229kbps_2160p_59_94fps_hevc,water_netflix_8s@display=center_crop_720p
59720kbps_2160p_59_94fps_hevc,59720kbps_2160p_59_94fps_hevc,1efee721-c595-49a9-ac51-bf3d35310e88,22229kbps_2160p_59_94fps_hevc,water_netflix_8s@display=center_crop_720p
59720kbps_2160p_59_94fps_hevc,22229kbps_2160p_59_94fps_hevc,1f357e72-ff19-440e-8df6-fd3e87cd52bd,59720kbps_2160p_59_94fps_hevc,water_netflix_8s@display=center_crop_720p
59720kbps_2160p_59_94fps_hevc,22229kbps_2160p_59_94fps_hevc,4555a7b7-7597-4602-8e40-fabb41dd856d,59720kbps_2160p_59_94fps_hevc,water_netflix_8s@display=center_crop_720p
22229kbps_2160p_59_94fps_hevc,22229kbps_2160p_59_94fps_hevc,7f06f2cf-9d5d-47db-b8d6-04608268bdd8,59720kbps_2160p_59_94fps_hevc,water_netflix_8s@display=center_crop_720p
22229kbps_2160p_59_94fps_hevc,22229kbps_2160p_59_94fps_hevc,4555a7b7-7597-4602-8e40-fabb41dd856d,59720kbps_2160p_59_94fps_hevc,water_netflix_8s@display=center_crop_720p
,22229kbps_2160p_59_94fps_hevc,743488ab-4387-40b6-8dd7-89cacd9486e9,59720kbps_2160p_59_94fps_hevc,water_netflix_8s@display=center_crop_720p
,22229kbps_2160p_59_94fps_hevc,4555a7b7-7597-4602-8e40-fabb41dd856d,59720kbps_2160p_59_94fps_hevc,water_netflix_8s@display=center_crop_720p
59720kbps_2160p_59_94fps_hevc,59720kbps_2160p_59_94fps_hevc,72826188-8025-4e87-b7c2-0879f8ae2022,22229kbps_2160p_59_94fps_hevc,water_netflix_8s@display=center_crop_720p
15000kbps_2160p_59_94fps_vp9,7500kbps_2160p_59_94fps_h264,1efee721-c595-49a9-ac51-bf3d35310e88,15000kbps_2160p_59_94fps_vp9,water_netflix@display=center_crop_720p
15000kbps_2160p_59_94fps_vp9,15000kbps_2160p_59_94fps_vp9,0ef415ae-10b7-4d79-b0cd-ae471a0a1cd0,7500kbps_2160p_59_94fps_h264,water_netflix@display=center_crop_720p
15000kbps_2160p_59_94fps_vp9,7500kbps_2160p_59_94fps_h264,09e18e7a-1037-415d-b9ad-451f4c29ae18,15000kbps_2160p_59_94fps_vp9,water_netflix@display=center_crop_720p
15000kbps_2160p_59_94fps_vp9,15000kbps_2160p_59_94fps_vp9,c7091161-68a3-43e7-a99d-5b6da2c9ec8e,7500kbps_2160p_59_94fps_h264,water_netflix@display=center_crop_720p
15000kbps_2160p_59_94fps_vp9,7500kbps_2160p_59_94fps_h264,5cbe7084-5969-486b-ae84-b68e31857974,15000kbps_2160p_59_94fps_vp9,water_netflix@display=center_crop_720p
15000kbps_2160p_59_94fps_vp9,7500kbps_2160p_59_94fps_h264,67cac82e-e60a-4a5b-849f-ff4a58a1b8ec,15000kbps_2160p_59_94fps_vp9,water_netflix@display=center_crop_720p
15000kbps_2160p_59_94fps_vp9,15000kbps_2160p_59_94fps_vp9,8767258e-7171-4c27-885c-514256aa64b5,7500kbps_2160p_59_94fps_h264,water_netflix@display=center_crop_720p
15000kbps_2160p_59_94fps_vp9,7500kbps_2160p_59_94fps_h264,015f6620-e573-4ac7-a827-3a46dff55315,15000kbps_2160p_59_94fps_vp9,water_netflix@display=center_crop_720p
15000kbps_2160p_59_94fps_vp9,7500kbps_2160p_59_94fps_h264,8767258e-7171-4c27-885c-514256aa64b5,15000kbps_2160p_59_94fps_vp9,water_netflix@display=center_crop_720p
15000kbps_2160p_59_94fps_vp9,15000kbps_2160p_59_94fps_vp9,cd514197-164c-4a1b-aff2-ca42ca8c378b,7500kbps_2160p_59_94fps_h264,water_netflix@display=center_crop_720p
59720kbps_2160p_59_94fps_h264,3484kbps_2160p_59_94fps_hevc,c7091161-68a3-43e7-a99d-5b6da2c9ec8e,59720kbps_2160p_59_94fps_h264,cutting_orange_tuil_8s@display=center_crop_720p
59720kbps_2160p_59_94fps_h264,59720kbps_2160p_59_94fps_h264,8ad89de3-6579-4fcb-9f42-62964d0c1b5d,3484kbps_2160p_59_94fps_hevc,cutting_orange_tuil_8s@display=center_crop_720p
,3484kbps_2160p_59_94fps_hevc,4a881e60-d934-480e-bac4-1f9d14b095c7,59720kbps_2160p_59_94fps_h264,cutting_orange_tuil_8s@display=center_crop_720p
,3484kbps_2160p_59_94fps_hevc,daaf86ce-b78b-4b0f-b2d9-01df218aa413,59720kbps_2160p_59_94fps_h264,cutting_orange_tuil_8s@display=center_crop_720p
59720kbps_2160p_59_94fps_h264,3484kbps_2160p_59_94fps_hevc,b2f89705-9709-44d6-995f-730575282824,59720kbps_2160p_59_94fps_h264,cutting_orange_tuil_8s@display=center_crop_720p
59720kbps_2160p_59_94fps_h264,59720kbps_2160p_59_94fps_h264,4794da0a-b39a-449f-9483-63a7c2b3f248,3484kbps_2160p_59_94fps_hevc,cutting_orange_tuil_8s@display=center_crop_720p
59720kbps_2160p_59_94fps_h264,59720kbps_2160p_59_94fps_h264,15cf1be7-49a5-4b31-abac-f1b73a3145ee,3484kbps_2160p_59_94fps_hevc,cutting_orange_tuil_8s@display=center_crop_720p
,59720kbps_2160p_59_94fps_h264,39da6bfe-8e4d-4f5c-a80e-f74e3bfa62a5,3484kbps_2160p_59_94fps_hevc,cutting_orange_tuil_8s@display=center_crop_720p
,3484kbps_2160p_59_94fps_hevc,690650c7-9119-497a-9747-ace85cd8f32f,59720kbps_2160p_59_94fps_h264,cutting_orange_tuil_8s@display=center_crop_720p
,3484kbps_2160p_59_94fps_hevc,afd72cf7-ca0d-4bba-8bf1-909cb9b56e88,59720kbps_2160p_59_94fps_h264,cutting_orange_tuil_8s@display=center_crop_720p
40000kbps_2160p_59_94fps_h264,40000kbps_2160p_59_94fps_h264,1e0b9fa9-bdce-4013-a041-56771e0a8f5d,7500kbps_2160p_59_94fps_hevc,water_netflix@display=center_crop_720p
40000kbps_2160p_59_94fps_h264,7500kbps_2160p_59_94fps_hevc,51e29e96-e38f-429c-bfab-bf96cbdcd61f,40000kbps_2160p_59_94fps_h264,water_netflix@display=center_crop_720p
40000kbps_2160p_59_94fps_h264,7500kbps_2160p_59_94fps_hevc,1efee721-c595-49a9-ac51-bf3d35310e88,40000kbps_2160p_59_94fps_h264,water_netflix@display=center_crop_720p
40000kbps_2160p_59_94fps_h264,40000kbps_2160p_59_94fps_h264,54ff783c-43c7-4c8b-9c7a-eff5f73d662d,7500kbps_2160p_59_94fps_hevc,water_netflix@display=center_crop_720p
40000kbps_2160p_59_94fps_h264,7500kbps_2160p_59_94fps_hevc,67cac82e-e60a-4a5b-849f-ff4a58a1b8ec,40000kbps_2160p_59_94fps_h264,water_netflix@display=center_crop_720p
40000kbps_2160p_59_94fps_h264,7500kbps_2160p_59_94fps_hevc,aaf964ce-819e-4c76-9a16-6d23c2d717ba,40000kbps_2160p_59_94fps_h264,water_netflix@display=center_crop_720p
,7500kbps_2160p_59_94fps_hevc,74f4d4b6-3dde-4d73-851d-58581730f0fa,40000kbps_2160p_59_94fps_h264,water_netflix@display=center_crop_720p
40000kbps_2160p_59_94fps_h264,40000kbps_2160p_59_94fps_h264,c7091161-68a3-43e7-a99d-5b6da2c9ec8e,7500kbps_2160p_59_94fps_hevc,water_netflix@display=center_crop_720p
40000kbps_2160p_59_94fps_h264,7500kbps_2160p_59_94fps_hevc,e70750f1-65da-4990-8fb6-3f1d4d7d3541,40000kbps_2160p_59_94fps_h264,water_netflix@display=center_crop_720p
40000kbps_2160p_59_94fps_h264,7500kbps_2160p_59_94fps_hevc,fb7f664d-92a4-47c9-9207-2dab88f6ed8a,40000kbps_2160p_59_94fps_h264,water_netflix@display=center_crop_720p
59720kbps_2160p_59_94fps_h264,59720kbps_2160p_59_94fps_h264,a088b6d6-c233-4894-9edb-af752372dc95,3484kbps_2160p_59_94fps_h264,cutting_orange_tuil_8s@display=center_crop_720p
59720kbps_2160p_59_94fps_h264,3484kbps_2160p_59_94fps_h264,c21134a7-8ba5-4387-8244-c8165b6ca66e,59720kbps_2160p_59_94fps_h264,cutting_orange_tuil_8s@display=center_crop_720p
,3484kbps_2160p_59_94fps_h264,d748155c-693b-46a4-b752-d85e7b9b6c86,59720kbps_2160p_59_94fps_h264,cutting_orange_tuil_8s@display=center_crop_720p
59720kbps_2160p_59_94fps_h264,3484kbps_2160p_59_94fps_h264,243a5278-51f5-48b6-9ea0-515a2f0d3081,59720kbps_2160p_59_94fps_h264,cutting_orange_tuil_8s@display=center_crop_720p
59720kbps_2160p_59_94fps_h264,59720kbps_2160p_59_94fps_h264,c6ce66ef-7872-4e66-83ab-5d75441dd888,3484kbps_2160p_59_94fps_h264,cutting_orange_tuil_8s@display=center_crop_720p
59720kbps_2160p_59_94fps_h264,3484kbps_2160p_59_94fps_h264,c7091161-68a3-43e7-a99d-5b6da2c9ec8e,59720kbps_2160p_59_94fps_h264,cutting_orange_tuil_8s@display=center_crop_720p
,3484kbps_2160p_59_94fps_h264,bb6cca1f-9042-4f5a-b9c7-4f02a610c3b1,59720kbps_2160p_59_94fps_h264,cutting_orange_tuil_8s@display=center_crop_720p
,3484kbps_2160p_59_94fps_h264,438d29b9-e9b7-45a3-986b-f9c92b6f4d95,59720kbps_2160p_59_94fps_h264,cutting_orange_tuil_8s@display=center_crop_720p
59720kbps_2160p_59_94fps_h264,59720kbps_2160p_59_94fps_h264,2ea7b247-ca61-4ef8-8310-e4f62b6c9656,3484kbps_2160p_59_94fps_h264,cutting_orange_tuil_8s@display=center_crop_720p
3484kbps_2160p_59_94fps_h264,59720kbps_2160p_59_94fps_h264,8019643f-b4b4-4d34-8a45-a28abbcf8aef,3484kbps_2160p_59_94fps_h264,cutting_orange_tuil_8s@display=center_crop_720p
7500kbps_2160p_59_94fps_h264,7500kbps_2160p_59_94fps_h264,f3051181-7c56-4891-afda-bfed1cb734e1,15000kbps_2160p_59_94fps_vp9,vegetables_tuil@display=center_crop_720p
,15000kbps_2160p_59_94fps_vp9,5df32126-f164-45f0-9b62-c03ffba8b152,7500kbps_2160p_59_94fps_h264,vegetables_tuil@display=center_crop_720p
,7500kbps_2160p_59_94fps_h264,a35a2ee2-ddeb-415b-b200-0880cb9d485c,15000kbps_2160p_59_94fps_vp9,vegetables_tuil@display=center_crop_720p
7500kbps_2160p_59_94fps_h264,7500kbps_2160p_59_94fps_h264,e0adaaa5-1f9d-4cb1-838d-782103297163,15000kbps_2160p_59_94fps_vp9,vegetables_tuil@display=center_crop_720p
7500kbps_2160p_59_94fps_h264,7500kbps_2160p_59_94fps_h264,8767258e-7171-4c27-885c-514256aa64b5,15000kbps_2160p_59_94fps_vp9,vegetables_tuil@display=center_crop_720p
15000kbps_2160p_59_94fps_vp9,7500kbps_2160p_59_94fps_h264,6f326bd6-a511-4b7a-9de9-417d8a5318b5,15000kbps_2160p_59_94fps_vp9,vegetables_tuil@display=center_crop_720p
7500kbps_2160p_59_94fps_h264,15000kbps_2160p_59_94fps_vp9,c7091161-68a3-43e7-a99d-5b6da2c9ec8e,7500kbps_2160p_59_94fps_h264,vegetables_tuil@display=center_crop_720p
15000kbps_2160p_59_94fps_vp9,15000kbps_2160p_59_94fps_vp9,67cac82e-e60a-4a5b-849f-ff4a58a1b8ec,7500kbps_2160p_59_94fps_h264,vegetables_tuil@display=center_crop_720p
7500kbps_2160p_59_94fps_h264,7500kbps_2160p_59_94fps_h264,1769563f-5b2e-49e3-9a5e-aa665fdb664e,15000kbps_2160p_59_94fps_vp9,vegetables_tuil@display=center_crop_720p
15000kbps_2160p_59_94fps_vp9,15000kbps_2160p_59_94fps_vp9,f3051181-7c56-4891-afda-bfed1cb734e1,7500kbps_2160p_59_94fps_h264,vegetables_tuil@display=center_crop_720p
,7500kbps_2160p_59_94fps_vp9,c7091161-68a3-43e7-a99d-5b6da2c9ec8e,7500kbps_2160p_59_94fps_h264,cutting_orange_tuil@display=center_crop_720p
7500kbps_2160p_59_94fps_vp9,7500kbps_2160p_59_94fps_h264,89e87a67-9f89-4d9d-bbd9-17cd9d613671,7500kbps_2160p_59_94fps_vp9,cutting_orange_tuil@display=center_crop_720p
7500kbps_2160p_59_94fps_vp9,7500kbps_2160p_59_94fps_vp9,89e87a67-9f89-4d9d-bbd9-17cd9d613671,7500kbps_2160p_59_94fps_h264,cutting_orange_tuil@display=center_crop_720p
7500kbps_2160p_59_94fps_h264,7500kbps_2160p_59_94fps_h264,860a94d4-e689-46d5-8a49-a1142fd97785,7500kbps_2160p_59_94fps_vp9,cutting_orange_tuil@display=center_crop_720p
7500kbps_2160p_59_94fps_h264,7500kbps_2160p_59_94fps_h264,f46cd41c-48e5-4334-8378-2ce27465f19c,7500kbps_2160p_59_94fps_vp9,cutting_orange_tuil@display=center_crop_720p
7500kbps_2160p_59_94fps_vp9,7500kbps_2160p_59_94fps_vp9,1e0b9fa9-bdce-4013-a041-56771e0a8f5d,7500kbps_2160p_59_94fps_h264,cutting_orange_tuil@display=center_crop_720p
7500kbps_2160p_59_94fps_h264,7500kbps_2160p_59_94fps_h264,1e0b9fa9-bdce-4013-a041-56771e0a8f5d,7500kbps_2160p_59_94fps_vp9,cutting_orange_tuil@display=center_crop_720p
7500kbps_2160p_59_94fps_vp9,7500kbps_2160p_59_94fps_vp9,54ff783c-43c7-4c8b-9c7a-eff5f73d662d,7500kbps_2160p_59_94fps_h264,cutting_orange_tuil@display=center_crop_720p
7500kbps_2160p_59_94fps_vp9,7500kbps_2160p_59_94fps_vp9,cfe7f1d6-4a45-4bbf-9396-de92c79e6c63,7500kbps_2160p_59_94fps_h264,cutting_orange_tuil@display=center_crop_720p
7500kbps_2160p_59_94fps_vp9,7500kbps_2160p_59_94fps_vp9,930059bc-9d85-4305-9da6-e7384c2f626d,7500kbps_2160p_59_94fps_h264,cutting_orange_tuil@display=center_crop_720p
,15000kbps_2160p_59_94fps_h264,34bc48f6-c844-4c91-b4e3-1dcab0636197,40000kbps_2160p_59_94fps_h264,vegetables_tuil@display=center_crop_720p
15000kbps_2160p_59_94fps_h264,40000kbps_2160p_59_94fps_h264,8cea155c-161f-4e60-9b74-b27c6dc55c81,15000kbps_2160p_59_94fps_h264,vegetables_tuil@display=center_crop_720p
15000kbps_2160p_59_94fps_h264,40000kbps_2160p_59_94fps_h264,1efee721-c595-49a9-ac51-bf3d35310e88,15000kbps_2160p_59_94fps_h264,vegetables_tuil@display=center_crop_720p
15000kbps_2160p_59_94fps_h264,40000kbps_2160p_59_94fps_h264,27e233db-5084-42c3-98ec-709c8e196a26,15000kbps_2160p_59_94fps_h264,vegetables_tuil@display=center_crop_720p
40000kbps_2160p_59_94fps_h264,40000kbps_2160p_59_94fps_h264,8767258e-7171-4c27-885c-514256aa64b5,15000kbps_2160p_59_94fps_h264,vegetables_tuil@display=center_crop_720p
,15000kbps_2160p_59_94fps_h264,86cf9966-2fc8-4b58-af9c-a8427bb85186,40000kbps_2160p_59_94fps_h264,vegetables_tuil@display=center_crop_720p
15000kbps_2160p_59_94fps_h264,40000kbps_2160p_59_94fps_h264,7ee9ac9c-8276-40d1-bf88-b06fbf4725b0,15000kbps_2160p_59_94fps_h264,vegetables_tuil@display=center_crop_720p
40000kbps_2160p_59_94fps_h264,40000kbps_2160p_59_94fps_h264,08e4105c-2f07-4aee-9e94-140b8cb7a24c,15000kbps_2160p_59_94fps_h264,vegetables_tuil@display=center_crop_720p
,15000kbps_2160p_59_94fps_h264,c7091161-68a3-43e7-a99d-5b6da2c9ec8e,40000kbps_2160p_59_94fps_h264,vegetables_tuil@display=center_crop_720p
40000kbps_2160p_59_94fps_h264,15000kbps_2160p_59_94fps_h264,a19258eb-cbbd-4ef2-8d41-716d58719dee,40000kbps_2160p_59_94fps_h264,vegetables_tuil@display=center_crop_720p
,7500kbps_2160p_59_94fps_vp9,d72d9c60-71ce-409e-936a-c6a7c65c2693,15000kbps_2160p_59_94fps_h264,vegetables_tuil@display=center_crop_720p
7500kbps_2160p_59_94fps_vp9,7500kbps_2160p_59_94fps_vp9,8767258e-7171-4c27-885c-514256aa64b5,15000kbps_2160p_59_94fps_h264,vegetables_tuil@display=center_crop_720p
15000kbps_2160p_59_94fps_h264,7500kbps_2160p_59_94fps_vp9,8767258e-7171-4c27-885c-514256aa64b5,15000kbps_2160p_59_94fps_h264,vegetables_tuil@display=center_crop_720p
7500kbps_2160p_59_94fps_vp9,7500kbps_2160p_59_94fps_vp9,17d8f323-de70-477b-9c54-e55ee1437488,15000kbps_2160p_59_94fps_h264,vegetables_tuil@display=center_crop_720p
7500kbps_2160p_59_94fps_vp9,7500kbps_2160p_59_94fps_vp9,ca0b6ada-b677-448c-848a-adbd7a537aab,15000kbps_2160p_59_94fps_h264,vegetables_tuil@display=center_crop_720p
7500kbps_2160p_59_94fps_vp9,7500kbps_2160p_59_94fps_vp9,0f7571f9-aee0-41fc-85ea-19ea3d296c37,15000kbps_2160p_59_94fps_h264,vegetables_tuil@display=center_crop_720p
15000kbps_2160p_59_94fps_h264,7500kbps_2160p_59_94fps_vp9,702bc811-372b-48b3-9241-d879f08da0ab,15000kbps_2160p_59_94fps_h264,vegetables_tuil@display=center_crop_720p
,7500kbps_2160p_59_94fps_vp9,74f4d4b6-3dde-4d73-851d-58581730f0fa,15000kbps_2160p_59_94fps_h264,vegetables_tuil@display=center_crop_720p
7500kbps_2160p_59_94fps_vp9,7500kbps_2160p_59_94fps_vp9,1efee721-c595-49a9-ac51-bf3d35310e88,15000kbps_2160p_59_94fps_h264,vegetables_tuil@display=center_crop_720p
,7500kbps_2160p_59_94fps_vp9,81c88a9d-cc8f-4851-9e78-8320e03d2180,15000kbps_2160p_59_94fps_h264,vegetables_tuil@display=center_crop_720p
40000kbps_2160p_59_94fps_hevc,40000kbps_2160p_59_94fps_hevc,0f86ed88-2d09-4d41-aa40-de0545f23360,15000kbps_2160p_59_94fps_hevc,vegetables_tuil@display=center_crop_720p
15000kbps_2160p_59_94fps_hevc,15000kbps_2160p_59_94fps_hevc,4555a7b7-7597-4602-8e40-fabb41dd856d,40000kbps_2160p_59_94fps_hevc,vegetables_tuil@display=center_crop_720p
15000kbps_2160p_59_94fps_hevc,40000kbps_2160p_59_94fps_hevc,c99f336d-2089-4274-95ce-cd1865a9787c,15000kbps_2160p_59_94fps_hevc,vegetables_tuil@display=center_crop_720p
,15000kbps_2160p_59_94fps_hevc,c7091161-68a3-43e7-a99d-5b6da2c9ec8e,40000kbps_2160p_59_94fps_hevc,vegetables_tuil@display=center_crop_720p
40000kbps_2160p_59_94fps_hevc,15000kbps_2160p_59_94fps_hevc,c99f336d-2089-4274-95ce-cd1865a9787c,40000kbps_2160p_59_94fps_hevc,vegetables_tuil@display=center_crop_720p
15000kbps_2160p_59_94fps_hevc,15000kbps_2160p_59_94fps_hevc,4555a7b7-7597-4602-8e40-fabb41dd856d,40000kbps_2160p_59_94fps_hevc,vegetables_tuil@display=center_crop_720p
15000kbps_2160p_59_94fps_hevc,15000kbps_2160p_59_94fps_hevc,8767258e-7171-4c27-885c-514256aa64b5,40000kbps_2160p_59_94fps_hevc,vegetables_tuil@display=center_crop_720p
15000kbps_2160p_59_94fps_hevc,40000kbps_2160p_59_94fps_hevc,81c88a9d-cc8f-4851-9e78-8320e03d2180,15000kbps_2160p_59_94fps_hevc,vegetables_tuil@display=center_crop_720p
40000kbps_2160p_59_94fps_hevc,40000kbps_2160p_59_94fps_hevc,cfe7f1d6-4a45-4bbf-9396-de92c79e6c63,15000kbps_2160p_59_94fps_hevc,vegetables_tuil@display=center_crop_720p
15000kbps_2160p_59_94fps_hevc,15000kbps_2160p_59_94fps_hevc,1efee721-c595-49a9-ac51-bf3d35310e88,40000kbps_2160p_59_94fps_hevc,vegetables_tuil@display=center_crop_720p
40000kbps_2160p_59_94fps_vp9,15000kbps_2160p_59_94fps_hevc,4794da0a-b39a-449f-9483-63a7c2b3f248,40000kbps_2160p_59_94fps_vp9,water_netflix@display=center_crop_720p
40000kbps_2160p_59_94fps_vp9,15000kbps_2160p_59_94fps_hevc,afd72cf7-ca0d-4bba-8bf1-909cb9b56e88,40000kbps_2160p_59_94fps_vp9,water_netflix@display=center_crop_720p
40000kbps_2160p_59_94fps_vp9,40000kbps_2160p_59_94fps_vp9,7740f956-7828-453f-8936-138ace5e608c,15000kbps_2160p_59_94fps_hevc,water_netflix@display=center_crop_720p
40000kbps_2160p_59_94fps_vp9,15000kbps_2160p_59_94fps_hevc,be228e5c-82f1-4c19-99b9-548ef9baac42,40000kbps_2160p_59_94fps_vp9,water_netflix@display=center_crop_720p
40000kbps_2160p_59_94fps_vp9,15000kbps_2160p_59_94fps_hevc,4794da0a-b39a-449f-9483-63a7c2b3f248,40000kbps_2160p_59_94fps_vp9,water_netflix@display=center_crop_720p
40000kbps_2160p_59_94fps_vp9,40000kbps_2160p_59_94fps_vp9,4555a7b7-7597-4602-8e40-fabb41dd856d,15000kbps_2160p_59_94fps_hevc,water_netflix@display=center_crop_720p
40000kbps_2160p_59_94fps_vp9,40000kbps_2160p_59_94fps_vp9,f3051181-7c56-4891-afda-bfed1cb734e1,15000kbps_2160p_59_94fps_hevc,water_netflix@display=center_crop_720p
,40000kbps_2160p_59_94fps_vp9,74f4d4b6-3dde-4d73-851d-58581730f0fa,15000kbps_2160p_59_94fps_hevc,water_netflix@display=center_crop_720p
40000kbps_2160p_59_94fps_vp9,40000kbps_2160p_59_94fps_vp9,8ad89de3-6579-4fcb-9f42-62964d0c1b5d,15000kbps_2160p_59_94fps_hevc,water_netflix@display=center_crop_720p
,15000kbps_2160p_59_94fps_hevc,a35a2ee2-ddeb-415b-b200-0880cb9d485c,40000kbps_2160p_59_94fps_vp9,water_netflix@display=center_crop_720p
15000kbps_2160p_59_94fps_hevc,15000kbps_2160p_59_94fps_hevc,a9aef5a8-89c3-4a7e-a0ba-6865bcad9c08,7500kbps_2160p_59_94fps_h264,water_netflix@display=center_crop_720p
15000kbps_2160p_59_94fps_hevc,7500kbps_2160p_59_94fps_h264,8767258e-7171-4c27-885c-514256aa64b5,15000kbps_2160p_59_94fps_hevc,water_netflix@display=center_crop_720p
15000kbps_2160p_59_94fps_hevc,7500kbps_2160p_59_94fps_h264,5135cb57-2a91-4b0d-b4dc-1cd649f52d0f,15000kbps_2160p_59_94fps_hevc,water_netflix@display=center_crop_720p
15000kbps_2160p_59_94fps_hevc,7500kbps_2160p_59_94fps_h264,a85f27d4-3f01-4e48-9732-a2f1f86e2f8a,15000kbps_2160p_59_94fps_hevc,water_netflix@display=center_crop_720p
15000kbps_2160p_59_94fps_hevc,7500kbps_2160p_59_94fps_h264,f3051181-7c56-4891-afda-bfed1cb734e1,15000kbps_2160p_59_94fps_hevc,water_netflix@display=center_crop_720p
15000kbps_2160p_59_94fps_hevc,7500kbps_2160p_59_94fps_h264,a502b0da-a957-40ac-860f-b15da64700df,15000kbps_2160p_59_94fps_hevc,water_netflix@display=center_crop_720p
15000kbps_2160p_59_94fps_hevc,15000kbps_2160p_59_94fps_hevc,74f4d4b6-3dde-4d73-851d-58581730f0fa,7500kbps_2160p_59_94fps_h264,water_netflix@display=center_crop_720p
15000kbps_2160p_59_94fps_hevc,7500kbps_2160p_59_94fps_h264,75e596f0-e437-48b5-9d57-03b88a506f79,15000kbps_2160p_59_94fps_hevc,water_netflix@display=center_crop_720p
15000kbps_2160p_59_94fps_hevc,7500kbps_2160p_59_94fps_h264,fb7f664d-92a4-47c9-9207-2dab88f6ed8a,15000kbps_2160p_59_94fps_hevc,water_netflix@display=center_crop_720p
15000kbps_2160p_59_94fps_hevc,7500kbps_2160p_59_94fps_h264,5135cb57-2a91-4b0d-b4dc-1cd649f52d0f,15000kbps_2160p_59_94fps_hevc,water_netflix@display=center_crop_720p
,40000kbps_2160p_59_94fps_h264,74f4d4b6-3dde-4d73-851d-58581730f0fa,40000kbps_2160p_59_94fps_hevc,vegetables_tuil@display=center_crop_720p
,40000kbps_2160p_59_94fps_hevc,7ee9ac9c-8276-40d1-bf88-b06fbf4725b0,40000kbps_2160p_59_94fps_h264,vegetables_tuil@display=center_crop_720p
,40000kbps_2160p_59_94fps_h264,7ee9ac9c-8276-40d1-bf88-b06fbf4725b0,40000kbps_2160p_59_94fps_hevc,vegetables_tuil@display=center_crop_720p
40000kbps_2160p_59_94fps_hevc,40000kbps_2160p_59_94fps_h264,ec308828-64d7-4599-9a85-e1f421a78f09,40000kbps_2160p_59_94fps_hevc,vegetables_tuil@display=center_crop_720p
,40000kbps_2160p_59_94fps_h264,74f4d4b6-3dde-4d73-851d-58581730f0fa,40000kbps_2160p_59_94fps_hevc,vegetables_tuil@display=center_crop_720p
,40000kbps_2160p_59_94fps_h264,9f78d5de-44ed-4ade-8350-91d15d08660f,40000kbps_2160p_59_94fps_hevc,vegetables_tuil@display=center_crop_720p
,40000kbps_2160p_59_94fps_h264,c21134a7-8ba5-4387-8244-c8165b6ca66e,40000kbps_2160p_59_94fps_hevc,vegetables_tuil@display=center_crop_720p
,40000kbps_2160p_59_94fps_h264,948440b3-36bc-425f-bc8b-fdc41fbb5a44,40000kbps_2160p_59_94fps_hevc,vegetables_tuil@display=center_crop_720p
40000kbps_2160p_59_94fps_hevc,40000kbps_2160p_59_94fps_h264,39da6bfe-8e4d-4f5c-a80e-f74e3bfa62a5,40000kbps_2160p_59_94fps_hevc,vegetables_tuil@display=center_crop_720p
40000kbps_2160p_59_94fps_h264,40000kbps_2160p_59_94fps_h264,948440b3-36bc-425f-bc8b-fdc41fbb5a44,40000kbps_2160p_59_94fps_hevc,vegetables_tuil@display=center_crop_720p
,59720kbps_2160p_59_94fps_hevc,3ca889a7-f214-41ab-bc55-9d53f82436cd,40974kbps_2160p_59_94fps_hevc,water_netflix_8s@display=center_crop_720p
,59720kbps_2160p_59_94fps_hevc,74d1c2af-afc2-46b0-8a55-d3ea706a0e09,40974kbps_2160p_59_94fps_hevc,water_netflix_8s@display=center_crop_720p
40974kbps_2160p_59_94fps_hevc,59720kbps_2160p_59_94fps_hevc,f3051181-7c56-4891-afda-bfed1cb734e1,40974kbps_2160p_59_94fps_hevc,water_netflix_8s@display=center_crop_720p
59720kbps_2160p_59_94fps_hevc,40974kbps_2160p_59_94fps_hevc,a7ba017e-55da-48cd-be52-b24f021f0e7f,59720kbps_2160p_59_94fps_hevc,water_netflix_8s@display=center_crop_720p
,40974kbps_2160p_59_94fps_hevc,0a11d091-b466-4b8f-b1e2-56415f01204f,59720kbps_2160p_59_94fps_hevc,water_netflix_8s@display=center_crop_720p
,40974kbps_2160p_59_94fps_hevc,438d29b9-e9b7-45a3-986b-f9c92b6f4d95,59720kbps_2160p_59_94fps_hevc,water_netflix_8s@display=center_crop_720p
,59720kbps_2160p_59_94fps_hevc,74f4d4b6-3dde-4d73-851d-58581730f0fa,40974kbps_2160p_59_94fps_hevc,water_netflix_8s@display=center_crop_720p
,40974kbps_2160p_59_94fps_hevc,3ca889a7-f214-41ab-bc55-9d53f82436cd,59720kbps_2160p_59_94fps_hevc,water_netflix_8s@display=center_crop_720p
59720kbps_2160p_59_94fps_hevc,59720kbps_2160p_59_94fps_hevc,7a534954-4fff-4031-a2b6-05a9cbf92f89,40974kbps_2160p_59_94fps_hevc,water_netflix_8s@display=center_crop_720p
59720kbps_2160p_59_94fps_hevc,59720kbps_2160p_59_94fps_hevc,d0c36760-0f38-4c88-a492-4bb9b3bc2167,40974kbps_2160p_59_94fps_hevc,water_netflix_8s@display=center_crop_720p
,15000kbps_2160p_59_94fps_hevc,243a5278-51f5-48b6-9ea0-515a2f0d3081,40000kbps_2160p_59_94fps_hevc,cutting_orange_tuil@display=center_crop_720p
40000kbps_2160p_59_94fps_hevc,15000kbps_2160p_59_94fps_hevc,7f06f2cf-9d5d-47db-b8d6-04608268bdd8,40000kbps_2160p_59_94fps_hevc,cutting_orange_tuil@display=center_crop_720p
,15000kbps_2160p_59_94fps_hevc,7e8b3c9e-ed4e-4cd0-904e-0c2144db1008,40000kbps_2160p_59_94fps_hevc,cutting_orange_tuil@display=center_crop_720p
,40000kbps_2160p_59_94fps_hevc,61b10c11-f67f-4d83-959a-7bcfbea45139,15000kbps_2160p_59_94fps_hevc,cutting_orange_tuil@display=center_crop_720p
40000kbps_2160p_59_94fps_hevc,15000kbps_2160p_59_94fps_hevc,7ee9ac9c-8276-40d1-bf88-b06fbf4725b0,40000kbps_2160p_59_94fps_hevc,cutting_orange_tuil@display=center_crop_720p
15000kbps_2160p_59_94fps_hevc,15000kbps_2160p_59_94fps_hevc,4555a7b7-7597-4602-8e40-fabb41dd856d,40000kbps_2160p_59_94fps_hevc,cutting_orange_tuil@display=center_crop_720p
40000kbps_2160p_59_94fps_hevc,40000kbps_2160p_59_94fps_hevc,2c15d5b5-80b8-417f-a266-94c9f87ac793,15000kbps_2160p_59_94fps_hevc,cutting_orange_tuil@display=center_crop_720p
15000kbps_2160p_59_94fps_hevc,15000kbps_2160p_59_94fps_hevc,72826188-8025-4e87-b7c2-0879f8ae2022,40000kbps_2160p_59_94fps_hevc,cutting_orange_tuil@display=center_crop_720p
,15000kbps_2160p_59_94fps_hevc,ca0b6ada-b677-448c-848a-adbd7a537aab,40000kbps_2160p_59_94fps_hevc,cutting_orange_tuil@display=center_crop_720p
,40000kbps_2160p_59_94fps_hevc,74f4d4b6-3dde-4d73-851d-58581730f0fa,15000kbps_2160p_59_94fps_hevc,cutting_orange_tuil@display=center_crop_720p
40000kbps_2160p_59_94fps_hevc,15000kbps_2160p_59_94fps_h264,3acc4815-f690-4c3c-a93b-17e539e7af4b,40000kbps_2160p_59_94fps_hevc,water_netflix@display=center_crop_720p
40000kbps_2160p_59_94fps_hevc,40000kbps_2160p_59_94fps_hevc,54ff783c-43c7-4c8b-9c7a-eff5f73d662d,15000kbps_2160p_59_94fps_h264,water_netflix@display=center_crop_720p
40000kbps_2160p_59_94fps_hevc,15000kbps_2160p_59_94fps_h264,37990ada-86e1-4448-9bd1-a05516904e6b,40000kbps_2160p_59_94fps_hevc,water_netflix@display=center_crop_720p
40000kbps_2160p_59_94fps_hevc,15000kbps_2160p_59_94fps_h264,372402e9-b6ad-47bd-9fd9-c1f40fefa080,40000kbps_2160p_59_94fps_hevc,water_netflix@display=center_crop_720p
40000kbps_2160p_59_94fps_hevc,40000kbps_2160p_59_94fps_hevc,b002868b-0aac-480d-9139-8e807273fe21,15000kbps_2160p_59_94fps_h264,water_netflix@display=center_crop_720p
40000kbps_2160p_59_94fps_hevc,15000kbps_2160p_59_94fps_h264,f46cd41c-48e5-4334-8378-2ce27465f19c,40000kbps_2160p_59_94fps_hevc,water_netflix@display=center_crop_720p
40000kbps_2160p_59_94fps_hevc,40000kbps_2160p_59_94fps_hevc,7ee9ac9c-8276-40d1-bf88-b06fbf4725b0,15000kbps_2160p_59_94fps_h264,water_netflix@display=center_crop_720p
,15000kbps_2160p_59_94fps_h264,74f4d4b6-3dde-4d73-851d-58581730f0fa,40000kbps_2160p_59_94fps_hevc,water_netflix@display=center_crop_720p
40000kbps_2160p_59_94fps_hevc,40000kbps_2160p_59_94fps_hevc,a9132cf2-2408-4996-b7f7-c1f6d2fa7f7d,15000kbps_2160p_59_94fps_h264,water_netflix@display=center_crop_720p
40000kbps_2160p_59_94fps_hevc,15000kbps_2160p_59_94fps_h264,f46cd41c-48e5-4334-8378-2ce27465f19c,40000kbps_2160p_59_94fps_hevc,water_netflix@display=center_crop_720p
,40974kbps_2160p_59_94fps_h264,74f4d4b6-3dde-4d73-851d-58581730f0fa,59720kbps_2160p_59_94fps_h264,cutting_orange_tuil_8s@display=center_crop_720p
,40974kbps_2160p_59_94fps_h264,c49850c3-7323-4a2a-98c6-1fc2e0acf12c,59720kbps_2160p_59_94fps_h264,cutting_orange_tuil_8s@display=center_crop_720p
40974kbps_2160p_59_94fps_h264,40974kbps_2160p_59_94fps_h264,860a94d4-e689-46d5-8a49-a1142fd97785,59720kbps_2160p_59_94fps_h264,cutting_orange_tuil_8s@display=center_crop_720p
,59720kbps_2160p_59_94fps_h264,d748155c-693b-46a4-b752-d85e7b9b6c86,40974kbps_2160p_59_94fps_h264,cutting_orange_tuil_8s@display=center_crop_720p
,40974kbps_2160p_59_94fps_h264,bb6cca1f-9042-4f5a-b9c7-4f02a610c3b1,59720kbps_2160p_59_94fps_h264,cutting_orange_tuil_8s@display=center_crop_720p
,59720kbps_2160p_59_94fps_h264,7740f956-7828-453f-8936-138ace5e608c,40974kbps_2160p_59_94fps_h264,cutting_orange_tuil_8s@display=center_crop_720p
59720kbps_2160p_59_94fps_h264,40974kbps_2160p_59_94fps_h264,c6c7340e-5a8e-45d8-b2f9-2c2635477303,59720kbps_2160p_59_94fps_h264,cutting_orange_tuil_8s@display=center_crop_720p
59720kbps_2160p_59_94fps_h264,40974kbps_2160p_59_94fps_h264,1e0b9fa9-bdce-4013-a041-56771e0a8f5d,59720kbps_2160p_59_94fps_h264,cutting_orange_tuil_8s@display=center_crop_720p
59720kbps_2160p_59_94fps_h264,59720kbps_2160p_59_94fps_h264,7ee9ac9c-8276-40d1-bf88-b06fbf4725b0,40974kbps_2160p_59_94fps_h264,cutting_orange_tuil_8s@display=center_crop_720p
59720kbps_2160p_59_94fps_h264,59720kbps_2160p_59_94fps_h264,54ff783c-43c7-4c8b-9c7a-eff5f73d662d,40974kbps_2160p_59_94fps_h264,cutting_orange_tuil_8s@display=center_crop_720p
,40000kbps_2160p_60_0fps_hevc,74f4d4b6-3dde-4d73-851d-58581730f0fa,7500kbps_2160p_60_0fps_h264,bigbuck_bunny_8bit@display=center_crop_720p
,7500kbps_2160p_60_0fps_h264,766cf724-c54a-448d-aba8-31db9f14a3c9,40000kbps_2160p_60_0fps_hevc,bigbuck_bunny_8bit@display=center_crop_720p
,7500kbps_2160p_60_0fps_h264,ec0ce1d3-1f2e-47ae-bab7-b9ad7cebcf35,40000kbps_2160p_60_0fps_hevc,bigbuck_bunny_8bit@display=center_crop_720p
,7500kbps_2160p_60_0fps_h264,ec0ce1d3-1f2e-47ae-bab7-b9ad7cebcf35,40000kbps_2160p_60_0fps_hevc,bigbuck_bunny_8bit@display=center_crop_720p
,40000kbps_2160p_60_0fps_hevc,a8606522-5663-4cbe-8135-ea430251548e,7500kbps_2160p_60_0fps_h264,bigbuck_bunny_8bit@display=center_crop_720p
,40000kbps_2160p_60_0fps_hevc,8442cf6b-8195-4e1d-af14-ca5e95d7ac31,7500kbps_2160p_60_0fps_h264,bigbuck_bunny_8bit@display=center_crop_720p
40000kbps_2160p_60_0fps_hevc,7500kbps_2160p_60_0fps_h264,b1150c1e-fab1-4c1f-b251-5c387398b340,40000kbps_2160p_60_0fps_hevc,bigbuck_bunny_8bit@display=center_crop_720p
,7500kbps_2160p_60_0fps_h264,09fa6237-0870-4117-b13c-fcb18fa8af27,40000kbps_2160p_60_0fps_hevc,bigbuck_bunny_8bit@display=center_crop_720p
,7500kbps_2160p_60_0fps_h264,86cf9966-2fc8-4b58-af9c-a8427bb85186,40000kbps_2160p_60_0fps_hevc,bigbuck_bunny_8bit@display=center_crop_720p
40000kbps_2160p_60_0fps_hevc,40000kbps_2160p_60_0fps_hevc,37990ada-86e1-4448-9bd1-a05516904e6b,7500kbps_2160p_60_0fps_h264,bigbuck_bunny_8bit@display=center_crop_720p
,3484kbps_2160p_59_94fps_h264,74f4d4b6-3dde-4d73-851d-58581730f0fa,59720kbps_2160p_59_94fps_hevc,cutting_orange_tuil_8s@display=center_crop_720p
59720kbps_2160p_59_94fps_hevc,59720kbps_2160p_59_94fps_hevc,c6ce66ef-7872-4e66-83ab-5d75441dd888,3484kbps_2160p_59_94fps_h264,cutting_orange_tuil_8s@display=center_crop_720p
59720kbps_2160p_59_94fps_hevc,59720kbps_2160p_59_94fps_hevc,79926a79-3d5c-49b0-b064-0f3b43c66b71,3484kbps_2160p_59_94fps_h264,cutting_orange_tuil_8s@display=center_crop_720p
59720kbps_2160p_59_94fps_hevc,3484kbps_2160p_59_94fps_h264,e3299900-e057-461f-ba38-07d225535439,59720kbps_2160p_59_94fps_hevc,cutting_orange_tuil_8s@display=center_crop_720p
59720kbps_2160p_59_94fps_hevc,3484kbps_2160p_59_94fps_h264,e3299900-e057-461f-ba38-07d225535439,59720kbps_2160p_59_94fps_hevc,cutting_orange_tuil_8s@display=center_crop_720p
59720kbps_2160p_59_94fps_hevc,3484kbps_2160p_59_94fps_h264,15cf1be7-49a5-4b31-abac-f1b73a3145ee,59720kbps_2160p_59_94fps_hevc,cutting_orange_tuil_8s@display=center_crop_720p
3484kbps_2160p_59_94fps_h264,3484kbps_2160p_59_94fps_h264,b002868b-0aac-480d-9139-8e807273fe21,59720kbps_2160p_59_94fps_hevc,cutting_orange_tuil_8s@display=center_crop_720p
3484kbps_2160p_59_94fps_h264,3484kbps_2160p_59_94fps_h264,228a389a-984c-4887-8124-dc6348d10f7b,59720kbps_2160p_59_94fps_hevc,cutting_orange_tuil_8s@display=center_crop_720p
59720kbps_2160p_59_94fps_hevc,3484kbps_2160p_59_94fps_h264,54ff783c-43c7-4c8b-9c7a-eff5f73d662d,59720kbps_2160p_59_94fps_hevc,cutting_orange_tuil_8s@display=center_crop_720p
59720kbps_2160p_59_94fps_hevc,59720kbps_2160p_59_94fps_hevc,39da6bfe-8e4d-4f5c-a80e-f74e3bfa62a5,3484kbps_2160p_59_94fps_h264,cutting_orange_tuil_8s@display=center_crop_720p
40974kbps_2160p_59_94fps_hevc,40974kbps_2160p_59_94fps_hevc,5135cb57-2a91-4b0d-b4dc-1cd649f52d0f,40974kbps_2160p_59_94fps_h264,cutting_orange_tuil_8s@display=center_crop_720p
40974kbps_2160p_59_94fps_h264,40974kbps_2160p_59_94fps_h264,6f326bd6-a511-4b7a-9de9-417d8a5318b5,40974kbps_2160p_59_94fps_hevc,cutting_orange_tuil_8s@display=center_crop_720p
,40974kbps_2160p_59_94fps_h264,72826188-8025-4e87-b7c2-0879f8ae2022,40974kbps_2160p_59_94fps_hevc,cutting_orange_tuil_8s@display=center_crop_720p
,40974kbps_2160p_59_94fps_hevc,243a5278-51f5-48b6-9ea0-515a2f0d3081,40974kbps_2160p_59_94fps_h264,cutting_orange_tuil_8s@display=center_crop_720p
,40974kbps_2160p_59_94fps_hevc,1f357e72-ff19-440e-8df6-fd3e87cd52bd,40974kbps_2160p_59_94fps_h264,cutting_orange_tuil_8s@display=center_crop_720p
,40974kbps_2160p_59_94fps_hevc,74f4d4b6-3dde-4d73-851d-58581730f0fa,40974kbps_2160p_59_94fps_h264,cutting_orange_tuil_8s@display=center_crop_720p
,40974kbps_2160p_59_94fps_hevc,74d5e5ae-6320-403e-8130-8f81d73cd2cb,40974kbps_2160p_59_94fps_h264,cutting_orange_tuil_8s@display=center_crop_720p
40974kbps_2160p_59_94fps_h264,40974kbps_2160p_59_94fps_hevc,7ee9ac9c-8276-40d1-bf88-b06fbf4725b0,40974kbps_2160p_59_94fps_h264,cutting_orange_tuil_8s@display=center_crop_720p
40974kbps_2160p_59_94fps_h264,40974kbps_2160p_59_94fps_hevc,72826188-8025-4e87-b7c2-0879f8ae2022,40974kbps_2160p_59_94fps_h264,cutting_orange_tuil_8s@display=center_crop_720p
40974kbps_2160p_59_94fps_h264,40974kbps_2160p_59_94fps_h264,0ef415ae-10b7-4d79-b0cd-ae471a0a1cd0,40974kbps_2160p_59_94fps_hevc,cutting_orange_tuil_8s@display=center_crop_720p
,40000kbps_2160p_60_0fps_vp9,690650c7-9119-497a-9747-ace85cd8f32f,7500kbps_2160p_60_0fps_h264,bigbuck_bunny_8bit@display=center_crop_720p
40000kbps_2160p_60_0fps_vp9,7500kbps_2160p_60_0fps_h264,f46cd41c-48e5-4334-8378-2ce27465f19c,40000kbps_2160p_60_0fps_vp9,bigbuck_bunny_8bit@display=center_crop_720p
40000kbps_2160p_60_0fps_vp9,40000kbps_2160p_60_0fps_vp9,0ef415ae-10b7-4d79-b0cd-ae471a0a1cd0,7500kbps_2160p_60_0fps_h264,bigbuck_bunny_8bit@display=center_crop_720p
,40000kbps_2160p_60_0fps_vp9,74f4d4b6-3dde-4d73-851d-58581730f0fa,7500kbps_2160p_60_0fps_h264,bigbuck_bunny_8bit@display=center_crop_720p
40000kbps_2160p_60_0fps_vp9,40000kbps_2160p_60_0fps_vp9,860a94d4-e689-46d5-8a49-a1142fd97785,7500kbps_2160p_60_0fps_h264,bigbuck_bunny_8bit@display=center_crop_720p
,7500kbps_2160p_60_0fps_h264,61b10c11-f67f-4d83-959a-7bcfbea45139,40000kbps_2160p_60_0fps_vp9,bigbuck_bunny_8bit@display=center_crop_720p
40000kbps_2160p_60_0fps_vp9,7500kbps_2160p_60_0fps_h264,c99f336d-2089-4274-95ce-cd1865a9787c,40000kbps_2160p_60_0fps_vp9,bigbuck_bunny_8bit@display=center_crop_720p
40000kbps_2160p_60_0fps_vp9,7500kbps_2160p_60_0fps_h264,1efee721-c595-49a9-ac51-bf3d35310e88,40000kbps_2160p_60_0fps_vp9,bigbuck_bunny_8bit@display=center_crop_720p
40000kbps_2160p_60_0fps_vp9,40000kbps_2160p_60_0fps_vp9,1e5f1b62-657f-4f0b-8ba6-975cd9482d45,7500kbps_2160p_60_0fps_h264,bigbuck_bunny_8bit@display=center_crop_720p
40000kbps_2160p_60_0fps_vp9,40000kbps_2160p_60_0fps_vp9,72826188-8025-4e87-b7c2-0879f8ae2022,7500kbps_2160p_60_0fps_h264,bigbuck_bunny_8bit@display=center_crop_720p
59720kbps_2160p_59_94fps_hevc,59720kbps_2160p_59_94fps_hevc,8ad89de3-6579-4fcb-9f42-62964d0c1b5d,59720kbps_2160p_59_94fps_h264,water_netflix_8s@display=center_crop_720p
,59720kbps_2160p_59_94fps_h264,d748155c-693b-46a4-b752-d85e7b9b6c86,59720kbps_2160p_59_94fps_hevc,water_netflix_8s@display=center_crop_720p
59720kbps_2160p_59_94fps_h264,59720kbps_2160p_59_94fps_hevc,f3051181-7c56-4891-afda-bfed1cb734e1,59720kbps_2160p_59_94fps_h264,water_netflix_8s@display=center_crop_720p
59720kbps_2160p_59_94fps_h264,59720kbps_2160p_59_94fps_hevc,4f832d5a-bd55-4616-a277-a2632893dc1d,59720kbps_2160p_59_94fps_h264,water_netflix_8s@display=center_crop_720p
59720kbps_2160p_59_94fps_hevc,59720kbps_2160p_59_94fps_h264,f3051181-7c56-4891-afda-bfed1cb734e1,59720kbps_2160p_59_94fps_hevc,water_netflix_8s@display=center_crop_720p
59720kbps_2160p_59_94fps_hevc,59720kbps_2160p_59_94fps_h264,48b6f8e9-5f2c-4276-bbe7-0988ef3b70e4,59720kbps_2160p_59_94fps_hevc,water_netflix_8s@display=center_crop_720p
,59720kbps_2160p_59_94fps_h264,bb6cca1f-9042-4f5a-b9c7-4f02a610c3b1,59720kbps_2160p_59_94fps_hevc,water_netflix_8s@display=center_crop_720p
59720kbps_2160p_59_94fps_hevc,59720kbps_2160p_59_94fps_h264,ce4f4741-1199-4168-bde2-e3841e3c636c,59720kbps_2160p_59_94fps_hevc,water_netflix_8s@display=center_crop_720p
,59720kbps_2160p_59_94fps_h264,7740f956-7828-453f-8936-138ace5e608c,59720kbps_2160p_59_94fps_hevc,water_netflix_8s@display=center_crop_720p
59720kbps_2160p_59_94fps_hevc,59720kbps_2160p_59_94fps_hevc,bd097813-7fc3-4301-b939-643d0af728a1,59720kbps_2160p_59_94fps_h264,water_netflix_8s@display=center_crop_720p
7500kbps_2160p_59_94fps_hevc,7500kbps_2160p_59_94fps_hevc,243a5278-51f5-48b6-9ea0-515a2f0d3081,15000kbps_2160p_59_94fps_h264,water_netflix@display=center_crop_720p
7500kbps_2160p_59_94fps_hevc,7500kbps_2160p_59_94fps_hevc,f3051181-7c56-4891-afda-bfed1cb734e1,15000kbps_2160p_59_94fps_h264,water_netflix@display=center_crop_720p
15000kbps_2160p_59_94fps_h264,7500kbps_2160p_59_94fps_hevc,93ff33f7-c9b8-4878-9204-0028b4046842,15000kbps_2160p_59_94fps_h264,water_netflix@display=center_crop_720p
,7500kbps_2160p_59_94fps_hevc,7e8b3c9e-ed4e-4cd0-904e-0c2144db1008,15000kbps_2160p_59_94fps_h264,water_netflix@display=center_crop_720p
15000kbps_2160p_59_94fps_h264,15000kbps_2160p_59_94fps_h264,7ee9ac9c-8276-40d1-bf88-b06fbf4725b0,7500kbps_2160p_59_94fps_hevc,water_netflix@display=center_crop_720p
,7500kbps_2160p_59_94fps_hevc,bb6cca1f-9042-4f5a-b9c7-4f02a610c3b1,15000kbps_2160p_59_94fps_h264,water_netflix@display=center_crop_720p
15000kbps_2160p_59_94fps_h264,7500kbps_2160p_59_94fps_hevc,930059bc-9d85-4305-9da6-e7384c2f626d,15000kbps_2160p_59_94fps_h264,water_netflix@display=center_crop_720p
7500kbps_2160p_59_94fps_hevc,15000kbps_2160p_59_94fps_h264,c717cd44-9530-41e4-b4cf-181f472db916,7500kbps_2160p_59_94fps_hevc,water_netflix@display=center_crop_720p
15000kbps_2160p_59_94fps_h264,7500kbps_2160p_59_94fps_hevc,93ff33f7-c9b8-4878-9204-0028b4046842,15000kbps_2160p_59_94fps_h264,water_netflix@display=center_crop_720p
,15000kbps_2160p_59_94fps_h264,7e8b3c9e-ed4e-4cd0-904e-0c2144db1008,7500kbps_2160p_59_94fps_hevc,water_netflix@display=center_crop_720p
59720kbps_2160p_59_94fps_h264,3484kbps_2160p_59_94fps_hevc,4067eb21-c8c2-4723-bc86-a1cab1f6d670,59720kbps_2160p_59_94fps_h264,water_netflix_8s@display=center_crop_720p
59720kbps_2160p_59_94fps_h264,59720kbps_2160p_59_94fps_h264,39da6bfe-8e4d-4f5c-a80e-f74e3bfa62a5,3484kbps_2160p_59_94fps_hevc,water_netflix_8s@display=center_crop_720p
59720kbps_2160p_59_94fps_h264,3484kbps_2160p_59_94fps_hevc,2c15d5b5-80b8-417f-a266-94c9f87ac793,59720kbps_2160p_59_94fps_h264,water_netflix_8s@display=center_crop_720p
59720kbps_2160p_59_94fps_h264,59720kbps_2160p_59_94fps_h264,7740f956-7828-453f-8936-138ace5e608c,3484kbps_2160p_59_94fps_hevc,water_netflix_8s@display=center_crop_720p
59720kbps_2160p_59_94fps_h264,3484kbps_2160p_59_94fps_hevc,690650c7-9119-497a-9747-ace85cd8f32f,59720kbps_2160p_59_94fps_h264,water_netflix_8s@display=center_crop_720p
3484kbps_2160p_59_94fps_hevc,3484kbps_2160p_59_94fps_hevc,f3051181-7c56-4891-afda-bfed1cb734e1,59720kbps_2160p_59_94fps_h264,water_netflix_8s@display=center_crop_720p
59720kbps_2160p_59_94fps_h264,59720kbps_2160p_59_94fps_h264,1efee721-c595-49a9-ac51-bf3d35310e88,3484kbps_2160p_59_94fps_hevc,water_netflix_8s@display=center_crop_720p
59720kbps_2160p_59_94fps_h264,59720kbps_2160p_59_94fps_h264,09e18e7a-1037-415d-b9ad-451f4c29ae18,3484kbps_2160p_59_94fps_hevc,water_netflix_8s@display=center_crop_720p
59720kbps_2160p_59_94fps_h264,59720kbps_2160p_59_94fps_h264,008b3c18-0773-43fb-8d31-d3c854c17b82,3484kbps_2160p_59_94fps_hevc,water_netflix_8s@display=center_crop_720p
59720kbps_2160p_59_94fps_h264,59720kbps_2160p_59_94fps_h264,a9132cf2-2408-4996-b7f7-c1f6d2fa7f7d,3484kbps_2160p_59_94fps_hevc,water_netflix_8s@display=center_crop_720p
40974kbps_2160p_59_94fps_hevc,59720kbps_2160p_59_94fps_h264,f3051181-7c56-4891-afda-bfed1cb734e1,40974kbps_2160p_59_94fps_hevc,cutting_orange_tuil_8s@display=center_crop_720p
,40974kbps_2160p_59_94fps_hevc,0fdaf977-f8b3-470f-9588-6e0120f4e2da,59720kbps_2160p_59_94fps_h264,cutting_orange_tuil_8s@display=center_crop_720p
,40974kbps_2160p_59_94fps_hevc,34bc48f6-c844-4c91-b4e3-1dcab0636197,59720kbps_2160p_59_94fps_h264,cutting_orange_tuil_8s@display=center_crop_720p
40974kbps_2160p_59_94fps_hevc,40974kbps_2160p_59_94fps_hevc,d0c36760-0f38-4c88-a492-4bb9b3bc2167,59720kbps_2160p_59_94fps_h264,cutting_orange_tuil_8s@display=center_crop_720p
,59720kbps_2160p_59_94fps_h264,a9476aae-d1d7-44a8-8134-779eec94156b,40974kbps_2160p_59_94fps_hevc,cutting_orange_tuil_8s@display=center_crop_720p
,40974kbps_2160p_59_94fps_hevc,4738cba8-0d09-4d03-9352-5632bee3d8e4,59720kbps_2160p_59_94fps_h264,cutting_orange_tuil_8s@display=center_crop_720p
,40974kbps_2160p_59_94fps_hevc,67ec1054-59e7-420c-99bb-1fa0f05bc32b,59720kbps_2160p_59_94fps_h264,cutting_orange_tuil_8s@display=center_crop_720p
,59720kbps_2160p_59_94fps_h264,a9132cf2-2408-4996-b7f7-c1f6d2fa7f7d,40974kbps_2160p_59_94fps_hevc,cutting_orange_tuil_8s@display=center_crop_720p
,59720kbps_2160p_59_94fps_h264,dfd6da40-bceb-4416-bdc1-f638a4940ac5,40974kbps_2160p_59_94fps_hevc,cutting_orange_tuil_8s@display=center_crop_720p
59720kbps_2160p_59_94fps_h264,40974kbps_2160p_59_94fps_hevc,1d2d9791-4db4-4b0d-9f5b-b7ac57248c04,59720kbps_2160p_59_94fps_h264,cutting_orange_tuil_8s@display=center_crop_720p
40974kbps_2160p_59_94fps_hevc,22229kbps_2160p_59_94fps_hevc,f3051181-7c56-4891-afda-bfed1cb734e1,40974kbps_2160p_59_94fps_hevc,cutting_orange_tuil_8s@display=center_crop_720p
,40974kbps_2160p_59_94fps_hevc,34bc48f6-c844-4c91-b4e3-1dcab0636197,22229kbps_2160p_59_94fps_hevc,cutting_orange_tuil_8s@display=center_crop_720p
40974kbps_2160p_59_94fps_hevc,40974kbps_2160p_59_94fps_hevc,0ef415ae-10b7-4d79-b0cd-ae471a0a1cd0,22229kbps_2160p_59_94fps_hevc,cutting_orange_tuil_8s@display=center_crop_720p
,40974kbps_2160p_59_94fps_hevc,0ef415ae-10b7-4d79-b0cd-ae471a0a1cd0,22229kbps_2160p_59_94fps_hevc,cutting_orange_tuil_8s@display=center_crop_720p
40974kbps_2160p_59_94fps_hevc,40974kbps_2160p_59_94fps_hevc,4555a7b7-7597-4602-8e40-fabb41dd856d,22229kbps_2160p_59_94fps_hevc,cutting_orange_tuil_8s@display=center_crop_720p
22229kbps_2160p_59_94fps_hevc,22229kbps_2160p_59_94fps_hevc,c99f336d-2089-4274-95ce-cd1865a9787c,40974kbps_2160p_59_94fps_hevc,cutting_orange_tuil_8s@display=center_crop_720p
,22229kbps_2160p_59_94fps_hevc,243a5278-51f5-48b6-9ea0-515a2f0d3081,40974kbps_2160p_59_94fps_hevc,cutting_orange_tuil_8s@display=center_crop_720p
22229kbps_2160p_59_94fps_hevc,22229kbps_2160p_59_94fps_hevc,438d29b9-e9b7-45a3-986b-f9c92b6f4d95,40974kbps_2160p_59_94fps_hevc,cutting_orange_tuil_8s@display=center_crop_720p
,40974kbps_2160p_59_94fps_hevc,4ef67531-8da0-4b5a-b7f5-7633ad221a92,22229kbps_2160p_59_94fps_hevc,cutting_orange_tuil_8s@display=center_crop_720p
,40974kbps_2160p_59_94fps_hevc,fb267fbe-2773-414c-b61c-b69f42b58762,22229kbps_2160p_59_94fps_hevc,cutting_orange_tuil_8s@display=center_crop_720p
22229kbps_2160p_59_94fps_hevc,3484kbps_2160p_59_94fps_hevc,f3051181-7c56-4891-afda-bfed1cb734e1,22229kbps_2160p_59_94fps_hevc,cutting_orange_tuil_8s@display=center_crop_720p
22229kbps_2160p_59_94fps_hevc,22229kbps_2160p_59_94fps_hevc,08e4105c-2f07-4aee-9e94-140b8cb7a24c,3484kbps_2160p_59_94fps_hevc,cutting_orange_tuil_8s@display=center_crop_720p
3484kbps_2160p_59_94fps_hevc,3484kbps_2160p_59_94fps_hevc,3f3b24c7-3ace-49f2-9b57-47769682e64c,22229kbps_2160p_59_94fps_hevc,cutting_orange_tuil_8s@display=center_crop_720p
22229kbps_2160p_59_94fps_hevc,3484kbps_2160p_59_94fps_hevc,228a389a-984c-4887-8124-dc6348d10f7b,22229kbps_2160p_59_94fps_hevc,cutting_orange_tuil_8s@display=center_crop_720p
,3484kbps_2160p_59_94fps_hevc,4ef67531-8da0-4b5a-b7f5-7633ad221a92,22229kbps_2160p_59_94fps_hevc,cutting_orange_tuil_8s@display=center_crop_720p
,3484kbps_2160p_59_94fps_hevc,3c8ceb97-7ebb-42f7-b865-78735f9061e1,22229kbps_2160p_59_94fps_hevc,cutting_orange_tuil_8s@display=center_crop_720p
,22229kbps_2160p_59_94fps_hevc,3c8ceb97-7ebb-42f7-b865-78735f9061e1,3484kbps_2160p_59_94fps_hevc,cutting_orange_tuil_8s@display=center_crop_720p
3484kbps_2160p_59_94fps_hevc,3484kbps_2160p_59_94fps_hevc,7209ecef-2a7a-49e9-bb2b-0b91ef6a7a7a,22229kbps_2160p_59_94fps_hevc,cutting_orange_tuil_8s@display=center_crop_720p
22229kbps_2160p_59_94fps_hevc,22229kbps_2160p_59_94fps_hevc,bd70f9a3-69aa-492e-92fe-e1ba35387699,3484kbps_2160p_59_94fps_hevc,cutting_orange_tuil_8s@display=center_crop_720p
,22229kbps_2160p_59_94fps_hevc,3b3a2aed-9878-4103-8123-069aa9f69bff,3484kbps_2160p_59_94fps_hevc,cutting_orange_tuil_8s@display=center_crop_720p
40974kbps_2160p_59_94fps_hevc,40974kbps_2160p_59_94fps_h264,7ee9ac9c-8276-40d1-bf88-b06fbf4725b0,40974kbps_2160p_59_94fps_hevc,water_netflix_8s@display=center_crop_720p
,40974kbps_2160p_59_94fps_h264,d0c36760-0f38-4c88-a492-4bb9b3bc2167,40974kbps_2160p_59_94fps_hevc,water_netflix_8s@display=center_crop_720p
40974kbps_2160p_59_94fps_h264,40974kbps_2160p_59_94fps_h264,a9476aae-d1d7-44a8-8134-779eec94156b,40974kbps_2160p_59_94fps_hevc,water_netflix_8s@display=center_crop_720p
,40974kbps_2160p_59_94fps_hevc,a9476aae-d1d7-44a8-8134-779eec94156b,40974kbps_2160p_59_94fps_h264,water_netflix_8s@display=center_crop_720p
,40974kbps_2160p_59_94fps_h264,67ec1054-59e7-420c-99bb-1fa0f05bc32b,40974kbps_2160p_59_94fps_hevc,water_netflix_8s@display=center_crop_720p
40974kbps_2160p_59_94fps_hevc,40974kbps_2160p_59_94fps_hevc,8cea155c-161f-4e60-9b74-b27c6dc55c81,40974kbps_2160p_59_94fps_h264,water_netflix_8s@display=center_crop_720p
40974kbps_2160p_59_94fps_h264,40974kbps_2160p_59_94fps_hevc,a85f27d4-3f01-4e48-9732-a2f1f86e2f8a,40974kbps_2160p_59_94fps_h264,water_netflix_8s@display=center_crop_720p
40974kbps_2160p_59_94fps_h264,40974kbps_2160p_59_94fps_h264,9f78d5de-44ed-4ade-8350-91d15d08660f,40974kbps_2160p_59_94fps_hevc,water_netflix_8s@display=center_crop_720p
40974kbps_2160p_59_94fps_hevc,40974kbps_2160p_59_94fps_hevc,67cac82e-e60a-4a5b-849f-ff4a58a1b8ec,40974kbps_2160p_59_94fps_h264,water_netflix_8s@display=center_crop_720p
40974kbps_2160p_59_94fps_hevc,40974kbps_2160p_59_94fps_h264,81c88a9d-cc8f-4851-9e78-8320e03d2180,40974kbps_2160p_59_94fps_hevc,water_netflix_8s@display=center_crop_720p
15000kbps_2160p_59_94fps_vp9,15000kbps_2160p_59_94fps_h264,7ee9ac9c-8276-40d1-bf88-b06fbf4725b0,15000kbps_2160p_59_94fps_vp9,water_netflix@display=center_crop_720p
15000kbps_2160p_59_94fps_vp9,15000kbps_2160p_59_94fps_h264,61b10c11-f67f-4d83-959a-7bcfbea45139,15000kbps_2160p_59_94fps_vp9,water_netflix@display=center_crop_720p
15000kbps_2160p_59_94fps_vp9,15000kbps_2160p_59_94fps_h264,61b10c11-f67f-4d83-959a-7bcfbea45139,15000kbps_2160p_59_94fps_vp9,water_netflix@display=center_crop_720p
15000kbps_2160p_59_94fps_vp9,15000kbps_2160p_59_94fps_vp9,61b10c11-f67f-4d83-959a-7bcfbea45139,15000kbps_2160p_59_94fps_h264,water_netflix@display=center_crop_720p
15000kbps_2160p_59_94fps_vp9,15000kbps_2160p_59_94fps_h264,17d8f323-de70-477b-9c54-e55ee1437488,15000kbps_2160p_59_94fps_vp9,water_netflix@display=center_crop_720p
15000kbps_2160p_59_94fps_vp9,15000kbps_2160p_59_94fps_vp9,67ec1054-59e7-420c-99bb-1fa0f05bc32b,15000kbps_2160p_59_94fps_h264,water_netflix@display=center_crop_720p
15000kbps_2160p_59_94fps_vp9,15000kbps_2160p_59_94fps_h264,a9aef5a8-89c3-4a7e-a0ba-6865bcad9c08,15000kbps_2160p_59_94fps_vp9,water_netflix@display=center_crop_720p
15000kbps_2160p_59_94fps_vp9,15000kbps_2160p_59_94fps_vp9,5df32126-f164-45f0-9b62-c03ffba8b152,15000kbps_2160p_59_94fps_h264,water_netflix@display=center_crop_720p
15000kbps_2160p_59_94fps_vp9,15000kbps_2160p_59_94fps_h264,29adab82-af7e-40b2-9935-c90b63fb7200,15000kbps_2160p_59_94fps_vp9,water_netflix@display=center_crop_720p
15000kbps_2160p_59_94fps_vp9,15000kbps_2160p_59_94fps_h264,7e8b3c9e-ed4e-4cd0-904e-0c2144db1008,15000kbps_2160p_59_94fps_vp9,water_netflix@display=center_crop_720p
40000kbps_2160p_59_94fps_vp9,7500kbps_2160p_59_94fps_h264,0f7571f9-aee0-41fc-85ea-19ea3d296c37,40000kbps_2160p_59_94fps_vp9,cutting_orange_tuil@display=center_crop_720p
40000kbps_2160p_59_94fps_vp9,40000kbps_2160p_59_94fps_vp9,0f7571f9-aee0-41fc-85ea-19ea3d296c37,7500kbps_2160p_59_94fps_h264,cutting_orange_tuil@display=center_crop_720p
,40000kbps_2160p_59_94fps_vp9,7e8b3c9e-ed4e-4cd0-904e-0c2144db1008,7500kbps_2160p_59_94fps_h264,cutting_orange_tuil@display=center_crop_720p
40000kbps_2160p_59_94fps_vp9,7500kbps_2160p_59_94fps_h264,7f06f2cf-9d5d-47db-b8d6-04608268bdd8,40000kbps_2160p_59_94fps_vp9,cutting_orange_tuil@display=center_crop_720p
40000kbps_2160p_59_94fps_vp9,7500kbps_2160p_59_94fps_h264,1efee721-c595-49a9-ac51-bf3d35310e88,40000kbps_2160p_59_94fps_vp9,cutting_orange_tuil@display=center_crop_720p
,7500kbps_2160p_59_94fps_h264,7e8b3c9e-ed4e-4cd0-904e-0c2144db1008,40000kbps_2160p_59_94fps_vp9,cutting_orange_tuil@display=center_crop_720p
,40000kbps_2160p_59_94fps_vp9,39da6bfe-8e4d-4f5c-a80e-f74e3bfa62a5,7500kbps_2160p_59_94fps_h264,cutting_orange_tuil@display=center_crop_720p
40000kbps_2160p_59_94fps_vp9,40000kbps_2160p_59_94fps_vp9,7ee9ac9c-8276-40d1-bf88-b06fbf4725b0,7500kbps_2160p_59_94fps_h264,cutting_orange_tuil@display=center_crop_720p
,7500kbps_2160p_59_94fps_h264,0fdaf977-f8b3-470f-9588-6e0120f4e2da,40000kbps_2160p_59_94fps_vp9,cutting_orange_tuil@display=center_crop_720p
40000kbps_2160p_59_94fps_vp9,40000kbps_2160p_59_94fps_vp9,cd514197-164c-4a1b-aff2-ca42ca8c378b,7500kbps_2160p_59_94fps_h264,cutting_orange_tuil@display=center_crop_720p
15000kbps_2160p_59_94fps_vp9,15000kbps_2160p_59_94fps_vp9,7ee9ac9c-8276-40d1-bf88-b06fbf4725b0,15000kbps_2160p_59_94fps_hevc,water_netflix@display=center_crop_720p
15000kbps_2160p_59_94fps_vp9,15000kbps_2160p_59_94fps_vp9,08e4105c-2f07-4aee-9e94-140b8cb7a24c,15000kbps_2160p_59_94fps_hevc,water_netflix@display=center_crop_720p
15000kbps_2160p_59_94fps_vp9,15000kbps_2160p_59_94fps_hevc,c49850c3-7323-4a2a-98c6-1fc2e0acf12c,15000kbps_2160p_59_94fps_vp9,water_netflix@display=center_crop_720p
15000kbps_2160p_59_94fps_vp9,15000kbps_2160p_59_94fps_hevc,8019643f-b4b4-4d34-8a45-a28abbcf8aef,15000kbps_2160p_59_94fps_vp9,water_netflix@display=center_crop_720p
,15000kbps_2160p_59_94fps_hevc,36c181d0-f9a1-4f75-a235-1e4891c6355d,15000kbps_2160p_59_94fps_vp9,water_netflix@display=center_crop_720p
15000kbps_2160p_59_94fps_vp9,15000kbps_2160p_59_94fps_hevc,be228e5c-82f1-4c19-99b9-548ef9baac42,15000kbps_2160p_59_94fps_vp9,water_netflix@display=center_crop_720p
15000kbps_2160p_59_94fps_vp9,15000kbps_2160p_59_94fps_vp9,5135cb57-2a91-4b0d-b4dc-1cd649f52d0f,15000kbps_2160p_59_94fps_hevc,water_netflix@display=center_crop_720p
15000kbps_2160p_59_94fps_vp9,15000kbps_2160p_59_94fps_hevc,cd514197-164c-4a1b-aff2-ca42ca8c378b,15000kbps_2160p_59_94fps_vp9,water_netflix@display=center_crop_720p
15000kbps_2160p_59_94fps_vp9,15000kbps_2160p_59_94fps_vp9,ca0b6ada-b677-448c-848a-adbd7a537aab,15000kbps_2160p_59_94fps_hevc,water_netflix@display=center_crop_720p
15000kbps_2160p_59_94fps_vp9,15000kbps_2160p_59_94fps_vp9,1d2d9791-4db4-4b0d-9f5b-b7ac57248c04,15000kbps_2160p_59_94fps_hevc,water_netflix@display=center_crop_720p
22229kbps_2160p_59_94fps_hevc,22229kbps_2160p_59_94fps_hevc,8ae4770b-48c9-468a-8b0f-2896d57a3467,3484kbps_2160p_59_94fps_h264,cutting_orange_tuil_8s@display=center_crop_720p
22229kbps_2160p_59_94fps_hevc,3484kbps_2160p_59_94fps_h264,8767258e-7171-4c27-885c-514256aa64b5,22229kbps_2160p_59_94fps_hevc,cutting_orange_tuil_8s@display=center_crop_720p
22229kbps_2160p_59_94fps_hevc,22229kbps_2160p_59_94fps_hevc,8767258e-7171-4c27-885c-514256aa64b5,3484kbps_2160p_59_94fps_h264,cutting_orange_tuil_8s@display=center_crop_720p
22229kbps_2160p_59_94fps_hevc,22229kbps_2160p_59_94fps_hevc,74d1c2af-afc2-46b0-8a55-d3ea706a0e09,3484kbps_2160p_59_94fps_h264,cutting_orange_tuil_8s@display=center_crop_720p
22229kbps_2160p_59_94fps_hevc,22229kbps_2160p_59_94fps_hevc,d72d9c60-71ce-409e-936a-c6a7c65c2693,3484kbps_2160p_59_94fps_h264,cutting_orange_tuil_8s@display=center_crop_720p
22229kbps_2160p_59_94fps_hevc,3484kbps_2160p_59_94fps_h264,a19258eb-cbbd-4ef2-8d41-716d58719dee,22229kbps_2160p_59_94fps_hevc,cutting_orange_tuil_8s@display=center_crop_720p
22229kbps_2160p_59_94fps_hevc,22229kbps_2160p_59_94fps_hevc,4f832d5a-bd55-4616-a277-a2632893dc1d,3484kbps_2160p_59_94fps_h264,cutting_orange_tuil_8s@display=center_crop_720p
22229kbps_2160p_59_94fps_hevc,3484kbps_2160p_59_94fps_h264,be228e5c-82f1-4c19-99b9-548ef9baac42,22229kbps_2160p_59_94fps_hevc,cutting_orange_tuil_8s@display=center_crop_720p
22229kbps_2160p_59_94fps_hevc,22229kbps_2160p_59_94fps_hevc,1008bca0-3330-4f98-890f-83518204dac9,3484kbps_2160p_59_94fps_h264,cutting_orange_tuil_8s@display=center_crop_720p
22229kbps_2160p_59_94fps_hevc,22229kbps_2160p_59_94fps_hevc,dfd6da40-bceb-4416-bdc1-f638a4940ac5,3484kbps_2160p_59_94fps_h264,cutting_orange_tuil_8s@display=center_crop_720p
40974kbps_2160p_59_94fps_hevc,40974kbps_2160p_59_94fps_hevc,8767258e-7171-4c27-885c-514256aa64b5,3484kbps_2160p_59_94fps_h264,water_netflix_8s@display=center_crop_720p
40974kbps_2160p_59_94fps_hevc,40974kbps_2160p_59_94fps_hevc,79926a79-3d5c-49b0-b064-0f3b43c66b71,3484kbps_2160p_59_94fps_h264,water_netflix_8s@display=center_crop_720p
40974kbps_2160p_59_94fps_hevc,40974kbps_2160p_59_94fps_hevc,89e87a67-9f89-4d9d-bbd9-17cd9d613671,3484kbps_2160p_59_94fps_h264,water_netflix_8s@display=center_crop_720p
40974kbps_2160p_59_94fps_hevc,40974kbps_2160p_59_94fps_hevc,2ea7b247-ca61-4ef8-8310-e4f62b6c9656,3484kbps_2160p_59_94fps_h264,water_netflix_8s@display=center_crop_720p
40974kbps_2160p_59_94fps_hevc,3484kbps_2160p_59_94fps_h264,c21134a7-8ba5-4387-8244-c8165b6ca66e,40974kbps_2160p_59_94fps_hevc,water_netflix_8s@display=center_crop_720p
40974kbps_2160p_59_94fps_hevc,3484kbps_2160p_59_94fps_h264,a35a2ee2-ddeb-415b-b200-0880cb9d485c,40974kbps_2160p_59_94fps_hevc,water_netflix_8s@display=center_crop_720p
40974kbps_2160p_59_94fps_hevc,3484kbps_2160p_59_94fps_h264,a35a2ee2-ddeb-415b-b200-0880cb9d485c,40974kbps_2160p_59_94fps_hevc,water_netflix_8s@display=center_crop_720p
40974kbps_2160p_59_94fps_hevc,3484kbps_2160p_59_94fps_h264,bd70f9a3-69aa-492e-92fe-e1ba35387699,40974kbps_2160p_59_94fps_hevc,water_netflix_8s@display=center_crop_720p
40974kbps_2160p_59_94fps_hevc,3484kbps_2160p_59_94fps_h264,743488ab-4387-40b6-8dd7-89cacd9486e9,40974kbps_2160p_59_94fps_hevc,water_netflix_8s@display=center_crop_720p
40974kbps_2160p_59_94fps_hevc,40974kbps_2160p_59_94fps_hevc,46d45e60-3182-42a7-b102-d17e5bc40200,3484kbps_2160p_59_94fps_h264,water_netflix_8s@display=center_crop_720p
59720kbps_2160p_59_94fps_h264,59720kbps_2160p_59_94fps_h264,d72d9c60-71ce-409e-936a-c6a7c65c2693,22229kbps_2160p_59_94fps_h264,water_netflix_8s@display=center_crop_720p
59720kbps_2160p_59_94fps_h264,59720kbps_2160p_59_94fps_h264,4794da0a-b39a-449f-9483-63a7c2b3f248,22229kbps_2160p_59_94fps_h264,water_netflix_8s@display=center_crop_720p
59720kbps_2160p_59_94fps_h264,59720kbps_2160p_59_94fps_h264,015f6620-e573-4ac7-a827-3a46dff55315,22229kbps_2160p_59_94fps_h264,water_netflix_8s@display=center_crop_720p
59720kbps_2160p_59_94fps_h264,22229kbps_2160p_59_94fps_h264,008b3c18-0773-43fb-8d31-d3c854c17b82,59720kbps_2160p_59_94fps_h264,water_netflix_8s@display=center_crop_720p
,22229kbps_2160p_59_94fps_h264,a35a2ee2-ddeb-415b-b200-0880cb9d485c,59720kbps_2160p_59_94fps_h264,water_netflix_8s@display=center_crop_720p
59720kbps_2160p_59_94fps_h264,59720kbps_2160p_59_94fps_h264,8767258e-7171-4c27-885c-514256aa64b5,22229kbps_2160p_59_94fps_h264,water_netflix_8s@display=center_crop_720p
59720kbps_2160p_59_94fps_h264,22229kbps_2160p_59_94fps_h264,948440b3-36bc-425f-bc8b-fdc41fbb5a44,59720kbps_2160p_59_94fps_h264,water_netflix_8s@display=center_crop_720p
59720kbps_2160p_59_94fps_h264,59720kbps_2160p_59_94fps_h264,948440b3-36bc-425f-bc8b-fdc41fbb5a44,22229kbps_2160p_59_94fps_h264,water_netflix_8s@display=center_crop_720p
59720kbps_2160p_59_94fps_h264,59720kbps_2160p_59_94fps_h264,1efee721-c595-49a9-ac51-bf3d35310e88,22229kbps_2160p_59_94fps_h264,water_netflix_8s@display=center_crop_720p
59720kbps_2160p_59_94fps_h264,59720kbps_2160p_59_94fps_h264,fb267fbe-2773-414c-b61c-b69f42b58762,22229kbps_2160p_59_94fps_h264,water_netflix_8s@display=center_crop_720p
22229kbps_2160p_60_0fps_hevc,3484kbps_2160p_60_0fps_h264,8767258e-7171-4c27-885c-514256aa64b5,22229kbps_2160p_60_0fps_hevc,Dancers_8s@display=center_crop_720p
22229kbps_2160p_60_0fps_hevc,3484kbps_2160p_60_0fps_h264,948440b3-36bc-425f-bc8b-fdc41fbb5a44,22229kbps_2160p_60_0fps_hevc,Dancers_8s@display=center_crop_720p
22229kbps_2160p_60_0fps_hevc,3484kbps_2160p_60_0fps_h264,948440b3-36bc-425f-bc8b-fdc41fbb5a44,22229kbps_2160p_60_0fps_hevc,Dancers_8s@display=center_crop_720p
22229kbps_2160p_60_0fps_hevc,3484kbps_2160p_60_0fps_h264,2c15d5b5-80b8-417f-a266-94c9f87ac793,22229kbps_2160p_60_0fps_hevc,Dancers_8s@display=center_crop_720p
22229kbps_2160p_60_0fps_hevc,22229kbps_2160p_60_0fps_hevc,e70750f1-65da-4990-8fb6-3f1d4d7d3541,3484kbps_2160p_60_0fps_h264,Dancers_8s@display=center_crop_720p
22229kbps_2160p_60_0fps_hevc,22229kbps_2160p_60_0fps_hevc,a9aef5a8-89c3-4a7e-a0ba-6865bcad9c08,3484kbps_2160p_60_0fps_h264,Dancers_8s@display=center_crop_720p
22229kbps_2160p_60_0fps_hevc,22229kbps_2160p_60_0fps_hevc,ce4f4741-1199-4168-bde2-e3841e3c636c,3484kbps_2160p_60_0fps_h264,Dancers_8s@display=center_crop_720p
22229kbps_2160p_60_0fps_hevc,22229kbps_2160p_60_0fps_hevc,ce4f4741-1199-4168-bde2-e3841e3c636c,3484kbps_2160p_60_0fps_h264,Dancers_8s@display=center_crop_720p
22229kbps_2160p_60_0fps_hevc,3484kbps_2160p_60_0fps_h264,19247917-dc22-416c-a41d-be236ec8205a,22229kbps_2160p_60_0fps_hevc,Dancers_8s@display=center_crop_720p
22229kbps_2160p_60_0fps_hevc,22229kbps_2160p_60_0fps_hevc,743488ab-4387-40b6-8dd7-89cacd9486e9,3484kbps_2160p_60_0fps_h264,Dancers_8s@display=center_crop_720p
22229kbps_2160p_59_94fps_hevc,3484kbps_2160p_59_94fps_hevc,1efee721-c595-49a9-ac51-bf3d35310e88,22229kbps_2160p_59_94fps_hevc,water_netflix_8s@display=center_crop_720p
22229kbps_2160p_59_94fps_hevc,22229kbps_2160p_59_94fps_hevc,0fdaf977-f8b3-470f-9588-6e0120f4e2da,3484kbps_2160p_59_94fps_hevc,water_netflix_8s@display=center_crop_720p
22229kbps_2160p_59_94fps_hevc,3484kbps_2160p_59_94fps_hevc,337a3523-a782-41ef-9e3c-adb57f254738,22229kbps_2160p_59_94fps_hevc,water_netflix_8s@display=center_crop_720p
22229kbps_2160p_59_94fps_hevc,3484kbps_2160p_59_94fps_hevc,337a3523-a782-41ef-9e3c-adb57f254738,22229kbps_2160p_59_94fps_hevc,water_netflix_8s@display=center_crop_720p
22229kbps_2160p_59_94fps_hevc,3484kbps_2160p_59_94fps_hevc,2ea7b247-ca61-4ef8-8310-e4f62b6c9656,22229kbps_2160p_59_94fps_hevc,water_netflix_8s@display=center_crop_720p
22229kbps_2160p_59_94fps_hevc,22229kbps_2160p_59_94fps_hevc,4ef67531-8da0-4b5a-b7f5-7633ad221a92,3484kbps_2160p_59_94fps_hevc,water_netflix_8s@display=center_crop_720p
22229kbps_2160p_59_94fps_hevc,22229kbps_2160p_59_94fps_hevc,3c8ceb97-7ebb-42f7-b865-78735f9061e1,3484kbps_2160p_59_94fps_hevc,water_netflix_8s@display=center_crop_720p
22229kbps_2160p_59_94fps_hevc,3484kbps_2160p_59_94fps_hevc,a35a2ee2-ddeb-415b-b200-0880cb9d485c,22229kbps_2160p_59_94fps_hevc,water_netflix_8s@display=center_crop_720p
22229kbps_2160p_59_94fps_hevc,3484kbps_2160p_59_94fps_hevc,7209ecef-2a7a-49e9-bb2b-0b91ef6a7a7a,22229kbps_2160p_59_94fps_hevc,water_netflix_8s@display=center_crop_720p
22229kbps_2160p_59_94fps_hevc,22229kbps_2160p_59_94fps_hevc,7209ecef-2a7a-49e9-bb2b-0b91ef6a7a7a,3484kbps_2160p_59_94fps_hevc,water_netflix_8s@display=center_crop_720p
7500kbps_2160p_59_94fps_hevc,7500kbps_2160p_59_94fps_hevc,1efee721-c595-49a9-ac51-bf3d35310e88,15000kbps_2160p_59_94fps_vp9,cutting_orange_tuil@display=center_crop_720p
15000kbps_2160p_59_94fps_vp9,7500kbps_2160p_59_94fps_hevc,c6ce66ef-7872-4e66-83ab-5d75441dd888,15000kbps_2160p_59_94fps_vp9,cutting_orange_tuil@display=center_crop_720p
7500kbps_2160p_59_94fps_hevc,7500kbps_2160p_59_94fps_hevc,89e87a67-9f89-4d9d-bbd9-17cd9d613671,15000kbps_2160p_59_94fps_vp9,cutting_orange_tuil@display=center_crop_720p
,15000kbps_2160p_59_94fps_vp9,d72d9c60-71ce-409e-936a-c6a7c65c2693,7500kbps_2160p_59_94fps_hevc,cutting_orange_tuil@display=center_crop_720p
,7500kbps_2160p_59_94fps_hevc,1769563f-5b2e-49e3-9a5e-aa665fdb664e,15000kbps_2160p_59_94fps_vp9,cutting_orange_tuil@display=center_crop_720p
,15000kbps_2160p_59_94fps_vp9,78035481-fe21-457c-b86d-dfbc7c4c368d,7500kbps_2160p_59_94fps_hevc,cutting_orange_tuil@display=center_crop_720p
,15000kbps_2160p_59_94fps_vp9,3b3a2aed-9878-4103-8123-069aa9f69bff,7500kbps_2160p_59_94fps_hevc,cutting_orange_tuil@display=center_crop_720p
,15000kbps_2160p_59_94fps_vp9,46d45e60-3182-42a7-b102-d17e5bc40200,7500kbps_2160p_59_94fps_hevc,cutting_orange_tuil@display=center_crop_720p
,15000kbps_2160p_59_94fps_vp9,81c88a9d-cc8f-4851-9e78-8320e03d2180,7500kbps_2160p_59_94fps_hevc,cutting_orange_tuil@display=center_crop_720p
15000kbps_2160p_59_94fps_vp9,7500kbps_2160p_59_94fps_hevc,ec308828-64d7-4599-9a85-e1f421a78f09,15000kbps_2160p_59_94fps_vp9,cutting_orange_tuil@display=center_crop_720p
,15000kbps_2160p_59_94fps_h264,1efee721-c595-49a9-ac51-bf3d35310e88,40000kbps_2160p_59_94fps_h264,cutting_orange_tuil@display=center_crop_720p
15000kbps_2160p_59_94fps_h264,40000kbps_2160p_59_94fps_h264,08e4105c-2f07-4aee-9e94-140b8cb7a24c,15000kbps_2160p_59_94fps_h264,cutting_orange_tuil@display=center_crop_720p
15000kbps_2160p_59_94fps_h264,40000kbps_2160p_59_94fps_h264,2c15d5b5-80b8-417f-a266-94c9f87ac793,15000kbps_2160p_59_94fps_h264,cutting_orange_tuil@display=center_crop_720p
15000kbps_2160p_59_94fps_h264,15000kbps_2160p_59_94fps_h264,09e18e7a-1037-415d-b9ad-451f4c29ae18,40000kbps_2160p_59_94fps_h264,cutting_orange_tuil@display=center_crop_720p
15000kbps_2160p_59_94fps_h264,40000kbps_2160p_59_94fps_h264,fb7f664d-92a4-47c9-9207-2dab88f6ed8a,15000kbps_2160p_59_94fps_h264,cutting_orange_tuil@display=center_crop_720p
15000kbps_2160p_59_94fps_h264,15000kbps_2160p_59_94fps_h264,15cf1be7-49a5-4b31-abac-f1b73a3145ee,40000kbps_2160p_59_94fps_h264,cutting_orange_tuil@display=center_crop_720p
40000kbps_2160p_59_94fps_h264,15000kbps_2160p_59_94fps_h264,75e596f0-e437-48b5-9d57-03b88a506f79,40000kbps_2160p_59_94fps_h264,cutting_orange_tuil@display=center_crop_720p
40000kbps_2160p_59_94fps_h264,40000kbps_2160p_59_94fps_h264,29adab82-af7e-40b2-9935-c90b63fb7200,15000kbps_2160p_59_94fps_h264,cutting_orange_tuil@display=center_crop_720p
,40000kbps_2160p_59_94fps_h264,74d5e5ae-6320-403e-8130-8f81d73cd2cb,15000kbps_2160p_59_94fps_h264,cutting_orange_tuil@display=center_crop_720p
15000kbps_2160p_59_94fps_h264,15000kbps_2160p_59_94fps_h264,ec308828-64d7-4599-9a85-e1f421a78f09,40000kbps_2160p_59_94fps_h264,cutting_orange_tuil@display=center_crop_720p
15000kbps_2160p_59_94fps_hevc,7500kbps_2160p_59_94fps_hevc,45ce7140-79ea-480a-879d-e9cdf9fef9c7,15000kbps_2160p_59_94fps_hevc,water_netflix@display=center_crop_720p
15000kbps_2160p_59_94fps_hevc,7500kbps_2160p_59_94fps_hevc,6f326bd6-a511-4b7a-9de9-417d8a5318b5,15000kbps_2160p_59_94fps_hevc,water_netflix@display=center_crop_720p
7500kbps_2160p_59_94fps_hevc,15000kbps_2160p_59_94fps_hevc,a088b6d6-c233-4894-9edb-af752372dc95,7500kbps_2160p_59_94fps_hevc,water_netflix@display=center_crop_720p
15000kbps_2160p_59_94fps_hevc,7500kbps_2160p_59_94fps_hevc,48b6f8e9-5f2c-4276-bbe7-0988ef3b70e4,15000kbps_2160p_59_94fps_hevc,water_netflix@display=center_crop_720p
15000kbps_2160p_59_94fps_hevc,15000kbps_2160p_59_94fps_hevc,17d8f323-de70-477b-9c54-e55ee1437488,7500kbps_2160p_59_94fps_hevc,water_netflix@display=center_crop_720p
15000kbps_2160p_59_94fps_hevc,15000kbps_2160p_59_94fps_hevc,aaf964ce-819e-4c76-9a16-6d23c2d717ba,7500kbps_2160p_59_94fps_hevc,water_netflix@display=center_crop_720p
15000kbps_2160p_59_94fps_hevc,7500kbps_2160p_59_94fps_hevc,200ca2a2-54a0-4e55-9512-a6af8138234e,15000kbps_2160p_59_94fps_hevc,water_netflix@display=center_crop_720p
15000kbps_2160p_59_94fps_hevc,15000kbps_2160p_59_94fps_hevc,9f78d5de-44ed-4ade-8350-91d15d08660f,7500kbps_2160p_59_94fps_hevc,water_netflix@display=center_crop_720p
15000kbps_2160p_59_94fps_hevc,15000kbps_2160p_59_94fps_hevc,a502b0da-a957-40ac-860f-b15da64700df,7500kbps_2160p_59_94fps_hevc,water_netflix@display=center_crop_720p
15000kbps_2160p_59_94fps_hevc,15000kbps_2160p_59_94fps_hevc,ec308828-64d7-4599-9a85-e1f421a78f09,7500kbps_2160p_59_94fps_hevc,water_netflix@display=center_crop_720p
40000kbps_2160p_59_94fps_h264,15000kbps_2160p_59_94fps_hevc,45ce7140-79ea-480a-879d-e9cdf9fef9c7,40000kbps_2160p_59_94fps_h264,water_netflix@display=center_crop_720p
40000kbps_2160p_59_94fps_h264,40000kbps_2160p_59_94fps_h264,4a881e60-d934-480e-bac4-1f9d14b095c7,15000kbps_2160p_59_94fps_hevc,water_netflix@display=center_crop_720p
40000kbps_2160p_59_94fps_h264,40000kbps_2160p_59_94fps_h264,4a881e60-d934-480e-bac4-1f9d14b095c7,15000kbps_2160p_59_94fps_hevc,water_netflix@display=center_crop_720p
40000kbps_2160p_59_94fps_h264,15000kbps_2160p_59_94fps_hevc,ebba95f5-0a39-4272-9b4f-3061c16c43c6,40000kbps_2160p_59_94fps_h264,water_netflix@display=center_crop_720p
40000kbps_2160p_59_94fps_h264,40000kbps_2160p_59_94fps_h264,702bc811-372b-48b3-9241-d879f08da0ab,15000kbps_2160p_59_94fps_hevc,water_netflix@display=center_crop_720p
40000kbps_2160p_59_94fps_h264,40000kbps_2160p_59_94fps_h264,a9aef5a8-89c3-4a7e-a0ba-6865bcad9c08,15000kbps_2160p_59_94fps_hevc,water_netflix@display=center_crop_720p
40000kbps_2160p_59_94fps_h264,40000kbps_2160p_59_94fps_h264,ce4f4741-1199-4168-bde2-e3841e3c636c,15000kbps_2160p_59_94fps_hevc,water_netflix@display=center_crop_720p
15000kbps_2160p_59_94fps_hevc,40000kbps_2160p_59_94fps_h264,228a389a-984c-4887-8124-dc6348d10f7b,15000kbps_2160p_59_94fps_hevc,water_netflix@display=center_crop_720p
15000kbps_2160p_59_94fps_hevc,15000kbps_2160p_59_94fps_hevc,cfe7f1d6-4a45-4bbf-9396-de92c79e6c63,40000kbps_2160p_59_94fps_h264,water_netflix@display=center_crop_720p
40000kbps_2160p_59_94fps_h264,15000kbps_2160p_59_94fps_hevc,cd514197-164c-4a1b-aff2-ca42ca8c378b,40000kbps_2160p_59_94fps_h264,water_netflix@display=center_crop_720p
59720kbps_2160p_59_94fps_hevc,59720kbps_2160p_59_94fps_hevc,45ce7140-79ea-480a-879d-e9cdf9fef9c7,3484kbps_2160p_59_94fps_hevc,water_netflix_8s@display=center_crop_720p
59720kbps_2160p_59_94fps_hevc,3484kbps_2160p_59_94fps_hevc,1008bca0-3330-4f98-890f-83518204dac9,59720kbps_2160p_59_94fps_hevc,water_netflix_8s@display=center_crop_720p
59720kbps_2160p_59_94fps_hevc,59720kbps_2160p_59_94fps_hevc,aaf964ce-819e-4c76-9a16-6d23c2d717ba,3484kbps_2160p_59_94fps_hevc,water_netflix_8s@display=center_crop_720p
59720kbps_2160p_59_94fps_hevc,3484kbps_2160p_59_94fps_hevc,a9476aae-d1d7-44a8-8134-779eec94156b,59720kbps_2160p_59_94fps_hevc,water_netflix_8s@display=center_crop_720p
59720kbps_2160p_59_94fps_hevc,3484kbps_2160p_59_94fps_hevc,a9476aae-d1d7-44a8-8134-779eec94156b,59720kbps_2160p_59_94fps_hevc,water_netflix_8s@display=center_crop_720p
59720kbps_2160p_59_94fps_hevc,59720kbps_2160p_59_94fps_hevc,f1d4d12e-0254-4b4a-b175-2e453553ff4d,3484kbps_2160p_59_94fps_hevc,water_netflix_8s@display=center_crop_720p
59720kbps_2160p_59_94fps_hevc,59720kbps_2160p_59_94fps_hevc,a85f27d4-3f01-4e48-9732-a2f1f86e2f8a,3484kbps_2160p_59_94fps_hevc,water_netflix_8s@display=center_crop_720p
59720kbps_2160p_59_94fps_hevc,59720kbps_2160p_59_94fps_hevc,c21134a7-8ba5-4387-8244-c8165b6ca66e,3484kbps_2160p_59_94fps_hevc,water_netflix_8s@display=center_crop_720p
59720kbps_2160p_59_94fps_hevc,59720kbps_2160p_59_94fps_hevc,bd70f9a3-69aa-492e-92fe-e1ba35387699,3484kbps_2160p_59_94fps_hevc,water_netflix_8s@display=center_crop_720p
59720kbps_2160p_59_94fps_hevc,3484kbps_2160p_59_94fps_hevc,67cac82e-e60a-4a5b-849f-ff4a58a1b8ec,59720kbps_2160p_59_94fps_hevc,water_netflix_8s@display=center_crop_720p
40000kbps_2160p_59_94fps_h264,7500kbps_2160p_59_94fps_vp9,45ce7140-79ea-480a-879d-e9cdf9fef9c7,40000kbps_2160p_59_94fps_h264,water_netflix@display=center_crop_720p
40000kbps_2160p_59_94fps_h264,40000kbps_2160p_59_94fps_h264,0fdaf977-f8b3-470f-9588-6e0120f4e2da,7500kbps_2160p_59_94fps_vp9,water_netflix@display=center_crop_720p
40000kbps_2160p_59_94fps_h264,40000kbps_2160p_59_94fps_h264,8019643f-b4b4-4d34-8a45-a28abbcf8aef,7500kbps_2160p_59_94fps_vp9,water_netflix@display=center_crop_720p
40000kbps_2160p_59_94fps_h264,7500kbps_2160p_59_94fps_vp9,72826188-8025-4e87-b7c2-0879f8ae2022,40000kbps_2160p_59_94fps_h264,water_netflix@display=center_crop_720p
40000kbps_2160p_59_94fps_h264,40000kbps_2160p_59_94fps_h264,9bfea419-4719-49c5-be69-40159185820d,7500kbps_2160p_59_94fps_vp9,water_netflix@display=center_crop_720p
40000kbps_2160p_59_94fps_h264,40000kbps_2160p_59_94fps_h264,4df8c1ce-9609-448d-b864-e09cd6da4d87,7500kbps_2160p_59_94fps_vp9,water_netflix@display=center_crop_720p
40000kbps_2160p_59_94fps_h264,40000kbps_2160p_59_94fps_h264,9f78d5de-44ed-4ade-8350-91d15d08660f,7500kbps_2160p_59_94fps_vp9,water_netflix@display=center_crop_720p
7500kbps_2160p_59_94fps_vp9,40000kbps_2160p_59_94fps_h264,0f86ed88-2d09-4d41-aa40-de0545f23360,7500kbps_2160p_59_94fps_vp9,water_netflix@display=center_crop_720p
7500kbps_2160p_59_94fps_vp9,7500kbps_2160p_59_94fps_vp9,c6c7340e-5a8e-45d8-b2f9-2c2635477303,40000kbps_2160p_59_94fps_h264,water_netflix@display=center_crop_720p
40000kbps_2160p_59_94fps_h264,7500kbps_2160p_59_94fps_vp9,743488ab-4387-40b6-8dd7-89cacd9486e9,40000kbps_2160p_59_94fps_h264,water_netflix@display=center_crop_720p
,7500kbps_2160p_59_94fps_vp9,45ce7140-79ea-480a-879d-e9cdf9fef9c7,40000kbps_2160p_59_94fps_hevc,vegetables_tuil@display=center_crop_720p
,40000kbps_2160p_59_94fps_hevc,45ce7140-79ea-480a-879d-e9cdf9fef9c7,7500kbps_2160p_59_94fps_vp9,vegetables_tuil@display=center_crop_720p
40000kbps_2160p_59_94fps_hevc,7500kbps_2160p_59_94fps_vp9,8ad89de3-6579-4fcb-9f42-62964d0c1b5d,40000kbps_2160p_59_94fps_hevc,vegetables_tuil@display=center_crop_720p
7500kbps_2160p_59_94fps_vp9,40000kbps_2160p_59_94fps_hevc,79926a79-3d5c-49b0-b064-0f3b43c66b71,7500kbps_2160p_59_94fps_vp9,vegetables_tuil@display=center_crop_720p
,7500kbps_2160p_59_94fps_vp9,3ca889a7-f214-41ab-bc55-9d53f82436cd,40000kbps_2160p_59_94fps_hevc,vegetables_tuil@display=center_crop_720p
40000kbps_2160p_59_94fps_hevc,7500kbps_2160p_59_94fps_vp9,29adab82-af7e-40b2-9935-c90b63fb7200,40000kbps_2160p_59_94fps_hevc,vegetables_tuil@display=center_crop_720p
,40000kbps_2160p_59_94fps_hevc,46d45e60-3182-42a7-b102-d17e5bc40200,7500kbps_2160p_59_94fps_vp9,vegetables_tuil@display=center_crop_720p
,40000kbps_2160p_59_94fps_hevc,f79ea36f-a935-4d76-b4ff-960b05924dcd,7500kbps_2160p_59_94fps_vp9,vegetables_tuil@display=center_crop_720p
,7500kbps_2160p_59_94fps_vp9,f79ea36f-a935-4d76-b4ff-960b05924dcd,40000kbps_2160p_59_94fps_hevc,vegetables_tuil@display=center_crop_720p
,40000kbps_2160p_59_94fps_hevc,f79ea36f-a935-4d76-b4ff-960b05924dcd,7500kbps_2160p_59_94fps_vp9,vegetables_tuil@display=center_crop_720p
,59720kbps_2160p_59_94fps_h264,45ce7140-79ea-480a-879d-e9cdf9fef9c7,59720kbps_2160p_59_94fps_hevc,cutting_orange_tuil_8s@display=center_crop_720p
59720kbps_2160p_59_94fps_h264,59720kbps_2160p_59_94fps_hevc,948440b3-36bc-425f-bc8b-fdc41fbb5a44,59720kbps_2160p_59_94fps_h264,cutting_orange_tuil_8s@display=center_crop_720p
,59720kbps_2160p_59_94fps_hevc,893cc349-474d-4bac-9d36-7f321479eff9,59720kbps_2160p_59_94fps_h264,cutting_orange_tuil_8s@display=center_crop_720p
59720kbps_2160p_59_94fps_hevc,59720kbps_2160p_59_94fps_h264,dd09f622-1026-4a4b-95c2-6ac4366e33bf,59720kbps_2160p_59_94fps_hevc,cutting_orange_tuil_8s@display=center_crop_720p
,59720kbps_2160p_59_94fps_hevc,b2f89705-9709-44d6-995f-730575282824,59720kbps_2160p_59_94fps_h264,cutting_orange_tuil_8s@display=center_crop_720p
,59720kbps_2160p_59_94fps_h264,a502b0da-a957-40ac-860f-b15da64700df,59720kbps_2160p_59_94fps_hevc,cutting_orange_tuil_8s@display=center_crop_720p
59720kbps_2160p_59_94fps_h264,59720kbps_2160p_59_94fps_hevc,d0040886-4753-4106-8e9e-9a68d7f9b81c,59720kbps_2160p_59_94fps_h264,cutting_orange_tuil_8s@display=center_crop_720p
59720kbps_2160p_59_94fps_hevc,59720kbps_2160p_59_94fps_hevc,c6c7340e-5a8e-45d8-b2f9-2c2635477303,59720kbps_2160p_59_94fps_h264,cutting_orange_tuil_8s@display=center_crop_720p
,59720kbps_2160p_59_94fps_h264,743488ab-4387-40b6-8dd7-89cacd9486e9,59720kbps_2160p_59_94fps_hevc,cutting_orange_tuil_8s@display=center_crop_720p
,59720kbps_2160p_59_94fps_hevc,46d45e60-3182-42a7-b102-d17e5bc40200,59720kbps_2160p_59_94fps_h264,cutting_orange_tuil_8s@display=center_crop_720p
,22229kbps_2160p_59_94fps_h264,45ce7140-79ea-480a-879d-e9cdf9fef9c7,59720kbps_2160p_59_94fps_h264,cutting_orange_tuil_8s@display=center_crop_720p
59720kbps_2160p_59_94fps_h264,22229kbps_2160p_59_94fps_h264,e70750f1-65da-4990-8fb6-3f1d4d7d3541,59720kbps_2160p_59_94fps_h264,cutting_orange_tuil_8s@display=center_crop_720p
,22229kbps_2160p_59_94fps_h264,e70750f1-65da-4990-8fb6-3f1d4d7d3541,59720kbps_2160p_59_94fps_h264,cutting_orange_tuil_8s@display=center_crop_720p
,22229kbps_2160p_59_94fps_h264,e70750f1-65da-4990-8fb6-3f1d4d7d3541,59720kbps_2160p_59_94fps_h264,cutting_orange_tuil_8s@display=center_crop_720p
,22229kbps_2160p_59_94fps_h264,e70750f1-65da-4990-8fb6-3f1d4d7d3541,59720kbps_2160p_59_94fps_h264,cutting_orange_tuil_8s@display=center_crop_720p
59720kbps_2160p_59_94fps_h264,22229kbps_2160p_59_94fps_h264,75e596f0-e437-48b5-9d57-03b88a506f79,59720kbps_2160p_59_94fps_h264,cutting_orange_tuil_8s@display=center_crop_720p
59720kbps_2160p_59_94fps_h264,59720kbps_2160p_59_94fps_h264,ce4f4741-1199-4168-bde2-e3841e3c636c,22229kbps_2160p_59_94fps_h264,cutting_orange_tuil_8s@display=center_crop_720p
,59720kbps_2160p_59_94fps_h264,ce4f4741-1199-4168-bde2-e3841e3c636c,22229kbps_2160p_59_94fps_h264,cutting_orange_tuil_8s@display=center_crop_720p
22229kbps_2160p_59_94fps_h264,59720kbps_2160p_59_94fps_h264,19247917-dc22-416c-a41d-be236ec8205a,22229kbps_2160p_59_94fps_h264,cutting_orange_tuil_8s@display=center_crop_720p
,22229kbps_2160p_59_94fps_h264,3b3a2aed-9878-4103-8123-069aa9f69bff,59720kbps_2160p_59_94fps_h264,cutting_orange_tuil_8s@display=center_crop_720p
,40000kbps_2160p_59_94fps_hevc,45ce7140-79ea-480a-879d-e9cdf9fef9c7,40000kbps_2160p_59_94fps_h264,cutting_orange_tuil@display=center_crop_720p
40000kbps_2160p_59_94fps_h264,40000kbps_2160p_59_94fps_hevc,72826188-8025-4e87-b7c2-0879f8ae2022,40000kbps_2160p_59_94fps_h264,cutting_orange_tuil@display=center_crop_720p
40000kbps_2160p_59_94fps_h264,40000kbps_2160p_59_94fps_h264,72826188-8025-4e87-b7c2-0879f8ae2022,40000kbps_2160p_59_94fps_hevc,cutting_orange_tuil@display=center_crop_720p
40000kbps_2160p_59_94fps_hevc,40000kbps_2160p_59_94fps_h264,9bfea419-4719-49c5-be69-40159185820d,40000kbps_2160p_59_94fps_hevc,cutting_orange_tuil@display=center_crop_720p
40000kbps_2160p_59_94fps_h264,40000kbps_2160p_59_94fps_h264,c99f336d-2089-4274-95ce-cd1865a9787c,40000kbps_2160p_59_94fps_hevc,cutting_orange_tuil@display=center_crop_720p
40000kbps_2160p_59_94fps_h264,40000kbps_2160p_59_94fps_hevc,c99f336d-2089-4274-95ce-cd1865a9787c,40000kbps_2160p_59_94fps_h264,cutting_orange_tuil@display=center_crop_720p
40000kbps_2160p_59_94fps_hevc,40000kbps_2160p_59_94fps_hevc,2ea7b247-ca61-4ef8-8310-e4f62b6c9656,40000kbps_2160p_59_94fps_h264,cutting_orange_tuil@display=center_crop_720p
,40000kbps_2160p_59_94fps_h264,5df32126-f164-45f0-9b62-c03ffba8b152,40000kbps_2160p_59_94fps_hevc,cutting_orange_tuil@display=center_crop_720p
,40000kbps_2160p_59_94fps_h264,46d45e60-3182-42a7-b102-d17e5bc40200,40000kbps_2160p_59_94fps_hevc,cutting_orange_tuil@display=center_crop_720p
40000kbps_2160p_59_94fps_h264,40000kbps_2160p_59_94fps_h264,f79ea36f-a935-4d76-b4ff-960b05924dcd,40000kbps_2160p_59_94fps_hevc,cutting_orange_tuil@display=center_crop_720p
,59720kbps_2160p_59_94fps_hevc,45ce7140-79ea-480a-879d-e9cdf9fef9c7,22229kbps_2160p_59_94fps_h264,cutting_orange_tuil_8s@display=center_crop_720p
22229kbps_2160p_59_94fps_h264,59720kbps_2160p_59_94fps_hevc,a19258eb-cbbd-4ef2-8d41-716d58719dee,22229kbps_2160p_59_94fps_h264,cutting_orange_tuil_8s@display=center_crop_720p
59720kbps_2160p_59_94fps_hevc,22229kbps_2160p_59_94fps_h264,8ae4770b-48c9-468a-8b0f-2896d57a3467,59720kbps_2160p_59_94fps_hevc,cutting_orange_tuil_8s@display=center_crop_720p
22229kbps_2160p_59_94fps_h264,22229kbps_2160p_59_94fps_h264,8ae4770b-48c9-468a-8b0f-2896d57a3467,59720kbps_2160p_59_94fps_hevc,cutting_orange_tuil_8s@display=center_crop_720p
,22229kbps_2160p_59_94fps_h264,8ebb3f0c-3f39-4c6a-839f-96177a65a978,59720kbps_2160p_59_94fps_hevc,cutting_orange_tuil_8s@display=center_crop_720p
,59720kbps_2160p_59_94fps_hevc,243a5278-51f5-48b6-9ea0-515a2f0d3081,22229kbps_2160p_59_94fps_h264,cutting_orange_tuil_8s@display=center_crop_720p
,22229kbps_2160p_59_94fps_h264,c21134a7-8ba5-4387-8244-c8165b6ca66e,59720kbps_2160p_59_94fps_hevc,cutting_orange_tuil_8s@display=center_crop_720p
,59720kbps_2160p_59_94fps_hevc,438d29b9-e9b7-45a3-986b-f9c92b6f4d95,22229kbps_2160p_59_94fps_h264,cutting_orange_tuil_8s@display=center_crop_720p
59720kbps_2160p_59_94fps_hevc,22229kbps_2160p_59_94fps_h264,d0040886-4753-4106-8e9e-9a68d7f9b81c,59720kbps_2160p_59_94fps_hevc,cutting_orange_tuil_8s@display=center_crop_720p
,22229kbps_2160p_59_94fps_h264,3b3a2aed-9878-4103-8123-069aa9f69bff,59720kbps_2160p_59_94fps_hevc,cutting_orange_tuil_8s@display=center_crop_720p
,15000kbps_2160p_59_94fps_h264,45ce7140-79ea-480a-879d-e9cdf9fef9c7,7500kbps_2160p_59_94fps_vp9,cutting_orange_tuil@display=center_crop_720p
15000kbps_2160p_59_94fps_h264,15000kbps_2160p_59_94fps_h264,6f326bd6-a511-4b7a-9de9-417d8a5318b5,7500kbps_2160p_59_94fps_vp9,cutting_orange_tuil@display=center_crop_720p
7500kbps_2160p_59_94fps_vp9,7500kbps_2160p_59_94fps_vp9,79926a79-3d5c-49b0-b064-0f3b43c66b71,15000kbps_2160p_59_94fps_h264,cutting_orange_tuil@display=center_crop_720p
7500kbps_2160p_59_94fps_vp9,7500kbps_2160p_59_94fps_vp9,17d8f323-de70-477b-9c54-e55ee1437488,15000kbps_2160p_59_94fps_h264,cutting_orange_tuil@display=center_crop_720p
15000kbps_2160p_59_94fps_h264,7500kbps_2160p_59_94fps_vp9,702bc811-372b-48b3-9241-d879f08da0ab,15000kbps_2160p_59_94fps_h264,cutting_orange_tuil@display=center_crop_720p
15000kbps_2160p_59_94fps_h264,15000kbps_2160p_59_94fps_h264,fbb62021-f464-4650-adc8-2066d993b114,7500kbps_2160p_59_94fps_vp9,cutting_orange_tuil@display=center_crop_720p
,7500kbps_2160p_59_94fps_vp9,67ec1054-59e7-420c-99bb-1fa0f05bc32b,15000kbps_2160p_59_94fps_h264,cutting_orange_tuil@display=center_crop_720p
15000kbps_2160p_59_94fps_h264,7500kbps_2160p_59_94fps_vp9,7740f956-7828-453f-8936-138ace5e608c,15000kbps_2160p_59_94fps_h264,cutting_orange_tuil@display=center_crop_720p
15000kbps_2160p_59_94fps_h264,15000kbps_2160p_59_94fps_h264,78035481-fe21-457c-b86d-dfbc7c4c368d,7500kbps_2160p_59_94fps_vp9,cutting_orange_tuil@display=center_crop_720p
7500kbps_2160p_59_94fps_vp9,15000kbps_2160p_59_94fps_h264,d0040886-4753-4106-8e9e-9a68d7f9b81c,7500kbps_2160p_59_94fps_vp9,cutting_orange_tuil@display=center_crop_720p
,7500kbps_2160p_59_94fps_h264,45ce7140-79ea-480a-879d-e9cdf9fef9c7,15000kbps_2160p_59_94fps_vp9,cutting_orange_tuil@display=center_crop_720p
15000kbps_2160p_59_94fps_vp9,15000kbps_2160p_59_94fps_vp9,e957b267-7ce1-47fb-9564-cfe27b8b6646,7500kbps_2160p_59_94fps_h264,cutting_orange_tuil@display=center_crop_720p
15000kbps_2160p_59_94fps_vp9,7500kbps_2160p_59_94fps_h264,ec8f18b5-396a-4035-983d-14bd32d5820d,15000kbps_2160p_59_94fps_vp9,cutting_orange_tuil@display=center_crop_720p
,7500kbps_2160p_59_94fps_h264,ae45c31e-3d1e-4962-a836-840eeca23682,15000kbps_2160p_59_94fps_vp9,cutting_orange_tuil@display=center_crop_720p
15000kbps_2160p_59_94fps_vp9,7500kbps_2160p_59_94fps_h264,e2c4da3f-5fda-4a23-851b-0bafcd0106c7,15000kbps_2160p_59_94fps_vp9,cutting_orange_tuil@display=center_crop_720p
7500kbps_2160p_59_94fps_h264,15000kbps_2160p_59_94fps_vp9,e2c4da3f-5fda-4a23-851b-0bafcd0106c7,7500kbps_2160p_59_94fps_h264,cutting_orange_tuil@display=center_crop_720p
15000kbps_2160p_59_94fps_vp9,7500kbps_2160p_59_94fps_h264,2c7eb8e5-818b-4175-9bc7-deb3a344aea0,15000kbps_2160p_59_94fps_vp9,cutting_orange_tuil@display=center_crop_720p
,15000kbps_2160p_59_94fps_vp9,1a58b274-8bac-44b3-9cbc-75790a91e28c,7500kbps_2160p_59_94fps_h264,cutting_orange_tuil@display=center_crop_720p
,15000kbps_2160p_59_94fps_vp9,3c8ceb97-7ebb-42f7-b865-78735f9061e1,7500kbps_2160p_59_94fps_h264,cutting_orange_tuil@display=center_crop_720p
15000kbps_2160p_59_94fps_vp9,7500kbps_2160p_59_94fps_h264,d0040886-4753-4106-8e9e-9a68d7f9b81c,15000kbps_2160p_59_94fps_vp9,cutting_orange_tuil@display=center_crop_720p
,40000kbps_2160p_59_94fps_hevc,45ce7140-79ea-480a-879d-e9cdf9fef9c7,40000kbps_2160p_59_94fps_h264,water_netflix@display=center_crop_720p
40000kbps_2160p_59_94fps_hevc,40000kbps_2160p_59_94fps_h264,8ad89de3-6579-4fcb-9f42-62964d0c1b5d,40000kbps_2160p_59_94fps_hevc,water_netflix@display=center_crop_720p
40000kbps_2160p_59_94fps_hevc,40000kbps_2160p_59_94fps_hevc,36c181d0-f9a1-4f75-a235-1e4891c6355d,40000kbps_2160p_59_94fps_h264,water_netflix@display=center_crop_720p
40000kbps_2160p_59_94fps_hevc,40000kbps_2160p_59_94fps_h264,36c181d0-f9a1-4f75-a235-1e4891c6355d,40000kbps_2160p_59_94fps_hevc,water_netflix@display=center_crop_720p
40000kbps_2160p_59_94fps_hevc,40000kbps_2160p_59_94fps_hevc,4555a7b7-7597-4602-8e40-fabb41dd856d,40000kbps_2160p_59_94fps_h264,water_netflix@display=center_crop_720p
40000kbps_2160p_59_94fps_hevc,40000kbps_2160p_59_94fps_h264,c99f336d-2089-4274-95ce-cd1865a9787c,40000kbps_2160p_59_94fps_hevc,water_netflix@display=center_crop_720p
,40000kbps_2160p_59_94fps_h264,9f78d5de-44ed-4ade-8350-91d15d08660f,40000kbps_2160p_59_94fps_hevc,water_netflix@display=center_crop_720p
40000kbps_2160p_59_94fps_h264,40000kbps_2160p_59_94fps_h264,c6c7340e-5a8e-45d8-b2f9-2c2635477303,40000kbps_2160p_59_94fps_hevc,water_netflix@display=center_crop_720p
,40000kbps_2160p_59_94fps_hevc,74d5e5ae-6320-403e-8130-8f81d73cd2cb,40000kbps_2160p_59_94fps_h264,water_netflix@display=center_crop_720p
,40000kbps_2160p_59_94fps_hevc,930059bc-9d85-4305-9da6-e7384c2f626d,40000kbps_2160p_59_94fps_h264,water_netflix@display=center_crop_720p
3484kbps_2160p_60_0fps_hevc,40974kbps_2160p_60_0fps_h264,d0040886-4753-4106-8e9e-9a68d7f9b81c,3484kbps_2160p_60_0fps_hevc,Dancers_8s@display=center_crop_720p
3484kbps_2160p_60_0fps_hevc,3484kbps_2160p_60_0fps_hevc,fb267fbe-2773-414c-b61c-b69f42b58762,40974kbps_2160p_60_0fps_h264,Dancers_8s@display=center_crop_720p
3484kbps_2160p_60_0fps_hevc,40974kbps_2160p_60_0fps_h264,61b10c11-f67f-4d83-959a-7bcfbea45139,3484kbps_2160p_60_0fps_hevc,Dancers_8s@display=center_crop_720p
3484kbps_2160p_60_0fps_hevc,3484kbps_2160p_60_0fps_hevc,1b6ee0ed-0d9e-4a72-a8ce-d4e21c3a5747,40974kbps_2160p_60_0fps_h264,Dancers_8s@display=center_crop_720p
3484kbps_2160p_60_0fps_hevc,3484kbps_2160p_60_0fps_hevc,1215e8a6-42c2-485d-bbee-5c6ca1be2493,40974kbps_2160p_60_0fps_h264,Dancers_8s@display=center_crop_720p
3484kbps_2160p_60_0fps_hevc,40974kbps_2160p_60_0fps_h264,7740f956-7828-453f-8936-138ace5e608c,3484kbps_2160p_60_0fps_hevc,Dancers_8s@display=center_crop_720p
3484kbps_2160p_60_0fps_hevc,40974kbps_2160p_60_0fps_h264,6f326bd6-a511-4b7a-9de9-417d8a5318b5,3484kbps_2160p_60_0fps_hevc,Dancers_8s@display=center_crop_720p
3484kbps_2160p_60_0fps_hevc,40974kbps_2160p_60_0fps_h264,1215e8a6-42c2-485d-bbee-5c6ca1be2493,3484kbps_2160p_60_0fps_hevc,Dancers_8s@display=center_crop_720p
3484kbps_2160p_60_0fps_hevc,3484kbps_2160p_60_0fps_hevc,7fe910ee-feb5-452c-9b8e-93d58f0f8ff9,40974kbps_2160p_60_0fps_h264,Dancers_8s@display=center_crop_720p
3484kbps_2160p_60_0fps_hevc,3484kbps_2160p_60_0fps_hevc,0a11d091-b466-4b8f-b1e2-56415f01204f,40974kbps_2160p_60_0fps_h264,Dancers_8s@display=center_crop_720p
,15000kbps_2160p_59_94fps_h264,1215e8a6-42c2-485d-bbee-5c6ca1be2493,7500kbps_2160p_59_94fps_h264,vegetables_tuil@display=center_crop_720p
7500kbps_2160p_59_94fps_h264,7500kbps_2160p_59_94fps_h264,228a389a-984c-4887-8124-dc6348d10f7b,15000kbps_2160p_59_94fps_h264,vegetables_tuil@display=center_crop_720p
7500kbps_2160p_59_94fps_h264,7500kbps_2160p_59_94fps_h264,c02a04ca-e200-4e29-9ebc-56c147a47150,15000kbps_2160p_59_94fps_h264,vegetables_tuil@display=center_crop_720p
7500kbps_2160p_59_94fps_h264,15000kbps_2160p_59_94fps_h264,d68ea181-16e9-49ae-aa6d-66bfce25c307,7500kbps_2160p_59_94fps_h264,vegetables_tuil@display=center_crop_720p
,15000kbps_2160p_59_94fps_h264,ce62de5e-4812-4b6e-96d4-b0e6e72e7cee,7500kbps_2160p_59_94fps_h264,vegetables_tuil@display=center_crop_720p
15000kbps_2160p_59_94fps_h264,7500kbps_2160p_59_94fps_h264,1b6ee0ed-0d9e-4a72-a8ce-d4e21c3a5747,15000kbps_2160p_59_94fps_h264,vegetables_tuil@display=center_crop_720p
15000kbps_2160p_59_94fps_h264,7500kbps_2160p_59_94fps_h264,c02a04ca-e200-4e29-9ebc-56c147a47150,15000kbps_2160p_59_94fps_h264,vegetables_tuil@display=center_crop_720p
7500kbps_2160p_59_94fps_h264,15000kbps_2160p_59_94fps_h264,d68ea181-16e9-49ae-aa6d-66bfce25c307,7500kbps_2160p_59_94fps_h264,vegetables_tuil@display=center_crop_720p
15000kbps_2160p_59_94fps_h264,15000kbps_2160p_59_94fps_h264,948440b3-36bc-425f-bc8b-fdc41fbb5a44,7500kbps_2160p_59_94fps_h264,vegetables_tuil@display=center_crop_720p
15000kbps_2160p_59_94fps_h264,7500kbps_2160p_59_94fps_h264,2ea7b247-ca61-4ef8-8310-e4f62b6c9656,15000kbps_2160p_59_94fps_h264,vegetables_tuil@display=center_crop_720p
22229kbps_2160p_59_94fps_h264,3484kbps_2160p_59_94fps_h264,372402e9-b6ad-47bd-9fd9-c1f40fefa080,22229kbps_2160p_59_94fps_h264,water_netflix_8s@display=center_crop_720p
22229kbps_2160p_59_94fps_h264,22229kbps_2160p_59_94fps_h264,dd09f622-1026-4a4b-95c2-6ac4366e33bf,3484kbps_2160p_59_94fps_h264,water_netflix_8s@display=center_crop_720p
22229kbps_2160p_59_94fps_h264,22229kbps_2160p_59_94fps_h264,3c8ceb97-7ebb-42f7-b865-78735f9061e1,3484kbps_2160p_59_94fps_h264,water_netflix_8s@display=center_crop_720p
3484kbps_2160p_59_94fps_h264,3484kbps_2160p_59_94fps_h264,d0040886-4753-4106-8e9e-9a68d7f9b81c,22229kbps_2160p_59_94fps_h264,water_netflix_8s@display=center_crop_720p
22229kbps_2160p_59_94fps_h264,3484kbps_2160p_59_94fps_h264,4ef67531-8da0-4b5a-b7f5-7633ad221a92,22229kbps_2160p_59_94fps_h264,water_netflix_8s@display=center_crop_720p
22229kbps_2160p_59_94fps_h264,3484kbps_2160p_59_94fps_h264,fb6c7720-9e13-4bda-93b9-b82c53a2f9ec,22229kbps_2160p_59_94fps_h264,water_netflix_8s@display=center_crop_720p
22229kbps_2160p_59_94fps_h264,22229kbps_2160p_59_94fps_h264,ce62de5e-4812-4b6e-96d4-b0e6e72e7cee,3484kbps_2160p_59_94fps_h264,water_netflix_8s@display=center_crop_720p
22229kbps_2160p_59_94fps_h264,22229kbps_2160p_59_94fps_h264,37990ada-86e1-4448-9bd1-a05516904e6b,3484kbps_2160p_59_94fps_h264,water_netflix_8s@display=center_crop_720p
22229kbps_2160p_59_94fps_h264,22229kbps_2160p_59_94fps_h264,7fe910ee-feb5-452c-9b8e-93d58f0f8ff9,3484kbps_2160p_59_94fps_h264,water_netflix_8s@display=center_crop_720p
,3484kbps_2160p_59_94fps_h264,438d29b9-e9b7-45a3-986b-f9c92b6f4d95,22229kbps_2160p_59_94fps_h264,water_netflix_8s@display=center_crop_720p
22229kbps_2160p_60_0fps_h264,59720kbps_2160p_60_0fps_h264,a502b0da-a957-40ac-860f-b15da64700df,22229kbps_2160p_60_0fps_h264,Dancers_8s@display=center_crop_720p
22229kbps_2160p_60_0fps_h264,59720kbps_2160p_60_0fps_h264,19247917-dc22-416c-a41d-be236ec8205a,22229kbps_2160p_60_0fps_h264,Dancers_8s@display=center_crop_720p
22229kbps_2160p_60_0fps_h264,59720kbps_2160p_60_0fps_h264,37990ada-86e1-4448-9bd1-a05516904e6b,22229kbps_2160p_60_0fps_h264,Dancers_8s@display=center_crop_720p
22229kbps_2160p_60_0fps_h264,59720kbps_2160p_60_0fps_h264,d72d9c60-71ce-409e-936a-c6a7c65c2693,22229kbps_2160p_60_0fps_h264,Dancers_8s@display=center_crop_720p
22229kbps_2160p_60_0fps_h264,22229kbps_2160p_60_0fps_h264,a9132cf2-2408-4996-b7f7-c1f6d2fa7f7d,59720kbps_2160p_60_0fps_h264,Dancers_8s@display=center_crop_720p
22229kbps_2160p_60_0fps_h264,59720kbps_2160p_60_0fps_h264,ce62de5e-4812-4b6e-96d4-b0e6e72e7cee,22229kbps_2160p_60_0fps_h264,Dancers_8s@display=center_crop_720p
22229kbps_2160p_60_0fps_h264,22229kbps_2160p_60_0fps_h264,5cbe7084-5969-486b-ae84-b68e31857974,59720kbps_2160p_60_0fps_h264,Dancers_8s@display=center_crop_720p
22229kbps_2160p_60_0fps_h264,22229kbps_2160p_60_0fps_h264,08e4105c-2f07-4aee-9e94-140b8cb7a24c,59720kbps_2160p_60_0fps_h264,Dancers_8s@display=center_crop_720p
22229kbps_2160p_60_0fps_h264,22229kbps_2160p_60_0fps_h264,3b3a2aed-9878-4103-8123-069aa9f69bff,59720kbps_2160p_60_0fps_h264,Dancers_8s@display=center_crop_720p
22229kbps_2160p_60_0fps_h264,22229kbps_2160p_60_0fps_h264,c21134a7-8ba5-4387-8244-c8165b6ca66e,59720kbps_2160p_60_0fps_h264,Dancers_8s@display=center_crop_720p
7500kbps_2160p_59_94fps_hevc,7500kbps_2160p_59_94fps_h264,d6042ecd-0b1a-47c7-9c7c-c1e0cfe2204b,7500kbps_2160p_59_94fps_hevc,vegetables_tuil@display=center_crop_720p
7500kbps_2160p_59_94fps_hevc,7500kbps_2160p_59_94fps_h264,ce4f4741-1199-4168-bde2-e3841e3c636c,7500kbps_2160p_59_94fps_hevc,vegetables_tuil@display=center_crop_720p
,7500kbps_2160p_59_94fps_h264,a9aef5a8-89c3-4a7e-a0ba-6865bcad9c08,7500kbps_2160p_59_94fps_hevc,vegetables_tuil@display=center_crop_720p
7500kbps_2160p_59_94fps_hevc,7500kbps_2160p_59_94fps_h264,c02a04ca-e200-4e29-9ebc-56c147a47150,7500kbps_2160p_59_94fps_hevc,vegetables_tuil@display=center_crop_720p
7500kbps_2160p_59_94fps_hevc,7500kbps_2160p_59_94fps_hevc,89e87a67-9f89-4d9d-bbd9-17cd9d613671,7500kbps_2160p_59_94fps_h264,vegetables_tuil@display=center_crop_720p
,7500kbps_2160p_59_94fps_h264,3b3a2aed-9878-4103-8123-069aa9f69bff,7500kbps_2160p_59_94fps_hevc,vegetables_tuil@display=center_crop_720p
7500kbps_2160p_59_94fps_hevc,7500kbps_2160p_59_94fps_h264,1f357e72-ff19-440e-8df6-fd3e87cd52bd,7500kbps_2160p_59_94fps_hevc,vegetables_tuil@display=center_crop_720p
7500kbps_2160p_59_94fps_h264,7500kbps_2160p_59_94fps_hevc,607db466-922c-4d1c-a2b3-78b70dae0079,7500kbps_2160p_59_94fps_h264,vegetables_tuil@display=center_crop_720p
,7500kbps_2160p_59_94fps_h264,a9aef5a8-89c3-4a7e-a0ba-6865bcad9c08,7500kbps_2160p_59_94fps_hevc,vegetables_tuil@display=center_crop_720p
7500kbps_2160p_59_94fps_h264,7500kbps_2160p_59_94fps_hevc,7fe910ee-feb5-452c-9b8e-93d58f0f8ff9,7500kbps_2160p_59_94fps_h264,vegetables_tuil@display=center_crop_720p
40000kbps_2160p_59_94fps_hevc,7500kbps_2160p_59_94fps_vp9,c02a04ca-e200-4e29-9ebc-56c147a47150,40000kbps_2160p_59_94fps_hevc,cutting_orange_tuil@display=center_crop_720p
7500kbps_2160p_59_94fps_vp9,7500kbps_2160p_59_94fps_vp9,1b6ee0ed-0d9e-4a72-a8ce-d4e21c3a5747,40000kbps_2160p_59_94fps_hevc,cutting_orange_tuil@display=center_crop_720p
40000kbps_2160p_59_94fps_hevc,40000kbps_2160p_59_94fps_hevc,edfa24d5-1e76-4538-805f-c39955d343e0,7500kbps_2160p_59_94fps_vp9,cutting_orange_tuil@display=center_crop_720p
,7500kbps_2160p_59_94fps_vp9,67cac82e-e60a-4a5b-849f-ff4a58a1b8ec,40000kbps_2160p_59_94fps_hevc,cutting_orange_tuil@display=center_crop_720p
,40000kbps_2160p_59_94fps_hevc,372402e9-b6ad-47bd-9fd9-c1f40fefa080,7500kbps_2160p_59_94fps_vp9,cutting_orange_tuil@display=center_crop_720p
7500kbps_2160p_59_94fps_vp9,7500kbps_2160p_59_94fps_vp9,c02a04ca-e200-4e29-9ebc-56c147a47150,40000kbps_2160p_59_94fps_hevc,cutting_orange_tuil@display=center_crop_720p
40000kbps_2160p_59_94fps_hevc,40000kbps_2160p_59_94fps_hevc,4555a7b7-7597-4602-8e40-fabb41dd856d,7500kbps_2160p_59_94fps_vp9,cutting_orange_tuil@display=center_crop_720p
7500kbps_2160p_59_94fps_vp9,7500kbps_2160p_59_94fps_vp9,d6042ecd-0b1a-47c7-9c7c-c1e0cfe2204b,40000kbps_2160p_59_94fps_hevc,cutting_orange_tuil@display=center_crop_720p
40000kbps_2160p_59_94fps_hevc,7500kbps_2160p_59_94fps_vp9,7fe910ee-feb5-452c-9b8e-93d58f0f8ff9,40000kbps_2160p_59_94fps_hevc,cutting_orange_tuil@display=center_crop_720p
,40000kbps_2160p_59_94fps_hevc,edfa24d5-1e76-4538-805f-c39955d343e0,7500kbps_2160p_59_94fps_vp9,cutting_orange_tuil@display=center_crop_720p
40974kbps_2160p_59_94fps_hevc,40974kbps_2160p_59_94fps_hevc,a502b0da-a957-40ac-860f-b15da64700df,22229kbps_2160p_59_94fps_h264,water_netflix_8s@display=center_crop_720p
40974kbps_2160p_59_94fps_hevc,40974kbps_2160p_59_94fps_hevc,29adab82-af7e-40b2-9935-c90b63fb7200,22229kbps_2160p_59_94fps_h264,water_netflix_8s@display=center_crop_720p
22229kbps_2160p_59_94fps_h264,40974kbps_2160p_59_94fps_hevc,7fe910ee-feb5-452c-9b8e-93d58f0f8ff9,22229kbps_2160p_59_94fps_h264,water_netflix_8s@display=center_crop_720p
40974kbps_2160p_59_94fps_hevc,22229kbps_2160p_59_94fps_h264,372402e9-b6ad-47bd-9fd9-c1f40fefa080,40974kbps_2160p_59_94fps_hevc,water_netflix_8s@display=center_crop_720p
40974kbps_2160p_59_94fps_hevc,40974kbps_2160p_59_94fps_hevc,7fe910ee-feb5-452c-9b8e-93d58f0f8ff9,22229kbps_2160p_59_94fps_h264,water_netflix_8s@display=center_crop_720p
40974kbps_2160p_59_94fps_hevc,22229kbps_2160p_59_94fps_h264,893cc349-474d-4bac-9d36-7f321479eff9,40974kbps_2160p_59_94fps_hevc,water_netflix_8s@display=center_crop_720p
40974kbps_2160p_59_94fps_hevc,40974kbps_2160p_59_94fps_hevc,930059bc-9d85-4305-9da6-e7384c2f626d,22229kbps_2160p_59_94fps_h264,water_netflix_8s@display=center_crop_720p
40974kbps_2160p_59_94fps_hevc,40974kbps_2160p_59_94fps_hevc,4f832d5a-bd55-4616-a277-a2632893dc1d,22229kbps_2160p_59_94fps_h264,water_netflix_8s@display=center_crop_720p
40974kbps_2160p_59_94fps_hevc,22229kbps_2160p_59_94fps_h264,37990ada-86e1-4448-9bd1-a05516904e6b,40974kbps_2160p_59_94fps_hevc,water_netflix_8s@display=center_crop_720p
40974kbps_2160p_59_94fps_hevc,40974kbps_2160p_59_94fps_hevc,5df32126-f164-45f0-9b62-c03ffba8b152,22229kbps_2160p_59_94fps_h264,water_netflix_8s@display=center_crop_720p
7500kbps_2160p_59_94fps_vp9,7500kbps_2160p_59_94fps_vp9,ce62de5e-4812-4b6e-96d4-b0e6e72e7cee,7500kbps_2160p_59_94fps_h264,water_netflix@display=center_crop_720p
7500kbps_2160p_59_94fps_vp9,7500kbps_2160p_59_94fps_vp9,243a5278-51f5-48b6-9ea0-515a2f0d3081,7500kbps_2160p_59_94fps_h264,water_netflix@display=center_crop_720p
7500kbps_2160p_59_94fps_vp9,7500kbps_2160p_59_94fps_h264,2ea7b247-ca61-4ef8-8310-e4f62b6c9656,7500kbps_2160p_59_94fps_vp9,water_netflix@display=center_crop_720p
7500kbps_2160p_59_94fps_vp9,7500kbps_2160p_59_94fps_vp9,89e87a67-9f89-4d9d-bbd9-17cd9d613671,7500kbps_2160p_59_94fps_h264,water_netflix@display=center_crop_720p
7500kbps_2160p_59_94fps_vp9,7500kbps_2160p_59_94fps_vp9,edfa24d5-1e76-4538-805f-c39955d343e0,7500kbps_2160p_59_94fps_h264,water_netflix@display=center_crop_720p
7500kbps_2160p_59_94fps_vp9,7500kbps_2160p_59_94fps_h264,27e233db-5084-42c3-98ec-709c8e196a26,7500kbps_2160p_59_94fps_vp9,water_netflix@display=center_crop_720p
7500kbps_2160p_59_94fps_vp9,7500kbps_2160p_59_94fps_vp9,f79ea36f-a935-4d76-b4ff-960b05924dcd,7500kbps_2160p_59_94fps_h264,water_netflix@display=center_crop_720p
7500kbps_2160p_59_94fps_vp9,7500kbps_2160p_59_94fps_h264,7fe910ee-feb5-452c-9b8e-93d58f0f8ff9,7500kbps_2160p_59_94fps_vp9,water_netflix@display=center_crop_720p
7500kbps_2160p_59_94fps_vp9,7500kbps_2160p_59_94fps_h264,ec308828-64d7-4599-9a85-e1f421a78f09,7500kbps_2160p_59_94fps_vp9,water_netflix@display=center_crop_720p
7500kbps_2160p_59_94fps_vp9,7500kbps_2160p_59_94fps_h264,1f357e72-ff19-440e-8df6-fd3e87cd52bd,7500kbps_2160p_59_94fps_vp9,water_netflix@display=center_crop_720p
,40974kbps_2160p_59_94fps_h264,1f357e72-ff19-440e-8df6-fd3e87cd52bd,22229kbps_2160p_59_94fps_h264,cutting_orange_tuil_8s@display=center_crop_720p
,22229kbps_2160p_59_94fps_h264,1b6ee0ed-0d9e-4a72-a8ce-d4e21c3a5747,40974kbps_2160p_59_94fps_h264,cutting_orange_tuil_8s@display=center_crop_720p
40974kbps_2160p_59_94fps_h264,40974kbps_2160p_59_94fps_h264,1e5f1b62-657f-4f0b-8ba6-975cd9482d45,22229kbps_2160p_59_94fps_h264,cutting_orange_tuil_8s@display=center_crop_720p
,22229kbps_2160p_59_94fps_h264,edfa24d5-1e76-4538-805f-c39955d343e0,40974kbps_2160p_59_94fps_h264,cutting_orange_tuil_8s@display=center_crop_720p
22229kbps_2160p_59_94fps_h264,40974kbps_2160p_59_94fps_h264,607db466-922c-4d1c-a2b3-78b70dae0079,22229kbps_2160p_59_94fps_h264,cutting_orange_tuil_8s@display=center_crop_720p
22229kbps_2160p_59_94fps_h264,40974kbps_2160p_59_94fps_h264,d68ea181-16e9-49ae-aa6d-66bfce25c307,22229kbps_2160p_59_94fps_h264,cutting_orange_tuil_8s@display=center_crop_720p
22229kbps_2160p_59_94fps_h264,40974kbps_2160p_59_94fps_h264,ecf11ca3-bed9-43d6-b9c5-b886be71c3a4,22229kbps_2160p_59_94fps_h264,cutting_orange_tuil_8s@display=center_crop_720p
40974kbps_2160p_59_94fps_h264,40974kbps_2160p_59_94fps_h264,bd70f9a3-69aa-492e-92fe-e1ba35387699,22229kbps_2160p_59_94fps_h264,cutting_orange_tuil_8s@display=center_crop_720p
40974kbps_2160p_59_94fps_h264,22229kbps_2160p_59_94fps_h264,ca0b6ada-b677-448c-848a-adbd7a537aab,40974kbps_2160p_59_94fps_h264,cutting_orange_tuil_8s@display=center_crop_720p
,40974kbps_2160p_59_94fps_h264,1a58b274-8bac-44b3-9cbc-75790a91e28c,22229kbps_2160p_59_94fps_h264,cutting_orange_tuil_8s@display=center_crop_720p
40000kbps_2160p_59_94fps_h264,15000kbps_2160p_59_94fps_vp9,607db466-922c-4d1c-a2b3-78b70dae0079,40000kbps_2160p_59_94fps_h264,vegetables_tuil@display=center_crop_720p
,15000kbps_2160p_59_94fps_vp9,372402e9-b6ad-47bd-9fd9-c1f40fefa080,40000kbps_2160p_59_94fps_h264,vegetables_tuil@display=center_crop_720p
40000kbps_2160p_59_94fps_h264,15000kbps_2160p_59_94fps_vp9,dd09f622-1026-4a4b-95c2-6ac4366e33bf,40000kbps_2160p_59_94fps_h264,vegetables_tuil@display=center_crop_720p
,40000kbps_2160p_59_94fps_h264,1b6ee0ed-0d9e-4a72-a8ce-d4e21c3a5747,15000kbps_2160p_59_94fps_vp9,vegetables_tuil@display=center_crop_720p
40000kbps_2160p_59_94fps_h264,15000kbps_2160p_59_94fps_vp9,8cea155c-161f-4e60-9b74-b27c6dc55c81,40000kbps_2160p_59_94fps_h264,vegetables_tuil@display=center_crop_720p
15000kbps_2160p_59_94fps_vp9,40000kbps_2160p_59_94fps_h264,edfa24d5-1e76-4538-805f-c39955d343e0,15000kbps_2160p_59_94fps_vp9,vegetables_tuil@display=center_crop_720p
,15000kbps_2160p_59_94fps_vp9,1b6ee0ed-0d9e-4a72-a8ce-d4e21c3a5747,40000kbps_2160p_59_94fps_h264,vegetables_tuil@display=center_crop_720p
15000kbps_2160p_59_94fps_vp9,40000kbps_2160p_59_94fps_h264,7a534954-4fff-4031-a2b6-05a9cbf92f89,15000kbps_2160p_59_94fps_vp9,vegetables_tuil@display=center_crop_720p
15000kbps_2160p_59_94fps_vp9,40000kbps_2160p_59_94fps_h264,27e233db-5084-42c3-98ec-709c8e196a26,15000kbps_2160p_59_94fps_vp9,vegetables_tuil@display=center_crop_720p
15000kbps_2160p_59_94fps_vp9,15000kbps_2160p_59_94fps_vp9,690ce6cb-9d51-4bd3-aaff-74856eff2fe7,40000kbps_2160p_59_94fps_h264,vegetables_tuil@display=center_crop_720p
59720kbps_2160p_60_0fps_h264,40974kbps_2160p_60_0fps_h264,bd70f9a3-69aa-492e-92fe-e1ba35387699,59720kbps_2160p_60_0fps_h264,Dancers_8s@display=center_crop_720p
59720kbps_2160p_60_0fps_h264,59720kbps_2160p_60_0fps_h264,702bc811-372b-48b3-9241-d879f08da0ab,40974kbps_2160p_60_0fps_h264,Dancers_8s@display=center_crop_720p
,40974kbps_2160p_60_0fps_h264,46d45e60-3182-42a7-b102-d17e5bc40200,59720kbps_2160p_60_0fps_h264,Dancers_8s@display=center_crop_720p
59720kbps_2160p_60_0fps_h264,59720kbps_2160p_60_0fps_h264,7fe910ee-feb5-452c-9b8e-93d58f0f8ff9,40974kbps_2160p_60_0fps_h264,Dancers_8s@display=center_crop_720p
59720kbps_2160p_60_0fps_h264,40974kbps_2160p_60_0fps_h264,e0adaaa5-1f9d-4cb1-838d-782103297163,59720kbps_2160p_60_0fps_h264,Dancers_8s@display=center_crop_720p
59720kbps_2160p_60_0fps_h264,59720kbps_2160p_60_0fps_h264,2c15d5b5-80b8-417f-a266-94c9f87ac793,40974kbps_2160p_60_0fps_h264,Dancers_8s@display=center_crop_720p
59720kbps_2160p_60_0fps_h264,40974kbps_2160p_60_0fps_h264,607db466-922c-4d1c-a2b3-78b70dae0079,59720kbps_2160p_60_0fps_h264,Dancers_8s@display=center_crop_720p
59720kbps_2160p_60_0fps_h264,59720kbps_2160p_60_0fps_h264,372402e9-b6ad-47bd-9fd9-c1f40fefa080,40974kbps_2160p_60_0fps_h264,Dancers_8s@display=center_crop_720p
59720kbps_2160p_60_0fps_h264,40974kbps_2160p_60_0fps_h264,6f326bd6-a511-4b7a-9de9-417d8a5318b5,59720kbps_2160p_60_0fps_h264,Dancers_8s@display=center_crop_720p
59720kbps_2160p_60_0fps_h264,59720kbps_2160p_60_0fps_h264,1f357e72-ff19-440e-8df6-fd3e87cd52bd,40974kbps_2160p_60_0fps_h264,Dancers_8s@display=center_crop_720p
40000kbps_2160p_59_94fps_vp9,7500kbps_2160p_59_94fps_hevc,ce62de5e-4812-4b6e-96d4-b0e6e72e7cee,40000kbps_2160p_59_94fps_vp9,water_netflix@display=center_crop_720p
40000kbps_2160p_59_94fps_vp9,7500kbps_2160p_59_94fps_hevc,d6042ecd-0b1a-47c7-9c7c-c1e0cfe2204b,40000kbps_2160p_59_94fps_vp9,water_netflix@display=center_crop_720p
,7500kbps_2160p_59_94fps_hevc,7a534954-4fff-4031-a2b6-05a9cbf92f89,40000kbps_2160p_59_94fps_vp9,water_netflix@display=center_crop_720p
40000kbps_2160p_59_94fps_vp9,7500kbps_2160p_59_94fps_hevc,aaf964ce-819e-4c76-9a16-6d23c2d717ba,40000kbps_2160p_59_94fps_vp9,water_netflix@display=center_crop_720p
40000kbps_2160p_59_94fps_vp9,40000kbps_2160p_59_94fps_vp9,200ca2a2-54a0-4e55-9512-a6af8138234e,7500kbps_2160p_59_94fps_hevc,water_netflix@display=center_crop_720p
40000kbps_2160p_59_94fps_vp9,7500kbps_2160p_59_94fps_hevc,8cea155c-161f-4e60-9b74-b27c6dc55c81,40000kbps_2160p_59_94fps_vp9,water_netflix@display=center_crop_720p
40000kbps_2160p_59_94fps_vp9,7500kbps_2160p_59_94fps_hevc,e3299900-e057-461f-ba38-07d225535439,40000kbps_2160p_59_94fps_vp9,water_netflix@display=center_crop_720p
40000kbps_2160p_59_94fps_vp9,40000kbps_2160p_59_94fps_vp9,a502b0da-a957-40ac-860f-b15da64700df,7500kbps_2160p_59_94fps_hevc,water_netflix@display=center_crop_720p
40000kbps_2160p_59_94fps_vp9,7500kbps_2160p_59_94fps_hevc,e18eb56d-39ea-408a-b9a3-fc88439e769c,40000kbps_2160p_59_94fps_vp9,water_netflix@display=center_crop_720p
40000kbps_2160p_59_94fps_vp9,7500kbps_2160p_59_94fps_hevc,37990ada-86e1-4448-9bd1-a05516904e6b,40000kbps_2160p_59_94fps_vp9,water_netflix@display=center_crop_720p
,59720kbps_2160p_59_94fps_h264,690650c7-9119-497a-9747-ace85cd8f32f,22229kbps_2160p_59_94fps_hevc,water_netflix_8s@display=center_crop_720p
,22229kbps_2160p_59_94fps_hevc,ce62de5e-4812-4b6e-96d4-b0e6e72e7cee,59720kbps_2160p_59_94fps_h264,water_netflix_8s@display=center_crop_720p
59720kbps_2160p_59_94fps_h264,22229kbps_2160p_59_94fps_hevc,c49850c3-7323-4a2a-98c6-1fc2e0acf12c,59720kbps_2160p_59_94fps_h264,water_netflix_8s@display=center_crop_720p
,59720kbps_2160p_59_94fps_h264,ba0387cc-377b-45a6-8225-86a54c8e77bf,22229kbps_2160p_59_94fps_hevc,water_netflix_8s@display=center_crop_720p
,22229kbps_2160p_59_94fps_hevc,78035481-fe21-457c-b86d-dfbc7c4c368d,59720kbps_2160p_59_94fps_h264,water_netflix_8s@display=center_crop_720p
,59720kbps_2160p_59_94fps_h264,930059bc-9d85-4305-9da6-e7384c2f626d,22229kbps_2160p_59_94fps_hevc,water_netflix_8s@display=center_crop_720p
,22229kbps_2160p_59_94fps_hevc,a9132cf2-2408-4996-b7f7-c1f6d2fa7f7d,59720kbps_2160p_59_94fps_h264,water_netflix_8s@display=center_crop_720p
22229kbps_2160p_59_94fps_hevc,22229kbps_2160p_59_94fps_hevc,29adab82-af7e-40b2-9935-c90b63fb7200,59720kbps_2160p_59_94fps_h264,water_netflix_8s@display=center_crop_720p
22229kbps_2160p_59_94fps_hevc,59720kbps_2160p_59_94fps_h264,372402e9-b6ad-47bd-9fd9-c1f40fefa080,22229kbps_2160p_59_94fps_hevc,water_netflix_8s@display=center_crop_720p
59720kbps_2160p_59_94fps_h264,22229kbps_2160p_59_94fps_hevc,ce62de5e-4812-4b6e-96d4-b0e6e72e7cee,59720kbps_2160p_59_94fps_h264,water_netflix_8s@display=center_crop_720p
15000kbps_2160p_59_94fps_h264,15000kbps_2160p_59_94fps_h264,17d8f323-de70-477b-9c54-e55ee1437488,7500kbps_2160p_59_94fps_h264,water_netflix@display=center_crop_720p
15000kbps_2160p_59_94fps_h264,7500kbps_2160p_59_94fps_h264,48b6f8e9-5f2c-4276-bbe7-0988ef3b70e4,15000kbps_2160p_59_94fps_h264,water_netflix@display=center_crop_720p
15000kbps_2160p_59_94fps_h264,7500kbps_2160p_59_94fps_h264,5135cb57-2a91-4b0d-b4dc-1cd649f52d0f,15000kbps_2160p_59_94fps_h264,water_netflix@display=center_crop_720p
15000kbps_2160p_59_94fps_h264,15000kbps_2160p_59_94fps_h264,5135cb57-2a91-4b0d-b4dc-1cd649f52d0f,7500kbps_2160p_59_94fps_h264,water_netflix@display=center_crop_720p
15000kbps_2160p_59_94fps_h264,7500kbps_2160p_59_94fps_h264,ce62de5e-4812-4b6e-96d4-b0e6e72e7cee,15000kbps_2160p_59_94fps_h264,water_netflix@display=center_crop_720p
15000kbps_2160p_59_94fps_h264,15000kbps_2160p_59_94fps_h264,74d5e5ae-6320-403e-8130-8f81d73cd2cb,7500kbps_2160p_59_94fps_h264,water_netflix@display=center_crop_720p
15000kbps_2160p_59_94fps_h264,15000kbps_2160p_59_94fps_h264,edfa24d5-1e76-4538-805f-c39955d343e0,7500kbps_2160p_59_94fps_h264,water_netflix@display=center_crop_720p
15000kbps_2160p_59_94fps_h264,7500kbps_2160p_59_94fps_h264,7f06f2cf-9d5d-47db-b8d6-04608268bdd8,15000kbps_2160p_59_94fps_h264,water_netflix@display=center_crop_720p
15000kbps_2160p_59_94fps_h264,15000kbps_2160p_59_94fps_h264,a088b6d6-c233-4894-9edb-af752372dc95,7500kbps_2160p_59_94fps_h264,water_netflix@display=center_crop_720p
,7500kbps_2160p_59_94fps_h264,5df32126-f164-45f0-9b62-c03ffba8b152,15000kbps_2160p_59_94fps_h264,water_netflix@display=center_crop_720p
,59720kbps_2160p_60_0fps_hevc,e0adaaa5-1f9d-4cb1-838d-782103297163,40974kbps_2160p_60_0fps_hevc,Dancers_8s@display=center_crop_720p
,59720kbps_2160p_60_0fps_hevc,b2f89705-9709-44d6-995f-730575282824,40974kbps_2160p_60_0fps_hevc,Dancers_8s@display=center_crop_720p
59720kbps_2160p_60_0fps_hevc,59720kbps_2160p_60_0fps_hevc,0fdaf977-f8b3-470f-9588-6e0120f4e2da,40974kbps_2160p_60_0fps_hevc,Dancers_8s@display=center_crop_720p
,59720kbps_2160p_60_0fps_hevc,7740f956-7828-453f-8936-138ace5e608c,40974kbps_2160p_60_0fps_hevc,Dancers_8s@display=center_crop_720p
40974kbps_2160p_60_0fps_hevc,40974kbps_2160p_60_0fps_hevc,89e87a67-9f89-4d9d-bbd9-17cd9d613671,59720kbps_2160p_60_0fps_hevc,Dancers_8s@display=center_crop_720p
,59720kbps_2160p_60_0fps_hevc,61b10c11-f67f-4d83-959a-7bcfbea45139,40974kbps_2160p_60_0fps_hevc,Dancers_8s@display=center_crop_720p
59720kbps_2160p_60_0fps_hevc,59720kbps_2160p_60_0fps_hevc,0f86ed88-2d09-4d41-aa40-de0545f23360,40974kbps_2160p_60_0fps_hevc,Dancers_8s@display=center_crop_720p
,59720kbps_2160p_60_0fps_hevc,ce62de5e-4812-4b6e-96d4-b0e6e72e7cee,40974kbps_2160p_60_0fps_hevc,Dancers_8s@display=center_crop_720p
59720kbps_2160p_60_0fps_hevc,40974kbps_2160p_60_0fps_hevc,7a534954-4fff-4031-a2b6-05a9cbf92f89,59720kbps_2160p_60_0fps_hevc,Dancers_8s@display=center_crop_720p
59720kbps_2160p_60_0fps_hevc,59720kbps_2160p_60_0fps_hevc,27e233db-5084-42c3-98ec-709c8e196a26,40974kbps_2160p_60_0fps_hevc,Dancers_8s@display=center_crop_720p
3484kbps_2160p_59_94fps_hevc,22229kbps_2160p_59_94fps_h264,c02a04ca-e200-4e29-9ebc-56c147a47150,3484kbps_2160p_59_94fps_hevc,cutting_orange_tuil_8s@display=center_crop_720p
,3484kbps_2160p_59_94fps_hevc,78035481-fe21-457c-b86d-dfbc7c4c368d,22229kbps_2160p_59_94fps_h264,cutting_orange_tuil_8s@display=center_crop_720p
3484kbps_2160p_59_94fps_hevc,3484kbps_2160p_59_94fps_hevc,4555a7b7-7597-4602-8e40-fabb41dd856d,22229kbps_2160p_59_94fps_h264,cutting_orange_tuil_8s@display=center_crop_720p
,22229kbps_2160p_59_94fps_h264,daaf86ce-b78b-4b0f-b2d9-01df218aa413,3484kbps_2160p_59_94fps_hevc,cutting_orange_tuil_8s@display=center_crop_720p
,3484kbps_2160p_59_94fps_hevc,372402e9-b6ad-47bd-9fd9-c1f40fefa080,22229kbps_2160p_59_94fps_h264,cutting_orange_tuil_8s@display=center_crop_720p
22229kbps_2160p_59_94fps_h264,22229kbps_2160p_59_94fps_h264,edfa24d5-1e76-4538-805f-c39955d343e0,3484kbps_2160p_59_94fps_hevc,cutting_orange_tuil_8s@display=center_crop_720p
22229kbps_2160p_59_94fps_h264,3484kbps_2160p_59_94fps_hevc,d68ea181-16e9-49ae-aa6d-66bfce25c307,22229kbps_2160p_59_94fps_h264,cutting_orange_tuil_8s@display=center_crop_720p
22229kbps_2160p_59_94fps_h264,22229kbps_2160p_59_94fps_h264,29adab82-af7e-40b2-9935-c90b63fb7200,3484kbps_2160p_59_94fps_hevc,cutting_orange_tuil_8s@display=center_crop_720p
,22229kbps_2160p_59_94fps_h264,d6042ecd-0b1a-47c7-9c7c-c1e0cfe2204b,3484kbps_2160p_59_94fps_hevc,cutting_orange_tuil_8s@display=center_crop_720p
22229kbps_2160p_59_94fps_h264,22229kbps_2160p_59_94fps_h264,edfa24d5-1e76-4538-805f-c39955d343e0,3484kbps_2160p_59_94fps_hevc,cutting_orange_tuil_8s@display=center_crop_720p
,3484kbps_2160p_60_0fps_hevc,72826188-8025-4e87-b7c2-0879f8ae2022,22229kbps_2160p_60_0fps_hevc,Dancers_8s@display=center_crop_720p
3484kbps_2160p_60_0fps_hevc,22229kbps_2160p_60_0fps_hevc,39da6bfe-8e4d-4f5c-a80e-f74e3bfa62a5,3484kbps_2160p_60_0fps_hevc,Dancers_8s@display=center_crop_720p
,3484kbps_2160p_60_0fps_hevc,ce62de5e-4812-4b6e-96d4-b0e6e72e7cee,22229kbps_2160p_60_0fps_hevc,Dancers_8s@display=center_crop_720p
22229kbps_2160p_60_0fps_hevc,22229kbps_2160p_60_0fps_hevc,09e18e7a-1037-415d-b9ad-451f4c29ae18,3484kbps_2160p_60_0fps_hevc,Dancers_8s@display=center_crop_720p
22229kbps_2160p_60_0fps_hevc,22229kbps_2160p_60_0fps_hevc,0ef415ae-10b7-4d79-b0cd-ae471a0a1cd0,3484kbps_2160p_60_0fps_hevc,Dancers_8s@display=center_crop_720p
,3484kbps_2160p_60_0fps_hevc,1b6ee0ed-0d9e-4a72-a8ce-d4e21c3a5747,22229kbps_2160p_60_0fps_hevc,Dancers_8s@display=center_crop_720p
22229kbps_2160p_60_0fps_hevc,22229kbps_2160p_60_0fps_hevc,27e233db-5084-42c3-98ec-709c8e196a26,3484kbps_2160p_60_0fps_hevc,Dancers_8s@display=center_crop_720p
22229kbps_2160p_60_0fps_hevc,22229kbps_2160p_60_0fps_hevc,c99f336d-2089-4274-95ce-cd1865a9787c,3484kbps_2160p_60_0fps_hevc,Dancers_8s@display=center_crop_720p
22229kbps_2160p_60_0fps_hevc,22229kbps_2160p_60_0fps_hevc,6f326bd6-a511-4b7a-9de9-417d8a5318b5,3484kbps_2160p_60_0fps_hevc,Dancers_8s@display=center_crop_720p
22229kbps_2160p_60_0fps_hevc,3484kbps_2160p_60_0fps_hevc,dfd6da40-bceb-4416-bdc1-f638a4940ac5,22229kbps_2160p_60_0fps_hevc,Dancers_8s@display=center_crop_720p
15000kbps_2160p_59_94fps_vp9,15000kbps_2160p_59_94fps_vp9,0259373b-1f23-4414-961a-3412d32497a1,7500kbps_2160p_59_94fps_hevc,water_netflix@display=center_crop_720p
15000kbps_2160p_59_94fps_vp9,7500kbps_2160p_59_94fps_hevc,6f326bd6-a511-4b7a-9de9-417d8a5318b5,15000kbps_2160p_59_94fps_vp9,water_netflix@display=center_crop_720p
15000kbps_2160p_59_94fps_vp9,15000kbps_2160p_59_94fps_vp9,be228e5c-82f1-4c19-99b9-548ef9baac42,7500kbps_2160p_59_94fps_hevc,water_netflix@display=center_crop_720p
15000kbps_2160p_59_94fps_vp9,7500kbps_2160p_59_94fps_hevc,c99f336d-2089-4274-95ce-cd1865a9787c,15000kbps_2160p_59_94fps_vp9,water_netflix@display=center_crop_720p
15000kbps_2160p_59_94fps_vp9,15000kbps_2160p_59_94fps_vp9,4df8c1ce-9609-448d-b864-e09cd6da4d87,7500kbps_2160p_59_94fps_hevc,water_netflix@display=center_crop_720p
15000kbps_2160p_59_94fps_vp9,7500kbps_2160p_59_94fps_hevc,4df8c1ce-9609-448d-b864-e09cd6da4d87,15000kbps_2160p_59_94fps_vp9,water_netflix@display=center_crop_720p
15000kbps_2160p_59_94fps_vp9,7500kbps_2160p_59_94fps_hevc,b002868b-0aac-480d-9139-8e807273fe21,15000kbps_2160p_59_94fps_vp9,water_netflix@display=center_crop_720p
15000kbps_2160p_59_94fps_vp9,15000kbps_2160p_59_94fps_vp9,3c8ceb97-7ebb-42f7-b865-78735f9061e1,7500kbps_2160p_59_94fps_hevc,water_netflix@display=center_crop_720p
15000kbps_2160p_59_94fps_vp9,15000kbps_2160p_59_94fps_vp9,c6c7340e-5a8e-45d8-b2f9-2c2635477303,7500kbps_2160p_59_94fps_hevc,water_netflix@display=center_crop_720p
15000kbps_2160p_59_94fps_vp9,7500kbps_2160p_59_94fps_hevc,29adab82-af7e-40b2-9935-c90b63fb7200,15000kbps_2160p_59_94fps_vp9,water_netflix@display=center_crop_720p
7500kbps_2160p_59_94fps_vp9,40000kbps_2160p_59_94fps_h264,0259373b-1f23-4414-961a-3412d32497a1,7500kbps_2160p_59_94fps_vp9,vegetables_tuil@display=center_crop_720p
40000kbps_2160p_59_94fps_h264,7500kbps_2160p_59_94fps_vp9,0259373b-1f23-4414-961a-3412d32497a1,40000kbps_2160p_59_94fps_h264,vegetables_tuil@display=center_crop_720p
40000kbps_2160p_59_94fps_h264,7500kbps_2160p_59_94fps_vp9,6f326bd6-a511-4b7a-9de9-417d8a5318b5,40000kbps_2160p_59_94fps_h264,vegetables_tuil@display=center_crop_720p
,7500kbps_2160p_59_94fps_vp9,3ca889a7-f214-41ab-bc55-9d53f82436cd,40000kbps_2160p_59_94fps_h264,vegetables_tuil@display=center_crop_720p
40000kbps_2160p_59_94fps_h264,40000kbps_2160p_59_94fps_h264,dd09f622-1026-4a4b-95c2-6ac4366e33bf,7500kbps_2160p_59_94fps_vp9,vegetables_tuil@display=center_crop_720p
7500kbps_2160p_59_94fps_vp9,40000kbps_2160p_59_94fps_h264,702bc811-372b-48b3-9241-d879f08da0ab,7500kbps_2160p_59_94fps_vp9,vegetables_tuil@display=center_crop_720p
,40000kbps_2160p_59_94fps_h264,3c8ceb97-7ebb-42f7-b865-78735f9061e1,7500kbps_2160p_59_94fps_vp9,vegetables_tuil@display=center_crop_720p
40000kbps_2160p_59_94fps_h264,40000kbps_2160p_59_94fps_h264,c6c7340e-5a8e-45d8-b2f9-2c2635477303,7500kbps_2160p_59_94fps_vp9,vegetables_tuil@display=center_crop_720p
40000kbps_2160p_59_94fps_h264,40000kbps_2160p_59_94fps_h264,c6c7340e-5a8e-45d8-b2f9-2c2635477303,7500kbps_2160p_59_94fps_vp9,vegetables_tuil@display=center_crop_720p
,40000kbps_2160p_59_94fps_h264,1f357e72-ff19-440e-8df6-fd3e87cd52bd,7500kbps_2160p_59_94fps_vp9,vegetables_tuil@display=center_crop_720p
22229kbps_2160p_60_0fps_h264,22229kbps_2160p_60_0fps_h264,0259373b-1f23-4414-961a-3412d32497a1,3484kbps_2160p_60_0fps_h264,Dancers_8s@display=center_crop_720p
22229kbps_2160p_60_0fps_h264,22229kbps_2160p_60_0fps_h264,d748155c-693b-46a4-b752-d85e7b9b6c86,3484kbps_2160p_60_0fps_h264,Dancers_8s@display=center_crop_720p
22229kbps_2160p_60_0fps_h264,22229kbps_2160p_60_0fps_h264,93ff33f7-c9b8-4878-9204-0028b4046842,3484kbps_2160p_60_0fps_h264,Dancers_8s@display=center_crop_720p
,22229kbps_2160p_60_0fps_h264,bb6cca1f-9042-4f5a-b9c7-4f02a610c3b1,3484kbps_2160p_60_0fps_h264,Dancers_8s@display=center_crop_720p
22229kbps_2160p_60_0fps_h264,3484kbps_2160p_60_0fps_h264,c717cd44-9530-41e4-b4cf-181f472db916,22229kbps_2160p_60_0fps_h264,Dancers_8s@display=center_crop_720p
22229kbps_2160p_60_0fps_h264,22229kbps_2160p_60_0fps_h264,d72d9c60-71ce-409e-936a-c6a7c65c2693,3484kbps_2160p_60_0fps_h264,Dancers_8s@display=center_crop_720p
22229kbps_2160p_60_0fps_h264,3484kbps_2160p_60_0fps_h264,1769563f-5b2e-49e3-9a5e-aa665fdb664e,22229kbps_2160p_60_0fps_h264,Dancers_8s@display=center_crop_720p
22229kbps_2160p_60_0fps_h264,3484kbps_2160p_60_0fps_h264,a502b0da-a957-40ac-860f-b15da64700df,22229kbps_2160p_60_0fps_h264,Dancers_8s@display=center_crop_720p
22229kbps_2160p_60_0fps_h264,3484kbps_2160p_60_0fps_h264,5df32126-f164-45f0-9b62-c03ffba8b152,22229kbps_2160p_60_0fps_h264,Dancers_8s@display=center_crop_720p
,3484kbps_2160p_60_0fps_h264,1d2d9791-4db4-4b0d-9f5b-b7ac57248c04,22229kbps_2160p_60_0fps_h264,Dancers_8s@display=center_crop_720p
15000kbps_2160p_59_94fps_vp9,15000kbps_2160p_59_94fps_hevc,0259373b-1f23-4414-961a-3412d32497a1,15000kbps_2160p_59_94fps_vp9,cutting_orange_tuil@display=center_crop_720p
15000kbps_2160p_59_94fps_vp9,15000kbps_2160p_59_94fps_hevc,2c15d5b5-80b8-417f-a266-94c9f87ac793,15000kbps_2160p_59_94fps_vp9,cutting_orange_tuil@display=center_crop_720p
15000kbps_2160p_59_94fps_vp9,15000kbps_2160p_59_94fps_hevc,2c15d5b5-80b8-417f-a266-94c9f87ac793,15000kbps_2160p_59_94fps_vp9,cutting_orange_tuil@display=center_crop_720p
,15000kbps_2160p_59_94fps_vp9,ba0387cc-377b-45a6-8225-86a54c8e77bf,15000kbps_2160p_59_94fps_hevc,cutting_orange_tuil@display=center_crop_720p
15000kbps_2160p_59_94fps_vp9,15000kbps_2160p_59_94fps_hevc,fbb62021-f464-4650-adc8-2066d993b114,15000kbps_2160p_59_94fps_vp9,cutting_orange_tuil@display=center_crop_720p
,15000kbps_2160p_59_94fps_hevc,4738cba8-0d09-4d03-9352-5632bee3d8e4,15000kbps_2160p_59_94fps_vp9,cutting_orange_tuil@display=center_crop_720p
,15000kbps_2160p_59_94fps_hevc,67ec1054-59e7-420c-99bb-1fa0f05bc32b,15000kbps_2160p_59_94fps_vp9,cutting_orange_tuil@display=center_crop_720p
15000kbps_2160p_59_94fps_vp9,15000kbps_2160p_59_94fps_hevc,1e0b9fa9-bdce-4013-a041-56771e0a8f5d,15000kbps_2160p_59_94fps_vp9,cutting_orange_tuil@display=center_crop_720p
,15000kbps_2160p_59_94fps_vp9,39da6bfe-8e4d-4f5c-a80e-f74e3bfa62a5,15000kbps_2160p_59_94fps_hevc,cutting_orange_tuil@display=center_crop_720p
,15000kbps_2160p_59_94fps_hevc,1f357e72-ff19-440e-8df6-fd3e87cd52bd,15000kbps_2160p_59_94fps_vp9,cutting_orange_tuil@display=center_crop_720p
40974kbps_2160p_60_0fps_hevc,59720kbps_2160p_60_0fps_h264,0259373b-1f23-4414-961a-3412d32497a1,40974kbps_2160p_60_0fps_hevc,Dancers_8s@display=center_crop_720p
40974kbps_2160p_60_0fps_hevc,59720kbps_2160p_60_0fps_h264,6f326bd6-a511-4b7a-9de9-417d8a5318b5,40974kbps_2160p_60_0fps_hevc,Dancers_8s@display=center_crop_720p
40974kbps_2160p_60_0fps_hevc,40974kbps_2160p_60_0fps_hevc,89e87a67-9f89-4d9d-bbd9-17cd9d613671,59720kbps_2160p_60_0fps_h264,Dancers_8s@display=center_crop_720p
40974kbps_2160p_60_0fps_hevc,40974kbps_2160p_60_0fps_hevc,36c181d0-f9a1-4f75-a235-1e4891c6355d,59720kbps_2160p_60_0fps_h264,Dancers_8s@display=center_crop_720p
40974kbps_2160p_60_0fps_hevc,59720kbps_2160p_60_0fps_h264,9bfea419-4719-49c5-be69-40159185820d,40974kbps_2160p_60_0fps_hevc,Dancers_8s@display=center_crop_720p
40974kbps_2160p_60_0fps_hevc,59720kbps_2160p_60_0fps_h264,4555a7b7-7597-4602-8e40-fabb41dd856d,40974kbps_2160p_60_0fps_hevc,Dancers_8s@display=center_crop_720p
40974kbps_2160p_60_0fps_hevc,59720kbps_2160p_60_0fps_h264,4df8c1ce-9609-448d-b864-e09cd6da4d87,40974kbps_2160p_60_0fps_hevc,Dancers_8s@display=center_crop_720p
40974kbps_2160p_60_0fps_hevc,40974kbps_2160p_60_0fps_hevc,ce4f4741-1199-4168-bde2-e3841e3c636c,59720kbps_2160p_60_0fps_h264,Dancers_8s@display=center_crop_720p
40974kbps_2160p_60_0fps_hevc,40974kbps_2160p_60_0fps_hevc,243a5278-51f5-48b6-9ea0-515a2f0d3081,59720kbps_2160p_60_0fps_h264,Dancers_8s@display=center_crop_720p
40974kbps_2160p_60_0fps_hevc,40974kbps_2160p_60_0fps_hevc,19247917-dc22-416c-a41d-be236ec8205a,59720kbps_2160p_60_0fps_h264,Dancers_8s@display=center_crop_720p
7500kbps_2160p_59_94fps_h264,7500kbps_2160p_59_94fps_h264,17d8f323-de70-477b-9c54-e55ee1437488,40000kbps_2160p_59_94fps_hevc,cutting_orange_tuil@display=center_crop_720p
,40000kbps_2160p_59_94fps_hevc,ca0b6ada-b677-448c-848a-adbd7a537aab,7500kbps_2160p_59_94fps_h264,cutting_orange_tuil@display=center_crop_720p
,7500kbps_2160p_59_94fps_h264,48b6f8e9-5f2c-4276-bbe7-0988ef3b70e4,40000kbps_2160p_59_94fps_hevc,cutting_orange_tuil@display=center_crop_720p
,40000kbps_2160p_59_94fps_hevc,d748155c-693b-46a4-b752-d85e7b9b6c86,7500kbps_2160p_59_94fps_h264,cutting_orange_tuil@display=center_crop_720p
,40000kbps_2160p_59_94fps_hevc,ce4f4741-1199-4168-bde2-e3841e3c636c,7500kbps_2160p_59_94fps_h264,cutting_orange_tuil@display=center_crop_720p
7500kbps_2160p_59_94fps_h264,40000kbps_2160p_59_94fps_hevc,860a94d4-e689-46d5-8a49-a1142fd97785,7500kbps_2160p_59_94fps_h264,cutting_orange_tuil@display=center_crop_720p
,7500kbps_2160p_59_94fps_h264,bb6cca1f-9042-4f5a-b9c7-4f02a610c3b1,40000kbps_2160p_59_94fps_hevc,cutting_orange_tuil@display=center_crop_720p
40000kbps_2160p_59_94fps_hevc,40000kbps_2160p_59_94fps_hevc,5135cb57-2a91-4b0d-b4dc-1cd649f52d0f,7500kbps_2160p_59_94fps_h264,cutting_orange_tuil@display=center_crop_720p
7500kbps_2160p_59_94fps_h264,40000kbps_2160p_59_94fps_hevc,0259373b-1f23-4414-961a-3412d32497a1,7500kbps_2160p_59_94fps_h264,cutting_orange_tuil@display=center_crop_720p
7500kbps_2160p_59_94fps_h264,40000kbps_2160p_59_94fps_hevc,f46cd41c-48e5-4334-8378-2ce27465f19c,7500kbps_2160p_59_94fps_h264,cutting_orange_tuil@display=center_crop_720p
40000kbps_2160p_59_94fps_vp9,40000kbps_2160p_59_94fps_vp9,0259373b-1f23-4414-961a-3412d32497a1,15000kbps_2160p_59_94fps_h264,water_netflix@display=center_crop_720p
40000kbps_2160p_59_94fps_vp9,15000kbps_2160p_59_94fps_h264,8ad89de3-6579-4fcb-9f42-62964d0c1b5d,40000kbps_2160p_59_94fps_vp9,water_netflix@display=center_crop_720p
40000kbps_2160p_59_94fps_vp9,40000kbps_2160p_59_94fps_vp9,86994588-eb03-4e19-ac2f-4759a1298f6c,15000kbps_2160p_59_94fps_h264,water_netflix@display=center_crop_720p
40000kbps_2160p_59_94fps_vp9,15000kbps_2160p_59_94fps_h264,86994588-eb03-4e19-ac2f-4759a1298f6c,40000kbps_2160p_59_94fps_vp9,water_netflix@display=center_crop_720p
40000kbps_2160p_59_94fps_vp9,40000kbps_2160p_59_94fps_vp9,702bc811-372b-48b3-9241-d879f08da0ab,15000kbps_2160p_59_94fps_h264,water_netflix@display=center_crop_720p
40000kbps_2160p_59_94fps_vp9,15000kbps_2160p_59_94fps_h264,ecf11ca3-bed9-43d6-b9c5-b886be71c3a4,40000kbps_2160p_59_94fps_vp9,water_netflix@display=center_crop_720p
40000kbps_2160p_59_94fps_vp9,40000kbps_2160p_59_94fps_vp9,c21134a7-8ba5-4387-8244-c8165b6ca66e,15000kbps_2160p_59_94fps_h264,water_netflix@display=center_crop_720p
40000kbps_2160p_59_94fps_vp9,15000kbps_2160p_59_94fps_h264,e18eb56d-39ea-408a-b9a3-fc88439e769c,40000kbps_2160p_59_94fps_vp9,water_netflix@display=center_crop_720p
40000kbps_2160p_59_94fps_vp9,40000kbps_2160p_59_94fps_vp9,bd70f9a3-69aa-492e-92fe-e1ba35387699,15000kbps_2160p_59_94fps_h264,water_netflix@display=center_crop_720p
40000kbps_2160p_59_94fps_vp9,40000kbps_2160p_59_94fps_vp9,d0040886-4753-4106-8e9e-9a68d7f9b81c,15000kbps_2160p_59_94fps_h264,water_netflix@display=center_crop_720p
59720kbps_2160p_59_94fps_h264,3484kbps_2160p_59_94fps_h264,0259373b-1f23-4414-961a-3412d32497a1,59720kbps_2160p_59_94fps_h264,water_netflix_8s@display=center_crop_720p
59720kbps_2160p_59_94fps_h264,59720kbps_2160p_59_94fps_h264,766cf724-c54a-448d-aba8-31db9f14a3c9,3484kbps_2160p_59_94fps_h264,water_netflix_8s@display=center_crop_720p
59720kbps_2160p_59_94fps_h264,3484kbps_2160p_59_94fps_h264,515686c4-59e8-4742-9357-48f7914d07ae,59720kbps_2160p_59_94fps_h264,water_netflix_8s@display=center_crop_720p
59720kbps_2160p_59_94fps_h264,3484kbps_2160p_59_94fps_h264,515686c4-59e8-4742-9357-48f7914d07ae,59720kbps_2160p_59_94fps_h264,water_netflix_8s@display=center_crop_720p
59720kbps_2160p_59_94fps_h264,59720kbps_2160p_59_94fps_h264,515686c4-59e8-4742-9357-48f7914d07ae,3484kbps_2160p_59_94fps_h264,water_netflix_8s@display=center_crop_720p
59720kbps_2160p_59_94fps_h264,59720kbps_2160p_59_94fps_h264,ec0ce1d3-1f2e-47ae-bab7-b9ad7cebcf35,3484kbps_2160p_59_94fps_h264,water_netflix_8s@display=center_crop_720p
59720kbps_2160p_59_94fps_h264,59720kbps_2160p_59_94fps_h264,a8606522-5663-4cbe-8135-ea430251548e,3484kbps_2160p_59_94fps_h264,water_netflix_8s@display=center_crop_720p
59720kbps_2160p_59_94fps_h264,3484kbps_2160p_59_94fps_h264,beff4b9a-d9d9-47fd-9a5a-957121f0c5c7,59720kbps_2160p_59_94fps_h264,water_netflix_8s@display=center_crop_720p
59720kbps_2160p_59_94fps_h264,59720kbps_2160p_59_94fps_h264,beff4b9a-d9d9-47fd-9a5a-957121f0c5c7,3484kbps_2160p_59_94fps_h264,water_netflix_8s@display=center_crop_720p
59720kbps_2160p_59_94fps_h264,59720kbps_2160p_59_94fps_h264,5135cb57-2a91-4b0d-b4dc-1cd649f52d0f,3484kbps_2160p_59_94fps_h264,water_netflix_8s@display=center_crop_720p
,59720kbps_2160p_59_94fps_h264,0259373b-1f23-4414-961a-3412d32497a1,40974kbps_2160p_59_94fps_hevc,water_netflix_8s@display=center_crop_720p
59720kbps_2160p_59_94fps_h264,40974kbps_2160p_59_94fps_hevc,6f326bd6-a511-4b7a-9de9-417d8a5318b5,59720kbps_2160p_59_94fps_h264,water_netflix_8s@display=center_crop_720p
40974kbps_2160p_59_94fps_hevc,59720kbps_2160p_59_94fps_h264,a19258eb-cbbd-4ef2-8d41-716d58719dee,40974kbps_2160p_59_94fps_hevc,water_netflix_8s@display=center_crop_720p
59720kbps_2160p_59_94fps_h264,40974kbps_2160p_59_94fps_hevc,8ae4770b-48c9-468a-8b0f-2896d57a3467,59720kbps_2160p_59_94fps_h264,water_netflix_8s@display=center_crop_720p
40974kbps_2160p_59_94fps_hevc,40974kbps_2160p_59_94fps_hevc,93ff33f7-c9b8-4878-9204-0028b4046842,59720kbps_2160p_59_94fps_h264,water_netflix_8s@display=center_crop_720p
59720kbps_2160p_59_94fps_h264,40974kbps_2160p_59_94fps_hevc,008b3c18-0773-43fb-8d31-d3c854c17b82,59720kbps_2160p_59_94fps_h264,water_netflix_8s@display=center_crop_720p
,40974kbps_2160p_59_94fps_hevc,228a389a-984c-4887-8124-dc6348d10f7b,59720kbps_2160p_59_94fps_h264,water_netflix_8s@display=center_crop_720p
,59720kbps_2160p_59_94fps_h264,a35a2ee2-ddeb-415b-b200-0880cb9d485c,40974kbps_2160p_59_94fps_hevc,water_netflix_8s@display=center_crop_720p
,59720kbps_2160p_59_94fps_h264,78035481-fe21-457c-b86d-dfbc7c4c368d,40974kbps_2160p_59_94fps_hevc,water_netflix_8s@display=center_crop_720p
,40974kbps_2160p_59_94fps_hevc,743488ab-4387-40b6-8dd7-89cacd9486e9,59720kbps_2160p_59_94fps_h264,water_netflix_8s@display=center_crop_720p
22229kbps_2160p_59_94fps_h264,22229kbps_2160p_59_94fps_h264,2c15d5b5-80b8-417f-a266-94c9f87ac793,3484kbps_2160p_59_94fps_hevc,water_netflix_8s@display=center_crop_720p
22229kbps_2160p_59_94fps_h264,3484kbps_2160p_59_94fps_hevc,015f6620-e573-4ac7-a827-3a46dff55315,22229kbps_2160p_59_94fps_h264,water_netflix_8s@display=center_crop_720p
3484kbps_2160p_59_94fps_hevc,22229kbps_2160p_59_94fps_h264,c02a04ca-e200-4e29-9ebc-56c147a47150,3484kbps_2160p_59_94fps_hevc,water_netflix_8s@display=center_crop_720p
22229kbps_2160p_59_94fps_h264,3484kbps_2160p_59_94fps_hevc,d6042ecd-0b1a-47c7-9c7c-c1e0cfe2204b,22229kbps_2160p_59_94fps_h264,water_netflix_8s@display=center_crop_720p
22229kbps_2160p_59_94fps_h264,3484kbps_2160p_59_94fps_hevc,8ae4770b-48c9-468a-8b0f-2896d57a3467,22229kbps_2160p_59_94fps_h264,water_netflix_8s@display=center_crop_720p
,3484kbps_2160p_59_94fps_hevc,5cbe7084-5969-486b-ae84-b68e31857974,22229kbps_2160p_59_94fps_h264,water_netflix_8s@display=center_crop_720p
,22229kbps_2160p_59_94fps_h264,3b3a2aed-9878-4103-8123-069aa9f69bff,3484kbps_2160p_59_94fps_hevc,water_netflix_8s@display=center_crop_720p
22229kbps_2160p_59_94fps_h264,22229kbps_2160p_59_94fps_h264,9f78d5de-44ed-4ade-8350-91d15d08660f,3484kbps_2160p_59_94fps_hevc,water_netflix_8s@display=center_crop_720p
22229kbps_2160p_59_94fps_h264,22229kbps_2160p_59_94fps_h264,37990ada-86e1-4448-9bd1-a05516904e6b,3484kbps_2160p_59_94fps_hevc,water_netflix_8s@display=center_crop_720p
3484kbps_2160p_59_94fps_hevc,3484kbps_2160p_59_94fps_hevc,1b6ee0ed-0d9e-4a72-a8ce-d4e21c3a5747,22229kbps_2160p_59_94fps_h264,water_netflix_8s@display=center_crop_720p
22229kbps_2160p_60_0fps_hevc,40974kbps_2160p_60_0fps_h264,1b6ee0ed-0d9e-4a72-a8ce-d4e21c3a5747,22229kbps_2160p_60_0fps_hevc,Dancers_8s@display=center_crop_720p
22229kbps_2160p_60_0fps_hevc,22229kbps_2160p_60_0fps_hevc,bd097813-7fc3-4301-b939-643d0af728a1,40974kbps_2160p_60_0fps_h264,Dancers_8s@display=center_crop_720p
22229kbps_2160p_60_0fps_hevc,40974kbps_2160p_60_0fps_h264,0fdaf977-f8b3-470f-9588-6e0120f4e2da,22229kbps_2160p_60_0fps_hevc,Dancers_8s@display=center_crop_720p
22229kbps_2160p_60_0fps_hevc,40974kbps_2160p_60_0fps_h264,3b3a2aed-9878-4103-8123-069aa9f69bff,22229kbps_2160p_60_0fps_hevc,Dancers_8s@display=center_crop_720p
22229kbps_2160p_60_0fps_hevc,40974kbps_2160p_60_0fps_h264,243a5278-51f5-48b6-9ea0-515a2f0d3081,22229kbps_2160p_60_0fps_hevc,Dancers_8s@display=center_crop_720p
22229kbps_2160p_60_0fps_hevc,22229kbps_2160p_60_0fps_hevc,c717cd44-9530-41e4-b4cf-181f472db916,40974kbps_2160p_60_0fps_h264,Dancers_8s@display=center_crop_720p
22229kbps_2160p_60_0fps_hevc,22229kbps_2160p_60_0fps_hevc,bd097813-7fc3-4301-b939-643d0af728a1,40974kbps_2160p_60_0fps_h264,Dancers_8s@display=center_crop_720p
22229kbps_2160p_60_0fps_hevc,40974kbps_2160p_60_0fps_h264,79926a79-3d5c-49b0-b064-0f3b43c66b71,22229kbps_2160p_60_0fps_hevc,Dancers_8s@display=center_crop_720p
22229kbps_2160p_60_0fps_hevc,22229kbps_2160p_60_0fps_hevc,690ce6cb-9d51-4bd3-aaff-74856eff2fe7,40974kbps_2160p_60_0fps_h264,Dancers_8s@display=center_crop_720p
22229kbps_2160p_60_0fps_hevc,22229kbps_2160p_60_0fps_hevc,17d8f323-de70-477b-9c54-e55ee1437488,40974kbps_2160p_60_0fps_h264,Dancers_8s@display=center_crop_720p
40000kbps_2160p_60_0fps_vp9,40000kbps_2160p_60_0fps_vp9,09e18e7a-1037-415d-b9ad-451f4c29ae18,7500kbps_2160p_60_0fps_hevc,bigbuck_bunny_8bit@display=center_crop_720p
7500kbps_2160p_60_0fps_hevc,7500kbps_2160p_60_0fps_hevc,79926a79-3d5c-49b0-b064-0f3b43c66b71,40000kbps_2160p_60_0fps_vp9,bigbuck_bunny_8bit@display=center_crop_720p
,7500kbps_2160p_60_0fps_hevc,afd72cf7-ca0d-4bba-8bf1-909cb9b56e88,40000kbps_2160p_60_0fps_vp9,bigbuck_bunny_8bit@display=center_crop_720p
40000kbps_2160p_60_0fps_vp9,40000kbps_2160p_60_0fps_vp9,d68ea181-16e9-49ae-aa6d-66bfce25c307,7500kbps_2160p_60_0fps_hevc,bigbuck_bunny_8bit@display=center_crop_720p
7500kbps_2160p_60_0fps_hevc,7500kbps_2160p_60_0fps_hevc,ec308828-64d7-4599-9a85-e1f421a78f09,40000kbps_2160p_60_0fps_vp9,bigbuck_bunny_8bit@display=center_crop_720p
40000kbps_2160p_60_0fps_vp9,7500kbps_2160p_60_0fps_hevc,9f78d5de-44ed-4ade-8350-91d15d08660f,40000kbps_2160p_60_0fps_vp9,bigbuck_bunny_8bit@display=center_crop_720p
40000kbps_2160p_60_0fps_vp9,40000kbps_2160p_60_0fps_vp9,1b6ee0ed-0d9e-4a72-a8ce-d4e21c3a5747,7500kbps_2160p_60_0fps_hevc,bigbuck_bunny_8bit@display=center_crop_720p
,7500kbps_2160p_60_0fps_hevc,015f6620-e573-4ac7-a827-3a46dff55315,40000kbps_2160p_60_0fps_vp9,bigbuck_bunny_8bit@display=center_crop_720p
40000kbps_2160p_60_0fps_vp9,40000kbps_2160p_60_0fps_vp9,607db466-922c-4d1c-a2b3-78b70dae0079,7500kbps_2160p_60_0fps_hevc,bigbuck_bunny_8bit@display=center_crop_720p
40000kbps_2160p_60_0fps_vp9,40000kbps_2160p_60_0fps_vp9,7740f956-7828-453f-8936-138ace5e608c,7500kbps_2160p_60_0fps_hevc,bigbuck_bunny_8bit@display=center_crop_720p
15000kbps_2160p_59_94fps_hevc,7500kbps_2160p_59_94fps_h264,690ce6cb-9d51-4bd3-aaff-74856eff2fe7,15000kbps_2160p_59_94fps_hevc,vegetables_tuil@display=center_crop_720p
15000kbps_2160p_59_94fps_hevc,15000kbps_2160p_59_94fps_hevc,3f3b24c7-3ace-49f2-9b57-47769682e64c,7500kbps_2160p_59_94fps_h264,vegetables_tuil@display=center_crop_720p
,15000kbps_2160p_59_94fps_hevc,1b6ee0ed-0d9e-4a72-a8ce-d4e21c3a5747,7500kbps_2160p_59_94fps_h264,vegetables_tuil@display=center_crop_720p
,15000kbps_2160p_59_94fps_hevc,e0adaaa5-1f9d-4cb1-838d-782103297163,7500kbps_2160p_59_94fps_h264,vegetables_tuil@display=center_crop_720p
7500kbps_2160p_59_94fps_h264,15000kbps_2160p_59_94fps_hevc,607db466-922c-4d1c-a2b3-78b70dae0079,7500kbps_2160p_59_94fps_h264,vegetables_tuil@display=center_crop_720p
,7500kbps_2160p_59_94fps_h264,d6042ecd-0b1a-47c7-9c7c-c1e0cfe2204b,15000kbps_2160p_59_94fps_hevc,vegetables_tuil@display=center_crop_720p
15000kbps_2160p_59_94fps_hevc,15000kbps_2160p_59_94fps_hevc,1b6ee0ed-0d9e-4a72-a8ce-d4e21c3a5747,7500kbps_2160p_59_94fps_h264,vegetables_tuil@display=center_crop_720p
7500kbps_2160p_59_94fps_h264,7500kbps_2160p_59_94fps_h264,607db466-922c-4d1c-a2b3-78b70dae0079,15000kbps_2160p_59_94fps_hevc,vegetables_tuil@display=center_crop_720p
7500kbps_2160p_59_94fps_h264,7500kbps_2160p_59_94fps_h264,edfa24d5-1e76-4538-805f-c39955d343e0,15000kbps_2160p_59_94fps_hevc,vegetables_tuil@display=center_crop_720p
,7500kbps_2160p_59_94fps_h264,3c8ceb97-7ebb-42f7-b865-78735f9061e1,15000kbps_2160p_59_94fps_hevc,vegetables_tuil@display=center_crop_720p
40000kbps_2160p_59_94fps_vp9,40000kbps_2160p_59_94fps_vp9,b2f89705-9709-44d6-995f-730575282824,7500kbps_2160p_59_94fps_vp9,water_netflix@display=center_crop_720p
7500kbps_2160p_59_94fps_vp9,40000kbps_2160p_59_94fps_vp9,67cac82e-e60a-4a5b-849f-ff4a58a1b8ec,7500kbps_2160p_59_94fps_vp9,water_netflix@display=center_crop_720p
40000kbps_2160p_59_94fps_vp9,7500kbps_2160p_59_94fps_vp9,19247917-dc22-416c-a41d-be236ec8205a,40000kbps_2160p_59_94fps_vp9,water_netflix@display=center_crop_720p
40000kbps_2160p_59_94fps_vp9,40000kbps_2160p_59_94fps_vp9,edfa24d5-1e76-4538-805f-c39955d343e0,7500kbps_2160p_59_94fps_vp9,water_netflix@display=center_crop_720p
40000kbps_2160p_59_94fps_vp9,7500kbps_2160p_59_94fps_vp9,b2f89705-9709-44d6-995f-730575282824,40000kbps_2160p_59_94fps_vp9,water_netflix@display=center_crop_720p
40000kbps_2160p_59_94fps_vp9,40000kbps_2160p_59_94fps_vp9,39da6bfe-8e4d-4f5c-a80e-f74e3bfa62a5,7500kbps_2160p_59_94fps_vp9,water_netflix@display=center_crop_720p
40000kbps_2160p_59_94fps_vp9,7500kbps_2160p_59_94fps_vp9,b2f89705-9709-44d6-995f-730575282824,40000kbps_2160p_59_94fps_vp9,water_netflix@display=center_crop_720p
,40000kbps_2160p_59_94fps_vp9,372402e9-b6ad-47bd-9fd9-c1f40fefa080,7500kbps_2160p_59_94fps_vp9,water_netflix@display=center_crop_720p
,40000kbps_2160p_59_94fps_vp9,372402e9-b6ad-47bd-9fd9-c1f40fefa080,7500kbps_2160p_59_94fps_vp9,water_netflix@display=center_crop_720p
,40000kbps_2160p_59_94fps_vp9,1b6ee0ed-0d9e-4a72-a8ce-d4e21c3a5747,7500kbps_2160p_59_94fps_vp9,water_netflix@display=center_crop_720p
15000kbps_2160p_59_94fps_vp9,40000kbps_2160p_59_94fps_h264,e18eb56d-39ea-408a-b9a3-fc88439e769c,15000kbps_2160p_59_94fps_vp9,water_netflix@display=center_crop_720p
15000kbps_2160p_59_94fps_vp9,15000kbps_2160p_59_94fps_vp9,438d29b9-e9b7-45a3-986b-f9c92b6f4d95,40000kbps_2160p_59_94fps_h264,water_netflix@display=center_crop_720p
40000kbps_2160p_59_94fps_h264,40000kbps_2160p_59_94fps_h264,c02a04ca-e200-4e29-9ebc-56c147a47150,15000kbps_2160p_59_94fps_vp9,water_netflix@display=center_crop_720p
15000kbps_2160p_59_94fps_vp9,15000kbps_2160p_59_94fps_vp9,1f357e72-ff19-440e-8df6-fd3e87cd52bd,40000kbps_2160p_59_94fps_h264,water_netflix@display=center_crop_720p
15000kbps_2160p_59_94fps_vp9,15000kbps_2160p_59_94fps_vp9,ecf11ca3-bed9-43d6-b9c5-b886be71c3a4,40000kbps_2160p_59_94fps_h264,water_netflix@display=center_crop_720p
15000kbps_2160p_59_94fps_vp9,15000kbps_2160p_59_94fps_vp9,d6042ecd-0b1a-47c7-9c7c-c1e0cfe2204b,40000kbps_2160p_59_94fps_h264,water_netflix@display=center_crop_720p
40000kbps_2160p_59_94fps_h264,40000kbps_2160p_59_94fps_h264,d6042ecd-0b1a-47c7-9c7c-c1e0cfe2204b,15000kbps_2160p_59_94fps_vp9,water_netflix@display=center_crop_720p
40000kbps_2160p_59_94fps_h264,15000kbps_2160p_59_94fps_vp9,ebba95f5-0a39-4272-9b4f-3061c16c43c6,40000kbps_2160p_59_94fps_h264,water_netflix@display=center_crop_720p
40000kbps_2160p_59_94fps_h264,15000kbps_2160p_59_94fps_vp9,1a58b274-8bac-44b3-9cbc-75790a91e28c,40000kbps_2160p_59_94fps_h264,water_netflix@display=center_crop_720p
,15000kbps_2160p_59_94fps_vp9,4a881e60-d934-480e-bac4-1f9d14b095c7,40000kbps_2160p_59_94fps_h264,water_netflix@display=center_crop_720p
15000kbps_2160p_59_94fps_vp9,15000kbps_2160p_59_94fps_vp9,f79ea36f-a935-4d76-b4ff-960b05924dcd,7500kbps_2160p_59_94fps_vp9,water_netflix@display=center_crop_720p
15000kbps_2160p_59_94fps_vp9,7500kbps_2160p_59_94fps_vp9,015f6620-e573-4ac7-a827-3a46dff55315,15000kbps_2160p_59_94fps_vp9,water_netflix@display=center_crop_720p
15000kbps_2160p_59_94fps_vp9,7500kbps_2160p_59_94fps_vp9,b1150c1e-fab1-4c1f-b251-5c387398b340,15000kbps_2160p_59_94fps_vp9,water_netflix@display=center_crop_720p
7500kbps_2160p_59_94fps_vp9,7500kbps_2160p_59_94fps_vp9,c02a04ca-e200-4e29-9ebc-56c147a47150,15000kbps_2160p_59_94fps_vp9,water_netflix@display=center_crop_720p
15000kbps_2160p_59_94fps_vp9,15000kbps_2160p_59_94fps_vp9,09fa6237-0870-4117-b13c-fcb18fa8af27,7500kbps_2160p_59_94fps_vp9,water_netflix@display=center_crop_720p
15000kbps_2160p_59_94fps_vp9,15000kbps_2160p_59_94fps_vp9,beff4b9a-d9d9-47fd-9a5a-957121f0c5c7,7500kbps_2160p_59_94fps_vp9,water_netflix@display=center_crop_720p
15000kbps_2160p_59_94fps_vp9,15000kbps_2160p_59_94fps_vp9,b1150c1e-fab1-4c1f-b251-5c387398b340,7500kbps_2160p_59_94fps_vp9,water_netflix@display=center_crop_720p
15000kbps_2160p_59_94fps_vp9,15000kbps_2160p_59_94fps_vp9,d68ea181-16e9-49ae-aa6d-66bfce25c307,7500kbps_2160p_59_94fps_vp9,water_netflix@display=center_crop_720p
15000kbps_2160p_59_94fps_vp9,7500kbps_2160p_59_94fps_vp9,09fa6237-0870-4117-b13c-fcb18fa8af27,15000kbps_2160p_59_94fps_vp9,water_netflix@display=center_crop_720p
7500kbps_2160p_59_94fps_vp9,7500kbps_2160p_59_94fps_vp9,607db466-922c-4d1c-a2b3-78b70dae0079,15000kbps_2160p_59_94fps_vp9,water_netflix@display=center_crop_720p
40000kbps_2160p_60_0fps_vp9,40000kbps_2160p_60_0fps_vp9,19247917-dc22-416c-a41d-be236ec8205a,15000kbps_2160p_60_0fps_vp9,bigbuck_bunny_8bit@display=center_crop_720p
40000kbps_2160p_60_0fps_vp9,40000kbps_2160p_60_0fps_vp9,8ebb3f0c-3f39-4c6a-839f-96177a65a978,15000kbps_2160p_60_0fps_vp9,bigbuck_bunny_8bit@display=center_crop_720p
15000kbps_2160p_60_0fps_vp9,15000kbps_2160p_60_0fps_vp9,ca0b6ada-b677-448c-848a-adbd7a537aab,40000kbps_2160p_60_0fps_vp9,bigbuck_bunny_8bit@display=center_crop_720p
,15000kbps_2160p_60_0fps_vp9,4555a7b7-7597-4602-8e40-fabb41dd856d,40000kbps_2160p_60_0fps_vp9,bigbuck_bunny_8bit@display=center_crop_720p
,40000kbps_2160p_60_0fps_vp9,34bc48f6-c844-4c91-b4e3-1dcab0636197,15000kbps_2160p_60_0fps_vp9,bigbuck_bunny_8bit@display=center_crop_720p
,40000kbps_2160p_60_0fps_vp9,dfd6da40-bceb-4416-bdc1-f638a4940ac5,15000kbps_2160p_60_0fps_vp9,bigbuck_bunny_8bit@display=center_crop_720p
40000kbps_2160p_60_0fps_vp9,40000kbps_2160p_60_0fps_vp9,a19258eb-cbbd-4ef2-8d41-716d58719dee,15000kbps_2160p_60_0fps_vp9,bigbuck_bunny_8bit@display=center_crop_720p
,15000kbps_2160p_60_0fps_vp9,0ef415ae-10b7-4d79-b0cd-ae471a0a1cd0,40000kbps_2160p_60_0fps_vp9,bigbuck_bunny_8bit@display=center_crop_720p
40000kbps_2160p_60_0fps_vp9,15000kbps_2160p_60_0fps_vp9,4f832d5a-bd55-4616-a277-a2632893dc1d,40000kbps_2160p_60_0fps_vp9,bigbuck_bunny_8bit@display=center_crop_720p
15000kbps_2160p_60_0fps_vp9,15000kbps_2160p_60_0fps_vp9,d68ea181-16e9-49ae-aa6d-66bfce25c307,40000kbps_2160p_60_0fps_vp9,bigbuck_bunny_8bit@display=center_crop_720p
3484kbps_2160p_60_0fps_hevc,59720kbps_2160p_60_0fps_h264,d68ea181-16e9-49ae-aa6d-66bfce25c307,3484kbps_2160p_60_0fps_hevc,Dancers_8s@display=center_crop_720p
3484kbps_2160p_60_0fps_hevc,3484kbps_2160p_60_0fps_hevc,b002868b-0aac-480d-9139-8e807273fe21,59720kbps_2160p_60_0fps_h264,Dancers_8s@display=center_crop_720p
3484kbps_2160p_60_0fps_hevc,59720kbps_2160p_60_0fps_h264,b002868b-0aac-480d-9139-8e807273fe21,3484kbps_2160p_60_0fps_hevc,Dancers_8s@display=center_crop_720p
3484kbps_2160p_60_0fps_hevc,59720kbps_2160p_60_0fps_h264,3acc4815-f690-4c3c-a93b-17e539e7af4b,3484kbps_2160p_60_0fps_hevc,Dancers_8s@display=center_crop_720p
3484kbps_2160p_60_0fps_hevc,59720kbps_2160p_60_0fps_h264,1e0b9fa9-bdce-4013-a041-56771e0a8f5d,3484kbps_2160p_60_0fps_hevc,Dancers_8s@display=center_crop_720p
3484kbps_2160p_60_0fps_hevc,59720kbps_2160p_60_0fps_h264,1e0b9fa9-bdce-4013-a041-56771e0a8f5d,3484kbps_2160p_60_0fps_hevc,Dancers_8s@display=center_crop_720p
3484kbps_2160p_60_0fps_hevc,59720kbps_2160p_60_0fps_h264,54ff783c-43c7-4c8b-9c7a-eff5f73d662d,3484kbps_2160p_60_0fps_hevc,Dancers_8s@display=center_crop_720p
3484kbps_2160p_60_0fps_hevc,3484kbps_2160p_60_0fps_hevc,54ff783c-43c7-4c8b-9c7a-eff5f73d662d,59720kbps_2160p_60_0fps_h264,Dancers_8s@display=center_crop_720p
3484kbps_2160p_60_0fps_hevc,3484kbps_2160p_60_0fps_hevc,515686c4-59e8-4742-9357-48f7914d07ae,59720kbps_2160p_60_0fps_h264,Dancers_8s@display=center_crop_720p
3484kbps_2160p_60_0fps_hevc,59720kbps_2160p_60_0fps_h264,743488ab-4387-40b6-8dd7-89cacd9486e9,3484kbps_2160p_60_0fps_hevc,Dancers_8s@display=center_crop_720p
40000kbps_2160p_60_0fps_vp9,40000kbps_2160p_60_0fps_vp9,d68ea181-16e9-49ae-aa6d-66bfce25c307,40000kbps_2160p_60_0fps_h264,bigbuck_bunny_8bit@display=center_crop_720p
40000kbps_2160p_60_0fps_h264,40000kbps_2160p_60_0fps_h264,e957b267-7ce1-47fb-9564-cfe27b8b6646,40000kbps_2160p_60_0fps_vp9,bigbuck_bunny_8bit@display=center_crop_720p
,40000kbps_2160p_60_0fps_vp9,ec0ce1d3-1f2e-47ae-bab7-b9ad7cebcf35,40000kbps_2160p_60_0fps_h264,bigbuck_bunny_8bit@display=center_crop_720p
,40000kbps_2160p_60_0fps_vp9,ec0ce1d3-1f2e-47ae-bab7-b9ad7cebcf35,40000kbps_2160p_60_0fps_h264,bigbuck_bunny_8bit@display=center_crop_720p
40000kbps_2160p_60_0fps_vp9,40000kbps_2160p_60_0fps_h264,b1150c1e-fab1-4c1f-b251-5c387398b340,40000kbps_2160p_60_0fps_vp9,bigbuck_bunny_8bit@display=center_crop_720p
40000kbps_2160p_60_0fps_vp9,40000kbps_2160p_60_0fps_vp9,b1150c1e-fab1-4c1f-b251-5c387398b340,40000kbps_2160p_60_0fps_h264,bigbuck_bunny_8bit@display=center_crop_720p
40000kbps_2160p_60_0fps_vp9,40000kbps_2160p_60_0fps_h264,beff4b9a-d9d9-47fd-9a5a-957121f0c5c7,40000kbps_2160p_60_0fps_vp9,bigbuck_bunny_8bit@display=center_crop_720p
40000kbps_2160p_60_0fps_h264,40000kbps_2160p_60_0fps_vp9,09fa6237-0870-4117-b13c-fcb18fa8af27,40000kbps_2160p_60_0fps_h264,bigbuck_bunny_8bit@display=center_crop_720p
,40000kbps_2160p_60_0fps_h264,86cf9966-2fc8-4b58-af9c-a8427bb85186,40000kbps_2160p_60_0fps_vp9,bigbuck_bunny_8bit@display=center_crop_720p
,40000kbps_2160p_60_0fps_h264,78035481-fe21-457c-b86d-dfbc7c4c368d,40000kbps_2160p_60_0fps_vp9,bigbuck_bunny_8bit@display=center_crop_720p
7500kbps_2160p_59_94fps_vp9,7500kbps_2160p_59_94fps_vp9,d68ea181-16e9-49ae-aa6d-66bfce25c307,15000kbps_2160p_59_94fps_h264,water_netflix@display=center_crop_720p
,7500kbps_2160p_59_94fps_vp9,372402e9-b6ad-47bd-9fd9-c1f40fefa080,15000kbps_2160p_59_94fps_h264,water_netflix@display=center_crop_720p
15000kbps_2160p_59_94fps_h264,15000kbps_2160p_59_94fps_h264,5cbe7084-5969-486b-ae84-b68e31857974,7500kbps_2160p_59_94fps_vp9,water_netflix@display=center_crop_720p
7500kbps_2160p_59_94fps_vp9,15000kbps_2160p_59_94fps_h264,7a534954-4fff-4031-a2b6-05a9cbf92f89,7500kbps_2160p_59_94fps_vp9,water_netflix@display=center_crop_720p
7500kbps_2160p_59_94fps_vp9,15000kbps_2160p_59_94fps_h264,aaf964ce-819e-4c76-9a16-6d23c2d717ba,7500kbps_2160p_59_94fps_vp9,water_netflix@display=center_crop_720p
7500kbps_2160p_59_94fps_vp9,7500kbps_2160p_59_94fps_vp9,fbb62021-f464-4650-adc8-2066d993b114,15000kbps_2160p_59_94fps_h264,water_netflix@display=center_crop_720p
7500kbps_2160p_59_94fps_vp9,15000kbps_2160p_59_94fps_h264,a85f27d4-3f01-4e48-9732-a2f1f86e2f8a,7500kbps_2160p_59_94fps_vp9,water_netflix@display=center_crop_720p
7500kbps_2160p_59_94fps_vp9,7500kbps_2160p_59_94fps_vp9,015f6620-e573-4ac7-a827-3a46dff55315,15000kbps_2160p_59_94fps_h264,water_netflix@display=center_crop_720p
7500kbps_2160p_59_94fps_vp9,7500kbps_2160p_59_94fps_vp9,a9132cf2-2408-4996-b7f7-c1f6d2fa7f7d,15000kbps_2160p_59_94fps_h264,water_netflix@display=center_crop_720p
7500kbps_2160p_59_94fps_vp9,7500kbps_2160p_59_94fps_vp9,a7ba017e-55da-48cd-be52-b24f021f0e7f,15000kbps_2160p_59_94fps_h264,water_netflix@display=center_crop_720p
59720kbps_2160p_60_0fps_hevc,3484kbps_2160p_60_0fps_hevc,d68ea181-16e9-49ae-aa6d-66bfce25c307,59720kbps_2160p_60_0fps_hevc,Dancers_8s@display=center_crop_720p
,59720kbps_2160p_60_0fps_hevc,5cbe7084-5969-486b-ae84-b68e31857974,3484kbps_2160p_60_0fps_hevc,Dancers_8s@display=center_crop_720p
,59720kbps_2160p_60_0fps_hevc,fb6c7720-9e13-4bda-93b9-b82c53a2f9ec,3484kbps_2160p_60_0fps_hevc,Dancers_8s@display=center_crop_720p
59720kbps_2160p_60_0fps_hevc,59720kbps_2160p_60_0fps_hevc,ba0387cc-377b-45a6-8225-86a54c8e77bf,3484kbps_2160p_60_0fps_hevc,Dancers_8s@display=center_crop_720p
59720kbps_2160p_60_0fps_hevc,59720kbps_2160p_60_0fps_hevc,1e5f1b62-657f-4f0b-8ba6-975cd9482d45,3484kbps_2160p_60_0fps_hevc,Dancers_8s@display=center_crop_720p
59720kbps_2160p_60_0fps_hevc,3484kbps_2160p_60_0fps_hevc,1769563f-5b2e-49e3-9a5e-aa665fdb664e,59720kbps_2160p_60_0fps_hevc,Dancers_8s@display=center_crop_720p
,3484kbps_2160p_60_0fps_hevc,fb267fbe-2773-414c-b61c-b69f42b58762,59720kbps_2160p_60_0fps_hevc,Dancers_8s@display=center_crop_720p
,3484kbps_2160p_60_0fps_hevc,3c8ceb97-7ebb-42f7-b865-78735f9061e1,59720kbps_2160p_60_0fps_hevc,Dancers_8s@display=center_crop_720p
3484kbps_2160p_60_0fps_hevc,3484kbps_2160p_60_0fps_hevc,e18eb56d-39ea-408a-b9a3-fc88439e769c,59720kbps_2160p_60_0fps_hevc,Dancers_8s@display=center_crop_720p
59720kbps_2160p_60_0fps_hevc,3484kbps_2160p_60_0fps_hevc,930059bc-9d85-4305-9da6-e7384c2f626d,59720kbps_2160p_60_0fps_hevc,Dancers_8s@display=center_crop_720p
59720kbps_2160p_60_0fps_hevc,59720kbps_2160p_60_0fps_hevc,690ce6cb-9d51-4bd3-aaff-74856eff2fe7,22229kbps_2160p_60_0fps_h264,Dancers_8s@display=center_crop_720p
59720kbps_2160p_60_0fps_hevc,22229kbps_2160p_60_0fps_h264,8ad89de3-6579-4fcb-9f42-62964d0c1b5d,59720kbps_2160p_60_0fps_hevc,Dancers_8s@display=center_crop_720p
59720kbps_2160p_60_0fps_hevc,59720kbps_2160p_60_0fps_hevc,72826188-8025-4e87-b7c2-0879f8ae2022,22229kbps_2160p_60_0fps_h264,Dancers_8s@display=center_crop_720p
59720kbps_2160p_60_0fps_hevc,59720kbps_2160p_60_0fps_hevc,0ef415ae-10b7-4d79-b0cd-ae471a0a1cd0,22229kbps_2160p_60_0fps_h264,Dancers_8s@display=center_crop_720p
59720kbps_2160p_60_0fps_hevc,59720kbps_2160p_60_0fps_hevc,d0c36760-0f38-4c88-a492-4bb9b3bc2167,22229kbps_2160p_60_0fps_h264,Dancers_8s@display=center_crop_720p
59720kbps_2160p_60_0fps_hevc,22229kbps_2160p_60_0fps_h264,f1d4d12e-0254-4b4a-b175-2e453553ff4d,59720kbps_2160p_60_0fps_hevc,Dancers_8s@display=center_crop_720p
,22229kbps_2160p_60_0fps_h264,0a11d091-b466-4b8f-b1e2-56415f01204f,59720kbps_2160p_60_0fps_hevc,Dancers_8s@display=center_crop_720p
,59720kbps_2160p_60_0fps_hevc,c21134a7-8ba5-4387-8244-c8165b6ca66e,22229kbps_2160p_60_0fps_h264,Dancers_8s@display=center_crop_720p
,59720kbps_2160p_60_0fps_hevc,78035481-fe21-457c-b86d-dfbc7c4c368d,22229kbps_2160p_60_0fps_h264,Dancers_8s@display=center_crop_720p
59720kbps_2160p_60_0fps_hevc,59720kbps_2160p_60_0fps_hevc,7e8b3c9e-ed4e-4cd0-904e-0c2144db1008,22229kbps_2160p_60_0fps_h264,Dancers_8s@display=center_crop_720p
40974kbps_2160p_60_0fps_hevc,3484kbps_2160p_60_0fps_h264,29adab82-af7e-40b2-9935-c90b63fb7200,40974kbps_2160p_60_0fps_hevc,Dancers_8s@display=center_crop_720p
40974kbps_2160p_60_0fps_hevc,40974kbps_2160p_60_0fps_hevc,1008bca0-3330-4f98-890f-83518204dac9,3484kbps_2160p_60_0fps_h264,Dancers_8s@display=center_crop_720p
40974kbps_2160p_60_0fps_hevc,3484kbps_2160p_60_0fps_h264,243a5278-51f5-48b6-9ea0-515a2f0d3081,40974kbps_2160p_60_0fps_hevc,Dancers_8s@display=center_crop_720p
40974kbps_2160p_60_0fps_hevc,40974kbps_2160p_60_0fps_hevc,243a5278-51f5-48b6-9ea0-515a2f0d3081,3484kbps_2160p_60_0fps_h264,Dancers_8s@display=center_crop_720p
40974kbps_2160p_60_0fps_hevc,40974kbps_2160p_60_0fps_hevc,81c88a9d-cc8f-4851-9e78-8320e03d2180,3484kbps_2160p_60_0fps_h264,Dancers_8s@display=center_crop_720p
40974kbps_2160p_60_0fps_hevc,40974kbps_2160p_60_0fps_hevc,4067eb21-c8c2-4723-bc86-a1cab1f6d670,3484kbps_2160p_60_0fps_h264,Dancers_8s@display=center_crop_720p
40974kbps_2160p_60_0fps_hevc,40974kbps_2160p_60_0fps_hevc,1008bca0-3330-4f98-890f-83518204dac9,3484kbps_2160p_60_0fps_h264,Dancers_8s@display=center_crop_720p
40974kbps_2160p_60_0fps_hevc,3484kbps_2160p_60_0fps_h264,1008bca0-3330-4f98-890f-83518204dac9,40974kbps_2160p_60_0fps_hevc,Dancers_8s@display=center_crop_720p
40974kbps_2160p_60_0fps_hevc,40974kbps_2160p_60_0fps_hevc,5cbe7084-5969-486b-ae84-b68e31857974,3484kbps_2160p_60_0fps_h264,Dancers_8s@display=center_crop_720p
40974kbps_2160p_60_0fps_hevc,3484kbps_2160p_60_0fps_h264,f79ea36f-a935-4d76-b4ff-960b05924dcd,40974kbps_2160p_60_0fps_hevc,Dancers_8s@display=center_crop_720p
40000kbps_2160p_59_94fps_vp9,40000kbps_2160p_59_94fps_vp9,4067eb21-c8c2-4723-bc86-a1cab1f6d670,15000kbps_2160p_59_94fps_h264,cutting_orange_tuil@display=center_crop_720p
40000kbps_2160p_59_94fps_vp9,40000kbps_2160p_59_94fps_vp9,1008bca0-3330-4f98-890f-83518204dac9,15000kbps_2160p_59_94fps_h264,cutting_orange_tuil@display=center_crop_720p
15000kbps_2160p_59_94fps_h264,15000kbps_2160p_59_94fps_h264,79926a79-3d5c-49b0-b064-0f3b43c66b71,40000kbps_2160p_59_94fps_vp9,cutting_orange_tuil@display=center_crop_720p
40000kbps_2160p_59_94fps_vp9,15000kbps_2160p_59_94fps_h264,7a534954-4fff-4031-a2b6-05a9cbf92f89,40000kbps_2160p_59_94fps_vp9,cutting_orange_tuil@display=center_crop_720p
15000kbps_2160p_59_94fps_h264,40000kbps_2160p_59_94fps_vp9,200ca2a2-54a0-4e55-9512-a6af8138234e,15000kbps_2160p_59_94fps_h264,cutting_orange_tuil@display=center_crop_720p
40000kbps_2160p_59_94fps_vp9,15000kbps_2160p_59_94fps_h264,200ca2a2-54a0-4e55-9512-a6af8138234e,40000kbps_2160p_59_94fps_vp9,cutting_orange_tuil@display=center_crop_720p
,40000kbps_2160p_59_94fps_vp9,4738cba8-0d09-4d03-9352-5632bee3d8e4,15000kbps_2160p_59_94fps_h264,cutting_orange_tuil@display=center_crop_720p
,15000kbps_2160p_59_94fps_h264,690650c7-9119-497a-9747-ace85cd8f32f,40000kbps_2160p_59_94fps_vp9,cutting_orange_tuil@display=center_crop_720p
15000kbps_2160p_59_94fps_h264,15000kbps_2160p_59_94fps_h264,1769563f-5b2e-49e3-9a5e-aa665fdb664e,40000kbps_2160p_59_94fps_vp9,cutting_orange_tuil@display=center_crop_720p
15000kbps_2160p_59_94fps_h264,15000kbps_2160p_59_94fps_h264,cfe7f1d6-4a45-4bbf-9396-de92c79e6c63,40000kbps_2160p_59_94fps_vp9,cutting_orange_tuil@display=center_crop_720p
7500kbps_2160p_59_94fps_h264,15000kbps_2160p_59_94fps_h264,438d29b9-e9b7-45a3-986b-f9c92b6f4d95,7500kbps_2160p_59_94fps_h264,cutting_orange_tuil@display=center_crop_720p
15000kbps_2160p_59_94fps_h264,15000kbps_2160p_59_94fps_h264,1e5f1b62-657f-4f0b-8ba6-975cd9482d45,7500kbps_2160p_59_94fps_h264,cutting_orange_tuil@display=center_crop_720p
7500kbps_2160p_59_94fps_h264,7500kbps_2160p_59_94fps_h264,c6c7340e-5a8e-45d8-b2f9-2c2635477303,15000kbps_2160p_59_94fps_h264,cutting_orange_tuil@display=center_crop_720p
,7500kbps_2160p_59_94fps_h264,a35a2ee2-ddeb-415b-b200-0880cb9d485c,15000kbps_2160p_59_94fps_h264,cutting_orange_tuil@display=center_crop_720p
7500kbps_2160p_59_94fps_h264,7500kbps_2160p_59_94fps_h264,1008bca0-3330-4f98-890f-83518204dac9,15000kbps_2160p_59_94fps_h264,cutting_orange_tuil@display=center_crop_720p
,15000kbps_2160p_59_94fps_h264,1008bca0-3330-4f98-890f-83518204dac9,7500kbps_2160p_59_94fps_h264,cutting_orange_tuil@display=center_crop_720p
15000kbps_2160p_59_94fps_h264,7500kbps_2160p_59_94fps_h264,e18eb56d-39ea-408a-b9a3-fc88439e769c,15000kbps_2160p_59_94fps_h264,cutting_orange_tuil@display=center_crop_720p
,15000kbps_2160p_59_94fps_h264,a502b0da-a957-40ac-860f-b15da64700df,7500kbps_2160p_59_94fps_h264,cutting_orange_tuil@display=center_crop_720p
,7500kbps_2160p_59_94fps_h264,4067eb21-c8c2-4723-bc86-a1cab1f6d670,15000kbps_2160p_59_94fps_h264,cutting_orange_tuil@display=center_crop_720p
15000kbps_2160p_59_94fps_h264,7500kbps_2160p_59_94fps_h264,dfd6da40-bceb-4416-bdc1-f638a4940ac5,15000kbps_2160p_59_94fps_h264,cutting_orange_tuil@display=center_crop_720p
40000kbps_2160p_60_0fps_vp9,40000kbps_2160p_60_0fps_vp9,1008bca0-3330-4f98-890f-83518204dac9,7500kbps_2160p_60_0fps_vp9,bigbuck_bunny_8bit@display=center_crop_720p
40000kbps_2160p_60_0fps_vp9,7500kbps_2160p_60_0fps_vp9,89e87a67-9f89-4d9d-bbd9-17cd9d613671,40000kbps_2160p_60_0fps_vp9,bigbuck_bunny_8bit@display=center_crop_720p
,40000kbps_2160p_60_0fps_vp9,3ca889a7-f214-41ab-bc55-9d53f82436cd,7500kbps_2160p_60_0fps_vp9,bigbuck_bunny_8bit@display=center_crop_720p
,40000kbps_2160p_60_0fps_vp9,74d1c2af-afc2-46b0-8a55-d3ea706a0e09,7500kbps_2160p_60_0fps_vp9,bigbuck_bunny_8bit@display=center_crop_720p
,7500kbps_2160p_60_0fps_vp9,1e5f1b62-657f-4f0b-8ba6-975cd9482d45,40000kbps_2160p_60_0fps_vp9,bigbuck_bunny_8bit@display=center_crop_720p
,40000kbps_2160p_60_0fps_vp9,228a389a-984c-4887-8124-dc6348d10f7b,7500kbps_2160p_60_0fps_vp9,bigbuck_bunny_8bit@display=center_crop_720p
,7500kbps_2160p_60_0fps_vp9,3b3a2aed-9878-4103-8123-069aa9f69bff,40000kbps_2160p_60_0fps_vp9,bigbuck_bunny_8bit@display=center_crop_720p
7500kbps_2160p_60_0fps_vp9,40000kbps_2160p_60_0fps_vp9,afd72cf7-ca0d-4bba-8bf1-909cb9b56e88,7500kbps_2160p_60_0fps_vp9,bigbuck_bunny_8bit@display=center_crop_720p
,40000kbps_2160p_60_0fps_vp9,74d5e5ae-6320-403e-8130-8f81d73cd2cb,7500kbps_2160p_60_0fps_vp9,bigbuck_bunny_8bit@display=center_crop_720p
40000kbps_2160p_60_0fps_vp9,40000kbps_2160p_60_0fps_vp9,930059bc-9d85-4305-9da6-e7384c2f626d,7500kbps_2160p_60_0fps_vp9,bigbuck_bunny_8bit@display=center_crop_720p
40974kbps_2160p_60_0fps_hevc,22229kbps_2160p_60_0fps_h264,1008bca0-3330-4f98-890f-83518204dac9,40974kbps_2160p_60_0fps_hevc,Dancers_8s@display=center_crop_720p
40974kbps_2160p_60_0fps_hevc,40974kbps_2160p_60_0fps_hevc,1008bca0-3330-4f98-890f-83518204dac9,22229kbps_2160p_60_0fps_h264,Dancers_8s@display=center_crop_720p
,22229kbps_2160p_60_0fps_h264,daaf86ce-b78b-4b0f-b2d9-01df218aa413,40974kbps_2160p_60_0fps_hevc,Dancers_8s@display=center_crop_720p
40974kbps_2160p_60_0fps_hevc,22229kbps_2160p_60_0fps_h264,36c181d0-f9a1-4f75-a235-1e4891c6355d,40974kbps_2160p_60_0fps_hevc,Dancers_8s@display=center_crop_720p
40974kbps_2160p_60_0fps_hevc,40974kbps_2160p_60_0fps_hevc,4794da0a-b39a-449f-9483-63a7c2b3f248,22229kbps_2160p_60_0fps_h264,Dancers_8s@display=center_crop_720p
40974kbps_2160p_60_0fps_hevc,22229kbps_2160p_60_0fps_h264,4794da0a-b39a-449f-9483-63a7c2b3f248,40974kbps_2160p_60_0fps_hevc,Dancers_8s@display=center_crop_720p
22229kbps_2160p_60_0fps_h264,40974kbps_2160p_60_0fps_hevc,008b3c18-0773-43fb-8d31-d3c854c17b82,22229kbps_2160p_60_0fps_h264,Dancers_8s@display=center_crop_720p
40974kbps_2160p_60_0fps_hevc,40974kbps_2160p_60_0fps_hevc,bd097813-7fc3-4301-b939-643d0af728a1,22229kbps_2160p_60_0fps_h264,Dancers_8s@display=center_crop_720p
,22229kbps_2160p_60_0fps_h264,0f86ed88-2d09-4d41-aa40-de0545f23360,40974kbps_2160p_60_0fps_hevc,Dancers_8s@display=center_crop_720p
40974kbps_2160p_60_0fps_hevc,22229kbps_2160p_60_0fps_h264,7e8b3c9e-ed4e-4cd0-904e-0c2144db1008,40974kbps_2160p_60_0fps_hevc,Dancers_8s@display=center_crop_720p
15000kbps_2160p_60_0fps_vp9,15000kbps_2160p_60_0fps_vp9,1008bca0-3330-4f98-890f-83518204dac9,7500kbps_2160p_60_0fps_h264,bigbuck_bunny_8bit@display=center_crop_720p
15000kbps_2160p_60_0fps_vp9,7500kbps_2160p_60_0fps_h264,988b6b80-ffc2-43de-aa0f-9a64267d3b2d,15000kbps_2160p_60_0fps_vp9,bigbuck_bunny_8bit@display=center_crop_720p
,15000kbps_2160p_60_0fps_vp9,ba0387cc-377b-45a6-8225-86a54c8e77bf,7500kbps_2160p_60_0fps_h264,bigbuck_bunny_8bit@display=center_crop_720p
,15000kbps_2160p_60_0fps_vp9,3ca889a7-f214-41ab-bc55-9d53f82436cd,7500kbps_2160p_60_0fps_h264,bigbuck_bunny_8bit@display=center_crop_720p
15000kbps_2160p_60_0fps_vp9,15000kbps_2160p_60_0fps_vp9,228a389a-984c-4887-8124-dc6348d10f7b,7500kbps_2160p_60_0fps_h264,bigbuck_bunny_8bit@display=center_crop_720p
15000kbps_2160p_60_0fps_vp9,7500kbps_2160p_60_0fps_h264,ec8f18b5-396a-4035-983d-14bd32d5820d,15000kbps_2160p_60_0fps_vp9,bigbuck_bunny_8bit@display=center_crop_720p
15000kbps_2160p_60_0fps_vp9,7500kbps_2160p_60_0fps_h264,a216d5c0-ae1d-448e-b6ad-8c9fbbbd29d9,15000kbps_2160p_60_0fps_vp9,bigbuck_bunny_8bit@display=center_crop_720p
,7500kbps_2160p_60_0fps_h264,68c89ee3-7042-4a33-86fa-e63c2d6d767e,15000kbps_2160p_60_0fps_vp9,bigbuck_bunny_8bit@display=center_crop_720p
15000kbps_2160p_60_0fps_vp9,7500kbps_2160p_60_0fps_h264,438d29b9-e9b7-45a3-986b-f9c92b6f4d95,15000kbps_2160p_60_0fps_vp9,bigbuck_bunny_8bit@display=center_crop_720p
,15000kbps_2160p_60_0fps_vp9,a35a2ee2-ddeb-415b-b200-0880cb9d485c,7500kbps_2160p_60_0fps_h264,bigbuck_bunny_8bit@display=center_crop_720p
40000kbps_2160p_60_0fps_vp9,40000kbps_2160p_60_0fps_vp9,6f326bd6-a511-4b7a-9de9-417d8a5318b5,15000kbps_2160p_60_0fps_h264,bigbuck_bunny_8bit@display=center_crop_720p
,15000kbps_2160p_60_0fps_h264,61b10c11-f67f-4d83-959a-7bcfbea45139,40000kbps_2160p_60_0fps_vp9,bigbuck_bunny_8bit@display=center_crop_720p
,40000kbps_2160p_60_0fps_vp9,61b10c11-f67f-4d83-959a-7bcfbea45139,15000kbps_2160p_60_0fps_h264,bigbuck_bunny_8bit@display=center_crop_720p
40000kbps_2160p_60_0fps_vp9,40000kbps_2160p_60_0fps_vp9,0ef415ae-10b7-4d79-b0cd-ae471a0a1cd0,15000kbps_2160p_60_0fps_h264,bigbuck_bunny_8bit@display=center_crop_720p
40000kbps_2160p_60_0fps_vp9,40000kbps_2160p_60_0fps_vp9,1215e8a6-42c2-485d-bbee-5c6ca1be2493,15000kbps_2160p_60_0fps_h264,bigbuck_bunny_8bit@display=center_crop_720p
15000kbps_2160p_60_0fps_h264,15000kbps_2160p_60_0fps_h264,1215e8a6-42c2-485d-bbee-5c6ca1be2493,40000kbps_2160p_60_0fps_vp9,bigbuck_bunny_8bit@display=center_crop_720p
,40000kbps_2160p_60_0fps_vp9,c21134a7-8ba5-4387-8244-c8165b6ca66e,15000kbps_2160p_60_0fps_h264,bigbuck_bunny_8bit@display=center_crop_720p
40000kbps_2160p_60_0fps_vp9,40000kbps_2160p_60_0fps_vp9,a7ba017e-55da-48cd-be52-b24f021f0e7f,15000kbps_2160p_60_0fps_h264,bigbuck_bunny_8bit@display=center_crop_720p
15000kbps_2160p_60_0fps_h264,15000kbps_2160p_60_0fps_h264,bd70f9a3-69aa-492e-92fe-e1ba35387699,40000kbps_2160p_60_0fps_vp9,bigbuck_bunny_8bit@display=center_crop_720p
,15000kbps_2160p_60_0fps_h264,78035481-fe21-457c-b86d-dfbc7c4c368d,40000kbps_2160p_60_0fps_vp9,bigbuck_bunny_8bit@display=center_crop_720p
,15000kbps_2160p_59_94fps_h264,0fdaf977-f8b3-470f-9588-6e0120f4e2da,15000kbps_2160p_59_94fps_hevc,cutting_orange_tuil@display=center_crop_720p
15000kbps_2160p_59_94fps_hevc,15000kbps_2160p_59_94fps_hevc,08e4105c-2f07-4aee-9e94-140b8cb7a24c,15000kbps_2160p_59_94fps_h264,cutting_orange_tuil@display=center_crop_720p
,15000kbps_2160p_59_94fps_h264,39da6bfe-8e4d-4f5c-a80e-f74e3bfa62a5,15000kbps_2160p_59_94fps_hevc,cutting_orange_tuil@display=center_crop_720p
,15000kbps_2160p_59_94fps_h264,d72d9c60-71ce-409e-936a-c6a7c65c2693,15000kbps_2160p_59_94fps_hevc,cutting_orange_tuil@display=center_crop_720p
15000kbps_2160p_59_94fps_hevc,15000kbps_2160p_59_94fps_hevc,a7ba017e-55da-48cd-be52-b24f021f0e7f,15000kbps_2160p_59_94fps_h264,cutting_orange_tuil@display=center_crop_720p
,15000kbps_2160p_59_94fps_h264,0f86ed88-2d09-4d41-aa40-de0545f23360,15000kbps_2160p_59_94fps_hevc,cutting_orange_tuil@display=center_crop_720p
15000kbps_2160p_59_94fps_hevc,15000kbps_2160p_59_94fps_h264,cd514197-164c-4a1b-aff2-ca42ca8c378b,15000kbps_2160p_59_94fps_hevc,cutting_orange_tuil@display=center_crop_720p
15000kbps_2160p_59_94fps_hevc,15000kbps_2160p_59_94fps_hevc,cd514197-164c-4a1b-aff2-ca42ca8c378b,15000kbps_2160p_59_94fps_h264,cutting_orange_tuil@display=center_crop_720p
15000kbps_2160p_59_94fps_hevc,15000kbps_2160p_59_94fps_hevc,1d2d9791-4db4-4b0d-9f5b-b7ac57248c04,15000kbps_2160p_59_94fps_h264,cutting_orange_tuil@display=center_crop_720p
15000kbps_2160p_59_94fps_hevc,15000kbps_2160p_59_94fps_h264,4f832d5a-bd55-4616-a277-a2632893dc1d,15000kbps_2160p_59_94fps_hevc,cutting_orange_tuil@display=center_crop_720p
,7500kbps_2160p_60_0fps_hevc,0fdaf977-f8b3-470f-9588-6e0120f4e2da,15000kbps_2160p_60_0fps_hevc,bigbuck_bunny_8bit@display=center_crop_720p
7500kbps_2160p_60_0fps_hevc,15000kbps_2160p_60_0fps_hevc,0f7571f9-aee0-41fc-85ea-19ea3d296c37,7500kbps_2160p_60_0fps_hevc,bigbuck_bunny_8bit@display=center_crop_720p
15000kbps_2160p_60_0fps_hevc,7500kbps_2160p_60_0fps_hevc,0f7571f9-aee0-41fc-85ea-19ea3d296c37,15000kbps_2160p_60_0fps_hevc,bigbuck_bunny_8bit@display=center_crop_720p
15000kbps_2160p_60_0fps_hevc,7500kbps_2160p_60_0fps_hevc,0f7571f9-aee0-41fc-85ea-19ea3d296c37,15000kbps_2160p_60_0fps_hevc,bigbuck_bunny_8bit@display=center_crop_720p
15000kbps_2160p_60_0fps_hevc,15000kbps_2160p_60_0fps_hevc,702bc811-372b-48b3-9241-d879f08da0ab,7500kbps_2160p_60_0fps_hevc,bigbuck_bunny_8bit@display=center_crop_720p
,7500kbps_2160p_60_0fps_hevc,a502b0da-a957-40ac-860f-b15da64700df,15000kbps_2160p_60_0fps_hevc,bigbuck_bunny_8bit@display=center_crop_720p
7500kbps_2160p_60_0fps_hevc,7500kbps_2160p_60_0fps_hevc,5135cb57-2a91-4b0d-b4dc-1cd649f52d0f,15000kbps_2160p_60_0fps_hevc,bigbuck_bunny_8bit@display=center_crop_720p
,7500kbps_2160p_60_0fps_hevc,f79ea36f-a935-4d76-b4ff-960b05924dcd,15000kbps_2160p_60_0fps_hevc,bigbuck_bunny_8bit@display=center_crop_720p
15000kbps_2160p_60_0fps_hevc,7500kbps_2160p_60_0fps_hevc,ec308828-64d7-4599-9a85-e1f421a78f09,15000kbps_2160p_60_0fps_hevc,bigbuck_bunny_8bit@display=center_crop_720p
15000kbps_2160p_60_0fps_hevc,15000kbps_2160p_60_0fps_hevc,ec308828-64d7-4599-9a85-e1f421a78f09,7500kbps_2160p_60_0fps_hevc,bigbuck_bunny_8bit@display=center_crop_720p
,40974kbps_2160p_59_94fps_h264,0fdaf977-f8b3-470f-9588-6e0120f4e2da,22229kbps_2160p_59_94fps_hevc,water_netflix_8s@display=center_crop_720p
40974kbps_2160p_59_94fps_h264,22229kbps_2160p_59_94fps_hevc,c6ce66ef-7872-4e66-83ab-5d75441dd888,40974kbps_2160p_59_94fps_h264,water_netflix_8s@display=center_crop_720p
,40974kbps_2160p_59_94fps_h264,79926a79-3d5c-49b0-b064-0f3b43c66b71,22229kbps_2160p_59_94fps_hevc,water_netflix_8s@display=center_crop_720p
40974kbps_2160p_59_94fps_h264,40974kbps_2160p_59_94fps_h264,8ae4770b-48c9-468a-8b0f-2896d57a3467,22229kbps_2160p_59_94fps_hevc,water_netflix_8s@display=center_crop_720p
22229kbps_2160p_59_94fps_hevc,40974kbps_2160p_59_94fps_h264,48b6f8e9-5f2c-4276-bbe7-0988ef3b70e4,22229kbps_2160p_59_94fps_hevc,water_netflix_8s@display=center_crop_720p
40974kbps_2160p_59_94fps_h264,22229kbps_2160p_59_94fps_hevc,008b3c18-0773-43fb-8d31-d3c854c17b82,40974kbps_2160p_59_94fps_h264,water_netflix_8s@display=center_crop_720p
22229kbps_2160p_59_94fps_hevc,40974kbps_2160p_59_94fps_h264,a85f27d4-3f01-4e48-9732-a2f1f86e2f8a,22229kbps_2160p_59_94fps_hevc,water_netflix_8s@display=center_crop_720p
40974kbps_2160p_59_94fps_h264,22229kbps_2160p_59_94fps_hevc,1769563f-5b2e-49e3-9a5e-aa665fdb664e,40974kbps_2160p_59_94fps_h264,water_netflix_8s@display=center_crop_720p
,40974kbps_2160p_59_94fps_h264,1f357e72-ff19-440e-8df6-fd3e87cd52bd,22229kbps_2160p_59_94fps_hevc,water_netflix_8s@display=center_crop_720p
22229kbps_2160p_59_94fps_hevc,40974kbps_2160p_59_94fps_h264,ec308828-64d7-4599-9a85-e1f421a78f09,22229kbps_2160p_59_94fps_hevc,water_netflix_8s@display=center_crop_720p
15000kbps_2160p_59_94fps_vp9,15000kbps_2160p_59_94fps_vp9,8ad89de3-6579-4fcb-9f42-62964d0c1b5d,7500kbps_2160p_59_94fps_vp9,cutting_orange_tuil@display=center_crop_720p
,15000kbps_2160p_59_94fps_vp9,8ad89de3-6579-4fcb-9f42-62964d0c1b5d,7500kbps_2160p_59_94fps_vp9,cutting_orange_tuil@display=center_crop_720p
15000kbps_2160p_59_94fps_vp9,15000kbps_2160p_59_94fps_vp9,fb6c7720-9e13-4bda-93b9-b82c53a2f9ec,7500kbps_2160p_59_94fps_vp9,cutting_orange_tuil@display=center_crop_720p
,15000kbps_2160p_59_94fps_vp9,ba0387cc-377b-45a6-8225-86a54c8e77bf,7500kbps_2160p_59_94fps_vp9,cutting_orange_tuil@display=center_crop_720p
,7500kbps_2160p_59_94fps_vp9,72826188-8025-4e87-b7c2-0879f8ae2022,15000kbps_2160p_59_94fps_vp9,cutting_orange_tuil@display=center_crop_720p
7500kbps_2160p_59_94fps_vp9,7500kbps_2160p_59_94fps_vp9,9bfea419-4719-49c5-be69-40159185820d,15000kbps_2160p_59_94fps_vp9,cutting_orange_tuil@display=center_crop_720p
,7500kbps_2160p_59_94fps_vp9,a502b0da-a957-40ac-860f-b15da64700df,15000kbps_2160p_59_94fps_vp9,cutting_orange_tuil@display=center_crop_720p
15000kbps_2160p_59_94fps_vp9,7500kbps_2160p_59_94fps_vp9,cfe7f1d6-4a45-4bbf-9396-de92c79e6c63,15000kbps_2160p_59_94fps_vp9,cutting_orange_tuil@display=center_crop_720p
,7500kbps_2160p_59_94fps_vp9,81c88a9d-cc8f-4851-9e78-8320e03d2180,15000kbps_2160p_59_94fps_vp9,cutting_orange_tuil@display=center_crop_720p
15000kbps_2160p_59_94fps_vp9,15000kbps_2160p_59_94fps_vp9,4f832d5a-bd55-4616-a277-a2632893dc1d,7500kbps_2160p_59_94fps_vp9,cutting_orange_tuil@display=center_crop_720p
59720kbps_2160p_60_0fps_hevc,59720kbps_2160p_60_0fps_hevc,8ad89de3-6579-4fcb-9f42-62964d0c1b5d,40974kbps_2160p_60_0fps_h264,Dancers_8s@display=center_crop_720p
59720kbps_2160p_60_0fps_hevc,40974kbps_2160p_60_0fps_h264,8ad89de3-6579-4fcb-9f42-62964d0c1b5d,59720kbps_2160p_60_0fps_hevc,Dancers_8s@display=center_crop_720p
59720kbps_2160p_60_0fps_hevc,40974kbps_2160p_60_0fps_h264,893cc349-474d-4bac-9d36-7f321479eff9,59720kbps_2160p_60_0fps_hevc,Dancers_8s@display=center_crop_720p
59720kbps_2160p_60_0fps_hevc,40974kbps_2160p_60_0fps_h264,ba0387cc-377b-45a6-8225-86a54c8e77bf,59720kbps_2160p_60_0fps_hevc,Dancers_8s@display=center_crop_720p
59720kbps_2160p_60_0fps_hevc,40974kbps_2160p_60_0fps_h264,b2f89705-9709-44d6-995f-730575282824,59720kbps_2160p_60_0fps_hevc,Dancers_8s@display=center_crop_720p
59720kbps_2160p_60_0fps_hevc,40974kbps_2160p_60_0fps_h264,e0adaaa5-1f9d-4cb1-838d-782103297163,59720kbps_2160p_60_0fps_hevc,Dancers_8s@display=center_crop_720p
59720kbps_2160p_60_0fps_hevc,59720kbps_2160p_60_0fps_hevc,1a58b274-8bac-44b3-9cbc-75790a91e28c,40974kbps_2160p_60_0fps_h264,Dancers_8s@display=center_crop_720p
59720kbps_2160p_60_0fps_hevc,59720kbps_2160p_60_0fps_hevc,c6c7340e-5a8e-45d8-b2f9-2c2635477303,40974kbps_2160p_60_0fps_h264,Dancers_8s@display=center_crop_720p
59720kbps_2160p_60_0fps_hevc,59720kbps_2160p_60_0fps_hevc,ca0b6ada-b677-448c-848a-adbd7a537aab,40974kbps_2160p_60_0fps_h264,Dancers_8s@display=center_crop_720p
59720kbps_2160p_60_0fps_hevc,40974kbps_2160p_60_0fps_h264,afd72cf7-ca0d-4bba-8bf1-909cb9b56e88,59720kbps_2160p_60_0fps_hevc,Dancers_8s@display=center_crop_720p
,15000kbps_2160p_60_0fps_h264,8ad89de3-6579-4fcb-9f42-62964d0c1b5d,7500kbps_2160p_60_0fps_hevc,bigbuck_bunny_8bit@display=center_crop_720p
,7500kbps_2160p_60_0fps_hevc,34bc48f6-c844-4c91-b4e3-1dcab0636197,15000kbps_2160p_60_0fps_h264,bigbuck_bunny_8bit@display=center_crop_720p
,7500kbps_2160p_60_0fps_hevc,daaf86ce-b78b-4b0f-b2d9-01df218aa413,15000kbps_2160p_60_0fps_h264,bigbuck_bunny_8bit@display=center_crop_720p
7500kbps_2160p_60_0fps_hevc,7500kbps_2160p_60_0fps_hevc,9bfea419-4719-49c5-be69-40159185820d,15000kbps_2160p_60_0fps_h264,bigbuck_bunny_8bit@display=center_crop_720p
15000kbps_2160p_60_0fps_h264,15000kbps_2160p_60_0fps_h264,c99f336d-2089-4274-95ce-cd1865a9787c,7500kbps_2160p_60_0fps_hevc,bigbuck_bunny_8bit@display=center_crop_720p
15000kbps_2160p_60_0fps_h264,15000kbps_2160p_60_0fps_h264,4df8c1ce-9609-448d-b864-e09cd6da4d87,7500kbps_2160p_60_0fps_hevc,bigbuck_bunny_8bit@display=center_crop_720p
15000kbps_2160p_60_0fps_h264,15000kbps_2160p_60_0fps_h264,ae45c31e-3d1e-4962-a836-840eeca23682,7500kbps_2160p_60_0fps_hevc,bigbuck_bunny_8bit@display=center_crop_720p
15000kbps_2160p_60_0fps_h264,15000kbps_2160p_60_0fps_h264,ae45c31e-3d1e-4962-a836-840eeca23682,7500kbps_2160p_60_0fps_hevc,bigbuck_bunny_8bit@display=center_crop_720p
7500kbps_2160p_60_0fps_hevc,15000kbps_2160p_60_0fps_h264,7f06f2cf-9d5d-47db-b8d6-04608268bdd8,7500kbps_2160p_60_0fps_hevc,bigbuck_bunny_8bit@display=center_crop_720p
15000kbps_2160p_60_0fps_h264,15000kbps_2160p_60_0fps_h264,ca0b6ada-b677-448c-848a-adbd7a537aab,7500kbps_2160p_60_0fps_hevc,bigbuck_bunny_8bit@display=center_crop_720p
,15000kbps_2160p_60_0fps_hevc,8ad89de3-6579-4fcb-9f42-62964d0c1b5d,40000kbps_2160p_60_0fps_vp9,bigbuck_bunny_8bit@display=center_crop_720p
40000kbps_2160p_60_0fps_vp9,15000kbps_2160p_60_0fps_hevc,89e87a67-9f89-4d9d-bbd9-17cd9d613671,40000kbps_2160p_60_0fps_vp9,bigbuck_bunny_8bit@display=center_crop_720p
,40000kbps_2160p_60_0fps_vp9,fb7f664d-92a4-47c9-9207-2dab88f6ed8a,15000kbps_2160p_60_0fps_hevc,bigbuck_bunny_8bit@display=center_crop_720p
,15000kbps_2160p_60_0fps_hevc,51e29e96-e38f-429c-bfab-bf96cbdcd61f,40000kbps_2160p_60_0fps_vp9,bigbuck_bunny_8bit@display=center_crop_720p
40000kbps_2160p_60_0fps_vp9,15000kbps_2160p_60_0fps_hevc,a85f27d4-3f01-4e48-9732-a2f1f86e2f8a,40000kbps_2160p_60_0fps_vp9,bigbuck_bunny_8bit@display=center_crop_720p
15000kbps_2160p_60_0fps_hevc,40000kbps_2160p_60_0fps_vp9,75e596f0-e437-48b5-9d57-03b88a506f79,15000kbps_2160p_60_0fps_hevc,bigbuck_bunny_8bit@display=center_crop_720p
,40000kbps_2160p_60_0fps_vp9,1e0b9fa9-bdce-4013-a041-56771e0a8f5d,15000kbps_2160p_60_0fps_hevc,bigbuck_bunny_8bit@display=center_crop_720p
40000kbps_2160p_60_0fps_vp9,15000kbps_2160p_60_0fps_hevc,54ff783c-43c7-4c8b-9c7a-eff5f73d662d,40000kbps_2160p_60_0fps_vp9,bigbuck_bunny_8bit@display=center_crop_720p
,15000kbps_2160p_60_0fps_hevc,78035481-fe21-457c-b86d-dfbc7c4c368d,40000kbps_2160p_60_0fps_vp9,bigbuck_bunny_8bit@display=center_crop_720p
,15000kbps_2160p_60_0fps_hevc,f79ea36f-a935-4d76-b4ff-960b05924dcd,40000kbps_2160p_60_0fps_vp9,bigbuck_bunny_8bit@display=center_crop_720p
7500kbps_2160p_59_94fps_vp9,7500kbps_2160p_59_94fps_vp9,c6ce66ef-7872-4e66-83ab-5d75441dd888,7500kbps_2160p_59_94fps_hevc,cutting_orange_tuil@display=center_crop_720p
7500kbps_2160p_59_94fps_vp9,7500kbps_2160p_59_94fps_vp9,c6ce66ef-7872-4e66-83ab-5d75441dd888,7500kbps_2160p_59_94fps_hevc,cutting_orange_tuil@display=center_crop_720p
,7500kbps_2160p_59_94fps_hevc,fb267fbe-2773-414c-b61c-b69f42b58762,7500kbps_2160p_59_94fps_vp9,cutting_orange_tuil@display=center_crop_720p
7500kbps_2160p_59_94fps_vp9,7500kbps_2160p_59_94fps_vp9,78035481-fe21-457c-b86d-dfbc7c4c368d,7500kbps_2160p_59_94fps_hevc,cutting_orange_tuil@display=center_crop_720p
7500kbps_2160p_59_94fps_vp9,7500kbps_2160p_59_94fps_vp9,cfe7f1d6-4a45-4bbf-9396-de92c79e6c63,7500kbps_2160p_59_94fps_hevc,cutting_orange_tuil@display=center_crop_720p
,7500kbps_2160p_59_94fps_vp9,dfd6da40-bceb-4416-bdc1-f638a4940ac5,7500kbps_2160p_59_94fps_hevc,cutting_orange_tuil@display=center_crop_720p
,7500kbps_2160p_59_94fps_hevc,743488ab-4387-40b6-8dd7-89cacd9486e9,7500kbps_2160p_59_94fps_vp9,cutting_orange_tuil@display=center_crop_720p
,7500kbps_2160p_59_94fps_hevc,74d5e5ae-6320-403e-8130-8f81d73cd2cb,7500kbps_2160p_59_94fps_vp9,cutting_orange_tuil@display=center_crop_720p
7500kbps_2160p_59_94fps_vp9,7500kbps_2160p_59_94fps_hevc,1d2d9791-4db4-4b0d-9f5b-b7ac57248c04,7500kbps_2160p_59_94fps_vp9,cutting_orange_tuil@display=center_crop_720p
7500kbps_2160p_59_94fps_vp9,7500kbps_2160p_59_94fps_hevc,4f832d5a-bd55-4616-a277-a2632893dc1d,7500kbps_2160p_59_94fps_vp9,cutting_orange_tuil@display=center_crop_720p
7500kbps_2160p_60_0fps_h264,15000kbps_2160p_60_0fps_hevc,7209ecef-2a7a-49e9-bb2b-0b91ef6a7a7a,7500kbps_2160p_60_0fps_h264,bigbuck_bunny_8bit@display=center_crop_720p
,7500kbps_2160p_60_0fps_h264,8019643f-b4b4-4d34-8a45-a28abbcf8aef,15000kbps_2160p_60_0fps_hevc,bigbuck_bunny_8bit@display=center_crop_720p
,15000kbps_2160p_60_0fps_hevc,daaf86ce-b78b-4b0f-b2d9-01df218aa413,7500kbps_2160p_60_0fps_h264,bigbuck_bunny_8bit@display=center_crop_720p
15000kbps_2160p_60_0fps_hevc,7500kbps_2160p_60_0fps_h264,36c181d0-f9a1-4f75-a235-1e4891c6355d,15000kbps_2160p_60_0fps_hevc,bigbuck_bunny_8bit@display=center_crop_720p
,7500kbps_2160p_60_0fps_h264,4794da0a-b39a-449f-9483-63a7c2b3f248,15000kbps_2160p_60_0fps_hevc,bigbuck_bunny_8bit@display=center_crop_720p
15000kbps_2160p_60_0fps_hevc,7500kbps_2160p_60_0fps_h264,a502b0da-a957-40ac-860f-b15da64700df,15000kbps_2160p_60_0fps_hevc,bigbuck_bunny_8bit@display=center_crop_720p
,7500kbps_2160p_60_0fps_h264,15cf1be7-49a5-4b31-abac-f1b73a3145ee,15000kbps_2160p_60_0fps_hevc,bigbuck_bunny_8bit@display=center_crop_720p
15000kbps_2160p_60_0fps_hevc,15000kbps_2160p_60_0fps_hevc,c6ce66ef-7872-4e66-83ab-5d75441dd888,7500kbps_2160p_60_0fps_h264,bigbuck_bunny_8bit@display=center_crop_720p
,7500kbps_2160p_60_0fps_h264,3b3a2aed-9878-4103-8123-069aa9f69bff,15000kbps_2160p_60_0fps_hevc,bigbuck_bunny_8bit@display=center_crop_720p
15000kbps_2160p_60_0fps_hevc,7500kbps_2160p_60_0fps_h264,c6ce66ef-7872-4e66-83ab-5d75441dd888,15000kbps_2160p_60_0fps_hevc,bigbuck_bunny_8bit@display=center_crop_720p
40000kbps_2160p_60_0fps_vp9,40000kbps_2160p_60_0fps_hevc,c6ce66ef-7872-4e66-83ab-5d75441dd888,40000kbps_2160p_60_0fps_vp9,bigbuck_bunny_8bit@display=center_crop_720p
,40000kbps_2160p_60_0fps_vp9,3ca889a7-f214-41ab-bc55-9d53f82436cd,40000kbps_2160p_60_0fps_hevc,bigbuck_bunny_8bit@display=center_crop_720p
,40000kbps_2160p_60_0fps_hevc,74d1c2af-afc2-46b0-8a55-d3ea706a0e09,40000kbps_2160p_60_0fps_vp9,bigbuck_bunny_8bit@display=center_crop_720p
40000kbps_2160p_60_0fps_hevc,40000kbps_2160p_60_0fps_vp9,dd09f622-1026-4a4b-95c2-6ac4366e33bf,40000kbps_2160p_60_0fps_hevc,bigbuck_bunny_8bit@display=center_crop_720p
40000kbps_2160p_60_0fps_hevc,40000kbps_2160p_60_0fps_hevc,7f06f2cf-9d5d-47db-b8d6-04608268bdd8,40000kbps_2160p_60_0fps_vp9,bigbuck_bunny_8bit@display=center_crop_720p
40000kbps_2160p_60_0fps_vp9,40000kbps_2160p_60_0fps_vp9,a7ba017e-55da-48cd-be52-b24f021f0e7f,40000kbps_2160p_60_0fps_hevc,bigbuck_bunny_8bit@display=center_crop_720p
40000kbps_2160p_60_0fps_vp9,40000kbps_2160p_60_0fps_vp9,0f86ed88-2d09-4d41-aa40-de0545f23360,40000kbps_2160p_60_0fps_hevc,bigbuck_bunny_8bit@display=center_crop_720p
,40000kbps_2160p_60_0fps_hevc,7740f956-7828-453f-8936-138ace5e608c,40000kbps_2160p_60_0fps_vp9,bigbuck_bunny_8bit@display=center_crop_720p
,40000kbps_2160p_60_0fps_hevc,46d45e60-3182-42a7-b102-d17e5bc40200,40000kbps_2160p_60_0fps_vp9,bigbuck_bunny_8bit@display=center_crop_720p
40000kbps_2160p_60_0fps_vp9,40000kbps_2160p_60_0fps_hevc,4f832d5a-bd55-4616-a277-a2632893dc1d,40000kbps_2160p_60_0fps_vp9,bigbuck_bunny_8bit@display=center_crop_720p
7500kbps_2160p_60_0fps_hevc,7500kbps_2160p_60_0fps_hevc,c6ce66ef-7872-4e66-83ab-5d75441dd888,7500kbps_2160p_60_0fps_h264,bigbuck_bunny_8bit@display=center_crop_720p
,7500kbps_2160p_60_0fps_hevc,2c15d5b5-80b8-417f-a266-94c9f87ac793,7500kbps_2160p_60_0fps_h264,bigbuck_bunny_8bit@display=center_crop_720p
7500kbps_2160p_60_0fps_hevc,7500kbps_2160p_60_0fps_h264,988b6b80-ffc2-43de-aa0f-9a64267d3b2d,7500kbps_2160p_60_0fps_hevc,bigbuck_bunny_8bit@display=center_crop_720p
7500kbps_2160p_60_0fps_h264,7500kbps_2160p_60_0fps_hevc,dd09f622-1026-4a4b-95c2-6ac4366e33bf,7500kbps_2160p_60_0fps_h264,bigbuck_bunny_8bit@display=center_crop_720p
7500kbps_2160p_60_0fps_hevc,7500kbps_2160p_60_0fps_h264,a8606522-5663-4cbe-8135-ea430251548e,7500kbps_2160p_60_0fps_hevc,bigbuck_bunny_8bit@display=center_crop_720p
7500kbps_2160p_60_0fps_h264,7500kbps_2160p_60_0fps_h264,b1150c1e-fab1-4c1f-b251-5c387398b340,7500kbps_2160p_60_0fps_hevc,bigbuck_bunny_8bit@display=center_crop_720p
7500kbps_2160p_60_0fps_hevc,7500kbps_2160p_60_0fps_h264,b1150c1e-fab1-4c1f-b251-5c387398b340,7500kbps_2160p_60_0fps_hevc,bigbuck_bunny_8bit@display=center_crop_720p
7500kbps_2160p_60_0fps_h264,7500kbps_2160p_60_0fps_h264,beff4b9a-d9d9-47fd-9a5a-957121f0c5c7,7500kbps_2160p_60_0fps_hevc,bigbuck_bunny_8bit@display=center_crop_720p
,7500kbps_2160p_60_0fps_h264,0fb7ad6a-9c5b-48ca-9926-b72c3fd97b2a,7500kbps_2160p_60_0fps_hevc,bigbuck_bunny_8bit@display=center_crop_720p
,7500kbps_2160p_60_0fps_h264,1d2d9791-4db4-4b0d-9f5b-b7ac57248c04,7500kbps_2160p_60_0fps_hevc,bigbuck_bunny_8bit@display=center_crop_720p
15000kbps_2160p_59_94fps_hevc,15000kbps_2160p_59_94fps_hevc,08e4105c-2f07-4aee-9e94-140b8cb7a24c,7500kbps_2160p_59_94fps_hevc,vegetables_tuil@display=center_crop_720p
7500kbps_2160p_59_94fps_hevc,7500kbps_2160p_59_94fps_hevc,08e4105c-2f07-4aee-9e94-140b8cb7a24c,15000kbps_2160p_59_94fps_hevc,vegetables_tuil@display=center_crop_720p
7500kbps_2160p_59_94fps_hevc,7500kbps_2160p_59_94fps_hevc,08e4105c-2f07-4aee-9e94-140b8cb7a24c,15000kbps_2160p_59_94fps_hevc,vegetables_tuil@display=center_crop_720p
15000kbps_2160p_59_94fps_hevc,15000kbps_2160p_59_94fps_hevc,e957b267-7ce1-47fb-9564-cfe27b8b6646,7500kbps_2160p_59_94fps_hevc,vegetables_tuil@display=center_crop_720p
15000kbps_2160p_59_94fps_hevc,7500kbps_2160p_59_94fps_hevc,b1150c1e-fab1-4c1f-b251-5c387398b340,15000kbps_2160p_59_94fps_hevc,vegetables_tuil@display=center_crop_720p
,15000kbps_2160p_59_94fps_hevc,86cf9966-2fc8-4b58-af9c-a8427bb85186,7500kbps_2160p_59_94fps_hevc,vegetables_tuil@display=center_crop_720p
7500kbps_2160p_59_94fps_hevc,7500kbps_2160p_59_94fps_hevc,e2c4da3f-5fda-4a23-851b-0bafcd0106c7,15000kbps_2160p_59_94fps_hevc,vegetables_tuil@display=center_crop_720p
,15000kbps_2160p_59_94fps_hevc,438d29b9-e9b7-45a3-986b-f9c92b6f4d95,7500kbps_2160p_59_94fps_hevc,vegetables_tuil@display=center_crop_720p
,15000kbps_2160p_59_94fps_hevc,a502b0da-a957-40ac-860f-b15da64700df,7500kbps_2160p_59_94fps_hevc,vegetables_tuil@display=center_crop_720p
,7500kbps_2160p_59_94fps_hevc,74d5e5ae-6320-403e-8130-8f81d73cd2cb,15000kbps_2160p_59_94fps_hevc,vegetables_tuil@display=center_crop_720p
40000kbps_2160p_60_0fps_hevc,40000kbps_2160p_60_0fps_hevc,08e4105c-2f07-4aee-9e94-140b8cb7a24c,15000kbps_2160p_60_0fps_hevc,bigbuck_bunny_8bit@display=center_crop_720p
15000kbps_2160p_60_0fps_hevc,15000kbps_2160p_60_0fps_hevc,948440b3-36bc-425f-bc8b-fdc41fbb5a44,40000kbps_2160p_60_0fps_hevc,bigbuck_bunny_8bit@display=center_crop_720p
,15000kbps_2160p_60_0fps_hevc,74d1c2af-afc2-46b0-8a55-d3ea706a0e09,40000kbps_2160p_60_0fps_hevc,bigbuck_bunny_8bit@display=center_crop_720p
40000kbps_2160p_60_0fps_hevc,15000kbps_2160p_60_0fps_hevc,8ebb3f0c-3f39-4c6a-839f-96177a65a978,40000kbps_2160p_60_0fps_hevc,bigbuck_bunny_8bit@display=center_crop_720p
,15000kbps_2160p_60_0fps_hevc,e70750f1-65da-4990-8fb6-3f1d4d7d3541,40000kbps_2160p_60_0fps_hevc,bigbuck_bunny_8bit@display=center_crop_720p
,40000kbps_2160p_60_0fps_hevc,a9aef5a8-89c3-4a7e-a0ba-6865bcad9c08,15000kbps_2160p_60_0fps_hevc,bigbuck_bunny_8bit@display=center_crop_720p
,40000kbps_2160p_60_0fps_hevc,15cf1be7-49a5-4b31-abac-f1b73a3145ee,15000kbps_2160p_60_0fps_hevc,bigbuck_bunny_8bit@display=center_crop_720p
,15000kbps_2160p_60_0fps_hevc,b002868b-0aac-480d-9139-8e807273fe21,40000kbps_2160p_60_0fps_hevc,bigbuck_bunny_8bit@display=center_crop_720p
15000kbps_2160p_60_0fps_hevc,15000kbps_2160p_60_0fps_hevc,a7ba017e-55da-48cd-be52-b24f021f0e7f,40000kbps_2160p_60_0fps_hevc,bigbuck_bunny_8bit@display=center_crop_720p
,15000kbps_2160p_60_0fps_hevc,a7ba017e-55da-48cd-be52-b24f021f0e7f,40000kbps_2160p_60_0fps_hevc,bigbuck_bunny_8bit@display=center_crop_720p
22229kbps_2160p_60_0fps_h264,40974kbps_2160p_60_0fps_h264,c49850c3-7323-4a2a-98c6-1fc2e0acf12c,22229kbps_2160p_60_0fps_h264,Dancers_8s@display=center_crop_720p
22229kbps_2160p_60_0fps_h264,22229kbps_2160p_60_0fps_h264,c49850c3-7323-4a2a-98c6-1fc2e0acf12c,40974kbps_2160p_60_0fps_h264,Dancers_8s@display=center_crop_720p
22229kbps_2160p_60_0fps_h264,22229kbps_2160p_60_0fps_h264,c49850c3-7323-4a2a-98c6-1fc2e0acf12c,40974kbps_2160p_60_0fps_h264,Dancers_8s@display=center_crop_720p
22229kbps_2160p_60_0fps_h264,22229kbps_2160p_60_0fps_h264,988b6b80-ffc2-43de-aa0f-9a64267d3b2d,40974kbps_2160p_60_0fps_h264,Dancers_8s@display=center_crop_720p
22229kbps_2160p_60_0fps_h264,40974kbps_2160p_60_0fps_h264,766cf724-c54a-448d-aba8-31db9f14a3c9,22229kbps_2160p_60_0fps_h264,Dancers_8s@display=center_crop_720p
,40974kbps_2160p_60_0fps_h264,766cf724-c54a-448d-aba8-31db9f14a3c9,22229kbps_2160p_60_0fps_h264,Dancers_8s@display=center_crop_720p
22229kbps_2160p_60_0fps_h264,40974kbps_2160p_60_0fps_h264,3acc4815-f690-4c3c-a93b-17e539e7af4b,22229kbps_2160p_60_0fps_h264,Dancers_8s@display=center_crop_720p
22229kbps_2160p_60_0fps_h264,22229kbps_2160p_60_0fps_h264,3acc4815-f690-4c3c-a93b-17e539e7af4b,40974kbps_2160p_60_0fps_h264,Dancers_8s@display=center_crop_720p
22229kbps_2160p_60_0fps_h264,40974kbps_2160p_60_0fps_h264,3c8ceb97-7ebb-42f7-b865-78735f9061e1,22229kbps_2160p_60_0fps_h264,Dancers_8s@display=center_crop_720p
22229kbps_2160p_60_0fps_h264,40974kbps_2160p_60_0fps_h264,37990ada-86e1-4448-9bd1-a05516904e6b,22229kbps_2160p_60_0fps_h264,Dancers_8s@display=center_crop_720p
15000kbps_2160p_60_0fps_h264,15000kbps_2160p_60_0fps_h264,c49850c3-7323-4a2a-98c6-1fc2e0acf12c,15000kbps_2160p_60_0fps_vp9,bigbuck_bunny_8bit@display=center_crop_720p
,15000kbps_2160p_60_0fps_vp9,c49850c3-7323-4a2a-98c6-1fc2e0acf12c,15000kbps_2160p_60_0fps_h264,bigbuck_bunny_8bit@display=center_crop_720p
15000kbps_2160p_60_0fps_h264,15000kbps_2160p_60_0fps_vp9,7a534954-4fff-4031-a2b6-05a9cbf92f89,15000kbps_2160p_60_0fps_h264,bigbuck_bunny_8bit@display=center_crop_720p
,15000kbps_2160p_60_0fps_vp9,aaf964ce-819e-4c76-9a16-6d23c2d717ba,15000kbps_2160p_60_0fps_h264,bigbuck_bunny_8bit@display=center_crop_720p
15000kbps_2160p_60_0fps_h264,15000kbps_2160p_60_0fps_h264,200ca2a2-54a0-4e55-9512-a6af8138234e,15000kbps_2160p_60_0fps_vp9,bigbuck_bunny_8bit@display=center_crop_720p
,15000kbps_2160p_60_0fps_vp9,51e29e96-e38f-429c-bfab-bf96cbdcd61f,15000kbps_2160p_60_0fps_h264,bigbuck_bunny_8bit@display=center_crop_720p
,15000kbps_2160p_60_0fps_vp9,8cea155c-161f-4e60-9b74-b27c6dc55c81,15000kbps_2160p_60_0fps_h264,bigbuck_bunny_8bit@display=center_crop_720p
15000kbps_2160p_60_0fps_h264,15000kbps_2160p_60_0fps_vp9,a7ba017e-55da-48cd-be52-b24f021f0e7f,15000kbps_2160p_60_0fps_h264,bigbuck_bunny_8bit@display=center_crop_720p
,15000kbps_2160p_60_0fps_h264,a35a2ee2-ddeb-415b-b200-0880cb9d485c,15000kbps_2160p_60_0fps_vp9,bigbuck_bunny_8bit@display=center_crop_720p
,15000kbps_2160p_60_0fps_h264,67cac82e-e60a-4a5b-849f-ff4a58a1b8ec,15000kbps_2160p_60_0fps_vp9,bigbuck_bunny_8bit@display=center_crop_720p
,40000kbps_2160p_60_0fps_hevc,5cbe7084-5969-486b-ae84-b68e31857974,7500kbps_2160p_60_0fps_vp9,bigbuck_bunny_8bit@display=center_crop_720p
7500kbps_2160p_60_0fps_vp9,40000kbps_2160p_60_0fps_hevc,fb6c7720-9e13-4bda-93b9-b82c53a2f9ec,7500kbps_2160p_60_0fps_vp9,bigbuck_bunny_8bit@display=center_crop_720p
,40000kbps_2160p_60_0fps_hevc,ba0387cc-377b-45a6-8225-86a54c8e77bf,7500kbps_2160p_60_0fps_vp9,bigbuck_bunny_8bit@display=center_crop_720p
,7500kbps_2160p_60_0fps_vp9,daaf86ce-b78b-4b0f-b2d9-01df218aa413,40000kbps_2160p_60_0fps_hevc,bigbuck_bunny_8bit@display=center_crop_720p
,40000kbps_2160p_60_0fps_hevc,8019643f-b4b4-4d34-8a45-a28abbcf8aef,7500kbps_2160p_60_0fps_vp9,bigbuck_bunny_8bit@display=center_crop_720p
7500kbps_2160p_60_0fps_vp9,7500kbps_2160p_60_0fps_vp9,4df8c1ce-9609-448d-b864-e09cd6da4d87,40000kbps_2160p_60_0fps_hevc,bigbuck_bunny_8bit@display=center_crop_720p
40000kbps_2160p_60_0fps_hevc,40000kbps_2160p_60_0fps_hevc,72d9bb0c-c247-4367-b884-db4d1deb1646,7500kbps_2160p_60_0fps_vp9,bigbuck_bunny_8bit@display=center_crop_720p
7500kbps_2160p_60_0fps_vp9,40000kbps_2160p_60_0fps_hevc,ecf11ca3-bed9-43d6-b9c5-b886be71c3a4,7500kbps_2160p_60_0fps_vp9,bigbuck_bunny_8bit@display=center_crop_720p
,7500kbps_2160p_60_0fps_vp9,3c8ceb97-7ebb-42f7-b865-78735f9061e1,40000kbps_2160p_60_0fps_hevc,bigbuck_bunny_8bit@display=center_crop_720p
40000kbps_2160p_60_0fps_hevc,7500kbps_2160p_60_0fps_vp9,dfd6da40-bceb-4416-bdc1-f638a4940ac5,40000kbps_2160p_60_0fps_hevc,bigbuck_bunny_8bit@display=center_crop_720p
40000kbps_2160p_60_0fps_h264,40000kbps_2160p_60_0fps_h264,fb7f664d-92a4-47c9-9207-2dab88f6ed8a,40000kbps_2160p_60_0fps_hevc,bigbuck_bunny_8bit@display=center_crop_720p
,40000kbps_2160p_60_0fps_h264,15cf1be7-49a5-4b31-abac-f1b73a3145ee,40000kbps_2160p_60_0fps_hevc,bigbuck_bunny_8bit@display=center_crop_720p
40000kbps_2160p_60_0fps_hevc,40000kbps_2160p_60_0fps_hevc,4738cba8-0d09-4d03-9352-5632bee3d8e4,40000kbps_2160p_60_0fps_h264,bigbuck_bunny_8bit@display=center_crop_720p
40000kbps_2160p_60_0fps_hevc,40000kbps_2160p_60_0fps_h264,5cbe7084-5969-486b-ae84-b68e31857974,40000kbps_2160p_60_0fps_hevc,bigbuck_bunny_8bit@display=center_crop_720p
,40000kbps_2160p_60_0fps_hevc,5cbe7084-5969-486b-ae84-b68e31857974,40000kbps_2160p_60_0fps_h264,bigbuck_bunny_8bit@display=center_crop_720p
40000kbps_2160p_60_0fps_hevc,40000kbps_2160p_60_0fps_hevc,930059bc-9d85-4305-9da6-e7384c2f626d,40000kbps_2160p_60_0fps_h264,bigbuck_bunny_8bit@display=center_crop_720p
40000kbps_2160p_60_0fps_h264,40000kbps_2160p_60_0fps_h264,75e596f0-e437-48b5-9d57-03b88a506f79,40000kbps_2160p_60_0fps_hevc,bigbuck_bunny_8bit@display=center_crop_720p
40000kbps_2160p_60_0fps_h264,40000kbps_2160p_60_0fps_hevc,fb6c7720-9e13-4bda-93b9-b82c53a2f9ec,40000kbps_2160p_60_0fps_h264,bigbuck_bunny_8bit@display=center_crop_720p
40000kbps_2160p_60_0fps_h264,40000kbps_2160p_60_0fps_h264,75e596f0-e437-48b5-9d57-03b88a506f79,40000kbps_2160p_60_0fps_hevc,bigbuck_bunny_8bit@display=center_crop_720p
,40000kbps_2160p_60_0fps_h264,a9132cf2-2408-4996-b7f7-c1f6d2fa7f7d,40000kbps_2160p_60_0fps_hevc,bigbuck_bunny_8bit@display=center_crop_720p
40000kbps_2160p_60_0fps_h264,7500kbps_2160p_60_0fps_hevc,cd514197-164c-4a1b-aff2-ca42ca8c378b,40000kbps_2160p_60_0fps_h264,bigbuck_bunny_8bit@display=center_crop_720p
40000kbps_2160p_60_0fps_h264,40000kbps_2160p_60_0fps_h264,e2c4da3f-5fda-4a23-851b-0bafcd0106c7,7500kbps_2160p_60_0fps_hevc,bigbuck_bunny_8bit@display=center_crop_720p
,7500kbps_2160p_60_0fps_hevc,7e8b3c9e-ed4e-4cd0-904e-0c2144db1008,40000kbps_2160p_60_0fps_h264,bigbuck_bunny_8bit@display=center_crop_720p
40000kbps_2160p_60_0fps_h264,7500kbps_2160p_60_0fps_hevc,ae45c31e-3d1e-4962-a836-840eeca23682,40000kbps_2160p_60_0fps_h264,bigbuck_bunny_8bit@display=center_crop_720p
,40000kbps_2160p_60_0fps_h264,34bc48f6-c844-4c91-b4e3-1dcab0636197,7500kbps_2160p_60_0fps_hevc,bigbuck_bunny_8bit@display=center_crop_720p
,40000kbps_2160p_60_0fps_h264,e0adaaa5-1f9d-4cb1-838d-782103297163,7500kbps_2160p_60_0fps_hevc,bigbuck_bunny_8bit@display=center_crop_720p
7500kbps_2160p_60_0fps_hevc,40000kbps_2160p_60_0fps_h264,948440b3-36bc-425f-bc8b-fdc41fbb5a44,7500kbps_2160p_60_0fps_hevc,bigbuck_bunny_8bit@display=center_crop_720p
,7500kbps_2160p_60_0fps_hevc,948440b3-36bc-425f-bc8b-fdc41fbb5a44,40000kbps_2160p_60_0fps_h264,bigbuck_bunny_8bit@display=center_crop_720p
,7500kbps_2160p_60_0fps_hevc,893cc349-474d-4bac-9d36-7f321479eff9,40000kbps_2160p_60_0fps_h264,bigbuck_bunny_8bit@display=center_crop_720p
,40000kbps_2160p_60_0fps_h264,e0adaaa5-1f9d-4cb1-838d-782103297163,7500kbps_2160p_60_0fps_hevc,bigbuck_bunny_8bit@display=center_crop_720p
,40000kbps_2160p_60_0fps_hevc,893cc349-474d-4bac-9d36-7f321479eff9,15000kbps_2160p_60_0fps_h264,bigbuck_bunny_8bit@display=center_crop_720p
15000kbps_2160p_60_0fps_h264,40000kbps_2160p_60_0fps_hevc,fb6c7720-9e13-4bda-93b9-b82c53a2f9ec,15000kbps_2160p_60_0fps_h264,bigbuck_bunny_8bit@display=center_crop_720p
40000kbps_2160p_60_0fps_hevc,15000kbps_2160p_60_0fps_h264,860a94d4-e689-46d5-8a49-a1142fd97785,40000kbps_2160p_60_0fps_hevc,bigbuck_bunny_8bit@display=center_crop_720p
40000kbps_2160p_60_0fps_hevc,40000kbps_2160p_60_0fps_hevc,860a94d4-e689-46d5-8a49-a1142fd97785,15000kbps_2160p_60_0fps_h264,bigbuck_bunny_8bit@display=center_crop_720p
15000kbps_2160p_60_0fps_h264,15000kbps_2160p_60_0fps_h264,f46cd41c-48e5-4334-8378-2ce27465f19c,40000kbps_2160p_60_0fps_hevc,bigbuck_bunny_8bit@display=center_crop_720p
,15000kbps_2160p_60_0fps_h264,bd097813-7fc3-4301-b939-643d0af728a1,40000kbps_2160p_60_0fps_hevc,bigbuck_bunny_8bit@display=center_crop_720p
,40000kbps_2160p_60_0fps_hevc,bd097813-7fc3-4301-b939-643d0af728a1,15000kbps_2160p_60_0fps_h264,bigbuck_bunny_8bit@display=center_crop_720p
,40000kbps_2160p_60_0fps_hevc,bd097813-7fc3-4301-b939-643d0af728a1,15000kbps_2160p_60_0fps_h264,bigbuck_bunny_8bit@display=center_crop_720p
15000kbps_2160p_60_0fps_h264,15000kbps_2160p_60_0fps_h264,2ea7b247-ca61-4ef8-8310-e4f62b6c9656,40000kbps_2160p_60_0fps_hevc,bigbuck_bunny_8bit@display=center_crop_720p
40000kbps_2160p_60_0fps_hevc,15000kbps_2160p_60_0fps_h264,1d2d9791-4db4-4b0d-9f5b-b7ac57248c04,40000kbps_2160p_60_0fps_hevc,bigbuck_bunny_8bit@display=center_crop_720p
,15000kbps_2160p_60_0fps_vp9,930059bc-9d85-4305-9da6-e7384c2f626d,15000kbps_2160p_60_0fps_hevc,bigbuck_bunny_8bit@display=center_crop_720p
,15000kbps_2160p_60_0fps_hevc,3b3a2aed-9878-4103-8123-069aa9f69bff,15000kbps_2160p_60_0fps_vp9,bigbuck_bunny_8bit@display=center_crop_720p
15000kbps_2160p_60_0fps_hevc,15000kbps_2160p_60_0fps_hevc,09e18e7a-1037-415d-b9ad-451f4c29ae18,15000kbps_2160p_60_0fps_vp9,bigbuck_bunny_8bit@display=center_crop_720p
,15000kbps_2160p_60_0fps_vp9,438d29b9-e9b7-45a3-986b-f9c92b6f4d95,15000kbps_2160p_60_0fps_hevc,bigbuck_bunny_8bit@display=center_crop_720p
,15000kbps_2160p_60_0fps_hevc,893cc349-474d-4bac-9d36-7f321479eff9,15000kbps_2160p_60_0fps_vp9,bigbuck_bunny_8bit@display=center_crop_720p
,15000kbps_2160p_60_0fps_hevc,1f357e72-ff19-440e-8df6-fd3e87cd52bd,15000kbps_2160p_60_0fps_vp9,bigbuck_bunny_8bit@display=center_crop_720p
15000kbps_2160p_60_0fps_hevc,15000kbps_2160p_60_0fps_hevc,fb6c7720-9e13-4bda-93b9-b82c53a2f9ec,15000kbps_2160p_60_0fps_vp9,bigbuck_bunny_8bit@display=center_crop_720p
,15000kbps_2160p_60_0fps_vp9,893cc349-474d-4bac-9d36-7f321479eff9,15000kbps_2160p_60_0fps_hevc,bigbuck_bunny_8bit@display=center_crop_720p
,15000kbps_2160p_60_0fps_vp9,e18eb56d-39ea-408a-b9a3-fc88439e769c,15000kbps_2160p_60_0fps_hevc,bigbuck_bunny_8bit@display=center_crop_720p
15000kbps_2160p_60_0fps_vp9,15000kbps_2160p_60_0fps_hevc,ecf11ca3-bed9-43d6-b9c5-b886be71c3a4,15000kbps_2160p_60_0fps_vp9,bigbuck_bunny_8bit@display=center_crop_720p
,40000kbps_2160p_60_0fps_hevc,4ef67531-8da0-4b5a-b7f5-7633ad221a92,7500kbps_2160p_60_0fps_hevc,bigbuck_bunny_8bit@display=center_crop_720p
7500kbps_2160p_60_0fps_hevc,7500kbps_2160p_60_0fps_hevc,67ec1054-59e7-420c-99bb-1fa0f05bc32b,40000kbps_2160p_60_0fps_hevc,bigbuck_bunny_8bit@display=center_crop_720p
,40000kbps_2160p_60_0fps_hevc,1a58b274-8bac-44b3-9cbc-75790a91e28c,7500kbps_2160p_60_0fps_hevc,bigbuck_bunny_8bit@display=center_crop_720p
,7500kbps_2160p_60_0fps_hevc,8cea155c-161f-4e60-9b74-b27c6dc55c81,40000kbps_2160p_60_0fps_hevc,bigbuck_bunny_8bit@display=center_crop_720p
,7500kbps_2160p_60_0fps_hevc,1f357e72-ff19-440e-8df6-fd3e87cd52bd,40000kbps_2160p_60_0fps_hevc,bigbuck_bunny_8bit@display=center_crop_720p
7500kbps_2160p_60_0fps_hevc,7500kbps_2160p_60_0fps_hevc,79926a79-3d5c-49b0-b064-0f3b43c66b71,40000kbps_2160p_60_0fps_hevc,bigbuck_bunny_8bit@display=center_crop_720p
40000kbps_2160p_60_0fps_hevc,7500kbps_2160p_60_0fps_hevc,79926a79-3d5c-49b0-b064-0f3b43c66b71,40000kbps_2160p_60_0fps_hevc,bigbuck_bunny_8bit@display=center_crop_720p
,40000kbps_2160p_60_0fps_hevc,79926a79-3d5c-49b0-b064-0f3b43c66b71,7500kbps_2160p_60_0fps_hevc,bigbuck_bunny_8bit@display=center_crop_720p
,40000kbps_2160p_60_0fps_hevc,8cea155c-161f-4e60-9b74-b27c6dc55c81,7500kbps_2160p_60_0fps_hevc,bigbuck_bunny_8bit@display=center_crop_720p
40000kbps_2160p_60_0fps_hevc,40000kbps_2160p_60_0fps_hevc,79926a79-3d5c-49b0-b064-0f3b43c66b71,7500kbps_2160p_60_0fps_hevc,bigbuck_bunny_8bit@display=center_crop_720p
,7500kbps_2160p_59_94fps_h264,86cf9966-2fc8-4b58-af9c-a8427bb85186,7500kbps_2160p_59_94fps_vp9,vegetables_tuil@display=center_crop_720p
7500kbps_2160p_59_94fps_h264,7500kbps_2160p_59_94fps_vp9,766cf724-c54a-448d-aba8-31db9f14a3c9,7500kbps_2160p_59_94fps_h264,vegetables_tuil@display=center_crop_720p
7500kbps_2160p_59_94fps_vp9,7500kbps_2160p_59_94fps_vp9,a8606522-5663-4cbe-8135-ea430251548e,7500kbps_2160p_59_94fps_h264,vegetables_tuil@display=center_crop_720p
7500kbps_2160p_59_94fps_vp9,7500kbps_2160p_59_94fps_vp9,ebba95f5-0a39-4272-9b4f-3061c16c43c6,7500kbps_2160p_59_94fps_h264,vegetables_tuil@display=center_crop_720p
7500kbps_2160p_59_94fps_h264,7500kbps_2160p_59_94fps_h264,3f3b24c7-3ace-49f2-9b57-47769682e64c,7500kbps_2160p_59_94fps_vp9,vegetables_tuil@display=center_crop_720p
7500kbps_2160p_59_94fps_vp9,7500kbps_2160p_59_94fps_vp9,86994588-eb03-4e19-ac2f-4759a1298f6c,7500kbps_2160p_59_94fps_h264,vegetables_tuil@display=center_crop_720p
,7500kbps_2160p_59_94fps_vp9,1d2d9791-4db4-4b0d-9f5b-b7ac57248c04,7500kbps_2160p_59_94fps_h264,vegetables_tuil@display=center_crop_720p
7500kbps_2160p_59_94fps_vp9,7500kbps_2160p_59_94fps_vp9,86994588-eb03-4e19-ac2f-4759a1298f6c,7500kbps_2160p_59_94fps_h264,vegetables_tuil@display=center_crop_720p
7500kbps_2160p_59_94fps_vp9,7500kbps_2160p_59_94fps_vp9,beff4b9a-d9d9-47fd-9a5a-957121f0c5c7,7500kbps_2160p_59_94fps_h264,vegetables_tuil@display=center_crop_720p
7500kbps_2160p_59_94fps_vp9,7500kbps_2160p_59_94fps_h264,4a881e60-d934-480e-bac4-1f9d14b095c7,7500kbps_2160p_59_94fps_vp9,vegetables_tuil@display=center_crop_720p
40000kbps_2160p_60_0fps_h264,40000kbps_2160p_60_0fps_h264,4a881e60-d934-480e-bac4-1f9d14b095c7,15000kbps_2160p_60_0fps_hevc,bigbuck_bunny_8bit@display=center_crop_720p
40000kbps_2160p_60_0fps_h264,40000kbps_2160p_60_0fps_h264,988b6b80-ffc2-43de-aa0f-9a64267d3b2d,15000kbps_2160p_60_0fps_hevc,bigbuck_bunny_8bit@display=center_crop_720p
40000kbps_2160p_60_0fps_h264,15000kbps_2160p_60_0fps_hevc,988b6b80-ffc2-43de-aa0f-9a64267d3b2d,40000kbps_2160p_60_0fps_h264,bigbuck_bunny_8bit@display=center_crop_720p
,15000kbps_2160p_60_0fps_hevc,72d9bb0c-c247-4367-b884-db4d1deb1646,40000kbps_2160p_60_0fps_h264,bigbuck_bunny_8bit@display=center_crop_720p
40000kbps_2160p_60_0fps_h264,15000kbps_2160p_60_0fps_hevc,27e233db-5084-42c3-98ec-709c8e196a26,40000kbps_2160p_60_0fps_h264,bigbuck_bunny_8bit@display=center_crop_720p
40000kbps_2160p_60_0fps_h264,40000kbps_2160p_60_0fps_h264,ecf11ca3-bed9-43d6-b9c5-b886be71c3a4,15000kbps_2160p_60_0fps_hevc,bigbuck_bunny_8bit@display=center_crop_720p
40000kbps_2160p_60_0fps_h264,15000kbps_2160p_60_0fps_hevc,1769563f-5b2e-49e3-9a5e-aa665fdb664e,40000kbps_2160p_60_0fps_h264,bigbuck_bunny_8bit@display=center_crop_720p
40000kbps_2160p_60_0fps_h264,40000kbps_2160p_60_0fps_h264,7209ecef-2a7a-49e9-bb2b-0b91ef6a7a7a,15000kbps_2160p_60_0fps_hevc,bigbuck_bunny_8bit@display=center_crop_720p
15000kbps_2160p_60_0fps_hevc,15000kbps_2160p_60_0fps_hevc,bd70f9a3-69aa-492e-92fe-e1ba35387699,40000kbps_2160p_60_0fps_h264,bigbuck_bunny_8bit@display=center_crop_720p
15000kbps_2160p_60_0fps_hevc,15000kbps_2160p_60_0fps_hevc,afd72cf7-ca0d-4bba-8bf1-909cb9b56e88,40000kbps_2160p_60_0fps_h264,bigbuck_bunny_8bit@display=center_crop_720p
40000kbps_2160p_59_94fps_vp9,40000kbps_2160p_59_94fps_vp9,ebba95f5-0a39-4272-9b4f-3061c16c43c6,40000kbps_2160p_59_94fps_h264,cutting_orange_tuil@display=center_crop_720p
40000kbps_2160p_59_94fps_h264,40000kbps_2160p_59_94fps_h264,4a881e60-d934-480e-bac4-1f9d14b095c7,40000kbps_2160p_59_94fps_vp9,cutting_orange_tuil@display=center_crop_720p
40000kbps_2160p_59_94fps_h264,40000kbps_2160p_59_94fps_h264,86994588-eb03-4e19-ac2f-4759a1298f6c,40000kbps_2160p_59_94fps_vp9,cutting_orange_tuil@display=center_crop_720p
,40000kbps_2160p_59_94fps_vp9,ebba95f5-0a39-4272-9b4f-3061c16c43c6,40000kbps_2160p_59_94fps_h264,cutting_orange_tuil@display=center_crop_720p
,40000kbps_2160p_59_94fps_h264,ebba95f5-0a39-4272-9b4f-3061c16c43c6,40000kbps_2160p_59_94fps_vp9,cutting_orange_tuil@display=center_crop_720p
40000kbps_2160p_59_94fps_vp9,40000kbps_2160p_59_94fps_vp9,8cea155c-161f-4e60-9b74-b27c6dc55c81,40000kbps_2160p_59_94fps_h264,cutting_orange_tuil@display=center_crop_720p
,40000kbps_2160p_59_94fps_h264,78035481-fe21-457c-b86d-dfbc7c4c368d,40000kbps_2160p_59_94fps_vp9,cutting_orange_tuil@display=center_crop_720p
40000kbps_2160p_59_94fps_h264,40000kbps_2160p_59_94fps_vp9,86994588-eb03-4e19-ac2f-4759a1298f6c,40000kbps_2160p_59_94fps_h264,cutting_orange_tuil@display=center_crop_720p
40000kbps_2160p_59_94fps_h264,40000kbps_2160p_59_94fps_h264,86994588-eb03-4e19-ac2f-4759a1298f6c,40000kbps_2160p_59_94fps_vp9,cutting_orange_tuil@display=center_crop_720p
40000kbps_2160p_59_94fps_vp9,40000kbps_2160p_59_94fps_vp9,ebba95f5-0a39-4272-9b4f-3061c16c43c6,40000kbps_2160p_59_94fps_h264,cutting_orange_tuil@display=center_crop_720p
15000kbps_2160p_60_0fps_vp9,7500kbps_2160p_60_0fps_hevc,4a881e60-d934-480e-bac4-1f9d14b095c7,15000kbps_2160p_60_0fps_vp9,bigbuck_bunny_8bit@display=center_crop_720p
,15000kbps_2160p_60_0fps_vp9,86994588-eb03-4e19-ac2f-4759a1298f6c,7500kbps_2160p_60_0fps_hevc,bigbuck_bunny_8bit@display=center_crop_720p
15000kbps_2160p_60_0fps_vp9,15000kbps_2160p_60_0fps_vp9,3f3b24c7-3ace-49f2-9b57-47769682e64c,7500kbps_2160p_60_0fps_hevc,bigbuck_bunny_8bit@display=center_crop_720p
,7500kbps_2160p_60_0fps_hevc,51e29e96-e38f-429c-bfab-bf96cbdcd61f,15000kbps_2160p_60_0fps_vp9,bigbuck_bunny_8bit@display=center_crop_720p
,15000kbps_2160p_60_0fps_vp9,51e29e96-e38f-429c-bfab-bf96cbdcd61f,7500kbps_2160p_60_0fps_hevc,bigbuck_bunny_8bit@display=center_crop_720p
,15000kbps_2160p_60_0fps_vp9,e70750f1-65da-4990-8fb6-3f1d4d7d3541,7500kbps_2160p_60_0fps_hevc,bigbuck_bunny_8bit@display=center_crop_720p
15000kbps_2160p_60_0fps_vp9,7500kbps_2160p_60_0fps_hevc,a85f27d4-3f01-4e48-9732-a2f1f86e2f8a,15000kbps_2160p_60_0fps_vp9,bigbuck_bunny_8bit@display=center_crop_720p
7500kbps_2160p_60_0fps_hevc,7500kbps_2160p_60_0fps_hevc,438d29b9-e9b7-45a3-986b-f9c92b6f4d95,15000kbps_2160p_60_0fps_vp9,bigbuck_bunny_8bit@display=center_crop_720p
15000kbps_2160p_60_0fps_vp9,7500kbps_2160p_60_0fps_hevc,cd514197-164c-4a1b-aff2-ca42ca8c378b,15000kbps_2160p_60_0fps_vp9,bigbuck_bunny_8bit@display=center_crop_720p
,7500kbps_2160p_60_0fps_hevc,743488ab-4387-40b6-8dd7-89cacd9486e9,15000kbps_2160p_60_0fps_vp9,bigbuck_bunny_8bit@display=center_crop_720p
15000kbps_2160p_60_0fps_hevc,15000kbps_2160p_60_0fps_hevc,3f3b24c7-3ace-49f2-9b57-47769682e64c,7500kbps_2160p_60_0fps_vp9,bigbuck_bunny_8bit@display=center_crop_720p
7500kbps_2160p_60_0fps_vp9,7500kbps_2160p_60_0fps_vp9,19247917-dc22-416c-a41d-be236ec8205a,15000kbps_2160p_60_0fps_hevc,bigbuck_bunny_8bit@display=center_crop_720p
7500kbps_2160p_60_0fps_vp9,15000kbps_2160p_60_0fps_hevc,86994588-eb03-4e19-ac2f-4759a1298f6c,7500kbps_2160p_60_0fps_vp9,bigbuck_bunny_8bit@display=center_crop_720p
15000kbps_2160p_60_0fps_hevc,15000kbps_2160p_60_0fps_hevc,ebba95f5-0a39-4272-9b4f-3061c16c43c6,7500kbps_2160p_60_0fps_vp9,bigbuck_bunny_8bit@display=center_crop_720p
15000kbps_2160p_60_0fps_hevc,7500kbps_2160p_60_0fps_vp9,ebba95f5-0a39-4272-9b4f-3061c16c43c6,15000kbps_2160p_60_0fps_hevc,bigbuck_bunny_8bit@display=center_crop_720p
15000kbps_2160p_60_0fps_hevc,15000kbps_2160p_60_0fps_hevc,c99f336d-2089-4274-95ce-cd1865a9787c,7500kbps_2160p_60_0fps_vp9,bigbuck_bunny_8bit@display=center_crop_720p
15000kbps_2160p_60_0fps_hevc,7500kbps_2160p_60_0fps_vp9,86994588-eb03-4e19-ac2f-4759a1298f6c,15000kbps_2160p_60_0fps_hevc,bigbuck_bunny_8bit@display=center_crop_720p
,7500kbps_2160p_60_0fps_vp9,3f3b24c7-3ace-49f2-9b57-47769682e64c,15000kbps_2160p_60_0fps_hevc,bigbuck_bunny_8bit@display=center_crop_720p
,7500kbps_2160p_60_0fps_vp9,39da6bfe-8e4d-4f5c-a80e-f74e3bfa62a5,15000kbps_2160p_60_0fps_hevc,bigbuck_bunny_8bit@display=center_crop_720p
,15000kbps_2160p_60_0fps_hevc,743488ab-4387-40b6-8dd7-89cacd9486e9,7500kbps_2160p_60_0fps_vp9,bigbuck_bunny_8bit@display=center_crop_720p
,3484kbps_2160p_60_0fps_hevc,4a881e60-d934-480e-bac4-1f9d14b095c7,22229kbps_2160p_60_0fps_h264,Dancers_8s@display=center_crop_720p
3484kbps_2160p_60_0fps_hevc,22229kbps_2160p_60_0fps_h264,86994588-eb03-4e19-ac2f-4759a1298f6c,3484kbps_2160p_60_0fps_hevc,Dancers_8s@display=center_crop_720p
22229kbps_2160p_60_0fps_h264,3484kbps_2160p_60_0fps_hevc,86994588-eb03-4e19-ac2f-4759a1298f6c,22229kbps_2160p_60_0fps_h264,Dancers_8s@display=center_crop_720p
22229kbps_2160p_60_0fps_h264,22229kbps_2160p_60_0fps_h264,ebba95f5-0a39-4272-9b4f-3061c16c43c6,3484kbps_2160p_60_0fps_hevc,Dancers_8s@display=center_crop_720p
22229kbps_2160p_60_0fps_h264,22229kbps_2160p_60_0fps_h264,d0c36760-0f38-4c88-a492-4bb9b3bc2167,3484kbps_2160p_60_0fps_hevc,Dancers_8s@display=center_crop_720p
22229kbps_2160p_60_0fps_h264,3484kbps_2160p_60_0fps_hevc,4555a7b7-7597-4602-8e40-fabb41dd856d,22229kbps_2160p_60_0fps_h264,Dancers_8s@display=center_crop_720p
22229kbps_2160p_60_0fps_h264,22229kbps_2160p_60_0fps_h264,4df8c1ce-9609-448d-b864-e09cd6da4d87,3484kbps_2160p_60_0fps_hevc,Dancers_8s@display=center_crop_720p
22229kbps_2160p_60_0fps_h264,3484kbps_2160p_60_0fps_hevc,fb267fbe-2773-414c-b61c-b69f42b58762,22229kbps_2160p_60_0fps_h264,Dancers_8s@display=center_crop_720p
22229kbps_2160p_60_0fps_h264,22229kbps_2160p_60_0fps_h264,ec308828-64d7-4599-9a85-e1f421a78f09,3484kbps_2160p_60_0fps_hevc,Dancers_8s@display=center_crop_720p
3484kbps_2160p_60_0fps_hevc,22229kbps_2160p_60_0fps_h264,4f832d5a-bd55-4616-a277-a2632893dc1d,3484kbps_2160p_60_0fps_hevc,Dancers_8s@display=center_crop_720p
,7500kbps_2160p_60_0fps_vp9,b2f89705-9709-44d6-995f-730575282824,7500kbps_2160p_60_0fps_hevc,bigbuck_bunny_8bit@display=center_crop_720p
7500kbps_2160p_60_0fps_hevc,7500kbps_2160p_60_0fps_hevc,2ea7b247-ca61-4ef8-8310-e4f62b6c9656,7500kbps_2160p_60_0fps_vp9,bigbuck_bunny_8bit@display=center_crop_720p
7500kbps_2160p_60_0fps_vp9,7500kbps_2160p_60_0fps_vp9,988b6b80-ffc2-43de-aa0f-9a64267d3b2d,7500kbps_2160p_60_0fps_hevc,bigbuck_bunny_8bit@display=center_crop_720p
7500kbps_2160p_60_0fps_vp9,7500kbps_2160p_60_0fps_hevc,0f86ed88-2d09-4d41-aa40-de0545f23360,7500kbps_2160p_60_0fps_vp9,bigbuck_bunny_8bit@display=center_crop_720p
7500kbps_2160p_60_0fps_vp9,7500kbps_2160p_60_0fps_vp9,2ea7b247-ca61-4ef8-8310-e4f62b6c9656,7500kbps_2160p_60_0fps_hevc,bigbuck_bunny_8bit@display=center_crop_720p
,7500kbps_2160p_60_0fps_hevc,3ca889a7-f214-41ab-bc55-9d53f82436cd,7500kbps_2160p_60_0fps_vp9,bigbuck_bunny_8bit@display=center_crop_720p
7500kbps_2160p_60_0fps_hevc,7500kbps_2160p_60_0fps_vp9,37990ada-86e1-4448-9bd1-a05516904e6b,7500kbps_2160p_60_0fps_hevc,bigbuck_bunny_8bit@display=center_crop_720p
7500kbps_2160p_60_0fps_vp9,7500kbps_2160p_60_0fps_vp9,2c15d5b5-80b8-417f-a266-94c9f87ac793,7500kbps_2160p_60_0fps_hevc,bigbuck_bunny_8bit@display=center_crop_720p
,7500kbps_2160p_60_0fps_hevc,2c15d5b5-80b8-417f-a266-94c9f87ac793,7500kbps_2160p_60_0fps_vp9,bigbuck_bunny_8bit@display=center_crop_720p
,7500kbps_2160p_60_0fps_vp9,61b10c11-f67f-4d83-959a-7bcfbea45139,7500kbps_2160p_60_0fps_hevc,bigbuck_bunny_8bit@display=center_crop_720p
,40974kbps_2160p_59_94fps_h264,61b10c11-f67f-4d83-959a-7bcfbea45139,22229kbps_2160p_59_94fps_hevc,cutting_orange_tuil_8s@display=center_crop_720p
40974kbps_2160p_59_94fps_h264,22229kbps_2160p_59_94fps_hevc,67cac82e-e60a-4a5b-849f-ff4a58a1b8ec,40974kbps_2160p_59_94fps_h264,cutting_orange_tuil_8s@display=center_crop_720p
,22229kbps_2160p_59_94fps_hevc,988b6b80-ffc2-43de-aa0f-9a64267d3b2d,40974kbps_2160p_59_94fps_h264,cutting_orange_tuil_8s@display=center_crop_720p
22229kbps_2160p_59_94fps_hevc,40974kbps_2160p_59_94fps_h264,988b6b80-ffc2-43de-aa0f-9a64267d3b2d,22229kbps_2160p_59_94fps_hevc,cutting_orange_tuil_8s@display=center_crop_720p
22229kbps_2160p_59_94fps_hevc,40974kbps_2160p_59_94fps_h264,2c15d5b5-80b8-417f-a266-94c9f87ac793,22229kbps_2160p_59_94fps_hevc,cutting_orange_tuil_8s@display=center_crop_720p
22229kbps_2160p_59_94fps_hevc,22229kbps_2160p_59_94fps_hevc,3acc4815-f690-4c3c-a93b-17e539e7af4b,40974kbps_2160p_59_94fps_h264,cutting_orange_tuil_8s@display=center_crop_720p
,40974kbps_2160p_59_94fps_h264,ba0387cc-377b-45a6-8225-86a54c8e77bf,22229kbps_2160p_59_94fps_hevc,cutting_orange_tuil_8s@display=center_crop_720p
,22229kbps_2160p_59_94fps_hevc,2c15d5b5-80b8-417f-a266-94c9f87ac793,40974kbps_2160p_59_94fps_h264,cutting_orange_tuil_8s@display=center_crop_720p
40974kbps_2160p_59_94fps_h264,40974kbps_2160p_59_94fps_h264,f46cd41c-48e5-4334-8378-2ce27465f19c,22229kbps_2160p_59_94fps_hevc,cutting_orange_tuil_8s@display=center_crop_720p
,40974kbps_2160p_59_94fps_h264,2c15d5b5-80b8-417f-a266-94c9f87ac793,22229kbps_2160p_59_94fps_hevc,cutting_orange_tuil_8s@display=center_crop_720p
40974kbps_2160p_59_94fps_hevc,3484kbps_2160p_59_94fps_hevc,86994588-eb03-4e19-ac2f-4759a1298f6c,40974kbps_2160p_59_94fps_hevc,water_netflix_8s@display=center_crop_720p
40974kbps_2160p_59_94fps_hevc,40974kbps_2160p_59_94fps_hevc,27e233db-5084-42c3-98ec-709c8e196a26,3484kbps_2160p_59_94fps_hevc,water_netflix_8s@display=center_crop_720p
40974kbps_2160p_59_94fps_hevc,3484kbps_2160p_59_94fps_hevc,ebba95f5-0a39-4272-9b4f-3061c16c43c6,40974kbps_2160p_59_94fps_hevc,water_netflix_8s@display=center_crop_720p
40974kbps_2160p_59_94fps_hevc,40974kbps_2160p_59_94fps_hevc,8019643f-b4b4-4d34-8a45-a28abbcf8aef,3484kbps_2160p_59_94fps_hevc,water_netflix_8s@display=center_crop_720p
40974kbps_2160p_59_94fps_hevc,3484kbps_2160p_59_94fps_hevc,81c88a9d-cc8f-4851-9e78-8320e03d2180,40974kbps_2160p_59_94fps_hevc,water_netflix_8s@display=center_crop_720p
40974kbps_2160p_59_94fps_hevc,40974kbps_2160p_59_94fps_hevc,36c181d0-f9a1-4f75-a235-1e4891c6355d,3484kbps_2160p_59_94fps_hevc,water_netflix_8s@display=center_crop_720p
40974kbps_2160p_59_94fps_hevc,3484kbps_2160p_59_94fps_hevc,3f3b24c7-3ace-49f2-9b57-47769682e64c,40974kbps_2160p_59_94fps_hevc,water_netflix_8s@display=center_crop_720p
40974kbps_2160p_59_94fps_hevc,40974kbps_2160p_59_94fps_hevc,0f86ed88-2d09-4d41-aa40-de0545f23360,3484kbps_2160p_59_94fps_hevc,water_netflix_8s@display=center_crop_720p
40974kbps_2160p_59_94fps_hevc,3484kbps_2160p_59_94fps_hevc,3f3b24c7-3ace-49f2-9b57-47769682e64c,40974kbps_2160p_59_94fps_hevc,water_netflix_8s@display=center_crop_720p
40974kbps_2160p_59_94fps_hevc,40974kbps_2160p_59_94fps_hevc,3f3b24c7-3ace-49f2-9b57-47769682e64c,3484kbps_2160p_59_94fps_hevc,water_netflix_8s@display=center_crop_720p
40000kbps_2160p_59_94fps_vp9,15000kbps_2160p_59_94fps_vp9,988b6b80-ffc2-43de-aa0f-9a64267d3b2d,40000kbps_2160p_59_94fps_vp9,vegetables_tuil@display=center_crop_720p
15000kbps_2160p_59_94fps_vp9,40000kbps_2160p_59_94fps_vp9,ba0387cc-377b-45a6-8225-86a54c8e77bf,15000kbps_2160p_59_94fps_vp9,vegetables_tuil@display=center_crop_720p
15000kbps_2160p_59_94fps_vp9,15000kbps_2160p_59_94fps_vp9,ba0387cc-377b-45a6-8225-86a54c8e77bf,40000kbps_2160p_59_94fps_vp9,vegetables_tuil@display=center_crop_720p
15000kbps_2160p_59_94fps_vp9,40000kbps_2160p_59_94fps_vp9,09e18e7a-1037-415d-b9ad-451f4c29ae18,15000kbps_2160p_59_94fps_vp9,vegetables_tuil@display=center_crop_720p
,15000kbps_2160p_59_94fps_vp9,61b10c11-f67f-4d83-959a-7bcfbea45139,40000kbps_2160p_59_94fps_vp9,vegetables_tuil@display=center_crop_720p
,40000kbps_2160p_59_94fps_vp9,1e5f1b62-657f-4f0b-8ba6-975cd9482d45,15000kbps_2160p_59_94fps_vp9,vegetables_tuil@display=center_crop_720p
,15000kbps_2160p_59_94fps_vp9,1e5f1b62-657f-4f0b-8ba6-975cd9482d45,40000kbps_2160p_59_94fps_vp9,vegetables_tuil@display=center_crop_720p
15000kbps_2160p_59_94fps_vp9,40000kbps_2160p_59_94fps_vp9,466e0b6f-df81-437f-8698-a8b268ef3133,15000kbps_2160p_59_94fps_vp9,vegetables_tuil@display=center_crop_720p
,40000kbps_2160p_59_94fps_vp9,65d93164-9167-4017-b686-d6408294b610,15000kbps_2160p_59_94fps_vp9,vegetables_tuil@display=center_crop_720p
,15000kbps_2160p_59_94fps_vp9,8257a2b4-115d-4a2e-a28e-c0e3549f4a3b,40000kbps_2160p_59_94fps_vp9,vegetables_tuil@display=center_crop_720p
40000kbps_2160p_60_0fps_hevc,15000kbps_2160p_60_0fps_vp9,988b6b80-ffc2-43de-aa0f-9a64267d3b2d,40000kbps_2160p_60_0fps_hevc,bigbuck_bunny_8bit@display=center_crop_720p
,40000kbps_2160p_60_0fps_hevc,ba0387cc-377b-45a6-8225-86a54c8e77bf,15000kbps_2160p_60_0fps_vp9,bigbuck_bunny_8bit@display=center_crop_720p
15000kbps_2160p_60_0fps_vp9,15000kbps_2160p_60_0fps_vp9,09e18e7a-1037-415d-b9ad-451f4c29ae18,40000kbps_2160p_60_0fps_hevc,bigbuck_bunny_8bit@display=center_crop_720p
15000kbps_2160p_60_0fps_vp9,40000kbps_2160p_60_0fps_hevc,fb7f664d-92a4-47c9-9207-2dab88f6ed8a,15000kbps_2160p_60_0fps_vp9,bigbuck_bunny_8bit@display=center_crop_720p
,40000kbps_2160p_60_0fps_hevc,e70750f1-65da-4990-8fb6-3f1d4d7d3541,15000kbps_2160p_60_0fps_vp9,bigbuck_bunny_8bit@display=center_crop_720p
,15000kbps_2160p_60_0fps_vp9,e3299900-e057-461f-ba38-07d225535439,40000kbps_2160p_60_0fps_hevc,bigbuck_bunny_8bit@display=center_crop_720p
40000kbps_2160p_60_0fps_hevc,40000kbps_2160p_60_0fps_hevc,15cf1be7-49a5-4b31-abac-f1b73a3145ee,15000kbps_2160p_60_0fps_vp9,bigbuck_bunny_8bit@display=center_crop_720p
40000kbps_2160p_60_0fps_hevc,40000kbps_2160p_60_0fps_hevc,860a94d4-e689-46d5-8a49-a1142fd97785,15000kbps_2160p_60_0fps_vp9,bigbuck_bunny_8bit@display=center_crop_720p
,15000kbps_2160p_60_0fps_vp9,46d45e60-3182-42a7-b102-d17e5bc40200,40000kbps_2160p_60_0fps_hevc,bigbuck_bunny_8bit@display=center_crop_720p
,40000kbps_2160p_60_0fps_hevc,81c88a9d-cc8f-4851-9e78-8320e03d2180,15000kbps_2160p_60_0fps_vp9,bigbuck_bunny_8bit@display=center_crop_720p
3484kbps_2160p_60_0fps_hevc,3484kbps_2160p_60_0fps_h264,cd514197-164c-4a1b-aff2-ca42ca8c378b,3484kbps_2160p_60_0fps_hevc,Dancers_8s@display=center_crop_720p
3484kbps_2160p_60_0fps_hevc,3484kbps_2160p_60_0fps_hevc,3ca889a7-f214-41ab-bc55-9d53f82436cd,3484kbps_2160p_60_0fps_h264,Dancers_8s@display=center_crop_720p
3484kbps_2160p_60_0fps_hevc,3484kbps_2160p_60_0fps_h264,dd09f622-1026-4a4b-95c2-6ac4366e33bf,3484kbps_2160p_60_0fps_hevc,Dancers_8s@display=center_crop_720p
3484kbps_2160p_60_0fps_hevc,3484kbps_2160p_60_0fps_h264,d0040886-4753-4106-8e9e-9a68d7f9b81c,3484kbps_2160p_60_0fps_hevc,Dancers_8s@display=center_crop_720p
3484kbps_2160p_60_0fps_hevc,3484kbps_2160p_60_0fps_hevc,228a389a-984c-4887-8124-dc6348d10f7b,3484kbps_2160p_60_0fps_h264,Dancers_8s@display=center_crop_720p
3484kbps_2160p_60_0fps_hevc,3484kbps_2160p_60_0fps_h264,8ebb3f0c-3f39-4c6a-839f-96177a65a978,3484kbps_2160p_60_0fps_hevc,Dancers_8s@display=center_crop_720p
,3484kbps_2160p_60_0fps_h264,8ebb3f0c-3f39-4c6a-839f-96177a65a978,3484kbps_2160p_60_0fps_hevc,Dancers_8s@display=center_crop_720p
,3484kbps_2160p_60_0fps_h264,74d1c2af-afc2-46b0-8a55-d3ea706a0e09,3484kbps_2160p_60_0fps_hevc,Dancers_8s@display=center_crop_720p
3484kbps_2160p_60_0fps_hevc,3484kbps_2160p_60_0fps_h264,7209ecef-2a7a-49e9-bb2b-0b91ef6a7a7a,3484kbps_2160p_60_0fps_hevc,Dancers_8s@display=center_crop_720p
3484kbps_2160p_60_0fps_hevc,3484kbps_2160p_60_0fps_h264,a502b0da-a957-40ac-860f-b15da64700df,3484kbps_2160p_60_0fps_hevc,Dancers_8s@display=center_crop_720p
40000kbps_2160p_59_94fps_hevc,15000kbps_2160p_59_94fps_hevc,dd09f622-1026-4a4b-95c2-6ac4366e33bf,40000kbps_2160p_59_94fps_hevc,water_netflix@display=center_crop_720p
40000kbps_2160p_59_94fps_hevc,40000kbps_2160p_59_94fps_hevc,dd09f622-1026-4a4b-95c2-6ac4366e33bf,15000kbps_2160p_59_94fps_hevc,water_netflix@display=center_crop_720p
,15000kbps_2160p_59_94fps_hevc,74d1c2af-afc2-46b0-8a55-d3ea706a0e09,40000kbps_2160p_59_94fps_hevc,water_netflix@display=center_crop_720p
,15000kbps_2160p_59_94fps_hevc,74d1c2af-afc2-46b0-8a55-d3ea706a0e09,40000kbps_2160p_59_94fps_hevc,water_netflix@display=center_crop_720p
40000kbps_2160p_59_94fps_hevc,15000kbps_2160p_59_94fps_hevc,72826188-8025-4e87-b7c2-0879f8ae2022,40000kbps_2160p_59_94fps_hevc,water_netflix@display=center_crop_720p
40000kbps_2160p_59_94fps_hevc,40000kbps_2160p_59_94fps_hevc,a19258eb-cbbd-4ef2-8d41-716d58719dee,15000kbps_2160p_59_94fps_hevc,water_netflix@display=center_crop_720p
40000kbps_2160p_59_94fps_hevc,40000kbps_2160p_59_94fps_hevc,19247917-dc22-416c-a41d-be236ec8205a,15000kbps_2160p_59_94fps_hevc,water_netflix@display=center_crop_720p
40000kbps_2160p_59_94fps_hevc,40000kbps_2160p_59_94fps_hevc,930059bc-9d85-4305-9da6-e7384c2f626d,15000kbps_2160p_59_94fps_hevc,water_netflix@display=center_crop_720p
40000kbps_2160p_59_94fps_hevc,40000kbps_2160p_59_94fps_hevc,a19258eb-cbbd-4ef2-8d41-716d58719dee,15000kbps_2160p_59_94fps_hevc,water_netflix@display=center_crop_720p
40000kbps_2160p_59_94fps_hevc,40000kbps_2160p_59_94fps_hevc,3ca889a7-f214-41ab-bc55-9d53f82436cd,15000kbps_2160p_59_94fps_hevc,water_netflix@display=center_crop_720p
40000kbps_2160p_59_94fps_hevc,7500kbps_2160p_59_94fps_hevc,dd09f622-1026-4a4b-95c2-6ac4366e33bf,40000kbps_2160p_59_94fps_hevc,cutting_orange_tuil@display=center_crop_720p
40000kbps_2160p_59_94fps_hevc,40000kbps_2160p_59_94fps_hevc,8ebb3f0c-3f39-4c6a-839f-96177a65a978,7500kbps_2160p_59_94fps_hevc,cutting_orange_tuil@display=center_crop_720p
,40000kbps_2160p_59_94fps_hevc,015f6620-e573-4ac7-a827-3a46dff55315,7500kbps_2160p_59_94fps_hevc,cutting_orange_tuil@display=center_crop_720p
7500kbps_2160p_59_94fps_hevc,40000kbps_2160p_59_94fps_hevc,dd09f622-1026-4a4b-95c2-6ac4366e33bf,7500kbps_2160p_59_94fps_hevc,cutting_orange_tuil@display=center_crop_720p
,7500kbps_2160p_59_94fps_hevc,39da6bfe-8e4d-4f5c-a80e-f74e3bfa62a5,40000kbps_2160p_59_94fps_hevc,cutting_orange_tuil@display=center_crop_720p
,7500kbps_2160p_59_94fps_hevc,3ca889a7-f214-41ab-bc55-9d53f82436cd,40000kbps_2160p_59_94fps_hevc,cutting_orange_tuil@display=center_crop_720p
7500kbps_2160p_59_94fps_hevc,40000kbps_2160p_59_94fps_hevc,dd09f622-1026-4a4b-95c2-6ac4366e33bf,7500kbps_2160p_59_94fps_hevc,cutting_orange_tuil@display=center_crop_720p
,7500kbps_2160p_59_94fps_hevc,243a5278-51f5-48b6-9ea0-515a2f0d3081,40000kbps_2160p_59_94fps_hevc,cutting_orange_tuil@display=center_crop_720p
40000kbps_2160p_59_94fps_hevc,40000kbps_2160p_59_94fps_hevc,7f06f2cf-9d5d-47db-b8d6-04608268bdd8,7500kbps_2160p_59_94fps_hevc,cutting_orange_tuil@display=center_crop_720p
40000kbps_2160p_59_94fps_hevc,7500kbps_2160p_59_94fps_hevc,a19258eb-cbbd-4ef2-8d41-716d58719dee,40000kbps_2160p_59_94fps_hevc,cutting_orange_tuil@display=center_crop_720p
40000kbps_2160p_60_0fps_h264,7500kbps_2160p_60_0fps_vp9,a19258eb-cbbd-4ef2-8d41-716d58719dee,40000kbps_2160p_60_0fps_h264,bigbuck_bunny_8bit@display=center_crop_720p
,40000kbps_2160p_60_0fps_h264,74d1c2af-afc2-46b0-8a55-d3ea706a0e09,7500kbps_2160p_60_0fps_vp9,bigbuck_bunny_8bit@display=center_crop_720p
,7500kbps_2160p_60_0fps_vp9,74d1c2af-afc2-46b0-8a55-d3ea706a0e09,40000kbps_2160p_60_0fps_h264,bigbuck_bunny_8bit@display=center_crop_720p
40000kbps_2160p_60_0fps_h264,40000kbps_2160p_60_0fps_h264,8ebb3f0c-3f39-4c6a-839f-96177a65a978,7500kbps_2160p_60_0fps_vp9,bigbuck_bunny_8bit@display=center_crop_720p
7500kbps_2160p_60_0fps_vp9,7500kbps_2160p_60_0fps_vp9,860a94d4-e689-46d5-8a49-a1142fd97785,40000kbps_2160p_60_0fps_h264,bigbuck_bunny_8bit@display=center_crop_720p
7500kbps_2160p_60_0fps_vp9,40000kbps_2160p_60_0fps_h264,f46cd41c-48e5-4334-8378-2ce27465f19c,7500kbps_2160p_60_0fps_vp9,bigbuck_bunny_8bit@display=center_crop_720p
,7500kbps_2160p_60_0fps_vp9,ce4f4741-1199-4168-bde2-e3841e3c636c,40000kbps_2160p_60_0fps_h264,bigbuck_bunny_8bit@display=center_crop_720p
,7500kbps_2160p_60_0fps_vp9,ce4f4741-1199-4168-bde2-e3841e3c636c,40000kbps_2160p_60_0fps_h264,bigbuck_bunny_8bit@display=center_crop_720p
,40000kbps_2160p_60_0fps_h264,c21134a7-8ba5-4387-8244-c8165b6ca66e,7500kbps_2160p_60_0fps_vp9,bigbuck_bunny_8bit@display=center_crop_720p
7500kbps_2160p_60_0fps_vp9,7500kbps_2160p_60_0fps_vp9,bd70f9a3-69aa-492e-92fe-e1ba35387699,40000kbps_2160p_60_0fps_h264,bigbuck_bunny_8bit@display=center_crop_720p
,15000kbps_2160p_59_94fps_vp9,8019643f-b4b4-4d34-8a45-a28abbcf8aef,40000kbps_2160p_59_94fps_hevc,vegetables_tuil@display=center_crop_720p
40000kbps_2160p_59_94fps_hevc,40000kbps_2160p_59_94fps_hevc,be228e5c-82f1-4c19-99b9-548ef9baac42,15000kbps_2160p_59_94fps_vp9,vegetables_tuil@display=center_crop_720p
40000kbps_2160p_59_94fps_hevc,15000kbps_2160p_59_94fps_vp9,008b3c18-0773-43fb-8d31-d3c854c17b82,40000kbps_2160p_59_94fps_hevc,vegetables_tuil@display=center_crop_720p
,40000kbps_2160p_59_94fps_hevc,36c181d0-f9a1-4f75-a235-1e4891c6355d,15000kbps_2160p_59_94fps_vp9,vegetables_tuil@display=center_crop_720p
,15000kbps_2160p_59_94fps_vp9,36c181d0-f9a1-4f75-a235-1e4891c6355d,40000kbps_2160p_59_94fps_hevc,vegetables_tuil@display=center_crop_720p
,15000kbps_2160p_59_94fps_vp9,8019643f-b4b4-4d34-8a45-a28abbcf8aef,40000kbps_2160p_59_94fps_hevc,vegetables_tuil@display=center_crop_720p
15000kbps_2160p_59_94fps_vp9,15000kbps_2160p_59_94fps_vp9,008b3c18-0773-43fb-8d31-d3c854c17b82,40000kbps_2160p_59_94fps_hevc,vegetables_tuil@display=center_crop_720p
40000kbps_2160p_59_94fps_hevc,15000kbps_2160p_59_94fps_vp9,9bfea419-4719-49c5-be69-40159185820d,40000kbps_2160p_59_94fps_hevc,vegetables_tuil@display=center_crop_720p
15000kbps_2160p_59_94fps_vp9,40000kbps_2160p_59_94fps_hevc,4794da0a-b39a-449f-9483-63a7c2b3f248,15000kbps_2160p_59_94fps_vp9,vegetables_tuil@display=center_crop_720p
15000kbps_2160p_59_94fps_vp9,40000kbps_2160p_59_94fps_hevc,015f6620-e573-4ac7-a827-3a46dff55315,15000kbps_2160p_59_94fps_vp9,vegetables_tuil@display=center_crop_720p
,15000kbps_2160p_60_0fps_h264,34bc48f6-c844-4c91-b4e3-1dcab0636197,15000kbps_2160p_60_0fps_hevc,bigbuck_bunny_8bit@display=center_crop_720p
,15000kbps_2160p_60_0fps_hevc,34bc48f6-c844-4c91-b4e3-1dcab0636197,15000kbps_2160p_60_0fps_h264,bigbuck_bunny_8bit@display=center_crop_720p
,15000kbps_2160p_60_0fps_hevc,36c181d0-f9a1-4f75-a235-1e4891c6355d,15000kbps_2160p_60_0fps_h264,bigbuck_bunny_8bit@display=center_crop_720p
15000kbps_2160p_60_0fps_h264,15000kbps_2160p_60_0fps_hevc,008b3c18-0773-43fb-8d31-d3c854c17b82,15000kbps_2160p_60_0fps_h264,bigbuck_bunny_8bit@display=center_crop_720p
15000kbps_2160p_60_0fps_h264,15000kbps_2160p_60_0fps_h264,008b3c18-0773-43fb-8d31-d3c854c17b82,15000kbps_2160p_60_0fps_hevc,bigbuck_bunny_8bit@display=center_crop_720p
15000kbps_2160p_60_0fps_hevc,15000kbps_2160p_60_0fps_hevc,4df8c1ce-9609-448d-b864-e09cd6da4d87,15000kbps_2160p_60_0fps_h264,bigbuck_bunny_8bit@display=center_crop_720p
,15000kbps_2160p_60_0fps_h264,a9132cf2-2408-4996-b7f7-c1f6d2fa7f7d,15000kbps_2160p_60_0fps_hevc,bigbuck_bunny_8bit@display=center_crop_720p
,15000kbps_2160p_60_0fps_hevc,78035481-fe21-457c-b86d-dfbc7c4c368d,15000kbps_2160p_60_0fps_h264,bigbuck_bunny_8bit@display=center_crop_720p
,15000kbps_2160p_60_0fps_hevc,74d5e5ae-6320-403e-8130-8f81d73cd2cb,15000kbps_2160p_60_0fps_h264,bigbuck_bunny_8bit@display=center_crop_720p
15000kbps_2160p_60_0fps_h264,15000kbps_2160p_60_0fps_hevc,4f832d5a-bd55-4616-a277-a2632893dc1d,15000kbps_2160p_60_0fps_h264,bigbuck_bunny_8bit@display=center_crop_720p
59720kbps_2160p_60_0fps_hevc,59720kbps_2160p_60_0fps_hevc,8019643f-b4b4-4d34-8a45-a28abbcf8aef,59720kbps_2160p_60_0fps_h264,Dancers_8s@display=center_crop_720p
59720kbps_2160p_60_0fps_hevc,59720kbps_2160p_60_0fps_h264,4df8c1ce-9609-448d-b864-e09cd6da4d87,59720kbps_2160p_60_0fps_hevc,Dancers_8s@display=center_crop_720p
59720kbps_2160p_60_0fps_hevc,59720kbps_2160p_60_0fps_hevc,8019643f-b4b4-4d34-8a45-a28abbcf8aef,59720kbps_2160p_60_0fps_h264,Dancers_8s@display=center_crop_720p
59720kbps_2160p_60_0fps_hevc,59720kbps_2160p_60_0fps_h264,34bc48f6-c844-4c91-b4e3-1dcab0636197,59720kbps_2160p_60_0fps_hevc,Dancers_8s@display=center_crop_720p
59720kbps_2160p_60_0fps_hevc,59720kbps_2160p_60_0fps_hevc,1d2d9791-4db4-4b0d-9f5b-b7ac57248c04,59720kbps_2160p_60_0fps_h264,Dancers_8s@display=center_crop_720p
59720kbps_2160p_60_0fps_hevc,59720kbps_2160p_60_0fps_h264,be228e5c-82f1-4c19-99b9-548ef9baac42,59720kbps_2160p_60_0fps_hevc,Dancers_8s@display=center_crop_720p
59720kbps_2160p_60_0fps_hevc,59720kbps_2160p_60_0fps_h264,9bfea419-4719-49c5-be69-40159185820d,59720kbps_2160p_60_0fps_hevc,Dancers_8s@display=center_crop_720p
59720kbps_2160p_60_0fps_hevc,59720kbps_2160p_60_0fps_h264,27e233db-5084-42c3-98ec-709c8e196a26,59720kbps_2160p_60_0fps_hevc,Dancers_8s@display=center_crop_720p
59720kbps_2160p_60_0fps_hevc,59720kbps_2160p_60_0fps_h264,be228e5c-82f1-4c19-99b9-548ef9baac42,59720kbps_2160p_60_0fps_hevc,Dancers_8s@display=center_crop_720p
59720kbps_2160p_60_0fps_hevc,59720kbps_2160p_60_0fps_hevc,27e233db-5084-42c3-98ec-709c8e196a26,59720kbps_2160p_60_0fps_h264,Dancers_8s@display=center_crop_720p
,15000kbps_2160p_59_94fps_h264,f1d4d12e-0254-4b4a-b175-2e453553ff4d,40000kbps_2160p_59_94fps_h264,water_netflix@display=center_crop_720p
40000kbps_2160p_59_94fps_h264,15000kbps_2160p_59_94fps_h264,0a11d091-b466-4b8f-b1e2-56415f01204f,40000kbps_2160p_59_94fps_h264,water_netflix@display=center_crop_720p
,15000kbps_2160p_59_94fps_h264,34bc48f6-c844-4c91-b4e3-1dcab0636197,40000kbps_2160p_59_94fps_h264,water_netflix@display=center_crop_720p
40000kbps_2160p_59_94fps_h264,40000kbps_2160p_59_94fps_h264,d0c36760-0f38-4c88-a492-4bb9b3bc2167,15000kbps_2160p_59_94fps_h264,water_netflix@display=center_crop_720p
40000kbps_2160p_59_94fps_h264,15000kbps_2160p_59_94fps_h264,743488ab-4387-40b6-8dd7-89cacd9486e9,40000kbps_2160p_59_94fps_h264,water_netflix@display=center_crop_720p
40000kbps_2160p_59_94fps_h264,15000kbps_2160p_59_94fps_h264,cd514197-164c-4a1b-aff2-ca42ca8c378b,40000kbps_2160p_59_94fps_h264,water_netflix@display=center_crop_720p
,40000kbps_2160p_59_94fps_h264,c21134a7-8ba5-4387-8244-c8165b6ca66e,15000kbps_2160p_59_94fps_h264,water_netflix@display=center_crop_720p
40000kbps_2160p_59_94fps_h264,15000kbps_2160p_59_94fps_h264,1215e8a6-42c2-485d-bbee-5c6ca1be2493,40000kbps_2160p_59_94fps_h264,water_netflix@display=center_crop_720p
15000kbps_2160p_59_94fps_h264,40000kbps_2160p_59_94fps_h264,f1d4d12e-0254-4b4a-b175-2e453553ff4d,15000kbps_2160p_59_94fps_h264,water_netflix@display=center_crop_720p
40000kbps_2160p_59_94fps_h264,15000kbps_2160p_59_94fps_h264,0a11d091-b466-4b8f-b1e2-56415f01204f,40000kbps_2160p_59_94fps_h264,water_netflix@display=center_crop_720p
,7500kbps_2160p_59_94fps_vp9,34bc48f6-c844-4c91-b4e3-1dcab0636197,15000kbps_2160p_59_94fps_hevc,vegetables_tuil@display=center_crop_720p
15000kbps_2160p_59_94fps_hevc,15000kbps_2160p_59_94fps_hevc,72826188-8025-4e87-b7c2-0879f8ae2022,7500kbps_2160p_59_94fps_vp9,vegetables_tuil@display=center_crop_720p
,15000kbps_2160p_59_94fps_hevc,d0c36760-0f38-4c88-a492-4bb9b3bc2167,7500kbps_2160p_59_94fps_vp9,vegetables_tuil@display=center_crop_720p
7500kbps_2160p_59_94fps_vp9,15000kbps_2160p_59_94fps_hevc,f1d4d12e-0254-4b4a-b175-2e453553ff4d,7500kbps_2160p_59_94fps_vp9,vegetables_tuil@display=center_crop_720p
7500kbps_2160p_59_94fps_vp9,15000kbps_2160p_59_94fps_hevc,f1d4d12e-0254-4b4a-b175-2e453553ff4d,7500kbps_2160p_59_94fps_vp9,vegetables_tuil@display=center_crop_720p
,15000kbps_2160p_59_94fps_hevc,f1d4d12e-0254-4b4a-b175-2e453553ff4d,7500kbps_2160p_59_94fps_vp9,vegetables_tuil@display=center_crop_720p
,15000kbps_2160p_59_94fps_hevc,f1d4d12e-0254-4b4a-b175-2e453553ff4d,7500kbps_2160p_59_94fps_vp9,vegetables_tuil@display=center_crop_720p
,15000kbps_2160p_59_94fps_hevc,690650c7-9119-497a-9747-ace85cd8f32f,7500kbps_2160p_59_94fps_vp9,vegetables_tuil@display=center_crop_720p
7500kbps_2160p_59_94fps_vp9,15000kbps_2160p_59_94fps_hevc,67cac82e-e60a-4a5b-849f-ff4a58a1b8ec,7500kbps_2160p_59_94fps_vp9,vegetables_tuil@display=center_crop_720p
15000kbps_2160p_59_94fps_hevc,7500kbps_2160p_59_94fps_vp9,ec308828-64d7-4599-9a85-e1f421a78f09,15000kbps_2160p_59_94fps_hevc,vegetables_tuil@display=center_crop_720p
,7500kbps_2160p_59_94fps_hevc,8019643f-b4b4-4d34-8a45-a28abbcf8aef,40000kbps_2160p_59_94fps_vp9,cutting_orange_tuil@display=center_crop_720p
,40000kbps_2160p_59_94fps_vp9,fb267fbe-2773-414c-b61c-b69f42b58762,7500kbps_2160p_59_94fps_hevc,cutting_orange_tuil@display=center_crop_720p
40000kbps_2160p_59_94fps_vp9,7500kbps_2160p_59_94fps_hevc,e0adaaa5-1f9d-4cb1-838d-782103297163,40000kbps_2160p_59_94fps_vp9,cutting_orange_tuil@display=center_crop_720p
,40000kbps_2160p_59_94fps_vp9,34bc48f6-c844-4c91-b4e3-1dcab0636197,7500kbps_2160p_59_94fps_hevc,cutting_orange_tuil@display=center_crop_720p
40000kbps_2160p_59_94fps_vp9,40000kbps_2160p_59_94fps_vp9,a7ba017e-55da-48cd-be52-b24f021f0e7f,7500kbps_2160p_59_94fps_hevc,cutting_orange_tuil@display=center_crop_720p
,7500kbps_2160p_59_94fps_hevc,daaf86ce-b78b-4b0f-b2d9-01df218aa413,40000kbps_2160p_59_94fps_vp9,cutting_orange_tuil@display=center_crop_720p
,40000kbps_2160p_59_94fps_vp9,bd70f9a3-69aa-492e-92fe-e1ba35387699,7500kbps_2160p_59_94fps_hevc,cutting_orange_tuil@display=center_crop_720p
40000kbps_2160p_59_94fps_vp9,40000kbps_2160p_59_94fps_vp9,4794da0a-b39a-449f-9483-63a7c2b3f248,7500kbps_2160p_59_94fps_hevc,cutting_orange_tuil@display=center_crop_720p
,40000kbps_2160p_59_94fps_vp9,fb267fbe-2773-414c-b61c-b69f42b58762,7500kbps_2160p_59_94fps_hevc,cutting_orange_tuil@display=center_crop_720p
,7500kbps_2160p_59_94fps_hevc,4794da0a-b39a-449f-9483-63a7c2b3f248,40000kbps_2160p_59_94fps_vp9,cutting_orange_tuil@display=center_crop_720p
,22229kbps_2160p_59_94fps_h264,a088b6d6-c233-4894-9edb-af752372dc95,22229kbps_2160p_59_94fps_hevc,cutting_orange_tuil_8s@display=center_crop_720p
,22229kbps_2160p_59_94fps_hevc,d748155c-693b-46a4-b752-d85e7b9b6c86,22229kbps_2160p_59_94fps_h264,cutting_orange_tuil_8s@display=center_crop_720p
22229kbps_2160p_59_94fps_hevc,22229kbps_2160p_59_94fps_hevc,8ae4770b-48c9-468a-8b0f-2896d57a3467,22229kbps_2160p_59_94fps_h264,cutting_orange_tuil_8s@display=center_crop_720p
22229kbps_2160p_59_94fps_h264,22229kbps_2160p_59_94fps_h264,8ae4770b-48c9-468a-8b0f-2896d57a3467,22229kbps_2160p_59_94fps_hevc,cutting_orange_tuil_8s@display=center_crop_720p
22229kbps_2160p_59_94fps_hevc,22229kbps_2160p_59_94fps_h264,c717cd44-9530-41e4-b4cf-181f472db916,22229kbps_2160p_59_94fps_hevc,cutting_orange_tuil_8s@display=center_crop_720p
22229kbps_2160p_59_94fps_hevc,22229kbps_2160p_59_94fps_hevc,2ea7b247-ca61-4ef8-8310-e4f62b6c9656,22229kbps_2160p_59_94fps_h264,cutting_orange_tuil_8s@display=center_crop_720p
,22229kbps_2160p_59_94fps_hevc,39da6bfe-8e4d-4f5c-a80e-f74e3bfa62a5,22229kbps_2160p_59_94fps_h264,cutting_orange_tuil_8s@display=center_crop_720p
22229kbps_2160p_59_94fps_hevc,22229kbps_2160p_59_94fps_hevc,a7ba017e-55da-48cd-be52-b24f021f0e7f,22229kbps_2160p_59_94fps_h264,cutting_orange_tuil_8s@display=center_crop_720p
,22229kbps_2160p_59_94fps_hevc,9f78d5de-44ed-4ade-8350-91d15d08660f,22229kbps_2160p_59_94fps_h264,cutting_orange_tuil_8s@display=center_crop_720p
22229kbps_2160p_59_94fps_hevc,22229kbps_2160p_59_94fps_h264,afd72cf7-ca0d-4bba-8bf1-909cb9b56e88,22229kbps_2160p_59_94fps_hevc,cutting_orange_tuil_8s@display=center_crop_720p
59720kbps_2160p_60_0fps_hevc,3484kbps_2160p_60_0fps_h264,a7ba017e-55da-48cd-be52-b24f021f0e7f,59720kbps_2160p_60_0fps_hevc,Dancers_8s@display=center_crop_720p
59720kbps_2160p_60_0fps_hevc,3484kbps_2160p_60_0fps_h264,c717cd44-9530-41e4-b4cf-181f472db916,59720kbps_2160p_60_0fps_hevc,Dancers_8s@display=center_crop_720p
59720kbps_2160p_60_0fps_hevc,3484kbps_2160p_60_0fps_h264,46d45e60-3182-42a7-b102-d17e5bc40200,59720kbps_2160p_60_0fps_hevc,Dancers_8s@display=center_crop_720p
59720kbps_2160p_60_0fps_hevc,59720kbps_2160p_60_0fps_hevc,1f357e72-ff19-440e-8df6-fd3e87cd52bd,3484kbps_2160p_60_0fps_h264,Dancers_8s@display=center_crop_720p
59720kbps_2160p_60_0fps_hevc,59720kbps_2160p_60_0fps_hevc,afd72cf7-ca0d-4bba-8bf1-909cb9b56e88,3484kbps_2160p_60_0fps_h264,Dancers_8s@display=center_crop_720p
59720kbps_2160p_60_0fps_hevc,59720kbps_2160p_60_0fps_hevc,d748155c-693b-46a4-b752-d85e7b9b6c86,3484kbps_2160p_60_0fps_h264,Dancers_8s@display=center_crop_720p
59720kbps_2160p_60_0fps_hevc,3484kbps_2160p_60_0fps_h264,a088b6d6-c233-4894-9edb-af752372dc95,59720kbps_2160p_60_0fps_hevc,Dancers_8s@display=center_crop_720p
,59720kbps_2160p_60_0fps_hevc,bb6cca1f-9042-4f5a-b9c7-4f02a610c3b1,3484kbps_2160p_60_0fps_h264,Dancers_8s@display=center_crop_720p
59720kbps_2160p_60_0fps_hevc,3484kbps_2160p_60_0fps_h264,a088b6d6-c233-4894-9edb-af752372dc95,59720kbps_2160p_60_0fps_hevc,Dancers_8s@display=center_crop_720p
59720kbps_2160p_60_0fps_hevc,3484kbps_2160p_60_0fps_h264,17d8f323-de70-477b-9c54-e55ee1437488,59720kbps_2160p_60_0fps_hevc,Dancers_8s@display=center_crop_720p
40000kbps_2160p_59_94fps_vp9,7500kbps_2160p_59_94fps_h264,a088b6d6-c233-4894-9edb-af752372dc95,40000kbps_2160p_59_94fps_vp9,vegetables_tuil@display=center_crop_720p
,40000kbps_2160p_59_94fps_vp9,a088b6d6-c233-4894-9edb-af752372dc95,7500kbps_2160p_59_94fps_h264,vegetables_tuil@display=center_crop_720p
40000kbps_2160p_59_94fps_vp9,40000kbps_2160p_59_94fps_vp9,d748155c-693b-46a4-b752-d85e7b9b6c86,7500kbps_2160p_59_94fps_h264,vegetables_tuil@display=center_crop_720p
40000kbps_2160p_59_94fps_vp9,40000kbps_2160p_59_94fps_vp9,8ae4770b-48c9-468a-8b0f-2896d57a3467,7500kbps_2160p_59_94fps_h264,vegetables_tuil@display=center_crop_720p
7500kbps_2160p_59_94fps_h264,7500kbps_2160p_59_94fps_h264,8ebb3f0c-3f39-4c6a-839f-96177a65a978,40000kbps_2160p_59_94fps_vp9,vegetables_tuil@display=center_crop_720p
7500kbps_2160p_59_94fps_h264,40000kbps_2160p_59_94fps_vp9,c717cd44-9530-41e4-b4cf-181f472db916,7500kbps_2160p_59_94fps_h264,vegetables_tuil@display=center_crop_720p
,7500kbps_2160p_59_94fps_h264,ec0ce1d3-1f2e-47ae-bab7-b9ad7cebcf35,40000kbps_2160p_59_94fps_vp9,vegetables_tuil@display=center_crop_720p
40000kbps_2160p_59_94fps_vp9,7500kbps_2160p_59_94fps_h264,8442cf6b-8195-4e1d-af14-ca5e95d7ac31,40000kbps_2160p_59_94fps_vp9,vegetables_tuil@display=center_crop_720p
40000kbps_2160p_59_94fps_vp9,7500kbps_2160p_59_94fps_h264,ae45c31e-3d1e-4962-a836-840eeca23682,40000kbps_2160p_59_94fps_vp9,vegetables_tuil@display=center_crop_720p
,40000kbps_2160p_59_94fps_vp9,46d45e60-3182-42a7-b102-d17e5bc40200,7500kbps_2160p_59_94fps_h264,vegetables_tuil@display=center_crop_720p
,15000kbps_2160p_60_0fps_h264,8257a2b4-115d-4a2e-a28e-c0e3549f4a3b,7500kbps_2160p_60_0fps_h264,bigbuck_bunny_8bit@display=center_crop_720p
7500kbps_2160p_60_0fps_h264,15000kbps_2160p_60_0fps_h264,92c90711-64d1-4c94-935d-226159558385,7500kbps_2160p_60_0fps_h264,bigbuck_bunny_8bit@display=center_crop_720p
7500kbps_2160p_60_0fps_h264,7500kbps_2160p_60_0fps_h264,48b6f8e9-5f2c-4276-bbe7-0988ef3b70e4,15000kbps_2160p_60_0fps_h264,bigbuck_bunny_8bit@display=center_crop_720p
,15000kbps_2160p_60_0fps_h264,93ff33f7-c9b8-4878-9204-0028b4046842,7500kbps_2160p_60_0fps_h264,bigbuck_bunny_8bit@display=center_crop_720p
15000kbps_2160p_60_0fps_h264,15000kbps_2160p_60_0fps_h264,93ff33f7-c9b8-4878-9204-0028b4046842,7500kbps_2160p_60_0fps_h264,bigbuck_bunny_8bit@display=center_crop_720p
7500kbps_2160p_60_0fps_h264,7500kbps_2160p_60_0fps_h264,a088b6d6-c233-4894-9edb-af752372dc95,15000kbps_2160p_60_0fps_h264,bigbuck_bunny_8bit@display=center_crop_720p
15000kbps_2160p_60_0fps_h264,7500kbps_2160p_60_0fps_h264,a216d5c0-ae1d-448e-b6ad-8c9fbbbd29d9,15000kbps_2160p_60_0fps_h264,bigbuck_bunny_8bit@display=center_crop_720p
15000kbps_2160p_60_0fps_h264,15000kbps_2160p_60_0fps_h264,1a58b274-8bac-44b3-9cbc-75790a91e28c,7500kbps_2160p_60_0fps_h264,bigbuck_bunny_8bit@display=center_crop_720p
,7500kbps_2160p_60_0fps_h264,93ff33f7-c9b8-4878-9204-0028b4046842,15000kbps_2160p_60_0fps_h264,bigbuck_bunny_8bit@display=center_crop_720p
,7500kbps_2160p_60_0fps_h264,d748155c-693b-46a4-b752-d85e7b9b6c86,15000kbps_2160p_60_0fps_h264,bigbuck_bunny_8bit@display=center_crop_720p
,40000kbps_2160p_60_0fps_h264,d748155c-693b-46a4-b752-d85e7b9b6c86,15000kbps_2160p_60_0fps_vp9,bigbuck_bunny_8bit@display=center_crop_720p
,15000kbps_2160p_60_0fps_vp9,bb6cca1f-9042-4f5a-b9c7-4f02a610c3b1,40000kbps_2160p_60_0fps_h264,bigbuck_bunny_8bit@display=center_crop_720p
15000kbps_2160p_60_0fps_vp9,15000kbps_2160p_60_0fps_vp9,a088b6d6-c233-4894-9edb-af752372dc95,40000kbps_2160p_60_0fps_h264,bigbuck_bunny_8bit@display=center_crop_720p
40000kbps_2160p_60_0fps_h264,15000kbps_2160p_60_0fps_vp9,a088b6d6-c233-4894-9edb-af752372dc95,40000kbps_2160p_60_0fps_h264,bigbuck_bunny_8bit@display=center_crop_720p
15000kbps_2160p_60_0fps_vp9,15000kbps_2160p_60_0fps_vp9,17d8f323-de70-477b-9c54-e55ee1437488,40000kbps_2160p_60_0fps_h264,bigbuck_bunny_8bit@display=center_crop_720p
15000kbps_2160p_60_0fps_vp9,15000kbps_2160p_60_0fps_vp9,0f7571f9-aee0-41fc-85ea-19ea3d296c37,40000kbps_2160p_60_0fps_h264,bigbuck_bunny_8bit@display=center_crop_720p
,40000kbps_2160p_60_0fps_h264,d748155c-693b-46a4-b752-d85e7b9b6c86,15000kbps_2160p_60_0fps_vp9,bigbuck_bunny_8bit@display=center_crop_720p
,40000kbps_2160p_60_0fps_h264,48b6f8e9-5f2c-4276-bbe7-0988ef3b70e4,15000kbps_2160p_60_0fps_vp9,bigbuck_bunny_8bit@display=center_crop_720p
,15000kbps_2160p_60_0fps_vp9,e3299900-e057-461f-ba38-07d225535439,40000kbps_2160p_60_0fps_h264,bigbuck_bunny_8bit@display=center_crop_720p
,15000kbps_2160p_60_0fps_vp9,46d45e60-3182-42a7-b102-d17e5bc40200,40000kbps_2160p_60_0fps_h264,bigbuck_bunny_8bit@display=center_crop_720p
,15000kbps_2160p_59_94fps_h264,a088b6d6-c233-4894-9edb-af752372dc95,15000kbps_2160p_59_94fps_hevc,vegetables_tuil@display=center_crop_720p
15000kbps_2160p_59_94fps_hevc,15000kbps_2160p_59_94fps_h264,0f7571f9-aee0-41fc-85ea-19ea3d296c37,15000kbps_2160p_59_94fps_hevc,vegetables_tuil@display=center_crop_720p
15000kbps_2160p_59_94fps_hevc,15000kbps_2160p_59_94fps_hevc,93ff33f7-c9b8-4878-9204-0028b4046842,15000kbps_2160p_59_94fps_h264,vegetables_tuil@display=center_crop_720p
15000kbps_2160p_59_94fps_hevc,15000kbps_2160p_59_94fps_hevc,48b6f8e9-5f2c-4276-bbe7-0988ef3b70e4,15000kbps_2160p_59_94fps_h264,vegetables_tuil@display=center_crop_720p
,15000kbps_2160p_59_94fps_hevc,48b6f8e9-5f2c-4276-bbe7-0988ef3b70e4,15000kbps_2160p_59_94fps_h264,vegetables_tuil@display=center_crop_720p
15000kbps_2160p_59_94fps_h264,15000kbps_2160p_59_94fps_h264,c717cd44-9530-41e4-b4cf-181f472db916,15000kbps_2160p_59_94fps_hevc,vegetables_tuil@display=center_crop_720p
15000kbps_2160p_59_94fps_h264,15000kbps_2160p_59_94fps_hevc,ce4f4741-1199-4168-bde2-e3841e3c636c,15000kbps_2160p_59_94fps_h264,vegetables_tuil@display=center_crop_720p
15000kbps_2160p_59_94fps_hevc,15000kbps_2160p_59_94fps_hevc,bd097813-7fc3-4301-b939-643d0af728a1,15000kbps_2160p_59_94fps_h264,vegetables_tuil@display=center_crop_720p
15000kbps_2160p_59_94fps_hevc,15000kbps_2160p_59_94fps_hevc,46d45e60-3182-42a7-b102-d17e5bc40200,15000kbps_2160p_59_94fps_h264,vegetables_tuil@display=center_crop_720p
15000kbps_2160p_59_94fps_h264,15000kbps_2160p_59_94fps_h264,ec308828-64d7-4599-9a85-e1f421a78f09,15000kbps_2160p_59_94fps_hevc,vegetables_tuil@display=center_crop_720p
7500kbps_2160p_59_94fps_hevc,7500kbps_2160p_59_94fps_vp9,d748155c-693b-46a4-b752-d85e7b9b6c86,7500kbps_2160p_59_94fps_hevc,vegetables_tuil@display=center_crop_720p
7500kbps_2160p_59_94fps_hevc,7500kbps_2160p_59_94fps_vp9,8ae4770b-48c9-468a-8b0f-2896d57a3467,7500kbps_2160p_59_94fps_hevc,vegetables_tuil@display=center_crop_720p
7500kbps_2160p_59_94fps_vp9,7500kbps_2160p_59_94fps_hevc,8ebb3f0c-3f39-4c6a-839f-96177a65a978,7500kbps_2160p_59_94fps_vp9,vegetables_tuil@display=center_crop_720p
7500kbps_2160p_59_94fps_vp9,7500kbps_2160p_59_94fps_hevc,8ebb3f0c-3f39-4c6a-839f-96177a65a978,7500kbps_2160p_59_94fps_vp9,vegetables_tuil@display=center_crop_720p
7500kbps_2160p_59_94fps_vp9,7500kbps_2160p_59_94fps_vp9,8ebb3f0c-3f39-4c6a-839f-96177a65a978,7500kbps_2160p_59_94fps_hevc,vegetables_tuil@display=center_crop_720p
,7500kbps_2160p_59_94fps_vp9,c717cd44-9530-41e4-b4cf-181f472db916,7500kbps_2160p_59_94fps_hevc,vegetables_tuil@display=center_crop_720p
7500kbps_2160p_59_94fps_hevc,7500kbps_2160p_59_94fps_vp9,9f78d5de-44ed-4ade-8350-91d15d08660f,7500kbps_2160p_59_94fps_hevc,vegetables_tuil@display=center_crop_720p
,7500kbps_2160p_59_94fps_vp9,4ef67531-8da0-4b5a-b7f5-7633ad221a92,7500kbps_2160p_59_94fps_hevc,vegetables_tuil@display=center_crop_720p
7500kbps_2160p_59_94fps_vp9,7500kbps_2160p_59_94fps_vp9,c6c7340e-5a8e-45d8-b2f9-2c2635477303,7500kbps_2160p_59_94fps_hevc,vegetables_tuil@display=center_crop_720p
7500kbps_2160p_59_94fps_vp9,7500kbps_2160p_59_94fps_vp9,29adab82-af7e-40b2-9935-c90b63fb7200,7500kbps_2160p_59_94fps_hevc,vegetables_tuil@display=center_crop_720p
,40000kbps_2160p_60_0fps_h264,d748155c-693b-46a4-b752-d85e7b9b6c86,7500kbps_2160p_60_0fps_h264,bigbuck_bunny_8bit@display=center_crop_720p
40000kbps_2160p_60_0fps_h264,7500kbps_2160p_60_0fps_h264,0f7571f9-aee0-41fc-85ea-19ea3d296c37,40000kbps_2160p_60_0fps_h264,bigbuck_bunny_8bit@display=center_crop_720p
,7500kbps_2160p_60_0fps_h264,48b6f8e9-5f2c-4276-bbe7-0988ef3b70e4,40000kbps_2160p_60_0fps_h264,bigbuck_bunny_8bit@display=center_crop_720p
40000kbps_2160p_60_0fps_h264,40000kbps_2160p_60_0fps_h264,17d8f323-de70-477b-9c54-e55ee1437488,7500kbps_2160p_60_0fps_h264,bigbuck_bunny_8bit@display=center_crop_720p
40000kbps_2160p_60_0fps_h264,40000kbps_2160p_60_0fps_h264,17d8f323-de70-477b-9c54-e55ee1437488,7500kbps_2160p_60_0fps_h264,bigbuck_bunny_8bit@display=center_crop_720p
40000kbps_2160p_60_0fps_h264,7500kbps_2160p_60_0fps_h264,0ef415ae-10b7-4d79-b0cd-ae471a0a1cd0,40000kbps_2160p_60_0fps_h264,bigbuck_bunny_8bit@display=center_crop_720p
40000kbps_2160p_60_0fps_h264,7500kbps_2160p_60_0fps_h264,1e5f1b62-657f-4f0b-8ba6-975cd9482d45,40000kbps_2160p_60_0fps_h264,bigbuck_bunny_8bit@display=center_crop_720p
7500kbps_2160p_60_0fps_h264,40000kbps_2160p_60_0fps_h264,ecf11ca3-bed9-43d6-b9c5-b886be71c3a4,7500kbps_2160p_60_0fps_h264,bigbuck_bunny_8bit@display=center_crop_720p
40000kbps_2160p_60_0fps_h264,40000kbps_2160p_60_0fps_h264,e18eb56d-39ea-408a-b9a3-fc88439e769c,7500kbps_2160p_60_0fps_h264,bigbuck_bunny_8bit@display=center_crop_720p
40000kbps_2160p_60_0fps_h264,40000kbps_2160p_60_0fps_h264,37990ada-86e1-4448-9bd1-a05516904e6b,7500kbps_2160p_60_0fps_h264,bigbuck_bunny_8bit@display=center_crop_720p
40974kbps_2160p_60_0fps_hevc,40974kbps_2160p_60_0fps_hevc,8ae4770b-48c9-468a-8b0f-2896d57a3467,40974kbps_2160p_60_0fps_h264,Dancers_8s@display=center_crop_720p
40974kbps_2160p_60_0fps_hevc,40974kbps_2160p_60_0fps_hevc,8ae4770b-48c9-468a-8b0f-2896d57a3467,40974kbps_2160p_60_0fps_h264,Dancers_8s@display=center_crop_720p
40974kbps_2160p_60_0fps_hevc,40974kbps_2160p_60_0fps_hevc,8ae4770b-48c9-468a-8b0f-2896d57a3467,40974kbps_2160p_60_0fps_h264,Dancers_8s@display=center_crop_720p
40974kbps_2160p_60_0fps_hevc,40974kbps_2160p_60_0fps_h264,93ff33f7-c9b8-4878-9204-0028b4046842,40974kbps_2160p_60_0fps_hevc,Dancers_8s@display=center_crop_720p
40974kbps_2160p_60_0fps_hevc,40974kbps_2160p_60_0fps_h264,c717cd44-9530-41e4-b4cf-181f472db916,40974kbps_2160p_60_0fps_hevc,Dancers_8s@display=center_crop_720p
40974kbps_2160p_60_0fps_hevc,40974kbps_2160p_60_0fps_hevc,860a94d4-e689-46d5-8a49-a1142fd97785,40974kbps_2160p_60_0fps_h264,Dancers_8s@display=center_crop_720p
40974kbps_2160p_60_0fps_hevc,40974kbps_2160p_60_0fps_h264,b002868b-0aac-480d-9139-8e807273fe21,40974kbps_2160p_60_0fps_hevc,Dancers_8s@display=center_crop_720p
40974kbps_2160p_60_0fps_hevc,40974kbps_2160p_60_0fps_h264,3acc4815-f690-4c3c-a93b-17e539e7af4b,40974kbps_2160p_60_0fps_hevc,Dancers_8s@display=center_crop_720p
40974kbps_2160p_60_0fps_hevc,40974kbps_2160p_60_0fps_h264,54ff783c-43c7-4c8b-9c7a-eff5f73d662d,40974kbps_2160p_60_0fps_hevc,Dancers_8s@display=center_crop_720p
40974kbps_2160p_60_0fps_hevc,40974kbps_2160p_60_0fps_h264,d72d9c60-71ce-409e-936a-c6a7c65c2693,40974kbps_2160p_60_0fps_hevc,Dancers_8s@display=center_crop_720p
40974kbps_2160p_59_94fps_h264,40974kbps_2160p_59_94fps_h264,37990ada-86e1-4448-9bd1-a05516904e6b,22229kbps_2160p_59_94fps_h264,water_netflix_8s@display=center_crop_720p
40974kbps_2160p_59_94fps_h264,40974kbps_2160p_59_94fps_h264,702bc811-372b-48b3-9241-d879f08da0ab,22229kbps_2160p_59_94fps_h264,water_netflix_8s@display=center_crop_720p
40974kbps_2160p_59_94fps_h264,22229kbps_2160p_59_94fps_h264,7209ecef-2a7a-49e9-bb2b-0b91ef6a7a7a,40974kbps_2160p_59_94fps_h264,water_netflix_8s@display=center_crop_720p
40974kbps_2160p_59_94fps_h264,40974kbps_2160p_59_94fps_h264,702bc811-372b-48b3-9241-d879f08da0ab,22229kbps_2160p_59_94fps_h264,water_netflix_8s@display=center_crop_720p
40974kbps_2160p_59_94fps_h264,22229kbps_2160p_59_94fps_h264,0f7571f9-aee0-41fc-85ea-19ea3d296c37,40974kbps_2160p_59_94fps_h264,water_netflix_8s@display=center_crop_720p
40974kbps_2160p_59_94fps_h264,22229kbps_2160p_59_94fps_h264,b1150c1e-fab1-4c1f-b251-5c387398b340,40974kbps_2160p_59_94fps_h264,water_netflix_8s@display=center_crop_720p
40974kbps_2160p_59_94fps_h264,22229kbps_2160p_59_94fps_h264,0f7571f9-aee0-41fc-85ea-19ea3d296c37,40974kbps_2160p_59_94fps_h264,water_netflix_8s@display=center_crop_720p
40974kbps_2160p_59_94fps_h264,22229kbps_2160p_59_94fps_h264,0f7571f9-aee0-41fc-85ea-19ea3d296c37,40974kbps_2160p_59_94fps_h264,water_netflix_8s@display=center_crop_720p
40974kbps_2160p_59_94fps_h264,40974kbps_2160p_59_94fps_h264,702bc811-372b-48b3-9241-d879f08da0ab,22229kbps_2160p_59_94fps_h264,water_netflix_8s@display=center_crop_720p
40974kbps_2160p_59_94fps_h264,22229kbps_2160p_59_94fps_h264,17d8f323-de70-477b-9c54-e55ee1437488,40974kbps_2160p_59_94fps_h264,water_netflix_8s@display=center_crop_720p
15000kbps_2160p_59_94fps_vp9,15000kbps_2160p_59_94fps_vp9,9bfea419-4719-49c5-be69-40159185820d,40000kbps_2160p_59_94fps_hevc,water_netflix@display=center_crop_720p
40000kbps_2160p_59_94fps_hevc,40000kbps_2160p_59_94fps_hevc,daaf86ce-b78b-4b0f-b2d9-01df218aa413,15000kbps_2160p_59_94fps_vp9,water_netflix@display=center_crop_720p
,40000kbps_2160p_59_94fps_hevc,daaf86ce-b78b-4b0f-b2d9-01df218aa413,15000kbps_2160p_59_94fps_vp9,water_netflix@display=center_crop_720p
15000kbps_2160p_59_94fps_vp9,40000kbps_2160p_59_94fps_hevc,1d2d9791-4db4-4b0d-9f5b-b7ac57248c04,15000kbps_2160p_59_94fps_vp9,water_netflix@display=center_crop_720p
,40000kbps_2160p_59_94fps_hevc,3b3a2aed-9878-4103-8123-069aa9f69bff,15000kbps_2160p_59_94fps_vp9,water_netflix@display=center_crop_720p
40000kbps_2160p_59_94fps_hevc,40000kbps_2160p_59_94fps_hevc,4df8c1ce-9609-448d-b864-e09cd6da4d87,15000kbps_2160p_59_94fps_vp9,water_netflix@display=center_crop_720p
15000kbps_2160p_59_94fps_vp9,40000kbps_2160p_59_94fps_hevc,be228e5c-82f1-4c19-99b9-548ef9baac42,15000kbps_2160p_59_94fps_vp9,water_netflix@display=center_crop_720p
,40000kbps_2160p_59_94fps_hevc,d72d9c60-71ce-409e-936a-c6a7c65c2693,15000kbps_2160p_59_94fps_vp9,water_netflix@display=center_crop_720p
40000kbps_2160p_59_94fps_hevc,15000kbps_2160p_59_94fps_vp9,29adab82-af7e-40b2-9935-c90b63fb7200,40000kbps_2160p_59_94fps_hevc,water_netflix@display=center_crop_720p
40000kbps_2160p_59_94fps_hevc,40000kbps_2160p_59_94fps_hevc,9bfea419-4719-49c5-be69-40159185820d,15000kbps_2160p_59_94fps_vp9,water_netflix@display=center_crop_720p
22229kbps_2160p_60_0fps_hevc,40974kbps_2160p_60_0fps_hevc,36c181d0-f9a1-4f75-a235-1e4891c6355d,22229kbps_2160p_60_0fps_hevc,Dancers_8s@display=center_crop_720p
40974kbps_2160p_60_0fps_hevc,22229kbps_2160p_60_0fps_hevc,be228e5c-82f1-4c19-99b9-548ef9baac42,40974kbps_2160p_60_0fps_hevc,Dancers_8s@display=center_crop_720p
22229kbps_2160p_60_0fps_hevc,40974kbps_2160p_60_0fps_hevc,be228e5c-82f1-4c19-99b9-548ef9baac42,22229kbps_2160p_60_0fps_hevc,Dancers_8s@display=center_crop_720p
22229kbps_2160p_60_0fps_hevc,22229kbps_2160p_60_0fps_hevc,008b3c18-0773-43fb-8d31-d3c854c17b82,40974kbps_2160p_60_0fps_hevc,Dancers_8s@display=center_crop_720p
40974kbps_2160p_60_0fps_hevc,40974kbps_2160p_60_0fps_hevc,9bfea419-4719-49c5-be69-40159185820d,22229kbps_2160p_60_0fps_hevc,Dancers_8s@display=center_crop_720p
40974kbps_2160p_60_0fps_hevc,40974kbps_2160p_60_0fps_hevc,9bfea419-4719-49c5-be69-40159185820d,22229kbps_2160p_60_0fps_hevc,Dancers_8s@display=center_crop_720p
22229kbps_2160p_60_0fps_hevc,22229kbps_2160p_60_0fps_hevc,9bfea419-4719-49c5-be69-40159185820d,40974kbps_2160p_60_0fps_hevc,Dancers_8s@display=center_crop_720p
,22229kbps_2160p_60_0fps_hevc,7740f956-7828-453f-8936-138ace5e608c,40974kbps_2160p_60_0fps_hevc,Dancers_8s@display=center_crop_720p
22229kbps_2160p_60_0fps_hevc,22229kbps_2160p_60_0fps_hevc,cfe7f1d6-4a45-4bbf-9396-de92c79e6c63,40974kbps_2160p_60_0fps_hevc,Dancers_8s@display=center_crop_720p
,40974kbps_2160p_60_0fps_hevc,afd72cf7-ca0d-4bba-8bf1-909cb9b56e88,22229kbps_2160p_60_0fps_hevc,Dancers_8s@display=center_crop_720p
40974kbps_2160p_59_94fps_hevc,3484kbps_2160p_59_94fps_h264,7a534954-4fff-4031-a2b6-05a9cbf92f89,40974kbps_2160p_59_94fps_hevc,cutting_orange_tuil_8s@display=center_crop_720p
40974kbps_2160p_59_94fps_hevc,40974kbps_2160p_59_94fps_hevc,7a534954-4fff-4031-a2b6-05a9cbf92f89,3484kbps_2160p_59_94fps_h264,cutting_orange_tuil_8s@display=center_crop_720p
40974kbps_2160p_59_94fps_hevc,40974kbps_2160p_59_94fps_hevc,aaf964ce-819e-4c76-9a16-6d23c2d717ba,3484kbps_2160p_59_94fps_h264,cutting_orange_tuil_8s@display=center_crop_720p
40974kbps_2160p_59_94fps_hevc,3484kbps_2160p_59_94fps_h264,1215e8a6-42c2-485d-bbee-5c6ca1be2493,40974kbps_2160p_59_94fps_hevc,cutting_orange_tuil_8s@display=center_crop_720p
40974kbps_2160p_59_94fps_hevc,3484kbps_2160p_59_94fps_h264,fbb62021-f464-4650-adc8-2066d993b114,40974kbps_2160p_59_94fps_hevc,cutting_orange_tuil_8s@display=center_crop_720p
40974kbps_2160p_59_94fps_hevc,40974kbps_2160p_59_94fps_hevc,8cea155c-161f-4e60-9b74-b27c6dc55c81,3484kbps_2160p_59_94fps_h264,cutting_orange_tuil_8s@display=center_crop_720p
40974kbps_2160p_59_94fps_hevc,3484kbps_2160p_59_94fps_h264,a85f27d4-3f01-4e48-9732-a2f1f86e2f8a,40974kbps_2160p_59_94fps_hevc,cutting_orange_tuil_8s@display=center_crop_720p
40974kbps_2160p_59_94fps_hevc,3484kbps_2160p_59_94fps_h264,c21134a7-8ba5-4387-8244-c8165b6ca66e,40974kbps_2160p_59_94fps_hevc,cutting_orange_tuil_8s@display=center_crop_720p
,3484kbps_2160p_59_94fps_h264,a9132cf2-2408-4996-b7f7-c1f6d2fa7f7d,40974kbps_2160p_59_94fps_hevc,cutting_orange_tuil_8s@display=center_crop_720p
40974kbps_2160p_59_94fps_hevc,40974kbps_2160p_59_94fps_hevc,19247917-dc22-416c-a41d-be236ec8205a,3484kbps_2160p_59_94fps_h264,cutting_orange_tuil_8s@display=center_crop_720p
40000kbps_2160p_59_94fps_h264,7500kbps_2160p_59_94fps_h264,aaf964ce-819e-4c76-9a16-6d23c2d717ba,40000kbps_2160p_59_94fps_h264,water_netflix@display=center_crop_720p
40000kbps_2160p_59_94fps_h264,40000kbps_2160p_59_94fps_h264,0a11d091-b466-4b8f-b1e2-56415f01204f,7500kbps_2160p_59_94fps_h264,water_netflix@display=center_crop_720p
40000kbps_2160p_59_94fps_h264,40000kbps_2160p_59_94fps_h264,1215e8a6-42c2-485d-bbee-5c6ca1be2493,7500kbps_2160p_59_94fps_h264,water_netflix@display=center_crop_720p
40000kbps_2160p_59_94fps_h264,7500kbps_2160p_59_94fps_h264,0a11d091-b466-4b8f-b1e2-56415f01204f,40000kbps_2160p_59_94fps_h264,water_netflix@display=center_crop_720p
40000kbps_2160p_59_94fps_h264,40000kbps_2160p_59_94fps_h264,1215e8a6-42c2-485d-bbee-5c6ca1be2493,7500kbps_2160p_59_94fps_h264,water_netflix@display=center_crop_720p
40000kbps_2160p_59_94fps_h264,40000kbps_2160p_59_94fps_h264,0a11d091-b466-4b8f-b1e2-56415f01204f,7500kbps_2160p_59_94fps_h264,water_netflix@display=center_crop_720p
40000kbps_2160p_59_94fps_h264,40000kbps_2160p_59_94fps_h264,690650c7-9119-497a-9747-ace85cd8f32f,7500kbps_2160p_59_94fps_h264,water_netflix@display=center_crop_720p
40000kbps_2160p_59_94fps_h264,40000kbps_2160p_59_94fps_h264,74d5e5ae-6320-403e-8130-8f81d73cd2cb,7500kbps_2160p_59_94fps_h264,water_netflix@display=center_crop_720p
40000kbps_2160p_59_94fps_h264,7500kbps_2160p_59_94fps_h264,7a534954-4fff-4031-a2b6-05a9cbf92f89,40000kbps_2160p_59_94fps_h264,water_netflix@display=center_crop_720p
40000kbps_2160p_59_94fps_h264,7500kbps_2160p_59_94fps_h264,a9476aae-d1d7-44a8-8134-779eec94156b,40000kbps_2160p_59_94fps_h264,water_netflix@display=center_crop_720p
15000kbps_2160p_59_94fps_vp9,40000kbps_2160p_59_94fps_h264,200ca2a2-54a0-4e55-9512-a6af8138234e,15000kbps_2160p_59_94fps_vp9,cutting_orange_tuil@display=center_crop_720p
,40000kbps_2160p_59_94fps_h264,e3299900-e057-461f-ba38-07d225535439,15000kbps_2160p_59_94fps_vp9,cutting_orange_tuil@display=center_crop_720p
,40000kbps_2160p_59_94fps_h264,e3299900-e057-461f-ba38-07d225535439,15000kbps_2160p_59_94fps_vp9,cutting_orange_tuil@display=center_crop_720p
,40000kbps_2160p_59_94fps_h264,a502b0da-a957-40ac-860f-b15da64700df,15000kbps_2160p_59_94fps_vp9,cutting_orange_tuil@display=center_crop_720p
,40000kbps_2160p_59_94fps_h264,7a534954-4fff-4031-a2b6-05a9cbf92f89,15000kbps_2160p_59_94fps_vp9,cutting_orange_tuil@display=center_crop_720p
,40000kbps_2160p_59_94fps_h264,51e29e96-e38f-429c-bfab-bf96cbdcd61f,15000kbps_2160p_59_94fps_vp9,cutting_orange_tuil@display=center_crop_720p
,15000kbps_2160p_59_94fps_vp9,dfd6da40-bceb-4416-bdc1-f638a4940ac5,40000kbps_2160p_59_94fps_h264,cutting_orange_tuil@display=center_crop_720p
40000kbps_2160p_59_94fps_h264,15000kbps_2160p_59_94fps_vp9,7209ecef-2a7a-49e9-bb2b-0b91ef6a7a7a,40000kbps_2160p_59_94fps_h264,cutting_orange_tuil@display=center_crop_720p
,40000kbps_2160p_59_94fps_h264,e3299900-e057-461f-ba38-07d225535439,15000kbps_2160p_59_94fps_vp9,cutting_orange_tuil@display=center_crop_720p
,40000kbps_2160p_59_94fps_h264,51e29e96-e38f-429c-bfab-bf96cbdcd61f,15000kbps_2160p_59_94fps_vp9,cutting_orange_tuil@display=center_crop_720p
15000kbps_2160p_60_0fps_vp9,7500kbps_2160p_60_0fps_vp9,d0c36760-0f38-4c88-a492-4bb9b3bc2167,15000kbps_2160p_60_0fps_vp9,bigbuck_bunny_8bit@display=center_crop_720p
15000kbps_2160p_60_0fps_vp9,15000kbps_2160p_60_0fps_vp9,d0c36760-0f38-4c88-a492-4bb9b3bc2167,7500kbps_2160p_60_0fps_vp9,bigbuck_bunny_8bit@display=center_crop_720p
,7500kbps_2160p_60_0fps_vp9,a9476aae-d1d7-44a8-8134-779eec94156b,15000kbps_2160p_60_0fps_vp9,bigbuck_bunny_8bit@display=center_crop_720p
15000kbps_2160p_60_0fps_vp9,15000kbps_2160p_60_0fps_vp9,19247917-dc22-416c-a41d-be236ec8205a,7500kbps_2160p_60_0fps_vp9,bigbuck_bunny_8bit@display=center_crop_720p
,15000kbps_2160p_60_0fps_vp9,d0c36760-0f38-4c88-a492-4bb9b3bc2167,7500kbps_2160p_60_0fps_vp9,bigbuck_bunny_8bit@display=center_crop_720p
,7500kbps_2160p_60_0fps_vp9,f1d4d12e-0254-4b4a-b175-2e453553ff4d,15000kbps_2160p_60_0fps_vp9,bigbuck_bunny_8bit@display=center_crop_720p
,15000kbps_2160p_60_0fps_vp9,d0c36760-0f38-4c88-a492-4bb9b3bc2167,7500kbps_2160p_60_0fps_vp9,bigbuck_bunny_8bit@display=center_crop_720p
,7500kbps_2160p_60_0fps_vp9,f1d4d12e-0254-4b4a-b175-2e453553ff4d,15000kbps_2160p_60_0fps_vp9,bigbuck_bunny_8bit@display=center_crop_720p
,7500kbps_2160p_60_0fps_vp9,f1d4d12e-0254-4b4a-b175-2e453553ff4d,15000kbps_2160p_60_0fps_vp9,bigbuck_bunny_8bit@display=center_crop_720p
,7500kbps_2160p_60_0fps_vp9,5df32126-f164-45f0-9b62-c03ffba8b152,15000kbps_2160p_60_0fps_vp9,bigbuck_bunny_8bit@display=center_crop_720p
40000kbps_2160p_59_94fps_h264,40000kbps_2160p_59_94fps_vp9,a85f27d4-3f01-4e48-9732-a2f1f86e2f8a,40000kbps_2160p_59_94fps_h264,vegetables_tuil@display=center_crop_720p
,40000kbps_2160p_59_94fps_h264,75e596f0-e437-48b5-9d57-03b88a506f79,40000kbps_2160p_59_94fps_vp9,vegetables_tuil@display=center_crop_720p
,40000kbps_2160p_59_94fps_vp9,51e29e96-e38f-429c-bfab-bf96cbdcd61f,40000kbps_2160p_59_94fps_h264,vegetables_tuil@display=center_crop_720p
40000kbps_2160p_59_94fps_vp9,40000kbps_2160p_59_94fps_vp9,4f832d5a-bd55-4616-a277-a2632893dc1d,40000kbps_2160p_59_94fps_h264,vegetables_tuil@display=center_crop_720p
,40000kbps_2160p_59_94fps_vp9,4738cba8-0d09-4d03-9352-5632bee3d8e4,40000kbps_2160p_59_94fps_h264,vegetables_tuil@display=center_crop_720p
,40000kbps_2160p_59_94fps_vp9,4738cba8-0d09-4d03-9352-5632bee3d8e4,40000kbps_2160p_59_94fps_h264,vegetables_tuil@display=center_crop_720p
40000kbps_2160p_59_94fps_vp9,40000kbps_2160p_59_94fps_h264,200ca2a2-54a0-4e55-9512-a6af8138234e,40000kbps_2160p_59_94fps_vp9,vegetables_tuil@display=center_crop_720p
,40000kbps_2160p_59_94fps_h264,4738cba8-0d09-4d03-9352-5632bee3d8e4,40000kbps_2160p_59_94fps_vp9,vegetables_tuil@display=center_crop_720p
40000kbps_2160p_59_94fps_vp9,40000kbps_2160p_59_94fps_h264,75e596f0-e437-48b5-9d57-03b88a506f79,40000kbps_2160p_59_94fps_vp9,vegetables_tuil@display=center_crop_720p
,40000kbps_2160p_59_94fps_vp9,a9aef5a8-89c3-4a7e-a0ba-6865bcad9c08,40000kbps_2160p_59_94fps_h264,vegetables_tuil@display=center_crop_720p
22229kbps_2160p_60_0fps_hevc,22229kbps_2160p_60_0fps_hevc,fbb62021-f464-4650-adc8-2066d993b114,22229kbps_2160p_60_0fps_h264,Dancers_8s@display=center_crop_720p
,22229kbps_2160p_60_0fps_hevc,4738cba8-0d09-4d03-9352-5632bee3d8e4,22229kbps_2160p_60_0fps_h264,Dancers_8s@display=center_crop_720p
,22229kbps_2160p_60_0fps_h264,743488ab-4387-40b6-8dd7-89cacd9486e9,22229kbps_2160p_60_0fps_hevc,Dancers_8s@display=center_crop_720p
22229kbps_2160p_60_0fps_hevc,22229kbps_2160p_60_0fps_h264,aaf964ce-819e-4c76-9a16-6d23c2d717ba,22229kbps_2160p_60_0fps_hevc,Dancers_8s@display=center_crop_720p
22229kbps_2160p_60_0fps_hevc,22229kbps_2160p_60_0fps_h264,fbb62021-f464-4650-adc8-2066d993b114,22229kbps_2160p_60_0fps_hevc,Dancers_8s@display=center_crop_720p
22229kbps_2160p_60_0fps_hevc,22229kbps_2160p_60_0fps_hevc,fbb62021-f464-4650-adc8-2066d993b114,22229kbps_2160p_60_0fps_h264,Dancers_8s@display=center_crop_720p
,22229kbps_2160p_60_0fps_h264,a9aef5a8-89c3-4a7e-a0ba-6865bcad9c08,22229kbps_2160p_60_0fps_hevc,Dancers_8s@display=center_crop_720p
22229kbps_2160p_60_0fps_hevc,22229kbps_2160p_60_0fps_h264,fb7f664d-92a4-47c9-9207-2dab88f6ed8a,22229kbps_2160p_60_0fps_hevc,Dancers_8s@display=center_crop_720p
22229kbps_2160p_60_0fps_h264,22229kbps_2160p_60_0fps_h264,67ec1054-59e7-420c-99bb-1fa0f05bc32b,22229kbps_2160p_60_0fps_hevc,Dancers_8s@display=center_crop_720p
22229kbps_2160p_60_0fps_hevc,22229kbps_2160p_60_0fps_hevc,fb7f664d-92a4-47c9-9207-2dab88f6ed8a,22229kbps_2160p_60_0fps_h264,Dancers_8s@display=center_crop_720p
22229kbps_2160p_59_94fps_hevc,22229kbps_2160p_59_94fps_h264,fb7f664d-92a4-47c9-9207-2dab88f6ed8a,22229kbps_2160p_59_94fps_hevc,water_netflix_8s@display=center_crop_720p
22229kbps_2160p_59_94fps_hevc,22229kbps_2160p_59_94fps_h264,15cf1be7-49a5-4b31-abac-f1b73a3145ee,22229kbps_2160p_59_94fps_hevc,water_netflix_8s@display=center_crop_720p
22229kbps_2160p_59_94fps_hevc,22229kbps_2160p_59_94fps_hevc,78035481-fe21-457c-b86d-dfbc7c4c368d,22229kbps_2160p_59_94fps_h264,water_netflix_8s@display=center_crop_720p
22229kbps_2160p_59_94fps_hevc,22229kbps_2160p_59_94fps_hevc,200ca2a2-54a0-4e55-9512-a6af8138234e,22229kbps_2160p_59_94fps_h264,water_netflix_8s@display=center_crop_720p
22229kbps_2160p_59_94fps_hevc,22229kbps_2160p_59_94fps_hevc,15cf1be7-49a5-4b31-abac-f1b73a3145ee,22229kbps_2160p_59_94fps_h264,water_netflix_8s@display=center_crop_720p
22229kbps_2160p_59_94fps_hevc,22229kbps_2160p_59_94fps_hevc,200ca2a2-54a0-4e55-9512-a6af8138234e,22229kbps_2160p_59_94fps_h264,water_netflix_8s@display=center_crop_720p
22229kbps_2160p_59_94fps_hevc,22229kbps_2160p_59_94fps_h264,a9aef5a8-89c3-4a7e-a0ba-6865bcad9c08,22229kbps_2160p_59_94fps_hevc,water_netflix_8s@display=center_crop_720p
,22229kbps_2160p_59_94fps_h264,a9aef5a8-89c3-4a7e-a0ba-6865bcad9c08,22229kbps_2160p_59_94fps_hevc,water_netflix_8s@display=center_crop_720p
22229kbps_2160p_59_94fps_hevc,22229kbps_2160p_59_94fps_h264,fbb62021-f464-4650-adc8-2066d993b114,22229kbps_2160p_59_94fps_hevc,water_netflix_8s@display=center_crop_720p
22229kbps_2160p_59_94fps_h264,22229kbps_2160p_59_94fps_h264,4f832d5a-bd55-4616-a277-a2632893dc1d,22229kbps_2160p_59_94fps_hevc,water_netflix_8s@display=center_crop_720p
7500kbps_2160p_59_94fps_hevc,40000kbps_2160p_59_94fps_vp9,afd72cf7-ca0d-4bba-8bf1-909cb9b56e88,7500kbps_2160p_59_94fps_hevc,vegetables_tuil@display=center_crop_720p
40000kbps_2160p_59_94fps_vp9,7500kbps_2160p_59_94fps_hevc,fbb62021-f464-4650-adc8-2066d993b114,40000kbps_2160p_59_94fps_vp9,vegetables_tuil@display=center_crop_720p
7500kbps_2160p_59_94fps_hevc,7500kbps_2160p_59_94fps_hevc,15cf1be7-49a5-4b31-abac-f1b73a3145ee,40000kbps_2160p_59_94fps_vp9,vegetables_tuil@display=center_crop_720p
40000kbps_2160p_59_94fps_vp9,7500kbps_2160p_59_94fps_hevc,75e596f0-e437-48b5-9d57-03b88a506f79,40000kbps_2160p_59_94fps_vp9,vegetables_tuil@display=center_crop_720p
40000kbps_2160p_59_94fps_vp9,40000kbps_2160p_59_94fps_vp9,15cf1be7-49a5-4b31-abac-f1b73a3145ee,7500kbps_2160p_59_94fps_hevc,vegetables_tuil@display=center_crop_720p
,40000kbps_2160p_59_94fps_vp9,4738cba8-0d09-4d03-9352-5632bee3d8e4,7500kbps_2160p_59_94fps_hevc,vegetables_tuil@display=center_crop_720p
40000kbps_2160p_59_94fps_vp9,7500kbps_2160p_59_94fps_hevc,cfe7f1d6-4a45-4bbf-9396-de92c79e6c63,40000kbps_2160p_59_94fps_vp9,vegetables_tuil@display=center_crop_720p
,7500kbps_2160p_59_94fps_hevc,e3299900-e057-461f-ba38-07d225535439,40000kbps_2160p_59_94fps_vp9,vegetables_tuil@display=center_crop_720p
,7500kbps_2160p_59_94fps_hevc,a9aef5a8-89c3-4a7e-a0ba-6865bcad9c08,40000kbps_2160p_59_94fps_vp9,vegetables_tuil@display=center_crop_720p
40000kbps_2160p_59_94fps_vp9,7500kbps_2160p_59_94fps_hevc,4738cba8-0d09-4d03-9352-5632bee3d8e4,40000kbps_2160p_59_94fps_vp9,vegetables_tuil@display=center_crop_720p
59720kbps_2160p_59_94fps_h264,59720kbps_2160p_59_94fps_h264,a9476aae-d1d7-44a8-8134-779eec94156b,22229kbps_2160p_59_94fps_hevc,cutting_orange_tuil_8s@display=center_crop_720p
,59720kbps_2160p_59_94fps_h264,7740f956-7828-453f-8936-138ace5e608c,22229kbps_2160p_59_94fps_hevc,cutting_orange_tuil_8s@display=center_crop_720p
59720kbps_2160p_59_94fps_h264,22229kbps_2160p_59_94fps_hevc,e2c4da3f-5fda-4a23-851b-0bafcd0106c7,59720kbps_2160p_59_94fps_h264,cutting_orange_tuil_8s@display=center_crop_720p
59720kbps_2160p_59_94fps_h264,59720kbps_2160p_59_94fps_h264,cd514197-164c-4a1b-aff2-ca42ca8c378b,22229kbps_2160p_59_94fps_hevc,cutting_orange_tuil_8s@display=center_crop_720p
22229kbps_2160p_59_94fps_hevc,59720kbps_2160p_59_94fps_h264,fb7f664d-92a4-47c9-9207-2dab88f6ed8a,22229kbps_2160p_59_94fps_hevc,cutting_orange_tuil_8s@display=center_crop_720p
,22229kbps_2160p_59_94fps_hevc,f1d4d12e-0254-4b4a-b175-2e453553ff4d,59720kbps_2160p_59_94fps_h264,cutting_orange_tuil_8s@display=center_crop_720p
,22229kbps_2160p_59_94fps_hevc,67ec1054-59e7-420c-99bb-1fa0f05bc32b,59720kbps_2160p_59_94fps_h264,cutting_orange_tuil_8s@display=center_crop_720p
,59720kbps_2160p_59_94fps_h264,67ec1054-59e7-420c-99bb-1fa0f05bc32b,22229kbps_2160p_59_94fps_hevc,cutting_orange_tuil_8s@display=center_crop_720p
59720kbps_2160p_59_94fps_h264,59720kbps_2160p_59_94fps_h264,a9476aae-d1d7-44a8-8134-779eec94156b,22229kbps_2160p_59_94fps_hevc,cutting_orange_tuil_8s@display=center_crop_720p
,59720kbps_2160p_59_94fps_h264,51e29e96-e38f-429c-bfab-bf96cbdcd61f,22229kbps_2160p_59_94fps_hevc,cutting_orange_tuil_8s@display=center_crop_720p
22229kbps_2160p_59_94fps_h264,22229kbps_2160p_59_94fps_h264,1e0b9fa9-bdce-4013-a041-56771e0a8f5d,59720kbps_2160p_59_94fps_hevc,water_netflix_8s@display=center_crop_720p
59720kbps_2160p_59_94fps_hevc,59720kbps_2160p_59_94fps_hevc,f46cd41c-48e5-4334-8378-2ce27465f19c,22229kbps_2160p_59_94fps_h264,water_netflix_8s@display=center_crop_720p
59720kbps_2160p_59_94fps_hevc,59720kbps_2160p_59_94fps_hevc,1e0b9fa9-bdce-4013-a041-56771e0a8f5d,22229kbps_2160p_59_94fps_h264,water_netflix_8s@display=center_crop_720p
59720kbps_2160p_59_94fps_hevc,59720kbps_2160p_59_94fps_hevc,3acc4815-f690-4c3c-a93b-17e539e7af4b,22229kbps_2160p_59_94fps_h264,water_netflix_8s@display=center_crop_720p
22229kbps_2160p_59_94fps_h264,59720kbps_2160p_59_94fps_hevc,81c88a9d-cc8f-4851-9e78-8320e03d2180,22229kbps_2160p_59_94fps_h264,water_netflix_8s@display=center_crop_720p
59720kbps_2160p_59_94fps_hevc,59720kbps_2160p_59_94fps_hevc,860a94d4-e689-46d5-8a49-a1142fd97785,22229kbps_2160p_59_94fps_h264,water_netflix_8s@display=center_crop_720p
22229kbps_2160p_59_94fps_h264,59720kbps_2160p_59_94fps_hevc,f46cd41c-48e5-4334-8378-2ce27465f19c,22229kbps_2160p_59_94fps_h264,water_netflix_8s@display=center_crop_720p
59720kbps_2160p_59_94fps_hevc,22229kbps_2160p_59_94fps_h264,b002868b-0aac-480d-9139-8e807273fe21,59720kbps_2160p_59_94fps_hevc,water_netflix_8s@display=center_crop_720p
59720kbps_2160p_59_94fps_hevc,22229kbps_2160p_59_94fps_h264,54ff783c-43c7-4c8b-9c7a-eff5f73d662d,59720kbps_2160p_59_94fps_hevc,water_netflix_8s@display=center_crop_720p
59720kbps_2160p_59_94fps_hevc,22229kbps_2160p_59_94fps_h264,b002868b-0aac-480d-9139-8e807273fe21,59720kbps_2160p_59_94fps_hevc,water_netflix_8s@display=center_crop_720p
40000kbps_2160p_59_94fps_hevc,7500kbps_2160p_59_94fps_hevc,766cf724-c54a-448d-aba8-31db9f14a3c9,40000kbps_2160p_59_94fps_hevc,water_netflix@display=center_crop_720p
40000kbps_2160p_59_94fps_hevc,40000kbps_2160p_59_94fps_hevc,766cf724-c54a-448d-aba8-31db9f14a3c9,7500kbps_2160p_59_94fps_hevc,water_netflix@display=center_crop_720p
40000kbps_2160p_59_94fps_hevc,40000kbps_2160p_59_94fps_hevc,515686c4-59e8-4742-9357-48f7914d07ae,7500kbps_2160p_59_94fps_hevc,water_netflix@display=center_crop_720p
40000kbps_2160p_59_94fps_hevc,40000kbps_2160p_59_94fps_hevc,54ff783c-43c7-4c8b-9c7a-eff5f73d662d,7500kbps_2160p_59_94fps_hevc,water_netflix@display=center_crop_720p
40000kbps_2160p_59_94fps_hevc,7500kbps_2160p_59_94fps_hevc,81c88a9d-cc8f-4851-9e78-8320e03d2180,40000kbps_2160p_59_94fps_hevc,water_netflix@display=center_crop_720p
40000kbps_2160p_59_94fps_hevc,40000kbps_2160p_59_94fps_hevc,a8606522-5663-4cbe-8135-ea430251548e,7500kbps_2160p_59_94fps_hevc,water_netflix@display=center_crop_720p
40000kbps_2160p_59_94fps_hevc,7500kbps_2160p_59_94fps_hevc,766cf724-c54a-448d-aba8-31db9f14a3c9,40000kbps_2160p_59_94fps_hevc,water_netflix@display=center_crop_720p
40000kbps_2160p_59_94fps_hevc,40000kbps_2160p_59_94fps_hevc,3acc4815-f690-4c3c-a93b-17e539e7af4b,7500kbps_2160p_59_94fps_hevc,water_netflix@display=center_crop_720p
40000kbps_2160p_59_94fps_hevc,40000kbps_2160p_59_94fps_hevc,766cf724-c54a-448d-aba8-31db9f14a3c9,7500kbps_2160p_59_94fps_hevc,water_netflix@display=center_crop_720p
40000kbps_2160p_59_94fps_hevc,40000kbps_2160p_59_94fps_hevc,515686c4-59e8-4742-9357-48f7914d07ae,7500kbps_2160p_59_94fps_hevc,water_netflix@display=center_crop_720p
,3484kbps_2160p_59_94fps_hevc,515686c4-59e8-4742-9357-48f7914d07ae,40974kbps_2160p_59_94fps_hevc,cutting_orange_tuil_8s@display=center_crop_720p
,3484kbps_2160p_59_94fps_hevc,ec0ce1d3-1f2e-47ae-bab7-b9ad7cebcf35,40974kbps_2160p_59_94fps_hevc,cutting_orange_tuil_8s@display=center_crop_720p
3484kbps_2160p_59_94fps_hevc,3484kbps_2160p_59_94fps_hevc,e957b267-7ce1-47fb-9564-cfe27b8b6646,40974kbps_2160p_59_94fps_hevc,cutting_orange_tuil_8s@display=center_crop_720p
,40974kbps_2160p_59_94fps_hevc,ec0ce1d3-1f2e-47ae-bab7-b9ad7cebcf35,3484kbps_2160p_59_94fps_hevc,cutting_orange_tuil_8s@display=center_crop_720p
40974kbps_2160p_59_94fps_hevc,3484kbps_2160p_59_94fps_hevc,09fa6237-0870-4117-b13c-fcb18fa8af27,40974kbps_2160p_59_94fps_hevc,cutting_orange_tuil_8s@display=center_crop_720p
40974kbps_2160p_59_94fps_hevc,3484kbps_2160p_59_94fps_hevc,09fa6237-0870-4117-b13c-fcb18fa8af27,40974kbps_2160p_59_94fps_hevc,cutting_orange_tuil_8s@display=center_crop_720p
,3484kbps_2160p_59_94fps_hevc,ec0ce1d3-1f2e-47ae-bab7-b9ad7cebcf35,40974kbps_2160p_59_94fps_hevc,cutting_orange_tuil_8s@display=center_crop_720p
40974kbps_2160p_59_94fps_hevc,40974kbps_2160p_59_94fps_hevc,766cf724-c54a-448d-aba8-31db9f14a3c9,3484kbps_2160p_59_94fps_hevc,cutting_orange_tuil_8s@display=center_crop_720p
40974kbps_2160p_59_94fps_hevc,3484kbps_2160p_59_94fps_hevc,8442cf6b-8195-4e1d-af14-ca5e95d7ac31,40974kbps_2160p_59_94fps_hevc,cutting_orange_tuil_8s@display=center_crop_720p
,40974kbps_2160p_59_94fps_hevc,ec0ce1d3-1f2e-47ae-bab7-b9ad7cebcf35,3484kbps_2160p_59_94fps_hevc,cutting_orange_tuil_8s@display=center_crop_720p
7500kbps_2160p_60_0fps_vp9,7500kbps_2160p_60_0fps_vp9,81c88a9d-cc8f-4851-9e78-8320e03d2180,7500kbps_2160p_60_0fps_h264,bigbuck_bunny_8bit@display=center_crop_720p
,7500kbps_2160p_60_0fps_h264,09fa6237-0870-4117-b13c-fcb18fa8af27,7500kbps_2160p_60_0fps_vp9,bigbuck_bunny_8bit@display=center_crop_720p
7500kbps_2160p_60_0fps_vp9,7500kbps_2160p_60_0fps_vp9,a8606522-5663-4cbe-8135-ea430251548e,7500kbps_2160p_60_0fps_h264,bigbuck_bunny_8bit@display=center_crop_720p
7500kbps_2160p_60_0fps_vp9,7500kbps_2160p_60_0fps_h264,beff4b9a-d9d9-47fd-9a5a-957121f0c5c7,7500kbps_2160p_60_0fps_vp9,bigbuck_bunny_8bit@display=center_crop_720p
7500kbps_2160p_60_0fps_vp9,7500kbps_2160p_60_0fps_h264,8442cf6b-8195-4e1d-af14-ca5e95d7ac31,7500kbps_2160p_60_0fps_vp9,bigbuck_bunny_8bit@display=center_crop_720p
7500kbps_2160p_60_0fps_h264,7500kbps_2160p_60_0fps_vp9,8442cf6b-8195-4e1d-af14-ca5e95d7ac31,7500kbps_2160p_60_0fps_h264,bigbuck_bunny_8bit@display=center_crop_720p
,7500kbps_2160p_60_0fps_vp9,515686c4-59e8-4742-9357-48f7914d07ae,7500kbps_2160p_60_0fps_h264,bigbuck_bunny_8bit@display=center_crop_720p
7500kbps_2160p_60_0fps_vp9,7500kbps_2160p_60_0fps_vp9,b1150c1e-fab1-4c1f-b251-5c387398b340,7500kbps_2160p_60_0fps_h264,bigbuck_bunny_8bit@display=center_crop_720p
,7500kbps_2160p_60_0fps_h264,515686c4-59e8-4742-9357-48f7914d07ae,7500kbps_2160p_60_0fps_vp9,bigbuck_bunny_8bit@display=center_crop_720p
7500kbps_2160p_60_0fps_vp9,7500kbps_2160p_60_0fps_vp9,beff4b9a-d9d9-47fd-9a5a-957121f0c5c7,7500kbps_2160p_60_0fps_h264,bigbuck_bunny_8bit@display=center_crop_720p
40000kbps_2160p_59_94fps_hevc,40000kbps_2160p_59_94fps_hevc,b1150c1e-fab1-4c1f-b251-5c387398b340,40000kbps_2160p_59_94fps_vp9,cutting_orange_tuil@display=center_crop_720p
40000kbps_2160p_59_94fps_hevc,40000kbps_2160p_59_94fps_vp9,b1150c1e-fab1-4c1f-b251-5c387398b340,40000kbps_2160p_59_94fps_hevc,cutting_orange_tuil@display=center_crop_720p
40000kbps_2160p_59_94fps_hevc,40000kbps_2160p_59_94fps_vp9,766cf724-c54a-448d-aba8-31db9f14a3c9,40000kbps_2160p_59_94fps_hevc,cutting_orange_tuil@display=center_crop_720p
,40000kbps_2160p_59_94fps_vp9,3acc4815-f690-4c3c-a93b-17e539e7af4b,40000kbps_2160p_59_94fps_hevc,cutting_orange_tuil@display=center_crop_720p
,40000kbps_2160p_59_94fps_hevc,3acc4815-f690-4c3c-a93b-17e539e7af4b,40000kbps_2160p_59_94fps_vp9,cutting_orange_tuil@display=center_crop_720p
,40000kbps_2160p_59_94fps_vp9,a8606522-5663-4cbe-8135-ea430251548e,40000kbps_2160p_59_94fps_hevc,cutting_orange_tuil@display=center_crop_720p
40000kbps_2160p_59_94fps_vp9,40000kbps_2160p_59_94fps_vp9,3acc4815-f690-4c3c-a93b-17e539e7af4b,40000kbps_2160p_59_94fps_hevc,cutting_orange_tuil@display=center_crop_720p
,40000kbps_2160p_59_94fps_hevc,09fa6237-0870-4117-b13c-fcb18fa8af27,40000kbps_2160p_59_94fps_vp9,cutting_orange_tuil@display=center_crop_720p
,40000kbps_2160p_59_94fps_vp9,d72d9c60-71ce-409e-936a-c6a7c65c2693,40000kbps_2160p_59_94fps_hevc,cutting_orange_tuil@display=center_crop_720p
,40000kbps_2160p_59_94fps_hevc,515686c4-59e8-4742-9357-48f7914d07ae,40000kbps_2160p_59_94fps_vp9,cutting_orange_tuil@display=center_crop_720p
7500kbps_2160p_59_94fps_hevc,15000kbps_2160p_59_94fps_h264,3acc4815-f690-4c3c-a93b-17e539e7af4b,7500kbps_2160p_59_94fps_hevc,vegetables_tuil@display=center_crop_720p
,7500kbps_2160p_59_94fps_hevc,515686c4-59e8-4742-9357-48f7914d07ae,15000kbps_2160p_59_94fps_h264,vegetables_tuil@display=center_crop_720p
,15000kbps_2160p_59_94fps_h264,515686c4-59e8-4742-9357-48f7914d07ae,7500kbps_2160p_59_94fps_hevc,vegetables_tuil@display=center_crop_720p
15000kbps_2160p_59_94fps_h264,15000kbps_2160p_59_94fps_h264,f46cd41c-48e5-4334-8378-2ce27465f19c,7500kbps_2160p_59_94fps_hevc,vegetables_tuil@display=center_crop_720p
7500kbps_2160p_59_94fps_hevc,7500kbps_2160p_59_94fps_hevc,54ff783c-43c7-4c8b-9c7a-eff5f73d662d,15000kbps_2160p_59_94fps_h264,vegetables_tuil@display=center_crop_720p
7500kbps_2160p_59_94fps_hevc,7500kbps_2160p_59_94fps_hevc,1e0b9fa9-bdce-4013-a041-56771e0a8f5d,15000kbps_2160p_59_94fps_h264,vegetables_tuil@display=center_crop_720p
,7500kbps_2160p_59_94fps_hevc,ec0ce1d3-1f2e-47ae-bab7-b9ad7cebcf35,15000kbps_2160p_59_94fps_h264,vegetables_tuil@display=center_crop_720p
7500kbps_2160p_59_94fps_hevc,15000kbps_2160p_59_94fps_h264,f46cd41c-48e5-4334-8378-2ce27465f19c,7500kbps_2160p_59_94fps_hevc,vegetables_tuil@display=center_crop_720p
7500kbps_2160p_59_94fps_hevc,7500kbps_2160p_59_94fps_hevc,1e0b9fa9-bdce-4013-a041-56771e0a8f5d,15000kbps_2160p_59_94fps_h264,vegetables_tuil@display=center_crop_720p
7500kbps_2160p_59_94fps_hevc,7500kbps_2160p_59_94fps_hevc,b002868b-0aac-480d-9139-8e807273fe21,15000kbps_2160p_59_94fps_h264,vegetables_tuil@display=center_crop_720p
15000kbps_2160p_59_94fps_hevc,15000kbps_2160p_59_94fps_h264,7209ecef-2a7a-49e9-bb2b-0b91ef6a7a7a,15000kbps_2160p_59_94fps_hevc,water_netflix@display=center_crop_720p
15000kbps_2160p_59_94fps_hevc,15000kbps_2160p_59_94fps_h264,ae45c31e-3d1e-4962-a836-840eeca23682,15000kbps_2160p_59_94fps_hevc,water_netflix@display=center_crop_720p
15000kbps_2160p_59_94fps_hevc,15000kbps_2160p_59_94fps_h264,2c7eb8e5-818b-4175-9bc7-deb3a344aea0,15000kbps_2160p_59_94fps_hevc,water_netflix@display=center_crop_720p
15000kbps_2160p_59_94fps_hevc,15000kbps_2160p_59_94fps_hevc,a216d5c0-ae1d-448e-b6ad-8c9fbbbd29d9,15000kbps_2160p_59_94fps_h264,water_netflix@display=center_crop_720p
15000kbps_2160p_59_94fps_hevc,15000kbps_2160p_59_94fps_hevc,1a58b274-8bac-44b3-9cbc-75790a91e28c,15000kbps_2160p_59_94fps_h264,water_netflix@display=center_crop_720p
15000kbps_2160p_59_94fps_hevc,15000kbps_2160p_59_94fps_hevc,0fb7ad6a-9c5b-48ca-9926-b72c3fd97b2a,15000kbps_2160p_59_94fps_h264,water_netflix@display=center_crop_720p
15000kbps_2160p_59_94fps_hevc,15000kbps_2160p_59_94fps_hevc,2c7eb8e5-818b-4175-9bc7-deb3a344aea0,15000kbps_2160p_59_94fps_h264,water_netflix@display=center_crop_720p
15000kbps_2160p_59_94fps_hevc,15000kbps_2160p_59_94fps_h264,466e0b6f-df81-437f-8698-a8b268ef3133,15000kbps_2160p_59_94fps_hevc,water_netflix@display=center_crop_720p
15000kbps_2160p_59_94fps_hevc,15000kbps_2160p_59_94fps_h264,65d93164-9167-4017-b686-d6408294b610,15000kbps_2160p_59_94fps_hevc,water_netflix@display=center_crop_720p
15000kbps_2160p_59_94fps_hevc,15000kbps_2160p_59_94fps_h264,65d93164-9167-4017-b686-d6408294b610,15000kbps_2160p_59_94fps_hevc,water_netflix@display=center_crop_720p
,15000kbps_2160p_60_0fps_h264,86cf9966-2fc8-4b58-af9c-a8427bb85186,40000kbps_2160p_60_0fps_h264,bigbuck_bunny_8bit@display=center_crop_720p
,15000kbps_2160p_60_0fps_h264,8257a2b4-115d-4a2e-a28e-c0e3549f4a3b,40000kbps_2160p_60_0fps_h264,bigbuck_bunny_8bit@display=center_crop_720p
,40000kbps_2160p_60_0fps_h264,3c8ceb97-7ebb-42f7-b865-78735f9061e1,15000kbps_2160p_60_0fps_h264,bigbuck_bunny_8bit@display=center_crop_720p
,40000kbps_2160p_60_0fps_h264,8257a2b4-115d-4a2e-a28e-c0e3549f4a3b,15000kbps_2160p_60_0fps_h264,bigbuck_bunny_8bit@display=center_crop_720p
,40000kbps_2160p_60_0fps_h264,28efa54f-6e1e-4f4a-96fa-fadf9ad49af1,15000kbps_2160p_60_0fps_h264,bigbuck_bunny_8bit@display=center_crop_720p
,15000kbps_2160p_60_0fps_h264,1a58b274-8bac-44b3-9cbc-75790a91e28c,40000kbps_2160p_60_0fps_h264,bigbuck_bunny_8bit@display=center_crop_720p
,15000kbps_2160p_60_0fps_h264,8257a2b4-115d-4a2e-a28e-c0e3549f4a3b,40000kbps_2160p_60_0fps_h264,bigbuck_bunny_8bit@display=center_crop_720p
,40000kbps_2160p_60_0fps_h264,1e5f1b62-657f-4f0b-8ba6-975cd9482d45,15000kbps_2160p_60_0fps_h264,bigbuck_bunny_8bit@display=center_crop_720p
,40000kbps_2160p_60_0fps_h264,1a58b274-8bac-44b3-9cbc-75790a91e28c,15000kbps_2160p_60_0fps_h264,bigbuck_bunny_8bit@display=center_crop_720p
,15000kbps_2160p_60_0fps_h264,c784e23c-4cf4-48a0-93a6-f0ab8e61efea,40000kbps_2160p_60_0fps_h264,bigbuck_bunny_8bit@display=center_crop_720p
22229kbps_2160p_60_0fps_hevc,59720kbps_2160p_60_0fps_h264,ae45c31e-3d1e-4962-a836-840eeca23682,22229kbps_2160p_60_0fps_hevc,Dancers_8s@display=center_crop_720p
22229kbps_2160p_60_0fps_hevc,22229kbps_2160p_60_0fps_hevc,a8606522-5663-4cbe-8135-ea430251548e,59720kbps_2160p_60_0fps_h264,Dancers_8s@display=center_crop_720p
22229kbps_2160p_60_0fps_hevc,22229kbps_2160p_60_0fps_hevc,a8606522-5663-4cbe-8135-ea430251548e,59720kbps_2160p_60_0fps_h264,Dancers_8s@display=center_crop_720p
22229kbps_2160p_60_0fps_hevc,59720kbps_2160p_60_0fps_h264,beff4b9a-d9d9-47fd-9a5a-957121f0c5c7,22229kbps_2160p_60_0fps_hevc,Dancers_8s@display=center_crop_720p
22229kbps_2160p_60_0fps_hevc,22229kbps_2160p_60_0fps_hevc,65d93164-9167-4017-b686-d6408294b610,59720kbps_2160p_60_0fps_h264,Dancers_8s@display=center_crop_720p
22229kbps_2160p_60_0fps_hevc,59720kbps_2160p_60_0fps_h264,8442cf6b-8195-4e1d-af14-ca5e95d7ac31,22229kbps_2160p_60_0fps_hevc,Dancers_8s@display=center_crop_720p
22229kbps_2160p_60_0fps_hevc,22229kbps_2160p_60_0fps_hevc,86cf9966-2fc8-4b58-af9c-a8427bb85186,59720kbps_2160p_60_0fps_h264,Dancers_8s@display=center_crop_720p
22229kbps_2160p_60_0fps_hevc,22229kbps_2160p_60_0fps_hevc,8442cf6b-8195-4e1d-af14-ca5e95d7ac31,59720kbps_2160p_60_0fps_h264,Dancers_8s@display=center_crop_720p
22229kbps_2160p_60_0fps_hevc,59720kbps_2160p_60_0fps_h264,a8606522-5663-4cbe-8135-ea430251548e,22229kbps_2160p_60_0fps_hevc,Dancers_8s@display=center_crop_720p
22229kbps_2160p_60_0fps_hevc,22229kbps_2160p_60_0fps_hevc,c784e23c-4cf4-48a0-93a6-f0ab8e61efea,59720kbps_2160p_60_0fps_h264,Dancers_8s@display=center_crop_720p
,40974kbps_2160p_60_0fps_hevc,015f6620-e573-4ac7-a827-3a46dff55315,3484kbps_2160p_60_0fps_hevc,Dancers_8s@display=center_crop_720p
40974kbps_2160p_60_0fps_hevc,40974kbps_2160p_60_0fps_hevc,28efa54f-6e1e-4f4a-96fa-fadf9ad49af1,3484kbps_2160p_60_0fps_hevc,Dancers_8s@display=center_crop_720p
,40974kbps_2160p_60_0fps_hevc,bd70f9a3-69aa-492e-92fe-e1ba35387699,3484kbps_2160p_60_0fps_hevc,Dancers_8s@display=center_crop_720p
40974kbps_2160p_60_0fps_hevc,40974kbps_2160p_60_0fps_hevc,7209ecef-2a7a-49e9-bb2b-0b91ef6a7a7a,3484kbps_2160p_60_0fps_hevc,Dancers_8s@display=center_crop_720p
,40974kbps_2160p_60_0fps_hevc,c784e23c-4cf4-48a0-93a6-f0ab8e61efea,3484kbps_2160p_60_0fps_hevc,Dancers_8s@display=center_crop_720p
40974kbps_2160p_60_0fps_hevc,40974kbps_2160p_60_0fps_hevc,466e0b6f-df81-437f-8698-a8b268ef3133,3484kbps_2160p_60_0fps_hevc,Dancers_8s@display=center_crop_720p
,40974kbps_2160p_60_0fps_hevc,ca0b6ada-b677-448c-848a-adbd7a537aab,3484kbps_2160p_60_0fps_hevc,Dancers_8s@display=center_crop_720p
40974kbps_2160p_60_0fps_hevc,40974kbps_2160p_60_0fps_hevc,92c90711-64d1-4c94-935d-226159558385,3484kbps_2160p_60_0fps_hevc,Dancers_8s@display=center_crop_720p
40974kbps_2160p_60_0fps_hevc,40974kbps_2160p_60_0fps_hevc,28efa54f-6e1e-4f4a-96fa-fadf9ad49af1,3484kbps_2160p_60_0fps_hevc,Dancers_8s@display=center_crop_720p
3484kbps_2160p_60_0fps_hevc,40974kbps_2160p_60_0fps_hevc,ecf11ca3-bed9-43d6-b9c5-b886be71c3a4,3484kbps_2160p_60_0fps_hevc,Dancers_8s@display=center_crop_720p
,22229kbps_2160p_60_0fps_hevc,92c90711-64d1-4c94-935d-226159558385,59720kbps_2160p_60_0fps_hevc,Dancers_8s@display=center_crop_720p
59720kbps_2160p_60_0fps_hevc,59720kbps_2160p_60_0fps_hevc,466e0b6f-df81-437f-8698-a8b268ef3133,22229kbps_2160p_60_0fps_hevc,Dancers_8s@display=center_crop_720p
,22229kbps_2160p_60_0fps_hevc,466e0b6f-df81-437f-8698-a8b268ef3133,59720kbps_2160p_60_0fps_hevc,Dancers_8s@display=center_crop_720p
,59720kbps_2160p_60_0fps_hevc,a216d5c0-ae1d-448e-b6ad-8c9fbbbd29d9,22229kbps_2160p_60_0fps_hevc,Dancers_8s@display=center_crop_720p
,59720kbps_2160p_60_0fps_hevc,72d9bb0c-c247-4367-b884-db4d1deb1646,22229kbps_2160p_60_0fps_hevc,Dancers_8s@display=center_crop_720p
59720kbps_2160p_60_0fps_hevc,59720kbps_2160p_60_0fps_hevc,e18eb56d-39ea-408a-b9a3-fc88439e769c,22229kbps_2160p_60_0fps_hevc,Dancers_8s@display=center_crop_720p
22229kbps_2160p_60_0fps_hevc,59720kbps_2160p_60_0fps_hevc,2c7eb8e5-818b-4175-9bc7-deb3a344aea0,22229kbps_2160p_60_0fps_hevc,Dancers_8s@display=center_crop_720p
59720kbps_2160p_60_0fps_hevc,59720kbps_2160p_60_0fps_hevc,2c7eb8e5-818b-4175-9bc7-deb3a344aea0,22229kbps_2160p_60_0fps_hevc,Dancers_8s@display=center_crop_720p
22229kbps_2160p_60_0fps_hevc,59720kbps_2160p_60_0fps_hevc,bd70f9a3-69aa-492e-92fe-e1ba35387699,22229kbps_2160p_60_0fps_hevc,Dancers_8s@display=center_crop_720p
59720kbps_2160p_60_0fps_hevc,59720kbps_2160p_60_0fps_hevc,930059bc-9d85-4305-9da6-e7384c2f626d,22229kbps_2160p_60_0fps_hevc,Dancers_8s@display=center_crop_720p
,22229kbps_2160p_59_94fps_hevc,930059bc-9d85-4305-9da6-e7384c2f626d,59720kbps_2160p_59_94fps_hevc,cutting_orange_tuil_8s@display=center_crop_720p
,59720kbps_2160p_59_94fps_hevc,0fb7ad6a-9c5b-48ca-9926-b72c3fd97b2a,22229kbps_2160p_59_94fps_hevc,cutting_orange_tuil_8s@display=center_crop_720p
,22229kbps_2160p_59_94fps_hevc,0fb7ad6a-9c5b-48ca-9926-b72c3fd97b2a,59720kbps_2160p_59_94fps_hevc,cutting_orange_tuil_8s@display=center_crop_720p
,59720kbps_2160p_59_94fps_hevc,68c89ee3-7042-4a33-86fa-e63c2d6d767e,22229kbps_2160p_59_94fps_hevc,cutting_orange_tuil_8s@display=center_crop_720p
59720kbps_2160p_59_94fps_hevc,22229kbps_2160p_59_94fps_hevc,72d9bb0c-c247-4367-b884-db4d1deb1646,59720kbps_2160p_59_94fps_hevc,cutting_orange_tuil_8s@display=center_crop_720p
,22229kbps_2160p_59_94fps_hevc,c784e23c-4cf4-48a0-93a6-f0ab8e61efea,59720kbps_2160p_59_94fps_hevc,cutting_orange_tuil_8s@display=center_crop_720p
,22229kbps_2160p_59_94fps_hevc,015f6620-e573-4ac7-a827-3a46dff55315,59720kbps_2160p_59_94fps_hevc,cutting_orange_tuil_8s@display=center_crop_720p
22229kbps_2160p_59_94fps_hevc,59720kbps_2160p_59_94fps_hevc,ec8f18b5-396a-4035-983d-14bd32d5820d,22229kbps_2160p_59_94fps_hevc,cutting_orange_tuil_8s@display=center_crop_720p
,22229kbps_2160p_59_94fps_hevc,65d93164-9167-4017-b686-d6408294b610,59720kbps_2160p_59_94fps_hevc,cutting_orange_tuil_8s@display=center_crop_720p
,59720kbps_2160p_59_94fps_hevc,c784e23c-4cf4-48a0-93a6-f0ab8e61efea,22229kbps_2160p_59_94fps_hevc,cutting_orange_tuil_8s@display=center_crop_720p
,15000kbps_2160p_60_0fps_h264,65d93164-9167-4017-b686-d6408294b610,7500kbps_2160p_60_0fps_vp9,bigbuck_bunny_8bit@display=center_crop_720p
7500kbps_2160p_60_0fps_vp9,15000kbps_2160p_60_0fps_h264,d0040886-4753-4106-8e9e-9a68d7f9b81c,7500kbps_2160p_60_0fps_vp9,bigbuck_bunny_8bit@display=center_crop_720p
7500kbps_2160p_60_0fps_vp9,7500kbps_2160p_60_0fps_vp9,1a58b274-8bac-44b3-9cbc-75790a91e28c,15000kbps_2160p_60_0fps_h264,bigbuck_bunny_8bit@display=center_crop_720p
,7500kbps_2160p_60_0fps_vp9,68c89ee3-7042-4a33-86fa-e63c2d6d767e,15000kbps_2160p_60_0fps_h264,bigbuck_bunny_8bit@display=center_crop_720p
15000kbps_2160p_60_0fps_h264,15000kbps_2160p_60_0fps_h264,28efa54f-6e1e-4f4a-96fa-fadf9ad49af1,7500kbps_2160p_60_0fps_vp9,bigbuck_bunny_8bit@display=center_crop_720p
15000kbps_2160p_60_0fps_h264,7500kbps_2160p_60_0fps_vp9,337a3523-a782-41ef-9e3c-adb57f254738,15000kbps_2160p_60_0fps_h264,bigbuck_bunny_8bit@display=center_crop_720p
7500kbps_2160p_60_0fps_vp9,15000kbps_2160p_60_0fps_h264,a216d5c0-ae1d-448e-b6ad-8c9fbbbd29d9,7500kbps_2160p_60_0fps_vp9,bigbuck_bunny_8bit@display=center_crop_720p
15000kbps_2160p_60_0fps_h264,15000kbps_2160p_60_0fps_h264,1e5f1b62-657f-4f0b-8ba6-975cd9482d45,7500kbps_2160p_60_0fps_vp9,bigbuck_bunny_8bit@display=center_crop_720p
,7500kbps_2160p_60_0fps_vp9,65d93164-9167-4017-b686-d6408294b610,15000kbps_2160p_60_0fps_h264,bigbuck_bunny_8bit@display=center_crop_720p
,7500kbps_2160p_60_0fps_vp9,c784e23c-4cf4-48a0-93a6-f0ab8e61efea,15000kbps_2160p_60_0fps_h264,bigbuck_bunny_8bit@display=center_crop_720p
40000kbps_2160p_59_94fps_hevc,15000kbps_2160p_59_94fps_h264,466e0b6f-df81-437f-8698-a8b268ef3133,40000kbps_2160p_59_94fps_hevc,vegetables_tuil@display=center_crop_720p
40000kbps_2160p_59_94fps_hevc,15000kbps_2160p_59_94fps_h264,72d9bb0c-c247-4367-b884-db4d1deb1646,40000kbps_2160p_59_94fps_hevc,vegetables_tuil@display=center_crop_720p
,40000kbps_2160p_59_94fps_hevc,4ef67531-8da0-4b5a-b7f5-7633ad221a92,15000kbps_2160p_59_94fps_h264,vegetables_tuil@display=center_crop_720p
,15000kbps_2160p_59_94fps_h264,0fb7ad6a-9c5b-48ca-9926-b72c3fd97b2a,40000kbps_2160p_59_94fps_hevc,vegetables_tuil@display=center_crop_720p
,40000kbps_2160p_59_94fps_hevc,0fb7ad6a-9c5b-48ca-9926-b72c3fd97b2a,15000kbps_2160p_59_94fps_h264,vegetables_tuil@display=center_crop_720p
40000kbps_2160p_59_94fps_hevc,40000kbps_2160p_59_94fps_hevc,e2c4da3f-5fda-4a23-851b-0bafcd0106c7,15000kbps_2160p_59_94fps_h264,vegetables_tuil@display=center_crop_720p
15000kbps_2160p_59_94fps_h264,15000kbps_2160p_59_94fps_h264,ecf11ca3-bed9-43d6-b9c5-b886be71c3a4,40000kbps_2160p_59_94fps_hevc,vegetables_tuil@display=center_crop_720p
,15000kbps_2160p_59_94fps_h264,015f6620-e573-4ac7-a827-3a46dff55315,40000kbps_2160p_59_94fps_hevc,vegetables_tuil@display=center_crop_720p
40000kbps_2160p_59_94fps_hevc,40000kbps_2160p_59_94fps_hevc,28efa54f-6e1e-4f4a-96fa-fadf9ad49af1,15000kbps_2160p_59_94fps_h264,vegetables_tuil@display=center_crop_720p
,40000kbps_2160p_59_94fps_hevc,c784e23c-4cf4-48a0-93a6-f0ab8e61efea,15000kbps_2160p_59_94fps_h264,vegetables_tuil@display=center_crop_720p
15000kbps_2160p_59_94fps_vp9,15000kbps_2160p_59_94fps_vp9,466e0b6f-df81-437f-8698-a8b268ef3133,40000kbps_2160p_59_94fps_vp9,cutting_orange_tuil@display=center_crop_720p
,15000kbps_2160p_59_94fps_vp9,1a58b274-8bac-44b3-9cbc-75790a91e28c,40000kbps_2160p_59_94fps_vp9,cutting_orange_tuil@display=center_crop_720p
,40000kbps_2160p_59_94fps_vp9,a216d5c0-ae1d-448e-b6ad-8c9fbbbd29d9,15000kbps_2160p_59_94fps_vp9,cutting_orange_tuil@display=center_crop_720p
,40000kbps_2160p_59_94fps_vp9,a216d5c0-ae1d-448e-b6ad-8c9fbbbd29d9,15000kbps_2160p_59_94fps_vp9,cutting_orange_tuil@display=center_crop_720p
,40000kbps_2160p_59_94fps_vp9,8257a2b4-115d-4a2e-a28e-c0e3549f4a3b,15000kbps_2160p_59_94fps_vp9,cutting_orange_tuil@display=center_crop_720p
,15000kbps_2160p_59_94fps_vp9,c784e23c-4cf4-48a0-93a6-f0ab8e61efea,40000kbps_2160p_59_94fps_vp9,cutting_orange_tuil@display=center_crop_720p
,40000kbps_2160p_59_94fps_vp9,68c89ee3-7042-4a33-86fa-e63c2d6d767e,15000kbps_2160p_59_94fps_vp9,cutting_orange_tuil@display=center_crop_720p
,40000kbps_2160p_59_94fps_vp9,8257a2b4-115d-4a2e-a28e-c0e3549f4a3b,15000kbps_2160p_59_94fps_vp9,cutting_orange_tuil@display=center_crop_720p
15000kbps_2160p_59_94fps_vp9,15000kbps_2160p_59_94fps_vp9,ae45c31e-3d1e-4962-a836-840eeca23682,40000kbps_2160p_59_94fps_vp9,cutting_orange_tuil@display=center_crop_720p
40000kbps_2160p_59_94fps_vp9,15000kbps_2160p_59_94fps_vp9,337a3523-a782-41ef-9e3c-adb57f254738,40000kbps_2160p_59_94fps_vp9,cutting_orange_tuil@display=center_crop_720p
40974kbps_2160p_59_94fps_h264,3484kbps_2160p_59_94fps_h264,e2c4da3f-5fda-4a23-851b-0bafcd0106c7,40974kbps_2160p_59_94fps_h264,water_netflix_8s@display=center_crop_720p
40974kbps_2160p_59_94fps_h264,3484kbps_2160p_59_94fps_h264,a216d5c0-ae1d-448e-b6ad-8c9fbbbd29d9,40974kbps_2160p_59_94fps_h264,water_netflix_8s@display=center_crop_720p
40974kbps_2160p_59_94fps_h264,40974kbps_2160p_59_94fps_h264,28efa54f-6e1e-4f4a-96fa-fadf9ad49af1,3484kbps_2160p_59_94fps_h264,water_netflix_8s@display=center_crop_720p
40974kbps_2160p_59_94fps_h264,3484kbps_2160p_59_94fps_h264,72d9bb0c-c247-4367-b884-db4d1deb1646,40974kbps_2160p_59_94fps_h264,water_netflix_8s@display=center_crop_720p
40974kbps_2160p_59_94fps_h264,40974kbps_2160p_59_94fps_h264,65d93164-9167-4017-b686-d6408294b610,3484kbps_2160p_59_94fps_h264,water_netflix_8s@display=center_crop_720p
40974kbps_2160p_59_94fps_h264,40974kbps_2160p_59_94fps_h264,337a3523-a782-41ef-9e3c-adb57f254738,3484kbps_2160p_59_94fps_h264,water_netflix_8s@display=center_crop_720p
40974kbps_2160p_59_94fps_h264,40974kbps_2160p_59_94fps_h264,e2c4da3f-5fda-4a23-851b-0bafcd0106c7,3484kbps_2160p_59_94fps_h264,water_netflix_8s@display=center_crop_720p
40974kbps_2160p_59_94fps_h264,40974kbps_2160p_59_94fps_h264,ae45c31e-3d1e-4962-a836-840eeca23682,3484kbps_2160p_59_94fps_h264,water_netflix_8s@display=center_crop_720p
40974kbps_2160p_59_94fps_h264,40974kbps_2160p_59_94fps_h264,0fb7ad6a-9c5b-48ca-9926-b72c3fd97b2a,3484kbps_2160p_59_94fps_h264,water_netflix_8s@display=center_crop_720p
40974kbps_2160p_59_94fps_h264,40974kbps_2160p_59_94fps_h264,e18eb56d-39ea-408a-b9a3-fc88439e769c,3484kbps_2160p_59_94fps_h264,water_netflix_8s@display=center_crop_720p
15000kbps_2160p_59_94fps_hevc,15000kbps_2160p_59_94fps_hevc,ec8f18b5-396a-4035-983d-14bd32d5820d,7500kbps_2160p_59_94fps_h264,cutting_orange_tuil@display=center_crop_720p
15000kbps_2160p_59_94fps_hevc,15000kbps_2160p_59_94fps_hevc,92c90711-64d1-4c94-935d-226159558385,7500kbps_2160p_59_94fps_h264,cutting_orange_tuil@display=center_crop_720p
15000kbps_2160p_59_94fps_hevc,15000kbps_2160p_59_94fps_hevc,e957b267-7ce1-47fb-9564-cfe27b8b6646,7500kbps_2160p_59_94fps_h264,cutting_orange_tuil@display=center_crop_720p
,7500kbps_2160p_59_94fps_h264,466e0b6f-df81-437f-8698-a8b268ef3133,15000kbps_2160p_59_94fps_hevc,cutting_orange_tuil@display=center_crop_720p
15000kbps_2160p_59_94fps_hevc,15000kbps_2160p_59_94fps_hevc,337a3523-a782-41ef-9e3c-adb57f254738,7500kbps_2160p_59_94fps_h264,cutting_orange_tuil@display=center_crop_720p
7500kbps_2160p_59_94fps_h264,7500kbps_2160p_59_94fps_h264,ec8f18b5-396a-4035-983d-14bd32d5820d,15000kbps_2160p_59_94fps_hevc,cutting_orange_tuil@display=center_crop_720p
7500kbps_2160p_59_94fps_h264,15000kbps_2160p_59_94fps_hevc,d0040886-4753-4106-8e9e-9a68d7f9b81c,7500kbps_2160p_59_94fps_h264,cutting_orange_tuil@display=center_crop_720p
,7500kbps_2160p_59_94fps_h264,0fb7ad6a-9c5b-48ca-9926-b72c3fd97b2a,15000kbps_2160p_59_94fps_hevc,cutting_orange_tuil@display=center_crop_720p
,7500kbps_2160p_59_94fps_h264,86cf9966-2fc8-4b58-af9c-a8427bb85186,15000kbps_2160p_59_94fps_hevc,cutting_orange_tuil@display=center_crop_720p
,7500kbps_2160p_59_94fps_h264,438d29b9-e9b7-45a3-986b-f9c92b6f4d95,15000kbps_2160p_59_94fps_hevc,cutting_orange_tuil@display=center_crop_720p
7500kbps_2160p_59_94fps_hevc,7500kbps_2160p_59_94fps_hevc,7209ecef-2a7a-49e9-bb2b-0b91ef6a7a7a,40000kbps_2160p_59_94fps_h264,vegetables_tuil@display=center_crop_720p
,7500kbps_2160p_59_94fps_hevc,2c7eb8e5-818b-4175-9bc7-deb3a344aea0,40000kbps_2160p_59_94fps_h264,vegetables_tuil@display=center_crop_720p
40000kbps_2160p_59_94fps_h264,40000kbps_2160p_59_94fps_h264,337a3523-a782-41ef-9e3c-adb57f254738,7500kbps_2160p_59_94fps_hevc,vegetables_tuil@display=center_crop_720p
40000kbps_2160p_59_94fps_h264,40000kbps_2160p_59_94fps_h264,92c90711-64d1-4c94-935d-226159558385,7500kbps_2160p_59_94fps_hevc,vegetables_tuil@display=center_crop_720p
,7500kbps_2160p_59_94fps_hevc,2c7eb8e5-818b-4175-9bc7-deb3a344aea0,40000kbps_2160p_59_94fps_h264,vegetables_tuil@display=center_crop_720p
7500kbps_2160p_59_94fps_hevc,7500kbps_2160p_59_94fps_hevc,72d9bb0c-c247-4367-b884-db4d1deb1646,40000kbps_2160p_59_94fps_h264,vegetables_tuil@display=center_crop_720p
,40000kbps_2160p_59_94fps_h264,68c89ee3-7042-4a33-86fa-e63c2d6d767e,7500kbps_2160p_59_94fps_hevc,vegetables_tuil@display=center_crop_720p
7500kbps_2160p_59_94fps_hevc,7500kbps_2160p_59_94fps_hevc,e957b267-7ce1-47fb-9564-cfe27b8b6646,40000kbps_2160p_59_94fps_h264,vegetables_tuil@display=center_crop_720p
,40000kbps_2160p_59_94fps_h264,a35a2ee2-ddeb-415b-b200-0880cb9d485c,7500kbps_2160p_59_94fps_hevc,vegetables_tuil@display=center_crop_720p
7500kbps_2160p_59_94fps_hevc,40000kbps_2160p_59_94fps_h264,d0040886-4753-4106-8e9e-9a68d7f9b81c,7500kbps_2160p_59_94fps_hevc,vegetables_tuil@display=center_crop_720p
7500kbps_2160p_59_94fps_vp9,40000kbps_2160p_59_94fps_h264,c6c7340e-5a8e-45d8-b2f9-2c2635477303,7500kbps_2160p_59_94fps_vp9,cutting_orange_tuil@display=center_crop_720p
,40000kbps_2160p_59_94fps_h264,8257a2b4-115d-4a2e-a28e-c0e3549f4a3b,7500kbps_2160p_59_94fps_vp9,cutting_orange_tuil@display=center_crop_720p
7500kbps_2160p_59_94fps_vp9,7500kbps_2160p_59_94fps_vp9,c6c7340e-5a8e-45d8-b2f9-2c2635477303,40000kbps_2160p_59_94fps_h264,cutting_orange_tuil@display=center_crop_720p
7500kbps_2160p_59_94fps_vp9,7500kbps_2160p_59_94fps_vp9,92c90711-64d1-4c94-935d-226159558385,40000kbps_2160p_59_94fps_h264,cutting_orange_tuil@display=center_crop_720p
7500kbps_2160p_59_94fps_vp9,40000kbps_2160p_59_94fps_h264,e18eb56d-39ea-408a-b9a3-fc88439e769c,7500kbps_2160p_59_94fps_vp9,cutting_orange_tuil@display=center_crop_720p
,7500kbps_2160p_59_94fps_vp9,a216d5c0-ae1d-448e-b6ad-8c9fbbbd29d9,40000kbps_2160p_59_94fps_h264,cutting_orange_tuil@display=center_crop_720p
40000kbps_2160p_59_94fps_h264,7500kbps_2160p_59_94fps_vp9,e18eb56d-39ea-408a-b9a3-fc88439e769c,40000kbps_2160p_59_94fps_h264,cutting_orange_tuil@display=center_crop_720p
40000kbps_2160p_59_94fps_h264,40000kbps_2160p_59_94fps_h264,a216d5c0-ae1d-448e-b6ad-8c9fbbbd29d9,7500kbps_2160p_59_94fps_vp9,cutting_orange_tuil@display=center_crop_720p
,7500kbps_2160p_59_94fps_vp9,4ef67531-8da0-4b5a-b7f5-7633ad221a92,40000kbps_2160p_59_94fps_h264,cutting_orange_tuil@display=center_crop_720p
7500kbps_2160p_59_94fps_vp9,7500kbps_2160p_59_94fps_vp9,c6c7340e-5a8e-45d8-b2f9-2c2635477303,40000kbps_2160p_59_94fps_h264,cutting_orange_tuil@display=center_crop_720p
22229kbps_2160p_59_94fps_h264,3484kbps_2160p_59_94fps_h264,65d93164-9167-4017-b686-d6408294b610,22229kbps_2160p_59_94fps_h264,cutting_orange_tuil_8s@display=center_crop_720p
22229kbps_2160p_59_94fps_h264,3484kbps_2160p_59_94fps_h264,1e5f1b62-657f-4f0b-8ba6-975cd9482d45,22229kbps_2160p_59_94fps_h264,cutting_orange_tuil_8s@display=center_crop_720p
22229kbps_2160p_59_94fps_h264,22229kbps_2160p_59_94fps_h264,ecf11ca3-bed9-43d6-b9c5-b886be71c3a4,3484kbps_2160p_59_94fps_h264,cutting_orange_tuil_8s@display=center_crop_720p
3484kbps_2160p_59_94fps_h264,3484kbps_2160p_59_94fps_h264,466e0b6f-df81-437f-8698-a8b268ef3133,22229kbps_2160p_59_94fps_h264,cutting_orange_tuil_8s@display=center_crop_720p
22229kbps_2160p_59_94fps_h264,3484kbps_2160p_59_94fps_h264,3c8ceb97-7ebb-42f7-b865-78735f9061e1,22229kbps_2160p_59_94fps_h264,cutting_orange_tuil_8s@display=center_crop_720p
3484kbps_2160p_59_94fps_h264,3484kbps_2160p_59_94fps_h264,7209ecef-2a7a-49e9-bb2b-0b91ef6a7a7a,22229kbps_2160p_59_94fps_h264,cutting_orange_tuil_8s@display=center_crop_720p
22229kbps_2160p_59_94fps_h264,3484kbps_2160p_59_94fps_h264,4ef67531-8da0-4b5a-b7f5-7633ad221a92,22229kbps_2160p_59_94fps_h264,cutting_orange_tuil_8s@display=center_crop_720p
22229kbps_2160p_59_94fps_h264,22229kbps_2160p_59_94fps_h264,92c90711-64d1-4c94-935d-226159558385,3484kbps_2160p_59_94fps_h264,cutting_orange_tuil_8s@display=center_crop_720p
22229kbps_2160p_59_94fps_h264,22229kbps_2160p_59_94fps_h264,1a58b274-8bac-44b3-9cbc-75790a91e28c,3484kbps_2160p_59_94fps_h264,cutting_orange_tuil_8s@display=center_crop_720p
22229kbps_2160p_59_94fps_h264,3484kbps_2160p_59_94fps_h264,72d9bb0c-c247-4367-b884-db4d1deb1646,22229kbps_2160p_59_94fps_h264,cutting_orange_tuil_8s@display=center_crop_720p
3484kbps_2160p_60_0fps_h264,3484kbps_2160p_60_0fps_h264,28efa54f-6e1e-4f4a-96fa-fadf9ad49af1,59720kbps_2160p_60_0fps_h264,Dancers_8s@display=center_crop_720p
3484kbps_2160p_60_0fps_h264,59720kbps_2160p_60_0fps_h264,e2c4da3f-5fda-4a23-851b-0bafcd0106c7,3484kbps_2160p_60_0fps_h264,Dancers_8s@display=center_crop_720p
3484kbps_2160p_60_0fps_h264,3484kbps_2160p_60_0fps_h264,b1150c1e-fab1-4c1f-b251-5c387398b340,59720kbps_2160p_60_0fps_h264,Dancers_8s@display=center_crop_720p
3484kbps_2160p_60_0fps_h264,3484kbps_2160p_60_0fps_h264,09fa6237-0870-4117-b13c-fcb18fa8af27,59720kbps_2160p_60_0fps_h264,Dancers_8s@display=center_crop_720p
,3484kbps_2160p_60_0fps_h264,0fb7ad6a-9c5b-48ca-9926-b72c3fd97b2a,59720kbps_2160p_60_0fps_h264,Dancers_8s@display=center_crop_720p
59720kbps_2160p_60_0fps_h264,59720kbps_2160p_60_0fps_h264,ec8f18b5-396a-4035-983d-14bd32d5820d,3484kbps_2160p_60_0fps_h264,Dancers_8s@display=center_crop_720p
3484kbps_2160p_60_0fps_h264,3484kbps_2160p_60_0fps_h264,ec8f18b5-396a-4035-983d-14bd32d5820d,59720kbps_2160p_60_0fps_h264,Dancers_8s@display=center_crop_720p
3484kbps_2160p_60_0fps_h264,3484kbps_2160p_60_0fps_h264,a216d5c0-ae1d-448e-b6ad-8c9fbbbd29d9,59720kbps_2160p_60_0fps_h264,Dancers_8s@display=center_crop_720p
,3484kbps_2160p_60_0fps_h264,ae45c31e-3d1e-4962-a836-840eeca23682,59720kbps_2160p_60_0fps_h264,Dancers_8s@display=center_crop_720p
3484kbps_2160p_60_0fps_h264,3484kbps_2160p_60_0fps_h264,e957b267-7ce1-47fb-9564-cfe27b8b6646,59720kbps_2160p_60_0fps_h264,Dancers_8s@display=center_crop_720p
