answer,left_method,participant,right_method,test_case
A_02_03,A_02_03,12b70005-a6df-428d-ba8d-61bfcca6b3e6,V_02_02,S06@display=downscale_720p
,A_02_03,426e4e11-dbc4-47c8-a89b-2ed4d3cb597e,V_02_02,S06@display=downscale_720p
A_02_03,A_02_03,d58415da-0d3b-4742-8e5c-6bb87c037164,V_02_02,S06@display=downscale_720p
V_02_02,V_02_02,359f8cd0-ea83-4173-9c1d-adc016cd83bf,A_02_03,S06@display=downscale_720p
V_02_02,V_02_02,12b70005-a6df-428d-ba8d-61bfcca6b3e6,A_02_03,S06@display=downscale_720p
A_02_03,A_02_03,d58415da-0d3b-4742-8e5c-6bb87c037164,V_02_02,S06@display=downscale_720p
V_02_02,V_02_02,e32f3dd3-7c36-4fb5-aae3-e1dc8cf0a68a,A_02_03,S06@display=downscale_720p
,A_02_03,c7b79199-ca4b-4048-a7d5-4401ff5a49bc,V_02_02,S06@display=downscale_720p
A_02_03,A_02_03,2be14a99-818f-473e-89cc-8f1746a971e3,V_02_02,S06@display=downscale_720p
,V_02_02,e6ff5fc3-0b24-47f9-9c52-d9a3d37c9148,A_02_03,S06@display=downscale_720p
H_02_04,A_02_04,7e165902-842d-414b-8140-1eda62ac6084,H_02_04,S07@display=downscale_720p
,H_02_04,e06ce932-d5fa-4f96-869c-cc3e9e04563a,A_02_04,S07@display=downscale_720p
H_02_04,H_02_04,f59f4a55-0e1a-4271-b953-522aa311d7c2,A_02_04,S07@display=downscale_720p
H_02_04,A_02_04,c3ba8c76-10c3-4e6d-a9b4-5b0da7f8e7ed,H_02_04,S07@display=downscale_720p
H_02_04,A_02_04,1d9a55c4-5c4b-4c0e-819f-895b41ba9e34,H_02_04,S07@display=downscale_720p
H_02_04,H_02_04,d1a0ff66-a122-4ee7-ab14-21885df890cc,A_02_04,S07@display=downscale_720p
H_02_04,H_02_04,980d2d8b-ef14-4422-9c2e-7fe3cf484d55,A_02_04,S07@display=downscale_720p
H_02_04,H_02_04,5b9ca96e-edc8-405a-a9be-1287556f79d0,A_02_04,S07@display=downscale_720p
H_02_04,A_02_04,dab2b15c-9662-4b7b-9096-0a5c8a1a239c,H_02_04,S07@display=downscale_720p
H_02_04,A_02_04,5edb57c4-b7b8-4894-a068-153dee269cc9,H_02_04,S07@display=downscale_720p
V_02_02,A_02_04,2d3f4833-6f28-45dd-9bf3-fbf1b248567b,V_02_02,S05@display=downscale_720p
V_02_02,V_02_02,46a4e78f-d4fc-4fd0-a6be-a06f2aa2bc5c,A_02_04,S05@display=downscale_720p
V_02_02,A_02_04,151fa694-7e29-4fdd-b333-3af72af29b59,V_02_02,S05@display=downscale_720p
V_02_02,A_02_04,501e8cf2-7ae2-4e2a-a7f6-84d5b2d3a2b8,V_02_02,S05@display=downscale_720p
V_02_02,V_02_02,0ec4d086-2348-4fdb-9d61-f799c0e71d0d,A_02_04,S05@display=downscale_720p
V_02_02,A_02_04,1777dbd7-4e7a-428e-aa4a-c2ea051358a7,V_02_02,S05@display=downscale_720p
V_02_02,A_02_04,aea7d3f7-d4cf-4563-a756-091c9b73e566,V_02_02,S05@display=downscale_720p
V_02_02,A_02_04,4907a83e-7fbc-43f4-b2e8-6af4eac64a3f,V_02_02,S05@display=downscale_720p
V_02_02,A_02_04,46a4e78f-d4fc-4fd0-a6be-a06f2aa2bc5c,V_02_02,S05@display=downscale_720p
V_02_02,A_02_04,abfc0a67-2b4a-46b4-a852-ebb494a7a48a,V_02_02,S05@display=downscale_720p
H_02_02,H_02_02,9f963951-635a-4042-a6b5-e243a1381162,H_02_04,S05@display=downscale_720p
H_02_02,H_02_04,5c17d573-7890-4777-af93-210e73e46398,H_02_02,S05@display=downscale_720p
H_02_02,H_02_02,f23c238b-c6fd-4b79-9621-659d5e566199,H_02_04,S05@display=downscale_720p
H_02_02,H_02_02,92192d18-7dae-4af5-9bfd-3b6ab0bf7eb5,H_02_04,S05@display=downscale_720p
H_02_02,H_02_04,004b6139-6c81-45b2-9391-18688c331f62,H_02_02,S05@display=downscale_720p
H_02_02,H_02_02,7508c3e9-5ed3-45cd-ad54-39e3b622eb2b,H_02_04,S05@display=downscale_720p
H_02_02,H_02_02,4b5adfad-5fe8-43f2-9582-f747c6b12739,H_02_04,S05@display=downscale_720p
H_02_02,H_02_02,91c358be-3404-4c42-ae47-e5c1c9db0340,H_02_04,S05@display=downscale_720p
H_02_02,H_02_02,cc358bbb-e39a-4d44-9a97-d3d999119b26,H_02_04,S05@display=downscale_720p
H_02_02,H_02_04,6969072a-1fb0-41af-a4cb-dadc3bbef231,H_02_02,S05@display=downscale_720p
,H_02_03,2830b99e-f318-4d99-93fe-f2016795d39f,A_02_02,S08@display=downscale_720p
,A_02_02,35b15a79-96be-4c2d-bfd4-4df6869aa64f,H_02_03,S08@display=downscale_720p
,H_02_03,2830b99e-f318-4d99-93fe-f2016795d39f,A_02_02,S08@display=downscale_720p
,A_02_02,67b6f57b-d672-41b5-a803-6f71cf06c370,H_02_03,S08@display=downscale_720p
,A_02_02,2367618d-fdb1-4a3c-98cf-155b1b95c446,H_02_03,S08@display=downscale_720p
A_02_02,A_02_02,81dd0d37-aee0-42fb-8a8d-4e4506093702,H_02_03,S08@display=downscale_720p
A_02_02,H_02_03,fe9c4979-ae46-4523-9b87-d5d4993bd930,A_02_02,S08@display=downscale_720p
,A_02_02,09405b52-5b6a-4fde-84c6-007c1669658d,H_02_03,S08@display=downscale_720p
,H_02_03,46a4e78f-d4fc-4fd0-a6be-a06f2aa2bc5c,A_02_02,S08@display=downscale_720p
A_02_02,H_02_03,f26c40ba-4533-45e9-ba77-0d4eef61ffff,A_02_02,S08@display=downscale_720p
,V_02_02,ad9c36d7-964f-42ad-aaf8-fba03f1ff2a3,H_02_03,S06@display=downscale_720p
V_02_02,V_02_02,ac8558b8-e03d-408b-aec0-5142f76320d1,H_02_03,S06@display=downscale_720p
V_02_02,V_02_02,b17720dd-7282-4c5e-bd93-2d1437ff43f9,H_02_03,S06@display=downscale_720p
,V_02_02,22c8577a-31f9-44b4-a7f4-3435c213e41b,H_02_03,S06@display=downscale_720p
V_02_02,H_02_03,75be14b8-091b-4640-9769-677f989f7497,V_02_02,S06@display=downscale_720p
H_02_03,H_02_03,3f1305a3-086f-4252-b7ce-53b1c154a042,V_02_02,S06@display=downscale_720p
V_02_02,H_02_03,39e9fdb1-798e-4fed-8091-5110c3c6f56b,V_02_02,S06@display=downscale_720p
,V_02_02,22c8577a-31f9-44b4-a7f4-3435c213e41b,H_02_03,S06@display=downscale_720p
,V_02_02,ad9c36d7-964f-42ad-aaf8-fba03f1ff2a3,H_02_03,S06@display=downscale_720p
H_02_03,V_02_02,3f1305a3-086f-4252-b7ce-53b1c154a042,H_02_03,S06@display=downscale_720p
H_02_02,V_02_03,ed656c2a-3ba5-4e8d-a6df-275e0dd59504,H_02_02,S03@display=downscale_720p
,V_02_03,f59f4a55-0e1a-4271-b953-522aa311d7c2,H_02_02,S03@display=downscale_720p
,V_02_03,b9d4f06a-7f19-40bd-b309-fc0ad6ac1c49,H_02_02,S03@display=downscale_720p
V_02_03,H_02_02,ac8558b8-e03d-408b-aec0-5142f76320d1,V_02_03,S03@display=downscale_720p
H_02_02,H_02_02,aa644288-c42b-4a56-a4d8-05c86f0fb5b0,V_02_03,S03@display=downscale_720p
,H_02_02,2c6915d3-251a-4678-949c-70a2c049d32e,V_02_03,S03@display=downscale_720p
,V_02_03,34707dfa-03c1-46c6-8469-2ad5e2a75dd9,H_02_02,S03@display=downscale_720p
H_02_02,V_02_03,633a38ff-cc65-4a94-a1d9-5c35c67a21a8,H_02_02,S03@display=downscale_720p
H_02_02,V_02_03,d992b125-40c1-4357-872b-73274cb051cd,H_02_02,S03@display=downscale_720p
,H_02_02,0dc209d4-6e43-4cda-9e48-3accddc24931,V_02_03,S03@display=downscale_720p
,V_02_04,b17720dd-7282-4c5e-bd93-2d1437ff43f9,A_02_02,S10@display=downscale_720p
,V_02_04,115bfc14-3f67-4fbc-a02f-2c7c0cb50b0a,A_02_02,S10@display=downscale_720p
,V_02_04,4b48e5e8-e693-4fe9-ba01-b22cb81aa8bd,A_02_02,S10@display=downscale_720p
A_02_02,A_02_02,5601f7fa-86bb-4b0a-9fc4-e7c3404e5f28,V_02_04,S10@display=downscale_720p
A_02_02,A_02_02,0d2c4c75-95d6-4c40-ac11-5463bca1b2c6,V_02_04,S10@display=downscale_720p
V_02_04,V_02_04,e32f3dd3-7c36-4fb5-aae3-e1dc8cf0a68a,A_02_02,S10@display=downscale_720p
A_02_02,A_02_02,b48a7d27-dbb3-4dab-b77e-fb4757611c16,V_02_04,S10@display=downscale_720p
V_02_04,A_02_02,0124b04b-e359-4184-b6a0-da12c7c76566,V_02_04,S10@display=downscale_720p
V_02_04,V_02_04,7cecfc70-f282-45bb-bb6d-b43bb11e8693,A_02_02,S10@display=downscale_720p
,V_02_04,76400555-85ab-449d-bd91-0ade26cf3f46,A_02_02,S10@display=downscale_720p
A_02_02,V_02_02,cc358bbb-e39a-4d44-9a97-d3d999119b26,A_02_02,S03@display=downscale_720p
V_02_02,A_02_02,e2014108-7d49-48aa-93f7-a6a6e87e4de0,V_02_02,S03@display=downscale_720p
V_02_02,V_02_02,7281b363-d9df-473c-a908-34e21d61cea7,A_02_02,S03@display=downscale_720p
,V_02_02,99a13978-779c-4f98-b4ad-0f0566418b9b,A_02_02,S03@display=downscale_720p
A_02_02,A_02_02,b909efd4-a623-4b1f-9d6d-d4c465f57728,V_02_02,S03@display=downscale_720p
V_02_02,A_02_02,0c471fc5-6253-400a-8019-939664ba4f48,V_02_02,S03@display=downscale_720p
,A_02_02,01852884-a947-4c2c-85ff-307e2abb7614,V_02_02,S03@display=downscale_720p
V_02_02,V_02_02,7c3c9252-851e-49ba-9f19-b5fa8809afb7,A_02_02,S03@display=downscale_720p
,V_02_02,2863b9e0-1669-4631-807d-c2c363263414,A_02_02,S03@display=downscale_720p
,V_02_02,27cd9dc7-b01c-4d06-92fb-54e970ec0db8,A_02_02,S03@display=downscale_720p
,H_02_02,046725dd-5a21-4668-8e86-9a7db790b6d3,V_02_04,S03@display=downscale_720p
H_02_02,V_02_04,523043f5-9106-47c8-b29b-2daca46b50e3,H_02_02,S03@display=downscale_720p
H_02_02,H_02_02,8180a7d8-329f-42c1-a7ae-5b3575825b57,V_02_04,S03@display=downscale_720p
V_02_04,V_02_04,4ace5472-fa2f-4b27-8bc5-2fdf8e767183,H_02_02,S03@display=downscale_720p
H_02_02,H_02_02,62c3fd4a-82ac-482c-b0fa-af499b863ce9,V_02_04,S03@display=downscale_720p
H_02_02,V_02_04,87fe6cf8-2e5e-4a97-895f-eba07df630f2,H_02_02,S03@display=downscale_720p
,V_02_04,5b9ca96e-edc8-405a-a9be-1287556f79d0,H_02_02,S03@display=downscale_720p
H_02_02,V_02_04,2367f3ed-e120-4711-8aa8-81a3760539ae,H_02_02,S03@display=downscale_720p
H_02_02,H_02_02,d247734f-4de1-4d75-a245-f135411e9f25,V_02_04,S03@display=downscale_720p
H_02_02,V_02_04,2367f3ed-e120-4711-8aa8-81a3760539ae,H_02_02,S03@display=downscale_720p
H_02_03,H_02_04,e32f3dd3-7c36-4fb5-aae3-e1dc8cf0a68a,H_02_03,S01@display=downscale_720p
H_02_03,H_02_03,d466a786-4e11-400b-a740-823d4a45fbe1,H_02_04,S01@display=downscale_720p
H_02_03,H_02_04,bdaf5754-8eef-48e4-9ce3-678bdfc61728,H_02_03,S01@display=downscale_720p
H_02_03,H_02_03,e713c07c-f559-49c0-b156-126cb2444ec3,H_02_04,S01@display=downscale_720p
H_02_03,H_02_04,6f5a526a-943c-46c1-92ec-b897f48d5414,H_02_03,S01@display=downscale_720p
H_02_03,H_02_04,ff49978d-4e66-4720-95e7-900003c132dc,H_02_03,S01@display=downscale_720p
H_02_03,H_02_04,4b6c9fed-8e80-472a-88d2-0649b5334c5c,H_02_03,S01@display=downscale_720p
H_02_03,H_02_03,0124b04b-e359-4184-b6a0-da12c7c76566,H_02_04,S01@display=downscale_720p
H_02_03,H_02_03,62c3fd4a-82ac-482c-b0fa-af499b863ce9,H_02_04,S01@display=downscale_720p
H_02_03,H_02_04,2863b9e0-1669-4631-807d-c2c363263414,H_02_03,S01@display=downscale_720p
V_02_04,V_02_04,015ccc61-902b-4576-bbbc-793c195ac663,A_02_04,S04@display=downscale_720p
V_02_04,V_02_04,fea02753-fd51-42ba-93e9-cfe01ef2e123,A_02_04,S04@display=downscale_720p
V_02_04,V_02_04,d58415da-0d3b-4742-8e5c-6bb87c037164,A_02_04,S04@display=downscale_720p
V_02_04,A_02_04,7597850a-f1d3-42d6-ab3b-b865d992b156,V_02_04,S04@display=downscale_720p
V_02_04,A_02_04,e35c222a-ca42-4e79-b826-fb013a16cd3b,V_02_04,S04@display=downscale_720p
V_02_04,A_02_04,cd7ef5e4-e2dc-40cf-b81a-7945ea42aaf9,V_02_04,S04@display=downscale_720p
V_02_04,V_02_04,f105f8f2-5456-409d-aaa5-4476f5078e95,A_02_04,S04@display=downscale_720p
V_02_04,A_02_04,e32f3dd3-7c36-4fb5-aae3-e1dc8cf0a68a,V_02_04,S04@display=downscale_720p
V_02_04,V_02_04,bf0b50c6-99a6-4cd9-b8b1-2c46e8d3d05f,A_02_04,S04@display=downscale_720p
V_02_04,A_02_04,a091e662-a14d-4153-92ca-d5583400ef5c,V_02_04,S04@display=downscale_720p
V_02_03,A_02_04,50c199f7-d5da-4378-986a-a6a50ecfb09e,V_02_03,S06@display=downscale_720p
V_02_03,A_02_04,d5a3e1ad-00e0-427b-8a71-63e7537a7fee,V_02_03,S06@display=downscale_720p
V_02_03,A_02_04,7cecfc70-f282-45bb-bb6d-b43bb11e8693,V_02_03,S06@display=downscale_720p
V_02_03,A_02_04,b3c5e38d-d6be-421e-82f1-c2af9f0a9b1f,V_02_03,S06@display=downscale_720p
A_02_04,V_02_03,61f9b93c-28ea-4339-b1ab-8b1078194f84,A_02_04,S06@display=downscale_720p
V_02_03,A_02_04,f2f84753-d2ab-421d-9862-7eb460f017dd,V_02_03,S06@display=downscale_720p
V_02_03,V_02_03,025bf8ad-20ed-460e-b171-dcd9f706ea21,A_02_04,S06@display=downscale_720p
V_02_03,V_02_03,cdd5d00d-a990-4f18-bf7f-7ed617f9ae7a,A_02_04,S06@display=downscale_720p
A_02_04,V_02_03,f0493ed9-747e-4df2-889d-da35430b30b9,A_02_04,S06@display=downscale_720p
V_02_03,A_02_04,af130f56-b985-4bb4-9326-69ccb7114bd0,V_02_03,S06@display=downscale_720p
,H_02_02,7c3c9252-851e-49ba-9f19-b5fa8809afb7,A_02_03,S06@display=downscale_720p
H_02_02,A_02_03,a1a4adb4-7d93-44de-b98c-e6966fc2b691,H_02_02,S06@display=downscale_720p
,H_02_02,af130f56-b985-4bb4-9326-69ccb7114bd0,A_02_03,S06@display=downscale_720p
,A_02_03,a033a052-dae1-4886-b9ff-63d3d2eba248,H_02_02,S06@display=downscale_720p
A_02_03,A_02_03,fcb759db-077e-40a0-8397-81eba10d523d,H_02_02,S06@display=downscale_720p
H_02_02,H_02_02,e32f3dd3-7c36-4fb5-aae3-e1dc8cf0a68a,A_02_03,S06@display=downscale_720p
H_02_02,H_02_02,e06ce932-d5fa-4f96-869c-cc3e9e04563a,A_02_03,S06@display=downscale_720p
,A_02_03,151fa694-7e29-4fdd-b333-3af72af29b59,H_02_02,S06@display=downscale_720p
A_02_03,H_02_02,4646db8b-4471-4610-b7a9-5996112c40ed,A_02_03,S06@display=downscale_720p
,H_02_02,91c3b79f-9c12-40b8-bf7f-b956a2497abd,A_02_03,S06@display=downscale_720p
V_02_02,A_02_04,abfc0a67-2b4a-46b4-a852-ebb494a7a48a,V_02_02,S06@display=downscale_720p
V_02_02,A_02_04,2830b99e-f318-4d99-93fe-f2016795d39f,V_02_02,S06@display=downscale_720p
V_02_02,A_02_04,f23c238b-c6fd-4b79-9621-659d5e566199,V_02_02,S06@display=downscale_720p
V_02_02,A_02_04,974e8a16-3e5b-4c18-84d6-ca526197aadf,V_02_02,S06@display=downscale_720p
V_02_02,A_02_04,9be95918-d2cc-4c83-af87-146d182978cd,V_02_02,S06@display=downscale_720p
V_02_02,A_02_04,2b95f184-0d31-4a7a-8930-8f80a295c09f,V_02_02,S06@display=downscale_720p
V_02_02,V_02_02,b7217dd5-8d42-42dd-81b6-2d1172432ca0,A_02_04,S06@display=downscale_720p
V_02_02,V_02_02,1777dbd7-4e7a-428e-aa4a-c2ea051358a7,A_02_04,S06@display=downscale_720p
V_02_02,V_02_02,e9c1f5d2-c00a-4e9f-bb60-46bb2ca03d5a,A_02_04,S06@display=downscale_720p
V_02_02,A_02_04,d247734f-4de1-4d75-a245-f135411e9f25,V_02_02,S06@display=downscale_720p
A_02_03,A_02_04,cdd5d00d-a990-4f18-bf7f-7ed617f9ae7a,A_02_03,S02@display=downscale_720p
A_02_03,A_02_04,18d4cdcc-f23f-46d8-9e4e-b3dca53841f1,A_02_03,S02@display=downscale_720p
A_02_03,A_02_03,25af761c-f297-4ed6-b56d-35420ac03265,A_02_04,S02@display=downscale_720p
,A_02_04,7f538841-5634-40d2-984b-d2b9a8f3de37,A_02_03,S02@display=downscale_720p
A_02_03,A_02_04,5c17d573-7890-4777-af93-210e73e46398,A_02_03,S02@display=downscale_720p
A_02_03,A_02_04,abfc0a67-2b4a-46b4-a852-ebb494a7a48a,A_02_03,S02@display=downscale_720p
A_02_03,A_02_03,b944f82a-f4c6-4ff2-8592-7a12cb9ebe40,A_02_04,S02@display=downscale_720p
A_02_03,A_02_03,a033a052-dae1-4886-b9ff-63d3d2eba248,A_02_04,S02@display=downscale_720p
A_02_03,A_02_03,5185a614-084e-4588-97f8-e668ba517913,A_02_04,S02@display=downscale_720p
A_02_03,A_02_03,64ee7c47-a880-4870-b90f-98b2cea3d108,A_02_04,S02@display=downscale_720p
V_02_04,V_02_04,8180a7d8-329f-42c1-a7ae-5b3575825b57,H_02_04,S07@display=downscale_720p
V_02_04,V_02_04,e713c07c-f559-49c0-b156-126cb2444ec3,H_02_04,S07@display=downscale_720p
H_02_04,V_02_04,92192d18-7dae-4af5-9bfd-3b6ab0bf7eb5,H_02_04,S07@display=downscale_720p
V_02_04,V_02_04,e9c1f5d2-c00a-4e9f-bb60-46bb2ca03d5a,H_02_04,S07@display=downscale_720p
V_02_04,H_02_04,8180a7d8-329f-42c1-a7ae-5b3575825b57,V_02_04,S07@display=downscale_720p
V_02_04,H_02_04,5376bff7-8314-47b3-bf62-208e5cce0672,V_02_04,S07@display=downscale_720p
,H_02_04,eda1f4cf-9647-482a-b01d-f80255a254c7,V_02_04,S07@display=downscale_720p
V_02_04,H_02_04,abfc0a67-2b4a-46b4-a852-ebb494a7a48a,V_02_04,S07@display=downscale_720p
V_02_04,V_02_04,e9c1f5d2-c00a-4e9f-bb60-46bb2ca03d5a,H_02_04,S07@display=downscale_720p
,V_02_04,50aee958-2dac-4fb9-934a-1edfbdb50d2a,H_02_04,S07@display=downscale_720p
,V_02_03,443d8774-8270-4b8c-91b9-ed2d891e11d5,H_02_02,S01@display=downscale_720p
V_02_03,H_02_02,01852884-a947-4c2c-85ff-307e2abb7614,V_02_03,S01@display=downscale_720p
V_02_03,H_02_02,597c5631-bb4e-4a24-9d35-0a90490ca8ea,V_02_03,S01@display=downscale_720p
V_02_03,H_02_02,7a5ca0c3-3747-49fa-bd9e-ded4ad1b2467,V_02_03,S01@display=downscale_720p
H_02_02,H_02_02,d5cbdc09-bb32-4ef6-a6dc-b39a9ab3c2df,V_02_03,S01@display=downscale_720p
H_02_02,V_02_03,01852884-a947-4c2c-85ff-307e2abb7614,H_02_02,S01@display=downscale_720p
,H_02_02,dd9c319b-f12e-454f-a3b2-f239c0297c0c,V_02_03,S01@display=downscale_720p
,H_02_02,92201585-84e2-4317-944a-701bd5553360,V_02_03,S01@display=downscale_720p
H_02_02,V_02_03,1bd22fc7-a2a1-4de4-a8f8-cdef83feac23,H_02_02,S01@display=downscale_720p
,V_02_03,78cdaf7e-0824-4579-ada3-09888130112c,H_02_02,S01@display=downscale_720p
A_02_02,H_02_02,6c1ab2d7-885f-4fa7-8fd3-1c3b2a898440,A_02_02,S06@display=downscale_720p
,H_02_02,ad8ba8d3-0bb4-4e6a-a415-9c880e1e1c46,A_02_02,S06@display=downscale_720p
A_02_02,H_02_02,8180a7d8-329f-42c1-a7ae-5b3575825b57,A_02_02,S06@display=downscale_720p
H_02_02,A_02_02,4dccc560-01dc-4255-8bd2-cf5468d31ef5,H_02_02,S06@display=downscale_720p
,H_02_02,09d84466-5124-4f82-89a6-15b1d61ec65d,A_02_02,S06@display=downscale_720p
,A_02_02,c80968f4-c72a-4870-b08d-c0423e41cc6e,H_02_02,S06@display=downscale_720p
H_02_02,H_02_02,f2f84753-d2ab-421d-9862-7eb460f017dd,A_02_02,S06@display=downscale_720p
,H_02_02,14bb97de-dd82-4fb2-ad70-1abfe83f218c,A_02_02,S06@display=downscale_720p
A_02_02,A_02_02,088c86e2-3fd3-4a6f-9857-2cff6fa9775d,H_02_02,S06@display=downscale_720p
H_02_02,H_02_02,7cecfc70-f282-45bb-bb6d-b43bb11e8693,A_02_02,S06@display=downscale_720p
V_02_02,V_02_04,5ac17039-13a5-4c1e-90d6-247106a99f31,V_02_02,S03@display=downscale_720p
,V_02_02,7508c3e9-5ed3-45cd-ad54-39e3b622eb2b,V_02_04,S03@display=downscale_720p
V_02_02,V_02_04,633a38ff-cc65-4a94-a1d9-5c35c67a21a8,V_02_02,S03@display=downscale_720p
,V_02_04,484e5cb8-bd83-47db-aab1-b20bf1c2220a,V_02_02,S03@display=downscale_720p
,V_02_04,5b61bc78-7229-4ed3-8ae5-30c5bdc6194d,V_02_02,S03@display=downscale_720p
V_02_02,V_02_02,dea42000-fbbf-4a4d-adce-3d2329efe3d5,V_02_04,S03@display=downscale_720p
,V_02_04,b48a7d27-dbb3-4dab-b77e-fb4757611c16,V_02_02,S03@display=downscale_720p
V_02_02,V_02_04,633a38ff-cc65-4a94-a1d9-5c35c67a21a8,V_02_02,S03@display=downscale_720p
V_02_02,V_02_02,18d4cdcc-f23f-46d8-9e4e-b3dca53841f1,V_02_04,S03@display=downscale_720p
,V_02_04,b07727d6-9c7b-4391-9d1a-666a899757d3,V_02_02,S03@display=downscale_720p
H_02_04,A_02_04,ff49978d-4e66-4720-95e7-900003c132dc,H_02_04,S03@display=downscale_720p
H_02_04,A_02_04,e4445dfc-1097-4661-acd7-d2773cd94345,H_02_04,S03@display=downscale_720p
H_02_04,A_02_04,25af761c-f297-4ed6-b56d-35420ac03265,H_02_04,S03@display=downscale_720p
H_02_04,H_02_04,8869bf03-8942-4a5a-b407-e3b264346c33,A_02_04,S03@display=downscale_720p
H_02_04,A_02_04,c3ba8c76-10c3-4e6d-a9b4-5b0da7f8e7ed,H_02_04,S03@display=downscale_720p
H_02_04,H_02_04,5601f7fa-86bb-4b0a-9fc4-e7c3404e5f28,A_02_04,S03@display=downscale_720p
H_02_04,A_02_04,71b0eb8c-7f7c-494f-a027-93ab652b5055,H_02_04,S03@display=downscale_720p
H_02_04,H_02_04,01852884-a947-4c2c-85ff-307e2abb7614,A_02_04,S03@display=downscale_720p
H_02_04,A_02_04,beb4de2b-2cc8-47e5-9068-ce1a2cdefc80,H_02_04,S03@display=downscale_720p
H_02_04,A_02_04,ad8ba8d3-0bb4-4e6a-a415-9c880e1e1c46,H_02_04,S03@display=downscale_720p
H_02_04,H_02_04,4c1d6729-79d3-4539-ad31-bed60d1c7700,A_02_04,S01@display=downscale_720p
H_02_04,H_02_04,bd1e0a6c-81f0-46fc-88c7-05c6fc0df81c,A_02_04,S01@display=downscale_720p
H_02_04,A_02_04,974b2130-86a2-4eee-a80e-3aca4ad239ee,H_02_04,S01@display=downscale_720p
H_02_04,A_02_04,a1a4adb4-7d93-44de-b98c-e6966fc2b691,H_02_04,S01@display=downscale_720p
H_02_04,H_02_04,115bfc14-3f67-4fbc-a02f-2c7c0cb50b0a,A_02_04,S01@display=downscale_720p
H_02_04,A_02_04,0d2c4c75-95d6-4c40-ac11-5463bca1b2c6,H_02_04,S01@display=downscale_720p
H_02_04,A_02_04,82fe0f50-d0ba-4979-bcd0-32db2a2d16db,H_02_04,S01@display=downscale_720p
H_02_04,H_02_04,42eff959-1824-45fb-bb1d-d7d1970c7aa7,A_02_04,S01@display=downscale_720p
,H_02_04,61f9b93c-28ea-4339-b1ab-8b1078194f84,A_02_04,S01@display=downscale_720p
H_02_04,A_02_04,d992b125-40c1-4357-872b-73274cb051cd,H_02_04,S01@display=downscale_720p
,V_02_03,b9b8f498-34b8-48f4-9d1b-4e581b0d87a6,A_02_03,S05@display=downscale_720p
V_02_03,A_02_03,b56e44ae-c42b-4536-a130-309b99e17463,V_02_03,S05@display=downscale_720p
A_02_03,V_02_03,04b834bc-ff4d-4ca6-addf-dd2a2c0a42b8,A_02_03,S05@display=downscale_720p
V_02_03,A_02_03,e5326dba-7341-4b2b-97c2-e58d2675a729,V_02_03,S05@display=downscale_720p
,A_02_03,26fa09ee-9e96-4d24-b10e-fcc343833d26,V_02_03,S05@display=downscale_720p
V_02_03,V_02_03,80d0705c-47d0-44e8-b745-5cc04f35dfa6,A_02_03,S05@display=downscale_720p
V_02_03,A_02_03,2ad28540-7d47-4a90-853b-33ea9e83e9fd,V_02_03,S05@display=downscale_720p
A_02_03,A_02_03,597c5631-bb4e-4a24-9d35-0a90490ca8ea,V_02_03,S05@display=downscale_720p
V_02_03,A_02_03,fe9c4979-ae46-4523-9b87-d5d4993bd930,V_02_03,S05@display=downscale_720p
,A_02_03,92201585-84e2-4317-944a-701bd5553360,V_02_03,S05@display=downscale_720p
A_02_03,V_02_04,015d8816-e9dc-4727-ab87-e4f24ac190f9,A_02_03,S01@display=downscale_720p
V_02_04,A_02_03,5ac17039-13a5-4c1e-90d6-247106a99f31,V_02_04,S01@display=downscale_720p
,V_02_04,35b15a79-96be-4c2d-bfd4-4df6869aa64f,A_02_03,S01@display=downscale_720p
A_02_03,A_02_03,13f7f2a8-6a09-4d94-bb8e-9be167d14f2d,V_02_04,S01@display=downscale_720p
A_02_03,A_02_03,d247734f-4de1-4d75-a245-f135411e9f25,V_02_04,S01@display=downscale_720p
,A_02_03,e0aea472-6a76-436e-af71-745b71b97d28,V_02_04,S01@display=downscale_720p
V_02_04,V_02_04,015d8816-e9dc-4727-ab87-e4f24ac190f9,A_02_03,S01@display=downscale_720p
,V_02_04,4ec623a4-9d2d-444b-8ef8-7dac0bab8d09,A_02_03,S01@display=downscale_720p
,V_02_04,4e379143-b442-483d-8cf0-0e165f5f437f,A_02_03,S01@display=downscale_720p
A_02_03,A_02_03,37b25e4b-d01b-47ae-9f51-b67e1e4dfccb,V_02_04,S01@display=downscale_720p
H_02_03,H_02_03,d58415da-0d3b-4742-8e5c-6bb87c037164,V_02_03,S05@display=downscale_720p
,V_02_03,0dc209d4-6e43-4cda-9e48-3accddc24931,H_02_03,S05@display=downscale_720p
,H_02_03,02ae4a6d-218d-41f6-ab32-b1b1e4be5701,V_02_03,S05@display=downscale_720p
,V_02_03,015ccc61-902b-4576-bbbc-793c195ac663,H_02_03,S05@display=downscale_720p
V_02_03,V_02_03,abfc0a67-2b4a-46b4-a852-ebb494a7a48a,H_02_03,S05@display=downscale_720p
V_02_03,V_02_03,9f21e38d-82ad-4392-b35b-5ec4261b59eb,H_02_03,S05@display=downscale_720p
H_02_03,H_02_03,49329bef-9731-4b25-8045-afc3ffa143bd,V_02_03,S05@display=downscale_720p
V_02_03,H_02_03,dd28a6dc-61d3-4b7b-bde7-a6509949da90,V_02_03,S05@display=downscale_720p
,H_02_03,c6c3cc35-01db-4c5d-8459-b227562e5f2c,V_02_03,S05@display=downscale_720p
V_02_03,H_02_03,92192d18-7dae-4af5-9bfd-3b6ab0bf7eb5,V_02_03,S05@display=downscale_720p
A_02_03,A_02_02,a99d29a7-655e-4ac0-9685-801b6701ef99,A_02_03,S04@display=downscale_720p
A_02_02,A_02_02,980d2d8b-ef14-4422-9c2e-7fe3cf484d55,A_02_03,S04@display=downscale_720p
A_02_03,A_02_02,b71d0922-9a8c-4dcc-a440-8242000e5402,A_02_03,S04@display=downscale_720p
A_02_02,A_02_02,b3c5e38d-d6be-421e-82f1-c2af9f0a9b1f,A_02_03,S04@display=downscale_720p
A_02_02,A_02_02,91c3b79f-9c12-40b8-bf7f-b956a2497abd,A_02_03,S04@display=downscale_720p
A_02_02,A_02_02,564ea334-2508-4e86-bdff-32608069f738,A_02_03,S04@display=downscale_720p
A_02_02,A_02_03,92192d18-7dae-4af5-9bfd-3b6ab0bf7eb5,A_02_02,S04@display=downscale_720p
,A_02_03,b17720dd-7282-4c5e-bd93-2d1437ff43f9,A_02_02,S04@display=downscale_720p
,A_02_03,8282a32a-12f5-4bb0-9e1b-ffa64048e19f,A_02_02,S04@display=downscale_720p
A_02_02,A_02_03,189f6251-48c7-43b3-ae82-67fbae2af4a9,A_02_02,S04@display=downscale_720p
A_02_03,A_02_03,42b6827e-1205-4a18-9ff5-8ec55e3f40e4,H_02_04,S07@display=downscale_720p
A_02_03,A_02_03,2d5a5c4d-2a83-4da2-9b9b-c34295a825a2,H_02_04,S07@display=downscale_720p
,A_02_03,4d80aa62-26e0-4a42-b479-6de666eb53ff,H_02_04,S07@display=downscale_720p
A_02_03,A_02_03,eda1f4cf-9647-482a-b01d-f80255a254c7,H_02_04,S07@display=downscale_720p
A_02_03,A_02_03,e2014108-7d49-48aa-93f7-a6a6e87e4de0,H_02_04,S07@display=downscale_720p
A_02_03,A_02_03,ad9c36d7-964f-42ad-aaf8-fba03f1ff2a3,H_02_04,S07@display=downscale_720p
A_02_03,H_02_04,ebfc950e-391c-4566-8f34-64778c0d8a59,A_02_03,S07@display=downscale_720p
A_02_03,H_02_04,02ae4a6d-218d-41f6-ab32-b1b1e4be5701,A_02_03,S07@display=downscale_720p
A_02_03,H_02_04,6fec16f7-cfd9-48ea-93ac-508c71aa2e92,A_02_03,S07@display=downscale_720p
A_02_03,A_02_03,db58c131-6cdb-4de2-8d19-24fd7c5944ba,H_02_04,S07@display=downscale_720p
H_02_02,H_02_02,469cba36-71ad-4d63-a93e-16523713be41,A_02_04,S10@display=downscale_720p
H_02_02,H_02_02,04b834bc-ff4d-4ca6-addf-dd2a2c0a42b8,A_02_04,S10@display=downscale_720p
H_02_02,A_02_04,3f901510-5c7f-4267-85e4-7ddb8e98041e,H_02_02,S10@display=downscale_720p
H_02_02,H_02_02,98203f1f-c6d3-403d-9d99-70f5da85f8fc,A_02_04,S10@display=downscale_720p
H_02_02,H_02_02,d466a786-4e11-400b-a740-823d4a45fbe1,A_02_04,S10@display=downscale_720p
H_02_02,A_02_04,adc43c16-328a-4b3e-831e-15a1a5347760,H_02_02,S10@display=downscale_720p
H_02_02,A_02_04,4d80aa62-26e0-4a42-b479-6de666eb53ff,H_02_02,S10@display=downscale_720p
H_02_02,H_02_02,09405b52-5b6a-4fde-84c6-007c1669658d,A_02_04,S10@display=downscale_720p
H_02_02,H_02_02,2686b257-b01a-47e1-ac7d-b4f5d86b7827,A_02_04,S10@display=downscale_720p
H_02_02,H_02_02,5dea2225-363a-46d6-8f3c-d906c899486e,A_02_04,S10@display=downscale_720p
H_02_04,V_02_04,ebfc950e-391c-4566-8f34-64778c0d8a59,H_02_04,S06@display=downscale_720p
H_02_04,V_02_04,9f963951-635a-4042-a6b5-e243a1381162,H_02_04,S06@display=downscale_720p
H_02_04,V_02_04,8836da4b-10ef-48fb-9188-2006730f59bd,H_02_04,S06@display=downscale_720p
V_02_04,H_02_04,410daef0-34b2-4e4b-babd-7babc948d15f,V_02_04,S06@display=downscale_720p
V_02_04,V_02_04,2d216cc4-fa9a-4af9-9d97-96413ca5d7e9,H_02_04,S06@display=downscale_720p
V_02_04,H_02_04,616e2d9c-a47b-4e30-9254-a315eb6e2b44,V_02_04,S06@display=downscale_720p
V_02_04,V_02_04,ebfc950e-391c-4566-8f34-64778c0d8a59,H_02_04,S06@display=downscale_720p
V_02_04,H_02_04,410daef0-34b2-4e4b-babd-7babc948d15f,V_02_04,S06@display=downscale_720p
V_02_04,V_02_04,f4213979-e355-4fcf-a01e-f7c881075d8a,H_02_04,S06@display=downscale_720p
H_02_04,V_02_04,189f6251-48c7-43b3-ae82-67fbae2af4a9,H_02_04,S06@display=downscale_720p
H_02_02,H_02_02,09405b52-5b6a-4fde-84c6-007c1669658d,V_02_04,S05@display=downscale_720p
,V_02_04,6d73ea9c-7cf0-4569-a699-0205c8a2f979,H_02_02,S05@display=downscale_720p
H_02_02,H_02_02,ab9bd879-c38d-4c30-954b-ca9f283f3dcd,V_02_04,S05@display=downscale_720p
,H_02_02,82796183-4736-4303-8371-7d113472cf41,V_02_04,S05@display=downscale_720p
,H_02_02,4ac3db01-bc1d-4003-bd16-ffba42e02532,V_02_04,S05@display=downscale_720p
,V_02_04,4b48e5e8-e693-4fe9-ba01-b22cb81aa8bd,H_02_02,S05@display=downscale_720p
H_02_02,V_02_04,6f5a526a-943c-46c1-92ec-b897f48d5414,H_02_02,S05@display=downscale_720p
,V_02_04,75be14b8-091b-4640-9769-677f989f7497,H_02_02,S05@display=downscale_720p
H_02_02,V_02_04,cd7ef5e4-e2dc-40cf-b81a-7945ea42aaf9,H_02_02,S05@display=downscale_720p
,V_02_04,35b15a79-96be-4c2d-bfd4-4df6869aa64f,H_02_02,S05@display=downscale_720p
,V_02_03,c887bdd6-0366-4272-b428-1218b105b134,A_02_02,S04@display=downscale_720p
,A_02_02,fe9c4979-ae46-4523-9b87-d5d4993bd930,V_02_03,S04@display=downscale_720p
,A_02_02,4907a83e-7fbc-43f4-b2e8-6af4eac64a3f,V_02_03,S04@display=downscale_720p
,V_02_03,52cd66b3-60f3-4a27-a419-19d8a2f7d970,A_02_02,S04@display=downscale_720p
V_02_03,A_02_02,3f1305a3-086f-4252-b7ce-53b1c154a042,V_02_03,S04@display=downscale_720p
,V_02_03,5185a614-084e-4588-97f8-e668ba517913,A_02_02,S04@display=downscale_720p
A_02_02,A_02_02,e9c1f5d2-c00a-4e9f-bb60-46bb2ca03d5a,V_02_03,S04@display=downscale_720p
V_02_03,A_02_02,4e548710-90d2-4f08-81d2-4650cc166f14,V_02_03,S04@display=downscale_720p
,A_02_02,2830b99e-f318-4d99-93fe-f2016795d39f,V_02_03,S04@display=downscale_720p
,V_02_03,81dd0d37-aee0-42fb-8a8d-4e4506093702,A_02_02,S04@display=downscale_720p
V_02_04,V_02_04,1b4374dc-3ee6-4321-b25d-585912285052,H_02_04,S08@display=downscale_720p
,H_02_04,0ec4d086-2348-4fdb-9d61-f799c0e71d0d,V_02_04,S08@display=downscale_720p
,H_02_04,86aad6ea-2dc3-4cc0-b3c2-df09ec03f8f8,V_02_04,S08@display=downscale_720p
V_02_04,H_02_04,2ad28540-7d47-4a90-853b-33ea9e83e9fd,V_02_04,S08@display=downscale_720p
V_02_04,H_02_04,b71d0922-9a8c-4dcc-a440-8242000e5402,V_02_04,S08@display=downscale_720p
V_02_04,H_02_04,594b1c05-64c5-4ff7-8e8b-0daef3f5459b,V_02_04,S08@display=downscale_720p
,H_02_04,0205dc10-1d6c-45fa-b168-78edc9551986,V_02_04,S08@display=downscale_720p
,V_02_04,469cba36-71ad-4d63-a93e-16523713be41,H_02_04,S08@display=downscale_720p
V_02_04,H_02_04,3fbc8eb5-d851-4b2a-98f7-bb133bf7cdd1,V_02_04,S08@display=downscale_720p
,H_02_04,0205dc10-1d6c-45fa-b168-78edc9551986,V_02_04,S08@display=downscale_720p
A_02_03,A_02_03,85f4a8ff-f9b3-450b-a819-5a998590e834,H_02_04,S04@display=downscale_720p
A_02_03,A_02_03,2d216cc4-fa9a-4af9-9d97-96413ca5d7e9,H_02_04,S04@display=downscale_720p
A_02_03,H_02_04,501e8cf2-7ae2-4e2a-a7f6-84d5b2d3a2b8,A_02_03,S04@display=downscale_720p
H_02_04,H_02_04,8b7d1b07-fa23-4ea3-ad4b-4c5c6a88b4bf,A_02_03,S04@display=downscale_720p
A_02_03,A_02_03,6ecdc2df-e4f9-4e4f-a3f0-732cb4547402,H_02_04,S04@display=downscale_720p
A_02_03,A_02_03,d7c4cf4c-4af2-4731-87ff-d866558ecae0,H_02_04,S04@display=downscale_720p
A_02_03,A_02_03,0b148449-0688-479d-9605-61f3bceb97fb,H_02_04,S04@display=downscale_720p
A_02_03,A_02_03,39f680ab-2a22-42d6-9399-be0fdfed7a8b,H_02_04,S04@display=downscale_720p
A_02_03,H_02_04,e6ff5fc3-0b24-47f9-9c52-d9a3d37c9148,A_02_03,S04@display=downscale_720p
A_02_03,H_02_04,e713c07c-f559-49c0-b156-126cb2444ec3,A_02_03,S04@display=downscale_720p
V_02_03,V_02_03,8acedfff-b933-440b-8909-826f0385abcd,A_02_04,S05@display=downscale_720p
V_02_03,V_02_03,fcb759db-077e-40a0-8397-81eba10d523d,A_02_04,S05@display=downscale_720p
V_02_03,V_02_03,d3c5bcce-dcce-43b1-800a-6bb05db9cd10,A_02_04,S05@display=downscale_720p
V_02_03,A_02_04,8acedfff-b933-440b-8909-826f0385abcd,V_02_03,S05@display=downscale_720p
V_02_03,V_02_03,025bf8ad-20ed-460e-b171-dcd9f706ea21,A_02_04,S05@display=downscale_720p
V_02_03,V_02_03,015d8816-e9dc-4727-ab87-e4f24ac190f9,A_02_04,S05@display=downscale_720p
V_02_03,V_02_03,1f1ce512-5994-4cc8-b2fa-57f54bf1af07,A_02_04,S05@display=downscale_720p
V_02_03,A_02_04,d3c5bcce-dcce-43b1-800a-6bb05db9cd10,V_02_03,S05@display=downscale_720p
V_02_03,V_02_03,53ac50fa-a11c-4fb9-8d05-24625226e038,A_02_04,S05@display=downscale_720p
V_02_03,A_02_04,a033a052-dae1-4886-b9ff-63d3d2eba248,V_02_03,S05@display=downscale_720p
H_02_04,A_02_04,1f1ce512-5994-4cc8-b2fa-57f54bf1af07,H_02_04,S06@display=downscale_720p
H_02_04,A_02_04,e35c222a-ca42-4e79-b826-fb013a16cd3b,H_02_04,S06@display=downscale_720p
H_02_04,H_02_04,c0070e68-264f-4636-8edb-2c2d7bb5e716,A_02_04,S06@display=downscale_720p
H_02_04,A_02_04,f2f84753-d2ab-421d-9862-7eb460f017dd,H_02_04,S06@display=downscale_720p
H_02_04,A_02_04,6028b022-b508-4537-961b-53852cceb660,H_02_04,S06@display=downscale_720p
H_02_04,H_02_04,b8ae1542-697a-4ce9-a98e-810b08992bf7,A_02_04,S06@display=downscale_720p
H_02_04,H_02_04,4e379143-b442-483d-8cf0-0e165f5f437f,A_02_04,S06@display=downscale_720p
,A_02_04,aa644288-c42b-4a56-a4d8-05c86f0fb5b0,H_02_04,S06@display=downscale_720p
H_02_04,A_02_04,564ea334-2508-4e86-bdff-32608069f738,H_02_04,S06@display=downscale_720p
H_02_04,H_02_04,8180a7d8-329f-42c1-a7ae-5b3575825b57,A_02_04,S06@display=downscale_720p
,H_02_04,b07727d6-9c7b-4391-9d1a-666a899757d3,H_02_02,S06@display=downscale_720p
H_02_02,H_02_04,c6c3cc35-01db-4c5d-8459-b227562e5f2c,H_02_02,S06@display=downscale_720p
H_02_02,H_02_02,359f8cd0-ea83-4173-9c1d-adc016cd83bf,H_02_04,S06@display=downscale_720p
H_02_02,H_02_02,d7fc6dd8-a46c-47dc-bc7a-f4de0649c911,H_02_04,S06@display=downscale_720p
H_02_02,H_02_04,0b148449-0688-479d-9605-61f3bceb97fb,H_02_02,S06@display=downscale_720p
H_02_02,H_02_04,6fec16f7-cfd9-48ea-93ac-508c71aa2e92,H_02_02,S06@display=downscale_720p
H_02_04,H_02_02,21471b78-9498-4394-84c9-aca34c221ce3,H_02_04,S06@display=downscale_720p
H_02_02,H_02_04,21471b78-9498-4394-84c9-aca34c221ce3,H_02_02,S06@display=downscale_720p
,H_02_04,c6c3cc35-01db-4c5d-8459-b227562e5f2c,H_02_02,S06@display=downscale_720p
,H_02_02,db58c131-6cdb-4de2-8d19-24fd7c5944ba,H_02_04,S06@display=downscale_720p
A_02_03,A_02_03,ef905607-4579-46f1-a6bc-3719b1ba5b41,A_02_04,S04@display=downscale_720p
A_02_03,A_02_03,27cd9dc7-b01c-4d06-92fb-54e970ec0db8,A_02_04,S04@display=downscale_720p
A_02_03,A_02_03,174865e5-ea98-4061-ac4c-8aa35b56e5a7,A_02_04,S04@display=downscale_720p
A_02_03,A_02_03,a1a4adb4-7d93-44de-b98c-e6966fc2b691,A_02_04,S04@display=downscale_720p
A_02_03,A_02_04,2be14a99-818f-473e-89cc-8f1746a971e3,A_02_03,S04@display=downscale_720p
A_02_03,A_02_03,91c358be-3404-4c42-ae47-e5c1c9db0340,A_02_04,S04@display=downscale_720p
A_02_03,A_02_04,dab2b15c-9662-4b7b-9096-0a5c8a1a239c,A_02_03,S04@display=downscale_720p
A_02_03,A_02_03,6bf05a38-9acc-4142-bd58-1cc47514e4ec,A_02_04,S04@display=downscale_720p
A_02_03,A_02_03,3b1fe989-8521-47f7-a856-dfab1b12c7ba,A_02_04,S04@display=downscale_720p
A_02_03,A_02_03,7cc0e90f-44e9-46f4-b761-9bc69c7efd55,A_02_04,S04@display=downscale_720p
V_02_04,A_02_04,571393d4-9464-4c7a-ad9a-dd4b5f1f7ee4,V_02_04,S01@display=downscale_720p
V_02_04,A_02_04,ed305761-d36f-47b5-885b-950c08136d5d,V_02_04,S01@display=downscale_720p
V_02_04,A_02_04,0b148449-0688-479d-9605-61f3bceb97fb,V_02_04,S01@display=downscale_720p
V_02_04,A_02_04,cc46427d-f48c-49a9-a459-07b28ce04b8a,V_02_04,S01@display=downscale_720p
V_02_04,A_02_04,762f7ebd-2c59-4ed3-ad16-5fb725cdfd66,V_02_04,S01@display=downscale_720p
V_02_04,V_02_04,359f8cd0-ea83-4173-9c1d-adc016cd83bf,A_02_04,S01@display=downscale_720p
V_02_04,V_02_04,22c8577a-31f9-44b4-a7f4-3435c213e41b,A_02_04,S01@display=downscale_720p
V_02_04,A_02_04,ca786f45-e116-42d0-8864-f7bf33ab43b7,V_02_04,S01@display=downscale_720p
V_02_04,V_02_04,d466a786-4e11-400b-a740-823d4a45fbe1,A_02_04,S01@display=downscale_720p
V_02_04,V_02_04,04b834bc-ff4d-4ca6-addf-dd2a2c0a42b8,A_02_04,S01@display=downscale_720p
A_02_02,V_02_02,170fef03-2ff4-4fec-a2ed-4c5bfc51eb91,A_02_02,S08@display=downscale_720p
A_02_02,A_02_02,aef51353-4d62-4bb2-868c-bc010215c291,V_02_02,S08@display=downscale_720p
A_02_02,V_02_02,34707dfa-03c1-46c6-8469-2ad5e2a75dd9,A_02_02,S08@display=downscale_720p
,A_02_02,8a912060-cced-467a-b148-3ba54770352a,V_02_02,S08@display=downscale_720p
,A_02_02,ca786f45-e116-42d0-8864-f7bf33ab43b7,V_02_02,S08@display=downscale_720p
,V_02_02,44703767-9d83-49e1-b8e4-f669f82afd6d,A_02_02,S08@display=downscale_720p
V_02_02,V_02_02,fe9c4979-ae46-4523-9b87-d5d4993bd930,A_02_02,S08@display=downscale_720p
,A_02_02,1ab897f9-41b3-4cb5-a229-8423ac30fc38,V_02_02,S08@display=downscale_720p
A_02_02,V_02_02,91c3b79f-9c12-40b8-bf7f-b956a2497abd,A_02_02,S08@display=downscale_720p
,A_02_02,2686b257-b01a-47e1-ac7d-b4f5d86b7827,V_02_02,S08@display=downscale_720p
H_02_03,H_02_03,bdaf5754-8eef-48e4-9ce3-678bdfc61728,A_02_03,S03@display=downscale_720p
,H_02_03,5be17746-9841-4ad7-a4ec-7e94d2c699cf,A_02_03,S03@display=downscale_720p
,A_02_03,974b2130-86a2-4eee-a80e-3aca4ad239ee,H_02_03,S03@display=downscale_720p
A_02_03,A_02_03,527069d3-34a7-48d0-96c3-0b2c2c3994b6,H_02_03,S03@display=downscale_720p
H_02_03,A_02_03,d466a786-4e11-400b-a740-823d4a45fbe1,H_02_03,S03@display=downscale_720p
A_02_03,H_02_03,aea9cfc0-2b99-4ed2-bfd1-074f3702bef7,A_02_03,S03@display=downscale_720p
H_02_03,A_02_03,b909efd4-a623-4b1f-9d6d-d4c465f57728,H_02_03,S03@display=downscale_720p
,H_02_03,dab2b15c-9662-4b7b-9096-0a5c8a1a239c,A_02_03,S03@display=downscale_720p
H_02_03,H_02_03,a1177765-5f3b-4328-a6b1-66550d59f893,A_02_03,S03@display=downscale_720p
,H_02_03,6ecdc2df-e4f9-4e4f-a3f0-732cb4547402,A_02_03,S03@display=downscale_720p
A_02_03,H_02_02,0013934b-6ac8-4c15-bf9a-11d47de14730,A_02_03,S01@display=downscale_720p
H_02_02,A_02_03,3c67b855-bbc1-4303-87e6-78f8e8d8f755,H_02_02,S01@display=downscale_720p
H_02_02,A_02_03,82fe0f50-d0ba-4979-bcd0-32db2a2d16db,H_02_02,S01@display=downscale_720p
H_02_02,H_02_02,b8ae1542-697a-4ce9-a98e-810b08992bf7,A_02_03,S01@display=downscale_720p
H_02_02,H_02_02,50aee958-2dac-4fb9-934a-1edfbdb50d2a,A_02_03,S01@display=downscale_720p
H_02_02,H_02_02,d4fa8977-efa8-4950-af7c-819ed2da8d69,A_02_03,S01@display=downscale_720p
,A_02_03,68f77413-1551-4cf2-a246-5b2e72d6e2ca,H_02_02,S01@display=downscale_720p
H_02_02,A_02_03,dffbbf73-3719-4c35-bf8a-a42f10289d9b,H_02_02,S01@display=downscale_720p
,A_02_03,68f77413-1551-4cf2-a246-5b2e72d6e2ca,H_02_02,S01@display=downscale_720p
,H_02_02,0ec4d086-2348-4fdb-9d61-f799c0e71d0d,A_02_03,S01@display=downscale_720p
V_02_02,V_02_04,1c4b9d4d-f46e-4dc3-9c7a-8f2ab1caee74,V_02_02,S02@display=downscale_720p
V_02_02,V_02_02,0124b04b-e359-4184-b6a0-da12c7c76566,V_02_04,S02@display=downscale_720p
V_02_02,V_02_02,3c676bc2-2f1c-4465-a90a-09bf5dcba673,V_02_04,S02@display=downscale_720p
V_02_02,V_02_02,b944f82a-f4c6-4ff2-8592-7a12cb9ebe40,V_02_04,S02@display=downscale_720p
V_02_02,V_02_02,1bd22fc7-a2a1-4de4-a8f8-cdef83feac23,V_02_04,S02@display=downscale_720p
V_02_02,V_02_02,339d31df-b966-4fe0-9476-345fd01047d6,V_02_04,S02@display=downscale_720p
,V_02_04,86aad6ea-2dc3-4cc0-b3c2-df09ec03f8f8,V_02_02,S02@display=downscale_720p
V_02_02,V_02_04,82558113-66cc-487d-a021-3066f8579703,V_02_02,S02@display=downscale_720p
V_02_02,V_02_02,5f9eb52c-b6df-48b9-8657-18540ad98c82,V_02_04,S02@display=downscale_720p
,V_02_04,0b148449-0688-479d-9605-61f3bceb97fb,V_02_02,S02@display=downscale_720p
V_02_02,V_02_02,4ac3db01-bc1d-4003-bd16-ffba42e02532,H_02_02,S05@display=downscale_720p
V_02_02,H_02_02,5dea2225-363a-46d6-8f3c-d906c899486e,V_02_02,S05@display=downscale_720p
H_02_02,H_02_02,e35c222a-ca42-4e79-b826-fb013a16cd3b,V_02_02,S05@display=downscale_720p
,V_02_02,025bf8ad-20ed-460e-b171-dcd9f706ea21,H_02_02,S05@display=downscale_720p
,V_02_02,5185a614-084e-4588-97f8-e668ba517913,H_02_02,S05@display=downscale_720p
H_02_02,H_02_02,91c3b79f-9c12-40b8-bf7f-b956a2497abd,V_02_02,S05@display=downscale_720p
V_02_02,V_02_02,5593af0d-6ec8-4fcb-a4ce-139ec78d0c79,H_02_02,S05@display=downscale_720p
V_02_02,V_02_02,87277f4e-793b-4131-a6ef-202d8cdc2133,H_02_02,S05@display=downscale_720p
,V_02_02,0b148449-0688-479d-9605-61f3bceb97fb,H_02_02,S05@display=downscale_720p
,H_02_02,d3c5bcce-dcce-43b1-800a-6bb05db9cd10,V_02_02,S05@display=downscale_720p
H_02_02,H_02_02,02ae4a6d-218d-41f6-ab32-b1b1e4be5701,H_02_04,S10@display=downscale_720p
H_02_04,H_02_04,fe9c4979-ae46-4523-9b87-d5d4993bd930,H_02_02,S10@display=downscale_720p
H_02_04,H_02_04,2b95f184-0d31-4a7a-8930-8f80a295c09f,H_02_02,S10@display=downscale_720p
H_02_02,H_02_02,aa644288-c42b-4a56-a4d8-05c86f0fb5b0,H_02_04,S10@display=downscale_720p
,H_02_02,a7eb9214-b39a-464b-8e2f-4ff64859fffa,H_02_04,S10@display=downscale_720p
H_02_04,H_02_02,633a38ff-cc65-4a94-a1d9-5c35c67a21a8,H_02_04,S10@display=downscale_720p
H_02_02,H_02_04,633a38ff-cc65-4a94-a1d9-5c35c67a21a8,H_02_02,S10@display=downscale_720p
H_02_02,H_02_04,abfc0a67-2b4a-46b4-a852-ebb494a7a48a,H_02_02,S10@display=downscale_720p
H_02_02,H_02_02,004b6139-6c81-45b2-9391-18688c331f62,H_02_04,S10@display=downscale_720p
H_02_02,H_02_02,3b1fe989-8521-47f7-a856-dfab1b12c7ba,H_02_04,S10@display=downscale_720p
V_02_03,H_02_03,9f316136-fa16-4c8c-839d-f80905a1072f,V_02_03,S10@display=downscale_720p
,V_02_03,632dc3ff-eb98-4b53-908b-cddd95393b4f,H_02_03,S10@display=downscale_720p
V_02_03,H_02_03,d1a0ff66-a122-4ee7-ab14-21885df890cc,V_02_03,S10@display=downscale_720p
,V_02_03,61f9b93c-28ea-4339-b1ab-8b1078194f84,H_02_03,S10@display=downscale_720p
,V_02_03,9f316136-fa16-4c8c-839d-f80905a1072f,H_02_03,S10@display=downscale_720p
V_02_03,V_02_03,882cdab6-5ed7-41e1-90f7-7e3b9784e9fd,H_02_03,S10@display=downscale_720p
,H_02_03,8eaecae3-3fc9-4fc6-a052-030c62bf6857,V_02_03,S10@display=downscale_720p
H_02_03,V_02_03,bd61cb3b-94be-482f-9e92-a1427be48716,H_02_03,S10@display=downscale_720p
V_02_03,H_02_03,b3c54082-61e2-4aa7-8bc0-f758410059bf,V_02_03,S10@display=downscale_720p
H_02_03,V_02_03,b340861d-fe24-4f7f-9b0f-5faab7d4d88e,H_02_03,S10@display=downscale_720p
H_02_02,V_02_02,cd7ef5e4-e2dc-40cf-b81a-7945ea42aaf9,H_02_02,S08@display=downscale_720p
H_02_02,H_02_02,ce791b62-ba49-47d1-acf2-7ab0254ad579,V_02_02,S08@display=downscale_720p
,H_02_02,8879b96e-ae8c-4a72-8226-fd37db366db9,V_02_02,S08@display=downscale_720p
,V_02_02,632dc3ff-eb98-4b53-908b-cddd95393b4f,H_02_02,S08@display=downscale_720p
V_02_02,H_02_02,d3c5bcce-dcce-43b1-800a-6bb05db9cd10,V_02_02,S08@display=downscale_720p
,H_02_02,632dc3ff-eb98-4b53-908b-cddd95393b4f,V_02_02,S08@display=downscale_720p
V_02_02,V_02_02,cc358bbb-e39a-4d44-9a97-d3d999119b26,H_02_02,S08@display=downscale_720p
V_02_02,V_02_02,dbcf59d7-5d3e-408d-a47f-61a31d8899f0,H_02_02,S08@display=downscale_720p
,V_02_02,d7c4cf4c-4af2-4731-87ff-d866558ecae0,H_02_02,S08@display=downscale_720p
V_02_02,V_02_02,b7217dd5-8d42-42dd-81b6-2d1172432ca0,H_02_02,S08@display=downscale_720p
A_02_04,A_02_04,86aad6ea-2dc3-4cc0-b3c2-df09ec03f8f8,H_02_04,S02@display=downscale_720p
H_02_04,H_02_04,0109c2b8-15a3-47c4-9342-2b215a321563,A_02_04,S02@display=downscale_720p
,A_02_04,828d829d-512a-4295-8c94-5dca353c3dc8,H_02_04,S02@display=downscale_720p
H_02_04,H_02_04,1b4374dc-3ee6-4321-b25d-585912285052,A_02_04,S02@display=downscale_720p
H_02_04,A_02_04,42b6827e-1205-4a18-9ff5-8ec55e3f40e4,H_02_04,S02@display=downscale_720p
A_02_04,H_02_04,1b4374dc-3ee6-4321-b25d-585912285052,A_02_04,S02@display=downscale_720p
A_02_04,H_02_04,86aad6ea-2dc3-4cc0-b3c2-df09ec03f8f8,A_02_04,S02@display=downscale_720p
H_02_04,H_02_04,f516a889-e300-4162-b767-f2e140a1faad,A_02_04,S02@display=downscale_720p
H_02_04,A_02_04,151fa694-7e29-4fdd-b333-3af72af29b59,H_02_04,S02@display=downscale_720p
H_02_04,H_02_04,025bf8ad-20ed-460e-b171-dcd9f706ea21,A_02_04,S02@display=downscale_720p
H_02_02,A_02_02,db97ffab-f54a-44c7-9902-38ee07737aab,H_02_02,S07@display=downscale_720p
A_02_02,A_02_02,49329bef-9731-4b25-8045-afc3ffa143bd,H_02_02,S07@display=downscale_720p
H_02_02,A_02_02,839227e9-76f9-45bd-bdb2-1ad42c8d18f1,H_02_02,S07@display=downscale_720p
A_02_02,A_02_02,fcb759db-077e-40a0-8397-81eba10d523d,H_02_02,S07@display=downscale_720p
,H_02_02,b5e82897-f57b-4598-878a-ac98805f3380,A_02_02,S07@display=downscale_720p
,A_02_02,13f85313-63e6-4282-b060-dfe31548b4c6,H_02_02,S07@display=downscale_720p
,H_02_02,aef51353-4d62-4bb2-868c-bc010215c291,A_02_02,S07@display=downscale_720p
,H_02_02,1bd22fc7-a2a1-4de4-a8f8-cdef83feac23,A_02_02,S07@display=downscale_720p
H_02_02,H_02_02,2261d5d4-d935-43d0-9c6a-1fe5609fae34,A_02_02,S07@display=downscale_720p
,A_02_02,8445090b-365d-4316-8153-0e682fe65432,H_02_02,S07@display=downscale_720p
A_02_03,A_02_03,2c587a3a-51d8-4596-8547-e351835081db,V_02_02,S03@display=downscale_720p
V_02_02,A_02_03,151fa694-7e29-4fdd-b333-3af72af29b59,V_02_02,S03@display=downscale_720p
V_02_02,V_02_02,6c1ab2d7-885f-4fa7-8fd3-1c3b2a898440,A_02_03,S03@display=downscale_720p
A_02_03,A_02_03,151fa694-7e29-4fdd-b333-3af72af29b59,V_02_02,S03@display=downscale_720p
V_02_02,V_02_02,0124b04b-e359-4184-b6a0-da12c7c76566,A_02_03,S03@display=downscale_720p
V_02_02,V_02_02,baa0b08b-ae47-4b47-b071-353ef688372e,A_02_03,S03@display=downscale_720p
V_02_02,V_02_02,af130f56-b985-4bb4-9326-69ccb7114bd0,A_02_03,S03@display=downscale_720p
V_02_02,V_02_02,42eff959-1824-45fb-bb1d-d7d1970c7aa7,A_02_03,S03@display=downscale_720p
A_02_03,V_02_02,80d0705c-47d0-44e8-b745-5cc04f35dfa6,A_02_03,S03@display=downscale_720p
V_02_02,V_02_02,e27ad38d-71ec-446d-9ade-1d48aacd9e88,A_02_03,S03@display=downscale_720p
V_02_02,V_02_02,85f4a8ff-f9b3-450b-a819-5a998590e834,A_02_04,S01@display=downscale_720p
V_02_02,V_02_02,151fa694-7e29-4fdd-b333-3af72af29b59,A_02_04,S01@display=downscale_720p
V_02_02,A_02_04,4ac3db01-bc1d-4003-bd16-ffba42e02532,V_02_02,S01@display=downscale_720p
V_02_02,A_02_04,2367f3ed-e120-4711-8aa8-81a3760539ae,V_02_02,S01@display=downscale_720p
V_02_02,A_02_04,9f316136-fa16-4c8c-839d-f80905a1072f,V_02_02,S01@display=downscale_720p
V_02_02,A_02_04,ceb74f22-a0f8-48ca-b1ef-09277ec78ebb,V_02_02,S01@display=downscale_720p
V_02_02,V_02_02,9f316136-fa16-4c8c-839d-f80905a1072f,A_02_04,S01@display=downscale_720p
V_02_02,V_02_02,3f901510-5c7f-4267-85e4-7ddb8e98041e,A_02_04,S01@display=downscale_720p
V_02_02,A_02_04,87fe6cf8-2e5e-4a97-895f-eba07df630f2,V_02_02,S01@display=downscale_720p
V_02_02,A_02_04,f421f75a-7649-4aa4-880c-eeb061710308,V_02_02,S01@display=downscale_720p
H_02_03,V_02_04,296dcc0c-e3dc-4c82-a7f6-bd6129751e29,H_02_03,S01@display=downscale_720p
V_02_04,H_02_03,6bf05a38-9acc-4142-bd58-1cc47514e4ec,V_02_04,S01@display=downscale_720p
,H_02_03,f59f4a55-0e1a-4271-b953-522aa311d7c2,V_02_04,S01@display=downscale_720p
V_02_04,H_02_03,91c358be-3404-4c42-ae47-e5c1c9db0340,V_02_04,S01@display=downscale_720p
V_02_04,V_02_04,0109c2b8-15a3-47c4-9342-2b215a321563,H_02_03,S01@display=downscale_720p
V_02_04,V_02_04,5dea2225-363a-46d6-8f3c-d906c899486e,H_02_03,S01@display=downscale_720p
V_02_04,H_02_03,980d2d8b-ef14-4422-9c2e-7fe3cf484d55,V_02_04,S01@display=downscale_720p
H_02_03,H_02_03,2863b9e0-1669-4631-807d-c2c363263414,V_02_04,S01@display=downscale_720p
H_02_03,V_02_04,f4213979-e355-4fcf-a01e-f7c881075d8a,H_02_03,S01@display=downscale_720p
H_02_03,H_02_03,5dea2225-363a-46d6-8f3c-d906c899486e,V_02_04,S01@display=downscale_720p
,H_02_02,75be14b8-091b-4640-9769-677f989f7497,A_02_02,S04@display=downscale_720p
,A_02_02,a033a052-dae1-4886-b9ff-63d3d2eba248,H_02_02,S04@display=downscale_720p
A_02_02,A_02_02,7cecfc70-f282-45bb-bb6d-b43bb11e8693,H_02_02,S04@display=downscale_720p
A_02_02,H_02_02,050a4f4e-7935-45bb-a3c2-a511c009528f,A_02_02,S04@display=downscale_720p
,A_02_02,151fa694-7e29-4fdd-b333-3af72af29b59,H_02_02,S04@display=downscale_720p
A_02_02,H_02_02,f105f8f2-5456-409d-aaa5-4476f5078e95,A_02_02,S04@display=downscale_720p
,H_02_02,73fc3e05-0d2e-448f-9afd-f613f64d5f00,A_02_02,S04@display=downscale_720p
H_02_02,H_02_02,42b6827e-1205-4a18-9ff5-8ec55e3f40e4,A_02_02,S04@display=downscale_720p
A_02_02,H_02_02,cc358bbb-e39a-4d44-9a97-d3d999119b26,A_02_02,S04@display=downscale_720p
,H_02_02,ca786f45-e116-42d0-8864-f7bf33ab43b7,A_02_02,S04@display=downscale_720p
A_02_02,A_02_02,7251bcce-8b41-43fd-a3cd-c4d607673836,A_02_04,S08@display=downscale_720p
A_02_02,A_02_02,839227e9-76f9-45bd-bdb2-1ad42c8d18f1,A_02_04,S08@display=downscale_720p
A_02_02,A_02_02,2d3f4833-6f28-45dd-9bf3-fbf1b248567b,A_02_04,S08@display=downscale_720p
A_02_02,A_02_04,b7217dd5-8d42-42dd-81b6-2d1172432ca0,A_02_02,S08@display=downscale_720p
A_02_02,A_02_04,59ff7d27-d4c4-424c-8254-2159381e5428,A_02_02,S08@display=downscale_720p
A_02_02,A_02_02,d7fc6dd8-a46c-47dc-bc7a-f4de0649c911,A_02_04,S08@display=downscale_720p
A_02_02,A_02_02,5185a614-084e-4588-97f8-e668ba517913,A_02_04,S08@display=downscale_720p
A_02_02,A_02_02,359f8cd0-ea83-4173-9c1d-adc016cd83bf,A_02_04,S08@display=downscale_720p
A_02_02,A_02_02,0c471fc5-6253-400a-8019-939664ba4f48,A_02_04,S08@display=downscale_720p
A_02_02,A_02_04,c26847af-3f98-4202-9f41-8f32e06ca9af,A_02_02,S08@display=downscale_720p
V_02_03,A_02_03,01875a85-7fc2-42c9-bc76-a479aaca875d,V_02_03,S10@display=downscale_720p
V_02_03,V_02_03,4ace5472-fa2f-4b27-8bc5-2fdf8e767183,A_02_03,S10@display=downscale_720p
,A_02_03,2367f3ed-e120-4711-8aa8-81a3760539ae,V_02_03,S10@display=downscale_720p
V_02_03,V_02_03,82fe0f50-d0ba-4979-bcd0-32db2a2d16db,A_02_03,S10@display=downscale_720p
V_02_03,V_02_03,9f21e38d-82ad-4392-b35b-5ec4261b59eb,A_02_03,S10@display=downscale_720p
,V_02_03,73fc3e05-0d2e-448f-9afd-f613f64d5f00,A_02_03,S10@display=downscale_720p
V_02_03,A_02_03,87fe6cf8-2e5e-4a97-895f-eba07df630f2,V_02_03,S10@display=downscale_720p
A_02_03,A_02_03,2367f3ed-e120-4711-8aa8-81a3760539ae,V_02_03,S10@display=downscale_720p
,A_02_03,0ec4d086-2348-4fdb-9d61-f799c0e71d0d,V_02_03,S10@display=downscale_720p
A_02_03,V_02_03,27cd9dc7-b01c-4d06-92fb-54e970ec0db8,A_02_03,S10@display=downscale_720p
,H_02_02,eaf6213a-31c3-420d-aa0f-3eef29d04ce7,V_02_02,S06@display=downscale_720p
,V_02_02,7afd3976-58f5-4b01-848e-d69cafcf044a,H_02_02,S06@display=downscale_720p
,H_02_02,02ae4a6d-218d-41f6-ab32-b1b1e4be5701,V_02_02,S06@display=downscale_720p
H_02_02,H_02_02,151fa694-7e29-4fdd-b333-3af72af29b59,V_02_02,S06@display=downscale_720p
,V_02_02,c7f16209-4396-497d-863d-212068c89944,H_02_02,S06@display=downscale_720p
H_02_02,V_02_02,523043f5-9106-47c8-b29b-2daca46b50e3,H_02_02,S06@display=downscale_720p
V_02_02,H_02_02,443d8774-8270-4b8c-91b9-ed2d891e11d5,V_02_02,S06@display=downscale_720p
H_02_02,H_02_02,38228acf-0b11-4591-a4de-d4b59e3e304d,V_02_02,S06@display=downscale_720p
,V_02_02,4ec623a4-9d2d-444b-8ef8-7dac0bab8d09,H_02_02,S06@display=downscale_720p
,V_02_02,8a9d6a5f-877d-40c5-85cc-b7ac357cbf73,H_02_02,S06@display=downscale_720p
A_02_04,A_02_04,dab2b15c-9662-4b7b-9096-0a5c8a1a239c,V_02_03,S01@display=downscale_720p
V_02_03,A_02_04,1d9a55c4-5c4b-4c0e-819f-895b41ba9e34,V_02_03,S01@display=downscale_720p
V_02_03,V_02_03,c922ea6c-760a-4e7c-8f24-3c70dbb52f4d,A_02_04,S01@display=downscale_720p
V_02_03,A_02_04,c7f16209-4396-497d-863d-212068c89944,V_02_03,S01@display=downscale_720p
V_02_03,A_02_04,f0493ed9-747e-4df2-889d-da35430b30b9,V_02_03,S01@display=downscale_720p
V_02_03,A_02_04,f2f84753-d2ab-421d-9862-7eb460f017dd,V_02_03,S01@display=downscale_720p
V_02_03,V_02_03,ad8ba8d3-0bb4-4e6a-a415-9c880e1e1c46,A_02_04,S01@display=downscale_720p
V_02_03,V_02_03,47b9e4f0-b22d-498a-9e91-3af15130d242,A_02_04,S01@display=downscale_720p
V_02_03,V_02_03,b56e44ae-c42b-4536-a130-309b99e17463,A_02_04,S01@display=downscale_720p
V_02_03,V_02_03,e9c1f5d2-c00a-4e9f-bb60-46bb2ca03d5a,A_02_04,S01@display=downscale_720p
V_02_02,V_02_02,98203f1f-c6d3-403d-9d99-70f5da85f8fc,H_02_04,S06@display=downscale_720p
H_02_04,V_02_02,12b70005-a6df-428d-ba8d-61bfcca6b3e6,H_02_04,S06@display=downscale_720p
V_02_02,V_02_02,5a572eb8-ff35-42b3-9b9f-4956f2137a11,H_02_04,S06@display=downscale_720p
H_02_04,H_02_04,ceb74f22-a0f8-48ca-b1ef-09277ec78ebb,V_02_02,S06@display=downscale_720p
,H_02_04,c7864864-2cbc-4f23-892b-1323a8077dfb,V_02_02,S06@display=downscale_720p
,H_02_04,ed305761-d36f-47b5-885b-950c08136d5d,V_02_02,S06@display=downscale_720p
H_02_04,V_02_02,f0493ed9-747e-4df2-889d-da35430b30b9,H_02_04,S06@display=downscale_720p
V_02_02,V_02_02,73fc3e05-0d2e-448f-9afd-f613f64d5f00,H_02_04,S06@display=downscale_720p
V_02_02,V_02_02,0205dc10-1d6c-45fa-b168-78edc9551986,H_02_04,S06@display=downscale_720p
V_02_02,V_02_02,847800ec-6f1d-421d-9dd6-46e72c9c812f,H_02_04,S06@display=downscale_720p
H_02_03,H_02_03,296dcc0c-e3dc-4c82-a7f6-bd6129751e29,A_02_04,S05@display=downscale_720p
H_02_03,A_02_04,2ad28540-7d47-4a90-853b-33ea9e83e9fd,H_02_03,S05@display=downscale_720p
H_02_03,H_02_03,4c1d6729-79d3-4539-ad31-bed60d1c7700,A_02_04,S05@display=downscale_720p
H_02_03,H_02_03,b06f4a9f-9db5-4496-aecf-70c8384ba399,A_02_04,S05@display=downscale_720p
H_02_03,H_02_03,f85d290f-8827-4dac-a461-e5e83513d72b,A_02_04,S05@display=downscale_720p
H_02_03,A_02_04,3d896d97-1df7-47a9-ba49-ff46a367eb7b,H_02_03,S05@display=downscale_720p
H_02_03,A_02_04,73fc3e05-0d2e-448f-9afd-f613f64d5f00,H_02_03,S05@display=downscale_720p
H_02_03,A_02_04,e06ce932-d5fa-4f96-869c-cc3e9e04563a,H_02_03,S05@display=downscale_720p
H_02_03,A_02_04,cd7ef5e4-e2dc-40cf-b81a-7945ea42aaf9,H_02_03,S05@display=downscale_720p
H_02_03,A_02_04,c26847af-3f98-4202-9f41-8f32e06ca9af,H_02_03,S05@display=downscale_720p
H_02_02,H_02_02,10c7d657-825a-40b9-9ba7-d151a5e5ed4d,H_02_04,S07@display=downscale_720p
H_02_02,H_02_04,4ace5472-fa2f-4b27-8bc5-2fdf8e767183,H_02_02,S07@display=downscale_720p
H_02_02,H_02_04,b340861d-fe24-4f7f-9b0f-5faab7d4d88e,H_02_02,S07@display=downscale_720p
H_02_02,H_02_04,3d896d97-1df7-47a9-ba49-ff46a367eb7b,H_02_02,S07@display=downscale_720p
H_02_02,H_02_02,6969072a-1fb0-41af-a4cb-dadc3bbef231,H_02_04,S07@display=downscale_720p
H_02_02,H_02_04,f85d290f-8827-4dac-a461-e5e83513d72b,H_02_02,S07@display=downscale_720p
H_02_02,H_02_02,89315763-fcde-4ec2-91ea-144239c92737,H_02_04,S07@display=downscale_720p
H_02_02,H_02_02,f421f75a-7649-4aa4-880c-eeb061710308,H_02_04,S07@display=downscale_720p
H_02_02,H_02_04,09332dcd-5bd2-4568-bda7-d61c0078c901,H_02_02,S07@display=downscale_720p
H_02_02,H_02_04,3f901510-5c7f-4267-85e4-7ddb8e98041e,H_02_02,S07@display=downscale_720p
,A_02_03,4dccc560-01dc-4255-8bd2-cf5468d31ef5,V_02_03,S07@display=downscale_720p
V_02_03,V_02_03,b909efd4-a623-4b1f-9d6d-d4c465f57728,A_02_03,S07@display=downscale_720p
V_02_03,V_02_03,73fc3e05-0d2e-448f-9afd-f613f64d5f00,A_02_03,S07@display=downscale_720p
,A_02_03,d8c1bc80-412f-4d47-99ac-13139f531c78,V_02_03,S07@display=downscale_720p
V_02_03,V_02_03,ab0ebbd4-e7f3-4f4b-92aa-0eb0e7cd87a9,A_02_03,S07@display=downscale_720p
,A_02_03,bf0b50c6-99a6-4cd9-b8b1-2c46e8d3d05f,V_02_03,S07@display=downscale_720p
V_02_03,A_02_03,c91c3d61-3b89-42f7-a978-250341c8e50c,V_02_03,S07@display=downscale_720p
V_02_03,A_02_03,174865e5-ea98-4061-ac4c-8aa35b56e5a7,V_02_03,S07@display=downscale_720p
V_02_03,A_02_03,4b6c9fed-8e80-472a-88d2-0649b5334c5c,V_02_03,S07@display=downscale_720p
V_02_03,V_02_03,2a07eafe-3803-457d-b135-e86b890f7b89,A_02_03,S07@display=downscale_720p
A_02_03,V_02_04,7f1f9135-eba6-4c84-997c-b399b56a08fa,A_02_03,S10@display=downscale_720p
,V_02_04,f59f4a55-0e1a-4271-b953-522aa311d7c2,A_02_03,S10@display=downscale_720p
,V_02_04,34a267ad-eeec-427e-8ab9-7f641b7a7274,A_02_03,S10@display=downscale_720p
V_02_04,V_02_04,46a4e78f-d4fc-4fd0-a6be-a06f2aa2bc5c,A_02_03,S10@display=downscale_720p
A_02_03,V_02_04,e0aea472-6a76-436e-af71-745b71b97d28,A_02_03,S10@display=downscale_720p
,V_02_04,ff49978d-4e66-4720-95e7-900003c132dc,A_02_03,S10@display=downscale_720p
,A_02_03,68f77413-1551-4cf2-a246-5b2e72d6e2ca,V_02_04,S10@display=downscale_720p
V_02_04,V_02_04,50aee958-2dac-4fb9-934a-1edfbdb50d2a,A_02_03,S10@display=downscale_720p
A_02_03,V_02_04,0ea12225-ae59-4124-813f-c35a207d21f1,A_02_03,S10@display=downscale_720p
V_02_04,A_02_03,d5a3e1ad-00e0-427b-8a71-63e7537a7fee,V_02_04,S10@display=downscale_720p
H_02_04,A_02_04,469cba36-71ad-4d63-a93e-16523713be41,H_02_04,S10@display=downscale_720p
H_02_04,A_02_04,bd1e0a6c-81f0-46fc-88c7-05c6fc0df81c,H_02_04,S10@display=downscale_720p
H_02_04,A_02_04,37b25e4b-d01b-47ae-9f51-b67e1e4dfccb,H_02_04,S10@display=downscale_720p
H_02_04,H_02_04,6028b022-b508-4537-961b-53852cceb660,A_02_04,S10@display=downscale_720p
H_02_04,H_02_04,e3e9a196-ccfa-4e47-8759-8c819269b9ac,A_02_04,S10@display=downscale_720p
H_02_04,A_02_04,564ea334-2508-4e86-bdff-32608069f738,H_02_04,S10@display=downscale_720p
H_02_04,A_02_04,1be9beb4-1d95-4e4a-9e56-cf91c910b288,H_02_04,S10@display=downscale_720p
H_02_04,H_02_04,14bb97de-dd82-4fb2-ad70-1abfe83f218c,A_02_04,S10@display=downscale_720p
H_02_04,H_02_04,beb4de2b-2cc8-47e5-9068-ce1a2cdefc80,A_02_04,S10@display=downscale_720p
H_02_04,H_02_04,1e82358e-4850-48b8-ae64-61204fbcb4b6,A_02_04,S10@display=downscale_720p
,H_02_03,64ee7c47-a880-4870-b90f-98b2cea3d108,H_02_02,S05@display=downscale_720p
H_02_02,H_02_03,8869bf03-8942-4a5a-b407-e3b264346c33,H_02_02,S05@display=downscale_720p
,H_02_02,4ac3db01-bc1d-4003-bd16-ffba42e02532,H_02_03,S05@display=downscale_720p
H_02_02,H_02_03,b48a7d27-dbb3-4dab-b77e-fb4757611c16,H_02_02,S05@display=downscale_720p
H_02_02,H_02_03,633a38ff-cc65-4a94-a1d9-5c35c67a21a8,H_02_02,S05@display=downscale_720p
H_02_03,H_02_03,0d2c4c75-95d6-4c40-ac11-5463bca1b2c6,H_02_02,S05@display=downscale_720p
,H_02_02,ca786f45-e116-42d0-8864-f7bf33ab43b7,H_02_03,S05@display=downscale_720p
,H_02_03,8c992adc-55ca-42a8-9b22-2ef3064a339f,H_02_02,S05@display=downscale_720p
,H_02_03,025bf8ad-20ed-460e-b171-dcd9f706ea21,H_02_02,S05@display=downscale_720p
H_02_02,H_02_03,82fe0f50-d0ba-4979-bcd0-32db2a2d16db,H_02_02,S05@display=downscale_720p
H_02_02,A_02_04,e60d84f2-2aee-4ebc-b826-de0023409038,H_02_02,S06@display=downscale_720p
H_02_02,A_02_04,b378d678-f75a-42cc-bbd0-75ad06e71625,H_02_02,S06@display=downscale_720p
A_02_04,H_02_02,26fa09ee-9e96-4d24-b10e-fcc343833d26,A_02_04,S06@display=downscale_720p
H_02_02,A_02_04,410daef0-34b2-4e4b-babd-7babc948d15f,H_02_02,S06@display=downscale_720p
H_02_02,A_02_04,a1a4adb4-7d93-44de-b98c-e6966fc2b691,H_02_02,S06@display=downscale_720p
H_02_02,H_02_02,a1a4adb4-7d93-44de-b98c-e6966fc2b691,A_02_04,S06@display=downscale_720p
H_02_02,H_02_02,527069d3-34a7-48d0-96c3-0b2c2c3994b6,A_02_04,S06@display=downscale_720p
H_02_02,A_02_04,4e379143-b442-483d-8cf0-0e165f5f437f,H_02_02,S06@display=downscale_720p
,A_02_04,6ecdc2df-e4f9-4e4f-a3f0-732cb4547402,H_02_02,S06@display=downscale_720p
H_02_02,A_02_04,c7b79199-ca4b-4048-a7d5-4401ff5a49bc,H_02_02,S06@display=downscale_720p
V_02_02,H_02_04,bdaf5754-8eef-48e4-9ce3-678bdfc61728,V_02_02,S08@display=downscale_720p
V_02_02,H_02_04,223474d7-acec-4d65-b02c-3d61e5d699b6,V_02_02,S08@display=downscale_720p
V_02_02,H_02_04,ab9bd879-c38d-4c30-954b-ca9f283f3dcd,V_02_02,S08@display=downscale_720p
V_02_02,H_02_04,a033a052-dae1-4886-b9ff-63d3d2eba248,V_02_02,S08@display=downscale_720p
V_02_02,V_02_02,a033a052-dae1-4886-b9ff-63d3d2eba248,H_02_04,S08@display=downscale_720p
V_02_02,V_02_02,a033a052-dae1-4886-b9ff-63d3d2eba248,H_02_04,S08@display=downscale_720p
V_02_02,H_02_04,a7eb9214-b39a-464b-8e2f-4ff64859fffa,V_02_02,S08@display=downscale_720p
V_02_02,V_02_02,4646db8b-4471-4610-b7a9-5996112c40ed,H_02_04,S08@display=downscale_720p
V_02_02,V_02_02,2c587a3a-51d8-4596-8547-e351835081db,H_02_04,S08@display=downscale_720p
V_02_02,V_02_02,050a4f4e-7935-45bb-a3c2-a511c009528f,H_02_04,S08@display=downscale_720p
V_02_04,V_02_04,d1a0ff66-a122-4ee7-ab14-21885df890cc,V_02_03,S04@display=downscale_720p
V_02_03,V_02_04,e4445dfc-1097-4661-acd7-d2773cd94345,V_02_03,S04@display=downscale_720p
,V_02_04,0c471fc5-6253-400a-8019-939664ba4f48,V_02_03,S04@display=downscale_720p
V_02_03,V_02_03,f23c238b-c6fd-4b79-9621-659d5e566199,V_02_04,S04@display=downscale_720p
V_02_03,V_02_03,d1a0ff66-a122-4ee7-ab14-21885df890cc,V_02_04,S04@display=downscale_720p
V_02_03,V_02_03,933d8af8-1ab2-4e55-ae03-cd87ff4b179a,V_02_04,S04@display=downscale_720p
V_02_03,V_02_04,2686b257-b01a-47e1-ac7d-b4f5d86b7827,V_02_03,S04@display=downscale_720p
V_02_03,V_02_03,09332dcd-5bd2-4568-bda7-d61c0078c901,V_02_04,S04@display=downscale_720p
V_02_03,V_02_03,a04f13c5-9313-46d7-a41f-934b627cf3f6,V_02_04,S04@display=downscale_720p
,V_02_03,7c3c9252-851e-49ba-9f19-b5fa8809afb7,V_02_04,S04@display=downscale_720p
A_02_02,A_02_02,d7fc6dd8-a46c-47dc-bc7a-f4de0649c911,A_02_03,S01@display=downscale_720p
A_02_02,A_02_03,ce791b62-ba49-47d1-acf2-7ab0254ad579,A_02_02,S01@display=downscale_720p
A_02_02,A_02_03,7597850a-f1d3-42d6-ab3b-b865d992b156,A_02_02,S01@display=downscale_720p
,A_02_03,2830b99e-f318-4d99-93fe-f2016795d39f,A_02_02,S01@display=downscale_720p
,A_02_03,5185a614-084e-4588-97f8-e668ba517913,A_02_02,S01@display=downscale_720p
A_02_03,A_02_03,3e978977-7630-4a1b-bd93-031970416ed9,A_02_02,S01@display=downscale_720p
,A_02_03,ca786f45-e116-42d0-8864-f7bf33ab43b7,A_02_02,S01@display=downscale_720p
,A_02_02,ceb74f22-a0f8-48ca-b1ef-09277ec78ebb,A_02_03,S01@display=downscale_720p
A_02_03,A_02_02,86cb8c15-4ae2-4b98-a16b-2ba0d400cb02,A_02_03,S01@display=downscale_720p
A_02_02,A_02_03,81dd0d37-aee0-42fb-8a8d-4e4506093702,A_02_02,S01@display=downscale_720p
V_02_02,V_02_04,7c61efc9-0e02-461a-af2c-34a923d2c794,V_02_02,S07@display=downscale_720p
V_02_02,V_02_04,ef905607-4579-46f1-a6bc-3719b1ba5b41,V_02_02,S07@display=downscale_720p
V_02_02,V_02_04,1a51a237-f04f-4c38-b86d-1727d52b2fde,V_02_02,S07@display=downscale_720p
V_02_04,V_02_04,8836da4b-10ef-48fb-9188-2006730f59bd,V_02_02,S07@display=downscale_720p
V_02_02,V_02_04,0118bd93-5520-4343-a2ad-629d427fd0ea,V_02_02,S07@display=downscale_720p
,V_02_04,e06ce932-d5fa-4f96-869c-cc3e9e04563a,V_02_02,S07@display=downscale_720p
V_02_02,V_02_04,088c86e2-3fd3-4a6f-9857-2cff6fa9775d,V_02_02,S07@display=downscale_720p
V_02_02,V_02_02,0d2c4c75-95d6-4c40-ac11-5463bca1b2c6,V_02_04,S07@display=downscale_720p
,V_02_04,5be17746-9841-4ad7-a4ec-7e94d2c699cf,V_02_02,S07@display=downscale_720p
V_02_04,V_02_04,86cb8c15-4ae2-4b98-a16b-2ba0d400cb02,V_02_02,S07@display=downscale_720p
V_02_04,V_02_04,c3ba8c76-10c3-4e6d-a9b4-5b0da7f8e7ed,V_02_02,S01@display=downscale_720p
V_02_02,V_02_04,632dc3ff-eb98-4b53-908b-cddd95393b4f,V_02_02,S01@display=downscale_720p
,V_02_04,a033a052-dae1-4886-b9ff-63d3d2eba248,V_02_02,S01@display=downscale_720p
V_02_02,V_02_04,025bf8ad-20ed-460e-b171-dcd9f706ea21,V_02_02,S01@display=downscale_720p
V_02_02,V_02_02,223474d7-acec-4d65-b02c-3d61e5d699b6,V_02_04,S01@display=downscale_720p
V_02_02,V_02_02,3e978977-7630-4a1b-bd93-031970416ed9,V_02_04,S01@display=downscale_720p
,V_02_04,5b9ca96e-edc8-405a-a9be-1287556f79d0,V_02_02,S01@display=downscale_720p
V_02_02,V_02_04,2d131ab7-9c85-477a-92bc-f6c217eac087,V_02_02,S01@display=downscale_720p
V_02_02,V_02_04,502764dd-9b73-4188-a1bc-05b4db17df5e,V_02_02,S01@display=downscale_720p
V_02_02,V_02_02,0ea12225-ae59-4124-813f-c35a207d21f1,V_02_04,S01@display=downscale_720p
V_02_03,V_02_03,cc46427d-f48c-49a9-a459-07b28ce04b8a,H_02_04,S08@display=downscale_720p
V_02_03,H_02_04,5556a090-c5a7-47af-83bd-1c45856677ee,V_02_03,S08@display=downscale_720p
V_02_03,V_02_03,115bfc14-3f67-4fbc-a02f-2c7c0cb50b0a,H_02_04,S08@display=downscale_720p
V_02_03,H_02_04,f72f6f7e-92da-479f-bf84-994c786eabbc,V_02_03,S08@display=downscale_720p
V_02_03,H_02_04,8879b96e-ae8c-4a72-8226-fd37db366db9,V_02_03,S08@display=downscale_720p
H_02_04,V_02_03,61f9b93c-28ea-4339-b1ab-8b1078194f84,H_02_04,S08@display=downscale_720p
V_02_03,H_02_04,13f7f2a8-6a09-4d94-bb8e-9be167d14f2d,V_02_03,S08@display=downscale_720p
V_02_03,H_02_04,8eaecae3-3fc9-4fc6-a052-030c62bf6857,V_02_03,S08@display=downscale_720p
V_02_03,H_02_04,6ecdc2df-e4f9-4e4f-a3f0-732cb4547402,V_02_03,S08@display=downscale_720p
V_02_03,H_02_04,2c587a3a-51d8-4596-8547-e351835081db,V_02_03,S08@display=downscale_720p
V_02_02,V_02_04,f0493ed9-747e-4df2-889d-da35430b30b9,V_02_02,S06@display=downscale_720p
V_02_02,V_02_04,7e901616-a1c1-4a92-a41b-d9c5260d418b,V_02_02,S06@display=downscale_720p
V_02_02,V_02_04,c0070e68-264f-4636-8edb-2c2d7bb5e716,V_02_02,S06@display=downscale_720p
V_02_04,V_02_04,7e901616-a1c1-4a92-a41b-d9c5260d418b,V_02_02,S06@display=downscale_720p
V_02_04,V_02_02,ea53024c-24ff-482e-b8b4-c5b30d8b83c4,V_02_04,S06@display=downscale_720p
V_02_02,V_02_04,cab6961d-8f1b-4fe8-a596-b213e88efb67,V_02_02,S06@display=downscale_720p
,V_02_02,0778a679-4934-4628-824f-3768ebf7bba5,V_02_04,S06@display=downscale_720p
,V_02_04,861450d5-3acd-48c6-8ea3-8e7fe6d206ea,V_02_02,S06@display=downscale_720p
,V_02_02,f59f4a55-0e1a-4271-b953-522aa311d7c2,V_02_04,S06@display=downscale_720p
,V_02_04,bf4179ae-5935-4a01-98ae-8da103f321f8,V_02_02,S06@display=downscale_720p
V_02_02,V_02_02,882cdab6-5ed7-41e1-90f7-7e3b9784e9fd,V_02_03,S07@display=downscale_720p
,V_02_02,762f7ebd-2c59-4ed3-ad16-5fb725cdfd66,V_02_03,S07@display=downscale_720p
,V_02_03,2830b99e-f318-4d99-93fe-f2016795d39f,V_02_02,S07@display=downscale_720p
,V_02_03,dffbbf73-3719-4c35-bf8a-a42f10289d9b,V_02_02,S07@display=downscale_720p
,V_02_03,78cdaf7e-0824-4579-ada3-09888130112c,V_02_02,S07@display=downscale_720p
V_02_02,V_02_03,2d131ab7-9c85-477a-92bc-f6c217eac087,V_02_02,S07@display=downscale_720p
V_02_03,V_02_02,f26c40ba-4533-45e9-ba77-0d4eef61ffff,V_02_03,S07@display=downscale_720p
V_02_02,V_02_02,81dd0d37-aee0-42fb-8a8d-4e4506093702,V_02_03,S07@display=downscale_720p
V_02_02,V_02_02,f26c40ba-4533-45e9-ba77-0d4eef61ffff,V_02_03,S07@display=downscale_720p
V_02_02,V_02_02,86cb8c15-4ae2-4b98-a16b-2ba0d400cb02,V_02_03,S07@display=downscale_720p
H_02_02,H_02_02,c0070e68-264f-4636-8edb-2c2d7bb5e716,H_02_04,S08@display=downscale_720p
H_02_02,H_02_02,be02aa43-c749-4fbd-af51-4ac584f4edd3,H_02_04,S08@display=downscale_720p
H_02_02,H_02_04,db97ffab-f54a-44c7-9902-38ee07737aab,H_02_02,S08@display=downscale_720p
H_02_02,H_02_02,5090c893-550b-48a3-92b2-9e86edda08cf,H_02_04,S08@display=downscale_720p
H_02_02,H_02_02,cab6961d-8f1b-4fe8-a596-b213e88efb67,H_02_04,S08@display=downscale_720p
H_02_02,H_02_02,4e379143-b442-483d-8cf0-0e165f5f437f,H_02_04,S08@display=downscale_720p
H_02_02,H_02_02,46a4e78f-d4fc-4fd0-a6be-a06f2aa2bc5c,H_02_04,S08@display=downscale_720p
H_02_02,H_02_04,d247734f-4de1-4d75-a245-f135411e9f25,H_02_02,S08@display=downscale_720p
H_02_02,H_02_04,9c112c43-7cfd-41cf-97da-abb223fde74c,H_02_02,S08@display=downscale_720p
H_02_02,H_02_02,db97ffab-f54a-44c7-9902-38ee07737aab,H_02_04,S08@display=downscale_720p
H_02_04,A_02_03,8a95834d-c12c-4af5-8958-4da29def96d2,H_02_04,S10@display=downscale_720p
H_02_04,H_02_04,d58415da-0d3b-4742-8e5c-6bb87c037164,A_02_03,S10@display=downscale_720p
,A_02_03,78cdaf7e-0824-4579-ada3-09888130112c,H_02_04,S10@display=downscale_720p
A_02_03,H_02_04,b06f4a9f-9db5-4496-aecf-70c8384ba399,A_02_03,S10@display=downscale_720p
H_02_04,H_02_04,91c3b79f-9c12-40b8-bf7f-b956a2497abd,A_02_03,S10@display=downscale_720p
A_02_03,A_02_03,13f85313-63e6-4282-b060-dfe31548b4c6,H_02_04,S10@display=downscale_720p
A_02_03,H_02_04,ae82db8e-ad66-44e4-8c16-5524b81e5f7d,A_02_03,S10@display=downscale_720p
A_02_03,A_02_03,f421f75a-7649-4aa4-880c-eeb061710308,H_02_04,S10@display=downscale_720p
A_02_03,H_02_04,d7fc6dd8-a46c-47dc-bc7a-f4de0649c911,A_02_03,S10@display=downscale_720p
,H_02_04,359f8cd0-ea83-4173-9c1d-adc016cd83bf,A_02_03,S10@display=downscale_720p
A_02_02,A_02_02,39f680ab-2a22-42d6-9399-be0fdfed7a8b,V_02_03,S10@display=downscale_720p
,A_02_02,5be17746-9841-4ad7-a4ec-7e94d2c699cf,V_02_03,S10@display=downscale_720p
V_02_03,V_02_03,bc676637-46a5-4073-9412-e0ed07e20264,A_02_02,S10@display=downscale_720p
V_02_03,A_02_02,7cbeaa89-24e3-450e-92c7-971a085d8b73,V_02_03,S10@display=downscale_720p
A_02_02,A_02_02,25af761c-f297-4ed6-b56d-35420ac03265,V_02_03,S10@display=downscale_720p
A_02_02,A_02_02,980d2d8b-ef14-4422-9c2e-7fe3cf484d55,V_02_03,S10@display=downscale_720p
V_02_03,V_02_03,bdaf5754-8eef-48e4-9ce3-678bdfc61728,A_02_02,S10@display=downscale_720p
,A_02_02,5b9ca96e-edc8-405a-a9be-1287556f79d0,V_02_03,S10@display=downscale_720p
,A_02_02,d4df1abf-8a2c-449b-a2ac-04c204d4b4e9,V_02_03,S10@display=downscale_720p
V_02_03,A_02_02,2c6915d3-251a-4678-949c-70a2c049d32e,V_02_03,S10@display=downscale_720p
V_02_04,V_02_04,7cecfc70-f282-45bb-bb6d-b43bb11e8693,H_02_03,S04@display=downscale_720p
V_02_04,V_02_04,882cdab6-5ed7-41e1-90f7-7e3b9784e9fd,H_02_03,S04@display=downscale_720p
H_02_03,H_02_03,389fad2f-b3fc-4326-afc1-e885e5feed5f,V_02_04,S04@display=downscale_720p
H_02_03,V_02_04,82558113-66cc-487d-a021-3066f8579703,H_02_03,S04@display=downscale_720p
H_02_03,H_02_03,1b4374dc-3ee6-4321-b25d-585912285052,V_02_04,S04@display=downscale_720p
,H_02_03,5b61bc78-7229-4ed3-8ae5-30c5bdc6194d,V_02_04,S04@display=downscale_720p
,V_02_04,508d527d-4612-402c-951a-13b73684b44b,H_02_03,S04@display=downscale_720p
V_02_04,V_02_04,8879b96e-ae8c-4a72-8226-fd37db366db9,H_02_03,S04@display=downscale_720p
,V_02_04,bf0b50c6-99a6-4cd9-b8b1-2c46e8d3d05f,H_02_03,S04@display=downscale_720p
H_02_03,H_02_03,d58415da-0d3b-4742-8e5c-6bb87c037164,V_02_04,S04@display=downscale_720p
,H_02_03,6028b022-b508-4537-961b-53852cceb660,A_02_02,S01@display=downscale_720p
A_02_02,H_02_03,523043f5-9106-47c8-b29b-2daca46b50e3,A_02_02,S01@display=downscale_720p
A_02_02,H_02_03,af130f56-b985-4bb4-9326-69ccb7114bd0,A_02_02,S01@display=downscale_720p
A_02_02,H_02_03,a1a4adb4-7d93-44de-b98c-e6966fc2b691,A_02_02,S01@display=downscale_720p
A_02_02,H_02_03,51a35fe7-a903-4d22-8f32-7faf7650eb7d,A_02_02,S01@display=downscale_720p
,A_02_02,0440241e-020c-45e1-972b-d12ee557f199,H_02_03,S01@display=downscale_720p
,H_02_03,6d73ea9c-7cf0-4569-a699-0205c8a2f979,A_02_02,S01@display=downscale_720p
H_02_03,A_02_02,b378d678-f75a-42cc-bbd0-75ad06e71625,H_02_03,S01@display=downscale_720p
A_02_02,A_02_02,96d60cfc-7c3d-4c8d-817e-0668cbb76bba,H_02_03,S01@display=downscale_720p
H_02_03,H_02_03,27dc8a75-5496-43bf-9001-69f13ce7bbf7,A_02_02,S01@display=downscale_720p
,V_02_02,7c3c9252-851e-49ba-9f19-b5fa8809afb7,H_02_03,S05@display=downscale_720p
,H_02_03,99565672-59b6-49ae-86c8-b67caabad734,V_02_02,S05@display=downscale_720p
,V_02_02,743fb9c3-fb20-4bfc-9b7d-677888efc14f,H_02_03,S05@display=downscale_720p
,V_02_02,ce791b62-ba49-47d1-acf2-7ab0254ad579,H_02_03,S05@display=downscale_720p
,V_02_02,4dccc560-01dc-4255-8bd2-cf5468d31ef5,H_02_03,S05@display=downscale_720p
V_02_02,V_02_02,86aad6ea-2dc3-4cc0-b3c2-df09ec03f8f8,H_02_03,S05@display=downscale_720p
H_02_03,H_02_03,44ac3dfc-6041-4861-9d1b-af779ae48494,V_02_02,S05@display=downscale_720p
V_02_02,H_02_03,3fbc8eb5-d851-4b2a-98f7-bb133bf7cdd1,V_02_02,S05@display=downscale_720p
,V_02_02,dc629c6f-2169-449f-bb4d-ea717e24bac8,H_02_03,S05@display=downscale_720p
V_02_02,H_02_03,6b491dd4-4527-48e3-a8eb-d28019bb5b5d,V_02_02,S05@display=downscale_720p
A_02_02,V_02_04,1a51a237-f04f-4c38-b86d-1727d52b2fde,A_02_02,S07@display=downscale_720p
A_02_02,A_02_02,e4445dfc-1097-4661-acd7-d2773cd94345,V_02_04,S07@display=downscale_720p
,V_02_04,9f963951-635a-4042-a6b5-e243a1381162,A_02_02,S07@display=downscale_720p
,V_02_04,469cba36-71ad-4d63-a93e-16523713be41,A_02_02,S07@display=downscale_720p
A_02_02,V_02_04,43a0744c-2730-413c-b61e-fad1bee96e86,A_02_02,S07@display=downscale_720p
A_02_02,V_02_04,c922ea6c-760a-4e7c-8f24-3c70dbb52f4d,A_02_02,S07@display=downscale_720p
A_02_02,A_02_02,92201585-84e2-4317-944a-701bd5553360,V_02_04,S07@display=downscale_720p
A_02_02,V_02_04,632dc3ff-eb98-4b53-908b-cddd95393b4f,A_02_02,S07@display=downscale_720p
A_02_02,V_02_04,01852884-a947-4c2c-85ff-307e2abb7614,A_02_02,S07@display=downscale_720p
,V_02_04,6669cc1e-0fe8-464b-a75c-6409791ea24c,A_02_02,S07@display=downscale_720p
,A_02_02,ce791b62-ba49-47d1-acf2-7ab0254ad579,H_02_02,S03@display=downscale_720p
H_02_02,H_02_02,dc629c6f-2169-449f-bb4d-ea717e24bac8,A_02_02,S03@display=downscale_720p
A_02_02,H_02_02,6b491dd4-4527-48e3-a8eb-d28019bb5b5d,A_02_02,S03@display=downscale_720p
,A_02_02,44703767-9d83-49e1-b8e4-f669f82afd6d,H_02_02,S03@display=downscale_720p
A_02_02,H_02_02,d5cbdc09-bb32-4ef6-a6dc-b39a9ab3c2df,A_02_02,S03@display=downscale_720p
A_02_02,A_02_02,59a8887a-b235-42c1-b76d-0d5b64e71be1,H_02_02,S03@display=downscale_720p
,H_02_02,9d82d16d-d968-4f53-aa89-e636b319d1d2,A_02_02,S03@display=downscale_720p
H_02_02,H_02_02,aea9cfc0-2b99-4ed2-bfd1-074f3702bef7,A_02_02,S03@display=downscale_720p
A_02_02,A_02_02,2367f3ed-e120-4711-8aa8-81a3760539ae,H_02_02,S03@display=downscale_720p
A_02_02,A_02_02,6c1ab2d7-885f-4fa7-8fd3-1c3b2a898440,H_02_02,S03@display=downscale_720p
V_02_03,V_02_03,87fe6cf8-2e5e-4a97-895f-eba07df630f2,V_02_04,S09@display=downscale_720p
V_02_03,V_02_04,4b48e5e8-e693-4fe9-ba01-b22cb81aa8bd,V_02_03,S09@display=downscale_720p
V_02_03,V_02_03,b909efd4-a623-4b1f-9d6d-d4c465f57728,V_02_04,S09@display=downscale_720p
V_02_04,V_02_04,b8ae1542-697a-4ce9-a98e-810b08992bf7,V_02_03,S09@display=downscale_720p
V_02_04,V_02_04,5556a090-c5a7-47af-83bd-1c45856677ee,V_02_03,S09@display=downscale_720p
V_02_03,V_02_03,75be14b8-091b-4640-9769-677f989f7497,V_02_04,S09@display=downscale_720p
,V_02_04,5185a614-084e-4588-97f8-e668ba517913,V_02_03,S09@display=downscale_720p
,V_02_03,443d8774-8270-4b8c-91b9-ed2d891e11d5,V_02_04,S09@display=downscale_720p
V_02_04,V_02_04,8282a32a-12f5-4bb0-9e1b-ffa64048e19f,V_02_03,S09@display=downscale_720p
V_02_03,V_02_04,a99d29a7-655e-4ac0-9685-801b6701ef99,V_02_03,S09@display=downscale_720p
,A_02_02,861450d5-3acd-48c6-8ea3-8e7fe6d206ea,A_02_03,S08@display=downscale_720p
,A_02_03,a2dbf6e1-12c7-42b2-86e1-5508f7c53c63,A_02_02,S08@display=downscale_720p
A_02_03,A_02_03,c0070e68-264f-4636-8edb-2c2d7bb5e716,A_02_02,S08@display=downscale_720p
A_02_02,A_02_03,12b70005-a6df-428d-ba8d-61bfcca6b3e6,A_02_02,S08@display=downscale_720p
A_02_03,A_02_02,dab2b15c-9662-4b7b-9096-0a5c8a1a239c,A_02_03,S08@display=downscale_720p
A_02_02,A_02_02,bd1e0a6c-81f0-46fc-88c7-05c6fc0df81c,A_02_03,S08@display=downscale_720p
A_02_02,A_02_03,e2014108-7d49-48aa-93f7-a6a6e87e4de0,A_02_02,S08@display=downscale_720p
,A_02_03,64fe5ebd-0cad-4bce-ba94-faced0b4549c,A_02_02,S08@display=downscale_720p
,A_02_03,75be14b8-091b-4640-9769-677f989f7497,A_02_02,S08@display=downscale_720p
,A_02_03,e06ce932-d5fa-4f96-869c-cc3e9e04563a,A_02_02,S08@display=downscale_720p
,H_02_02,4b5adfad-5fe8-43f2-9582-f747c6b12739,A_02_03,S03@display=downscale_720p
,H_02_02,26fa09ee-9e96-4d24-b10e-fcc343833d26,A_02_03,S03@display=downscale_720p
,H_02_02,8879b96e-ae8c-4a72-8226-fd37db366db9,A_02_03,S03@display=downscale_720p
,A_02_03,1f1ce512-5994-4cc8-b2fa-57f54bf1af07,H_02_02,S03@display=downscale_720p
A_02_03,A_02_03,dc629c6f-2169-449f-bb4d-ea717e24bac8,H_02_02,S03@display=downscale_720p
H_02_02,H_02_02,12b70005-a6df-428d-ba8d-61bfcca6b3e6,A_02_03,S03@display=downscale_720p
A_02_03,A_02_03,ab9bd879-c38d-4c30-954b-ca9f283f3dcd,H_02_02,S03@display=downscale_720p
H_02_02,H_02_02,5556a090-c5a7-47af-83bd-1c45856677ee,A_02_03,S03@display=downscale_720p
,A_02_03,c922ea6c-760a-4e7c-8f24-3c70dbb52f4d,H_02_02,S03@display=downscale_720p
H_02_02,A_02_03,2863b9e0-1669-4631-807d-c2c363263414,H_02_02,S03@display=downscale_720p
,H_02_02,34a267ad-eeec-427e-8ab9-7f641b7a7274,H_02_03,S10@display=downscale_720p
H_02_03,H_02_02,fe9c4979-ae46-4523-9b87-d5d4993bd930,H_02_03,S10@display=downscale_720p
H_02_02,H_02_02,437acdfb-e2ed-4f2d-9658-c8bc9d813f97,H_02_03,S10@display=downscale_720p
H_02_03,H_02_02,3d896d97-1df7-47a9-ba49-ff46a367eb7b,H_02_03,S10@display=downscale_720p
H_02_03,H_02_02,c950a398-7322-465b-b233-9e1966c11317,H_02_03,S10@display=downscale_720p
H_02_03,H_02_02,dd28a6dc-61d3-4b7b-bde7-a6509949da90,H_02_03,S10@display=downscale_720p
H_02_03,H_02_03,efb3944b-7150-43f1-a579-5cb22bc06e25,H_02_02,S10@display=downscale_720p
,H_02_03,a033a052-dae1-4886-b9ff-63d3d2eba248,H_02_02,S10@display=downscale_720p
,H_02_03,223474d7-acec-4d65-b02c-3d61e5d699b6,H_02_02,S10@display=downscale_720p
H_02_02,H_02_02,6b491dd4-4527-48e3-a8eb-d28019bb5b5d,H_02_03,S10@display=downscale_720p
V_02_03,V_02_03,4b5adfad-5fe8-43f2-9582-f747c6b12739,H_02_04,S09@display=downscale_720p
V_02_03,V_02_03,3b1fe989-8521-47f7-a856-dfab1b12c7ba,H_02_04,S09@display=downscale_720p
V_02_03,V_02_03,f23c238b-c6fd-4b79-9621-659d5e566199,H_02_04,S09@display=downscale_720p
V_02_03,H_02_04,a04f13c5-9313-46d7-a41f-934b627cf3f6,V_02_03,S09@display=downscale_720p
V_02_03,V_02_03,004b6139-6c81-45b2-9391-18688c331f62,H_02_04,S09@display=downscale_720p
V_02_03,V_02_03,5edb57c4-b7b8-4894-a068-153dee269cc9,H_02_04,S09@display=downscale_720p
V_02_03,H_02_04,b944f82a-f4c6-4ff2-8592-7a12cb9ebe40,V_02_03,S09@display=downscale_720p
,H_02_04,ed305761-d36f-47b5-885b-950c08136d5d,V_02_03,S09@display=downscale_720p
V_02_03,H_02_04,b9d4f06a-7f19-40bd-b309-fc0ad6ac1c49,V_02_03,S09@display=downscale_720p
H_02_04,V_02_03,5edb57c4-b7b8-4894-a068-153dee269cc9,H_02_04,S09@display=downscale_720p
H_02_04,H_02_04,b5e82897-f57b-4598-878a-ac98805f3380,A_02_04,S04@display=downscale_720p
H_02_04,A_02_04,cc282dde-7397-4e85-b99c-afa56799cb4b,H_02_04,S04@display=downscale_720p
H_02_04,H_02_04,7f1f9135-eba6-4c84-997c-b399b56a08fa,A_02_04,S04@display=downscale_720p
,A_02_04,359f8cd0-ea83-4173-9c1d-adc016cd83bf,H_02_04,S04@display=downscale_720p
H_02_04,H_02_04,6f5a526a-943c-46c1-92ec-b897f48d5414,A_02_04,S04@display=downscale_720p
H_02_04,A_02_04,e06ce932-d5fa-4f96-869c-cc3e9e04563a,H_02_04,S04@display=downscale_720p
H_02_04,H_02_04,5edb57c4-b7b8-4894-a068-153dee269cc9,A_02_04,S04@display=downscale_720p
A_02_04,H_02_04,0ea12225-ae59-4124-813f-c35a207d21f1,A_02_04,S04@display=downscale_720p
H_02_04,A_02_04,0ea12225-ae59-4124-813f-c35a207d21f1,H_02_04,S04@display=downscale_720p
,A_02_04,8e874a12-9537-4451-ae74-e21020a5ea6f,H_02_04,S04@display=downscale_720p
H_02_02,V_02_03,5556a090-c5a7-47af-83bd-1c45856677ee,H_02_02,S08@display=downscale_720p
,V_02_03,8a9d6a5f-877d-40c5-85cc-b7ac357cbf73,H_02_02,S08@display=downscale_720p
H_02_02,H_02_02,564ea334-2508-4e86-bdff-32608069f738,V_02_03,S08@display=downscale_720p
,H_02_02,f516a889-e300-4162-b767-f2e140a1faad,V_02_03,S08@display=downscale_720p
H_02_02,H_02_02,c7f16209-4396-497d-863d-212068c89944,V_02_03,S08@display=downscale_720p
V_02_03,H_02_02,f2f84753-d2ab-421d-9862-7eb460f017dd,V_02_03,S08@display=downscale_720p
V_02_03,H_02_02,460498ca-181a-4a48-8e33-4995b637b17e,V_02_03,S08@display=downscale_720p
H_02_02,V_02_03,8a95834d-c12c-4af5-8958-4da29def96d2,H_02_02,S08@display=downscale_720p
V_02_03,H_02_02,e35c222a-ca42-4e79-b826-fb013a16cd3b,V_02_03,S08@display=downscale_720p
H_02_02,H_02_02,1f1ce512-5994-4cc8-b2fa-57f54bf1af07,V_02_03,S08@display=downscale_720p
V_02_04,V_02_04,dbcf59d7-5d3e-408d-a47f-61a31d8899f0,A_02_03,S03@display=downscale_720p
,V_02_04,d1a0ff66-a122-4ee7-ab14-21885df890cc,A_02_03,S03@display=downscale_720p
,V_02_04,a3d0bef8-b34e-4489-899a-c38a2c2bb1f7,A_02_03,S03@display=downscale_720p
V_02_04,A_02_03,bd1e0a6c-81f0-46fc-88c7-05c6fc0df81c,V_02_04,S03@display=downscale_720p
,A_02_03,974e8a16-3e5b-4c18-84d6-ca526197aadf,V_02_04,S03@display=downscale_720p
V_02_04,A_02_03,5f9eb52c-b6df-48b9-8657-18540ad98c82,V_02_04,S03@display=downscale_720p
A_02_03,V_02_04,25af761c-f297-4ed6-b56d-35420ac03265,A_02_03,S03@display=downscale_720p
A_02_03,A_02_03,5185a614-084e-4588-97f8-e668ba517913,V_02_04,S03@display=downscale_720p
A_02_03,A_02_03,81dd0d37-aee0-42fb-8a8d-4e4506093702,V_02_04,S03@display=downscale_720p
V_02_04,V_02_04,0fac0fcc-a2c0-4120-8e26-e63d24e598d2,A_02_03,S03@display=downscale_720p
,V_02_02,eb125c1e-a605-455a-a8b3-ebda76836e01,H_02_02,S02@display=downscale_720p
H_02_02,V_02_02,597c5631-bb4e-4a24-9d35-0a90490ca8ea,H_02_02,S02@display=downscale_720p
,V_02_02,ad8ba8d3-0bb4-4e6a-a415-9c880e1e1c46,H_02_02,S02@display=downscale_720p
V_02_02,V_02_02,fea02753-fd51-42ba-93e9-cfe01ef2e123,H_02_02,S02@display=downscale_720p
H_02_02,H_02_02,2367f3ed-e120-4711-8aa8-81a3760539ae,V_02_02,S02@display=downscale_720p
V_02_02,V_02_02,4ac3db01-bc1d-4003-bd16-ffba42e02532,H_02_02,S02@display=downscale_720p
,H_02_02,5be17746-9841-4ad7-a4ec-7e94d2c699cf,V_02_02,S02@display=downscale_720p
V_02_02,V_02_02,f0493ed9-747e-4df2-889d-da35430b30b9,H_02_02,S02@display=downscale_720p
H_02_02,V_02_02,ac8558b8-e03d-408b-aec0-5142f76320d1,H_02_02,S02@display=downscale_720p
H_02_02,H_02_02,dd28a6dc-61d3-4b7b-bde7-a6509949da90,V_02_02,S02@display=downscale_720p
,V_02_02,beb4de2b-2cc8-47e5-9068-ce1a2cdefc80,H_02_03,S03@display=downscale_720p
,H_02_03,e6ff5fc3-0b24-47f9-9c52-d9a3d37c9148,V_02_02,S03@display=downscale_720p
V_02_02,V_02_02,8282a32a-12f5-4bb0-9e1b-ffa64048e19f,H_02_03,S03@display=downscale_720p
,V_02_02,f4213979-e355-4fcf-a01e-f7c881075d8a,H_02_03,S03@display=downscale_720p
V_02_02,V_02_02,09332dcd-5bd2-4568-bda7-d61c0078c901,H_02_03,S03@display=downscale_720p
H_02_03,H_02_03,3d896d97-1df7-47a9-ba49-ff46a367eb7b,V_02_02,S03@display=downscale_720p
V_02_02,H_02_03,564ea334-2508-4e86-bdff-32608069f738,V_02_02,S03@display=downscale_720p
V_02_02,H_02_03,62c3fd4a-82ac-482c-b0fa-af499b863ce9,V_02_02,S03@display=downscale_720p
V_02_02,V_02_02,8a95834d-c12c-4af5-8958-4da29def96d2,H_02_03,S03@display=downscale_720p
,V_02_02,ad9c36d7-964f-42ad-aaf8-fba03f1ff2a3,H_02_03,S03@display=downscale_720p
V_02_02,V_02_02,fe9c4979-ae46-4523-9b87-d5d4993bd930,V_02_03,S08@display=downscale_720p
,V_02_03,68f77413-1551-4cf2-a246-5b2e72d6e2ca,V_02_02,S08@display=downscale_720p
V_02_03,V_02_02,564ea334-2508-4e86-bdff-32608069f738,V_02_03,S08@display=downscale_720p
V_02_02,V_02_02,cd7ef5e4-e2dc-40cf-b81a-7945ea42aaf9,V_02_03,S08@display=downscale_720p
V_02_02,V_02_02,62c3fd4a-82ac-482c-b0fa-af499b863ce9,V_02_03,S08@display=downscale_720p
,V_02_03,8ca7b4fe-37e4-42dd-bf4e-673dd1fadc61,V_02_02,S08@display=downscale_720p
V_02_02,V_02_03,a7eb9214-b39a-464b-8e2f-4ff64859fffa,V_02_02,S08@display=downscale_720p
V_02_03,V_02_02,d5a3e1ad-00e0-427b-8a71-63e7537a7fee,V_02_03,S08@display=downscale_720p
V_02_02,V_02_03,ac8558b8-e03d-408b-aec0-5142f76320d1,V_02_02,S08@display=downscale_720p
,V_02_03,4ec623a4-9d2d-444b-8ef8-7dac0bab8d09,V_02_02,S08@display=downscale_720p
H_02_02,H_02_02,410daef0-34b2-4e4b-babd-7babc948d15f,A_02_04,S05@display=downscale_720p
H_02_02,A_02_04,c950a398-7322-465b-b233-9e1966c11317,H_02_02,S05@display=downscale_720p
H_02_02,A_02_04,7cbeaa89-24e3-450e-92c7-971a085d8b73,H_02_02,S05@display=downscale_720p
H_02_02,H_02_02,14bb97de-dd82-4fb2-ad70-1abfe83f218c,A_02_04,S05@display=downscale_720p
H_02_02,H_02_02,0df0fe2d-be57-4a85-89f0-e2c185bb11eb,A_02_04,S05@display=downscale_720p
H_02_02,H_02_02,7cbeaa89-24e3-450e-92c7-971a085d8b73,A_02_04,S05@display=downscale_720p
H_02_02,H_02_02,b7217dd5-8d42-42dd-81b6-2d1172432ca0,A_02_04,S05@display=downscale_720p
H_02_02,A_02_04,bdaf5754-8eef-48e4-9ce3-678bdfc61728,H_02_02,S05@display=downscale_720p
H_02_02,H_02_02,ca786f45-e116-42d0-8864-f7bf33ab43b7,A_02_04,S05@display=downscale_720p
H_02_02,A_02_04,974b2130-86a2-4eee-a80e-3aca4ad239ee,H_02_02,S05@display=downscale_720p
V_02_02,V_02_02,75be14b8-091b-4640-9769-677f989f7497,V_02_03,S10@display=downscale_720p
,V_02_02,dd9c319b-f12e-454f-a3b2-f239c0297c0c,V_02_03,S10@display=downscale_720p
,V_02_02,5329ca54-b463-476d-98a4-53414bc4a500,V_02_03,S10@display=downscale_720p
V_02_02,V_02_03,9665df29-fa2e-440a-a9a9-a4c18ef4978d,V_02_02,S10@display=downscale_720p
,V_02_03,9e13a5f5-a844-4599-96fa-55244db6b99d,V_02_02,S10@display=downscale_720p
V_02_02,V_02_03,050a4f4e-7935-45bb-a3c2-a511c009528f,V_02_02,S10@display=downscale_720p
V_02_03,V_02_03,ac8558b8-e03d-408b-aec0-5142f76320d1,V_02_02,S10@display=downscale_720p
,V_02_02,1ab897f9-41b3-4cb5-a229-8423ac30fc38,V_02_03,S10@display=downscale_720p
,V_02_02,35b15a79-96be-4c2d-bfd4-4df6869aa64f,V_02_03,S10@display=downscale_720p
,V_02_02,922eae9f-c310-4e42-9bdf-1ef20d56fa69,V_02_03,S10@display=downscale_720p
,A_02_02,b06f4a9f-9db5-4496-aecf-70c8384ba399,H_02_03,S10@display=downscale_720p
A_02_02,A_02_02,5be17746-9841-4ad7-a4ec-7e94d2c699cf,H_02_03,S10@display=downscale_720p
,H_02_03,62c3fd4a-82ac-482c-b0fa-af499b863ce9,A_02_02,S10@display=downscale_720p
H_02_03,A_02_02,ac8558b8-e03d-408b-aec0-5142f76320d1,H_02_03,S10@display=downscale_720p
,A_02_02,4dccc560-01dc-4255-8bd2-cf5468d31ef5,H_02_03,S10@display=downscale_720p
A_02_02,H_02_03,502764dd-9b73-4188-a1bc-05b4db17df5e,A_02_02,S10@display=downscale_720p
,A_02_02,76400555-85ab-449d-bd91-0ade26cf3f46,H_02_03,S10@display=downscale_720p
A_02_02,A_02_02,8a912060-cced-467a-b148-3ba54770352a,H_02_03,S10@display=downscale_720p
,H_02_03,b06f4a9f-9db5-4496-aecf-70c8384ba399,A_02_02,S10@display=downscale_720p
,A_02_02,4dccc560-01dc-4255-8bd2-cf5468d31ef5,H_02_03,S10@display=downscale_720p
V_02_03,V_02_03,3c67b855-bbc1-4303-87e6-78f8e8d8f755,A_02_03,S04@display=downscale_720p
,A_02_03,52cd66b3-60f3-4a27-a419-19d8a2f7d970,V_02_03,S04@display=downscale_720p
V_02_03,V_02_03,d466a786-4e11-400b-a740-823d4a45fbe1,A_02_03,S04@display=downscale_720p
,A_02_03,4d80aa62-26e0-4a42-b479-6de666eb53ff,V_02_03,S04@display=downscale_720p
,V_02_03,296dcc0c-e3dc-4c82-a7f6-bd6129751e29,A_02_03,S04@display=downscale_720p
,V_02_03,00b8bcfc-f40c-4fa2-95a4-c5f666ad962a,A_02_03,S04@display=downscale_720p
V_02_03,V_02_03,1b4374dc-3ee6-4321-b25d-585912285052,A_02_03,S04@display=downscale_720p
,A_02_03,d3c5bcce-dcce-43b1-800a-6bb05db9cd10,V_02_03,S04@display=downscale_720p
,V_02_03,4ec623a4-9d2d-444b-8ef8-7dac0bab8d09,A_02_03,S04@display=downscale_720p
,V_02_03,5f9eb52c-b6df-48b9-8657-18540ad98c82,A_02_03,S04@display=downscale_720p
A_02_03,A_02_03,c26847af-3f98-4202-9f41-8f32e06ca9af,A_02_04,S07@display=downscale_720p
A_02_03,A_02_04,c3ba8c76-10c3-4e6d-a9b4-5b0da7f8e7ed,A_02_03,S07@display=downscale_720p
A_02_03,A_02_04,34707dfa-03c1-46c6-8469-2ad5e2a75dd9,A_02_03,S07@display=downscale_720p
A_02_03,A_02_04,adc43c16-328a-4b3e-831e-15a1a5347760,A_02_03,S07@display=downscale_720p
A_02_03,A_02_03,dd28a6dc-61d3-4b7b-bde7-a6509949da90,A_02_04,S07@display=downscale_720p
A_02_03,A_02_04,551aa61d-6c87-46be-8141-bf28d93c5b44,A_02_03,S07@display=downscale_720p
A_02_03,A_02_03,92192d18-7dae-4af5-9bfd-3b6ab0bf7eb5,A_02_04,S07@display=downscale_720p
A_02_03,A_02_04,a04f13c5-9313-46d7-a41f-934b627cf3f6,A_02_03,S07@display=downscale_720p
A_02_03,A_02_04,0dc209d4-6e43-4cda-9e48-3accddc24931,A_02_03,S07@display=downscale_720p
A_02_03,A_02_03,551aa61d-6c87-46be-8141-bf28d93c5b44,A_02_04,S07@display=downscale_720p
H_02_03,A_02_04,01875a85-7fc2-42c9-bc76-a479aaca875d,H_02_03,S01@display=downscale_720p
H_02_03,A_02_04,75be14b8-091b-4640-9769-677f989f7497,H_02_03,S01@display=downscale_720p
H_02_03,H_02_03,4ac3db01-bc1d-4003-bd16-ffba42e02532,A_02_04,S01@display=downscale_720p
H_02_03,H_02_03,502764dd-9b73-4188-a1bc-05b4db17df5e,A_02_04,S01@display=downscale_720p
H_02_03,H_02_03,b48a7d27-dbb3-4dab-b77e-fb4757611c16,A_02_04,S01@display=downscale_720p
H_02_03,H_02_03,2686b257-b01a-47e1-ac7d-b4f5d86b7827,A_02_04,S01@display=downscale_720p
H_02_03,H_02_03,1bd22fc7-a2a1-4de4-a8f8-cdef83feac23,A_02_04,S01@display=downscale_720p
H_02_03,A_02_04,088c86e2-3fd3-4a6f-9857-2cff6fa9775d,H_02_03,S01@display=downscale_720p
H_02_03,A_02_04,82796183-4736-4303-8371-7d113472cf41,H_02_03,S01@display=downscale_720p
H_02_03,A_02_04,dc629c6f-2169-449f-bb4d-ea717e24bac8,H_02_03,S01@display=downscale_720p
V_02_04,V_02_04,2b95f184-0d31-4a7a-8930-8f80a295c09f,V_02_02,S05@display=downscale_720p
V_02_02,V_02_02,901e08b1-4689-41fc-8bf9-ac8a7d4e3ac4,V_02_04,S05@display=downscale_720p
,V_02_04,b9d4f06a-7f19-40bd-b309-fc0ad6ac1c49,V_02_02,S05@display=downscale_720p
V_02_02,V_02_02,cd7ef5e4-e2dc-40cf-b81a-7945ea42aaf9,V_02_04,S05@display=downscale_720p
,V_02_02,eaf6213a-31c3-420d-aa0f-3eef29d04ce7,V_02_04,S05@display=downscale_720p
V_02_02,V_02_02,19e0b29c-66ef-4d8c-80ed-6074f0b98785,V_02_04,S05@display=downscale_720p
V_02_02,V_02_02,87fe6cf8-2e5e-4a97-895f-eba07df630f2,V_02_04,S05@display=downscale_720p
V_02_02,V_02_04,ea53024c-24ff-482e-b8b4-c5b30d8b83c4,V_02_02,S05@display=downscale_720p
V_02_02,V_02_02,d8c1bc80-412f-4d47-99ac-13139f531c78,V_02_04,S05@display=downscale_720p
,V_02_02,861450d5-3acd-48c6-8ea3-8e7fe6d206ea,V_02_04,S05@display=downscale_720p
V_02_04,H_02_04,469cba36-71ad-4d63-a93e-16523713be41,V_02_04,S01@display=downscale_720p
,V_02_04,502764dd-9b73-4188-a1bc-05b4db17df5e,H_02_04,S01@display=downscale_720p
,H_02_04,b9d4f06a-7f19-40bd-b309-fc0ad6ac1c49,V_02_04,S01@display=downscale_720p
V_02_04,H_02_04,523043f5-9106-47c8-b29b-2daca46b50e3,V_02_04,S01@display=downscale_720p
V_02_04,H_02_04,d5cbdc09-bb32-4ef6-a6dc-b39a9ab3c2df,V_02_04,S01@display=downscale_720p
V_02_04,V_02_04,7508c3e9-5ed3-45cd-ad54-39e3b622eb2b,H_02_04,S01@display=downscale_720p
V_02_04,V_02_04,b340861d-fe24-4f7f-9b0f-5faab7d4d88e,H_02_04,S01@display=downscale_720p
,H_02_04,861450d5-3acd-48c6-8ea3-8e7fe6d206ea,V_02_04,S01@display=downscale_720p
,H_02_04,828d829d-512a-4295-8c94-5dca353c3dc8,V_02_04,S01@display=downscale_720p
,H_02_04,7508c3e9-5ed3-45cd-ad54-39e3b622eb2b,V_02_04,S01@display=downscale_720p
V_02_03,V_02_03,616e2d9c-a47b-4e30-9254-a315eb6e2b44,H_02_03,S04@display=downscale_720p
V_02_03,H_02_03,597c5631-bb4e-4a24-9d35-0a90490ca8ea,V_02_03,S04@display=downscale_720p
V_02_03,V_02_03,10c7d657-825a-40b9-9ba7-d151a5e5ed4d,H_02_03,S04@display=downscale_720p
,H_02_03,ed305761-d36f-47b5-885b-950c08136d5d,V_02_03,S04@display=downscale_720p
H_02_03,V_02_03,5f9eb52c-b6df-48b9-8657-18540ad98c82,H_02_03,S04@display=downscale_720p
,H_02_03,ad9c36d7-964f-42ad-aaf8-fba03f1ff2a3,V_02_03,S04@display=downscale_720p
V_02_03,H_02_03,2c6915d3-251a-4678-949c-70a2c049d32e,V_02_03,S04@display=downscale_720p
V_02_03,V_02_03,82fe0f50-d0ba-4979-bcd0-32db2a2d16db,H_02_03,S04@display=downscale_720p
V_02_03,H_02_03,f0493ed9-747e-4df2-889d-da35430b30b9,V_02_03,S04@display=downscale_720p
,V_02_03,b9b8f498-34b8-48f4-9d1b-4e581b0d87a6,H_02_03,S04@display=downscale_720p
V_02_04,V_02_04,7e165902-842d-414b-8140-1eda62ac6084,A_02_04,S03@display=downscale_720p
V_02_04,V_02_04,b9b8f498-34b8-48f4-9d1b-4e581b0d87a6,A_02_04,S03@display=downscale_720p
V_02_04,V_02_04,bf0b50c6-99a6-4cd9-b8b1-2c46e8d3d05f,A_02_04,S03@display=downscale_720p
V_02_04,A_02_04,b9b8f498-34b8-48f4-9d1b-4e581b0d87a6,V_02_04,S03@display=downscale_720p
V_02_04,V_02_04,10c7d657-825a-40b9-9ba7-d151a5e5ed4d,A_02_04,S03@display=downscale_720p
V_02_04,A_02_04,bf0b50c6-99a6-4cd9-b8b1-2c46e8d3d05f,V_02_04,S03@display=downscale_720p
V_02_04,A_02_04,f85d290f-8827-4dac-a461-e5e83513d72b,V_02_04,S03@display=downscale_720p
V_02_04,A_02_04,b9b8f498-34b8-48f4-9d1b-4e581b0d87a6,V_02_04,S03@display=downscale_720p
V_02_04,V_02_04,67b6f57b-d672-41b5-a803-6f71cf06c370,A_02_04,S03@display=downscale_720p
V_02_04,A_02_04,cd7ef5e4-e2dc-40cf-b81a-7945ea42aaf9,V_02_04,S03@display=downscale_720p
A_02_02,A_02_02,4d80aa62-26e0-4a42-b479-6de666eb53ff,H_02_04,S10@display=downscale_720p
A_02_02,H_02_04,1e363084-0d0e-4019-aa1d-5397e0d5c675,A_02_02,S10@display=downscale_720p
,A_02_02,88ddb813-f6c5-41a8-9f66-58d2aee5e014,H_02_04,S10@display=downscale_720p
A_02_02,A_02_02,45cb17f4-bc50-462b-8899-6159f21e4966,H_02_04,S10@display=downscale_720p
A_02_02,A_02_02,00b8bcfc-f40c-4fa2-95a4-c5f666ad962a,H_02_04,S10@display=downscale_720p
,A_02_02,c6c3cc35-01db-4c5d-8459-b227562e5f2c,H_02_04,S10@display=downscale_720p
,A_02_02,c6c3cc35-01db-4c5d-8459-b227562e5f2c,H_02_04,S10@display=downscale_720p
H_02_04,H_02_04,67b6f57b-d672-41b5-a803-6f71cf06c370,A_02_02,S10@display=downscale_720p
H_02_04,A_02_02,616e2d9c-a47b-4e30-9254-a315eb6e2b44,H_02_04,S10@display=downscale_720p
A_02_02,A_02_02,b9b8f498-34b8-48f4-9d1b-4e581b0d87a6,H_02_04,S10@display=downscale_720p
V_02_03,H_02_02,dc629c6f-2169-449f-bb4d-ea717e24bac8,V_02_03,S10@display=downscale_720p
V_02_03,H_02_02,cd7ef5e4-e2dc-40cf-b81a-7945ea42aaf9,V_02_03,S10@display=downscale_720p
,V_02_03,04b834bc-ff4d-4ca6-addf-dd2a2c0a42b8,H_02_02,S10@display=downscale_720p
H_02_02,V_02_03,b71d0922-9a8c-4dcc-a440-8242000e5402,H_02_02,S10@display=downscale_720p
H_02_02,V_02_03,99a13978-779c-4f98-b4ad-0f0566418b9b,H_02_02,S10@display=downscale_720p
V_02_03,H_02_02,8f1055db-5718-4b12-9db7-95bce79f7816,V_02_03,S10@display=downscale_720p
,H_02_02,443d8774-8270-4b8c-91b9-ed2d891e11d5,V_02_03,S10@display=downscale_720p
H_02_02,H_02_02,59ff7d27-d4c4-424c-8254-2159381e5428,V_02_03,S10@display=downscale_720p
,H_02_02,e06ce932-d5fa-4f96-869c-cc3e9e04563a,V_02_03,S10@display=downscale_720p
V_02_03,V_02_03,f85d290f-8827-4dac-a461-e5e83513d72b,H_02_02,S10@display=downscale_720p
V_02_03,V_02_04,3d896d97-1df7-47a9-ba49-ff46a367eb7b,V_02_03,S01@display=downscale_720p
V_02_04,V_02_03,8f1055db-5718-4b12-9db7-95bce79f7816,V_02_04,S01@display=downscale_720p
V_02_04,V_02_03,8f1055db-5718-4b12-9db7-95bce79f7816,V_02_04,S01@display=downscale_720p
V_02_03,V_02_03,762f7ebd-2c59-4ed3-ad16-5fb725cdfd66,V_02_04,S01@display=downscale_720p
V_02_03,V_02_03,3d896d97-1df7-47a9-ba49-ff46a367eb7b,V_02_04,S01@display=downscale_720p
V_02_03,V_02_04,1d9a55c4-5c4b-4c0e-819f-895b41ba9e34,V_02_03,S01@display=downscale_720p
V_02_03,V_02_03,8869bf03-8942-4a5a-b407-e3b264346c33,V_02_04,S01@display=downscale_720p
,V_02_04,19e0b29c-66ef-4d8c-80ed-6074f0b98785,V_02_03,S01@display=downscale_720p
V_02_03,V_02_03,597c5631-bb4e-4a24-9d35-0a90490ca8ea,V_02_04,S01@display=downscale_720p
V_02_03,V_02_03,527069d3-34a7-48d0-96c3-0b2c2c3994b6,V_02_04,S01@display=downscale_720p
A_02_02,A_02_02,8b7d1b07-fa23-4ea3-ad4b-4c5c6a88b4bf,A_02_04,S03@display=downscale_720p
A_02_02,A_02_04,31ae0969-435e-47fe-ae31-91bd3a0cc676,A_02_02,S03@display=downscale_720p
A_02_02,A_02_02,1a496d2c-b47f-4a65-99be-7ad6ea684945,A_02_04,S03@display=downscale_720p
A_02_02,A_02_02,07f9db17-abf6-4851-aae4-4d4587c50bfa,A_02_04,S03@display=downscale_720p
A_02_02,A_02_04,9311fe31-c032-42e4-aab1-c7c35568fc56,A_02_02,S03@display=downscale_720p
A_02_02,A_02_02,13f85313-63e6-4282-b060-dfe31548b4c6,A_02_04,S03@display=downscale_720p
A_02_02,A_02_04,8b7d1b07-fa23-4ea3-ad4b-4c5c6a88b4bf,A_02_02,S03@display=downscale_720p
A_02_02,A_02_04,31ae0969-435e-47fe-ae31-91bd3a0cc676,A_02_02,S03@display=downscale_720p
A_02_02,A_02_04,e5326dba-7341-4b2b-97c2-e58d2675a729,A_02_02,S03@display=downscale_720p
A_02_02,A_02_02,5533a942-4ec5-4f5b-98ad-870a4cee2236,A_02_04,S03@display=downscale_720p
H_02_03,A_02_04,501e8cf2-7ae2-4e2a-a7f6-84d5b2d3a2b8,H_02_03,S06@display=downscale_720p
H_02_03,A_02_04,6c17e7d6-1344-43bb-8124-d90690e71fcb,H_02_03,S06@display=downscale_720p
H_02_03,A_02_04,508d527d-4612-402c-951a-13b73684b44b,H_02_03,S06@display=downscale_720p
H_02_03,A_02_04,2f93cad8-9ae0-4376-addf-561fefab1698,H_02_03,S06@display=downscale_720p
H_02_03,H_02_03,efb3944b-7150-43f1-a579-5cb22bc06e25,A_02_04,S06@display=downscale_720p
H_02_03,A_02_04,c5289fb2-7a0f-4b10-9229-e84bbc071295,H_02_03,S06@display=downscale_720p
H_02_03,A_02_04,72bc99d8-23d4-4efb-910c-e9cdffa54eb3,H_02_03,S06@display=downscale_720p
H_02_03,A_02_04,0a6a5263-b23a-48c5-a601-65dfaae5d379,H_02_03,S06@display=downscale_720p
H_02_03,H_02_03,9c112c43-7cfd-41cf-97da-abb223fde74c,A_02_04,S06@display=downscale_720p
,A_02_04,dffbbf73-3719-4c35-bf8a-a42f10289d9b,H_02_03,S06@display=downscale_720p
H_02_03,H_02_03,b56e44ae-c42b-4536-a130-309b99e17463,A_02_04,S08@display=downscale_720p
H_02_03,H_02_03,1582dfd4-f742-4587-ac2a-753732307228,A_02_04,S08@display=downscale_720p
H_02_03,A_02_04,bf4179ae-5935-4a01-98ae-8da103f321f8,H_02_03,S08@display=downscale_720p
H_02_03,H_02_03,3c676bc2-2f1c-4465-a90a-09bf5dcba673,A_02_04,S08@display=downscale_720p
H_02_03,A_02_04,9f21e38d-82ad-4392-b35b-5ec4261b59eb,H_02_03,S08@display=downscale_720p
H_02_03,H_02_03,8a9d6a5f-877d-40c5-85cc-b7ac357cbf73,A_02_04,S08@display=downscale_720p
H_02_03,H_02_03,508d527d-4612-402c-951a-13b73684b44b,A_02_04,S08@display=downscale_720p
H_02_03,A_02_04,1582dfd4-f742-4587-ac2a-753732307228,H_02_03,S08@display=downscale_720p
H_02_03,H_02_03,1582dfd4-f742-4587-ac2a-753732307228,A_02_04,S08@display=downscale_720p
H_02_03,A_02_04,5b9ca96e-edc8-405a-a9be-1287556f79d0,H_02_03,S08@display=downscale_720p
V_02_03,H_02_03,13f85313-63e6-4282-b060-dfe31548b4c6,V_02_03,S09@display=downscale_720p
V_02_03,H_02_03,8d192948-3fb5-43c4-af59-85b9baa71b8f,V_02_03,S09@display=downscale_720p
,V_02_03,26d220af-11a8-4f0d-998b-d8c960f138c3,H_02_03,S09@display=downscale_720p
V_02_03,H_02_03,4646db8b-4471-4610-b7a9-5996112c40ed,V_02_03,S09@display=downscale_720p
V_02_03,V_02_03,2f93cad8-9ae0-4376-addf-561fefab1698,H_02_03,S09@display=downscale_720p
V_02_03,V_02_03,eda1f4cf-9647-482a-b01d-f80255a254c7,H_02_03,S09@display=downscale_720p
V_02_03,V_02_03,0778a679-4934-4628-824f-3768ebf7bba5,H_02_03,S09@display=downscale_720p
,H_02_03,e7e4071d-f48b-47d8-a283-038e723dd91f,V_02_03,S09@display=downscale_720p
H_02_03,V_02_03,4646db8b-4471-4610-b7a9-5996112c40ed,H_02_03,S09@display=downscale_720p
,V_02_03,974e8a16-3e5b-4c18-84d6-ca526197aadf,H_02_03,S09@display=downscale_720p
H_02_03,H_02_04,1bed0d6b-18bf-4745-a1ca-2988ec430d28,H_02_03,S09@display=downscale_720p
H_02_03,H_02_04,1bed0d6b-18bf-4745-a1ca-2988ec430d28,H_02_03,S09@display=downscale_720p
,H_02_04,c901fe3c-ed4e-4cad-a813-8ac7c9f9cda1,H_02_03,S09@display=downscale_720p
H_02_03,H_02_03,64ee7c47-a880-4870-b90f-98b2cea3d108,H_02_04,S09@display=downscale_720p
H_02_04,H_02_03,8e874a12-9537-4451-ae74-e21020a5ea6f,H_02_04,S09@display=downscale_720p
H_02_03,H_02_04,27cd9dc7-b01c-4d06-92fb-54e970ec0db8,H_02_03,S09@display=downscale_720p
H_02_03,H_02_04,5593af0d-6ec8-4fcb-a4ce-139ec78d0c79,H_02_03,S09@display=downscale_720p
H_02_04,H_02_04,5556a090-c5a7-47af-83bd-1c45856677ee,H_02_03,S09@display=downscale_720p
H_02_03,H_02_03,efb3944b-7150-43f1-a579-5cb22bc06e25,H_02_04,S09@display=downscale_720p
,H_02_03,d09060ea-d90e-4d32-a5a4-a8bdf785d5ef,H_02_04,S09@display=downscale_720p
A_02_02,A_02_02,847800ec-6f1d-421d-9dd6-46e72c9c812f,H_02_04,S07@display=downscale_720p
A_02_02,A_02_02,7a5ca0c3-3747-49fa-bd9e-ded4ad1b2467,H_02_04,S07@display=downscale_720p
H_02_04,H_02_04,72bc99d8-23d4-4efb-910c-e9cdffa54eb3,A_02_02,S07@display=downscale_720p
A_02_02,H_02_04,c7b79199-ca4b-4048-a7d5-4401ff5a49bc,A_02_02,S07@display=downscale_720p
A_02_02,H_02_04,39f680ab-2a22-42d6-9399-be0fdfed7a8b,A_02_02,S07@display=downscale_720p
A_02_02,H_02_04,508d527d-4612-402c-951a-13b73684b44b,A_02_02,S07@display=downscale_720p
,H_02_04,b56e44ae-c42b-4536-a130-309b99e17463,A_02_02,S07@display=downscale_720p
A_02_02,H_02_04,b3c5e38d-d6be-421e-82f1-c2af9f0a9b1f,A_02_02,S07@display=downscale_720p
A_02_02,A_02_02,3ccc137a-9b89-4aa1-a322-fad70c96728f,H_02_04,S07@display=downscale_720p
A_02_02,A_02_02,922eae9f-c310-4e42-9bdf-1ef20d56fa69,H_02_04,S07@display=downscale_720p
H_02_02,H_02_02,44ac3dfc-6041-4861-9d1b-af779ae48494,V_02_03,S05@display=downscale_720p
,V_02_03,4907a83e-7fbc-43f4-b2e8-6af4eac64a3f,H_02_02,S05@display=downscale_720p
,V_02_03,508d527d-4612-402c-951a-13b73684b44b,H_02_02,S05@display=downscale_720p
,V_02_03,64ee7c47-a880-4870-b90f-98b2cea3d108,H_02_02,S05@display=downscale_720p
,V_02_03,bf4179ae-5935-4a01-98ae-8da103f321f8,H_02_02,S05@display=downscale_720p
,H_02_02,9fbf276e-262a-4284-9bfc-749dd388ea9f,V_02_03,S05@display=downscale_720p
,H_02_02,8a72bcc5-3880-4a37-8853-095e4167b90f,V_02_03,S05@display=downscale_720p
H_02_02,H_02_02,9e13a5f5-a844-4599-96fa-55244db6b99d,V_02_03,S05@display=downscale_720p
,V_02_03,6783cb20-9421-4e68-b959-e26e561aec04,H_02_02,S05@display=downscale_720p
V_02_03,V_02_03,2e452f06-e57a-4cce-ae94-a79dee6fb135,H_02_02,S05@display=downscale_720p
H_02_04,H_02_04,27cd9dc7-b01c-4d06-92fb-54e970ec0db8,V_02_04,S05@display=downscale_720p
V_02_04,V_02_04,7251bcce-8b41-43fd-a3cd-c4d607673836,H_02_04,S05@display=downscale_720p
,V_02_04,99a13978-779c-4f98-b4ad-0f0566418b9b,H_02_04,S05@display=downscale_720p
V_02_04,V_02_04,a091e662-a14d-4153-92ca-d5583400ef5c,H_02_04,S05@display=downscale_720p
V_02_04,V_02_04,cdd5d00d-a990-4f18-bf7f-7ed617f9ae7a,H_02_04,S05@display=downscale_720p
V_02_04,H_02_04,2f93cad8-9ae0-4376-addf-561fefab1698,V_02_04,S05@display=downscale_720p
V_02_04,V_02_04,508d527d-4612-402c-951a-13b73684b44b,H_02_04,S05@display=downscale_720p
V_02_04,H_02_04,88ddb813-f6c5-41a8-9f66-58d2aee5e014,V_02_04,S05@display=downscale_720p
V_02_04,V_02_04,4b48e5e8-e693-4fe9-ba01-b22cb81aa8bd,H_02_04,S05@display=downscale_720p
V_02_04,H_02_04,cdd5d00d-a990-4f18-bf7f-7ed617f9ae7a,V_02_04,S05@display=downscale_720p
,A_02_02,8879b96e-ae8c-4a72-8226-fd37db366db9,H_02_02,S01@display=downscale_720p
,H_02_02,1e9459c7-0170-403b-b70f-4792709f9532,A_02_02,S01@display=downscale_720p
,H_02_02,52cd66b3-60f3-4a27-a419-19d8a2f7d970,A_02_02,S01@display=downscale_720p
A_02_02,H_02_02,508d527d-4612-402c-951a-13b73684b44b,A_02_02,S01@display=downscale_720p
H_02_02,H_02_02,50c199f7-d5da-4378-986a-a6a50ecfb09e,A_02_02,S01@display=downscale_720p
,H_02_02,eaf6213a-31c3-420d-aa0f-3eef29d04ce7,A_02_02,S01@display=downscale_720p
H_02_02,A_02_02,8b7d1b07-fa23-4ea3-ad4b-4c5c6a88b4bf,H_02_02,S01@display=downscale_720p
,H_02_02,74bbeddc-30ff-4d2d-848d-44caff6cebd6,A_02_02,S01@display=downscale_720p
,H_02_02,39e9fdb1-798e-4fed-8091-5110c3c6f56b,A_02_02,S01@display=downscale_720p
A_02_02,A_02_02,d4fa8977-efa8-4950-af7c-819ed2da8d69,H_02_02,S01@display=downscale_720p
H_02_02,A_02_04,046725dd-5a21-4668-8e86-9a7db790b6d3,H_02_02,S07@display=downscale_720p
H_02_02,A_02_04,51a35fe7-a903-4d22-8f32-7faf7650eb7d,H_02_02,S07@display=downscale_720p
H_02_02,A_02_04,481fc790-08ca-4e9d-8116-15f4a558cfb6,H_02_02,S07@display=downscale_720p
H_02_02,H_02_02,7e165902-842d-414b-8140-1eda62ac6084,A_02_04,S07@display=downscale_720p
H_02_02,H_02_02,eb125c1e-a605-455a-a8b3-ebda76836e01,A_02_04,S07@display=downscale_720p
H_02_02,H_02_02,5533a942-4ec5-4f5b-98ad-870a4cee2236,A_02_04,S07@display=downscale_720p
H_02_02,H_02_02,ca627781-6a60-46cf-b108-8b3819fcdc24,A_02_04,S07@display=downscale_720p
H_02_02,H_02_02,6783cb20-9421-4e68-b959-e26e561aec04,A_02_04,S07@display=downscale_720p
H_02_02,A_02_04,bd61cb3b-94be-482f-9e92-a1427be48716,H_02_02,S07@display=downscale_720p
H_02_02,A_02_04,508d527d-4612-402c-951a-13b73684b44b,H_02_02,S07@display=downscale_720p
,V_02_02,b07727d6-9c7b-4391-9d1a-666a899757d3,H_02_03,S10@display=downscale_720p
V_02_02,H_02_03,e60d84f2-2aee-4ebc-b826-de0023409038,V_02_02,S10@display=downscale_720p
V_02_02,V_02_02,4c1d6729-79d3-4539-ad31-bed60d1c7700,H_02_03,S10@display=downscale_720p
,V_02_02,7e165902-842d-414b-8140-1eda62ac6084,H_02_03,S10@display=downscale_720p
V_02_02,V_02_02,508d527d-4612-402c-951a-13b73684b44b,H_02_03,S10@display=downscale_720p
V_02_02,V_02_02,9be95918-d2cc-4c83-af87-146d182978cd,H_02_03,S10@display=downscale_720p
V_02_02,V_02_02,39f680ab-2a22-42d6-9399-be0fdfed7a8b,H_02_03,S10@display=downscale_720p
V_02_02,H_02_03,c950a398-7322-465b-b233-9e1966c11317,V_02_02,S10@display=downscale_720p
H_02_03,V_02_02,7c61efc9-0e02-461a-af2c-34a923d2c794,H_02_03,S10@display=downscale_720p
H_02_03,H_02_03,5533a942-4ec5-4f5b-98ad-870a4cee2236,V_02_02,S10@display=downscale_720p
H_02_04,H_02_04,0fac0fcc-a2c0-4120-8e26-e63d24e598d2,A_02_04,S08@display=downscale_720p
,H_02_04,508d527d-4612-402c-951a-13b73684b44b,A_02_04,S08@display=downscale_720p
H_02_04,H_02_04,39f680ab-2a22-42d6-9399-be0fdfed7a8b,A_02_04,S08@display=downscale_720p
H_02_04,A_02_04,d5cbdc09-bb32-4ef6-a6dc-b39a9ab3c2df,H_02_04,S08@display=downscale_720p
,A_02_04,bea238eb-159d-4a59-9d74-424eccd638f5,H_02_04,S08@display=downscale_720p
H_02_04,H_02_04,00b8bcfc-f40c-4fa2-95a4-c5f666ad962a,A_02_04,S08@display=downscale_720p
H_02_04,H_02_04,828d829d-512a-4295-8c94-5dca353c3dc8,A_02_04,S08@display=downscale_720p
H_02_04,H_02_04,09fca754-3a74-4d16-a08c-84ed6efe8882,A_02_04,S08@display=downscale_720p
H_02_04,A_02_04,608abca1-3549-4bc8-b231-cc8e7ed70f9c,H_02_04,S08@display=downscale_720p
H_02_04,H_02_04,bea238eb-159d-4a59-9d74-424eccd638f5,A_02_04,S08@display=downscale_720p
V_02_03,V_02_03,9311fe31-c032-42e4-aab1-c7c35568fc56,A_02_03,S09@display=downscale_720p
A_02_03,A_02_03,51a35fe7-a903-4d22-8f32-7faf7650eb7d,V_02_03,S09@display=downscale_720p
,V_02_03,07f9db17-abf6-4851-aae4-4d4587c50bfa,A_02_03,S09@display=downscale_720p
,V_02_03,d37ba4e2-3c08-49bd-9d07-3320f585e31c,A_02_03,S09@display=downscale_720p
,V_02_03,508d527d-4612-402c-951a-13b73684b44b,A_02_03,S09@display=downscale_720p
A_02_03,V_02_03,45cb17f4-bc50-462b-8899-6159f21e4966,A_02_03,S09@display=downscale_720p
,A_02_03,9fbf276e-262a-4284-9bfc-749dd388ea9f,V_02_03,S09@display=downscale_720p
,V_02_03,e7e4071d-f48b-47d8-a283-038e723dd91f,A_02_03,S09@display=downscale_720p
A_02_03,A_02_03,1be9beb4-1d95-4e4a-9e56-cf91c910b288,V_02_03,S09@display=downscale_720p
,A_02_03,aef82c2c-eb41-49fb-bef6-d4277260d485,V_02_03,S09@display=downscale_720p
,V_02_02,c80968f4-c72a-4870-b08d-c0423e41cc6e,A_02_02,S06@display=downscale_720p
A_02_02,A_02_02,aef51353-4d62-4bb2-868c-bc010215c291,V_02_02,S06@display=downscale_720p
,A_02_02,e0aea472-6a76-436e-af71-745b71b97d28,V_02_02,S06@display=downscale_720p
V_02_02,V_02_02,088c86e2-3fd3-4a6f-9857-2cff6fa9775d,A_02_02,S06@display=downscale_720p
,V_02_02,088c86e2-3fd3-4a6f-9857-2cff6fa9775d,A_02_02,S06@display=downscale_720p
V_02_02,A_02_02,50aee958-2dac-4fb9-934a-1edfbdb50d2a,V_02_02,S06@display=downscale_720p
V_02_02,V_02_02,6d73ea9c-7cf0-4569-a699-0205c8a2f979,A_02_02,S06@display=downscale_720p
V_02_02,V_02_02,8a9d6a5f-877d-40c5-85cc-b7ac357cbf73,A_02_02,S06@display=downscale_720p
,A_02_02,07f9db17-abf6-4851-aae4-4d4587c50bfa,V_02_02,S06@display=downscale_720p
,V_02_02,0ec4d086-2348-4fdb-9d61-f799c0e71d0d,A_02_02,S06@display=downscale_720p
A_02_02,V_02_03,ee7a4321-6200-42eb-928a-4d8689a6222f,A_02_02,S05@display=downscale_720p
V_02_03,V_02_03,3f1305a3-086f-4252-b7ce-53b1c154a042,A_02_02,S05@display=downscale_720p
,A_02_02,07f9db17-abf6-4851-aae4-4d4587c50bfa,V_02_03,S05@display=downscale_720p
A_02_02,A_02_02,3b1fe989-8521-47f7-a856-dfab1b12c7ba,V_02_03,S05@display=downscale_720p
,A_02_02,22c8577a-31f9-44b4-a7f4-3435c213e41b,V_02_03,S05@display=downscale_720p
A_02_02,V_02_03,d7fc6dd8-a46c-47dc-bc7a-f4de0649c911,A_02_02,S05@display=downscale_720p
V_02_03,A_02_02,2d3f4833-6f28-45dd-9bf3-fbf1b248567b,V_02_03,S05@display=downscale_720p
,V_02_03,d7fc6dd8-a46c-47dc-bc7a-f4de0649c911,A_02_02,S05@display=downscale_720p
A_02_02,A_02_02,359f8cd0-ea83-4173-9c1d-adc016cd83bf,V_02_03,S05@display=downscale_720p
A_02_02,A_02_02,762f7ebd-2c59-4ed3-ad16-5fb725cdfd66,V_02_03,S05@display=downscale_720p
H_02_02,H_02_04,02ae4a6d-218d-41f6-ab32-b1b1e4be5701,H_02_02,S04@display=downscale_720p
H_02_02,H_02_02,a1a4adb4-7d93-44de-b98c-e6966fc2b691,H_02_04,S04@display=downscale_720p
H_02_02,H_02_02,75be14b8-091b-4640-9769-677f989f7497,H_02_04,S04@display=downscale_720p
H_02_02,H_02_04,7c61efc9-0e02-461a-af2c-34a923d2c794,H_02_02,S04@display=downscale_720p
H_02_02,H_02_04,839227e9-76f9-45bd-bdb2-1ad42c8d18f1,H_02_02,S04@display=downscale_720p
H_02_02,H_02_04,82558113-66cc-487d-a021-3066f8579703,H_02_02,S04@display=downscale_720p
H_02_02,H_02_02,cc46427d-f48c-49a9-a459-07b28ce04b8a,H_02_04,S04@display=downscale_720p
H_02_02,H_02_04,cc46427d-f48c-49a9-a459-07b28ce04b8a,H_02_02,S04@display=downscale_720p
H_02_02,H_02_04,5601f7fa-86bb-4b0a-9fc4-e7c3404e5f28,H_02_02,S04@display=downscale_720p
H_02_02,H_02_02,2d3f4833-6f28-45dd-9bf3-fbf1b248567b,H_02_04,S04@display=downscale_720p
A_02_03,A_02_03,594b1c05-64c5-4ff7-8e8b-0daef3f5459b,A_02_04,S06@display=downscale_720p
A_02_03,A_02_03,abfc0a67-2b4a-46b4-a852-ebb494a7a48a,A_02_04,S06@display=downscale_720p
A_02_03,A_02_04,8a72bcc5-3880-4a37-8853-095e4167b90f,A_02_03,S06@display=downscale_720p
A_02_03,A_02_04,26fa09ee-9e96-4d24-b10e-fcc343833d26,A_02_03,S06@display=downscale_720p
A_02_03,A_02_03,21471b78-9498-4394-84c9-aca34c221ce3,A_02_04,S06@display=downscale_720p
A_02_03,A_02_04,004b6139-6c81-45b2-9391-18688c331f62,A_02_03,S06@display=downscale_720p
A_02_03,A_02_03,b909efd4-a623-4b1f-9d6d-d4c465f57728,A_02_04,S06@display=downscale_720p
A_02_03,A_02_03,34a267ad-eeec-427e-8ab9-7f641b7a7274,A_02_04,S06@display=downscale_720p
A_02_03,A_02_04,2830b99e-f318-4d99-93fe-f2016795d39f,A_02_03,S06@display=downscale_720p
A_02_03,A_02_04,839227e9-76f9-45bd-bdb2-1ad42c8d18f1,A_02_03,S06@display=downscale_720p
V_02_02,V_02_02,571393d4-9464-4c7a-ad9a-dd4b5f1f7ee4,A_02_03,S05@display=downscale_720p
,A_02_03,96d60cfc-7c3d-4c8d-817e-0668cbb76bba,V_02_02,S05@display=downscale_720p
,A_02_03,5be17746-9841-4ad7-a4ec-7e94d2c699cf,V_02_02,S05@display=downscale_720p
,V_02_02,4dccc560-01dc-4255-8bd2-cf5468d31ef5,A_02_03,S05@display=downscale_720p
,V_02_02,523043f5-9106-47c8-b29b-2daca46b50e3,A_02_03,S05@display=downscale_720p
V_02_02,V_02_02,cd7ef5e4-e2dc-40cf-b81a-7945ea42aaf9,A_02_03,S05@display=downscale_720p
,A_02_03,a99d29a7-655e-4ac0-9685-801b6701ef99,V_02_02,S05@display=downscale_720p
,V_02_02,571393d4-9464-4c7a-ad9a-dd4b5f1f7ee4,A_02_03,S05@display=downscale_720p
A_02_03,A_02_03,571393d4-9464-4c7a-ad9a-dd4b5f1f7ee4,V_02_02,S05@display=downscale_720p
V_02_02,A_02_03,ceb74f22-a0f8-48ca-b1ef-09277ec78ebb,V_02_02,S05@display=downscale_720p
V_02_03,A_02_02,ceb74f22-a0f8-48ca-b1ef-09277ec78ebb,V_02_03,S03@display=downscale_720p
V_02_03,V_02_03,e8de3de9-8362-4b05-a27d-013607dbd77d,A_02_02,S03@display=downscale_720p
V_02_03,V_02_03,1a51a237-f04f-4c38-b86d-1727d52b2fde,A_02_02,S03@display=downscale_720p
,V_02_03,f516a889-e300-4162-b767-f2e140a1faad,A_02_02,S03@display=downscale_720p
,A_02_02,d7fc6dd8-a46c-47dc-bc7a-f4de0649c911,V_02_03,S03@display=downscale_720p
V_02_03,V_02_03,cdd5d00d-a990-4f18-bf7f-7ed617f9ae7a,A_02_02,S03@display=downscale_720p
A_02_02,A_02_02,8180a7d8-329f-42c1-a7ae-5b3575825b57,V_02_03,S03@display=downscale_720p
,V_02_03,46a4e78f-d4fc-4fd0-a6be-a06f2aa2bc5c,A_02_02,S03@display=downscale_720p
V_02_03,A_02_02,c0070e68-264f-4636-8edb-2c2d7bb5e716,V_02_03,S03@display=downscale_720p
A_02_02,A_02_02,2ad28540-7d47-4a90-853b-33ea9e83e9fd,V_02_03,S03@display=downscale_720p
V_02_03,A_02_04,5d5d9f1f-7da8-419f-921f-619b05d5b75d,V_02_03,S10@display=downscale_720p
V_02_03,V_02_03,ca627781-6a60-46cf-b108-8b3819fcdc24,A_02_04,S10@display=downscale_720p
V_02_03,V_02_03,174865e5-ea98-4061-ac4c-8aa35b56e5a7,A_02_04,S10@display=downscale_720p
V_02_03,A_02_04,e6ff5fc3-0b24-47f9-9c52-d9a3d37c9148,V_02_03,S10@display=downscale_720p
V_02_03,A_02_04,2261d5d4-d935-43d0-9c6a-1fe5609fae34,V_02_03,S10@display=downscale_720p
V_02_03,A_02_04,ceb74f22-a0f8-48ca-b1ef-09277ec78ebb,V_02_03,S10@display=downscale_720p
V_02_03,V_02_03,8869bf03-8942-4a5a-b407-e3b264346c33,A_02_04,S10@display=downscale_720p
V_02_03,V_02_03,632dc3ff-eb98-4b53-908b-cddd95393b4f,A_02_04,S10@display=downscale_720p
V_02_03,A_02_04,f26c40ba-4533-45e9-ba77-0d4eef61ffff,V_02_03,S10@display=downscale_720p
V_02_03,V_02_03,e6ff5fc3-0b24-47f9-9c52-d9a3d37c9148,A_02_04,S10@display=downscale_720p
H_02_03,H_02_03,e27ad38d-71ec-446d-9ade-1d48aacd9e88,V_02_04,S07@display=downscale_720p
V_02_04,V_02_04,5ac17039-13a5-4c1e-90d6-247106a99f31,H_02_03,S07@display=downscale_720p
H_02_03,V_02_04,7c3c9252-851e-49ba-9f19-b5fa8809afb7,H_02_03,S07@display=downscale_720p
,H_02_03,9d82d16d-d968-4f53-aa89-e636b319d1d2,V_02_04,S07@display=downscale_720p
H_02_03,V_02_04,ceb74f22-a0f8-48ca-b1ef-09277ec78ebb,H_02_03,S07@display=downscale_720p
V_02_04,H_02_03,1c4b9d4d-f46e-4dc3-9c7a-8f2ab1caee74,V_02_04,S07@display=downscale_720p
,V_02_04,8a8efe00-7374-4030-889c-7d07681c408e,H_02_03,S07@display=downscale_720p
H_02_03,H_02_03,fcb759db-077e-40a0-8397-81eba10d523d,V_02_04,S07@display=downscale_720p
H_02_03,V_02_04,8a9de4c5-2dbc-4b75-ae02-58764c36624b,H_02_03,S07@display=downscale_720p
V_02_04,H_02_03,5ac17039-13a5-4c1e-90d6-247106a99f31,V_02_04,S07@display=downscale_720p
,V_02_03,09405b52-5b6a-4fde-84c6-007c1669658d,V_02_02,S06@display=downscale_720p
,V_02_03,389fad2f-b3fc-4326-afc1-e885e5feed5f,V_02_02,S06@display=downscale_720p
V_02_03,V_02_03,c0070e68-264f-4636-8edb-2c2d7bb5e716,V_02_02,S06@display=downscale_720p
V_02_02,V_02_03,ff49978d-4e66-4720-95e7-900003c132dc,V_02_02,S06@display=downscale_720p
V_02_02,V_02_02,2ad28540-7d47-4a90-853b-33ea9e83e9fd,V_02_03,S06@display=downscale_720p
V_02_03,V_02_02,dab2b15c-9662-4b7b-9096-0a5c8a1a239c,V_02_03,S06@display=downscale_720p
V_02_02,V_02_02,fe9c4979-ae46-4523-9b87-d5d4993bd930,V_02_03,S06@display=downscale_720p
V_02_03,V_02_03,bc676637-46a5-4073-9412-e0ed07e20264,V_02_02,S06@display=downscale_720p
,V_02_02,8282a32a-12f5-4bb0-9e1b-ffa64048e19f,V_02_03,S06@display=downscale_720p
,V_02_02,ff49978d-4e66-4720-95e7-900003c132dc,V_02_03,S06@display=downscale_720p
,A_02_02,34a267ad-eeec-427e-8ab9-7f641b7a7274,A_02_03,S05@display=downscale_720p
A_02_02,A_02_03,8a95834d-c12c-4af5-8958-4da29def96d2,A_02_02,S05@display=downscale_720p
A_02_02,A_02_03,8a95834d-c12c-4af5-8958-4da29def96d2,A_02_02,S05@display=downscale_720p
A_02_02,A_02_03,61f9b93c-28ea-4339-b1ab-8b1078194f84,A_02_02,S05@display=downscale_720p
,A_02_02,9fbf276e-262a-4284-9bfc-749dd388ea9f,A_02_03,S05@display=downscale_720p
,A_02_02,b48a7d27-dbb3-4dab-b77e-fb4757611c16,A_02_03,S05@display=downscale_720p
A_02_03,A_02_03,4ac3db01-bc1d-4003-bd16-ffba42e02532,A_02_02,S05@display=downscale_720p
,A_02_02,5b61bc78-7229-4ed3-8ae5-30c5bdc6194d,A_02_03,S05@display=downscale_720p
A_02_02,A_02_02,59a8887a-b235-42c1-b76d-0d5b64e71be1,A_02_03,S05@display=downscale_720p
A_02_02,A_02_03,51a35fe7-a903-4d22-8f32-7faf7650eb7d,A_02_02,S05@display=downscale_720p
H_02_03,A_02_04,6969072a-1fb0-41af-a4cb-dadc3bbef231,H_02_03,S07@display=downscale_720p
H_02_03,H_02_03,426e4e11-dbc4-47c8-a89b-2ed4d3cb597e,A_02_04,S07@display=downscale_720p
H_02_03,H_02_03,4dccc560-01dc-4255-8bd2-cf5468d31ef5,A_02_04,S07@display=downscale_720p
H_02_03,H_02_03,1f1ce512-5994-4cc8-b2fa-57f54bf1af07,A_02_04,S07@display=downscale_720p
H_02_03,H_02_03,38228acf-0b11-4591-a4de-d4b59e3e304d,A_02_04,S07@display=downscale_720p
H_02_03,A_02_04,92201585-84e2-4317-944a-701bd5553360,H_02_03,S07@display=downscale_720p
H_02_03,A_02_04,f105f8f2-5456-409d-aaa5-4476f5078e95,H_02_03,S07@display=downscale_720p
H_02_03,H_02_03,0dc209d4-6e43-4cda-9e48-3accddc24931,A_02_04,S07@display=downscale_720p
H_02_03,H_02_03,98971757-e9e2-42fe-814a-aceb68d0b457,A_02_04,S07@display=downscale_720p
H_02_03,A_02_04,1b4374dc-3ee6-4321-b25d-585912285052,H_02_03,S07@display=downscale_720p
,H_02_02,6028b022-b508-4537-961b-53852cceb660,H_02_03,S01@display=downscale_720p
,H_02_03,09405b52-5b6a-4fde-84c6-007c1669658d,H_02_02,S01@display=downscale_720p
,H_02_03,1582dfd4-f742-4587-ac2a-753732307228,H_02_02,S01@display=downscale_720p
,H_02_02,09405b52-5b6a-4fde-84c6-007c1669658d,H_02_03,S01@display=downscale_720p
,H_02_02,0440241e-020c-45e1-972b-d12ee557f199,H_02_03,S01@display=downscale_720p
,H_02_03,b9b8f498-34b8-48f4-9d1b-4e581b0d87a6,H_02_02,S01@display=downscale_720p
,H_02_03,5b61bc78-7229-4ed3-8ae5-30c5bdc6194d,H_02_02,S01@display=downscale_720p
,H_02_02,9f963951-635a-4042-a6b5-e243a1381162,H_02_03,S01@display=downscale_720p
,H_02_03,f23c238b-c6fd-4b79-9621-659d5e566199,H_02_02,S01@display=downscale_720p
H_02_02,H_02_03,2c587a3a-51d8-4596-8547-e351835081db,H_02_02,S01@display=downscale_720p
H_02_02,H_02_02,0dc209d4-6e43-4cda-9e48-3accddc24931,V_02_03,S06@display=downscale_720p
,H_02_02,6028b022-b508-4537-961b-53852cceb660,V_02_03,S06@display=downscale_720p
H_02_02,V_02_03,633a38ff-cc65-4a94-a1d9-5c35c67a21a8,H_02_02,S06@display=downscale_720p
,V_02_03,f105f8f2-5456-409d-aaa5-4476f5078e95,H_02_02,S06@display=downscale_720p
H_02_02,V_02_03,02ae4a6d-218d-41f6-ab32-b1b1e4be5701,H_02_02,S06@display=downscale_720p
,V_02_03,9f963951-635a-4042-a6b5-e243a1381162,H_02_02,S06@display=downscale_720p
,V_02_03,974b2130-86a2-4eee-a80e-3aca4ad239ee,H_02_02,S06@display=downscale_720p
V_02_03,H_02_02,02ae4a6d-218d-41f6-ab32-b1b1e4be5701,V_02_03,S06@display=downscale_720p
,V_02_03,b56e44ae-c42b-4536-a130-309b99e17463,H_02_02,S06@display=downscale_720p
V_02_03,H_02_02,dd28a6dc-61d3-4b7b-bde7-a6509949da90,V_02_03,S06@display=downscale_720p
V_02_03,V_02_03,e4445dfc-1097-4661-acd7-d2773cd94345,H_02_03,S03@display=downscale_720p
,V_02_03,b8ae1542-697a-4ce9-a98e-810b08992bf7,H_02_03,S03@display=downscale_720p
V_02_03,H_02_03,9cee37ee-31bf-4646-a76d-6f10094af82f,V_02_03,S03@display=downscale_720p
V_02_03,H_02_03,e713c07c-f559-49c0-b156-126cb2444ec3,V_02_03,S03@display=downscale_720p
V_02_03,V_02_03,933d8af8-1ab2-4e55-ae03-cd87ff4b179a,H_02_03,S03@display=downscale_720p
V_02_03,H_02_03,ea53024c-24ff-482e-b8b4-c5b30d8b83c4,V_02_03,S03@display=downscale_720p
,H_02_03,e713c07c-f559-49c0-b156-126cb2444ec3,V_02_03,S03@display=downscale_720p
,H_02_03,974b2130-86a2-4eee-a80e-3aca4ad239ee,V_02_03,S03@display=downscale_720p
V_02_03,H_02_03,115bfc14-3f67-4fbc-a02f-2c7c0cb50b0a,V_02_03,S03@display=downscale_720p
V_02_03,V_02_03,0df0fe2d-be57-4a85-89f0-e2c185bb11eb,H_02_03,S03@display=downscale_720p
,V_02_02,dd9c319b-f12e-454f-a3b2-f239c0297c0c,H_02_02,S07@display=downscale_720p
H_02_02,H_02_02,dea42000-fbbf-4a4d-adce-3d2329efe3d5,V_02_02,S07@display=downscale_720p
H_02_02,H_02_02,f2f84753-d2ab-421d-9862-7eb460f017dd,V_02_02,S07@display=downscale_720p
V_02_02,H_02_02,e4445dfc-1097-4661-acd7-d2773cd94345,V_02_02,S07@display=downscale_720p
V_02_02,V_02_02,564ea334-2508-4e86-bdff-32608069f738,H_02_02,S07@display=downscale_720p
V_02_02,V_02_02,8eaecae3-3fc9-4fc6-a052-030c62bf6857,H_02_02,S07@display=downscale_720p
,V_02_02,af130f56-b985-4bb4-9326-69ccb7114bd0,H_02_02,S07@display=downscale_720p
,H_02_02,a985fed3-2c39-4f2c-a145-7f52394220de,V_02_02,S07@display=downscale_720p
H_02_02,H_02_02,571393d4-9464-4c7a-ad9a-dd4b5f1f7ee4,V_02_02,S07@display=downscale_720p
V_02_02,H_02_02,e35c222a-ca42-4e79-b826-fb013a16cd3b,V_02_02,S07@display=downscale_720p
H_02_03,H_02_03,f72f6f7e-92da-479f-bf84-994c786eabbc,A_02_04,S03@display=downscale_720p
H_02_03,H_02_03,025bf8ad-20ed-460e-b171-dcd9f706ea21,A_02_04,S03@display=downscale_720p
H_02_03,H_02_03,e35c222a-ca42-4e79-b826-fb013a16cd3b,A_02_04,S03@display=downscale_720p
H_02_03,H_02_03,b340861d-fe24-4f7f-9b0f-5faab7d4d88e,A_02_04,S03@display=downscale_720p
H_02_03,H_02_03,2b95f184-0d31-4a7a-8930-8f80a295c09f,A_02_04,S03@display=downscale_720p
H_02_03,H_02_03,b3c54082-61e2-4aa7-8bc0-f758410059bf,A_02_04,S03@display=downscale_720p
H_02_03,A_02_04,9f316136-fa16-4c8c-839d-f80905a1072f,H_02_03,S03@display=downscale_720p
H_02_03,A_02_04,2b95f184-0d31-4a7a-8930-8f80a295c09f,H_02_03,S03@display=downscale_720p
H_02_03,H_02_03,beb4de2b-2cc8-47e5-9068-ce1a2cdefc80,A_02_04,S03@display=downscale_720p
H_02_03,H_02_03,b944f82a-f4c6-4ff2-8592-7a12cb9ebe40,A_02_04,S03@display=downscale_720p
V_02_04,H_02_02,a1a4adb4-7d93-44de-b98c-e6966fc2b691,V_02_04,S07@display=downscale_720p
,H_02_02,481fc790-08ca-4e9d-8116-15f4a558cfb6,V_02_04,S07@display=downscale_720p
,H_02_02,46a4e78f-d4fc-4fd0-a6be-a06f2aa2bc5c,V_02_04,S07@display=downscale_720p
V_02_04,H_02_02,4b5adfad-5fe8-43f2-9582-f747c6b12739,V_02_04,S07@display=downscale_720p
V_02_04,V_02_04,91c358be-3404-4c42-ae47-e5c1c9db0340,H_02_02,S07@display=downscale_720p
,H_02_02,9f963951-635a-4042-a6b5-e243a1381162,V_02_04,S07@display=downscale_720p
,H_02_02,ff49978d-4e66-4720-95e7-900003c132dc,V_02_04,S07@display=downscale_720p
H_02_02,V_02_04,91c358be-3404-4c42-ae47-e5c1c9db0340,H_02_02,S07@display=downscale_720p
,H_02_02,0a6a5263-b23a-48c5-a601-65dfaae5d379,V_02_04,S07@display=downscale_720p
,V_02_04,f59f4a55-0e1a-4271-b953-522aa311d7c2,H_02_02,S07@display=downscale_720p
A_02_02,A_02_02,410daef0-34b2-4e4b-babd-7babc948d15f,H_02_04,S03@display=downscale_720p
A_02_02,A_02_02,426e4e11-dbc4-47c8-a89b-2ed4d3cb597e,H_02_04,S03@display=downscale_720p
A_02_02,A_02_02,b06f4a9f-9db5-4496-aecf-70c8384ba399,H_02_04,S03@display=downscale_720p
A_02_02,H_02_04,a1d6507f-e9c0-4600-98a3-36ec50e93ae3,A_02_02,S03@display=downscale_720p
A_02_02,H_02_04,3b1fe989-8521-47f7-a856-dfab1b12c7ba,A_02_02,S03@display=downscale_720p
A_02_02,A_02_02,410daef0-34b2-4e4b-babd-7babc948d15f,H_02_04,S03@display=downscale_720p
A_02_02,A_02_02,b06f4a9f-9db5-4496-aecf-70c8384ba399,H_02_04,S03@display=downscale_720p
A_02_02,A_02_02,8282a32a-12f5-4bb0-9e1b-ffa64048e19f,H_02_04,S03@display=downscale_720p
A_02_02,A_02_02,52cd66b3-60f3-4a27-a419-19d8a2f7d970,H_02_04,S03@display=downscale_720p
A_02_02,H_02_04,d58730de-d9a3-467b-a170-d950379137e0,A_02_02,S03@display=downscale_720p
H_02_03,H_02_03,e27ad38d-71ec-446d-9ade-1d48aacd9e88,A_02_03,S04@display=downscale_720p
,H_02_03,b56e44ae-c42b-4536-a130-309b99e17463,A_02_03,S04@display=downscale_720p
A_02_03,A_02_03,5593af0d-6ec8-4fcb-a4ce-139ec78d0c79,H_02_03,S04@display=downscale_720p
,H_02_03,3f901510-5c7f-4267-85e4-7ddb8e98041e,A_02_03,S04@display=downscale_720p
,A_02_03,460498ca-181a-4a48-8e33-4995b637b17e,H_02_03,S04@display=downscale_720p
H_02_03,H_02_03,6b491dd4-4527-48e3-a8eb-d28019bb5b5d,A_02_03,S04@display=downscale_720p
,H_02_03,cab6961d-8f1b-4fe8-a596-b213e88efb67,A_02_03,S04@display=downscale_720p
,A_02_03,174865e5-ea98-4061-ac4c-8aa35b56e5a7,H_02_03,S04@display=downscale_720p
,H_02_03,aea9cfc0-2b99-4ed2-bfd1-074f3702bef7,A_02_03,S04@display=downscale_720p
A_02_03,A_02_03,571393d4-9464-4c7a-ad9a-dd4b5f1f7ee4,H_02_03,S04@display=downscale_720p
A_02_03,H_02_04,bd1e0a6c-81f0-46fc-88c7-05c6fc0df81c,A_02_03,S01@display=downscale_720p
H_02_04,H_02_04,8a8efe00-7374-4030-889c-7d07681c408e,A_02_03,S01@display=downscale_720p
A_02_03,A_02_03,2367f3ed-e120-4711-8aa8-81a3760539ae,H_02_04,S01@display=downscale_720p
A_02_03,H_02_04,2f93cad8-9ae0-4376-addf-561fefab1698,A_02_03,S01@display=downscale_720p
A_02_03,A_02_03,d247734f-4de1-4d75-a245-f135411e9f25,H_02_04,S01@display=downscale_720p
A_02_03,H_02_04,2367f3ed-e120-4711-8aa8-81a3760539ae,A_02_03,S01@display=downscale_720p
,H_02_04,c6c3cc35-01db-4c5d-8459-b227562e5f2c,A_02_03,S01@display=downscale_720p
H_02_04,H_02_04,9665df29-fa2e-440a-a9a9-a4c18ef4978d,A_02_03,S01@display=downscale_720p
H_02_04,A_02_03,5ac17039-13a5-4c1e-90d6-247106a99f31,H_02_04,S01@display=downscale_720p
,A_02_03,26d220af-11a8-4f0d-998b-d8c960f138c3,H_02_04,S01@display=downscale_720p
V_02_04,V_02_04,0cda7244-81af-4c2f-820e-d609b1bdf00b,A_02_04,S06@display=downscale_720p
V_02_04,V_02_04,7c3c9252-851e-49ba-9f19-b5fa8809afb7,A_02_04,S06@display=downscale_720p
V_02_04,V_02_04,632dc3ff-eb98-4b53-908b-cddd95393b4f,A_02_04,S06@display=downscale_720p
V_02_04,V_02_04,1ab897f9-41b3-4cb5-a229-8423ac30fc38,A_02_04,S06@display=downscale_720p
V_02_04,V_02_04,4907a83e-7fbc-43f4-b2e8-6af4eac64a3f,A_02_04,S06@display=downscale_720p
V_02_04,V_02_04,632dc3ff-eb98-4b53-908b-cddd95393b4f,A_02_04,S06@display=downscale_720p
V_02_04,V_02_04,5b9ca96e-edc8-405a-a9be-1287556f79d0,A_02_04,S06@display=downscale_720p
V_02_04,A_02_04,882cdab6-5ed7-41e1-90f7-7e3b9784e9fd,V_02_04,S06@display=downscale_720p
V_02_04,V_02_04,d5cbdc09-bb32-4ef6-a6dc-b39a9ab3c2df,A_02_04,S06@display=downscale_720p
V_02_04,A_02_04,8ca7b4fe-37e4-42dd-bf4e-673dd1fadc61,V_02_04,S06@display=downscale_720p
V_02_03,A_02_02,2c6915d3-251a-4678-949c-70a2c049d32e,V_02_03,S06@display=downscale_720p
A_02_02,V_02_03,aea9cfc0-2b99-4ed2-bfd1-074f3702bef7,A_02_02,S06@display=downscale_720p
,A_02_02,1e82358e-4850-48b8-ae64-61204fbcb4b6,V_02_03,S06@display=downscale_720p
A_02_02,V_02_03,db97ffab-f54a-44c7-9902-38ee07737aab,A_02_02,S06@display=downscale_720p
,V_02_03,39e9fdb1-798e-4fed-8091-5110c3c6f56b,A_02_02,S06@display=downscale_720p
,V_02_03,9f963951-635a-4042-a6b5-e243a1381162,A_02_02,S06@display=downscale_720p
V_02_03,V_02_03,cc46427d-f48c-49a9-a459-07b28ce04b8a,A_02_02,S06@display=downscale_720p
,V_02_03,e27ad38d-71ec-446d-9ade-1d48aacd9e88,A_02_02,S06@display=downscale_720p
V_02_03,V_02_03,25af761c-f297-4ed6-b56d-35420ac03265,A_02_02,S06@display=downscale_720p
,V_02_03,01852884-a947-4c2c-85ff-307e2abb7614,A_02_02,S06@display=downscale_720p
A_02_03,A_02_04,b340861d-fe24-4f7f-9b0f-5faab7d4d88e,A_02_03,S05@display=downscale_720p
A_02_03,A_02_03,aef51353-4d62-4bb2-868c-bc010215c291,A_02_04,S05@display=downscale_720p
A_02_03,A_02_04,b17720dd-7282-4c5e-bd93-2d1437ff43f9,A_02_03,S05@display=downscale_720p
A_02_03,A_02_03,53ac50fa-a11c-4fb9-8d05-24625226e038,A_02_04,S05@display=downscale_720p
A_02_03,A_02_04,22c8577a-31f9-44b4-a7f4-3435c213e41b,A_02_03,S05@display=downscale_720p
A_02_03,A_02_03,aea9cfc0-2b99-4ed2-bfd1-074f3702bef7,A_02_04,S05@display=downscale_720p
A_02_03,A_02_04,4e379143-b442-483d-8cf0-0e165f5f437f,A_02_03,S05@display=downscale_720p
A_02_03,A_02_04,6c1ab2d7-885f-4fa7-8fd3-1c3b2a898440,A_02_03,S05@display=downscale_720p
A_02_03,A_02_03,d247734f-4de1-4d75-a245-f135411e9f25,A_02_04,S05@display=downscale_720p
A_02_03,A_02_04,aea9cfc0-2b99-4ed2-bfd1-074f3702bef7,A_02_03,S05@display=downscale_720p
,H_02_02,8a72bcc5-3880-4a37-8853-095e4167b90f,H_02_03,S07@display=downscale_720p
,H_02_03,5593af0d-6ec8-4fcb-a4ce-139ec78d0c79,H_02_02,S07@display=downscale_720p
H_02_02,H_02_02,72bc99d8-23d4-4efb-910c-e9cdffa54eb3,H_02_03,S07@display=downscale_720p
H_02_02,H_02_02,0013934b-6ac8-4c15-bf9a-11d47de14730,H_02_03,S07@display=downscale_720p
H_02_02,H_02_03,847800ec-6f1d-421d-9dd6-46e72c9c812f,H_02_02,S07@display=downscale_720p
,H_02_03,8036ce10-4126-4b7f-b1cf-b14b3d4a7cdf,H_02_02,S07@display=downscale_720p
,H_02_02,7d7598af-d24b-4910-a0cf-05c581484b33,H_02_03,S07@display=downscale_720p
,H_02_03,4907a83e-7fbc-43f4-b2e8-6af4eac64a3f,H_02_02,S07@display=downscale_720p
,H_02_02,5593af0d-6ec8-4fcb-a4ce-139ec78d0c79,H_02_03,S07@display=downscale_720p
,H_02_03,99565672-59b6-49ae-86c8-b67caabad734,H_02_02,S07@display=downscale_720p
A_02_03,A_02_04,fea02753-fd51-42ba-93e9-cfe01ef2e123,A_02_03,S03@display=downscale_720p
A_02_03,A_02_04,922eae9f-c310-4e42-9bdf-1ef20d56fa69,A_02_03,S03@display=downscale_720p
A_02_03,A_02_04,5593af0d-6ec8-4fcb-a4ce-139ec78d0c79,A_02_03,S03@display=downscale_720p
A_02_03,A_02_03,847800ec-6f1d-421d-9dd6-46e72c9c812f,A_02_04,S03@display=downscale_720p
A_02_03,A_02_03,5376bff7-8314-47b3-bf62-208e5cce0672,A_02_04,S03@display=downscale_720p
A_02_03,A_02_04,09d84466-5124-4f82-89a6-15b1d61ec65d,A_02_03,S03@display=downscale_720p
A_02_03,A_02_04,8c992adc-55ca-42a8-9b22-2ef3064a339f,A_02_03,S03@display=downscale_720p
A_02_03,A_02_03,ef905607-4579-46f1-a6bc-3719b1ba5b41,A_02_04,S03@display=downscale_720p
A_02_03,A_02_03,847800ec-6f1d-421d-9dd6-46e72c9c812f,A_02_04,S03@display=downscale_720p
A_02_03,A_02_04,e0abaf0d-4bcb-4565-ba4f-7fa059423579,A_02_03,S03@display=downscale_720p
H_02_03,V_02_04,d8c1bc80-412f-4d47-99ac-13139f531c78,H_02_03,S08@display=downscale_720p
V_02_04,V_02_04,7a5ca0c3-3747-49fa-bd9e-ded4ad1b2467,H_02_03,S08@display=downscale_720p
H_02_03,V_02_04,7a5ca0c3-3747-49fa-bd9e-ded4ad1b2467,H_02_03,S08@display=downscale_720p
H_02_03,H_02_03,c150215b-b234-4613-b32b-f7f1f02185ec,V_02_04,S08@display=downscale_720p
H_02_03,V_02_04,847800ec-6f1d-421d-9dd6-46e72c9c812f,H_02_03,S08@display=downscale_720p
H_02_03,H_02_03,8c992adc-55ca-42a8-9b22-2ef3064a339f,V_02_04,S08@display=downscale_720p
V_02_04,H_02_03,6969072a-1fb0-41af-a4cb-dadc3bbef231,V_02_04,S08@display=downscale_720p
H_02_03,V_02_04,b7217dd5-8d42-42dd-81b6-2d1172432ca0,H_02_03,S08@display=downscale_720p
,H_02_03,f72f6f7e-92da-479f-bf84-994c786eabbc,V_02_04,S08@display=downscale_720p
H_02_03,H_02_03,e3e9a196-ccfa-4e47-8759-8c819269b9ac,V_02_04,S08@display=downscale_720p
A_02_03,H_02_03,847800ec-6f1d-421d-9dd6-46e72c9c812f,A_02_03,S08@display=downscale_720p
,A_02_03,484e5cb8-bd83-47db-aab1-b20bf1c2220a,H_02_03,S08@display=downscale_720p
,H_02_03,ef905607-4579-46f1-a6bc-3719b1ba5b41,A_02_03,S08@display=downscale_720p
,H_02_03,2dcb0734-8591-4649-9f37-db46fefdac73,A_02_03,S08@display=downscale_720p
,A_02_03,a99d29a7-655e-4ac0-9685-801b6701ef99,H_02_03,S08@display=downscale_720p
A_02_03,A_02_03,50c199f7-d5da-4378-986a-a6a50ecfb09e,H_02_03,S08@display=downscale_720p
H_02_03,H_02_03,b3c5e38d-d6be-421e-82f1-c2af9f0a9b1f,A_02_03,S08@display=downscale_720p
H_02_03,H_02_03,59a8887a-b235-42c1-b76d-0d5b64e71be1,A_02_03,S08@display=downscale_720p
,H_02_03,88bd9602-0f35-402e-bdcb-18a5a6bb13a6,A_02_03,S08@display=downscale_720p
,H_02_03,53ac50fa-a11c-4fb9-8d05-24625226e038,A_02_03,S08@display=downscale_720p
V_02_04,A_02_04,8a72bcc5-3880-4a37-8853-095e4167b90f,V_02_04,S08@display=downscale_720p
V_02_04,V_02_04,c3d7d009-3f82-4637-b24f-2e1c2bc0a929,A_02_04,S08@display=downscale_720p
V_02_04,V_02_04,78cdaf7e-0824-4579-ada3-09888130112c,A_02_04,S08@display=downscale_720p
V_02_04,V_02_04,5734e3e6-e0a5-4b44-8de2-4b2fcce5269b,A_02_04,S08@display=downscale_720p
V_02_04,V_02_04,d992b125-40c1-4357-872b-73274cb051cd,A_02_04,S08@display=downscale_720p
V_02_04,A_02_04,847800ec-6f1d-421d-9dd6-46e72c9c812f,V_02_04,S08@display=downscale_720p
V_02_04,A_02_04,933d8af8-1ab2-4e55-ae03-cd87ff4b179a,V_02_04,S08@display=downscale_720p
V_02_04,A_02_04,2e452f06-e57a-4cce-ae94-a79dee6fb135,V_02_04,S08@display=downscale_720p
V_02_04,A_02_04,984224e9-ac5e-4c19-af2e-b6f9ff7e5d4f,V_02_04,S08@display=downscale_720p
V_02_04,V_02_04,78cdaf7e-0824-4579-ada3-09888130112c,A_02_04,S08@display=downscale_720p
V_02_02,V_02_02,847800ec-6f1d-421d-9dd6-46e72c9c812f,V_02_03,S04@display=downscale_720p
,V_02_02,52cd66b3-60f3-4a27-a419-19d8a2f7d970,V_02_03,S04@display=downscale_720p
,V_02_02,a091e662-a14d-4153-92ca-d5583400ef5c,V_02_03,S04@display=downscale_720p
,V_02_03,baa0b08b-ae47-4b47-b071-353ef688372e,V_02_02,S04@display=downscale_720p
,V_02_02,44703767-9d83-49e1-b8e4-f669f82afd6d,V_02_03,S04@display=downscale_720p
,V_02_02,6f5a526a-943c-46c1-92ec-b897f48d5414,V_02_03,S04@display=downscale_720p
,V_02_03,ee7a4321-6200-42eb-928a-4d8689a6222f,V_02_02,S04@display=downscale_720p
,V_02_03,e7e4071d-f48b-47d8-a283-038e723dd91f,V_02_02,S04@display=downscale_720p
,V_02_03,e7e4071d-f48b-47d8-a283-038e723dd91f,V_02_02,S04@display=downscale_720p
,V_02_02,d88d958b-0585-460a-b9f4-fe48042f9bba,V_02_03,S04@display=downscale_720p
H_02_02,H_02_02,47b9e4f0-b22d-498a-9e91-3af15130d242,V_02_04,S04@display=downscale_720p
,V_02_04,47b9e4f0-b22d-498a-9e91-3af15130d242,H_02_02,S04@display=downscale_720p
H_02_02,H_02_02,34a267ad-eeec-427e-8ab9-7f641b7a7274,V_02_04,S04@display=downscale_720p
H_02_02,H_02_02,fae820c8-124d-42a1-ad60-82e2e6a3ae83,V_02_04,S04@display=downscale_720p
H_02_02,H_02_02,7cc0e90f-44e9-46f4-b761-9bc69c7efd55,V_02_04,S04@display=downscale_720p
,H_02_02,7d7598af-d24b-4910-a0cf-05c581484b33,V_02_04,S04@display=downscale_720p
H_02_02,V_02_04,847800ec-6f1d-421d-9dd6-46e72c9c812f,H_02_02,S04@display=downscale_720p
V_02_04,V_02_04,6c17e7d6-1344-43bb-8124-d90690e71fcb,H_02_02,S04@display=downscale_720p
H_02_02,H_02_02,b7217dd5-8d42-42dd-81b6-2d1172432ca0,V_02_04,S04@display=downscale_720p
H_02_02,V_02_04,47b9e4f0-b22d-498a-9e91-3af15130d242,H_02_02,S04@display=downscale_720p
A_02_03,A_02_03,e2014108-7d49-48aa-93f7-a6a6e87e4de0,A_02_02,S02@display=downscale_720p
A_02_02,A_02_03,85f4a8ff-f9b3-450b-a819-5a998590e834,A_02_02,S02@display=downscale_720p
A_02_02,A_02_03,3ccc137a-9b89-4aa1-a322-fad70c96728f,A_02_02,S02@display=downscale_720p
A_02_02,A_02_03,8b7d1b07-fa23-4ea3-ad4b-4c5c6a88b4bf,A_02_02,S02@display=downscale_720p
,A_02_03,a2dbf6e1-12c7-42b2-86e1-5508f7c53c63,A_02_02,S02@display=downscale_720p
A_02_02,A_02_02,51a35fe7-a903-4d22-8f32-7faf7650eb7d,A_02_03,S02@display=downscale_720p
A_02_02,A_02_02,85f4a8ff-f9b3-450b-a819-5a998590e834,A_02_03,S02@display=downscale_720p
A_02_03,A_02_02,5593af0d-6ec8-4fcb-a4ce-139ec78d0c79,A_02_03,S02@display=downscale_720p
,A_02_03,484e5cb8-bd83-47db-aab1-b20bf1c2220a,A_02_02,S02@display=downscale_720p
,A_02_02,8a72bcc5-3880-4a37-8853-095e4167b90f,A_02_03,S02@display=downscale_720p
V_02_02,A_02_04,b3c54082-61e2-4aa7-8bc0-f758410059bf,V_02_02,S03@display=downscale_720p
V_02_02,V_02_02,a1d6507f-e9c0-4600-98a3-36ec50e93ae3,A_02_04,S03@display=downscale_720p
V_02_02,V_02_02,502764dd-9b73-4188-a1bc-05b4db17df5e,A_02_04,S03@display=downscale_720p
V_02_02,V_02_02,6969072a-1fb0-41af-a4cb-dadc3bbef231,A_02_04,S03@display=downscale_720p
V_02_02,A_02_04,8a9d6a5f-877d-40c5-85cc-b7ac357cbf73,V_02_02,S03@display=downscale_720p
V_02_02,V_02_02,8a9de4c5-2dbc-4b75-ae02-58764c36624b,A_02_04,S03@display=downscale_720p
V_02_02,A_02_04,170fef03-2ff4-4fec-a2ed-4c5bfc51eb91,V_02_02,S03@display=downscale_720p
V_02_02,A_02_04,47b9e4f0-b22d-498a-9e91-3af15130d242,V_02_02,S03@display=downscale_720p
V_02_02,V_02_02,09fca754-3a74-4d16-a08c-84ed6efe8882,A_02_04,S03@display=downscale_720p
V_02_02,A_02_04,a3d0bef8-b34e-4489-899a-c38a2c2bb1f7,V_02_02,S03@display=downscale_720p
H_02_02,H_02_02,8a72bcc5-3880-4a37-8853-095e4167b90f,A_02_04,S03@display=downscale_720p
H_02_02,H_02_02,481fc790-08ca-4e9d-8116-15f4a558cfb6,A_02_04,S03@display=downscale_720p
H_02_02,A_02_04,ed656c2a-3ba5-4e8d-a6df-275e0dd59504,H_02_02,S03@display=downscale_720p
H_02_02,A_02_04,d8c1bc80-412f-4d47-99ac-13139f531c78,H_02_02,S03@display=downscale_720p
H_02_02,H_02_02,847800ec-6f1d-421d-9dd6-46e72c9c812f,A_02_04,S03@display=downscale_720p
H_02_02,H_02_02,aef51353-4d62-4bb2-868c-bc010215c291,A_02_04,S03@display=downscale_720p
H_02_02,A_02_04,3ccc137a-9b89-4aa1-a322-fad70c96728f,H_02_02,S03@display=downscale_720p
H_02_02,A_02_04,7f538841-5634-40d2-984b-d2b9a8f3de37,H_02_02,S03@display=downscale_720p
H_02_02,H_02_02,4646db8b-4471-4610-b7a9-5996112c40ed,A_02_04,S03@display=downscale_720p
H_02_02,H_02_02,83dddf0d-d057-46ab-83f8-1230060b2406,A_02_04,S03@display=downscale_720p
V_02_04,H_02_04,ed656c2a-3ba5-4e8d-a6df-275e0dd59504,V_02_04,S04@display=downscale_720p
V_02_04,H_02_04,1a496d2c-b47f-4a65-99be-7ad6ea684945,V_02_04,S04@display=downscale_720p
V_02_04,H_02_04,1a496d2c-b47f-4a65-99be-7ad6ea684945,V_02_04,S04@display=downscale_720p
,V_02_04,680f4aba-3dc8-4922-ae93-63d99a0ebf97,H_02_04,S04@display=downscale_720p
,H_02_04,2367618d-fdb1-4a3c-98cf-155b1b95c446,V_02_04,S04@display=downscale_720p
V_02_04,V_02_04,50d3a8d4-117a-4456-b32c-82438624f5ea,H_02_04,S04@display=downscale_720p
,V_02_04,6c17e7d6-1344-43bb-8124-d90690e71fcb,H_02_04,S04@display=downscale_720p
V_02_04,V_02_04,db16c9bc-25cc-4d9e-b0b5-e8325b63cc68,H_02_04,S04@display=downscale_720p
,V_02_04,a2dbf6e1-12c7-42b2-86e1-5508f7c53c63,H_02_04,S04@display=downscale_720p
V_02_04,V_02_04,20600ddb-ae79-42e6-a52c-223126a1de4a,H_02_04,S04@display=downscale_720p
V_02_03,A_02_04,a091e662-a14d-4153-92ca-d5583400ef5c,V_02_03,S07@display=downscale_720p
V_02_03,A_02_04,5d5d9f1f-7da8-419f-921f-619b05d5b75d,V_02_03,S07@display=downscale_720p
V_02_03,V_02_03,7597850a-f1d3-42d6-ab3b-b865d992b156,A_02_04,S07@display=downscale_720p
V_02_03,V_02_03,5533a942-4ec5-4f5b-98ad-870a4cee2236,A_02_04,S07@display=downscale_720p
V_02_03,V_02_03,ae82db8e-ad66-44e4-8c16-5524b81e5f7d,A_02_04,S07@display=downscale_720p
V_02_03,V_02_03,1a496d2c-b47f-4a65-99be-7ad6ea684945,A_02_04,S07@display=downscale_720p
V_02_03,V_02_03,ff3fa308-811a-4a4e-8567-74766e273529,A_02_04,S07@display=downscale_720p
V_02_03,A_02_04,d8c1bc80-412f-4d47-99ac-13139f531c78,V_02_03,S07@display=downscale_720p
V_02_03,A_02_04,d8c1bc80-412f-4d47-99ac-13139f531c78,V_02_03,S07@display=downscale_720p
V_02_03,A_02_04,9311fe31-c032-42e4-aab1-c7c35568fc56,V_02_03,S07@display=downscale_720p
A_02_02,A_02_04,9f21e38d-82ad-4392-b35b-5ec4261b59eb,A_02_02,S10@display=downscale_720p
A_02_02,A_02_04,296dcc0c-e3dc-4c82-a7f6-bd6129751e29,A_02_02,S10@display=downscale_720p
A_02_02,A_02_04,e5326dba-7341-4b2b-97c2-e58d2675a729,A_02_02,S10@display=downscale_720p
A_02_02,A_02_04,13f7f2a8-6a09-4d94-bb8e-9be167d14f2d,A_02_02,S10@display=downscale_720p
A_02_02,A_02_04,efb3944b-7150-43f1-a579-5cb22bc06e25,A_02_02,S10@display=downscale_720p
A_02_02,A_02_04,027e87cd-e3af-4187-8e56-8099bf7d56d6,A_02_02,S10@display=downscale_720p
A_02_02,A_02_04,db16c9bc-25cc-4d9e-b0b5-e8325b63cc68,A_02_02,S10@display=downscale_720p
A_02_02,A_02_04,2e452f06-e57a-4cce-ae94-a79dee6fb135,A_02_02,S10@display=downscale_720p
A_02_02,A_02_02,47b9e4f0-b22d-498a-9e91-3af15130d242,A_02_04,S10@display=downscale_720p
A_02_02,A_02_04,1a496d2c-b47f-4a65-99be-7ad6ea684945,A_02_02,S10@display=downscale_720p
,V_02_02,53ac50fa-a11c-4fb9-8d05-24625226e038,H_02_02,S10@display=downscale_720p
H_02_02,H_02_02,ff3fa308-811a-4a4e-8567-74766e273529,V_02_02,S10@display=downscale_720p
,H_02_02,e0aea472-6a76-436e-af71-745b71b97d28,V_02_02,S10@display=downscale_720p
V_02_02,H_02_02,1a496d2c-b47f-4a65-99be-7ad6ea684945,V_02_02,S10@display=downscale_720p
H_02_02,V_02_02,7afd3976-58f5-4b01-848e-d69cafcf044a,H_02_02,S10@display=downscale_720p
H_02_02,H_02_02,b5e82897-f57b-4598-878a-ac98805f3380,V_02_02,S10@display=downscale_720p
,V_02_02,52cd66b3-60f3-4a27-a419-19d8a2f7d970,H_02_02,S10@display=downscale_720p
V_02_02,H_02_02,45cb17f4-bc50-462b-8899-6159f21e4966,V_02_02,S10@display=downscale_720p
,V_02_02,6fec16f7-cfd9-48ea-93ac-508c71aa2e92,H_02_02,S10@display=downscale_720p
H_02_02,H_02_02,26d220af-11a8-4f0d-998b-d8c960f138c3,V_02_02,S10@display=downscale_720p
A_02_03,A_02_04,85f4a8ff-f9b3-450b-a819-5a998590e834,A_02_03,S08@display=downscale_720p
A_02_03,A_02_03,c80968f4-c72a-4870-b08d-c0423e41cc6e,A_02_04,S08@display=downscale_720p
A_02_03,A_02_03,c901fe3c-ed4e-4cad-a813-8ac7c9f9cda1,A_02_04,S08@display=downscale_720p
A_02_03,A_02_04,64ee7c47-a880-4870-b90f-98b2cea3d108,A_02_03,S08@display=downscale_720p
A_02_03,A_02_04,db16c9bc-25cc-4d9e-b0b5-e8325b63cc68,A_02_03,S08@display=downscale_720p
A_02_03,A_02_03,1a496d2c-b47f-4a65-99be-7ad6ea684945,A_02_04,S08@display=downscale_720p
A_02_03,A_02_04,8445090b-365d-4316-8153-0e682fe65432,A_02_03,S08@display=downscale_720p
A_02_03,A_02_04,bf4179ae-5935-4a01-98ae-8da103f321f8,A_02_03,S08@display=downscale_720p
A_02_03,A_02_04,1a496d2c-b47f-4a65-99be-7ad6ea684945,A_02_03,S08@display=downscale_720p
,A_02_04,82796183-4736-4303-8371-7d113472cf41,A_02_03,S08@display=downscale_720p
V_02_02,H_02_04,e0abaf0d-4bcb-4565-ba4f-7fa059423579,V_02_02,S07@display=downscale_720p
V_02_02,V_02_02,a3d0bef8-b34e-4489-899a-c38a2c2bb1f7,H_02_04,S07@display=downscale_720p
V_02_02,H_02_04,170fef03-2ff4-4fec-a2ed-4c5bfc51eb91,V_02_02,S07@display=downscale_720p
V_02_02,H_02_04,20600ddb-ae79-42e6-a52c-223126a1de4a,V_02_02,S07@display=downscale_720p
V_02_02,V_02_02,bea238eb-159d-4a59-9d74-424eccd638f5,H_02_04,S07@display=downscale_720p
V_02_02,H_02_04,9a5782c3-0501-4063-b1f9-f123dbd777d3,V_02_02,S07@display=downscale_720p
V_02_02,H_02_04,8879b96e-ae8c-4a72-8226-fd37db366db9,V_02_02,S07@display=downscale_720p
V_02_02,V_02_02,7afd3976-58f5-4b01-848e-d69cafcf044a,H_02_04,S07@display=downscale_720p
V_02_02,V_02_02,1a496d2c-b47f-4a65-99be-7ad6ea684945,H_02_04,S07@display=downscale_720p
V_02_02,V_02_02,bf4179ae-5935-4a01-98ae-8da103f321f8,H_02_04,S07@display=downscale_720p
V_02_02,V_02_02,296dcc0c-e3dc-4c82-a7f6-bd6129751e29,A_02_04,S07@display=downscale_720p
V_02_02,A_02_04,5d5d9f1f-7da8-419f-921f-619b05d5b75d,V_02_02,S07@display=downscale_720p
V_02_02,A_02_04,a7eb9214-b39a-464b-8e2f-4ff64859fffa,V_02_02,S07@display=downscale_720p
V_02_02,V_02_02,608abca1-3549-4bc8-b231-cc8e7ed70f9c,A_02_04,S07@display=downscale_720p
V_02_02,A_02_04,608abca1-3549-4bc8-b231-cc8e7ed70f9c,V_02_02,S07@display=downscale_720p
V_02_02,A_02_04,45cb17f4-bc50-462b-8899-6159f21e4966,V_02_02,S07@display=downscale_720p
V_02_02,A_02_04,296dcc0c-e3dc-4c82-a7f6-bd6129751e29,V_02_02,S07@display=downscale_720p
V_02_02,V_02_02,aef51353-4d62-4bb2-868c-bc010215c291,A_02_04,S07@display=downscale_720p
V_02_02,A_02_04,5556a090-c5a7-47af-83bd-1c45856677ee,V_02_02,S07@display=downscale_720p
V_02_02,V_02_02,d5cbdc09-bb32-4ef6-a6dc-b39a9ab3c2df,A_02_04,S07@display=downscale_720p
H_02_02,H_02_02,0118bd93-5520-4343-a2ad-629d427fd0ea,A_02_03,S02@display=downscale_720p
H_02_02,H_02_02,9f21e38d-82ad-4392-b35b-5ec4261b59eb,A_02_03,S02@display=downscale_720p
H_02_02,H_02_02,296dcc0c-e3dc-4c82-a7f6-bd6129751e29,A_02_03,S02@display=downscale_720p
A_02_03,A_02_03,9f21e38d-82ad-4392-b35b-5ec4261b59eb,H_02_02,S02@display=downscale_720p
,A_02_03,296dcc0c-e3dc-4c82-a7f6-bd6129751e29,H_02_02,S02@display=downscale_720p
H_02_02,A_02_03,339d31df-b966-4fe0-9476-345fd01047d6,H_02_02,S02@display=downscale_720p
H_02_02,H_02_02,1a496d2c-b47f-4a65-99be-7ad6ea684945,A_02_03,S02@display=downscale_720p
H_02_02,H_02_02,bea238eb-159d-4a59-9d74-424eccd638f5,A_02_03,S02@display=downscale_720p
,H_02_02,8445090b-365d-4316-8153-0e682fe65432,A_02_03,S02@display=downscale_720p
H_02_02,H_02_02,78189632-fa94-44d6-9a66-6afd6278905d,A_02_03,S02@display=downscale_720p
,V_02_03,a2dbf6e1-12c7-42b2-86e1-5508f7c53c63,H_02_03,S06@display=downscale_720p
H_02_03,V_02_03,1a496d2c-b47f-4a65-99be-7ad6ea684945,H_02_03,S06@display=downscale_720p
,H_02_03,608abca1-3549-4bc8-b231-cc8e7ed70f9c,V_02_03,S06@display=downscale_720p
V_02_03,H_02_03,8d192948-3fb5-43c4-af59-85b9baa71b8f,V_02_03,S06@display=downscale_720p
,V_02_03,adc43c16-328a-4b3e-831e-15a1a5347760,H_02_03,S06@display=downscale_720p
,H_02_03,50d3a8d4-117a-4456-b32c-82438624f5ea,V_02_03,S06@display=downscale_720p
H_02_03,V_02_03,1a51a237-f04f-4c38-b86d-1727d52b2fde,H_02_03,S06@display=downscale_720p
,H_02_03,680f4aba-3dc8-4922-ae93-63d99a0ebf97,V_02_03,S06@display=downscale_720p
H_02_03,H_02_03,9665df29-fa2e-440a-a9a9-a4c18ef4978d,V_02_03,S06@display=downscale_720p
,H_02_03,c950a398-7322-465b-b233-9e1966c11317,V_02_03,S06@display=downscale_720p
A_02_02,A_02_02,1a496d2c-b47f-4a65-99be-7ad6ea684945,A_02_04,S07@display=downscale_720p
A_02_02,A_02_04,501e8cf2-7ae2-4e2a-a7f6-84d5b2d3a2b8,A_02_02,S07@display=downscale_720p
A_02_02,A_02_04,f72f6f7e-92da-479f-bf84-994c786eabbc,A_02_02,S07@display=downscale_720p
A_02_02,A_02_02,20600ddb-ae79-42e6-a52c-223126a1de4a,A_02_04,S07@display=downscale_720p
A_02_02,A_02_02,8acedfff-b933-440b-8909-826f0385abcd,A_02_04,S07@display=downscale_720p
A_02_02,A_02_04,e0abaf0d-4bcb-4565-ba4f-7fa059423579,A_02_02,S07@display=downscale_720p
A_02_02,A_02_02,5556a090-c5a7-47af-83bd-1c45856677ee,A_02_04,S07@display=downscale_720p
A_02_02,A_02_04,d37ba4e2-3c08-49bd-9d07-3320f585e31c,A_02_02,S07@display=downscale_720p
A_02_02,A_02_04,47b9e4f0-b22d-498a-9e91-3af15130d242,A_02_02,S07@display=downscale_720p
A_02_02,A_02_02,e0abaf0d-4bcb-4565-ba4f-7fa059423579,A_02_04,S07@display=downscale_720p
H_02_03,H_02_03,0778a679-4934-4628-824f-3768ebf7bba5,A_02_04,S10@display=downscale_720p
H_02_03,H_02_03,bea238eb-159d-4a59-9d74-424eccd638f5,A_02_04,S10@display=downscale_720p
H_02_03,A_02_04,c91c3d61-3b89-42f7-a978-250341c8e50c,H_02_03,S10@display=downscale_720p
H_02_03,H_02_03,64ee7c47-a880-4870-b90f-98b2cea3d108,A_02_04,S10@display=downscale_720p
H_02_03,A_02_04,7afd3976-58f5-4b01-848e-d69cafcf044a,H_02_03,S10@display=downscale_720p
H_02_03,A_02_04,2d216cc4-fa9a-4af9-9d97-96413ca5d7e9,H_02_03,S10@display=downscale_720p
H_02_03,A_02_04,db16c9bc-25cc-4d9e-b0b5-e8325b63cc68,H_02_03,S10@display=downscale_720p
H_02_03,H_02_03,13f85313-63e6-4282-b060-dfe31548b4c6,A_02_04,S10@display=downscale_720p
H_02_03,H_02_03,13f7f2a8-6a09-4d94-bb8e-9be167d14f2d,A_02_04,S10@display=downscale_720p
H_02_03,A_02_04,743fb9c3-fb20-4bfc-9b7d-677888efc14f,H_02_03,S10@display=downscale_720p
V_02_02,V_02_02,fea02753-fd51-42ba-93e9-cfe01ef2e123,V_02_04,S10@display=downscale_720p
V_02_02,V_02_02,20600ddb-ae79-42e6-a52c-223126a1de4a,V_02_04,S10@display=downscale_720p
V_02_02,V_02_04,27cd9dc7-b01c-4d06-92fb-54e970ec0db8,V_02_02,S10@display=downscale_720p
V_02_02,V_02_02,bea238eb-159d-4a59-9d74-424eccd638f5,V_02_04,S10@display=downscale_720p
V_02_02,V_02_02,7c61efc9-0e02-461a-af2c-34a923d2c794,V_02_04,S10@display=downscale_720p
,V_02_04,ee7a4321-6200-42eb-928a-4d8689a6222f,V_02_02,S10@display=downscale_720p
,V_02_04,8036ce10-4126-4b7f-b1cf-b14b3d4a7cdf,V_02_02,S10@display=downscale_720p
V_02_04,V_02_04,ef905607-4579-46f1-a6bc-3719b1ba5b41,V_02_02,S10@display=downscale_720p
,V_02_04,680f4aba-3dc8-4922-ae93-63d99a0ebf97,V_02_02,S10@display=downscale_720p
,V_02_04,57e17081-4a43-4410-a8b7-c6bf75e52b46,V_02_02,S10@display=downscale_720p
H_02_03,H_02_04,7cc0e90f-44e9-46f4-b761-9bc69c7efd55,H_02_03,S07@display=downscale_720p
H_02_03,H_02_03,015d8816-e9dc-4727-ab87-e4f24ac190f9,H_02_04,S07@display=downscale_720p
H_02_03,H_02_04,608abca1-3549-4bc8-b231-cc8e7ed70f9c,H_02_03,S07@display=downscale_720p
H_02_03,H_02_03,88ddb813-f6c5-41a8-9f66-58d2aee5e014,H_02_04,S07@display=downscale_720p
,H_02_03,481fc790-08ca-4e9d-8116-15f4a558cfb6,H_02_04,S07@display=downscale_720p
H_02_03,H_02_04,cc282dde-7397-4e85-b99c-afa56799cb4b,H_02_03,S07@display=downscale_720p
H_02_03,H_02_04,bea238eb-159d-4a59-9d74-424eccd638f5,H_02_03,S07@display=downscale_720p
H_02_03,H_02_04,47b9e4f0-b22d-498a-9e91-3af15130d242,H_02_03,S07@display=downscale_720p
H_02_03,H_02_03,608abca1-3549-4bc8-b231-cc8e7ed70f9c,H_02_04,S07@display=downscale_720p
H_02_03,H_02_03,db16c9bc-25cc-4d9e-b0b5-e8325b63cc68,H_02_04,S07@display=downscale_720p
V_02_02,A_02_04,680f4aba-3dc8-4922-ae93-63d99a0ebf97,V_02_02,S02@display=downscale_720p
V_02_02,A_02_04,9e13a5f5-a844-4599-96fa-55244db6b99d,V_02_02,S02@display=downscale_720p
V_02_02,V_02_02,98971757-e9e2-42fe-814a-aceb68d0b457,A_02_04,S02@display=downscale_720p
V_02_02,A_02_04,27cd9dc7-b01c-4d06-92fb-54e970ec0db8,V_02_02,S02@display=downscale_720p
V_02_02,A_02_04,426e4e11-dbc4-47c8-a89b-2ed4d3cb597e,V_02_02,S02@display=downscale_720p
V_02_02,V_02_02,9665df29-fa2e-440a-a9a9-a4c18ef4978d,A_02_04,S02@display=downscale_720p
V_02_02,A_02_04,ae82db8e-ad66-44e4-8c16-5524b81e5f7d,V_02_02,S02@display=downscale_720p
V_02_02,V_02_02,98203f1f-c6d3-403d-9d99-70f5da85f8fc,A_02_04,S02@display=downscale_720p
V_02_02,A_02_04,8eaecae3-3fc9-4fc6-a052-030c62bf6857,V_02_02,S02@display=downscale_720p
V_02_02,V_02_02,bea238eb-159d-4a59-9d74-424eccd638f5,A_02_04,S02@display=downscale_720p
V_02_03,A_02_04,bea238eb-159d-4a59-9d74-424eccd638f5,V_02_03,S03@display=downscale_720p
V_02_03,V_02_03,bea238eb-159d-4a59-9d74-424eccd638f5,A_02_04,S03@display=downscale_720p
V_02_03,A_02_04,e60d84f2-2aee-4ebc-b826-de0023409038,V_02_03,S03@display=downscale_720p
V_02_03,V_02_03,6b1f5794-952c-4cdb-a62e-57821a762323,A_02_04,S03@display=downscale_720p
V_02_03,V_02_03,922eae9f-c310-4e42-9bdf-1ef20d56fa69,A_02_04,S03@display=downscale_720p
V_02_03,V_02_03,d58730de-d9a3-467b-a170-d950379137e0,A_02_04,S03@display=downscale_720p
V_02_03,V_02_03,d58730de-d9a3-467b-a170-d950379137e0,A_02_04,S03@display=downscale_720p
V_02_03,V_02_03,e0aea472-6a76-436e-af71-745b71b97d28,A_02_04,S03@display=downscale_720p
V_02_03,V_02_03,b07727d6-9c7b-4391-9d1a-666a899757d3,A_02_04,S03@display=downscale_720p
V_02_03,V_02_03,9be95918-d2cc-4c83-af87-146d182978cd,A_02_04,S03@display=downscale_720p
,V_02_03,608abca1-3549-4bc8-b231-cc8e7ed70f9c,V_02_02,S02@display=downscale_720p
V_02_02,V_02_03,7251bcce-8b41-43fd-a3cd-c4d607673836,V_02_02,S02@display=downscale_720p
,V_02_02,b25458da-c4eb-46ab-9e42-d7e131830f03,V_02_03,S02@display=downscale_720p
V_02_02,V_02_03,170fef03-2ff4-4fec-a2ed-4c5bfc51eb91,V_02_02,S02@display=downscale_720p
,V_02_02,ef905607-4579-46f1-a6bc-3719b1ba5b41,V_02_03,S02@display=downscale_720p
,V_02_03,83dddf0d-d057-46ab-83f8-1230060b2406,V_02_02,S02@display=downscale_720p
V_02_02,V_02_02,e60d84f2-2aee-4ebc-b826-de0023409038,V_02_03,S02@display=downscale_720p
,V_02_02,339d31df-b966-4fe0-9476-345fd01047d6,V_02_03,S02@display=downscale_720p
V_02_02,V_02_02,01875a85-7fc2-42c9-bc76-a479aaca875d,V_02_03,S02@display=downscale_720p
V_02_02,V_02_03,8a9de4c5-2dbc-4b75-ae02-58764c36624b,V_02_02,S02@display=downscale_720p
H_02_03,H_02_04,bea238eb-159d-4a59-9d74-424eccd638f5,H_02_03,S02@display=downscale_720p
H_02_03,H_02_04,0ebdb769-cc7c-46f5-b8c2-8605a1702166,H_02_03,S02@display=downscale_720p
,H_02_04,0ebdb769-cc7c-46f5-b8c2-8605a1702166,H_02_03,S02@display=downscale_720p
H_02_04,H_02_04,e825d820-c3bb-499b-aee5-154357792165,H_02_03,S02@display=downscale_720p
H_02_03,H_02_04,f72f6f7e-92da-479f-bf84-994c786eabbc,H_02_03,S02@display=downscale_720p
H_02_03,H_02_03,5734e3e6-e0a5-4b44-8de2-4b2fcce5269b,H_02_04,S02@display=downscale_720p
H_02_03,H_02_03,d58730de-d9a3-467b-a170-d950379137e0,H_02_04,S02@display=downscale_720p
,H_02_04,7d7598af-d24b-4910-a0cf-05c581484b33,H_02_03,S02@display=downscale_720p
,H_02_04,88bd9602-0f35-402e-bdcb-18a5a6bb13a6,H_02_03,S02@display=downscale_720p
H_02_03,H_02_03,2e452f06-e57a-4cce-ae94-a79dee6fb135,H_02_04,S02@display=downscale_720p
H_02_02,A_02_03,bea238eb-159d-4a59-9d74-424eccd638f5,H_02_02,S05@display=downscale_720p
,A_02_03,7d7598af-d24b-4910-a0cf-05c581484b33,H_02_02,S05@display=downscale_720p
,H_02_02,7d7598af-d24b-4910-a0cf-05c581484b33,A_02_03,S05@display=downscale_720p
,A_02_03,9fbf276e-262a-4284-9bfc-749dd388ea9f,H_02_02,S05@display=downscale_720p
,H_02_02,083505b0-b61d-4214-beb0-3bfe37faabc2,A_02_03,S05@display=downscale_720p
,H_02_02,680f4aba-3dc8-4922-ae93-63d99a0ebf97,A_02_03,S05@display=downscale_720p
,A_02_03,6ecdc2df-e4f9-4e4f-a3f0-732cb4547402,H_02_02,S05@display=downscale_720p
H_02_02,H_02_02,2e452f06-e57a-4cce-ae94-a79dee6fb135,A_02_03,S05@display=downscale_720p
H_02_02,H_02_02,b5e82897-f57b-4598-878a-ac98805f3380,A_02_03,S05@display=downscale_720p
,A_02_03,20600ddb-ae79-42e6-a52c-223126a1de4a,H_02_02,S05@display=downscale_720p
,V_02_04,484e5cb8-bd83-47db-aab1-b20bf1c2220a,H_02_03,S06@display=downscale_720p
,H_02_03,5593af0d-6ec8-4fcb-a4ce-139ec78d0c79,V_02_04,S06@display=downscale_720p
H_02_03,V_02_04,d5a3e1ad-00e0-427b-8a71-63e7537a7fee,H_02_03,S06@display=downscale_720p
,H_02_03,2f93cad8-9ae0-4376-addf-561fefab1698,V_02_04,S06@display=downscale_720p
,V_02_04,502764dd-9b73-4188-a1bc-05b4db17df5e,H_02_03,S06@display=downscale_720p
H_02_03,V_02_04,d58730de-d9a3-467b-a170-d950379137e0,H_02_03,S06@display=downscale_720p
H_02_03,V_02_04,13f7f2a8-6a09-4d94-bb8e-9be167d14f2d,H_02_03,S06@display=downscale_720p
H_02_03,V_02_04,d8c1bc80-412f-4d47-99ac-13139f531c78,H_02_03,S06@display=downscale_720p
V_02_04,H_02_03,bd61cb3b-94be-482f-9e92-a1427be48716,V_02_04,S06@display=downscale_720p
,V_02_04,13f85313-63e6-4282-b060-dfe31548b4c6,H_02_03,S06@display=downscale_720p
,V_02_03,484e5cb8-bd83-47db-aab1-b20bf1c2220a,H_02_03,S07@display=downscale_720p
V_02_03,V_02_03,3ccc137a-9b89-4aa1-a322-fad70c96728f,H_02_03,S07@display=downscale_720p
V_02_03,H_02_03,43a0744c-2730-413c-b61e-fad1bee96e86,V_02_03,S07@display=downscale_720p
V_02_03,H_02_03,761f7f33-fc3c-4f59-b330-bca279f047c2,V_02_03,S07@display=downscale_720p
V_02_03,H_02_03,51a35fe7-a903-4d22-8f32-7faf7650eb7d,V_02_03,S07@display=downscale_720p
V_02_03,H_02_03,8b7d1b07-fa23-4ea3-ad4b-4c5c6a88b4bf,V_02_03,S07@display=downscale_720p
,V_02_03,26d220af-11a8-4f0d-998b-d8c960f138c3,H_02_03,S07@display=downscale_720p
,H_02_03,7d7598af-d24b-4910-a0cf-05c581484b33,V_02_03,S07@display=downscale_720p
V_02_03,H_02_03,5329ca54-b463-476d-98a4-53414bc4a500,V_02_03,S07@display=downscale_720p
V_02_03,H_02_03,0109c2b8-15a3-47c4-9342-2b215a321563,V_02_03,S07@display=downscale_720p
,H_02_03,1582dfd4-f742-4587-ac2a-753732307228,A_02_03,S10@display=downscale_720p
,H_02_03,c7b79199-ca4b-4048-a7d5-4401ff5a49bc,A_02_03,S10@display=downscale_720p
,A_02_03,484e5cb8-bd83-47db-aab1-b20bf1c2220a,H_02_03,S10@display=downscale_720p
H_02_03,H_02_03,64fe5ebd-0cad-4bce-ba94-faced0b4549c,A_02_03,S10@display=downscale_720p
A_02_03,A_02_03,2a07eafe-3803-457d-b135-e86b890f7b89,H_02_03,S10@display=downscale_720p
H_02_03,A_02_03,e8de3de9-8362-4b05-a27d-013607dbd77d,H_02_03,S10@display=downscale_720p
H_02_03,H_02_03,3ccc137a-9b89-4aa1-a322-fad70c96728f,A_02_03,S10@display=downscale_720p
,H_02_03,0cda7244-81af-4c2f-820e-d609b1bdf00b,A_02_03,S10@display=downscale_720p
,H_02_03,c7b79199-ca4b-4048-a7d5-4401ff5a49bc,A_02_03,S10@display=downscale_720p
,H_02_03,484e5cb8-bd83-47db-aab1-b20bf1c2220a,A_02_03,S10@display=downscale_720p
H_02_03,H_02_03,c7b79199-ca4b-4048-a7d5-4401ff5a49bc,A_02_03,S01@display=downscale_720p
H_02_03,A_02_03,743fb9c3-fb20-4bfc-9b7d-677888efc14f,H_02_03,S01@display=downscale_720p
H_02_03,H_02_03,8a72bcc5-3880-4a37-8853-095e4167b90f,A_02_03,S01@display=downscale_720p
,H_02_03,484e5cb8-bd83-47db-aab1-b20bf1c2220a,A_02_03,S01@display=downscale_720p
H_02_03,H_02_03,2c6915d3-251a-4678-949c-70a2c049d32e,A_02_03,S01@display=downscale_720p
A_02_03,A_02_03,d992b125-40c1-4357-872b-73274cb051cd,H_02_03,S01@display=downscale_720p
,A_02_03,43a0744c-2730-413c-b61e-fad1bee96e86,H_02_03,S01@display=downscale_720p
H_02_03,H_02_03,d3903be9-8ce8-4b11-a521-e2a87f632230,A_02_03,S01@display=downscale_720p
A_02_03,H_02_03,7e901616-a1c1-4a92-a41b-d9c5260d418b,A_02_03,S01@display=downscale_720p
H_02_03,A_02_03,974e8a16-3e5b-4c18-84d6-ca526197aadf,H_02_03,S01@display=downscale_720p
,H_02_02,484e5cb8-bd83-47db-aab1-b20bf1c2220a,A_02_04,S08@display=downscale_720p
H_02_02,A_02_04,8a72bcc5-3880-4a37-8853-095e4167b90f,H_02_02,S08@display=downscale_720p
H_02_02,A_02_04,52cd66b3-60f3-4a27-a419-19d8a2f7d970,H_02_02,S08@display=downscale_720p
H_02_02,A_02_04,a091e662-a14d-4153-92ca-d5583400ef5c,H_02_02,S08@display=downscale_720p
H_02_02,A_02_04,761f7f33-fc3c-4f59-b330-bca279f047c2,H_02_02,S08@display=downscale_720p
H_02_02,A_02_04,1bed0d6b-18bf-4745-a1ca-2988ec430d28,H_02_02,S08@display=downscale_720p
H_02_02,A_02_04,980d2d8b-ef14-4422-9c2e-7fe3cf484d55,H_02_02,S08@display=downscale_720p
H_02_02,H_02_02,7e165902-842d-414b-8140-1eda62ac6084,A_02_04,S08@display=downscale_720p
H_02_02,A_02_04,bd61cb3b-94be-482f-9e92-a1427be48716,H_02_02,S08@display=downscale_720p
H_02_02,H_02_02,13f85313-63e6-4282-b060-dfe31548b4c6,A_02_04,S08@display=downscale_720p
,V_02_02,4907a83e-7fbc-43f4-b2e8-6af4eac64a3f,A_02_02,S01@display=downscale_720p
,V_02_02,594b1c05-64c5-4ff7-8e8b-0daef3f5459b,A_02_02,S01@display=downscale_720p
V_02_02,V_02_02,44ac3dfc-6041-4861-9d1b-af779ae48494,A_02_02,S01@display=downscale_720p
,V_02_02,8a72bcc5-3880-4a37-8853-095e4167b90f,A_02_02,S01@display=downscale_720p
A_02_02,A_02_02,91c3b79f-9c12-40b8-bf7f-b956a2497abd,V_02_02,S01@display=downscale_720p
,A_02_02,170fef03-2ff4-4fec-a2ed-4c5bfc51eb91,V_02_02,S01@display=downscale_720p
V_02_02,A_02_02,72bc99d8-23d4-4efb-910c-e9cdffa54eb3,V_02_02,S01@display=downscale_720p
,A_02_02,c7b79199-ca4b-4048-a7d5-4401ff5a49bc,V_02_02,S01@display=downscale_720p
,V_02_02,484e5cb8-bd83-47db-aab1-b20bf1c2220a,A_02_02,S01@display=downscale_720p
,V_02_02,c3d7d009-3f82-4637-b24f-2e1c2bc0a929,A_02_02,S01@display=downscale_720p
,A_02_02,484e5cb8-bd83-47db-aab1-b20bf1c2220a,V_02_04,S03@display=downscale_720p
,A_02_02,8a72bcc5-3880-4a37-8853-095e4167b90f,V_02_04,S03@display=downscale_720p
A_02_02,A_02_02,ef905607-4579-46f1-a6bc-3719b1ba5b41,V_02_04,S03@display=downscale_720p
V_02_04,A_02_02,a7eb9214-b39a-464b-8e2f-4ff64859fffa,V_02_04,S03@display=downscale_720p
A_02_02,V_02_04,5734e3e6-e0a5-4b44-8de2-4b2fcce5269b,A_02_02,S03@display=downscale_720p
A_02_02,A_02_02,09d84466-5124-4f82-89a6-15b1d61ec65d,V_02_04,S03@display=downscale_720p
A_02_02,V_02_04,1a51a237-f04f-4c38-b86d-1727d52b2fde,A_02_02,S03@display=downscale_720p
V_02_04,A_02_02,8e874a12-9537-4451-ae74-e21020a5ea6f,V_02_04,S03@display=downscale_720p
A_02_02,V_02_04,5329ca54-b463-476d-98a4-53414bc4a500,A_02_02,S03@display=downscale_720p
A_02_02,V_02_04,0013934b-6ac8-4c15-bf9a-11d47de14730,A_02_02,S03@display=downscale_720p
,A_02_02,38228acf-0b11-4591-a4de-d4b59e3e304d,V_02_04,S08@display=downscale_720p
,A_02_02,72bc99d8-23d4-4efb-910c-e9cdffa54eb3,V_02_04,S08@display=downscale_720p
A_02_02,A_02_02,4b6c9fed-8e80-472a-88d2-0649b5334c5c,V_02_04,S08@display=downscale_720p
V_02_04,V_02_04,1c4b9d4d-f46e-4dc3-9c7a-8f2ab1caee74,A_02_02,S08@display=downscale_720p
A_02_02,V_02_04,2a07eafe-3803-457d-b135-e86b890f7b89,A_02_02,S08@display=downscale_720p
A_02_02,A_02_02,72bc99d8-23d4-4efb-910c-e9cdffa54eb3,V_02_04,S08@display=downscale_720p
,V_02_04,eaf6213a-31c3-420d-aa0f-3eef29d04ce7,A_02_02,S08@display=downscale_720p
A_02_02,A_02_02,72bc99d8-23d4-4efb-910c-e9cdffa54eb3,V_02_04,S08@display=downscale_720p
,V_02_04,4b48e5e8-e693-4fe9-ba01-b22cb81aa8bd,A_02_02,S08@display=downscale_720p
A_02_02,V_02_04,2a07eafe-3803-457d-b135-e86b890f7b89,A_02_02,S08@display=downscale_720p
H_02_03,V_02_02,2d131ab7-9c85-477a-92bc-f6c217eac087,H_02_03,S04@display=downscale_720p
,V_02_02,8036ce10-4126-4b7f-b1cf-b14b3d4a7cdf,H_02_03,S04@display=downscale_720p
H_02_03,H_02_03,6d73ea9c-7cf0-4569-a699-0205c8a2f979,V_02_02,S04@display=downscale_720p
V_02_02,H_02_03,72bc99d8-23d4-4efb-910c-e9cdffa54eb3,V_02_02,S04@display=downscale_720p
V_02_02,V_02_02,2a07eafe-3803-457d-b135-e86b890f7b89,H_02_03,S04@display=downscale_720p
,V_02_02,426e4e11-dbc4-47c8-a89b-2ed4d3cb597e,H_02_03,S04@display=downscale_720p
,V_02_02,b56e44ae-c42b-4536-a130-309b99e17463,H_02_03,S04@display=downscale_720p
V_02_02,V_02_02,828d829d-512a-4295-8c94-5dca353c3dc8,H_02_03,S04@display=downscale_720p
,V_02_02,8eaecae3-3fc9-4fc6-a052-030c62bf6857,H_02_03,S04@display=downscale_720p
,V_02_02,2367618d-fdb1-4a3c-98cf-155b1b95c446,H_02_03,S04@display=downscale_720p
A_02_03,A_02_03,0a6a5263-b23a-48c5-a601-65dfaae5d379,A_02_04,S10@display=downscale_720p
A_02_03,A_02_04,eaf6213a-31c3-420d-aa0f-3eef29d04ce7,A_02_03,S10@display=downscale_720p
A_02_03,A_02_04,8b7d1b07-fa23-4ea3-ad4b-4c5c6a88b4bf,A_02_03,S10@display=downscale_720p
A_02_03,A_02_03,481fc790-08ca-4e9d-8116-15f4a558cfb6,A_02_04,S10@display=downscale_720p
A_02_03,A_02_03,72bc99d8-23d4-4efb-910c-e9cdffa54eb3,A_02_04,S10@display=downscale_720p
A_02_03,A_02_04,e5326dba-7341-4b2b-97c2-e58d2675a729,A_02_03,S10@display=downscale_720p
A_02_03,A_02_03,c43f1678-a2c6-4fff-8d65-fe718af03082,A_02_04,S10@display=downscale_720p
A_02_03,A_02_03,e7e4071d-f48b-47d8-a283-038e723dd91f,A_02_04,S10@display=downscale_720p
A_02_03,A_02_03,a1177765-5f3b-4328-a6b1-66550d59f893,A_02_04,S10@display=downscale_720p
A_02_03,A_02_04,1bed0d6b-18bf-4745-a1ca-2988ec430d28,A_02_03,S10@display=downscale_720p
V_02_02,V_02_02,2d131ab7-9c85-477a-92bc-f6c217eac087,V_02_03,S01@display=downscale_720p
V_02_03,V_02_02,8c992adc-55ca-42a8-9b22-2ef3064a339f,V_02_03,S01@display=downscale_720p
V_02_03,V_02_02,72bc99d8-23d4-4efb-910c-e9cdffa54eb3,V_02_03,S01@display=downscale_720p
V_02_02,V_02_02,170fef03-2ff4-4fec-a2ed-4c5bfc51eb91,V_02_03,S01@display=downscale_720p
V_02_03,V_02_03,2d131ab7-9c85-477a-92bc-f6c217eac087,V_02_02,S01@display=downscale_720p
,V_02_02,0205dc10-1d6c-45fa-b168-78edc9551986,V_02_03,S01@display=downscale_720p
,V_02_03,83dddf0d-d057-46ab-83f8-1230060b2406,V_02_02,S01@display=downscale_720p
V_02_02,V_02_02,8eaecae3-3fc9-4fc6-a052-030c62bf6857,V_02_03,S01@display=downscale_720p
V_02_02,V_02_02,1be9beb4-1d95-4e4a-9e56-cf91c910b288,V_02_03,S01@display=downscale_720p
V_02_02,V_02_03,5090c893-550b-48a3-92b2-9e86edda08cf,V_02_02,S01@display=downscale_720p
,H_02_04,71b0eb8c-7f7c-494f-a027-93ab652b5055,A_02_03,S06@display=downscale_720p
,A_02_03,43a0744c-2730-413c-b61e-fad1bee96e86,H_02_04,S06@display=downscale_720p
,H_02_04,c43f1678-a2c6-4fff-8d65-fe718af03082,A_02_03,S06@display=downscale_720p
A_02_03,H_02_04,1c4b9d4d-f46e-4dc3-9c7a-8f2ab1caee74,A_02_03,S06@display=downscale_720p
H_02_04,H_02_04,72bc99d8-23d4-4efb-910c-e9cdffa54eb3,A_02_03,S06@display=downscale_720p
A_02_03,A_02_03,eb125c1e-a605-455a-a8b3-ebda76836e01,H_02_04,S06@display=downscale_720p
,A_02_03,046725dd-5a21-4668-8e86-9a7db790b6d3,H_02_04,S06@display=downscale_720p
,H_02_04,19e0b29c-66ef-4d8c-80ed-6074f0b98785,A_02_03,S06@display=downscale_720p
,A_02_03,189f6251-48c7-43b3-ae82-67fbae2af4a9,H_02_04,S06@display=downscale_720p
,H_02_04,43a0744c-2730-413c-b61e-fad1bee96e86,A_02_03,S06@display=downscale_720p
,V_02_02,d58730de-d9a3-467b-a170-d950379137e0,A_02_03,S04@display=downscale_720p
V_02_02,V_02_02,6d73ea9c-7cf0-4569-a699-0205c8a2f979,A_02_03,S04@display=downscale_720p
,A_02_03,adc43c16-328a-4b3e-831e-15a1a5347760,V_02_02,S04@display=downscale_720p
V_02_02,A_02_03,437acdfb-e2ed-4f2d-9658-c8bc9d813f97,V_02_02,S04@display=downscale_720p
,V_02_02,34a267ad-eeec-427e-8ab9-7f641b7a7274,A_02_03,S04@display=downscale_720p
A_02_03,A_02_03,bc676637-46a5-4073-9412-e0ed07e20264,V_02_02,S04@display=downscale_720p
,V_02_02,d88d958b-0585-460a-b9f4-fe48042f9bba,A_02_03,S04@display=downscale_720p
A_02_03,A_02_03,9b4e07f4-30f0-40aa-bef3-c500883f88ed,V_02_02,S04@display=downscale_720p
V_02_02,A_02_03,2a07eafe-3803-457d-b135-e86b890f7b89,V_02_02,S04@display=downscale_720p
,A_02_03,2a07eafe-3803-457d-b135-e86b890f7b89,V_02_02,S04@display=downscale_720p
H_02_03,H_02_03,2e452f06-e57a-4cce-ae94-a79dee6fb135,V_02_04,S02@display=downscale_720p
H_02_03,V_02_04,9e13a5f5-a844-4599-96fa-55244db6b99d,H_02_03,S02@display=downscale_720p
,V_02_04,c43f1678-a2c6-4fff-8d65-fe718af03082,H_02_03,S02@display=downscale_720p
H_02_03,V_02_04,9e13a5f5-a844-4599-96fa-55244db6b99d,H_02_03,S02@display=downscale_720p
H_02_03,H_02_03,44703767-9d83-49e1-b8e4-f669f82afd6d,V_02_04,S02@display=downscale_720p
H_02_03,V_02_04,aef82c2c-eb41-49fb-bef6-d4277260d485,H_02_03,S02@display=downscale_720p
H_02_03,V_02_04,e60d84f2-2aee-4ebc-b826-de0023409038,H_02_03,S02@display=downscale_720p
H_02_03,H_02_03,170fef03-2ff4-4fec-a2ed-4c5bfc51eb91,V_02_04,S02@display=downscale_720p
H_02_03,V_02_04,44ac3dfc-6041-4861-9d1b-af779ae48494,H_02_03,S02@display=downscale_720p
V_02_04,H_02_03,72bc99d8-23d4-4efb-910c-e9cdffa54eb3,V_02_04,S02@display=downscale_720p
H_02_04,A_02_04,98203f1f-c6d3-403d-9d99-70f5da85f8fc,H_02_04,S09@display=downscale_720p
H_02_04,H_02_04,43a0744c-2730-413c-b61e-fad1bee96e86,A_02_04,S09@display=downscale_720p
H_02_04,A_02_04,09fca754-3a74-4d16-a08c-84ed6efe8882,H_02_04,S09@display=downscale_720p
H_02_04,H_02_04,8836da4b-10ef-48fb-9188-2006730f59bd,A_02_04,S09@display=downscale_720p
H_02_04,H_02_04,8eaecae3-3fc9-4fc6-a052-030c62bf6857,A_02_04,S09@display=downscale_720p
H_02_04,H_02_04,5c17d573-7890-4777-af93-210e73e46398,A_02_04,S09@display=downscale_720p
H_02_04,A_02_04,72bc99d8-23d4-4efb-910c-e9cdffa54eb3,H_02_04,S09@display=downscale_720p
H_02_04,H_02_04,7e901616-a1c1-4a92-a41b-d9c5260d418b,A_02_04,S09@display=downscale_720p
H_02_04,A_02_04,5c17d573-7890-4777-af93-210e73e46398,H_02_04,S09@display=downscale_720p
H_02_04,H_02_04,43a0744c-2730-413c-b61e-fad1bee96e86,A_02_04,S09@display=downscale_720p
A_02_02,A_02_02,72bc99d8-23d4-4efb-910c-e9cdffa54eb3,V_02_02,S10@display=downscale_720p
,V_02_02,1e9459c7-0170-403b-b70f-4792709f9532,A_02_02,S10@display=downscale_720p
,A_02_02,b07727d6-9c7b-4391-9d1a-666a899757d3,V_02_02,S10@display=downscale_720p
,A_02_02,bf4179ae-5935-4a01-98ae-8da103f321f8,V_02_02,S10@display=downscale_720p
,A_02_02,64fe5ebd-0cad-4bce-ba94-faced0b4549c,V_02_02,S10@display=downscale_720p
V_02_02,V_02_02,e60d84f2-2aee-4ebc-b826-de0023409038,A_02_02,S10@display=downscale_720p
A_02_02,A_02_02,5556a090-c5a7-47af-83bd-1c45856677ee,V_02_02,S10@display=downscale_720p
,V_02_02,8eaecae3-3fc9-4fc6-a052-030c62bf6857,A_02_02,S10@display=downscale_720p
V_02_02,V_02_02,c84c2a2f-79f6-47e4-9a0b-cc64a972c90c,A_02_02,S10@display=downscale_720p
V_02_02,V_02_02,1c4b9d4d-f46e-4dc3-9c7a-8f2ab1caee74,A_02_02,S10@display=downscale_720p
A_02_02,V_02_02,74bbeddc-30ff-4d2d-848d-44caff6cebd6,A_02_02,S04@display=downscale_720p
A_02_02,V_02_02,2c1902c1-ab14-442e-a7de-add5b8bd7698,A_02_02,S04@display=downscale_720p
V_02_02,A_02_02,7e901616-a1c1-4a92-a41b-d9c5260d418b,V_02_02,S04@display=downscale_720p
V_02_02,V_02_02,d4fa8977-efa8-4950-af7c-819ed2da8d69,A_02_02,S04@display=downscale_720p
A_02_02,A_02_02,e8de3de9-8362-4b05-a27d-013607dbd77d,V_02_02,S04@display=downscale_720p
,V_02_02,0440241e-020c-45e1-972b-d12ee557f199,A_02_02,S04@display=downscale_720p
A_02_02,A_02_02,9b4e07f4-30f0-40aa-bef3-c500883f88ed,V_02_02,S04@display=downscale_720p
A_02_02,V_02_02,7e901616-a1c1-4a92-a41b-d9c5260d418b,A_02_02,S04@display=downscale_720p
A_02_02,A_02_02,4b6c9fed-8e80-472a-88d2-0649b5334c5c,V_02_02,S04@display=downscale_720p
,A_02_02,07f9db17-abf6-4851-aae4-4d4587c50bfa,V_02_02,S04@display=downscale_720p
V_02_02,V_02_02,c84c2a2f-79f6-47e4-9a0b-cc64a972c90c,A_02_03,S02@display=downscale_720p
,A_02_03,0a6a5263-b23a-48c5-a601-65dfaae5d379,V_02_02,S02@display=downscale_720p
,A_02_03,501e8cf2-7ae2-4e2a-a7f6-84d5b2d3a2b8,V_02_02,S02@display=downscale_720p
V_02_02,V_02_02,e8de3de9-8362-4b05-a27d-013607dbd77d,A_02_03,S02@display=downscale_720p
,V_02_02,0a6a5263-b23a-48c5-a601-65dfaae5d379,A_02_03,S02@display=downscale_720p
V_02_02,V_02_02,d4fa8977-efa8-4950-af7c-819ed2da8d69,A_02_03,S02@display=downscale_720p
V_02_02,A_02_03,59a8887a-b235-42c1-b76d-0d5b64e71be1,V_02_02,S02@display=downscale_720p
V_02_02,V_02_02,9f21e38d-82ad-4392-b35b-5ec4261b59eb,A_02_03,S02@display=downscale_720p
,V_02_02,e0abaf0d-4bcb-4565-ba4f-7fa059423579,A_02_03,S02@display=downscale_720p
V_02_02,V_02_02,50c199f7-d5da-4378-986a-a6a50ecfb09e,A_02_03,S02@display=downscale_720p
A_02_02,A_02_02,437acdfb-e2ed-4f2d-9658-c8bc9d813f97,H_02_04,S08@display=downscale_720p
A_02_02,H_02_04,4b6c9fed-8e80-472a-88d2-0649b5334c5c,A_02_02,S08@display=downscale_720p
A_02_02,A_02_02,c5289fb2-7a0f-4b10-9229-e84bbc071295,H_02_04,S08@display=downscale_720p
A_02_02,H_02_04,015d8816-e9dc-4727-ab87-e4f24ac190f9,A_02_02,S08@display=downscale_720p
A_02_02,H_02_04,437acdfb-e2ed-4f2d-9658-c8bc9d813f97,A_02_02,S08@display=downscale_720p
A_02_02,H_02_04,44ac3dfc-6041-4861-9d1b-af779ae48494,A_02_02,S08@display=downscale_720p
A_02_02,A_02_02,14bb97de-dd82-4fb2-ad70-1abfe83f218c,H_02_04,S08@display=downscale_720p
A_02_02,H_02_04,6161454d-6a46-4906-be6b-5d3735059074,A_02_02,S08@display=downscale_720p
A_02_02,H_02_04,1c8f9feb-b5fe-4096-9cf9-99f9cd1ea29a,A_02_02,S08@display=downscale_720p
A_02_02,A_02_02,1c8f9feb-b5fe-4096-9cf9-99f9cd1ea29a,H_02_04,S08@display=downscale_720p
,H_02_04,481fc790-08ca-4e9d-8116-15f4a558cfb6,V_02_03,S01@display=downscale_720p
V_02_03,H_02_04,d4fa8977-efa8-4950-af7c-819ed2da8d69,V_02_03,S01@display=downscale_720p
,H_02_04,9c112c43-7cfd-41cf-97da-abb223fde74c,V_02_03,S01@display=downscale_720p
V_02_03,H_02_04,594b1c05-64c5-4ff7-8e8b-0daef3f5459b,V_02_03,S01@display=downscale_720p
V_02_03,V_02_03,7cc0e90f-44e9-46f4-b761-9bc69c7efd55,H_02_04,S01@display=downscale_720p
,H_02_04,9c112c43-7cfd-41cf-97da-abb223fde74c,V_02_03,S01@display=downscale_720p
V_02_03,H_02_04,9b4e07f4-30f0-40aa-bef3-c500883f88ed,V_02_03,S01@display=downscale_720p
V_02_03,V_02_03,dffbbf73-3719-4c35-bf8a-a42f10289d9b,H_02_04,S01@display=downscale_720p
V_02_03,H_02_04,57e17081-4a43-4410-a8b7-c6bf75e52b46,V_02_03,S01@display=downscale_720p
V_02_03,V_02_03,9b4e07f4-30f0-40aa-bef3-c500883f88ed,H_02_04,S01@display=downscale_720p
V_02_03,V_02_03,7cc0e90f-44e9-46f4-b761-9bc69c7efd55,V_02_04,S08@display=downscale_720p
,V_02_04,0a6a5263-b23a-48c5-a601-65dfaae5d379,V_02_03,S08@display=downscale_720p
,V_02_04,eaf6213a-31c3-420d-aa0f-3eef29d04ce7,V_02_03,S08@display=downscale_720p
V_02_04,V_02_04,49329bef-9731-4b25-8045-afc3ffa143bd,V_02_03,S08@display=downscale_720p
,V_02_03,57e17081-4a43-4410-a8b7-c6bf75e52b46,V_02_04,S08@display=downscale_720p
V_02_03,V_02_03,b3c54082-61e2-4aa7-8bc0-f758410059bf,V_02_04,S08@display=downscale_720p
,V_02_03,1e9459c7-0170-403b-b70f-4792709f9532,V_02_04,S08@display=downscale_720p
,V_02_04,0118bd93-5520-4343-a2ad-629d427fd0ea,V_02_03,S08@display=downscale_720p
,V_02_04,53ac50fa-a11c-4fb9-8d05-24625226e038,V_02_03,S08@display=downscale_720p
V_02_03,V_02_04,6669cc1e-0fe8-464b-a75c-6409791ea24c,V_02_03,S08@display=downscale_720p
V_02_04,V_02_04,d4fa8977-efa8-4950-af7c-819ed2da8d69,A_02_04,S02@display=downscale_720p
V_02_04,V_02_04,c84c2a2f-79f6-47e4-9a0b-cc64a972c90c,A_02_04,S02@display=downscale_720p
V_02_04,V_02_04,6161454d-6a46-4906-be6b-5d3735059074,A_02_04,S02@display=downscale_720p
V_02_04,A_02_04,f72f6f7e-92da-479f-bf84-994c786eabbc,V_02_04,S02@display=downscale_720p
V_02_04,A_02_04,ae82db8e-ad66-44e4-8c16-5524b81e5f7d,V_02_04,S02@display=downscale_720p
V_02_04,A_02_04,44703767-9d83-49e1-b8e4-f669f82afd6d,V_02_04,S02@display=downscale_720p
V_02_04,V_02_04,1be9beb4-1d95-4e4a-9e56-cf91c910b288,A_02_04,S02@display=downscale_720p
V_02_04,A_02_04,4b48e5e8-e693-4fe9-ba01-b22cb81aa8bd,V_02_04,S02@display=downscale_720p
V_02_04,A_02_04,34a267ad-eeec-427e-8ab9-7f641b7a7274,V_02_04,S02@display=downscale_720p
,A_02_04,b07727d6-9c7b-4391-9d1a-666a899757d3,V_02_04,S02@display=downscale_720p
,H_02_03,bf4179ae-5935-4a01-98ae-8da103f321f8,A_02_02,S09@display=downscale_720p
,A_02_02,437acdfb-e2ed-4f2d-9658-c8bc9d813f97,H_02_03,S09@display=downscale_720p
,A_02_02,53ac50fa-a11c-4fb9-8d05-24625226e038,H_02_03,S09@display=downscale_720p
A_02_02,H_02_03,49329bef-9731-4b25-8045-afc3ffa143bd,A_02_02,S09@display=downscale_720p
,H_02_03,99565672-59b6-49ae-86c8-b67caabad734,A_02_02,S09@display=downscale_720p
,A_02_02,7d7598af-d24b-4910-a0cf-05c581484b33,H_02_03,S09@display=downscale_720p
H_02_03,A_02_02,b3c54082-61e2-4aa7-8bc0-f758410059bf,H_02_03,S09@display=downscale_720p
A_02_02,H_02_03,7597850a-f1d3-42d6-ab3b-b865d992b156,A_02_02,S09@display=downscale_720p
A_02_02,H_02_03,6783cb20-9421-4e68-b959-e26e561aec04,A_02_02,S09@display=downscale_720p
A_02_02,A_02_02,d4fa8977-efa8-4950-af7c-819ed2da8d69,H_02_03,S09@display=downscale_720p
V_02_03,H_02_04,59a8887a-b235-42c1-b76d-0d5b64e71be1,V_02_03,S04@display=downscale_720p
,V_02_03,7f538841-5634-40d2-984b-d2b9a8f3de37,H_02_04,S04@display=downscale_720p
V_02_03,V_02_03,4b6c9fed-8e80-472a-88d2-0649b5334c5c,H_02_04,S04@display=downscale_720p
V_02_03,V_02_03,0a6a5263-b23a-48c5-a601-65dfaae5d379,H_02_04,S04@display=downscale_720p
V_02_03,H_02_04,d88d958b-0585-460a-b9f4-fe48042f9bba,V_02_03,S04@display=downscale_720p
H_02_04,H_02_04,50c199f7-d5da-4378-986a-a6a50ecfb09e,V_02_03,S04@display=downscale_720p
V_02_03,V_02_03,d4fa8977-efa8-4950-af7c-819ed2da8d69,H_02_04,S04@display=downscale_720p
V_02_03,V_02_03,9b4e07f4-30f0-40aa-bef3-c500883f88ed,H_02_04,S04@display=downscale_720p
V_02_03,H_02_04,baa0b08b-ae47-4b47-b071-353ef688372e,V_02_03,S04@display=downscale_720p
V_02_03,H_02_04,e8de3de9-8362-4b05-a27d-013607dbd77d,V_02_03,S04@display=downscale_720p
A_02_03,H_02_04,1c8f9feb-b5fe-4096-9cf9-99f9cd1ea29a,A_02_03,S03@display=downscale_720p
A_02_03,H_02_04,26d220af-11a8-4f0d-998b-d8c960f138c3,A_02_03,S03@display=downscale_720p
A_02_03,A_02_03,82796183-4736-4303-8371-7d113472cf41,H_02_04,S03@display=downscale_720p
A_02_03,A_02_03,c84c2a2f-79f6-47e4-9a0b-cc64a972c90c,H_02_04,S03@display=downscale_720p
A_02_03,H_02_04,49329bef-9731-4b25-8045-afc3ffa143bd,A_02_03,S03@display=downscale_720p
A_02_03,A_02_03,984224e9-ac5e-4c19-af2e-b6f9ff7e5d4f,H_02_04,S03@display=downscale_720p
A_02_03,H_02_04,c84c2a2f-79f6-47e4-9a0b-cc64a972c90c,A_02_03,S03@display=downscale_720p
A_02_03,A_02_03,984224e9-ac5e-4c19-af2e-b6f9ff7e5d4f,H_02_04,S03@display=downscale_720p
A_02_03,A_02_03,1c8f9feb-b5fe-4096-9cf9-99f9cd1ea29a,H_02_04,S03@display=downscale_720p
H_02_04,A_02_03,8e874a12-9537-4451-ae74-e21020a5ea6f,H_02_04,S03@display=downscale_720p
A_02_02,A_02_02,d4fa8977-efa8-4950-af7c-819ed2da8d69,H_02_04,S06@display=downscale_720p
A_02_02,A_02_02,4b6c9fed-8e80-472a-88d2-0649b5334c5c,H_02_04,S06@display=downscale_720p
A_02_02,H_02_04,4c1d6729-79d3-4539-ad31-bed60d1c7700,A_02_02,S06@display=downscale_720p
,H_02_04,8036ce10-4126-4b7f-b1cf-b14b3d4a7cdf,A_02_02,S06@display=downscale_720p
,A_02_02,2f93cad8-9ae0-4376-addf-561fefab1698,H_02_04,S06@display=downscale_720p
A_02_02,A_02_02,baa0b08b-ae47-4b47-b071-353ef688372e,H_02_04,S06@display=downscale_720p
,H_02_04,bf4179ae-5935-4a01-98ae-8da103f321f8,A_02_02,S06@display=downscale_720p
,H_02_04,5b9ca96e-edc8-405a-a9be-1287556f79d0,A_02_02,S06@display=downscale_720p
H_02_04,A_02_02,5329ca54-b463-476d-98a4-53414bc4a500,H_02_04,S06@display=downscale_720p
A_02_02,A_02_02,8c992adc-55ca-42a8-9b22-2ef3064a339f,H_02_04,S06@display=downscale_720p
,A_02_03,6669cc1e-0fe8-464b-a75c-6409791ea24c,V_02_03,S03@display=downscale_720p
V_02_03,V_02_03,1c8f9feb-b5fe-4096-9cf9-99f9cd1ea29a,A_02_03,S03@display=downscale_720p
,A_02_03,44703767-9d83-49e1-b8e4-f669f82afd6d,V_02_03,S03@display=downscale_720p
,V_02_03,83dddf0d-d057-46ab-83f8-1230060b2406,A_02_03,S03@display=downscale_720p
,V_02_03,e0aea472-6a76-436e-af71-745b71b97d28,A_02_03,S03@display=downscale_720p
V_02_03,A_02_03,fea02753-fd51-42ba-93e9-cfe01ef2e123,V_02_03,S03@display=downscale_720p
,A_02_03,eaf6213a-31c3-420d-aa0f-3eef29d04ce7,V_02_03,S03@display=downscale_720p
,A_02_03,aef51353-4d62-4bb2-868c-bc010215c291,V_02_03,S03@display=downscale_720p
A_02_03,A_02_03,d4fa8977-efa8-4950-af7c-819ed2da8d69,V_02_03,S03@display=downscale_720p
V_02_03,A_02_03,0013934b-6ac8-4c15-bf9a-11d47de14730,V_02_03,S03@display=downscale_720p
V_02_04,V_02_03,c91c3d61-3b89-42f7-a978-250341c8e50c,V_02_04,S10@display=downscale_720p
,V_02_03,d58730de-d9a3-467b-a170-d950379137e0,V_02_04,S10@display=downscale_720p
,V_02_04,0118bd93-5520-4343-a2ad-629d427fd0ea,V_02_03,S10@display=downscale_720p
V_02_04,V_02_03,1c8f9feb-b5fe-4096-9cf9-99f9cd1ea29a,V_02_04,S10@display=downscale_720p
V_02_03,V_02_04,5601f7fa-86bb-4b0a-9fc4-e7c3404e5f28,V_02_03,S10@display=downscale_720p
,V_02_04,8e874a12-9537-4451-ae74-e21020a5ea6f,V_02_03,S10@display=downscale_720p
V_02_03,V_02_03,49329bef-9731-4b25-8045-afc3ffa143bd,V_02_04,S10@display=downscale_720p
,V_02_04,5376bff7-8314-47b3-bf62-208e5cce0672,V_02_03,S10@display=downscale_720p
,V_02_03,64ee7c47-a880-4870-b90f-98b2cea3d108,V_02_04,S10@display=downscale_720p
,V_02_04,0118bd93-5520-4343-a2ad-629d427fd0ea,V_02_03,S10@display=downscale_720p
,V_02_03,0ebdb769-cc7c-46f5-b8c2-8605a1702166,V_02_02,S05@display=downscale_720p
,V_02_03,680f4aba-3dc8-4922-ae93-63d99a0ebf97,V_02_02,S05@display=downscale_720p
,V_02_03,88ddb813-f6c5-41a8-9f66-58d2aee5e014,V_02_02,S05@display=downscale_720p
,V_02_03,680f4aba-3dc8-4922-ae93-63d99a0ebf97,V_02_02,S05@display=downscale_720p
,V_02_02,c150215b-b234-4613-b32b-f7f1f02185ec,V_02_03,S05@display=downscale_720p
V_02_02,V_02_02,c887bdd6-0366-4272-b428-1218b105b134,V_02_03,S05@display=downscale_720p
,V_02_02,31ae0969-435e-47fe-ae31-91bd3a0cc676,V_02_03,S05@display=downscale_720p
V_02_03,V_02_02,9311fe31-c032-42e4-aab1-c7c35568fc56,V_02_03,S05@display=downscale_720p
,V_02_03,7f538841-5634-40d2-984b-d2b9a8f3de37,V_02_02,S05@display=downscale_720p
V_02_02,V_02_02,9311fe31-c032-42e4-aab1-c7c35568fc56,V_02_03,S05@display=downscale_720p
H_02_03,H_02_03,8ca7b4fe-37e4-42dd-bf4e-673dd1fadc61,A_02_03,S02@display=downscale_720p
,H_02_03,d37ba4e2-3c08-49bd-9d07-3320f585e31c,A_02_03,S02@display=downscale_720p
A_02_03,H_02_03,8836da4b-10ef-48fb-9188-2006730f59bd,A_02_03,S02@display=downscale_720p
,A_02_03,680f4aba-3dc8-4922-ae93-63d99a0ebf97,H_02_03,S02@display=downscale_720p
H_02_03,A_02_03,9311fe31-c032-42e4-aab1-c7c35568fc56,H_02_03,S02@display=downscale_720p
H_02_03,H_02_03,d992b125-40c1-4357-872b-73274cb051cd,A_02_03,S02@display=downscale_720p
,A_02_03,88ddb813-f6c5-41a8-9f66-58d2aee5e014,H_02_03,S02@display=downscale_720p
A_02_03,A_02_03,0013934b-6ac8-4c15-bf9a-11d47de14730,H_02_03,S02@display=downscale_720p
A_02_03,H_02_03,8ca7b4fe-37e4-42dd-bf4e-673dd1fadc61,A_02_03,S02@display=downscale_720p
A_02_03,H_02_03,7e901616-a1c1-4a92-a41b-d9c5260d418b,A_02_03,S02@display=downscale_720p
V_02_03,V_02_03,d88d958b-0585-460a-b9f4-fe48042f9bba,A_02_04,S08@display=downscale_720p
V_02_03,V_02_03,ca627781-6a60-46cf-b108-8b3819fcdc24,A_02_04,S08@display=downscale_720p
V_02_03,A_02_04,6783cb20-9421-4e68-b959-e26e561aec04,V_02_03,S08@display=downscale_720p
V_02_03,V_02_03,eb125c1e-a605-455a-a8b3-ebda76836e01,A_02_04,S08@display=downscale_720p
,A_02_04,65b4399b-258a-40b2-8e26-487326752e29,V_02_03,S08@display=downscale_720p
,V_02_03,0205dc10-1d6c-45fa-b168-78edc9551986,A_02_04,S08@display=downscale_720p
A_02_04,V_02_03,9311fe31-c032-42e4-aab1-c7c35568fc56,A_02_04,S08@display=downscale_720p
V_02_03,V_02_03,8ca7b4fe-37e4-42dd-bf4e-673dd1fadc61,A_02_04,S08@display=downscale_720p
V_02_03,A_02_04,7e901616-a1c1-4a92-a41b-d9c5260d418b,V_02_03,S08@display=downscale_720p
V_02_03,V_02_03,8b7d1b07-fa23-4ea3-ad4b-4c5c6a88b4bf,A_02_04,S08@display=downscale_720p
A_02_02,A_02_03,7251bcce-8b41-43fd-a3cd-c4d607673836,A_02_02,S06@display=downscale_720p
,A_02_03,5376bff7-8314-47b3-bf62-208e5cce0672,A_02_02,S06@display=downscale_720p
,A_02_02,5533a942-4ec5-4f5b-98ad-870a4cee2236,A_02_03,S06@display=downscale_720p
,A_02_02,7f538841-5634-40d2-984b-d2b9a8f3de37,A_02_03,S06@display=downscale_720p
,A_02_02,31ae0969-435e-47fe-ae31-91bd3a0cc676,A_02_03,S06@display=downscale_720p
A_02_03,A_02_03,7597850a-f1d3-42d6-ab3b-b865d992b156,A_02_02,S06@display=downscale_720p
,A_02_02,31ae0969-435e-47fe-ae31-91bd3a0cc676,A_02_03,S06@display=downscale_720p
,A_02_02,0b548ca1-b97f-4bc3-b772-3069e9b12a96,A_02_03,S06@display=downscale_720p
,A_02_03,5533a942-4ec5-4f5b-98ad-870a4cee2236,A_02_02,S06@display=downscale_720p
,A_02_03,c887bdd6-0366-4272-b428-1218b105b134,A_02_02,S06@display=downscale_720p
V_02_03,A_02_04,31ae0969-435e-47fe-ae31-91bd3a0cc676,V_02_03,S02@display=downscale_720p
V_02_03,A_02_04,5533a942-4ec5-4f5b-98ad-870a4cee2236,V_02_03,S02@display=downscale_720p
V_02_03,V_02_03,e825d820-c3bb-499b-aee5-154357792165,A_02_04,S02@display=downscale_720p
V_02_03,A_02_04,9311fe31-c032-42e4-aab1-c7c35568fc56,V_02_03,S02@display=downscale_720p
V_02_03,V_02_03,ee7a4321-6200-42eb-928a-4d8689a6222f,A_02_04,S02@display=downscale_720p
V_02_03,A_02_04,88bd9602-0f35-402e-bdcb-18a5a6bb13a6,V_02_03,S02@display=downscale_720p
V_02_03,V_02_03,5d5d9f1f-7da8-419f-921f-619b05d5b75d,A_02_04,S02@display=downscale_720p
V_02_03,V_02_03,c150215b-b234-4613-b32b-f7f1f02185ec,A_02_04,S02@display=downscale_720p
V_02_03,A_02_04,5c17d573-7890-4777-af93-210e73e46398,V_02_03,S02@display=downscale_720p
V_02_03,A_02_04,f72f6f7e-92da-479f-bf84-994c786eabbc,V_02_03,S02@display=downscale_720p
V_02_02,A_02_03,4646db8b-4471-4610-b7a9-5996112c40ed,V_02_02,S10@display=downscale_720p
,V_02_02,31ae0969-435e-47fe-ae31-91bd3a0cc676,A_02_03,S10@display=downscale_720p
,V_02_02,9311fe31-c032-42e4-aab1-c7c35568fc56,A_02_03,S10@display=downscale_720p
V_02_02,V_02_02,2e452f06-e57a-4cce-ae94-a79dee6fb135,A_02_03,S10@display=downscale_720p
,A_02_03,aef51353-4d62-4bb2-868c-bc010215c291,V_02_02,S10@display=downscale_720p
V_02_02,V_02_02,baa0b08b-ae47-4b47-b071-353ef688372e,A_02_03,S10@display=downscale_720p
,V_02_02,a7eb9214-b39a-464b-8e2f-4ff64859fffa,A_02_03,S10@display=downscale_720p
,V_02_02,c5289fb2-7a0f-4b10-9229-e84bbc071295,A_02_03,S10@display=downscale_720p
A_02_03,V_02_02,b3c5e38d-d6be-421e-82f1-c2af9f0a9b1f,A_02_03,S10@display=downscale_720p
V_02_02,V_02_02,cdd5d00d-a990-4f18-bf7f-7ed617f9ae7a,A_02_03,S10@display=downscale_720p
,A_02_03,9311fe31-c032-42e4-aab1-c7c35568fc56,V_02_03,S08@display=downscale_720p
V_02_03,V_02_03,09fca754-3a74-4d16-a08c-84ed6efe8882,A_02_03,S08@display=downscale_720p
,V_02_03,460498ca-181a-4a48-8e33-4995b637b17e,A_02_03,S08@display=downscale_720p
,V_02_03,1582dfd4-f742-4587-ac2a-753732307228,A_02_03,S08@display=downscale_720p
,V_02_03,8a9d6a5f-877d-40c5-85cc-b7ac357cbf73,A_02_03,S08@display=downscale_720p
A_02_03,A_02_03,9f21e38d-82ad-4392-b35b-5ec4261b59eb,V_02_03,S08@display=downscale_720p
A_02_03,V_02_03,27cd9dc7-b01c-4d06-92fb-54e970ec0db8,A_02_03,S08@display=downscale_720p
V_02_03,A_02_03,b3c54082-61e2-4aa7-8bc0-f758410059bf,V_02_03,S08@display=downscale_720p
V_02_03,V_02_03,189f6251-48c7-43b3-ae82-67fbae2af4a9,A_02_03,S08@display=downscale_720p
,V_02_03,53ac50fa-a11c-4fb9-8d05-24625226e038,A_02_03,S08@display=downscale_720p
,A_02_02,39e9fdb1-798e-4fed-8091-5110c3c6f56b,H_02_02,S08@display=downscale_720p
,H_02_02,9665df29-fa2e-440a-a9a9-a4c18ef4978d,A_02_02,S08@display=downscale_720p
A_02_02,A_02_02,31ae0969-435e-47fe-ae31-91bd3a0cc676,H_02_02,S08@display=downscale_720p
A_02_02,H_02_02,aef51353-4d62-4bb2-868c-bc010215c291,A_02_02,S08@display=downscale_720p
,A_02_02,09d84466-5124-4f82-89a6-15b1d61ec65d,H_02_02,S08@display=downscale_720p
,H_02_02,8a912060-cced-467a-b148-3ba54770352a,A_02_02,S08@display=downscale_720p
H_02_02,A_02_02,47b9e4f0-b22d-498a-9e91-3af15130d242,H_02_02,S08@display=downscale_720p
,A_02_02,8a912060-cced-467a-b148-3ba54770352a,H_02_02,S08@display=downscale_720p
H_02_02,A_02_02,b7217dd5-8d42-42dd-81b6-2d1172432ca0,H_02_02,S08@display=downscale_720p
,A_02_02,4b48e5e8-e693-4fe9-ba01-b22cb81aa8bd,H_02_02,S08@display=downscale_720p
V_02_02,V_02_02,31ae0969-435e-47fe-ae31-91bd3a0cc676,V_02_04,S08@display=downscale_720p
V_02_02,V_02_02,44ac3dfc-6041-4861-9d1b-af779ae48494,V_02_04,S08@display=downscale_720p
V_02_02,V_02_04,984224e9-ac5e-4c19-af2e-b6f9ff7e5d4f,V_02_02,S08@display=downscale_720p
V_02_02,V_02_04,aef82c2c-eb41-49fb-bef6-d4277260d485,V_02_02,S08@display=downscale_720p
,V_02_02,aef82c2c-eb41-49fb-bef6-d4277260d485,V_02_04,S08@display=downscale_720p
,V_02_02,88ddb813-f6c5-41a8-9f66-58d2aee5e014,V_02_04,S08@display=downscale_720p
V_02_02,V_02_04,0cda7244-81af-4c2f-820e-d609b1bdf00b,V_02_02,S08@display=downscale_720p
,V_02_04,481fc790-08ca-4e9d-8116-15f4a558cfb6,V_02_02,S08@display=downscale_720p
V_02_02,V_02_02,189f6251-48c7-43b3-ae82-67fbae2af4a9,V_02_04,S08@display=downscale_720p
,V_02_02,7f538841-5634-40d2-984b-d2b9a8f3de37,V_02_04,S08@display=downscale_720p
H_02_02,V_02_04,31ae0969-435e-47fe-ae31-91bd3a0cc676,H_02_02,S08@display=downscale_720p
,H_02_02,d88d958b-0585-460a-b9f4-fe48042f9bba,V_02_04,S08@display=downscale_720p
V_02_04,H_02_02,c91c3d61-3b89-42f7-a978-250341c8e50c,V_02_04,S08@display=downscale_720p
H_02_02,V_02_04,8e874a12-9537-4451-ae74-e21020a5ea6f,H_02_02,S08@display=downscale_720p
,H_02_02,19e0b29c-66ef-4d8c-80ed-6074f0b98785,V_02_04,S08@display=downscale_720p
,H_02_02,8a72bcc5-3880-4a37-8853-095e4167b90f,V_02_04,S08@display=downscale_720p
,V_02_04,ab0ebbd4-e7f3-4f4b-92aa-0eb0e7cd87a9,H_02_02,S08@display=downscale_720p
,V_02_04,c887bdd6-0366-4272-b428-1218b105b134,H_02_02,S08@display=downscale_720p
,H_02_02,594b1c05-64c5-4ff7-8e8b-0daef3f5459b,V_02_04,S08@display=downscale_720p
,H_02_02,7f538841-5634-40d2-984b-d2b9a8f3de37,V_02_04,S08@display=downscale_720p
,A_02_02,9e13a5f5-a844-4599-96fa-55244db6b99d,A_02_03,S10@display=downscale_720p
,A_02_02,083505b0-b61d-4214-beb0-3bfe37faabc2,A_02_03,S10@display=downscale_720p
,A_02_02,31ae0969-435e-47fe-ae31-91bd3a0cc676,A_02_03,S10@display=downscale_720p
A_02_03,A_02_02,20600ddb-ae79-42e6-a52c-223126a1de4a,A_02_03,S10@display=downscale_720p
A_02_02,A_02_03,481fc790-08ca-4e9d-8116-15f4a558cfb6,A_02_02,S10@display=downscale_720p
,A_02_02,6b1f5794-952c-4cdb-a62e-57821a762323,A_02_03,S10@display=downscale_720p
A_02_03,A_02_02,82796183-4736-4303-8371-7d113472cf41,A_02_03,S10@display=downscale_720p
,A_02_03,680f4aba-3dc8-4922-ae93-63d99a0ebf97,A_02_02,S10@display=downscale_720p
A_02_03,A_02_03,7251bcce-8b41-43fd-a3cd-c4d607673836,A_02_02,S10@display=downscale_720p
A_02_02,A_02_03,922eae9f-c310-4e42-9bdf-1ef20d56fa69,A_02_02,S10@display=downscale_720p
,H_02_03,31ae0969-435e-47fe-ae31-91bd3a0cc676,H_02_04,S10@display=downscale_720p
,H_02_03,e3e9a196-ccfa-4e47-8759-8c819269b9ac,H_02_04,S10@display=downscale_720p
H_02_03,H_02_04,2dcb0734-8591-4649-9f37-db46fefdac73,H_02_03,S10@display=downscale_720p
H_02_04,H_02_04,8d192948-3fb5-43c4-af59-85b9baa71b8f,H_02_03,S10@display=downscale_720p
H_02_03,H_02_04,460498ca-181a-4a48-8e33-4995b637b17e,H_02_03,S10@display=downscale_720p
H_02_03,H_02_04,7cc0e90f-44e9-46f4-b761-9bc69c7efd55,H_02_03,S10@display=downscale_720p
,H_02_04,8445090b-365d-4316-8153-0e682fe65432,H_02_03,S10@display=downscale_720p
H_02_04,H_02_04,50d3a8d4-117a-4456-b32c-82438624f5ea,H_02_03,S10@display=downscale_720p
H_02_04,H_02_04,6fec16f7-cfd9-48ea-93ac-508c71aa2e92,H_02_03,S10@display=downscale_720p
H_02_03,H_02_04,14bb97de-dd82-4fb2-ad70-1abfe83f218c,H_02_03,S10@display=downscale_720p
,V_02_04,31ae0969-435e-47fe-ae31-91bd3a0cc676,H_02_02,S01@display=downscale_720p
H_02_02,H_02_02,5533a942-4ec5-4f5b-98ad-870a4cee2236,V_02_04,S01@display=downscale_720p
V_02_04,V_02_04,9a5782c3-0501-4063-b1f9-f123dbd777d3,H_02_02,S01@display=downscale_720p
H_02_02,H_02_02,df403bf1-207c-4b9b-ac50-f1591ecb7a00,V_02_04,S01@display=downscale_720p
H_02_02,V_02_04,83dddf0d-d057-46ab-83f8-1230060b2406,H_02_02,S01@display=downscale_720p
,V_02_04,594b1c05-64c5-4ff7-8e8b-0daef3f5459b,H_02_02,S01@display=downscale_720p
V_02_04,V_02_04,2367618d-fdb1-4a3c-98cf-155b1b95c446,H_02_02,S01@display=downscale_720p
H_02_02,H_02_02,9e13a5f5-a844-4599-96fa-55244db6b99d,V_02_04,S01@display=downscale_720p
,H_02_02,5b9ca96e-edc8-405a-a9be-1287556f79d0,V_02_04,S01@display=downscale_720p
H_02_02,H_02_02,8c992adc-55ca-42a8-9b22-2ef3064a339f,V_02_04,S01@display=downscale_720p
,A_02_02,a985fed3-2c39-4f2c-a145-7f52394220de,V_02_02,S02@display=downscale_720p
,V_02_02,680f4aba-3dc8-4922-ae93-63d99a0ebf97,A_02_02,S02@display=downscale_720p
A_02_02,A_02_02,e2014108-7d49-48aa-93f7-a6a6e87e4de0,V_02_02,S02@display=downscale_720p
A_02_02,A_02_02,85f4a8ff-f9b3-450b-a819-5a998590e834,V_02_02,S02@display=downscale_720p
,V_02_02,31ae0969-435e-47fe-ae31-91bd3a0cc676,A_02_02,S02@display=downscale_720p
,A_02_02,b07727d6-9c7b-4391-9d1a-666a899757d3,V_02_02,S02@display=downscale_720p
A_02_02,A_02_02,1be9beb4-1d95-4e4a-9e56-cf91c910b288,V_02_02,S02@display=downscale_720p
,V_02_02,6783cb20-9421-4e68-b959-e26e561aec04,A_02_02,S02@display=downscale_720p
,A_02_02,64fe5ebd-0cad-4bce-ba94-faced0b4549c,V_02_02,S02@display=downscale_720p
,V_02_02,adc43c16-328a-4b3e-831e-15a1a5347760,A_02_02,S02@display=downscale_720p
,H_02_02,99a13978-779c-4f98-b4ad-0f0566418b9b,V_02_04,S10@display=downscale_720p
V_02_04,V_02_04,df403bf1-207c-4b9b-ac50-f1591ecb7a00,H_02_02,S10@display=downscale_720p
H_02_02,H_02_02,933d8af8-1ab2-4e55-ae03-cd87ff4b179a,V_02_04,S10@display=downscale_720p
,V_02_04,c7864864-2cbc-4f23-892b-1323a8077dfb,H_02_02,S10@display=downscale_720p
,H_02_02,e3e9a196-ccfa-4e47-8759-8c819269b9ac,V_02_04,S10@display=downscale_720p
V_02_04,V_02_04,59a8887a-b235-42c1-b76d-0d5b64e71be1,H_02_02,S10@display=downscale_720p
,H_02_02,5533a942-4ec5-4f5b-98ad-870a4cee2236,V_02_04,S10@display=downscale_720p
H_02_02,V_02_04,460498ca-181a-4a48-8e33-4995b637b17e,H_02_02,S10@display=downscale_720p
,H_02_02,31ae0969-435e-47fe-ae31-91bd3a0cc676,V_02_04,S10@display=downscale_720p
V_02_04,H_02_02,39e9fdb1-798e-4fed-8091-5110c3c6f56b,V_02_04,S10@display=downscale_720p
A_02_02,A_02_02,5533a942-4ec5-4f5b-98ad-870a4cee2236,V_02_04,S04@display=downscale_720p
A_02_02,V_02_04,4907a83e-7fbc-43f4-b2e8-6af4eac64a3f,A_02_02,S04@display=downscale_720p
,A_02_02,d5cbdc09-bb32-4ef6-a6dc-b39a9ab3c2df,V_02_04,S04@display=downscale_720p
A_02_02,V_02_04,c7864864-2cbc-4f23-892b-1323a8077dfb,A_02_02,S04@display=downscale_720p
A_02_02,V_02_04,efb3944b-7150-43f1-a579-5cb22bc06e25,A_02_02,S04@display=downscale_720p
A_02_02,V_02_04,8445090b-365d-4316-8153-0e682fe65432,A_02_02,S04@display=downscale_720p
V_02_04,V_02_04,1a51a237-f04f-4c38-b86d-1727d52b2fde,A_02_02,S04@display=downscale_720p
A_02_02,V_02_04,1a51a237-f04f-4c38-b86d-1727d52b2fde,A_02_02,S04@display=downscale_720p
A_02_02,V_02_04,bd61cb3b-94be-482f-9e92-a1427be48716,A_02_02,S04@display=downscale_720p
A_02_02,A_02_02,0013934b-6ac8-4c15-bf9a-11d47de14730,V_02_04,S04@display=downscale_720p
,V_02_03,5533a942-4ec5-4f5b-98ad-870a4cee2236,A_02_02,S08@display=downscale_720p
,V_02_03,ef905607-4579-46f1-a6bc-3719b1ba5b41,A_02_02,S08@display=downscale_720p
A_02_02,A_02_02,ef905607-4579-46f1-a6bc-3719b1ba5b41,V_02_03,S08@display=downscale_720p
,V_02_03,b25458da-c4eb-46ab-9e42-d7e131830f03,A_02_02,S08@display=downscale_720p
,A_02_02,8282a32a-12f5-4bb0-9e1b-ffa64048e19f,V_02_03,S08@display=downscale_720p
V_02_03,A_02_02,0cda7244-81af-4c2f-820e-d609b1bdf00b,V_02_03,S08@display=downscale_720p
,A_02_02,d09060ea-d90e-4d32-a5a4-a8bdf785d5ef,V_02_03,S08@display=downscale_720p
V_02_03,A_02_02,1a51a237-f04f-4c38-b86d-1727d52b2fde,V_02_03,S08@display=downscale_720p
,V_02_03,34a267ad-eeec-427e-8ab9-7f641b7a7274,A_02_02,S08@display=downscale_720p
,V_02_03,a3d0bef8-b34e-4489-899a-c38a2c2bb1f7,A_02_02,S08@display=downscale_720p
,H_02_03,5533a942-4ec5-4f5b-98ad-870a4cee2236,V_02_04,S10@display=downscale_720p
V_02_04,H_02_03,b7217dd5-8d42-42dd-81b6-2d1172432ca0,V_02_04,S10@display=downscale_720p
,H_02_03,c80968f4-c72a-4870-b08d-c0423e41cc6e,V_02_04,S10@display=downscale_720p
,V_02_04,8d192948-3fb5-43c4-af59-85b9baa71b8f,H_02_03,S10@display=downscale_720p
V_02_04,V_02_04,85f4a8ff-f9b3-450b-a819-5a998590e834,H_02_03,S10@display=downscale_720p
V_02_04,H_02_03,4e548710-90d2-4f08-81d2-4650cc166f14,V_02_04,S10@display=downscale_720p
,V_02_04,7e165902-842d-414b-8140-1eda62ac6084,H_02_03,S10@display=downscale_720p
V_02_04,H_02_03,16e82927-23fb-46e5-aba1-bd441bf4a818,V_02_04,S10@display=downscale_720p
H_02_03,H_02_03,501e8cf2-7ae2-4e2a-a7f6-84d5b2d3a2b8,V_02_04,S10@display=downscale_720p
V_02_04,V_02_04,8c992adc-55ca-42a8-9b22-2ef3064a339f,H_02_03,S10@display=downscale_720p
H_02_04,H_02_04,20600ddb-ae79-42e6-a52c-223126a1de4a,V_02_02,S05@display=downscale_720p
V_02_02,H_02_04,db16c9bc-25cc-4d9e-b0b5-e8325b63cc68,V_02_02,S05@display=downscale_720p
V_02_02,V_02_02,d3903be9-8ce8-4b11-a521-e2a87f632230,H_02_04,S05@display=downscale_720p
V_02_02,H_02_04,e8de3de9-8362-4b05-a27d-013607dbd77d,V_02_02,S05@display=downscale_720p
V_02_02,V_02_02,2c6915d3-251a-4678-949c-70a2c049d32e,H_02_04,S05@display=downscale_720p
,H_02_04,922eae9f-c310-4e42-9bdf-1ef20d56fa69,V_02_02,S05@display=downscale_720p
V_02_02,H_02_04,78189632-fa94-44d6-9a66-6afd6278905d,V_02_02,S05@display=downscale_720p
V_02_02,H_02_04,bd61cb3b-94be-482f-9e92-a1427be48716,V_02_02,S05@display=downscale_720p
V_02_02,H_02_04,bd61cb3b-94be-482f-9e92-a1427be48716,V_02_02,S05@display=downscale_720p
V_02_02,H_02_04,fae820c8-124d-42a1-ad60-82e2e6a3ae83,V_02_02,S05@display=downscale_720p
A_02_02,V_02_04,9f21e38d-82ad-4392-b35b-5ec4261b59eb,A_02_02,S05@display=downscale_720p
,A_02_02,7afd3976-58f5-4b01-848e-d69cafcf044a,V_02_04,S05@display=downscale_720p
V_02_04,A_02_02,20600ddb-ae79-42e6-a52c-223126a1de4a,V_02_04,S05@display=downscale_720p
A_02_02,V_02_04,ca627781-6a60-46cf-b108-8b3819fcdc24,A_02_02,S05@display=downscale_720p
A_02_02,A_02_02,47b9e4f0-b22d-498a-9e91-3af15130d242,V_02_04,S05@display=downscale_720p
,A_02_02,34a267ad-eeec-427e-8ab9-7f641b7a7274,V_02_04,S05@display=downscale_720p
A_02_02,V_02_04,14bb97de-dd82-4fb2-ad70-1abfe83f218c,A_02_02,S05@display=downscale_720p
,A_02_02,ff3fa308-811a-4a4e-8567-74766e273529,V_02_04,S05@display=downscale_720p
,A_02_02,65b4399b-258a-40b2-8e26-487326752e29,V_02_04,S05@display=downscale_720p
,V_02_04,2c1902c1-ab14-442e-a7de-add5b8bd7698,A_02_02,S05@display=downscale_720p
V_02_02,H_02_04,9a5782c3-0501-4063-b1f9-f123dbd777d3,V_02_02,S03@display=downscale_720p
V_02_02,H_02_04,cc358bbb-e39a-4d44-9a97-d3d999119b26,V_02_02,S03@display=downscale_720p
V_02_02,H_02_04,db16c9bc-25cc-4d9e-b0b5-e8325b63cc68,V_02_02,S03@display=downscale_720p
V_02_02,V_02_02,2dcb0734-8591-4649-9f37-db46fefdac73,H_02_04,S03@display=downscale_720p
,H_02_04,680f4aba-3dc8-4922-ae93-63d99a0ebf97,V_02_02,S03@display=downscale_720p
V_02_02,H_02_04,dea42000-fbbf-4a4d-adce-3d2329efe3d5,V_02_02,S03@display=downscale_720p
H_02_04,V_02_02,0440241e-020c-45e1-972b-d12ee557f199,H_02_04,S03@display=downscale_720p
V_02_02,H_02_04,20600ddb-ae79-42e6-a52c-223126a1de4a,V_02_02,S03@display=downscale_720p
V_02_02,V_02_02,ff3fa308-811a-4a4e-8567-74766e273529,H_02_04,S03@display=downscale_720p
V_02_02,V_02_02,0440241e-020c-45e1-972b-d12ee557f199,H_02_04,S03@display=downscale_720p
A_02_02,V_02_03,20600ddb-ae79-42e6-a52c-223126a1de4a,A_02_02,S01@display=downscale_720p
A_02_02,A_02_02,608abca1-3549-4bc8-b231-cc8e7ed70f9c,V_02_03,S01@display=downscale_720p
A_02_02,A_02_02,09fca754-3a74-4d16-a08c-84ed6efe8882,V_02_03,S01@display=downscale_720p
V_02_03,V_02_03,a99d29a7-655e-4ac0-9685-801b6701ef99,A_02_02,S01@display=downscale_720p
,V_02_03,502764dd-9b73-4188-a1bc-05b4db17df5e,A_02_02,S01@display=downscale_720p
V_02_03,V_02_03,4e548710-90d2-4f08-81d2-4650cc166f14,A_02_02,S01@display=downscale_720p
,V_02_03,481fc790-08ca-4e9d-8116-15f4a558cfb6,A_02_02,S01@display=downscale_720p
V_02_03,A_02_02,980d2d8b-ef14-4422-9c2e-7fe3cf484d55,V_02_03,S01@display=downscale_720p
,A_02_02,eda1f4cf-9647-482a-b01d-f80255a254c7,V_02_03,S01@display=downscale_720p
V_02_03,V_02_03,e7e4071d-f48b-47d8-a283-038e723dd91f,A_02_02,S01@display=downscale_720p
H_02_02,H_02_02,20600ddb-ae79-42e6-a52c-223126a1de4a,A_02_04,S01@display=downscale_720p
H_02_02,A_02_04,608abca1-3549-4bc8-b231-cc8e7ed70f9c,H_02_02,S01@display=downscale_720p
H_02_02,A_02_04,9665df29-fa2e-440a-a9a9-a4c18ef4978d,H_02_02,S01@display=downscale_720p
H_02_02,A_02_04,57e17081-4a43-4410-a8b7-c6bf75e52b46,H_02_02,S01@display=downscale_720p
H_02_02,H_02_02,d37ba4e2-3c08-49bd-9d07-3320f585e31c,A_02_04,S01@display=downscale_720p
H_02_02,A_02_04,8282a32a-12f5-4bb0-9e1b-ffa64048e19f,H_02_02,S01@display=downscale_720p
H_02_02,A_02_04,50c199f7-d5da-4378-986a-a6a50ecfb09e,H_02_02,S01@display=downscale_720p
H_02_02,A_02_04,8acedfff-b933-440b-8909-826f0385abcd,H_02_02,S01@display=downscale_720p
H_02_02,A_02_04,ed656c2a-3ba5-4e8d-a6df-275e0dd59504,H_02_02,S01@display=downscale_720p
H_02_02,A_02_04,9c112c43-7cfd-41cf-97da-abb223fde74c,H_02_02,S01@display=downscale_720p
,A_02_02,7e165902-842d-414b-8140-1eda62ac6084,V_02_02,S09@display=downscale_720p
,A_02_02,680f4aba-3dc8-4922-ae93-63d99a0ebf97,V_02_02,S09@display=downscale_720p
,A_02_02,20600ddb-ae79-42e6-a52c-223126a1de4a,V_02_02,S09@display=downscale_720p
V_02_02,V_02_02,eb125c1e-a605-455a-a8b3-ebda76836e01,A_02_02,S09@display=downscale_720p
V_02_02,A_02_02,0109c2b8-15a3-47c4-9342-2b215a321563,V_02_02,S09@display=downscale_720p
,A_02_02,39e9fdb1-798e-4fed-8091-5110c3c6f56b,V_02_02,S09@display=downscale_720p
V_02_02,A_02_02,eb125c1e-a605-455a-a8b3-ebda76836e01,V_02_02,S09@display=downscale_720p
A_02_02,A_02_02,7a5ca0c3-3747-49fa-bd9e-ded4ad1b2467,V_02_02,S09@display=downscale_720p
,V_02_02,680f4aba-3dc8-4922-ae93-63d99a0ebf97,A_02_02,S09@display=downscale_720p
A_02_02,V_02_02,980d2d8b-ef14-4422-9c2e-7fe3cf484d55,A_02_02,S09@display=downscale_720p
,A_02_03,680f4aba-3dc8-4922-ae93-63d99a0ebf97,H_02_03,S09@display=downscale_720p
A_02_03,A_02_03,b5e82897-f57b-4598-878a-ac98805f3380,H_02_03,S09@display=downscale_720p
A_02_03,A_02_03,a99d29a7-655e-4ac0-9685-801b6701ef99,H_02_03,S09@display=downscale_720p
,H_02_03,a99d29a7-655e-4ac0-9685-801b6701ef99,A_02_03,S09@display=downscale_720p
H_02_03,H_02_03,8ca7b4fe-37e4-42dd-bf4e-673dd1fadc61,A_02_03,S09@display=downscale_720p
,A_02_03,8ca7b4fe-37e4-42dd-bf4e-673dd1fadc61,H_02_03,S09@display=downscale_720p
,H_02_03,8ca7b4fe-37e4-42dd-bf4e-673dd1fadc61,A_02_03,S09@display=downscale_720p
H_02_03,H_02_03,7e901616-a1c1-4a92-a41b-d9c5260d418b,A_02_03,S09@display=downscale_720p
H_02_03,A_02_03,d992b125-40c1-4357-872b-73274cb051cd,H_02_03,S09@display=downscale_720p
,H_02_03,14bb97de-dd82-4fb2-ad70-1abfe83f218c,A_02_03,S09@display=downscale_720p
,H_02_04,db16c9bc-25cc-4d9e-b0b5-e8325b63cc68,A_02_02,S05@display=downscale_720p
A_02_02,A_02_02,cc282dde-7397-4e85-b99c-afa56799cb4b,H_02_04,S05@display=downscale_720p
,A_02_02,7afd3976-58f5-4b01-848e-d69cafcf044a,H_02_04,S05@display=downscale_720p
A_02_02,H_02_04,5c17d573-7890-4777-af93-210e73e46398,A_02_02,S05@display=downscale_720p
A_02_02,H_02_04,a1d6507f-e9c0-4600-98a3-36ec50e93ae3,A_02_02,S05@display=downscale_720p
A_02_02,H_02_04,c26847af-3f98-4202-9f41-8f32e06ca9af,A_02_02,S05@display=downscale_720p
A_02_02,A_02_02,d5cbdc09-bb32-4ef6-a6dc-b39a9ab3c2df,H_02_04,S05@display=downscale_720p
A_02_02,A_02_02,dea42000-fbbf-4a4d-adce-3d2329efe3d5,H_02_04,S05@display=downscale_720p
A_02_02,A_02_02,db16c9bc-25cc-4d9e-b0b5-e8325b63cc68,H_02_04,S05@display=downscale_720p
,H_02_04,c26847af-3f98-4202-9f41-8f32e06ca9af,A_02_02,S05@display=downscale_720p
V_02_04,V_02_04,db16c9bc-25cc-4d9e-b0b5-e8325b63cc68,H_02_02,S02@display=downscale_720p
H_02_02,V_02_04,c43f1678-a2c6-4fff-8d65-fe718af03082,H_02_02,S02@display=downscale_720p
,H_02_02,5376bff7-8314-47b3-bf62-208e5cce0672,V_02_04,S02@display=downscale_720p
,V_02_04,a7eb9214-b39a-464b-8e2f-4ff64859fffa,H_02_02,S02@display=downscale_720p
,H_02_02,b25458da-c4eb-46ab-9e42-d7e131830f03,V_02_04,S02@display=downscale_720p
H_02_02,H_02_02,baa0b08b-ae47-4b47-b071-353ef688372e,V_02_04,S02@display=downscale_720p
,H_02_02,d09060ea-d90e-4d32-a5a4-a8bdf785d5ef,V_02_04,S02@display=downscale_720p
,H_02_02,71b0eb8c-7f7c-494f-a027-93ab652b5055,V_02_04,S02@display=downscale_720p
H_02_02,V_02_04,ed656c2a-3ba5-4e8d-a6df-275e0dd59504,H_02_02,S02@display=downscale_720p
H_02_02,H_02_02,046725dd-5a21-4668-8e86-9a7db790b6d3,V_02_04,S02@display=downscale_720p
A_02_03,A_02_03,1e9459c7-0170-403b-b70f-4792709f9532,V_02_04,S02@display=downscale_720p
A_02_03,V_02_04,09fca754-3a74-4d16-a08c-84ed6efe8882,A_02_03,S02@display=downscale_720p
,A_02_03,7afd3976-58f5-4b01-848e-d69cafcf044a,V_02_04,S02@display=downscale_720p
,V_02_04,984224e9-ac5e-4c19-af2e-b6f9ff7e5d4f,A_02_03,S02@display=downscale_720p
A_02_03,A_02_03,16e82927-23fb-46e5-aba1-bd441bf4a818,V_02_04,S02@display=downscale_720p
A_02_03,V_02_04,16e82927-23fb-46e5-aba1-bd441bf4a818,A_02_03,S02@display=downscale_720p
V_02_04,V_02_04,8836da4b-10ef-48fb-9188-2006730f59bd,A_02_03,S02@display=downscale_720p
,A_02_03,d88d958b-0585-460a-b9f4-fe48042f9bba,V_02_04,S02@display=downscale_720p
V_02_04,V_02_04,e7e4071d-f48b-47d8-a283-038e723dd91f,A_02_03,S02@display=downscale_720p
V_02_04,A_02_03,3c676bc2-2f1c-4465-a90a-09bf5dcba673,V_02_04,S02@display=downscale_720p
,V_02_04,608abca1-3549-4bc8-b231-cc8e7ed70f9c,V_02_03,S02@display=downscale_720p
,V_02_04,4646db8b-4471-4610-b7a9-5996112c40ed,V_02_03,S02@display=downscale_720p
,V_02_04,57e17081-4a43-4410-a8b7-c6bf75e52b46,V_02_03,S02@display=downscale_720p
V_02_03,V_02_03,2f93cad8-9ae0-4376-addf-561fefab1698,V_02_04,S02@display=downscale_720p
V_02_03,V_02_03,e8de3de9-8362-4b05-a27d-013607dbd77d,V_02_04,S02@display=downscale_720p
,V_02_04,460498ca-181a-4a48-8e33-4995b637b17e,V_02_03,S02@display=downscale_720p
,V_02_04,e0abaf0d-4bcb-4565-ba4f-7fa059423579,V_02_03,S02@display=downscale_720p
V_02_04,V_02_03,50d3a8d4-117a-4456-b32c-82438624f5ea,V_02_04,S02@display=downscale_720p
,V_02_04,eda1f4cf-9647-482a-b01d-f80255a254c7,V_02_03,S02@display=downscale_720p
V_02_03,V_02_03,fea02753-fd51-42ba-93e9-cfe01ef2e123,V_02_04,S02@display=downscale_720p
,V_02_04,608abca1-3549-4bc8-b231-cc8e7ed70f9c,A_02_03,S04@display=downscale_720p
,A_02_03,7afd3976-58f5-4b01-848e-d69cafcf044a,V_02_04,S04@display=downscale_720p
A_02_03,V_02_04,a7eb9214-b39a-464b-8e2f-4ff64859fffa,A_02_03,S04@display=downscale_720p
,V_02_04,c80968f4-c72a-4870-b08d-c0423e41cc6e,A_02_03,S04@display=downscale_720p
V_02_04,A_02_03,83dddf0d-d057-46ab-83f8-1230060b2406,V_02_04,S04@display=downscale_720p
,A_02_03,83dddf0d-d057-46ab-83f8-1230060b2406,V_02_04,S04@display=downscale_720p
,V_02_04,27cd9dc7-b01c-4d06-92fb-54e970ec0db8,A_02_03,S04@display=downscale_720p
V_02_04,V_02_04,39e9fdb1-798e-4fed-8091-5110c3c6f56b,A_02_03,S04@display=downscale_720p
,A_02_03,933d8af8-1ab2-4e55-ae03-cd87ff4b179a,V_02_04,S04@display=downscale_720p
,V_02_04,00b8bcfc-f40c-4fa2-95a4-c5f666ad962a,A_02_03,S04@display=downscale_720p
V_02_04,H_02_04,7afd3976-58f5-4b01-848e-d69cafcf044a,V_02_04,S03@display=downscale_720p
V_02_04,V_02_04,c7864864-2cbc-4f23-892b-1323a8077dfb,H_02_04,S03@display=downscale_720p
V_02_04,V_02_04,015ccc61-902b-4576-bbbc-793c195ac663,H_02_04,S03@display=downscale_720p
V_02_04,H_02_04,027e87cd-e3af-4187-8e56-8099bf7d56d6,V_02_04,S03@display=downscale_720p
V_02_04,V_02_04,ab0ebbd4-e7f3-4f4b-92aa-0eb0e7cd87a9,H_02_04,S03@display=downscale_720p
V_02_04,V_02_04,59a8887a-b235-42c1-b76d-0d5b64e71be1,H_02_04,S03@display=downscale_720p
V_02_04,H_02_04,dffbbf73-3719-4c35-bf8a-a42f10289d9b,V_02_04,S03@display=downscale_720p
V_02_04,V_02_04,189f6251-48c7-43b3-ae82-67fbae2af4a9,H_02_04,S03@display=downscale_720p
V_02_04,V_02_04,82796183-4736-4303-8371-7d113472cf41,H_02_04,S03@display=downscale_720p
,H_02_04,d88d958b-0585-460a-b9f4-fe48042f9bba,V_02_04,S03@display=downscale_720p
,A_02_02,7afd3976-58f5-4b01-848e-d69cafcf044a,H_02_04,S02@display=downscale_720p
A_02_02,A_02_02,9cee37ee-31bf-4646-a76d-6f10094af82f,H_02_04,S02@display=downscale_720p
A_02_02,A_02_02,9cee37ee-31bf-4646-a76d-6f10094af82f,H_02_04,S02@display=downscale_720p
A_02_02,H_02_04,9cee37ee-31bf-4646-a76d-6f10094af82f,A_02_02,S02@display=downscale_720p
A_02_02,H_02_04,015ccc61-902b-4576-bbbc-793c195ac663,A_02_02,S02@display=downscale_720p
,H_02_04,c26847af-3f98-4202-9f41-8f32e06ca9af,A_02_02,S02@display=downscale_720p
A_02_02,H_02_04,8445090b-365d-4316-8153-0e682fe65432,A_02_02,S02@display=downscale_720p
H_02_04,H_02_04,50d3a8d4-117a-4456-b32c-82438624f5ea,A_02_02,S02@display=downscale_720p
A_02_02,A_02_02,933d8af8-1ab2-4e55-ae03-cd87ff4b179a,H_02_04,S02@display=downscale_720p
A_02_02,A_02_02,046725dd-5a21-4668-8e86-9a7db790b6d3,H_02_04,S02@display=downscale_720p
,V_02_03,7afd3976-58f5-4b01-848e-d69cafcf044a,A_02_02,S02@display=downscale_720p
A_02_02,V_02_03,c950a398-7322-465b-b233-9e1966c11317,A_02_02,S02@display=downscale_720p
,V_02_03,027e87cd-e3af-4187-8e56-8099bf7d56d6,A_02_02,S02@display=downscale_720p
,A_02_02,922eae9f-c310-4e42-9bdf-1ef20d56fa69,V_02_03,S02@display=downscale_720p
,V_02_03,922eae9f-c310-4e42-9bdf-1ef20d56fa69,A_02_02,S02@display=downscale_720p
,V_02_03,761f7f33-fc3c-4f59-b330-bca279f047c2,A_02_02,S02@display=downscale_720p
,V_02_03,6f5a526a-943c-46c1-92ec-b897f48d5414,A_02_02,S02@display=downscale_720p
A_02_02,A_02_02,d8c1bc80-412f-4d47-99ac-13139f531c78,V_02_03,S02@display=downscale_720p
,A_02_02,b07727d6-9c7b-4391-9d1a-666a899757d3,V_02_03,S02@display=downscale_720p
V_02_03,A_02_02,64fe5ebd-0cad-4bce-ba94-faced0b4549c,V_02_03,S02@display=downscale_720p
,V_02_02,7afd3976-58f5-4b01-848e-d69cafcf044a,A_02_04,S09@display=downscale_720p
V_02_02,A_02_04,b25458da-c4eb-46ab-9e42-d7e131830f03,V_02_02,S09@display=downscale_720p
V_02_02,A_02_04,460498ca-181a-4a48-8e33-4995b637b17e,V_02_02,S09@display=downscale_720p
V_02_02,V_02_02,8a9d6a5f-877d-40c5-85cc-b7ac357cbf73,A_02_04,S09@display=downscale_720p
V_02_02,V_02_02,9f21e38d-82ad-4392-b35b-5ec4261b59eb,A_02_04,S09@display=downscale_720p
V_02_02,A_02_04,481fc790-08ca-4e9d-8116-15f4a558cfb6,V_02_02,S09@display=downscale_720p
V_02_02,V_02_02,481fc790-08ca-4e9d-8116-15f4a558cfb6,A_02_04,S09@display=downscale_720p
V_02_02,A_02_04,39e9fdb1-798e-4fed-8091-5110c3c6f56b,V_02_02,S09@display=downscale_720p
V_02_02,A_02_04,d992b125-40c1-4357-872b-73274cb051cd,V_02_02,S09@display=downscale_720p
V_02_02,V_02_02,a3d0bef8-b34e-4489-899a-c38a2c2bb1f7,A_02_04,S09@display=downscale_720p
A_02_03,V_02_03,6969072a-1fb0-41af-a4cb-dadc3bbef231,A_02_03,S06@display=downscale_720p
V_02_03,A_02_03,6969072a-1fb0-41af-a4cb-dadc3bbef231,V_02_03,S06@display=downscale_720p
V_02_03,A_02_03,4b6c9fed-8e80-472a-88d2-0649b5334c5c,V_02_03,S06@display=downscale_720p
,V_02_03,6783cb20-9421-4e68-b959-e26e561aec04,A_02_03,S06@display=downscale_720p
,A_02_03,c901fe3c-ed4e-4cad-a813-8ac7c9f9cda1,V_02_03,S06@display=downscale_720p
V_02_03,A_02_03,6c17e7d6-1344-43bb-8124-d90690e71fcb,V_02_03,S06@display=downscale_720p
V_02_03,A_02_03,13f7f2a8-6a09-4d94-bb8e-9be167d14f2d,V_02_03,S06@display=downscale_720p
A_02_03,V_02_03,0fac0fcc-a2c0-4120-8e26-e63d24e598d2,A_02_03,S06@display=downscale_720p
,A_02_03,9c112c43-7cfd-41cf-97da-abb223fde74c,V_02_03,S06@display=downscale_720p
A_02_03,V_02_03,0109c2b8-15a3-47c4-9342-2b215a321563,A_02_03,S06@display=downscale_720p
V_02_04,A_02_03,9665df29-fa2e-440a-a9a9-a4c18ef4978d,V_02_04,S07@display=downscale_720p
V_02_04,V_02_04,6969072a-1fb0-41af-a4cb-dadc3bbef231,A_02_03,S07@display=downscale_720p
,V_02_04,d09060ea-d90e-4d32-a5a4-a8bdf785d5ef,A_02_03,S07@display=downscale_720p
V_02_04,V_02_04,5d5d9f1f-7da8-419f-921f-619b05d5b75d,A_02_03,S07@display=downscale_720p
V_02_04,V_02_04,ed656c2a-3ba5-4e8d-a6df-275e0dd59504,A_02_03,S07@display=downscale_720p
V_02_04,A_02_03,9665df29-fa2e-440a-a9a9-a4c18ef4978d,V_02_04,S07@display=downscale_720p
,V_02_04,2e452f06-e57a-4cce-ae94-a79dee6fb135,A_02_03,S07@display=downscale_720p
,A_02_03,db58c131-6cdb-4de2-8d19-24fd7c5944ba,V_02_04,S07@display=downscale_720p
A_02_03,A_02_03,91c3b79f-9c12-40b8-bf7f-b956a2497abd,V_02_04,S07@display=downscale_720p
A_02_03,A_02_03,5d5d9f1f-7da8-419f-921f-619b05d5b75d,V_02_04,S07@display=downscale_720p
V_02_04,A_02_04,6969072a-1fb0-41af-a4cb-dadc3bbef231,V_02_04,S09@display=downscale_720p
V_02_04,A_02_04,cdd5d00d-a990-4f18-bf7f-7ed617f9ae7a,V_02_04,S09@display=downscale_720p
V_02_04,V_02_04,aef82c2c-eb41-49fb-bef6-d4277260d485,A_02_04,S09@display=downscale_720p
V_02_04,A_02_04,e825d820-c3bb-499b-aee5-154357792165,V_02_04,S09@display=downscale_720p
V_02_04,A_02_04,99a13978-779c-4f98-b4ad-0f0566418b9b,V_02_04,S09@display=downscale_720p
V_02_04,A_02_04,0fac0fcc-a2c0-4120-8e26-e63d24e598d2,V_02_04,S09@display=downscale_720p
V_02_04,A_02_04,80d0705c-47d0-44e8-b745-5cc04f35dfa6,V_02_04,S09@display=downscale_720p
V_02_04,A_02_04,80d0705c-47d0-44e8-b745-5cc04f35dfa6,V_02_04,S09@display=downscale_720p
V_02_04,A_02_04,e5326dba-7341-4b2b-97c2-e58d2675a729,V_02_04,S09@display=downscale_720p
V_02_04,A_02_04,0013934b-6ac8-4c15-bf9a-11d47de14730,V_02_04,S09@display=downscale_720p
V_02_03,V_02_03,6969072a-1fb0-41af-a4cb-dadc3bbef231,H_02_03,S01@display=downscale_720p
V_02_03,H_02_03,db58c131-6cdb-4de2-8d19-24fd7c5944ba,V_02_03,S01@display=downscale_720p
,V_02_03,0ebdb769-cc7c-46f5-b8c2-8605a1702166,H_02_03,S01@display=downscale_720p
,V_02_03,a99d29a7-655e-4ac0-9685-801b6701ef99,H_02_03,S01@display=downscale_720p
V_02_03,H_02_03,2c6915d3-251a-4678-949c-70a2c049d32e,V_02_03,S01@display=downscale_720p
H_02_03,V_02_03,0b548ca1-b97f-4bc3-b772-3069e9b12a96,H_02_03,S01@display=downscale_720p
,H_02_03,78189632-fa94-44d6-9a66-6afd6278905d,V_02_03,S01@display=downscale_720p
V_02_03,H_02_03,b3c54082-61e2-4aa7-8bc0-f758410059bf,V_02_03,S01@display=downscale_720p
H_02_03,V_02_03,d8c1bc80-412f-4d47-99ac-13139f531c78,H_02_03,S01@display=downscale_720p
V_02_03,H_02_03,14bb97de-dd82-4fb2-ad70-1abfe83f218c,V_02_03,S01@display=downscale_720p
V_02_03,V_02_03,ca627781-6a60-46cf-b108-8b3819fcdc24,A_02_03,S02@display=downscale_720p
,V_02_03,c7864864-2cbc-4f23-892b-1323a8077dfb,A_02_03,S02@display=downscale_720p
A_02_03,A_02_03,df403bf1-207c-4b9b-ac50-f1591ecb7a00,V_02_03,S02@display=downscale_720p
,A_02_03,57e17081-4a43-4410-a8b7-c6bf75e52b46,V_02_03,S02@display=downscale_720p
V_02_03,A_02_03,170fef03-2ff4-4fec-a2ed-4c5bfc51eb91,V_02_03,S02@display=downscale_720p
,A_02_03,a3d0bef8-b34e-4489-899a-c38a2c2bb1f7,V_02_03,S02@display=downscale_720p
,V_02_03,db58c131-6cdb-4de2-8d19-24fd7c5944ba,A_02_03,S02@display=downscale_720p
V_02_03,V_02_03,50d3a8d4-117a-4456-b32c-82438624f5ea,A_02_03,S02@display=downscale_720p
V_02_03,A_02_03,9f21e38d-82ad-4392-b35b-5ec4261b59eb,V_02_03,S02@display=downscale_720p
V_02_03,A_02_03,6969072a-1fb0-41af-a4cb-dadc3bbef231,V_02_03,S02@display=downscale_720p
A_02_02,H_02_03,6969072a-1fb0-41af-a4cb-dadc3bbef231,A_02_02,S04@display=downscale_720p
A_02_02,H_02_03,09fca754-3a74-4d16-a08c-84ed6efe8882,A_02_02,S04@display=downscale_720p
,H_02_03,b56e44ae-c42b-4536-a130-309b99e17463,A_02_02,S04@display=downscale_720p
,A_02_02,c3d7d009-3f82-4637-b24f-2e1c2bc0a929,H_02_03,S04@display=downscale_720p
,H_02_03,460498ca-181a-4a48-8e33-4995b637b17e,A_02_02,S04@display=downscale_720p
A_02_02,H_02_03,3c676bc2-2f1c-4465-a90a-09bf5dcba673,A_02_02,S04@display=downscale_720p
H_02_03,A_02_02,8e874a12-9537-4451-ae74-e21020a5ea6f,H_02_03,S04@display=downscale_720p
,A_02_02,2367618d-fdb1-4a3c-98cf-155b1b95c446,H_02_03,S04@display=downscale_720p
A_02_02,A_02_02,501e8cf2-7ae2-4e2a-a7f6-84d5b2d3a2b8,H_02_03,S04@display=downscale_720p
A_02_02,A_02_02,8a912060-cced-467a-b148-3ba54770352a,H_02_03,S04@display=downscale_720p
V_02_02,V_02_04,db58c131-6cdb-4de2-8d19-24fd7c5944ba,V_02_02,S04@display=downscale_720p
V_02_02,V_02_04,db58c131-6cdb-4de2-8d19-24fd7c5944ba,V_02_02,S04@display=downscale_720p
,V_02_02,4646db8b-4471-4610-b7a9-5996112c40ed,V_02_04,S04@display=downscale_720p
,V_02_04,5376bff7-8314-47b3-bf62-208e5cce0672,V_02_02,S04@display=downscale_720p
V_02_02,V_02_02,2c1902c1-ab14-442e-a7de-add5b8bd7698,V_02_04,S04@display=downscale_720p
V_02_02,V_02_04,5d5d9f1f-7da8-419f-921f-619b05d5b75d,V_02_02,S04@display=downscale_720p
V_02_02,V_02_04,13f7f2a8-6a09-4d94-bb8e-9be167d14f2d,V_02_02,S04@display=downscale_720p
V_02_04,V_02_04,b3c54082-61e2-4aa7-8bc0-f758410059bf,V_02_02,S04@display=downscale_720p
V_02_02,V_02_02,bd61cb3b-94be-482f-9e92-a1427be48716,V_02_04,S04@display=downscale_720p
V_02_02,V_02_02,0109c2b8-15a3-47c4-9342-2b215a321563,V_02_04,S04@display=downscale_720p
,A_02_03,db58c131-6cdb-4de2-8d19-24fd7c5944ba,V_02_02,S08@display=downscale_720p
,V_02_02,db58c131-6cdb-4de2-8d19-24fd7c5944ba,A_02_03,S08@display=downscale_720p
V_02_02,V_02_02,6d73ea9c-7cf0-4569-a699-0205c8a2f979,A_02_03,S08@display=downscale_720p
,A_02_03,c80968f4-c72a-4870-b08d-c0423e41cc6e,V_02_02,S08@display=downscale_720p
,A_02_03,b25458da-c4eb-46ab-9e42-d7e131830f03,V_02_02,S08@display=downscale_720p
A_02_03,V_02_02,45cb17f4-bc50-462b-8899-6159f21e4966,A_02_03,S08@display=downscale_720p
,A_02_03,45cb17f4-bc50-462b-8899-6159f21e4966,V_02_02,S08@display=downscale_720p
,A_02_03,91c3b79f-9c12-40b8-bf7f-b956a2497abd,V_02_02,S08@display=downscale_720p
V_02_02,V_02_02,170fef03-2ff4-4fec-a2ed-4c5bfc51eb91,A_02_03,S08@display=downscale_720p
V_02_02,A_02_03,00b8bcfc-f40c-4fa2-95a4-c5f666ad962a,V_02_02,S08@display=downscale_720p
,A_02_02,db58c131-6cdb-4de2-8d19-24fd7c5944ba,H_02_03,S02@display=downscale_720p
,H_02_03,9fbf276e-262a-4284-9bfc-749dd388ea9f,A_02_02,S02@display=downscale_720p
A_02_02,H_02_03,c150215b-b234-4613-b32b-f7f1f02185ec,A_02_02,S02@display=downscale_720p
,H_02_03,d37ba4e2-3c08-49bd-9d07-3320f585e31c,A_02_02,S02@display=downscale_720p
,A_02_02,f72f6f7e-92da-479f-bf84-994c786eabbc,H_02_03,S02@display=downscale_720p
A_02_02,A_02_02,5d5d9f1f-7da8-419f-921f-619b05d5b75d,H_02_03,S02@display=downscale_720p
,A_02_02,ff3fa308-811a-4a4e-8567-74766e273529,H_02_03,S02@display=downscale_720p
,H_02_03,5b9ca96e-edc8-405a-a9be-1287556f79d0,A_02_02,S02@display=downscale_720p
H_02_03,H_02_03,bc676637-46a5-4073-9412-e0ed07e20264,A_02_02,S02@display=downscale_720p
,H_02_03,e7e4071d-f48b-47d8-a283-038e723dd91f,A_02_02,S02@display=downscale_720p
V_02_02,V_02_02,c7b79199-ca4b-4048-a7d5-4401ff5a49bc,A_02_04,S08@display=downscale_720p
V_02_02,V_02_02,8a72bcc5-3880-4a37-8853-095e4167b90f,A_02_04,S08@display=downscale_720p
V_02_02,V_02_02,44ac3dfc-6041-4861-9d1b-af779ae48494,A_02_04,S08@display=downscale_720p
V_02_02,V_02_02,44ac3dfc-6041-4861-9d1b-af779ae48494,A_02_04,S08@display=downscale_720p
V_02_02,A_02_04,e825d820-c3bb-499b-aee5-154357792165,V_02_02,S08@display=downscale_720p
V_02_02,A_02_04,d58730de-d9a3-467b-a170-d950379137e0,V_02_02,S08@display=downscale_720p
V_02_02,V_02_02,743fb9c3-fb20-4bfc-9b7d-677888efc14f,A_02_04,S08@display=downscale_720p
V_02_02,A_02_04,828d829d-512a-4295-8c94-5dca353c3dc8,V_02_02,S08@display=downscale_720p
V_02_02,V_02_02,53ac50fa-a11c-4fb9-8d05-24625226e038,A_02_04,S08@display=downscale_720p
V_02_02,V_02_02,cc282dde-7397-4e85-b99c-afa56799cb4b,A_02_04,S08@display=downscale_720p
V_02_03,H_02_03,e3e9a196-ccfa-4e47-8759-8c819269b9ac,V_02_03,S02@display=downscale_720p
,V_02_03,c3d7d009-3f82-4637-b24f-2e1c2bc0a929,H_02_03,S02@display=downscale_720p
,V_02_03,e3e9a196-ccfa-4e47-8759-8c819269b9ac,H_02_03,S02@display=downscale_720p
,V_02_03,c7b79199-ca4b-4048-a7d5-4401ff5a49bc,H_02_03,S02@display=downscale_720p
V_02_03,V_02_03,933d8af8-1ab2-4e55-ae03-cd87ff4b179a,H_02_03,S02@display=downscale_720p
V_02_03,H_02_03,e3e9a196-ccfa-4e47-8759-8c819269b9ac,V_02_03,S02@display=downscale_720p
H_02_03,H_02_03,4646db8b-4471-4610-b7a9-5996112c40ed,V_02_03,S02@display=downscale_720p
,V_02_03,b25458da-c4eb-46ab-9e42-d7e131830f03,H_02_03,S02@display=downscale_720p
V_02_03,H_02_03,a091e662-a14d-4153-92ca-d5583400ef5c,V_02_03,S02@display=downscale_720p
,V_02_03,82796183-4736-4303-8371-7d113472cf41,H_02_03,S02@display=downscale_720p
,A_02_03,c3d7d009-3f82-4637-b24f-2e1c2bc0a929,H_02_03,S07@display=downscale_720p
H_02_03,A_02_03,0118bd93-5520-4343-a2ad-629d427fd0ea,H_02_03,S07@display=downscale_720p
H_02_03,H_02_03,7597850a-f1d3-42d6-ab3b-b865d992b156,A_02_03,S07@display=downscale_720p
H_02_03,A_02_03,7cc0e90f-44e9-46f4-b761-9bc69c7efd55,H_02_03,S07@display=downscale_720p
,H_02_03,4907a83e-7fbc-43f4-b2e8-6af4eac64a3f,A_02_03,S07@display=downscale_720p
H_02_03,H_02_03,c3d7d009-3f82-4637-b24f-2e1c2bc0a929,A_02_03,S07@display=downscale_720p
,A_02_03,5b9ca96e-edc8-405a-a9be-1287556f79d0,H_02_03,S07@display=downscale_720p
,H_02_03,c7b79199-ca4b-4048-a7d5-4401ff5a49bc,A_02_03,S07@display=downscale_720p
H_02_03,A_02_03,50d3a8d4-117a-4456-b32c-82438624f5ea,H_02_03,S07@display=downscale_720p
H_02_03,A_02_03,8c992adc-55ca-42a8-9b22-2ef3064a339f,H_02_03,S07@display=downscale_720p
,V_02_04,c7b79199-ca4b-4048-a7d5-4401ff5a49bc,V_02_03,S06@display=downscale_720p
,V_02_04,c3d7d009-3f82-4637-b24f-2e1c2bc0a929,V_02_03,S06@display=downscale_720p
,V_02_03,8036ce10-4126-4b7f-b1cf-b14b3d4a7cdf,V_02_04,S06@display=downscale_720p
V_02_03,V_02_03,6d73ea9c-7cf0-4569-a699-0205c8a2f979,V_02_04,S06@display=downscale_720p
V_02_03,V_02_04,a091e662-a14d-4153-92ca-d5583400ef5c,V_02_03,S06@display=downscale_720p
,V_02_04,6c17e7d6-1344-43bb-8124-d90690e71fcb,V_02_03,S06@display=downscale_720p
V_02_03,V_02_03,1be9beb4-1d95-4e4a-9e56-cf91c910b288,V_02_04,S06@display=downscale_720p
,V_02_03,7e165902-842d-414b-8140-1eda62ac6084,V_02_04,S06@display=downscale_720p
,V_02_03,34a267ad-eeec-427e-8ab9-7f641b7a7274,V_02_04,S06@display=downscale_720p
V_02_03,V_02_04,0013934b-6ac8-4c15-bf9a-11d47de14730,V_02_03,S06@display=downscale_720p
V_02_02,V_02_02,b7217dd5-8d42-42dd-81b6-2d1172432ca0,H_02_04,S01@display=downscale_720p
V_02_02,V_02_02,59a8887a-b235-42c1-b76d-0d5b64e71be1,H_02_04,S01@display=downscale_720p
V_02_02,V_02_02,426e4e11-dbc4-47c8-a89b-2ed4d3cb597e,H_02_04,S01@display=downscale_720p
V_02_02,H_02_04,78189632-fa94-44d6-9a66-6afd6278905d,V_02_02,S01@display=downscale_720p
V_02_02,H_02_04,adc43c16-328a-4b3e-831e-15a1a5347760,V_02_02,S01@display=downscale_720p
,V_02_02,0778a679-4934-4628-824f-3768ebf7bba5,H_02_04,S01@display=downscale_720p
V_02_02,H_02_04,4e548710-90d2-4f08-81d2-4650cc166f14,V_02_02,S01@display=downscale_720p
V_02_02,H_02_04,296dcc0c-e3dc-4c82-a7f6-bd6129751e29,V_02_02,S01@display=downscale_720p
,H_02_04,d88d958b-0585-460a-b9f4-fe48042f9bba,V_02_02,S01@display=downscale_720p
V_02_02,V_02_02,2dcb0734-8591-4649-9f37-db46fefdac73,H_02_04,S01@display=downscale_720p
V_02_04,V_02_04,b7217dd5-8d42-42dd-81b6-2d1172432ca0,A_02_02,S01@display=downscale_720p
A_02_02,A_02_02,e3e9a196-ccfa-4e47-8759-8c819269b9ac,V_02_04,S01@display=downscale_720p
,A_02_02,1582dfd4-f742-4587-ac2a-753732307228,V_02_04,S01@display=downscale_720p
A_02_02,A_02_02,9f21e38d-82ad-4392-b35b-5ec4261b59eb,V_02_04,S01@display=downscale_720p
,A_02_02,c901fe3c-ed4e-4cad-a813-8ac7c9f9cda1,V_02_04,S01@display=downscale_720p
A_02_02,A_02_02,6c17e7d6-1344-43bb-8124-d90690e71fcb,V_02_04,S01@display=downscale_720p
,V_02_04,71b0eb8c-7f7c-494f-a027-93ab652b5055,A_02_02,S01@display=downscale_720p
,A_02_02,71b0eb8c-7f7c-494f-a027-93ab652b5055,V_02_04,S01@display=downscale_720p
A_02_02,A_02_02,d8c1bc80-412f-4d47-99ac-13139f531c78,V_02_04,S01@display=downscale_720p
A_02_02,A_02_02,98203f1f-c6d3-403d-9d99-70f5da85f8fc,V_02_04,S01@display=downscale_720p
V_02_02,V_02_02,3ccc137a-9b89-4aa1-a322-fad70c96728f,H_02_03,S09@display=downscale_720p
,H_02_03,9a5782c3-0501-4063-b1f9-f123dbd777d3,V_02_02,S09@display=downscale_720p
,H_02_03,6b1f5794-952c-4cdb-a62e-57821a762323,V_02_02,S09@display=downscale_720p
V_02_02,H_02_03,51a35fe7-a903-4d22-8f32-7faf7650eb7d,V_02_02,S09@display=downscale_720p
,V_02_02,c901fe3c-ed4e-4cad-a813-8ac7c9f9cda1,H_02_03,S09@display=downscale_720p
,H_02_03,78189632-fa94-44d6-9a66-6afd6278905d,V_02_02,S09@display=downscale_720p
V_02_02,V_02_02,8a9de4c5-2dbc-4b75-ae02-58764c36624b,H_02_03,S09@display=downscale_720p
H_02_03,H_02_03,5b9ca96e-edc8-405a-a9be-1287556f79d0,V_02_02,S09@display=downscale_720p
,V_02_02,88bd9602-0f35-402e-bdcb-18a5a6bb13a6,H_02_03,S09@display=downscale_720p
H_02_03,H_02_03,0109c2b8-15a3-47c4-9342-2b215a321563,V_02_02,S09@display=downscale_720p
V_02_03,H_02_03,3ccc137a-9b89-4aa1-a322-fad70c96728f,V_02_03,S08@display=downscale_720p
,H_02_03,e3e9a196-ccfa-4e47-8759-8c819269b9ac,V_02_03,S08@display=downscale_720p
H_02_03,H_02_03,4646db8b-4471-4610-b7a9-5996112c40ed,V_02_03,S08@display=downscale_720p
,V_02_03,2dcb0734-8591-4649-9f37-db46fefdac73,H_02_03,S08@display=downscale_720p
V_02_03,H_02_03,85f4a8ff-f9b3-450b-a819-5a998590e834,V_02_03,S08@display=downscale_720p
H_02_03,V_02_03,4e548710-90d2-4f08-81d2-4650cc166f14,H_02_03,S08@display=downscale_720p
H_02_03,V_02_03,6f5a526a-943c-46c1-92ec-b897f48d5414,H_02_03,S08@display=downscale_720p
,H_02_03,7e165902-842d-414b-8140-1eda62ac6084,V_02_03,S08@display=downscale_720p
V_02_03,V_02_03,16e82927-23fb-46e5-aba1-bd441bf4a818,H_02_03,S08@display=downscale_720p
,V_02_03,046725dd-5a21-4668-8e86-9a7db790b6d3,H_02_03,S08@display=downscale_720p
H_02_03,H_02_04,3ccc137a-9b89-4aa1-a322-fad70c96728f,H_02_03,S03@display=downscale_720p
H_02_03,H_02_03,5593af0d-6ec8-4fcb-a4ce-139ec78d0c79,H_02_04,S03@display=downscale_720p
H_02_03,H_02_04,09fca754-3a74-4d16-a08c-84ed6efe8882,H_02_03,S03@display=downscale_720p
H_02_03,H_02_03,d3903be9-8ce8-4b11-a521-e2a87f632230,H_02_04,S03@display=downscale_720p
H_02_03,H_02_04,2c6915d3-251a-4678-949c-70a2c049d32e,H_02_03,S03@display=downscale_720p
,H_02_04,d58730de-d9a3-467b-a170-d950379137e0,H_02_03,S03@display=downscale_720p
H_02_03,H_02_03,2367618d-fdb1-4a3c-98cf-155b1b95c446,H_02_04,S03@display=downscale_720p
H_02_03,H_02_03,e5326dba-7341-4b2b-97c2-e58d2675a729,H_02_04,S03@display=downscale_720p
H_02_03,H_02_03,170fef03-2ff4-4fec-a2ed-4c5bfc51eb91,H_02_04,S03@display=downscale_720p
H_02_03,H_02_03,8c992adc-55ca-42a8-9b22-2ef3064a339f,H_02_04,S03@display=downscale_720p
H_02_02,H_02_02,3ccc137a-9b89-4aa1-a322-fad70c96728f,H_02_03,S03@display=downscale_720p
,H_02_03,8a72bcc5-3880-4a37-8853-095e4167b90f,H_02_02,S03@display=downscale_720p
H_02_02,H_02_03,d3903be9-8ce8-4b11-a521-e2a87f632230,H_02_02,S03@display=downscale_720p
H_02_02,H_02_03,8d192948-3fb5-43c4-af59-85b9baa71b8f,H_02_02,S03@display=downscale_720p
H_02_02,H_02_02,d58730de-d9a3-467b-a170-d950379137e0,H_02_03,S03@display=downscale_720p
,H_02_03,bf4179ae-5935-4a01-98ae-8da103f321f8,H_02_02,S03@display=downscale_720p
H_02_02,H_02_02,13f7f2a8-6a09-4d94-bb8e-9be167d14f2d,H_02_03,S03@display=downscale_720p
H_02_02,H_02_02,01875a85-7fc2-42c9-bc76-a479aaca875d,H_02_03,S03@display=downscale_720p
,H_02_03,88bd9602-0f35-402e-bdcb-18a5a6bb13a6,H_02_02,S03@display=downscale_720p
H_02_02,H_02_02,5556a090-c5a7-47af-83bd-1c45856677ee,H_02_03,S03@display=downscale_720p
A_02_02,H_02_04,bd61cb3b-94be-482f-9e92-a1427be48716,A_02_02,S04@display=downscale_720p
A_02_02,A_02_02,5376bff7-8314-47b3-bf62-208e5cce0672,H_02_04,S04@display=downscale_720p
,H_02_04,046725dd-5a21-4668-8e86-9a7db790b6d3,A_02_02,S04@display=downscale_720p
A_02_02,A_02_02,c3d7d009-3f82-4637-b24f-2e1c2bc0a929,H_02_04,S04@display=downscale_720p
A_02_02,A_02_02,26d220af-11a8-4f0d-998b-d8c960f138c3,H_02_04,S04@display=downscale_720p
A_02_02,H_02_04,e3e9a196-ccfa-4e47-8759-8c819269b9ac,A_02_02,S04@display=downscale_720p
A_02_02,A_02_02,9a5782c3-0501-4063-b1f9-f123dbd777d3,H_02_04,S04@display=downscale_720p
A_02_02,H_02_04,26d220af-11a8-4f0d-998b-d8c960f138c3,A_02_02,S04@display=downscale_720p
A_02_02,H_02_04,ff3fa308-811a-4a4e-8567-74766e273529,A_02_02,S04@display=downscale_720p
A_02_02,H_02_04,c91c3d61-3b89-42f7-a978-250341c8e50c,A_02_02,S04@display=downscale_720p
A_02_02,A_02_02,e3e9a196-ccfa-4e47-8759-8c819269b9ac,A_02_04,S09@display=downscale_720p
A_02_02,A_02_02,9a5782c3-0501-4063-b1f9-f123dbd777d3,A_02_04,S09@display=downscale_720p
A_02_02,A_02_02,3c676bc2-2f1c-4465-a90a-09bf5dcba673,A_02_04,S09@display=downscale_720p
A_02_02,A_02_02,eb125c1e-a605-455a-a8b3-ebda76836e01,A_02_04,S09@display=downscale_720p
A_02_02,A_02_04,6c17e7d6-1344-43bb-8124-d90690e71fcb,A_02_02,S09@display=downscale_720p
A_02_02,A_02_04,50c199f7-d5da-4378-986a-a6a50ecfb09e,A_02_02,S09@display=downscale_720p
A_02_02,A_02_02,8acedfff-b933-440b-8909-826f0385abcd,A_02_04,S09@display=downscale_720p
A_02_02,A_02_02,828d829d-512a-4295-8c94-5dca353c3dc8,A_02_04,S09@display=downscale_720p
A_02_02,A_02_04,ed656c2a-3ba5-4e8d-a6df-275e0dd59504,A_02_02,S09@display=downscale_720p
A_02_02,A_02_04,c887bdd6-0366-4272-b428-1218b105b134,A_02_02,S09@display=downscale_720p
V_02_02,V_02_02,5593af0d-6ec8-4fcb-a4ce-139ec78d0c79,H_02_02,S04@display=downscale_720p
,V_02_02,c3d7d009-3f82-4637-b24f-2e1c2bc0a929,H_02_02,S04@display=downscale_720p
,H_02_02,d5cbdc09-bb32-4ef6-a6dc-b39a9ab3c2df,V_02_02,S04@display=downscale_720p
,V_02_02,b25458da-c4eb-46ab-9e42-d7e131830f03,H_02_02,S04@display=downscale_720p
V_02_02,V_02_02,ae82db8e-ad66-44e4-8c16-5524b81e5f7d,H_02_02,S04@display=downscale_720p
V_02_02,H_02_02,59ff7d27-d4c4-424c-8254-2159381e5428,V_02_02,S04@display=downscale_720p
H_02_02,H_02_02,59ff7d27-d4c4-424c-8254-2159381e5428,V_02_02,S04@display=downscale_720p
V_02_02,V_02_02,50c199f7-d5da-4378-986a-a6a50ecfb09e,H_02_02,S04@display=downscale_720p
V_02_02,V_02_02,501e8cf2-7ae2-4e2a-a7f6-84d5b2d3a2b8,H_02_02,S04@display=downscale_720p
V_02_02,V_02_02,5556a090-c5a7-47af-83bd-1c45856677ee,H_02_02,S04@display=downscale_720p
,V_02_03,38228acf-0b11-4591-a4de-d4b59e3e304d,H_02_02,S07@display=downscale_720p
,V_02_03,4907a83e-7fbc-43f4-b2e8-6af4eac64a3f,H_02_02,S07@display=downscale_720p
,H_02_02,82796183-4736-4303-8371-7d113472cf41,V_02_03,S07@display=downscale_720p
,H_02_02,38228acf-0b11-4591-a4de-d4b59e3e304d,V_02_03,S07@display=downscale_720p
V_02_03,H_02_02,5593af0d-6ec8-4fcb-a4ce-139ec78d0c79,V_02_03,S07@display=downscale_720p
V_02_03,H_02_02,8acedfff-b933-440b-8909-826f0385abcd,V_02_03,S07@display=downscale_720p
V_02_03,H_02_02,0205dc10-1d6c-45fa-b168-78edc9551986,V_02_03,S07@display=downscale_720p
,V_02_03,8a72bcc5-3880-4a37-8853-095e4167b90f,H_02_02,S07@display=downscale_720p
,H_02_02,19e0b29c-66ef-4d8c-80ed-6074f0b98785,V_02_03,S07@display=downscale_720p
,V_02_03,4907a83e-7fbc-43f4-b2e8-6af4eac64a3f,H_02_02,S07@display=downscale_720p
,A_02_02,5593af0d-6ec8-4fcb-a4ce-139ec78d0c79,V_02_03,S09@display=downscale_720p
,V_02_03,9a5782c3-0501-4063-b1f9-f123dbd777d3,A_02_02,S09@display=downscale_720p
A_02_02,A_02_02,a091e662-a14d-4153-92ca-d5583400ef5c,V_02_03,S09@display=downscale_720p
A_02_02,V_02_03,5734e3e6-e0a5-4b44-8de2-4b2fcce5269b,A_02_02,S09@display=downscale_720p
A_02_02,A_02_02,6c17e7d6-1344-43bb-8124-d90690e71fcb,V_02_03,S09@display=downscale_720p
A_02_02,A_02_02,743fb9c3-fb20-4bfc-9b7d-677888efc14f,V_02_03,S09@display=downscale_720p
,A_02_02,71b0eb8c-7f7c-494f-a027-93ab652b5055,V_02_03,S09@display=downscale_720p
V_02_03,A_02_02,50d3a8d4-117a-4456-b32c-82438624f5ea,V_02_03,S09@display=downscale_720p
A_02_02,V_02_03,501e8cf2-7ae2-4e2a-a7f6-84d5b2d3a2b8,A_02_02,S09@display=downscale_720p
,V_02_03,046725dd-5a21-4668-8e86-9a7db790b6d3,A_02_02,S09@display=downscale_720p
V_02_04,A_02_03,c3d7d009-3f82-4637-b24f-2e1c2bc0a929,V_02_04,S08@display=downscale_720p
,A_02_03,4907a83e-7fbc-43f4-b2e8-6af4eac64a3f,V_02_04,S08@display=downscale_720p
,V_02_04,9665df29-fa2e-440a-a9a9-a4c18ef4978d,A_02_03,S08@display=downscale_720p
A_02_03,A_02_03,3c676bc2-2f1c-4465-a90a-09bf5dcba673,V_02_04,S08@display=downscale_720p
A_02_03,V_02_04,8036ce10-4126-4b7f-b1cf-b14b3d4a7cdf,A_02_03,S08@display=downscale_720p
V_02_04,V_02_04,ae82db8e-ad66-44e4-8c16-5524b81e5f7d,A_02_03,S08@display=downscale_720p
V_02_04,A_02_03,8a9de4c5-2dbc-4b75-ae02-58764c36624b,V_02_04,S08@display=downscale_720p
,A_02_03,dffbbf73-3719-4c35-bf8a-a42f10289d9b,V_02_04,S08@display=downscale_720p
A_02_03,V_02_04,16e82927-23fb-46e5-aba1-bd441bf4a818,A_02_03,S08@display=downscale_720p
A_02_03,A_02_03,fae820c8-124d-42a1-ad60-82e2e6a3ae83,V_02_04,S08@display=downscale_720p
A_02_03,H_02_04,2a07eafe-3803-457d-b135-e86b890f7b89,A_02_03,S02@display=downscale_720p
,H_02_04,c43f1678-a2c6-4fff-8d65-fe718af03082,A_02_03,S02@display=downscale_720p
A_02_03,H_02_04,b5e82897-f57b-4598-878a-ac98805f3380,A_02_03,S02@display=downscale_720p
A_02_03,A_02_03,5376bff7-8314-47b3-bf62-208e5cce0672,H_02_04,S02@display=downscale_720p
A_02_03,H_02_04,51a35fe7-a903-4d22-8f32-7faf7650eb7d,A_02_03,S02@display=downscale_720p
,A_02_03,99a13978-779c-4f98-b4ad-0f0566418b9b,H_02_04,S02@display=downscale_720p
A_02_03,A_02_03,eda1f4cf-9647-482a-b01d-f80255a254c7,H_02_04,S02@display=downscale_720p
,A_02_03,eda1f4cf-9647-482a-b01d-f80255a254c7,H_02_04,S02@display=downscale_720p
A_02_03,A_02_03,6fec16f7-cfd9-48ea-93ac-508c71aa2e92,H_02_04,S02@display=downscale_720p
A_02_03,H_02_04,a2dbf6e1-12c7-42b2-86e1-5508f7c53c63,A_02_03,S02@display=downscale_720p
H_02_02,H_02_02,2a07eafe-3803-457d-b135-e86b890f7b89,V_02_02,S03@display=downscale_720p
,V_02_02,2d131ab7-9c85-477a-92bc-f6c217eac087,H_02_02,S03@display=downscale_720p
H_02_02,H_02_02,bc676637-46a5-4073-9412-e0ed07e20264,V_02_02,S03@display=downscale_720p
H_02_02,H_02_02,bc676637-46a5-4073-9412-e0ed07e20264,V_02_02,S03@display=downscale_720p
,H_02_02,43a0744c-2730-413c-b61e-fad1bee96e86,V_02_02,S03@display=downscale_720p
V_02_02,V_02_02,bc676637-46a5-4073-9412-e0ed07e20264,H_02_02,S03@display=downscale_720p
,H_02_02,44703767-9d83-49e1-b8e4-f669f82afd6d,V_02_02,S03@display=downscale_720p
,V_02_02,2d131ab7-9c85-477a-92bc-f6c217eac087,H_02_02,S03@display=downscale_720p
H_02_02,H_02_02,e8de3de9-8362-4b05-a27d-013607dbd77d,V_02_02,S03@display=downscale_720p
H_02_02,H_02_02,2d131ab7-9c85-477a-92bc-f6c217eac087,V_02_02,S03@display=downscale_720p
A_02_02,A_02_04,38228acf-0b11-4591-a4de-d4b59e3e304d,A_02_02,S06@display=downscale_720p
A_02_02,A_02_04,2a07eafe-3803-457d-b135-e86b890f7b89,A_02_02,S06@display=downscale_720p
,A_02_04,761f7f33-fc3c-4f59-b330-bca279f047c2,A_02_02,S06@display=downscale_720p
A_02_02,A_02_02,64ee7c47-a880-4870-b90f-98b2cea3d108,A_02_04,S06@display=downscale_720p
A_02_02,A_02_02,49329bef-9731-4b25-8045-afc3ffa143bd,A_02_04,S06@display=downscale_720p
A_02_02,A_02_04,9cee37ee-31bf-4646-a76d-6f10094af82f,A_02_02,S06@display=downscale_720p
A_02_02,A_02_02,43a0744c-2730-413c-b61e-fad1bee96e86,A_02_04,S06@display=downscale_720p
,A_02_02,8e874a12-9537-4451-ae74-e21020a5ea6f,A_02_04,S06@display=downscale_720p
A_02_02,A_02_04,4907a83e-7fbc-43f4-b2e8-6af4eac64a3f,A_02_02,S06@display=downscale_720p
A_02_02,A_02_04,53ac50fa-a11c-4fb9-8d05-24625226e038,A_02_02,S06@display=downscale_720p
A_02_03,A_02_03,2d131ab7-9c85-477a-92bc-f6c217eac087,V_02_02,S01@display=downscale_720p
V_02_02,V_02_02,7251bcce-8b41-43fd-a3cd-c4d607673836,A_02_03,S01@display=downscale_720p
V_02_02,A_02_03,98203f1f-c6d3-403d-9d99-70f5da85f8fc,V_02_02,S01@display=downscale_720p
V_02_02,V_02_02,c7864864-2cbc-4f23-892b-1323a8077dfb,A_02_03,S01@display=downscale_720p
,A_02_03,38228acf-0b11-4591-a4de-d4b59e3e304d,V_02_02,S01@display=downscale_720p
V_02_02,V_02_02,2d131ab7-9c85-477a-92bc-f6c217eac087,A_02_03,S01@display=downscale_720p
V_02_02,V_02_02,743fb9c3-fb20-4bfc-9b7d-677888efc14f,A_02_03,S01@display=downscale_720p
V_02_02,A_02_03,43a0744c-2730-413c-b61e-fad1bee96e86,V_02_02,S01@display=downscale_720p
,A_02_03,c43f1678-a2c6-4fff-8d65-fe718af03082,V_02_02,S01@display=downscale_720p
,A_02_03,7f538841-5634-40d2-984b-d2b9a8f3de37,V_02_02,S01@display=downscale_720p
H_02_02,V_02_04,c43f1678-a2c6-4fff-8d65-fe718af03082,H_02_02,S06@display=downscale_720p
H_02_02,H_02_02,1c4b9d4d-f46e-4dc3-9c7a-8f2ab1caee74,V_02_04,S06@display=downscale_720p
,V_02_04,0440241e-020c-45e1-972b-d12ee557f199,H_02_02,S06@display=downscale_720p
,V_02_04,fea02753-fd51-42ba-93e9-cfe01ef2e123,H_02_02,S06@display=downscale_720p
H_02_02,V_02_04,43a0744c-2730-413c-b61e-fad1bee96e86,H_02_02,S06@display=downscale_720p
,H_02_02,ee7a4321-6200-42eb-928a-4d8689a6222f,V_02_04,S06@display=downscale_720p
,H_02_02,43a0744c-2730-413c-b61e-fad1bee96e86,V_02_04,S06@display=downscale_720p
V_02_04,H_02_02,45cb17f4-bc50-462b-8899-6159f21e4966,V_02_04,S06@display=downscale_720p
,V_02_04,eda1f4cf-9647-482a-b01d-f80255a254c7,H_02_02,S06@display=downscale_720p
V_02_04,H_02_02,45cb17f4-bc50-462b-8899-6159f21e4966,V_02_04,S06@display=downscale_720p
V_02_03,V_02_03,43a0744c-2730-413c-b61e-fad1bee96e86,H_02_04,S05@display=downscale_720p
V_02_03,H_02_04,1c4b9d4d-f46e-4dc3-9c7a-8f2ab1caee74,V_02_03,S05@display=downscale_720p
V_02_03,H_02_04,49329bef-9731-4b25-8045-afc3ffa143bd,V_02_03,S05@display=downscale_720p
V_02_03,H_02_04,7c61efc9-0e02-461a-af2c-34a923d2c794,V_02_03,S05@display=downscale_720p
V_02_03,V_02_03,78cdaf7e-0824-4579-ada3-09888130112c,H_02_04,S05@display=downscale_720p
V_02_03,V_02_03,9cee37ee-31bf-4646-a76d-6f10094af82f,H_02_04,S05@display=downscale_720p
,H_02_04,d09060ea-d90e-4d32-a5a4-a8bdf785d5ef,V_02_03,S05@display=downscale_720p
V_02_03,V_02_03,828d829d-512a-4295-8c94-5dca353c3dc8,H_02_04,S05@display=downscale_720p
V_02_03,H_02_04,9c112c43-7cfd-41cf-97da-abb223fde74c,V_02_03,S05@display=downscale_720p
,H_02_04,9c112c43-7cfd-41cf-97da-abb223fde74c,V_02_03,S05@display=downscale_720p
V_02_02,V_02_02,2d131ab7-9c85-477a-92bc-f6c217eac087,H_02_04,S02@display=downscale_720p
V_02_02,H_02_04,6669cc1e-0fe8-464b-a75c-6409791ea24c,V_02_02,S02@display=downscale_720p
V_02_02,V_02_02,0fac0fcc-a2c0-4120-8e26-e63d24e598d2,H_02_04,S02@display=downscale_720p
V_02_02,V_02_02,0fac0fcc-a2c0-4120-8e26-e63d24e598d2,H_02_04,S02@display=downscale_720p
V_02_02,H_02_04,0fac0fcc-a2c0-4120-8e26-e63d24e598d2,V_02_02,S02@display=downscale_720p
V_02_02,H_02_04,80d0705c-47d0-44e8-b745-5cc04f35dfa6,V_02_02,S02@display=downscale_720p
V_02_02,H_02_04,e5326dba-7341-4b2b-97c2-e58d2675a729,V_02_02,S02@display=downscale_720p
V_02_02,H_02_04,e5326dba-7341-4b2b-97c2-e58d2675a729,V_02_02,S02@display=downscale_720p
V_02_02,H_02_04,e5326dba-7341-4b2b-97c2-e58d2675a729,V_02_02,S02@display=downscale_720p
,H_02_04,00b8bcfc-f40c-4fa2-95a4-c5f666ad962a,V_02_02,S02@display=downscale_720p
H_02_03,A_02_04,bf4179ae-5935-4a01-98ae-8da103f321f8,H_02_03,S02@display=downscale_720p
H_02_03,A_02_04,44703767-9d83-49e1-b8e4-f669f82afd6d,H_02_03,S02@display=downscale_720p
H_02_03,A_02_04,6c17e7d6-1344-43bb-8124-d90690e71fcb,H_02_03,S02@display=downscale_720p
H_02_03,A_02_04,1e9459c7-0170-403b-b70f-4792709f9532,H_02_03,S02@display=downscale_720p
,A_02_04,2d131ab7-9c85-477a-92bc-f6c217eac087,H_02_03,S02@display=downscale_720p
H_02_03,A_02_04,426e4e11-dbc4-47c8-a89b-2ed4d3cb597e,H_02_03,S02@display=downscale_720p
H_02_03,H_02_03,cdd5d00d-a990-4f18-bf7f-7ed617f9ae7a,A_02_04,S02@display=downscale_720p
H_02_03,H_02_03,e8de3de9-8362-4b05-a27d-013607dbd77d,A_02_04,S02@display=downscale_720p
H_02_03,H_02_03,2d131ab7-9c85-477a-92bc-f6c217eac087,A_02_04,S02@display=downscale_720p
H_02_03,H_02_03,34a267ad-eeec-427e-8ab9-7f641b7a7274,A_02_04,S02@display=downscale_720p
,V_02_02,6783cb20-9421-4e68-b959-e26e561aec04,V_02_04,S09@display=downscale_720p
V_02_02,V_02_04,e60d84f2-2aee-4ebc-b826-de0023409038,V_02_02,S09@display=downscale_720p
V_02_02,V_02_02,1c8f9feb-b5fe-4096-9cf9-99f9cd1ea29a,V_02_04,S09@display=downscale_720p
V_02_04,V_02_02,a1177765-5f3b-4328-a6b1-66550d59f893,V_02_04,S09@display=downscale_720p
,V_02_02,c887bdd6-0366-4272-b428-1218b105b134,V_02_04,S09@display=downscale_720p
,V_02_02,5b9ca96e-edc8-405a-a9be-1287556f79d0,V_02_04,S09@display=downscale_720p
,V_02_04,27cd9dc7-b01c-4d06-92fb-54e970ec0db8,V_02_02,S09@display=downscale_720p
V_02_04,V_02_02,2d131ab7-9c85-477a-92bc-f6c217eac087,V_02_04,S09@display=downscale_720p
,V_02_02,27cd9dc7-b01c-4d06-92fb-54e970ec0db8,V_02_04,S09@display=downscale_720p
V_02_02,V_02_04,3c676bc2-2f1c-4465-a90a-09bf5dcba673,V_02_02,S09@display=downscale_720p
A_02_02,A_02_02,8eaecae3-3fc9-4fc6-a052-030c62bf6857,A_02_04,S05@display=downscale_720p
A_02_02,A_02_02,c43f1678-a2c6-4fff-8d65-fe718af03082,A_02_04,S05@display=downscale_720p
A_02_02,A_02_02,a985fed3-2c39-4f2c-a145-7f52394220de,A_02_04,S05@display=downscale_720p
A_02_02,A_02_04,a99d29a7-655e-4ac0-9685-801b6701ef99,A_02_02,S05@display=downscale_720p
A_02_02,A_02_04,99565672-59b6-49ae-86c8-b67caabad734,A_02_02,S05@display=downscale_720p
A_02_02,A_02_02,0440241e-020c-45e1-972b-d12ee557f199,A_02_04,S05@display=downscale_720p
A_02_02,A_02_04,d09060ea-d90e-4d32-a5a4-a8bdf785d5ef,A_02_02,S05@display=downscale_720p
A_02_02,A_02_02,8e874a12-9537-4451-ae74-e21020a5ea6f,A_02_04,S05@display=downscale_720p
A_02_02,A_02_02,9be95918-d2cc-4c83-af87-146d182978cd,A_02_04,S05@display=downscale_720p
A_02_02,A_02_04,426e4e11-dbc4-47c8-a89b-2ed4d3cb597e,A_02_02,S05@display=downscale_720p
H_02_03,H_02_03,8eaecae3-3fc9-4fc6-a052-030c62bf6857,A_02_03,S05@display=downscale_720p
H_02_03,H_02_03,6669cc1e-0fe8-464b-a75c-6409791ea24c,A_02_03,S05@display=downscale_720p
H_02_03,H_02_03,a985fed3-2c39-4f2c-a145-7f52394220de,A_02_03,S05@display=downscale_720p
,H_02_03,65b4399b-258a-40b2-8e26-487326752e29,A_02_03,S05@display=downscale_720p
A_02_03,H_02_03,51a35fe7-a903-4d22-8f32-7faf7650eb7d,A_02_03,S05@display=downscale_720p
,H_02_03,c901fe3c-ed4e-4cad-a813-8ac7c9f9cda1,A_02_03,S05@display=downscale_720p
,H_02_03,71b0eb8c-7f7c-494f-a027-93ab652b5055,A_02_03,S05@display=downscale_720p
,H_02_03,50d3a8d4-117a-4456-b32c-82438624f5ea,A_02_03,S05@display=downscale_720p
H_02_03,A_02_03,98203f1f-c6d3-403d-9d99-70f5da85f8fc,H_02_03,S05@display=downscale_720p
,A_02_03,c887bdd6-0366-4272-b428-1218b105b134,H_02_03,S05@display=downscale_720p
A_02_02,H_02_03,4b6c9fed-8e80-472a-88d2-0649b5334c5c,A_02_02,S06@display=downscale_720p
H_02_03,A_02_02,a985fed3-2c39-4f2c-a145-7f52394220de,H_02_03,S06@display=downscale_720p
H_02_03,H_02_03,74bbeddc-30ff-4d2d-848d-44caff6cebd6,A_02_02,S06@display=downscale_720p
,A_02_02,984224e9-ac5e-4c19-af2e-b6f9ff7e5d4f,H_02_03,S06@display=downscale_720p
H_02_03,A_02_02,e8de3de9-8362-4b05-a27d-013607dbd77d,H_02_03,S06@display=downscale_720p
A_02_02,H_02_03,39f680ab-2a22-42d6-9399-be0fdfed7a8b,A_02_02,S06@display=downscale_720p
,H_02_03,1be9beb4-1d95-4e4a-9e56-cf91c910b288,A_02_02,S06@display=downscale_720p
A_02_02,A_02_02,0fac0fcc-a2c0-4120-8e26-e63d24e598d2,H_02_03,S06@display=downscale_720p
H_02_03,H_02_03,a1177765-5f3b-4328-a6b1-66550d59f893,A_02_02,S06@display=downscale_720p
H_02_03,A_02_02,0109c2b8-15a3-47c4-9342-2b215a321563,H_02_03,S06@display=downscale_720p
V_02_03,V_02_03,6d73ea9c-7cf0-4569-a699-0205c8a2f979,H_02_04,S07@display=downscale_720p
V_02_03,H_02_04,1e9459c7-0170-403b-b70f-4792709f9532,V_02_03,S07@display=downscale_720p
V_02_03,H_02_04,0a6a5263-b23a-48c5-a601-65dfaae5d379,V_02_03,S07@display=downscale_720p
V_02_03,H_02_04,0cda7244-81af-4c2f-820e-d609b1bdf00b,V_02_03,S07@display=downscale_720p
V_02_03,V_02_03,e5326dba-7341-4b2b-97c2-e58d2675a729,H_02_04,S07@display=downscale_720p
V_02_03,V_02_03,9c112c43-7cfd-41cf-97da-abb223fde74c,H_02_04,S07@display=downscale_720p
V_02_03,H_02_04,4b6c9fed-8e80-472a-88d2-0649b5334c5c,V_02_03,S07@display=downscale_720p
V_02_03,H_02_04,45cb17f4-bc50-462b-8899-6159f21e4966,V_02_03,S07@display=downscale_720p
V_02_03,V_02_03,c5289fb2-7a0f-4b10-9229-e84bbc071295,H_02_04,S07@display=downscale_720p
V_02_03,V_02_03,6669cc1e-0fe8-464b-a75c-6409791ea24c,H_02_04,S07@display=downscale_720p
,H_02_03,1e9459c7-0170-403b-b70f-4792709f9532,A_02_02,S07@display=downscale_720p
H_02_03,H_02_03,c91c3d61-3b89-42f7-a978-250341c8e50c,A_02_02,S07@display=downscale_720p
A_02_02,A_02_02,39f680ab-2a22-42d6-9399-be0fdfed7a8b,H_02_03,S07@display=downscale_720p
,A_02_02,8ca7b4fe-37e4-42dd-bf4e-673dd1fadc61,H_02_03,S07@display=downscale_720p
A_02_02,A_02_02,39f680ab-2a22-42d6-9399-be0fdfed7a8b,H_02_03,S07@display=downscale_720p
,A_02_02,c901fe3c-ed4e-4cad-a813-8ac7c9f9cda1,H_02_03,S07@display=downscale_720p
A_02_02,H_02_03,4b6c9fed-8e80-472a-88d2-0649b5334c5c,A_02_02,S07@display=downscale_720p
,A_02_02,1e9459c7-0170-403b-b70f-4792709f9532,H_02_03,S07@display=downscale_720p
A_02_02,A_02_02,7e901616-a1c1-4a92-a41b-d9c5260d418b,H_02_03,S07@display=downscale_720p
A_02_02,H_02_03,00b8bcfc-f40c-4fa2-95a4-c5f666ad962a,A_02_02,S07@display=downscale_720p
V_02_02,V_02_02,4646db8b-4471-4610-b7a9-5996112c40ed,H_02_03,S02@display=downscale_720p
V_02_02,V_02_02,d992b125-40c1-4357-872b-73274cb051cd,H_02_03,S02@display=downscale_720p
V_02_02,V_02_02,933d8af8-1ab2-4e55-ae03-cd87ff4b179a,H_02_03,S02@display=downscale_720p
,V_02_02,c901fe3c-ed4e-4cad-a813-8ac7c9f9cda1,H_02_03,S02@display=downscale_720p
,H_02_03,7597850a-f1d3-42d6-ab3b-b865d992b156,V_02_02,S02@display=downscale_720p
H_02_03,H_02_03,d992b125-40c1-4357-872b-73274cb051cd,V_02_02,S02@display=downscale_720p
,H_02_03,974e8a16-3e5b-4c18-84d6-ca526197aadf,V_02_02,S02@display=downscale_720p
,V_02_02,8036ce10-4126-4b7f-b1cf-b14b3d4a7cdf,H_02_03,S02@display=downscale_720p
H_02_03,H_02_03,4c1d6729-79d3-4539-ad31-bed60d1c7700,V_02_02,S02@display=downscale_720p
V_02_02,V_02_02,7251bcce-8b41-43fd-a3cd-c4d607673836,H_02_03,S02@display=downscale_720p
V_02_03,V_02_03,4c1d6729-79d3-4539-ad31-bed60d1c7700,H_02_04,S03@display=downscale_720p
V_02_03,V_02_03,6d73ea9c-7cf0-4569-a699-0205c8a2f979,H_02_04,S03@display=downscale_720p
V_02_03,H_02_04,df403bf1-207c-4b9b-ac50-f1591ecb7a00,V_02_03,S03@display=downscale_720p
V_02_03,H_02_04,a091e662-a14d-4153-92ca-d5583400ef5c,V_02_03,S03@display=downscale_720p
V_02_03,V_02_03,8445090b-365d-4316-8153-0e682fe65432,H_02_04,S03@display=downscale_720p
V_02_03,H_02_04,8445090b-365d-4316-8153-0e682fe65432,V_02_03,S03@display=downscale_720p
V_02_03,H_02_04,8445090b-365d-4316-8153-0e682fe65432,V_02_03,S03@display=downscale_720p
V_02_03,V_02_03,71b0eb8c-7f7c-494f-a027-93ab652b5055,H_02_04,S03@display=downscale_720p
V_02_03,H_02_04,5601f7fa-86bb-4b0a-9fc4-e7c3404e5f28,V_02_03,S03@display=downscale_720p
V_02_03,H_02_04,53ac50fa-a11c-4fb9-8d05-24625226e038,V_02_03,S03@display=downscale_720p
V_02_02,V_02_03,df403bf1-207c-4b9b-ac50-f1591ecb7a00,V_02_02,S03@display=downscale_720p
,V_02_03,78189632-fa94-44d6-9a66-6afd6278905d,V_02_02,S03@display=downscale_720p
V_02_03,V_02_02,4c1d6729-79d3-4539-ad31-bed60d1c7700,V_02_03,S03@display=downscale_720p
V_02_02,V_02_02,5376bff7-8314-47b3-bf62-208e5cce0672,V_02_03,S03@display=downscale_720p
V_02_02,V_02_02,7597850a-f1d3-42d6-ab3b-b865d992b156,V_02_03,S03@display=downscale_720p
,V_02_02,07f9db17-abf6-4851-aae4-4d4587c50bfa,V_02_03,S03@display=downscale_720p
V_02_02,V_02_03,ee7a4321-6200-42eb-928a-4d8689a6222f,V_02_02,S03@display=downscale_720p
,V_02_03,13f85313-63e6-4282-b060-dfe31548b4c6,V_02_02,S03@display=downscale_720p
,V_02_03,a091e662-a14d-4153-92ca-d5583400ef5c,V_02_02,S03@display=downscale_720p
,V_02_02,bf4179ae-5935-4a01-98ae-8da103f321f8,V_02_03,S03@display=downscale_720p
H_02_02,H_02_02,4c1d6729-79d3-4539-ad31-bed60d1c7700,H_02_03,S02@display=downscale_720p
H_02_02,H_02_03,7c61efc9-0e02-461a-af2c-34a923d2c794,H_02_02,S02@display=downscale_720p
H_02_02,H_02_03,ca627781-6a60-46cf-b108-8b3819fcdc24,H_02_02,S02@display=downscale_720p
,H_02_02,65b4399b-258a-40b2-8e26-487326752e29,H_02_03,S02@display=downscale_720p
,H_02_03,aef51353-4d62-4bb2-868c-bc010215c291,H_02_02,S02@display=downscale_720p
,H_02_02,98971757-e9e2-42fe-814a-aceb68d0b457,H_02_03,S02@display=downscale_720p
H_02_02,H_02_03,5c17d573-7890-4777-af93-210e73e46398,H_02_02,S02@display=downscale_720p
,H_02_02,e0aea472-6a76-436e-af71-745b71b97d28,H_02_03,S02@display=downscale_720p
,H_02_03,64ee7c47-a880-4870-b90f-98b2cea3d108,H_02_02,S02@display=downscale_720p
H_02_03,H_02_03,0109c2b8-15a3-47c4-9342-2b215a321563,H_02_02,S02@display=downscale_720p
V_02_03,V_02_03,8c992adc-55ca-42a8-9b22-2ef3064a339f,H_02_04,S10@display=downscale_720p
V_02_03,V_02_03,9a5782c3-0501-4063-b1f9-f123dbd777d3,H_02_04,S10@display=downscale_720p
,V_02_03,9a5782c3-0501-4063-b1f9-f123dbd777d3,H_02_04,S10@display=downscale_720p
,H_02_04,8e874a12-9537-4451-ae74-e21020a5ea6f,V_02_03,S10@display=downscale_720p
V_02_03,H_02_04,cc358bbb-e39a-4d44-9a97-d3d999119b26,V_02_03,S10@display=downscale_720p
V_02_03,V_02_03,9a5782c3-0501-4063-b1f9-f123dbd777d3,H_02_04,S10@display=downscale_720p
H_02_04,V_02_03,13f7f2a8-6a09-4d94-bb8e-9be167d14f2d,H_02_04,S10@display=downscale_720p
V_02_03,V_02_03,4c1d6729-79d3-4539-ad31-bed60d1c7700,H_02_04,S10@display=downscale_720p
,H_02_04,b25458da-c4eb-46ab-9e42-d7e131830f03,V_02_03,S10@display=downscale_720p
,H_02_04,9a5782c3-0501-4063-b1f9-f123dbd777d3,V_02_03,S10@display=downscale_720p
V_02_04,H_02_04,4c1d6729-79d3-4539-ad31-bed60d1c7700,V_02_04,S10@display=downscale_720p
V_02_04,V_02_04,9b4e07f4-30f0-40aa-bef3-c500883f88ed,H_02_04,S10@display=downscale_720p
H_02_04,V_02_04,9b4e07f4-30f0-40aa-bef3-c500883f88ed,H_02_04,S10@display=downscale_720p
V_02_04,V_02_04,6d73ea9c-7cf0-4569-a699-0205c8a2f979,H_02_04,S10@display=downscale_720p
V_02_04,H_02_04,922eae9f-c310-4e42-9bdf-1ef20d56fa69,V_02_04,S10@display=downscale_720p
,H_02_04,922eae9f-c310-4e42-9bdf-1ef20d56fa69,V_02_04,S10@display=downscale_720p
V_02_04,H_02_04,5090c893-550b-48a3-92b2-9e86edda08cf,V_02_04,S10@display=downscale_720p
V_02_04,H_02_04,b3c54082-61e2-4aa7-8bc0-f758410059bf,V_02_04,S10@display=downscale_720p
,V_02_04,189f6251-48c7-43b3-ae82-67fbae2af4a9,H_02_04,S10@display=downscale_720p
H_02_04,H_02_04,5601f7fa-86bb-4b0a-9fc4-e7c3404e5f28,V_02_04,S10@display=downscale_720p
A_02_02,A_02_02,e7e4071d-f48b-47d8-a283-038e723dd91f,A_02_04,S04@display=downscale_720p
A_02_02,A_02_04,1e9459c7-0170-403b-b70f-4792709f9532,A_02_02,S04@display=downscale_720p
A_02_02,A_02_02,a985fed3-2c39-4f2c-a145-7f52394220de,A_02_04,S04@display=downscale_720p
A_02_02,A_02_02,07f9db17-abf6-4851-aae4-4d4587c50bfa,A_02_04,S04@display=downscale_720p
A_02_02,A_02_04,44703767-9d83-49e1-b8e4-f669f82afd6d,A_02_02,S04@display=downscale_720p
A_02_02,A_02_02,6669cc1e-0fe8-464b-a75c-6409791ea24c,A_02_04,S04@display=downscale_720p
A_02_02,A_02_02,0a6a5263-b23a-48c5-a601-65dfaae5d379,A_02_04,S04@display=downscale_720p
A_02_02,A_02_02,a985fed3-2c39-4f2c-a145-7f52394220de,A_02_04,S04@display=downscale_720p
A_02_02,A_02_02,339d31df-b966-4fe0-9476-345fd01047d6,A_02_04,S04@display=downscale_720p
A_02_02,A_02_04,c43f1678-a2c6-4fff-8d65-fe718af03082,A_02_02,S04@display=downscale_720p
H_02_03,A_02_04,c43f1678-a2c6-4fff-8d65-fe718af03082,H_02_03,S09@display=downscale_720p
H_02_03,A_02_04,1c4b9d4d-f46e-4dc3-9c7a-8f2ab1caee74,H_02_03,S09@display=downscale_720p
H_02_03,A_02_04,5601f7fa-86bb-4b0a-9fc4-e7c3404e5f28,H_02_03,S09@display=downscale_720p
H_02_03,A_02_04,b3c5e38d-d6be-421e-82f1-c2af9f0a9b1f,H_02_03,S09@display=downscale_720p
H_02_03,A_02_04,88bd9602-0f35-402e-bdcb-18a5a6bb13a6,H_02_03,S09@display=downscale_720p
H_02_03,A_02_04,c5289fb2-7a0f-4b10-9229-e84bbc071295,H_02_03,S09@display=downscale_720p
H_02_03,H_02_03,99a13978-779c-4f98-b4ad-0f0566418b9b,A_02_04,S09@display=downscale_720p
H_02_03,A_02_04,9b4e07f4-30f0-40aa-bef3-c500883f88ed,H_02_03,S09@display=downscale_720p
H_02_03,A_02_04,eaf6213a-31c3-420d-aa0f-3eef29d04ce7,H_02_03,S09@display=downscale_720p
H_02_03,A_02_04,50c199f7-d5da-4378-986a-a6a50ecfb09e,H_02_03,S09@display=downscale_720p
H_02_02,A_02_04,a1177765-5f3b-4328-a6b1-66550d59f893,H_02_02,S02@display=downscale_720p
H_02_02,H_02_02,cc282dde-7397-4e85-b99c-afa56799cb4b,A_02_04,S02@display=downscale_720p
,H_02_02,7e165902-842d-414b-8140-1eda62ac6084,A_02_04,S02@display=downscale_720p
H_02_02,H_02_02,980d2d8b-ef14-4422-9c2e-7fe3cf484d55,A_02_04,S02@display=downscale_720p
H_02_02,A_02_04,980d2d8b-ef14-4422-9c2e-7fe3cf484d55,H_02_02,S02@display=downscale_720p
H_02_02,A_02_04,c91c3d61-3b89-42f7-a978-250341c8e50c,H_02_02,S02@display=downscale_720p
H_02_02,A_02_04,eaf6213a-31c3-420d-aa0f-3eef29d04ce7,H_02_02,S02@display=downscale_720p
H_02_02,H_02_02,91c3b79f-9c12-40b8-bf7f-b956a2497abd,A_02_04,S02@display=downscale_720p
H_02_02,A_02_04,b3c5e38d-d6be-421e-82f1-c2af9f0a9b1f,H_02_02,S02@display=downscale_720p
H_02_02,A_02_04,980d2d8b-ef14-4422-9c2e-7fe3cf484d55,H_02_02,S02@display=downscale_720p
,H_02_02,015ccc61-902b-4576-bbbc-793c195ac663,V_02_03,S04@display=downscale_720p
H_02_02,V_02_03,1c8f9feb-b5fe-4096-9cf9-99f9cd1ea29a,H_02_02,S04@display=downscale_720p
,H_02_02,eaf6213a-31c3-420d-aa0f-3eef29d04ce7,V_02_03,S04@display=downscale_720p
V_02_03,H_02_02,9b4e07f4-30f0-40aa-bef3-c500883f88ed,V_02_03,S04@display=downscale_720p
,H_02_02,26d220af-11a8-4f0d-998b-d8c960f138c3,V_02_03,S04@display=downscale_720p
V_02_03,H_02_02,dea42000-fbbf-4a4d-adce-3d2329efe3d5,V_02_03,S04@display=downscale_720p
H_02_02,H_02_02,6d73ea9c-7cf0-4569-a699-0205c8a2f979,V_02_03,S04@display=downscale_720p
H_02_02,H_02_02,6669cc1e-0fe8-464b-a75c-6409791ea24c,V_02_03,S04@display=downscale_720p
V_02_03,V_02_03,6fec16f7-cfd9-48ea-93ac-508c71aa2e92,H_02_02,S04@display=downscale_720p
,H_02_02,0440241e-020c-45e1-972b-d12ee557f199,V_02_03,S04@display=downscale_720p
A_02_02,H_02_03,1c4b9d4d-f46e-4dc3-9c7a-8f2ab1caee74,A_02_02,S05@display=downscale_720p
A_02_02,H_02_03,a985fed3-2c39-4f2c-a145-7f52394220de,A_02_02,S05@display=downscale_720p
A_02_02,A_02_02,9b4e07f4-30f0-40aa-bef3-c500883f88ed,H_02_03,S05@display=downscale_720p
,H_02_03,c7864864-2cbc-4f23-892b-1323a8077dfb,A_02_02,S05@display=downscale_720p
,A_02_02,c26847af-3f98-4202-9f41-8f32e06ca9af,H_02_03,S05@display=downscale_720p
A_02_02,A_02_02,6b1f5794-952c-4cdb-a62e-57821a762323,H_02_03,S05@display=downscale_720p
A_02_02,A_02_02,7a5ca0c3-3747-49fa-bd9e-ded4ad1b2467,H_02_03,S05@display=downscale_720p
,A_02_02,d8c1bc80-412f-4d47-99ac-13139f531c78,H_02_03,S05@display=downscale_720p
,H_02_03,189f6251-48c7-43b3-ae82-67fbae2af4a9,A_02_02,S05@display=downscale_720p
A_02_02,A_02_02,8c992adc-55ca-42a8-9b22-2ef3064a339f,H_02_03,S05@display=downscale_720p
A_02_03,A_02_03,78189632-fa94-44d6-9a66-6afd6278905d,H_02_04,S09@display=downscale_720p
A_02_03,H_02_04,07f9db17-abf6-4851-aae4-4d4587c50bfa,A_02_03,S09@display=downscale_720p
A_02_03,H_02_04,6669cc1e-0fe8-464b-a75c-6409791ea24c,A_02_03,S09@display=downscale_720p
A_02_03,A_02_03,1bed0d6b-18bf-4745-a1ca-2988ec430d28,H_02_04,S09@display=downscale_720p
H_02_04,H_02_04,51a35fe7-a903-4d22-8f32-7faf7650eb7d,A_02_03,S09@display=downscale_720p
A_02_03,A_02_03,16e82927-23fb-46e5-aba1-bd441bf4a818,H_02_04,S09@display=downscale_720p
A_02_03,A_02_03,16e82927-23fb-46e5-aba1-bd441bf4a818,H_02_04,S09@display=downscale_720p
,H_02_04,5376bff7-8314-47b3-bf62-208e5cce0672,A_02_03,S09@display=downscale_720p
A_02_03,A_02_03,8ca7b4fe-37e4-42dd-bf4e-673dd1fadc61,H_02_04,S09@display=downscale_720p
A_02_03,A_02_03,437acdfb-e2ed-4f2d-9658-c8bc9d813f97,H_02_04,S09@display=downscale_720p
,A_02_02,1e9459c7-0170-403b-b70f-4792709f9532,V_02_02,S05@display=downscale_720p
A_02_02,V_02_02,c84c2a2f-79f6-47e4-9a0b-cc64a972c90c,A_02_02,S05@display=downscale_720p
,V_02_02,2c6915d3-251a-4678-949c-70a2c049d32e,A_02_02,S05@display=downscale_720p
,A_02_02,9c112c43-7cfd-41cf-97da-abb223fde74c,V_02_02,S05@display=downscale_720p
,V_02_02,0a6a5263-b23a-48c5-a601-65dfaae5d379,A_02_02,S05@display=downscale_720p
A_02_02,V_02_02,6669cc1e-0fe8-464b-a75c-6409791ea24c,A_02_02,S05@display=downscale_720p
,A_02_02,b07727d6-9c7b-4391-9d1a-666a899757d3,V_02_02,S05@display=downscale_720p
A_02_02,V_02_02,5090c893-550b-48a3-92b2-9e86edda08cf,A_02_02,S05@display=downscale_720p
A_02_02,V_02_02,015d8816-e9dc-4727-ab87-e4f24ac190f9,A_02_02,S05@display=downscale_720p
A_02_02,A_02_02,9cee37ee-31bf-4646-a76d-6f10094af82f,V_02_02,S05@display=downscale_720p
A_02_02,A_02_02,c26847af-3f98-4202-9f41-8f32e06ca9af,A_02_04,S02@display=downscale_720p
A_02_02,A_02_04,dea42000-fbbf-4a4d-adce-3d2329efe3d5,A_02_02,S02@display=downscale_720p
A_02_02,A_02_04,e2014108-7d49-48aa-93f7-a6a6e87e4de0,A_02_02,S02@display=downscale_720p
A_02_02,A_02_02,2d216cc4-fa9a-4af9-9d97-96413ca5d7e9,A_02_04,S02@display=downscale_720p
A_02_02,A_02_02,6161454d-6a46-4906-be6b-5d3735059074,A_02_04,S02@display=downscale_720p
A_02_04,A_02_04,7a5ca0c3-3747-49fa-bd9e-ded4ad1b2467,A_02_02,S02@display=downscale_720p
A_02_02,A_02_04,49329bef-9731-4b25-8045-afc3ffa143bd,A_02_02,S02@display=downscale_720p
A_02_02,A_02_04,1e9459c7-0170-403b-b70f-4792709f9532,A_02_02,S02@display=downscale_720p
,A_02_04,6b1f5794-952c-4cdb-a62e-57821a762323,A_02_02,S02@display=downscale_720p
A_02_02,A_02_04,083505b0-b61d-4214-beb0-3bfe37faabc2,A_02_02,S02@display=downscale_720p
,A_02_02,ff3fa308-811a-4a4e-8567-74766e273529,H_02_02,S10@display=downscale_720p
A_02_02,A_02_02,80d0705c-47d0-44e8-b745-5cc04f35dfa6,H_02_02,S10@display=downscale_720p
A_02_02,A_02_02,dea42000-fbbf-4a4d-adce-3d2329efe3d5,H_02_02,S10@display=downscale_720p
,H_02_02,1e9459c7-0170-403b-b70f-4792709f9532,A_02_02,S10@display=downscale_720p
H_02_02,H_02_02,9cee37ee-31bf-4646-a76d-6f10094af82f,A_02_02,S10@display=downscale_720p
,H_02_02,0778a679-4934-4628-824f-3768ebf7bba5,A_02_02,S10@display=downscale_720p
,A_02_02,a985fed3-2c39-4f2c-a145-7f52394220de,H_02_02,S10@display=downscale_720p
,A_02_02,083505b0-b61d-4214-beb0-3bfe37faabc2,H_02_02,S10@display=downscale_720p
,H_02_02,fae820c8-124d-42a1-ad60-82e2e6a3ae83,A_02_02,S10@display=downscale_720p
A_02_02,H_02_02,1c8f9feb-b5fe-4096-9cf9-99f9cd1ea29a,A_02_02,S10@display=downscale_720p
,V_02_03,1e9459c7-0170-403b-b70f-4792709f9532,H_02_02,S02@display=downscale_720p
,V_02_03,a985fed3-2c39-4f2c-a145-7f52394220de,H_02_02,S02@display=downscale_720p
V_02_03,H_02_02,09d84466-5124-4f82-89a6-15b1d61ec65d,V_02_03,S02@display=downscale_720p
H_02_02,V_02_03,baa0b08b-ae47-4b47-b071-353ef688372e,H_02_02,S02@display=downscale_720p
,H_02_02,baa0b08b-ae47-4b47-b071-353ef688372e,V_02_03,S02@display=downscale_720p
H_02_02,V_02_03,98971757-e9e2-42fe-814a-aceb68d0b457,H_02_02,S02@display=downscale_720p
V_02_03,H_02_02,13f7f2a8-6a09-4d94-bb8e-9be167d14f2d,V_02_03,S02@display=downscale_720p
,H_02_02,d8c1bc80-412f-4d47-99ac-13139f531c78,V_02_03,S02@display=downscale_720p
V_02_03,H_02_02,5329ca54-b463-476d-98a4-53414bc4a500,V_02_03,S02@display=downscale_720p
,V_02_03,14bb97de-dd82-4fb2-ad70-1abfe83f218c,H_02_02,S02@display=downscale_720p
H_02_03,H_02_04,a985fed3-2c39-4f2c-a145-7f52394220de,H_02_03,S05@display=downscale_720p
H_02_03,H_02_04,8445090b-365d-4316-8153-0e682fe65432,H_02_03,S05@display=downscale_720p
H_02_03,H_02_03,189f6251-48c7-43b3-ae82-67fbae2af4a9,H_02_04,S05@display=downscale_720p
H_02_03,H_02_04,44703767-9d83-49e1-b8e4-f669f82afd6d,H_02_03,S05@display=downscale_720p
H_02_03,H_02_04,0118bd93-5520-4343-a2ad-629d427fd0ea,H_02_03,S05@display=downscale_720p
H_02_03,H_02_04,eb125c1e-a605-455a-a8b3-ebda76836e01,H_02_03,S05@display=downscale_720p
H_02_03,H_02_04,5556a090-c5a7-47af-83bd-1c45856677ee,H_02_03,S05@display=downscale_720p
H_02_03,H_02_03,adc43c16-328a-4b3e-831e-15a1a5347760,H_02_04,S05@display=downscale_720p
H_02_03,H_02_03,8a912060-cced-467a-b148-3ba54770352a,H_02_04,S05@display=downscale_720p
H_02_03,H_02_04,eaf6213a-31c3-420d-aa0f-3eef29d04ce7,H_02_03,S05@display=downscale_720p
,V_02_04,0a6a5263-b23a-48c5-a601-65dfaae5d379,A_02_03,S06@display=downscale_720p
,A_02_03,eda1f4cf-9647-482a-b01d-f80255a254c7,V_02_04,S06@display=downscale_720p
V_02_04,V_02_04,c84c2a2f-79f6-47e4-9a0b-cc64a972c90c,A_02_03,S06@display=downscale_720p
,V_02_04,a2dbf6e1-12c7-42b2-86e1-5508f7c53c63,A_02_03,S06@display=downscale_720p
A_02_03,V_02_04,6fec16f7-cfd9-48ea-93ac-508c71aa2e92,A_02_03,S06@display=downscale_720p
,A_02_03,64fe5ebd-0cad-4bce-ba94-faced0b4549c,V_02_04,S06@display=downscale_720p
,V_02_04,a2dbf6e1-12c7-42b2-86e1-5508f7c53c63,A_02_03,S06@display=downscale_720p
V_02_04,V_02_04,74bbeddc-30ff-4d2d-848d-44caff6cebd6,A_02_03,S06@display=downscale_720p
A_02_03,A_02_03,eda1f4cf-9647-482a-b01d-f80255a254c7,V_02_04,S06@display=downscale_720p
V_02_04,A_02_03,e2014108-7d49-48aa-93f7-a6a6e87e4de0,V_02_04,S06@display=downscale_720p
,A_02_02,a985fed3-2c39-4f2c-a145-7f52394220de,A_02_03,S07@display=downscale_720p
A_02_02,A_02_03,437acdfb-e2ed-4f2d-9658-c8bc9d813f97,A_02_02,S07@display=downscale_720p
A_02_02,A_02_02,74bbeddc-30ff-4d2d-848d-44caff6cebd6,A_02_03,S07@display=downscale_720p
A_02_02,A_02_03,aef82c2c-eb41-49fb-bef6-d4277260d485,A_02_02,S07@display=downscale_720p
,A_02_03,99565672-59b6-49ae-86c8-b67caabad734,A_02_02,S07@display=downscale_720p
A_02_02,A_02_03,0b548ca1-b97f-4bc3-b772-3069e9b12a96,A_02_02,S07@display=downscale_720p
A_02_02,A_02_02,ab0ebbd4-e7f3-4f4b-92aa-0eb0e7cd87a9,A_02_03,S07@display=downscale_720p
,A_02_02,71b0eb8c-7f7c-494f-a027-93ab652b5055,A_02_03,S07@display=downscale_720p
,A_02_02,88bd9602-0f35-402e-bdcb-18a5a6bb13a6,A_02_03,S07@display=downscale_720p
,A_02_02,13f85313-63e6-4282-b060-dfe31548b4c6,A_02_03,S07@display=downscale_720p
,V_02_04,eaf6213a-31c3-420d-aa0f-3eef29d04ce7,A_02_03,S09@display=downscale_720p
A_02_03,A_02_03,74bbeddc-30ff-4d2d-848d-44caff6cebd6,V_02_04,S09@display=downscale_720p
,V_02_04,78cdaf7e-0824-4579-ada3-09888130112c,A_02_03,S09@display=downscale_720p
,A_02_03,78cdaf7e-0824-4579-ada3-09888130112c,V_02_04,S09@display=downscale_720p
,A_02_03,0cda7244-81af-4c2f-820e-d609b1bdf00b,V_02_04,S09@display=downscale_720p
A_02_03,V_02_04,d09060ea-d90e-4d32-a5a4-a8bdf785d5ef,A_02_03,S09@display=downscale_720p
,A_02_03,8445090b-365d-4316-8153-0e682fe65432,V_02_04,S09@display=downscale_720p
,V_02_04,71b0eb8c-7f7c-494f-a027-93ab652b5055,A_02_03,S09@display=downscale_720p
A_02_03,V_02_04,8c992adc-55ca-42a8-9b22-2ef3064a339f,A_02_03,S09@display=downscale_720p
,A_02_03,8c992adc-55ca-42a8-9b22-2ef3064a339f,V_02_04,S09@display=downscale_720p
,V_02_03,74bbeddc-30ff-4d2d-848d-44caff6cebd6,A_02_02,S07@display=downscale_720p
A_02_02,A_02_02,c84c2a2f-79f6-47e4-9a0b-cc64a972c90c,V_02_03,S07@display=downscale_720p
,A_02_02,a99d29a7-655e-4ac0-9685-801b6701ef99,V_02_03,S07@display=downscale_720p
V_02_03,A_02_02,5329ca54-b463-476d-98a4-53414bc4a500,V_02_03,S07@display=downscale_720p
,A_02_02,7d7598af-d24b-4910-a0cf-05c581484b33,V_02_03,S07@display=downscale_720p
,A_02_02,78cdaf7e-0824-4579-ada3-09888130112c,V_02_03,S07@display=downscale_720p
V_02_03,V_02_03,2e452f06-e57a-4cce-ae94-a79dee6fb135,A_02_02,S07@display=downscale_720p
,A_02_02,8036ce10-4126-4b7f-b1cf-b14b3d4a7cdf,V_02_03,S07@display=downscale_720p
A_02_02,A_02_02,9b4e07f4-30f0-40aa-bef3-c500883f88ed,V_02_03,S07@display=downscale_720p
V_02_03,A_02_02,1c8f9feb-b5fe-4096-9cf9-99f9cd1ea29a,V_02_03,S07@display=downscale_720p
H_02_02,A_02_03,1c8f9feb-b5fe-4096-9cf9-99f9cd1ea29a,H_02_02,S07@display=downscale_720p
H_02_02,H_02_02,437acdfb-e2ed-4f2d-9658-c8bc9d813f97,A_02_03,S07@display=downscale_720p
,H_02_02,0a6a5263-b23a-48c5-a601-65dfaae5d379,A_02_03,S07@display=downscale_720p
H_02_02,A_02_03,9a5782c3-0501-4063-b1f9-f123dbd777d3,H_02_02,S07@display=downscale_720p
H_02_02,A_02_03,5734e3e6-e0a5-4b44-8de2-4b2fcce5269b,H_02_02,S07@display=downscale_720p
H_02_02,H_02_02,5734e3e6-e0a5-4b44-8de2-4b2fcce5269b,A_02_03,S07@display=downscale_720p
,H_02_02,27cd9dc7-b01c-4d06-92fb-54e970ec0db8,A_02_03,S07@display=downscale_720p
H_02_02,H_02_02,01875a85-7fc2-42c9-bc76-a479aaca875d,A_02_03,S07@display=downscale_720p
H_02_02,H_02_02,80d0705c-47d0-44e8-b745-5cc04f35dfa6,A_02_03,S07@display=downscale_720p
,H_02_02,fae820c8-124d-42a1-ad60-82e2e6a3ae83,A_02_03,S07@display=downscale_720p
V_02_02,V_02_02,1c8f9feb-b5fe-4096-9cf9-99f9cd1ea29a,H_02_03,S01@display=downscale_720p
H_02_03,H_02_03,49329bef-9731-4b25-8045-afc3ffa143bd,V_02_02,S01@display=downscale_720p
,V_02_02,0a6a5263-b23a-48c5-a601-65dfaae5d379,H_02_03,S01@display=downscale_720p
V_02_02,V_02_02,460498ca-181a-4a48-8e33-4995b637b17e,H_02_03,S01@display=downscale_720p
V_02_02,H_02_03,2c1902c1-ab14-442e-a7de-add5b8bd7698,V_02_02,S01@display=downscale_720p
V_02_02,H_02_03,09d84466-5124-4f82-89a6-15b1d61ec65d,V_02_02,S01@display=downscale_720p
H_02_03,V_02_02,59ff7d27-d4c4-424c-8254-2159381e5428,H_02_03,S01@display=downscale_720p
H_02_03,V_02_02,59ff7d27-d4c4-424c-8254-2159381e5428,H_02_03,S01@display=downscale_720p
V_02_02,V_02_02,0fac0fcc-a2c0-4120-8e26-e63d24e598d2,H_02_03,S01@display=downscale_720p
V_02_02,V_02_02,7251bcce-8b41-43fd-a3cd-c4d607673836,H_02_03,S01@display=downscale_720p
,A_02_02,437acdfb-e2ed-4f2d-9658-c8bc9d813f97,H_02_02,S05@display=downscale_720p
,A_02_02,6161454d-6a46-4906-be6b-5d3735059074,H_02_02,S05@display=downscale_720p
,A_02_02,d5cbdc09-bb32-4ef6-a6dc-b39a9ab3c2df,H_02_02,S05@display=downscale_720p
,H_02_02,98971757-e9e2-42fe-814a-aceb68d0b457,A_02_02,S05@display=downscale_720p
,A_02_02,19e0b29c-66ef-4d8c-80ed-6074f0b98785,H_02_02,S05@display=downscale_720p
,A_02_02,19e0b29c-66ef-4d8c-80ed-6074f0b98785,H_02_02,S05@display=downscale_720p
,H_02_02,e0abaf0d-4bcb-4565-ba4f-7fa059423579,A_02_02,S05@display=downscale_720p
H_02_02,H_02_02,296dcc0c-e3dc-4c82-a7f6-bd6129751e29,A_02_02,S05@display=downscale_720p
,H_02_02,00b8bcfc-f40c-4fa2-95a4-c5f666ad962a,A_02_02,S05@display=downscale_720p
,A_02_02,d88d958b-0585-460a-b9f4-fe48042f9bba,H_02_02,S05@display=downscale_720p
A_02_02,A_02_02,170fef03-2ff4-4fec-a2ed-4c5bfc51eb91,V_02_04,S02@display=downscale_720p
A_02_02,A_02_02,74bbeddc-30ff-4d2d-848d-44caff6cebd6,V_02_04,S02@display=downscale_720p
A_02_02,V_02_04,74bbeddc-30ff-4d2d-848d-44caff6cebd6,A_02_02,S02@display=downscale_720p
A_02_02,A_02_02,9be95918-d2cc-4c83-af87-146d182978cd,V_02_04,S02@display=downscale_720p
A_02_02,V_02_04,2d216cc4-fa9a-4af9-9d97-96413ca5d7e9,A_02_02,S02@display=downscale_720p
A_02_02,A_02_02,85f4a8ff-f9b3-450b-a819-5a998590e834,V_02_04,S02@display=downscale_720p
,A_02_02,6161454d-6a46-4906-be6b-5d3735059074,V_02_04,S02@display=downscale_720p
A_02_02,V_02_04,e8de3de9-8362-4b05-a27d-013607dbd77d,A_02_02,S02@display=downscale_720p
A_02_02,V_02_04,49329bef-9731-4b25-8045-afc3ffa143bd,A_02_02,S02@display=downscale_720p
A_02_02,A_02_02,6783cb20-9421-4e68-b959-e26e561aec04,V_02_04,S02@display=downscale_720p
H_02_03,H_02_03,59ff7d27-d4c4-424c-8254-2159381e5428,V_02_04,S09@display=downscale_720p
H_02_03,H_02_03,933d8af8-1ab2-4e55-ae03-cd87ff4b179a,V_02_04,S09@display=downscale_720p
,H_02_03,8e874a12-9537-4451-ae74-e21020a5ea6f,V_02_04,S09@display=downscale_720p
V_02_04,V_02_04,984224e9-ac5e-4c19-af2e-b6f9ff7e5d4f,H_02_03,S09@display=downscale_720p
V_02_04,V_02_04,00b8bcfc-f40c-4fa2-95a4-c5f666ad962a,H_02_03,S09@display=downscale_720p
H_02_03,H_02_03,39f680ab-2a22-42d6-9399-be0fdfed7a8b,V_02_04,S09@display=downscale_720p
,V_02_04,0a6a5263-b23a-48c5-a601-65dfaae5d379,H_02_03,S09@display=downscale_720p
H_02_03,V_02_04,6161454d-6a46-4906-be6b-5d3735059074,H_02_03,S09@display=downscale_720p
H_02_03,V_02_04,c950a398-7322-465b-b233-9e1966c11317,H_02_03,S09@display=downscale_720p
H_02_03,V_02_04,1bed0d6b-18bf-4745-a1ca-2988ec430d28,H_02_03,S09@display=downscale_720p
H_02_02,H_02_04,74bbeddc-30ff-4d2d-848d-44caff6cebd6,H_02_02,S02@display=downscale_720p
H_02_02,H_02_02,64ee7c47-a880-4870-b90f-98b2cea3d108,H_02_04,S02@display=downscale_720p
H_02_02,H_02_04,6161454d-6a46-4906-be6b-5d3735059074,H_02_02,S02@display=downscale_720p
,H_02_02,743fb9c3-fb20-4bfc-9b7d-677888efc14f,H_02_04,S02@display=downscale_720p
H_02_02,H_02_02,0109c2b8-15a3-47c4-9342-2b215a321563,H_02_04,S02@display=downscale_720p
H_02_02,H_02_02,adc43c16-328a-4b3e-831e-15a1a5347760,H_02_04,S02@display=downscale_720p
H_02_02,H_02_04,6b1f5794-952c-4cdb-a62e-57821a762323,H_02_02,S02@display=downscale_720p
H_02_02,H_02_02,74bbeddc-30ff-4d2d-848d-44caff6cebd6,H_02_04,S02@display=downscale_720p
H_02_02,H_02_04,a1177765-5f3b-4328-a6b1-66550d59f893,H_02_02,S02@display=downscale_720p
H_02_02,H_02_04,c84c2a2f-79f6-47e4-9a0b-cc64a972c90c,H_02_02,S02@display=downscale_720p
A_02_03,A_02_04,c80968f4-c72a-4870-b08d-c0423e41cc6e,A_02_03,S01@display=downscale_720p
A_02_03,A_02_04,2dcb0734-8591-4649-9f37-db46fefdac73,A_02_03,S01@display=downscale_720p
A_02_03,A_02_03,a7eb9214-b39a-464b-8e2f-4ff64859fffa,A_02_04,S01@display=downscale_720p
A_02_03,A_02_04,cdd5d00d-a990-4f18-bf7f-7ed617f9ae7a,A_02_03,S01@display=downscale_720p
A_02_03,A_02_03,14bb97de-dd82-4fb2-ad70-1abfe83f218c,A_02_04,S01@display=downscale_720p
A_02_03,A_02_04,5376bff7-8314-47b3-bf62-208e5cce0672,A_02_03,S01@display=downscale_720p
A_02_03,A_02_04,8acedfff-b933-440b-8909-826f0385abcd,A_02_03,S01@display=downscale_720p
A_02_03,A_02_03,2dcb0734-8591-4649-9f37-db46fefdac73,A_02_04,S01@display=downscale_720p
A_02_03,A_02_04,a7eb9214-b39a-464b-8e2f-4ff64859fffa,A_02_03,S01@display=downscale_720p
A_02_03,A_02_04,5376bff7-8314-47b3-bf62-208e5cce0672,A_02_03,S01@display=downscale_720p
A_02_03,H_02_04,8d192948-3fb5-43c4-af59-85b9baa71b8f,A_02_03,S08@display=downscale_720p
A_02_03,H_02_04,d3903be9-8ce8-4b11-a521-e2a87f632230,A_02_03,S08@display=downscale_720p
A_02_03,A_02_03,4e548710-90d2-4f08-81d2-4650cc166f14,H_02_04,S08@display=downscale_720p
A_02_03,H_02_04,88bd9602-0f35-402e-bdcb-18a5a6bb13a6,A_02_03,S08@display=downscale_720p
,H_02_04,e825d820-c3bb-499b-aee5-154357792165,A_02_03,S08@display=downscale_720p
A_02_03,H_02_04,2f93cad8-9ae0-4376-addf-561fefab1698,A_02_03,S08@display=downscale_720p
A_02_03,H_02_04,d3903be9-8ce8-4b11-a521-e2a87f632230,A_02_03,S08@display=downscale_720p
A_02_03,A_02_03,cdd5d00d-a990-4f18-bf7f-7ed617f9ae7a,H_02_04,S08@display=downscale_720p
A_02_03,A_02_03,cdd5d00d-a990-4f18-bf7f-7ed617f9ae7a,H_02_04,S08@display=downscale_720p
A_02_03,A_02_03,88ddb813-f6c5-41a8-9f66-58d2aee5e014,H_02_04,S08@display=downscale_720p
H_02_03,H_02_03,501e8cf2-7ae2-4e2a-a7f6-84d5b2d3a2b8,H_02_04,S04@display=downscale_720p
H_02_03,H_02_04,e0aea472-6a76-436e-af71-745b71b97d28,H_02_03,S04@display=downscale_720p
H_02_03,H_02_04,d37ba4e2-3c08-49bd-9d07-3320f585e31c,H_02_03,S04@display=downscale_720p
H_02_03,H_02_03,0778a679-4934-4628-824f-3768ebf7bba5,H_02_04,S04@display=downscale_720p
H_02_03,H_02_03,57e17081-4a43-4410-a8b7-c6bf75e52b46,H_02_04,S04@display=downscale_720p
,H_02_04,45cb17f4-bc50-462b-8899-6159f21e4966,H_02_03,S04@display=downscale_720p
H_02_03,H_02_03,2e452f06-e57a-4cce-ae94-a79dee6fb135,H_02_04,S04@display=downscale_720p
,H_02_04,e825d820-c3bb-499b-aee5-154357792165,H_02_03,S04@display=downscale_720p
H_02_03,H_02_03,cdd5d00d-a990-4f18-bf7f-7ed617f9ae7a,H_02_04,S04@display=downscale_720p
H_02_03,H_02_04,0778a679-4934-4628-824f-3768ebf7bba5,H_02_03,S04@display=downscale_720p
H_02_02,H_02_04,d3903be9-8ce8-4b11-a521-e2a87f632230,H_02_02,S01@display=downscale_720p
,H_02_04,481fc790-08ca-4e9d-8116-15f4a558cfb6,H_02_02,S01@display=downscale_720p
H_02_02,H_02_02,88ddb813-f6c5-41a8-9f66-58d2aee5e014,H_02_04,S01@display=downscale_720p
H_02_02,H_02_04,594b1c05-64c5-4ff7-8e8b-0daef3f5459b,H_02_02,S01@display=downscale_720p
,H_02_04,0778a679-4934-4628-824f-3768ebf7bba5,H_02_02,S01@display=downscale_720p
H_02_02,H_02_04,5601f7fa-86bb-4b0a-9fc4-e7c3404e5f28,H_02_02,S01@display=downscale_720p
H_02_02,H_02_02,cdd5d00d-a990-4f18-bf7f-7ed617f9ae7a,H_02_04,S01@display=downscale_720p
H_02_02,H_02_04,0778a679-4934-4628-824f-3768ebf7bba5,H_02_02,S01@display=downscale_720p
H_02_02,H_02_02,4b48e5e8-e693-4fe9-ba01-b22cb81aa8bd,H_02_04,S01@display=downscale_720p
H_02_02,H_02_04,c91c3d61-3b89-42f7-a978-250341c8e50c,H_02_02,S01@display=downscale_720p
V_02_04,V_02_04,9665df29-fa2e-440a-a9a9-a4c18ef4978d,H_02_03,S03@display=downscale_720p
H_02_03,H_02_03,9665df29-fa2e-440a-a9a9-a4c18ef4978d,V_02_04,S03@display=downscale_720p
,V_02_04,9665df29-fa2e-440a-a9a9-a4c18ef4978d,H_02_03,S03@display=downscale_720p
,H_02_03,015d8816-e9dc-4727-ab87-e4f24ac190f9,V_02_04,S03@display=downscale_720p
,V_02_04,6b1f5794-952c-4cdb-a62e-57821a762323,H_02_03,S03@display=downscale_720p
,V_02_04,a1d6507f-e9c0-4600-98a3-36ec50e93ae3,H_02_03,S03@display=downscale_720p
H_02_03,H_02_03,8acedfff-b933-440b-8909-826f0385abcd,V_02_04,S03@display=downscale_720p
H_02_03,V_02_04,e5326dba-7341-4b2b-97c2-e58d2675a729,H_02_03,S03@display=downscale_720p
,V_02_04,39e9fdb1-798e-4fed-8091-5110c3c6f56b,H_02_03,S03@display=downscale_720p
,V_02_04,a3d0bef8-b34e-4489-899a-c38a2c2bb1f7,H_02_03,S03@display=downscale_720p
A_02_03,H_02_04,c80968f4-c72a-4870-b08d-c0423e41cc6e,A_02_03,S05@display=downscale_720p
A_02_03,H_02_04,13f7f2a8-6a09-4d94-bb8e-9be167d14f2d,A_02_03,S05@display=downscale_720p
A_02_03,H_02_04,9e13a5f5-a844-4599-96fa-55244db6b99d,A_02_03,S05@display=downscale_720p
,A_02_03,4646db8b-4471-4610-b7a9-5996112c40ed,H_02_04,S05@display=downscale_720p
,A_02_03,046725dd-5a21-4668-8e86-9a7db790b6d3,H_02_04,S05@display=downscale_720p
A_02_03,A_02_03,974e8a16-3e5b-4c18-84d6-ca526197aadf,H_02_04,S05@display=downscale_720p
A_02_03,A_02_03,c80968f4-c72a-4870-b08d-c0423e41cc6e,H_02_04,S05@display=downscale_720p
,H_02_04,b07727d6-9c7b-4391-9d1a-666a899757d3,A_02_03,S05@display=downscale_720p
A_02_03,A_02_03,2dcb0734-8591-4649-9f37-db46fefdac73,H_02_04,S05@display=downscale_720p
A_02_03,A_02_03,974e8a16-3e5b-4c18-84d6-ca526197aadf,H_02_04,S05@display=downscale_720p
A_02_02,A_02_02,44ac3dfc-6041-4861-9d1b-af779ae48494,A_02_03,S03@display=downscale_720p
A_02_03,A_02_02,e825d820-c3bb-499b-aee5-154357792165,A_02_03,S03@display=downscale_720p
A_02_02,A_02_03,d37ba4e2-3c08-49bd-9d07-3320f585e31c,A_02_02,S03@display=downscale_720p
A_02_02,A_02_02,aef82c2c-eb41-49fb-bef6-d4277260d485,A_02_03,S03@display=downscale_720p
,A_02_03,aef82c2c-eb41-49fb-bef6-d4277260d485,A_02_02,S03@display=downscale_720p
,A_02_03,0ebdb769-cc7c-46f5-b8c2-8605a1702166,A_02_02,S03@display=downscale_720p
,A_02_03,c5289fb2-7a0f-4b10-9229-e84bbc071295,A_02_02,S03@display=downscale_720p
,A_02_02,c150215b-b234-4613-b32b-f7f1f02185ec,A_02_03,S03@display=downscale_720p
A_02_02,A_02_03,88ddb813-f6c5-41a8-9f66-58d2aee5e014,A_02_02,S03@display=downscale_720p
A_02_02,A_02_03,44ac3dfc-6041-4861-9d1b-af779ae48494,A_02_02,S03@display=downscale_720p
,H_02_03,e0abaf0d-4bcb-4565-ba4f-7fa059423579,H_02_02,S06@display=downscale_720p
H_02_02,H_02_03,d992b125-40c1-4357-872b-73274cb051cd,H_02_02,S06@display=downscale_720p
,H_02_03,d37ba4e2-3c08-49bd-9d07-3320f585e31c,H_02_02,S06@display=downscale_720p
H_02_02,H_02_02,f72f6f7e-92da-479f-bf84-994c786eabbc,H_02_03,S06@display=downscale_720p
,H_02_02,9fbf276e-262a-4284-9bfc-749dd388ea9f,H_02_03,S06@display=downscale_720p
,H_02_03,046725dd-5a21-4668-8e86-9a7db790b6d3,H_02_02,S06@display=downscale_720p
,H_02_03,0118bd93-5520-4343-a2ad-629d427fd0ea,H_02_02,S06@display=downscale_720p
,H_02_03,f72f6f7e-92da-479f-bf84-994c786eabbc,H_02_02,S06@display=downscale_720p
,H_02_02,e825d820-c3bb-499b-aee5-154357792165,H_02_03,S06@display=downscale_720p
,H_02_03,c150215b-b234-4613-b32b-f7f1f02185ec,H_02_02,S06@display=downscale_720p
V_02_04,V_02_04,9fbf276e-262a-4284-9bfc-749dd388ea9f,H_02_04,S09@display=downscale_720p
V_02_04,V_02_04,0ebdb769-cc7c-46f5-b8c2-8605a1702166,H_02_04,S09@display=downscale_720p
V_02_04,H_02_04,88ddb813-f6c5-41a8-9f66-58d2aee5e014,V_02_04,S09@display=downscale_720p
V_02_04,H_02_04,d37ba4e2-3c08-49bd-9d07-3320f585e31c,V_02_04,S09@display=downscale_720p
V_02_04,H_02_04,5734e3e6-e0a5-4b44-8de2-4b2fcce5269b,V_02_04,S09@display=downscale_720p
V_02_04,V_02_04,0440241e-020c-45e1-972b-d12ee557f199,H_02_04,S09@display=downscale_720p
V_02_04,V_02_04,8acedfff-b933-440b-8909-826f0385abcd,H_02_04,S09@display=downscale_720p
V_02_04,V_02_04,50d3a8d4-117a-4456-b32c-82438624f5ea,H_02_04,S09@display=downscale_720p
V_02_04,V_02_04,98203f1f-c6d3-403d-9d99-70f5da85f8fc,H_02_04,S09@display=downscale_720p
,H_02_04,82796183-4736-4303-8371-7d113472cf41,V_02_04,S09@display=downscale_720p
V_02_04,A_02_04,5090c893-550b-48a3-92b2-9e86edda08cf,V_02_04,S10@display=downscale_720p
V_02_04,V_02_04,0ebdb769-cc7c-46f5-b8c2-8605a1702166,A_02_04,S10@display=downscale_720p
V_02_04,V_02_04,e825d820-c3bb-499b-aee5-154357792165,A_02_04,S10@display=downscale_720p
V_02_04,V_02_04,98203f1f-c6d3-403d-9d99-70f5da85f8fc,A_02_04,S10@display=downscale_720p
V_02_04,A_02_04,aef82c2c-eb41-49fb-bef6-d4277260d485,V_02_04,S10@display=downscale_720p
V_02_04,V_02_04,015d8816-e9dc-4727-ab87-e4f24ac190f9,A_02_04,S10@display=downscale_720p
V_02_04,A_02_04,015d8816-e9dc-4727-ab87-e4f24ac190f9,V_02_04,S10@display=downscale_720p
V_02_04,V_02_04,8b7d1b07-fa23-4ea3-ad4b-4c5c6a88b4bf,A_02_04,S10@display=downscale_720p
V_02_04,A_02_04,9fbf276e-262a-4284-9bfc-749dd388ea9f,V_02_04,S10@display=downscale_720p
V_02_04,V_02_04,9e13a5f5-a844-4599-96fa-55244db6b99d,A_02_04,S10@display=downscale_720p
,H_02_04,9fbf276e-262a-4284-9bfc-749dd388ea9f,V_02_02,S10@display=downscale_720p
,H_02_04,0ebdb769-cc7c-46f5-b8c2-8605a1702166,V_02_02,S10@display=downscale_720p
,V_02_02,015d8816-e9dc-4727-ab87-e4f24ac190f9,H_02_04,S10@display=downscale_720p
,V_02_02,015d8816-e9dc-4727-ab87-e4f24ac190f9,H_02_04,S10@display=downscale_720p
,H_02_04,015d8816-e9dc-4727-ab87-e4f24ac190f9,V_02_02,S10@display=downscale_720p
,H_02_04,0cda7244-81af-4c2f-820e-d609b1bdf00b,V_02_02,S10@display=downscale_720p
,V_02_02,0440241e-020c-45e1-972b-d12ee557f199,H_02_04,S10@display=downscale_720p
V_02_02,H_02_04,6fec16f7-cfd9-48ea-93ac-508c71aa2e92,V_02_02,S10@display=downscale_720p
V_02_02,V_02_02,64fe5ebd-0cad-4bce-ba94-faced0b4549c,H_02_04,S10@display=downscale_720p
,H_02_04,c887bdd6-0366-4272-b428-1218b105b134,V_02_02,S10@display=downscale_720p
V_02_02,V_02_02,b3c5e38d-d6be-421e-82f1-c2af9f0a9b1f,H_02_03,S07@display=downscale_720p
,H_02_03,83dddf0d-d057-46ab-83f8-1230060b2406,V_02_02,S07@display=downscale_720p
,H_02_03,0ebdb769-cc7c-46f5-b8c2-8605a1702166,V_02_02,S07@display=downscale_720p
,V_02_02,9fbf276e-262a-4284-9bfc-749dd388ea9f,H_02_03,S07@display=downscale_720p
H_02_03,V_02_02,98203f1f-c6d3-403d-9d99-70f5da85f8fc,H_02_03,S07@display=downscale_720p
,H_02_03,7f538841-5634-40d2-984b-d2b9a8f3de37,V_02_02,S07@display=downscale_720p
,V_02_02,d88d958b-0585-460a-b9f4-fe48042f9bba,H_02_03,S07@display=downscale_720p
,V_02_02,99565672-59b6-49ae-86c8-b67caabad734,H_02_03,S07@display=downscale_720p
,V_02_02,aef82c2c-eb41-49fb-bef6-d4277260d485,H_02_03,S07@display=downscale_720p
V_02_02,V_02_02,980d2d8b-ef14-4422-9c2e-7fe3cf484d55,H_02_03,S07@display=downscale_720p
V_02_03,V_02_03,0ebdb769-cc7c-46f5-b8c2-8605a1702166,H_02_04,S06@display=downscale_720p
,H_02_04,0ebdb769-cc7c-46f5-b8c2-8605a1702166,V_02_03,S06@display=downscale_720p
V_02_03,V_02_03,c150215b-b234-4613-b32b-f7f1f02185ec,H_02_04,S06@display=downscale_720p
V_02_03,H_02_04,c150215b-b234-4613-b32b-f7f1f02185ec,V_02_03,S06@display=downscale_720p
,H_02_04,d37ba4e2-3c08-49bd-9d07-3320f585e31c,V_02_03,S06@display=downscale_720p
V_02_03,V_02_03,7cc0e90f-44e9-46f4-b761-9bc69c7efd55,H_02_04,S06@display=downscale_720p
,V_02_03,2367618d-fdb1-4a3c-98cf-155b1b95c446,H_02_04,S06@display=downscale_720p
V_02_03,H_02_04,5c17d573-7890-4777-af93-210e73e46398,V_02_03,S06@display=downscale_720p
H_02_04,V_02_03,bd61cb3b-94be-482f-9e92-a1427be48716,H_02_04,S06@display=downscale_720p
V_02_03,H_02_04,0109c2b8-15a3-47c4-9342-2b215a321563,V_02_03,S06@display=downscale_720p
V_02_02,A_02_03,09fca754-3a74-4d16-a08c-84ed6efe8882,V_02_02,S07@display=downscale_720p
V_02_02,V_02_02,189f6251-48c7-43b3-ae82-67fbae2af4a9,A_02_03,S07@display=downscale_720p
V_02_02,A_02_03,e0aea472-6a76-436e-af71-745b71b97d28,V_02_02,S07@display=downscale_720p
V_02_02,A_02_03,8a9d6a5f-877d-40c5-85cc-b7ac357cbf73,V_02_02,S07@display=downscale_720p
V_02_02,V_02_02,09fca754-3a74-4d16-a08c-84ed6efe8882,A_02_03,S07@display=downscale_720p
,V_02_02,b25458da-c4eb-46ab-9e42-d7e131830f03,A_02_03,S07@display=downscale_720p
V_02_02,V_02_02,98203f1f-c6d3-403d-9d99-70f5da85f8fc,A_02_03,S07@display=downscale_720p
,V_02_02,e0aea472-6a76-436e-af71-745b71b97d28,A_02_03,S07@display=downscale_720p
V_02_02,V_02_02,460498ca-181a-4a48-8e33-4995b637b17e,A_02_03,S07@display=downscale_720p
V_02_02,V_02_02,8a9d6a5f-877d-40c5-85cc-b7ac357cbf73,A_02_03,S07@display=downscale_720p
V_02_03,V_02_03,09fca754-3a74-4d16-a08c-84ed6efe8882,A_02_03,S01@display=downscale_720p
V_02_03,V_02_03,09fca754-3a74-4d16-a08c-84ed6efe8882,A_02_03,S01@display=downscale_720p
V_02_03,V_02_03,339d31df-b966-4fe0-9476-345fd01047d6,A_02_03,S01@display=downscale_720p
A_02_03,V_02_03,8282a32a-12f5-4bb0-9e1b-ffa64048e19f,A_02_03,S01@display=downscale_720p
,V_02_03,1582dfd4-f742-4587-ac2a-753732307228,A_02_03,S01@display=downscale_720p
V_02_03,A_02_03,8a912060-cced-467a-b148-3ba54770352a,V_02_03,S01@display=downscale_720p
V_02_03,A_02_03,6f5a526a-943c-46c1-92ec-b897f48d5414,V_02_03,S01@display=downscale_720p
V_02_03,V_02_03,0013934b-6ac8-4c15-bf9a-11d47de14730,A_02_03,S01@display=downscale_720p
V_02_03,V_02_03,cc358bbb-e39a-4d44-9a97-d3d999119b26,A_02_03,S01@display=downscale_720p
V_02_03,V_02_03,cc358bbb-e39a-4d44-9a97-d3d999119b26,A_02_03,S01@display=downscale_720p
,A_02_03,a3d0bef8-b34e-4489-899a-c38a2c2bb1f7,V_02_04,S05@display=downscale_720p
A_02_03,V_02_04,d992b125-40c1-4357-872b-73274cb051cd,A_02_03,S05@display=downscale_720p
,A_02_03,b25458da-c4eb-46ab-9e42-d7e131830f03,V_02_04,S05@display=downscale_720p
V_02_04,A_02_03,3c676bc2-2f1c-4465-a90a-09bf5dcba673,V_02_04,S05@display=downscale_720p
,V_02_04,bf4179ae-5935-4a01-98ae-8da103f321f8,A_02_03,S05@display=downscale_720p
V_02_04,A_02_03,3c676bc2-2f1c-4465-a90a-09bf5dcba673,V_02_04,S05@display=downscale_720p
V_02_04,A_02_03,339d31df-b966-4fe0-9476-345fd01047d6,V_02_04,S05@display=downscale_720p
,A_02_03,09fca754-3a74-4d16-a08c-84ed6efe8882,V_02_04,S05@display=downscale_720p
A_02_03,V_02_04,ed656c2a-3ba5-4e8d-a6df-275e0dd59504,A_02_03,S05@display=downscale_720p
,V_02_04,339d31df-b966-4fe0-9476-345fd01047d6,A_02_03,S05@display=downscale_720p
H_02_04,H_02_04,fae820c8-124d-42a1-ad60-82e2e6a3ae83,A_02_04,S05@display=downscale_720p
H_02_04,A_02_04,6f5a526a-943c-46c1-92ec-b897f48d5414,H_02_04,S05@display=downscale_720p
H_02_04,H_02_04,502764dd-9b73-4188-a1bc-05b4db17df5e,A_02_04,S05@display=downscale_720p
H_02_04,A_02_04,502764dd-9b73-4188-a1bc-05b4db17df5e,H_02_04,S05@display=downscale_720p
H_02_04,H_02_04,16e82927-23fb-46e5-aba1-bd441bf4a818,A_02_04,S05@display=downscale_720p
H_02_04,A_02_04,2c1902c1-ab14-442e-a7de-add5b8bd7698,H_02_04,S05@display=downscale_720p
H_02_04,A_02_04,339d31df-b966-4fe0-9476-345fd01047d6,H_02_04,S05@display=downscale_720p
H_02_04,H_02_04,3c676bc2-2f1c-4465-a90a-09bf5dcba673,A_02_04,S05@display=downscale_720p
H_02_04,A_02_04,1582dfd4-f742-4587-ac2a-753732307228,H_02_04,S05@display=downscale_720p
,A_02_04,dffbbf73-3719-4c35-bf8a-a42f10289d9b,H_02_04,S05@display=downscale_720p
V_02_04,V_02_04,8879b96e-ae8c-4a72-8226-fd37db366db9,A_02_04,S05@display=downscale_720p
V_02_04,V_02_04,502764dd-9b73-4188-a1bc-05b4db17df5e,A_02_04,S05@display=downscale_720p
V_02_04,V_02_04,00b8bcfc-f40c-4fa2-95a4-c5f666ad962a,A_02_04,S05@display=downscale_720p
V_02_04,A_02_04,8879b96e-ae8c-4a72-8226-fd37db366db9,V_02_04,S05@display=downscale_720p
V_02_04,V_02_04,3c676bc2-2f1c-4465-a90a-09bf5dcba673,A_02_04,S05@display=downscale_720p
V_02_04,A_02_04,8879b96e-ae8c-4a72-8226-fd37db366db9,V_02_04,S05@display=downscale_720p
V_02_04,V_02_04,933d8af8-1ab2-4e55-ae03-cd87ff4b179a,A_02_04,S05@display=downscale_720p
V_02_04,V_02_04,b25458da-c4eb-46ab-9e42-d7e131830f03,A_02_04,S05@display=downscale_720p
V_02_04,A_02_04,c901fe3c-ed4e-4cad-a813-8ac7c9f9cda1,V_02_04,S05@display=downscale_720p
V_02_04,V_02_04,ae82db8e-ad66-44e4-8c16-5524b81e5f7d,A_02_04,S05@display=downscale_720p
V_02_04,H_02_04,2dcb0734-8591-4649-9f37-db46fefdac73,V_02_04,S02@display=downscale_720p
V_02_04,V_02_04,3c676bc2-2f1c-4465-a90a-09bf5dcba673,H_02_04,S02@display=downscale_720p
,H_02_04,c887bdd6-0366-4272-b428-1218b105b134,V_02_04,S02@display=downscale_720p
V_02_04,H_02_04,8d192948-3fb5-43c4-af59-85b9baa71b8f,V_02_04,S02@display=downscale_720p
,V_02_04,d88d958b-0585-460a-b9f4-fe48042f9bba,H_02_04,S02@display=downscale_720p
V_02_04,V_02_04,a7eb9214-b39a-464b-8e2f-4ff64859fffa,H_02_04,S02@display=downscale_720p
V_02_04,H_02_04,974e8a16-3e5b-4c18-84d6-ca526197aadf,V_02_04,S02@display=downscale_720p
V_02_04,V_02_04,91c3b79f-9c12-40b8-bf7f-b956a2497abd,H_02_04,S02@display=downscale_720p
H_02_04,H_02_04,91c3b79f-9c12-40b8-bf7f-b956a2497abd,V_02_04,S02@display=downscale_720p
,V_02_04,7e165902-842d-414b-8140-1eda62ac6084,H_02_04,S02@display=downscale_720p
A_02_03,A_02_04,8036ce10-4126-4b7f-b1cf-b14b3d4a7cdf,A_02_03,S09@display=downscale_720p
A_02_03,A_02_03,c7864864-2cbc-4f23-892b-1323a8077dfb,A_02_04,S09@display=downscale_720p
A_02_03,A_02_04,7c61efc9-0e02-461a-af2c-34a923d2c794,A_02_03,S09@display=downscale_720p
A_02_03,A_02_03,df403bf1-207c-4b9b-ac50-f1591ecb7a00,A_02_04,S09@display=downscale_720p
A_02_03,A_02_04,c150215b-b234-4613-b32b-f7f1f02185ec,A_02_03,S09@display=downscale_720p
A_02_03,A_02_03,0440241e-020c-45e1-972b-d12ee557f199,A_02_04,S09@display=downscale_720p
A_02_03,A_02_03,59ff7d27-d4c4-424c-8254-2159381e5428,A_02_04,S09@display=downscale_720p
A_02_03,A_02_04,5b9ca96e-edc8-405a-a9be-1287556f79d0,A_02_03,S09@display=downscale_720p
A_02_03,A_02_04,170fef03-2ff4-4fec-a2ed-4c5bfc51eb91,A_02_03,S09@display=downscale_720p
A_02_03,A_02_04,b56e44ae-c42b-4536-a130-309b99e17463,A_02_03,S09@display=downscale_720p
H_02_03,H_02_03,2e452f06-e57a-4cce-ae94-a79dee6fb135,V_02_04,S05@display=downscale_720p
H_02_03,V_02_04,09d84466-5124-4f82-89a6-15b1d61ec65d,H_02_03,S05@display=downscale_720p
,V_02_04,8036ce10-4126-4b7f-b1cf-b14b3d4a7cdf,H_02_03,S05@display=downscale_720p
H_02_03,V_02_04,44703767-9d83-49e1-b8e4-f669f82afd6d,H_02_03,S05@display=downscale_720p
,V_02_04,8036ce10-4126-4b7f-b1cf-b14b3d4a7cdf,H_02_03,S05@display=downscale_720p
H_02_03,V_02_04,8ca7b4fe-37e4-42dd-bf4e-673dd1fadc61,H_02_03,S05@display=downscale_720p
H_02_03,V_02_04,aef51353-4d62-4bb2-868c-bc010215c291,H_02_03,S05@display=downscale_720p
V_02_04,V_02_04,6c17e7d6-1344-43bb-8124-d90690e71fcb,H_02_03,S05@display=downscale_720p
H_02_03,V_02_04,8ca7b4fe-37e4-42dd-bf4e-673dd1fadc61,H_02_03,S05@display=downscale_720p
H_02_03,V_02_04,5734e3e6-e0a5-4b44-8de2-4b2fcce5269b,H_02_03,S05@display=downscale_720p
,A_02_02,8036ce10-4126-4b7f-b1cf-b14b3d4a7cdf,H_02_02,S02@display=downscale_720p
H_02_02,H_02_02,7c61efc9-0e02-461a-af2c-34a923d2c794,A_02_02,S02@display=downscale_720p
H_02_02,H_02_02,ca627781-6a60-46cf-b108-8b3819fcdc24,A_02_02,S02@display=downscale_720p
H_02_02,H_02_02,65b4399b-258a-40b2-8e26-487326752e29,A_02_02,S02@display=downscale_720p
H_02_02,A_02_02,df403bf1-207c-4b9b-ac50-f1591ecb7a00,H_02_02,S02@display=downscale_720p
H_02_02,H_02_02,5734e3e6-e0a5-4b44-8de2-4b2fcce5269b,A_02_02,S02@display=downscale_720p
H_02_02,A_02_02,59ff7d27-d4c4-424c-8254-2159381e5428,H_02_02,S02@display=downscale_720p
,A_02_02,c5289fb2-7a0f-4b10-9229-e84bbc071295,H_02_02,S02@display=downscale_720p
,H_02_02,34a267ad-eeec-427e-8ab9-7f641b7a7274,A_02_02,S02@display=downscale_720p
A_02_02,H_02_02,5601f7fa-86bb-4b0a-9fc4-e7c3404e5f28,A_02_02,S02@display=downscale_720p
V_02_03,A_02_04,57e17081-4a43-4410-a8b7-c6bf75e52b46,V_02_03,S09@display=downscale_720p
V_02_03,A_02_04,426e4e11-dbc4-47c8-a89b-2ed4d3cb597e,V_02_03,S09@display=downscale_720p
V_02_03,V_02_03,7cc0e90f-44e9-46f4-b761-9bc69c7efd55,A_02_04,S09@display=downscale_720p
V_02_03,A_02_04,1be9beb4-1d95-4e4a-9e56-cf91c910b288,V_02_03,S09@display=downscale_720p
V_02_03,A_02_04,baa0b08b-ae47-4b47-b071-353ef688372e,V_02_03,S09@display=downscale_720p
V_02_03,V_02_03,09d84466-5124-4f82-89a6-15b1d61ec65d,A_02_04,S09@display=downscale_720p
V_02_03,A_02_04,0118bd93-5520-4343-a2ad-629d427fd0ea,V_02_03,S09@display=downscale_720p
V_02_03,V_02_03,426e4e11-dbc4-47c8-a89b-2ed4d3cb597e,A_02_04,S09@display=downscale_720p
V_02_03,A_02_04,7f538841-5634-40d2-984b-d2b9a8f3de37,V_02_03,S09@display=downscale_720p
V_02_03,V_02_03,44703767-9d83-49e1-b8e4-f669f82afd6d,A_02_04,S09@display=downscale_720p
,A_02_02,57e17081-4a43-4410-a8b7-c6bf75e52b46,V_02_04,S09@display=downscale_720p
,A_02_02,57e17081-4a43-4410-a8b7-c6bf75e52b46,V_02_04,S09@display=downscale_720p
A_02_02,V_02_04,0118bd93-5520-4343-a2ad-629d427fd0ea,A_02_02,S09@display=downscale_720p
A_02_02,A_02_02,baa0b08b-ae47-4b47-b071-353ef688372e,V_02_04,S09@display=downscale_720p
A_02_02,A_02_02,44703767-9d83-49e1-b8e4-f669f82afd6d,V_02_04,S09@display=downscale_720p
,A_02_02,98971757-e9e2-42fe-814a-aceb68d0b457,V_02_04,S09@display=downscale_720p
A_02_02,A_02_02,5090c893-550b-48a3-92b2-9e86edda08cf,V_02_04,S09@display=downscale_720p
,A_02_02,2d216cc4-fa9a-4af9-9d97-96413ca5d7e9,V_02_04,S09@display=downscale_720p
A_02_02,V_02_04,296dcc0c-e3dc-4c82-a7f6-bd6129751e29,A_02_02,S09@display=downscale_720p
A_02_02,V_02_04,b56e44ae-c42b-4536-a130-309b99e17463,A_02_02,S09@display=downscale_720p
V_02_03,V_02_03,984224e9-ac5e-4c19-af2e-b6f9ff7e5d4f,A_02_04,S04@display=downscale_720p
V_02_03,V_02_03,ab0ebbd4-e7f3-4f4b-92aa-0eb0e7cd87a9,A_02_04,S04@display=downscale_720p
V_02_03,V_02_03,a1d6507f-e9c0-4600-98a3-36ec50e93ae3,A_02_04,S04@display=downscale_720p
V_02_03,V_02_03,a1d6507f-e9c0-4600-98a3-36ec50e93ae3,A_02_04,S04@display=downscale_720p
V_02_03,A_02_04,19e0b29c-66ef-4d8c-80ed-6074f0b98785,V_02_03,S04@display=downscale_720p
V_02_03,V_02_03,19e0b29c-66ef-4d8c-80ed-6074f0b98785,A_02_04,S04@display=downscale_720p
V_02_03,A_02_04,eda1f4cf-9647-482a-b01d-f80255a254c7,V_02_03,S04@display=downscale_720p
V_02_03,A_02_04,e7e4071d-f48b-47d8-a283-038e723dd91f,V_02_03,S04@display=downscale_720p
V_02_03,V_02_03,07f9db17-abf6-4851-aae4-4d4587c50bfa,A_02_04,S04@display=downscale_720p
V_02_03,A_02_04,d88d958b-0585-460a-b9f4-fe48042f9bba,V_02_03,S04@display=downscale_720p
,H_02_03,52cd66b3-60f3-4a27-a419-19d8a2f7d970,V_02_02,S08@display=downscale_720p
V_02_02,V_02_02,b5e82897-f57b-4598-878a-ac98805f3380,H_02_03,S08@display=downscale_720p
,V_02_02,b5e82897-f57b-4598-878a-ac98805f3380,H_02_03,S08@display=downscale_720p
V_02_02,H_02_03,5c17d573-7890-4777-af93-210e73e46398,V_02_02,S08@display=downscale_720p
,H_02_03,e0aea472-6a76-436e-af71-745b71b97d28,V_02_02,S08@display=downscale_720p
,H_02_03,e0aea472-6a76-436e-af71-745b71b97d28,V_02_02,S08@display=downscale_720p
,H_02_03,e0aea472-6a76-436e-af71-745b71b97d28,V_02_02,S08@display=downscale_720p
H_02_03,H_02_03,01875a85-7fc2-42c9-bc76-a479aaca875d,V_02_02,S08@display=downscale_720p
H_02_03,H_02_03,01875a85-7fc2-42c9-bc76-a479aaca875d,V_02_02,S08@display=downscale_720p
,V_02_02,00b8bcfc-f40c-4fa2-95a4-c5f666ad962a,H_02_03,S08@display=downscale_720p
H_02_03,H_02_03,52cd66b3-60f3-4a27-a419-19d8a2f7d970,H_02_04,S08@display=downscale_720p
H_02_04,H_02_03,df403bf1-207c-4b9b-ac50-f1591ecb7a00,H_02_04,S08@display=downscale_720p
H_02_04,H_02_03,df403bf1-207c-4b9b-ac50-f1591ecb7a00,H_02_04,S08@display=downscale_720p
,H_02_04,c80968f4-c72a-4870-b08d-c0423e41cc6e,H_02_03,S08@display=downscale_720p
H_02_03,H_02_04,78189632-fa94-44d6-9a66-6afd6278905d,H_02_03,S08@display=downscale_720p
H_02_03,H_02_04,d58730de-d9a3-467b-a170-d950379137e0,H_02_03,S08@display=downscale_720p
H_02_03,H_02_03,743fb9c3-fb20-4bfc-9b7d-677888efc14f,H_02_04,S08@display=downscale_720p
H_02_03,H_02_04,8445090b-365d-4316-8153-0e682fe65432,H_02_03,S08@display=downscale_720p
H_02_03,H_02_04,296dcc0c-e3dc-4c82-a7f6-bd6129751e29,H_02_03,S08@display=downscale_720p
H_02_03,H_02_03,2e452f06-e57a-4cce-ae94-a79dee6fb135,H_02_04,S08@display=downscale_720p
V_02_02,A_02_03,b5e82897-f57b-4598-878a-ac98805f3380,V_02_02,S09@display=downscale_720p
V_02_02,A_02_03,64fe5ebd-0cad-4bce-ba94-faced0b4549c,V_02_02,S09@display=downscale_720p
,A_02_03,a2dbf6e1-12c7-42b2-86e1-5508f7c53c63,V_02_02,S09@display=downscale_720p
V_02_02,V_02_02,c91c3d61-3b89-42f7-a978-250341c8e50c,A_02_03,S09@display=downscale_720p
A_02_03,V_02_02,e2014108-7d49-48aa-93f7-a6a6e87e4de0,A_02_03,S09@display=downscale_720p
V_02_02,V_02_02,f72f6f7e-92da-479f-bf84-994c786eabbc,A_02_03,S09@display=downscale_720p
,V_02_02,b07727d6-9c7b-4391-9d1a-666a899757d3,A_02_03,S09@display=downscale_720p
V_02_02,A_02_03,fea02753-fd51-42ba-93e9-cfe01ef2e123,V_02_02,S09@display=downscale_720p
V_02_02,V_02_02,b5e82897-f57b-4598-878a-ac98805f3380,A_02_03,S09@display=downscale_720p
,V_02_02,99565672-59b6-49ae-86c8-b67caabad734,A_02_03,S09@display=downscale_720p
A_02_02,A_02_02,e60d84f2-2aee-4ebc-b826-de0023409038,V_02_04,S06@display=downscale_720p
A_02_02,A_02_02,ef905607-4579-46f1-a6bc-3719b1ba5b41,V_02_04,S06@display=downscale_720p
,V_02_04,ef905607-4579-46f1-a6bc-3719b1ba5b41,A_02_02,S06@display=downscale_720p
V_02_04,V_02_04,df403bf1-207c-4b9b-ac50-f1591ecb7a00,A_02_02,S06@display=downscale_720p
A_02_02,A_02_02,4e548710-90d2-4f08-81d2-4650cc166f14,V_02_04,S06@display=downscale_720p
,A_02_02,6783cb20-9421-4e68-b959-e26e561aec04,V_02_04,S06@display=downscale_720p
,V_02_04,743fb9c3-fb20-4bfc-9b7d-677888efc14f,A_02_02,S06@display=downscale_720p
,A_02_02,50d3a8d4-117a-4456-b32c-82438624f5ea,V_02_04,S06@display=downscale_720p
A_02_02,A_02_02,5329ca54-b463-476d-98a4-53414bc4a500,V_02_04,S06@display=downscale_720p
A_02_02,A_02_02,b56e44ae-c42b-4536-a130-309b99e17463,V_02_04,S06@display=downscale_720p
H_02_02,A_02_04,ef905607-4579-46f1-a6bc-3719b1ba5b41,H_02_02,S04@display=downscale_720p
H_02_02,A_02_04,e60d84f2-2aee-4ebc-b826-de0023409038,H_02_02,S04@display=downscale_720p
H_02_02,A_02_04,ef905607-4579-46f1-a6bc-3719b1ba5b41,H_02_02,S04@display=downscale_720p
A_02_04,A_02_04,ef905607-4579-46f1-a6bc-3719b1ba5b41,H_02_02,S04@display=downscale_720p
H_02_02,H_02_02,80d0705c-47d0-44e8-b745-5cc04f35dfa6,A_02_04,S04@display=downscale_720p
H_02_02,H_02_02,974e8a16-3e5b-4c18-84d6-ca526197aadf,A_02_04,S04@display=downscale_720p
H_02_02,H_02_02,83dddf0d-d057-46ab-83f8-1230060b2406,A_02_04,S04@display=downscale_720p
H_02_02,H_02_02,0fac0fcc-a2c0-4120-8e26-e63d24e598d2,A_02_04,S04@display=downscale_720p
H_02_02,A_02_04,0109c2b8-15a3-47c4-9342-2b215a321563,H_02_02,S04@display=downscale_720p
H_02_02,A_02_04,80d0705c-47d0-44e8-b745-5cc04f35dfa6,H_02_02,S04@display=downscale_720p
H_02_02,H_02_03,78189632-fa94-44d6-9a66-6afd6278905d,H_02_02,S08@display=downscale_720p
H_02_02,H_02_03,91c3b79f-9c12-40b8-bf7f-b956a2497abd,H_02_02,S08@display=downscale_720p
,H_02_02,bf4179ae-5935-4a01-98ae-8da103f321f8,H_02_03,S08@display=downscale_720p
H_02_02,H_02_03,7c61efc9-0e02-461a-af2c-34a923d2c794,H_02_02,S08@display=downscale_720p
H_02_02,H_02_03,cc282dde-7397-4e85-b99c-afa56799cb4b,H_02_02,S08@display=downscale_720p
H_02_02,H_02_02,c7864864-2cbc-4f23-892b-1323a8077dfb,H_02_03,S08@display=downscale_720p
,H_02_02,78189632-fa94-44d6-9a66-6afd6278905d,H_02_03,S08@display=downscale_720p
H_02_03,H_02_02,e5326dba-7341-4b2b-97c2-e58d2675a729,H_02_03,S08@display=downscale_720p
H_02_02,H_02_02,c7864864-2cbc-4f23-892b-1323a8077dfb,H_02_03,S08@display=downscale_720p
,H_02_02,c7864864-2cbc-4f23-892b-1323a8077dfb,H_02_03,S08@display=downscale_720p
V_02_03,V_02_04,91c3b79f-9c12-40b8-bf7f-b956a2497abd,V_02_03,S03@display=downscale_720p
V_02_03,V_02_03,7597850a-f1d3-42d6-ab3b-b865d992b156,V_02_04,S03@display=downscale_720p
V_02_04,V_02_04,65b4399b-258a-40b2-8e26-487326752e29,V_02_03,S03@display=downscale_720p
V_02_04,V_02_04,6d73ea9c-7cf0-4569-a699-0205c8a2f979,V_02_03,S03@display=downscale_720p
V_02_03,V_02_04,ca627781-6a60-46cf-b108-8b3819fcdc24,V_02_03,S03@display=downscale_720p
V_02_03,V_02_03,c950a398-7322-465b-b233-9e1966c11317,V_02_04,S03@display=downscale_720p
V_02_03,V_02_04,980d2d8b-ef14-4422-9c2e-7fe3cf484d55,V_02_03,S03@display=downscale_720p
V_02_03,V_02_03,ca627781-6a60-46cf-b108-8b3819fcdc24,V_02_04,S03@display=downscale_720p
,V_02_04,c80968f4-c72a-4870-b08d-c0423e41cc6e,V_02_03,S03@display=downscale_720p
V_02_03,V_02_04,7a5ca0c3-3747-49fa-bd9e-ded4ad1b2467,V_02_03,S03@display=downscale_720p
V_02_02,V_02_02,eb125c1e-a605-455a-a8b3-ebda76836e01,H_02_04,S04@display=downscale_720p
V_02_02,H_02_04,64fe5ebd-0cad-4bce-ba94-faced0b4549c,V_02_02,S04@display=downscale_720p
V_02_02,H_02_04,eb125c1e-a605-455a-a8b3-ebda76836e01,V_02_02,S04@display=downscale_720p
V_02_02,H_02_04,e2014108-7d49-48aa-93f7-a6a6e87e4de0,V_02_02,S04@display=downscale_720p
V_02_02,V_02_02,ca627781-6a60-46cf-b108-8b3819fcdc24,H_02_04,S04@display=downscale_720p
V_02_02,V_02_02,fea02753-fd51-42ba-93e9-cfe01ef2e123,H_02_04,S04@display=downscale_720p
,H_02_04,65b4399b-258a-40b2-8e26-487326752e29,V_02_02,S04@display=downscale_720p
V_02_02,H_02_04,dea42000-fbbf-4a4d-adce-3d2329efe3d5,V_02_02,S04@display=downscale_720p
V_02_02,V_02_02,e2014108-7d49-48aa-93f7-a6a6e87e4de0,H_02_04,S04@display=downscale_720p
V_02_02,H_02_04,dea42000-fbbf-4a4d-adce-3d2329efe3d5,V_02_02,S04@display=downscale_720p
H_02_02,H_02_02,9be95918-d2cc-4c83-af87-146d182978cd,A_02_03,S08@display=downscale_720p
H_02_02,H_02_02,df403bf1-207c-4b9b-ac50-f1591ecb7a00,A_02_03,S08@display=downscale_720p
H_02_02,H_02_02,0cda7244-81af-4c2f-820e-d609b1bdf00b,A_02_03,S08@display=downscale_720p
H_02_02,A_02_03,a091e662-a14d-4153-92ca-d5583400ef5c,H_02_02,S08@display=downscale_720p
,A_02_03,d09060ea-d90e-4d32-a5a4-a8bdf785d5ef,H_02_02,S08@display=downscale_720p
A_02_03,H_02_02,df403bf1-207c-4b9b-ac50-f1591ecb7a00,A_02_03,S08@display=downscale_720p
A_02_03,A_02_03,59ff7d27-d4c4-424c-8254-2159381e5428,H_02_02,S08@display=downscale_720p
H_02_02,H_02_02,a091e662-a14d-4153-92ca-d5583400ef5c,A_02_03,S08@display=downscale_720p
H_02_02,A_02_03,eb125c1e-a605-455a-a8b3-ebda76836e01,H_02_02,S08@display=downscale_720p
H_02_02,A_02_03,d09060ea-d90e-4d32-a5a4-a8bdf785d5ef,H_02_02,S08@display=downscale_720p
A_02_02,A_02_02,d5a3e1ad-00e0-427b-8a71-63e7537a7fee,V_02_02,S07@display=downscale_720p
V_02_02,A_02_02,d5a3e1ad-00e0-427b-8a71-63e7537a7fee,V_02_02,S07@display=downscale_720p
,V_02_02,0440241e-020c-45e1-972b-d12ee557f199,A_02_02,S07@display=downscale_720p
,A_02_02,0778a679-4934-4628-824f-3768ebf7bba5,V_02_02,S07@display=downscale_720p
,V_02_02,828d829d-512a-4295-8c94-5dca353c3dc8,A_02_02,S07@display=downscale_720p
,A_02_02,c80968f4-c72a-4870-b08d-c0423e41cc6e,V_02_02,S07@display=downscale_720p
,V_02_02,c80968f4-c72a-4870-b08d-c0423e41cc6e,A_02_02,S07@display=downscale_720p
,V_02_02,a3d0bef8-b34e-4489-899a-c38a2c2bb1f7,A_02_02,S07@display=downscale_720p
A_02_02,A_02_02,2dcb0734-8591-4649-9f37-db46fefdac73,V_02_02,S07@display=downscale_720p
,V_02_02,0cda7244-81af-4c2f-820e-d609b1bdf00b,A_02_02,S07@display=downscale_720p
V_02_04,V_02_04,d5a3e1ad-00e0-427b-8a71-63e7537a7fee,A_02_04,S07@display=downscale_720p
V_02_04,A_02_04,974e8a16-3e5b-4c18-84d6-ca526197aadf,V_02_04,S07@display=downscale_720p
V_02_04,A_02_04,0cda7244-81af-4c2f-820e-d609b1bdf00b,V_02_04,S07@display=downscale_720p
V_02_04,A_02_04,ee7a4321-6200-42eb-928a-4d8689a6222f,V_02_04,S07@display=downscale_720p
V_02_04,A_02_04,d5a3e1ad-00e0-427b-8a71-63e7537a7fee,V_02_04,S07@display=downscale_720p
V_02_04,A_02_04,0778a679-4934-4628-824f-3768ebf7bba5,V_02_04,S07@display=downscale_720p
V_02_04,A_02_04,bc676637-46a5-4073-9412-e0ed07e20264,V_02_04,S07@display=downscale_720p
V_02_04,A_02_04,d5a3e1ad-00e0-427b-8a71-63e7537a7fee,V_02_04,S07@display=downscale_720p
V_02_04,V_02_04,e7e4071d-f48b-47d8-a283-038e723dd91f,A_02_04,S07@display=downscale_720p
V_02_04,V_02_04,8d192948-3fb5-43c4-af59-85b9baa71b8f,A_02_04,S07@display=downscale_720p
V_02_04,V_02_04,d3903be9-8ce8-4b11-a521-e2a87f632230,V_02_03,S07@display=downscale_720p
V_02_03,V_02_04,7251bcce-8b41-43fd-a3cd-c4d607673836,V_02_03,S07@display=downscale_720p
,V_02_04,2f93cad8-9ae0-4376-addf-561fefab1698,V_02_03,S07@display=downscale_720p
V_02_03,V_02_04,d3903be9-8ce8-4b11-a521-e2a87f632230,V_02_03,S07@display=downscale_720p
,V_02_03,2f93cad8-9ae0-4376-addf-561fefab1698,V_02_04,S07@display=downscale_720p
V_02_03,V_02_04,baa0b08b-ae47-4b47-b071-353ef688372e,V_02_03,S07@display=downscale_720p
V_02_03,V_02_03,d3903be9-8ce8-4b11-a521-e2a87f632230,V_02_04,S07@display=downscale_720p
,V_02_03,dffbbf73-3719-4c35-bf8a-a42f10289d9b,V_02_04,S07@display=downscale_720p
V_02_03,V_02_03,d58730de-d9a3-467b-a170-d950379137e0,V_02_04,S07@display=downscale_720p
V_02_03,V_02_04,d3903be9-8ce8-4b11-a521-e2a87f632230,V_02_03,S07@display=downscale_720p
V_02_02,A_02_04,a99d29a7-655e-4ac0-9685-801b6701ef99,V_02_02,S04@display=downscale_720p
V_02_02,A_02_04,78cdaf7e-0824-4579-ada3-09888130112c,V_02_02,S04@display=downscale_720p
V_02_02,A_02_04,ae82db8e-ad66-44e4-8c16-5524b81e5f7d,V_02_02,S04@display=downscale_720p
V_02_02,A_02_04,8836da4b-10ef-48fb-9188-2006730f59bd,V_02_02,S04@display=downscale_720p
V_02_02,V_02_02,8836da4b-10ef-48fb-9188-2006730f59bd,A_02_04,S04@display=downscale_720p
V_02_02,A_02_04,4e548710-90d2-4f08-81d2-4650cc166f14,V_02_02,S04@display=downscale_720p
V_02_02,V_02_02,6f5a526a-943c-46c1-92ec-b897f48d5414,A_02_04,S04@display=downscale_720p
V_02_02,A_02_04,80d0705c-47d0-44e8-b745-5cc04f35dfa6,V_02_02,S04@display=downscale_720p
V_02_02,A_02_04,e5326dba-7341-4b2b-97c2-e58d2675a729,V_02_02,S04@display=downscale_720p
V_02_02,A_02_04,cc282dde-7397-4e85-b99c-afa56799cb4b,V_02_02,S04@display=downscale_720p
V_02_02,V_02_02,502764dd-9b73-4188-a1bc-05b4db17df5e,A_02_04,S10@display=downscale_720p
V_02_02,A_02_04,d8c1bc80-412f-4d47-99ac-13139f531c78,V_02_02,S10@display=downscale_720p
V_02_02,A_02_04,f72f6f7e-92da-479f-bf84-994c786eabbc,V_02_02,S10@display=downscale_720p
V_02_02,A_02_04,7251bcce-8b41-43fd-a3cd-c4d607673836,V_02_02,S10@display=downscale_720p
V_02_02,A_02_04,7251bcce-8b41-43fd-a3cd-c4d607673836,V_02_02,S10@display=downscale_720p
V_02_02,A_02_04,45cb17f4-bc50-462b-8899-6159f21e4966,V_02_02,S10@display=downscale_720p
V_02_02,A_02_04,8836da4b-10ef-48fb-9188-2006730f59bd,V_02_02,S10@display=downscale_720p
V_02_02,A_02_04,8282a32a-12f5-4bb0-9e1b-ffa64048e19f,V_02_02,S10@display=downscale_720p
V_02_02,V_02_02,a99d29a7-655e-4ac0-9685-801b6701ef99,A_02_04,S10@display=downscale_720p
V_02_02,V_02_02,d37ba4e2-3c08-49bd-9d07-3320f585e31c,A_02_04,S10@display=downscale_720p
,V_02_03,c150215b-b234-4613-b32b-f7f1f02185ec,V_02_02,S09@display=downscale_720p
,V_02_02,c150215b-b234-4613-b32b-f7f1f02185ec,V_02_03,S09@display=downscale_720p
,V_02_02,e825d820-c3bb-499b-aee5-154357792165,V_02_03,S09@display=downscale_720p
V_02_02,V_02_02,8836da4b-10ef-48fb-9188-2006730f59bd,V_02_03,S09@display=downscale_720p
V_02_03,V_02_03,5734e3e6-e0a5-4b44-8de2-4b2fcce5269b,V_02_02,S09@display=downscale_720p
V_02_03,V_02_02,78189632-fa94-44d6-9a66-6afd6278905d,V_02_03,S09@display=downscale_720p
,V_02_02,71b0eb8c-7f7c-494f-a027-93ab652b5055,V_02_03,S09@display=downscale_720p
V_02_03,V_02_03,59ff7d27-d4c4-424c-8254-2159381e5428,V_02_02,S09@display=downscale_720p
V_02_02,V_02_03,ee7a4321-6200-42eb-928a-4d8689a6222f,V_02_02,S09@display=downscale_720p
,V_02_03,e7e4071d-f48b-47d8-a283-038e723dd91f,V_02_02,S09@display=downscale_720p
A_02_02,A_02_02,bd61cb3b-94be-482f-9e92-a1427be48716,H_02_03,S03@display=downscale_720p
,H_02_03,99565672-59b6-49ae-86c8-b67caabad734,A_02_02,S03@display=downscale_720p
,A_02_02,2367618d-fdb1-4a3c-98cf-155b1b95c446,H_02_03,S03@display=downscale_720p
,H_02_03,8282a32a-12f5-4bb0-9e1b-ffa64048e19f,A_02_02,S03@display=downscale_720p
A_02_02,A_02_02,8879b96e-ae8c-4a72-8226-fd37db366db9,H_02_03,S03@display=downscale_720p
A_02_02,H_02_03,5329ca54-b463-476d-98a4-53414bc4a500,A_02_02,S03@display=downscale_720p
A_02_02,A_02_02,ae82db8e-ad66-44e4-8c16-5524b81e5f7d,H_02_03,S03@display=downscale_720p
A_02_02,H_02_03,8879b96e-ae8c-4a72-8226-fd37db366db9,A_02_02,S03@display=downscale_720p
A_02_02,A_02_02,14bb97de-dd82-4fb2-ad70-1abfe83f218c,H_02_03,S03@display=downscale_720p
,A_02_02,b25458da-c4eb-46ab-9e42-d7e131830f03,H_02_03,S03@display=downscale_720p
H_02_03,H_02_04,339d31df-b966-4fe0-9476-345fd01047d6,H_02_03,S06@display=downscale_720p
H_02_03,H_02_03,8a9d6a5f-877d-40c5-85cc-b7ac357cbf73,H_02_04,S06@display=downscale_720p
,H_02_04,d88d958b-0585-460a-b9f4-fe48042f9bba,H_02_03,S06@display=downscale_720p
H_02_04,H_02_03,34a267ad-eeec-427e-8ab9-7f641b7a7274,H_02_04,S06@display=downscale_720p
H_02_04,H_02_04,9cee37ee-31bf-4646-a76d-6f10094af82f,H_02_03,S06@display=downscale_720p
,H_02_04,6f5a526a-943c-46c1-92ec-b897f48d5414,H_02_03,S06@display=downscale_720p
H_02_03,H_02_03,8a9d6a5f-877d-40c5-85cc-b7ac357cbf73,H_02_04,S06@display=downscale_720p
,H_02_03,4b48e5e8-e693-4fe9-ba01-b22cb81aa8bd,H_02_04,S06@display=downscale_720p
,H_02_04,0b548ca1-b97f-4bc3-b772-3069e9b12a96,H_02_03,S06@display=downscale_720p
H_02_03,H_02_03,9f21e38d-82ad-4392-b35b-5ec4261b59eb,H_02_04,S06@display=downscale_720p
A_02_03,A_02_03,9f21e38d-82ad-4392-b35b-5ec4261b59eb,A_02_02,S09@display=downscale_720p
,A_02_03,2c1902c1-ab14-442e-a7de-add5b8bd7698,A_02_02,S09@display=downscale_720p
A_02_03,A_02_03,9cee37ee-31bf-4646-a76d-6f10094af82f,A_02_02,S09@display=downscale_720p
A_02_02,A_02_02,9cee37ee-31bf-4646-a76d-6f10094af82f,A_02_03,S09@display=downscale_720p
A_02_02,A_02_02,9cee37ee-31bf-4646-a76d-6f10094af82f,A_02_03,S09@display=downscale_720p
,A_02_03,0cda7244-81af-4c2f-820e-d609b1bdf00b,A_02_02,S09@display=downscale_720p
A_02_02,A_02_02,59ff7d27-d4c4-424c-8254-2159381e5428,A_02_03,S09@display=downscale_720p
A_02_03,A_02_03,01875a85-7fc2-42c9-bc76-a479aaca875d,A_02_02,S09@display=downscale_720p
A_02_02,A_02_03,b56e44ae-c42b-4536-a130-309b99e17463,A_02_02,S09@display=downscale_720p
,A_02_02,426e4e11-dbc4-47c8-a89b-2ed4d3cb597e,A_02_03,S09@display=downscale_720p
A_02_02,H_02_04,761f7f33-fc3c-4f59-b330-bca279f047c2,A_02_02,S01@display=downscale_720p
A_02_02,A_02_02,efb3944b-7150-43f1-a579-5cb22bc06e25,H_02_04,S01@display=downscale_720p
A_02_02,H_02_04,b3c54082-61e2-4aa7-8bc0-f758410059bf,A_02_02,S01@display=downscale_720p
A_02_02,A_02_02,083505b0-b61d-4214-beb0-3bfe37faabc2,H_02_04,S01@display=downscale_720p
A_02_02,A_02_02,c26847af-3f98-4202-9f41-8f32e06ca9af,H_02_04,S01@display=downscale_720p
A_02_02,A_02_02,0109c2b8-15a3-47c4-9342-2b215a321563,H_02_04,S01@display=downscale_720p
A_02_02,H_02_04,9cee37ee-31bf-4646-a76d-6f10094af82f,A_02_02,S01@display=downscale_720p
A_02_02,A_02_02,015ccc61-902b-4576-bbbc-793c195ac663,H_02_04,S01@display=downscale_720p
A_02_02,A_02_02,88bd9602-0f35-402e-bdcb-18a5a6bb13a6,H_02_04,S01@display=downscale_720p
A_02_02,H_02_04,efb3944b-7150-43f1-a579-5cb22bc06e25,A_02_02,S01@display=downscale_720p
V_02_02,V_02_02,761f7f33-fc3c-4f59-b330-bca279f047c2,H_02_04,S09@display=downscale_720p
V_02_02,H_02_04,189f6251-48c7-43b3-ae82-67fbae2af4a9,V_02_02,S09@display=downscale_720p
V_02_02,V_02_02,9e13a5f5-a844-4599-96fa-55244db6b99d,H_02_04,S09@display=downscale_720p
V_02_02,H_02_04,ff3fa308-811a-4a4e-8567-74766e273529,V_02_02,S09@display=downscale_720p
V_02_02,V_02_02,015ccc61-902b-4576-bbbc-793c195ac663,H_02_04,S09@display=downscale_720p
V_02_02,V_02_02,7251bcce-8b41-43fd-a3cd-c4d607673836,H_02_04,S09@display=downscale_720p
,V_02_02,027e87cd-e3af-4187-8e56-8099bf7d56d6,H_02_04,S09@display=downscale_720p
V_02_02,V_02_02,c26847af-3f98-4202-9f41-8f32e06ca9af,H_02_04,S09@display=downscale_720p
V_02_02,H_02_04,015ccc61-902b-4576-bbbc-793c195ac663,V_02_02,S09@display=downscale_720p
V_02_02,V_02_02,efb3944b-7150-43f1-a579-5cb22bc06e25,H_02_04,S09@display=downscale_720p
H_02_03,H_02_02,170fef03-2ff4-4fec-a2ed-4c5bfc51eb91,H_02_03,S04@display=downscale_720p
,H_02_03,c901fe3c-ed4e-4cad-a813-8ac7c9f9cda1,H_02_02,S04@display=downscale_720p
,H_02_02,761f7f33-fc3c-4f59-b330-bca279f047c2,H_02_03,S04@display=downscale_720p
H_02_02,H_02_02,39f680ab-2a22-42d6-9399-be0fdfed7a8b,H_02_03,S04@display=downscale_720p
,H_02_02,761f7f33-fc3c-4f59-b330-bca279f047c2,H_02_03,S04@display=downscale_720p
,H_02_03,adc43c16-328a-4b3e-831e-15a1a5347760,H_02_02,S04@display=downscale_720p
H_02_02,H_02_03,1be9beb4-1d95-4e4a-9e56-cf91c910b288,H_02_02,S04@display=downscale_720p
H_02_03,H_02_02,c950a398-7322-465b-b233-9e1966c11317,H_02_03,S04@display=downscale_720p
H_02_03,H_02_02,5556a090-c5a7-47af-83bd-1c45856677ee,H_02_03,S04@display=downscale_720p
H_02_02,H_02_02,c5289fb2-7a0f-4b10-9229-e84bbc071295,H_02_03,S04@display=downscale_720p
,H_02_02,4b48e5e8-e693-4fe9-ba01-b22cb81aa8bd,A_02_03,S04@display=downscale_720p
H_02_02,A_02_03,16e82927-23fb-46e5-aba1-bd441bf4a818,H_02_02,S04@display=downscale_720p
H_02_02,H_02_02,083505b0-b61d-4214-beb0-3bfe37faabc2,A_02_03,S04@display=downscale_720p
,H_02_02,c26847af-3f98-4202-9f41-8f32e06ca9af,A_02_03,S04@display=downscale_720p
,H_02_02,922eae9f-c310-4e42-9bdf-1ef20d56fa69,A_02_03,S04@display=downscale_720p
H_02_02,H_02_02,027e87cd-e3af-4187-8e56-8099bf7d56d6,A_02_03,S04@display=downscale_720p
H_02_02,H_02_02,083505b0-b61d-4214-beb0-3bfe37faabc2,A_02_03,S04@display=downscale_720p
,A_02_03,027e87cd-e3af-4187-8e56-8099bf7d56d6,H_02_02,S04@display=downscale_720p
,A_02_03,6b1f5794-952c-4cdb-a62e-57821a762323,H_02_02,S04@display=downscale_720p
H_02_02,A_02_03,0013934b-6ac8-4c15-bf9a-11d47de14730,H_02_02,S04@display=downscale_720p
A_02_02,A_02_04,027e87cd-e3af-4187-8e56-8099bf7d56d6,A_02_02,S01@display=downscale_720p
A_02_02,A_02_04,761f7f33-fc3c-4f59-b330-bca279f047c2,A_02_02,S01@display=downscale_720p
A_02_02,A_02_04,083505b0-b61d-4214-beb0-3bfe37faabc2,A_02_02,S01@display=downscale_720p
A_02_02,A_02_02,481fc790-08ca-4e9d-8116-15f4a558cfb6,A_02_04,S01@display=downscale_720p
A_02_02,A_02_04,027e87cd-e3af-4187-8e56-8099bf7d56d6,A_02_02,S01@display=downscale_720p
A_02_02,A_02_02,922eae9f-c310-4e42-9bdf-1ef20d56fa69,A_02_04,S01@display=downscale_720p
A_02_02,A_02_04,083505b0-b61d-4214-beb0-3bfe37faabc2,A_02_02,S01@display=downscale_720p
A_02_02,A_02_04,e7e4071d-f48b-47d8-a283-038e723dd91f,A_02_02,S01@display=downscale_720p
A_02_02,A_02_04,6b1f5794-952c-4cdb-a62e-57821a762323,A_02_02,S01@display=downscale_720p
A_02_02,A_02_02,1a51a237-f04f-4c38-b86d-1727d52b2fde,A_02_04,S01@display=downscale_720p
H_02_02,H_02_04,8b7d1b07-fa23-4ea3-ad4b-4c5c6a88b4bf,H_02_02,S03@display=downscale_720p
H_02_02,H_02_04,51a35fe7-a903-4d22-8f32-7faf7650eb7d,H_02_02,S03@display=downscale_720p
H_02_02,H_02_02,39f680ab-2a22-42d6-9399-be0fdfed7a8b,H_02_04,S03@display=downscale_720p
H_02_02,H_02_02,39f680ab-2a22-42d6-9399-be0fdfed7a8b,H_02_04,S03@display=downscale_720p
H_02_02,H_02_04,1bed0d6b-18bf-4745-a1ca-2988ec430d28,H_02_02,S03@display=downscale_720p
H_02_02,H_02_04,39f680ab-2a22-42d6-9399-be0fdfed7a8b,H_02_02,S03@display=downscale_720p
H_02_02,H_02_04,39f680ab-2a22-42d6-9399-be0fdfed7a8b,H_02_02,S03@display=downscale_720p
H_02_02,H_02_04,59a8887a-b235-42c1-b76d-0d5b64e71be1,H_02_02,S03@display=downscale_720p
H_02_02,H_02_02,fae820c8-124d-42a1-ad60-82e2e6a3ae83,H_02_04,S03@display=downscale_720p
H_02_02,H_02_02,fae820c8-124d-42a1-ad60-82e2e6a3ae83,H_02_04,S03@display=downscale_720p
,A_02_03,1bed0d6b-18bf-4745-a1ca-2988ec430d28,H_02_03,S06@display=downscale_720p
A_02_03,H_02_03,51a35fe7-a903-4d22-8f32-7faf7650eb7d,A_02_03,S06@display=downscale_720p
A_02_03,H_02_03,99a13978-779c-4f98-b4ad-0f0566418b9b,A_02_03,S06@display=downscale_720p
A_02_03,A_02_03,8b7d1b07-fa23-4ea3-ad4b-4c5c6a88b4bf,H_02_03,S06@display=downscale_720p
A_02_03,A_02_03,8b7d1b07-fa23-4ea3-ad4b-4c5c6a88b4bf,H_02_03,S06@display=downscale_720p
A_02_03,H_02_03,4e548710-90d2-4f08-81d2-4650cc166f14,A_02_03,S06@display=downscale_720p
A_02_03,A_02_03,5090c893-550b-48a3-92b2-9e86edda08cf,H_02_03,S06@display=downscale_720p
,H_02_03,dffbbf73-3719-4c35-bf8a-a42f10289d9b,A_02_03,S06@display=downscale_720p
,A_02_03,53ac50fa-a11c-4fb9-8d05-24625226e038,H_02_03,S06@display=downscale_720p
H_02_03,A_02_03,cc282dde-7397-4e85-b99c-afa56799cb4b,H_02_03,S06@display=downscale_720p
V_02_03,V_02_04,aef51353-4d62-4bb2-868c-bc010215c291,V_02_03,S05@display=downscale_720p
V_02_04,V_02_03,0118bd93-5520-4343-a2ad-629d427fd0ea,V_02_04,S05@display=downscale_720p
V_02_03,V_02_04,0118bd93-5520-4343-a2ad-629d427fd0ea,V_02_03,S05@display=downscale_720p
,V_02_04,83dddf0d-d057-46ab-83f8-1230060b2406,V_02_03,S05@display=downscale_720p
,V_02_03,8a912060-cced-467a-b148-3ba54770352a,V_02_04,S05@display=downscale_720p
,V_02_04,8a912060-cced-467a-b148-3ba54770352a,V_02_03,S05@display=downscale_720p
,V_02_04,594b1c05-64c5-4ff7-8e8b-0daef3f5459b,V_02_03,S05@display=downscale_720p
V_02_03,V_02_03,7a5ca0c3-3747-49fa-bd9e-ded4ad1b2467,V_02_04,S05@display=downscale_720p
V_02_03,V_02_03,5329ca54-b463-476d-98a4-53414bc4a500,V_02_04,S05@display=downscale_720p
V_02_03,V_02_03,cc358bbb-e39a-4d44-9a97-d3d999119b26,V_02_04,S05@display=downscale_720p
V_02_03,H_02_04,a1d6507f-e9c0-4600-98a3-36ec50e93ae3,V_02_03,S02@display=downscale_720p
V_02_03,V_02_03,38228acf-0b11-4591-a4de-d4b59e3e304d,H_02_04,S02@display=downscale_720p
V_02_03,H_02_04,ab0ebbd4-e7f3-4f4b-92aa-0eb0e7cd87a9,V_02_03,S02@display=downscale_720p
,V_02_03,19e0b29c-66ef-4d8c-80ed-6074f0b98785,H_02_04,S02@display=downscale_720p
V_02_03,H_02_04,0205dc10-1d6c-45fa-b168-78edc9551986,V_02_03,S02@display=downscale_720p
V_02_03,V_02_03,828d829d-512a-4295-8c94-5dca353c3dc8,H_02_04,S02@display=downscale_720p
V_02_03,V_02_03,38228acf-0b11-4591-a4de-d4b59e3e304d,H_02_04,S02@display=downscale_720p
V_02_03,H_02_04,a3d0bef8-b34e-4489-899a-c38a2c2bb1f7,V_02_03,S02@display=downscale_720p
V_02_03,H_02_04,0b548ca1-b97f-4bc3-b772-3069e9b12a96,V_02_03,S02@display=downscale_720p
V_02_03,V_02_03,38228acf-0b11-4591-a4de-d4b59e3e304d,H_02_04,S02@display=downscale_720p
H_02_03,A_02_04,38228acf-0b11-4591-a4de-d4b59e3e304d,H_02_03,S04@display=downscale_720p
H_02_03,A_02_04,a1d6507f-e9c0-4600-98a3-36ec50e93ae3,H_02_03,S04@display=downscale_720p
H_02_03,H_02_03,ab0ebbd4-e7f3-4f4b-92aa-0eb0e7cd87a9,A_02_04,S04@display=downscale_720p
H_02_03,H_02_03,38228acf-0b11-4591-a4de-d4b59e3e304d,A_02_04,S04@display=downscale_720p
H_02_03,H_02_03,a1d6507f-e9c0-4600-98a3-36ec50e93ae3,A_02_04,S04@display=downscale_720p
H_02_03,A_02_04,a1d6507f-e9c0-4600-98a3-36ec50e93ae3,H_02_03,S04@display=downscale_720p
,A_02_04,c887bdd6-0366-4272-b428-1218b105b134,H_02_03,S04@display=downscale_720p
H_02_03,H_02_03,2d216cc4-fa9a-4af9-9d97-96413ca5d7e9,A_02_04,S04@display=downscale_720p
H_02_03,H_02_03,0205dc10-1d6c-45fa-b168-78edc9551986,A_02_04,S04@display=downscale_720p
H_02_03,H_02_03,594b1c05-64c5-4ff7-8e8b-0daef3f5459b,A_02_04,S04@display=downscale_720p
A_02_02,A_02_02,98971757-e9e2-42fe-814a-aceb68d0b457,H_02_04,S09@display=downscale_720p
A_02_02,A_02_02,0205dc10-1d6c-45fa-b168-78edc9551986,H_02_04,S09@display=downscale_720p
A_02_02,H_02_04,594b1c05-64c5-4ff7-8e8b-0daef3f5459b,A_02_02,S09@display=downscale_720p
A_02_02,A_02_02,0b548ca1-b97f-4bc3-b772-3069e9b12a96,H_02_04,S09@display=downscale_720p
A_02_02,H_02_04,ab0ebbd4-e7f3-4f4b-92aa-0eb0e7cd87a9,A_02_02,S09@display=downscale_720p
A_02_02,A_02_02,ab0ebbd4-e7f3-4f4b-92aa-0eb0e7cd87a9,H_02_04,S09@display=downscale_720p
A_02_02,A_02_02,59a8887a-b235-42c1-b76d-0d5b64e71be1,H_02_04,S09@display=downscale_720p
A_02_02,A_02_02,501e8cf2-7ae2-4e2a-a7f6-84d5b2d3a2b8,H_02_04,S09@display=downscale_720p
A_02_02,H_02_04,501e8cf2-7ae2-4e2a-a7f6-84d5b2d3a2b8,A_02_02,S09@display=downscale_720p
A_02_02,A_02_02,bc676637-46a5-4073-9412-e0ed07e20264,H_02_04,S09@display=downscale_720p
H_02_02,H_02_02,98971757-e9e2-42fe-814a-aceb68d0b457,A_02_03,S10@display=downscale_720p
H_02_02,H_02_02,98971757-e9e2-42fe-814a-aceb68d0b457,A_02_03,S10@display=downscale_720p
,H_02_02,0205dc10-1d6c-45fa-b168-78edc9551986,A_02_03,S10@display=downscale_720p
,A_02_03,0205dc10-1d6c-45fa-b168-78edc9551986,H_02_02,S10@display=downscale_720p
,H_02_02,0b548ca1-b97f-4bc3-b772-3069e9b12a96,A_02_03,S10@display=downscale_720p
,A_02_03,0b548ca1-b97f-4bc3-b772-3069e9b12a96,H_02_02,S10@display=downscale_720p
H_02_02,A_02_03,19e0b29c-66ef-4d8c-80ed-6074f0b98785,H_02_02,S10@display=downscale_720p
H_02_02,A_02_03,64ee7c47-a880-4870-b90f-98b2cea3d108,H_02_02,S10@display=downscale_720p
H_02_02,H_02_02,a1177765-5f3b-4328-a6b1-66550d59f893,A_02_03,S10@display=downscale_720p
A_02_03,H_02_02,cc282dde-7397-4e85-b99c-afa56799cb4b,A_02_03,S10@display=downscale_720p
V_02_02,H_02_02,dea42000-fbbf-4a4d-adce-3d2329efe3d5,V_02_02,S01@display=downscale_720p
V_02_02,V_02_02,dea42000-fbbf-4a4d-adce-3d2329efe3d5,H_02_02,S01@display=downscale_720p
V_02_02,V_02_02,6fec16f7-cfd9-48ea-93ac-508c71aa2e92,H_02_02,S01@display=downscale_720p
V_02_02,H_02_02,6fec16f7-cfd9-48ea-93ac-508c71aa2e92,V_02_02,S01@display=downscale_720p
,H_02_02,a2dbf6e1-12c7-42b2-86e1-5508f7c53c63,V_02_02,S01@display=downscale_720p
,H_02_02,a2dbf6e1-12c7-42b2-86e1-5508f7c53c63,V_02_02,S01@display=downscale_720p
,H_02_02,a2dbf6e1-12c7-42b2-86e1-5508f7c53c63,V_02_02,S01@display=downscale_720p
H_02_02,H_02_02,e2014108-7d49-48aa-93f7-a6a6e87e4de0,V_02_02,S01@display=downscale_720p
,V_02_02,e2014108-7d49-48aa-93f7-a6a6e87e4de0,H_02_02,S01@display=downscale_720p
V_02_02,H_02_02,fea02753-fd51-42ba-93e9-cfe01ef2e123,V_02_02,S01@display=downscale_720p
