answer,left_method,participant,right_method,test_case
encoded@bitrate=5800_height=1080,encoded@bitrate=5800_height=1080,88b36f5b-7e11-4173-9612-6e4bd8a0df5f,encoded@bitrate=3050_height=720,BigBuckBunny@display=sequential
encoded@bitrate=5800_height=1080,encoded@bitrate=3050_height=720,6bfdc018-e316-4308-9e36-75b96fbf87db,encoded@bitrate=5800_height=1080,BigBuckBunny@display=sequential
encoded@bitrate=5800_height=1080,encoded@bitrate=3050_height=720,3a63b826-0eed-47df-b419-9d445cda5305,encoded@bitrate=5800_height=1080,BigBuckBunny@display=sequential
encoded@bitrate=5800_height=1080,encoded@bitrate=3050_height=720,2dc294c9-e2ad-4de1-a9d0-cd71bbb77208,encoded@bitrate=5800_height=1080,BigBuckBunny@display=sequential
encoded@bitrate=5800_height=1080,encoded@bitrate=3050_height=720,658dc692-7421-4412-901b-44c5c6156b8d,encoded@bitrate=5800_height=1080,BigBuckBunny@display=sequential
encoded@bitrate=5800_height=1080,encoded@bitrate=5800_height=1080,e94f704d-fa22-45f1-a03e-2a052dc0f0a9,encoded@bitrate=3050_height=720,BigBuckBunny@display=sequential
encoded@bitrate=5800_height=1080,encoded@bitrate=3050_height=720,4f149963-afe7-4e7f-882a-d92298266de8,encoded@bitrate=5800_height=1080,BigBuckBunny@display=sequential
encoded@bitrate=5800_height=1080,encoded@bitrate=3050_height=720,eab4dc38-820b-4c1b-a638-2b4a0f93a334,encoded@bitrate=5800_height=1080,BigBuckBunny@display=sequential
encoded@bitrate=5800_height=1080,encoded@bitrate=3050_height=720,3b1058e2-fe8a-4537-a14d-164020753a23,encoded@bitrate=5800_height=1080,BigBuckBunny@display=sequential
encoded@bitrate=3050_height=720,encoded@bitrate=5800_height=1080,71bca3dc-88af-418b-bc5c-901a819fd1f0,encoded@bitrate=3050_height=720,BigBuckBunny@display=sequential
,encoded@bitrate=7500_height=1080,f84ff720-d8bb-45c9-8403-50d59edcb435,encoded@bitrate=3050_height=720,Seeking@display=sequential
encoded@bitrate=7500_height=1080,encoded@bitrate=7500_height=1080,5f234167-2bce-417e-a7b1-13f637af5124,encoded@bitrate=3050_height=720,Seeking@display=sequential
,encoded@bitrate=3050_height=720,f95ca5ed-5806-41a7-883d-75390a3ca469,encoded@bitrate=7500_height=1080,Seeking@display=sequential
encoded@bitrate=7500_height=1080,encoded@bitrate=7500_height=1080,46988bee-31b6-4324-8234-6c77582cea87,encoded@bitrate=3050_height=720,Seeking@display=sequential
encoded@bitrate=7500_height=1080,encoded@bitrate=7500_height=1080,02fd1a52-0f17-45c3-8185-fdbf6906e984,encoded@bitrate=3050_height=720,Seeking@display=sequential
encoded@bitrate=7500_height=1080,encoded@bitrate=7500_height=1080,c8f19654-d24f-46d4-9aa5-99d95c9ceab5,encoded@bitrate=3050_height=720,Seeking@display=sequential
encoded@bitrate=7500_height=1080,encoded@bitrate=7500_height=1080,239be723-f6dc-4053-ac79-4f57603fd382,encoded@bitrate=3050_height=720,Seeking@display=sequential
encoded@bitrate=7500_height=1080,encoded@bitrate=7500_height=1080,31386404-9819-45ed-8d9d-7ceeb1453990,encoded@bitrate=3050_height=720,Seeking@display=sequential
encoded@bitrate=7500_height=1080,encoded@bitrate=3050_height=720,bdcc1e7a-95a7-4f0a-89b9-ef03f0ed7261,encoded@bitrate=7500_height=1080,Seeking@display=sequential
encoded@bitrate=7500_height=1080,encoded@bitrate=3050_height=720,b80f00b9-eab1-4fc9-807a-f0f2300dd67c,encoded@bitrate=7500_height=1080,Seeking@display=sequential
,encoded@bitrate=4250_height=720,f84ff720-d8bb-45c9-8403-50d59edcb435,encoded@bitrate=3050_height=720,BigBuckBunny@display=sequential
encoded@bitrate=4250_height=720,encoded@bitrate=4250_height=720,882969fc-cb3f-463a-ae31-0d7c32898c9f,encoded@bitrate=3050_height=720,BigBuckBunny@display=sequential
encoded@bitrate=3050_height=720,encoded@bitrate=4250_height=720,04e42b86-466e-4ef7-9fc6-faf842d0b850,encoded@bitrate=3050_height=720,BigBuckBunny@display=sequential
,encoded@bitrate=4250_height=720,6d0409d3-a58a-4600-9d50-620749517832,encoded@bitrate=3050_height=720,BigBuckBunny@display=sequential
encoded@bitrate=4250_height=720,encoded@bitrate=4250_height=720,7ff3ca3e-cf96-4966-a02a-b9eab26a658b,encoded@bitrate=3050_height=720,BigBuckBunny@display=sequential
encoded@bitrate=3050_height=720,encoded@bitrate=3050_height=720,653d3a44-c7c2-4735-9899-3247fc68381e,encoded@bitrate=4250_height=720,BigBuckBunny@display=sequential
encoded@bitrate=3050_height=720,encoded@bitrate=3050_height=720,8ae60f0f-bc2f-4e37-9772-cbd58a5734ca,encoded@bitrate=4250_height=720,BigBuckBunny@display=sequential
,encoded@bitrate=4250_height=720,4224335e-26df-4d36-b1b2-51dc101f7e76,encoded@bitrate=3050_height=720,BigBuckBunny@display=sequential
encoded@bitrate=4250_height=720,encoded@bitrate=3050_height=720,90a2641b-5fcb-41c9-ad89-2451fbfad6a7,encoded@bitrate=4250_height=720,BigBuckBunny@display=sequential
,encoded@bitrate=4250_height=720,91641fb2-f748-4fad-bfa6-9ef0e5b271a3,encoded@bitrate=3050_height=720,BigBuckBunny@display=sequential
encoded@bitrate=15000_height=1080,encoded@bitrate=15000_height=1080,2f4ed158-b11c-4b86-b59d-6ddbec83983a,encoded@bitrate=4300_height=1080,Seeking@display=sequential
encoded@bitrate=4300_height=1080,encoded@bitrate=15000_height=1080,08d2aa18-36e2-4d06-b1b8-78ab06e9c8a4,encoded@bitrate=4300_height=1080,Seeking@display=sequential
,encoded@bitrate=15000_height=1080,ea1fced5-67ab-4744-8af5-26b265424a52,encoded@bitrate=4300_height=1080,Seeking@display=sequential
encoded@bitrate=15000_height=1080,encoded@bitrate=15000_height=1080,bf5f4b87-d05a-440d-9431-6620c1795e60,encoded@bitrate=4300_height=1080,Seeking@display=sequential
encoded@bitrate=15000_height=1080,encoded@bitrate=4300_height=1080,835e531d-086d-4efe-8d86-2e29a6f0383b,encoded@bitrate=15000_height=1080,Seeking@display=sequential
encoded@bitrate=15000_height=1080,encoded@bitrate=15000_height=1080,d445a949-d7c2-4196-b6a8-50cf9b19cc10,encoded@bitrate=4300_height=1080,Seeking@display=sequential
encoded@bitrate=15000_height=1080,encoded@bitrate=4300_height=1080,a289f0fe-8e3d-48c8-b3d3-d09b6d17b9f8,encoded@bitrate=15000_height=1080,Seeking@display=sequential
,encoded@bitrate=4300_height=1080,c79ca1a1-db1e-4f12-8a20-b18e8b065ead,encoded@bitrate=15000_height=1080,Seeking@display=sequential
encoded@bitrate=15000_height=1080,encoded@bitrate=15000_height=1080,77d2ccfb-ea78-4f68-bea0-064eb802d8b9,encoded@bitrate=4300_height=1080,Seeking@display=sequential
encoded@bitrate=15000_height=1080,encoded@bitrate=4300_height=1080,53127e19-5162-4bab-bb56-69665405a598,encoded@bitrate=15000_height=1080,Seeking@display=sequential
encoded@bitrate=15000_height=1080,encoded@bitrate=15000_height=1080,0c7cd81d-925c-4743-a2d6-52c210ca2c4d,encoded@bitrate=5800_height=1080,Seeking@display=sequential
,encoded@bitrate=15000_height=1080,046a2d12-93ee-4c22-b4af-236d42e42716,encoded@bitrate=5800_height=1080,Seeking@display=sequential
,encoded@bitrate=5800_height=1080,a8a6721b-be7d-42a3-ad63-ad07d8be7093,encoded@bitrate=15000_height=1080,Seeking@display=sequential
,encoded@bitrate=5800_height=1080,a527bdf9-311f-43ee-a4b5-31dd2629cc0a,encoded@bitrate=15000_height=1080,Seeking@display=sequential
encoded@bitrate=15000_height=1080,encoded@bitrate=5800_height=1080,352cda41-e8ef-438d-8eed-747420881787,encoded@bitrate=15000_height=1080,Seeking@display=sequential
encoded@bitrate=15000_height=1080,encoded@bitrate=5800_height=1080,1fbd93ac-8eb8-4d25-8246-22f21c4c0993,encoded@bitrate=15000_height=1080,Seeking@display=sequential
encoded@bitrate=15000_height=1080,encoded@bitrate=5800_height=1080,87b763b7-2f26-42bb-a0da-162c15c36d74,encoded@bitrate=15000_height=1080,Seeking@display=sequential
encoded@bitrate=15000_height=1080,encoded@bitrate=5800_height=1080,87e94e45-9c62-4b17-8f94-a1cb0efa9b1d,encoded@bitrate=15000_height=1080,Seeking@display=sequential
encoded@bitrate=15000_height=1080,encoded@bitrate=5800_height=1080,64e2f67e-8d1c-4d48-8af3-8fcba72344a8,encoded@bitrate=15000_height=1080,Seeking@display=sequential
encoded@bitrate=15000_height=1080,encoded@bitrate=5800_height=1080,082900d0-b541-4840-8099-04cd8537040b,encoded@bitrate=15000_height=1080,Seeking@display=sequential
encoded@bitrate=4300_height=1080,encoded@bitrate=2950_height=720,695ca2bf-b8e3-4615-9f1b-6014e2db4ee5,encoded@bitrate=4300_height=1080,OldTownCross@display=sequential
encoded@bitrate=4300_height=1080,encoded@bitrate=2950_height=720,5f234167-2bce-417e-a7b1-13f637af5124,encoded@bitrate=4300_height=1080,OldTownCross@display=sequential
encoded@bitrate=4300_height=1080,encoded@bitrate=2950_height=720,b412d0a7-b934-4b16-aa21-5145df105da7,encoded@bitrate=4300_height=1080,OldTownCross@display=sequential
encoded@bitrate=4300_height=1080,encoded@bitrate=4300_height=1080,1458ee06-1d9f-404b-9e4d-b09e3b5731af,encoded@bitrate=2950_height=720,OldTownCross@display=sequential
encoded@bitrate=4300_height=1080,encoded@bitrate=2950_height=720,cb413348-33d5-4aa8-b00b-1200485f9b83,encoded@bitrate=4300_height=1080,OldTownCross@display=sequential
encoded@bitrate=4300_height=1080,encoded@bitrate=2950_height=720,6860cb23-2a8c-4ee4-b4d9-dea0712b15fb,encoded@bitrate=4300_height=1080,OldTownCross@display=sequential
encoded@bitrate=2950_height=720,encoded@bitrate=4300_height=1080,69f0d010-abd8-4344-9f51-d04c4a5ddfe7,encoded@bitrate=2950_height=720,OldTownCross@display=sequential
encoded@bitrate=4300_height=1080,encoded@bitrate=2950_height=720,fdb19be6-2ae6-4d67-88e5-7730eec07397,encoded@bitrate=4300_height=1080,OldTownCross@display=sequential
,encoded@bitrate=2950_height=720,c199f722-c139-4861-9744-4560a943312a,encoded@bitrate=4300_height=1080,OldTownCross@display=sequential
encoded@bitrate=4300_height=1080,encoded@bitrate=2950_height=720,46f38607-110d-49ab-b60c-8c1ab9421949,encoded@bitrate=4300_height=1080,OldTownCross@display=sequential
encoded@bitrate=5800_height=1080,encoded@bitrate=4300_height=1080,00e0b3b3-defe-48ce-aaeb-a2e4d70b22c2,encoded@bitrate=5800_height=1080,ElFuente1@display=sequential
encoded@bitrate=4300_height=1080,encoded@bitrate=4300_height=1080,558436ff-83db-46b3-951b-08ea96ddeceb,encoded@bitrate=5800_height=1080,ElFuente1@display=sequential
encoded@bitrate=4300_height=1080,encoded@bitrate=5800_height=1080,a867dbaa-519b-4945-aa5a-9f6b4c6520b7,encoded@bitrate=4300_height=1080,ElFuente1@display=sequential
encoded@bitrate=4300_height=1080,encoded@bitrate=4300_height=1080,11f7b84a-0978-427c-8d2a-ec8d877db0cf,encoded@bitrate=5800_height=1080,ElFuente1@display=sequential
encoded@bitrate=5800_height=1080,encoded@bitrate=4300_height=1080,7e119710-3485-4cd1-b324-8038bbd18930,encoded@bitrate=5800_height=1080,ElFuente1@display=sequential
encoded@bitrate=4300_height=1080,encoded@bitrate=4300_height=1080,8d4a618f-7184-43bd-9513-10873098a873,encoded@bitrate=5800_height=1080,ElFuente1@display=sequential
encoded@bitrate=5800_height=1080,encoded@bitrate=5800_height=1080,0c75c2cb-4183-4187-8e95-1ddec654b46f,encoded@bitrate=4300_height=1080,ElFuente1@display=sequential
encoded@bitrate=5800_height=1080,encoded@bitrate=5800_height=1080,99d9d038-42e4-4055-a1db-51c247b52d8c,encoded@bitrate=4300_height=1080,ElFuente1@display=sequential
encoded@bitrate=5800_height=1080,encoded@bitrate=5800_height=1080,c0258f9a-7e2a-4c8a-b306-a389e2972855,encoded@bitrate=4300_height=1080,ElFuente1@display=sequential
,encoded@bitrate=5800_height=1080,4430b16c-a339-4f7d-bfc4-59c4c73b0b30,encoded@bitrate=4300_height=1080,ElFuente1@display=sequential
encoded@bitrate=15000_height=1080,encoded@bitrate=2350_height=720,0d42c5ea-d627-4776-8c86-8294d4032f8f,encoded@bitrate=15000_height=1080,Seeking@display=sequential
,encoded@bitrate=2350_height=720,210c7edb-98fa-41a6-9278-921e36d7e370,encoded@bitrate=15000_height=1080,Seeking@display=sequential
encoded@bitrate=15000_height=1080,encoded@bitrate=2350_height=720,b18b958b-b908-4ebe-932d-e50c856c72a6,encoded@bitrate=15000_height=1080,Seeking@display=sequential
,encoded@bitrate=15000_height=1080,58c5db58-31c9-498a-84c7-f2656253c676,encoded@bitrate=2350_height=720,Seeking@display=sequential
encoded@bitrate=15000_height=1080,encoded@bitrate=15000_height=1080,fa771af9-0334-4430-aa48-6fdf4401ccb8,encoded@bitrate=2350_height=720,Seeking@display=sequential
encoded@bitrate=15000_height=1080,encoded@bitrate=15000_height=1080,5740ef69-a9fb-42c2-b986-66e60752eb0f,encoded@bitrate=2350_height=720,Seeking@display=sequential
encoded@bitrate=15000_height=1080,encoded@bitrate=2350_height=720,592ba6b5-cb27-4a57-8053-fde0747c3fb0,encoded@bitrate=15000_height=1080,Seeking@display=sequential
encoded@bitrate=15000_height=1080,encoded@bitrate=15000_height=1080,a2212010-e7af-4f03-b283-3bf430b0d63b,encoded@bitrate=2350_height=720,Seeking@display=sequential
encoded@bitrate=2350_height=720,encoded@bitrate=15000_height=1080,d826d53b-0856-4aea-a51b-432806abb1e1,encoded@bitrate=2350_height=720,Seeking@display=sequential
encoded@bitrate=15000_height=1080,encoded@bitrate=15000_height=1080,5558d8dc-89e4-420a-bb35-818b2f95eb50,encoded@bitrate=2350_height=720,Seeking@display=sequential
,encoded@bitrate=3050_height=720,364332c7-5e58-405e-a1a2-57c7e65b6f31,encoded@bitrate=15000_height=1080,ElFuente2@display=sequential
encoded@bitrate=15000_height=1080,encoded@bitrate=15000_height=1080,6ecafacc-74bb-46fc-a25c-fb88759b6610,encoded@bitrate=3050_height=720,ElFuente2@display=sequential
encoded@bitrate=15000_height=1080,encoded@bitrate=15000_height=1080,a91842fe-969f-4065-af6f-8664becf98fe,encoded@bitrate=3050_height=720,ElFuente2@display=sequential
encoded@bitrate=15000_height=1080,encoded@bitrate=15000_height=1080,103c01a6-1eb1-43e3-8bf6-689f6a997cb1,encoded@bitrate=3050_height=720,ElFuente2@display=sequential
encoded@bitrate=15000_height=1080,encoded@bitrate=15000_height=1080,603ab446-f84f-4a09-9a90-7409bcc0d3b8,encoded@bitrate=3050_height=720,ElFuente2@display=sequential
encoded@bitrate=15000_height=1080,encoded@bitrate=3050_height=720,4f379e80-7986-435e-80da-90d2288a9137,encoded@bitrate=15000_height=1080,ElFuente2@display=sequential
encoded@bitrate=15000_height=1080,encoded@bitrate=15000_height=1080,3c6f9f56-45a3-4dd7-a38e-a5e2ecda05d4,encoded@bitrate=3050_height=720,ElFuente2@display=sequential
encoded@bitrate=15000_height=1080,encoded@bitrate=3050_height=720,7e35fb7d-230e-4635-bf54-a51aab87f3a7,encoded@bitrate=15000_height=1080,ElFuente2@display=sequential
encoded@bitrate=15000_height=1080,encoded@bitrate=3050_height=720,ab73b275-9ae8-46d7-b5f9-e2881e9ad887,encoded@bitrate=15000_height=1080,ElFuente2@display=sequential
encoded@bitrate=15000_height=1080,encoded@bitrate=15000_height=1080,c7393313-6dbc-4da9-9dd7-d677cd4aa45b,encoded@bitrate=3050_height=720,ElFuente2@display=sequential
encoded@bitrate=4300_height=1080,encoded@bitrate=375_height=288,6ab68eee-6d2b-46e8-b03a-b267fb0eac35,encoded@bitrate=4300_height=1080,CrowdRun@display=sequential
encoded@bitrate=4300_height=1080,encoded@bitrate=4300_height=1080,89011f22-37a1-4f64-b709-dcf63ad6d18b,encoded@bitrate=375_height=288,CrowdRun@display=sequential
encoded@bitrate=4300_height=1080,encoded@bitrate=4300_height=1080,8ff1358b-2362-4541-bef9-aaa77d3cedb2,encoded@bitrate=375_height=288,CrowdRun@display=sequential
encoded@bitrate=4300_height=1080,encoded@bitrate=4300_height=1080,4426f22d-2504-4d64-9045-785110d11a95,encoded@bitrate=375_height=288,CrowdRun@display=sequential
encoded@bitrate=4300_height=1080,encoded@bitrate=375_height=288,d7b474e9-ad6f-4890-99ab-5a796fcbd2cb,encoded@bitrate=4300_height=1080,CrowdRun@display=sequential
encoded@bitrate=4300_height=1080,encoded@bitrate=4300_height=1080,50722701-91d9-4f7c-90bb-e44edfd4f1a5,encoded@bitrate=375_height=288,CrowdRun@display=sequential
encoded@bitrate=4300_height=1080,encoded@bitrate=4300_height=1080,4ad0d76a-ac19-475d-97db-ffe0fd66930b,encoded@bitrate=375_height=288,CrowdRun@display=sequential
encoded@bitrate=4300_height=1080,encoded@bitrate=375_height=288,8ae60f0f-bc2f-4e37-9772-cbd58a5734ca,encoded@bitrate=4300_height=1080,CrowdRun@display=sequential
encoded@bitrate=4300_height=1080,encoded@bitrate=375_height=288,9addd87c-49c9-4ccb-b456-c9971f844026,encoded@bitrate=4300_height=1080,CrowdRun@display=sequential
encoded@bitrate=4300_height=1080,encoded@bitrate=375_height=288,853100a4-1afc-4a6b-af04-44ce98e09b00,encoded@bitrate=4300_height=1080,CrowdRun@display=sequential
original,encoded@bitrate=1750_height=480,0cd7633d-6ff0-4fc9-93c8-d9b7e1e8ff24,original,BigBuckBunny@display=sequential
original,encoded@bitrate=1750_height=480,9d6f7ee1-e089-4410-88df-ff9fd7b07a56,original,BigBuckBunny@display=sequential
original,encoded@bitrate=1750_height=480,70fd376b-a5b0-42fb-a562-8cbc5f239c70,original,BigBuckBunny@display=sequential
original,original,b30b28f7-3557-4eef-8ebe-423e04fd98e7,encoded@bitrate=1750_height=480,BigBuckBunny@display=sequential
original,original,b06990da-cdb0-46ce-9ec1-4e2597c7c00a,encoded@bitrate=1750_height=480,BigBuckBunny@display=sequential
,original,b2e4fd69-e297-428c-80bb-8e4c322696ae,encoded@bitrate=1750_height=480,BigBuckBunny@display=sequential
original,encoded@bitrate=1750_height=480,44d9eda0-c8bd-4bf7-add7-ddb3b53b45bd,original,BigBuckBunny@display=sequential
original,encoded@bitrate=1750_height=480,48b0ecc7-6a07-4117-a6a2-e7e762ff7646,original,BigBuckBunny@display=sequential
original,original,4426f22d-2504-4d64-9045-785110d11a95,encoded@bitrate=1750_height=480,BigBuckBunny@display=sequential
original,original,a45092db-c7cb-43ec-9349-5066f42b90bf,encoded@bitrate=1750_height=480,BigBuckBunny@display=sequential
encoded@bitrate=4300_height=1080,encoded@bitrate=4300_height=1080,b753aa06-01fa-4174-8bac-c4ea32e61695,encoded@bitrate=1750_height=480,Seeking@display=sequential
encoded@bitrate=4300_height=1080,encoded@bitrate=4300_height=1080,a3577c25-bda4-48cb-856e-c8b69b4cad2f,encoded@bitrate=1750_height=480,Seeking@display=sequential
encoded@bitrate=4300_height=1080,encoded@bitrate=4300_height=1080,9e239992-9940-42db-9d49-1d0d8d937637,encoded@bitrate=1750_height=480,Seeking@display=sequential
,encoded@bitrate=1750_height=480,7c7af9a4-0f7b-49fd-bb78-618f89ecaaef,encoded@bitrate=4300_height=1080,Seeking@display=sequential
encoded@bitrate=4300_height=1080,encoded@bitrate=4300_height=1080,9baf0479-ee75-4c1d-a964-9c05587af8b1,encoded@bitrate=1750_height=480,Seeking@display=sequential
encoded@bitrate=4300_height=1080,encoded@bitrate=1750_height=480,f0449a2c-9fa2-49ec-9d76-27a7a5be2351,encoded@bitrate=4300_height=1080,Seeking@display=sequential
,encoded@bitrate=4300_height=1080,da4a495f-f672-4f49-a718-0acc3e86b358,encoded@bitrate=1750_height=480,Seeking@display=sequential
encoded@bitrate=4300_height=1080,encoded@bitrate=1750_height=480,2847519c-6135-4c95-869d-42debfbc689f,encoded@bitrate=4300_height=1080,Seeking@display=sequential
encoded@bitrate=4300_height=1080,encoded@bitrate=4300_height=1080,8ff1358b-2362-4541-bef9-aaa77d3cedb2,encoded@bitrate=1750_height=480,Seeking@display=sequential
encoded@bitrate=4300_height=1080,encoded@bitrate=4300_height=1080,aa5df311-6e77-419b-a840-ecac85c0bf57,encoded@bitrate=1750_height=480,Seeking@display=sequential
encoded@bitrate=4300_height=1080,original,33ebe6be-bf3e-4b05-9c89-3246756edc13,encoded@bitrate=4300_height=1080,BigBuckBunny@display=sequential
,encoded@bitrate=4300_height=1080,43c9a29d-c5e0-4287-ad81-886385921f19,original,BigBuckBunny@display=sequential
encoded@bitrate=4300_height=1080,encoded@bitrate=4300_height=1080,7ae38b5c-cd98-477d-a069-e103eed457c3,original,BigBuckBunny@display=sequential
original,encoded@bitrate=4300_height=1080,da4644b1-335d-468a-8df0-814cc400fa8a,original,BigBuckBunny@display=sequential
,encoded@bitrate=4300_height=1080,54b6bc20-e9f0-430e-b687-f9a3bb4d716b,original,BigBuckBunny@display=sequential
original,encoded@bitrate=4300_height=1080,1bfb2f4b-8c15-4e96-807b-51afd54edd7b,original,BigBuckBunny@display=sequential
,original,a3b8c3bd-c5e0-4e7d-9169-f1c735b1ad6a,encoded@bitrate=4300_height=1080,BigBuckBunny@display=sequential
,original,7e98f940-e3dc-44a6-a8fd-efa346cb7697,encoded@bitrate=4300_height=1080,BigBuckBunny@display=sequential
original,encoded@bitrate=4300_height=1080,13f2c5fd-55b0-4e23-a6b7-07c03eae90a4,original,BigBuckBunny@display=sequential
,original,f01ea614-4b9a-4255-8e5c-16a8f3c2a04a,encoded@bitrate=4300_height=1080,BigBuckBunny@display=sequential
,encoded@bitrate=3800_height=1080,e93873b4-0ba1-44f7-9892-01237fb79aed,encoded@bitrate=4300_height=1080,BigBuckBunny@display=sequential
,encoded@bitrate=3800_height=1080,4ad0d76a-ac19-475d-97db-ffe0fd66930b,encoded@bitrate=4300_height=1080,BigBuckBunny@display=sequential
,encoded@bitrate=3800_height=1080,c932f144-695e-4b65-8153-5d7ba538f1b1,encoded@bitrate=4300_height=1080,BigBuckBunny@display=sequential
,encoded@bitrate=3800_height=1080,5a14dca9-ea09-4194-8bd6-e5eb2d3a4404,encoded@bitrate=4300_height=1080,BigBuckBunny@display=sequential
encoded@bitrate=3800_height=1080,encoded@bitrate=4300_height=1080,241b830e-0e58-4e17-a663-88a3a821ac3e,encoded@bitrate=3800_height=1080,BigBuckBunny@display=sequential
encoded@bitrate=3800_height=1080,encoded@bitrate=4300_height=1080,fcb49f3d-24e4-48f4-b819-5a1d0dd9a3ab,encoded@bitrate=3800_height=1080,BigBuckBunny@display=sequential
,encoded@bitrate=3800_height=1080,4cd37b8a-abc7-4359-a9e7-c17bee48ee62,encoded@bitrate=4300_height=1080,BigBuckBunny@display=sequential
,encoded@bitrate=3800_height=1080,55475eab-a988-4f0c-a896-9786f795968b,encoded@bitrate=4300_height=1080,BigBuckBunny@display=sequential
,encoded@bitrate=3800_height=1080,06d4fcbb-2678-47cb-a9d3-ea2bc74a2f81,encoded@bitrate=4300_height=1080,BigBuckBunny@display=sequential
encoded@bitrate=4300_height=1080,encoded@bitrate=4300_height=1080,84327ee8-7e8c-4049-886f-05323cf7bbc3,encoded@bitrate=3800_height=1080,BigBuckBunny@display=sequential
encoded@bitrate=2350_height=720,encoded@bitrate=2950_height=720,a0461a72-81fc-4492-9cad-96ba9f7bacbb,encoded@bitrate=2350_height=720,OldTownCross@display=sequential
,encoded@bitrate=2950_height=720,046a2d12-93ee-4c22-b4af-236d42e42716,encoded@bitrate=2350_height=720,OldTownCross@display=sequential
encoded@bitrate=2350_height=720,encoded@bitrate=2350_height=720,71e14685-9bb1-453e-940d-07a99ca5950b,encoded@bitrate=2950_height=720,OldTownCross@display=sequential
,encoded@bitrate=2950_height=720,2e1c5ff1-e376-4bef-a680-7c80520888f0,encoded@bitrate=2350_height=720,OldTownCross@display=sequential
encoded@bitrate=2350_height=720,encoded@bitrate=2950_height=720,a647b0ba-6ea8-4ffa-a048-3f4711f595b0,encoded@bitrate=2350_height=720,OldTownCross@display=sequential
,encoded@bitrate=2950_height=720,7fa97596-ab87-40b3-8e98-d7cad94abbea,encoded@bitrate=2350_height=720,OldTownCross@display=sequential
encoded@bitrate=2950_height=720,encoded@bitrate=2350_height=720,febbbfd7-f167-40e7-82f3-57fd12d35fdc,encoded@bitrate=2950_height=720,OldTownCross@display=sequential
encoded@bitrate=2950_height=720,encoded@bitrate=2350_height=720,0cc760c5-8660-492e-a4d2-c4360899975d,encoded@bitrate=2950_height=720,OldTownCross@display=sequential
encoded@bitrate=2350_height=720,encoded@bitrate=2950_height=720,9867dfa9-15e4-49b2-9516-13dcde4ab58d,encoded@bitrate=2350_height=720,OldTownCross@display=sequential
encoded@bitrate=2950_height=720,encoded@bitrate=2950_height=720,6a98c9e8-2ad1-4e94-9b64-768f79f5a556,encoded@bitrate=2350_height=720,OldTownCross@display=sequential
encoded@bitrate=20000_height=1080,encoded@bitrate=375_height=288,b2050466-f235-4258-9cad-bdd9aa52afc2,encoded@bitrate=20000_height=1080,ElFuente2@display=sequential
encoded@bitrate=20000_height=1080,encoded@bitrate=375_height=288,a2cd5997-8ab2-40d5-af24-ff7745f16f87,encoded@bitrate=20000_height=1080,ElFuente2@display=sequential
encoded@bitrate=20000_height=1080,encoded@bitrate=20000_height=1080,cf05d5d1-53f7-4560-9fb1-c4020a9dcb97,encoded@bitrate=375_height=288,ElFuente2@display=sequential
encoded@bitrate=20000_height=1080,encoded@bitrate=20000_height=1080,1fbd93ac-8eb8-4d25-8246-22f21c4c0993,encoded@bitrate=375_height=288,ElFuente2@display=sequential
encoded@bitrate=20000_height=1080,encoded@bitrate=375_height=288,77e6627f-e93f-4de6-839e-47512ff2f2b3,encoded@bitrate=20000_height=1080,ElFuente2@display=sequential
encoded@bitrate=20000_height=1080,encoded@bitrate=375_height=288,53466a3c-2c62-4717-b913-22fec5e4d2d9,encoded@bitrate=20000_height=1080,ElFuente2@display=sequential
encoded@bitrate=20000_height=1080,encoded@bitrate=20000_height=1080,bb926fe0-d9e2-46bc-9b22-daf71321c8aa,encoded@bitrate=375_height=288,ElFuente2@display=sequential
encoded@bitrate=20000_height=1080,encoded@bitrate=375_height=288,b4170a87-8862-45d0-ae39-a2fa7515fc9d,encoded@bitrate=20000_height=1080,ElFuente2@display=sequential
encoded@bitrate=20000_height=1080,encoded@bitrate=375_height=288,0bc2ef68-2eec-431d-a903-4e5fb7901115,encoded@bitrate=20000_height=1080,ElFuente2@display=sequential
encoded@bitrate=20000_height=1080,encoded@bitrate=375_height=288,f01ea614-4b9a-4255-8e5c-16a8f3c2a04a,encoded@bitrate=20000_height=1080,ElFuente2@display=sequential
encoded@bitrate=750_height=384,encoded@bitrate=375_height=288,917a52c4-6014-43e2-8f2f-185321b5e7d2,encoded@bitrate=750_height=384,BigBuckBunny@display=sequential
encoded@bitrate=750_height=384,encoded@bitrate=375_height=288,e014ebd9-cd30-437e-a333-6be5f7828d6d,encoded@bitrate=750_height=384,BigBuckBunny@display=sequential
encoded@bitrate=750_height=384,encoded@bitrate=750_height=384,2231f9ee-7322-4c18-afd8-0297a5523148,encoded@bitrate=375_height=288,BigBuckBunny@display=sequential
encoded@bitrate=750_height=384,encoded@bitrate=375_height=288,64523042-54b3-4028-9557-439ad63a25e1,encoded@bitrate=750_height=384,BigBuckBunny@display=sequential
encoded@bitrate=750_height=384,encoded@bitrate=750_height=384,7317c3fb-8b5c-4be7-bd0a-363cd0010fb0,encoded@bitrate=375_height=288,BigBuckBunny@display=sequential
encoded@bitrate=750_height=384,encoded@bitrate=750_height=384,89011f22-37a1-4f64-b709-dcf63ad6d18b,encoded@bitrate=375_height=288,BigBuckBunny@display=sequential
encoded@bitrate=750_height=384,encoded@bitrate=375_height=288,4bc866e0-4050-47ae-828f-de9f50923090,encoded@bitrate=750_height=384,BigBuckBunny@display=sequential
,encoded@bitrate=375_height=288,dbf56af0-d333-49de-9bd3-1b837113335b,encoded@bitrate=750_height=384,BigBuckBunny@display=sequential
encoded@bitrate=750_height=384,encoded@bitrate=750_height=384,d7668104-cefe-4f34-ad17-149c4cbe34b1,encoded@bitrate=375_height=288,BigBuckBunny@display=sequential
encoded@bitrate=750_height=384,encoded@bitrate=750_height=384,746fca7b-627e-49a4-8992-4928103625eb,encoded@bitrate=375_height=288,BigBuckBunny@display=sequential
encoded@bitrate=20000_height=1080,encoded@bitrate=4300_height=1080,2e65f225-cf41-430f-ae14-779a3b02a411,encoded@bitrate=20000_height=1080,ElFuente2@display=sequential
encoded@bitrate=20000_height=1080,encoded@bitrate=4300_height=1080,ab8731a7-c17c-49d1-881c-ab56930ea3e4,encoded@bitrate=20000_height=1080,ElFuente2@display=sequential
encoded@bitrate=20000_height=1080,encoded@bitrate=20000_height=1080,6a64ffbb-f695-4513-846a-2f9cdbe1ba3b,encoded@bitrate=4300_height=1080,ElFuente2@display=sequential
encoded@bitrate=20000_height=1080,encoded@bitrate=4300_height=1080,651b3bb1-0c2e-4a58-a8ff-c03001964285,encoded@bitrate=20000_height=1080,ElFuente2@display=sequential
encoded@bitrate=20000_height=1080,encoded@bitrate=20000_height=1080,d445a949-d7c2-4196-b6a8-50cf9b19cc10,encoded@bitrate=4300_height=1080,ElFuente2@display=sequential
encoded@bitrate=20000_height=1080,encoded@bitrate=20000_height=1080,0c330943-51a6-42cd-bb7a-12e199b3cb90,encoded@bitrate=4300_height=1080,ElFuente2@display=sequential
,encoded@bitrate=20000_height=1080,4b23efe8-b14b-4be4-9bf3-7282c400ff35,encoded@bitrate=4300_height=1080,ElFuente2@display=sequential
encoded@bitrate=20000_height=1080,encoded@bitrate=20000_height=1080,1c5b2ef7-2948-417f-b285-492bc21cb662,encoded@bitrate=4300_height=1080,ElFuente2@display=sequential
encoded@bitrate=20000_height=1080,encoded@bitrate=4300_height=1080,4f149963-afe7-4e7f-882a-d92298266de8,encoded@bitrate=20000_height=1080,ElFuente2@display=sequential
encoded@bitrate=20000_height=1080,encoded@bitrate=4300_height=1080,cf62539a-dfa8-4a51-b330-bd4b8a49fcd1,encoded@bitrate=20000_height=1080,ElFuente2@display=sequential
,encoded@bitrate=10000_height=1080,78ad58b6-fe7d-4b2c-9f23-b91de2567065,encoded@bitrate=5800_height=1080,ElFuente2@display=sequential
encoded@bitrate=10000_height=1080,encoded@bitrate=5800_height=1080,35777d6a-3f13-436d-aeac-f175175f5a1c,encoded@bitrate=10000_height=1080,ElFuente2@display=sequential
,encoded@bitrate=5800_height=1080,331844da-5e41-403c-a653-e3e9df4bd77e,encoded@bitrate=10000_height=1080,ElFuente2@display=sequential
encoded@bitrate=10000_height=1080,encoded@bitrate=10000_height=1080,d8f1cdf9-2130-4c7b-a94a-644261d6d4f7,encoded@bitrate=5800_height=1080,ElFuente2@display=sequential
encoded@bitrate=10000_height=1080,encoded@bitrate=10000_height=1080,1b351bd1-c7e8-4893-b9e4-2df5e96440bc,encoded@bitrate=5800_height=1080,ElFuente2@display=sequential
encoded@bitrate=5800_height=1080,encoded@bitrate=10000_height=1080,8b7d1ecd-e95a-4379-a495-33a22119a344,encoded@bitrate=5800_height=1080,ElFuente2@display=sequential
encoded@bitrate=5800_height=1080,encoded@bitrate=10000_height=1080,086d0330-b9c6-4f82-a316-35e94ab7a6a7,encoded@bitrate=5800_height=1080,ElFuente2@display=sequential
encoded@bitrate=10000_height=1080,encoded@bitrate=10000_height=1080,42299818-23d6-4c44-822c-dcdd91f26d60,encoded@bitrate=5800_height=1080,ElFuente2@display=sequential
,encoded@bitrate=5800_height=1080,6140f270-6e48-4210-9132-c8a58eeb4d48,encoded@bitrate=10000_height=1080,ElFuente2@display=sequential
encoded@bitrate=10000_height=1080,encoded@bitrate=5800_height=1080,34be0c29-9f70-4340-abc2-ef86a719199c,encoded@bitrate=10000_height=1080,ElFuente2@display=sequential
encoded@bitrate=7500_height=1080,encoded@bitrate=1050_height=480,26871ee6-07b2-4725-9d6b-d10cd6d6e8c8,encoded@bitrate=7500_height=1080,Seeking@display=sequential
encoded@bitrate=7500_height=1080,encoded@bitrate=7500_height=1080,695a6249-20a5-4e4b-b196-197f51830570,encoded@bitrate=1050_height=480,Seeking@display=sequential
encoded@bitrate=7500_height=1080,encoded@bitrate=1050_height=480,a7cb4167-b9d3-436d-a9d0-8bf14c40f7ac,encoded@bitrate=7500_height=1080,Seeking@display=sequential
encoded@bitrate=7500_height=1080,encoded@bitrate=7500_height=1080,722bc5b0-1968-480d-b0b6-f15b25ae5ec6,encoded@bitrate=1050_height=480,Seeking@display=sequential
encoded@bitrate=7500_height=1080,encoded@bitrate=7500_height=1080,9e9f603a-fd4f-46bf-a2e2-a50497486075,encoded@bitrate=1050_height=480,Seeking@display=sequential
encoded@bitrate=7500_height=1080,encoded@bitrate=7500_height=1080,341c1b82-e7ce-4438-87cc-44c4577e4532,encoded@bitrate=1050_height=480,Seeking@display=sequential
encoded@bitrate=7500_height=1080,encoded@bitrate=7500_height=1080,05bbbdbc-3637-4492-9d38-a5af08b94693,encoded@bitrate=1050_height=480,Seeking@display=sequential
encoded@bitrate=7500_height=1080,encoded@bitrate=7500_height=1080,80242604-78cd-4315-af9e-7594eeb7970c,encoded@bitrate=1050_height=480,Seeking@display=sequential
encoded@bitrate=7500_height=1080,encoded@bitrate=1050_height=480,b2e4fd69-e297-428c-80bb-8e4c322696ae,encoded@bitrate=7500_height=1080,Seeking@display=sequential
,encoded@bitrate=7500_height=1080,88da8301-e4b8-4cae-a783-ce505f802cbd,encoded@bitrate=1050_height=480,Seeking@display=sequential
encoded@bitrate=1050_height=720,encoded@bitrate=1050_height=720,a9776e74-c474-4e53-b6ce-96a8d66fa6a2,encoded@bitrate=750_height=384,BirdsInCage@display=sequential
encoded@bitrate=1050_height=720,encoded@bitrate=1050_height=720,8080cc99-04e0-4ae1-a824-a6d17c614abb,encoded@bitrate=750_height=384,BirdsInCage@display=sequential
encoded@bitrate=1050_height=720,encoded@bitrate=1050_height=720,22074075-da3a-4a59-a374-cfaa2d150fbb,encoded@bitrate=750_height=384,BirdsInCage@display=sequential
encoded@bitrate=1050_height=720,encoded@bitrate=750_height=384,25110c9c-f0d7-4c05-b06a-1e805b4a0692,encoded@bitrate=1050_height=720,BirdsInCage@display=sequential
encoded@bitrate=1050_height=720,encoded@bitrate=1050_height=720,8c2b0451-0fb5-484e-8355-79304c222887,encoded@bitrate=750_height=384,BirdsInCage@display=sequential
encoded@bitrate=1050_height=720,encoded@bitrate=1050_height=720,27178302-0773-447d-b736-e24bec3ac742,encoded@bitrate=750_height=384,BirdsInCage@display=sequential
encoded@bitrate=1050_height=720,encoded@bitrate=750_height=384,1bfc7116-b8cd-4ff0-b2ad-97cacfe7de37,encoded@bitrate=1050_height=720,BirdsInCage@display=sequential
encoded@bitrate=1050_height=720,encoded@bitrate=1050_height=720,54def2f7-632c-4e93-9b86-2370f6ecfb35,encoded@bitrate=750_height=384,BirdsInCage@display=sequential
encoded@bitrate=1050_height=720,encoded@bitrate=750_height=384,b23e36d2-c068-4aef-8659-04dc5a8f7fe0,encoded@bitrate=1050_height=720,BirdsInCage@display=sequential
encoded@bitrate=1050_height=720,encoded@bitrate=1050_height=720,b7855b91-3456-4c68-b626-fee17876f40c,encoded@bitrate=750_height=384,BirdsInCage@display=sequential
encoded@bitrate=3050_height=720,encoded@bitrate=3050_height=720,c61e0119-921d-482d-9ebd-6be3c141eb7e,encoded@bitrate=375_height=288,ElFuente2@display=sequential
encoded@bitrate=375_height=288,encoded@bitrate=3050_height=720,0a58e305-db28-4bee-9e46-518f3b1d5970,encoded@bitrate=375_height=288,ElFuente2@display=sequential
encoded@bitrate=3050_height=720,encoded@bitrate=375_height=288,dbdaad26-adc8-416a-9f6e-1c8ca62da9db,encoded@bitrate=3050_height=720,ElFuente2@display=sequential
encoded@bitrate=3050_height=720,encoded@bitrate=3050_height=720,8fb40cfe-fe7b-4b76-ae1e-8415ab06a086,encoded@bitrate=375_height=288,ElFuente2@display=sequential
encoded@bitrate=3050_height=720,encoded@bitrate=3050_height=720,9b8f4b05-1edf-44f3-8a9c-7cc885460eeb,encoded@bitrate=375_height=288,ElFuente2@display=sequential
encoded@bitrate=3050_height=720,encoded@bitrate=375_height=288,17af3b7f-f3da-4ae2-be50-11325270770f,encoded@bitrate=3050_height=720,ElFuente2@display=sequential
encoded@bitrate=3050_height=720,encoded@bitrate=3050_height=720,0cc760c5-8660-492e-a4d2-c4360899975d,encoded@bitrate=375_height=288,ElFuente2@display=sequential
encoded@bitrate=3050_height=720,encoded@bitrate=375_height=288,6f7e0309-3095-4c2a-a58e-11232cacc3bd,encoded@bitrate=3050_height=720,ElFuente2@display=sequential
encoded@bitrate=3050_height=720,encoded@bitrate=3050_height=720,3ad72fd4-4689-4163-a828-dd1744964c11,encoded@bitrate=375_height=288,ElFuente2@display=sequential
encoded@bitrate=3050_height=720,encoded@bitrate=375_height=288,4224335e-26df-4d36-b1b2-51dc101f7e76,encoded@bitrate=3050_height=720,ElFuente2@display=sequential
,encoded@bitrate=2350_height=720,11d4d942-e945-4204-be57-396f71f413a0,encoded@bitrate=1050_height=480,Seeking@display=sequential
encoded@bitrate=2350_height=720,encoded@bitrate=2350_height=720,fc6ca1a9-48a6-41d5-b5ca-d7fa40d1a43e,encoded@bitrate=1050_height=480,Seeking@display=sequential
encoded@bitrate=2350_height=720,encoded@bitrate=2350_height=720,175a965b-e302-46aa-b701-fb087c49b74f,encoded@bitrate=1050_height=480,Seeking@display=sequential
encoded@bitrate=2350_height=720,encoded@bitrate=2350_height=720,5abb5f46-0296-40b8-822f-ec4f8bb50c1f,encoded@bitrate=1050_height=480,Seeking@display=sequential
encoded@bitrate=2350_height=720,encoded@bitrate=2350_height=720,085d2fd6-2fec-4af4-a870-d2963b430267,encoded@bitrate=1050_height=480,Seeking@display=sequential
encoded@bitrate=2350_height=720,encoded@bitrate=1050_height=480,d9c97855-ed84-4f1f-8ccf-f42d5c6853e6,encoded@bitrate=2350_height=720,Seeking@display=sequential
encoded@bitrate=2350_height=720,encoded@bitrate=2350_height=720,8f9afef3-5f14-4236-b677-b43876808ec6,encoded@bitrate=1050_height=480,Seeking@display=sequential
encoded@bitrate=2350_height=720,encoded@bitrate=1050_height=480,7da8dfa4-005e-42d2-ab14-f8fe93f5ae5a,encoded@bitrate=2350_height=720,Seeking@display=sequential
encoded@bitrate=2350_height=720,encoded@bitrate=2350_height=720,89ffb17a-c99a-4e69-b200-2fd8e129e584,encoded@bitrate=1050_height=480,Seeking@display=sequential
,encoded@bitrate=2350_height=720,fd313eca-0eb1-4b39-bd08-b5329f2c5e61,encoded@bitrate=1050_height=480,Seeking@display=sequential
encoded@bitrate=4300_height=1080,encoded@bitrate=4250_height=720,33ef8805-0783-43e5-b363-3facd89393f8,encoded@bitrate=4300_height=1080,ElFuente2@display=sequential
,encoded@bitrate=4250_height=720,c79ca1a1-db1e-4f12-8a20-b18e8b065ead,encoded@bitrate=4300_height=1080,ElFuente2@display=sequential
encoded@bitrate=4300_height=1080,encoded@bitrate=4250_height=720,fd4ac2a5-2530-4db8-84d3-e33c1c638e13,encoded@bitrate=4300_height=1080,ElFuente2@display=sequential
encoded@bitrate=4250_height=720,encoded@bitrate=4300_height=1080,0053f56a-3dfc-4463-8859-7205469af490,encoded@bitrate=4250_height=720,ElFuente2@display=sequential
encoded@bitrate=4250_height=720,encoded@bitrate=4250_height=720,6188c003-558b-403c-a837-9aad0078345c,encoded@bitrate=4300_height=1080,ElFuente2@display=sequential
encoded@bitrate=4300_height=1080,encoded@bitrate=4300_height=1080,feabc2a1-9004-4146-acc3-3609cc50300a,encoded@bitrate=4250_height=720,ElFuente2@display=sequential
,encoded@bitrate=4250_height=720,34a04ead-7804-4e55-b549-9b91d884c0ad,encoded@bitrate=4300_height=1080,ElFuente2@display=sequential
,encoded@bitrate=4250_height=720,11d4d942-e945-4204-be57-396f71f413a0,encoded@bitrate=4300_height=1080,ElFuente2@display=sequential
encoded@bitrate=4300_height=1080,encoded@bitrate=4300_height=1080,1b9e7799-1c0f-4d71-9579-79b835093f71,encoded@bitrate=4250_height=720,ElFuente2@display=sequential
,encoded@bitrate=4300_height=1080,02dbd363-be57-492d-9e52-1e5212588363,encoded@bitrate=4250_height=720,ElFuente2@display=sequential
encoded@bitrate=20000_height=1080,encoded@bitrate=20000_height=1080,1fdc6dc3-b544-4d31-86e1-db0c7e9eeb71,encoded@bitrate=5800_height=1080,Seeking@display=sequential
encoded@bitrate=20000_height=1080,encoded@bitrate=5800_height=1080,30dbdb0c-b18c-47e8-b3d6-c157a53730b7,encoded@bitrate=20000_height=1080,Seeking@display=sequential
encoded@bitrate=20000_height=1080,encoded@bitrate=5800_height=1080,74af2a5c-993c-4783-9d09-ade01b63051f,encoded@bitrate=20000_height=1080,Seeking@display=sequential
encoded@bitrate=20000_height=1080,encoded@bitrate=20000_height=1080,d7f3aecf-d290-43fd-9be3-4d98d3431ac1,encoded@bitrate=5800_height=1080,Seeking@display=sequential
encoded@bitrate=5800_height=1080,encoded@bitrate=20000_height=1080,a939f7f9-e165-4264-99f1-558f02f6b709,encoded@bitrate=5800_height=1080,Seeking@display=sequential
encoded@bitrate=20000_height=1080,encoded@bitrate=5800_height=1080,f94f6753-69d0-480c-9955-cef718ee907a,encoded@bitrate=20000_height=1080,Seeking@display=sequential
,encoded@bitrate=20000_height=1080,88dba501-c1cc-4377-b515-43a0b935917c,encoded@bitrate=5800_height=1080,Seeking@display=sequential
encoded@bitrate=20000_height=1080,encoded@bitrate=20000_height=1080,6af851bd-70ae-4da3-8596-c12f262bb8a3,encoded@bitrate=5800_height=1080,Seeking@display=sequential
encoded@bitrate=5800_height=1080,encoded@bitrate=20000_height=1080,cd93290d-ba13-4799-b353-1cd2be21562b,encoded@bitrate=5800_height=1080,Seeking@display=sequential
encoded@bitrate=20000_height=1080,encoded@bitrate=5800_height=1080,64f01562-adef-480b-927e-12872cada192,encoded@bitrate=20000_height=1080,Seeking@display=sequential
original,encoded@bitrate=5800_height=1080,3e4467d1-498d-4384-822e-f70bfdd8962a,original,ElFuente2@display=sequential
original,original,69e276e4-b0df-46a7-bc3c-07f8ef83d625,encoded@bitrate=5800_height=1080,ElFuente2@display=sequential
encoded@bitrate=5800_height=1080,original,68c0527c-5834-4f6e-9b86-785f8c121744,encoded@bitrate=5800_height=1080,ElFuente2@display=sequential
original,encoded@bitrate=5800_height=1080,aa5df311-6e77-419b-a840-ecac85c0bf57,original,ElFuente2@display=sequential
original,encoded@bitrate=5800_height=1080,2c034a31-b04b-4132-be9d-cebcbabb4380,original,ElFuente2@display=sequential
original,original,c8f19654-d24f-46d4-9aa5-99d95c9ceab5,encoded@bitrate=5800_height=1080,ElFuente2@display=sequential
original,original,189cc04f-5b5b-45ea-be05-e4f97f0b529b,encoded@bitrate=5800_height=1080,ElFuente2@display=sequential
,encoded@bitrate=5800_height=1080,55475eab-a988-4f0c-a896-9786f795968b,original,ElFuente2@display=sequential
original,encoded@bitrate=5800_height=1080,2d6e96ab-1cc9-4a46-8bba-341f2f33237d,original,ElFuente2@display=sequential
original,encoded@bitrate=5800_height=1080,7ff3ca3e-cf96-4966-a02a-b9eab26a658b,original,ElFuente2@display=sequential
encoded@bitrate=4300_height=1080,encoded@bitrate=4300_height=1080,44a3e5d7-0f82-40c1-aff8-95ba8afcb6ad,encoded@bitrate=750_height=384,ElFuente1@display=sequential
encoded@bitrate=4300_height=1080,encoded@bitrate=750_height=384,35dca9af-478f-4d4b-9b7e-5282ae66c558,encoded@bitrate=4300_height=1080,ElFuente1@display=sequential
encoded@bitrate=4300_height=1080,encoded@bitrate=4300_height=1080,10b76fc5-63d7-4546-af40-d353ff7c2bac,encoded@bitrate=750_height=384,ElFuente1@display=sequential
encoded@bitrate=4300_height=1080,encoded@bitrate=4300_height=1080,15db2e4a-2144-4d8c-a36f-2997208a1f4f,encoded@bitrate=750_height=384,ElFuente1@display=sequential
encoded@bitrate=4300_height=1080,encoded@bitrate=4300_height=1080,5f234167-2bce-417e-a7b1-13f637af5124,encoded@bitrate=750_height=384,ElFuente1@display=sequential
encoded@bitrate=4300_height=1080,encoded@bitrate=4300_height=1080,c0edb15c-ab68-46ab-8a8a-1fa175f7c810,encoded@bitrate=750_height=384,ElFuente1@display=sequential
encoded@bitrate=750_height=384,encoded@bitrate=750_height=384,445026f1-cdca-496c-bd0d-12a722daa165,encoded@bitrate=4300_height=1080,ElFuente1@display=sequential
encoded@bitrate=4300_height=1080,encoded@bitrate=750_height=384,b402bb4d-47ad-4132-adb9-73915b9b2d9d,encoded@bitrate=4300_height=1080,ElFuente1@display=sequential
encoded@bitrate=4300_height=1080,encoded@bitrate=750_height=384,e7425f6d-50e7-4398-bd06-29976ef5d052,encoded@bitrate=4300_height=1080,ElFuente1@display=sequential
encoded@bitrate=4300_height=1080,encoded@bitrate=750_height=384,fe48c6cf-dfb4-488e-9109-98fb8ec7c909,encoded@bitrate=4300_height=1080,ElFuente1@display=sequential
,encoded@bitrate=4300_height=1080,211e49fa-fc80-47ae-a50a-15426f09fa31,encoded@bitrate=5800_height=1080,ElFuente2@display=sequential
encoded@bitrate=5800_height=1080,encoded@bitrate=5800_height=1080,f836f93f-9bb9-48a0-9294-9c768e1c23a2,encoded@bitrate=4300_height=1080,ElFuente2@display=sequential
encoded@bitrate=4300_height=1080,encoded@bitrate=5800_height=1080,4a48da27-470b-4fcd-8543-b926c16ff650,encoded@bitrate=4300_height=1080,ElFuente2@display=sequential
,encoded@bitrate=5800_height=1080,430b85a3-c4ae-4d20-a43c-71d6080b9eb1,encoded@bitrate=4300_height=1080,ElFuente2@display=sequential
encoded@bitrate=5800_height=1080,encoded@bitrate=5800_height=1080,64f01562-adef-480b-927e-12872cada192,encoded@bitrate=4300_height=1080,ElFuente2@display=sequential
,encoded@bitrate=5800_height=1080,7adefaed-dee1-4607-8648-a185a4bc8ff7,encoded@bitrate=4300_height=1080,ElFuente2@display=sequential
encoded@bitrate=5800_height=1080,encoded@bitrate=5800_height=1080,b7122e85-e78f-4b6f-a0cb-c759ffed197c,encoded@bitrate=4300_height=1080,ElFuente2@display=sequential
encoded@bitrate=4300_height=1080,encoded@bitrate=4300_height=1080,5fb511a7-580f-4be2-9e53-b66cd6b5246a,encoded@bitrate=5800_height=1080,ElFuente2@display=sequential
,encoded@bitrate=4300_height=1080,a6dad7bb-8836-4103-9511-d77c49ea02c9,encoded@bitrate=5800_height=1080,ElFuente2@display=sequential
encoded@bitrate=4300_height=1080,encoded@bitrate=5800_height=1080,3a25c1af-1c65-4d09-a99f-d8dcf43ebb15,encoded@bitrate=4300_height=1080,ElFuente2@display=sequential
original,original,3a388285-6747-4423-817b-a7ad15ef6563,encoded@bitrate=3050_height=720,ElFuente2@display=sequential
original,original,ae3ac7e2-b402-4c44-8dc5-8efdde5bb599,encoded@bitrate=3050_height=720,ElFuente2@display=sequential
original,original,15823cce-8dd0-4043-a063-eb157f7a8b5f,encoded@bitrate=3050_height=720,ElFuente2@display=sequential
original,original,e0deec6c-51b7-4f93-86ca-4d5c22a4d76d,encoded@bitrate=3050_height=720,ElFuente2@display=sequential
original,original,0493648c-4348-4a60-af6d-775313df1a69,encoded@bitrate=3050_height=720,ElFuente2@display=sequential
original,encoded@bitrate=3050_height=720,f2e393ff-0812-4cba-b5e1-e10e0a6a0f10,original,ElFuente2@display=sequential
original,original,48f844e9-7586-4d74-aa4f-ea6cc7b0f7e5,encoded@bitrate=3050_height=720,ElFuente2@display=sequential
original,original,9988cc9a-f7bd-4702-bbcc-ff93503e8d2d,encoded@bitrate=3050_height=720,ElFuente2@display=sequential
original,original,b2e4fd69-e297-428c-80bb-8e4c322696ae,encoded@bitrate=3050_height=720,ElFuente2@display=sequential
original,encoded@bitrate=3050_height=720,d967e631-6462-49c6-a910-e0213a310eb3,original,ElFuente2@display=sequential
encoded@bitrate=4250_height=720,encoded@bitrate=375_height=288,67ae0f79-04ba-4a89-867a-2b136e9aca56,encoded@bitrate=4250_height=720,BigBuckBunny@display=sequential
encoded@bitrate=4250_height=720,encoded@bitrate=4250_height=720,7cbdd433-0c91-4d60-ab7b-f1261aaa8fbd,encoded@bitrate=375_height=288,BigBuckBunny@display=sequential
encoded@bitrate=4250_height=720,encoded@bitrate=375_height=288,e6117117-5dce-465d-9049-31c50c6c61b0,encoded@bitrate=4250_height=720,BigBuckBunny@display=sequential
encoded@bitrate=4250_height=720,encoded@bitrate=4250_height=720,d680646f-4054-409d-a496-91a707fd4885,encoded@bitrate=375_height=288,BigBuckBunny@display=sequential
encoded@bitrate=4250_height=720,encoded@bitrate=375_height=288,2a7ae114-b740-4a89-8ed5-1a599b046d0a,encoded@bitrate=4250_height=720,BigBuckBunny@display=sequential
encoded@bitrate=4250_height=720,encoded@bitrate=4250_height=720,814ba963-799b-4345-bf39-65bfbb22105a,encoded@bitrate=375_height=288,BigBuckBunny@display=sequential
encoded@bitrate=4250_height=720,encoded@bitrate=375_height=288,11f7b84a-0978-427c-8d2a-ec8d877db0cf,encoded@bitrate=4250_height=720,BigBuckBunny@display=sequential
encoded@bitrate=4250_height=720,encoded@bitrate=375_height=288,3a388285-6747-4423-817b-a7ad15ef6563,encoded@bitrate=4250_height=720,BigBuckBunny@display=sequential
encoded@bitrate=4250_height=720,encoded@bitrate=375_height=288,8f3ff7d0-6b93-41a4-95c3-9d0134c0d6cb,encoded@bitrate=4250_height=720,BigBuckBunny@display=sequential
encoded@bitrate=4250_height=720,encoded@bitrate=375_height=288,004eff23-2c97-4fd4-8603-adcac081627e,encoded@bitrate=4250_height=720,BigBuckBunny@display=sequential
encoded@bitrate=20000_height=1080,encoded@bitrate=20000_height=1080,f265067e-4156-41bf-a356-5489e7eb5f56,encoded@bitrate=2350_height=720,Seeking@display=sequential
encoded@bitrate=20000_height=1080,encoded@bitrate=20000_height=1080,e2546711-0b61-4b0a-91a2-3692f713334a,encoded@bitrate=2350_height=720,Seeking@display=sequential
encoded@bitrate=20000_height=1080,encoded@bitrate=2350_height=720,8f1ca983-841c-4d72-86e2-945a28de8cd6,encoded@bitrate=20000_height=1080,Seeking@display=sequential
encoded@bitrate=20000_height=1080,encoded@bitrate=2350_height=720,dbf0417a-0d93-4d64-b022-2db9f2a09242,encoded@bitrate=20000_height=1080,Seeking@display=sequential
encoded@bitrate=20000_height=1080,encoded@bitrate=20000_height=1080,292650bb-01af-4e38-b7ab-f6c163fcea4c,encoded@bitrate=2350_height=720,Seeking@display=sequential
,encoded@bitrate=2350_height=720,3a388285-6747-4423-817b-a7ad15ef6563,encoded@bitrate=20000_height=1080,Seeking@display=sequential
encoded@bitrate=20000_height=1080,encoded@bitrate=20000_height=1080,18f17dfe-0c19-4a77-aabf-6c0538d6d242,encoded@bitrate=2350_height=720,Seeking@display=sequential
encoded@bitrate=20000_height=1080,encoded@bitrate=20000_height=1080,ebdd1319-f262-41ca-aba9-aabc27f9c28a,encoded@bitrate=2350_height=720,Seeking@display=sequential
encoded@bitrate=20000_height=1080,encoded@bitrate=2350_height=720,a013f115-1c9c-4d46-85b2-9e4c2673ab14,encoded@bitrate=20000_height=1080,Seeking@display=sequential
encoded@bitrate=20000_height=1080,encoded@bitrate=2350_height=720,54610d4e-5622-4fe4-9db3-a3db3d3e936f,encoded@bitrate=20000_height=1080,Seeking@display=sequential
encoded@bitrate=20000_height=1080,encoded@bitrate=375_height=288,70bd37da-a9f2-495e-86bf-87cc6eae4b9f,encoded@bitrate=20000_height=1080,Seeking@display=sequential
encoded@bitrate=20000_height=1080,encoded@bitrate=375_height=288,1eaa9fca-05a8-423a-be58-58c2b8582fcd,encoded@bitrate=20000_height=1080,Seeking@display=sequential
encoded@bitrate=20000_height=1080,encoded@bitrate=375_height=288,a97fc96e-5fbe-4371-a9ec-14da0c0f764f,encoded@bitrate=20000_height=1080,Seeking@display=sequential
encoded@bitrate=20000_height=1080,encoded@bitrate=375_height=288,8d4e5eed-e5d0-458f-bd23-a31748731768,encoded@bitrate=20000_height=1080,Seeking@display=sequential
encoded@bitrate=20000_height=1080,encoded@bitrate=20000_height=1080,eaa5315e-7904-41da-ad17-313ff2625ef5,encoded@bitrate=375_height=288,Seeking@display=sequential
encoded@bitrate=20000_height=1080,encoded@bitrate=20000_height=1080,5f6b09f1-b26d-4374-83d3-458e20cb9ab5,encoded@bitrate=375_height=288,Seeking@display=sequential
encoded@bitrate=20000_height=1080,encoded@bitrate=20000_height=1080,f34d42ab-f3d5-493e-8f12-2070d370cbea,encoded@bitrate=375_height=288,Seeking@display=sequential
encoded@bitrate=20000_height=1080,encoded@bitrate=375_height=288,103c01a6-1eb1-43e3-8bf6-689f6a997cb1,encoded@bitrate=20000_height=1080,Seeking@display=sequential
encoded@bitrate=20000_height=1080,encoded@bitrate=375_height=288,d53945fe-0d18-43b7-82bc-70c07f67a7ca,encoded@bitrate=20000_height=1080,Seeking@display=sequential
encoded@bitrate=20000_height=1080,encoded@bitrate=20000_height=1080,1f668c3f-b8ef-42dd-8802-092f59e99fc3,encoded@bitrate=375_height=288,Seeking@display=sequential
encoded@bitrate=1750_height=480,encoded@bitrate=1750_height=480,8016f341-9a26-4b5e-bc01-b857242d960b,encoded@bitrate=375_height=288,BigBuckBunny@display=sequential
encoded@bitrate=1750_height=480,encoded@bitrate=375_height=288,f56c1990-5b48-4e2a-8ed9-84e0a4db16d1,encoded@bitrate=1750_height=480,BigBuckBunny@display=sequential
encoded@bitrate=1750_height=480,encoded@bitrate=1750_height=480,35dca9af-478f-4d4b-9b7e-5282ae66c558,encoded@bitrate=375_height=288,BigBuckBunny@display=sequential
encoded@bitrate=1750_height=480,encoded@bitrate=1750_height=480,3f40ceea-2e6d-472c-81ea-76ff6c95e550,encoded@bitrate=375_height=288,BigBuckBunny@display=sequential
encoded@bitrate=375_height=288,encoded@bitrate=1750_height=480,a7c0d27b-b535-4741-abf9-a1fec2399bd6,encoded@bitrate=375_height=288,BigBuckBunny@display=sequential
encoded@bitrate=1750_height=480,encoded@bitrate=1750_height=480,88ad40fc-1622-47b5-9086-b7b7f2c69c4e,encoded@bitrate=375_height=288,BigBuckBunny@display=sequential
encoded@bitrate=1750_height=480,encoded@bitrate=1750_height=480,b924cb23-4607-4aba-b7f1-8ac56580e36a,encoded@bitrate=375_height=288,BigBuckBunny@display=sequential
encoded@bitrate=1750_height=480,encoded@bitrate=1750_height=480,8ef6518d-4f93-431e-b9bc-9b0af8ccfb8d,encoded@bitrate=375_height=288,BigBuckBunny@display=sequential
encoded@bitrate=1750_height=480,encoded@bitrate=1750_height=480,82a2a32f-6ef7-40ab-a7a3-0abcb70eed2a,encoded@bitrate=375_height=288,BigBuckBunny@display=sequential
encoded@bitrate=1750_height=480,encoded@bitrate=1750_height=480,60458390-32fa-4441-b820-90787c5343f6,encoded@bitrate=375_height=288,BigBuckBunny@display=sequential
,encoded@bitrate=15000_height=1080,30d52e8d-b0e1-45e5-9af0-fad21c9f6ec0,encoded@bitrate=7500_height=1080,CrowdRun@display=sequential
,encoded@bitrate=7500_height=1080,393f17cf-39ac-43fc-8555-4164fc3d866b,encoded@bitrate=15000_height=1080,CrowdRun@display=sequential
,encoded@bitrate=15000_height=1080,62657dbc-0939-45fd-b9d0-0c9a3b27d669,encoded@bitrate=7500_height=1080,CrowdRun@display=sequential
encoded@bitrate=15000_height=1080,encoded@bitrate=7500_height=1080,28baa163-62aa-4091-9067-f78967afea4a,encoded@bitrate=15000_height=1080,CrowdRun@display=sequential
encoded@bitrate=7500_height=1080,encoded@bitrate=15000_height=1080,12a93fbf-896e-43f7-8958-1af43801cf9f,encoded@bitrate=7500_height=1080,CrowdRun@display=sequential
encoded@bitrate=15000_height=1080,encoded@bitrate=15000_height=1080,f56c1990-5b48-4e2a-8ed9-84e0a4db16d1,encoded@bitrate=7500_height=1080,CrowdRun@display=sequential
encoded@bitrate=7500_height=1080,encoded@bitrate=15000_height=1080,1bfb2f4b-8c15-4e96-807b-51afd54edd7b,encoded@bitrate=7500_height=1080,CrowdRun@display=sequential
,encoded@bitrate=15000_height=1080,31e37061-1d48-4b7e-801d-b43f7c932cf2,encoded@bitrate=7500_height=1080,CrowdRun@display=sequential
encoded@bitrate=15000_height=1080,encoded@bitrate=7500_height=1080,ad4a8214-8f58-4022-b373-a21582fdc842,encoded@bitrate=15000_height=1080,CrowdRun@display=sequential
,encoded@bitrate=15000_height=1080,a6dad7bb-8836-4103-9511-d77c49ea02c9,encoded@bitrate=7500_height=1080,CrowdRun@display=sequential
encoded@bitrate=5800_height=1080,encoded@bitrate=375_height=288,a79432a2-63c0-4c12-9522-c8c10548b5fc,encoded@bitrate=5800_height=1080,FoxBird@display=sequential
encoded@bitrate=5800_height=1080,encoded@bitrate=5800_height=1080,2daff1ae-37c2-45ec-b0eb-0e2eb34872bb,encoded@bitrate=375_height=288,FoxBird@display=sequential
encoded@bitrate=5800_height=1080,encoded@bitrate=5800_height=1080,4a0e0461-c8eb-4110-a0b5-fad9b69abf34,encoded@bitrate=375_height=288,FoxBird@display=sequential
encoded@bitrate=5800_height=1080,encoded@bitrate=375_height=288,e7425f6d-50e7-4398-bd06-29976ef5d052,encoded@bitrate=5800_height=1080,FoxBird@display=sequential
encoded@bitrate=5800_height=1080,encoded@bitrate=5800_height=1080,600b636d-749f-407b-8a35-4c651be24036,encoded@bitrate=375_height=288,FoxBird@display=sequential
encoded@bitrate=5800_height=1080,encoded@bitrate=5800_height=1080,62befdf4-5641-483b-97cc-14024b210d8b,encoded@bitrate=375_height=288,FoxBird@display=sequential
encoded@bitrate=5800_height=1080,encoded@bitrate=375_height=288,bdaf75e9-710e-440d-a0da-c8460f2c216f,encoded@bitrate=5800_height=1080,FoxBird@display=sequential
encoded@bitrate=5800_height=1080,encoded@bitrate=375_height=288,b2b6e7cc-ead9-466e-9fac-168ff63177a5,encoded@bitrate=5800_height=1080,FoxBird@display=sequential
encoded@bitrate=5800_height=1080,encoded@bitrate=5800_height=1080,8aeb1e20-726c-4807-a4b6-069493614cbf,encoded@bitrate=375_height=288,FoxBird@display=sequential
encoded@bitrate=5800_height=1080,encoded@bitrate=375_height=288,72f9a380-16df-4b12-b1ab-9dda8acc360a,encoded@bitrate=5800_height=1080,FoxBird@display=sequential
encoded@bitrate=1050_height=480,encoded@bitrate=375_height=288,ff2c80e4-1759-42a7-a6bc-0b3eac9f9ed3,encoded@bitrate=1050_height=480,Seeking@display=sequential
encoded@bitrate=1050_height=480,encoded@bitrate=1050_height=480,b7e97777-2add-42f9-95bf-19529261ff45,encoded@bitrate=375_height=288,Seeking@display=sequential
encoded@bitrate=1050_height=480,encoded@bitrate=375_height=288,2fba8665-903d-4a1d-affb-1d9d331f49a4,encoded@bitrate=1050_height=480,Seeking@display=sequential
encoded@bitrate=1050_height=480,encoded@bitrate=1050_height=480,ed6794a4-ad11-45aa-a760-07c44352d392,encoded@bitrate=375_height=288,Seeking@display=sequential
encoded@bitrate=1050_height=480,encoded@bitrate=1050_height=480,2eacc76c-1451-477e-9f61-195c6e0adf15,encoded@bitrate=375_height=288,Seeking@display=sequential
encoded@bitrate=1050_height=480,encoded@bitrate=375_height=288,84531b99-869c-4f3e-ae80-dac3f956997a,encoded@bitrate=1050_height=480,Seeking@display=sequential
encoded@bitrate=1050_height=480,encoded@bitrate=1050_height=480,b591d7b2-ac40-4444-b6c7-d86eb5d52ea7,encoded@bitrate=375_height=288,Seeking@display=sequential
encoded@bitrate=1050_height=480,encoded@bitrate=1050_height=480,06f4f549-d726-40a1-a4aa-bdd0fafdf36d,encoded@bitrate=375_height=288,Seeking@display=sequential
encoded@bitrate=1050_height=480,encoded@bitrate=1050_height=480,91f8e990-7ac5-44d9-aeb9-f8235aeea663,encoded@bitrate=375_height=288,Seeking@display=sequential
encoded@bitrate=1050_height=480,encoded@bitrate=375_height=288,6f7e0309-3095-4c2a-a58e-11232cacc3bd,encoded@bitrate=1050_height=480,Seeking@display=sequential
,encoded@bitrate=2350_height=720,b2f07ae4-3913-406a-b5a9-14721e18db1e,encoded@bitrate=3050_height=720,Seeking@display=sequential
encoded@bitrate=2350_height=720,encoded@bitrate=2350_height=720,a737d54b-45b8-4cef-88b9-20f3eff16aac,encoded@bitrate=3050_height=720,Seeking@display=sequential
,encoded@bitrate=3050_height=720,0a613023-d4c7-4410-b039-c972f3cf3e04,encoded@bitrate=2350_height=720,Seeking@display=sequential
,encoded@bitrate=3050_height=720,98d05a59-115c-43a5-8845-daafef401e10,encoded@bitrate=2350_height=720,Seeking@display=sequential
encoded@bitrate=2350_height=720,encoded@bitrate=3050_height=720,db107cd9-dbe7-4902-afda-5ae89c3af6c2,encoded@bitrate=2350_height=720,Seeking@display=sequential
,encoded@bitrate=2350_height=720,e14946cd-907b-4bb4-a50f-16353833a3a1,encoded@bitrate=3050_height=720,Seeking@display=sequential
encoded@bitrate=3050_height=720,encoded@bitrate=2350_height=720,c3f9730e-aae2-4cb4-8244-348706326454,encoded@bitrate=3050_height=720,Seeking@display=sequential
encoded@bitrate=3050_height=720,encoded@bitrate=3050_height=720,39d43d5b-46f8-414f-9020-3222318f84dc,encoded@bitrate=2350_height=720,Seeking@display=sequential
encoded@bitrate=3050_height=720,encoded@bitrate=3050_height=720,ec42671b-b220-4f4e-b118-4dcc01ef84f3,encoded@bitrate=2350_height=720,Seeking@display=sequential
encoded@bitrate=3050_height=720,encoded@bitrate=3050_height=720,67ca9cde-86c8-4ddb-890a-128b94e38020,encoded@bitrate=2350_height=720,Seeking@display=sequential
encoded@bitrate=5800_height=1080,encoded@bitrate=750_height=384,02687abe-f686-4204-92d8-486ea4cbc178,encoded@bitrate=5800_height=1080,BigBuckBunny@display=sequential
encoded@bitrate=5800_height=1080,encoded@bitrate=750_height=384,0577b759-dc16-4e43-be93-2041e7934891,encoded@bitrate=5800_height=1080,BigBuckBunny@display=sequential
encoded@bitrate=5800_height=1080,encoded@bitrate=750_height=384,c199f722-c139-4861-9744-4560a943312a,encoded@bitrate=5800_height=1080,BigBuckBunny@display=sequential
encoded@bitrate=5800_height=1080,encoded@bitrate=750_height=384,8aeb1e20-726c-4807-a4b6-069493614cbf,encoded@bitrate=5800_height=1080,BigBuckBunny@display=sequential
encoded@bitrate=5800_height=1080,encoded@bitrate=5800_height=1080,e58017ee-822e-494a-a864-21cbf433adc2,encoded@bitrate=750_height=384,BigBuckBunny@display=sequential
encoded@bitrate=5800_height=1080,encoded@bitrate=5800_height=1080,37ec1046-f236-4488-a333-7f304a5fdfc7,encoded@bitrate=750_height=384,BigBuckBunny@display=sequential
encoded@bitrate=5800_height=1080,encoded@bitrate=750_height=384,e03f8435-2142-45a7-a15c-ecf62ea4f916,encoded@bitrate=5800_height=1080,BigBuckBunny@display=sequential
encoded@bitrate=5800_height=1080,encoded@bitrate=5800_height=1080,e088fd7c-253e-44ae-8d6d-3103781ceafe,encoded@bitrate=750_height=384,BigBuckBunny@display=sequential
encoded@bitrate=5800_height=1080,encoded@bitrate=750_height=384,d7e0c98f-c9e7-46ee-bce5-8e90e87a0cf9,encoded@bitrate=5800_height=1080,BigBuckBunny@display=sequential
encoded@bitrate=5800_height=1080,encoded@bitrate=750_height=384,39106def-10dc-4a00-97d4-3f8ec15e1f8e,encoded@bitrate=5800_height=1080,BigBuckBunny@display=sequential
original,encoded@bitrate=375_height=288,6ff38ecc-04ae-437a-84b7-76bb1e074190,original,ElFuente1@display=sequential
original,original,60507d05-0bbe-422a-8abd-b4e7e5fe8937,encoded@bitrate=375_height=288,ElFuente1@display=sequential
original,original,74baf96c-84eb-4b58-8ed9-1bbe2c73d85a,encoded@bitrate=375_height=288,ElFuente1@display=sequential
original,encoded@bitrate=375_height=288,fdb19be6-2ae6-4d67-88e5-7730eec07397,original,ElFuente1@display=sequential
original,original,8c2b0451-0fb5-484e-8355-79304c222887,encoded@bitrate=375_height=288,ElFuente1@display=sequential
original,original,b2b6e7cc-ead9-466e-9fac-168ff63177a5,encoded@bitrate=375_height=288,ElFuente1@display=sequential
original,original,d5b7f31b-d65b-42ce-bd0a-29200c94f810,encoded@bitrate=375_height=288,ElFuente1@display=sequential
original,encoded@bitrate=375_height=288,fc9666e5-30e9-47fc-9e00-bfb32a90cb5b,original,ElFuente1@display=sequential
original,original,5682da16-b011-4915-aa49-e3e1d3037386,encoded@bitrate=375_height=288,ElFuente1@display=sequential
original,encoded@bitrate=375_height=288,867f48bf-2cb3-41b6-926b-b447ab6e1691,original,ElFuente1@display=sequential
,encoded@bitrate=15000_height=1080,6ff38ecc-04ae-437a-84b7-76bb1e074190,encoded@bitrate=20000_height=1080,ElFuente2@display=sequential
encoded@bitrate=20000_height=1080,encoded@bitrate=15000_height=1080,3cdea77c-18d6-4285-8822-0547ebab6d19,encoded@bitrate=20000_height=1080,ElFuente2@display=sequential
,encoded@bitrate=20000_height=1080,03ef0614-5880-4283-869c-e93d4b9d990e,encoded@bitrate=15000_height=1080,ElFuente2@display=sequential
,encoded@bitrate=20000_height=1080,57276fbb-57d2-40e9-b2ec-07c74e77b724,encoded@bitrate=15000_height=1080,ElFuente2@display=sequential
encoded@bitrate=20000_height=1080,encoded@bitrate=15000_height=1080,882969fc-cb3f-463a-ae31-0d7c32898c9f,encoded@bitrate=20000_height=1080,ElFuente2@display=sequential
encoded@bitrate=20000_height=1080,encoded@bitrate=15000_height=1080,29c269f6-6a68-452f-966a-32a3b90781a1,encoded@bitrate=20000_height=1080,ElFuente2@display=sequential
encoded@bitrate=20000_height=1080,encoded@bitrate=20000_height=1080,22b9b2b6-adf7-4210-973c-0023762b22b7,encoded@bitrate=15000_height=1080,ElFuente2@display=sequential
encoded@bitrate=15000_height=1080,encoded@bitrate=15000_height=1080,1d7e8443-fd1d-48b1-9a31-005a653ad28d,encoded@bitrate=20000_height=1080,ElFuente2@display=sequential
,encoded@bitrate=15000_height=1080,927b9b1e-da20-4644-b8d6-f85a22be59d7,encoded@bitrate=20000_height=1080,ElFuente2@display=sequential
encoded@bitrate=20000_height=1080,encoded@bitrate=20000_height=1080,9867dfa9-15e4-49b2-9516-13dcde4ab58d,encoded@bitrate=15000_height=1080,ElFuente2@display=sequential
encoded@bitrate=3050_height=720,encoded@bitrate=3050_height=720,211e49fa-fc80-47ae-a50a-15426f09fa31,encoded@bitrate=1050_height=480,BigBuckBunny@display=sequential
encoded@bitrate=3050_height=720,encoded@bitrate=1050_height=480,f48460fd-df6e-46c7-bd50-c8eb06fbeb8e,encoded@bitrate=3050_height=720,BigBuckBunny@display=sequential
encoded@bitrate=3050_height=720,encoded@bitrate=1050_height=480,39df8f82-6ae7-4b16-91e1-bc8a53bbd2bf,encoded@bitrate=3050_height=720,BigBuckBunny@display=sequential
encoded@bitrate=3050_height=720,encoded@bitrate=1050_height=480,f3db176c-d706-4df7-8e35-7dc9132ab42d,encoded@bitrate=3050_height=720,BigBuckBunny@display=sequential
encoded@bitrate=3050_height=720,encoded@bitrate=1050_height=480,0c7b7124-cc6e-481c-8a1c-20819910984a,encoded@bitrate=3050_height=720,BigBuckBunny@display=sequential
encoded@bitrate=3050_height=720,encoded@bitrate=3050_height=720,42943899-85e5-447e-9c10-8493fc71be73,encoded@bitrate=1050_height=480,BigBuckBunny@display=sequential
encoded@bitrate=3050_height=720,encoded@bitrate=3050_height=720,c61e0119-921d-482d-9ebd-6be3c141eb7e,encoded@bitrate=1050_height=480,BigBuckBunny@display=sequential
encoded@bitrate=3050_height=720,encoded@bitrate=1050_height=480,b7d9cf99-b646-448f-8000-ca53352da30a,encoded@bitrate=3050_height=720,BigBuckBunny@display=sequential
encoded@bitrate=3050_height=720,encoded@bitrate=1050_height=480,f4e3ae9d-eacf-4aa7-8112-8fd261fe5350,encoded@bitrate=3050_height=720,BigBuckBunny@display=sequential
encoded@bitrate=3050_height=720,encoded@bitrate=3050_height=720,385532c8-5edf-4c2b-85e3-1c533fad9959,encoded@bitrate=1050_height=480,BigBuckBunny@display=sequential
encoded@bitrate=1750_height=480,encoded@bitrate=1750_height=480,8fc87c48-7bd5-4eef-9a74-49511a30296c,encoded@bitrate=10000_height=1080,ElFuente2@display=sequential
encoded@bitrate=10000_height=1080,encoded@bitrate=1750_height=480,8080cc99-04e0-4ae1-a824-a6d17c614abb,encoded@bitrate=10000_height=1080,ElFuente2@display=sequential
encoded@bitrate=10000_height=1080,encoded@bitrate=10000_height=1080,474c10a2-5941-4abe-8277-46ce02332ba7,encoded@bitrate=1750_height=480,ElFuente2@display=sequential
encoded@bitrate=10000_height=1080,encoded@bitrate=1750_height=480,3205993c-aac2-4a12-b9f8-728328cdc06c,encoded@bitrate=10000_height=1080,ElFuente2@display=sequential
encoded@bitrate=10000_height=1080,encoded@bitrate=1750_height=480,eab4dc38-820b-4c1b-a638-2b4a0f93a334,encoded@bitrate=10000_height=1080,ElFuente2@display=sequential
encoded@bitrate=10000_height=1080,encoded@bitrate=1750_height=480,5386aada-2e84-4b87-920b-147898ce357b,encoded@bitrate=10000_height=1080,ElFuente2@display=sequential
encoded@bitrate=10000_height=1080,encoded@bitrate=1750_height=480,bda87d12-7e34-4288-abb7-7730774cfe50,encoded@bitrate=10000_height=1080,ElFuente2@display=sequential
encoded@bitrate=10000_height=1080,encoded@bitrate=10000_height=1080,7da8dfa4-005e-42d2-ab14-f8fe93f5ae5a,encoded@bitrate=1750_height=480,ElFuente2@display=sequential
encoded@bitrate=10000_height=1080,encoded@bitrate=1750_height=480,f4f2f8e0-a564-424a-91ca-74d1accfde15,encoded@bitrate=10000_height=1080,ElFuente2@display=sequential
encoded@bitrate=10000_height=1080,encoded@bitrate=1750_height=480,1aa9e663-67d3-4003-a25b-de0487e89331,encoded@bitrate=10000_height=1080,ElFuente2@display=sequential
encoded@bitrate=20000_height=1080,encoded@bitrate=5800_height=1080,3ef600ff-b8b8-4571-8b95-e601a6f55984,encoded@bitrate=20000_height=1080,ElFuente2@display=sequential
encoded@bitrate=5800_height=1080,encoded@bitrate=20000_height=1080,1d2ed32a-13f4-4021-896f-073296654209,encoded@bitrate=5800_height=1080,ElFuente2@display=sequential
encoded@bitrate=20000_height=1080,encoded@bitrate=5800_height=1080,f8bdbf2b-56fa-42ce-bc56-3bea94e0d7cb,encoded@bitrate=20000_height=1080,ElFuente2@display=sequential
encoded@bitrate=20000_height=1080,encoded@bitrate=5800_height=1080,6135ed7f-5dda-4d85-87d3-be5893060467,encoded@bitrate=20000_height=1080,ElFuente2@display=sequential
encoded@bitrate=20000_height=1080,encoded@bitrate=20000_height=1080,3266e1c9-08ee-4211-9f34-1170e2ecb043,encoded@bitrate=5800_height=1080,ElFuente2@display=sequential
encoded@bitrate=20000_height=1080,encoded@bitrate=5800_height=1080,f626ab92-efaa-4e82-af30-018d04dd08c1,encoded@bitrate=20000_height=1080,ElFuente2@display=sequential
encoded@bitrate=5800_height=1080,encoded@bitrate=20000_height=1080,02b35be6-fb7d-4492-87e7-8f22e34574ad,encoded@bitrate=5800_height=1080,ElFuente2@display=sequential
encoded@bitrate=5800_height=1080,encoded@bitrate=20000_height=1080,8f5ce5d7-602e-4a26-b3ba-4beeab07c0a8,encoded@bitrate=5800_height=1080,ElFuente2@display=sequential
encoded@bitrate=20000_height=1080,encoded@bitrate=5800_height=1080,f94f6753-69d0-480c-9955-cef718ee907a,encoded@bitrate=20000_height=1080,ElFuente2@display=sequential
encoded@bitrate=20000_height=1080,encoded@bitrate=5800_height=1080,31d876be-00c7-4aff-98d2-67a95f368125,encoded@bitrate=20000_height=1080,ElFuente2@display=sequential
,encoded@bitrate=4300_height=1080,6135ed7f-5dda-4d85-87d3-be5893060467,encoded@bitrate=7500_height=1080,Seeking@display=sequential
,encoded@bitrate=4300_height=1080,4217bff9-943f-4f5e-b985-5d9e1ebb5eba,encoded@bitrate=7500_height=1080,Seeking@display=sequential
encoded@bitrate=4300_height=1080,encoded@bitrate=7500_height=1080,ce8245a5-280a-422c-b0dd-f82448221858,encoded@bitrate=4300_height=1080,Seeking@display=sequential
encoded@bitrate=7500_height=1080,encoded@bitrate=7500_height=1080,aabe9f34-7549-448a-833f-58a6f1923baf,encoded@bitrate=4300_height=1080,Seeking@display=sequential
encoded@bitrate=7500_height=1080,encoded@bitrate=7500_height=1080,745247a5-0200-4707-8b6c-14b19a0c8216,encoded@bitrate=4300_height=1080,Seeking@display=sequential
encoded@bitrate=7500_height=1080,encoded@bitrate=4300_height=1080,9988cc9a-f7bd-4702-bbcc-ff93503e8d2d,encoded@bitrate=7500_height=1080,Seeking@display=sequential
encoded@bitrate=7500_height=1080,encoded@bitrate=4300_height=1080,f63f36f1-2249-4b6a-8e08-f48d0d3c923b,encoded@bitrate=7500_height=1080,Seeking@display=sequential
encoded@bitrate=4300_height=1080,encoded@bitrate=4300_height=1080,2cabc179-9b0a-4956-abc4-db3cf2e03f98,encoded@bitrate=7500_height=1080,Seeking@display=sequential
encoded@bitrate=7500_height=1080,encoded@bitrate=7500_height=1080,20ee2e43-5f41-4f76-b0c1-2ffe19f9602c,encoded@bitrate=4300_height=1080,Seeking@display=sequential
encoded@bitrate=4300_height=1080,encoded@bitrate=7500_height=1080,69c3ed9d-d1a6-4b14-a616-fef3656533bc,encoded@bitrate=4300_height=1080,Seeking@display=sequential
,encoded@bitrate=4250_height=720,f95ca5ed-5806-41a7-883d-75390a3ca469,encoded@bitrate=3800_height=1080,BigBuckBunny@display=sequential
,encoded@bitrate=3800_height=1080,481d8908-0d05-4b2c-804a-4fe6f0926148,encoded@bitrate=4250_height=720,BigBuckBunny@display=sequential
,encoded@bitrate=4250_height=720,6b9a4e34-52b8-4521-aef8-113f03c2eed5,encoded@bitrate=3800_height=1080,BigBuckBunny@display=sequential
,encoded@bitrate=3800_height=1080,d10ee993-b3ae-434c-9a7b-a7d6ce66c776,encoded@bitrate=4250_height=720,BigBuckBunny@display=sequential
,encoded@bitrate=3800_height=1080,98b09ff4-e3e5-4a56-a530-95ab35695116,encoded@bitrate=4250_height=720,BigBuckBunny@display=sequential
,encoded@bitrate=3800_height=1080,e14946cd-907b-4bb4-a50f-16353833a3a1,encoded@bitrate=4250_height=720,BigBuckBunny@display=sequential
,encoded@bitrate=3800_height=1080,d8ec2c52-de7d-4789-bb99-a91eb78cb08d,encoded@bitrate=4250_height=720,BigBuckBunny@display=sequential
,encoded@bitrate=4250_height=720,e9f063c9-f724-4652-b11a-5e4f1b67c58a,encoded@bitrate=3800_height=1080,BigBuckBunny@display=sequential
encoded@bitrate=3800_height=1080,encoded@bitrate=4250_height=720,5d3b4e5d-95ce-4d4c-a503-228a06c1c27b,encoded@bitrate=3800_height=1080,BigBuckBunny@display=sequential
encoded@bitrate=3800_height=1080,encoded@bitrate=4250_height=720,cbc3521e-1314-4a2d-8cba-7c6f5c572bf6,encoded@bitrate=3800_height=1080,BigBuckBunny@display=sequential
encoded@bitrate=7500_height=1080,encoded@bitrate=1750_height=480,90a2641b-5fcb-41c9-ad89-2451fbfad6a7,encoded@bitrate=7500_height=1080,Seeking@display=sequential
encoded@bitrate=7500_height=1080,encoded@bitrate=1750_height=480,315a0286-5f6d-4248-832d-03fd03fd9243,encoded@bitrate=7500_height=1080,Seeking@display=sequential
encoded@bitrate=7500_height=1080,encoded@bitrate=7500_height=1080,04a47e94-ecc5-4706-a79a-e96f350141ed,encoded@bitrate=1750_height=480,Seeking@display=sequential
encoded@bitrate=7500_height=1080,encoded@bitrate=7500_height=1080,425d756e-d5e7-49bc-83a2-85e76ee9b31d,encoded@bitrate=1750_height=480,Seeking@display=sequential
encoded@bitrate=7500_height=1080,encoded@bitrate=1750_height=480,8445dda7-8d95-449d-8c54-8e2591a8e364,encoded@bitrate=7500_height=1080,Seeking@display=sequential
encoded@bitrate=7500_height=1080,encoded@bitrate=1750_height=480,bda87d12-7e34-4288-abb7-7730774cfe50,encoded@bitrate=7500_height=1080,Seeking@display=sequential
encoded@bitrate=7500_height=1080,encoded@bitrate=7500_height=1080,054b9d42-a10e-4563-9d6e-e161da3640fd,encoded@bitrate=1750_height=480,Seeking@display=sequential
encoded@bitrate=7500_height=1080,encoded@bitrate=7500_height=1080,45a5d03e-bea9-4566-83cb-7256c637b0f8,encoded@bitrate=1750_height=480,Seeking@display=sequential
encoded@bitrate=7500_height=1080,encoded@bitrate=7500_height=1080,9d5a019b-71bd-4af6-b124-a219b08b293a,encoded@bitrate=1750_height=480,Seeking@display=sequential
encoded@bitrate=7500_height=1080,encoded@bitrate=1750_height=480,fe18ed94-ebd5-49f9-a7db-04e87cb783fd,encoded@bitrate=7500_height=1080,Seeking@display=sequential
,encoded@bitrate=20000_height=1080,65972744-31a9-4472-9908-5536a8a7122e,encoded@bitrate=7500_height=1080,Seeking@display=sequential
encoded@bitrate=7500_height=1080,encoded@bitrate=7500_height=1080,d5fa3015-e940-4b6b-9b66-69277af334a1,encoded@bitrate=20000_height=1080,Seeking@display=sequential
encoded@bitrate=7500_height=1080,encoded@bitrate=7500_height=1080,53740b0e-a70b-4465-b745-472a3a1afd99,encoded@bitrate=20000_height=1080,Seeking@display=sequential
encoded@bitrate=20000_height=1080,encoded@bitrate=7500_height=1080,5f05bf2e-edd6-48ae-83b0-bbad9be59c03,encoded@bitrate=20000_height=1080,Seeking@display=sequential
encoded@bitrate=20000_height=1080,encoded@bitrate=7500_height=1080,b914574b-e89a-44f2-99af-2232911e216d,encoded@bitrate=20000_height=1080,Seeking@display=sequential
encoded@bitrate=20000_height=1080,encoded@bitrate=7500_height=1080,7dad68b5-2969-4d35-8426-a97f213bdaf4,encoded@bitrate=20000_height=1080,Seeking@display=sequential
,encoded@bitrate=20000_height=1080,2daff1ae-37c2-45ec-b0eb-0e2eb34872bb,encoded@bitrate=7500_height=1080,Seeking@display=sequential
encoded@bitrate=20000_height=1080,encoded@bitrate=7500_height=1080,e4bae4c3-c65c-4141-9322-84691c956ebc,encoded@bitrate=20000_height=1080,Seeking@display=sequential
encoded@bitrate=20000_height=1080,encoded@bitrate=20000_height=1080,3a25c1af-1c65-4d09-a99f-d8dcf43ebb15,encoded@bitrate=7500_height=1080,Seeking@display=sequential
encoded@bitrate=20000_height=1080,encoded@bitrate=20000_height=1080,57c09e89-1614-4d50-8112-d27c826ebf65,encoded@bitrate=7500_height=1080,Seeking@display=sequential
encoded@bitrate=5800_height=1080,encoded@bitrate=5800_height=1080,f2e8c7d8-a560-4d86-95c1-9a382b47082e,encoded@bitrate=1050_height=480,BigBuckBunny@display=sequential
encoded@bitrate=5800_height=1080,encoded@bitrate=5800_height=1080,7fc4fb94-b7e7-4237-8e77-087183634925,encoded@bitrate=1050_height=480,BigBuckBunny@display=sequential
encoded@bitrate=5800_height=1080,encoded@bitrate=5800_height=1080,13e19637-8aec-4d17-8256-c1a0879440e8,encoded@bitrate=1050_height=480,BigBuckBunny@display=sequential
encoded@bitrate=5800_height=1080,encoded@bitrate=1050_height=480,306ef9fb-b2aa-4eb0-b6b7-f160a0880759,encoded@bitrate=5800_height=1080,BigBuckBunny@display=sequential
encoded@bitrate=5800_height=1080,encoded@bitrate=5800_height=1080,81da3e49-dd49-4dc1-b619-476371ae6e37,encoded@bitrate=1050_height=480,BigBuckBunny@display=sequential
encoded@bitrate=5800_height=1080,encoded@bitrate=5800_height=1080,48f844e9-7586-4d74-aa4f-ea6cc7b0f7e5,encoded@bitrate=1050_height=480,BigBuckBunny@display=sequential
encoded@bitrate=5800_height=1080,encoded@bitrate=5800_height=1080,a013f115-1c9c-4d46-85b2-9e4c2673ab14,encoded@bitrate=1050_height=480,BigBuckBunny@display=sequential
encoded@bitrate=5800_height=1080,encoded@bitrate=1050_height=480,12247555-aca9-429f-a207-b97cd9e2cbec,encoded@bitrate=5800_height=1080,BigBuckBunny@display=sequential
encoded@bitrate=5800_height=1080,encoded@bitrate=1050_height=480,2abfdeee-2fd3-4b37-82d9-e2ba44da1bcf,encoded@bitrate=5800_height=1080,BigBuckBunny@display=sequential
encoded@bitrate=5800_height=1080,encoded@bitrate=1050_height=480,33ef8805-0783-43e5-b363-3facd89393f8,encoded@bitrate=5800_height=1080,BigBuckBunny@display=sequential
encoded@bitrate=20000_height=1080,encoded@bitrate=20000_height=1080,f2e8c7d8-a560-4d86-95c1-9a382b47082e,encoded@bitrate=1750_height=480,ElFuente2@display=sequential
encoded@bitrate=20000_height=1080,encoded@bitrate=1750_height=480,43c9a29d-c5e0-4287-ad81-886385921f19,encoded@bitrate=20000_height=1080,ElFuente2@display=sequential
encoded@bitrate=20000_height=1080,encoded@bitrate=20000_height=1080,5de0605d-3090-497c-830c-5bf5a45ce692,encoded@bitrate=1750_height=480,ElFuente2@display=sequential
encoded@bitrate=1750_height=480,encoded@bitrate=1750_height=480,b9b99a88-ac1f-4fe7-a09c-438e278f3476,encoded@bitrate=20000_height=1080,ElFuente2@display=sequential
encoded@bitrate=20000_height=1080,encoded@bitrate=20000_height=1080,ca65c3a0-fb0a-4804-a1b4-2f35acc5b559,encoded@bitrate=1750_height=480,ElFuente2@display=sequential
encoded@bitrate=20000_height=1080,encoded@bitrate=20000_height=1080,341c1b82-e7ce-4438-87cc-44c4577e4532,encoded@bitrate=1750_height=480,ElFuente2@display=sequential
encoded@bitrate=20000_height=1080,encoded@bitrate=1750_height=480,3d4eb426-7d44-4ffa-8891-386b62fe3760,encoded@bitrate=20000_height=1080,ElFuente2@display=sequential
,encoded@bitrate=1750_height=480,2a7ae114-b740-4a89-8ed5-1a599b046d0a,encoded@bitrate=20000_height=1080,ElFuente2@display=sequential
encoded@bitrate=20000_height=1080,encoded@bitrate=1750_height=480,c4483616-3ed2-4394-9493-213d0c170895,encoded@bitrate=20000_height=1080,ElFuente2@display=sequential
encoded@bitrate=20000_height=1080,encoded@bitrate=1750_height=480,b3674941-21f6-49d0-a645-e7b0723e17a2,encoded@bitrate=20000_height=1080,ElFuente2@display=sequential
encoded@bitrate=5800_height=1080,encoded@bitrate=1750_height=480,6f77a931-0bbb-4e7f-b5e3-a07ec26959fb,encoded@bitrate=5800_height=1080,BigBuckBunny@display=sequential
encoded@bitrate=5800_height=1080,encoded@bitrate=5800_height=1080,b753aa06-01fa-4174-8bac-c4ea32e61695,encoded@bitrate=1750_height=480,BigBuckBunny@display=sequential
encoded@bitrate=5800_height=1080,encoded@bitrate=1750_height=480,78c51e31-ff55-4ce9-af30-adc428a084c9,encoded@bitrate=5800_height=1080,BigBuckBunny@display=sequential
encoded@bitrate=5800_height=1080,encoded@bitrate=1750_height=480,04ec428f-6fd5-4052-bc85-65d3a3c8eb1f,encoded@bitrate=5800_height=1080,BigBuckBunny@display=sequential
encoded@bitrate=5800_height=1080,encoded@bitrate=1750_height=480,4f6ed91f-c64d-42a0-8454-0bed11504c24,encoded@bitrate=5800_height=1080,BigBuckBunny@display=sequential
encoded@bitrate=5800_height=1080,encoded@bitrate=1750_height=480,8ffc1eb7-3d8c-4803-a4ae-6c512d5e5478,encoded@bitrate=5800_height=1080,BigBuckBunny@display=sequential
encoded@bitrate=5800_height=1080,encoded@bitrate=1750_height=480,7636c232-cf8e-42d0-9b8d-10d48c444b17,encoded@bitrate=5800_height=1080,BigBuckBunny@display=sequential
encoded@bitrate=5800_height=1080,encoded@bitrate=5800_height=1080,c99a62dd-b2e6-4d8f-9986-44d28d8c8dc1,encoded@bitrate=1750_height=480,BigBuckBunny@display=sequential
encoded@bitrate=5800_height=1080,encoded@bitrate=5800_height=1080,bc00ffbe-d00a-4157-87b8-493e67cdc18b,encoded@bitrate=1750_height=480,BigBuckBunny@display=sequential
,encoded@bitrate=1750_height=480,1b9e7799-1c0f-4d71-9579-79b835093f71,encoded@bitrate=5800_height=1080,BigBuckBunny@display=sequential
encoded@bitrate=15000_height=1080,original,ce2acc22-6dc0-4d57-bf52-34e031ecb83c,encoded@bitrate=15000_height=1080,Seeking@display=sequential
,original,50947f47-16ce-460f-b420-a89305500465,encoded@bitrate=15000_height=1080,Seeking@display=sequential
encoded@bitrate=15000_height=1080,encoded@bitrate=15000_height=1080,c78c983f-91fd-4f70-a03b-083124de3c51,original,Seeking@display=sequential
encoded@bitrate=15000_height=1080,encoded@bitrate=15000_height=1080,2c034a31-b04b-4132-be9d-cebcbabb4380,original,Seeking@display=sequential
original,encoded@bitrate=15000_height=1080,b65c2531-4fd5-4f51-9a89-79645ecc449a,original,Seeking@display=sequential
original,original,a1e1659d-48d5-4ed4-a44f-c3f29c092682,encoded@bitrate=15000_height=1080,Seeking@display=sequential
original,original,2fee481f-e69f-4359-87d3-cf4825a653fe,encoded@bitrate=15000_height=1080,Seeking@display=sequential
original,original,03c579d6-6125-4434-b2d8-ff7f379b3427,encoded@bitrate=15000_height=1080,Seeking@display=sequential
,original,cc41adc2-0128-483a-a929-40af98e50807,encoded@bitrate=15000_height=1080,Seeking@display=sequential
encoded@bitrate=15000_height=1080,encoded@bitrate=15000_height=1080,62657dbc-0939-45fd-b9d0-0c9a3b27d669,original,Seeking@display=sequential
original,original,b9478e46-608d-4b40-85f2-6d5ebe427241,encoded@bitrate=550_height=384,BigBuckBunny@display=sequential
original,encoded@bitrate=550_height=384,299729cd-be73-45ed-a747-d83ab1327861,original,BigBuckBunny@display=sequential
original,encoded@bitrate=550_height=384,33baf34b-a2c0-4a23-9b3e-9d8242619fd3,original,BigBuckBunny@display=sequential
original,original,270c19d1-7369-4fc0-84b0-9021a68d1b71,encoded@bitrate=550_height=384,BigBuckBunny@display=sequential
original,original,dd5b36e2-1bd9-4001-a709-c16dd679568a,encoded@bitrate=550_height=384,BigBuckBunny@display=sequential
original,encoded@bitrate=550_height=384,e57f0c1a-193e-4e7e-ad4a-41d517aa388f,original,BigBuckBunny@display=sequential
original,original,819d099f-3867-4dc9-9654-7215ae56bc6b,encoded@bitrate=550_height=384,BigBuckBunny@display=sequential
original,original,25b75a3c-786b-44b3-b448-9883ab9d0990,encoded@bitrate=550_height=384,BigBuckBunny@display=sequential
original,encoded@bitrate=550_height=384,f469abc3-589d-4d1c-965e-33a7e258ed76,original,BigBuckBunny@display=sequential
original,original,cd4297f0-57ec-486e-957b-ef09e8de0607,encoded@bitrate=550_height=384,BigBuckBunny@display=sequential
original,encoded@bitrate=2350_height=720,1a2abb6c-4336-478a-91fa-c99e4106a3cc,original,Seeking@display=sequential
,original,75d3b625-b4cb-421e-8d02-6b64d24248ea,encoded@bitrate=2350_height=720,Seeking@display=sequential
original,encoded@bitrate=2350_height=720,331844da-5e41-403c-a653-e3e9df4bd77e,original,Seeking@display=sequential
original,encoded@bitrate=2350_height=720,2cf04c1d-69ed-4a9f-9296-26dd3abf56ce,original,Seeking@display=sequential
,original,758f23cd-06e0-4d59-888b-f4b28f9b6923,encoded@bitrate=2350_height=720,Seeking@display=sequential
original,encoded@bitrate=2350_height=720,58a49050-238b-432e-afa5-5ecb7c8183cb,original,Seeking@display=sequential
original,original,3613e7d6-5bdf-4926-bba2-7859e0b1f77b,encoded@bitrate=2350_height=720,Seeking@display=sequential
original,encoded@bitrate=2350_height=720,45764b9e-1aaf-4afb-89d1-6d2cc38d7c1a,original,Seeking@display=sequential
original,original,a7c0d27b-b535-4741-abf9-a1fec2399bd6,encoded@bitrate=2350_height=720,Seeking@display=sequential
original,original,451ab434-8329-4354-8a93-59493cd3cffa,encoded@bitrate=2350_height=720,Seeking@display=sequential
encoded@bitrate=1750_height=480,encoded@bitrate=375_height=288,f27f301b-6bbb-4542-bf08-11f97dbd22d2,encoded@bitrate=1750_height=480,ElFuente2@display=sequential
encoded@bitrate=1750_height=480,encoded@bitrate=1750_height=480,0a1969d8-7cd3-499e-8b05-180327e7639d,encoded@bitrate=375_height=288,ElFuente2@display=sequential
encoded@bitrate=1750_height=480,encoded@bitrate=375_height=288,58f5993c-9061-4198-9190-1ba69c8c5bf2,encoded@bitrate=1750_height=480,ElFuente2@display=sequential
encoded@bitrate=1750_height=480,encoded@bitrate=375_height=288,ce8915ce-0513-4c3d-9f55-b726199fa15a,encoded@bitrate=1750_height=480,ElFuente2@display=sequential
,encoded@bitrate=375_height=288,a1f80cb0-486f-4698-bf3f-26cb0a65d353,encoded@bitrate=1750_height=480,ElFuente2@display=sequential
encoded@bitrate=375_height=288,encoded@bitrate=375_height=288,b2b6e7cc-ead9-466e-9fac-168ff63177a5,encoded@bitrate=1750_height=480,ElFuente2@display=sequential
encoded@bitrate=1750_height=480,encoded@bitrate=1750_height=480,5f6a3446-9ea6-439f-b7a6-b6e3899ada03,encoded@bitrate=375_height=288,ElFuente2@display=sequential
encoded@bitrate=1750_height=480,encoded@bitrate=375_height=288,7e5cbaab-672a-41ac-9674-e427d4eb2683,encoded@bitrate=1750_height=480,ElFuente2@display=sequential
encoded@bitrate=1750_height=480,encoded@bitrate=1750_height=480,ba734442-c953-48c5-a8ce-20166773bf6a,encoded@bitrate=375_height=288,ElFuente2@display=sequential
encoded@bitrate=1750_height=480,encoded@bitrate=1750_height=480,7c1cd676-1163-4512-b0cc-125f92752018,encoded@bitrate=375_height=288,ElFuente2@display=sequential
encoded@bitrate=4300_height=1080,encoded@bitrate=4300_height=1080,f27f301b-6bbb-4542-bf08-11f97dbd22d2,encoded@bitrate=1050_height=480,Seeking@display=sequential
encoded@bitrate=4300_height=1080,encoded@bitrate=1050_height=480,5411fe28-313e-4207-ad33-9c1acd9b0640,encoded@bitrate=4300_height=1080,Seeking@display=sequential
encoded@bitrate=4300_height=1080,encoded@bitrate=1050_height=480,d45350bd-1fef-4a5e-be1d-b4b2d296c441,encoded@bitrate=4300_height=1080,Seeking@display=sequential
encoded@bitrate=4300_height=1080,encoded@bitrate=1050_height=480,6f842774-fc05-48d4-a002-71b2aa489b59,encoded@bitrate=4300_height=1080,Seeking@display=sequential
encoded@bitrate=4300_height=1080,encoded@bitrate=4300_height=1080,3f4c851c-d791-4ae1-a409-b15ebc7602e2,encoded@bitrate=1050_height=480,Seeking@display=sequential
encoded@bitrate=1050_height=480,encoded@bitrate=4300_height=1080,187b1523-3261-4e58-b86f-69930ec90cb8,encoded@bitrate=1050_height=480,Seeking@display=sequential
encoded@bitrate=4300_height=1080,encoded@bitrate=1050_height=480,7f99fd97-cecd-4573-bd45-b573347d0edd,encoded@bitrate=4300_height=1080,Seeking@display=sequential
encoded@bitrate=4300_height=1080,encoded@bitrate=1050_height=480,6bf101c5-81e0-4ad5-ae95-b70599b108b5,encoded@bitrate=4300_height=1080,Seeking@display=sequential
encoded@bitrate=4300_height=1080,encoded@bitrate=4300_height=1080,f14632b9-fec7-49db-8dde-908e448d8556,encoded@bitrate=1050_height=480,Seeking@display=sequential
encoded@bitrate=4300_height=1080,encoded@bitrate=4300_height=1080,2f199ff5-e6d7-4e86-b684-1c3b552baa9b,encoded@bitrate=1050_height=480,Seeking@display=sequential
,encoded@bitrate=15000_height=1080,8f1ca983-841c-4d72-86e2-945a28de8cd6,encoded@bitrate=10000_height=1080,ElFuente2@display=sequential
encoded@bitrate=15000_height=1080,encoded@bitrate=10000_height=1080,cfea4206-4dd5-4ab5-a9ee-e12be9395f29,encoded@bitrate=15000_height=1080,ElFuente2@display=sequential
encoded@bitrate=15000_height=1080,encoded@bitrate=10000_height=1080,0691e239-86d2-4f18-9569-54691f5edf2c,encoded@bitrate=15000_height=1080,ElFuente2@display=sequential
encoded@bitrate=15000_height=1080,encoded@bitrate=10000_height=1080,c74c4b82-1bc8-4335-a038-4c5055aebe86,encoded@bitrate=15000_height=1080,ElFuente2@display=sequential
encoded@bitrate=10000_height=1080,encoded@bitrate=15000_height=1080,73f3f458-e953-4612-8841-8bb1c14fd5ec,encoded@bitrate=10000_height=1080,ElFuente2@display=sequential
encoded@bitrate=15000_height=1080,encoded@bitrate=15000_height=1080,d127198b-74be-4c79-9d44-24120e804d7c,encoded@bitrate=10000_height=1080,ElFuente2@display=sequential
,encoded@bitrate=15000_height=1080,6a664ca8-5192-4d54-b58b-519e2a07a482,encoded@bitrate=10000_height=1080,ElFuente2@display=sequential
encoded@bitrate=15000_height=1080,encoded@bitrate=15000_height=1080,05942f22-02a8-4b21-a462-aca7c9d5c551,encoded@bitrate=10000_height=1080,ElFuente2@display=sequential
,encoded@bitrate=10000_height=1080,b93642b3-a858-453c-b8e3-9cd43fc58f9e,encoded@bitrate=15000_height=1080,ElFuente2@display=sequential
encoded@bitrate=15000_height=1080,encoded@bitrate=10000_height=1080,a12e1f9a-3509-40a9-8812-ce66bc701e08,encoded@bitrate=15000_height=1080,ElFuente2@display=sequential
original,original,f936dac4-e73d-41d4-b1e6-f9c3189f9fd1,encoded@bitrate=1750_height=480,Seeking@display=sequential
original,original,400e826b-2859-4400-a0a8-9cb0ca818371,encoded@bitrate=1750_height=480,Seeking@display=sequential
original,original,fbb9f043-7950-41ce-817f-27e38dcf2bfb,encoded@bitrate=1750_height=480,Seeking@display=sequential
original,original,76e7a6ec-c031-4a31-a249-f205679c4482,encoded@bitrate=1750_height=480,Seeking@display=sequential
original,encoded@bitrate=1750_height=480,b9c3fca0-b2c9-405e-bd99-3fdff578567b,original,Seeking@display=sequential
original,encoded@bitrate=1750_height=480,3adb22b3-7403-4d2b-bc31-9209defa8e33,original,Seeking@display=sequential
original,original,33920445-a272-4833-a2bd-b60fa5a04536,encoded@bitrate=1750_height=480,Seeking@display=sequential
encoded@bitrate=1750_height=480,encoded@bitrate=1750_height=480,fb51cc7e-0aac-43bd-b29c-dc2abd1c2c82,original,Seeking@display=sequential
original,original,b104dbe8-fec3-4032-b006-cece9ca6183f,encoded@bitrate=1750_height=480,Seeking@display=sequential
original,encoded@bitrate=1750_height=480,abd0f219-9a62-430f-b50f-c61b688c219c,original,Seeking@display=sequential
encoded@bitrate=1750_height=480,encoded@bitrate=375_height=288,e4933001-a28b-487d-9bfd-c114ce6d130e,encoded@bitrate=1750_height=480,Seeking@display=sequential
encoded@bitrate=1750_height=480,encoded@bitrate=375_height=288,cfea4206-4dd5-4ab5-a9ee-e12be9395f29,encoded@bitrate=1750_height=480,Seeking@display=sequential
encoded@bitrate=1750_height=480,encoded@bitrate=1750_height=480,c07bc56b-eae7-49b2-bab4-79cd32536be2,encoded@bitrate=375_height=288,Seeking@display=sequential
encoded@bitrate=1750_height=480,encoded@bitrate=1750_height=480,74baf96c-84eb-4b58-8ed9-1bbe2c73d85a,encoded@bitrate=375_height=288,Seeking@display=sequential
encoded@bitrate=1750_height=480,encoded@bitrate=1750_height=480,37a3a09a-748e-4cea-8c39-9b3b93a32ee8,encoded@bitrate=375_height=288,Seeking@display=sequential
encoded@bitrate=1750_height=480,encoded@bitrate=1750_height=480,cd178ccf-f697-4b60-8cc6-5b0d63a920a1,encoded@bitrate=375_height=288,Seeking@display=sequential
encoded@bitrate=1750_height=480,encoded@bitrate=375_height=288,b7d9cf99-b646-448f-8000-ca53352da30a,encoded@bitrate=1750_height=480,Seeking@display=sequential
encoded@bitrate=1750_height=480,encoded@bitrate=375_height=288,ed16384e-9a7f-4dd5-b966-585e924233fa,encoded@bitrate=1750_height=480,Seeking@display=sequential
encoded@bitrate=1750_height=480,encoded@bitrate=1750_height=480,02ec8608-c527-44a4-ba72-94448cdae1ed,encoded@bitrate=375_height=288,Seeking@display=sequential
encoded@bitrate=1750_height=480,encoded@bitrate=1750_height=480,56981384-e0ba-4ec4-a6ea-fec5f32b3988,encoded@bitrate=375_height=288,Seeking@display=sequential
encoded@bitrate=4250_height=720,encoded@bitrate=4250_height=720,e4933001-a28b-487d-9bfd-c114ce6d130e,encoded@bitrate=375_height=288,ElFuente2@display=sequential
encoded@bitrate=4250_height=720,encoded@bitrate=4250_height=720,e94fa128-840a-4f1c-8d0a-7e3c963a8b83,encoded@bitrate=375_height=288,ElFuente2@display=sequential
encoded@bitrate=4250_height=720,encoded@bitrate=4250_height=720,93380f69-2886-467d-869a-4ea47e4331cc,encoded@bitrate=375_height=288,ElFuente2@display=sequential
encoded@bitrate=4250_height=720,encoded@bitrate=4250_height=720,c0e526aa-54a9-4187-bc52-4f56df7ea910,encoded@bitrate=375_height=288,ElFuente2@display=sequential
encoded@bitrate=4250_height=720,encoded@bitrate=4250_height=720,668bbe46-836a-454f-ba33-dd4c33ddb6fd,encoded@bitrate=375_height=288,ElFuente2@display=sequential
encoded@bitrate=4250_height=720,encoded@bitrate=375_height=288,320763ff-9395-4607-b5dd-547772958a15,encoded@bitrate=4250_height=720,ElFuente2@display=sequential
encoded@bitrate=4250_height=720,encoded@bitrate=4250_height=720,d39c9f82-0592-46e7-bfbb-7b637638d43b,encoded@bitrate=375_height=288,ElFuente2@display=sequential
encoded@bitrate=4250_height=720,encoded@bitrate=4250_height=720,dd5b36e2-1bd9-4001-a709-c16dd679568a,encoded@bitrate=375_height=288,ElFuente2@display=sequential
encoded@bitrate=4250_height=720,encoded@bitrate=375_height=288,b80f00b9-eab1-4fc9-807a-f0f2300dd67c,encoded@bitrate=4250_height=720,ElFuente2@display=sequential
encoded@bitrate=4250_height=720,encoded@bitrate=375_height=288,2abfdeee-2fd3-4b37-82d9-e2ba44da1bcf,encoded@bitrate=4250_height=720,ElFuente2@display=sequential
encoded@bitrate=1050_height=720,encoded@bitrate=1050_height=720,e828d90a-90b1-4c9b-85b2-5eb87e19463f,encoded@bitrate=375_height=288,BirdsInCage@display=sequential
encoded@bitrate=1050_height=720,encoded@bitrate=375_height=288,3fa51d84-1a9d-4cf7-8204-2ab2685cd7be,encoded@bitrate=1050_height=720,BirdsInCage@display=sequential
encoded@bitrate=1050_height=720,encoded@bitrate=375_height=288,6b3e1fe5-2144-4a32-9c96-22e81b465526,encoded@bitrate=1050_height=720,BirdsInCage@display=sequential
encoded@bitrate=1050_height=720,encoded@bitrate=375_height=288,076c3bf8-1f81-4a6b-a192-b6eebd26686f,encoded@bitrate=1050_height=720,BirdsInCage@display=sequential
encoded@bitrate=1050_height=720,encoded@bitrate=375_height=288,a801ea4e-4aef-4dc3-bcb9-0b668206f360,encoded@bitrate=1050_height=720,BirdsInCage@display=sequential
encoded@bitrate=1050_height=720,encoded@bitrate=1050_height=720,36b61036-3adf-409a-ba43-b95dd2257675,encoded@bitrate=375_height=288,BirdsInCage@display=sequential
encoded@bitrate=1050_height=720,encoded@bitrate=375_height=288,b104dbe8-fec3-4032-b006-cece9ca6183f,encoded@bitrate=1050_height=720,BirdsInCage@display=sequential
encoded@bitrate=1050_height=720,encoded@bitrate=1050_height=720,1c5b2ef7-2948-417f-b285-492bc21cb662,encoded@bitrate=375_height=288,BirdsInCage@display=sequential
encoded@bitrate=1050_height=720,encoded@bitrate=1050_height=720,2f199ff5-e6d7-4e86-b684-1c3b552baa9b,encoded@bitrate=375_height=288,BirdsInCage@display=sequential
encoded@bitrate=1050_height=720,encoded@bitrate=375_height=288,d4e8046f-6b35-4b66-8555-8cf0cd6352af,encoded@bitrate=1050_height=720,BirdsInCage@display=sequential
original,original,e828d90a-90b1-4c9b-85b2-5eb87e19463f,encoded@bitrate=2350_height=480,CrowdRun@display=sequential
original,original,83233e30-b3ad-4498-8eff-e51044d70333,encoded@bitrate=2350_height=480,CrowdRun@display=sequential
original,encoded@bitrate=2350_height=480,9d2abd08-aa84-4b48-aeb3-697822d55fc6,original,CrowdRun@display=sequential
original,original,6929c469-fe35-443d-a2ef-95c2eea44139,encoded@bitrate=2350_height=480,CrowdRun@display=sequential
original,original,501d69cf-99ba-43bd-b46b-c32a45b0bec0,encoded@bitrate=2350_height=480,CrowdRun@display=sequential
original,original,a7c0d27b-b535-4741-abf9-a1fec2399bd6,encoded@bitrate=2350_height=480,CrowdRun@display=sequential
original,encoded@bitrate=2350_height=480,09313056-ebad-4866-92f8-0be6160820e5,original,CrowdRun@display=sequential
original,original,270c19d1-7369-4fc0-84b0-9021a68d1b71,encoded@bitrate=2350_height=480,CrowdRun@display=sequential
original,encoded@bitrate=2350_height=480,f8765b82-42a9-446d-86f2-3a30e524f1bc,original,CrowdRun@display=sequential
original,encoded@bitrate=2350_height=480,b80f00b9-eab1-4fc9-807a-f0f2300dd67c,original,CrowdRun@display=sequential
,encoded@bitrate=10000_height=1080,630ff0a1-fb06-4ccb-8371-5093b4b80f83,original,ElFuente2@display=sequential
original,encoded@bitrate=10000_height=1080,f48460fd-df6e-46c7-bd50-c8eb06fbeb8e,original,ElFuente2@display=sequential
,encoded@bitrate=10000_height=1080,f41906e2-bcde-4730-a270-44ad2f2dbd45,original,ElFuente2@display=sequential
original,encoded@bitrate=10000_height=1080,5abb5f46-0296-40b8-822f-ec4f8bb50c1f,original,ElFuente2@display=sequential
original,original,082900d0-b541-4840-8099-04cd8537040b,encoded@bitrate=10000_height=1080,ElFuente2@display=sequential
,encoded@bitrate=10000_height=1080,8ffc1eb7-3d8c-4803-a4ae-6c512d5e5478,original,ElFuente2@display=sequential
original,encoded@bitrate=10000_height=1080,8b27aa77-28aa-4647-bdbc-dbbf35b50d86,original,ElFuente2@display=sequential
original,encoded@bitrate=10000_height=1080,28f3ffe7-8eb8-4a16-9663-0a71ff4feb38,original,ElFuente2@display=sequential
original,encoded@bitrate=10000_height=1080,13f2c5fd-55b0-4e23-a6b7-07c03eae90a4,original,ElFuente2@display=sequential
original,original,d2cf4226-323a-4fcb-8249-df61c89ff7e8,encoded@bitrate=10000_height=1080,ElFuente2@display=sequential
encoded@bitrate=750_height=480,encoded@bitrate=550_height=288,c3cffd70-eea1-4c11-b2aa-5b2a38cdda11,encoded@bitrate=750_height=480,BirdsInCage@display=sequential
encoded@bitrate=750_height=480,encoded@bitrate=550_height=288,0ff4298a-a194-4522-8ac6-1ea12733aa57,encoded@bitrate=750_height=480,BirdsInCage@display=sequential
,encoded@bitrate=550_height=288,08222fec-a836-4bb3-bc8b-06590d580cca,encoded@bitrate=750_height=480,BirdsInCage@display=sequential
encoded@bitrate=750_height=480,encoded@bitrate=550_height=288,dbdce651-0354-4168-86b0-feb47a871b13,encoded@bitrate=750_height=480,BirdsInCage@display=sequential
encoded@bitrate=750_height=480,encoded@bitrate=550_height=288,60458390-32fa-4441-b820-90787c5343f6,encoded@bitrate=750_height=480,BirdsInCage@display=sequential
encoded@bitrate=750_height=480,encoded@bitrate=550_height=288,2eacc76c-1451-477e-9f61-195c6e0adf15,encoded@bitrate=750_height=480,BirdsInCage@display=sequential
encoded@bitrate=750_height=480,encoded@bitrate=750_height=480,6fdb4288-40f0-4de1-8396-6bfb23ae11ef,encoded@bitrate=550_height=288,BirdsInCage@display=sequential
encoded@bitrate=750_height=480,encoded@bitrate=750_height=480,34cd2be8-af8a-4643-a087-b771ca29f1a3,encoded@bitrate=550_height=288,BirdsInCage@display=sequential
encoded@bitrate=750_height=480,encoded@bitrate=550_height=288,4b6c3b78-352c-4b84-9c29-a70e17c0e399,encoded@bitrate=750_height=480,BirdsInCage@display=sequential
encoded@bitrate=750_height=480,encoded@bitrate=750_height=480,f34eebbe-cadc-470b-ad67-fba97042993a,encoded@bitrate=550_height=288,BirdsInCage@display=sequential
,encoded@bitrate=3050_height=720,d9de9b07-c463-4078-b164-68c2f997bfce,encoded@bitrate=4300_height=1080,ElFuente2@display=sequential
encoded@bitrate=4300_height=1080,encoded@bitrate=4300_height=1080,a743ec39-7c4a-4a5e-af3d-ef34d1f878ef,encoded@bitrate=3050_height=720,ElFuente2@display=sequential
,encoded@bitrate=4300_height=1080,b65c2531-4fd5-4f51-9a89-79645ecc449a,encoded@bitrate=3050_height=720,ElFuente2@display=sequential
encoded@bitrate=3050_height=720,encoded@bitrate=3050_height=720,3bd6b8a9-b6b4-451c-9278-ee9a14dafa7f,encoded@bitrate=4300_height=1080,ElFuente2@display=sequential
encoded@bitrate=3050_height=720,encoded@bitrate=3050_height=720,fa4c43d0-3260-4144-aefb-de55089af488,encoded@bitrate=4300_height=1080,ElFuente2@display=sequential
encoded@bitrate=4300_height=1080,encoded@bitrate=3050_height=720,80b3ebd0-5e38-448c-b3a3-151c11f59954,encoded@bitrate=4300_height=1080,ElFuente2@display=sequential
encoded@bitrate=3050_height=720,encoded@bitrate=3050_height=720,e833d5d7-37b6-4a78-a6b4-3f21fe78fda7,encoded@bitrate=4300_height=1080,ElFuente2@display=sequential
encoded@bitrate=4300_height=1080,encoded@bitrate=3050_height=720,d5b7f31b-d65b-42ce-bd0a-29200c94f810,encoded@bitrate=4300_height=1080,ElFuente2@display=sequential
,encoded@bitrate=3050_height=720,ed6794a4-ad11-45aa-a760-07c44352d392,encoded@bitrate=4300_height=1080,ElFuente2@display=sequential
,encoded@bitrate=3050_height=720,7317c3fb-8b5c-4be7-bd0a-363cd0010fb0,encoded@bitrate=4300_height=1080,ElFuente2@display=sequential
,encoded@bitrate=1800_height=1080,fbac4b1d-155c-4d3e-8c84-e98425883f47,original,BirdsInCage@display=sequential
,encoded@bitrate=1800_height=1080,0691e239-86d2-4f18-9569-54691f5edf2c,original,BirdsInCage@display=sequential
,encoded@bitrate=1800_height=1080,0f77e328-c1f5-4b7b-b765-f2b718ad525c,original,BirdsInCage@display=sequential
original,encoded@bitrate=1800_height=1080,b095e845-0f71-4a09-8f0e-77b302587a01,original,BirdsInCage@display=sequential
,original,64523042-54b3-4028-9557-439ad63a25e1,encoded@bitrate=1800_height=1080,BirdsInCage@display=sequential
,encoded@bitrate=1800_height=1080,5eb3a7bb-533a-4dbd-82c4-cd0fae2b33b0,original,BirdsInCage@display=sequential
,original,ecf73c1d-2209-4416-b005-26b678216634,encoded@bitrate=1800_height=1080,BirdsInCage@display=sequential
original,encoded@bitrate=1800_height=1080,d96b7ae5-1e66-4e19-bcca-dcb1cf8f646d,original,BirdsInCage@display=sequential
original,encoded@bitrate=1800_height=1080,739e1d34-ccab-4d66-b5cb-3271ed097ccd,original,BirdsInCage@display=sequential
encoded@bitrate=1800_height=1080,original,3337d50f-3ff4-4b00-9c35-a238978ffa06,encoded@bitrate=1800_height=1080,BirdsInCage@display=sequential
original,original,b189d345-e28a-4e58-9ed3-5e4acd21add1,encoded@bitrate=7500_height=1080,Seeking@display=sequential
original,encoded@bitrate=7500_height=1080,b1807296-12f5-4e55-b33e-cfe441bc70de,original,Seeking@display=sequential
,encoded@bitrate=7500_height=1080,430b85a3-c4ae-4d20-a43c-71d6080b9eb1,original,Seeking@display=sequential
encoded@bitrate=7500_height=1080,original,df5575f6-7028-4152-850d-bfdbd7ff0569,encoded@bitrate=7500_height=1080,Seeking@display=sequential
original,original,90c69d83-f3c8-4671-a98e-f65b76cbcde7,encoded@bitrate=7500_height=1080,Seeking@display=sequential
encoded@bitrate=7500_height=1080,encoded@bitrate=7500_height=1080,12058d43-7153-442b-b2ba-d6d2c1f6628a,original,Seeking@display=sequential
original,encoded@bitrate=7500_height=1080,097501e3-7ae3-4027-b579-5bd87c1f76c0,original,Seeking@display=sequential
original,encoded@bitrate=7500_height=1080,07e0efcb-001f-491e-aa9f-cca467743d01,original,Seeking@display=sequential
original,encoded@bitrate=7500_height=1080,0111d895-f938-4921-8210-3201f559f616,original,Seeking@display=sequential
original,original,004eff23-2c97-4fd4-8603-adcac081627e,encoded@bitrate=7500_height=1080,Seeking@display=sequential
encoded@bitrate=15000_height=1080,encoded@bitrate=1750_height=480,5c7751e7-9750-4406-9966-89fd02b9c880,encoded@bitrate=15000_height=1080,ElFuente2@display=sequential
encoded@bitrate=15000_height=1080,encoded@bitrate=15000_height=1080,2c0b6a6c-d0ad-404b-b47e-56a9c31d76f0,encoded@bitrate=1750_height=480,ElFuente2@display=sequential
encoded@bitrate=15000_height=1080,encoded@bitrate=15000_height=1080,81da3e49-dd49-4dc1-b619-476371ae6e37,encoded@bitrate=1750_height=480,ElFuente2@display=sequential
encoded@bitrate=15000_height=1080,encoded@bitrate=1750_height=480,653d3a44-c7c2-4735-9899-3247fc68381e,encoded@bitrate=15000_height=1080,ElFuente2@display=sequential
encoded@bitrate=15000_height=1080,encoded@bitrate=15000_height=1080,b3ab6afb-5443-4339-b704-960084f98591,encoded@bitrate=1750_height=480,ElFuente2@display=sequential
encoded@bitrate=15000_height=1080,encoded@bitrate=15000_height=1080,6c67538e-6b84-46b3-bd4c-8c3389fbab32,encoded@bitrate=1750_height=480,ElFuente2@display=sequential
encoded@bitrate=15000_height=1080,encoded@bitrate=15000_height=1080,175a965b-e302-46aa-b701-fb087c49b74f,encoded@bitrate=1750_height=480,ElFuente2@display=sequential
encoded@bitrate=15000_height=1080,encoded@bitrate=1750_height=480,635554c5-d17c-4fc7-a61e-7d792f8ec3c8,encoded@bitrate=15000_height=1080,ElFuente2@display=sequential
encoded@bitrate=15000_height=1080,encoded@bitrate=15000_height=1080,8f3ff7d0-6b93-41a4-95c3-9d0134c0d6cb,encoded@bitrate=1750_height=480,ElFuente2@display=sequential
encoded@bitrate=15000_height=1080,encoded@bitrate=15000_height=1080,f14632b9-fec7-49db-8dde-908e448d8556,encoded@bitrate=1750_height=480,ElFuente2@display=sequential
encoded@bitrate=3050_height=720,encoded@bitrate=3050_height=720,9bf893fd-8e82-4b0e-bc2b-b001e5f912c4,encoded@bitrate=5800_height=1080,Seeking@display=sequential
,encoded@bitrate=5800_height=1080,35000692-6b52-47f3-b5aa-d03481ae3eb5,encoded@bitrate=3050_height=720,Seeking@display=sequential
encoded@bitrate=3050_height=720,encoded@bitrate=5800_height=1080,e2e1d4a7-9934-44f8-a146-212e0c669ec9,encoded@bitrate=3050_height=720,Seeking@display=sequential
,encoded@bitrate=5800_height=1080,34175692-f5d0-47a5-bac5-7d352d905d05,encoded@bitrate=3050_height=720,Seeking@display=sequential
,encoded@bitrate=5800_height=1080,b1be1c63-dc1e-454a-9783-8aac04ad515d,encoded@bitrate=3050_height=720,Seeking@display=sequential
encoded@bitrate=5800_height=1080,encoded@bitrate=5800_height=1080,ad97fd16-30c3-4bcc-b9d7-a22069039daa,encoded@bitrate=3050_height=720,Seeking@display=sequential
,encoded@bitrate=3050_height=720,a7e6cf69-b8cc-4cbc-964e-f6819e5cd6a4,encoded@bitrate=5800_height=1080,Seeking@display=sequential
encoded@bitrate=5800_height=1080,encoded@bitrate=3050_height=720,872f64ae-b43d-4fee-b0ab-45bcd25b5854,encoded@bitrate=5800_height=1080,Seeking@display=sequential
encoded@bitrate=5800_height=1080,encoded@bitrate=3050_height=720,a867dbaa-519b-4945-aa5a-9f6b4c6520b7,encoded@bitrate=5800_height=1080,Seeking@display=sequential
encoded@bitrate=5800_height=1080,encoded@bitrate=5800_height=1080,b3ab6afb-5443-4339-b704-960084f98591,encoded@bitrate=3050_height=720,Seeking@display=sequential
original,original,826cb616-90d6-4b39-8a0a-fa0704a99c08,encoded@bitrate=1750_height=480,ElFuente1@display=sequential
original,encoded@bitrate=1750_height=480,63fa730e-878e-451e-9b62-555a1567818a,original,ElFuente1@display=sequential
original,encoded@bitrate=1750_height=480,e886156a-16d3-42e3-b41a-4975284ac07f,original,ElFuente1@display=sequential
original,original,af5e8105-39b8-4b2a-9e17-9b0216a6820c,encoded@bitrate=1750_height=480,ElFuente1@display=sequential
original,original,43c9a29d-c5e0-4287-ad81-886385921f19,encoded@bitrate=1750_height=480,ElFuente1@display=sequential
original,original,2fa1bcd3-8b2a-436f-a799-1eb3e77d45f3,encoded@bitrate=1750_height=480,ElFuente1@display=sequential
original,encoded@bitrate=1750_height=480,f526611a-a42a-4f2f-89d5-cc9e7efac493,original,ElFuente1@display=sequential
original,original,8f3ff7d0-6b93-41a4-95c3-9d0134c0d6cb,encoded@bitrate=1750_height=480,ElFuente1@display=sequential
original,encoded@bitrate=1750_height=480,fdd71d4d-86e1-473c-8d6a-212eac301182,original,ElFuente1@display=sequential
original,original,c0e526aa-54a9-4187-bc52-4f56df7ea910,encoded@bitrate=1750_height=480,ElFuente1@display=sequential
encoded@bitrate=1750_height=480,encoded@bitrate=1750_height=480,a4774df5-8eae-465d-8180-c488cf6e72ef,encoded@bitrate=1050_height=480,Seeking@display=sequential
encoded@bitrate=1750_height=480,encoded@bitrate=1050_height=480,13a2756e-95aa-41fb-bf5d-20e5c9679c7e,encoded@bitrate=1750_height=480,Seeking@display=sequential
encoded@bitrate=1750_height=480,encoded@bitrate=1050_height=480,0493648c-4348-4a60-af6d-775313df1a69,encoded@bitrate=1750_height=480,Seeking@display=sequential
encoded@bitrate=1750_height=480,encoded@bitrate=1750_height=480,388ed430-804e-41cf-99d5-f38198e8fcd1,encoded@bitrate=1050_height=480,Seeking@display=sequential
encoded@bitrate=1750_height=480,encoded@bitrate=1750_height=480,66da8469-601a-48fb-b75e-716c69b24198,encoded@bitrate=1050_height=480,Seeking@display=sequential
encoded@bitrate=1750_height=480,encoded@bitrate=1050_height=480,1d5750bc-8caa-403b-b8cb-7843720e4e19,encoded@bitrate=1750_height=480,Seeking@display=sequential
encoded@bitrate=1750_height=480,encoded@bitrate=1750_height=480,b4170a87-8862-45d0-ae39-a2fa7515fc9d,encoded@bitrate=1050_height=480,Seeking@display=sequential
encoded@bitrate=1750_height=480,encoded@bitrate=1050_height=480,3dec82e1-f23f-4793-a574-e6cd6cca38a8,encoded@bitrate=1750_height=480,Seeking@display=sequential
,encoded@bitrate=1750_height=480,e6fc1745-e793-4db0-a5ca-9fe262db0dcb,encoded@bitrate=1050_height=480,Seeking@display=sequential
encoded@bitrate=1750_height=480,encoded@bitrate=1750_height=480,e96e0e40-8578-4490-afc3-dfb4e1b48a48,encoded@bitrate=1050_height=480,Seeking@display=sequential
,encoded@bitrate=375_height=288,ea4c2ce7-4a48-4590-9d5e-0592ae88a555,encoded@bitrate=550_height=288,BirdsInCage@display=sequential
encoded@bitrate=550_height=288,encoded@bitrate=550_height=288,e8e1430a-3a2a-4c67-80e7-310c0cb6a8b9,encoded@bitrate=375_height=288,BirdsInCage@display=sequential
,encoded@bitrate=550_height=288,a6704ad0-84ef-4e86-8ac5-f592cc525f47,encoded@bitrate=375_height=288,BirdsInCage@display=sequential
,encoded@bitrate=550_height=288,ab73b275-9ae8-46d7-b5f9-e2881e9ad887,encoded@bitrate=375_height=288,BirdsInCage@display=sequential
,encoded@bitrate=375_height=288,d39c9f82-0592-46e7-bfbb-7b637638d43b,encoded@bitrate=550_height=288,BirdsInCage@display=sequential
encoded@bitrate=375_height=288,encoded@bitrate=375_height=288,9d509489-42a8-469c-8e72-777f35c39870,encoded@bitrate=550_height=288,BirdsInCage@display=sequential
,encoded@bitrate=550_height=288,819d099f-3867-4dc9-9654-7215ae56bc6b,encoded@bitrate=375_height=288,BirdsInCage@display=sequential
encoded@bitrate=375_height=288,encoded@bitrate=550_height=288,0bc2ef68-2eec-431d-a903-4e5fb7901115,encoded@bitrate=375_height=288,BirdsInCage@display=sequential
encoded@bitrate=550_height=288,encoded@bitrate=550_height=288,cf62539a-dfa8-4a51-b330-bd4b8a49fcd1,encoded@bitrate=375_height=288,BirdsInCage@display=sequential
encoded@bitrate=375_height=288,encoded@bitrate=375_height=288,6d49b4f9-c138-4a5f-89f6-c7f16201e76c,encoded@bitrate=550_height=288,BirdsInCage@display=sequential
original,original,2fa1bcd3-8b2a-436f-a799-1eb3e77d45f3,encoded@bitrate=4300_height=1080,CrowdRun@display=sequential
original,encoded@bitrate=4300_height=1080,3fa51d84-1a9d-4cf7-8204-2ab2685cd7be,original,CrowdRun@display=sequential
original,encoded@bitrate=4300_height=1080,9f415f14-b6f8-4ff3-a032-bc39cc814b73,original,CrowdRun@display=sequential
original,encoded@bitrate=4300_height=1080,42943899-85e5-447e-9c10-8493fc71be73,original,CrowdRun@display=sequential
original,original,8f5ce5d7-602e-4a26-b3ba-4beeab07c0a8,encoded@bitrate=4300_height=1080,CrowdRun@display=sequential
original,encoded@bitrate=4300_height=1080,5a14dca9-ea09-4194-8bd6-e5eb2d3a4404,original,CrowdRun@display=sequential
original,encoded@bitrate=4300_height=1080,1fda9f15-e969-41d3-a5e6-1ef66b8b22d8,original,CrowdRun@display=sequential
original,original,bec08049-04b7-4efb-b381-ac88d95a053d,encoded@bitrate=4300_height=1080,CrowdRun@display=sequential
original,original,3f40ceea-2e6d-472c-81ea-76ff6c95e550,encoded@bitrate=4300_height=1080,CrowdRun@display=sequential
original,encoded@bitrate=4300_height=1080,69c3ed9d-d1a6-4b14-a616-fef3656533bc,original,CrowdRun@display=sequential
encoded@bitrate=1750_height=480,encoded@bitrate=1750_height=480,943e61f6-dc70-42d1-ab00-bd193c341085,encoded@bitrate=375_height=288,FoxBird@display=sequential
encoded@bitrate=1750_height=480,encoded@bitrate=1750_height=480,2e4c1a67-80bc-4b30-b6ca-da117c7f7ee9,encoded@bitrate=375_height=288,FoxBird@display=sequential
encoded@bitrate=1750_height=480,encoded@bitrate=1750_height=480,e1a81f7d-52d5-42f1-a2d0-3c29476b9636,encoded@bitrate=375_height=288,FoxBird@display=sequential
encoded@bitrate=1750_height=480,encoded@bitrate=375_height=288,5e7b7399-d11c-4dbd-b93c-a054a679a25f,encoded@bitrate=1750_height=480,FoxBird@display=sequential
encoded@bitrate=1750_height=480,encoded@bitrate=375_height=288,47bc558e-26ee-49db-8c60-121b90b84188,encoded@bitrate=1750_height=480,FoxBird@display=sequential
encoded@bitrate=1750_height=480,encoded@bitrate=375_height=288,12d98a34-47f5-4779-b4d0-c7e35539b9cb,encoded@bitrate=1750_height=480,FoxBird@display=sequential
encoded@bitrate=1750_height=480,encoded@bitrate=375_height=288,6929c469-fe35-443d-a2ef-95c2eea44139,encoded@bitrate=1750_height=480,FoxBird@display=sequential
encoded@bitrate=1750_height=480,encoded@bitrate=375_height=288,2167d9eb-7db5-4c9e-9b6f-576f21f3db82,encoded@bitrate=1750_height=480,FoxBird@display=sequential
encoded@bitrate=1750_height=480,encoded@bitrate=375_height=288,a67d4d4f-72b8-4fa5-b507-179a49dbc862,encoded@bitrate=1750_height=480,FoxBird@display=sequential
encoded@bitrate=1750_height=480,encoded@bitrate=375_height=288,eb42ae7c-e7ca-4b07-b2f1-d5d1b93224e7,encoded@bitrate=1750_height=480,FoxBird@display=sequential
encoded@bitrate=3050_height=720,encoded@bitrate=1750_height=480,943e61f6-dc70-42d1-ab00-bd193c341085,encoded@bitrate=3050_height=720,Seeking@display=sequential
encoded@bitrate=3050_height=720,encoded@bitrate=1750_height=480,5483dfd1-da59-48bb-b08e-2893950a526b,encoded@bitrate=3050_height=720,Seeking@display=sequential
encoded@bitrate=3050_height=720,encoded@bitrate=3050_height=720,6b3e1fe5-2144-4a32-9c96-22e81b465526,encoded@bitrate=1750_height=480,Seeking@display=sequential
encoded@bitrate=3050_height=720,encoded@bitrate=3050_height=720,81da3e49-dd49-4dc1-b619-476371ae6e37,encoded@bitrate=1750_height=480,Seeking@display=sequential
,encoded@bitrate=3050_height=720,814ba963-799b-4345-bf39-65bfbb22105a,encoded@bitrate=1750_height=480,Seeking@display=sequential
encoded@bitrate=3050_height=720,encoded@bitrate=1750_height=480,eb2c7c91-0b6c-44d7-bb58-ab8e88ed8d52,encoded@bitrate=3050_height=720,Seeking@display=sequential
,encoded@bitrate=1750_height=480,5a1b603e-2a3d-41bf-8b6e-10e9c9e994bf,encoded@bitrate=3050_height=720,Seeking@display=sequential
encoded@bitrate=3050_height=720,encoded@bitrate=1750_height=480,8b0638be-1f8e-4353-bfc3-9e38c96115eb,encoded@bitrate=3050_height=720,Seeking@display=sequential
encoded@bitrate=1750_height=480,encoded@bitrate=1750_height=480,e4f818a1-7ee9-47f2-81ca-391cad0569a5,encoded@bitrate=3050_height=720,Seeking@display=sequential
encoded@bitrate=3050_height=720,encoded@bitrate=1750_height=480,65febfb3-2ea0-4b86-bc2e-3588fe6206d1,encoded@bitrate=3050_height=720,Seeking@display=sequential
encoded@bitrate=4250_height=720,encoded@bitrate=1750_height=480,c835e219-186e-4440-8c16-769b1d05bf29,encoded@bitrate=4250_height=720,ElFuente2@display=sequential
encoded@bitrate=4250_height=720,encoded@bitrate=1750_height=480,5411fe28-313e-4207-ad33-9c1acd9b0640,encoded@bitrate=4250_height=720,ElFuente2@display=sequential
encoded@bitrate=4250_height=720,encoded@bitrate=1750_height=480,389dadbc-d92b-46ab-9e1d-6c635bb3c5aa,encoded@bitrate=4250_height=720,ElFuente2@display=sequential
encoded@bitrate=4250_height=720,encoded@bitrate=4250_height=720,a647b0ba-6ea8-4ffa-a048-3f4711f595b0,encoded@bitrate=1750_height=480,ElFuente2@display=sequential
encoded@bitrate=1750_height=480,encoded@bitrate=4250_height=720,a45092db-c7cb-43ec-9349-5066f42b90bf,encoded@bitrate=1750_height=480,ElFuente2@display=sequential
encoded@bitrate=4250_height=720,encoded@bitrate=4250_height=720,d013d53b-da4a-4452-b8a9-1ea353b220fb,encoded@bitrate=1750_height=480,ElFuente2@display=sequential
encoded@bitrate=4250_height=720,encoded@bitrate=4250_height=720,e088fd7c-253e-44ae-8d6d-3103781ceafe,encoded@bitrate=1750_height=480,ElFuente2@display=sequential
encoded@bitrate=4250_height=720,encoded@bitrate=1750_height=480,4bb20196-b209-4ff6-b04e-cc3536d6a71e,encoded@bitrate=4250_height=720,ElFuente2@display=sequential
encoded@bitrate=4250_height=720,encoded@bitrate=4250_height=720,eda8b60b-5b21-467d-9233-b9c8379a3a30,encoded@bitrate=1750_height=480,ElFuente2@display=sequential
encoded@bitrate=4250_height=720,encoded@bitrate=4250_height=720,eb42ae7c-e7ca-4b07-b2f1-d5d1b93224e7,encoded@bitrate=1750_height=480,ElFuente2@display=sequential
encoded@bitrate=20000_height=1080,encoded@bitrate=20000_height=1080,c835e219-186e-4440-8c16-769b1d05bf29,encoded@bitrate=3050_height=720,Seeking@display=sequential
encoded@bitrate=20000_height=1080,encoded@bitrate=3050_height=720,33aa809b-6785-49dc-ae11-5d5af6f61e8e,encoded@bitrate=20000_height=1080,Seeking@display=sequential
encoded@bitrate=20000_height=1080,encoded@bitrate=20000_height=1080,6733509c-e7bb-4800-a850-f076ea6206c3,encoded@bitrate=3050_height=720,Seeking@display=sequential
encoded@bitrate=20000_height=1080,encoded@bitrate=3050_height=720,b886332d-223e-4326-be89-64ab855f095b,encoded@bitrate=20000_height=1080,Seeking@display=sequential
,encoded@bitrate=20000_height=1080,33baf34b-a2c0-4a23-9b3e-9d8242619fd3,encoded@bitrate=3050_height=720,Seeking@display=sequential
encoded@bitrate=20000_height=1080,encoded@bitrate=3050_height=720,e0deec6c-51b7-4f93-86ca-4d5c22a4d76d,encoded@bitrate=20000_height=1080,Seeking@display=sequential
encoded@bitrate=20000_height=1080,encoded@bitrate=3050_height=720,851c951d-f010-47e3-9d59-56d3e0a71185,encoded@bitrate=20000_height=1080,Seeking@display=sequential
,encoded@bitrate=20000_height=1080,06334826-d0bc-4981-ba31-12d33cc57c66,encoded@bitrate=3050_height=720,Seeking@display=sequential
encoded@bitrate=20000_height=1080,encoded@bitrate=3050_height=720,c88af769-d298-4298-800c-ad11fb29c899,encoded@bitrate=20000_height=1080,Seeking@display=sequential
encoded@bitrate=20000_height=1080,encoded@bitrate=3050_height=720,eeb931d9-8161-4fcf-8e54-2eb9a45bf56f,encoded@bitrate=20000_height=1080,Seeking@display=sequential
encoded@bitrate=1050_height=480,encoded@bitrate=1050_height=480,12a93fbf-896e-43f7-8958-1af43801cf9f,encoded@bitrate=4250_height=720,BigBuckBunny@display=sequential
encoded@bitrate=4250_height=720,encoded@bitrate=4250_height=720,014dfed2-414d-42a6-97cc-34e25f02feec,encoded@bitrate=1050_height=480,BigBuckBunny@display=sequential
encoded@bitrate=4250_height=720,encoded@bitrate=1050_height=480,aef6f382-f636-4b40-bc86-864837bb4fa3,encoded@bitrate=4250_height=720,BigBuckBunny@display=sequential
encoded@bitrate=4250_height=720,encoded@bitrate=1050_height=480,aeb6aa3e-8394-4b15-b8ed-a897b8f04db9,encoded@bitrate=4250_height=720,BigBuckBunny@display=sequential
encoded@bitrate=4250_height=720,encoded@bitrate=4250_height=720,ec5fe569-3e08-47cb-aadb-ea0b09d17525,encoded@bitrate=1050_height=480,BigBuckBunny@display=sequential
encoded@bitrate=4250_height=720,encoded@bitrate=1050_height=480,5e7b7399-d11c-4dbd-b93c-a054a679a25f,encoded@bitrate=4250_height=720,BigBuckBunny@display=sequential
encoded@bitrate=4250_height=720,encoded@bitrate=4250_height=720,8f5ce5d7-602e-4a26-b3ba-4beeab07c0a8,encoded@bitrate=1050_height=480,BigBuckBunny@display=sequential
encoded@bitrate=4250_height=720,encoded@bitrate=4250_height=720,5682da16-b011-4915-aa49-e3e1d3037386,encoded@bitrate=1050_height=480,BigBuckBunny@display=sequential
encoded@bitrate=4250_height=720,encoded@bitrate=4250_height=720,7c090835-7343-43cb-a556-8d9c65bf2579,encoded@bitrate=1050_height=480,BigBuckBunny@display=sequential
encoded@bitrate=4250_height=720,encoded@bitrate=4250_height=720,cc41adc2-0128-483a-a929-40af98e50807,encoded@bitrate=1050_height=480,BigBuckBunny@display=sequential
encoded@bitrate=20000_height=1080,encoded@bitrate=1750_height=480,7a99092a-1aef-4c46-ad48-570d36f8f632,encoded@bitrate=20000_height=1080,Seeking@display=sequential
encoded@bitrate=20000_height=1080,encoded@bitrate=1750_height=480,a8aa57a4-5b70-4366-ac0c-df4184675711,encoded@bitrate=20000_height=1080,Seeking@display=sequential
encoded@bitrate=20000_height=1080,encoded@bitrate=20000_height=1080,75c4ab50-a4aa-4fd4-b430-ef329c45fc1b,encoded@bitrate=1750_height=480,Seeking@display=sequential
encoded@bitrate=20000_height=1080,encoded@bitrate=20000_height=1080,dd0b4014-ce60-4ca7-ab3d-8d9ff47766fd,encoded@bitrate=1750_height=480,Seeking@display=sequential
encoded@bitrate=20000_height=1080,encoded@bitrate=1750_height=480,1dee3d32-1f26-414d-aec0-9ef6c3cfd86a,encoded@bitrate=20000_height=1080,Seeking@display=sequential
,encoded@bitrate=1750_height=480,21efd454-9af3-483d-91e5-6cf0ae03c848,encoded@bitrate=20000_height=1080,Seeking@display=sequential
encoded@bitrate=20000_height=1080,encoded@bitrate=20000_height=1080,bd9239e9-b8b4-43eb-a5a6-1abbf7090483,encoded@bitrate=1750_height=480,Seeking@display=sequential
encoded@bitrate=20000_height=1080,encoded@bitrate=1750_height=480,2d6e96ab-1cc9-4a46-8bba-341f2f33237d,encoded@bitrate=20000_height=1080,Seeking@display=sequential
,encoded@bitrate=20000_height=1080,c0258f9a-7e2a-4c8a-b306-a389e2972855,encoded@bitrate=1750_height=480,Seeking@display=sequential
encoded@bitrate=20000_height=1080,encoded@bitrate=20000_height=1080,6505fbd9-0847-4bf1-bc8a-09532291d090,encoded@bitrate=1750_height=480,Seeking@display=sequential
encoded@bitrate=750_height=384,encoded@bitrate=1750_height=480,1dee3d32-1f26-414d-aec0-9ef6c3cfd86a,encoded@bitrate=750_height=384,BigBuckBunny@display=sequential
encoded@bitrate=1750_height=480,encoded@bitrate=1750_height=480,25110c9c-f0d7-4c05-b06a-1e805b4a0692,encoded@bitrate=750_height=384,BigBuckBunny@display=sequential
encoded@bitrate=1750_height=480,encoded@bitrate=1750_height=480,e04a10a2-abed-4430-a7ce-7f6e3735c4d2,encoded@bitrate=750_height=384,BigBuckBunny@display=sequential
encoded@bitrate=1750_height=480,encoded@bitrate=1750_height=480,2cf04c1d-69ed-4a9f-9296-26dd3abf56ce,encoded@bitrate=750_height=384,BigBuckBunny@display=sequential
encoded@bitrate=1750_height=480,encoded@bitrate=1750_height=480,eadefcd2-3e7b-4db5-a25d-9ebfe5da399e,encoded@bitrate=750_height=384,BigBuckBunny@display=sequential
encoded@bitrate=1750_height=480,encoded@bitrate=1750_height=480,4739f5c7-b987-4c87-8af7-0a28b32df1b7,encoded@bitrate=750_height=384,BigBuckBunny@display=sequential
encoded@bitrate=1750_height=480,encoded@bitrate=750_height=384,69f0d010-abd8-4344-9f51-d04c4a5ddfe7,encoded@bitrate=1750_height=480,BigBuckBunny@display=sequential
encoded@bitrate=1750_height=480,encoded@bitrate=1750_height=480,e4f818a1-7ee9-47f2-81ca-391cad0569a5,encoded@bitrate=750_height=384,BigBuckBunny@display=sequential
encoded@bitrate=1750_height=480,encoded@bitrate=750_height=384,45102dc6-4f10-4500-a0f1-b9a4537ebbbe,encoded@bitrate=1750_height=480,BigBuckBunny@display=sequential
encoded@bitrate=750_height=384,encoded@bitrate=750_height=384,b7855b91-3456-4c68-b626-fee17876f40c,encoded@bitrate=1750_height=480,BigBuckBunny@display=sequential
original,encoded@bitrate=20000_height=1080,d7f3aecf-d290-43fd-9be3-4d98d3431ac1,original,ElFuente2@display=sequential
original,encoded@bitrate=20000_height=1080,d68fccce-10d0-4170-8046-4903861db29b,original,ElFuente2@display=sequential
encoded@bitrate=20000_height=1080,original,e2e1d4a7-9934-44f8-a146-212e0c669ec9,encoded@bitrate=20000_height=1080,ElFuente2@display=sequential
original,encoded@bitrate=20000_height=1080,b90ac04a-b62e-44db-989d-a35bdf9a6344,original,ElFuente2@display=sequential
original,encoded@bitrate=20000_height=1080,003c7620-28fb-4ea6-91fa-1e262f492774,original,ElFuente2@display=sequential
,original,1dee3d32-1f26-414d-aec0-9ef6c3cfd86a,encoded@bitrate=20000_height=1080,ElFuente2@display=sequential
,encoded@bitrate=20000_height=1080,fe3a065d-fb32-4bd4-a25c-0987131f6fbe,original,ElFuente2@display=sequential
original,encoded@bitrate=20000_height=1080,6c11fc1a-b4f0-4525-855f-f6a00b5409e8,original,ElFuente2@display=sequential
,original,ba2e8111-193c-4c3d-8d6a-70f8f72bbea2,encoded@bitrate=20000_height=1080,ElFuente2@display=sequential
encoded@bitrate=20000_height=1080,original,f7a660f2-17ac-444a-980f-416641f86208,encoded@bitrate=20000_height=1080,ElFuente2@display=sequential
original,original,3613e7d6-5bdf-4926-bba2-7859e0b1f77b,encoded@bitrate=15000_height=1080,ElFuente2@display=sequential
original,encoded@bitrate=15000_height=1080,b98660c4-d820-49f5-ad84-51b0f9ad2f61,original,ElFuente2@display=sequential
,encoded@bitrate=15000_height=1080,54def2f7-632c-4e93-9b86-2370f6ecfb35,original,ElFuente2@display=sequential
encoded@bitrate=15000_height=1080,original,01904d44-e0cb-4817-a8d8-d2f99d1f7947,encoded@bitrate=15000_height=1080,ElFuente2@display=sequential
encoded@bitrate=15000_height=1080,encoded@bitrate=15000_height=1080,8f79de94-24be-4943-8b74-544f666196b8,original,ElFuente2@display=sequential
original,encoded@bitrate=15000_height=1080,96156214-ba1f-44ad-b911-4cd9c3e80a16,original,ElFuente2@display=sequential
original,encoded@bitrate=15000_height=1080,7e7a3e3d-6238-4765-b6a4-3babc94d94ec,original,ElFuente2@display=sequential
,original,9fd30985-cc56-465e-8258-5cd25c69cf1b,encoded@bitrate=15000_height=1080,ElFuente2@display=sequential
original,original,1bfc7116-b8cd-4ff0-b2ad-97cacfe7de37,encoded@bitrate=15000_height=1080,ElFuente2@display=sequential
original,encoded@bitrate=15000_height=1080,8caf3bb1-46b2-4cff-b052-ecb1b2e9b9b1,original,ElFuente2@display=sequential
encoded@bitrate=3050_height=720,encoded@bitrate=3050_height=720,b98660c4-d820-49f5-ad84-51b0f9ad2f61,encoded@bitrate=750_height=384,BigBuckBunny@display=sequential
encoded@bitrate=3050_height=720,encoded@bitrate=3050_height=720,48ab3d96-1eab-4483-bf3f-b690ddb1a5cb,encoded@bitrate=750_height=384,BigBuckBunny@display=sequential
encoded@bitrate=3050_height=720,encoded@bitrate=750_height=384,2082be69-3d1a-46ad-b3cf-b33db5b98382,encoded@bitrate=3050_height=720,BigBuckBunny@display=sequential
encoded@bitrate=3050_height=720,encoded@bitrate=750_height=384,0f77e328-c1f5-4b7b-b765-f2b718ad525c,encoded@bitrate=3050_height=720,BigBuckBunny@display=sequential
encoded@bitrate=3050_height=720,encoded@bitrate=3050_height=720,890b0e6e-f299-462d-aeeb-b186f01f6f70,encoded@bitrate=750_height=384,BigBuckBunny@display=sequential
encoded@bitrate=3050_height=720,encoded@bitrate=750_height=384,13a2756e-95aa-41fb-bf5d-20e5c9679c7e,encoded@bitrate=3050_height=720,BigBuckBunny@display=sequential
encoded@bitrate=3050_height=720,encoded@bitrate=3050_height=720,fed3c133-8a6c-4f5f-a931-1d3bf1e3cbfb,encoded@bitrate=750_height=384,BigBuckBunny@display=sequential
encoded@bitrate=3050_height=720,encoded@bitrate=3050_height=720,01e8d7b6-3386-43b3-a8e3-f1af4d392224,encoded@bitrate=750_height=384,BigBuckBunny@display=sequential
encoded@bitrate=3050_height=720,encoded@bitrate=750_height=384,4a0e0461-c8eb-4110-a0b5-fad9b69abf34,encoded@bitrate=3050_height=720,BigBuckBunny@display=sequential
encoded@bitrate=3050_height=720,encoded@bitrate=3050_height=720,f6dcbb2a-6b4d-4e46-99b1-4179f4898cd0,encoded@bitrate=750_height=384,BigBuckBunny@display=sequential
encoded@bitrate=15000_height=1080,encoded@bitrate=375_height=288,a3b8c3bd-c5e0-4e7d-9169-f1c735b1ad6a,encoded@bitrate=15000_height=1080,Seeking@display=sequential
encoded@bitrate=15000_height=1080,encoded@bitrate=375_height=288,77e6627f-e93f-4de6-839e-47512ff2f2b3,encoded@bitrate=15000_height=1080,Seeking@display=sequential
encoded@bitrate=15000_height=1080,encoded@bitrate=15000_height=1080,d0807ae0-7cac-48cf-9fb5-e6472c49f3a6,encoded@bitrate=375_height=288,Seeking@display=sequential
encoded@bitrate=15000_height=1080,encoded@bitrate=375_height=288,a3a1ef6b-9d54-45e1-bd34-1d3d3c08481b,encoded@bitrate=15000_height=1080,Seeking@display=sequential
encoded@bitrate=15000_height=1080,encoded@bitrate=15000_height=1080,78303b02-0ba1-4849-8789-c6c7c276bb31,encoded@bitrate=375_height=288,Seeking@display=sequential
encoded@bitrate=15000_height=1080,encoded@bitrate=15000_height=1080,647d0ccb-1fbc-496d-92fd-0af0637de9ae,encoded@bitrate=375_height=288,Seeking@display=sequential
encoded@bitrate=15000_height=1080,encoded@bitrate=375_height=288,c19a5422-36d3-49b8-b471-41caff52a8dc,encoded@bitrate=15000_height=1080,Seeking@display=sequential
encoded@bitrate=15000_height=1080,encoded@bitrate=15000_height=1080,907299d4-1482-46f9-8444-e875e38eb7cb,encoded@bitrate=375_height=288,Seeking@display=sequential
encoded@bitrate=15000_height=1080,encoded@bitrate=375_height=288,463e62be-6f60-44e3-bc69-d7d4bd290f0d,encoded@bitrate=15000_height=1080,Seeking@display=sequential
encoded@bitrate=15000_height=1080,encoded@bitrate=15000_height=1080,5fb511a7-580f-4be2-9e53-b66cd6b5246a,encoded@bitrate=375_height=288,Seeking@display=sequential
encoded@bitrate=15000_height=1080,encoded@bitrate=15000_height=1080,463e62be-6f60-44e3-bc69-d7d4bd290f0d,encoded@bitrate=5800_height=1080,CrowdRun@display=sequential
encoded@bitrate=5800_height=1080,encoded@bitrate=5800_height=1080,20e597b5-5ce5-45a7-9a38-d9ef3932f8e0,encoded@bitrate=15000_height=1080,CrowdRun@display=sequential
encoded@bitrate=15000_height=1080,encoded@bitrate=15000_height=1080,eb574414-bf4c-4dbe-bd80-1f14e0b9c5c7,encoded@bitrate=5800_height=1080,CrowdRun@display=sequential
encoded@bitrate=15000_height=1080,encoded@bitrate=15000_height=1080,695a6249-20a5-4e4b-b196-197f51830570,encoded@bitrate=5800_height=1080,CrowdRun@display=sequential
encoded@bitrate=15000_height=1080,encoded@bitrate=15000_height=1080,8d4a618f-7184-43bd-9513-10873098a873,encoded@bitrate=5800_height=1080,CrowdRun@display=sequential
encoded@bitrate=15000_height=1080,encoded@bitrate=5800_height=1080,3a25c1af-1c65-4d09-a99f-d8dcf43ebb15,encoded@bitrate=15000_height=1080,CrowdRun@display=sequential
encoded@bitrate=15000_height=1080,encoded@bitrate=5800_height=1080,8ef6518d-4f93-431e-b9bc-9b0af8ccfb8d,encoded@bitrate=15000_height=1080,CrowdRun@display=sequential
,encoded@bitrate=5800_height=1080,febbbfd7-f167-40e7-82f3-57fd12d35fdc,encoded@bitrate=15000_height=1080,CrowdRun@display=sequential
encoded@bitrate=15000_height=1080,encoded@bitrate=15000_height=1080,5da512f4-fb90-48d2-9129-8557fd670449,encoded@bitrate=5800_height=1080,CrowdRun@display=sequential
encoded@bitrate=15000_height=1080,encoded@bitrate=15000_height=1080,7e7c71d5-29cf-4dc2-b67b-49a564dcb072,encoded@bitrate=5800_height=1080,CrowdRun@display=sequential
encoded@bitrate=1050_height=720,encoded@bitrate=1050_height=720,a808a4de-7bea-4369-8f71-1cb7d12f07d2,encoded@bitrate=550_height=384,BirdsInCage@display=sequential
encoded@bitrate=1050_height=720,encoded@bitrate=1050_height=720,7e35fb7d-230e-4635-bf54-a51aab87f3a7,encoded@bitrate=550_height=384,BirdsInCage@display=sequential
encoded@bitrate=1050_height=720,encoded@bitrate=1050_height=720,907299d4-1482-46f9-8444-e875e38eb7cb,encoded@bitrate=550_height=384,BirdsInCage@display=sequential
encoded@bitrate=1050_height=720,encoded@bitrate=1050_height=720,d680646f-4054-409d-a496-91a707fd4885,encoded@bitrate=550_height=384,BirdsInCage@display=sequential
encoded@bitrate=550_height=384,encoded@bitrate=1050_height=720,04e42b86-466e-4ef7-9fc6-faf842d0b850,encoded@bitrate=550_height=384,BirdsInCage@display=sequential
encoded@bitrate=1050_height=720,encoded@bitrate=550_height=384,a3b8c3bd-c5e0-4e7d-9169-f1c735b1ad6a,encoded@bitrate=1050_height=720,BirdsInCage@display=sequential
encoded@bitrate=1050_height=720,encoded@bitrate=1050_height=720,86d4496d-95f4-42fb-aa84-ac80e6bf2f82,encoded@bitrate=550_height=384,BirdsInCage@display=sequential
encoded@bitrate=1050_height=720,encoded@bitrate=550_height=384,20ee2e43-5f41-4f76-b0c1-2ffe19f9602c,encoded@bitrate=1050_height=720,BirdsInCage@display=sequential
encoded@bitrate=1050_height=720,encoded@bitrate=550_height=384,30969ea8-c94c-4f11-9226-95ec5c8c8f03,encoded@bitrate=1050_height=720,BirdsInCage@display=sequential
encoded@bitrate=1050_height=720,encoded@bitrate=1050_height=720,1f668c3f-b8ef-42dd-8802-092f59e99fc3,encoded@bitrate=550_height=384,BirdsInCage@display=sequential
encoded@bitrate=4300_height=1080,encoded@bitrate=375_height=288,27b30671-4eca-4ec3-9e08-9417482203c9,encoded@bitrate=4300_height=1080,Seeking@display=sequential
encoded@bitrate=4300_height=1080,encoded@bitrate=375_height=288,43868782-c006-4e73-8ab4-1f5f132a01cc,encoded@bitrate=4300_height=1080,Seeking@display=sequential
encoded@bitrate=4300_height=1080,encoded@bitrate=375_height=288,f878add3-52f7-4664-b4db-debcd7fa6905,encoded@bitrate=4300_height=1080,Seeking@display=sequential
encoded@bitrate=4300_height=1080,encoded@bitrate=375_height=288,e4754d48-c525-4b9e-9c9c-0b518bf18951,encoded@bitrate=4300_height=1080,Seeking@display=sequential
encoded@bitrate=4300_height=1080,encoded@bitrate=4300_height=1080,e886156a-16d3-42e3-b41a-4975284ac07f,encoded@bitrate=375_height=288,Seeking@display=sequential
encoded@bitrate=4300_height=1080,encoded@bitrate=4300_height=1080,b4f11a5a-15eb-4899-9de8-5e5e981ce37f,encoded@bitrate=375_height=288,Seeking@display=sequential
encoded@bitrate=4300_height=1080,encoded@bitrate=4300_height=1080,3d0bf3f3-3243-42a4-9bc4-85c569e83dff,encoded@bitrate=375_height=288,Seeking@display=sequential
encoded@bitrate=4300_height=1080,encoded@bitrate=4300_height=1080,4eb31704-9ae1-4640-a4bd-e09f46dda911,encoded@bitrate=375_height=288,Seeking@display=sequential
encoded@bitrate=4300_height=1080,encoded@bitrate=4300_height=1080,38207576-6ad7-4dac-84da-904ae3c77cf8,encoded@bitrate=375_height=288,Seeking@display=sequential
encoded@bitrate=4300_height=1080,encoded@bitrate=4300_height=1080,63ceda33-c319-4414-8785-2b289e78177a,encoded@bitrate=375_height=288,Seeking@display=sequential
original,encoded@bitrate=2350_height=720,f878add3-52f7-4664-b4db-debcd7fa6905,original,ElFuente1@display=sequential
original,encoded@bitrate=2350_height=720,4eb31704-9ae1-4640-a4bd-e09f46dda911,original,ElFuente1@display=sequential
original,original,2bc6723c-6d0f-472f-8eda-70e418545225,encoded@bitrate=2350_height=720,ElFuente1@display=sequential
original,encoded@bitrate=2350_height=720,a1d1d1a3-ca05-441a-a182-190990e89d09,original,ElFuente1@display=sequential
,encoded@bitrate=2350_height=720,502847cb-21d3-4808-bd8a-4ec3b2a1c24c,original,ElFuente1@display=sequential
original,encoded@bitrate=2350_height=720,3508c90d-7344-4ec2-946c-52b057f5fd46,original,ElFuente1@display=sequential
original,original,fb5480ba-84ba-44f1-b7ef-93dbfcb1be78,encoded@bitrate=2350_height=720,ElFuente1@display=sequential
original,encoded@bitrate=2350_height=720,69f0d010-abd8-4344-9f51-d04c4a5ddfe7,original,ElFuente1@display=sequential
original,original,586c0410-645b-49ce-9e0c-edaf837400fa,encoded@bitrate=2350_height=720,ElFuente1@display=sequential
original,encoded@bitrate=2350_height=720,0abb605f-ad44-4d63-9bbd-84e2b37b9a07,original,ElFuente1@display=sequential
encoded@bitrate=5800_height=1080,encoded@bitrate=5800_height=1080,f4ff5c1b-9241-474d-80db-0ff5fd2f6bdf,encoded@bitrate=1750_height=480,ElFuente2@display=sequential
encoded@bitrate=5800_height=1080,encoded@bitrate=5800_height=1080,058eabcd-6fe1-4446-af05-c68fbd2bd0c6,encoded@bitrate=1750_height=480,ElFuente2@display=sequential
encoded@bitrate=5800_height=1080,encoded@bitrate=5800_height=1080,fe48c6cf-dfb4-488e-9109-98fb8ec7c909,encoded@bitrate=1750_height=480,ElFuente2@display=sequential
encoded@bitrate=5800_height=1080,encoded@bitrate=1750_height=480,06772a52-4fbd-4aca-9a4c-698832194181,encoded@bitrate=5800_height=1080,ElFuente2@display=sequential
encoded@bitrate=5800_height=1080,encoded@bitrate=1750_height=480,a79372d9-f532-4d0a-9819-25b31a6f5090,encoded@bitrate=5800_height=1080,ElFuente2@display=sequential
encoded@bitrate=5800_height=1080,encoded@bitrate=1750_height=480,c0194955-c42e-4a2f-a1ab-b48fdb4fe5e8,encoded@bitrate=5800_height=1080,ElFuente2@display=sequential
encoded@bitrate=5800_height=1080,encoded@bitrate=5800_height=1080,6a4a2c2c-2e8e-47c8-bf35-4d48dc10350a,encoded@bitrate=1750_height=480,ElFuente2@display=sequential
encoded@bitrate=5800_height=1080,encoded@bitrate=1750_height=480,630902ff-4e93-4002-a561-a300b5a42928,encoded@bitrate=5800_height=1080,ElFuente2@display=sequential
encoded@bitrate=5800_height=1080,encoded@bitrate=5800_height=1080,9f00faa6-a756-4269-a038-adb6de52ec0d,encoded@bitrate=1750_height=480,ElFuente2@display=sequential
encoded@bitrate=5800_height=1080,encoded@bitrate=1750_height=480,8c6347a1-9073-43a1-a02c-299b19f1b2b1,encoded@bitrate=5800_height=1080,ElFuente2@display=sequential
,encoded@bitrate=375_height=288,aa3bfe25-9f30-43c7-9980-293bb0244bb7,encoded@bitrate=10000_height=1080,CrowdRun@display=sequential
encoded@bitrate=10000_height=1080,encoded@bitrate=10000_height=1080,6138f355-0d67-4ba4-b05d-14e0b0d74414,encoded@bitrate=375_height=288,CrowdRun@display=sequential
encoded@bitrate=10000_height=1080,encoded@bitrate=375_height=288,6b48482e-fbd7-4085-8717-135a3fa6b351,encoded@bitrate=10000_height=1080,CrowdRun@display=sequential
encoded@bitrate=10000_height=1080,encoded@bitrate=10000_height=1080,e2546711-0b61-4b0a-91a2-3692f713334a,encoded@bitrate=375_height=288,CrowdRun@display=sequential
encoded@bitrate=10000_height=1080,encoded@bitrate=10000_height=1080,f57e8a92-b926-4e1b-b862-194acbd20f56,encoded@bitrate=375_height=288,CrowdRun@display=sequential
encoded@bitrate=10000_height=1080,encoded@bitrate=10000_height=1080,9ebd8a15-d6da-429e-b5e7-f3d7d0b7d614,encoded@bitrate=375_height=288,CrowdRun@display=sequential
encoded@bitrate=10000_height=1080,encoded@bitrate=10000_height=1080,86d4496d-95f4-42fb-aa84-ac80e6bf2f82,encoded@bitrate=375_height=288,CrowdRun@display=sequential
encoded@bitrate=10000_height=1080,encoded@bitrate=375_height=288,6dd3a163-db41-4440-8d55-ed3d84cb78ae,encoded@bitrate=10000_height=1080,CrowdRun@display=sequential
encoded@bitrate=10000_height=1080,encoded@bitrate=10000_height=1080,a3d57e9a-630c-4320-8a26-435a9d86ed76,encoded@bitrate=375_height=288,CrowdRun@display=sequential
encoded@bitrate=10000_height=1080,encoded@bitrate=375_height=288,130f97dd-bd25-4da8-ac72-85c683f293af,encoded@bitrate=10000_height=1080,CrowdRun@display=sequential
original,encoded@bitrate=375_height=288,99ac275c-68a7-481c-a3ec-e1a7ecf385c8,original,Seeking@display=sequential
original,encoded@bitrate=375_height=288,9c4a6974-4af6-4241-afbd-9ec8b051f3d6,original,Seeking@display=sequential
original,original,7b959763-70f9-4960-bd32-6491ee9b6aa2,encoded@bitrate=375_height=288,Seeking@display=sequential
original,original,78c51e31-ff55-4ce9-af30-adc428a084c9,encoded@bitrate=375_height=288,Seeking@display=sequential
original,original,e3860613-8b47-4eb6-9969-c33344cb2a9d,encoded@bitrate=375_height=288,Seeking@display=sequential
original,original,6eb5a5d1-481b-4555-aa32-c0790e9e2589,encoded@bitrate=375_height=288,Seeking@display=sequential
original,original,37bcaa2e-6ab9-4674-8dc6-00622721be83,encoded@bitrate=375_height=288,Seeking@display=sequential
original,original,83d45c00-57c2-4eae-a987-5b25a951a833,encoded@bitrate=375_height=288,Seeking@display=sequential
original,original,e94fa128-840a-4f1c-8d0a-7e3c963a8b83,encoded@bitrate=375_height=288,Seeking@display=sequential
original,encoded@bitrate=375_height=288,aa3bfe25-9f30-43c7-9980-293bb0244bb7,original,Seeking@display=sequential
encoded@bitrate=3800_height=1080,encoded@bitrate=1750_height=480,e4754d48-c525-4b9e-9c9c-0b518bf18951,encoded@bitrate=3800_height=1080,BigBuckBunny@display=sequential
,encoded@bitrate=3800_height=1080,42aa0e55-7209-46e7-89a1-6d855d35847c,encoded@bitrate=1750_height=480,BigBuckBunny@display=sequential
encoded@bitrate=3800_height=1080,encoded@bitrate=1750_height=480,a1600447-82bb-4d9c-8d46-cacad314ec84,encoded@bitrate=3800_height=1080,BigBuckBunny@display=sequential
encoded@bitrate=3800_height=1080,encoded@bitrate=1750_height=480,74baf96c-84eb-4b58-8ed9-1bbe2c73d85a,encoded@bitrate=3800_height=1080,BigBuckBunny@display=sequential
encoded@bitrate=3800_height=1080,encoded@bitrate=1750_height=480,d10debac-78f1-47fd-b639-dd0a767a2115,encoded@bitrate=3800_height=1080,BigBuckBunny@display=sequential
encoded@bitrate=3800_height=1080,encoded@bitrate=1750_height=480,586c0410-645b-49ce-9e0c-edaf837400fa,encoded@bitrate=3800_height=1080,BigBuckBunny@display=sequential
encoded@bitrate=3800_height=1080,encoded@bitrate=1750_height=480,da6f3ec1-ace9-4071-ad4e-c354db644cbc,encoded@bitrate=3800_height=1080,BigBuckBunny@display=sequential
encoded@bitrate=3800_height=1080,encoded@bitrate=1750_height=480,1c5b2ef7-2948-417f-b285-492bc21cb662,encoded@bitrate=3800_height=1080,BigBuckBunny@display=sequential
encoded@bitrate=3800_height=1080,encoded@bitrate=1750_height=480,eeb931d9-8161-4fcf-8e54-2eb9a45bf56f,encoded@bitrate=3800_height=1080,BigBuckBunny@display=sequential
encoded@bitrate=3800_height=1080,encoded@bitrate=1750_height=480,b15ee8e2-8539-4aa6-86f6-1722f5982b2e,encoded@bitrate=3800_height=1080,BigBuckBunny@display=sequential
,encoded@bitrate=15000_height=1080,7763f75d-5547-4454-ad57-f9fc777a23d9,encoded@bitrate=20000_height=1080,Seeking@display=sequential
encoded@bitrate=20000_height=1080,encoded@bitrate=15000_height=1080,34168229-2e1e-4921-ac15-d92436d5a977,encoded@bitrate=20000_height=1080,Seeking@display=sequential
encoded@bitrate=15000_height=1080,encoded@bitrate=20000_height=1080,809ceea6-b27d-4b7f-aacb-214a78fe5623,encoded@bitrate=15000_height=1080,Seeking@display=sequential
encoded@bitrate=15000_height=1080,encoded@bitrate=20000_height=1080,6d4b73c7-6738-487e-932f-bbe469cd77cb,encoded@bitrate=15000_height=1080,Seeking@display=sequential
encoded@bitrate=15000_height=1080,encoded@bitrate=20000_height=1080,658dc692-7421-4412-901b-44c5c6156b8d,encoded@bitrate=15000_height=1080,Seeking@display=sequential
,encoded@bitrate=20000_height=1080,1f64c3be-6d62-4593-ba38-ec5d4b9eb8e1,encoded@bitrate=15000_height=1080,Seeking@display=sequential
encoded@bitrate=15000_height=1080,encoded@bitrate=20000_height=1080,71bca3dc-88af-418b-bc5c-901a819fd1f0,encoded@bitrate=15000_height=1080,Seeking@display=sequential
,encoded@bitrate=20000_height=1080,d7e0c98f-c9e7-46ee-bce5-8e90e87a0cf9,encoded@bitrate=15000_height=1080,Seeking@display=sequential
,encoded@bitrate=20000_height=1080,bbb385de-3383-428c-810d-de9218736f6e,encoded@bitrate=15000_height=1080,Seeking@display=sequential
encoded@bitrate=20000_height=1080,encoded@bitrate=20000_height=1080,f6dcbb2a-6b4d-4e46-99b1-4179f4898cd0,encoded@bitrate=15000_height=1080,Seeking@display=sequential
encoded@bitrate=4300_height=1080,encoded@bitrate=1750_height=480,566fb7d8-e6ca-43c7-ae5a-48aca6a507a4,encoded@bitrate=4300_height=1080,BigBuckBunny@display=sequential
encoded@bitrate=4300_height=1080,encoded@bitrate=4300_height=1080,e2546711-0b61-4b0a-91a2-3692f713334a,encoded@bitrate=1750_height=480,BigBuckBunny@display=sequential
encoded@bitrate=4300_height=1080,encoded@bitrate=1750_height=480,af6668ca-3a6d-4746-88a7-4c28b88de39c,encoded@bitrate=4300_height=1080,BigBuckBunny@display=sequential
encoded@bitrate=4300_height=1080,encoded@bitrate=1750_height=480,629ac0f2-f93c-4562-87e2-83e91c83e632,encoded@bitrate=4300_height=1080,BigBuckBunny@display=sequential
encoded@bitrate=4300_height=1080,encoded@bitrate=1750_height=480,24321fc2-2364-4f6d-a25c-f593a13b061a,encoded@bitrate=4300_height=1080,BigBuckBunny@display=sequential
encoded@bitrate=4300_height=1080,encoded@bitrate=4300_height=1080,53127e19-5162-4bab-bb56-69665405a598,encoded@bitrate=1750_height=480,BigBuckBunny@display=sequential
encoded@bitrate=4300_height=1080,encoded@bitrate=4300_height=1080,fbbbfd01-6603-4bb4-aca1-df5e811989cc,encoded@bitrate=1750_height=480,BigBuckBunny@display=sequential
encoded@bitrate=4300_height=1080,encoded@bitrate=4300_height=1080,567005c0-484c-420a-8253-19699c82eee9,encoded@bitrate=1750_height=480,BigBuckBunny@display=sequential
encoded@bitrate=4300_height=1080,encoded@bitrate=1750_height=480,0691e239-86d2-4f18-9569-54691f5edf2c,encoded@bitrate=4300_height=1080,BigBuckBunny@display=sequential
encoded@bitrate=4300_height=1080,encoded@bitrate=1750_height=480,18bf1906-21d2-4d8f-9a24-12e0783263bf,encoded@bitrate=4300_height=1080,BigBuckBunny@display=sequential
encoded@bitrate=3000_height=1080,encoded@bitrate=750_height=384,566fb7d8-e6ca-43c7-ae5a-48aca6a507a4,encoded@bitrate=3000_height=1080,BirdsInCage@display=sequential
,encoded@bitrate=3000_height=1080,a0705ba3-cba0-46ca-adaa-5ad1794e1188,encoded@bitrate=750_height=384,BirdsInCage@display=sequential
encoded@bitrate=3000_height=1080,encoded@bitrate=3000_height=1080,dbf0417a-0d93-4d64-b022-2db9f2a09242,encoded@bitrate=750_height=384,BirdsInCage@display=sequential
encoded@bitrate=3000_height=1080,encoded@bitrate=750_height=384,2a143680-f30d-48a1-bea7-5ae7236e6392,encoded@bitrate=3000_height=1080,BirdsInCage@display=sequential
encoded@bitrate=3000_height=1080,encoded@bitrate=3000_height=1080,841689ee-6ac0-48ef-b84e-b3638f5477a9,encoded@bitrate=750_height=384,BirdsInCage@display=sequential
encoded@bitrate=3000_height=1080,encoded@bitrate=750_height=384,433d4e34-b646-4538-941d-0a21131fb37c,encoded@bitrate=3000_height=1080,BirdsInCage@display=sequential
encoded@bitrate=3000_height=1080,encoded@bitrate=3000_height=1080,22b292e9-7a17-4b4a-9a09-0681caae291e,encoded@bitrate=750_height=384,BirdsInCage@display=sequential
encoded@bitrate=3000_height=1080,encoded@bitrate=750_height=384,9ff9d03b-26f1-4cd0-958a-820c3c75ba32,encoded@bitrate=3000_height=1080,BirdsInCage@display=sequential
encoded@bitrate=3000_height=1080,encoded@bitrate=750_height=384,bc00ffbe-d00a-4157-87b8-493e67cdc18b,encoded@bitrate=3000_height=1080,BirdsInCage@display=sequential
encoded@bitrate=3000_height=1080,encoded@bitrate=750_height=384,b50ef8d4-8186-4583-b21a-e5735648587c,encoded@bitrate=3000_height=1080,BirdsInCage@display=sequential
,original,4bb7ddad-6f61-4af0-a929-abcc95347a33,encoded@bitrate=3050_height=720,Seeking@display=sequential
original,original,0282e284-6075-4272-8e47-0514da6c0239,encoded@bitrate=3050_height=720,Seeking@display=sequential
original,original,7e7c71d5-29cf-4dc2-b67b-49a564dcb072,encoded@bitrate=3050_height=720,Seeking@display=sequential
original,encoded@bitrate=3050_height=720,523b838f-5f2e-4f19-b9df-d9969424c697,original,Seeking@display=sequential
original,original,a4b0cbec-917c-418b-bdf9-82a0936f4905,encoded@bitrate=3050_height=720,Seeking@display=sequential
original,original,8e1eae9a-55e4-4cff-a611-e4ba38d017bb,encoded@bitrate=3050_height=720,Seeking@display=sequential
original,encoded@bitrate=3050_height=720,9ea19e1f-428b-414a-abdf-c1e51f9afe71,original,Seeking@display=sequential
original,encoded@bitrate=3050_height=720,52a8708f-7993-40c8-aea1-69ff552e2f01,original,Seeking@display=sequential
original,encoded@bitrate=3050_height=720,4cd37b8a-abc7-4359-a9e7-c17bee48ee62,original,Seeking@display=sequential
original,original,20a43bd8-ead5-4927-b832-78b755186bcd,encoded@bitrate=3050_height=720,Seeking@display=sequential
encoded@bitrate=3800_height=1080,encoded@bitrate=3800_height=1080,2dbcc381-f90b-45b5-86a0-21b327c40e1c,encoded@bitrate=750_height=384,BigBuckBunny@display=sequential
encoded@bitrate=3800_height=1080,encoded@bitrate=750_height=384,3be288f6-8041-4043-b452-46e8a67d7014,encoded@bitrate=3800_height=1080,BigBuckBunny@display=sequential
encoded@bitrate=3800_height=1080,encoded@bitrate=750_height=384,a737d54b-45b8-4cef-88b9-20f3eff16aac,encoded@bitrate=3800_height=1080,BigBuckBunny@display=sequential
encoded@bitrate=3800_height=1080,encoded@bitrate=3800_height=1080,ce9bf68f-cff6-46ed-abc8-cc2f6af281e2,encoded@bitrate=750_height=384,BigBuckBunny@display=sequential
encoded@bitrate=3800_height=1080,encoded@bitrate=750_height=384,d93492c2-f0b1-484d-9d63-b66f217afdea,encoded@bitrate=3800_height=1080,BigBuckBunny@display=sequential
encoded@bitrate=3800_height=1080,encoded@bitrate=3800_height=1080,3f5f7b8c-cd59-4d11-b12e-b8f93a47cf5c,encoded@bitrate=750_height=384,BigBuckBunny@display=sequential
encoded@bitrate=3800_height=1080,encoded@bitrate=750_height=384,37d8e0b9-f320-4759-b810-b47ff4467016,encoded@bitrate=3800_height=1080,BigBuckBunny@display=sequential
encoded@bitrate=3800_height=1080,encoded@bitrate=3800_height=1080,cb413348-33d5-4aa8-b00b-1200485f9b83,encoded@bitrate=750_height=384,BigBuckBunny@display=sequential
encoded@bitrate=3800_height=1080,encoded@bitrate=750_height=384,2f199ff5-e6d7-4e86-b684-1c3b552baa9b,encoded@bitrate=3800_height=1080,BigBuckBunny@display=sequential
encoded@bitrate=3800_height=1080,encoded@bitrate=3800_height=1080,1458ee06-1d9f-404b-9e4d-b09e3b5731af,encoded@bitrate=750_height=384,BigBuckBunny@display=sequential
,original,c7d09f16-7664-480c-a6c5-279f5014c143,encoded@bitrate=750_height=480,BirdsInCage@display=sequential
original,encoded@bitrate=750_height=480,e014ebd9-cd30-437e-a333-6be5f7828d6d,original,BirdsInCage@display=sequential
original,encoded@bitrate=750_height=480,60ade839-ce16-4f88-b903-3805bf524cf2,original,BirdsInCage@display=sequential
original,original,b6306029-365c-41e2-9319-61c0c405c6f4,encoded@bitrate=750_height=480,BirdsInCage@display=sequential
original,original,7eec4eb4-02fe-46aa-b975-28d23474037f,encoded@bitrate=750_height=480,BirdsInCage@display=sequential
original,encoded@bitrate=750_height=480,d967e631-6462-49c6-a910-e0213a310eb3,original,BirdsInCage@display=sequential
original,original,32128d68-b864-4e0e-9c13-989300fe1f5d,encoded@bitrate=750_height=480,BirdsInCage@display=sequential
original,original,c62ff2ad-45a7-4f3e-acce-030576899b17,encoded@bitrate=750_height=480,BirdsInCage@display=sequential
original,encoded@bitrate=750_height=480,0dc3edab-68ec-4a80-883a-2fd140574ca4,original,BirdsInCage@display=sequential
original,encoded@bitrate=750_height=480,ca65c3a0-fb0a-4804-a1b4-2f35acc5b559,original,BirdsInCage@display=sequential
,encoded@bitrate=5800_height=1080,d99ad3ae-8b0c-4beb-8079-541552a06b3d,encoded@bitrate=4250_height=720,BigBuckBunny@display=sequential
encoded@bitrate=5800_height=1080,encoded@bitrate=5800_height=1080,50722701-91d9-4f7c-90bb-e44edfd4f1a5,encoded@bitrate=4250_height=720,BigBuckBunny@display=sequential
encoded@bitrate=5800_height=1080,encoded@bitrate=5800_height=1080,3a031695-b20f-4ff1-803d-2611342ac2de,encoded@bitrate=4250_height=720,BigBuckBunny@display=sequential
encoded@bitrate=5800_height=1080,encoded@bitrate=5800_height=1080,1dbdf6dc-299d-4b99-8cdb-c46794344655,encoded@bitrate=4250_height=720,BigBuckBunny@display=sequential
,encoded@bitrate=4250_height=720,46988bee-31b6-4324-8234-6c77582cea87,encoded@bitrate=5800_height=1080,BigBuckBunny@display=sequential
,encoded@bitrate=4250_height=720,84ca7dac-b83d-46e1-8a3f-6934889b29fd,encoded@bitrate=5800_height=1080,BigBuckBunny@display=sequential
encoded@bitrate=5800_height=1080,encoded@bitrate=5800_height=1080,d391dd7e-e8e9-4965-b30b-fd2732feb0bc,encoded@bitrate=4250_height=720,BigBuckBunny@display=sequential
,encoded@bitrate=4250_height=720,1fda9f15-e969-41d3-a5e6-1ef66b8b22d8,encoded@bitrate=5800_height=1080,BigBuckBunny@display=sequential
,encoded@bitrate=4250_height=720,f60a36aa-458a-4e8d-a50a-4a398ad38cb2,encoded@bitrate=5800_height=1080,BigBuckBunny@display=sequential
,encoded@bitrate=5800_height=1080,88da8301-e4b8-4cae-a783-ce505f802cbd,encoded@bitrate=4250_height=720,BigBuckBunny@display=sequential
encoded@bitrate=10000_height=1080,encoded@bitrate=4300_height=1080,f97b08cc-e500-4b70-86c4-10b8a663d70b,encoded@bitrate=10000_height=1080,ElFuente2@display=sequential
,encoded@bitrate=4300_height=1080,71504043-233f-4a03-871a-8774e4c83b95,encoded@bitrate=10000_height=1080,ElFuente2@display=sequential
encoded@bitrate=10000_height=1080,encoded@bitrate=4300_height=1080,76e7a6ec-c031-4a31-a249-f205679c4482,encoded@bitrate=10000_height=1080,ElFuente2@display=sequential
encoded@bitrate=10000_height=1080,encoded@bitrate=4300_height=1080,62df5c8a-e08f-42bf-9636-a410c58e7b85,encoded@bitrate=10000_height=1080,ElFuente2@display=sequential
encoded@bitrate=10000_height=1080,encoded@bitrate=4300_height=1080,9b12ec4a-fa08-4ab2-b239-ed08073ff262,encoded@bitrate=10000_height=1080,ElFuente2@display=sequential
encoded@bitrate=10000_height=1080,encoded@bitrate=4300_height=1080,13a2756e-95aa-41fb-bf5d-20e5c9679c7e,encoded@bitrate=10000_height=1080,ElFuente2@display=sequential
encoded@bitrate=10000_height=1080,encoded@bitrate=10000_height=1080,dbf56af0-d333-49de-9bd3-1b837113335b,encoded@bitrate=4300_height=1080,ElFuente2@display=sequential
encoded@bitrate=10000_height=1080,encoded@bitrate=10000_height=1080,04e95b2d-3ea9-40f2-b0b2-68e0877d4e5d,encoded@bitrate=4300_height=1080,ElFuente2@display=sequential
encoded@bitrate=10000_height=1080,encoded@bitrate=10000_height=1080,d7b474e9-ad6f-4890-99ab-5a796fcbd2cb,encoded@bitrate=4300_height=1080,ElFuente2@display=sequential
,encoded@bitrate=10000_height=1080,6422b30c-4004-46d9-99b3-57b3d473d60d,encoded@bitrate=4300_height=1080,ElFuente2@display=sequential
encoded@bitrate=2350_height=720,encoded@bitrate=2350_height=720,18bf1906-21d2-4d8f-9a24-12e0783263bf,encoded@bitrate=375_height=288,Seeking@display=sequential
encoded@bitrate=2350_height=720,encoded@bitrate=2350_height=720,9ff9d03b-26f1-4cd0-958a-820c3c75ba32,encoded@bitrate=375_height=288,Seeking@display=sequential
encoded@bitrate=2350_height=720,encoded@bitrate=375_height=288,719b63b7-550b-4eab-be5d-8250b6731a2e,encoded@bitrate=2350_height=720,Seeking@display=sequential
encoded@bitrate=2350_height=720,encoded@bitrate=2350_height=720,eab4dc38-820b-4c1b-a638-2b4a0f93a334,encoded@bitrate=375_height=288,Seeking@display=sequential
encoded@bitrate=2350_height=720,encoded@bitrate=375_height=288,5386aada-2e84-4b87-920b-147898ce357b,encoded@bitrate=2350_height=720,Seeking@display=sequential
encoded@bitrate=2350_height=720,encoded@bitrate=2350_height=720,2815e5fa-b68b-48d8-accb-0c3f76be3c48,encoded@bitrate=375_height=288,Seeking@display=sequential
encoded@bitrate=2350_height=720,encoded@bitrate=375_height=288,abb69d4e-907f-485f-845d-799923e35219,encoded@bitrate=2350_height=720,Seeking@display=sequential
encoded@bitrate=2350_height=720,encoded@bitrate=375_height=288,f97b08cc-e500-4b70-86c4-10b8a663d70b,encoded@bitrate=2350_height=720,Seeking@display=sequential
encoded@bitrate=2350_height=720,encoded@bitrate=375_height=288,d2cf4226-323a-4fcb-8249-df61c89ff7e8,encoded@bitrate=2350_height=720,Seeking@display=sequential
encoded@bitrate=2350_height=720,encoded@bitrate=375_height=288,b4e1fa11-f8c7-4c37-91e5-ab34c817ae12,encoded@bitrate=2350_height=720,Seeking@display=sequential
encoded@bitrate=2950_height=720,encoded@bitrate=2950_height=720,cbc3521e-1314-4a2d-8cba-7c6f5c572bf6,encoded@bitrate=750_height=384,OldTownCross@display=sequential
encoded@bitrate=2950_height=720,encoded@bitrate=750_height=384,872f64ae-b43d-4fee-b0ab-45bcd25b5854,encoded@bitrate=2950_height=720,OldTownCross@display=sequential
encoded@bitrate=2950_height=720,encoded@bitrate=2950_height=720,df52d896-b5bf-493f-bb1c-ee5bbb1e44be,encoded@bitrate=750_height=384,OldTownCross@display=sequential
encoded@bitrate=2950_height=720,encoded@bitrate=750_height=384,014398e2-d4da-4268-abcf-1761c994090f,encoded@bitrate=2950_height=720,OldTownCross@display=sequential
encoded@bitrate=2950_height=720,encoded@bitrate=750_height=384,b2ab1a27-349e-48af-9c38-6e99d27c354d,encoded@bitrate=2950_height=720,OldTownCross@display=sequential
encoded@bitrate=2950_height=720,encoded@bitrate=2950_height=720,35000692-6b52-47f3-b5aa-d03481ae3eb5,encoded@bitrate=750_height=384,OldTownCross@display=sequential
encoded@bitrate=2950_height=720,encoded@bitrate=750_height=384,b13d20bd-47f9-4840-a9e4-a22cca6b80dd,encoded@bitrate=2950_height=720,OldTownCross@display=sequential
encoded@bitrate=2950_height=720,encoded@bitrate=750_height=384,ea1fced5-67ab-4744-8af5-26b265424a52,encoded@bitrate=2950_height=720,OldTownCross@display=sequential
encoded@bitrate=2950_height=720,encoded@bitrate=2950_height=720,31139786-676b-4e53-9762-4f0e8cc93727,encoded@bitrate=750_height=384,OldTownCross@display=sequential
encoded@bitrate=2950_height=720,encoded@bitrate=750_height=384,f97b08cc-e500-4b70-86c4-10b8a663d70b,encoded@bitrate=2950_height=720,OldTownCross@display=sequential
original,encoded@bitrate=1750_height=480,3d0bf3f3-3243-42a4-9bc4-85c569e83dff,original,ElFuente2@display=sequential
original,encoded@bitrate=1750_height=480,a17e1f28-022f-402d-a120-9119be72ae5f,original,ElFuente2@display=sequential
original,original,b886332d-223e-4326-be89-64ab855f095b,encoded@bitrate=1750_height=480,ElFuente2@display=sequential
original,original,c0e69549-b15d-40ee-820b-e480007bc208,encoded@bitrate=1750_height=480,ElFuente2@display=sequential
original,original,51e53bc3-aa26-4dc9-825d-3023b001764d,encoded@bitrate=1750_height=480,ElFuente2@display=sequential
original,original,38f44379-14d3-428f-9b62-0912929e8b78,encoded@bitrate=1750_height=480,ElFuente2@display=sequential
original,encoded@bitrate=1750_height=480,7e98f940-e3dc-44a6-a8fd-efa346cb7697,original,ElFuente2@display=sequential
original,encoded@bitrate=1750_height=480,b1be1c63-dc1e-454a-9783-8aac04ad515d,original,ElFuente2@display=sequential
original,encoded@bitrate=1750_height=480,1458ee06-1d9f-404b-9e4d-b09e3b5731af,original,ElFuente2@display=sequential
original,encoded@bitrate=1750_height=480,e0797398-ff1b-4cd6-9229-a59d2a290e80,original,ElFuente2@display=sequential
,encoded@bitrate=20000_height=1080,1211caf9-9b1b-4189-8c44-f768b7ee496c,original,Seeking@display=sequential
original,encoded@bitrate=20000_height=1080,d2cbcac4-4ae9-45fa-ab83-1226cebc893f,original,Seeking@display=sequential
original,original,d8fe4329-c33c-4514-855a-4c687ff9f01f,encoded@bitrate=20000_height=1080,Seeking@display=sequential
encoded@bitrate=20000_height=1080,original,7ff3ca3e-cf96-4966-a02a-b9eab26a658b,encoded@bitrate=20000_height=1080,Seeking@display=sequential
original,encoded@bitrate=20000_height=1080,f4884865-8ee6-4c6d-87e0-7b69ee065577,original,Seeking@display=sequential
original,original,fa5bdffd-c51b-4e05-9f17-e622852412d1,encoded@bitrate=20000_height=1080,Seeking@display=sequential
,original,5eb3a7bb-533a-4dbd-82c4-cd0fae2b33b0,encoded@bitrate=20000_height=1080,Seeking@display=sequential
original,encoded@bitrate=20000_height=1080,16145d50-23f3-421b-8b7c-1f8e6a45b00e,original,Seeking@display=sequential
encoded@bitrate=20000_height=1080,original,29891a92-472f-4241-97b3-f486548bb310,encoded@bitrate=20000_height=1080,Seeking@display=sequential
original,encoded@bitrate=20000_height=1080,bf3cb4fa-49fa-4340-a93a-968c70951b9d,original,Seeking@display=sequential
encoded@bitrate=2950_height=720,encoded@bitrate=2950_height=720,d8fe4329-c33c-4514-855a-4c687ff9f01f,encoded@bitrate=1750_height=480,OldTownCross@display=sequential
encoded@bitrate=2950_height=720,encoded@bitrate=2950_height=720,bc88e958-29d3-4133-a98f-8c59742f37ce,encoded@bitrate=1750_height=480,OldTownCross@display=sequential
encoded@bitrate=2950_height=720,encoded@bitrate=2950_height=720,c0e69549-b15d-40ee-820b-e480007bc208,encoded@bitrate=1750_height=480,OldTownCross@display=sequential
encoded@bitrate=2950_height=720,encoded@bitrate=1750_height=480,f006a370-cff3-4e73-a6dc-4bded3fe0f75,encoded@bitrate=2950_height=720,OldTownCross@display=sequential
encoded@bitrate=2950_height=720,encoded@bitrate=2950_height=720,f5c65d98-da4b-4ebe-8638-393f3d2741c0,encoded@bitrate=1750_height=480,OldTownCross@display=sequential
encoded@bitrate=2950_height=720,encoded@bitrate=1750_height=480,6929c469-fe35-443d-a2ef-95c2eea44139,encoded@bitrate=2950_height=720,OldTownCross@display=sequential
encoded@bitrate=2950_height=720,encoded@bitrate=2950_height=720,241b830e-0e58-4e17-a663-88a3a821ac3e,encoded@bitrate=1750_height=480,OldTownCross@display=sequential
encoded@bitrate=2950_height=720,encoded@bitrate=1750_height=480,106526b1-77b2-4d00-b5b0-5b7e929f1444,encoded@bitrate=2950_height=720,OldTownCross@display=sequential
encoded@bitrate=2950_height=720,encoded@bitrate=1750_height=480,6a62592c-89bf-46a4-8e54-ab72b6951bbd,encoded@bitrate=2950_height=720,OldTownCross@display=sequential
encoded@bitrate=2950_height=720,encoded@bitrate=1750_height=480,7e7a3e3d-6238-4765-b6a4-3babc94d94ec,encoded@bitrate=2950_height=720,OldTownCross@display=sequential
original,encoded@bitrate=4250_height=720,e8e5c81a-3625-4b91-8db0-69e7fc222356,original,ElFuente2@display=sequential
original,original,6138f355-0d67-4ba4-b05d-14e0b0d74414,encoded@bitrate=4250_height=720,ElFuente2@display=sequential
original,original,06327616-afdd-4927-bbaf-73de01dfa383,encoded@bitrate=4250_height=720,ElFuente2@display=sequential
original,original,ead7b5fc-d725-4729-9c61-81707a1d6090,encoded@bitrate=4250_height=720,ElFuente2@display=sequential
,encoded@bitrate=4250_height=720,a410f9ea-0698-429b-a5d2-9f44282f6d4b,original,ElFuente2@display=sequential
original,original,851c951d-f010-47e3-9d59-56d3e0a71185,encoded@bitrate=4250_height=720,ElFuente2@display=sequential
original,encoded@bitrate=4250_height=720,48b0ecc7-6a07-4117-a6a2-e7e762ff7646,original,ElFuente2@display=sequential
,original,d35fe353-da0b-4b73-af6a-0993d3199c77,encoded@bitrate=4250_height=720,ElFuente2@display=sequential
,original,4386838f-4af9-4121-8895-9a6078e94dd5,encoded@bitrate=4250_height=720,ElFuente2@display=sequential
,original,62657dbc-0939-45fd-b9d0-0c9a3b27d669,encoded@bitrate=4250_height=720,ElFuente2@display=sequential
encoded@bitrate=5800_height=1080,encoded@bitrate=5800_height=1080,2d6d9756-d2b6-4bea-b4e1-94b41721de02,encoded@bitrate=375_height=288,CrowdRun@display=sequential
encoded@bitrate=5800_height=1080,encoded@bitrate=375_height=288,84e9c5d9-f0e9-4b75-a0b5-ab23597e13db,encoded@bitrate=5800_height=1080,CrowdRun@display=sequential
encoded@bitrate=5800_height=1080,encoded@bitrate=375_height=288,28138e18-1992-4f6d-94e7-993ddca405e8,encoded@bitrate=5800_height=1080,CrowdRun@display=sequential
encoded@bitrate=5800_height=1080,encoded@bitrate=5800_height=1080,f4884865-8ee6-4c6d-87e0-7b69ee065577,encoded@bitrate=375_height=288,CrowdRun@display=sequential
encoded@bitrate=5800_height=1080,encoded@bitrate=375_height=288,e94fa128-840a-4f1c-8d0a-7e3c963a8b83,encoded@bitrate=5800_height=1080,CrowdRun@display=sequential
encoded@bitrate=5800_height=1080,encoded@bitrate=375_height=288,09224b6b-5b76-4dc9-9945-1e90c3cf11e3,encoded@bitrate=5800_height=1080,CrowdRun@display=sequential
encoded@bitrate=5800_height=1080,encoded@bitrate=5800_height=1080,59e41467-1fc8-49ad-871f-be15ce142ac5,encoded@bitrate=375_height=288,CrowdRun@display=sequential
encoded@bitrate=5800_height=1080,encoded@bitrate=5800_height=1080,082900d0-b541-4840-8099-04cd8537040b,encoded@bitrate=375_height=288,CrowdRun@display=sequential
encoded@bitrate=5800_height=1080,encoded@bitrate=375_height=288,68784bad-1b93-450c-a86b-529f01a28a30,encoded@bitrate=5800_height=1080,CrowdRun@display=sequential
encoded@bitrate=5800_height=1080,encoded@bitrate=5800_height=1080,a07f105d-b327-4e67-a324-e213ab12c547,encoded@bitrate=375_height=288,CrowdRun@display=sequential
encoded@bitrate=550_height=384,encoded@bitrate=750_height=384,5efbb928-3bec-4b6c-b8c5-41607eba8d77,encoded@bitrate=550_height=384,BirdsInCage@display=sequential
,encoded@bitrate=750_height=384,04813965-9b3c-43c9-9a9d-5a6941afef3d,encoded@bitrate=550_height=384,BirdsInCage@display=sequential
encoded@bitrate=750_height=384,encoded@bitrate=750_height=384,90fb2795-6b00-41e1-9332-4593f10a9aed,encoded@bitrate=550_height=384,BirdsInCage@display=sequential
encoded@bitrate=550_height=384,encoded@bitrate=550_height=384,22b9b2b6-adf7-4210-973c-0023762b22b7,encoded@bitrate=750_height=384,BirdsInCage@display=sequential
encoded@bitrate=750_height=384,encoded@bitrate=750_height=384,98f9ec54-b947-408f-848e-553b8a2ded6e,encoded@bitrate=550_height=384,BirdsInCage@display=sequential
encoded@bitrate=750_height=384,encoded@bitrate=750_height=384,c4b4c465-69fa-4440-8297-38bbd5b0b5d4,encoded@bitrate=550_height=384,BirdsInCage@display=sequential
encoded@bitrate=750_height=384,encoded@bitrate=550_height=384,867f48bf-2cb3-41b6-926b-b447ab6e1691,encoded@bitrate=750_height=384,BirdsInCage@display=sequential
encoded@bitrate=750_height=384,encoded@bitrate=550_height=384,459e6ec8-9143-4fda-89ff-32c90a82f712,encoded@bitrate=750_height=384,BirdsInCage@display=sequential
,encoded@bitrate=750_height=384,f63f36f1-2249-4b6a-8e08-f48d0d3c923b,encoded@bitrate=550_height=384,BirdsInCage@display=sequential
,encoded@bitrate=550_height=384,3b8076ab-07ed-47d6-83b5-dcda486a3b18,encoded@bitrate=750_height=384,BirdsInCage@display=sequential
encoded@bitrate=10000_height=1080,encoded@bitrate=7500_height=1080,4bf6e92c-767f-4fd1-9cca-e64e41624327,encoded@bitrate=10000_height=1080,CrowdRun@display=sequential
,encoded@bitrate=10000_height=1080,985b2187-2e8e-497a-87c3-80cdc7a2058a,encoded@bitrate=7500_height=1080,CrowdRun@display=sequential
encoded@bitrate=7500_height=1080,encoded@bitrate=10000_height=1080,341de2f3-ef53-46f2-bb65-e3d0c0757b76,encoded@bitrate=7500_height=1080,CrowdRun@display=sequential
encoded@bitrate=10000_height=1080,encoded@bitrate=7500_height=1080,630902ff-4e93-4002-a561-a300b5a42928,encoded@bitrate=10000_height=1080,CrowdRun@display=sequential
encoded@bitrate=7500_height=1080,encoded@bitrate=10000_height=1080,6c11fc1a-b4f0-4525-855f-f6a00b5409e8,encoded@bitrate=7500_height=1080,CrowdRun@display=sequential
encoded@bitrate=10000_height=1080,encoded@bitrate=7500_height=1080,4bb7ddad-6f61-4af0-a929-abcc95347a33,encoded@bitrate=10000_height=1080,CrowdRun@display=sequential
encoded@bitrate=7500_height=1080,encoded@bitrate=7500_height=1080,dfac2e10-076c-4c94-b7a2-509a29363a96,encoded@bitrate=10000_height=1080,CrowdRun@display=sequential
encoded@bitrate=7500_height=1080,encoded@bitrate=7500_height=1080,e088fd7c-253e-44ae-8d6d-3103781ceafe,encoded@bitrate=10000_height=1080,CrowdRun@display=sequential
encoded@bitrate=10000_height=1080,encoded@bitrate=10000_height=1080,c0261397-7755-4f0f-b0a4-681c1cae71b6,encoded@bitrate=7500_height=1080,CrowdRun@display=sequential
encoded@bitrate=7500_height=1080,encoded@bitrate=7500_height=1080,92618dab-00d8-4abd-ac31-f37ac2df1d55,encoded@bitrate=10000_height=1080,CrowdRun@display=sequential
encoded@bitrate=550_height=384,encoded@bitrate=375_height=288,41f2b15c-dbe4-473b-af00-28c8751e329e,encoded@bitrate=550_height=384,BigBuckBunny@display=sequential
encoded@bitrate=550_height=384,encoded@bitrate=375_height=288,e1c3c1f9-f59c-4c62-8fa3-8f19be438b85,encoded@bitrate=550_height=384,BigBuckBunny@display=sequential
encoded@bitrate=550_height=384,encoded@bitrate=375_height=288,fa5bdffd-c51b-4e05-9f17-e622852412d1,encoded@bitrate=550_height=384,BigBuckBunny@display=sequential
encoded@bitrate=550_height=384,encoded@bitrate=375_height=288,ca65c3a0-fb0a-4804-a1b4-2f35acc5b559,encoded@bitrate=550_height=384,BigBuckBunny@display=sequential
encoded@bitrate=550_height=384,encoded@bitrate=550_height=384,32b1e827-4cf2-468f-9797-4a40b9ed4a47,encoded@bitrate=375_height=288,BigBuckBunny@display=sequential
,encoded@bitrate=375_height=288,5db97e29-51c6-4d87-9897-b63690e31c52,encoded@bitrate=550_height=384,BigBuckBunny@display=sequential
encoded@bitrate=550_height=384,encoded@bitrate=550_height=384,4bf6e92c-767f-4fd1-9cca-e64e41624327,encoded@bitrate=375_height=288,BigBuckBunny@display=sequential
encoded@bitrate=550_height=384,encoded@bitrate=550_height=384,157b2239-271e-41e3-99b6-ed7eca00929c,encoded@bitrate=375_height=288,BigBuckBunny@display=sequential
,encoded@bitrate=375_height=288,5edda708-1a28-4132-b481-b6ce1ef44440,encoded@bitrate=550_height=384,BigBuckBunny@display=sequential
encoded@bitrate=550_height=384,encoded@bitrate=375_height=288,6af851bd-70ae-4da3-8596-c12f262bb8a3,encoded@bitrate=550_height=384,BigBuckBunny@display=sequential
encoded@bitrate=7500_height=1080,encoded@bitrate=375_height=288,c39301ac-544e-4bb2-85a7-b38cbff67bc4,encoded@bitrate=7500_height=1080,Seeking@display=sequential
encoded@bitrate=7500_height=1080,encoded@bitrate=375_height=288,adb42d8d-a4b5-4730-b575-c6db34b3313c,encoded@bitrate=7500_height=1080,Seeking@display=sequential
encoded@bitrate=7500_height=1080,encoded@bitrate=7500_height=1080,13d8e79f-b78d-4090-b59a-b516d546b349,encoded@bitrate=375_height=288,Seeking@display=sequential
encoded@bitrate=7500_height=1080,encoded@bitrate=7500_height=1080,31ca5cac-d2b2-4d89-b282-f15c708df086,encoded@bitrate=375_height=288,Seeking@display=sequential
encoded@bitrate=7500_height=1080,encoded@bitrate=375_height=288,630aff3d-3ab7-4cb4-905a-dc27697f8572,encoded@bitrate=7500_height=1080,Seeking@display=sequential
encoded@bitrate=7500_height=1080,encoded@bitrate=375_height=288,4b2bb8bc-bbe6-432b-bd1f-da59f6ae9222,encoded@bitrate=7500_height=1080,Seeking@display=sequential
encoded@bitrate=7500_height=1080,encoded@bitrate=375_height=288,a1d1d1a3-ca05-441a-a182-190990e89d09,encoded@bitrate=7500_height=1080,Seeking@display=sequential
encoded@bitrate=7500_height=1080,encoded@bitrate=7500_height=1080,24321fc2-2364-4f6d-a25c-f593a13b061a,encoded@bitrate=375_height=288,Seeking@display=sequential
encoded@bitrate=7500_height=1080,encoded@bitrate=7500_height=1080,1c06f64f-65bb-40e2-9a85-3330f967aefd,encoded@bitrate=375_height=288,Seeking@display=sequential
encoded@bitrate=7500_height=1080,encoded@bitrate=375_height=288,2d3fa1a6-afde-4886-bbd9-6d6ae7788071,encoded@bitrate=7500_height=1080,Seeking@display=sequential
encoded@bitrate=7500_height=1080,encoded@bitrate=15000_height=1080,52c48d4b-8b72-4117-a188-ce6867e127a7,encoded@bitrate=7500_height=1080,Seeking@display=sequential
encoded@bitrate=15000_height=1080,encoded@bitrate=15000_height=1080,4bc0f60a-d132-4900-ad4c-38f780439f03,encoded@bitrate=7500_height=1080,Seeking@display=sequential
encoded@bitrate=7500_height=1080,encoded@bitrate=15000_height=1080,d774ed68-3d63-4ddc-9c2b-17f926e01537,encoded@bitrate=7500_height=1080,Seeking@display=sequential
encoded@bitrate=7500_height=1080,encoded@bitrate=15000_height=1080,79ed6f1d-b369-4100-a6fd-b0a81d46b110,encoded@bitrate=7500_height=1080,Seeking@display=sequential
encoded@bitrate=7500_height=1080,encoded@bitrate=15000_height=1080,a647b0ba-6ea8-4ffa-a048-3f4711f595b0,encoded@bitrate=7500_height=1080,Seeking@display=sequential
encoded@bitrate=15000_height=1080,encoded@bitrate=7500_height=1080,f2b9faac-c743-4136-9ed0-28508f2a2b42,encoded@bitrate=15000_height=1080,Seeking@display=sequential
encoded@bitrate=15000_height=1080,encoded@bitrate=7500_height=1080,52e41e38-4c61-40bc-bb28-cafdfe4bcb7f,encoded@bitrate=15000_height=1080,Seeking@display=sequential
encoded@bitrate=7500_height=1080,encoded@bitrate=15000_height=1080,0cc760c5-8660-492e-a4d2-c4360899975d,encoded@bitrate=7500_height=1080,Seeking@display=sequential
encoded@bitrate=7500_height=1080,encoded@bitrate=15000_height=1080,c4483616-3ed2-4394-9493-213d0c170895,encoded@bitrate=7500_height=1080,Seeking@display=sequential
encoded@bitrate=15000_height=1080,encoded@bitrate=7500_height=1080,b5be2bf1-6a7d-4c5c-97a6-70da4d407bf6,encoded@bitrate=15000_height=1080,Seeking@display=sequential
encoded@bitrate=15000_height=1080,encoded@bitrate=375_height=288,f9cbea11-d50a-4473-8583-2756324ec9fa,encoded@bitrate=15000_height=1080,ElFuente2@display=sequential
encoded@bitrate=15000_height=1080,encoded@bitrate=375_height=288,87e94e45-9c62-4b17-8f94-a1cb0efa9b1d,encoded@bitrate=15000_height=1080,ElFuente2@display=sequential
encoded@bitrate=15000_height=1080,encoded@bitrate=375_height=288,49ecc985-24ed-446c-8c82-950e120f85ba,encoded@bitrate=15000_height=1080,ElFuente2@display=sequential
encoded@bitrate=15000_height=1080,encoded@bitrate=15000_height=1080,ed16384e-9a7f-4dd5-b966-585e924233fa,encoded@bitrate=375_height=288,ElFuente2@display=sequential
encoded@bitrate=15000_height=1080,encoded@bitrate=375_height=288,8c1ba179-2106-4f2f-9f78-2ccd5d2f38a5,encoded@bitrate=15000_height=1080,ElFuente2@display=sequential
encoded@bitrate=15000_height=1080,encoded@bitrate=375_height=288,9980f22a-f115-45f1-b3a2-d12fd0dd8cf1,encoded@bitrate=15000_height=1080,ElFuente2@display=sequential
encoded@bitrate=15000_height=1080,encoded@bitrate=15000_height=1080,262cca7b-6b71-4c12-afe8-728ea07d533a,encoded@bitrate=375_height=288,ElFuente2@display=sequential
encoded@bitrate=15000_height=1080,encoded@bitrate=15000_height=1080,d0807ae0-7cac-48cf-9fb5-e6472c49f3a6,encoded@bitrate=375_height=288,ElFuente2@display=sequential
encoded@bitrate=15000_height=1080,encoded@bitrate=15000_height=1080,464f84c4-5e60-4e85-94a9-c39e2530addd,encoded@bitrate=375_height=288,ElFuente2@display=sequential
encoded@bitrate=15000_height=1080,encoded@bitrate=375_height=288,542711ab-bcb8-424f-92d3-27b288d47359,encoded@bitrate=15000_height=1080,ElFuente2@display=sequential
original,encoded@bitrate=4300_height=1080,94aed9f0-a26e-435d-9499-0a57d0d09c0e,original,Seeking@display=sequential
original,encoded@bitrate=4300_height=1080,002808ce-aaff-4a9e-a4c9-3cd8d9b3ef6a,original,Seeking@display=sequential
original,original,7789925c-d537-4f98-b572-c50cc53b8114,encoded@bitrate=4300_height=1080,Seeking@display=sequential
original,encoded@bitrate=4300_height=1080,472d4448-6fde-4702-84a1-cf3f7bd0e45d,original,Seeking@display=sequential
original,original,542711ab-bcb8-424f-92d3-27b288d47359,encoded@bitrate=4300_height=1080,Seeking@display=sequential
original,encoded@bitrate=4300_height=1080,183f0910-0608-4ad7-a2a4-533a8554de1a,original,Seeking@display=sequential
original,encoded@bitrate=4300_height=1080,6b7cf11a-44c3-48d0-87a8-cdc05b3801e6,original,Seeking@display=sequential
original,original,085ea3db-2334-44ab-8798-14e7badbe0c6,encoded@bitrate=4300_height=1080,Seeking@display=sequential
original,encoded@bitrate=4300_height=1080,5198b894-1131-4041-bcc1-62488fda0604,original,Seeking@display=sequential
original,encoded@bitrate=4300_height=1080,133ad39e-5998-410a-b3de-f89eff90206c,original,Seeking@display=sequential
,original,90799355-438b-4212-8fff-ee5297cbd8db,encoded@bitrate=2300_height=1080,FoxBird@display=sequential
,encoded@bitrate=2300_height=1080,9e25a404-4bfe-4e8c-8dec-e7c76c0c760a,original,FoxBird@display=sequential
original,original,1cb35fd5-7c42-46a8-9139-15882c5bf85c,encoded@bitrate=2300_height=1080,FoxBird@display=sequential
,original,dc52d562-4f4a-4a51-b429-caf6addea1be,encoded@bitrate=2300_height=1080,FoxBird@display=sequential
original,encoded@bitrate=2300_height=1080,635554c5-d17c-4fc7-a61e-7d792f8ec3c8,original,FoxBird@display=sequential
,original,c0258f9a-7e2a-4c8a-b306-a389e2972855,encoded@bitrate=2300_height=1080,FoxBird@display=sequential
original,original,647d0ccb-1fbc-496d-92fd-0af0637de9ae,encoded@bitrate=2300_height=1080,FoxBird@display=sequential
encoded@bitrate=2300_height=1080,encoded@bitrate=2300_height=1080,07e0efcb-001f-491e-aa9f-cca467743d01,original,FoxBird@display=sequential
original,original,fc412c03-7ce4-4158-821d-8a6eb8b6813f,encoded@bitrate=2300_height=1080,FoxBird@display=sequential
,encoded@bitrate=2300_height=1080,fa99c6a8-18e7-4b07-b497-43ad86407f9c,original,FoxBird@display=sequential
encoded@bitrate=4250_height=720,encoded@bitrate=750_height=384,3a448cd9-fa6e-4e30-9d17-ab40a67c7980,encoded@bitrate=4250_height=720,BigBuckBunny@display=sequential
encoded@bitrate=4250_height=720,encoded@bitrate=750_height=384,65febfb3-2ea0-4b86-bc2e-3588fe6206d1,encoded@bitrate=4250_height=720,BigBuckBunny@display=sequential
encoded@bitrate=4250_height=720,encoded@bitrate=750_height=384,438e8653-e2e4-4d7e-b701-1cd1aff05f82,encoded@bitrate=4250_height=720,BigBuckBunny@display=sequential
encoded@bitrate=4250_height=720,encoded@bitrate=750_height=384,89c91ff0-a1a3-4604-95f9-2196ba8054bf,encoded@bitrate=4250_height=720,BigBuckBunny@display=sequential
encoded@bitrate=4250_height=720,encoded@bitrate=4250_height=720,f8fc5b01-7f46-4d90-92c3-e58de4c1b086,encoded@bitrate=750_height=384,BigBuckBunny@display=sequential
encoded@bitrate=4250_height=720,encoded@bitrate=4250_height=720,78ec5f69-a67b-42ac-ae06-c985f67935dd,encoded@bitrate=750_height=384,BigBuckBunny@display=sequential
encoded@bitrate=4250_height=720,encoded@bitrate=4250_height=720,e544d1dd-c998-44a6-83a8-086b969ce1de,encoded@bitrate=750_height=384,BigBuckBunny@display=sequential
encoded@bitrate=4250_height=720,encoded@bitrate=750_height=384,abff7351-c218-40d5-8aa9-fc7b1a5d8429,encoded@bitrate=4250_height=720,BigBuckBunny@display=sequential
encoded@bitrate=4250_height=720,encoded@bitrate=750_height=384,119c71bb-332f-49d7-80be-8c10ac85f39a,encoded@bitrate=4250_height=720,BigBuckBunny@display=sequential
encoded@bitrate=4250_height=720,encoded@bitrate=750_height=384,26f1a4f3-2de9-4b62-9f2e-9184870cb93e,encoded@bitrate=4250_height=720,BigBuckBunny@display=sequential
encoded@bitrate=4300_height=1080,encoded@bitrate=375_height=288,72c660f3-a268-4edb-9599-b17c96af9ec7,encoded@bitrate=4300_height=1080,BigBuckBunny@display=sequential
encoded@bitrate=4300_height=1080,encoded@bitrate=4300_height=1080,15823cce-8dd0-4043-a063-eb157f7a8b5f,encoded@bitrate=375_height=288,BigBuckBunny@display=sequential
encoded@bitrate=4300_height=1080,encoded@bitrate=4300_height=1080,4edaa347-68b5-4565-a1dd-fe591c6a83f0,encoded@bitrate=375_height=288,BigBuckBunny@display=sequential
encoded@bitrate=4300_height=1080,encoded@bitrate=4300_height=1080,4c9c9dbc-7938-48fa-87e5-30a5bb146ac8,encoded@bitrate=375_height=288,BigBuckBunny@display=sequential
encoded@bitrate=4300_height=1080,encoded@bitrate=375_height=288,eb574414-bf4c-4dbe-bd80-1f14e0b9c5c7,encoded@bitrate=4300_height=1080,BigBuckBunny@display=sequential
encoded@bitrate=4300_height=1080,encoded@bitrate=4300_height=1080,32899118-d8fd-46ad-b83a-9e8ce0bdc1c7,encoded@bitrate=375_height=288,BigBuckBunny@display=sequential
encoded@bitrate=4300_height=1080,encoded@bitrate=375_height=288,10133552-f9c8-4185-b640-7e25d2e74bf4,encoded@bitrate=4300_height=1080,BigBuckBunny@display=sequential
encoded@bitrate=4300_height=1080,encoded@bitrate=4300_height=1080,28f3ffe7-8eb8-4a16-9663-0a71ff4feb38,encoded@bitrate=375_height=288,BigBuckBunny@display=sequential
encoded@bitrate=4300_height=1080,encoded@bitrate=4300_height=1080,7d3d38fd-547c-43c1-af86-0bc68bbb33af,encoded@bitrate=375_height=288,BigBuckBunny@display=sequential
encoded@bitrate=4300_height=1080,encoded@bitrate=375_height=288,9bf893fd-8e82-4b0e-bc2b-b001e5f912c4,encoded@bitrate=4300_height=1080,BigBuckBunny@display=sequential
encoded@bitrate=3050_height=720,encoded@bitrate=3050_height=720,459e6ec8-9143-4fda-89ff-32c90a82f712,encoded@bitrate=550_height=384,BigBuckBunny@display=sequential
encoded@bitrate=3050_height=720,encoded@bitrate=3050_height=720,cd178ccf-f697-4b60-8cc6-5b0d63a920a1,encoded@bitrate=550_height=384,BigBuckBunny@display=sequential
encoded@bitrate=3050_height=720,encoded@bitrate=550_height=384,c01f1046-c717-4ff9-8dad-7421859fc613,encoded@bitrate=3050_height=720,BigBuckBunny@display=sequential
encoded@bitrate=3050_height=720,encoded@bitrate=3050_height=720,08d2aa18-36e2-4d06-b1b8-78ab06e9c8a4,encoded@bitrate=550_height=384,BigBuckBunny@display=sequential
encoded@bitrate=3050_height=720,encoded@bitrate=3050_height=720,aec7ed14-ebe5-4a27-971e-812aa92084ca,encoded@bitrate=550_height=384,BigBuckBunny@display=sequential
encoded@bitrate=3050_height=720,encoded@bitrate=3050_height=720,3b8076ab-07ed-47d6-83b5-dcda486a3b18,encoded@bitrate=550_height=384,BigBuckBunny@display=sequential
encoded@bitrate=3050_height=720,encoded@bitrate=3050_height=720,5d6db2a1-c7dc-406e-b3db-75a738a9cd46,encoded@bitrate=550_height=384,BigBuckBunny@display=sequential
encoded@bitrate=3050_height=720,encoded@bitrate=550_height=384,8c16ccef-13f6-4933-9c0b-095fc895e7ab,encoded@bitrate=3050_height=720,BigBuckBunny@display=sequential
encoded@bitrate=3050_height=720,encoded@bitrate=3050_height=720,c3f9730e-aae2-4cb4-8244-348706326454,encoded@bitrate=550_height=384,BigBuckBunny@display=sequential
encoded@bitrate=3050_height=720,encoded@bitrate=3050_height=720,6188c003-558b-403c-a837-9aad0078345c,encoded@bitrate=550_height=384,BigBuckBunny@display=sequential
encoded@bitrate=1050_height=480,encoded@bitrate=1050_height=480,a6704ad0-84ef-4e86-8ac5-f592cc525f47,encoded@bitrate=550_height=384,BigBuckBunny@display=sequential
encoded@bitrate=1050_height=480,encoded@bitrate=1050_height=480,7a2918f4-1036-462e-9ab0-f7d1b432cbf9,encoded@bitrate=550_height=384,BigBuckBunny@display=sequential
encoded@bitrate=1050_height=480,encoded@bitrate=1050_height=480,19221555-9ce9-4393-9ea5-e50657e62c74,encoded@bitrate=550_height=384,BigBuckBunny@display=sequential
encoded@bitrate=1050_height=480,encoded@bitrate=1050_height=480,0e3c86ef-17d5-418f-95b7-56e46e448c97,encoded@bitrate=550_height=384,BigBuckBunny@display=sequential
encoded@bitrate=1050_height=480,encoded@bitrate=550_height=384,a54376d0-ee13-4dc1-9b59-87e155c62795,encoded@bitrate=1050_height=480,BigBuckBunny@display=sequential
encoded@bitrate=1050_height=480,encoded@bitrate=550_height=384,e02609ec-35cf-456d-b864-7676af978c4b,encoded@bitrate=1050_height=480,BigBuckBunny@display=sequential
encoded@bitrate=1050_height=480,encoded@bitrate=1050_height=480,33920445-a272-4833-a2bd-b60fa5a04536,encoded@bitrate=550_height=384,BigBuckBunny@display=sequential
encoded@bitrate=1050_height=480,encoded@bitrate=1050_height=480,d69fb9a4-88e8-4e25-bbde-bebbddf5fbc5,encoded@bitrate=550_height=384,BigBuckBunny@display=sequential
encoded@bitrate=1050_height=480,encoded@bitrate=550_height=384,3ad72fd4-4689-4163-a828-dd1744964c11,encoded@bitrate=1050_height=480,BigBuckBunny@display=sequential
encoded@bitrate=1050_height=480,encoded@bitrate=1050_height=480,34168229-2e1e-4921-ac15-d92436d5a977,encoded@bitrate=550_height=384,BigBuckBunny@display=sequential
encoded@bitrate=15000_height=1080,encoded@bitrate=375_height=288,0e3c86ef-17d5-418f-95b7-56e46e448c97,encoded@bitrate=15000_height=1080,CrowdRun@display=sequential
encoded@bitrate=15000_height=1080,encoded@bitrate=15000_height=1080,0d7f37d0-f53e-4a52-a78b-afc17556431e,encoded@bitrate=375_height=288,CrowdRun@display=sequential
encoded@bitrate=15000_height=1080,encoded@bitrate=375_height=288,953708e4-c895-4afd-96e8-b45fdd505175,encoded@bitrate=15000_height=1080,CrowdRun@display=sequential
encoded@bitrate=15000_height=1080,encoded@bitrate=375_height=288,6cccef86-b575-48f8-8954-d39181458358,encoded@bitrate=15000_height=1080,CrowdRun@display=sequential
encoded@bitrate=15000_height=1080,encoded@bitrate=15000_height=1080,3a031695-b20f-4ff1-803d-2611342ac2de,encoded@bitrate=375_height=288,CrowdRun@display=sequential
encoded@bitrate=15000_height=1080,encoded@bitrate=375_height=288,4a48da27-470b-4fcd-8543-b926c16ff650,encoded@bitrate=15000_height=1080,CrowdRun@display=sequential
encoded@bitrate=15000_height=1080,encoded@bitrate=375_height=288,10133552-f9c8-4185-b640-7e25d2e74bf4,encoded@bitrate=15000_height=1080,CrowdRun@display=sequential
encoded@bitrate=15000_height=1080,encoded@bitrate=375_height=288,37d8e0b9-f320-4759-b810-b47ff4467016,encoded@bitrate=15000_height=1080,CrowdRun@display=sequential
encoded@bitrate=15000_height=1080,encoded@bitrate=15000_height=1080,7c1cd676-1163-4512-b0cc-125f92752018,encoded@bitrate=375_height=288,CrowdRun@display=sequential
encoded@bitrate=15000_height=1080,encoded@bitrate=15000_height=1080,84327ee8-7e8c-4049-886f-05323cf7bbc3,encoded@bitrate=375_height=288,CrowdRun@display=sequential
encoded@bitrate=1750_height=480,encoded@bitrate=2350_height=720,3a734a80-9259-40ba-be9d-459a898ba938,encoded@bitrate=1750_height=480,Seeking@display=sequential
,encoded@bitrate=2350_height=720,397001a4-5eb9-437f-ad18-41f87dace59c,encoded@bitrate=1750_height=480,Seeking@display=sequential
,encoded@bitrate=2350_height=720,db526d68-5a49-4fa8-9c91-35aaf4685886,encoded@bitrate=1750_height=480,Seeking@display=sequential
encoded@bitrate=1750_height=480,encoded@bitrate=2350_height=720,0e3c86ef-17d5-418f-95b7-56e46e448c97,encoded@bitrate=1750_height=480,Seeking@display=sequential
encoded@bitrate=2350_height=720,encoded@bitrate=2350_height=720,651b3bb1-0c2e-4a58-a8ff-c03001964285,encoded@bitrate=1750_height=480,Seeking@display=sequential
encoded@bitrate=2350_height=720,encoded@bitrate=2350_height=720,c8fcb579-4361-48f4-ad8c-190c038f943f,encoded@bitrate=1750_height=480,Seeking@display=sequential
encoded@bitrate=2350_height=720,encoded@bitrate=1750_height=480,4045a842-9f7c-40f9-80be-3d5831d6a738,encoded@bitrate=2350_height=720,Seeking@display=sequential
encoded@bitrate=2350_height=720,encoded@bitrate=2350_height=720,cc795331-2401-4a12-b0ee-fa79b36fff76,encoded@bitrate=1750_height=480,Seeking@display=sequential
encoded@bitrate=2350_height=720,encoded@bitrate=2350_height=720,ce25b470-c37f-49d0-8203-ed9688c18912,encoded@bitrate=1750_height=480,Seeking@display=sequential
encoded@bitrate=1750_height=480,encoded@bitrate=1750_height=480,a7069379-2fcf-4c99-a623-fd20d3960ebe,encoded@bitrate=2350_height=720,Seeking@display=sequential
encoded@bitrate=7500_height=1080,encoded@bitrate=7500_height=1080,dd3f3504-ab40-47fc-9751-1c0a3d02cc62,encoded@bitrate=750_height=384,ElFuente1@display=sequential
encoded@bitrate=7500_height=1080,encoded@bitrate=7500_height=1080,3cdea77c-18d6-4285-8822-0547ebab6d19,encoded@bitrate=750_height=384,ElFuente1@display=sequential
encoded@bitrate=7500_height=1080,encoded@bitrate=7500_height=1080,1519847b-b957-4b45-8e9f-db5d5f72b749,encoded@bitrate=750_height=384,ElFuente1@display=sequential
encoded@bitrate=7500_height=1080,encoded@bitrate=750_height=384,f0477d3b-b59d-4c71-8581-110c40c14ca6,encoded@bitrate=7500_height=1080,ElFuente1@display=sequential
encoded@bitrate=7500_height=1080,encoded@bitrate=7500_height=1080,a471abf2-3b44-4da3-a664-17b747e632f6,encoded@bitrate=750_height=384,ElFuente1@display=sequential
encoded@bitrate=7500_height=1080,encoded@bitrate=750_height=384,e886d720-6d96-44b4-a38f-ef52c0aea62d,encoded@bitrate=7500_height=1080,ElFuente1@display=sequential
encoded@bitrate=7500_height=1080,encoded@bitrate=750_height=384,ba2e8111-193c-4c3d-8d6a-70f8f72bbea2,encoded@bitrate=7500_height=1080,ElFuente1@display=sequential
encoded@bitrate=7500_height=1080,encoded@bitrate=7500_height=1080,2be68ad6-657e-4ffe-b18b-9bca4e91fd1a,encoded@bitrate=750_height=384,ElFuente1@display=sequential
encoded@bitrate=7500_height=1080,encoded@bitrate=7500_height=1080,dc52d562-4f4a-4a51-b429-caf6addea1be,encoded@bitrate=750_height=384,ElFuente1@display=sequential
encoded@bitrate=750_height=384,encoded@bitrate=750_height=384,08f89d86-d913-4fe9-b96e-90342304c107,encoded@bitrate=7500_height=1080,ElFuente1@display=sequential
encoded@bitrate=15000_height=1080,encoded@bitrate=4300_height=1080,04813965-9b3c-43c9-9a9d-5a6941afef3d,encoded@bitrate=15000_height=1080,CrowdRun@display=sequential
encoded@bitrate=15000_height=1080,encoded@bitrate=15000_height=1080,2360f12b-fd5b-4617-9fd0-5672e2a40b5d,encoded@bitrate=4300_height=1080,CrowdRun@display=sequential
,encoded@bitrate=15000_height=1080,94f8e362-2fe0-4596-a14e-b13248907924,encoded@bitrate=4300_height=1080,CrowdRun@display=sequential
encoded@bitrate=15000_height=1080,encoded@bitrate=15000_height=1080,d48d3209-3c1a-4253-a83c-ac0642c7f7c9,encoded@bitrate=4300_height=1080,CrowdRun@display=sequential
encoded@bitrate=15000_height=1080,encoded@bitrate=15000_height=1080,3f4c851c-d791-4ae1-a409-b15ebc7602e2,encoded@bitrate=4300_height=1080,CrowdRun@display=sequential
encoded@bitrate=15000_height=1080,encoded@bitrate=4300_height=1080,ca040d77-a3dc-4939-89c0-9f953e9f9515,encoded@bitrate=15000_height=1080,CrowdRun@display=sequential
encoded@bitrate=15000_height=1080,encoded@bitrate=15000_height=1080,adb42d8d-a4b5-4730-b575-c6db34b3313c,encoded@bitrate=4300_height=1080,CrowdRun@display=sequential
encoded@bitrate=15000_height=1080,encoded@bitrate=15000_height=1080,2cabc179-9b0a-4956-abc4-db3cf2e03f98,encoded@bitrate=4300_height=1080,CrowdRun@display=sequential
encoded@bitrate=15000_height=1080,encoded@bitrate=4300_height=1080,1458ee06-1d9f-404b-9e4d-b09e3b5731af,encoded@bitrate=15000_height=1080,CrowdRun@display=sequential
encoded@bitrate=15000_height=1080,encoded@bitrate=4300_height=1080,4a6a6f68-c5c9-4bbd-8a01-006271fff551,encoded@bitrate=15000_height=1080,CrowdRun@display=sequential
encoded@bitrate=4300_height=1080,encoded@bitrate=4300_height=1080,6a85a985-7d96-4ecd-86ba-685728a82dd0,encoded@bitrate=4250_height=720,BigBuckBunny@display=sequential
encoded@bitrate=4300_height=1080,encoded@bitrate=4250_height=720,472d4448-6fde-4702-84a1-cf3f7bd0e45d,encoded@bitrate=4300_height=1080,BigBuckBunny@display=sequential
encoded@bitrate=4300_height=1080,encoded@bitrate=4300_height=1080,d8193f20-ca78-4f7e-a54e-1eb281c8ac16,encoded@bitrate=4250_height=720,BigBuckBunny@display=sequential
encoded@bitrate=4250_height=720,encoded@bitrate=4250_height=720,33646442-3d35-4986-9939-550b7bd59125,encoded@bitrate=4300_height=1080,BigBuckBunny@display=sequential
,encoded@bitrate=4300_height=1080,4a48da27-470b-4fcd-8543-b926c16ff650,encoded@bitrate=4250_height=720,BigBuckBunny@display=sequential
encoded@bitrate=4300_height=1080,encoded@bitrate=4250_height=720,9bf342e3-6f22-490b-b00b-372d2a7d8199,encoded@bitrate=4300_height=1080,BigBuckBunny@display=sequential
encoded@bitrate=4300_height=1080,encoded@bitrate=4250_height=720,6928b695-0a44-43eb-bf33-2e73eea11790,encoded@bitrate=4300_height=1080,BigBuckBunny@display=sequential
encoded@bitrate=4300_height=1080,encoded@bitrate=4250_height=720,88dba501-c1cc-4377-b515-43a0b935917c,encoded@bitrate=4300_height=1080,BigBuckBunny@display=sequential
encoded@bitrate=4300_height=1080,encoded@bitrate=4250_height=720,45dbc247-317c-43c0-b2b1-effff92bd167,encoded@bitrate=4300_height=1080,BigBuckBunny@display=sequential
,encoded@bitrate=4250_height=720,66b9e1ca-7be6-469d-881b-e3433a746220,encoded@bitrate=4300_height=1080,BigBuckBunny@display=sequential
original,encoded@bitrate=750_height=480,353bad22-15fb-4dc6-8eed-7dd83f1c5ae6,original,FoxBird@display=sequential
original,encoded@bitrate=750_height=480,638556dd-6e86-4ae3-9c25-0dd2e60709f1,original,FoxBird@display=sequential
original,original,e6f8bc6b-e67a-4141-9f44-5abe35c62046,encoded@bitrate=750_height=480,FoxBird@display=sequential
original,original,f94f84f0-0314-443c-aa81-c3dd47dd772a,encoded@bitrate=750_height=480,FoxBird@display=sequential
original,original,d6c6a79e-5a39-4ddc-8d67-e61611c73318,encoded@bitrate=750_height=480,FoxBird@display=sequential
original,encoded@bitrate=750_height=480,58a49050-238b-432e-afa5-5ecb7c8183cb,original,FoxBird@display=sequential
original,original,b7d9cf99-b646-448f-8000-ca53352da30a,encoded@bitrate=750_height=480,FoxBird@display=sequential
original,encoded@bitrate=750_height=480,0fca2270-5646-4e65-b178-a722179983b0,original,FoxBird@display=sequential
original,encoded@bitrate=750_height=480,abd0f219-9a62-430f-b50f-c61b688c219c,original,FoxBird@display=sequential
original,original,83233e30-b3ad-4498-8eff-e51044d70333,encoded@bitrate=750_height=480,FoxBird@display=sequential
encoded@bitrate=10000_height=1080,encoded@bitrate=10000_height=1080,3a734a80-9259-40ba-be9d-459a898ba938,encoded@bitrate=375_height=288,ElFuente2@display=sequential
encoded@bitrate=10000_height=1080,encoded@bitrate=10000_height=1080,c62ff2ad-45a7-4f3e-acce-030576899b17,encoded@bitrate=375_height=288,ElFuente2@display=sequential
encoded@bitrate=10000_height=1080,encoded@bitrate=375_height=288,f8fc5b01-7f46-4d90-92c3-e58de4c1b086,encoded@bitrate=10000_height=1080,ElFuente2@display=sequential
encoded@bitrate=10000_height=1080,encoded@bitrate=375_height=288,2231f9ee-7322-4c18-afd8-0297a5523148,encoded@bitrate=10000_height=1080,ElFuente2@display=sequential
encoded@bitrate=10000_height=1080,encoded@bitrate=375_height=288,1a07e498-1f79-4718-99fc-3465754935aa,encoded@bitrate=10000_height=1080,ElFuente2@display=sequential
encoded@bitrate=10000_height=1080,encoded@bitrate=375_height=288,6b48482e-fbd7-4085-8717-135a3fa6b351,encoded@bitrate=10000_height=1080,ElFuente2@display=sequential
encoded@bitrate=10000_height=1080,encoded@bitrate=375_height=288,66b92e37-0b75-4aba-990d-ca47cf686540,encoded@bitrate=10000_height=1080,ElFuente2@display=sequential
encoded@bitrate=10000_height=1080,encoded@bitrate=375_height=288,b0d86c37-1389-480f-862e-828f0e6376a5,encoded@bitrate=10000_height=1080,ElFuente2@display=sequential
encoded@bitrate=10000_height=1080,encoded@bitrate=10000_height=1080,72ed54fa-f4f0-473b-a829-ac89abe9d3c5,encoded@bitrate=375_height=288,ElFuente2@display=sequential
encoded@bitrate=10000_height=1080,encoded@bitrate=10000_height=1080,feb86d47-9265-4860-8fde-a8d663708477,encoded@bitrate=375_height=288,ElFuente2@display=sequential
encoded@bitrate=1050_height=480,encoded@bitrate=1050_height=480,e766aa53-de02-48ea-bb5a-0cb94101754a,encoded@bitrate=750_height=384,BigBuckBunny@display=sequential
encoded@bitrate=1050_height=480,encoded@bitrate=1050_height=480,33aa809b-6785-49dc-ae11-5d5af6f61e8e,encoded@bitrate=750_height=384,BigBuckBunny@display=sequential
encoded@bitrate=1050_height=480,encoded@bitrate=1050_height=480,b18b958b-b908-4ebe-932d-e50c856c72a6,encoded@bitrate=750_height=384,BigBuckBunny@display=sequential
encoded@bitrate=1050_height=480,encoded@bitrate=1050_height=480,f58fcc49-b5e9-4207-8790-8ecf66e5eb9d,encoded@bitrate=750_height=384,BigBuckBunny@display=sequential
encoded@bitrate=1050_height=480,encoded@bitrate=750_height=384,31139786-676b-4e53-9762-4f0e8cc93727,encoded@bitrate=1050_height=480,BigBuckBunny@display=sequential
,encoded@bitrate=750_height=384,53f17f2b-6a32-4ac6-b226-91275dd8b985,encoded@bitrate=1050_height=480,BigBuckBunny@display=sequential
encoded@bitrate=1050_height=480,encoded@bitrate=750_height=384,695ca2bf-b8e3-4615-9f1b-6014e2db4ee5,encoded@bitrate=1050_height=480,BigBuckBunny@display=sequential
encoded@bitrate=1050_height=480,encoded@bitrate=1050_height=480,f34d42ab-f3d5-493e-8f12-2070d370cbea,encoded@bitrate=750_height=384,BigBuckBunny@display=sequential
,encoded@bitrate=1050_height=480,04efd0f2-8204-47a7-9bcf-ec4deb076c8f,encoded@bitrate=750_height=384,BigBuckBunny@display=sequential
,encoded@bitrate=1050_height=480,c70e15fe-285d-4f39-b35a-67e47849682c,encoded@bitrate=750_height=384,BigBuckBunny@display=sequential
encoded@bitrate=5800_height=1080,encoded@bitrate=5800_height=1080,e766aa53-de02-48ea-bb5a-0cb94101754a,encoded@bitrate=15000_height=1080,ElFuente2@display=sequential
encoded@bitrate=15000_height=1080,encoded@bitrate=15000_height=1080,a7069379-2fcf-4c99-a623-fd20d3960ebe,encoded@bitrate=5800_height=1080,ElFuente2@display=sequential
encoded@bitrate=5800_height=1080,encoded@bitrate=15000_height=1080,ec3147b5-c360-4dab-968a-ae71fecd3e29,encoded@bitrate=5800_height=1080,ElFuente2@display=sequential
encoded@bitrate=15000_height=1080,encoded@bitrate=5800_height=1080,1ade687b-5aca-4370-9311-b6f72528a473,encoded@bitrate=15000_height=1080,ElFuente2@display=sequential
,encoded@bitrate=15000_height=1080,fe88ec31-e062-4ec6-a7c6-455dc015a155,encoded@bitrate=5800_height=1080,ElFuente2@display=sequential
encoded@bitrate=15000_height=1080,encoded@bitrate=15000_height=1080,50f1cc6f-21de-44c4-8056-cfee37a49d31,encoded@bitrate=5800_height=1080,ElFuente2@display=sequential
encoded@bitrate=15000_height=1080,encoded@bitrate=5800_height=1080,66eade00-16e6-485e-9a5d-2e92b67367b8,encoded@bitrate=15000_height=1080,ElFuente2@display=sequential
encoded@bitrate=15000_height=1080,encoded@bitrate=5800_height=1080,65972744-31a9-4472-9908-5536a8a7122e,encoded@bitrate=15000_height=1080,ElFuente2@display=sequential
encoded@bitrate=15000_height=1080,encoded@bitrate=5800_height=1080,a268d438-9f11-4978-8ad9-7ed49297521c,encoded@bitrate=15000_height=1080,ElFuente2@display=sequential
encoded@bitrate=15000_height=1080,encoded@bitrate=15000_height=1080,c6346704-bff8-407a-af84-b379478d3cd2,encoded@bitrate=5800_height=1080,ElFuente2@display=sequential
encoded@bitrate=20000_height=1080,encoded@bitrate=20000_height=1080,6c9dede0-7efc-4a48-898c-fb00527cd28e,encoded@bitrate=4250_height=720,ElFuente2@display=sequential
encoded@bitrate=20000_height=1080,encoded@bitrate=4250_height=720,45e1e015-506b-4217-a64f-4f2b2d502cda,encoded@bitrate=20000_height=1080,ElFuente2@display=sequential
encoded@bitrate=20000_height=1080,encoded@bitrate=4250_height=720,4c9c9dbc-7938-48fa-87e5-30a5bb146ac8,encoded@bitrate=20000_height=1080,ElFuente2@display=sequential
,encoded@bitrate=4250_height=720,502847cb-21d3-4808-bd8a-4ec3b2a1c24c,encoded@bitrate=20000_height=1080,ElFuente2@display=sequential
,encoded@bitrate=4250_height=720,341de2f3-ef53-46f2-bb65-e3d0c0757b76,encoded@bitrate=20000_height=1080,ElFuente2@display=sequential
,encoded@bitrate=20000_height=1080,db107cd9-dbe7-4902-afda-5ae89c3af6c2,encoded@bitrate=4250_height=720,ElFuente2@display=sequential
encoded@bitrate=20000_height=1080,encoded@bitrate=20000_height=1080,e6f8bc6b-e67a-4141-9f44-5abe35c62046,encoded@bitrate=4250_height=720,ElFuente2@display=sequential
,encoded@bitrate=20000_height=1080,da6f3ec1-ace9-4071-ad4e-c354db644cbc,encoded@bitrate=4250_height=720,ElFuente2@display=sequential
encoded@bitrate=20000_height=1080,encoded@bitrate=4250_height=720,f0449a2c-9fa2-49ec-9d76-27a7a5be2351,encoded@bitrate=20000_height=1080,ElFuente2@display=sequential
,encoded@bitrate=20000_height=1080,9d32f287-7a5a-4287-9f48-10a44fcb3304,encoded@bitrate=4250_height=720,ElFuente2@display=sequential
encoded@bitrate=5800_height=1080,encoded@bitrate=5800_height=1080,c185b7b6-460c-449b-942c-7437d0e8b154,encoded@bitrate=2350_height=720,Seeking@display=sequential
encoded@bitrate=5800_height=1080,encoded@bitrate=5800_height=1080,6a64ffbb-f695-4513-846a-2f9cdbe1ba3b,encoded@bitrate=2350_height=720,Seeking@display=sequential
encoded@bitrate=5800_height=1080,encoded@bitrate=2350_height=720,3294436f-ed2c-418c-b0a4-838f6d5f50b0,encoded@bitrate=5800_height=1080,Seeking@display=sequential
encoded@bitrate=5800_height=1080,encoded@bitrate=5800_height=1080,e739fe65-9837-4a8e-8058-6a0063fca411,encoded@bitrate=2350_height=720,Seeking@display=sequential
encoded@bitrate=2350_height=720,encoded@bitrate=2350_height=720,4d93cc4f-73bc-4f6c-afb4-30e41bee10f7,encoded@bitrate=5800_height=1080,Seeking@display=sequential
encoded@bitrate=5800_height=1080,encoded@bitrate=5800_height=1080,8c6347a1-9073-43a1-a02c-299b19f1b2b1,encoded@bitrate=2350_height=720,Seeking@display=sequential
encoded@bitrate=5800_height=1080,encoded@bitrate=5800_height=1080,3fa51d84-1a9d-4cf7-8204-2ab2685cd7be,encoded@bitrate=2350_height=720,Seeking@display=sequential
encoded@bitrate=5800_height=1080,encoded@bitrate=2350_height=720,d403c7b5-a23c-4583-90c0-5ed27e20b8f4,encoded@bitrate=5800_height=1080,Seeking@display=sequential
,encoded@bitrate=5800_height=1080,b690625f-e142-4388-b4a1-8208baee2107,encoded@bitrate=2350_height=720,Seeking@display=sequential
encoded@bitrate=5800_height=1080,encoded@bitrate=2350_height=720,6c9dede0-7efc-4a48-898c-fb00527cd28e,encoded@bitrate=5800_height=1080,Seeking@display=sequential
encoded@bitrate=1050_height=720,encoded@bitrate=750_height=480,e70ba9af-4c86-4f6e-a2c8-54afd6b7c818,encoded@bitrate=1050_height=720,BirdsInCage@display=sequential
,encoded@bitrate=750_height=480,feb86d47-9265-4860-8fde-a8d663708477,encoded@bitrate=1050_height=720,BirdsInCage@display=sequential
encoded@bitrate=1050_height=720,encoded@bitrate=750_height=480,6140f270-6e48-4210-9132-c8a58eeb4d48,encoded@bitrate=1050_height=720,BirdsInCage@display=sequential
encoded@bitrate=1050_height=720,encoded@bitrate=750_height=480,af5e8105-39b8-4b2a-9e17-9b0216a6820c,encoded@bitrate=1050_height=720,BirdsInCage@display=sequential
encoded@bitrate=1050_height=720,encoded@bitrate=750_height=480,8046912e-7adc-42c4-af5e-639cb0e9d717,encoded@bitrate=1050_height=720,BirdsInCage@display=sequential
encoded@bitrate=1050_height=720,encoded@bitrate=1050_height=720,5db97e29-51c6-4d87-9897-b63690e31c52,encoded@bitrate=750_height=480,BirdsInCage@display=sequential
encoded@bitrate=750_height=480,encoded@bitrate=750_height=480,a97fc96e-5fbe-4371-a9ec-14da0c0f764f,encoded@bitrate=1050_height=720,BirdsInCage@display=sequential
encoded@bitrate=1050_height=720,encoded@bitrate=1050_height=720,397001a4-5eb9-437f-ad18-41f87dace59c,encoded@bitrate=750_height=480,BirdsInCage@display=sequential
,encoded@bitrate=750_height=480,66b9e1ca-7be6-469d-881b-e3433a746220,encoded@bitrate=1050_height=720,BirdsInCage@display=sequential
encoded@bitrate=1050_height=720,encoded@bitrate=750_height=480,a17e1f28-022f-402d-a120-9119be72ae5f,encoded@bitrate=1050_height=720,BirdsInCage@display=sequential
original,encoded@bitrate=1050_height=480,a54376d0-ee13-4dc1-9b59-87e155c62795,original,Seeking@display=sequential
original,encoded@bitrate=1050_height=480,feabbea3-3eb7-46a6-9150-d41a3944603d,original,Seeking@display=sequential
original,original,a17e1f28-022f-402d-a120-9119be72ae5f,encoded@bitrate=1050_height=480,Seeking@display=sequential
original,encoded@bitrate=1050_height=480,c7b767ec-2634-44e9-a9b0-29d5046ff17a,original,Seeking@display=sequential
original,original,630902ff-4e93-4002-a561-a300b5a42928,encoded@bitrate=1050_height=480,Seeking@display=sequential
original,encoded@bitrate=1050_height=480,4224335e-26df-4d36-b1b2-51dc101f7e76,original,Seeking@display=sequential
original,encoded@bitrate=1050_height=480,42cf276e-584f-459f-92b9-c2966ba7f50e,original,Seeking@display=sequential
original,encoded@bitrate=1050_height=480,9a3c3143-eeae-4a15-a35f-894bc5b74e70,original,Seeking@display=sequential
original,encoded@bitrate=1050_height=480,eca046f8-b87a-462c-8926-24edcb9d9f21,original,Seeking@display=sequential
original,encoded@bitrate=1050_height=480,dfac2e10-076c-4c94-b7a2-509a29363a96,original,Seeking@display=sequential
encoded@bitrate=7500_height=1080,encoded@bitrate=7500_height=1080,78ec5f69-a67b-42ac-ae06-c985f67935dd,encoded@bitrate=2350_height=480,CrowdRun@display=sequential
encoded@bitrate=7500_height=1080,encoded@bitrate=7500_height=1080,54a067ea-cabb-4df6-8f37-67a5eb1b48d5,encoded@bitrate=2350_height=480,CrowdRun@display=sequential
,encoded@bitrate=2350_height=480,8c16ccef-13f6-4933-9c0b-095fc895e7ab,encoded@bitrate=7500_height=1080,CrowdRun@display=sequential
encoded@bitrate=7500_height=1080,encoded@bitrate=7500_height=1080,ae596db0-ca56-4a5e-819e-66d021715ded,encoded@bitrate=2350_height=480,CrowdRun@display=sequential
encoded@bitrate=7500_height=1080,encoded@bitrate=2350_height=480,a17e1f28-022f-402d-a120-9119be72ae5f,encoded@bitrate=7500_height=1080,CrowdRun@display=sequential
encoded@bitrate=7500_height=1080,encoded@bitrate=7500_height=1080,53ddf5cc-1602-4d03-9883-5332482a5feb,encoded@bitrate=2350_height=480,CrowdRun@display=sequential
encoded@bitrate=7500_height=1080,encoded@bitrate=2350_height=480,e55ca671-1a64-4590-953d-9e284e88d509,encoded@bitrate=7500_height=1080,CrowdRun@display=sequential
encoded@bitrate=7500_height=1080,encoded@bitrate=2350_height=480,d2cbcac4-4ae9-45fa-ab83-1226cebc893f,encoded@bitrate=7500_height=1080,CrowdRun@display=sequential
encoded@bitrate=7500_height=1080,encoded@bitrate=2350_height=480,abff7351-c218-40d5-8aa9-fc7b1a5d8429,encoded@bitrate=7500_height=1080,CrowdRun@display=sequential
encoded@bitrate=7500_height=1080,encoded@bitrate=2350_height=480,927b9b1e-da20-4644-b8d6-f85a22be59d7,encoded@bitrate=7500_height=1080,CrowdRun@display=sequential
encoded@bitrate=750_height=480,encoded@bitrate=750_height=480,5558d8dc-89e4-420a-bb35-818b2f95eb50,encoded@bitrate=375_height=288,BirdsInCage@display=sequential
encoded@bitrate=750_height=480,encoded@bitrate=375_height=288,8ca2525f-c1cd-4738-8317-eea204eddd29,encoded@bitrate=750_height=480,BirdsInCage@display=sequential
encoded@bitrate=750_height=480,encoded@bitrate=375_height=288,34168229-2e1e-4921-ac15-d92436d5a977,encoded@bitrate=750_height=480,BirdsInCage@display=sequential
encoded@bitrate=750_height=480,encoded@bitrate=750_height=480,7a2918f4-1036-462e-9ab0-f7d1b432cbf9,encoded@bitrate=375_height=288,BirdsInCage@display=sequential
encoded@bitrate=750_height=480,encoded@bitrate=375_height=288,1458ee06-1d9f-404b-9e4d-b09e3b5731af,encoded@bitrate=750_height=480,BirdsInCage@display=sequential
encoded@bitrate=750_height=480,encoded@bitrate=750_height=480,7f3041e3-410f-4d6c-bbe7-88fa3f554f22,encoded@bitrate=375_height=288,BirdsInCage@display=sequential
encoded@bitrate=750_height=480,encoded@bitrate=375_height=288,7f60cd05-3ea6-4d0e-87e8-632c5ff9743b,encoded@bitrate=750_height=480,BirdsInCage@display=sequential
encoded@bitrate=750_height=480,encoded@bitrate=750_height=480,91f8e990-7ac5-44d9-aeb9-f8235aeea663,encoded@bitrate=375_height=288,BirdsInCage@display=sequential
encoded@bitrate=750_height=480,encoded@bitrate=750_height=480,5de0605d-3090-497c-830c-5bf5a45ce692,encoded@bitrate=375_height=288,BirdsInCage@display=sequential
,encoded@bitrate=750_height=480,542711ab-bcb8-424f-92d3-27b288d47359,encoded@bitrate=375_height=288,BirdsInCage@display=sequential
encoded@bitrate=5800_height=1080,original,ae3ac7e2-b402-4c44-8dc5-8efdde5bb599,encoded@bitrate=5800_height=1080,CrowdRun@display=sequential
original,original,fbb9f043-7950-41ce-817f-27e38dcf2bfb,encoded@bitrate=5800_height=1080,CrowdRun@display=sequential
original,original,d2b4d696-aa3f-4f64-842e-b95ddd65449e,encoded@bitrate=5800_height=1080,CrowdRun@display=sequential
original,encoded@bitrate=5800_height=1080,1b351bd1-c7e8-4893-b9e4-2df5e96440bc,original,CrowdRun@display=sequential
original,encoded@bitrate=5800_height=1080,777aa73c-e876-4af7-a998-55b2db8bf245,original,CrowdRun@display=sequential
original,encoded@bitrate=5800_height=1080,65972744-31a9-4472-9908-5536a8a7122e,original,CrowdRun@display=sequential
original,original,bc00ffbe-d00a-4157-87b8-493e67cdc18b,encoded@bitrate=5800_height=1080,CrowdRun@display=sequential
original,original,9d9bfe50-d1ff-4dc3-b196-c5217ac2863f,encoded@bitrate=5800_height=1080,CrowdRun@display=sequential
original,original,06d4fcbb-2678-47cb-a9d3-ea2bc74a2f81,encoded@bitrate=5800_height=1080,CrowdRun@display=sequential
original,encoded@bitrate=5800_height=1080,30969ea8-c94c-4f11-9226-95ec5c8c8f03,original,CrowdRun@display=sequential
encoded@bitrate=4300_height=1080,encoded@bitrate=4300_height=1080,ad107398-33a4-4479-86ee-10181456c5b9,encoded@bitrate=375_height=288,Tennis@display=sequential
encoded@bitrate=4300_height=1080,encoded@bitrate=4300_height=1080,c0841986-a23a-42a0-a152-ce477545bdd0,encoded@bitrate=375_height=288,Tennis@display=sequential
encoded@bitrate=4300_height=1080,encoded@bitrate=375_height=288,cd4297f0-57ec-486e-957b-ef09e8de0607,encoded@bitrate=4300_height=1080,Tennis@display=sequential
encoded@bitrate=4300_height=1080,encoded@bitrate=4300_height=1080,e7965f16-6621-4854-84b4-b552c5738880,encoded@bitrate=375_height=288,Tennis@display=sequential
encoded@bitrate=4300_height=1080,encoded@bitrate=4300_height=1080,239be723-f6dc-4053-ac79-4f57603fd382,encoded@bitrate=375_height=288,Tennis@display=sequential
,encoded@bitrate=4300_height=1080,566f1efe-c334-4e1c-bd9d-60079dd825db,encoded@bitrate=375_height=288,Tennis@display=sequential
encoded@bitrate=4300_height=1080,encoded@bitrate=4300_height=1080,3ed94fd1-c049-45fd-ad73-4b5fb83c209d,encoded@bitrate=375_height=288,Tennis@display=sequential
encoded@bitrate=4300_height=1080,encoded@bitrate=4300_height=1080,20a43bd8-ead5-4927-b832-78b755186bcd,encoded@bitrate=375_height=288,Tennis@display=sequential
encoded@bitrate=4300_height=1080,encoded@bitrate=375_height=288,2d0c771e-dcc5-4ab1-96dd-5be09e162328,encoded@bitrate=4300_height=1080,Tennis@display=sequential
encoded@bitrate=4300_height=1080,encoded@bitrate=375_height=288,003d62a2-e400-4a0d-8dc3-7805faeb9a7b,encoded@bitrate=4300_height=1080,Tennis@display=sequential
encoded@bitrate=7500_height=1080,encoded@bitrate=7500_height=1080,cfea4206-4dd5-4ab5-a9ee-e12be9395f29,encoded@bitrate=375_height=288,CrowdRun@display=sequential
encoded@bitrate=7500_height=1080,encoded@bitrate=7500_height=1080,91c69418-ca88-47fa-9045-520cb13e2506,encoded@bitrate=375_height=288,CrowdRun@display=sequential
encoded@bitrate=7500_height=1080,encoded@bitrate=7500_height=1080,f264924b-f4f0-43e6-8f91-b52f1d661da2,encoded@bitrate=375_height=288,CrowdRun@display=sequential
encoded@bitrate=7500_height=1080,encoded@bitrate=7500_height=1080,306ef9fb-b2aa-4eb0-b6b7-f160a0880759,encoded@bitrate=375_height=288,CrowdRun@display=sequential
encoded@bitrate=7500_height=1080,encoded@bitrate=7500_height=1080,eaa5315e-7904-41da-ad17-313ff2625ef5,encoded@bitrate=375_height=288,CrowdRun@display=sequential
encoded@bitrate=7500_height=1080,encoded@bitrate=375_height=288,99743e4c-daf4-4bfa-ab87-e89131a2c8f6,encoded@bitrate=7500_height=1080,CrowdRun@display=sequential
encoded@bitrate=7500_height=1080,encoded@bitrate=7500_height=1080,c932f144-695e-4b65-8153-5d7ba538f1b1,encoded@bitrate=375_height=288,CrowdRun@display=sequential
encoded@bitrate=7500_height=1080,encoded@bitrate=375_height=288,f9cbea11-d50a-4473-8583-2756324ec9fa,encoded@bitrate=7500_height=1080,CrowdRun@display=sequential
encoded@bitrate=7500_height=1080,encoded@bitrate=375_height=288,3ad72fd4-4689-4163-a828-dd1744964c11,encoded@bitrate=7500_height=1080,CrowdRun@display=sequential
encoded@bitrate=7500_height=1080,encoded@bitrate=7500_height=1080,33ef8805-0783-43e5-b363-3facd89393f8,encoded@bitrate=375_height=288,CrowdRun@display=sequential
encoded@bitrate=2350_height=720,encoded@bitrate=2350_height=720,60458390-32fa-4441-b820-90787c5343f6,encoded@bitrate=1750_height=480,ElFuente1@display=sequential
encoded@bitrate=1750_height=480,encoded@bitrate=2350_height=720,2d0c771e-dcc5-4ab1-96dd-5be09e162328,encoded@bitrate=1750_height=480,ElFuente1@display=sequential
encoded@bitrate=2350_height=720,encoded@bitrate=2350_height=720,6b443695-605c-4b3e-ad5c-4504b6a4935b,encoded@bitrate=1750_height=480,ElFuente1@display=sequential
encoded@bitrate=2350_height=720,encoded@bitrate=1750_height=480,f7a660f2-17ac-444a-980f-416641f86208,encoded@bitrate=2350_height=720,ElFuente1@display=sequential
encoded@bitrate=2350_height=720,encoded@bitrate=2350_height=720,a737d54b-45b8-4cef-88b9-20f3eff16aac,encoded@bitrate=1750_height=480,ElFuente1@display=sequential
encoded@bitrate=1750_height=480,encoded@bitrate=1750_height=480,07378324-0772-4f67-aee2-23bc754f81b6,encoded@bitrate=2350_height=720,ElFuente1@display=sequential
,encoded@bitrate=2350_height=720,9d32f287-7a5a-4287-9f48-10a44fcb3304,encoded@bitrate=1750_height=480,ElFuente1@display=sequential
encoded@bitrate=2350_height=720,encoded@bitrate=2350_height=720,fd620d26-73f0-45d6-bfe5-7b47eb755676,encoded@bitrate=1750_height=480,ElFuente1@display=sequential
,encoded@bitrate=1750_height=480,f0449a2c-9fa2-49ec-9d76-27a7a5be2351,encoded@bitrate=2350_height=720,ElFuente1@display=sequential
encoded@bitrate=2350_height=720,encoded@bitrate=2350_height=720,51e53bc3-aa26-4dc9-825d-3023b001764d,encoded@bitrate=1750_height=480,ElFuente1@display=sequential
original,encoded@bitrate=1750_height=480,c7d09f16-7664-480c-a6c5-279f5014c143,original,OldTownCross@display=sequential
original,encoded@bitrate=1750_height=480,33aa809b-6785-49dc-ae11-5d5af6f61e8e,original,OldTownCross@display=sequential
original,original,af112a53-7d26-4589-b586-67b928b370c4,encoded@bitrate=1750_height=480,OldTownCross@display=sequential
original,encoded@bitrate=1750_height=480,83d19ff1-7b53-43bc-a20e-c0b147ea8546,original,OldTownCross@display=sequential
encoded@bitrate=1750_height=480,original,d5018336-2e28-4a35-a250-a723b3fa214d,encoded@bitrate=1750_height=480,OldTownCross@display=sequential
original,encoded@bitrate=1750_height=480,23cdd1ed-fe00-4deb-8ca7-db975f43a835,original,OldTownCross@display=sequential
original,encoded@bitrate=1750_height=480,d7bac6c1-397b-40c6-9c43-ed999836f813,original,OldTownCross@display=sequential
encoded@bitrate=1750_height=480,original,91641fb2-f748-4fad-bfa6-9ef0e5b271a3,encoded@bitrate=1750_height=480,OldTownCross@display=sequential
,encoded@bitrate=1750_height=480,b75eed47-d9a5-4a29-b4b7-bab0ecbfaf72,original,OldTownCross@display=sequential
original,original,83233e30-b3ad-4498-8eff-e51044d70333,encoded@bitrate=1750_height=480,OldTownCross@display=sequential
encoded@bitrate=15000_height=1080,encoded@bitrate=15000_height=1080,058eabcd-6fe1-4446-af05-c68fbd2bd0c6,encoded@bitrate=1750_height=480,Seeking@display=sequential
,encoded@bitrate=15000_height=1080,5483fa79-a1d3-437e-9925-e36c78b80e67,encoded@bitrate=1750_height=480,Seeking@display=sequential
encoded@bitrate=15000_height=1080,encoded@bitrate=15000_height=1080,638556dd-6e86-4ae3-9c25-0dd2e60709f1,encoded@bitrate=1750_height=480,Seeking@display=sequential
encoded@bitrate=15000_height=1080,encoded@bitrate=15000_height=1080,1e2aafec-b705-4388-8de9-025a35aca97a,encoded@bitrate=1750_height=480,Seeking@display=sequential
encoded@bitrate=15000_height=1080,encoded@bitrate=1750_height=480,09313056-ebad-4866-92f8-0be6160820e5,encoded@bitrate=15000_height=1080,Seeking@display=sequential
encoded@bitrate=15000_height=1080,encoded@bitrate=1750_height=480,4a76f2f7-9d33-49ba-8cc4-1cf92c5da2d4,encoded@bitrate=15000_height=1080,Seeking@display=sequential
encoded@bitrate=15000_height=1080,encoded@bitrate=15000_height=1080,22b9b2b6-adf7-4210-973c-0023762b22b7,encoded@bitrate=1750_height=480,Seeking@display=sequential
encoded@bitrate=15000_height=1080,encoded@bitrate=15000_height=1080,e30de58c-2d4b-4fe4-b9a6-ad385c04edad,encoded@bitrate=1750_height=480,Seeking@display=sequential
encoded@bitrate=15000_height=1080,encoded@bitrate=15000_height=1080,df52d896-b5bf-493f-bb1c-ee5bbb1e44be,encoded@bitrate=1750_height=480,Seeking@display=sequential
encoded@bitrate=15000_height=1080,encoded@bitrate=15000_height=1080,fa4c43d0-3260-4144-aefb-de55089af488,encoded@bitrate=1750_height=480,Seeking@display=sequential
encoded@bitrate=3050_height=720,encoded@bitrate=1750_height=480,058eabcd-6fe1-4446-af05-c68fbd2bd0c6,encoded@bitrate=3050_height=720,BigBuckBunny@display=sequential
encoded@bitrate=3050_height=720,encoded@bitrate=1750_height=480,58f5993c-9061-4198-9190-1ba69c8c5bf2,encoded@bitrate=3050_height=720,BigBuckBunny@display=sequential
encoded@bitrate=3050_height=720,encoded@bitrate=1750_height=480,ed6794a4-ad11-45aa-a760-07c44352d392,encoded@bitrate=3050_height=720,BigBuckBunny@display=sequential
encoded@bitrate=3050_height=720,encoded@bitrate=1750_height=480,45c610dd-b351-487a-9dd4-b1d71de31f2c,encoded@bitrate=3050_height=720,BigBuckBunny@display=sequential
encoded@bitrate=3050_height=720,encoded@bitrate=1750_height=480,db526d68-5a49-4fa8-9c91-35aaf4685886,encoded@bitrate=3050_height=720,BigBuckBunny@display=sequential
encoded@bitrate=3050_height=720,encoded@bitrate=3050_height=720,a1e1659d-48d5-4ed4-a44f-c3f29c092682,encoded@bitrate=1750_height=480,BigBuckBunny@display=sequential
encoded@bitrate=3050_height=720,encoded@bitrate=1750_height=480,45a5d03e-bea9-4566-83cb-7256c637b0f8,encoded@bitrate=3050_height=720,BigBuckBunny@display=sequential
encoded@bitrate=3050_height=720,encoded@bitrate=1750_height=480,0e6bd588-76a1-47fe-8393-5e2f3cf4168a,encoded@bitrate=3050_height=720,BigBuckBunny@display=sequential
encoded@bitrate=1750_height=480,encoded@bitrate=3050_height=720,20004959-c8e6-47d6-83b9-05113caa2147,encoded@bitrate=1750_height=480,BigBuckBunny@display=sequential
,encoded@bitrate=1750_height=480,0441b07d-420d-4150-9b33-b41f9f87be60,encoded@bitrate=3050_height=720,BigBuckBunny@display=sequential
,original,b7e97777-2add-42f9-95bf-19529261ff45,encoded@bitrate=3050_height=720,BigBuckBunny@display=sequential
encoded@bitrate=3050_height=720,encoded@bitrate=3050_height=720,e802d7f4-170f-4b14-9db6-3528dd3b697d,original,BigBuckBunny@display=sequential
original,encoded@bitrate=3050_height=720,19e7ead1-67fa-4926-8271-f0c799875d36,original,BigBuckBunny@display=sequential
encoded@bitrate=3050_height=720,encoded@bitrate=3050_height=720,4f379e80-7986-435e-80da-90d2288a9137,original,BigBuckBunny@display=sequential
original,original,a422b10e-0b4e-4ece-89fa-850dbbcd9867,encoded@bitrate=3050_height=720,BigBuckBunny@display=sequential
,original,6c11fc1a-b4f0-4525-855f-f6a00b5409e8,encoded@bitrate=3050_height=720,BigBuckBunny@display=sequential
original,encoded@bitrate=3050_height=720,adefd39e-12cd-4c2a-aaa3-98f584c5c723,original,BigBuckBunny@display=sequential
,encoded@bitrate=3050_height=720,6b366ab5-6ec6-4700-afc7-1ae167361336,original,BigBuckBunny@display=sequential
original,encoded@bitrate=3050_height=720,a91842fe-969f-4065-af6f-8664becf98fe,original,BigBuckBunny@display=sequential
,original,413023ed-9827-460b-8769-d4497645a297,encoded@bitrate=3050_height=720,BigBuckBunny@display=sequential
,encoded@bitrate=4250_height=720,b7e97777-2add-42f9-95bf-19529261ff45,encoded@bitrate=3050_height=720,ElFuente2@display=sequential
encoded@bitrate=4250_height=720,encoded@bitrate=3050_height=720,3768d6e7-7966-4982-9ab8-ae2660e156e7,encoded@bitrate=4250_height=720,ElFuente2@display=sequential
,encoded@bitrate=4250_height=720,6b3e1fe5-2144-4a32-9c96-22e81b465526,encoded@bitrate=3050_height=720,ElFuente2@display=sequential
encoded@bitrate=4250_height=720,encoded@bitrate=3050_height=720,b33efb6e-2e53-4052-87d4-bb3557a36e88,encoded@bitrate=4250_height=720,ElFuente2@display=sequential
,encoded@bitrate=3050_height=720,e94bde4d-255d-47f6-bdbf-d781c9955022,encoded@bitrate=4250_height=720,ElFuente2@display=sequential
encoded@bitrate=4250_height=720,encoded@bitrate=4250_height=720,014398e2-d4da-4268-abcf-1761c994090f,encoded@bitrate=3050_height=720,ElFuente2@display=sequential
encoded@bitrate=4250_height=720,encoded@bitrate=3050_height=720,c2db09e2-43d0-490d-a6c8-e264533673bf,encoded@bitrate=4250_height=720,ElFuente2@display=sequential
,encoded@bitrate=3050_height=720,99743e4c-daf4-4bfa-ab87-e89131a2c8f6,encoded@bitrate=4250_height=720,ElFuente2@display=sequential
encoded@bitrate=4250_height=720,encoded@bitrate=3050_height=720,c7d09f16-7664-480c-a6c5-279f5014c143,encoded@bitrate=4250_height=720,ElFuente2@display=sequential
encoded@bitrate=3050_height=720,encoded@bitrate=3050_height=720,b30b28f7-3557-4eef-8ebe-423e04fd98e7,encoded@bitrate=4250_height=720,ElFuente2@display=sequential
encoded@bitrate=4250_height=720,encoded@bitrate=4250_height=720,630902ff-4e93-4002-a561-a300b5a42928,encoded@bitrate=550_height=384,BigBuckBunny@display=sequential
encoded@bitrate=4250_height=720,encoded@bitrate=550_height=384,210c7edb-98fa-41a6-9278-921e36d7e370,encoded@bitrate=4250_height=720,BigBuckBunny@display=sequential
encoded@bitrate=4250_height=720,encoded@bitrate=550_height=384,cb1a089e-69c8-47ac-abc5-fcd819bcb522,encoded@bitrate=4250_height=720,BigBuckBunny@display=sequential
encoded@bitrate=4250_height=720,encoded@bitrate=4250_height=720,1b59b26a-5969-49dc-b678-1d6a91bdfa3d,encoded@bitrate=550_height=384,BigBuckBunny@display=sequential
encoded@bitrate=4250_height=720,encoded@bitrate=550_height=384,ba734442-c953-48c5-a8ce-20166773bf6a,encoded@bitrate=4250_height=720,BigBuckBunny@display=sequential
encoded@bitrate=4250_height=720,encoded@bitrate=4250_height=720,74d70012-3006-4be8-92f9-a6511f1400f5,encoded@bitrate=550_height=384,BigBuckBunny@display=sequential
encoded@bitrate=4250_height=720,encoded@bitrate=550_height=384,e2e1d4a7-9934-44f8-a146-212e0c669ec9,encoded@bitrate=4250_height=720,BigBuckBunny@display=sequential
encoded@bitrate=4250_height=720,encoded@bitrate=550_height=384,6dd3a163-db41-4440-8d55-ed3d84cb78ae,encoded@bitrate=4250_height=720,BigBuckBunny@display=sequential
encoded@bitrate=4250_height=720,encoded@bitrate=4250_height=720,0d7f37d0-f53e-4a52-a78b-afc17556431e,encoded@bitrate=550_height=384,BigBuckBunny@display=sequential
encoded@bitrate=4250_height=720,encoded@bitrate=4250_height=720,9c1c0670-84be-45e4-8b42-6435e7d64c55,encoded@bitrate=550_height=384,BigBuckBunny@display=sequential
encoded@bitrate=3000_height=1080,original,3dee2c2a-d976-46be-90d7-07d0aa49c753,encoded@bitrate=3000_height=1080,BirdsInCage@display=sequential
original,encoded@bitrate=3000_height=1080,183e5378-8994-4497-ab39-a4e4efc81fbc,original,BirdsInCage@display=sequential
encoded@bitrate=3000_height=1080,original,8e45ec30-d8f0-4b0f-9d1a-95543dd2734f,encoded@bitrate=3000_height=1080,BirdsInCage@display=sequential
,encoded@bitrate=3000_height=1080,1d5750bc-8caa-403b-b8cb-7843720e4e19,original,BirdsInCage@display=sequential
original,original,db06cd08-012c-4984-9355-38a0ac42eeb1,encoded@bitrate=3000_height=1080,BirdsInCage@display=sequential
encoded@bitrate=3000_height=1080,original,9d2abd08-aa84-4b48-aeb3-697822d55fc6,encoded@bitrate=3000_height=1080,BirdsInCage@display=sequential
,encoded@bitrate=3000_height=1080,3990f74e-2af9-40f4-a1ab-1c71da94a744,original,BirdsInCage@display=sequential
original,encoded@bitrate=3000_height=1080,b1c29b25-331d-4a78-aab8-01d110fd1e92,original,BirdsInCage@display=sequential
original,encoded@bitrate=3000_height=1080,1d7e8443-fd1d-48b1-9a31-005a653ad28d,original,BirdsInCage@display=sequential
encoded@bitrate=3000_height=1080,original,551eb5b5-43a7-404e-92fb-9640959fd234,encoded@bitrate=3000_height=1080,BirdsInCage@display=sequential
encoded@bitrate=4300_height=1080,encoded@bitrate=2350_height=720,3dee2c2a-d976-46be-90d7-07d0aa49c753,encoded@bitrate=4300_height=1080,ElFuente1@display=sequential
encoded@bitrate=2350_height=720,encoded@bitrate=4300_height=1080,13e19637-8aec-4d17-8256-c1a0879440e8,encoded@bitrate=2350_height=720,ElFuente1@display=sequential
encoded@bitrate=4300_height=1080,encoded@bitrate=2350_height=720,3521500f-73a5-4c23-853b-8f0ce5b3d92f,encoded@bitrate=4300_height=1080,ElFuente1@display=sequential
encoded@bitrate=4300_height=1080,encoded@bitrate=2350_height=720,20e45293-4833-4c41-9853-2922c822270f,encoded@bitrate=4300_height=1080,ElFuente1@display=sequential
encoded@bitrate=4300_height=1080,encoded@bitrate=4300_height=1080,1a07e498-1f79-4718-99fc-3465754935aa,encoded@bitrate=2350_height=720,ElFuente1@display=sequential
encoded@bitrate=4300_height=1080,encoded@bitrate=4300_height=1080,1ca098a1-dfa3-49ff-acd7-b778c5051265,encoded@bitrate=2350_height=720,ElFuente1@display=sequential
encoded@bitrate=4300_height=1080,encoded@bitrate=2350_height=720,37ec1046-f236-4488-a333-7f304a5fdfc7,encoded@bitrate=4300_height=1080,ElFuente1@display=sequential
encoded@bitrate=4300_height=1080,encoded@bitrate=2350_height=720,33e83277-87c9-40aa-9ef4-04f73519dc05,encoded@bitrate=4300_height=1080,ElFuente1@display=sequential
encoded@bitrate=4300_height=1080,encoded@bitrate=2350_height=720,e8e0dba2-353c-4c0f-a71d-3d0341a3ddb6,encoded@bitrate=4300_height=1080,ElFuente1@display=sequential
encoded@bitrate=4300_height=1080,encoded@bitrate=4300_height=1080,5d6db2a1-c7dc-406e-b3db-75a738a9cd46,encoded@bitrate=2350_height=720,ElFuente1@display=sequential
encoded@bitrate=4300_height=1080,encoded@bitrate=3050_height=720,3dee2c2a-d976-46be-90d7-07d0aa49c753,encoded@bitrate=4300_height=1080,Seeking@display=sequential
,encoded@bitrate=3050_height=720,853100a4-1afc-4a6b-af04-44ce98e09b00,encoded@bitrate=4300_height=1080,Seeking@display=sequential
encoded@bitrate=4300_height=1080,encoded@bitrate=4300_height=1080,17d1397c-63b2-4fba-b4cd-01580d48fa8e,encoded@bitrate=3050_height=720,Seeking@display=sequential
encoded@bitrate=4300_height=1080,encoded@bitrate=4300_height=1080,1ade687b-5aca-4370-9311-b6f72528a473,encoded@bitrate=3050_height=720,Seeking@display=sequential
,encoded@bitrate=3050_height=720,2fef66bc-f9ba-4659-8710-5c4e882e66d2,encoded@bitrate=4300_height=1080,Seeking@display=sequential
encoded@bitrate=4300_height=1080,encoded@bitrate=3050_height=720,eb743109-e85a-4981-be4e-e85effa05712,encoded@bitrate=4300_height=1080,Seeking@display=sequential
encoded@bitrate=4300_height=1080,encoded@bitrate=3050_height=720,5bb6a91c-222e-469d-9d1f-6f1064a66a0a,encoded@bitrate=4300_height=1080,Seeking@display=sequential
encoded@bitrate=4300_height=1080,encoded@bitrate=3050_height=720,3f6f7d1f-5885-4133-a799-55fe9e5a3cd2,encoded@bitrate=4300_height=1080,Seeking@display=sequential
encoded@bitrate=3050_height=720,encoded@bitrate=4300_height=1080,bec08049-04b7-4efb-b381-ac88d95a053d,encoded@bitrate=3050_height=720,Seeking@display=sequential
encoded@bitrate=4300_height=1080,encoded@bitrate=4300_height=1080,705f7799-2d34-4d2e-b583-c65f61f6aa45,encoded@bitrate=3050_height=720,Seeking@display=sequential
encoded@bitrate=3000_height=1080,encoded@bitrate=1050_height=720,c5b0d22e-1cc5-4408-b4f7-e79652a808ee,encoded@bitrate=3000_height=1080,BirdsInCage@display=sequential
,encoded@bitrate=3000_height=1080,2360f12b-fd5b-4617-9fd0-5672e2a40b5d,encoded@bitrate=1050_height=720,BirdsInCage@display=sequential
encoded@bitrate=3000_height=1080,encoded@bitrate=3000_height=1080,fdd71d4d-86e1-473c-8d6a-212eac301182,encoded@bitrate=1050_height=720,BirdsInCage@display=sequential
encoded@bitrate=3000_height=1080,encoded@bitrate=3000_height=1080,de72b01b-833a-4081-8d29-5f625c2d03fb,encoded@bitrate=1050_height=720,BirdsInCage@display=sequential
encoded@bitrate=3000_height=1080,encoded@bitrate=1050_height=720,ec5fe569-3e08-47cb-aadb-ea0b09d17525,encoded@bitrate=3000_height=1080,BirdsInCage@display=sequential
encoded@bitrate=3000_height=1080,encoded@bitrate=1050_height=720,586c0410-645b-49ce-9e0c-edaf837400fa,encoded@bitrate=3000_height=1080,BirdsInCage@display=sequential
encoded@bitrate=3000_height=1080,encoded@bitrate=3000_height=1080,8edc7654-ee8d-4cb7-8342-3a3c78003044,encoded@bitrate=1050_height=720,BirdsInCage@display=sequential
,encoded@bitrate=3000_height=1080,8d34a0c1-f486-4a33-930c-2685163bcf28,encoded@bitrate=1050_height=720,BirdsInCage@display=sequential
,encoded@bitrate=3000_height=1080,04efd0f2-8204-47a7-9bcf-ec4deb076c8f,encoded@bitrate=1050_height=720,BirdsInCage@display=sequential
encoded@bitrate=3000_height=1080,encoded@bitrate=1050_height=720,fe18ed94-ebd5-49f9-a7db-04e87cb783fd,encoded@bitrate=3000_height=1080,BirdsInCage@display=sequential
,original,4d17c7e4-60bc-4e77-a3b1-31516fc353b3,encoded@bitrate=5800_height=1080,ElFuente1@display=sequential
original,encoded@bitrate=5800_height=1080,69e276e4-b0df-46a7-bc3c-07f8ef83d625,original,ElFuente1@display=sequential
original,encoded@bitrate=5800_height=1080,5296ad33-1f8c-4621-a118-721bf71af4d3,original,ElFuente1@display=sequential
original,encoded@bitrate=5800_height=1080,04ec428f-6fd5-4052-bc85-65d3a3c8eb1f,original,ElFuente1@display=sequential
original,original,e94fa128-840a-4f1c-8d0a-7e3c963a8b83,encoded@bitrate=5800_height=1080,ElFuente1@display=sequential
,encoded@bitrate=5800_height=1080,b690625f-e142-4388-b4a1-8208baee2107,original,ElFuente1@display=sequential
original,encoded@bitrate=5800_height=1080,c0f8aa5b-3cf4-493d-b074-c742adeec0bb,original,ElFuente1@display=sequential
original,encoded@bitrate=5800_height=1080,c932f144-695e-4b65-8153-5d7ba538f1b1,original,ElFuente1@display=sequential
original,encoded@bitrate=5800_height=1080,52e41e38-4c61-40bc-bb28-cafdfe4bcb7f,original,ElFuente1@display=sequential
,encoded@bitrate=5800_height=1080,7d3d38fd-547c-43c1-af86-0bc68bbb33af,original,ElFuente1@display=sequential
encoded@bitrate=5800_height=1080,encoded@bitrate=5800_height=1080,675ffd28-b178-4691-b838-a717d141848f,encoded@bitrate=1050_height=480,Seeking@display=sequential
encoded@bitrate=5800_height=1080,encoded@bitrate=1050_height=480,fd4ac2a5-2530-4db8-84d3-e33c1c638e13,encoded@bitrate=5800_height=1080,Seeking@display=sequential
encoded@bitrate=5800_height=1080,encoded@bitrate=5800_height=1080,1d5c805c-effd-4a65-8548-6d56ca4ca24c,encoded@bitrate=1050_height=480,Seeking@display=sequential
,encoded@bitrate=1050_height=480,7522b6a2-33fd-4d39-9892-118173704b57,encoded@bitrate=5800_height=1080,Seeking@display=sequential
encoded@bitrate=5800_height=1080,encoded@bitrate=1050_height=480,2ae6675c-c739-44f0-860a-11311acb04f1,encoded@bitrate=5800_height=1080,Seeking@display=sequential
encoded@bitrate=5800_height=1080,encoded@bitrate=1050_height=480,3f5f7b8c-cd59-4d11-b12e-b8f93a47cf5c,encoded@bitrate=5800_height=1080,Seeking@display=sequential
encoded@bitrate=5800_height=1080,encoded@bitrate=5800_height=1080,9bd8abfb-6a27-45ba-b7dc-35c6940c49a6,encoded@bitrate=1050_height=480,Seeking@display=sequential
encoded@bitrate=5800_height=1080,encoded@bitrate=1050_height=480,0f1643f2-3736-40f1-a861-503a0ba59cf8,encoded@bitrate=5800_height=1080,Seeking@display=sequential
encoded@bitrate=5800_height=1080,encoded@bitrate=5800_height=1080,cd3da8c8-6bd7-4717-8f4a-b136895e3626,encoded@bitrate=1050_height=480,Seeking@display=sequential
encoded@bitrate=5800_height=1080,encoded@bitrate=5800_height=1080,18c189f5-38e9-4b8a-86c0-b8b7800ea38b,encoded@bitrate=1050_height=480,Seeking@display=sequential
encoded@bitrate=1800_height=1080,encoded@bitrate=750_height=480,84a655db-ea7f-4628-a0ee-cfac0fa9c28e,encoded@bitrate=1800_height=1080,BirdsInCage@display=sequential
encoded@bitrate=1800_height=1080,encoded@bitrate=750_height=480,83d45c00-57c2-4eae-a987-5b25a951a833,encoded@bitrate=1800_height=1080,BirdsInCage@display=sequential
encoded@bitrate=1800_height=1080,encoded@bitrate=1800_height=1080,8758c6d9-ff95-4e68-834d-d2cc9e39f62c,encoded@bitrate=750_height=480,BirdsInCage@display=sequential
encoded@bitrate=1800_height=1080,encoded@bitrate=1800_height=1080,71a24918-51dc-498e-a290-b05897aeb40e,encoded@bitrate=750_height=480,BirdsInCage@display=sequential
encoded@bitrate=1800_height=1080,encoded@bitrate=1800_height=1080,ec6a0331-4b38-43ac-a93c-18edcb2a5488,encoded@bitrate=750_height=480,BirdsInCage@display=sequential
encoded@bitrate=1800_height=1080,encoded@bitrate=750_height=480,320763ff-9395-4607-b5dd-547772958a15,encoded@bitrate=1800_height=1080,BirdsInCage@display=sequential
encoded@bitrate=750_height=480,encoded@bitrate=1800_height=1080,a3d57e9a-630c-4320-8a26-435a9d86ed76,encoded@bitrate=750_height=480,BirdsInCage@display=sequential
encoded@bitrate=1800_height=1080,encoded@bitrate=1800_height=1080,21fb7d74-ce7f-4a75-bbf9-60059b82b720,encoded@bitrate=750_height=480,BirdsInCage@display=sequential
encoded@bitrate=1800_height=1080,encoded@bitrate=1800_height=1080,1d2ed32a-13f4-4021-896f-073296654209,encoded@bitrate=750_height=480,BirdsInCage@display=sequential
encoded@bitrate=1800_height=1080,encoded@bitrate=1800_height=1080,6e864a01-02fb-4ef4-8f67-60232783d138,encoded@bitrate=750_height=480,BirdsInCage@display=sequential
original,original,8ab4a29f-8839-4f93-a204-7142e13cfeed,encoded@bitrate=7500_height=1080,ElFuente1@display=sequential
original,original,851c951d-f010-47e3-9d59-56d3e0a71185,encoded@bitrate=7500_height=1080,ElFuente1@display=sequential
encoded@bitrate=7500_height=1080,original,2082be69-3d1a-46ad-b3cf-b33db5b98382,encoded@bitrate=7500_height=1080,ElFuente1@display=sequential
,encoded@bitrate=7500_height=1080,c1739819-086d-408c-b516-f05ff33ddf56,original,ElFuente1@display=sequential
original,original,84592273-be4b-4c0c-9569-ce4a9d8c0128,encoded@bitrate=7500_height=1080,ElFuente1@display=sequential
encoded@bitrate=7500_height=1080,original,c01f1046-c717-4ff9-8dad-7421859fc613,encoded@bitrate=7500_height=1080,ElFuente1@display=sequential
original,encoded@bitrate=7500_height=1080,d45350bd-1fef-4a5e-be1d-b4b2d296c441,original,ElFuente1@display=sequential
,original,31811b90-af18-4758-9253-b38578b9ed62,encoded@bitrate=7500_height=1080,ElFuente1@display=sequential
original,original,8dc48e4f-944e-46f3-b3d7-2733d875f1c5,encoded@bitrate=7500_height=1080,ElFuente1@display=sequential
original,encoded@bitrate=7500_height=1080,f41906e2-bcde-4730-a270-44ad2f2dbd45,original,ElFuente1@display=sequential
original,original,c4e9ca97-a225-4610-a601-6fb7b294f85c,encoded@bitrate=5800_height=1080,Seeking@display=sequential
encoded@bitrate=5800_height=1080,original,9d6f7ee1-e089-4410-88df-ff9fd7b07a56,encoded@bitrate=5800_height=1080,Seeking@display=sequential
original,original,6d0409d3-a58a-4600-9d50-620749517832,encoded@bitrate=5800_height=1080,Seeking@display=sequential
original,original,882969fc-cb3f-463a-ae31-0d7c32898c9f,encoded@bitrate=5800_height=1080,Seeking@display=sequential
encoded@bitrate=5800_height=1080,encoded@bitrate=5800_height=1080,ec6a0331-4b38-43ac-a93c-18edcb2a5488,original,Seeking@display=sequential
,encoded@bitrate=5800_height=1080,4bd6af01-9fac-4ed3-9eb7-a3274aeb5661,original,Seeking@display=sequential
,encoded@bitrate=5800_height=1080,53abf2c4-59eb-4444-ab2a-092449acce40,original,Seeking@display=sequential
original,encoded@bitrate=5800_height=1080,d35fe353-da0b-4b73-af6a-0993d3199c77,original,Seeking@display=sequential
encoded@bitrate=5800_height=1080,encoded@bitrate=5800_height=1080,cb1a089e-69c8-47ac-abc5-fcd819bcb522,original,Seeking@display=sequential
original,encoded@bitrate=5800_height=1080,8d8628ca-83a4-40d2-b94c-08e90b8944e4,original,Seeking@display=sequential
,encoded@bitrate=750_height=384,58202c2c-6ed0-49f9-bd1c-0ee22c7dec66,encoded@bitrate=375_height=288,ElFuente1@display=sequential
encoded@bitrate=750_height=384,encoded@bitrate=750_height=384,da85add1-f1b2-4d6c-a92c-16edac52b42b,encoded@bitrate=375_height=288,ElFuente1@display=sequential
encoded@bitrate=750_height=384,encoded@bitrate=750_height=384,15ec9909-579a-4944-b785-eeb1176c8f46,encoded@bitrate=375_height=288,ElFuente1@display=sequential
,encoded@bitrate=750_height=384,985b2187-2e8e-497a-87c3-80cdc7a2058a,encoded@bitrate=375_height=288,ElFuente1@display=sequential
encoded@bitrate=750_height=384,encoded@bitrate=750_height=384,73f3f458-e953-4612-8841-8bb1c14fd5ec,encoded@bitrate=375_height=288,ElFuente1@display=sequential
,encoded@bitrate=750_height=384,7fa97596-ab87-40b3-8e98-d7cad94abbea,encoded@bitrate=375_height=288,ElFuente1@display=sequential
,encoded@bitrate=375_height=288,4d913085-d3c6-4c34-9d18-eef3239c47cf,encoded@bitrate=750_height=384,ElFuente1@display=sequential
encoded@bitrate=375_height=288,encoded@bitrate=375_height=288,42fb1927-baf0-4108-b7ea-960028526098,encoded@bitrate=750_height=384,ElFuente1@display=sequential
,encoded@bitrate=750_height=384,5cfef51c-f7c4-4010-a911-a45be2a4d919,encoded@bitrate=375_height=288,ElFuente1@display=sequential
encoded@bitrate=750_height=384,encoded@bitrate=375_height=288,30342057-2a33-4929-ac24-d1c5f1106151,encoded@bitrate=750_height=384,ElFuente1@display=sequential
original,encoded@bitrate=375_height=288,f469abc3-589d-4d1c-965e-33a7e258ed76,original,ElFuente2@display=sequential
original,original,91e0d1d4-9f7e-4756-a50a-12bd3bbd1941,encoded@bitrate=375_height=288,ElFuente2@display=sequential
original,original,adc32989-072a-4555-a6e0-77db79cde686,encoded@bitrate=375_height=288,ElFuente2@display=sequential
original,original,b774e164-c6e9-4e95-888c-12c5e3ddb8ad,encoded@bitrate=375_height=288,ElFuente2@display=sequential
original,encoded@bitrate=375_height=288,c19a5422-36d3-49b8-b471-41caff52a8dc,original,ElFuente2@display=sequential
original,original,9280e338-65c6-4436-b3ea-a9ea8eda154f,encoded@bitrate=375_height=288,ElFuente2@display=sequential
original,encoded@bitrate=375_height=288,4a2d56ff-0393-4f08-9121-e22c41b4c51f,original,ElFuente2@display=sequential
original,encoded@bitrate=375_height=288,003d62a2-e400-4a0d-8dc3-7805faeb9a7b,original,ElFuente2@display=sequential
original,encoded@bitrate=375_height=288,06f4f549-d726-40a1-a4aa-bdd0fafdf36d,original,ElFuente2@display=sequential
original,original,a7cb4167-b9d3-436d-a9d0-8bf14c40f7ac,encoded@bitrate=375_height=288,ElFuente2@display=sequential
encoded@bitrate=4300_height=1080,encoded@bitrate=750_height=384,003d62a2-e400-4a0d-8dc3-7805faeb9a7b,encoded@bitrate=4300_height=1080,BigBuckBunny@display=sequential
encoded@bitrate=4300_height=1080,encoded@bitrate=4300_height=1080,90a1f959-74de-464b-b771-c1bf4d8e011c,encoded@bitrate=750_height=384,BigBuckBunny@display=sequential
encoded@bitrate=4300_height=1080,encoded@bitrate=750_height=384,bd86f5f7-6fbd-4680-a9d5-5a34f343eba2,encoded@bitrate=4300_height=1080,BigBuckBunny@display=sequential
encoded@bitrate=4300_height=1080,encoded@bitrate=750_height=384,7a541b70-1d9e-4eb0-898c-811d92959d4e,encoded@bitrate=4300_height=1080,BigBuckBunny@display=sequential
encoded@bitrate=4300_height=1080,encoded@bitrate=750_height=384,9980f22a-f115-45f1-b3a2-d12fd0dd8cf1,encoded@bitrate=4300_height=1080,BigBuckBunny@display=sequential
encoded@bitrate=4300_height=1080,encoded@bitrate=750_height=384,53466a3c-2c62-4717-b913-22fec5e4d2d9,encoded@bitrate=4300_height=1080,BigBuckBunny@display=sequential
encoded@bitrate=4300_height=1080,encoded@bitrate=750_height=384,3da1d186-8e8c-4453-85b7-68f16823be0c,encoded@bitrate=4300_height=1080,BigBuckBunny@display=sequential
encoded@bitrate=4300_height=1080,encoded@bitrate=750_height=384,b0d86c37-1389-480f-862e-828f0e6376a5,encoded@bitrate=4300_height=1080,BigBuckBunny@display=sequential
encoded@bitrate=4300_height=1080,encoded@bitrate=4300_height=1080,96c12748-598a-4c44-85ec-d5f3eafc8b88,encoded@bitrate=750_height=384,BigBuckBunny@display=sequential
encoded@bitrate=4300_height=1080,encoded@bitrate=750_height=384,97e1763f-e2a6-4c83-a1cd-6cc36cd155bf,encoded@bitrate=4300_height=1080,BigBuckBunny@display=sequential
encoded@bitrate=750_height=480,encoded@bitrate=750_height=480,6e864a01-02fb-4ef4-8f67-60232783d138,encoded@bitrate=375_height=288,OldTownCross@display=sequential
encoded@bitrate=750_height=480,encoded@bitrate=375_height=288,6d66f594-4737-4487-b592-d48f77080be2,encoded@bitrate=750_height=480,OldTownCross@display=sequential
encoded@bitrate=750_height=480,encoded@bitrate=750_height=480,a5d75ac5-07f5-4c4c-bf5f-671d657d60b5,encoded@bitrate=375_height=288,OldTownCross@display=sequential
encoded@bitrate=750_height=480,encoded@bitrate=750_height=480,596a4e13-7796-4561-90a1-76039346e88a,encoded@bitrate=375_height=288,OldTownCross@display=sequential
encoded@bitrate=750_height=480,encoded@bitrate=750_height=480,222b099d-9a10-42b8-886d-9a79c05de256,encoded@bitrate=375_height=288,OldTownCross@display=sequential
encoded@bitrate=750_height=480,encoded@bitrate=750_height=480,a1fd54d6-0aeb-4802-a1a9-b0e31ab0ad36,encoded@bitrate=375_height=288,OldTownCross@display=sequential
encoded@bitrate=750_height=480,encoded@bitrate=375_height=288,003d62a2-e400-4a0d-8dc3-7805faeb9a7b,encoded@bitrate=750_height=480,OldTownCross@display=sequential
encoded@bitrate=750_height=480,encoded@bitrate=750_height=480,32899118-d8fd-46ad-b83a-9e8ce0bdc1c7,encoded@bitrate=375_height=288,OldTownCross@display=sequential
encoded@bitrate=750_height=480,encoded@bitrate=750_height=480,0282e284-6075-4272-8e47-0514da6c0239,encoded@bitrate=375_height=288,OldTownCross@display=sequential
encoded@bitrate=750_height=480,encoded@bitrate=750_height=480,7de80bf2-500e-478d-af55-ba3cd4f18a29,encoded@bitrate=375_height=288,OldTownCross@display=sequential
encoded@bitrate=3800_height=1080,encoded@bitrate=1050_height=480,07378324-0772-4f67-aee2-23bc754f81b6,encoded@bitrate=3800_height=1080,BigBuckBunny@display=sequential
encoded@bitrate=3800_height=1080,encoded@bitrate=1050_height=480,fc6ca1a9-48a6-41d5-b5ca-d7fa40d1a43e,encoded@bitrate=3800_height=1080,BigBuckBunny@display=sequential
encoded@bitrate=3800_height=1080,encoded@bitrate=1050_height=480,1fbd93ac-8eb8-4d25-8246-22f21c4c0993,encoded@bitrate=3800_height=1080,BigBuckBunny@display=sequential
,encoded@bitrate=3800_height=1080,676769ee-ffa7-4de5-81aa-002ebbd70d74,encoded@bitrate=1050_height=480,BigBuckBunny@display=sequential
encoded@bitrate=3800_height=1080,encoded@bitrate=3800_height=1080,fb99a2e3-6eef-43f1-9bb6-9d2a39a89d68,encoded@bitrate=1050_height=480,BigBuckBunny@display=sequential
encoded@bitrate=3800_height=1080,encoded@bitrate=1050_height=480,a939f7f9-e165-4264-99f1-558f02f6b709,encoded@bitrate=3800_height=1080,BigBuckBunny@display=sequential
encoded@bitrate=3800_height=1080,encoded@bitrate=3800_height=1080,feabc2a1-9004-4146-acc3-3609cc50300a,encoded@bitrate=1050_height=480,BigBuckBunny@display=sequential
encoded@bitrate=3800_height=1080,encoded@bitrate=1050_height=480,b1c29b25-331d-4a78-aab8-01d110fd1e92,encoded@bitrate=3800_height=1080,BigBuckBunny@display=sequential
encoded@bitrate=3800_height=1080,encoded@bitrate=3800_height=1080,eb42ae7c-e7ca-4b07-b2f1-d5d1b93224e7,encoded@bitrate=1050_height=480,BigBuckBunny@display=sequential
encoded@bitrate=3800_height=1080,encoded@bitrate=1050_height=480,f0f94ac1-9151-4b66-acb1-542e28570e3e,encoded@bitrate=3800_height=1080,BigBuckBunny@display=sequential
encoded@bitrate=2950_height=720,encoded@bitrate=2950_height=720,07378324-0772-4f67-aee2-23bc754f81b6,encoded@bitrate=750_height=480,OldTownCross@display=sequential
encoded@bitrate=2950_height=720,encoded@bitrate=750_height=480,aef6f382-f636-4b40-bc86-864837bb4fa3,encoded@bitrate=2950_height=720,OldTownCross@display=sequential
encoded@bitrate=2950_height=720,encoded@bitrate=2950_height=720,11310c79-0068-4f33-a341-a8ddbb36beb9,encoded@bitrate=750_height=480,OldTownCross@display=sequential
encoded@bitrate=2950_height=720,encoded@bitrate=2950_height=720,391d7919-cc5f-4309-81f6-ce6cfc04a7bc,encoded@bitrate=750_height=480,OldTownCross@display=sequential
encoded@bitrate=2950_height=720,encoded@bitrate=2950_height=720,79595a55-109b-463a-9dc6-18a2c47dda3b,encoded@bitrate=750_height=480,OldTownCross@display=sequential
,encoded@bitrate=750_height=480,2a501377-6471-4b25-8716-04c3807bc81d,encoded@bitrate=2950_height=720,OldTownCross@display=sequential
encoded@bitrate=2950_height=720,encoded@bitrate=750_height=480,749cdf5a-d0cf-43c0-bdbe-6f69f45840d0,encoded@bitrate=2950_height=720,OldTownCross@display=sequential
encoded@bitrate=2950_height=720,encoded@bitrate=2950_height=720,67ae0f79-04ba-4a89-867a-2b136e9aca56,encoded@bitrate=750_height=480,OldTownCross@display=sequential
,encoded@bitrate=750_height=480,b93642b3-a858-453c-b8e3-9cd43fc58f9e,encoded@bitrate=2950_height=720,OldTownCross@display=sequential
encoded@bitrate=2950_height=720,encoded@bitrate=750_height=480,88da8301-e4b8-4cae-a783-ce505f802cbd,encoded@bitrate=2950_height=720,OldTownCross@display=sequential
,encoded@bitrate=550_height=288,07378324-0772-4f67-aee2-23bc754f81b6,encoded@bitrate=750_height=384,BirdsInCage@display=sequential
encoded@bitrate=750_height=384,encoded@bitrate=750_height=384,a6dad7bb-8836-4103-9511-d77c49ea02c9,encoded@bitrate=550_height=288,BirdsInCage@display=sequential
,encoded@bitrate=550_height=288,8445dda7-8d95-449d-8c54-8e2591a8e364,encoded@bitrate=750_height=384,BirdsInCage@display=sequential
,encoded@bitrate=750_height=384,d10debac-78f1-47fd-b639-dd0a767a2115,encoded@bitrate=550_height=288,BirdsInCage@display=sequential
,encoded@bitrate=550_height=288,09313056-ebad-4866-92f8-0be6160820e5,encoded@bitrate=750_height=384,BirdsInCage@display=sequential
encoded@bitrate=750_height=384,encoded@bitrate=750_height=384,ddcfd680-b0b1-4163-af51-6bc0fbc21a5f,encoded@bitrate=550_height=288,BirdsInCage@display=sequential
encoded@bitrate=550_height=288,encoded@bitrate=750_height=384,9bf342e3-6f22-490b-b00b-372d2a7d8199,encoded@bitrate=550_height=288,BirdsInCage@display=sequential
encoded@bitrate=750_height=384,encoded@bitrate=750_height=384,c06fa6f7-ddd2-43d1-96e0-1284e8008c14,encoded@bitrate=550_height=288,BirdsInCage@display=sequential
encoded@bitrate=750_height=384,encoded@bitrate=750_height=384,3d7aafda-1c1e-45bc-9428-96ed6bdab751,encoded@bitrate=550_height=288,BirdsInCage@display=sequential
encoded@bitrate=750_height=384,encoded@bitrate=750_height=384,fbf0e732-933c-4026-87b1-d49c6106ccf3,encoded@bitrate=550_height=288,BirdsInCage@display=sequential
encoded@bitrate=4300_height=1080,encoded@bitrate=1750_height=480,3febb924-5622-4d83-b36c-f2213c3f5117,encoded@bitrate=4300_height=1080,ElFuente1@display=sequential
encoded@bitrate=1750_height=480,encoded@bitrate=4300_height=1080,cd178ccf-f697-4b60-8cc6-5b0d63a920a1,encoded@bitrate=1750_height=480,ElFuente1@display=sequential
encoded@bitrate=4300_height=1080,encoded@bitrate=1750_height=480,2373027a-04a9-4d76-b084-f53e20ed3cf4,encoded@bitrate=4300_height=1080,ElFuente1@display=sequential
encoded@bitrate=4300_height=1080,encoded@bitrate=1750_height=480,58a49050-238b-432e-afa5-5ecb7c8183cb,encoded@bitrate=4300_height=1080,ElFuente1@display=sequential
encoded@bitrate=4300_height=1080,encoded@bitrate=1750_height=480,1642079d-acaa-48c5-a13e-413c3f8bdc04,encoded@bitrate=4300_height=1080,ElFuente1@display=sequential
encoded@bitrate=1750_height=480,encoded@bitrate=4300_height=1080,adc32989-072a-4555-a6e0-77db79cde686,encoded@bitrate=1750_height=480,ElFuente1@display=sequential
,encoded@bitrate=4300_height=1080,cd4297f0-57ec-486e-957b-ef09e8de0607,encoded@bitrate=1750_height=480,ElFuente1@display=sequential
encoded@bitrate=4300_height=1080,encoded@bitrate=1750_height=480,ca15c732-cfca-497b-90c1-3f5fbb0dd541,encoded@bitrate=4300_height=1080,ElFuente1@display=sequential
,encoded@bitrate=1750_height=480,a8a6721b-be7d-42a3-ad63-ad07d8be7093,encoded@bitrate=4300_height=1080,ElFuente1@display=sequential
encoded@bitrate=4300_height=1080,encoded@bitrate=1750_height=480,6a5c53fc-4f8c-4abf-97c1-466f1f6c1023,encoded@bitrate=4300_height=1080,ElFuente1@display=sequential
encoded@bitrate=550_height=288,encoded@bitrate=550_height=288,adc32989-072a-4555-a6e0-77db79cde686,original,BirdsInCage@display=sequential
original,encoded@bitrate=550_height=288,3fd0c9c3-2630-4b2e-97a2-a5d53a98bd58,original,BirdsInCage@display=sequential
original,original,6d22f6aa-ae59-40dc-8725-da821af52e48,encoded@bitrate=550_height=288,BirdsInCage@display=sequential
original,original,87fef6f6-df52-49c0-89da-106af9527b46,encoded@bitrate=550_height=288,BirdsInCage@display=sequential
original,encoded@bitrate=550_height=288,ba2e8111-193c-4c3d-8d6a-70f8f72bbea2,original,BirdsInCage@display=sequential
original,original,6a664ca8-5192-4d54-b58b-519e2a07a482,encoded@bitrate=550_height=288,BirdsInCage@display=sequential
original,original,8ca53498-0bb4-4db3-a610-fdc0cfa8e85a,encoded@bitrate=550_height=288,BirdsInCage@display=sequential
original,original,0c75abcc-e4e8-4fe8-a620-ebbcb3acef55,encoded@bitrate=550_height=288,BirdsInCage@display=sequential
original,original,6b443695-605c-4b3e-ad5c-4504b6a4935b,encoded@bitrate=550_height=288,BirdsInCage@display=sequential
original,original,6dd0be1d-e48a-44f8-ae1e-f6387437d5dd,encoded@bitrate=550_height=288,BirdsInCage@display=sequential
encoded@bitrate=7500_height=1080,encoded@bitrate=2350_height=720,a6dad7bb-8836-4103-9511-d77c49ea02c9,encoded@bitrate=7500_height=1080,ElFuente1@display=sequential
encoded@bitrate=7500_height=1080,encoded@bitrate=7500_height=1080,22b9b2b6-adf7-4210-973c-0023762b22b7,encoded@bitrate=2350_height=720,ElFuente1@display=sequential
,encoded@bitrate=2350_height=720,84ef6bb8-cb60-4e35-94ee-4f6eb5bac7a4,encoded@bitrate=7500_height=1080,ElFuente1@display=sequential
encoded@bitrate=7500_height=1080,encoded@bitrate=7500_height=1080,3ae937fd-57fd-4920-85e7-0a88238197d1,encoded@bitrate=2350_height=720,ElFuente1@display=sequential
,encoded@bitrate=2350_height=720,086d0330-b9c6-4f82-a316-35e94ab7a6a7,encoded@bitrate=7500_height=1080,ElFuente1@display=sequential
encoded@bitrate=7500_height=1080,encoded@bitrate=7500_height=1080,e2ef8b3c-8f6b-4998-b6a9-acd51651099f,encoded@bitrate=2350_height=720,ElFuente1@display=sequential
encoded@bitrate=7500_height=1080,encoded@bitrate=2350_height=720,48b0ecc7-6a07-4117-a6a2-e7e762ff7646,encoded@bitrate=7500_height=1080,ElFuente1@display=sequential
encoded@bitrate=7500_height=1080,encoded@bitrate=2350_height=720,2e79172f-46f4-4734-ae33-91f9f5c22bbf,encoded@bitrate=7500_height=1080,ElFuente1@display=sequential
encoded@bitrate=7500_height=1080,encoded@bitrate=7500_height=1080,67ca9cde-86c8-4ddb-890a-128b94e38020,encoded@bitrate=2350_height=720,ElFuente1@display=sequential
encoded@bitrate=7500_height=1080,encoded@bitrate=7500_height=1080,7789925c-d537-4f98-b572-c50cc53b8114,encoded@bitrate=2350_height=720,ElFuente1@display=sequential
original,encoded@bitrate=750_height=480,b4e1fa11-f8c7-4c37-91e5-ab34c817ae12,original,OldTownCross@display=sequential
original,encoded@bitrate=750_height=480,014dfed2-414d-42a6-97cc-34e25f02feec,original,OldTownCross@display=sequential
original,encoded@bitrate=750_height=480,99d9d038-42e4-4055-a1db-51c247b52d8c,original,OldTownCross@display=sequential
original,encoded@bitrate=750_height=480,45dbc247-317c-43c0-b2b1-effff92bd167,original,OldTownCross@display=sequential
original,encoded@bitrate=750_height=480,69e276e4-b0df-46a7-bc3c-07f8ef83d625,original,OldTownCross@display=sequential
original,original,635554c5-d17c-4fc7-a61e-7d792f8ec3c8,encoded@bitrate=750_height=480,OldTownCross@display=sequential
original,original,fb0e1f06-4470-4634-afee-196d114b43b6,encoded@bitrate=750_height=480,OldTownCross@display=sequential
original,encoded@bitrate=750_height=480,a83953f0-5996-451a-9eaa-44ee8adcc8e8,original,OldTownCross@display=sequential
original,encoded@bitrate=750_height=480,09313056-ebad-4866-92f8-0be6160820e5,original,OldTownCross@display=sequential
original,original,ca65c3a0-fb0a-4804-a1b4-2f35acc5b559,encoded@bitrate=750_height=480,OldTownCross@display=sequential
encoded@bitrate=15000_height=1080,encoded@bitrate=15000_height=1080,a83953f0-5996-451a-9eaa-44ee8adcc8e8,encoded@bitrate=4250_height=720,ElFuente2@display=sequential
encoded@bitrate=15000_height=1080,encoded@bitrate=15000_height=1080,c1345d78-3ad8-4f4a-8031-beffe95a18af,encoded@bitrate=4250_height=720,ElFuente2@display=sequential
encoded@bitrate=15000_height=1080,encoded@bitrate=15000_height=1080,a22cb552-73fd-4bba-b020-6878660bd0d4,encoded@bitrate=4250_height=720,ElFuente2@display=sequential
,encoded@bitrate=15000_height=1080,b690625f-e142-4388-b4a1-8208baee2107,encoded@bitrate=4250_height=720,ElFuente2@display=sequential
encoded@bitrate=15000_height=1080,encoded@bitrate=4250_height=720,8d17603d-66f1-4773-afa0-a9d1c2441752,encoded@bitrate=15000_height=1080,ElFuente2@display=sequential
,encoded@bitrate=4250_height=720,05bbbdbc-3637-4492-9d38-a5af08b94693,encoded@bitrate=15000_height=1080,ElFuente2@display=sequential
encoded@bitrate=15000_height=1080,encoded@bitrate=4250_height=720,f60a36aa-458a-4e8d-a50a-4a398ad38cb2,encoded@bitrate=15000_height=1080,ElFuente2@display=sequential
encoded@bitrate=15000_height=1080,encoded@bitrate=4250_height=720,e58844a6-5ea7-4ff9-84af-63ca198af1e2,encoded@bitrate=15000_height=1080,ElFuente2@display=sequential
encoded@bitrate=15000_height=1080,encoded@bitrate=15000_height=1080,6aa8af2c-3dd4-497b-a3fe-7c0f81f96f4a,encoded@bitrate=4250_height=720,ElFuente2@display=sequential
encoded@bitrate=15000_height=1080,encoded@bitrate=4250_height=720,dd499e6e-bc1b-4090-a03c-6f903502c697,encoded@bitrate=15000_height=1080,ElFuente2@display=sequential
encoded@bitrate=20000_height=1080,encoded@bitrate=3050_height=720,58a466cc-6ddb-4014-a5cc-732e55706d9a,encoded@bitrate=20000_height=1080,ElFuente2@display=sequential
encoded@bitrate=20000_height=1080,encoded@bitrate=3050_height=720,781e5bd3-5a30-4643-8e93-d43670ab3790,encoded@bitrate=20000_height=1080,ElFuente2@display=sequential
encoded@bitrate=20000_height=1080,encoded@bitrate=20000_height=1080,d7b86eaa-b11f-4bf4-ba01-62352ea7ae97,encoded@bitrate=3050_height=720,ElFuente2@display=sequential
encoded@bitrate=20000_height=1080,encoded@bitrate=3050_height=720,8a46bc78-31c5-412e-82cb-6ace35e90b6b,encoded@bitrate=20000_height=1080,ElFuente2@display=sequential
encoded@bitrate=20000_height=1080,encoded@bitrate=20000_height=1080,d7bac6c1-397b-40c6-9c43-ed999836f813,encoded@bitrate=3050_height=720,ElFuente2@display=sequential
encoded@bitrate=20000_height=1080,encoded@bitrate=20000_height=1080,a16b67db-f08d-44c6-8b9c-e326911ad68f,encoded@bitrate=3050_height=720,ElFuente2@display=sequential
encoded@bitrate=20000_height=1080,encoded@bitrate=20000_height=1080,629ac0f2-f93c-4562-87e2-83e91c83e632,encoded@bitrate=3050_height=720,ElFuente2@display=sequential
encoded@bitrate=20000_height=1080,encoded@bitrate=3050_height=720,0111d895-f938-4921-8210-3201f559f616,encoded@bitrate=20000_height=1080,ElFuente2@display=sequential
encoded@bitrate=20000_height=1080,encoded@bitrate=3050_height=720,1d47d828-0a6c-45f0-9598-2a1b328ea583,encoded@bitrate=20000_height=1080,ElFuente2@display=sequential
,encoded@bitrate=3050_height=720,bc998eae-55a0-4a74-80a8-20a27838be1a,encoded@bitrate=20000_height=1080,ElFuente2@display=sequential
original,encoded@bitrate=1050_height=480,58a466cc-6ddb-4014-a5cc-732e55706d9a,original,BigBuckBunny@display=sequential
original,original,f8bdbf2b-56fa-42ce-bc56-3bea94e0d7cb,encoded@bitrate=1050_height=480,BigBuckBunny@display=sequential
original,original,ce8245a5-280a-422c-b0dd-f82448221858,encoded@bitrate=1050_height=480,BigBuckBunny@display=sequential
original,original,81e4e011-635e-4e0c-84b4-cee59fe25ed0,encoded@bitrate=1050_height=480,BigBuckBunny@display=sequential
original,encoded@bitrate=1050_height=480,73947d9a-9287-4e35-bee3-93d830c0fa0a,original,BigBuckBunny@display=sequential
original,encoded@bitrate=1050_height=480,d9b5fc53-9935-4007-bdae-6fa5e7e7fc92,original,BigBuckBunny@display=sequential
original,encoded@bitrate=1050_height=480,0c330943-51a6-42cd-bb7a-12e199b3cb90,original,BigBuckBunny@display=sequential
,original,e0c67370-cb8d-4fb4-b6e8-e967e9d4da10,encoded@bitrate=1050_height=480,BigBuckBunny@display=sequential
,original,77d2ccfb-ea78-4f68-bea0-064eb802d8b9,encoded@bitrate=1050_height=480,BigBuckBunny@display=sequential
original,original,7e7a3e3d-6238-4765-b6a4-3babc94d94ec,encoded@bitrate=1050_height=480,BigBuckBunny@display=sequential
,encoded@bitrate=1750_height=480,f9017240-e499-42f6-85ae-673f751f0c38,encoded@bitrate=4300_height=1080,ElFuente2@display=sequential
,encoded@bitrate=1750_height=480,9f68eedf-f31c-451d-a986-2a8f55f28aa4,encoded@bitrate=4300_height=1080,ElFuente2@display=sequential
encoded@bitrate=4300_height=1080,encoded@bitrate=4300_height=1080,8f75f8b3-15e6-4e03-855b-627f9aee47aa,encoded@bitrate=1750_height=480,ElFuente2@display=sequential
encoded@bitrate=1750_height=480,encoded@bitrate=4300_height=1080,87becdf0-b143-4d89-af46-118582383619,encoded@bitrate=1750_height=480,ElFuente2@display=sequential
encoded@bitrate=4300_height=1080,encoded@bitrate=1750_height=480,9a03424d-ff0b-41dc-8c67-620dd10a5d75,encoded@bitrate=4300_height=1080,ElFuente2@display=sequential
encoded@bitrate=1750_height=480,encoded@bitrate=1750_height=480,993fa71c-3dd5-4651-b910-2ea0d14b3621,encoded@bitrate=4300_height=1080,ElFuente2@display=sequential
,encoded@bitrate=1750_height=480,6929c469-fe35-443d-a2ef-95c2eea44139,encoded@bitrate=4300_height=1080,ElFuente2@display=sequential
encoded@bitrate=4300_height=1080,encoded@bitrate=4300_height=1080,4a0a8685-4887-49fe-b267-09c0f3258c10,encoded@bitrate=1750_height=480,ElFuente2@display=sequential
encoded@bitrate=4300_height=1080,encoded@bitrate=1750_height=480,cd93290d-ba13-4799-b353-1cd2be21562b,encoded@bitrate=4300_height=1080,ElFuente2@display=sequential
encoded@bitrate=4300_height=1080,encoded@bitrate=4300_height=1080,fbf0e732-933c-4026-87b1-d49c6106ccf3,encoded@bitrate=1750_height=480,ElFuente2@display=sequential
encoded@bitrate=15000_height=1080,encoded@bitrate=15000_height=1080,a464bb39-1622-4a87-b812-7b328917ca19,encoded@bitrate=3050_height=720,Seeking@display=sequential
encoded@bitrate=15000_height=1080,encoded@bitrate=15000_height=1080,ab8731a7-c17c-49d1-881c-ab56930ea3e4,encoded@bitrate=3050_height=720,Seeking@display=sequential
encoded@bitrate=15000_height=1080,encoded@bitrate=3050_height=720,a07f105d-b327-4e67-a324-e213ab12c547,encoded@bitrate=15000_height=1080,Seeking@display=sequential
encoded@bitrate=15000_height=1080,encoded@bitrate=15000_height=1080,6d22f6aa-ae59-40dc-8725-da821af52e48,encoded@bitrate=3050_height=720,Seeking@display=sequential
encoded@bitrate=15000_height=1080,encoded@bitrate=3050_height=720,56755160-bea5-4805-81da-59fc5cab28ad,encoded@bitrate=15000_height=1080,Seeking@display=sequential
,encoded@bitrate=3050_height=720,7e54f228-a645-4144-a294-2ee406582705,encoded@bitrate=15000_height=1080,Seeking@display=sequential
encoded@bitrate=15000_height=1080,encoded@bitrate=3050_height=720,48f844e9-7586-4d74-aa4f-ea6cc7b0f7e5,encoded@bitrate=15000_height=1080,Seeking@display=sequential
encoded@bitrate=15000_height=1080,encoded@bitrate=3050_height=720,61d2eaea-5d9d-432f-9d2b-228e869edc47,encoded@bitrate=15000_height=1080,Seeking@display=sequential
encoded@bitrate=15000_height=1080,encoded@bitrate=3050_height=720,b8f7524b-817c-41cc-8cf3-2f9e4053b9ac,encoded@bitrate=15000_height=1080,Seeking@display=sequential
encoded@bitrate=15000_height=1080,encoded@bitrate=3050_height=720,7f3041e3-410f-4d6c-bbe7-88fa3f554f22,encoded@bitrate=15000_height=1080,Seeking@display=sequential
,encoded@bitrate=750_height=384,cb0a599b-6c54-4c99-88b5-bdf49ce83f3d,encoded@bitrate=750_height=480,FoxBird@display=sequential
encoded@bitrate=750_height=480,encoded@bitrate=750_height=480,95a42d41-dfc0-4ddf-ae33-f22f4f4f7632,encoded@bitrate=750_height=384,FoxBird@display=sequential
encoded@bitrate=750_height=480,encoded@bitrate=750_height=480,f006a370-cff3-4e73-a6dc-4bded3fe0f75,encoded@bitrate=750_height=384,FoxBird@display=sequential
encoded@bitrate=750_height=480,encoded@bitrate=750_height=480,397001a4-5eb9-437f-ad18-41f87dace59c,encoded@bitrate=750_height=384,FoxBird@display=sequential
,encoded@bitrate=750_height=384,55475eab-a988-4f0c-a896-9786f795968b,encoded@bitrate=750_height=480,FoxBird@display=sequential
encoded@bitrate=750_height=480,encoded@bitrate=750_height=384,9d199c7e-9811-4344-b93f-7cc29ae8e563,encoded@bitrate=750_height=480,FoxBird@display=sequential
,encoded@bitrate=750_height=480,d0ff0cee-967d-4b1f-8398-f805a1c309bb,encoded@bitrate=750_height=384,FoxBird@display=sequential
,encoded@bitrate=750_height=480,d7668104-cefe-4f34-ad17-149c4cbe34b1,encoded@bitrate=750_height=384,FoxBird@display=sequential
encoded@bitrate=750_height=480,encoded@bitrate=750_height=384,15db2e4a-2144-4d8c-a36f-2997208a1f4f,encoded@bitrate=750_height=480,FoxBird@display=sequential
encoded@bitrate=750_height=480,encoded@bitrate=750_height=384,fe48c6cf-dfb4-488e-9109-98fb8ec7c909,encoded@bitrate=750_height=480,FoxBird@display=sequential
encoded@bitrate=1750_height=480,encoded@bitrate=5800_height=1080,470de4d5-fd31-4124-92aa-e5d4b85b5782,encoded@bitrate=1750_height=480,FoxBird@display=sequential
encoded@bitrate=5800_height=1080,encoded@bitrate=1750_height=480,b90ac04a-b62e-44db-989d-a35bdf9a6344,encoded@bitrate=5800_height=1080,FoxBird@display=sequential
encoded@bitrate=5800_height=1080,encoded@bitrate=1750_height=480,78448630-72f5-4556-84ab-a02e39a647b6,encoded@bitrate=5800_height=1080,FoxBird@display=sequential
encoded@bitrate=5800_height=1080,encoded@bitrate=5800_height=1080,c07bc56b-eae7-49b2-bab4-79cd32536be2,encoded@bitrate=1750_height=480,FoxBird@display=sequential
encoded@bitrate=5800_height=1080,encoded@bitrate=1750_height=480,da0b33d7-d588-4595-b322-5d8c898978e4,encoded@bitrate=5800_height=1080,FoxBird@display=sequential
encoded@bitrate=5800_height=1080,encoded@bitrate=1750_height=480,eda8b60b-5b21-467d-9233-b9c8379a3a30,encoded@bitrate=5800_height=1080,FoxBird@display=sequential
encoded@bitrate=5800_height=1080,encoded@bitrate=5800_height=1080,7cee5dec-b3f6-4b77-9f58-36202fc71af5,encoded@bitrate=1750_height=480,FoxBird@display=sequential
,encoded@bitrate=5800_height=1080,64472def-2740-415f-828a-17a7931c64a8,encoded@bitrate=1750_height=480,FoxBird@display=sequential
encoded@bitrate=5800_height=1080,encoded@bitrate=1750_height=480,7e7c71d5-29cf-4dc2-b67b-49a564dcb072,encoded@bitrate=5800_height=1080,FoxBird@display=sequential
encoded@bitrate=5800_height=1080,encoded@bitrate=1750_height=480,92618dab-00d8-4abd-ac31-f37ac2df1d55,encoded@bitrate=5800_height=1080,FoxBird@display=sequential
encoded@bitrate=2350_height=720,encoded@bitrate=750_height=480,7ccb0da3-b717-4245-9daa-e5860aaaaca6,encoded@bitrate=2350_height=720,OldTownCross@display=sequential
encoded@bitrate=750_height=480,encoded@bitrate=2350_height=720,fa18eb5e-4ada-462b-90a4-8d7624505663,encoded@bitrate=750_height=480,OldTownCross@display=sequential
encoded@bitrate=2350_height=720,encoded@bitrate=2350_height=720,a013f115-1c9c-4d46-85b2-9e4c2673ab14,encoded@bitrate=750_height=480,OldTownCross@display=sequential
encoded@bitrate=2350_height=720,encoded@bitrate=2350_height=720,66b9e1ca-7be6-469d-881b-e3433a746220,encoded@bitrate=750_height=480,OldTownCross@display=sequential
encoded@bitrate=2350_height=720,encoded@bitrate=2350_height=720,65392d93-283c-4079-b9ae-ce016ea883f6,encoded@bitrate=750_height=480,OldTownCross@display=sequential
encoded@bitrate=2350_height=720,encoded@bitrate=750_height=480,0577b759-dc16-4e43-be93-2041e7934891,encoded@bitrate=2350_height=720,OldTownCross@display=sequential
encoded@bitrate=2350_height=720,encoded@bitrate=2350_height=720,16145d50-23f3-421b-8b7c-1f8e6a45b00e,encoded@bitrate=750_height=480,OldTownCross@display=sequential
encoded@bitrate=2350_height=720,encoded@bitrate=750_height=480,31e37061-1d48-4b7e-801d-b43f7c932cf2,encoded@bitrate=2350_height=720,OldTownCross@display=sequential
encoded@bitrate=2350_height=720,encoded@bitrate=2350_height=720,74cc3f67-0c1c-46ee-aa87-d1092bf64bb4,encoded@bitrate=750_height=480,OldTownCross@display=sequential
encoded@bitrate=2350_height=720,encoded@bitrate=2350_height=720,d445a949-d7c2-4196-b6a8-50cf9b19cc10,encoded@bitrate=750_height=480,OldTownCross@display=sequential
encoded@bitrate=5800_height=1080,encoded@bitrate=3800_height=1080,105b98fb-1f96-406b-b05f-11ca59ac217d,encoded@bitrate=5800_height=1080,BigBuckBunny@display=sequential
,encoded@bitrate=3800_height=1080,9f68eedf-f31c-451d-a986-2a8f55f28aa4,encoded@bitrate=5800_height=1080,BigBuckBunny@display=sequential
encoded@bitrate=5800_height=1080,encoded@bitrate=3800_height=1080,fe48c6cf-dfb4-488e-9109-98fb8ec7c909,encoded@bitrate=5800_height=1080,BigBuckBunny@display=sequential
,encoded@bitrate=5800_height=1080,2edf4337-6b67-4ab1-b75b-8f5d88a140ad,encoded@bitrate=3800_height=1080,BigBuckBunny@display=sequential
encoded@bitrate=5800_height=1080,encoded@bitrate=5800_height=1080,e886d720-6d96-44b4-a38f-ef52c0aea62d,encoded@bitrate=3800_height=1080,BigBuckBunny@display=sequential
,encoded@bitrate=3800_height=1080,ed2ad2a1-7e3b-4113-a49a-dfecffee3e57,encoded@bitrate=5800_height=1080,BigBuckBunny@display=sequential
encoded@bitrate=3800_height=1080,encoded@bitrate=5800_height=1080,efec50c6-91a7-440c-9aea-465ed22f7ea8,encoded@bitrate=3800_height=1080,BigBuckBunny@display=sequential
,encoded@bitrate=5800_height=1080,47bc558e-26ee-49db-8c60-121b90b84188,encoded@bitrate=3800_height=1080,BigBuckBunny@display=sequential
encoded@bitrate=3800_height=1080,encoded@bitrate=5800_height=1080,cd3da8c8-6bd7-4717-8f4a-b136895e3626,encoded@bitrate=3800_height=1080,BigBuckBunny@display=sequential
,encoded@bitrate=5800_height=1080,4430b16c-a339-4f7d-bfc4-59c4c73b0b30,encoded@bitrate=3800_height=1080,BigBuckBunny@display=sequential
encoded@bitrate=7500_height=1080,encoded@bitrate=7500_height=1080,1d214d6a-4f35-4b88-9fc8-42416a834b24,encoded@bitrate=5800_height=1080,ElFuente1@display=sequential
,encoded@bitrate=5800_height=1080,c185b7b6-460c-449b-942c-7437d0e8b154,encoded@bitrate=7500_height=1080,ElFuente1@display=sequential
,encoded@bitrate=5800_height=1080,702fb032-4e58-4351-a7b9-4d973e83ab6e,encoded@bitrate=7500_height=1080,ElFuente1@display=sequential
,encoded@bitrate=7500_height=1080,c61e0119-921d-482d-9ebd-6be3c141eb7e,encoded@bitrate=5800_height=1080,ElFuente1@display=sequential
encoded@bitrate=7500_height=1080,encoded@bitrate=5800_height=1080,e57f0c1a-193e-4e7e-ad4a-41d517aa388f,encoded@bitrate=7500_height=1080,ElFuente1@display=sequential
encoded@bitrate=7500_height=1080,encoded@bitrate=5800_height=1080,d391dd7e-e8e9-4965-b30b-fd2732feb0bc,encoded@bitrate=7500_height=1080,ElFuente1@display=sequential
,encoded@bitrate=5800_height=1080,cc795331-2401-4a12-b0ee-fa79b36fff76,encoded@bitrate=7500_height=1080,ElFuente1@display=sequential
encoded@bitrate=7500_height=1080,encoded@bitrate=5800_height=1080,43868782-c006-4e73-8ab4-1f5f132a01cc,encoded@bitrate=7500_height=1080,ElFuente1@display=sequential
encoded@bitrate=7500_height=1080,encoded@bitrate=7500_height=1080,a3d57e9a-630c-4320-8a26-435a9d86ed76,encoded@bitrate=5800_height=1080,ElFuente1@display=sequential
,encoded@bitrate=7500_height=1080,6dd0be1d-e48a-44f8-ae1e-f6387437d5dd,encoded@bitrate=5800_height=1080,ElFuente1@display=sequential
encoded@bitrate=20000_height=1080,encoded@bitrate=20000_height=1080,e8e1430a-3a2a-4c67-80e7-310c0cb6a8b9,encoded@bitrate=1050_height=480,Seeking@display=sequential
encoded@bitrate=20000_height=1080,encoded@bitrate=1050_height=480,bfbecf9a-5392-4f42-9ec6-fc3f122112b5,encoded@bitrate=20000_height=1080,Seeking@display=sequential
encoded@bitrate=20000_height=1080,encoded@bitrate=1050_height=480,50f1cc6f-21de-44c4-8056-cfee37a49d31,encoded@bitrate=20000_height=1080,Seeking@display=sequential
encoded@bitrate=20000_height=1080,encoded@bitrate=1050_height=480,66eade00-16e6-485e-9a5d-2e92b67367b8,encoded@bitrate=20000_height=1080,Seeking@display=sequential
encoded@bitrate=20000_height=1080,encoded@bitrate=20000_height=1080,fe88ec31-e062-4ec6-a7c6-455dc015a155,encoded@bitrate=1050_height=480,Seeking@display=sequential
encoded@bitrate=20000_height=1080,encoded@bitrate=1050_height=480,702fb032-4e58-4351-a7b9-4d973e83ab6e,encoded@bitrate=20000_height=1080,Seeking@display=sequential
encoded@bitrate=20000_height=1080,encoded@bitrate=20000_height=1080,7317c3fb-8b5c-4be7-bd0a-363cd0010fb0,encoded@bitrate=1050_height=480,Seeking@display=sequential
encoded@bitrate=20000_height=1080,encoded@bitrate=20000_height=1080,d06c5043-187d-45b6-a654-ec690918445f,encoded@bitrate=1050_height=480,Seeking@display=sequential
encoded@bitrate=20000_height=1080,encoded@bitrate=20000_height=1080,44d9eda0-c8bd-4bf7-add7-ddb3b53b45bd,encoded@bitrate=1050_height=480,Seeking@display=sequential
encoded@bitrate=20000_height=1080,encoded@bitrate=20000_height=1080,1d214d6a-4f35-4b88-9fc8-42416a834b24,encoded@bitrate=1050_height=480,Seeking@display=sequential
encoded@bitrate=1750_height=480,encoded@bitrate=1750_height=480,2eacc76c-1451-477e-9f61-195c6e0adf15,encoded@bitrate=750_height=480,OldTownCross@display=sequential
encoded@bitrate=1750_height=480,encoded@bitrate=1750_height=480,1d214d6a-4f35-4b88-9fc8-42416a834b24,encoded@bitrate=750_height=480,OldTownCross@display=sequential
encoded@bitrate=1750_height=480,encoded@bitrate=750_height=480,de72b01b-833a-4081-8d29-5f625c2d03fb,encoded@bitrate=1750_height=480,OldTownCross@display=sequential
encoded@bitrate=750_height=480,encoded@bitrate=1750_height=480,1d104d10-ddaf-4815-9bae-c68e13790087,encoded@bitrate=750_height=480,OldTownCross@display=sequential
encoded@bitrate=1750_height=480,encoded@bitrate=750_height=480,56dca4c8-e374-4954-ad6b-2e964a5df796,encoded@bitrate=1750_height=480,OldTownCross@display=sequential
encoded@bitrate=1750_height=480,encoded@bitrate=750_height=480,9d32f287-7a5a-4287-9f48-10a44fcb3304,encoded@bitrate=1750_height=480,OldTownCross@display=sequential
,encoded@bitrate=1750_height=480,9b0c0416-607d-4c8a-bc4e-ea233462e8ff,encoded@bitrate=750_height=480,OldTownCross@display=sequential
encoded@bitrate=750_height=480,encoded@bitrate=1750_height=480,2e79172f-46f4-4734-ae33-91f9f5c22bbf,encoded@bitrate=750_height=480,OldTownCross@display=sequential
encoded@bitrate=1750_height=480,encoded@bitrate=750_height=480,64f01562-adef-480b-927e-12872cada192,encoded@bitrate=1750_height=480,OldTownCross@display=sequential
,encoded@bitrate=750_height=480,4224335e-26df-4d36-b1b2-51dc101f7e76,encoded@bitrate=1750_height=480,OldTownCross@display=sequential
original,encoded@bitrate=1050_height=480,4a6a6f68-c5c9-4bbd-8a01-006271fff551,original,Tennis@display=sequential
original,original,cc795331-2401-4a12-b0ee-fa79b36fff76,encoded@bitrate=1050_height=480,Tennis@display=sequential
original,encoded@bitrate=1050_height=480,a743ec39-7c4a-4a5e-af3d-ef34d1f878ef,original,Tennis@display=sequential
original,original,fa99c6a8-18e7-4b07-b497-43ad86407f9c,encoded@bitrate=1050_height=480,Tennis@display=sequential
original,original,fdb19be6-2ae6-4d67-88e5-7730eec07397,encoded@bitrate=1050_height=480,Tennis@display=sequential
original,original,23cdd1ed-fe00-4deb-8ca7-db975f43a835,encoded@bitrate=1050_height=480,Tennis@display=sequential
original,encoded@bitrate=1050_height=480,eb574414-bf4c-4dbe-bd80-1f14e0b9c5c7,original,Tennis@display=sequential
original,original,6bd47135-ac01-4b14-8a59-fd0f773c048b,encoded@bitrate=1050_height=480,Tennis@display=sequential
original,encoded@bitrate=1050_height=480,1d214d6a-4f35-4b88-9fc8-42416a834b24,original,Tennis@display=sequential
original,encoded@bitrate=1050_height=480,e96e0e40-8578-4490-afc3-dfb4e1b48a48,original,Tennis@display=sequential
encoded@bitrate=4300_height=1080,encoded@bitrate=4300_height=1080,3c7ef17b-e826-4055-83ba-6a771c08659a,encoded@bitrate=2350_height=480,CrowdRun@display=sequential
encoded@bitrate=4300_height=1080,encoded@bitrate=4300_height=1080,db526d68-5a49-4fa8-9c91-35aaf4685886,encoded@bitrate=2350_height=480,CrowdRun@display=sequential
encoded@bitrate=4300_height=1080,encoded@bitrate=2350_height=480,d7e0c98f-c9e7-46ee-bce5-8e90e87a0cf9,encoded@bitrate=4300_height=1080,CrowdRun@display=sequential
encoded@bitrate=4300_height=1080,encoded@bitrate=2350_height=480,66ae368d-fe93-4ff7-aafd-162ed5776cd6,encoded@bitrate=4300_height=1080,CrowdRun@display=sequential
encoded@bitrate=4300_height=1080,encoded@bitrate=2350_height=480,8aeb1e20-726c-4807-a4b6-069493614cbf,encoded@bitrate=4300_height=1080,CrowdRun@display=sequential
encoded@bitrate=4300_height=1080,encoded@bitrate=4300_height=1080,4b6c3b78-352c-4b84-9c29-a70e17c0e399,encoded@bitrate=2350_height=480,CrowdRun@display=sequential
encoded@bitrate=4300_height=1080,encoded@bitrate=2350_height=480,b0639bf6-4570-49a6-b010-85440f842c50,encoded@bitrate=4300_height=1080,CrowdRun@display=sequential
encoded@bitrate=4300_height=1080,encoded@bitrate=2350_height=480,1ade687b-5aca-4370-9311-b6f72528a473,encoded@bitrate=4300_height=1080,CrowdRun@display=sequential
encoded@bitrate=4300_height=1080,encoded@bitrate=4300_height=1080,49d9d4cb-b8a1-4d99-ba2a-7e1346fc0627,encoded@bitrate=2350_height=480,CrowdRun@display=sequential
encoded@bitrate=4300_height=1080,encoded@bitrate=4300_height=1080,fda50597-1f41-40cf-b84d-017055879a57,encoded@bitrate=2350_height=480,CrowdRun@display=sequential
encoded@bitrate=4300_height=1080,encoded@bitrate=5800_height=1080,8bc8cdd6-aa66-4cdd-9b76-76c9e52981fa,encoded@bitrate=4300_height=1080,BigBuckBunny@display=sequential
encoded@bitrate=5800_height=1080,encoded@bitrate=4300_height=1080,1ac2dd7c-2993-4a15-a53f-3af54deb2789,encoded@bitrate=5800_height=1080,BigBuckBunny@display=sequential
encoded@bitrate=5800_height=1080,encoded@bitrate=4300_height=1080,d403c7b5-a23c-4583-90c0-5ed27e20b8f4,encoded@bitrate=5800_height=1080,BigBuckBunny@display=sequential
encoded@bitrate=5800_height=1080,encoded@bitrate=5800_height=1080,d6c6a79e-5a39-4ddc-8d67-e61611c73318,encoded@bitrate=4300_height=1080,BigBuckBunny@display=sequential
,encoded@bitrate=5800_height=1080,d39c9f82-0592-46e7-bfbb-7b637638d43b,encoded@bitrate=4300_height=1080,BigBuckBunny@display=sequential
encoded@bitrate=5800_height=1080,encoded@bitrate=5800_height=1080,10b76fc5-63d7-4546-af40-d353ff7c2bac,encoded@bitrate=4300_height=1080,BigBuckBunny@display=sequential
encoded@bitrate=4300_height=1080,encoded@bitrate=5800_height=1080,0fca2270-5646-4e65-b178-a722179983b0,encoded@bitrate=4300_height=1080,BigBuckBunny@display=sequential
,encoded@bitrate=5800_height=1080,388ed430-804e-41cf-99d5-f38198e8fcd1,encoded@bitrate=4300_height=1080,BigBuckBunny@display=sequential
,encoded@bitrate=5800_height=1080,5c617a43-9028-40e4-9b65-09380b3527c4,encoded@bitrate=4300_height=1080,BigBuckBunny@display=sequential
,encoded@bitrate=5800_height=1080,3346d8dd-79a1-4cc2-96f1-d21cc148070a,encoded@bitrate=4300_height=1080,BigBuckBunny@display=sequential
encoded@bitrate=5800_height=1080,encoded@bitrate=5800_height=1080,781e5bd3-5a30-4643-8e93-d43670ab3790,encoded@bitrate=750_height=480,FoxBird@display=sequential
encoded@bitrate=5800_height=1080,encoded@bitrate=5800_height=1080,2c370320-38ea-4dce-8087-b3357e95e335,encoded@bitrate=750_height=480,FoxBird@display=sequential
encoded@bitrate=5800_height=1080,encoded@bitrate=5800_height=1080,5eb3a7bb-533a-4dbd-82c4-cd0fae2b33b0,encoded@bitrate=750_height=480,FoxBird@display=sequential
encoded@bitrate=5800_height=1080,encoded@bitrate=5800_height=1080,89011f22-37a1-4f64-b709-dcf63ad6d18b,encoded@bitrate=750_height=480,FoxBird@display=sequential
encoded@bitrate=5800_height=1080,encoded@bitrate=5800_height=1080,32128d68-b864-4e0e-9c13-989300fe1f5d,encoded@bitrate=750_height=480,FoxBird@display=sequential
encoded@bitrate=5800_height=1080,encoded@bitrate=5800_height=1080,a2eae99e-1732-497c-b157-394ebbf76ed5,encoded@bitrate=750_height=480,FoxBird@display=sequential
encoded@bitrate=5800_height=1080,encoded@bitrate=750_height=480,f63f36f1-2249-4b6a-8e08-f48d0d3c923b,encoded@bitrate=5800_height=1080,FoxBird@display=sequential
encoded@bitrate=5800_height=1080,encoded@bitrate=750_height=480,6eb5a5d1-481b-4555-aa32-c0790e9e2589,encoded@bitrate=5800_height=1080,FoxBird@display=sequential
encoded@bitrate=5800_height=1080,encoded@bitrate=5800_height=1080,7e0d9c54-ab06-406e-9404-376c6cb54cc9,encoded@bitrate=750_height=480,FoxBird@display=sequential
encoded@bitrate=5800_height=1080,encoded@bitrate=750_height=480,2d88bf11-2afb-4e46-aea9-b4aa2d240f8c,encoded@bitrate=5800_height=1080,FoxBird@display=sequential
encoded@bitrate=3050_height=720,encoded@bitrate=1050_height=480,1d7e8443-fd1d-48b1-9a31-005a653ad28d,encoded@bitrate=3050_height=720,Seeking@display=sequential
encoded@bitrate=3050_height=720,encoded@bitrate=1050_height=480,d39c9f82-0592-46e7-bfbb-7b637638d43b,encoded@bitrate=3050_height=720,Seeking@display=sequential
encoded@bitrate=3050_height=720,encoded@bitrate=3050_height=720,5f9aaee4-8689-4753-9a70-a5d7dac11e95,encoded@bitrate=1050_height=480,Seeking@display=sequential
encoded@bitrate=3050_height=720,encoded@bitrate=1050_height=480,f48460fd-df6e-46c7-bd50-c8eb06fbeb8e,encoded@bitrate=3050_height=720,Seeking@display=sequential
,encoded@bitrate=1050_height=480,2eb24ce5-0ea1-4c90-92df-28195691abdd,encoded@bitrate=3050_height=720,Seeking@display=sequential
encoded@bitrate=3050_height=720,encoded@bitrate=1050_height=480,fc412c03-7ce4-4158-821d-8a6eb8b6813f,encoded@bitrate=3050_height=720,Seeking@display=sequential
,encoded@bitrate=1050_height=480,c1739819-086d-408c-b516-f05ff33ddf56,encoded@bitrate=3050_height=720,Seeking@display=sequential
encoded@bitrate=3050_height=720,encoded@bitrate=1050_height=480,ba43bf3c-660f-4297-aba2-e454ac146c64,encoded@bitrate=3050_height=720,Seeking@display=sequential
encoded@bitrate=3050_height=720,encoded@bitrate=1050_height=480,fa18eb5e-4ada-462b-90a4-8d7624505663,encoded@bitrate=3050_height=720,Seeking@display=sequential
encoded@bitrate=3050_height=720,encoded@bitrate=3050_height=720,320763ff-9395-4607-b5dd-547772958a15,encoded@bitrate=1050_height=480,Seeking@display=sequential
,encoded@bitrate=5800_height=1080,f3344844-a685-491f-b82c-2b0d069dc1cc,encoded@bitrate=7500_height=1080,Seeking@display=sequential
,encoded@bitrate=5800_height=1080,48ab3d96-1eab-4483-bf3f-b690ddb1a5cb,encoded@bitrate=7500_height=1080,Seeking@display=sequential
encoded@bitrate=7500_height=1080,encoded@bitrate=7500_height=1080,24766b7c-1659-4b37-9e0d-5b94e92a320d,encoded@bitrate=5800_height=1080,Seeking@display=sequential
encoded@bitrate=5800_height=1080,encoded@bitrate=7500_height=1080,80d588f3-fa01-4c67-b619-ce44c84e9fcf,encoded@bitrate=5800_height=1080,Seeking@display=sequential
,encoded@bitrate=5800_height=1080,b33b3126-3379-45c3-aee4-013638446db5,encoded@bitrate=7500_height=1080,Seeking@display=sequential
,encoded@bitrate=5800_height=1080,f5c65d98-da4b-4ebe-8638-393f3d2741c0,encoded@bitrate=7500_height=1080,Seeking@display=sequential
encoded@bitrate=7500_height=1080,encoded@bitrate=7500_height=1080,28baa163-62aa-4091-9067-f78967afea4a,encoded@bitrate=5800_height=1080,Seeking@display=sequential
encoded@bitrate=7500_height=1080,encoded@bitrate=5800_height=1080,299729cd-be73-45ed-a747-d83ab1327861,encoded@bitrate=7500_height=1080,Seeking@display=sequential
encoded@bitrate=7500_height=1080,encoded@bitrate=7500_height=1080,03ef0614-5880-4283-869c-e93d4b9d990e,encoded@bitrate=5800_height=1080,Seeking@display=sequential
encoded@bitrate=7500_height=1080,encoded@bitrate=5800_height=1080,b53224e8-348a-4c30-a6fe-2dd0db827c1a,encoded@bitrate=7500_height=1080,Seeking@display=sequential
encoded@bitrate=5800_height=1080,encoded@bitrate=2350_height=720,f4e36280-7ab6-4bf1-afd0-2b3094871ff7,encoded@bitrate=5800_height=1080,ElFuente1@display=sequential
encoded@bitrate=5800_height=1080,encoded@bitrate=5800_height=1080,b33efb6e-2e53-4052-87d4-bb3557a36e88,encoded@bitrate=2350_height=720,ElFuente1@display=sequential
encoded@bitrate=5800_height=1080,encoded@bitrate=5800_height=1080,ce8915ce-0513-4c3d-9f55-b726199fa15a,encoded@bitrate=2350_height=720,ElFuente1@display=sequential
encoded@bitrate=5800_height=1080,encoded@bitrate=2350_height=720,e3910452-c747-4618-b718-e301ef9b69c9,encoded@bitrate=5800_height=1080,ElFuente1@display=sequential
encoded@bitrate=5800_height=1080,encoded@bitrate=2350_height=720,bf5f4b87-d05a-440d-9431-6620c1795e60,encoded@bitrate=5800_height=1080,ElFuente1@display=sequential
encoded@bitrate=5800_height=1080,encoded@bitrate=5800_height=1080,02fd1a52-0f17-45c3-8185-fdbf6906e984,encoded@bitrate=2350_height=720,ElFuente1@display=sequential
encoded@bitrate=5800_height=1080,encoded@bitrate=5800_height=1080,33920445-a272-4833-a2bd-b60fa5a04536,encoded@bitrate=2350_height=720,ElFuente1@display=sequential
encoded@bitrate=2350_height=720,encoded@bitrate=2350_height=720,ddcfd680-b0b1-4163-af51-6bc0fbc21a5f,encoded@bitrate=5800_height=1080,ElFuente1@display=sequential
encoded@bitrate=5800_height=1080,encoded@bitrate=5800_height=1080,189cc04f-5b5b-45ea-be05-e4f97f0b529b,encoded@bitrate=2350_height=720,ElFuente1@display=sequential
encoded@bitrate=5800_height=1080,encoded@bitrate=5800_height=1080,64f01562-adef-480b-927e-12872cada192,encoded@bitrate=2350_height=720,ElFuente1@display=sequential
encoded@bitrate=5800_height=1080,encoded@bitrate=5800_height=1080,ba43bf3c-660f-4297-aba2-e454ac146c64,encoded@bitrate=4250_height=720,ElFuente2@display=sequential
encoded@bitrate=5800_height=1080,encoded@bitrate=4250_height=720,fbbbfd01-6603-4bb4-aca1-df5e811989cc,encoded@bitrate=5800_height=1080,ElFuente2@display=sequential
encoded@bitrate=4250_height=720,encoded@bitrate=4250_height=720,e1c3e5d6-ca2e-41ad-8695-fcff92798414,encoded@bitrate=5800_height=1080,ElFuente2@display=sequential
encoded@bitrate=5800_height=1080,encoded@bitrate=5800_height=1080,ecf73c1d-2209-4416-b005-26b678216634,encoded@bitrate=4250_height=720,ElFuente2@display=sequential
encoded@bitrate=5800_height=1080,encoded@bitrate=4250_height=720,f86b2275-4518-4d57-8c52-46fc992cc8a3,encoded@bitrate=5800_height=1080,ElFuente2@display=sequential
encoded@bitrate=5800_height=1080,encoded@bitrate=5800_height=1080,23cdd1ed-fe00-4deb-8ca7-db975f43a835,encoded@bitrate=4250_height=720,ElFuente2@display=sequential
encoded@bitrate=5800_height=1080,encoded@bitrate=4250_height=720,4045a842-9f7c-40f9-80be-3d5831d6a738,encoded@bitrate=5800_height=1080,ElFuente2@display=sequential
encoded@bitrate=5800_height=1080,encoded@bitrate=5800_height=1080,fda50597-1f41-40cf-b84d-017055879a57,encoded@bitrate=4250_height=720,ElFuente2@display=sequential
encoded@bitrate=5800_height=1080,encoded@bitrate=5800_height=1080,22dff3a5-9b27-475a-97c3-7edaf366b118,encoded@bitrate=4250_height=720,ElFuente2@display=sequential
encoded@bitrate=4250_height=720,encoded@bitrate=4250_height=720,a2212010-e7af-4f03-b283-3bf430b0d63b,encoded@bitrate=5800_height=1080,ElFuente2@display=sequential
encoded@bitrate=5800_height=1080,encoded@bitrate=4300_height=1080,33aa809b-6785-49dc-ae11-5d5af6f61e8e,encoded@bitrate=5800_height=1080,CrowdRun@display=sequential
encoded@bitrate=5800_height=1080,encoded@bitrate=5800_height=1080,fd4ac2a5-2530-4db8-84d3-e33c1c638e13,encoded@bitrate=4300_height=1080,CrowdRun@display=sequential
encoded@bitrate=5800_height=1080,encoded@bitrate=5800_height=1080,1eaa9fca-05a8-423a-be58-58c2b8582fcd,encoded@bitrate=4300_height=1080,CrowdRun@display=sequential
encoded@bitrate=5800_height=1080,encoded@bitrate=5800_height=1080,e739fe65-9837-4a8e-8058-6a0063fca411,encoded@bitrate=4300_height=1080,CrowdRun@display=sequential
,encoded@bitrate=5800_height=1080,6e864a01-02fb-4ef4-8f67-60232783d138,encoded@bitrate=4300_height=1080,CrowdRun@display=sequential
encoded@bitrate=5800_height=1080,encoded@bitrate=4300_height=1080,96c12748-598a-4c44-85ec-d5f3eafc8b88,encoded@bitrate=5800_height=1080,CrowdRun@display=sequential
encoded@bitrate=5800_height=1080,encoded@bitrate=5800_height=1080,37a3a09a-748e-4cea-8c39-9b3b93a32ee8,encoded@bitrate=4300_height=1080,CrowdRun@display=sequential
encoded@bitrate=5800_height=1080,encoded@bitrate=5800_height=1080,99d9d038-42e4-4055-a1db-51c247b52d8c,encoded@bitrate=4300_height=1080,CrowdRun@display=sequential
encoded@bitrate=5800_height=1080,encoded@bitrate=5800_height=1080,5eb3a7bb-533a-4dbd-82c4-cd0fae2b33b0,encoded@bitrate=4300_height=1080,CrowdRun@display=sequential
encoded@bitrate=4300_height=1080,encoded@bitrate=5800_height=1080,e1605e65-ef4d-48eb-92d4-c83f6c733031,encoded@bitrate=4300_height=1080,CrowdRun@display=sequential
encoded@bitrate=4300_height=1080,encoded@bitrate=4300_height=1080,ed39cdae-6f21-4391-af68-10ac22103779,encoded@bitrate=1050_height=480,BigBuckBunny@display=sequential
encoded@bitrate=4300_height=1080,encoded@bitrate=4300_height=1080,10201875-20ed-4191-8b55-2033d1755645,encoded@bitrate=1050_height=480,BigBuckBunny@display=sequential
encoded@bitrate=4300_height=1080,encoded@bitrate=1050_height=480,d2b4d696-aa3f-4f64-842e-b95ddd65449e,encoded@bitrate=4300_height=1080,BigBuckBunny@display=sequential
encoded@bitrate=4300_height=1080,encoded@bitrate=1050_height=480,f12b829d-b55b-4c7c-830a-48c568c8601d,encoded@bitrate=4300_height=1080,BigBuckBunny@display=sequential
encoded@bitrate=4300_height=1080,encoded@bitrate=1050_height=480,d8f1cdf9-2130-4c7b-a94a-644261d6d4f7,encoded@bitrate=4300_height=1080,BigBuckBunny@display=sequential
encoded@bitrate=4300_height=1080,encoded@bitrate=1050_height=480,7fa97596-ab87-40b3-8e98-d7cad94abbea,encoded@bitrate=4300_height=1080,BigBuckBunny@display=sequential
encoded@bitrate=4300_height=1080,encoded@bitrate=4300_height=1080,9e25a404-4bfe-4e8c-8dec-e7c76c0c760a,encoded@bitrate=1050_height=480,BigBuckBunny@display=sequential
encoded@bitrate=4300_height=1080,encoded@bitrate=4300_height=1080,06f4f549-d726-40a1-a4aa-bdd0fafdf36d,encoded@bitrate=1050_height=480,BigBuckBunny@display=sequential
encoded@bitrate=1050_height=480,encoded@bitrate=4300_height=1080,0111d895-f938-4921-8210-3201f559f616,encoded@bitrate=1050_height=480,BigBuckBunny@display=sequential
encoded@bitrate=4300_height=1080,encoded@bitrate=1050_height=480,9867dfa9-15e4-49b2-9516-13dcde4ab58d,encoded@bitrate=4300_height=1080,BigBuckBunny@display=sequential
encoded@bitrate=3000_height=1080,encoded@bitrate=550_height=288,4abc48f0-325c-4564-95b3-06db30c6e854,encoded@bitrate=3000_height=1080,BirdsInCage@display=sequential
encoded@bitrate=3000_height=1080,encoded@bitrate=550_height=288,f9bbfc44-9d81-442b-b2b0-e2e241471b54,encoded@bitrate=3000_height=1080,BirdsInCage@display=sequential
encoded@bitrate=3000_height=1080,encoded@bitrate=3000_height=1080,df5575f6-7028-4152-850d-bfdbd7ff0569,encoded@bitrate=550_height=288,BirdsInCage@display=sequential
encoded@bitrate=3000_height=1080,encoded@bitrate=550_height=288,eaa5315e-7904-41da-ad17-313ff2625ef5,encoded@bitrate=3000_height=1080,BirdsInCage@display=sequential
encoded@bitrate=3000_height=1080,encoded@bitrate=550_height=288,9988cc9a-f7bd-4702-bbcc-ff93503e8d2d,encoded@bitrate=3000_height=1080,BirdsInCage@display=sequential
encoded@bitrate=3000_height=1080,encoded@bitrate=3000_height=1080,6bf101c5-81e0-4ad5-ae95-b70599b108b5,encoded@bitrate=550_height=288,BirdsInCage@display=sequential
encoded@bitrate=3000_height=1080,encoded@bitrate=3000_height=1080,99f1e0ac-c8cc-4fc1-93e1-efcdcd8b78b3,encoded@bitrate=550_height=288,BirdsInCage@display=sequential
encoded@bitrate=3000_height=1080,encoded@bitrate=3000_height=1080,a8ee67dd-bb21-4bc5-a474-fcfb83d5f8d6,encoded@bitrate=550_height=288,BirdsInCage@display=sequential
encoded@bitrate=3000_height=1080,encoded@bitrate=3000_height=1080,54610d4e-5622-4fe4-9db3-a3db3d3e936f,encoded@bitrate=550_height=288,BirdsInCage@display=sequential
encoded@bitrate=3000_height=1080,encoded@bitrate=550_height=288,cdb9bb58-60e2-4bd6-a07a-2e9558115deb,encoded@bitrate=3000_height=1080,BirdsInCage@display=sequential
encoded@bitrate=3050_height=720,encoded@bitrate=1050_height=480,35777d6a-3f13-436d-aeac-f175175f5a1c,encoded@bitrate=3050_height=720,Tennis@display=sequential
encoded@bitrate=3050_height=720,encoded@bitrate=1050_height=480,dce23d6c-d138-4d23-95e5-005aef8ba310,encoded@bitrate=3050_height=720,Tennis@display=sequential
encoded@bitrate=3050_height=720,encoded@bitrate=3050_height=720,b53224e8-348a-4c30-a6fe-2dd0db827c1a,encoded@bitrate=1050_height=480,Tennis@display=sequential
encoded@bitrate=3050_height=720,encoded@bitrate=1050_height=480,e642b808-b11c-408e-82fa-8b01d07d8920,encoded@bitrate=3050_height=720,Tennis@display=sequential
,encoded@bitrate=1050_height=480,29891a92-472f-4241-97b3-f486548bb310,encoded@bitrate=3050_height=720,Tennis@display=sequential
encoded@bitrate=3050_height=720,encoded@bitrate=3050_height=720,e8c1511a-8c33-4c69-be8f-24942a1a27ce,encoded@bitrate=1050_height=480,Tennis@display=sequential
,encoded@bitrate=3050_height=720,18bf1906-21d2-4d8f-9a24-12e0783263bf,encoded@bitrate=1050_height=480,Tennis@display=sequential
encoded@bitrate=3050_height=720,encoded@bitrate=1050_height=480,39106def-10dc-4a00-97d4-3f8ec15e1f8e,encoded@bitrate=3050_height=720,Tennis@display=sequential
encoded@bitrate=3050_height=720,encoded@bitrate=3050_height=720,b243f138-b89c-4c3a-8879-9292987c0c27,encoded@bitrate=1050_height=480,Tennis@display=sequential
encoded@bitrate=3050_height=720,encoded@bitrate=1050_height=480,56981384-e0ba-4ec4-a6ea-fec5f32b3988,encoded@bitrate=3050_height=720,Tennis@display=sequential
encoded@bitrate=4300_height=1080,encoded@bitrate=375_height=288,8809b6cf-50cf-4c1e-8184-379e403aa7c4,encoded@bitrate=4300_height=1080,OldTownCross@display=sequential
encoded@bitrate=4300_height=1080,encoded@bitrate=375_height=288,459e6ec8-9143-4fda-89ff-32c90a82f712,encoded@bitrate=4300_height=1080,OldTownCross@display=sequential
encoded@bitrate=4300_height=1080,encoded@bitrate=4300_height=1080,629ac0f2-f93c-4562-87e2-83e91c83e632,encoded@bitrate=375_height=288,OldTownCross@display=sequential
encoded@bitrate=4300_height=1080,encoded@bitrate=375_height=288,0a1969d8-7cd3-499e-8b05-180327e7639d,encoded@bitrate=4300_height=1080,OldTownCross@display=sequential
encoded@bitrate=4300_height=1080,encoded@bitrate=375_height=288,4386838f-4af9-4121-8895-9a6078e94dd5,encoded@bitrate=4300_height=1080,OldTownCross@display=sequential
encoded@bitrate=4300_height=1080,encoded@bitrate=375_height=288,42cf276e-584f-459f-92b9-c2966ba7f50e,encoded@bitrate=4300_height=1080,OldTownCross@display=sequential
encoded@bitrate=4300_height=1080,encoded@bitrate=375_height=288,c4483616-3ed2-4394-9493-213d0c170895,encoded@bitrate=4300_height=1080,OldTownCross@display=sequential
encoded@bitrate=4300_height=1080,encoded@bitrate=375_height=288,f86b2275-4518-4d57-8c52-46fc992cc8a3,encoded@bitrate=4300_height=1080,OldTownCross@display=sequential
encoded@bitrate=4300_height=1080,encoded@bitrate=375_height=288,f3b6f948-ae20-480b-b2e8-052f53a70678,encoded@bitrate=4300_height=1080,OldTownCross@display=sequential
encoded@bitrate=4300_height=1080,encoded@bitrate=4300_height=1080,d5d724bc-303a-4e86-9d46-ab375de40734,encoded@bitrate=375_height=288,OldTownCross@display=sequential
original,encoded@bitrate=4300_height=1080,f3b6f948-ae20-480b-b2e8-052f53a70678,original,ElFuente2@display=sequential
original,original,5f234167-2bce-417e-a7b1-13f637af5124,encoded@bitrate=4300_height=1080,ElFuente2@display=sequential
,encoded@bitrate=4300_height=1080,0fa6e044-fe07-4575-a037-ca202981ab92,original,ElFuente2@display=sequential
original,encoded@bitrate=4300_height=1080,222b099d-9a10-42b8-886d-9a79c05de256,original,ElFuente2@display=sequential
original,encoded@bitrate=4300_height=1080,1211caf9-9b1b-4189-8c44-f768b7ee496c,original,ElFuente2@display=sequential
original,original,a1d1d1a3-ca05-441a-a182-190990e89d09,encoded@bitrate=4300_height=1080,ElFuente2@display=sequential
original,encoded@bitrate=4300_height=1080,9ebd8a15-d6da-429e-b5e7-f3d7d0b7d614,original,ElFuente2@display=sequential
original,encoded@bitrate=4300_height=1080,64472def-2740-415f-828a-17a7931c64a8,original,ElFuente2@display=sequential
original,original,0c75abcc-e4e8-4fe8-a620-ebbcb3acef55,encoded@bitrate=4300_height=1080,ElFuente2@display=sequential
original,encoded@bitrate=4300_height=1080,9bf893fd-8e82-4b0e-bc2b-b001e5f912c4,original,ElFuente2@display=sequential
original,original,bef0165e-80b7-4c57-99b3-61581555789d,encoded@bitrate=750_height=384,BirdsInCage@display=sequential
original,original,c8323faf-2696-4adb-8e2c-59d12c8a518f,encoded@bitrate=750_height=384,BirdsInCage@display=sequential
original,encoded@bitrate=750_height=384,43c9a29d-c5e0-4287-ad81-886385921f19,original,BirdsInCage@display=sequential
original,original,f68bb6a4-fd35-4afd-a5bb-0c2c7c5f9311,encoded@bitrate=750_height=384,BirdsInCage@display=sequential
original,original,56755160-bea5-4805-81da-59fc5cab28ad,encoded@bitrate=750_height=384,BirdsInCage@display=sequential
original,encoded@bitrate=750_height=384,603c65cd-5f34-45be-87e4-a188d93c9c26,original,BirdsInCage@display=sequential
,encoded@bitrate=750_height=384,086d0330-b9c6-4f82-a316-35e94ab7a6a7,original,BirdsInCage@display=sequential
original,encoded@bitrate=750_height=384,d391dd7e-e8e9-4965-b30b-fd2732feb0bc,original,BirdsInCage@display=sequential
original,encoded@bitrate=750_height=384,49d9d4cb-b8a1-4d99-ba2a-7e1346fc0627,original,BirdsInCage@display=sequential
original,original,0bf55f15-f420-47f7-affc-2654b7277ec7,encoded@bitrate=750_height=384,BirdsInCage@display=sequential
original,encoded@bitrate=2950_height=720,6ea4f9af-c257-4696-b51c-792ab1b5c848,original,OldTownCross@display=sequential
original,original,b2641de9-20b4-4009-9fab-38d837861c26,encoded@bitrate=2950_height=720,OldTownCross@display=sequential
encoded@bitrate=2950_height=720,original,0da493d0-ea80-4d70-ba9e-e3f5ff77d39f,encoded@bitrate=2950_height=720,OldTownCross@display=sequential
original,encoded@bitrate=2950_height=720,fc9666e5-30e9-47fc-9e00-bfb32a90cb5b,original,OldTownCross@display=sequential
original,encoded@bitrate=2950_height=720,d0af8c35-bbb4-4ea1-a7bc-327a4b1da556,original,OldTownCross@display=sequential
original,encoded@bitrate=2950_height=720,84ef6bb8-cb60-4e35-94ee-4f6eb5bac7a4,original,OldTownCross@display=sequential
encoded@bitrate=2950_height=720,encoded@bitrate=2950_height=720,b33b3126-3379-45c3-aee4-013638446db5,original,OldTownCross@display=sequential
original,encoded@bitrate=2950_height=720,8c2b0451-0fb5-484e-8355-79304c222887,original,OldTownCross@display=sequential
original,original,a9e2bea1-eb02-4a50-8ab1-77f60cb569ff,encoded@bitrate=2950_height=720,OldTownCross@display=sequential
encoded@bitrate=2950_height=720,encoded@bitrate=2950_height=720,bef0165e-80b7-4c57-99b3-61581555789d,original,OldTownCross@display=sequential
encoded@bitrate=4300_height=1080,encoded@bitrate=750_height=384,0053f56a-3dfc-4463-8859-7205469af490,encoded@bitrate=4300_height=1080,OldTownCross@display=sequential
encoded@bitrate=4300_height=1080,encoded@bitrate=4300_height=1080,84531b99-869c-4f3e-ae80-dac3f956997a,encoded@bitrate=750_height=384,OldTownCross@display=sequential
,encoded@bitrate=4300_height=1080,341c1b82-e7ce-4438-87cc-44c4577e4532,encoded@bitrate=750_height=384,OldTownCross@display=sequential
encoded@bitrate=4300_height=1080,encoded@bitrate=4300_height=1080,bb12ebc6-b177-4457-8641-32a00e45e4a3,encoded@bitrate=750_height=384,OldTownCross@display=sequential
encoded@bitrate=4300_height=1080,encoded@bitrate=750_height=384,3d4eb426-7d44-4ffa-8891-386b62fe3760,encoded@bitrate=4300_height=1080,OldTownCross@display=sequential
encoded@bitrate=4300_height=1080,encoded@bitrate=4300_height=1080,2fee481f-e69f-4359-87d3-cf4825a653fe,encoded@bitrate=750_height=384,OldTownCross@display=sequential
encoded@bitrate=4300_height=1080,encoded@bitrate=4300_height=1080,ba616751-5099-4c06-988f-2c268e4073c2,encoded@bitrate=750_height=384,OldTownCross@display=sequential
encoded@bitrate=4300_height=1080,encoded@bitrate=4300_height=1080,6af851bd-70ae-4da3-8596-c12f262bb8a3,encoded@bitrate=750_height=384,OldTownCross@display=sequential
encoded@bitrate=4300_height=1080,encoded@bitrate=4300_height=1080,1c06f64f-65bb-40e2-9a85-3330f967aefd,encoded@bitrate=750_height=384,OldTownCross@display=sequential
encoded@bitrate=4300_height=1080,encoded@bitrate=4300_height=1080,fbf0e732-933c-4026-87b1-d49c6106ccf3,encoded@bitrate=750_height=384,OldTownCross@display=sequential
encoded@bitrate=1750_height=480,encoded@bitrate=375_height=288,7fc4fb94-b7e7-4237-8e77-087183634925,encoded@bitrate=1750_height=480,OldTownCross@display=sequential
encoded@bitrate=1750_height=480,encoded@bitrate=1750_height=480,859ffd8a-b1cd-49e1-9235-03e141136463,encoded@bitrate=375_height=288,OldTownCross@display=sequential
encoded@bitrate=1750_height=480,encoded@bitrate=1750_height=480,bdaf75e9-710e-440d-a0da-c8460f2c216f,encoded@bitrate=375_height=288,OldTownCross@display=sequential
encoded@bitrate=1750_height=480,encoded@bitrate=375_height=288,9f33edd4-881a-4ba2-a15f-93d4e082e7b0,encoded@bitrate=1750_height=480,OldTownCross@display=sequential
encoded@bitrate=1750_height=480,encoded@bitrate=375_height=288,66ae368d-fe93-4ff7-aafd-162ed5776cd6,encoded@bitrate=1750_height=480,OldTownCross@display=sequential
encoded@bitrate=1750_height=480,encoded@bitrate=375_height=288,8758c6d9-ff95-4e68-834d-d2cc9e39f62c,encoded@bitrate=1750_height=480,OldTownCross@display=sequential
encoded@bitrate=1750_height=480,encoded@bitrate=1750_height=480,fda50597-1f41-40cf-b84d-017055879a57,encoded@bitrate=375_height=288,OldTownCross@display=sequential
encoded@bitrate=1750_height=480,encoded@bitrate=375_height=288,abb69d4e-907f-485f-845d-799923e35219,encoded@bitrate=1750_height=480,OldTownCross@display=sequential
encoded@bitrate=1750_height=480,encoded@bitrate=1750_height=480,08f89d86-d913-4fe9-b96e-90342304c107,encoded@bitrate=375_height=288,OldTownCross@display=sequential
encoded@bitrate=1750_height=480,encoded@bitrate=1750_height=480,55682f9e-b267-4d99-8302-c1aa8186aa39,encoded@bitrate=375_height=288,OldTownCross@display=sequential
encoded@bitrate=4300_height=1080,encoded@bitrate=375_height=288,48ab3d96-1eab-4483-bf3f-b690ddb1a5cb,encoded@bitrate=4300_height=1080,ElFuente2@display=sequential
encoded@bitrate=4300_height=1080,encoded@bitrate=4300_height=1080,48f26fd4-0581-4d50-ab31-ffef5ac3b645,encoded@bitrate=375_height=288,ElFuente2@display=sequential
,encoded@bitrate=4300_height=1080,75d3b625-b4cb-421e-8d02-6b64d24248ea,encoded@bitrate=375_height=288,ElFuente2@display=sequential
encoded@bitrate=4300_height=1080,encoded@bitrate=375_height=288,8b82218a-90c4-4f4a-8bcb-f70c2de70614,encoded@bitrate=4300_height=1080,ElFuente2@display=sequential
encoded@bitrate=4300_height=1080,encoded@bitrate=4300_height=1080,2cf04c1d-69ed-4a9f-9296-26dd3abf56ce,encoded@bitrate=375_height=288,ElFuente2@display=sequential
encoded@bitrate=4300_height=1080,encoded@bitrate=4300_height=1080,6cf2c76e-5f85-4403-82aa-d49cfb5b9422,encoded@bitrate=375_height=288,ElFuente2@display=sequential
encoded@bitrate=4300_height=1080,encoded@bitrate=4300_height=1080,a01d248f-120f-44aa-a1ae-c78564daf7f6,encoded@bitrate=375_height=288,ElFuente2@display=sequential
encoded@bitrate=4300_height=1080,encoded@bitrate=4300_height=1080,21fb7d74-ce7f-4a75-bbf9-60059b82b720,encoded@bitrate=375_height=288,ElFuente2@display=sequential
encoded@bitrate=4300_height=1080,encoded@bitrate=375_height=288,d52484c5-287b-49f5-92f9-d01055c2728e,encoded@bitrate=4300_height=1080,ElFuente2@display=sequential
encoded@bitrate=4300_height=1080,encoded@bitrate=375_height=288,a380631e-2ff4-4ec4-882d-f1b84cf9cdc9,encoded@bitrate=4300_height=1080,ElFuente2@display=sequential
,encoded@bitrate=750_height=384,fb0e1f06-4470-4634-afee-196d114b43b6,encoded@bitrate=750_height=480,BirdsInCage@display=sequential
encoded@bitrate=750_height=480,encoded@bitrate=750_height=480,e668e37c-ba44-4b0d-afd9-2062862b816f,encoded@bitrate=750_height=384,BirdsInCage@display=sequential
encoded@bitrate=750_height=480,encoded@bitrate=750_height=480,d2b4d696-aa3f-4f64-842e-b95ddd65449e,encoded@bitrate=750_height=384,BirdsInCage@display=sequential
encoded@bitrate=750_height=480,encoded@bitrate=750_height=384,e6f8bc6b-e67a-4141-9f44-5abe35c62046,encoded@bitrate=750_height=480,BirdsInCage@display=sequential
encoded@bitrate=750_height=480,encoded@bitrate=750_height=384,1e8ecf48-08f8-4994-84af-a25bd4c29c02,encoded@bitrate=750_height=480,BirdsInCage@display=sequential
encoded@bitrate=750_height=480,encoded@bitrate=750_height=384,656acb6a-98d6-4ca3-bb95-940aef8ce38e,encoded@bitrate=750_height=480,BirdsInCage@display=sequential
encoded@bitrate=750_height=480,encoded@bitrate=750_height=480,595d6b93-ba8e-4ddf-9a72-50bbd51fd899,encoded@bitrate=750_height=384,BirdsInCage@display=sequential
encoded@bitrate=750_height=480,encoded@bitrate=750_height=384,65972744-31a9-4472-9908-5536a8a7122e,encoded@bitrate=750_height=480,BirdsInCage@display=sequential
encoded@bitrate=750_height=480,encoded@bitrate=750_height=480,05de8bc7-41eb-47be-80e6-4c24be43649c,encoded@bitrate=750_height=384,BirdsInCage@display=sequential
encoded@bitrate=750_height=480,encoded@bitrate=750_height=480,215a949e-c7d9-4a47-9700-b26141e218c8,encoded@bitrate=750_height=384,BirdsInCage@display=sequential
encoded@bitrate=2350_height=720,encoded@bitrate=2350_height=720,3fd0c9c3-2630-4b2e-97a2-a5d53a98bd58,encoded@bitrate=1750_height=480,OldTownCross@display=sequential
encoded@bitrate=2350_height=720,encoded@bitrate=1750_height=480,f6e9c70a-c31e-4e0c-9454-2796cd957b8f,encoded@bitrate=2350_height=720,OldTownCross@display=sequential
encoded@bitrate=2350_height=720,encoded@bitrate=2350_height=720,777aa73c-e876-4af7-a998-55b2db8bf245,encoded@bitrate=1750_height=480,OldTownCross@display=sequential
encoded@bitrate=2350_height=720,encoded@bitrate=2350_height=720,5a1b603e-2a3d-41bf-8b6e-10e9c9e994bf,encoded@bitrate=1750_height=480,OldTownCross@display=sequential
encoded@bitrate=2350_height=720,encoded@bitrate=2350_height=720,89ffb17a-c99a-4e69-b200-2fd8e129e584,encoded@bitrate=1750_height=480,OldTownCross@display=sequential
encoded@bitrate=2350_height=720,encoded@bitrate=1750_height=480,25b75a3c-786b-44b3-b448-9883ab9d0990,encoded@bitrate=2350_height=720,OldTownCross@display=sequential
encoded@bitrate=2350_height=720,encoded@bitrate=1750_height=480,39106def-10dc-4a00-97d4-3f8ec15e1f8e,encoded@bitrate=2350_height=720,OldTownCross@display=sequential
encoded@bitrate=2350_height=720,encoded@bitrate=1750_height=480,07e0efcb-001f-491e-aa9f-cca467743d01,encoded@bitrate=2350_height=720,OldTownCross@display=sequential
encoded@bitrate=2350_height=720,encoded@bitrate=2350_height=720,bbb385de-3383-428c-810d-de9218736f6e,encoded@bitrate=1750_height=480,OldTownCross@display=sequential
encoded@bitrate=2350_height=720,encoded@bitrate=2350_height=720,42b81a15-a01a-4b06-a99e-90705512d83f,encoded@bitrate=1750_height=480,OldTownCross@display=sequential
encoded@bitrate=2300_height=1080,encoded@bitrate=2300_height=1080,1eaa9fca-05a8-423a-be58-58c2b8582fcd,encoded@bitrate=750_height=384,FoxBird@display=sequential
encoded@bitrate=2300_height=1080,encoded@bitrate=750_height=384,0fefac0c-a2e6-487f-ad69-a8c37b4efa0a,encoded@bitrate=2300_height=1080,FoxBird@display=sequential
encoded@bitrate=2300_height=1080,encoded@bitrate=2300_height=1080,0febb639-cbaf-4607-83ee-763ea7fdd47c,encoded@bitrate=750_height=384,FoxBird@display=sequential
,encoded@bitrate=2300_height=1080,a50b1738-5516-46bd-a585-fa878da470e2,encoded@bitrate=750_height=384,FoxBird@display=sequential
encoded@bitrate=2300_height=1080,encoded@bitrate=750_height=384,5a1b603e-2a3d-41bf-8b6e-10e9c9e994bf,encoded@bitrate=2300_height=1080,FoxBird@display=sequential
encoded@bitrate=2300_height=1080,encoded@bitrate=2300_height=1080,28f3ffe7-8eb8-4a16-9663-0a71ff4feb38,encoded@bitrate=750_height=384,FoxBird@display=sequential
encoded@bitrate=2300_height=1080,encoded@bitrate=750_height=384,d445a949-d7c2-4196-b6a8-50cf9b19cc10,encoded@bitrate=2300_height=1080,FoxBird@display=sequential
encoded@bitrate=2300_height=1080,encoded@bitrate=750_height=384,0282e284-6075-4272-8e47-0514da6c0239,encoded@bitrate=2300_height=1080,FoxBird@display=sequential
encoded@bitrate=2300_height=1080,encoded@bitrate=2300_height=1080,6a62592c-89bf-46a4-8e54-ab72b6951bbd,encoded@bitrate=750_height=384,FoxBird@display=sequential
encoded@bitrate=2300_height=1080,encoded@bitrate=2300_height=1080,18c189f5-38e9-4b8a-86c0-b8b7800ea38b,encoded@bitrate=750_height=384,FoxBird@display=sequential
encoded@bitrate=3050_height=720,encoded@bitrate=3050_height=720,fa18eb5e-4ada-462b-90a4-8d7624505663,encoded@bitrate=3800_height=1080,BigBuckBunny@display=sequential
encoded@bitrate=3800_height=1080,encoded@bitrate=3800_height=1080,b33efb6e-2e53-4052-87d4-bb3557a36e88,encoded@bitrate=3050_height=720,BigBuckBunny@display=sequential
encoded@bitrate=3800_height=1080,encoded@bitrate=3050_height=720,6138f355-0d67-4ba4-b05d-14e0b0d74414,encoded@bitrate=3800_height=1080,BigBuckBunny@display=sequential
encoded@bitrate=3050_height=720,encoded@bitrate=3800_height=1080,64f09ad6-9f2d-4ed2-9f00-8b7388aca3d2,encoded@bitrate=3050_height=720,BigBuckBunny@display=sequential
,encoded@bitrate=3800_height=1080,e94bde4d-255d-47f6-bdbf-d781c9955022,encoded@bitrate=3050_height=720,BigBuckBunny@display=sequential
encoded@bitrate=3800_height=1080,encoded@bitrate=3050_height=720,2ae6675c-c739-44f0-860a-11311acb04f1,encoded@bitrate=3800_height=1080,BigBuckBunny@display=sequential
encoded@bitrate=3800_height=1080,encoded@bitrate=3800_height=1080,3143164a-1c3e-4ff1-bc7b-f98339e9a921,encoded@bitrate=3050_height=720,BigBuckBunny@display=sequential
,encoded@bitrate=3800_height=1080,04e95b2d-3ea9-40f2-b0b2-68e0877d4e5d,encoded@bitrate=3050_height=720,BigBuckBunny@display=sequential
encoded@bitrate=3800_height=1080,encoded@bitrate=3800_height=1080,c0261397-7755-4f0f-b0a4-681c1cae71b6,encoded@bitrate=3050_height=720,BigBuckBunny@display=sequential
encoded@bitrate=3800_height=1080,encoded@bitrate=3800_height=1080,ebbf9667-0a89-4ecf-ad92-4b6fd6d9112c,encoded@bitrate=3050_height=720,BigBuckBunny@display=sequential
original,encoded@bitrate=375_height=288,a5d75ac5-07f5-4c4c-bf5f-671d657d60b5,original,FoxBird@display=sequential
original,original,0f829d1a-b988-4f9b-8ff2-7ed9cefc6432,encoded@bitrate=375_height=288,FoxBird@display=sequential
original,original,b53224e8-348a-4c30-a6fe-2dd0db827c1a,encoded@bitrate=375_height=288,FoxBird@display=sequential
original,encoded@bitrate=375_height=288,60ade839-ce16-4f88-b903-3805bf524cf2,original,FoxBird@display=sequential
original,original,ad4a8214-8f58-4022-b373-a21582fdc842,encoded@bitrate=375_height=288,FoxBird@display=sequential
original,original,17af30dd-f366-4fc2-ad54-e0bb255a4ebc,encoded@bitrate=375_height=288,FoxBird@display=sequential
original,original,0f77e328-c1f5-4b7b-b765-f2b718ad525c,encoded@bitrate=375_height=288,FoxBird@display=sequential
original,original,68784bad-1b93-450c-a86b-529f01a28a30,encoded@bitrate=375_height=288,FoxBird@display=sequential
original,original,4430b16c-a339-4f7d-bfc4-59c4c73b0b30,encoded@bitrate=375_height=288,FoxBird@display=sequential
original,original,a0705ba3-cba0-46ca-adaa-5ad1794e1188,encoded@bitrate=375_height=288,FoxBird@display=sequential
,encoded@bitrate=7500_height=1080,50947f47-16ce-460f-b420-a89305500465,encoded@bitrate=5800_height=1080,CrowdRun@display=sequential
encoded@bitrate=7500_height=1080,encoded@bitrate=5800_height=1080,047278b9-b1d1-4203-80b2-6735cc761abe,encoded@bitrate=7500_height=1080,CrowdRun@display=sequential
encoded@bitrate=5800_height=1080,encoded@bitrate=7500_height=1080,1d5750bc-8caa-403b-b8cb-7843720e4e19,encoded@bitrate=5800_height=1080,CrowdRun@display=sequential
encoded@bitrate=7500_height=1080,encoded@bitrate=7500_height=1080,db06cd08-012c-4984-9355-38a0ac42eeb1,encoded@bitrate=5800_height=1080,CrowdRun@display=sequential
,encoded@bitrate=5800_height=1080,6ddc68b9-2043-40b0-8dca-222965fa9c27,encoded@bitrate=7500_height=1080,CrowdRun@display=sequential
,encoded@bitrate=7500_height=1080,9988cc9a-f7bd-4702-bbcc-ff93503e8d2d,encoded@bitrate=5800_height=1080,CrowdRun@display=sequential
encoded@bitrate=5800_height=1080,encoded@bitrate=5800_height=1080,d69fb9a4-88e8-4e25-bbde-bebbddf5fbc5,encoded@bitrate=7500_height=1080,CrowdRun@display=sequential
encoded@bitrate=5800_height=1080,encoded@bitrate=7500_height=1080,a78a2e8d-3a91-469c-b6d8-cb42a4121c57,encoded@bitrate=5800_height=1080,CrowdRun@display=sequential
encoded@bitrate=7500_height=1080,encoded@bitrate=7500_height=1080,4bb20196-b209-4ff6-b04e-cc3536d6a71e,encoded@bitrate=5800_height=1080,CrowdRun@display=sequential
encoded@bitrate=7500_height=1080,encoded@bitrate=7500_height=1080,881a6c66-db05-40f7-ad8a-77648d2d237f,encoded@bitrate=5800_height=1080,CrowdRun@display=sequential
encoded@bitrate=1050_height=480,encoded@bitrate=375_height=288,52a8708f-7993-40c8-aea1-69ff552e2f01,encoded@bitrate=1050_height=480,BigBuckBunny@display=sequential
encoded@bitrate=1050_height=480,encoded@bitrate=375_height=288,acf7d6bd-9041-4faf-ad16-b17383982915,encoded@bitrate=1050_height=480,BigBuckBunny@display=sequential
encoded@bitrate=1050_height=480,encoded@bitrate=375_height=288,909ad99b-fa8b-4cfd-b7e7-e4df1f5f24b9,encoded@bitrate=1050_height=480,BigBuckBunny@display=sequential
encoded@bitrate=1050_height=480,encoded@bitrate=1050_height=480,3d70e856-3ab7-4076-ad82-0936b0fdf3c7,encoded@bitrate=375_height=288,BigBuckBunny@display=sequential
encoded@bitrate=1050_height=480,encoded@bitrate=1050_height=480,20e597b5-5ce5-45a7-9a38-d9ef3932f8e0,encoded@bitrate=375_height=288,BigBuckBunny@display=sequential
encoded@bitrate=1050_height=480,encoded@bitrate=375_height=288,d35fe353-da0b-4b73-af6a-0993d3199c77,encoded@bitrate=1050_height=480,BigBuckBunny@display=sequential
encoded@bitrate=1050_height=480,encoded@bitrate=375_height=288,6d22f6aa-ae59-40dc-8725-da821af52e48,encoded@bitrate=1050_height=480,BigBuckBunny@display=sequential
encoded@bitrate=1050_height=480,encoded@bitrate=375_height=288,5fb511a7-580f-4be2-9e53-b66cd6b5246a,encoded@bitrate=1050_height=480,BigBuckBunny@display=sequential
encoded@bitrate=1050_height=480,encoded@bitrate=375_height=288,2360f12b-fd5b-4617-9fd0-5672e2a40b5d,encoded@bitrate=1050_height=480,BigBuckBunny@display=sequential
encoded@bitrate=1050_height=480,encoded@bitrate=375_height=288,195c7b00-aa90-444e-b2f5-4a13f76dd102,encoded@bitrate=1050_height=480,BigBuckBunny@display=sequential
,encoded@bitrate=4300_height=1080,3d70e856-3ab7-4076-ad82-0936b0fdf3c7,encoded@bitrate=7500_height=1080,ElFuente1@display=sequential
encoded@bitrate=7500_height=1080,encoded@bitrate=4300_height=1080,bd86f5f7-6fbd-4680-a9d5-5a34f343eba2,encoded@bitrate=7500_height=1080,ElFuente1@display=sequential
,encoded@bitrate=7500_height=1080,596a4e13-7796-4561-90a1-76039346e88a,encoded@bitrate=4300_height=1080,ElFuente1@display=sequential
encoded@bitrate=7500_height=1080,encoded@bitrate=4300_height=1080,2c034a31-b04b-4132-be9d-cebcbabb4380,encoded@bitrate=7500_height=1080,ElFuente1@display=sequential
encoded@bitrate=4300_height=1080,encoded@bitrate=7500_height=1080,5386aada-2e84-4b87-920b-147898ce357b,encoded@bitrate=4300_height=1080,ElFuente1@display=sequential
encoded@bitrate=7500_height=1080,encoded@bitrate=4300_height=1080,629ac0f2-f93c-4562-87e2-83e91c83e632,encoded@bitrate=7500_height=1080,ElFuente1@display=sequential
encoded@bitrate=4300_height=1080,encoded@bitrate=7500_height=1080,e1605e65-ef4d-48eb-92d4-c83f6c733031,encoded@bitrate=4300_height=1080,ElFuente1@display=sequential
,encoded@bitrate=7500_height=1080,bb926fe0-d9e2-46bc-9b22-daf71321c8aa,encoded@bitrate=4300_height=1080,ElFuente1@display=sequential
encoded@bitrate=7500_height=1080,encoded@bitrate=7500_height=1080,0c330943-51a6-42cd-bb7a-12e199b3cb90,encoded@bitrate=4300_height=1080,ElFuente1@display=sequential
encoded@bitrate=7500_height=1080,encoded@bitrate=7500_height=1080,c0261397-7755-4f0f-b0a4-681c1cae71b6,encoded@bitrate=4300_height=1080,ElFuente1@display=sequential
encoded@bitrate=4300_height=1080,encoded@bitrate=1750_height=480,58610daf-4074-4fec-bc1c-4770879d61c8,encoded@bitrate=4300_height=1080,Tennis@display=sequential
encoded@bitrate=4300_height=1080,encoded@bitrate=1750_height=480,f14632b9-fec7-49db-8dde-908e448d8556,encoded@bitrate=4300_height=1080,Tennis@display=sequential
encoded@bitrate=4300_height=1080,encoded@bitrate=1750_height=480,52e41e38-4c61-40bc-bb28-cafdfe4bcb7f,encoded@bitrate=4300_height=1080,Tennis@display=sequential
encoded@bitrate=1750_height=480,encoded@bitrate=4300_height=1080,2a00693b-e684-4794-ac24-aa15b045d8eb,encoded@bitrate=1750_height=480,Tennis@display=sequential
encoded@bitrate=4300_height=1080,encoded@bitrate=4300_height=1080,d9b5fc53-9935-4007-bdae-6fa5e7e7fc92,encoded@bitrate=1750_height=480,Tennis@display=sequential
encoded@bitrate=4300_height=1080,encoded@bitrate=4300_height=1080,004eff23-2c97-4fd4-8603-adcac081627e,encoded@bitrate=1750_height=480,Tennis@display=sequential
encoded@bitrate=4300_height=1080,encoded@bitrate=4300_height=1080,82a2a32f-6ef7-40ab-a7a3-0abcb70eed2a,encoded@bitrate=1750_height=480,Tennis@display=sequential
encoded@bitrate=4300_height=1080,encoded@bitrate=4300_height=1080,c932f144-695e-4b65-8153-5d7ba538f1b1,encoded@bitrate=1750_height=480,Tennis@display=sequential
,encoded@bitrate=1750_height=480,7fa97596-ab87-40b3-8e98-d7cad94abbea,encoded@bitrate=4300_height=1080,Tennis@display=sequential
encoded@bitrate=4300_height=1080,encoded@bitrate=4300_height=1080,0da493d0-ea80-4d70-ba9e-e3f5ff77d39f,encoded@bitrate=1750_height=480,Tennis@display=sequential
encoded@bitrate=5800_height=1080,encoded@bitrate=5800_height=1080,8e1eae9a-55e4-4cff-a611-e4ba38d017bb,encoded@bitrate=750_height=384,ElFuente1@display=sequential
encoded@bitrate=5800_height=1080,encoded@bitrate=750_height=384,7127c423-c55e-495f-8cbf-e77776fc320c,encoded@bitrate=5800_height=1080,ElFuente1@display=sequential
encoded@bitrate=5800_height=1080,encoded@bitrate=750_height=384,98d05a59-115c-43a5-8845-daafef401e10,encoded@bitrate=5800_height=1080,ElFuente1@display=sequential
encoded@bitrate=5800_height=1080,encoded@bitrate=750_height=384,6e3e236c-b948-4a41-8b52-feb486da487b,encoded@bitrate=5800_height=1080,ElFuente1@display=sequential
encoded@bitrate=5800_height=1080,encoded@bitrate=750_height=384,aa235a56-2c9d-4248-b414-4fb6bb6ad697,encoded@bitrate=5800_height=1080,ElFuente1@display=sequential
encoded@bitrate=5800_height=1080,encoded@bitrate=750_height=384,2cf04c1d-69ed-4a9f-9296-26dd3abf56ce,encoded@bitrate=5800_height=1080,ElFuente1@display=sequential
encoded@bitrate=5800_height=1080,encoded@bitrate=5800_height=1080,8760b604-bde2-4d2a-8da9-0492b050506c,encoded@bitrate=750_height=384,ElFuente1@display=sequential
encoded@bitrate=5800_height=1080,encoded@bitrate=5800_height=1080,051f4c64-8631-42c6-85f8-d7168adf4874,encoded@bitrate=750_height=384,ElFuente1@display=sequential
encoded@bitrate=5800_height=1080,encoded@bitrate=750_height=384,ce25b470-c37f-49d0-8203-ed9688c18912,encoded@bitrate=5800_height=1080,ElFuente1@display=sequential
encoded@bitrate=5800_height=1080,encoded@bitrate=750_height=384,7e0d9c54-ab06-406e-9404-376c6cb54cc9,encoded@bitrate=5800_height=1080,ElFuente1@display=sequential
original,encoded@bitrate=2350_height=720,92eaa3f8-76a9-4f2b-810d-426076bbe1ab,original,OldTownCross@display=sequential
encoded@bitrate=2350_height=720,original,f6e12820-1dde-4cf8-8de7-2dcccc84bffe,encoded@bitrate=2350_height=720,OldTownCross@display=sequential
encoded@bitrate=2350_height=720,encoded@bitrate=2350_height=720,dbdaad26-adc8-416a-9f6e-1c8ca62da9db,original,OldTownCross@display=sequential
original,original,5abb5f46-0296-40b8-822f-ec4f8bb50c1f,encoded@bitrate=2350_height=720,OldTownCross@display=sequential
original,original,84592273-be4b-4c0c-9569-ce4a9d8c0128,encoded@bitrate=2350_height=720,OldTownCross@display=sequential
original,encoded@bitrate=2350_height=720,7062c3bd-bec4-41ad-a49d-387ebc46bfd2,original,OldTownCross@display=sequential
original,encoded@bitrate=2350_height=720,5d3dc6a3-01dc-43b0-8cff-bfbde0c40871,original,OldTownCross@display=sequential
original,encoded@bitrate=2350_height=720,c16ea7fc-f3f0-4ec9-bca4-b83eb9159aa1,original,OldTownCross@display=sequential
,encoded@bitrate=2350_height=720,5cfef51c-f7c4-4010-a911-a45be2a4d919,original,OldTownCross@display=sequential
original,original,a7c0d27b-b535-4741-abf9-a1fec2399bd6,encoded@bitrate=2350_height=720,OldTownCross@display=sequential
encoded@bitrate=750_height=384,encoded@bitrate=750_height=480,ec8fe5d2-66e6-446e-82d7-78a2c7f7243a,encoded@bitrate=750_height=384,OldTownCross@display=sequential
encoded@bitrate=750_height=480,encoded@bitrate=750_height=480,04a47e94-ecc5-4706-a79a-e96f350141ed,encoded@bitrate=750_height=384,OldTownCross@display=sequential
encoded@bitrate=750_height=480,encoded@bitrate=750_height=480,abb3b591-f804-455c-a9eb-62536ba55725,encoded@bitrate=750_height=384,OldTownCross@display=sequential
encoded@bitrate=750_height=480,encoded@bitrate=750_height=480,085ea3db-2334-44ab-8798-14e7badbe0c6,encoded@bitrate=750_height=384,OldTownCross@display=sequential
encoded@bitrate=750_height=480,encoded@bitrate=750_height=480,cdf2dad0-af39-485b-894c-b2ff5d19e348,encoded@bitrate=750_height=384,OldTownCross@display=sequential
encoded@bitrate=750_height=480,encoded@bitrate=750_height=480,3febb924-5622-4d83-b36c-f2213c3f5117,encoded@bitrate=750_height=384,OldTownCross@display=sequential
encoded@bitrate=750_height=480,encoded@bitrate=750_height=384,ee4e6658-a9aa-47c7-bee6-48666c24c37e,encoded@bitrate=750_height=480,OldTownCross@display=sequential
encoded@bitrate=750_height=480,encoded@bitrate=750_height=384,a3d57e9a-630c-4320-8a26-435a9d86ed76,encoded@bitrate=750_height=480,OldTownCross@display=sequential
encoded@bitrate=750_height=480,encoded@bitrate=750_height=480,04efd0f2-8204-47a7-9bcf-ec4deb076c8f,encoded@bitrate=750_height=384,OldTownCross@display=sequential
encoded@bitrate=750_height=480,encoded@bitrate=750_height=384,feb86d47-9265-4860-8fde-a8d663708477,encoded@bitrate=750_height=480,OldTownCross@display=sequential
encoded@bitrate=10000_height=1080,encoded@bitrate=10000_height=1080,52a8708f-7993-40c8-aea1-69ff552e2f01,encoded@bitrate=3050_height=720,ElFuente2@display=sequential
encoded@bitrate=10000_height=1080,encoded@bitrate=3050_height=720,b33b3126-3379-45c3-aee4-013638446db5,encoded@bitrate=10000_height=1080,ElFuente2@display=sequential
encoded@bitrate=10000_height=1080,encoded@bitrate=10000_height=1080,2c95ff4f-49cb-486d-808e-f6b8faed6fd5,encoded@bitrate=3050_height=720,ElFuente2@display=sequential
encoded@bitrate=10000_height=1080,encoded@bitrate=10000_height=1080,e02609ec-35cf-456d-b864-7676af978c4b,encoded@bitrate=3050_height=720,ElFuente2@display=sequential
encoded@bitrate=10000_height=1080,encoded@bitrate=3050_height=720,9b102348-ca8a-4c5b-8d7d-a1878bcb82d3,encoded@bitrate=10000_height=1080,ElFuente2@display=sequential
encoded@bitrate=10000_height=1080,encoded@bitrate=10000_height=1080,5296ad33-1f8c-4621-a118-721bf71af4d3,encoded@bitrate=3050_height=720,ElFuente2@display=sequential
encoded@bitrate=10000_height=1080,encoded@bitrate=10000_height=1080,fed3c133-8a6c-4f5f-a931-1d3bf1e3cbfb,encoded@bitrate=3050_height=720,ElFuente2@display=sequential
encoded@bitrate=10000_height=1080,encoded@bitrate=10000_height=1080,84ca7dac-b83d-46e1-8a3f-6934889b29fd,encoded@bitrate=3050_height=720,ElFuente2@display=sequential
encoded@bitrate=10000_height=1080,encoded@bitrate=3050_height=720,8ae60f0f-bc2f-4e37-9772-cbd58a5734ca,encoded@bitrate=10000_height=1080,ElFuente2@display=sequential
encoded@bitrate=10000_height=1080,encoded@bitrate=10000_height=1080,151474dd-b512-4d05-9a75-a4b0be5942ed,encoded@bitrate=3050_height=720,ElFuente2@display=sequential
encoded@bitrate=750_height=384,encoded@bitrate=375_height=288,08f89d86-d913-4fe9-b96e-90342304c107,encoded@bitrate=750_height=384,FoxBird@display=sequential
encoded@bitrate=750_height=384,encoded@bitrate=750_height=384,e8e0dba2-353c-4c0f-a71d-3d0341a3ddb6,encoded@bitrate=375_height=288,FoxBird@display=sequential
encoded@bitrate=750_height=384,encoded@bitrate=750_height=384,e71693e3-f3a8-4f43-b1a3-1094bcfee6b3,encoded@bitrate=375_height=288,FoxBird@display=sequential
encoded@bitrate=750_height=384,encoded@bitrate=375_height=288,8182bf73-0cb3-422e-8eb3-0cbb71037d76,encoded@bitrate=750_height=384,FoxBird@display=sequential
encoded@bitrate=750_height=384,encoded@bitrate=750_height=384,b014d3a9-188b-4d01-8b6b-6867ebb0997d,encoded@bitrate=375_height=288,FoxBird@display=sequential
encoded@bitrate=750_height=384,encoded@bitrate=375_height=288,938ee2d9-0612-434e-8ced-1e766ff31000,encoded@bitrate=750_height=384,FoxBird@display=sequential
encoded@bitrate=750_height=384,encoded@bitrate=750_height=384,2c7b0073-dae3-4a21-a8ab-64e06361be0d,encoded@bitrate=375_height=288,FoxBird@display=sequential
encoded@bitrate=750_height=384,encoded@bitrate=750_height=384,74baf96c-84eb-4b58-8ed9-1bbe2c73d85a,encoded@bitrate=375_height=288,FoxBird@display=sequential
encoded@bitrate=750_height=384,encoded@bitrate=375_height=288,151474dd-b512-4d05-9a75-a4b0be5942ed,encoded@bitrate=750_height=384,FoxBird@display=sequential
encoded@bitrate=750_height=384,encoded@bitrate=750_height=384,97f15f79-2e8c-4f8f-bdf8-57bc17a7a1f9,encoded@bitrate=375_height=288,FoxBird@display=sequential
encoded@bitrate=1750_height=480,encoded@bitrate=1750_height=480,907299d4-1482-46f9-8444-e875e38eb7cb,encoded@bitrate=375_height=288,Tennis@display=sequential
encoded@bitrate=1750_height=480,encoded@bitrate=1750_height=480,74baf96c-84eb-4b58-8ed9-1bbe2c73d85a,encoded@bitrate=375_height=288,Tennis@display=sequential
encoded@bitrate=1750_height=480,encoded@bitrate=375_height=288,749cdf5a-d0cf-43c0-bdbe-6f69f45840d0,encoded@bitrate=1750_height=480,Tennis@display=sequential
encoded@bitrate=1750_height=480,encoded@bitrate=375_height=288,638556dd-6e86-4ae3-9c25-0dd2e60709f1,encoded@bitrate=1750_height=480,Tennis@display=sequential
encoded@bitrate=1750_height=480,encoded@bitrate=1750_height=480,a65903f2-eb1f-4206-929e-6957d523b32a,encoded@bitrate=375_height=288,Tennis@display=sequential
encoded@bitrate=1750_height=480,encoded@bitrate=1750_height=480,a598dfc3-ed57-44eb-8b48-92b2c1dd6086,encoded@bitrate=375_height=288,Tennis@display=sequential
encoded@bitrate=1750_height=480,encoded@bitrate=375_height=288,6f7e0309-3095-4c2a-a58e-11232cacc3bd,encoded@bitrate=1750_height=480,Tennis@display=sequential
encoded@bitrate=1750_height=480,encoded@bitrate=1750_height=480,22b292e9-7a17-4b4a-9a09-0681caae291e,encoded@bitrate=375_height=288,Tennis@display=sequential
encoded@bitrate=1750_height=480,encoded@bitrate=375_height=288,60507d05-0bbe-422a-8abd-b4e7e5fe8937,encoded@bitrate=1750_height=480,Tennis@display=sequential
encoded@bitrate=1750_height=480,encoded@bitrate=375_height=288,2847519c-6135-4c95-869d-42debfbc689f,encoded@bitrate=1750_height=480,Tennis@display=sequential
original,encoded@bitrate=1050_height=720,dbf56af0-d333-49de-9bd3-1b837113335b,original,BirdsInCage@display=sequential
,original,f5c65d98-da4b-4ebe-8638-393f3d2741c0,encoded@bitrate=1050_height=720,BirdsInCage@display=sequential
original,encoded@bitrate=1050_height=720,151474dd-b512-4d05-9a75-a4b0be5942ed,original,BirdsInCage@display=sequential
original,original,20e597b5-5ce5-45a7-9a38-d9ef3932f8e0,encoded@bitrate=1050_height=720,BirdsInCage@display=sequential
original,encoded@bitrate=1050_height=720,b3f255bf-c09c-4b9f-8244-955912f91178,original,BirdsInCage@display=sequential
original,original,cb413348-33d5-4aa8-b00b-1200485f9b83,encoded@bitrate=1050_height=720,BirdsInCage@display=sequential
original,encoded@bitrate=1050_height=720,53127e19-5162-4bab-bb56-69665405a598,original,BirdsInCage@display=sequential
original,original,298df3c7-d91b-4f74-be0d-afbb5a554566,encoded@bitrate=1050_height=720,BirdsInCage@display=sequential
original,original,7ccb0da3-b717-4245-9daa-e5860aaaaca6,encoded@bitrate=1050_height=720,BirdsInCage@display=sequential
original,original,61d2eaea-5d9d-432f-9d2b-228e869edc47,encoded@bitrate=1050_height=720,BirdsInCage@display=sequential
encoded@bitrate=7500_height=1080,encoded@bitrate=7500_height=1080,472d4448-6fde-4702-84a1-cf3f7bd0e45d,encoded@bitrate=1750_height=480,ElFuente1@display=sequential
encoded@bitrate=7500_height=1080,encoded@bitrate=7500_height=1080,4217bff9-943f-4f5e-b985-5d9e1ebb5eba,encoded@bitrate=1750_height=480,ElFuente1@display=sequential
encoded@bitrate=7500_height=1080,encoded@bitrate=7500_height=1080,0691e239-86d2-4f18-9569-54691f5edf2c,encoded@bitrate=1750_height=480,ElFuente1@display=sequential
encoded@bitrate=7500_height=1080,encoded@bitrate=1750_height=480,928f738f-8508-48b5-a38d-33451eab8633,encoded@bitrate=7500_height=1080,ElFuente1@display=sequential
encoded@bitrate=7500_height=1080,encoded@bitrate=7500_height=1080,719b63b7-550b-4eab-be5d-8250b6731a2e,encoded@bitrate=1750_height=480,ElFuente1@display=sequential
encoded@bitrate=7500_height=1080,encoded@bitrate=1750_height=480,da4644b1-335d-468a-8df0-814cc400fa8a,encoded@bitrate=7500_height=1080,ElFuente1@display=sequential
encoded@bitrate=7500_height=1080,encoded@bitrate=1750_height=480,6928b695-0a44-43eb-bf33-2e73eea11790,encoded@bitrate=7500_height=1080,ElFuente1@display=sequential
encoded@bitrate=7500_height=1080,encoded@bitrate=1750_height=480,9e2006cf-81f6-4dc7-9a43-405a3037fda2,encoded@bitrate=7500_height=1080,ElFuente1@display=sequential
encoded@bitrate=7500_height=1080,encoded@bitrate=7500_height=1080,a693e218-d9cd-4ff6-99ba-627b53ca937e,encoded@bitrate=1750_height=480,ElFuente1@display=sequential
encoded@bitrate=7500_height=1080,encoded@bitrate=1750_height=480,19221555-9ce9-4393-9ea5-e50657e62c74,encoded@bitrate=7500_height=1080,ElFuente1@display=sequential
original,original,472d4448-6fde-4702-84a1-cf3f7bd0e45d,encoded@bitrate=4300_height=1080,OldTownCross@display=sequential
encoded@bitrate=4300_height=1080,encoded@bitrate=4300_height=1080,8f79de94-24be-4943-8b74-544f666196b8,original,OldTownCross@display=sequential
encoded@bitrate=4300_height=1080,original,f3db176c-d706-4df7-8e35-7dc9132ab42d,encoded@bitrate=4300_height=1080,OldTownCross@display=sequential
original,original,e6f8bc6b-e67a-4141-9f44-5abe35c62046,encoded@bitrate=4300_height=1080,OldTownCross@display=sequential
encoded@bitrate=4300_height=1080,encoded@bitrate=4300_height=1080,082900d0-b541-4840-8099-04cd8537040b,original,OldTownCross@display=sequential
,encoded@bitrate=4300_height=1080,d9b5fc53-9935-4007-bdae-6fa5e7e7fc92,original,OldTownCross@display=sequential
original,original,668bbe46-836a-454f-ba33-dd4c33ddb6fd,encoded@bitrate=4300_height=1080,OldTownCross@display=sequential
encoded@bitrate=4300_height=1080,encoded@bitrate=4300_height=1080,470de4d5-fd31-4124-92aa-e5d4b85b5782,original,OldTownCross@display=sequential
encoded@bitrate=4300_height=1080,original,d7668104-cefe-4f34-ad17-149c4cbe34b1,encoded@bitrate=4300_height=1080,OldTownCross@display=sequential
,original,1febb2a5-e775-4a21-a8b0-28aa2c87f5fc,encoded@bitrate=4300_height=1080,OldTownCross@display=sequential
encoded@bitrate=5800_height=1080,encoded@bitrate=5800_height=1080,151474dd-b512-4d05-9a75-a4b0be5942ed,encoded@bitrate=375_height=288,Seeking@display=sequential
encoded@bitrate=5800_height=1080,encoded@bitrate=5800_height=1080,2c95ff4f-49cb-486d-808e-f6b8faed6fd5,encoded@bitrate=375_height=288,Seeking@display=sequential
encoded@bitrate=5800_height=1080,encoded@bitrate=5800_height=1080,5296ad33-1f8c-4621-a118-721bf71af4d3,encoded@bitrate=375_height=288,Seeking@display=sequential
encoded@bitrate=5800_height=1080,encoded@bitrate=5800_height=1080,b0639bf6-4570-49a6-b010-85440f842c50,encoded@bitrate=375_height=288,Seeking@display=sequential
encoded@bitrate=5800_height=1080,encoded@bitrate=5800_height=1080,3143164a-1c3e-4ff1-bc7b-f98339e9a921,encoded@bitrate=375_height=288,Seeking@display=sequential
encoded@bitrate=5800_height=1080,encoded@bitrate=5800_height=1080,fc9666e5-30e9-47fc-9e00-bfb32a90cb5b,encoded@bitrate=375_height=288,Seeking@display=sequential
encoded@bitrate=5800_height=1080,encoded@bitrate=375_height=288,a8ee67dd-bb21-4bc5-a474-fcfb83d5f8d6,encoded@bitrate=5800_height=1080,Seeking@display=sequential
encoded@bitrate=5800_height=1080,encoded@bitrate=5800_height=1080,2e79172f-46f4-4734-ae33-91f9f5c22bbf,encoded@bitrate=375_height=288,Seeking@display=sequential
encoded@bitrate=5800_height=1080,encoded@bitrate=375_height=288,2268b1e8-ab95-4a64-bbb0-4dc64f270f4f,encoded@bitrate=5800_height=1080,Seeking@display=sequential
encoded@bitrate=5800_height=1080,encoded@bitrate=375_height=288,b93642b3-a858-453c-b8e3-9cd43fc58f9e,encoded@bitrate=5800_height=1080,Seeking@display=sequential
encoded@bitrate=1750_height=480,encoded@bitrate=750_height=384,f265067e-4156-41bf-a356-5489e7eb5f56,encoded@bitrate=1750_height=480,FoxBird@display=sequential
encoded@bitrate=1750_height=480,encoded@bitrate=750_height=384,e5023fe1-23dd-4132-99eb-54f07bb55f1c,encoded@bitrate=1750_height=480,FoxBird@display=sequential
encoded@bitrate=1750_height=480,encoded@bitrate=1750_height=480,bf3cb4fa-49fa-4340-a93a-968c70951b9d,encoded@bitrate=750_height=384,FoxBird@display=sequential
encoded@bitrate=1750_height=480,encoded@bitrate=1750_height=480,79ed6f1d-b369-4100-a6fd-b0a81d46b110,encoded@bitrate=750_height=384,FoxBird@display=sequential
encoded@bitrate=1750_height=480,encoded@bitrate=750_height=384,a3577c25-bda4-48cb-856e-c8b69b4cad2f,encoded@bitrate=1750_height=480,FoxBird@display=sequential
encoded@bitrate=1750_height=480,encoded@bitrate=750_height=384,71e14685-9bb1-453e-940d-07a99ca5950b,encoded@bitrate=1750_height=480,FoxBird@display=sequential
encoded@bitrate=1750_height=480,encoded@bitrate=750_height=384,385532c8-5edf-4c2b-85e3-1c533fad9959,encoded@bitrate=1750_height=480,FoxBird@display=sequential
encoded@bitrate=1750_height=480,encoded@bitrate=1750_height=480,a8ee67dd-bb21-4bc5-a474-fcfb83d5f8d6,encoded@bitrate=750_height=384,FoxBird@display=sequential
encoded@bitrate=1750_height=480,encoded@bitrate=1750_height=480,dd48a3e8-a67f-41e1-b59d-9ee155000e80,encoded@bitrate=750_height=384,FoxBird@display=sequential
encoded@bitrate=1750_height=480,encoded@bitrate=1750_height=480,09de16c3-f8ac-42c9-bd83-0b8cebd57647,encoded@bitrate=750_height=384,FoxBird@display=sequential
encoded@bitrate=4300_height=1080,encoded@bitrate=750_height=384,0fc10e59-0cf3-4b60-acf5-c2e37e215cad,encoded@bitrate=4300_height=1080,Tennis@display=sequential
encoded@bitrate=4300_height=1080,encoded@bitrate=4300_height=1080,5f6b09f1-b26d-4374-83d3-458e20cb9ab5,encoded@bitrate=750_height=384,Tennis@display=sequential
encoded@bitrate=4300_height=1080,encoded@bitrate=4300_height=1080,389e65fd-2bf8-42a2-8b81-822ecb5b58e1,encoded@bitrate=750_height=384,Tennis@display=sequential
encoded@bitrate=4300_height=1080,encoded@bitrate=4300_height=1080,04a47e94-ecc5-4706-a79a-e96f350141ed,encoded@bitrate=750_height=384,Tennis@display=sequential
encoded@bitrate=4300_height=1080,encoded@bitrate=750_height=384,64f01562-adef-480b-927e-12872cada192,encoded@bitrate=4300_height=1080,Tennis@display=sequential
encoded@bitrate=4300_height=1080,encoded@bitrate=750_height=384,cdf2dad0-af39-485b-894c-b2ff5d19e348,encoded@bitrate=4300_height=1080,Tennis@display=sequential
encoded@bitrate=4300_height=1080,encoded@bitrate=750_height=384,a4b0cbec-917c-418b-bdf9-82a0936f4905,encoded@bitrate=4300_height=1080,Tennis@display=sequential
encoded@bitrate=4300_height=1080,encoded@bitrate=750_height=384,5a61f938-bcc9-4393-8100-91e4bdd9d9a3,encoded@bitrate=4300_height=1080,Tennis@display=sequential
encoded@bitrate=4300_height=1080,encoded@bitrate=750_height=384,3521500f-73a5-4c23-853b-8f0ce5b3d92f,encoded@bitrate=4300_height=1080,Tennis@display=sequential
encoded@bitrate=4300_height=1080,encoded@bitrate=4300_height=1080,5538c60a-3f6f-425a-90d3-4f15c31f6e3f,encoded@bitrate=750_height=384,Tennis@display=sequential
,encoded@bitrate=1050_height=480,52a8708f-7993-40c8-aea1-69ff552e2f01,encoded@bitrate=750_height=384,Tennis@display=sequential
encoded@bitrate=1050_height=480,encoded@bitrate=1050_height=480,73bc4325-66f7-441c-aedd-b9b15a616e60,encoded@bitrate=750_height=384,Tennis@display=sequential
,encoded@bitrate=1050_height=480,928f738f-8508-48b5-a38d-33451eab8633,encoded@bitrate=750_height=384,Tennis@display=sequential
encoded@bitrate=1050_height=480,encoded@bitrate=750_height=384,e8e1430a-3a2a-4c67-80e7-310c0cb6a8b9,encoded@bitrate=1050_height=480,Tennis@display=sequential
encoded@bitrate=750_height=384,encoded@bitrate=750_height=384,6b48482e-fbd7-4085-8717-135a3fa6b351,encoded@bitrate=1050_height=480,Tennis@display=sequential
encoded@bitrate=1050_height=480,encoded@bitrate=1050_height=480,629ac0f2-f93c-4562-87e2-83e91c83e632,encoded@bitrate=750_height=384,Tennis@display=sequential
encoded@bitrate=1050_height=480,encoded@bitrate=750_height=384,6b443695-605c-4b3e-ad5c-4504b6a4935b,encoded@bitrate=1050_height=480,Tennis@display=sequential
encoded@bitrate=1050_height=480,encoded@bitrate=750_height=384,d826d53b-0856-4aea-a51b-432806abb1e1,encoded@bitrate=1050_height=480,Tennis@display=sequential
encoded@bitrate=1050_height=480,encoded@bitrate=750_height=384,b3674941-21f6-49d0-a645-e7b0723e17a2,encoded@bitrate=1050_height=480,Tennis@display=sequential
encoded@bitrate=1050_height=480,encoded@bitrate=750_height=384,6ecafacc-74bb-46fc-a25c-fb88759b6610,encoded@bitrate=1050_height=480,Tennis@display=sequential
encoded@bitrate=5800_height=1080,encoded@bitrate=1750_height=480,50f51bac-dcf9-417a-af31-515670431985,encoded@bitrate=5800_height=1080,ElFuente1@display=sequential
encoded@bitrate=5800_height=1080,encoded@bitrate=5800_height=1080,b1a7ab8f-b9a1-4e38-9633-fac16c7345db,encoded@bitrate=1750_height=480,ElFuente1@display=sequential
encoded@bitrate=5800_height=1080,encoded@bitrate=5800_height=1080,aff72792-47ad-419e-9732-8b02aa415e28,encoded@bitrate=1750_height=480,ElFuente1@display=sequential
encoded@bitrate=5800_height=1080,encoded@bitrate=5800_height=1080,65392d93-283c-4079-b9ae-ce016ea883f6,encoded@bitrate=1750_height=480,ElFuente1@display=sequential
encoded@bitrate=5800_height=1080,encoded@bitrate=5800_height=1080,d6c6a79e-5a39-4ddc-8d67-e61611c73318,encoded@bitrate=1750_height=480,ElFuente1@display=sequential
encoded@bitrate=5800_height=1080,encoded@bitrate=1750_height=480,6f2c2f55-6d6c-4686-9a3c-50e7b4b47219,encoded@bitrate=5800_height=1080,ElFuente1@display=sequential
encoded@bitrate=5800_height=1080,encoded@bitrate=1750_height=480,20b82720-584e-4871-83c5-e88aec82c7ff,encoded@bitrate=5800_height=1080,ElFuente1@display=sequential
encoded@bitrate=5800_height=1080,encoded@bitrate=1750_height=480,66bbfe16-e8a0-4b41-bbb9-8d4184c0f119,encoded@bitrate=5800_height=1080,ElFuente1@display=sequential
encoded@bitrate=5800_height=1080,encoded@bitrate=1750_height=480,5558d8dc-89e4-420a-bb35-818b2f95eb50,encoded@bitrate=5800_height=1080,ElFuente1@display=sequential
encoded@bitrate=5800_height=1080,encoded@bitrate=1750_height=480,45102dc6-4f10-4500-a0f1-b9a4537ebbbe,encoded@bitrate=5800_height=1080,ElFuente1@display=sequential
encoded@bitrate=750_height=384,encoded@bitrate=750_height=384,315a0286-5f6d-4248-832d-03fd03fd9243,encoded@bitrate=375_height=288,Tennis@display=sequential
encoded@bitrate=750_height=384,encoded@bitrate=750_height=384,d9ff101e-ef99-45a1-b979-91bffe08a7a1,encoded@bitrate=375_height=288,Tennis@display=sequential
encoded@bitrate=750_height=384,encoded@bitrate=375_height=288,3cdea77c-18d6-4285-8822-0547ebab6d19,encoded@bitrate=750_height=384,Tennis@display=sequential
encoded@bitrate=750_height=384,encoded@bitrate=750_height=384,1fbd93ac-8eb8-4d25-8246-22f21c4c0993,encoded@bitrate=375_height=288,Tennis@display=sequential
encoded@bitrate=750_height=384,encoded@bitrate=750_height=384,814ba963-799b-4345-bf39-65bfbb22105a,encoded@bitrate=375_height=288,Tennis@display=sequential
encoded@bitrate=750_height=384,encoded@bitrate=375_height=288,a1d1d1a3-ca05-441a-a182-190990e89d09,encoded@bitrate=750_height=384,Tennis@display=sequential
encoded@bitrate=750_height=384,encoded@bitrate=750_height=384,7dad68b5-2969-4d35-8426-a97f213bdaf4,encoded@bitrate=375_height=288,Tennis@display=sequential
encoded@bitrate=750_height=384,encoded@bitrate=375_height=288,64472def-2740-415f-828a-17a7931c64a8,encoded@bitrate=750_height=384,Tennis@display=sequential
encoded@bitrate=750_height=384,encoded@bitrate=750_height=384,cb83eb86-11c6-454c-b320-99bbb9f9bb2f,encoded@bitrate=375_height=288,Tennis@display=sequential
encoded@bitrate=750_height=384,encoded@bitrate=375_height=288,8d8628ca-83a4-40d2-b94c-08e90b8944e4,encoded@bitrate=750_height=384,Tennis@display=sequential
original,encoded@bitrate=1750_height=480,9b102348-ca8a-4c5b-8d7d-a1878bcb82d3,original,Tennis@display=sequential
original,original,6733509c-e7bb-4800-a850-f076ea6206c3,encoded@bitrate=1750_height=480,Tennis@display=sequential
,original,42cf276e-584f-459f-92b9-c2966ba7f50e,encoded@bitrate=1750_height=480,Tennis@display=sequential
original,original,e8e0dba2-353c-4c0f-a71d-3d0341a3ddb6,encoded@bitrate=1750_height=480,Tennis@display=sequential
original,original,7c090835-7343-43cb-a556-8d9c65bf2579,encoded@bitrate=1750_height=480,Tennis@display=sequential
original,encoded@bitrate=1750_height=480,938ee2d9-0612-434e-8ced-1e766ff31000,original,Tennis@display=sequential
,original,2d6d9756-d2b6-4bea-b4e1-94b41721de02,encoded@bitrate=1750_height=480,Tennis@display=sequential
encoded@bitrate=1750_height=480,encoded@bitrate=1750_height=480,8c16ccef-13f6-4933-9c0b-095fc895e7ab,original,Tennis@display=sequential
original,original,5d6db2a1-c7dc-406e-b3db-75a738a9cd46,encoded@bitrate=1750_height=480,Tennis@display=sequential
original,encoded@bitrate=1750_height=480,f01ea614-4b9a-4255-8e5c-16a8f3c2a04a,original,Tennis@display=sequential
original,encoded@bitrate=375_height=288,c185b7b6-460c-449b-942c-7437d0e8b154,original,BigBuckBunny@display=sequential
original,encoded@bitrate=375_height=288,c0edb15c-ab68-46ab-8a8a-1fa175f7c810,original,BigBuckBunny@display=sequential
original,encoded@bitrate=375_height=288,502847cb-21d3-4808-bd8a-4ec3b2a1c24c,original,BigBuckBunny@display=sequential
original,encoded@bitrate=375_height=288,2e4c1a67-80bc-4b30-b6ca-da117c7f7ee9,original,BigBuckBunny@display=sequential
original,original,1d5c805c-effd-4a65-8548-6d56ca4ca24c,encoded@bitrate=375_height=288,BigBuckBunny@display=sequential
original,original,ac3cb7af-b2f0-4b61-9ea7-61bad06aa1d3,encoded@bitrate=375_height=288,BigBuckBunny@display=sequential
original,encoded@bitrate=375_height=288,4b6c3b78-352c-4b84-9c29-a70e17c0e399,original,BigBuckBunny@display=sequential
original,encoded@bitrate=375_height=288,db107cd9-dbe7-4902-afda-5ae89c3af6c2,original,BigBuckBunny@display=sequential
original,original,ec42671b-b220-4f4e-b118-4dcc01ef84f3,encoded@bitrate=375_height=288,BigBuckBunny@display=sequential
original,original,c23c0921-9fcb-43fe-82f9-8e8f14fc0947,encoded@bitrate=375_height=288,BigBuckBunny@display=sequential
encoded@bitrate=3050_height=720,encoded@bitrate=3050_height=720,b67bb1dd-dd7b-4f65-ae08-2eddf15f23f2,encoded@bitrate=750_height=384,Tennis@display=sequential
encoded@bitrate=3050_height=720,encoded@bitrate=3050_height=720,65e55d30-683c-49bd-9237-f89f1646f134,encoded@bitrate=750_height=384,Tennis@display=sequential
encoded@bitrate=3050_height=720,encoded@bitrate=3050_height=720,ee4e6658-a9aa-47c7-bee6-48666c24c37e,encoded@bitrate=750_height=384,Tennis@display=sequential
encoded@bitrate=3050_height=720,encoded@bitrate=750_height=384,2082be69-3d1a-46ad-b3cf-b33db5b98382,encoded@bitrate=3050_height=720,Tennis@display=sequential
encoded@bitrate=3050_height=720,encoded@bitrate=3050_height=720,faac7ea8-ec5f-4eb7-b401-1aa9a93a6a43,encoded@bitrate=750_height=384,Tennis@display=sequential
encoded@bitrate=3050_height=720,encoded@bitrate=3050_height=720,b50ef8d4-8186-4583-b21a-e5735648587c,encoded@bitrate=750_height=384,Tennis@display=sequential
encoded@bitrate=3050_height=720,encoded@bitrate=3050_height=720,c185b7b6-460c-449b-942c-7437d0e8b154,encoded@bitrate=750_height=384,Tennis@display=sequential
encoded@bitrate=3050_height=720,encoded@bitrate=3050_height=720,b1b18717-7abb-45b4-87fd-424cf2f20ca6,encoded@bitrate=750_height=384,Tennis@display=sequential
,encoded@bitrate=750_height=384,6ddc68b9-2043-40b0-8dca-222965fa9c27,encoded@bitrate=3050_height=720,Tennis@display=sequential
encoded@bitrate=3050_height=720,encoded@bitrate=3050_height=720,4386838f-4af9-4121-8895-9a6078e94dd5,encoded@bitrate=750_height=384,Tennis@display=sequential
encoded@bitrate=2950_height=720,encoded@bitrate=2950_height=720,6aa8af2c-3dd4-497b-a3fe-7c0f81f96f4a,encoded@bitrate=375_height=288,OldTownCross@display=sequential
encoded@bitrate=2950_height=720,encoded@bitrate=2950_height=720,3143164a-1c3e-4ff1-bc7b-f98339e9a921,encoded@bitrate=375_height=288,OldTownCross@display=sequential
encoded@bitrate=2950_height=720,encoded@bitrate=2950_height=720,3be288f6-8041-4043-b452-46e8a67d7014,encoded@bitrate=375_height=288,OldTownCross@display=sequential
encoded@bitrate=2950_height=720,encoded@bitrate=375_height=288,aabe9f34-7549-448a-833f-58a6f1923baf,encoded@bitrate=2950_height=720,OldTownCross@display=sequential
encoded@bitrate=2950_height=720,encoded@bitrate=2950_height=720,745247a5-0200-4707-8b6c-14b19a0c8216,encoded@bitrate=375_height=288,OldTownCross@display=sequential
encoded@bitrate=2950_height=720,encoded@bitrate=2950_height=720,2dc294c9-e2ad-4de1-a9d0-cd71bbb77208,encoded@bitrate=375_height=288,OldTownCross@display=sequential
encoded@bitrate=2950_height=720,encoded@bitrate=2950_height=720,119c71bb-332f-49d7-80be-8c10ac85f39a,encoded@bitrate=375_height=288,OldTownCross@display=sequential
encoded@bitrate=2950_height=720,encoded@bitrate=375_height=288,f265067e-4156-41bf-a356-5489e7eb5f56,encoded@bitrate=2950_height=720,OldTownCross@display=sequential
encoded@bitrate=2950_height=720,encoded@bitrate=375_height=288,3ed94fd1-c049-45fd-ad73-4b5fb83c209d,encoded@bitrate=2950_height=720,OldTownCross@display=sequential
encoded@bitrate=2950_height=720,encoded@bitrate=2950_height=720,44c75a94-439f-4168-9828-64b1fb591086,encoded@bitrate=375_height=288,OldTownCross@display=sequential
original,encoded@bitrate=4300_height=1080,37d8e0b9-f320-4759-b810-b47ff4467016,original,Tennis@display=sequential
,encoded@bitrate=4300_height=1080,24cf22d0-b88a-4923-b8be-97af4e9f6013,original,Tennis@display=sequential
encoded@bitrate=4300_height=1080,original,df5575f6-7028-4152-850d-bfdbd7ff0569,encoded@bitrate=4300_height=1080,Tennis@display=sequential
original,original,15e504a2-140c-49a8-b62a-adede2b19d95,encoded@bitrate=4300_height=1080,Tennis@display=sequential
original,original,314669a2-7dac-4f5f-9604-1595a6684acb,encoded@bitrate=4300_height=1080,Tennis@display=sequential
original,original,16145d50-23f3-421b-8b7c-1f8e6a45b00e,encoded@bitrate=4300_height=1080,Tennis@display=sequential
encoded@bitrate=4300_height=1080,original,7a086198-2edc-4d14-ab82-3d7cd87e92c7,encoded@bitrate=4300_height=1080,Tennis@display=sequential
original,encoded@bitrate=4300_height=1080,6e864a01-02fb-4ef4-8f67-60232783d138,original,Tennis@display=sequential
,encoded@bitrate=4300_height=1080,0b29fc48-e1cd-4bcc-9dfe-589cbd42ce95,original,Tennis@display=sequential
,original,84ef6bb8-cb60-4e35-94ee-4f6eb5bac7a4,encoded@bitrate=4300_height=1080,Tennis@display=sequential
,encoded@bitrate=3050_height=720,15e504a2-140c-49a8-b62a-adede2b19d95,encoded@bitrate=4300_height=1080,BigBuckBunny@display=sequential
encoded@bitrate=4300_height=1080,encoded@bitrate=3050_height=720,8809b6cf-50cf-4c1e-8184-379e403aa7c4,encoded@bitrate=4300_height=1080,BigBuckBunny@display=sequential
,encoded@bitrate=3050_height=720,b33b3126-3379-45c3-aee4-013638446db5,encoded@bitrate=4300_height=1080,BigBuckBunny@display=sequential
,encoded@bitrate=4300_height=1080,f94f84f0-0314-443c-aa81-c3dd47dd772a,encoded@bitrate=3050_height=720,BigBuckBunny@display=sequential
,encoded@bitrate=3050_height=720,a9e2bea1-eb02-4a50-8ab1-77f60cb569ff,encoded@bitrate=4300_height=1080,BigBuckBunny@display=sequential
,encoded@bitrate=4300_height=1080,f081f320-f89e-4b1d-8b57-482c199bf00f,encoded@bitrate=3050_height=720,BigBuckBunny@display=sequential
encoded@bitrate=3050_height=720,encoded@bitrate=4300_height=1080,07e0efcb-001f-491e-aa9f-cca467743d01,encoded@bitrate=3050_height=720,BigBuckBunny@display=sequential
encoded@bitrate=4300_height=1080,encoded@bitrate=4300_height=1080,6e129bbe-9076-4e00-af2d-e7504a9dc166,encoded@bitrate=3050_height=720,BigBuckBunny@display=sequential
,encoded@bitrate=4300_height=1080,938ee2d9-0612-434e-8ced-1e766ff31000,encoded@bitrate=3050_height=720,BigBuckBunny@display=sequential
encoded@bitrate=4300_height=1080,encoded@bitrate=4300_height=1080,7e7c71d5-29cf-4dc2-b67b-49a564dcb072,encoded@bitrate=3050_height=720,BigBuckBunny@display=sequential
encoded@bitrate=1750_height=480,encoded@bitrate=1750_height=480,b6306029-365c-41e2-9319-61c0c405c6f4,encoded@bitrate=750_height=384,ElFuente1@display=sequential
encoded@bitrate=1750_height=480,encoded@bitrate=1750_height=480,c3401f48-cfd7-4f88-b4f3-ec9dc22b55f8,encoded@bitrate=750_height=384,ElFuente1@display=sequential
encoded@bitrate=1750_height=480,encoded@bitrate=750_height=384,15823cce-8dd0-4043-a063-eb157f7a8b5f,encoded@bitrate=1750_height=480,ElFuente1@display=sequential
encoded@bitrate=1750_height=480,encoded@bitrate=1750_height=480,d0c55c7c-e53c-42e0-8941-c77ee46fda9a,encoded@bitrate=750_height=384,ElFuente1@display=sequential
encoded@bitrate=1750_height=480,encoded@bitrate=750_height=384,1d104d10-ddaf-4815-9bae-c68e13790087,encoded@bitrate=1750_height=480,ElFuente1@display=sequential
encoded@bitrate=1750_height=480,encoded@bitrate=750_height=384,4a0e0461-c8eb-4110-a0b5-fad9b69abf34,encoded@bitrate=1750_height=480,ElFuente1@display=sequential
encoded@bitrate=1750_height=480,encoded@bitrate=750_height=384,15e504a2-140c-49a8-b62a-adede2b19d95,encoded@bitrate=1750_height=480,ElFuente1@display=sequential
encoded@bitrate=1750_height=480,encoded@bitrate=1750_height=480,3bd6b8a9-b6b4-451c-9278-ee9a14dafa7f,encoded@bitrate=750_height=384,ElFuente1@display=sequential
encoded@bitrate=1750_height=480,encoded@bitrate=750_height=384,2fba8665-903d-4a1d-affb-1d9d331f49a4,encoded@bitrate=1750_height=480,ElFuente1@display=sequential
encoded@bitrate=1750_height=480,encoded@bitrate=750_height=384,a013f115-1c9c-4d46-85b2-9e4c2673ab14,encoded@bitrate=1750_height=480,ElFuente1@display=sequential
encoded@bitrate=5800_height=1080,encoded@bitrate=5800_height=1080,1a45a8b4-7135-4768-a5c5-238e37fb98df,encoded@bitrate=2350_height=480,CrowdRun@display=sequential
encoded@bitrate=5800_height=1080,encoded@bitrate=2350_height=480,6c67538e-6b84-46b3-bd4c-8c3389fbab32,encoded@bitrate=5800_height=1080,CrowdRun@display=sequential
encoded@bitrate=5800_height=1080,encoded@bitrate=2350_height=480,1cd3c163-d5dd-44b8-9cf7-a107a3824ffa,encoded@bitrate=5800_height=1080,CrowdRun@display=sequential
encoded@bitrate=5800_height=1080,encoded@bitrate=2350_height=480,25b75a3c-786b-44b3-b448-9883ab9d0990,encoded@bitrate=5800_height=1080,CrowdRun@display=sequential
encoded@bitrate=5800_height=1080,encoded@bitrate=2350_height=480,222b099d-9a10-42b8-886d-9a79c05de256,encoded@bitrate=5800_height=1080,CrowdRun@display=sequential
encoded@bitrate=5800_height=1080,encoded@bitrate=2350_height=480,b886332d-223e-4326-be89-64ab855f095b,encoded@bitrate=5800_height=1080,CrowdRun@display=sequential
encoded@bitrate=5800_height=1080,encoded@bitrate=5800_height=1080,15e504a2-140c-49a8-b62a-adede2b19d95,encoded@bitrate=2350_height=480,CrowdRun@display=sequential
encoded@bitrate=5800_height=1080,encoded@bitrate=2350_height=480,20ee2e43-5f41-4f76-b0c1-2ffe19f9602c,encoded@bitrate=5800_height=1080,CrowdRun@display=sequential
encoded@bitrate=5800_height=1080,encoded@bitrate=5800_height=1080,e94d62b4-1674-49d2-9d93-d83fdf7fc0a9,encoded@bitrate=2350_height=480,CrowdRun@display=sequential
encoded@bitrate=5800_height=1080,encoded@bitrate=2350_height=480,9ff9d03b-26f1-4cd0-958a-820c3c75ba32,encoded@bitrate=5800_height=1080,CrowdRun@display=sequential
encoded@bitrate=750_height=480,encoded@bitrate=750_height=480,722cd235-b167-4f83-9e2c-44921da5a9d0,encoded@bitrate=375_height=288,FoxBird@display=sequential
encoded@bitrate=750_height=480,encoded@bitrate=375_height=288,f95ca5ed-5806-41a7-883d-75390a3ca469,encoded@bitrate=750_height=480,FoxBird@display=sequential
encoded@bitrate=750_height=480,encoded@bitrate=375_height=288,91e0d1d4-9f7e-4756-a50a-12bd3bbd1941,encoded@bitrate=750_height=480,FoxBird@display=sequential
encoded@bitrate=750_height=480,encoded@bitrate=750_height=480,841689ee-6ac0-48ef-b84e-b3638f5477a9,encoded@bitrate=375_height=288,FoxBird@display=sequential
encoded@bitrate=750_height=480,encoded@bitrate=750_height=480,98f9ec54-b947-408f-848e-553b8a2ded6e,encoded@bitrate=375_height=288,FoxBird@display=sequential
encoded@bitrate=750_height=480,encoded@bitrate=375_height=288,3143164a-1c3e-4ff1-bc7b-f98339e9a921,encoded@bitrate=750_height=480,FoxBird@display=sequential
encoded@bitrate=750_height=480,encoded@bitrate=375_height=288,58202c2c-6ed0-49f9-bd1c-0ee22c7dec66,encoded@bitrate=750_height=480,FoxBird@display=sequential
encoded@bitrate=750_height=480,encoded@bitrate=750_height=480,3b1058e2-fe8a-4537-a14d-164020753a23,encoded@bitrate=375_height=288,FoxBird@display=sequential
encoded@bitrate=750_height=480,encoded@bitrate=375_height=288,bb6d0d2d-b94a-492f-94a9-f55ed5467e0e,encoded@bitrate=750_height=480,FoxBird@display=sequential
encoded@bitrate=750_height=480,encoded@bitrate=750_height=480,cf62539a-dfa8-4a51-b330-bd4b8a49fcd1,encoded@bitrate=375_height=288,FoxBird@display=sequential
encoded@bitrate=3800_height=1080,encoded@bitrate=3800_height=1080,9f33edd4-881a-4ba2-a15f-93d4e082e7b0,encoded@bitrate=375_height=288,BigBuckBunny@display=sequential
encoded@bitrate=3800_height=1080,encoded@bitrate=3800_height=1080,42fb1927-baf0-4108-b7ea-960028526098,encoded@bitrate=375_height=288,BigBuckBunny@display=sequential
encoded@bitrate=3800_height=1080,encoded@bitrate=3800_height=1080,31386404-9819-45ed-8d9d-7ceeb1453990,encoded@bitrate=375_height=288,BigBuckBunny@display=sequential
encoded@bitrate=3800_height=1080,encoded@bitrate=375_height=288,c4be62d3-fa6f-4723-a727-5c0950b7f27f,encoded@bitrate=3800_height=1080,BigBuckBunny@display=sequential
encoded@bitrate=3800_height=1080,encoded@bitrate=3800_height=1080,3613e7d6-5bdf-4926-bba2-7859e0b1f77b,encoded@bitrate=375_height=288,BigBuckBunny@display=sequential
encoded@bitrate=3800_height=1080,encoded@bitrate=375_height=288,5198b894-1131-4041-bcc1-62488fda0604,encoded@bitrate=3800_height=1080,BigBuckBunny@display=sequential
encoded@bitrate=3800_height=1080,encoded@bitrate=375_height=288,603c65cd-5f34-45be-87e4-a188d93c9c26,encoded@bitrate=3800_height=1080,BigBuckBunny@display=sequential
encoded@bitrate=3800_height=1080,encoded@bitrate=375_height=288,20b82720-584e-4871-83c5-e88aec82c7ff,encoded@bitrate=3800_height=1080,BigBuckBunny@display=sequential
encoded@bitrate=3800_height=1080,encoded@bitrate=375_height=288,32984cad-d2a2-4070-9903-e1bb08e62b3e,encoded@bitrate=3800_height=1080,BigBuckBunny@display=sequential
encoded@bitrate=3800_height=1080,encoded@bitrate=3800_height=1080,551db687-32a7-4c5c-ad62-3702df23d258,encoded@bitrate=375_height=288,BigBuckBunny@display=sequential
encoded@bitrate=2350_height=480,encoded@bitrate=2350_height=480,722cd235-b167-4f83-9e2c-44921da5a9d0,encoded@bitrate=375_height=288,CrowdRun@display=sequential
encoded@bitrate=2350_height=480,encoded@bitrate=375_height=288,285e6ce4-b740-4a6e-9a62-d17f2e36da56,encoded@bitrate=2350_height=480,CrowdRun@display=sequential
encoded@bitrate=2350_height=480,encoded@bitrate=2350_height=480,a471abf2-3b44-4da3-a664-17b747e632f6,encoded@bitrate=375_height=288,CrowdRun@display=sequential
encoded@bitrate=2350_height=480,encoded@bitrate=375_height=288,d5d724bc-303a-4e86-9d46-ab375de40734,encoded@bitrate=2350_height=480,CrowdRun@display=sequential
encoded@bitrate=2350_height=480,encoded@bitrate=2350_height=480,551db687-32a7-4c5c-ad62-3702df23d258,encoded@bitrate=375_height=288,CrowdRun@display=sequential
encoded@bitrate=2350_height=480,encoded@bitrate=375_height=288,32984cad-d2a2-4070-9903-e1bb08e62b3e,encoded@bitrate=2350_height=480,CrowdRun@display=sequential
encoded@bitrate=2350_height=480,encoded@bitrate=375_height=288,f14632b9-fec7-49db-8dde-908e448d8556,encoded@bitrate=2350_height=480,CrowdRun@display=sequential
encoded@bitrate=2350_height=480,encoded@bitrate=2350_height=480,b9fce031-c9a8-4792-995b-c255fc3e9f96,encoded@bitrate=375_height=288,CrowdRun@display=sequential
encoded@bitrate=2350_height=480,encoded@bitrate=375_height=288,3346d8dd-79a1-4cc2-96f1-d21cc148070a,encoded@bitrate=2350_height=480,CrowdRun@display=sequential
encoded@bitrate=2350_height=480,encoded@bitrate=2350_height=480,9bf893fd-8e82-4b0e-bc2b-b001e5f912c4,encoded@bitrate=375_height=288,CrowdRun@display=sequential
encoded@bitrate=3050_height=720,encoded@bitrate=5800_height=1080,c78c983f-91fd-4f70-a03b-083124de3c51,encoded@bitrate=3050_height=720,ElFuente2@display=sequential
encoded@bitrate=5800_height=1080,encoded@bitrate=5800_height=1080,8d05d45d-efc8-477b-95a3-8473ca645610,encoded@bitrate=3050_height=720,ElFuente2@display=sequential
,encoded@bitrate=5800_height=1080,4217bff9-943f-4f5e-b985-5d9e1ebb5eba,encoded@bitrate=3050_height=720,ElFuente2@display=sequential
encoded@bitrate=5800_height=1080,encoded@bitrate=5800_height=1080,fb95302d-dad1-44cc-9cbd-cfbbd08c9051,encoded@bitrate=3050_height=720,ElFuente2@display=sequential
encoded@bitrate=5800_height=1080,encoded@bitrate=5800_height=1080,1cb35fd5-7c42-46a8-9139-15882c5bf85c,encoded@bitrate=3050_height=720,ElFuente2@display=sequential
encoded@bitrate=5800_height=1080,encoded@bitrate=3050_height=720,39106def-10dc-4a00-97d4-3f8ec15e1f8e,encoded@bitrate=5800_height=1080,ElFuente2@display=sequential
encoded@bitrate=5800_height=1080,encoded@bitrate=5800_height=1080,1a45a8b4-7135-4768-a5c5-238e37fb98df,encoded@bitrate=3050_height=720,ElFuente2@display=sequential
encoded@bitrate=5800_height=1080,encoded@bitrate=5800_height=1080,fc412c03-7ce4-4158-821d-8a6eb8b6813f,encoded@bitrate=3050_height=720,ElFuente2@display=sequential
,encoded@bitrate=5800_height=1080,b1da7162-c87f-43eb-8bf7-ebb71f16e861,encoded@bitrate=3050_height=720,ElFuente2@display=sequential
,encoded@bitrate=5800_height=1080,88da8301-e4b8-4cae-a783-ce505f802cbd,encoded@bitrate=3050_height=720,ElFuente2@display=sequential
encoded@bitrate=4300_height=1080,encoded@bitrate=4300_height=1080,ac1c5396-5489-4c1c-840b-77df5a401eab,encoded@bitrate=750_height=480,OldTownCross@display=sequential
encoded@bitrate=750_height=480,encoded@bitrate=750_height=480,b1da7162-c87f-43eb-8bf7-ebb71f16e861,encoded@bitrate=4300_height=1080,OldTownCross@display=sequential
encoded@bitrate=4300_height=1080,encoded@bitrate=4300_height=1080,56981384-e0ba-4ec4-a6ea-fec5f32b3988,encoded@bitrate=750_height=480,OldTownCross@display=sequential
encoded@bitrate=4300_height=1080,encoded@bitrate=4300_height=1080,086d0330-b9c6-4f82-a316-35e94ab7a6a7,encoded@bitrate=750_height=480,OldTownCross@display=sequential
encoded@bitrate=4300_height=1080,encoded@bitrate=750_height=480,5d2512ce-fedd-483b-818a-932259712b71,encoded@bitrate=4300_height=1080,OldTownCross@display=sequential
encoded@bitrate=4300_height=1080,encoded@bitrate=4300_height=1080,7e119710-3485-4cd1-b324-8038bbd18930,encoded@bitrate=750_height=480,OldTownCross@display=sequential
encoded@bitrate=4300_height=1080,encoded@bitrate=750_height=480,2bcab180-368e-445d-b0e6-9a217518bc1a,encoded@bitrate=4300_height=1080,OldTownCross@display=sequential
encoded@bitrate=4300_height=1080,encoded@bitrate=750_height=480,42f73238-b3a1-4fb4-b12c-ebfe89f8bb5f,encoded@bitrate=4300_height=1080,OldTownCross@display=sequential
encoded@bitrate=4300_height=1080,encoded@bitrate=4300_height=1080,a3a1ef6b-9d54-45e1-bd34-1d3d3c08481b,encoded@bitrate=750_height=480,OldTownCross@display=sequential
encoded@bitrate=4300_height=1080,encoded@bitrate=4300_height=1080,51c24e0f-2499-49c5-860a-84b17cff38be,encoded@bitrate=750_height=480,OldTownCross@display=sequential
encoded@bitrate=1050_height=720,encoded@bitrate=550_height=288,5d2512ce-fedd-483b-818a-932259712b71,encoded@bitrate=1050_height=720,BirdsInCage@display=sequential
encoded@bitrate=1050_height=720,encoded@bitrate=550_height=288,4217bff9-943f-4f5e-b985-5d9e1ebb5eba,encoded@bitrate=1050_height=720,BirdsInCage@display=sequential
encoded@bitrate=1050_height=720,encoded@bitrate=1050_height=720,aef6f382-f636-4b40-bc86-864837bb4fa3,encoded@bitrate=550_height=288,BirdsInCage@display=sequential
encoded@bitrate=1050_height=720,encoded@bitrate=1050_height=720,f358592f-c14f-4bc9-b4c3-6d0c3bb440cb,encoded@bitrate=550_height=288,BirdsInCage@display=sequential
encoded@bitrate=1050_height=720,encoded@bitrate=550_height=288,0cd7633d-6ff0-4fc9-93c8-d9b7e1e8ff24,encoded@bitrate=1050_height=720,BirdsInCage@display=sequential
encoded@bitrate=1050_height=720,encoded@bitrate=1050_height=720,da4644b1-335d-468a-8df0-814cc400fa8a,encoded@bitrate=550_height=288,BirdsInCage@display=sequential
encoded@bitrate=1050_height=720,encoded@bitrate=1050_height=720,fca3759b-d972-4109-b510-9c0e331cd10b,encoded@bitrate=550_height=288,BirdsInCage@display=sequential
encoded@bitrate=1050_height=720,encoded@bitrate=550_height=288,88b36f5b-7e11-4173-9612-6e4bd8a0df5f,encoded@bitrate=1050_height=720,BirdsInCage@display=sequential
encoded@bitrate=1050_height=720,encoded@bitrate=550_height=288,2d6e96ab-1cc9-4a46-8bba-341f2f33237d,encoded@bitrate=1050_height=720,BirdsInCage@display=sequential
encoded@bitrate=1050_height=720,encoded@bitrate=550_height=288,45102dc6-4f10-4500-a0f1-b9a4537ebbbe,encoded@bitrate=1050_height=720,BirdsInCage@display=sequential
encoded@bitrate=550_height=384,encoded@bitrate=550_height=384,84ca9dd6-4310-434b-946b-97d8f4b39485,encoded@bitrate=375_height=288,BirdsInCage@display=sequential
,encoded@bitrate=550_height=384,430b85a3-c4ae-4d20-a43c-71d6080b9eb1,encoded@bitrate=375_height=288,BirdsInCage@display=sequential
,encoded@bitrate=550_height=384,8002f66b-04d9-4eeb-abb7-87bda4b6ecb8,encoded@bitrate=375_height=288,BirdsInCage@display=sequential
,encoded@bitrate=375_height=288,826cb616-90d6-4b39-8a0a-fa0704a99c08,encoded@bitrate=550_height=384,BirdsInCage@display=sequential
encoded@bitrate=550_height=384,encoded@bitrate=375_height=288,7e5cbaab-672a-41ac-9674-e427d4eb2683,encoded@bitrate=550_height=384,BirdsInCage@display=sequential
encoded@bitrate=550_height=384,encoded@bitrate=375_height=288,fd14a53a-2ddf-497c-b651-2126b3686b54,encoded@bitrate=550_height=384,BirdsInCage@display=sequential
encoded@bitrate=550_height=384,encoded@bitrate=375_height=288,32b1e827-4cf2-468f-9797-4a40b9ed4a47,encoded@bitrate=550_height=384,BirdsInCage@display=sequential
encoded@bitrate=550_height=384,encoded@bitrate=375_height=288,4a154184-7951-43db-b483-c74ac72e5248,encoded@bitrate=550_height=384,BirdsInCage@display=sequential
encoded@bitrate=550_height=384,encoded@bitrate=375_height=288,b014d3a9-188b-4d01-8b6b-6867ebb0997d,encoded@bitrate=550_height=384,BirdsInCage@display=sequential
encoded@bitrate=550_height=384,encoded@bitrate=375_height=288,8182bf73-0cb3-422e-8eb3-0cbb71037d76,encoded@bitrate=550_height=384,BirdsInCage@display=sequential
encoded@bitrate=2350_height=720,encoded@bitrate=2350_height=720,84ca9dd6-4310-434b-946b-97d8f4b39485,encoded@bitrate=375_height=288,OldTownCross@display=sequential
encoded@bitrate=2350_height=720,encoded@bitrate=375_height=288,d45350bd-1fef-4a5e-be1d-b4b2d296c441,encoded@bitrate=2350_height=720,OldTownCross@display=sequential
encoded@bitrate=2350_height=720,encoded@bitrate=2350_height=720,68c0527c-5834-4f6e-9b86-785f8c121744,encoded@bitrate=375_height=288,OldTownCross@display=sequential
encoded@bitrate=2350_height=720,encoded@bitrate=375_height=288,a8aa57a4-5b70-4366-ac0c-df4184675711,encoded@bitrate=2350_height=720,OldTownCross@display=sequential
encoded@bitrate=2350_height=720,encoded@bitrate=2350_height=720,f62c787c-9092-47b5-b493-5f371ecab9f3,encoded@bitrate=375_height=288,OldTownCross@display=sequential
encoded@bitrate=2350_height=720,encoded@bitrate=2350_height=720,fc432dc9-f132-47ef-88ba-dfa8091b09a7,encoded@bitrate=375_height=288,OldTownCross@display=sequential
encoded@bitrate=2350_height=720,encoded@bitrate=375_height=288,647d0ccb-1fbc-496d-92fd-0af0637de9ae,encoded@bitrate=2350_height=720,OldTownCross@display=sequential
encoded@bitrate=2350_height=720,encoded@bitrate=2350_height=720,e30de58c-2d4b-4fe4-b9a6-ad385c04edad,encoded@bitrate=375_height=288,OldTownCross@display=sequential
encoded@bitrate=2350_height=720,encoded@bitrate=375_height=288,72ed54fa-f4f0-473b-a829-ac89abe9d3c5,encoded@bitrate=2350_height=720,OldTownCross@display=sequential
encoded@bitrate=2350_height=720,encoded@bitrate=2350_height=720,b7855b91-3456-4c68-b626-fee17876f40c,encoded@bitrate=375_height=288,OldTownCross@display=sequential
encoded@bitrate=4300_height=1080,encoded@bitrate=550_height=384,311f0ee0-925e-4e69-b13e-bffca005694b,encoded@bitrate=4300_height=1080,BigBuckBunny@display=sequential
encoded@bitrate=4300_height=1080,encoded@bitrate=550_height=384,43841f54-348c-4ab3-9c66-5c001c2e1e8a,encoded@bitrate=4300_height=1080,BigBuckBunny@display=sequential
encoded@bitrate=4300_height=1080,encoded@bitrate=4300_height=1080,2c95ff4f-49cb-486d-808e-f6b8faed6fd5,encoded@bitrate=550_height=384,BigBuckBunny@display=sequential
encoded@bitrate=4300_height=1080,encoded@bitrate=550_height=384,0e786423-5320-4062-b1c3-029db412234e,encoded@bitrate=4300_height=1080,BigBuckBunny@display=sequential
encoded@bitrate=4300_height=1080,encoded@bitrate=550_height=384,64e2f67e-8d1c-4d48-8af3-8fcba72344a8,encoded@bitrate=4300_height=1080,BigBuckBunny@display=sequential
encoded@bitrate=4300_height=1080,encoded@bitrate=550_height=384,183f0910-0608-4ad7-a2a4-533a8554de1a,encoded@bitrate=4300_height=1080,BigBuckBunny@display=sequential
encoded@bitrate=4300_height=1080,encoded@bitrate=4300_height=1080,8182bf73-0cb3-422e-8eb3-0cbb71037d76,encoded@bitrate=550_height=384,BigBuckBunny@display=sequential
encoded@bitrate=4300_height=1080,encoded@bitrate=4300_height=1080,a3a1ef6b-9d54-45e1-bd34-1d3d3c08481b,encoded@bitrate=550_height=384,BigBuckBunny@display=sequential
encoded@bitrate=4300_height=1080,encoded@bitrate=550_height=384,e71693e3-f3a8-4f43-b1a3-1094bcfee6b3,encoded@bitrate=4300_height=1080,BigBuckBunny@display=sequential
encoded@bitrate=4300_height=1080,encoded@bitrate=4300_height=1080,851c951d-f010-47e3-9d59-56d3e0a71185,encoded@bitrate=550_height=384,BigBuckBunny@display=sequential
original,original,19e7ead1-67fa-4926-8271-f0c799875d36,encoded@bitrate=1750_height=480,FoxBird@display=sequential
original,original,a16b67db-f08d-44c6-8b9c-e326911ad68f,encoded@bitrate=1750_height=480,FoxBird@display=sequential
original,encoded@bitrate=1750_height=480,ed6794a4-ad11-45aa-a760-07c44352d392,original,FoxBird@display=sequential
original,original,62c65a02-fe11-4b7d-8a9f-f81de50ebaa3,encoded@bitrate=1750_height=480,FoxBird@display=sequential
original,encoded@bitrate=1750_height=480,d0af8c35-bbb4-4ea1-a7bc-327a4b1da556,original,FoxBird@display=sequential
original,original,c23c0921-9fcb-43fe-82f9-8e8f14fc0947,encoded@bitrate=1750_height=480,FoxBird@display=sequential
original,original,18bf1906-21d2-4d8f-9a24-12e0783263bf,encoded@bitrate=1750_height=480,FoxBird@display=sequential
original,encoded@bitrate=1750_height=480,70fd376b-a5b0-42fb-a562-8cbc5f239c70,original,FoxBird@display=sequential
original,original,fc66ffa3-14fc-4401-a95b-eedb200be7d9,encoded@bitrate=1750_height=480,FoxBird@display=sequential
original,encoded@bitrate=1750_height=480,e8b75641-dc07-4974-9c94-cd85ade313d5,original,FoxBird@display=sequential
encoded@bitrate=2300_height=1080,encoded@bitrate=750_height=480,8e4da856-a4b7-4bcd-ae3b-c1982bbc9a46,encoded@bitrate=2300_height=1080,FoxBird@display=sequential
encoded@bitrate=2300_height=1080,encoded@bitrate=2300_height=1080,96156214-ba1f-44ad-b911-4cd9c3e80a16,encoded@bitrate=750_height=480,FoxBird@display=sequential
encoded@bitrate=2300_height=1080,encoded@bitrate=750_height=480,6af851bd-70ae-4da3-8596-c12f262bb8a3,encoded@bitrate=2300_height=1080,FoxBird@display=sequential
encoded@bitrate=2300_height=1080,encoded@bitrate=750_height=480,aa5df311-6e77-419b-a840-ecac85c0bf57,encoded@bitrate=2300_height=1080,FoxBird@display=sequential
encoded@bitrate=2300_height=1080,encoded@bitrate=750_height=480,b924cb23-4607-4aba-b7f1-8ac56580e36a,encoded@bitrate=2300_height=1080,FoxBird@display=sequential
encoded@bitrate=2300_height=1080,encoded@bitrate=750_height=480,317542a8-f621-48a9-9b33-a2887072545f,encoded@bitrate=2300_height=1080,FoxBird@display=sequential
encoded@bitrate=2300_height=1080,encoded@bitrate=750_height=480,586c0410-645b-49ce-9e0c-edaf837400fa,encoded@bitrate=2300_height=1080,FoxBird@display=sequential
encoded@bitrate=2300_height=1080,encoded@bitrate=750_height=480,1d5c805c-effd-4a65-8548-6d56ca4ca24c,encoded@bitrate=2300_height=1080,FoxBird@display=sequential
encoded@bitrate=2300_height=1080,encoded@bitrate=750_height=480,a737d54b-45b8-4cef-88b9-20f3eff16aac,encoded@bitrate=2300_height=1080,FoxBird@display=sequential
encoded@bitrate=2300_height=1080,encoded@bitrate=2300_height=1080,6a64ffbb-f695-4513-846a-2f9cdbe1ba3b,encoded@bitrate=750_height=480,FoxBird@display=sequential
encoded@bitrate=1800_height=1080,encoded@bitrate=1800_height=1080,24d9d790-2ae1-466a-b5d4-7d54cbb3d13f,encoded@bitrate=550_height=384,BirdsInCage@display=sequential
encoded@bitrate=1800_height=1080,encoded@bitrate=1800_height=1080,5abb5f46-0296-40b8-822f-ec4f8bb50c1f,encoded@bitrate=550_height=384,BirdsInCage@display=sequential
encoded@bitrate=1800_height=1080,encoded@bitrate=1800_height=1080,8aeb1e20-726c-4807-a4b6-069493614cbf,encoded@bitrate=550_height=384,BirdsInCage@display=sequential
encoded@bitrate=1800_height=1080,encoded@bitrate=1800_height=1080,d0807ae0-7cac-48cf-9fb5-e6472c49f3a6,encoded@bitrate=550_height=384,BirdsInCage@display=sequential
encoded@bitrate=1800_height=1080,encoded@bitrate=1800_height=1080,9fd1b181-02a1-4f1c-8cba-bb8193353de9,encoded@bitrate=550_height=384,BirdsInCage@display=sequential
encoded@bitrate=1800_height=1080,encoded@bitrate=550_height=384,57a1b4cc-208e-4275-9615-daea05998979,encoded@bitrate=1800_height=1080,BirdsInCage@display=sequential
,encoded@bitrate=550_height=384,07e0efcb-001f-491e-aa9f-cca467743d01,encoded@bitrate=1800_height=1080,BirdsInCage@display=sequential
encoded@bitrate=1800_height=1080,encoded@bitrate=550_height=384,0fca2270-5646-4e65-b178-a722179983b0,encoded@bitrate=1800_height=1080,BirdsInCage@display=sequential
encoded@bitrate=1800_height=1080,encoded@bitrate=550_height=384,6a62592c-89bf-46a4-8e54-ab72b6951bbd,encoded@bitrate=1800_height=1080,BirdsInCage@display=sequential
encoded@bitrate=1800_height=1080,encoded@bitrate=1800_height=1080,e30de58c-2d4b-4fe4-b9a6-ad385c04edad,encoded@bitrate=550_height=384,BirdsInCage@display=sequential
encoded@bitrate=1800_height=1080,encoded@bitrate=550_height=288,6bd47135-ac01-4b14-8a59-fd0f773c048b,encoded@bitrate=1800_height=1080,BirdsInCage@display=sequential
encoded@bitrate=1800_height=1080,encoded@bitrate=1800_height=1080,d2cf4226-323a-4fcb-8249-df61c89ff7e8,encoded@bitrate=550_height=288,BirdsInCage@display=sequential
encoded@bitrate=1800_height=1080,encoded@bitrate=550_height=288,6f8a5c6a-feb4-476a-beb2-43405347d14b,encoded@bitrate=1800_height=1080,BirdsInCage@display=sequential
encoded@bitrate=1800_height=1080,encoded@bitrate=1800_height=1080,3768d6e7-7966-4982-9ab8-ae2660e156e7,encoded@bitrate=550_height=288,BirdsInCage@display=sequential
encoded@bitrate=1800_height=1080,encoded@bitrate=1800_height=1080,99f86dbc-c997-48dd-a808-f815dab7c068,encoded@bitrate=550_height=288,BirdsInCage@display=sequential
encoded@bitrate=1800_height=1080,encoded@bitrate=1800_height=1080,bd9239e9-b8b4-43eb-a5a6-1abbf7090483,encoded@bitrate=550_height=288,BirdsInCage@display=sequential
encoded@bitrate=1800_height=1080,encoded@bitrate=1800_height=1080,a422b10e-0b4e-4ece-89fa-850dbbcd9867,encoded@bitrate=550_height=288,BirdsInCage@display=sequential
encoded@bitrate=1800_height=1080,encoded@bitrate=1800_height=1080,0fa6e044-fe07-4575-a037-ca202981ab92,encoded@bitrate=550_height=288,BirdsInCage@display=sequential
encoded@bitrate=1800_height=1080,encoded@bitrate=550_height=288,d13f540e-6390-44ec-8862-c0cc3a81cc74,encoded@bitrate=1800_height=1080,BirdsInCage@display=sequential
encoded@bitrate=1800_height=1080,encoded@bitrate=1800_height=1080,05bbbdbc-3637-4492-9d38-a5af08b94693,encoded@bitrate=550_height=288,BirdsInCage@display=sequential
encoded@bitrate=7500_height=1080,encoded@bitrate=4300_height=1080,3635d543-6970-461c-b195-dfdb99a24318,encoded@bitrate=7500_height=1080,CrowdRun@display=sequential
encoded@bitrate=7500_height=1080,encoded@bitrate=7500_height=1080,722bc5b0-1968-480d-b0b6-f15b25ae5ec6,encoded@bitrate=4300_height=1080,CrowdRun@display=sequential
encoded@bitrate=7500_height=1080,encoded@bitrate=4300_height=1080,05bbbdbc-3637-4492-9d38-a5af08b94693,encoded@bitrate=7500_height=1080,CrowdRun@display=sequential
encoded@bitrate=7500_height=1080,encoded@bitrate=7500_height=1080,34a04ead-7804-4e55-b549-9b91d884c0ad,encoded@bitrate=4300_height=1080,CrowdRun@display=sequential
encoded@bitrate=7500_height=1080,encoded@bitrate=7500_height=1080,da4a495f-f672-4f49-a718-0acc3e86b358,encoded@bitrate=4300_height=1080,CrowdRun@display=sequential
encoded@bitrate=7500_height=1080,encoded@bitrate=7500_height=1080,6140f270-6e48-4210-9132-c8a58eeb4d48,encoded@bitrate=4300_height=1080,CrowdRun@display=sequential
encoded@bitrate=7500_height=1080,encoded@bitrate=7500_height=1080,1aa9e663-67d3-4003-a25b-de0487e89331,encoded@bitrate=4300_height=1080,CrowdRun@display=sequential
encoded@bitrate=7500_height=1080,encoded@bitrate=4300_height=1080,b15ee8e2-8539-4aa6-86f6-1722f5982b2e,encoded@bitrate=7500_height=1080,CrowdRun@display=sequential
encoded@bitrate=7500_height=1080,encoded@bitrate=4300_height=1080,86b0a474-8f1a-4b98-894e-c0ce21f94dce,encoded@bitrate=7500_height=1080,CrowdRun@display=sequential
encoded@bitrate=7500_height=1080,encoded@bitrate=4300_height=1080,20a43bd8-ead5-4927-b832-78b755186bcd,encoded@bitrate=7500_height=1080,CrowdRun@display=sequential
encoded@bitrate=2350_height=720,encoded@bitrate=750_height=384,de673751-ad54-476d-9e45-5e82a3cea63d,encoded@bitrate=2350_height=720,ElFuente1@display=sequential
encoded@bitrate=2350_height=720,encoded@bitrate=2350_height=720,dbf0417a-0d93-4d64-b022-2db9f2a09242,encoded@bitrate=750_height=384,ElFuente1@display=sequential
encoded@bitrate=2350_height=720,encoded@bitrate=2350_height=720,50722701-91d9-4f7c-90bb-e44edfd4f1a5,encoded@bitrate=750_height=384,ElFuente1@display=sequential
encoded@bitrate=2350_height=720,encoded@bitrate=2350_height=720,dbdce651-0354-4168-86b0-feb47a871b13,encoded@bitrate=750_height=384,ElFuente1@display=sequential
encoded@bitrate=2350_height=720,encoded@bitrate=2350_height=720,e1a81f7d-52d5-42f1-a2d0-3c29476b9636,encoded@bitrate=750_height=384,ElFuente1@display=sequential
encoded@bitrate=2350_height=720,encoded@bitrate=2350_height=720,efec50c6-91a7-440c-9aea-465ed22f7ea8,encoded@bitrate=750_height=384,ElFuente1@display=sequential
encoded@bitrate=2350_height=720,encoded@bitrate=750_height=384,1fda9f15-e969-41d3-a5e6-1ef66b8b22d8,encoded@bitrate=2350_height=720,ElFuente1@display=sequential
encoded@bitrate=2350_height=720,encoded@bitrate=750_height=384,6b366ab5-6ec6-4700-afc7-1ae167361336,encoded@bitrate=2350_height=720,ElFuente1@display=sequential
encoded@bitrate=2350_height=720,encoded@bitrate=2350_height=720,92618dab-00d8-4abd-ac31-f37ac2df1d55,encoded@bitrate=750_height=384,ElFuente1@display=sequential
encoded@bitrate=2350_height=720,encoded@bitrate=750_height=384,a65903f2-eb1f-4206-929e-6957d523b32a,encoded@bitrate=2350_height=720,ElFuente1@display=sequential
encoded@bitrate=1800_height=1080,encoded@bitrate=1800_height=1080,d5b7f31b-d65b-42ce-bd0a-29200c94f810,encoded@bitrate=375_height=288,BirdsInCage@display=sequential
encoded@bitrate=1800_height=1080,encoded@bitrate=1800_height=1080,9d32f287-7a5a-4287-9f48-10a44fcb3304,encoded@bitrate=375_height=288,BirdsInCage@display=sequential
encoded@bitrate=1800_height=1080,encoded@bitrate=1800_height=1080,8dc48e4f-944e-46f3-b3d7-2733d875f1c5,encoded@bitrate=375_height=288,BirdsInCage@display=sequential
encoded@bitrate=1800_height=1080,encoded@bitrate=375_height=288,2b2fa8d6-a371-4df4-aaf9-2b8ac3c23030,encoded@bitrate=1800_height=1080,BirdsInCage@display=sequential
encoded@bitrate=1800_height=1080,encoded@bitrate=375_height=288,af112a53-7d26-4589-b586-67b928b370c4,encoded@bitrate=1800_height=1080,BirdsInCage@display=sequential
encoded@bitrate=1800_height=1080,encoded@bitrate=1800_height=1080,2bcab180-368e-445d-b0e6-9a217518bc1a,encoded@bitrate=375_height=288,BirdsInCage@display=sequential
encoded@bitrate=1800_height=1080,encoded@bitrate=375_height=288,603ab446-f84f-4a09-9a90-7409bcc0d3b8,encoded@bitrate=1800_height=1080,BirdsInCage@display=sequential
encoded@bitrate=1800_height=1080,encoded@bitrate=1800_height=1080,44c75a94-439f-4168-9828-64b1fb591086,encoded@bitrate=375_height=288,BirdsInCage@display=sequential
encoded@bitrate=1800_height=1080,encoded@bitrate=375_height=288,a65903f2-eb1f-4206-929e-6957d523b32a,encoded@bitrate=1800_height=1080,BirdsInCage@display=sequential
encoded@bitrate=1800_height=1080,encoded@bitrate=1800_height=1080,438e8653-e2e4-4d7e-b701-1cd1aff05f82,encoded@bitrate=375_height=288,BirdsInCage@display=sequential
encoded@bitrate=750_height=384,encoded@bitrate=375_height=288,1d5c805c-effd-4a65-8548-6d56ca4ca24c,encoded@bitrate=750_height=384,OldTownCross@display=sequential
encoded@bitrate=750_height=384,encoded@bitrate=750_height=384,430b85a3-c4ae-4d20-a43c-71d6080b9eb1,encoded@bitrate=375_height=288,OldTownCross@display=sequential
encoded@bitrate=750_height=384,encoded@bitrate=375_height=288,44a3e5d7-0f82-40c1-aff8-95ba8afcb6ad,encoded@bitrate=750_height=384,OldTownCross@display=sequential
encoded@bitrate=750_height=384,encoded@bitrate=375_height=288,676769ee-ffa7-4de5-81aa-002ebbd70d74,encoded@bitrate=750_height=384,OldTownCross@display=sequential
encoded@bitrate=750_height=384,encoded@bitrate=750_height=384,fb99a2e3-6eef-43f1-9bb6-9d2a39a89d68,encoded@bitrate=375_height=288,OldTownCross@display=sequential
encoded@bitrate=750_height=384,encoded@bitrate=750_height=384,1e2aafec-b705-4388-8de9-025a35aca97a,encoded@bitrate=375_height=288,OldTownCross@display=sequential
,encoded@bitrate=750_height=384,f63f36f1-2249-4b6a-8e08-f48d0d3c923b,encoded@bitrate=375_height=288,OldTownCross@display=sequential
encoded@bitrate=750_height=384,encoded@bitrate=750_height=384,2daff1ae-37c2-45ec-b0eb-0e2eb34872bb,encoded@bitrate=375_height=288,OldTownCross@display=sequential
encoded@bitrate=750_height=384,encoded@bitrate=375_height=288,9f00faa6-a756-4269-a038-adb6de52ec0d,encoded@bitrate=750_height=384,OldTownCross@display=sequential
encoded@bitrate=750_height=384,encoded@bitrate=750_height=384,76d6bfe0-55a2-4a6c-b431-2ec5bf75cee1,encoded@bitrate=375_height=288,OldTownCross@display=sequential
encoded@bitrate=3000_height=1080,encoded@bitrate=3000_height=1080,cf05d5d1-53f7-4560-9fb1-c4020a9dcb97,encoded@bitrate=375_height=288,BirdsInCage@display=sequential
encoded@bitrate=3000_height=1080,encoded@bitrate=3000_height=1080,b1807296-12f5-4e55-b33e-cfe441bc70de,encoded@bitrate=375_height=288,BirdsInCage@display=sequential
encoded@bitrate=3000_height=1080,encoded@bitrate=375_height=288,31c31db1-03c4-48b9-90e4-a916869f99fe,encoded@bitrate=3000_height=1080,BirdsInCage@display=sequential
encoded@bitrate=3000_height=1080,encoded@bitrate=3000_height=1080,2e1c5ff1-e376-4bef-a680-7c80520888f0,encoded@bitrate=375_height=288,BirdsInCage@display=sequential
encoded@bitrate=3000_height=1080,encoded@bitrate=3000_height=1080,600b636d-749f-407b-8a35-4c651be24036,encoded@bitrate=375_height=288,BirdsInCage@display=sequential
encoded@bitrate=3000_height=1080,encoded@bitrate=3000_height=1080,6ea4f9af-c257-4696-b51c-792ab1b5c848,encoded@bitrate=375_height=288,BirdsInCage@display=sequential
encoded@bitrate=3000_height=1080,encoded@bitrate=3000_height=1080,fda50597-1f41-40cf-b84d-017055879a57,encoded@bitrate=375_height=288,BirdsInCage@display=sequential
encoded@bitrate=3000_height=1080,encoded@bitrate=3000_height=1080,4386838f-4af9-4121-8895-9a6078e94dd5,encoded@bitrate=375_height=288,BirdsInCage@display=sequential
encoded@bitrate=3000_height=1080,encoded@bitrate=375_height=288,91641fb2-f748-4fad-bfa6-9ef0e5b271a3,encoded@bitrate=3000_height=1080,BirdsInCage@display=sequential
encoded@bitrate=3000_height=1080,encoded@bitrate=3000_height=1080,7e0d9c54-ab06-406e-9404-376c6cb54cc9,encoded@bitrate=375_height=288,BirdsInCage@display=sequential
encoded@bitrate=2300_height=1080,encoded@bitrate=375_height=288,3adb22b3-7403-4d2b-bc31-9209defa8e33,encoded@bitrate=2300_height=1080,FoxBird@display=sequential
encoded@bitrate=2300_height=1080,encoded@bitrate=2300_height=1080,9be2aa59-4968-4b1b-8ba3-90356da3c013,encoded@bitrate=375_height=288,FoxBird@display=sequential
encoded@bitrate=2300_height=1080,encoded@bitrate=375_height=288,bf5f4b87-d05a-440d-9431-6620c1795e60,encoded@bitrate=2300_height=1080,FoxBird@display=sequential
encoded@bitrate=2300_height=1080,encoded@bitrate=2300_height=1080,002808ce-aaff-4a9e-a4c9-3cd8d9b3ef6a,encoded@bitrate=375_height=288,FoxBird@display=sequential
encoded@bitrate=2300_height=1080,encoded@bitrate=375_height=288,537c658a-c98a-4694-980b-087adcb1835b,encoded@bitrate=2300_height=1080,FoxBird@display=sequential
encoded@bitrate=2300_height=1080,encoded@bitrate=2300_height=1080,ccf15846-bb9a-4523-86ef-96158048a208,encoded@bitrate=375_height=288,FoxBird@display=sequential
encoded@bitrate=2300_height=1080,encoded@bitrate=2300_height=1080,119c71bb-332f-49d7-80be-8c10ac85f39a,encoded@bitrate=375_height=288,FoxBird@display=sequential
encoded@bitrate=2300_height=1080,encoded@bitrate=2300_height=1080,a7e6cf69-b8cc-4cbc-964e-f6819e5cd6a4,encoded@bitrate=375_height=288,FoxBird@display=sequential
encoded@bitrate=2300_height=1080,encoded@bitrate=2300_height=1080,2815e5fa-b68b-48d8-accb-0c3f76be3c48,encoded@bitrate=375_height=288,FoxBird@display=sequential
encoded@bitrate=2300_height=1080,encoded@bitrate=375_height=288,cbc3521e-1314-4a2d-8cba-7c6f5c572bf6,encoded@bitrate=2300_height=1080,FoxBird@display=sequential
encoded@bitrate=2300_height=1080,encoded@bitrate=2300_height=1080,22074075-da3a-4a59-a374-cfaa2d150fbb,encoded@bitrate=1750_height=480,FoxBird@display=sequential
encoded@bitrate=2300_height=1080,encoded@bitrate=2300_height=1080,af112a53-7d26-4589-b586-67b928b370c4,encoded@bitrate=1750_height=480,FoxBird@display=sequential
encoded@bitrate=2300_height=1080,encoded@bitrate=1750_height=480,86df2c31-3d5e-4c20-8931-c3ef97cc34cd,encoded@bitrate=2300_height=1080,FoxBird@display=sequential
encoded@bitrate=2300_height=1080,encoded@bitrate=1750_height=480,6fdb4288-40f0-4de1-8396-6bfb23ae11ef,encoded@bitrate=2300_height=1080,FoxBird@display=sequential
encoded@bitrate=2300_height=1080,encoded@bitrate=2300_height=1080,80b3ebd0-5e38-448c-b3a3-151c11f59954,encoded@bitrate=1750_height=480,FoxBird@display=sequential
encoded@bitrate=2300_height=1080,encoded@bitrate=1750_height=480,f86b2275-4518-4d57-8c52-46fc992cc8a3,encoded@bitrate=2300_height=1080,FoxBird@display=sequential
encoded@bitrate=2300_height=1080,encoded@bitrate=1750_height=480,3bd6b8a9-b6b4-451c-9278-ee9a14dafa7f,encoded@bitrate=2300_height=1080,FoxBird@display=sequential
encoded@bitrate=2300_height=1080,encoded@bitrate=2300_height=1080,746fca7b-627e-49a4-8992-4928103625eb,encoded@bitrate=1750_height=480,FoxBird@display=sequential
encoded@bitrate=2300_height=1080,encoded@bitrate=2300_height=1080,0bf55f15-f420-47f7-affc-2654b7277ec7,encoded@bitrate=1750_height=480,FoxBird@display=sequential
,encoded@bitrate=2300_height=1080,0441b07d-420d-4150-9b33-b41f9f87be60,encoded@bitrate=1750_height=480,FoxBird@display=sequential
encoded@bitrate=10000_height=1080,encoded@bitrate=5800_height=1080,22074075-da3a-4a59-a374-cfaa2d150fbb,encoded@bitrate=10000_height=1080,CrowdRun@display=sequential
,encoded@bitrate=10000_height=1080,3125536d-6555-425a-b49f-e4ae86ecbb4e,encoded@bitrate=5800_height=1080,CrowdRun@display=sequential
,encoded@bitrate=5800_height=1080,20110c53-5600-4f67-a39a-6d0375743519,encoded@bitrate=10000_height=1080,CrowdRun@display=sequential
encoded@bitrate=10000_height=1080,encoded@bitrate=10000_height=1080,3da1d186-8e8c-4453-85b7-68f16823be0c,encoded@bitrate=5800_height=1080,CrowdRun@display=sequential
,encoded@bitrate=5800_height=1080,7c5e9f10-6dd5-4939-833b-7b5680686212,encoded@bitrate=10000_height=1080,CrowdRun@display=sequential
encoded@bitrate=5800_height=1080,encoded@bitrate=10000_height=1080,0c330943-51a6-42cd-bb7a-12e199b3cb90,encoded@bitrate=5800_height=1080,CrowdRun@display=sequential
encoded@bitrate=5800_height=1080,encoded@bitrate=5800_height=1080,f469abc3-589d-4d1c-965e-33a7e258ed76,encoded@bitrate=10000_height=1080,CrowdRun@display=sequential
encoded@bitrate=10000_height=1080,encoded@bitrate=10000_height=1080,f60a36aa-458a-4e8d-a50a-4a398ad38cb2,encoded@bitrate=5800_height=1080,CrowdRun@display=sequential
,encoded@bitrate=10000_height=1080,b243f138-b89c-4c3a-8879-9292987c0c27,encoded@bitrate=5800_height=1080,CrowdRun@display=sequential
,encoded@bitrate=10000_height=1080,cd4297f0-57ec-486e-957b-ef09e8de0607,encoded@bitrate=5800_height=1080,CrowdRun@display=sequential
,encoded@bitrate=375_height=288,b29696b7-a249-4355-9bb6-63188e35d7c2,encoded@bitrate=750_height=384,BirdsInCage@display=sequential
encoded@bitrate=750_height=384,encoded@bitrate=750_height=384,46f38607-110d-49ab-b60c-8c1ab9421949,encoded@bitrate=375_height=288,BirdsInCage@display=sequential
encoded@bitrate=750_height=384,encoded@bitrate=375_height=288,bc88e958-29d3-4133-a98f-8c59742f37ce,encoded@bitrate=750_height=384,BirdsInCage@display=sequential
encoded@bitrate=750_height=384,encoded@bitrate=750_height=384,965970ee-4f8f-4907-ae84-3318c16a5f29,encoded@bitrate=375_height=288,BirdsInCage@display=sequential
,encoded@bitrate=750_height=384,a1d1d1a3-ca05-441a-a182-190990e89d09,encoded@bitrate=375_height=288,BirdsInCage@display=sequential
encoded@bitrate=750_height=384,encoded@bitrate=750_height=384,157b2239-271e-41e3-99b6-ed7eca00929c,encoded@bitrate=375_height=288,BirdsInCage@display=sequential
encoded@bitrate=750_height=384,encoded@bitrate=375_height=288,f34d42ab-f3d5-493e-8f12-2070d370cbea,encoded@bitrate=750_height=384,BirdsInCage@display=sequential
encoded@bitrate=750_height=384,encoded@bitrate=375_height=288,647d0ccb-1fbc-496d-92fd-0af0637de9ae,encoded@bitrate=750_height=384,BirdsInCage@display=sequential
encoded@bitrate=750_height=384,encoded@bitrate=750_height=384,82a2a32f-6ef7-40ab-a7a3-0abcb70eed2a,encoded@bitrate=375_height=288,BirdsInCage@display=sequential
encoded@bitrate=750_height=384,encoded@bitrate=750_height=384,1c06f64f-65bb-40e2-9a85-3330f967aefd,encoded@bitrate=375_height=288,BirdsInCage@display=sequential
encoded@bitrate=3050_height=720,encoded@bitrate=375_height=288,40e55ff9-2d27-4230-9e76-d1d981478cff,encoded@bitrate=3050_height=720,BigBuckBunny@display=sequential
encoded@bitrate=3050_height=720,encoded@bitrate=3050_height=720,6733509c-e7bb-4800-a850-f076ea6206c3,encoded@bitrate=375_height=288,BigBuckBunny@display=sequential
encoded@bitrate=3050_height=720,encoded@bitrate=375_height=288,62df5c8a-e08f-42bf-9636-a410c58e7b85,encoded@bitrate=3050_height=720,BigBuckBunny@display=sequential
encoded@bitrate=3050_height=720,encoded@bitrate=375_height=288,9d199c7e-9811-4344-b93f-7cc29ae8e563,encoded@bitrate=3050_height=720,BigBuckBunny@display=sequential
encoded@bitrate=3050_height=720,encoded@bitrate=3050_height=720,f532281c-30f2-4a67-916d-92f3230bdf18,encoded@bitrate=375_height=288,BigBuckBunny@display=sequential
encoded@bitrate=3050_height=720,encoded@bitrate=3050_height=720,9a03424d-ff0b-41dc-8c67-620dd10a5d75,encoded@bitrate=375_height=288,BigBuckBunny@display=sequential
encoded@bitrate=3050_height=720,encoded@bitrate=375_height=288,a2eae99e-1732-497c-b157-394ebbf76ed5,encoded@bitrate=3050_height=720,BigBuckBunny@display=sequential
encoded@bitrate=3050_height=720,encoded@bitrate=375_height=288,02dbd363-be57-492d-9e52-1e5212588363,encoded@bitrate=3050_height=720,BigBuckBunny@display=sequential
encoded@bitrate=3050_height=720,encoded@bitrate=375_height=288,d06c5043-187d-45b6-a654-ec690918445f,encoded@bitrate=3050_height=720,BigBuckBunny@display=sequential
encoded@bitrate=3050_height=720,encoded@bitrate=3050_height=720,92618dab-00d8-4abd-ac31-f37ac2df1d55,encoded@bitrate=375_height=288,BigBuckBunny@display=sequential
encoded@bitrate=4300_height=1080,encoded@bitrate=4300_height=1080,40e55ff9-2d27-4230-9e76-d1d981478cff,encoded@bitrate=375_height=288,ElFuente1@display=sequential
encoded@bitrate=4300_height=1080,encoded@bitrate=4300_height=1080,0fa6e044-fe07-4575-a037-ca202981ab92,encoded@bitrate=375_height=288,ElFuente1@display=sequential
encoded@bitrate=4300_height=1080,encoded@bitrate=4300_height=1080,b886332d-223e-4326-be89-64ab855f095b,encoded@bitrate=375_height=288,ElFuente1@display=sequential
encoded@bitrate=4300_height=1080,encoded@bitrate=375_height=288,859ffd8a-b1cd-49e1-9235-03e141136463,encoded@bitrate=4300_height=1080,ElFuente1@display=sequential
encoded@bitrate=4300_height=1080,encoded@bitrate=4300_height=1080,6bfdc018-e316-4308-9e36-75b96fbf87db,encoded@bitrate=375_height=288,ElFuente1@display=sequential
encoded@bitrate=4300_height=1080,encoded@bitrate=4300_height=1080,0febb639-cbaf-4607-83ee-763ea7fdd47c,encoded@bitrate=375_height=288,ElFuente1@display=sequential
encoded@bitrate=4300_height=1080,encoded@bitrate=375_height=288,551db687-32a7-4c5c-ad62-3702df23d258,encoded@bitrate=4300_height=1080,ElFuente1@display=sequential
encoded@bitrate=4300_height=1080,encoded@bitrate=375_height=288,da8f040c-b701-44b5-ac7a-47f459e0f56a,encoded@bitrate=4300_height=1080,ElFuente1@display=sequential
encoded@bitrate=4300_height=1080,encoded@bitrate=375_height=288,a0c2d52c-ddc3-4bb4-8744-5a989100dbf6,encoded@bitrate=4300_height=1080,ElFuente1@display=sequential
encoded@bitrate=4300_height=1080,encoded@bitrate=375_height=288,fa4c43d0-3260-4144-aefb-de55089af488,encoded@bitrate=4300_height=1080,ElFuente1@display=sequential
encoded@bitrate=20000_height=1080,encoded@bitrate=20000_height=1080,cbc3521e-1314-4a2d-8cba-7c6f5c572bf6,encoded@bitrate=10000_height=1080,ElFuente2@display=sequential
,encoded@bitrate=20000_height=1080,9addd87c-49c9-4ccb-b456-c9971f844026,encoded@bitrate=10000_height=1080,ElFuente2@display=sequential
encoded@bitrate=20000_height=1080,encoded@bitrate=20000_height=1080,bf5f4b87-d05a-440d-9431-6620c1795e60,encoded@bitrate=10000_height=1080,ElFuente2@display=sequential
encoded@bitrate=20000_height=1080,encoded@bitrate=20000_height=1080,42f73238-b3a1-4fb4-b12c-ebfe89f8bb5f,encoded@bitrate=10000_height=1080,ElFuente2@display=sequential
,encoded@bitrate=10000_height=1080,29674e6d-089e-4429-a5a5-05030ef57cbc,encoded@bitrate=20000_height=1080,ElFuente2@display=sequential
,encoded@bitrate=20000_height=1080,40e55ff9-2d27-4230-9e76-d1d981478cff,encoded@bitrate=10000_height=1080,ElFuente2@display=sequential
encoded@bitrate=10000_height=1080,encoded@bitrate=10000_height=1080,d0c55c7c-e53c-42e0-8941-c77ee46fda9a,encoded@bitrate=20000_height=1080,ElFuente2@display=sequential
encoded@bitrate=10000_height=1080,encoded@bitrate=10000_height=1080,b50ef8d4-8186-4583-b21a-e5735648587c,encoded@bitrate=20000_height=1080,ElFuente2@display=sequential
,encoded@bitrate=20000_height=1080,bd7b1f78-9c0e-4064-9134-e2e03080215b,encoded@bitrate=10000_height=1080,ElFuente2@display=sequential
encoded@bitrate=20000_height=1080,encoded@bitrate=10000_height=1080,37ceaadc-152d-4b6f-9d0c-641c00137bad,encoded@bitrate=20000_height=1080,ElFuente2@display=sequential
,encoded@bitrate=1050_height=720,f7a57a0e-fc33-4611-9435-fd7e359f7394,encoded@bitrate=1800_height=1080,BirdsInCage@display=sequential
encoded@bitrate=1050_height=720,encoded@bitrate=1050_height=720,f56c1990-5b48-4e2a-8ed9-84e0a4db16d1,encoded@bitrate=1800_height=1080,BirdsInCage@display=sequential
encoded@bitrate=1800_height=1080,encoded@bitrate=1050_height=720,809ceea6-b27d-4b7f-aacb-214a78fe5623,encoded@bitrate=1800_height=1080,BirdsInCage@display=sequential
,encoded@bitrate=1050_height=720,01df0c77-0651-44a9-a4f7-2575b2c9c62b,encoded@bitrate=1800_height=1080,BirdsInCage@display=sequential
encoded@bitrate=1800_height=1080,encoded@bitrate=1800_height=1080,1c2a4829-ce7e-4d25-b351-e3dd50c04aff,encoded@bitrate=1050_height=720,BirdsInCage@display=sequential
encoded@bitrate=1800_height=1080,encoded@bitrate=1050_height=720,91e0d1d4-9f7e-4756-a50a-12bd3bbd1941,encoded@bitrate=1800_height=1080,BirdsInCage@display=sequential
encoded@bitrate=1800_height=1080,encoded@bitrate=1050_height=720,03c579d6-6125-4434-b2d8-ff7f379b3427,encoded@bitrate=1800_height=1080,BirdsInCage@display=sequential
encoded@bitrate=1800_height=1080,encoded@bitrate=1800_height=1080,48a9efad-0b20-49da-b47d-ae93af5ce867,encoded@bitrate=1050_height=720,BirdsInCage@display=sequential
,encoded@bitrate=1800_height=1080,f0449a2c-9fa2-49ec-9d76-27a7a5be2351,encoded@bitrate=1050_height=720,BirdsInCage@display=sequential
,encoded@bitrate=1050_height=720,fb95302d-dad1-44cc-9cbd-cfbbd08c9051,encoded@bitrate=1800_height=1080,BirdsInCage@display=sequential
encoded@bitrate=3000_height=1080,encoded@bitrate=750_height=480,558436ff-83db-46b3-951b-08ea96ddeceb,encoded@bitrate=3000_height=1080,BirdsInCage@display=sequential
encoded@bitrate=3000_height=1080,encoded@bitrate=3000_height=1080,6138f355-0d67-4ba4-b05d-14e0b0d74414,encoded@bitrate=750_height=480,BirdsInCage@display=sequential
encoded@bitrate=750_height=480,encoded@bitrate=3000_height=1080,1ca098a1-dfa3-49ff-acd7-b778c5051265,encoded@bitrate=750_height=480,BirdsInCage@display=sequential
encoded@bitrate=3000_height=1080,encoded@bitrate=3000_height=1080,db526d68-5a49-4fa8-9c91-35aaf4685886,encoded@bitrate=750_height=480,BirdsInCage@display=sequential
encoded@bitrate=3000_height=1080,encoded@bitrate=750_height=480,6e3e236c-b948-4a41-8b52-feb486da487b,encoded@bitrate=3000_height=1080,BirdsInCage@display=sequential
encoded@bitrate=3000_height=1080,encoded@bitrate=3000_height=1080,98ce71da-42b5-40dc-ba86-68f8b2f86e1f,encoded@bitrate=750_height=480,BirdsInCage@display=sequential
encoded@bitrate=3000_height=1080,encoded@bitrate=3000_height=1080,3b1058e2-fe8a-4537-a14d-164020753a23,encoded@bitrate=750_height=480,BirdsInCage@display=sequential
encoded@bitrate=3000_height=1080,encoded@bitrate=750_height=480,bec08049-04b7-4efb-b381-ac88d95a053d,encoded@bitrate=3000_height=1080,BirdsInCage@display=sequential
encoded@bitrate=3000_height=1080,encoded@bitrate=3000_height=1080,a693e218-d9cd-4ff6-99ba-627b53ca937e,encoded@bitrate=750_height=480,BirdsInCage@display=sequential
encoded@bitrate=3000_height=1080,encoded@bitrate=750_height=480,6167a62f-8c9a-478a-bf9c-8c81420948a8,encoded@bitrate=3000_height=1080,BirdsInCage@display=sequential
encoded@bitrate=3050_height=720,encoded@bitrate=1750_height=480,b593f76a-6681-43ae-8d5d-96bd388eca8a,encoded@bitrate=3050_height=720,ElFuente2@display=sequential
encoded@bitrate=3050_height=720,encoded@bitrate=3050_height=720,6a5c53fc-4f8c-4abf-97c1-466f1f6c1023,encoded@bitrate=1750_height=480,ElFuente2@display=sequential
encoded@bitrate=3050_height=720,encoded@bitrate=3050_height=720,6d49b4f9-c138-4a5f-89f6-c7f16201e76c,encoded@bitrate=1750_height=480,ElFuente2@display=sequential
encoded@bitrate=1750_height=480,encoded@bitrate=1750_height=480,a289f0fe-8e3d-48c8-b3d3-d09b6d17b9f8,encoded@bitrate=3050_height=720,ElFuente2@display=sequential
encoded@bitrate=1750_height=480,encoded@bitrate=1750_height=480,1f13add5-5ce9-4c51-8b33-3777418089c5,encoded@bitrate=3050_height=720,ElFuente2@display=sequential
encoded@bitrate=3050_height=720,encoded@bitrate=3050_height=720,90c69d83-f3c8-4671-a98e-f65b76cbcde7,encoded@bitrate=1750_height=480,ElFuente2@display=sequential
encoded@bitrate=3050_height=720,encoded@bitrate=1750_height=480,872f64ae-b43d-4fee-b0ab-45bcd25b5854,encoded@bitrate=3050_height=720,ElFuente2@display=sequential
encoded@bitrate=3050_height=720,encoded@bitrate=3050_height=720,4cd37b8a-abc7-4359-a9e7-c17bee48ee62,encoded@bitrate=1750_height=480,ElFuente2@display=sequential
encoded@bitrate=3050_height=720,encoded@bitrate=3050_height=720,3d040136-b0d3-48f0-851c-30d451910291,encoded@bitrate=1750_height=480,ElFuente2@display=sequential
encoded@bitrate=3050_height=720,encoded@bitrate=1750_height=480,3125536d-6555-425a-b49f-e4ae86ecbb4e,encoded@bitrate=3050_height=720,ElFuente2@display=sequential
encoded@bitrate=3800_height=1080,encoded@bitrate=3800_height=1080,285e6ce4-b740-4a6e-9a62-d17f2e36da56,encoded@bitrate=550_height=384,BigBuckBunny@display=sequential
encoded@bitrate=3800_height=1080,encoded@bitrate=3800_height=1080,ea1fced5-67ab-4744-8af5-26b265424a52,encoded@bitrate=550_height=384,BigBuckBunny@display=sequential
encoded@bitrate=3800_height=1080,encoded@bitrate=3800_height=1080,2c370320-38ea-4dce-8087-b3357e95e335,encoded@bitrate=550_height=384,BigBuckBunny@display=sequential
encoded@bitrate=3800_height=1080,encoded@bitrate=3800_height=1080,93596366-ce37-42f6-b977-85e17c6b6323,encoded@bitrate=550_height=384,BigBuckBunny@display=sequential
encoded@bitrate=3800_height=1080,encoded@bitrate=3800_height=1080,20110c53-5600-4f67-a39a-6d0375743519,encoded@bitrate=550_height=384,BigBuckBunny@display=sequential
encoded@bitrate=3800_height=1080,encoded@bitrate=550_height=384,097501e3-7ae3-4027-b579-5bd87c1f76c0,encoded@bitrate=3800_height=1080,BigBuckBunny@display=sequential
encoded@bitrate=3800_height=1080,encoded@bitrate=550_height=384,0fc10e59-0cf3-4b60-acf5-c2e37e215cad,encoded@bitrate=3800_height=1080,BigBuckBunny@display=sequential
encoded@bitrate=3800_height=1080,encoded@bitrate=550_height=384,1aa9e663-67d3-4003-a25b-de0487e89331,encoded@bitrate=3800_height=1080,BigBuckBunny@display=sequential
encoded@bitrate=3800_height=1080,encoded@bitrate=550_height=384,b1f30d1e-18e5-46f4-a578-f9ee9194ef95,encoded@bitrate=3800_height=1080,BigBuckBunny@display=sequential
encoded@bitrate=3800_height=1080,encoded@bitrate=3800_height=1080,003c7620-28fb-4ea6-91fa-1e262f492774,encoded@bitrate=550_height=384,BigBuckBunny@display=sequential
encoded@bitrate=4300_height=1080,encoded@bitrate=4300_height=1080,d5484fd3-0692-49b0-b84e-4c5498cd6cb1,encoded@bitrate=1750_height=480,OldTownCross@display=sequential
encoded@bitrate=1750_height=480,encoded@bitrate=1750_height=480,7cbdd433-0c91-4d60-ab7b-f1261aaa8fbd,encoded@bitrate=4300_height=1080,OldTownCross@display=sequential
encoded@bitrate=4300_height=1080,encoded@bitrate=1750_height=480,4739f5c7-b987-4c87-8af7-0a28b32df1b7,encoded@bitrate=4300_height=1080,OldTownCross@display=sequential
encoded@bitrate=4300_height=1080,encoded@bitrate=4300_height=1080,f286d2c9-0a31-42fd-af9d-f5d49f3d8482,encoded@bitrate=1750_height=480,OldTownCross@display=sequential
encoded@bitrate=4300_height=1080,encoded@bitrate=1750_height=480,28baa163-62aa-4091-9067-f78967afea4a,encoded@bitrate=4300_height=1080,OldTownCross@display=sequential
encoded@bitrate=4300_height=1080,encoded@bitrate=4300_height=1080,03c579d6-6125-4434-b2d8-ff7f379b3427,encoded@bitrate=1750_height=480,OldTownCross@display=sequential
encoded@bitrate=4300_height=1080,encoded@bitrate=1750_height=480,1c2a4829-ce7e-4d25-b351-e3dd50c04aff,encoded@bitrate=4300_height=1080,OldTownCross@display=sequential
encoded@bitrate=4300_height=1080,encoded@bitrate=1750_height=480,7789925c-d537-4f98-b572-c50cc53b8114,encoded@bitrate=4300_height=1080,OldTownCross@display=sequential
encoded@bitrate=4300_height=1080,encoded@bitrate=4300_height=1080,8d8628ca-83a4-40d2-b94c-08e90b8944e4,encoded@bitrate=1750_height=480,OldTownCross@display=sequential
encoded@bitrate=4300_height=1080,encoded@bitrate=1750_height=480,7c337f37-80f0-4f07-8559-841a5456e201,encoded@bitrate=4300_height=1080,OldTownCross@display=sequential
,encoded@bitrate=1050_height=480,0a613023-d4c7-4410-b039-c972f3cf3e04,encoded@bitrate=1750_height=480,Tennis@display=sequential
encoded@bitrate=1050_height=480,encoded@bitrate=1050_height=480,4edaa347-68b5-4565-a1dd-fe591c6a83f0,encoded@bitrate=1750_height=480,Tennis@display=sequential
,encoded@bitrate=1750_height=480,c0194955-c42e-4a2f-a1ab-b48fdb4fe5e8,encoded@bitrate=1050_height=480,Tennis@display=sequential
encoded@bitrate=1750_height=480,encoded@bitrate=1050_height=480,187b1523-3261-4e58-b86f-69930ec90cb8,encoded@bitrate=1750_height=480,Tennis@display=sequential
encoded@bitrate=1750_height=480,encoded@bitrate=1750_height=480,e6f8bc6b-e67a-4141-9f44-5abe35c62046,encoded@bitrate=1050_height=480,Tennis@display=sequential
encoded@bitrate=1750_height=480,encoded@bitrate=1750_height=480,a2eae99e-1732-497c-b157-394ebbf76ed5,encoded@bitrate=1050_height=480,Tennis@display=sequential
encoded@bitrate=1750_height=480,encoded@bitrate=1050_height=480,8b7d1ecd-e95a-4379-a495-33a22119a344,encoded@bitrate=1750_height=480,Tennis@display=sequential
encoded@bitrate=1750_height=480,encoded@bitrate=1750_height=480,6bf101c5-81e0-4ad5-ae95-b70599b108b5,encoded@bitrate=1050_height=480,Tennis@display=sequential
encoded@bitrate=1750_height=480,encoded@bitrate=1750_height=480,10b76fc5-63d7-4546-af40-d353ff7c2bac,encoded@bitrate=1050_height=480,Tennis@display=sequential
,encoded@bitrate=1750_height=480,6422b30c-4004-46d9-99b3-57b3d473d60d,encoded@bitrate=1050_height=480,Tennis@display=sequential
original,original,18f17dfe-0c19-4a77-aabf-6c0538d6d242,encoded@bitrate=15000_height=1080,CrowdRun@display=sequential
original,encoded@bitrate=15000_height=1080,dce23d6c-d138-4d23-95e5-005aef8ba310,original,CrowdRun@display=sequential
encoded@bitrate=15000_height=1080,original,cbc3521e-1314-4a2d-8cba-7c6f5c572bf6,encoded@bitrate=15000_height=1080,CrowdRun@display=sequential
original,original,fc66ffa3-14fc-4401-a95b-eedb200be7d9,encoded@bitrate=15000_height=1080,CrowdRun@display=sequential
encoded@bitrate=15000_height=1080,encoded@bitrate=15000_height=1080,1211caf9-9b1b-4189-8c44-f768b7ee496c,original,CrowdRun@display=sequential
,original,5c7751e7-9750-4406-9966-89fd02b9c880,encoded@bitrate=15000_height=1080,CrowdRun@display=sequential
,encoded@bitrate=15000_height=1080,6188c003-558b-403c-a837-9aad0078345c,original,CrowdRun@display=sequential
original,original,1d86cd8c-857c-4e48-a107-5f9463d42d40,encoded@bitrate=15000_height=1080,CrowdRun@display=sequential
,original,7d3d38fd-547c-43c1-af86-0bc68bbb33af,encoded@bitrate=15000_height=1080,CrowdRun@display=sequential
original,original,19221555-9ce9-4393-9ea5-e50657e62c74,encoded@bitrate=15000_height=1080,CrowdRun@display=sequential
encoded@bitrate=5800_height=1080,encoded@bitrate=5800_height=1080,15ec9909-579a-4944-b785-eeb1176c8f46,encoded@bitrate=1750_height=480,Seeking@display=sequential
encoded@bitrate=5800_height=1080,encoded@bitrate=1750_height=480,e7965f16-6621-4854-84b4-b552c5738880,encoded@bitrate=5800_height=1080,Seeking@display=sequential
encoded@bitrate=5800_height=1080,encoded@bitrate=1750_height=480,1e281513-db9f-4c23-aacd-a5fc0f3f0ece,encoded@bitrate=5800_height=1080,Seeking@display=sequential
encoded@bitrate=5800_height=1080,encoded@bitrate=5800_height=1080,5c7751e7-9750-4406-9966-89fd02b9c880,encoded@bitrate=1750_height=480,Seeking@display=sequential
encoded@bitrate=5800_height=1080,encoded@bitrate=1750_height=480,55682f9e-b267-4d99-8302-c1aa8186aa39,encoded@bitrate=5800_height=1080,Seeking@display=sequential
encoded@bitrate=5800_height=1080,encoded@bitrate=5800_height=1080,60507d05-0bbe-422a-8abd-b4e7e5fe8937,encoded@bitrate=1750_height=480,Seeking@display=sequential
encoded@bitrate=5800_height=1080,encoded@bitrate=5800_height=1080,9addd87c-49c9-4ccb-b456-c9971f844026,encoded@bitrate=1750_height=480,Seeking@display=sequential
encoded@bitrate=5800_height=1080,encoded@bitrate=5800_height=1080,a07731ab-f9d3-46b8-b2de-afcf6b424aeb,encoded@bitrate=1750_height=480,Seeking@display=sequential
encoded@bitrate=5800_height=1080,encoded@bitrate=5800_height=1080,bc88e958-29d3-4133-a98f-8c59742f37ce,encoded@bitrate=1750_height=480,Seeking@display=sequential
encoded@bitrate=5800_height=1080,encoded@bitrate=1750_height=480,8b7d1ecd-e95a-4379-a495-33a22119a344,encoded@bitrate=5800_height=1080,Seeking@display=sequential
,original,cb0a599b-6c54-4c99-88b5-bdf49ce83f3d,encoded@bitrate=3050_height=720,Tennis@display=sequential
,original,70e23cfe-1b20-48b2-82a9-db37279d0932,encoded@bitrate=3050_height=720,Tennis@display=sequential
,encoded@bitrate=3050_height=720,42943899-85e5-447e-9c10-8493fc71be73,original,Tennis@display=sequential
original,encoded@bitrate=3050_height=720,bb926fe0-d9e2-46bc-9b22-daf71321c8aa,original,Tennis@display=sequential
original,encoded@bitrate=3050_height=720,341c1b82-e7ce-4438-87cc-44c4577e4532,original,Tennis@display=sequential
original,original,f94f6753-69d0-480c-9955-cef718ee907a,encoded@bitrate=3050_height=720,Tennis@display=sequential
original,encoded@bitrate=3050_height=720,3266e1c9-08ee-4211-9f34-1170e2ecb043,original,Tennis@display=sequential
,original,02ec8608-c527-44a4-ba72-94448cdae1ed,encoded@bitrate=3050_height=720,Tennis@display=sequential
original,original,bf3cb4fa-49fa-4340-a93a-968c70951b9d,encoded@bitrate=3050_height=720,Tennis@display=sequential
original,original,19221555-9ce9-4393-9ea5-e50657e62c74,encoded@bitrate=3050_height=720,Tennis@display=sequential
,original,9280e338-65c6-4436-b3ea-a9ea8eda154f,encoded@bitrate=3800_height=1080,BigBuckBunny@display=sequential
,original,fd620d26-73f0-45d6-bfe5-7b47eb755676,encoded@bitrate=3800_height=1080,BigBuckBunny@display=sequential
,original,dd0b4014-ce60-4ca7-ab3d-8d9ff47766fd,encoded@bitrate=3800_height=1080,BigBuckBunny@display=sequential
,original,ae596db0-ca56-4a5e-819e-66d021715ded,encoded@bitrate=3800_height=1080,BigBuckBunny@display=sequential
,original,cb0a599b-6c54-4c99-88b5-bdf49ce83f3d,encoded@bitrate=3800_height=1080,BigBuckBunny@display=sequential
,encoded@bitrate=3800_height=1080,86f1012a-cb24-4aea-8fb1-43cf2f564d78,original,BigBuckBunny@display=sequential
original,original,90fb2795-6b00-41e1-9332-4593f10a9aed,encoded@bitrate=3800_height=1080,BigBuckBunny@display=sequential
,original,08e396e3-0ae3-4512-8a21-90a5e7de97f9,encoded@bitrate=3800_height=1080,BigBuckBunny@display=sequential
,original,867f48bf-2cb3-41b6-926b-b447ab6e1691,encoded@bitrate=3800_height=1080,BigBuckBunny@display=sequential
original,encoded@bitrate=3800_height=1080,a6da5121-b372-4161-b0dc-f2fa121c82d8,original,BigBuckBunny@display=sequential
original,original,8f75f8b3-15e6-4e03-855b-627f9aee47aa,encoded@bitrate=750_height=384,BigBuckBunny@display=sequential
original,original,dce23d6c-d138-4d23-95e5-005aef8ba310,encoded@bitrate=750_height=384,BigBuckBunny@display=sequential
original,original,79fb1864-fb13-4926-a967-5398013e9d21,encoded@bitrate=750_height=384,BigBuckBunny@display=sequential
original,original,600cbf91-d68d-4a24-9457-3bb048b161be,encoded@bitrate=750_height=384,BigBuckBunny@display=sequential
original,encoded@bitrate=750_height=384,5de0605d-3090-497c-830c-5bf5a45ce692,original,BigBuckBunny@display=sequential
original,encoded@bitrate=750_height=384,78f11d30-8cfb-4880-8a9d-194b1120ef55,original,BigBuckBunny@display=sequential
original,original,5740ef69-a9fb-42c2-b986-66e60752eb0f,encoded@bitrate=750_height=384,BigBuckBunny@display=sequential
original,encoded@bitrate=750_height=384,f006a370-cff3-4e73-a6dc-4bded3fe0f75,original,BigBuckBunny@display=sequential
original,original,31e37061-1d48-4b7e-801d-b43f7c932cf2,encoded@bitrate=750_height=384,BigBuckBunny@display=sequential
original,original,b774e164-c6e9-4e95-888c-12c5e3ddb8ad,encoded@bitrate=750_height=384,BigBuckBunny@display=sequential
original,original,11e0d1ca-a7ee-4489-9f90-88cd738b1ecd,encoded@bitrate=750_height=384,ElFuente1@display=sequential
original,original,965970ee-4f8f-4907-ae84-3318c16a5f29,encoded@bitrate=750_height=384,ElFuente1@display=sequential
original,original,f68bb6a4-fd35-4afd-a5bb-0c2c7c5f9311,encoded@bitrate=750_height=384,ElFuente1@display=sequential
original,encoded@bitrate=750_height=384,32128d68-b864-4e0e-9c13-989300fe1f5d,original,ElFuente1@display=sequential
original,encoded@bitrate=750_height=384,722bc5b0-1968-480d-b0b6-f15b25ae5ec6,original,ElFuente1@display=sequential
original,encoded@bitrate=750_height=384,882969fc-cb3f-463a-ae31-0d7c32898c9f,original,ElFuente1@display=sequential
original,encoded@bitrate=750_height=384,1e2aafec-b705-4388-8de9-025a35aca97a,original,ElFuente1@display=sequential
original,original,4a0a8685-4887-49fe-b267-09c0f3258c10,encoded@bitrate=750_height=384,ElFuente1@display=sequential
original,encoded@bitrate=750_height=384,a380631e-2ff4-4ec4-882d-f1b84cf9cdc9,original,ElFuente1@display=sequential
original,encoded@bitrate=750_height=384,6a98c9e8-2ad1-4e94-9b64-768f79f5a556,original,ElFuente1@display=sequential
,encoded@bitrate=4300_height=1080,840a09b5-4c5b-45f7-8f13-6a8057cf0fac,encoded@bitrate=10000_height=1080,CrowdRun@display=sequential
encoded@bitrate=10000_height=1080,encoded@bitrate=10000_height=1080,3f5f7b8c-cd59-4d11-b12e-b8f93a47cf5c,encoded@bitrate=4300_height=1080,CrowdRun@display=sequential
encoded@bitrate=10000_height=1080,encoded@bitrate=10000_height=1080,1dbdf6dc-299d-4b99-8cdb-c46794344655,encoded@bitrate=4300_height=1080,CrowdRun@display=sequential
encoded@bitrate=4300_height=1080,encoded@bitrate=10000_height=1080,d0c55c7c-e53c-42e0-8941-c77ee46fda9a,encoded@bitrate=4300_height=1080,CrowdRun@display=sequential
encoded@bitrate=10000_height=1080,encoded@bitrate=4300_height=1080,7c4a3a6e-b0af-4faa-af50-2e866b6d0fa8,encoded@bitrate=10000_height=1080,CrowdRun@display=sequential
encoded@bitrate=10000_height=1080,encoded@bitrate=4300_height=1080,8dc48e4f-944e-46f3-b3d7-2733d875f1c5,encoded@bitrate=10000_height=1080,CrowdRun@display=sequential
encoded@bitrate=10000_height=1080,encoded@bitrate=4300_height=1080,bd7b1f78-9c0e-4064-9134-e2e03080215b,encoded@bitrate=10000_height=1080,CrowdRun@display=sequential
encoded@bitrate=10000_height=1080,encoded@bitrate=4300_height=1080,46f38607-110d-49ab-b60c-8c1ab9421949,encoded@bitrate=10000_height=1080,CrowdRun@display=sequential
encoded@bitrate=10000_height=1080,encoded@bitrate=4300_height=1080,e9aa57ae-3fd7-4f57-aa6b-889f6b4630bf,encoded@bitrate=10000_height=1080,CrowdRun@display=sequential
encoded@bitrate=10000_height=1080,encoded@bitrate=10000_height=1080,600cbf91-d68d-4a24-9457-3bb048b161be,encoded@bitrate=4300_height=1080,CrowdRun@display=sequential
encoded@bitrate=1750_height=480,encoded@bitrate=1750_height=480,b593f76a-6681-43ae-8d5d-96bd388eca8a,encoded@bitrate=375_height=288,ElFuente1@display=sequential
encoded@bitrate=1750_height=480,encoded@bitrate=1750_height=480,9e25a404-4bfe-4e8c-8dec-e7c76c0c760a,encoded@bitrate=375_height=288,ElFuente1@display=sequential
encoded@bitrate=1750_height=480,encoded@bitrate=375_height=288,1fbd93ac-8eb8-4d25-8246-22f21c4c0993,encoded@bitrate=1750_height=480,ElFuente1@display=sequential
encoded@bitrate=1750_height=480,encoded@bitrate=1750_height=480,89011f22-37a1-4f64-b709-dcf63ad6d18b,encoded@bitrate=375_height=288,ElFuente1@display=sequential
encoded@bitrate=1750_height=480,encoded@bitrate=375_height=288,a422b10e-0b4e-4ece-89fa-850dbbcd9867,encoded@bitrate=1750_height=480,ElFuente1@display=sequential
encoded@bitrate=1750_height=480,encoded@bitrate=375_height=288,9baf0479-ee75-4c1d-a964-9c05587af8b1,encoded@bitrate=1750_height=480,ElFuente1@display=sequential
encoded@bitrate=1750_height=480,encoded@bitrate=1750_height=480,6d4b73c7-6738-487e-932f-bbe469cd77cb,encoded@bitrate=375_height=288,ElFuente1@display=sequential
encoded@bitrate=1750_height=480,encoded@bitrate=1750_height=480,a6da5121-b372-4161-b0dc-f2fa121c82d8,encoded@bitrate=375_height=288,ElFuente1@display=sequential
encoded@bitrate=1750_height=480,encoded@bitrate=1750_height=480,a8aa57a4-5b70-4366-ac0c-df4184675711,encoded@bitrate=375_height=288,ElFuente1@display=sequential
encoded@bitrate=1750_height=480,encoded@bitrate=375_height=288,9ccbd073-8175-4ca6-a2d7-9bb08948a46f,encoded@bitrate=1750_height=480,ElFuente1@display=sequential
original,encoded@bitrate=375_height=288,f01ea614-4b9a-4255-8e5c-16a8f3c2a04a,original,OldTownCross@display=sequential
original,encoded@bitrate=375_height=288,0fa6e044-fe07-4575-a037-ca202981ab92,original,OldTownCross@display=sequential
original,original,4f51ccc9-748a-455c-a276-65a0686f7ad8,encoded@bitrate=375_height=288,OldTownCross@display=sequential
original,encoded@bitrate=375_height=288,fdd71d4d-86e1-473c-8d6a-212eac301182,original,OldTownCross@display=sequential
original,encoded@bitrate=375_height=288,5f6b09f1-b26d-4374-83d3-458e20cb9ab5,original,OldTownCross@display=sequential
original,original,90c69d83-f3c8-4671-a98e-f65b76cbcde7,encoded@bitrate=375_height=288,OldTownCross@display=sequential
,encoded@bitrate=375_height=288,8dc48e4f-944e-46f3-b3d7-2733d875f1c5,original,OldTownCross@display=sequential
original,encoded@bitrate=375_height=288,dd0b4014-ce60-4ca7-ab3d-8d9ff47766fd,original,OldTownCross@display=sequential
original,encoded@bitrate=375_height=288,7636c232-cf8e-42d0-9b8d-10d48c444b17,original,OldTownCross@display=sequential
original,encoded@bitrate=375_height=288,9d6f7ee1-e089-4410-88df-ff9fd7b07a56,original,OldTownCross@display=sequential
encoded@bitrate=7500_height=1080,encoded@bitrate=375_height=288,c0e69549-b15d-40ee-820b-e480007bc208,encoded@bitrate=7500_height=1080,ElFuente1@display=sequential
encoded@bitrate=7500_height=1080,encoded@bitrate=7500_height=1080,1d47d828-0a6c-45f0-9598-2a1b328ea583,encoded@bitrate=375_height=288,ElFuente1@display=sequential
encoded@bitrate=7500_height=1080,encoded@bitrate=7500_height=1080,8e4da856-a4b7-4bcd-ae3b-c1982bbc9a46,encoded@bitrate=375_height=288,ElFuente1@display=sequential
encoded@bitrate=7500_height=1080,encoded@bitrate=7500_height=1080,292650bb-01af-4e38-b7ab-f6c163fcea4c,encoded@bitrate=375_height=288,ElFuente1@display=sequential
encoded@bitrate=7500_height=1080,encoded@bitrate=7500_height=1080,39df8f82-6ae7-4b16-91e1-bc8a53bbd2bf,encoded@bitrate=375_height=288,ElFuente1@display=sequential
encoded@bitrate=7500_height=1080,encoded@bitrate=7500_height=1080,6b3f07e5-02e2-48e7-8efc-461b03f85b4c,encoded@bitrate=375_height=288,ElFuente1@display=sequential
encoded@bitrate=7500_height=1080,encoded@bitrate=7500_height=1080,2edf4337-6b67-4ab1-b75b-8f5d88a140ad,encoded@bitrate=375_height=288,ElFuente1@display=sequential
encoded@bitrate=7500_height=1080,encoded@bitrate=375_height=288,9a5132b2-76b8-4072-aa1e-a8ad2272768b,encoded@bitrate=7500_height=1080,ElFuente1@display=sequential
encoded@bitrate=7500_height=1080,encoded@bitrate=7500_height=1080,dae60604-49cd-4259-9d04-075db5ad2a1d,encoded@bitrate=375_height=288,ElFuente1@display=sequential
encoded@bitrate=7500_height=1080,encoded@bitrate=375_height=288,9d9bfe50-d1ff-4dc3-b196-c5217ac2863f,encoded@bitrate=7500_height=1080,ElFuente1@display=sequential
encoded@bitrate=1750_height=480,encoded@bitrate=1750_height=480,abb3b591-f804-455c-a9eb-62536ba55725,encoded@bitrate=550_height=384,BigBuckBunny@display=sequential
encoded@bitrate=1750_height=480,encoded@bitrate=1750_height=480,01df0c77-0651-44a9-a4f7-2575b2c9c62b,encoded@bitrate=550_height=384,BigBuckBunny@display=sequential
encoded@bitrate=1750_height=480,encoded@bitrate=550_height=384,06772a52-4fbd-4aca-9a4c-698832194181,encoded@bitrate=1750_height=480,BigBuckBunny@display=sequential
encoded@bitrate=1750_height=480,encoded@bitrate=1750_height=480,b095e845-0f71-4a09-8f0e-77b302587a01,encoded@bitrate=550_height=384,BigBuckBunny@display=sequential
encoded@bitrate=1750_height=480,encoded@bitrate=1750_height=480,b4170a87-8862-45d0-ae39-a2fa7515fc9d,encoded@bitrate=550_height=384,BigBuckBunny@display=sequential
encoded@bitrate=1750_height=480,encoded@bitrate=1750_height=480,d013d53b-da4a-4452-b8a9-1ea353b220fb,encoded@bitrate=550_height=384,BigBuckBunny@display=sequential
encoded@bitrate=1750_height=480,encoded@bitrate=550_height=384,49ecc985-24ed-446c-8c82-950e120f85ba,encoded@bitrate=1750_height=480,BigBuckBunny@display=sequential
encoded@bitrate=1750_height=480,encoded@bitrate=1750_height=480,8b27aa77-28aa-4647-bdbc-dbbf35b50d86,encoded@bitrate=550_height=384,BigBuckBunny@display=sequential
encoded@bitrate=1750_height=480,encoded@bitrate=1750_height=480,1d2ed32a-13f4-4021-896f-073296654209,encoded@bitrate=550_height=384,BigBuckBunny@display=sequential
encoded@bitrate=1750_height=480,encoded@bitrate=1750_height=480,e0797398-ff1b-4cd6-9229-a59d2a290e80,encoded@bitrate=550_height=384,BigBuckBunny@display=sequential
original,encoded@bitrate=375_height=288,f0119fe7-19cb-45d6-98b1-8d30f3994399,original,Tennis@display=sequential
original,original,a801ea4e-4aef-4dc3-bcb9-0b668206f360,encoded@bitrate=375_height=288,Tennis@display=sequential
original,original,8c00d752-4fc3-4e7d-a8df-d7ca2c6a73a2,encoded@bitrate=375_height=288,Tennis@display=sequential
original,encoded@bitrate=375_height=288,50a38519-8060-4b35-97ac-c4b565cbe444,original,Tennis@display=sequential
original,original,2eb24ce5-0ea1-4c90-92df-28195691abdd,encoded@bitrate=375_height=288,Tennis@display=sequential
original,encoded@bitrate=375_height=288,b06990da-cdb0-46ce-9ec1-4e2597c7c00a,original,Tennis@display=sequential
original,encoded@bitrate=375_height=288,70fd376b-a5b0-42fb-a562-8cbc5f239c70,original,Tennis@display=sequential
original,encoded@bitrate=375_height=288,1632c427-02e0-4a5c-aef6-97645307543a,original,Tennis@display=sequential
original,encoded@bitrate=375_height=288,e44dbcab-120c-411c-b746-5ce312213b75,original,Tennis@display=sequential
original,original,0bc2ef68-2eec-431d-a903-4e5fb7901115,encoded@bitrate=375_height=288,Tennis@display=sequential
original,encoded@bitrate=4300_height=1080,b06990da-cdb0-46ce-9ec1-4e2597c7c00a,original,ElFuente1@display=sequential
,original,c0841986-a23a-42a0-a152-ce477545bdd0,encoded@bitrate=4300_height=1080,ElFuente1@display=sequential
original,encoded@bitrate=4300_height=1080,5de0605d-3090-497c-830c-5bf5a45ce692,original,ElFuente1@display=sequential
original,original,314669a2-7dac-4f5f-9604-1595a6684acb,encoded@bitrate=4300_height=1080,ElFuente1@display=sequential
original,encoded@bitrate=4300_height=1080,75c4ab50-a4aa-4fd4-b430-ef329c45fc1b,original,ElFuente1@display=sequential
original,original,8c00d752-4fc3-4e7d-a8df-d7ca2c6a73a2,encoded@bitrate=4300_height=1080,ElFuente1@display=sequential
original,original,085d2fd6-2fec-4af4-a870-d2963b430267,encoded@bitrate=4300_height=1080,ElFuente1@display=sequential
original,original,00fb48d3-939f-4d8f-a974-6c0799e28570,encoded@bitrate=4300_height=1080,ElFuente1@display=sequential
original,original,78448630-72f5-4556-84ab-a02e39a647b6,encoded@bitrate=4300_height=1080,ElFuente1@display=sequential
encoded@bitrate=4300_height=1080,original,20004959-c8e6-47d6-83b9-05113caa2147,encoded@bitrate=4300_height=1080,ElFuente1@display=sequential
encoded@bitrate=1800_height=1080,encoded@bitrate=1800_height=1080,b33efb6e-2e53-4052-87d4-bb3557a36e88,encoded@bitrate=3000_height=1080,BirdsInCage@display=sequential
,encoded@bitrate=3000_height=1080,50c67488-59d0-4940-a8b4-861e754c9111,encoded@bitrate=1800_height=1080,BirdsInCage@display=sequential
encoded@bitrate=3000_height=1080,encoded@bitrate=1800_height=1080,2231f9ee-7322-4c18-afd8-0297a5523148,encoded@bitrate=3000_height=1080,BirdsInCage@display=sequential
,encoded@bitrate=3000_height=1080,311f0ee0-925e-4e69-b13e-bffca005694b,encoded@bitrate=1800_height=1080,BirdsInCage@display=sequential
encoded@bitrate=1800_height=1080,encoded@bitrate=1800_height=1080,470de4d5-fd31-4124-92aa-e5d4b85b5782,encoded@bitrate=3000_height=1080,BirdsInCage@display=sequential
,encoded@bitrate=1800_height=1080,592ba6b5-cb27-4a57-8053-fde0747c3fb0,encoded@bitrate=3000_height=1080,BirdsInCage@display=sequential
,encoded@bitrate=1800_height=1080,d06c5043-187d-45b6-a654-ec690918445f,encoded@bitrate=3000_height=1080,BirdsInCage@display=sequential
,encoded@bitrate=3000_height=1080,a8a6721b-be7d-42a3-ad63-ad07d8be7093,encoded@bitrate=1800_height=1080,BirdsInCage@display=sequential
encoded@bitrate=1800_height=1080,encoded@bitrate=1800_height=1080,d7668104-cefe-4f34-ad17-149c4cbe34b1,encoded@bitrate=3000_height=1080,BirdsInCage@display=sequential
encoded@bitrate=3000_height=1080,encoded@bitrate=1800_height=1080,f6dcbb2a-6b4d-4e46-99b1-4179f4898cd0,encoded@bitrate=3000_height=1080,BirdsInCage@display=sequential
,encoded@bitrate=2300_height=1080,e44dbcab-120c-411c-b746-5ce312213b75,encoded@bitrate=5800_height=1080,FoxBird@display=sequential
,encoded@bitrate=2300_height=1080,341de2f3-ef53-46f2-bb65-e3d0c0757b76,encoded@bitrate=5800_height=1080,FoxBird@display=sequential
encoded@bitrate=5800_height=1080,encoded@bitrate=5800_height=1080,8831c2ef-64b2-4f81-bd12-782facb47567,encoded@bitrate=2300_height=1080,FoxBird@display=sequential
,encoded@bitrate=5800_height=1080,56981384-e0ba-4ec4-a6ea-fec5f32b3988,encoded@bitrate=2300_height=1080,FoxBird@display=sequential
encoded@bitrate=5800_height=1080,encoded@bitrate=5800_height=1080,80d588f3-fa01-4c67-b619-ce44c84e9fcf,encoded@bitrate=2300_height=1080,FoxBird@display=sequential
,encoded@bitrate=2300_height=1080,909ad99b-fa8b-4cfd-b7e7-e4df1f5f24b9,encoded@bitrate=5800_height=1080,FoxBird@display=sequential
encoded@bitrate=5800_height=1080,encoded@bitrate=5800_height=1080,31e37061-1d48-4b7e-801d-b43f7c932cf2,encoded@bitrate=2300_height=1080,FoxBird@display=sequential
encoded@bitrate=5800_height=1080,encoded@bitrate=5800_height=1080,48f844e9-7586-4d74-aa4f-ea6cc7b0f7e5,encoded@bitrate=2300_height=1080,FoxBird@display=sequential
,encoded@bitrate=5800_height=1080,dbf56af0-d333-49de-9bd3-1b837113335b,encoded@bitrate=2300_height=1080,FoxBird@display=sequential
,encoded@bitrate=2300_height=1080,8760b604-bde2-4d2a-8da9-0492b050506c,encoded@bitrate=5800_height=1080,FoxBird@display=sequential
encoded@bitrate=5800_height=1080,encoded@bitrate=5800_height=1080,8831c2ef-64b2-4f81-bd12-782facb47567,encoded@bitrate=375_height=288,ElFuente2@display=sequential
encoded@bitrate=5800_height=1080,encoded@bitrate=5800_height=1080,8809b6cf-50cf-4c1e-8184-379e403aa7c4,encoded@bitrate=375_height=288,ElFuente2@display=sequential
encoded@bitrate=5800_height=1080,encoded@bitrate=375_height=288,719b63b7-550b-4eab-be5d-8250b6731a2e,encoded@bitrate=5800_height=1080,ElFuente2@display=sequential
encoded@bitrate=5800_height=1080,encoded@bitrate=5800_height=1080,62c65a02-fe11-4b7d-8a9f-f81de50ebaa3,encoded@bitrate=375_height=288,ElFuente2@display=sequential
encoded@bitrate=5800_height=1080,encoded@bitrate=5800_height=1080,30342057-2a33-4929-ac24-d1c5f1106151,encoded@bitrate=375_height=288,ElFuente2@display=sequential
encoded@bitrate=5800_height=1080,encoded@bitrate=5800_height=1080,aeb6aa3e-8394-4b15-b8ed-a897b8f04db9,encoded@bitrate=375_height=288,ElFuente2@display=sequential
encoded@bitrate=5800_height=1080,encoded@bitrate=5800_height=1080,819d099f-3867-4dc9-9654-7215ae56bc6b,encoded@bitrate=375_height=288,ElFuente2@display=sequential
encoded@bitrate=5800_height=1080,encoded@bitrate=375_height=288,88b36f5b-7e11-4173-9612-6e4bd8a0df5f,encoded@bitrate=5800_height=1080,ElFuente2@display=sequential
encoded@bitrate=5800_height=1080,encoded@bitrate=5800_height=1080,a693e218-d9cd-4ff6-99ba-627b53ca937e,encoded@bitrate=375_height=288,ElFuente2@display=sequential
encoded@bitrate=5800_height=1080,encoded@bitrate=5800_height=1080,08e396e3-0ae3-4512-8a21-90a5e7de97f9,encoded@bitrate=375_height=288,ElFuente2@display=sequential
original,original,91e0d1d4-9f7e-4756-a50a-12bd3bbd1941,encoded@bitrate=750_height=384,Tennis@display=sequential
original,encoded@bitrate=750_height=384,859ffd8a-b1cd-49e1-9235-03e141136463,original,Tennis@display=sequential
original,encoded@bitrate=750_height=384,81e4e011-635e-4e0c-84b4-cee59fe25ed0,original,Tennis@display=sequential
original,encoded@bitrate=750_height=384,aa235a56-2c9d-4248-b414-4fb6bb6ad697,original,Tennis@display=sequential
original,encoded@bitrate=750_height=384,66bbfe16-e8a0-4b41-bbb9-8d4184c0f119,original,Tennis@display=sequential
original,encoded@bitrate=750_height=384,5fb511a7-580f-4be2-9e53-b66cd6b5246a,original,Tennis@display=sequential
original,encoded@bitrate=750_height=384,d3c1b863-4286-42ab-b8e7-356051012a58,original,Tennis@display=sequential
original,encoded@bitrate=750_height=384,5c617a43-9028-40e4-9b65-09380b3527c4,original,Tennis@display=sequential
original,encoded@bitrate=750_height=384,0afe3f83-afb0-4165-aa8a-5d917fc5f69b,original,Tennis@display=sequential
original,encoded@bitrate=750_height=384,3de8634b-9153-4c5a-8a93-5d6012373bd6,original,Tennis@display=sequential
original,encoded@bitrate=750_height=384,3508c90d-7344-4ec2-946c-52b057f5fd46,original,FoxBird@display=sequential
original,encoded@bitrate=750_height=384,311f0ee0-925e-4e69-b13e-bffca005694b,original,FoxBird@display=sequential
original,original,94f8e362-2fe0-4596-a14e-b13248907924,encoded@bitrate=750_height=384,FoxBird@display=sequential
original,original,98b09ff4-e3e5-4a56-a530-95ab35695116,encoded@bitrate=750_height=384,FoxBird@display=sequential
original,original,749cdf5a-d0cf-43c0-bdbe-6f69f45840d0,encoded@bitrate=750_height=384,FoxBird@display=sequential
original,encoded@bitrate=750_height=384,5d3dc6a3-01dc-43b0-8cff-bfbde0c40871,original,FoxBird@display=sequential
original,encoded@bitrate=750_height=384,6188c003-558b-403c-a837-9aad0078345c,original,FoxBird@display=sequential
original,encoded@bitrate=750_height=384,6140f270-6e48-4210-9132-c8a58eeb4d48,original,FoxBird@display=sequential
original,original,0e6bd588-76a1-47fe-8393-5e2f3cf4168a,encoded@bitrate=750_height=384,FoxBird@display=sequential
original,encoded@bitrate=750_height=384,84327ee8-7e8c-4049-886f-05323cf7bbc3,original,FoxBird@display=sequential
encoded@bitrate=4300_height=1080,encoded@bitrate=1050_height=480,1a6df238-534f-41b5-8cb5-5875009d5d21,encoded@bitrate=4300_height=1080,Tennis@display=sequential
encoded@bitrate=4300_height=1080,encoded@bitrate=4300_height=1080,3205993c-aac2-4a12-b9f8-728328cdc06c,encoded@bitrate=1050_height=480,Tennis@display=sequential
,encoded@bitrate=4300_height=1080,94f8e362-2fe0-4596-a14e-b13248907924,encoded@bitrate=1050_height=480,Tennis@display=sequential
,encoded@bitrate=4300_height=1080,d48d3209-3c1a-4253-a83c-ac0642c7f7c9,encoded@bitrate=1050_height=480,Tennis@display=sequential
encoded@bitrate=4300_height=1080,encoded@bitrate=1050_height=480,f86b2275-4518-4d57-8c52-46fc992cc8a3,encoded@bitrate=4300_height=1080,Tennis@display=sequential
encoded@bitrate=4300_height=1080,encoded@bitrate=1050_height=480,a6704ad0-84ef-4e86-8ac5-f592cc525f47,encoded@bitrate=4300_height=1080,Tennis@display=sequential
encoded@bitrate=4300_height=1080,encoded@bitrate=1050_height=480,6505fbd9-0847-4bf1-bc8a-09532291d090,encoded@bitrate=4300_height=1080,Tennis@display=sequential
encoded@bitrate=4300_height=1080,encoded@bitrate=4300_height=1080,5dc62e1a-77a7-42ff-b80f-ad839dbf8ba4,encoded@bitrate=1050_height=480,Tennis@display=sequential
,encoded@bitrate=1050_height=480,1febb2a5-e775-4a21-a8b0-28aa2c87f5fc,encoded@bitrate=4300_height=1080,Tennis@display=sequential
encoded@bitrate=4300_height=1080,encoded@bitrate=4300_height=1080,38207576-6ad7-4dac-84da-904ae3c77cf8,encoded@bitrate=1050_height=480,Tennis@display=sequential
encoded@bitrate=1750_height=480,encoded@bitrate=1750_height=480,45e1e015-506b-4217-a64f-4f2b2d502cda,encoded@bitrate=750_height=480,FoxBird@display=sequential
encoded@bitrate=1750_height=480,encoded@bitrate=750_height=480,06772a52-4fbd-4aca-9a4c-698832194181,encoded@bitrate=1750_height=480,FoxBird@display=sequential
encoded@bitrate=1750_height=480,encoded@bitrate=1750_height=480,9b12ec4a-fa08-4ab2-b239-ed08073ff262,encoded@bitrate=750_height=480,FoxBird@display=sequential
encoded@bitrate=1750_height=480,encoded@bitrate=1750_height=480,e55ca671-1a64-4590-953d-9e284e88d509,encoded@bitrate=750_height=480,FoxBird@display=sequential
encoded@bitrate=1750_height=480,encoded@bitrate=750_height=480,ab73b275-9ae8-46d7-b5f9-e2881e9ad887,encoded@bitrate=1750_height=480,FoxBird@display=sequential
encoded@bitrate=1750_height=480,encoded@bitrate=750_height=480,b80f00b9-eab1-4fc9-807a-f0f2300dd67c,encoded@bitrate=1750_height=480,FoxBird@display=sequential
encoded@bitrate=1750_height=480,encoded@bitrate=750_height=480,201ca70f-e731-4e8e-a125-f82579361303,encoded@bitrate=1750_height=480,FoxBird@display=sequential
encoded@bitrate=1750_height=480,encoded@bitrate=750_height=480,2268b1e8-ab95-4a64-bbb0-4dc64f270f4f,encoded@bitrate=1750_height=480,FoxBird@display=sequential
encoded@bitrate=1750_height=480,encoded@bitrate=750_height=480,01e8d7b6-3386-43b3-a8e3-f1af4d392224,encoded@bitrate=1750_height=480,FoxBird@display=sequential
encoded@bitrate=1750_height=480,encoded@bitrate=750_height=480,fd313eca-0eb1-4b39-bd08-b5329f2c5e61,encoded@bitrate=1750_height=480,FoxBird@display=sequential
,original,859ffd8a-b1cd-49e1-9235-03e141136463,encoded@bitrate=10000_height=1080,CrowdRun@display=sequential
original,original,2edf4337-6b67-4ab1-b75b-8f5d88a140ad,encoded@bitrate=10000_height=1080,CrowdRun@display=sequential
encoded@bitrate=10000_height=1080,encoded@bitrate=10000_height=1080,f532281c-30f2-4a67-916d-92f3230bdf18,original,CrowdRun@display=sequential
original,encoded@bitrate=10000_height=1080,e7965f16-6621-4854-84b4-b552c5738880,original,CrowdRun@display=sequential
original,original,38f44379-14d3-428f-9b62-0912929e8b78,encoded@bitrate=10000_height=1080,CrowdRun@display=sequential
original,encoded@bitrate=10000_height=1080,57a1b4cc-208e-4275-9615-daea05998979,original,CrowdRun@display=sequential
original,encoded@bitrate=10000_height=1080,ad97fd16-30c3-4bcc-b9d7-a22069039daa,original,CrowdRun@display=sequential
,encoded@bitrate=10000_height=1080,e79fa7fb-62cf-4b20-8b29-1cd64f2820a4,original,CrowdRun@display=sequential
original,encoded@bitrate=10000_height=1080,d5018336-2e28-4a35-a250-a723b3fa214d,original,CrowdRun@display=sequential
encoded@bitrate=10000_height=1080,encoded@bitrate=10000_height=1080,7e0d9c54-ab06-406e-9404-376c6cb54cc9,original,CrowdRun@display=sequential
,encoded@bitrate=3050_height=720,77d2ccfb-ea78-4f68-bea0-064eb802d8b9,encoded@bitrate=4300_height=1080,Tennis@display=sequential
encoded@bitrate=3050_height=720,encoded@bitrate=3050_height=720,835e531d-086d-4efe-8d86-2e29a6f0383b,encoded@bitrate=4300_height=1080,Tennis@display=sequential
encoded@bitrate=4300_height=1080,encoded@bitrate=4300_height=1080,0fefac0c-a2e6-487f-ad69-a8c37b4efa0a,encoded@bitrate=3050_height=720,Tennis@display=sequential
,encoded@bitrate=3050_height=720,c70e15fe-285d-4f39-b35a-67e47849682c,encoded@bitrate=4300_height=1080,Tennis@display=sequential
encoded@bitrate=4300_height=1080,encoded@bitrate=3050_height=720,04e95b2d-3ea9-40f2-b0b2-68e0877d4e5d,encoded@bitrate=4300_height=1080,Tennis@display=sequential
,encoded@bitrate=4300_height=1080,502847cb-21d3-4808-bd8a-4ec3b2a1c24c,encoded@bitrate=3050_height=720,Tennis@display=sequential
encoded@bitrate=3050_height=720,encoded@bitrate=4300_height=1080,cd53e6fd-1592-4582-a526-ce3b91a4ea71,encoded@bitrate=3050_height=720,Tennis@display=sequential
,encoded@bitrate=3050_height=720,f0477d3b-b59d-4c71-8581-110c40c14ca6,encoded@bitrate=4300_height=1080,Tennis@display=sequential
,encoded@bitrate=3050_height=720,d445a949-d7c2-4196-b6a8-50cf9b19cc10,encoded@bitrate=4300_height=1080,Tennis@display=sequential
,encoded@bitrate=3050_height=720,36f2fc24-f43a-4904-b65f-f81f2d37dab2,encoded@bitrate=4300_height=1080,Tennis@display=sequential
encoded@bitrate=4300_height=1080,encoded@bitrate=2350_height=720,8182bf73-0cb3-422e-8eb3-0cbb71037d76,encoded@bitrate=4300_height=1080,OldTownCross@display=sequential
,encoded@bitrate=4300_height=1080,65e55d30-683c-49bd-9237-f89f1646f134,encoded@bitrate=2350_height=720,OldTownCross@display=sequential
encoded@bitrate=4300_height=1080,encoded@bitrate=2350_height=720,dbdce651-0354-4168-86b0-feb47a871b13,encoded@bitrate=4300_height=1080,OldTownCross@display=sequential
,encoded@bitrate=4300_height=1080,32b1e827-4cf2-468f-9797-4a40b9ed4a47,encoded@bitrate=2350_height=720,OldTownCross@display=sequential
encoded@bitrate=4300_height=1080,encoded@bitrate=4300_height=1080,2c034a31-b04b-4132-be9d-cebcbabb4380,encoded@bitrate=2350_height=720,OldTownCross@display=sequential
encoded@bitrate=4300_height=1080,encoded@bitrate=2350_height=720,a01d248f-120f-44aa-a1ae-c78564daf7f6,encoded@bitrate=4300_height=1080,OldTownCross@display=sequential
encoded@bitrate=4300_height=1080,encoded@bitrate=4300_height=1080,75d3b625-b4cb-421e-8d02-6b64d24248ea,encoded@bitrate=2350_height=720,OldTownCross@display=sequential
encoded@bitrate=4300_height=1080,encoded@bitrate=2350_height=720,eadefcd2-3e7b-4db5-a25d-9ebfe5da399e,encoded@bitrate=4300_height=1080,OldTownCross@display=sequential
encoded@bitrate=4300_height=1080,encoded@bitrate=4300_height=1080,20a56b23-a069-49e5-b34d-d80c1af588d5,encoded@bitrate=2350_height=720,OldTownCross@display=sequential
encoded@bitrate=4300_height=1080,encoded@bitrate=4300_height=1080,566f1efe-c334-4e1c-bd9d-60079dd825db,encoded@bitrate=2350_height=720,OldTownCross@display=sequential
encoded@bitrate=5800_height=1080,encoded@bitrate=5800_height=1080,389e65fd-2bf8-42a2-8b81-822ecb5b58e1,encoded@bitrate=375_height=288,BigBuckBunny@display=sequential
encoded@bitrate=5800_height=1080,encoded@bitrate=5800_height=1080,3bd6b8a9-b6b4-451c-9278-ee9a14dafa7f,encoded@bitrate=375_height=288,BigBuckBunny@display=sequential
encoded@bitrate=5800_height=1080,encoded@bitrate=375_height=288,5f6a3446-9ea6-439f-b7a6-b6e3899ada03,encoded@bitrate=5800_height=1080,BigBuckBunny@display=sequential
encoded@bitrate=5800_height=1080,encoded@bitrate=375_height=288,00fb48d3-939f-4d8f-a974-6c0799e28570,encoded@bitrate=5800_height=1080,BigBuckBunny@display=sequential
encoded@bitrate=5800_height=1080,encoded@bitrate=5800_height=1080,2a143680-f30d-48a1-bea7-5ae7236e6392,encoded@bitrate=375_height=288,BigBuckBunny@display=sequential
encoded@bitrate=5800_height=1080,encoded@bitrate=5800_height=1080,8d34a0c1-f486-4a33-930c-2685163bcf28,encoded@bitrate=375_height=288,BigBuckBunny@display=sequential
encoded@bitrate=5800_height=1080,encoded@bitrate=375_height=288,20a56b23-a069-49e5-b34d-d80c1af588d5,encoded@bitrate=5800_height=1080,BigBuckBunny@display=sequential
encoded@bitrate=5800_height=1080,encoded@bitrate=5800_height=1080,84531b99-869c-4f3e-ae80-dac3f956997a,encoded@bitrate=375_height=288,BigBuckBunny@display=sequential
encoded@bitrate=5800_height=1080,encoded@bitrate=5800_height=1080,4936c335-63ad-42c7-9910-e2b138439967,encoded@bitrate=375_height=288,BigBuckBunny@display=sequential
encoded@bitrate=5800_height=1080,encoded@bitrate=5800_height=1080,08222fec-a836-4bb3-bc8b-06590d580cca,encoded@bitrate=375_height=288,BigBuckBunny@display=sequential
encoded@bitrate=15000_height=1080,encoded@bitrate=15000_height=1080,4936c335-63ad-42c7-9910-e2b138439967,encoded@bitrate=2350_height=480,CrowdRun@display=sequential
encoded@bitrate=15000_height=1080,encoded@bitrate=15000_height=1080,2a143680-f30d-48a1-bea7-5ae7236e6392,encoded@bitrate=2350_height=480,CrowdRun@display=sequential
encoded@bitrate=15000_height=1080,encoded@bitrate=15000_height=1080,7522b6a2-33fd-4d39-9892-118173704b57,encoded@bitrate=2350_height=480,CrowdRun@display=sequential
encoded@bitrate=15000_height=1080,encoded@bitrate=2350_height=480,c6230a1a-bba9-4067-a204-87588e4d736c,encoded@bitrate=15000_height=1080,CrowdRun@display=sequential
encoded@bitrate=15000_height=1080,encoded@bitrate=15000_height=1080,2cf04c1d-69ed-4a9f-9296-26dd3abf56ce,encoded@bitrate=2350_height=480,CrowdRun@display=sequential
encoded@bitrate=15000_height=1080,encoded@bitrate=15000_height=1080,49747077-9ad4-48ed-b0be-218faff3cc0c,encoded@bitrate=2350_height=480,CrowdRun@display=sequential
encoded@bitrate=15000_height=1080,encoded@bitrate=15000_height=1080,67ae0f79-04ba-4a89-867a-2b136e9aca56,encoded@bitrate=2350_height=480,CrowdRun@display=sequential
encoded@bitrate=15000_height=1080,encoded@bitrate=15000_height=1080,1f64c3be-6d62-4593-ba38-ec5d4b9eb8e1,encoded@bitrate=2350_height=480,CrowdRun@display=sequential
encoded@bitrate=15000_height=1080,encoded@bitrate=2350_height=480,3167e740-abcd-47b6-b957-0711ed640b48,encoded@bitrate=15000_height=1080,CrowdRun@display=sequential
encoded@bitrate=15000_height=1080,encoded@bitrate=15000_height=1080,20004959-c8e6-47d6-83b9-05113caa2147,encoded@bitrate=2350_height=480,CrowdRun@display=sequential
original,encoded@bitrate=7500_height=1080,379a33e7-1e63-40fb-b4f7-7424e192a99f,original,CrowdRun@display=sequential
original,original,64523042-54b3-4028-9557-439ad63a25e1,encoded@bitrate=7500_height=1080,CrowdRun@display=sequential
original,original,f62c787c-9092-47b5-b493-5f371ecab9f3,encoded@bitrate=7500_height=1080,CrowdRun@display=sequential
original,encoded@bitrate=7500_height=1080,314669a2-7dac-4f5f-9604-1595a6684acb,original,CrowdRun@display=sequential
,encoded@bitrate=7500_height=1080,53f17f2b-6a32-4ac6-b226-91275dd8b985,original,CrowdRun@display=sequential
,encoded@bitrate=7500_height=1080,4a76f2f7-9d33-49ba-8cc4-1cf92c5da2d4,original,CrowdRun@display=sequential
original,original,9e25a404-4bfe-4e8c-8dec-e7c76c0c760a,encoded@bitrate=7500_height=1080,CrowdRun@display=sequential
original,original,89c91ff0-a1a3-4604-95f9-2196ba8054bf,encoded@bitrate=7500_height=1080,CrowdRun@display=sequential
,encoded@bitrate=7500_height=1080,c1739819-086d-408c-b516-f05ff33ddf56,original,CrowdRun@display=sequential
,original,40a7c6a1-6d4e-405c-830b-288315717027,encoded@bitrate=7500_height=1080,CrowdRun@display=sequential
,encoded@bitrate=5800_height=1080,58610daf-4074-4fec-bc1c-4770879d61c8,original,BigBuckBunny@display=sequential
encoded@bitrate=5800_height=1080,original,e2ef8b3c-8f6b-4998-b6a9-acd51651099f,encoded@bitrate=5800_height=1080,BigBuckBunny@display=sequential
original,encoded@bitrate=5800_height=1080,64c2f134-2df0-40e2-854a-c2cafa0df023,original,BigBuckBunny@display=sequential
encoded@bitrate=5800_height=1080,original,379a33e7-1e63-40fb-b4f7-7424e192a99f,encoded@bitrate=5800_height=1080,BigBuckBunny@display=sequential
,original,7adefaed-dee1-4607-8648-a185a4bc8ff7,encoded@bitrate=5800_height=1080,BigBuckBunny@display=sequential
,encoded@bitrate=5800_height=1080,88b7d5e7-b41b-421a-921d-06967d0f16d3,original,BigBuckBunny@display=sequential
original,original,48a9efad-0b20-49da-b47d-ae93af5ce867,encoded@bitrate=5800_height=1080,BigBuckBunny@display=sequential
encoded@bitrate=5800_height=1080,encoded@bitrate=5800_height=1080,6b7cf11a-44c3-48d0-87a8-cdc05b3801e6,original,BigBuckBunny@display=sequential
,original,9ea19e1f-428b-414a-abdf-c1e51f9afe71,encoded@bitrate=5800_height=1080,BigBuckBunny@display=sequential
encoded@bitrate=5800_height=1080,encoded@bitrate=5800_height=1080,cb66df87-875e-4b42-86b6-694bfeb1313b,original,BigBuckBunny@display=sequential
encoded@bitrate=15000_height=1080,encoded@bitrate=15000_height=1080,72ed54fa-f4f0-473b-a829-ac89abe9d3c5,encoded@bitrate=1050_height=480,Seeking@display=sequential
encoded@bitrate=15000_height=1080,encoded@bitrate=15000_height=1080,0c75c2cb-4183-4187-8e95-1ddec654b46f,encoded@bitrate=1050_height=480,Seeking@display=sequential
encoded@bitrate=15000_height=1080,encoded@bitrate=15000_height=1080,d8f1cdf9-2130-4c7b-a94a-644261d6d4f7,encoded@bitrate=1050_height=480,Seeking@display=sequential
encoded@bitrate=15000_height=1080,encoded@bitrate=1050_height=480,58610daf-4074-4fec-bc1c-4770879d61c8,encoded@bitrate=15000_height=1080,Seeking@display=sequential
encoded@bitrate=15000_height=1080,encoded@bitrate=1050_height=480,e1d09195-68a7-4a6e-873b-35cb494a81e2,encoded@bitrate=15000_height=1080,Seeking@display=sequential
encoded@bitrate=15000_height=1080,encoded@bitrate=15000_height=1080,7ba3a129-ae12-46de-8820-d5b53c634220,encoded@bitrate=1050_height=480,Seeking@display=sequential
encoded@bitrate=15000_height=1080,encoded@bitrate=15000_height=1080,71504043-233f-4a03-871a-8774e4c83b95,encoded@bitrate=1050_height=480,Seeking@display=sequential
encoded@bitrate=15000_height=1080,encoded@bitrate=1050_height=480,d9de9b07-c463-4078-b164-68c2f997bfce,encoded@bitrate=15000_height=1080,Seeking@display=sequential
encoded@bitrate=15000_height=1080,encoded@bitrate=15000_height=1080,649135cd-e54f-4105-a2ff-d175b6e51c29,encoded@bitrate=1050_height=480,Seeking@display=sequential
encoded@bitrate=15000_height=1080,encoded@bitrate=1050_height=480,72e7431d-e9dc-43b5-9e38-6d3780f298ea,encoded@bitrate=15000_height=1080,Seeking@display=sequential
original,original,30342057-2a33-4929-ac24-d1c5f1106151,encoded@bitrate=375_height=288,BirdsInCage@display=sequential
original,original,e8c1511a-8c33-4c69-be8f-24942a1a27ce,encoded@bitrate=375_height=288,BirdsInCage@display=sequential
original,encoded@bitrate=375_height=288,71504043-233f-4a03-871a-8774e4c83b95,original,BirdsInCage@display=sequential
original,original,fcb49f3d-24e4-48f4-b819-5a1d0dd9a3ab,encoded@bitrate=375_height=288,BirdsInCage@display=sequential
original,encoded@bitrate=375_height=288,66ae368d-fe93-4ff7-aafd-162ed5776cd6,original,BirdsInCage@display=sequential
original,original,53f17f2b-6a32-4ac6-b226-91275dd8b985,encoded@bitrate=375_height=288,BirdsInCage@display=sequential
original,original,b30b28f7-3557-4eef-8ebe-423e04fd98e7,encoded@bitrate=375_height=288,BirdsInCage@display=sequential
original,original,e1d09195-68a7-4a6e-873b-35cb494a81e2,encoded@bitrate=375_height=288,BirdsInCage@display=sequential
original,original,31139786-676b-4e53-9762-4f0e8cc93727,encoded@bitrate=375_height=288,BirdsInCage@display=sequential
original,encoded@bitrate=375_height=288,314669a2-7dac-4f5f-9604-1595a6684acb,original,BirdsInCage@display=sequential
encoded@bitrate=15000_height=1080,encoded@bitrate=15000_height=1080,cc41adc2-0128-483a-a929-40af98e50807,encoded@bitrate=4300_height=1080,ElFuente2@display=sequential
encoded@bitrate=15000_height=1080,encoded@bitrate=4300_height=1080,8760b604-bde2-4d2a-8da9-0492b050506c,encoded@bitrate=15000_height=1080,ElFuente2@display=sequential
encoded@bitrate=15000_height=1080,encoded@bitrate=15000_height=1080,00fb48d3-939f-4d8f-a974-6c0799e28570,encoded@bitrate=4300_height=1080,ElFuente2@display=sequential
encoded@bitrate=4300_height=1080,encoded@bitrate=15000_height=1080,4ee218cc-9cd2-4178-9a02-4a72119ac7e5,encoded@bitrate=4300_height=1080,ElFuente2@display=sequential
encoded@bitrate=15000_height=1080,encoded@bitrate=15000_height=1080,11310c79-0068-4f33-a341-a8ddbb36beb9,encoded@bitrate=4300_height=1080,ElFuente2@display=sequential
encoded@bitrate=15000_height=1080,encoded@bitrate=4300_height=1080,03c579d6-6125-4434-b2d8-ff7f379b3427,encoded@bitrate=15000_height=1080,ElFuente2@display=sequential
encoded@bitrate=15000_height=1080,encoded@bitrate=15000_height=1080,e71693e3-f3a8-4f43-b1a3-1094bcfee6b3,encoded@bitrate=4300_height=1080,ElFuente2@display=sequential
encoded@bitrate=15000_height=1080,encoded@bitrate=15000_height=1080,70fd376b-a5b0-42fb-a562-8cbc5f239c70,encoded@bitrate=4300_height=1080,ElFuente2@display=sequential
,encoded@bitrate=4300_height=1080,88b7d5e7-b41b-421a-921d-06967d0f16d3,encoded@bitrate=15000_height=1080,ElFuente2@display=sequential
encoded@bitrate=15000_height=1080,encoded@bitrate=4300_height=1080,9d5a019b-71bd-4af6-b124-a219b08b293a,encoded@bitrate=15000_height=1080,ElFuente2@display=sequential
encoded@bitrate=550_height=384,encoded@bitrate=750_height=384,bd7b1f78-9c0e-4064-9134-e2e03080215b,encoded@bitrate=550_height=384,BigBuckBunny@display=sequential
encoded@bitrate=550_height=384,encoded@bitrate=550_height=384,44a3e5d7-0f82-40c1-aff8-95ba8afcb6ad,encoded@bitrate=750_height=384,BigBuckBunny@display=sequential
encoded@bitrate=750_height=384,encoded@bitrate=750_height=384,8ca2525f-c1cd-4738-8317-eea204eddd29,encoded@bitrate=550_height=384,BigBuckBunny@display=sequential
,encoded@bitrate=550_height=384,d774ed68-3d63-4ddc-9c2b-17f926e01537,encoded@bitrate=750_height=384,BigBuckBunny@display=sequential
encoded@bitrate=750_height=384,encoded@bitrate=750_height=384,a647b0ba-6ea8-4ffa-a048-3f4711f595b0,encoded@bitrate=550_height=384,BigBuckBunny@display=sequential
encoded@bitrate=750_height=384,encoded@bitrate=550_height=384,d8160212-8dcd-4e7a-8d55-f10de6af90d9,encoded@bitrate=750_height=384,BigBuckBunny@display=sequential
,encoded@bitrate=550_height=384,7a086198-2edc-4d14-ab82-3d7cd87e92c7,encoded@bitrate=750_height=384,BigBuckBunny@display=sequential
encoded@bitrate=550_height=384,encoded@bitrate=550_height=384,9fd1b181-02a1-4f1c-8cba-bb8193353de9,encoded@bitrate=750_height=384,BigBuckBunny@display=sequential
,encoded@bitrate=550_height=384,f626ab92-efaa-4e82-af30-018d04dd08c1,encoded@bitrate=750_height=384,BigBuckBunny@display=sequential
encoded@bitrate=750_height=384,encoded@bitrate=550_height=384,4ee218cc-9cd2-4178-9a02-4a72119ac7e5,encoded@bitrate=750_height=384,BigBuckBunny@display=sequential
encoded@bitrate=4300_height=1080,encoded@bitrate=2350_height=720,f34eebbe-cadc-470b-ad67-fba97042993a,encoded@bitrate=4300_height=1080,Seeking@display=sequential
encoded@bitrate=4300_height=1080,encoded@bitrate=2350_height=720,f0119fe7-19cb-45d6-98b1-8d30f3994399,encoded@bitrate=4300_height=1080,Seeking@display=sequential
encoded@bitrate=4300_height=1080,encoded@bitrate=2350_height=720,2bcab180-368e-445d-b0e6-9a217518bc1a,encoded@bitrate=4300_height=1080,Seeking@display=sequential
encoded@bitrate=4300_height=1080,encoded@bitrate=4300_height=1080,08473901-0621-448d-b64d-61aa72567205,encoded@bitrate=2350_height=720,Seeking@display=sequential
,encoded@bitrate=4300_height=1080,53f17f2b-6a32-4ac6-b226-91275dd8b985,encoded@bitrate=2350_height=720,Seeking@display=sequential
encoded@bitrate=4300_height=1080,encoded@bitrate=2350_height=720,e8c1511a-8c33-4c69-be8f-24942a1a27ce,encoded@bitrate=4300_height=1080,Seeking@display=sequential
encoded@bitrate=4300_height=1080,encoded@bitrate=4300_height=1080,45c610dd-b351-487a-9dd4-b1d71de31f2c,encoded@bitrate=2350_height=720,Seeking@display=sequential
encoded@bitrate=4300_height=1080,encoded@bitrate=2350_height=720,901525db-f558-48a2-931c-a9de0c60f77f,encoded@bitrate=4300_height=1080,Seeking@display=sequential
encoded@bitrate=4300_height=1080,encoded@bitrate=4300_height=1080,e642b808-b11c-408e-82fa-8b01d07d8920,encoded@bitrate=2350_height=720,Seeking@display=sequential
encoded@bitrate=4300_height=1080,encoded@bitrate=4300_height=1080,f286d2c9-0a31-42fd-af9d-f5d49f3d8482,encoded@bitrate=2350_height=720,Seeking@display=sequential
encoded@bitrate=10000_height=1080,encoded@bitrate=10000_height=1080,e6649c05-bba4-4d31-98c7-8601374d6057,encoded@bitrate=2350_height=480,CrowdRun@display=sequential
encoded@bitrate=10000_height=1080,encoded@bitrate=2350_height=480,ead7b5fc-d725-4729-9c61-81707a1d6090,encoded@bitrate=10000_height=1080,CrowdRun@display=sequential
encoded@bitrate=10000_height=1080,encoded@bitrate=2350_height=480,84592273-be4b-4c0c-9569-ce4a9d8c0128,encoded@bitrate=10000_height=1080,CrowdRun@display=sequential
encoded@bitrate=10000_height=1080,encoded@bitrate=2350_height=480,a45092db-c7cb-43ec-9349-5066f42b90bf,encoded@bitrate=10000_height=1080,CrowdRun@display=sequential
encoded@bitrate=10000_height=1080,encoded@bitrate=10000_height=1080,d17f9416-d50c-4520-a1c8-c8482f856518,encoded@bitrate=2350_height=480,CrowdRun@display=sequential
encoded@bitrate=10000_height=1080,encoded@bitrate=10000_height=1080,9e2006cf-81f6-4dc7-9a43-405a3037fda2,encoded@bitrate=2350_height=480,CrowdRun@display=sequential
encoded@bitrate=10000_height=1080,encoded@bitrate=2350_height=480,18bf1906-21d2-4d8f-9a24-12e0783263bf,encoded@bitrate=10000_height=1080,CrowdRun@display=sequential
encoded@bitrate=10000_height=1080,encoded@bitrate=10000_height=1080,abb69d4e-907f-485f-845d-799923e35219,encoded@bitrate=2350_height=480,CrowdRun@display=sequential
encoded@bitrate=10000_height=1080,encoded@bitrate=10000_height=1080,4b23efe8-b14b-4be4-9bf3-7282c400ff35,encoded@bitrate=2350_height=480,CrowdRun@display=sequential
encoded@bitrate=10000_height=1080,encoded@bitrate=2350_height=480,b774e164-c6e9-4e95-888c-12c5e3ddb8ad,encoded@bitrate=10000_height=1080,CrowdRun@display=sequential
encoded@bitrate=3050_height=720,encoded@bitrate=375_height=288,11310c79-0068-4f33-a341-a8ddbb36beb9,encoded@bitrate=3050_height=720,Seeking@display=sequential
encoded@bitrate=3050_height=720,encoded@bitrate=3050_height=720,a12e1f9a-3509-40a9-8812-ce66bc701e08,encoded@bitrate=375_height=288,Seeking@display=sequential
encoded@bitrate=3050_height=720,encoded@bitrate=375_height=288,30342057-2a33-4929-ac24-d1c5f1106151,encoded@bitrate=3050_height=720,Seeking@display=sequential
encoded@bitrate=3050_height=720,encoded@bitrate=3050_height=720,d17f9416-d50c-4520-a1c8-c8482f856518,encoded@bitrate=375_height=288,Seeking@display=sequential
encoded@bitrate=3050_height=720,encoded@bitrate=3050_height=720,eadefcd2-3e7b-4db5-a25d-9ebfe5da399e,encoded@bitrate=375_height=288,Seeking@display=sequential
encoded@bitrate=3050_height=720,encoded@bitrate=375_height=288,a1fd54d6-0aeb-4802-a1a9-b0e31ab0ad36,encoded@bitrate=3050_height=720,Seeking@display=sequential
encoded@bitrate=3050_height=720,encoded@bitrate=375_height=288,02b35be6-fb7d-4492-87e7-8f22e34574ad,encoded@bitrate=3050_height=720,Seeking@display=sequential
encoded@bitrate=3050_height=720,encoded@bitrate=375_height=288,6cccef86-b575-48f8-8954-d39181458358,encoded@bitrate=3050_height=720,Seeking@display=sequential
encoded@bitrate=3050_height=720,encoded@bitrate=3050_height=720,d8160212-8dcd-4e7a-8d55-f10de6af90d9,encoded@bitrate=375_height=288,Seeking@display=sequential
encoded@bitrate=3050_height=720,encoded@bitrate=375_height=288,7fa97596-ab87-40b3-8e98-d7cad94abbea,encoded@bitrate=3050_height=720,Seeking@display=sequential
encoded@bitrate=4250_height=720,encoded@bitrate=4250_height=720,11310c79-0068-4f33-a341-a8ddbb36beb9,encoded@bitrate=1750_height=480,BigBuckBunny@display=sequential
encoded@bitrate=4250_height=720,encoded@bitrate=4250_height=720,1e8ecf48-08f8-4994-84af-a25bd4c29c02,encoded@bitrate=1750_height=480,BigBuckBunny@display=sequential
encoded@bitrate=4250_height=720,encoded@bitrate=1750_height=480,a410f9ea-0698-429b-a5d2-9f44282f6d4b,encoded@bitrate=4250_height=720,BigBuckBunny@display=sequential
,encoded@bitrate=4250_height=720,93c57369-8b2e-4e2c-a35b-74535dfc3434,encoded@bitrate=1750_height=480,BigBuckBunny@display=sequential
encoded@bitrate=4250_height=720,encoded@bitrate=1750_height=480,49747077-9ad4-48ed-b0be-218faff3cc0c,encoded@bitrate=4250_height=720,BigBuckBunny@display=sequential
,encoded@bitrate=1750_height=480,262cca7b-6b71-4c12-afe8-728ea07d533a,encoded@bitrate=4250_height=720,BigBuckBunny@display=sequential
encoded@bitrate=4250_height=720,encoded@bitrate=4250_height=720,2bcab180-368e-445d-b0e6-9a217518bc1a,encoded@bitrate=1750_height=480,BigBuckBunny@display=sequential
encoded@bitrate=1750_height=480,encoded@bitrate=4250_height=720,b243f138-b89c-4c3a-8879-9292987c0c27,encoded@bitrate=1750_height=480,BigBuckBunny@display=sequential
encoded@bitrate=4250_height=720,encoded@bitrate=1750_height=480,cd53e6fd-1592-4582-a526-ce3b91a4ea71,encoded@bitrate=4250_height=720,BigBuckBunny@display=sequential
encoded@bitrate=4250_height=720,encoded@bitrate=4250_height=720,feb86d47-9265-4860-8fde-a8d663708477,encoded@bitrate=1750_height=480,BigBuckBunny@display=sequential
encoded@bitrate=5800_height=1080,encoded@bitrate=550_height=384,7044ada3-fee5-4e71-a8b0-d3cfd7bd48dd,encoded@bitrate=5800_height=1080,BigBuckBunny@display=sequential
encoded@bitrate=5800_height=1080,encoded@bitrate=5800_height=1080,425d756e-d5e7-49bc-83a2-85e76ee9b31d,encoded@bitrate=550_height=384,BigBuckBunny@display=sequential
encoded@bitrate=5800_height=1080,encoded@bitrate=550_height=384,3adb22b3-7403-4d2b-bc31-9209defa8e33,encoded@bitrate=5800_height=1080,BigBuckBunny@display=sequential
encoded@bitrate=5800_height=1080,encoded@bitrate=5800_height=1080,43de5aa3-6ca6-4e25-9742-c63818d012ca,encoded@bitrate=550_height=384,BigBuckBunny@display=sequential
encoded@bitrate=5800_height=1080,encoded@bitrate=5800_height=1080,1211caf9-9b1b-4189-8c44-f768b7ee496c,encoded@bitrate=550_height=384,BigBuckBunny@display=sequential
encoded@bitrate=5800_height=1080,encoded@bitrate=550_height=384,f57e8a92-b926-4e1b-b862-194acbd20f56,encoded@bitrate=5800_height=1080,BigBuckBunny@display=sequential
encoded@bitrate=5800_height=1080,encoded@bitrate=550_height=384,adb42d8d-a4b5-4730-b575-c6db34b3313c,encoded@bitrate=5800_height=1080,BigBuckBunny@display=sequential
encoded@bitrate=5800_height=1080,encoded@bitrate=5800_height=1080,54610d4e-5622-4fe4-9db3-a3db3d3e936f,encoded@bitrate=550_height=384,BigBuckBunny@display=sequential
encoded@bitrate=5800_height=1080,encoded@bitrate=550_height=384,b80f00b9-eab1-4fc9-807a-f0f2300dd67c,encoded@bitrate=5800_height=1080,BigBuckBunny@display=sequential
encoded@bitrate=5800_height=1080,encoded@bitrate=550_height=384,6f7e0309-3095-4c2a-a58e-11232cacc3bd,encoded@bitrate=5800_height=1080,BigBuckBunny@display=sequential
encoded@bitrate=2350_height=720,encoded@bitrate=750_height=384,851c951d-f010-47e3-9d59-56d3e0a71185,encoded@bitrate=2350_height=720,OldTownCross@display=sequential
encoded@bitrate=2350_height=720,encoded@bitrate=2350_height=720,9ebd8a15-d6da-429e-b5e7-f3d7d0b7d614,encoded@bitrate=750_height=384,OldTownCross@display=sequential
encoded@bitrate=2350_height=720,encoded@bitrate=750_height=384,ccf15846-bb9a-4523-86ef-96158048a208,encoded@bitrate=2350_height=720,OldTownCross@display=sequential
encoded@bitrate=2350_height=720,encoded@bitrate=2350_height=720,8ab4a29f-8839-4f93-a204-7142e13cfeed,encoded@bitrate=750_height=384,OldTownCross@display=sequential
encoded@bitrate=2350_height=720,encoded@bitrate=2350_height=720,e04a10a2-abed-4430-a7ce-7f6e3735c4d2,encoded@bitrate=750_height=384,OldTownCross@display=sequential
encoded@bitrate=2350_height=720,encoded@bitrate=750_height=384,d127198b-74be-4c79-9d44-24120e804d7c,encoded@bitrate=2350_height=720,OldTownCross@display=sequential
encoded@bitrate=2350_height=720,encoded@bitrate=750_height=384,84327ee8-7e8c-4049-886f-05323cf7bbc3,encoded@bitrate=2350_height=720,OldTownCross@display=sequential
encoded@bitrate=2350_height=720,encoded@bitrate=750_height=384,63ceda33-c319-4414-8785-2b289e78177a,encoded@bitrate=2350_height=720,OldTownCross@display=sequential
encoded@bitrate=2350_height=720,encoded@bitrate=2350_height=720,14cd44b5-5d36-4f69-be0a-f4be1d6bfc59,encoded@bitrate=750_height=384,OldTownCross@display=sequential
encoded@bitrate=2350_height=720,encoded@bitrate=2350_height=720,1cd3c163-d5dd-44b8-9cf7-a107a3824ffa,encoded@bitrate=750_height=384,OldTownCross@display=sequential
encoded@bitrate=750_height=480,encoded@bitrate=550_height=384,391d7919-cc5f-4309-81f6-ce6cfc04a7bc,encoded@bitrate=750_height=480,BirdsInCage@display=sequential
,encoded@bitrate=550_height=384,e94d62b4-1674-49d2-9d93-d83fdf7fc0a9,encoded@bitrate=750_height=480,BirdsInCage@display=sequential
,encoded@bitrate=550_height=384,acf2878b-e5bd-4ec7-8b6b-26b383998f44,encoded@bitrate=750_height=480,BirdsInCage@display=sequential
encoded@bitrate=750_height=480,encoded@bitrate=550_height=384,851c951d-f010-47e3-9d59-56d3e0a71185,encoded@bitrate=750_height=480,BirdsInCage@display=sequential
,encoded@bitrate=550_height=384,d93492c2-f0b1-484d-9d63-b66f217afdea,encoded@bitrate=750_height=480,BirdsInCage@display=sequential
,encoded@bitrate=750_height=480,99743e4c-daf4-4bfa-ab87-e89131a2c8f6,encoded@bitrate=550_height=384,BirdsInCage@display=sequential
encoded@bitrate=750_height=480,encoded@bitrate=750_height=480,47bc558e-26ee-49db-8c60-121b90b84188,encoded@bitrate=550_height=384,BirdsInCage@display=sequential
encoded@bitrate=750_height=480,encoded@bitrate=550_height=384,7789925c-d537-4f98-b572-c50cc53b8114,encoded@bitrate=750_height=480,BirdsInCage@display=sequential
encoded@bitrate=750_height=480,encoded@bitrate=750_height=480,890b0e6e-f299-462d-aeeb-b186f01f6f70,encoded@bitrate=550_height=384,BirdsInCage@display=sequential
encoded@bitrate=750_height=480,encoded@bitrate=550_height=384,acf7d6bd-9041-4faf-ad16-b17383982915,encoded@bitrate=750_height=480,BirdsInCage@display=sequential
,encoded@bitrate=3050_height=720,45102dc6-4f10-4500-a0f1-b9a4537ebbbe,encoded@bitrate=1750_height=480,Tennis@display=sequential
encoded@bitrate=3050_height=720,encoded@bitrate=1750_height=480,8b27aa77-28aa-4647-bdbc-dbbf35b50d86,encoded@bitrate=3050_height=720,Tennis@display=sequential
encoded@bitrate=3050_height=720,encoded@bitrate=1750_height=480,306ef9fb-b2aa-4eb0-b6b7-f160a0880759,encoded@bitrate=3050_height=720,Tennis@display=sequential
encoded@bitrate=3050_height=720,encoded@bitrate=1750_height=480,3da1d186-8e8c-4453-85b7-68f16823be0c,encoded@bitrate=3050_height=720,Tennis@display=sequential
encoded@bitrate=3050_height=720,encoded@bitrate=1750_height=480,26f1a4f3-2de9-4b62-9f2e-9184870cb93e,encoded@bitrate=3050_height=720,Tennis@display=sequential
,encoded@bitrate=1750_height=480,002808ce-aaff-4a9e-a4c9-3cd8d9b3ef6a,encoded@bitrate=3050_height=720,Tennis@display=sequential
encoded@bitrate=3050_height=720,encoded@bitrate=3050_height=720,13a2756e-95aa-41fb-bf5d-20e5c9679c7e,encoded@bitrate=1750_height=480,Tennis@display=sequential
,encoded@bitrate=3050_height=720,c45da97c-cc8c-48a8-94f1-397f7240fae3,encoded@bitrate=1750_height=480,Tennis@display=sequential
,encoded@bitrate=3050_height=720,fa4c43d0-3260-4144-aefb-de55089af488,encoded@bitrate=1750_height=480,Tennis@display=sequential
encoded@bitrate=3050_height=720,encoded@bitrate=1750_height=480,391d7919-cc5f-4309-81f6-ce6cfc04a7bc,encoded@bitrate=3050_height=720,Tennis@display=sequential
encoded@bitrate=2350_height=720,encoded@bitrate=375_height=288,63ceda33-c319-4414-8785-2b289e78177a,encoded@bitrate=2350_height=720,ElFuente1@display=sequential
encoded@bitrate=2350_height=720,encoded@bitrate=375_height=288,9fd1b181-02a1-4f1c-8cba-bb8193353de9,encoded@bitrate=2350_height=720,ElFuente1@display=sequential
encoded@bitrate=2350_height=720,encoded@bitrate=375_height=288,6e129bbe-9076-4e00-af2d-e7504a9dc166,encoded@bitrate=2350_height=720,ElFuente1@display=sequential
encoded@bitrate=2350_height=720,encoded@bitrate=2350_height=720,d7ccb7af-590f-4f88-bbdb-cb8e68e72518,encoded@bitrate=375_height=288,ElFuente1@display=sequential
encoded@bitrate=2350_height=720,encoded@bitrate=2350_height=720,72e7431d-e9dc-43b5-9e38-6d3780f298ea,encoded@bitrate=375_height=288,ElFuente1@display=sequential
encoded@bitrate=2350_height=720,encoded@bitrate=2350_height=720,e94d62b4-1674-49d2-9d93-d83fdf7fc0a9,encoded@bitrate=375_height=288,ElFuente1@display=sequential
encoded@bitrate=2350_height=720,encoded@bitrate=375_height=288,50a38519-8060-4b35-97ac-c4b565cbe444,encoded@bitrate=2350_height=720,ElFuente1@display=sequential
encoded@bitrate=2350_height=720,encoded@bitrate=2350_height=720,4f6ed91f-c64d-42a0-8454-0bed11504c24,encoded@bitrate=375_height=288,ElFuente1@display=sequential
encoded@bitrate=2350_height=720,encoded@bitrate=375_height=288,13a2756e-95aa-41fb-bf5d-20e5c9679c7e,encoded@bitrate=2350_height=720,ElFuente1@display=sequential
encoded@bitrate=2350_height=720,encoded@bitrate=375_height=288,a2feff48-6bd4-4bd1-9ccf-fc969c920cdf,encoded@bitrate=2350_height=720,ElFuente1@display=sequential
,original,af9ff558-041e-4cd0-ba22-7930f53eaf9b,encoded@bitrate=4250_height=720,BigBuckBunny@display=sequential
original,encoded@bitrate=4250_height=720,79595a55-109b-463a-9dc6-18a2c47dda3b,original,BigBuckBunny@display=sequential
encoded@bitrate=4250_height=720,encoded@bitrate=4250_height=720,c6230a1a-bba9-4067-a204-87588e4d736c,original,BigBuckBunny@display=sequential
encoded@bitrate=4250_height=720,original,13318ebb-5875-4ff4-9460-a1cb3c93434a,encoded@bitrate=4250_height=720,BigBuckBunny@display=sequential
,original,fe88ec31-e062-4ec6-a7c6-455dc015a155,encoded@bitrate=4250_height=720,BigBuckBunny@display=sequential
original,encoded@bitrate=4250_height=720,91f25404-e83b-4cbb-b329-8cc995812dd1,original,BigBuckBunny@display=sequential
original,encoded@bitrate=4250_height=720,eb743109-e85a-4981-be4e-e85effa05712,original,BigBuckBunny@display=sequential
original,original,66eade00-16e6-485e-9a5d-2e92b67367b8,encoded@bitrate=4250_height=720,BigBuckBunny@display=sequential
original,encoded@bitrate=4250_height=720,a07731ab-f9d3-46b8-b2de-afcf6b424aeb,original,BigBuckBunny@display=sequential
original,encoded@bitrate=4250_height=720,f34eebbe-cadc-470b-ad67-fba97042993a,original,BigBuckBunny@display=sequential
encoded@bitrate=1050_height=480,encoded@bitrate=1050_height=480,853100a4-1afc-4a6b-af04-44ce98e09b00,encoded@bitrate=375_height=288,Tennis@display=sequential
encoded@bitrate=1050_height=480,encoded@bitrate=375_height=288,63fa730e-878e-451e-9b62-555a1567818a,encoded@bitrate=1050_height=480,Tennis@display=sequential
encoded@bitrate=1050_height=480,encoded@bitrate=375_height=288,2eacc76c-1451-477e-9f61-195c6e0adf15,encoded@bitrate=1050_height=480,Tennis@display=sequential
encoded@bitrate=1050_height=480,encoded@bitrate=375_height=288,f2b9faac-c743-4136-9ed0-28508f2a2b42,encoded@bitrate=1050_height=480,Tennis@display=sequential
encoded@bitrate=1050_height=480,encoded@bitrate=375_height=288,aeb6aa3e-8394-4b15-b8ed-a897b8f04db9,encoded@bitrate=1050_height=480,Tennis@display=sequential
encoded@bitrate=1050_height=480,encoded@bitrate=1050_height=480,ec5fe569-3e08-47cb-aadb-ea0b09d17525,encoded@bitrate=375_height=288,Tennis@display=sequential
encoded@bitrate=1050_height=480,encoded@bitrate=1050_height=480,586c0410-645b-49ce-9e0c-edaf837400fa,encoded@bitrate=375_height=288,Tennis@display=sequential
encoded@bitrate=1050_height=480,encoded@bitrate=1050_height=480,513c4fa3-6b47-439f-8b41-c8bc61b20ba8,encoded@bitrate=375_height=288,Tennis@display=sequential
encoded@bitrate=1050_height=480,encoded@bitrate=1050_height=480,007919af-9cda-4553-bac6-327e2447b734,encoded@bitrate=375_height=288,Tennis@display=sequential
encoded@bitrate=1050_height=480,encoded@bitrate=1050_height=480,6d49b4f9-c138-4a5f-89f6-c7f16201e76c,encoded@bitrate=375_height=288,Tennis@display=sequential
original,encoded@bitrate=550_height=384,7ff3ca3e-cf96-4966-a02a-b9eab26a658b,original,BirdsInCage@display=sequential
original,encoded@bitrate=550_height=384,29c269f6-6a68-452f-966a-32a3b90781a1,original,BirdsInCage@display=sequential
original,encoded@bitrate=550_height=384,8c16ccef-13f6-4933-9c0b-095fc895e7ab,original,BirdsInCage@display=sequential
original,encoded@bitrate=550_height=384,7062c3bd-bec4-41ad-a49d-387ebc46bfd2,original,BirdsInCage@display=sequential
original,original,9b12ec4a-fa08-4ab2-b239-ed08073ff262,encoded@bitrate=550_height=384,BirdsInCage@display=sequential
original,original,c45da97c-cc8c-48a8-94f1-397f7240fae3,encoded@bitrate=550_height=384,BirdsInCage@display=sequential
original,encoded@bitrate=550_height=384,ad80bfb9-7f25-493b-9511-fe3bf1a4016f,original,BirdsInCage@display=sequential
original,encoded@bitrate=550_height=384,30d52e8d-b0e1-45e5-9af0-fad21c9f6ec0,original,BirdsInCage@display=sequential
original,original,481d8908-0d05-4b2c-804a-4fe6f0926148,encoded@bitrate=550_height=384,BirdsInCage@display=sequential
encoded@bitrate=550_height=384,original,d127198b-74be-4c79-9d44-24120e804d7c,encoded@bitrate=550_height=384,BirdsInCage@display=sequential
encoded@bitrate=10000_height=1080,encoded@bitrate=4250_height=720,749cdf5a-d0cf-43c0-bdbe-6f69f45840d0,encoded@bitrate=10000_height=1080,ElFuente2@display=sequential
,encoded@bitrate=10000_height=1080,bb12ebc6-b177-4457-8641-32a00e45e4a3,encoded@bitrate=4250_height=720,ElFuente2@display=sequential
encoded@bitrate=10000_height=1080,encoded@bitrate=10000_height=1080,e821abbf-0fb6-4ae2-ac63-ba7b31bec9fc,encoded@bitrate=4250_height=720,ElFuente2@display=sequential
encoded@bitrate=10000_height=1080,encoded@bitrate=10000_height=1080,b67bb1dd-dd7b-4f65-ae08-2eddf15f23f2,encoded@bitrate=4250_height=720,ElFuente2@display=sequential
encoded@bitrate=10000_height=1080,encoded@bitrate=10000_height=1080,595d6b93-ba8e-4ddf-9a72-50bbd51fd899,encoded@bitrate=4250_height=720,ElFuente2@display=sequential
encoded@bitrate=10000_height=1080,encoded@bitrate=10000_height=1080,0afe3f83-afb0-4165-aa8a-5d917fc5f69b,encoded@bitrate=4250_height=720,ElFuente2@display=sequential
encoded@bitrate=10000_height=1080,encoded@bitrate=10000_height=1080,d5d724bc-303a-4e86-9d46-ab375de40734,encoded@bitrate=4250_height=720,ElFuente2@display=sequential
encoded@bitrate=10000_height=1080,encoded@bitrate=4250_height=720,2847519c-6135-4c95-869d-42debfbc689f,encoded@bitrate=10000_height=1080,ElFuente2@display=sequential
encoded@bitrate=4250_height=720,encoded@bitrate=4250_height=720,ebdd1319-f262-41ca-aba9-aabc27f9c28a,encoded@bitrate=10000_height=1080,ElFuente2@display=sequential
encoded@bitrate=10000_height=1080,encoded@bitrate=4250_height=720,31386404-9819-45ed-8d9d-7ceeb1453990,encoded@bitrate=10000_height=1080,ElFuente2@display=sequential
encoded@bitrate=3000_height=1080,encoded@bitrate=550_height=384,835319a2-89cb-4cdc-92ac-97ef2d4ab247,encoded@bitrate=3000_height=1080,BirdsInCage@display=sequential
encoded@bitrate=3000_height=1080,encoded@bitrate=550_height=384,e94fa128-840a-4f1c-8d0a-7e3c963a8b83,encoded@bitrate=3000_height=1080,BirdsInCage@display=sequential
encoded@bitrate=3000_height=1080,encoded@bitrate=550_height=384,74cc3f67-0c1c-46ee-aa87-d1092bf64bb4,encoded@bitrate=3000_height=1080,BirdsInCage@display=sequential
encoded@bitrate=3000_height=1080,encoded@bitrate=550_height=384,65392d93-283c-4079-b9ae-ce016ea883f6,encoded@bitrate=3000_height=1080,BirdsInCage@display=sequential
encoded@bitrate=3000_height=1080,encoded@bitrate=550_height=384,f2b9faac-c743-4136-9ed0-28508f2a2b42,encoded@bitrate=3000_height=1080,BirdsInCage@display=sequential
encoded@bitrate=3000_height=1080,encoded@bitrate=3000_height=1080,d17f9416-d50c-4520-a1c8-c8482f856518,encoded@bitrate=550_height=384,BirdsInCage@display=sequential
encoded@bitrate=3000_height=1080,encoded@bitrate=550_height=384,a9e2bea1-eb02-4a50-8ab1-77f60cb569ff,encoded@bitrate=3000_height=1080,BirdsInCage@display=sequential
encoded@bitrate=3000_height=1080,encoded@bitrate=550_height=384,1410348a-256b-4580-8343-0558cdf51750,encoded@bitrate=3000_height=1080,BirdsInCage@display=sequential
encoded@bitrate=3000_height=1080,encoded@bitrate=3000_height=1080,faac7ea8-ec5f-4eb7-b401-1aa9a93a6a43,encoded@bitrate=550_height=384,BirdsInCage@display=sequential
encoded@bitrate=3000_height=1080,encoded@bitrate=550_height=384,d5018336-2e28-4a35-a250-a723b3fa214d,encoded@bitrate=3000_height=1080,BirdsInCage@display=sequential
,encoded@bitrate=7500_height=1080,835319a2-89cb-4cdc-92ac-97ef2d4ab247,encoded@bitrate=2350_height=720,Seeking@display=sequential
encoded@bitrate=7500_height=1080,encoded@bitrate=2350_height=720,d4868a7d-8256-414b-84a9-825087f26e37,encoded@bitrate=7500_height=1080,Seeking@display=sequential
,encoded@bitrate=7500_height=1080,6a664ca8-5192-4d54-b58b-519e2a07a482,encoded@bitrate=2350_height=720,Seeking@display=sequential
encoded@bitrate=7500_height=1080,encoded@bitrate=7500_height=1080,32984cad-d2a2-4070-9903-e1bb08e62b3e,encoded@bitrate=2350_height=720,Seeking@display=sequential
,encoded@bitrate=2350_height=720,66bbfe16-e8a0-4b41-bbb9-8d4184c0f119,encoded@bitrate=7500_height=1080,Seeking@display=sequential
encoded@bitrate=7500_height=1080,encoded@bitrate=7500_height=1080,ddffe468-0319-485b-a9f2-2d7cb355367d,encoded@bitrate=2350_height=720,Seeking@display=sequential
,encoded@bitrate=2350_height=720,12d98a34-47f5-4779-b4d0-c7e35539b9cb,encoded@bitrate=7500_height=1080,Seeking@display=sequential
encoded@bitrate=7500_height=1080,encoded@bitrate=2350_height=720,a0c2d52c-ddc3-4bb4-8744-5a989100dbf6,encoded@bitrate=7500_height=1080,Seeking@display=sequential
encoded@bitrate=7500_height=1080,encoded@bitrate=7500_height=1080,cd4297f0-57ec-486e-957b-ef09e8de0607,encoded@bitrate=2350_height=720,Seeking@display=sequential
encoded@bitrate=7500_height=1080,encoded@bitrate=7500_height=1080,d967e631-6462-49c6-a910-e0213a310eb3,encoded@bitrate=2350_height=720,Seeking@display=sequential
encoded@bitrate=20000_height=1080,encoded@bitrate=20000_height=1080,3a031695-b20f-4ff1-803d-2611342ac2de,encoded@bitrate=4300_height=1080,Seeking@display=sequential
encoded@bitrate=4300_height=1080,encoded@bitrate=20000_height=1080,3ed94fd1-c049-45fd-ad73-4b5fb83c209d,encoded@bitrate=4300_height=1080,Seeking@display=sequential
,encoded@bitrate=4300_height=1080,5d3dc6a3-01dc-43b0-8cff-bfbde0c40871,encoded@bitrate=20000_height=1080,Seeking@display=sequential
encoded@bitrate=20000_height=1080,encoded@bitrate=20000_height=1080,47c5b9b0-9b12-4925-af04-7e9d48ac8e4d,encoded@bitrate=4300_height=1080,Seeking@display=sequential
encoded@bitrate=20000_height=1080,encoded@bitrate=20000_height=1080,4ad0d76a-ac19-475d-97db-ffe0fd66930b,encoded@bitrate=4300_height=1080,Seeking@display=sequential
,encoded@bitrate=4300_height=1080,3d040136-b0d3-48f0-851c-30d451910291,encoded@bitrate=20000_height=1080,Seeking@display=sequential
encoded@bitrate=20000_height=1080,encoded@bitrate=4300_height=1080,f9cbea11-d50a-4473-8583-2756324ec9fa,encoded@bitrate=20000_height=1080,Seeking@display=sequential
encoded@bitrate=20000_height=1080,encoded@bitrate=20000_height=1080,241b830e-0e58-4e17-a663-88a3a821ac3e,encoded@bitrate=4300_height=1080,Seeking@display=sequential
,encoded@bitrate=20000_height=1080,54def2f7-632c-4e93-9b86-2370f6ecfb35,encoded@bitrate=4300_height=1080,Seeking@display=sequential
encoded@bitrate=4300_height=1080,encoded@bitrate=20000_height=1080,37d8e0b9-f320-4759-b810-b47ff4467016,encoded@bitrate=4300_height=1080,Seeking@display=sequential
encoded@bitrate=1800_height=1080,encoded@bitrate=1800_height=1080,eb5529f9-4569-4b21-9bee-6c7a462d6195,encoded@bitrate=750_height=384,BirdsInCage@display=sequential
encoded@bitrate=1800_height=1080,encoded@bitrate=750_height=384,6a4a2c2c-2e8e-47c8-bf35-4d48dc10350a,encoded@bitrate=1800_height=1080,BirdsInCage@display=sequential
encoded@bitrate=1800_height=1080,encoded@bitrate=1800_height=1080,364332c7-5e58-405e-a1a2-57c7e65b6f31,encoded@bitrate=750_height=384,BirdsInCage@display=sequential
encoded@bitrate=1800_height=1080,encoded@bitrate=750_height=384,32899118-d8fd-46ad-b83a-9e8ce0bdc1c7,encoded@bitrate=1800_height=1080,BirdsInCage@display=sequential
encoded@bitrate=1800_height=1080,encoded@bitrate=750_height=384,103c01a6-1eb1-43e3-8bf6-689f6a997cb1,encoded@bitrate=1800_height=1080,BirdsInCage@display=sequential
encoded@bitrate=1800_height=1080,encoded@bitrate=1800_height=1080,c932f144-695e-4b65-8153-5d7ba538f1b1,encoded@bitrate=750_height=384,BirdsInCage@display=sequential
encoded@bitrate=1800_height=1080,encoded@bitrate=750_height=384,6b3f07e5-02e2-48e7-8efc-461b03f85b4c,encoded@bitrate=1800_height=1080,BirdsInCage@display=sequential
encoded@bitrate=1800_height=1080,encoded@bitrate=1800_height=1080,52e41e38-4c61-40bc-bb28-cafdfe4bcb7f,encoded@bitrate=750_height=384,BirdsInCage@display=sequential
encoded@bitrate=1800_height=1080,encoded@bitrate=750_height=384,e79fa7fb-62cf-4b20-8b29-1cd64f2820a4,encoded@bitrate=1800_height=1080,BirdsInCage@display=sequential
encoded@bitrate=1800_height=1080,encoded@bitrate=1800_height=1080,2cabc179-9b0a-4956-abc4-db3cf2e03f98,encoded@bitrate=750_height=384,BirdsInCage@display=sequential
encoded@bitrate=5800_height=1080,encoded@bitrate=5800_height=1080,61d2eaea-5d9d-432f-9d2b-228e869edc47,encoded@bitrate=375_height=288,ElFuente1@display=sequential
encoded@bitrate=5800_height=1080,encoded@bitrate=5800_height=1080,8445dda7-8d95-449d-8c54-8e2591a8e364,encoded@bitrate=375_height=288,ElFuente1@display=sequential
encoded@bitrate=5800_height=1080,encoded@bitrate=5800_height=1080,b8f7524b-817c-41cc-8cf3-2f9e4053b9ac,encoded@bitrate=375_height=288,ElFuente1@display=sequential
encoded@bitrate=5800_height=1080,encoded@bitrate=5800_height=1080,ccf15846-bb9a-4523-86ef-96158048a208,encoded@bitrate=375_height=288,ElFuente1@display=sequential
encoded@bitrate=5800_height=1080,encoded@bitrate=375_height=288,1d7e8443-fd1d-48b1-9a31-005a653ad28d,encoded@bitrate=5800_height=1080,ElFuente1@display=sequential
encoded@bitrate=5800_height=1080,encoded@bitrate=5800_height=1080,d4e8046f-6b35-4b66-8555-8cf0cd6352af,encoded@bitrate=375_height=288,ElFuente1@display=sequential
encoded@bitrate=5800_height=1080,encoded@bitrate=5800_height=1080,5db97e29-51c6-4d87-9897-b63690e31c52,encoded@bitrate=375_height=288,ElFuente1@display=sequential
encoded@bitrate=5800_height=1080,encoded@bitrate=375_height=288,56dca4c8-e374-4954-ad6b-2e964a5df796,encoded@bitrate=5800_height=1080,ElFuente1@display=sequential
encoded@bitrate=5800_height=1080,encoded@bitrate=375_height=288,2f199ff5-e6d7-4e86-b684-1c3b552baa9b,encoded@bitrate=5800_height=1080,ElFuente1@display=sequential
encoded@bitrate=5800_height=1080,encoded@bitrate=5800_height=1080,7b959763-70f9-4960-bd32-6491ee9b6aa2,encoded@bitrate=375_height=288,ElFuente1@display=sequential
encoded@bitrate=3050_height=720,encoded@bitrate=375_height=288,a308165b-fe13-4927-8f58-a686634660c3,encoded@bitrate=3050_height=720,Tennis@display=sequential
encoded@bitrate=3050_height=720,encoded@bitrate=3050_height=720,119c71bb-332f-49d7-80be-8c10ac85f39a,encoded@bitrate=375_height=288,Tennis@display=sequential
encoded@bitrate=3050_height=720,encoded@bitrate=375_height=288,b6d6ce5a-8b39-434f-9587-d7ab23d43dae,encoded@bitrate=3050_height=720,Tennis@display=sequential
encoded@bitrate=3050_height=720,encoded@bitrate=375_height=288,2e1c5ff1-e376-4bef-a680-7c80520888f0,encoded@bitrate=3050_height=720,Tennis@display=sequential
encoded@bitrate=3050_height=720,encoded@bitrate=3050_height=720,09de16c3-f8ac-42c9-bd83-0b8cebd57647,encoded@bitrate=375_height=288,Tennis@display=sequential
encoded@bitrate=3050_height=720,encoded@bitrate=3050_height=720,993fa71c-3dd5-4651-b910-2ea0d14b3621,encoded@bitrate=375_height=288,Tennis@display=sequential
encoded@bitrate=3050_height=720,encoded@bitrate=375_height=288,37ec1046-f236-4488-a333-7f304a5fdfc7,encoded@bitrate=3050_height=720,Tennis@display=sequential
encoded@bitrate=3050_height=720,encoded@bitrate=375_height=288,43868782-c006-4e73-8ab4-1f5f132a01cc,encoded@bitrate=3050_height=720,Tennis@display=sequential
encoded@bitrate=3050_height=720,encoded@bitrate=375_height=288,05de8bc7-41eb-47be-80e6-4c24be43649c,encoded@bitrate=3050_height=720,Tennis@display=sequential
encoded@bitrate=3050_height=720,encoded@bitrate=375_height=288,d7668104-cefe-4f34-ad17-149c4cbe34b1,encoded@bitrate=3050_height=720,Tennis@display=sequential
encoded@bitrate=5800_height=1080,encoded@bitrate=5800_height=1080,a7cb4167-b9d3-436d-a9d0-8bf14c40f7ac,encoded@bitrate=750_height=384,FoxBird@display=sequential
encoded@bitrate=5800_height=1080,encoded@bitrate=5800_height=1080,9e2006cf-81f6-4dc7-9a43-405a3037fda2,encoded@bitrate=750_height=384,FoxBird@display=sequential
encoded@bitrate=5800_height=1080,encoded@bitrate=5800_height=1080,42299818-23d6-4c44-822c-dcdd91f26d60,encoded@bitrate=750_height=384,FoxBird@display=sequential
encoded@bitrate=5800_height=1080,encoded@bitrate=5800_height=1080,71bca3dc-88af-418b-bc5c-901a819fd1f0,encoded@bitrate=750_height=384,FoxBird@display=sequential
encoded@bitrate=5800_height=1080,encoded@bitrate=750_height=384,9ff9d03b-26f1-4cd0-958a-820c3c75ba32,encoded@bitrate=5800_height=1080,FoxBird@display=sequential
encoded@bitrate=5800_height=1080,encoded@bitrate=750_height=384,d27719b9-a882-45c6-8cc3-c9f6d571338d,encoded@bitrate=5800_height=1080,FoxBird@display=sequential
encoded@bitrate=5800_height=1080,encoded@bitrate=5800_height=1080,1aa9e663-67d3-4003-a25b-de0487e89331,encoded@bitrate=750_height=384,FoxBird@display=sequential
encoded@bitrate=5800_height=1080,encoded@bitrate=750_height=384,1a45a8b4-7135-4768-a5c5-238e37fb98df,encoded@bitrate=5800_height=1080,FoxBird@display=sequential
encoded@bitrate=5800_height=1080,encoded@bitrate=750_height=384,c045d23e-3f3b-4b8e-8905-9903e31dea71,encoded@bitrate=5800_height=1080,FoxBird@display=sequential
encoded@bitrate=5800_height=1080,encoded@bitrate=750_height=384,4a6a6f68-c5c9-4bbd-8a01-006271fff551,encoded@bitrate=5800_height=1080,FoxBird@display=sequential
encoded@bitrate=550_height=384,encoded@bitrate=550_height=384,a79432a2-63c0-4c12-9522-c8c10548b5fc,encoded@bitrate=550_height=288,BirdsInCage@display=sequential
,encoded@bitrate=550_height=288,83233e30-b3ad-4498-8eff-e51044d70333,encoded@bitrate=550_height=384,BirdsInCage@display=sequential
encoded@bitrate=550_height=384,encoded@bitrate=550_height=288,5dc62e1a-77a7-42ff-b80f-ad839dbf8ba4,encoded@bitrate=550_height=384,BirdsInCage@display=sequential
encoded@bitrate=550_height=288,encoded@bitrate=550_height=288,ed16384e-9a7f-4dd5-b966-585e924233fa,encoded@bitrate=550_height=384,BirdsInCage@display=sequential
,encoded@bitrate=550_height=384,4766c33f-2917-4521-af24-131c165bb9d5,encoded@bitrate=550_height=288,BirdsInCage@display=sequential
encoded@bitrate=550_height=384,encoded@bitrate=550_height=288,7e7c71d5-29cf-4dc2-b67b-49a564dcb072,encoded@bitrate=550_height=384,BirdsInCage@display=sequential
encoded@bitrate=550_height=384,encoded@bitrate=550_height=288,abff7351-c218-40d5-8aa9-fc7b1a5d8429,encoded@bitrate=550_height=384,BirdsInCage@display=sequential
encoded@bitrate=550_height=384,encoded@bitrate=550_height=288,b2ab1a27-349e-48af-9c38-6e99d27c354d,encoded@bitrate=550_height=384,BirdsInCage@display=sequential
encoded@bitrate=550_height=384,encoded@bitrate=550_height=384,1d47d828-0a6c-45f0-9598-2a1b328ea583,encoded@bitrate=550_height=288,BirdsInCage@display=sequential
,encoded@bitrate=550_height=288,9d9bfe50-d1ff-4dc3-b196-c5217ac2863f,encoded@bitrate=550_height=384,BirdsInCage@display=sequential
encoded@bitrate=1750_height=480,encoded@bitrate=1750_height=480,79595a55-109b-463a-9dc6-18a2c47dda3b,encoded@bitrate=750_height=384,Tennis@display=sequential
encoded@bitrate=1750_height=480,encoded@bitrate=750_height=384,a1f80cb0-486f-4698-bf3f-26cb0a65d353,encoded@bitrate=1750_height=480,Tennis@display=sequential
encoded@bitrate=1750_height=480,encoded@bitrate=1750_height=480,86d4496d-95f4-42fb-aa84-ac80e6bf2f82,encoded@bitrate=750_height=384,Tennis@display=sequential
encoded@bitrate=1750_height=480,encoded@bitrate=1750_height=480,c88af769-d298-4298-800c-ad11fb29c899,encoded@bitrate=750_height=384,Tennis@display=sequential
encoded@bitrate=750_height=384,encoded@bitrate=750_height=384,b5be2bf1-6a7d-4c5c-97a6-70da4d407bf6,encoded@bitrate=1750_height=480,Tennis@display=sequential
encoded@bitrate=1750_height=480,encoded@bitrate=750_height=384,7de80bf2-500e-478d-af55-ba3cd4f18a29,encoded@bitrate=1750_height=480,Tennis@display=sequential
encoded@bitrate=1750_height=480,encoded@bitrate=750_height=384,89c91ff0-a1a3-4604-95f9-2196ba8054bf,encoded@bitrate=1750_height=480,Tennis@display=sequential
,encoded@bitrate=750_height=384,7f60cd05-3ea6-4d0e-87e8-632c5ff9743b,encoded@bitrate=1750_height=480,Tennis@display=sequential
encoded@bitrate=1750_height=480,encoded@bitrate=750_height=384,a91842fe-969f-4065-af6f-8664becf98fe,encoded@bitrate=1750_height=480,Tennis@display=sequential
encoded@bitrate=1750_height=480,encoded@bitrate=750_height=384,1b9e7799-1c0f-4d71-9579-79b835093f71,encoded@bitrate=1750_height=480,Tennis@display=sequential
,encoded@bitrate=5800_height=1080,3f4c851c-d791-4ae1-a409-b15ebc7602e2,original,FoxBird@display=sequential
,encoded@bitrate=5800_height=1080,acf2878b-e5bd-4ec7-8b6b-26b383998f44,original,FoxBird@display=sequential
,original,e886156a-16d3-42e3-b41a-4975284ac07f,encoded@bitrate=5800_height=1080,FoxBird@display=sequential
encoded@bitrate=5800_height=1080,encoded@bitrate=5800_height=1080,af5e8105-39b8-4b2a-9e17-9b0216a6820c,original,FoxBird@display=sequential
original,encoded@bitrate=5800_height=1080,87becdf0-b143-4d89-af46-118582383619,original,FoxBird@display=sequential
,encoded@bitrate=5800_height=1080,065f3d2b-259a-432d-8636-22c31cc31048,original,FoxBird@display=sequential
,original,df4292d0-100f-419b-bb47-77f336b78a08,encoded@bitrate=5800_height=1080,FoxBird@display=sequential
original,original,88dba501-c1cc-4377-b515-43a0b935917c,encoded@bitrate=5800_height=1080,FoxBird@display=sequential
original,encoded@bitrate=5800_height=1080,be25cfd3-2f0b-42ca-b68b-807e9954418e,original,FoxBird@display=sequential
,original,54610d4e-5622-4fe4-9db3-a3db3d3e936f,encoded@bitrate=5800_height=1080,FoxBird@display=sequential
encoded@bitrate=4300_height=1080,encoded@bitrate=4300_height=1080,8758c6d9-ff95-4e68-834d-d2cc9e39f62c,encoded@bitrate=5800_height=1080,Seeking@display=sequential
encoded@bitrate=5800_height=1080,encoded@bitrate=5800_height=1080,656acb6a-98d6-4ca3-bb95-940aef8ce38e,encoded@bitrate=4300_height=1080,Seeking@display=sequential
encoded@bitrate=5800_height=1080,encoded@bitrate=5800_height=1080,93380f69-2886-467d-869a-4ea47e4331cc,encoded@bitrate=4300_height=1080,Seeking@display=sequential
,encoded@bitrate=5800_height=1080,9fd30985-cc56-465e-8258-5cd25c69cf1b,encoded@bitrate=4300_height=1080,Seeking@display=sequential
encoded@bitrate=5800_height=1080,encoded@bitrate=4300_height=1080,02dbd363-be57-492d-9e52-1e5212588363,encoded@bitrate=5800_height=1080,Seeking@display=sequential
,encoded@bitrate=4300_height=1080,3990f74e-2af9-40f4-a1ab-1c71da94a744,encoded@bitrate=5800_height=1080,Seeking@display=sequential
encoded@bitrate=5800_height=1080,encoded@bitrate=4300_height=1080,d391dd7e-e8e9-4965-b30b-fd2732feb0bc,encoded@bitrate=5800_height=1080,Seeking@display=sequential
encoded@bitrate=4300_height=1080,encoded@bitrate=5800_height=1080,69f0d010-abd8-4344-9f51-d04c4a5ddfe7,encoded@bitrate=4300_height=1080,Seeking@display=sequential
,encoded@bitrate=5800_height=1080,58728ea0-6590-46a3-a689-df5c9daab943,encoded@bitrate=4300_height=1080,Seeking@display=sequential
encoded@bitrate=5800_height=1080,encoded@bitrate=5800_height=1080,8c16ccef-13f6-4933-9c0b-095fc895e7ab,encoded@bitrate=4300_height=1080,Seeking@display=sequential
original,original,6b48482e-fbd7-4085-8717-135a3fa6b351,encoded@bitrate=750_height=384,OldTownCross@display=sequential
original,encoded@bitrate=750_height=384,43de5aa3-6ca6-4e25-9742-c63818d012ca,original,OldTownCross@display=sequential
original,original,31ca5cac-d2b2-4d89-b282-f15c708df086,encoded@bitrate=750_height=384,OldTownCross@display=sequential
original,encoded@bitrate=750_height=384,4045a842-9f7c-40f9-80be-3d5831d6a738,original,OldTownCross@display=sequential
original,original,6e3e236c-b948-4a41-8b52-feb486da487b,encoded@bitrate=750_height=384,OldTownCross@display=sequential
original,original,aa235a56-2c9d-4248-b414-4fb6bb6ad697,encoded@bitrate=750_height=384,OldTownCross@display=sequential
original,encoded@bitrate=750_height=384,45a5d03e-bea9-4566-83cb-7256c637b0f8,original,OldTownCross@display=sequential
original,encoded@bitrate=750_height=384,d5fa3015-e940-4b6b-9b66-69277af334a1,original,OldTownCross@display=sequential
original,encoded@bitrate=750_height=384,cd3da8c8-6bd7-4717-8f4a-b136895e3626,original,OldTownCross@display=sequential
original,encoded@bitrate=750_height=384,d35fe353-da0b-4b73-af6a-0993d3199c77,original,OldTownCross@display=sequential
encoded@bitrate=1750_height=480,encoded@bitrate=1750_height=480,b67161f4-61f3-43a5-b97d-1f8094983f11,encoded@bitrate=750_height=384,OldTownCross@display=sequential
encoded@bitrate=1750_height=480,encoded@bitrate=750_height=384,efec50c6-91a7-440c-9aea-465ed22f7ea8,encoded@bitrate=1750_height=480,OldTownCross@display=sequential
encoded@bitrate=1750_height=480,encoded@bitrate=750_height=384,51e53bc3-aa26-4dc9-825d-3023b001764d,encoded@bitrate=1750_height=480,OldTownCross@display=sequential
encoded@bitrate=1750_height=480,encoded@bitrate=750_height=384,c61e0119-921d-482d-9ebd-6be3c141eb7e,encoded@bitrate=1750_height=480,OldTownCross@display=sequential
encoded@bitrate=1750_height=480,encoded@bitrate=1750_height=480,93380f69-2886-467d-869a-4ea47e4331cc,encoded@bitrate=750_height=384,OldTownCross@display=sequential
encoded@bitrate=1750_height=480,encoded@bitrate=1750_height=480,24321fc2-2364-4f6d-a25c-f593a13b061a,encoded@bitrate=750_height=384,OldTownCross@display=sequential
encoded@bitrate=1750_height=480,encoded@bitrate=750_height=384,a6704ad0-84ef-4e86-8ac5-f592cc525f47,encoded@bitrate=1750_height=480,OldTownCross@display=sequential
encoded@bitrate=1750_height=480,encoded@bitrate=1750_height=480,c2db09e2-43d0-490d-a6c8-e264533673bf,encoded@bitrate=750_height=384,OldTownCross@display=sequential
encoded@bitrate=1750_height=480,encoded@bitrate=750_height=384,53740b0e-a70b-4465-b745-472a3a1afd99,encoded@bitrate=1750_height=480,OldTownCross@display=sequential
encoded@bitrate=1750_height=480,encoded@bitrate=1750_height=480,dd5b36e2-1bd9-4001-a709-c16dd679568a,encoded@bitrate=750_height=384,OldTownCross@display=sequential
encoded@bitrate=1050_height=480,encoded@bitrate=1050_height=480,da4a495f-f672-4f49-a718-0acc3e86b358,encoded@bitrate=1750_height=480,BigBuckBunny@display=sequential
encoded@bitrate=1750_height=480,encoded@bitrate=1050_height=480,470de4d5-fd31-4124-92aa-e5d4b85b5782,encoded@bitrate=1750_height=480,BigBuckBunny@display=sequential
,encoded@bitrate=1750_height=480,ba616751-5099-4c06-988f-2c268e4073c2,encoded@bitrate=1050_height=480,BigBuckBunny@display=sequential
encoded@bitrate=1750_height=480,encoded@bitrate=1750_height=480,7e54f228-a645-4144-a294-2ee406582705,encoded@bitrate=1050_height=480,BigBuckBunny@display=sequential
encoded@bitrate=1750_height=480,encoded@bitrate=1050_height=480,a22cb552-73fd-4bba-b020-6878660bd0d4,encoded@bitrate=1750_height=480,BigBuckBunny@display=sequential
,encoded@bitrate=1750_height=480,840a09b5-4c5b-45f7-8f13-6a8057cf0fac,encoded@bitrate=1050_height=480,BigBuckBunny@display=sequential
encoded@bitrate=1750_height=480,encoded@bitrate=1750_height=480,3d4eb426-7d44-4ffa-8891-386b62fe3760,encoded@bitrate=1050_height=480,BigBuckBunny@display=sequential
,encoded@bitrate=1750_height=480,501d69cf-99ba-43bd-b46b-c32a45b0bec0,encoded@bitrate=1050_height=480,BigBuckBunny@display=sequential
encoded@bitrate=1750_height=480,encoded@bitrate=1750_height=480,b5be2bf1-6a7d-4c5c-97a6-70da4d407bf6,encoded@bitrate=1050_height=480,BigBuckBunny@display=sequential
,encoded@bitrate=1050_height=480,71a24918-51dc-498e-a290-b05897aeb40e,encoded@bitrate=1750_height=480,BigBuckBunny@display=sequential
encoded@bitrate=10000_height=1080,encoded@bitrate=15000_height=1080,22b292e9-7a17-4b4a-9a09-0681caae291e,encoded@bitrate=10000_height=1080,CrowdRun@display=sequential
encoded@bitrate=15000_height=1080,encoded@bitrate=10000_height=1080,798ea17c-f39f-4bc5-94bc-74a3062693f7,encoded@bitrate=15000_height=1080,CrowdRun@display=sequential
encoded@bitrate=15000_height=1080,encoded@bitrate=10000_height=1080,6e129bbe-9076-4e00-af2d-e7504a9dc166,encoded@bitrate=15000_height=1080,CrowdRun@display=sequential
encoded@bitrate=15000_height=1080,encoded@bitrate=10000_height=1080,749cdf5a-d0cf-43c0-bdbe-6f69f45840d0,encoded@bitrate=15000_height=1080,CrowdRun@display=sequential
encoded@bitrate=10000_height=1080,encoded@bitrate=15000_height=1080,a8ee67dd-bb21-4bc5-a474-fcfb83d5f8d6,encoded@bitrate=10000_height=1080,CrowdRun@display=sequential
encoded@bitrate=15000_height=1080,encoded@bitrate=10000_height=1080,ee4e6658-a9aa-47c7-bee6-48666c24c37e,encoded@bitrate=15000_height=1080,CrowdRun@display=sequential
encoded@bitrate=15000_height=1080,encoded@bitrate=15000_height=1080,70d291f3-ba18-41ee-b459-63c9e8e05b5e,encoded@bitrate=10000_height=1080,CrowdRun@display=sequential
,encoded@bitrate=15000_height=1080,24cf22d0-b88a-4923-b8be-97af4e9f6013,encoded@bitrate=10000_height=1080,CrowdRun@display=sequential
encoded@bitrate=15000_height=1080,encoded@bitrate=15000_height=1080,bb12ebc6-b177-4457-8641-32a00e45e4a3,encoded@bitrate=10000_height=1080,CrowdRun@display=sequential
,encoded@bitrate=15000_height=1080,64f01562-adef-480b-927e-12872cada192,encoded@bitrate=10000_height=1080,CrowdRun@display=sequential
original,encoded@bitrate=375_height=288,60ade839-ce16-4f88-b903-3805bf524cf2,original,CrowdRun@display=sequential
original,encoded@bitrate=375_height=288,d445a949-d7c2-4196-b6a8-50cf9b19cc10,original,CrowdRun@display=sequential
original,original,17af30dd-f366-4fc2-ad54-e0bb255a4ebc,encoded@bitrate=375_height=288,CrowdRun@display=sequential
original,original,1429be8c-2d52-47df-b521-60ee72622965,encoded@bitrate=375_height=288,CrowdRun@display=sequential
original,encoded@bitrate=375_height=288,56dca4c8-e374-4954-ad6b-2e964a5df796,original,CrowdRun@display=sequential
original,encoded@bitrate=375_height=288,1c5b2ef7-2948-417f-b285-492bc21cb662,original,CrowdRun@display=sequential
original,encoded@bitrate=375_height=288,d693e8cd-acbe-470b-bf2b-5c6ff409dc71,original,CrowdRun@display=sequential
original,original,4a0e0461-c8eb-4110-a0b5-fad9b69abf34,encoded@bitrate=375_height=288,CrowdRun@display=sequential
original,encoded@bitrate=375_height=288,67ca9cde-86c8-4ddb-890a-128b94e38020,original,CrowdRun@display=sequential
original,encoded@bitrate=375_height=288,42b81a15-a01a-4b06-a99e-90705512d83f,original,CrowdRun@display=sequential
