answer,left_method,participant,right_method,test_case
hrc12,hrc12,d525c5ca-6140-4540-a61f-22179ffbc792,hrc05,src01@display=sequential
hrc12,hrc12,7adefaed-dee1-4607-8648-a185a4bc8ff7,hrc05,src01@display=sequential
hrc12,hrc12,8f3ff7d0-6b93-41a4-95c3-9d0134c0d6cb,hrc05,src01@display=sequential
hrc12,hrc05,551eb5b5-43a7-404e-92fb-9640959fd234,hrc12,src01@display=sequential
hrc12,hrc05,22074075-da3a-4a59-a374-cfaa2d150fbb,hrc12,src01@display=sequential
hrc12,hrc12,f8765b82-42a9-446d-86f2-3a30e524f1bc,hrc05,src01@display=sequential
hrc12,hrc12,20a56b23-a069-49e5-b34d-d80c1af588d5,hrc05,src01@display=sequential
hrc12,hrc12,b1f30d1e-18e5-46f4-a578-f9ee9194ef95,hrc05,src01@display=sequential
hrc12,hrc12,d525c5ca-6140-4540-a61f-22179ffbc792,hrc05,src01@display=sequential
hrc12,hrc12,11db3acb-288e-45af-8b03-6c6762d57fd3,hrc05,src01@display=sequential
hrc07,hrc07,a737d54b-45b8-4cef-88b9-20f3eff16aac,hrc16,src01@display=sequential
hrc07,hrc07,a3815387-5066-48e8-8a7c-44f4efb709fa,hrc16,src01@display=sequential
hrc07,hrc07,603c65cd-5f34-45be-87e4-a188d93c9c26,hrc16,src01@display=sequential
hrc07,hrc07,56d73c46-8181-476a-8cb6-4e14d196dea1,hrc16,src01@display=sequential
hrc07,hrc16,e6d7d52f-82ca-4a41-8106-151bd717727c,hrc07,src01@display=sequential
hrc07,hrc16,d8193f20-ca78-4f7e-a54e-1eb281c8ac16,hrc07,src01@display=sequential
hrc07,hrc07,7d3d38fd-547c-43c1-af86-0bc68bbb33af,hrc16,src01@display=sequential
,hrc07,ec8fe5d2-66e6-446e-82d7-78a2c7f7243a,hrc16,src01@display=sequential
hrc07,hrc07,6a664ca8-5192-4d54-b58b-519e2a07a482,hrc16,src01@display=sequential
hrc07,hrc07,b90ac04a-b62e-44db-989d-a35bdf9a6344,hrc16,src01@display=sequential
hrc21,hrc21,2a00693b-e684-4794-ac24-aa15b045d8eb,hrc16,src05@display=sequential
hrc21,hrc16,6b443695-605c-4b3e-ad5c-4504b6a4935b,hrc21,src05@display=sequential
hrc21,hrc16,a3815387-5066-48e8-8a7c-44f4efb709fa,hrc21,src05@display=sequential
hrc21,hrc16,b1ea6be7-fe29-4b9e-a8ba-e07c4943aac7,hrc21,src05@display=sequential
hrc21,hrc21,a3815387-5066-48e8-8a7c-44f4efb709fa,hrc16,src05@display=sequential
hrc21,hrc21,e6d7d52f-82ca-4a41-8106-151bd717727c,hrc16,src05@display=sequential
hrc21,hrc16,28f3ffe7-8eb8-4a16-9663-0a71ff4feb38,hrc21,src05@display=sequential
hrc21,hrc16,a3815387-5066-48e8-8a7c-44f4efb709fa,hrc21,src05@display=sequential
hrc21,hrc16,0cc760c5-8660-492e-a4d2-c4360899975d,hrc21,src05@display=sequential
hrc21,hrc16,e6d7d52f-82ca-4a41-8106-151bd717727c,hrc21,src05@display=sequential
hrc09,hrc18,b1a7ab8f-b9a1-4e38-9633-fac16c7345db,hrc09,src05@display=sequential
hrc09,hrc09,59e41467-1fc8-49ad-871f-be15ce142ac5,hrc18,src05@display=sequential
hrc09,hrc09,3b1058e2-fe8a-4537-a14d-164020753a23,hrc18,src05@display=sequential
hrc18,hrc09,a3815387-5066-48e8-8a7c-44f4efb709fa,hrc18,src05@display=sequential
hrc09,hrc18,d54a2502-b2af-434c-a632-821a14394a8c,hrc09,src05@display=sequential
hrc09,hrc18,0a58e305-db28-4bee-9e46-518f3b1d5970,hrc09,src05@display=sequential
hrc18,hrc18,44d4624d-7b6b-416b-8417-152d80891f36,hrc09,src05@display=sequential
hrc18,hrc09,97e1763f-e2a6-4c83-a1cd-6cc36cd155bf,hrc18,src05@display=sequential
hrc18,hrc09,e6d7d52f-82ca-4a41-8106-151bd717727c,hrc18,src05@display=sequential
hrc09,hrc18,239be723-f6dc-4053-ac79-4f57603fd382,hrc09,src05@display=sequential
hrc04,hrc04,a3815387-5066-48e8-8a7c-44f4efb709fa,hrc12,src01@display=sequential
hrc12,hrc12,a78d1d20-2f7b-4947-a14e-71f3b16b23ea,hrc04,src01@display=sequential
hrc12,hrc04,630aff3d-3ab7-4cb4-905a-dc27697f8572,hrc12,src01@display=sequential
hrc12,hrc12,94aed9f0-a26e-435d-9499-0a57d0d09c0e,hrc04,src01@display=sequential
hrc04,hrc04,7ae38b5c-cd98-477d-a069-e103eed457c3,hrc12,src01@display=sequential
hrc04,hrc04,78ec5f69-a67b-42ac-ae06-c985f67935dd,hrc12,src01@display=sequential
hrc04,hrc04,f62c787c-9092-47b5-b493-5f371ecab9f3,hrc12,src01@display=sequential
hrc04,hrc04,3a25c1af-1c65-4d09-a99f-d8dcf43ebb15,hrc12,src01@display=sequential
hrc04,hrc12,8549911f-d533-4be3-bccb-c329e82caf2c,hrc04,src01@display=sequential
hrc04,hrc04,fa99c6a8-18e7-4b07-b497-43ad86407f9c,hrc12,src01@display=sequential
hrc21,hrc16,79ba2a0e-0575-43ab-a3ce-31fdb61283d4,hrc21,src07@display=sequential
hrc21,hrc21,c7393313-6dbc-4da9-9dd7-d677cd4aa45b,hrc16,src07@display=sequential
hrc21,hrc21,35777d6a-3f13-436d-aeac-f175175f5a1c,hrc16,src07@display=sequential
hrc21,hrc16,7fc4fb94-b7e7-4237-8e77-087183634925,hrc21,src07@display=sequential
hrc21,hrc21,2231f9ee-7322-4c18-afd8-0297a5523148,hrc16,src07@display=sequential
hrc21,hrc21,94f8e362-2fe0-4596-a14e-b13248907924,hrc16,src07@display=sequential
hrc21,hrc16,133ad39e-5998-410a-b3de-f89eff90206c,hrc21,src07@display=sequential
hrc21,hrc16,481d8908-0d05-4b2c-804a-4fe6f0926148,hrc21,src07@display=sequential
hrc21,hrc16,4766c33f-2917-4521-af24-131c165bb9d5,hrc21,src07@display=sequential
hrc21,hrc16,b2ab1a27-349e-48af-9c38-6e99d27c354d,hrc21,src07@display=sequential
hrc02,hrc02,9d32f287-7a5a-4287-9f48-10a44fcb3304,hrc17,src07@display=sequential
hrc02,hrc02,79ba2a0e-0575-43ab-a3ce-31fdb61283d4,hrc17,src07@display=sequential
hrc02,hrc17,537c658a-c98a-4694-980b-087adcb1835b,hrc02,src07@display=sequential
hrc02,hrc17,4045a842-9f7c-40f9-80be-3d5831d6a738,hrc02,src07@display=sequential
hrc02,hrc17,1cec815b-399d-4f9d-93d3-0c26f0fc84db,hrc02,src07@display=sequential
hrc02,hrc17,48f26fd4-0581-4d50-ab31-ffef5ac3b645,hrc02,src07@display=sequential
hrc02,hrc17,ed6794a4-ad11-45aa-a760-07c44352d392,hrc02,src07@display=sequential
hrc02,hrc02,5359c039-f974-44eb-8bf2-a15031e7dabe,hrc17,src07@display=sequential
hrc02,hrc02,fd4ac2a5-2530-4db8-84d3-e33c1c638e13,hrc17,src07@display=sequential
hrc02,hrc02,4b6c3b78-352c-4b84-9c29-a70e17c0e399,hrc17,src07@display=sequential
original,hrc17,79ba2a0e-0575-43ab-a3ce-31fdb61283d4,original,src05@display=sequential
original,original,7cb06b23-5ae6-4b33-95b1-ab1ec6ce9a9d,hrc17,src05@display=sequential
original,original,3dec82e1-f23f-4793-a574-e6cd6cca38a8,hrc17,src05@display=sequential
original,hrc17,0d7f37d0-f53e-4a52-a78b-afc17556431e,original,src05@display=sequential
original,original,2c370320-38ea-4dce-8087-b3357e95e335,hrc17,src05@display=sequential
original,original,98b09ff4-e3e5-4a56-a530-95ab35695116,hrc17,src05@display=sequential
original,original,b18b958b-b908-4ebe-932d-e50c856c72a6,hrc17,src05@display=sequential
original,original,fc8b30b8-66ed-4a7c-a34d-169a0a459c61,hrc17,src05@display=sequential
original,hrc17,60ade839-ce16-4f88-b903-3805bf524cf2,original,src05@display=sequential
original,original,6e864a01-02fb-4ef4-8f67-60232783d138,hrc17,src05@display=sequential
hrc18,hrc13,79ba2a0e-0575-43ab-a3ce-31fdb61283d4,hrc18,src04@display=sequential
hrc18,hrc13,a4774df5-8eae-465d-8180-c488cf6e72ef,hrc18,src04@display=sequential
hrc18,hrc18,b98660c4-d820-49f5-ad84-51b0f9ad2f61,hrc13,src04@display=sequential
hrc18,hrc18,71e14685-9bb1-453e-940d-07a99ca5950b,hrc13,src04@display=sequential
hrc18,hrc18,4739f5c7-b987-4c87-8af7-0a28b32df1b7,hrc13,src04@display=sequential
hrc18,hrc18,02b35be6-fb7d-4492-87e7-8f22e34574ad,hrc13,src04@display=sequential
hrc18,hrc13,f286d2c9-0a31-42fd-af9d-f5d49f3d8482,hrc18,src04@display=sequential
hrc13,hrc18,da8f040c-b701-44b5-ac7a-47f459e0f56a,hrc13,src04@display=sequential
hrc18,hrc13,91641fb2-f748-4fad-bfa6-9ef0e5b271a3,hrc18,src04@display=sequential
hrc18,hrc13,a91842fe-969f-4065-af6f-8664becf98fe,hrc18,src04@display=sequential
hrc12,hrc12,79ba2a0e-0575-43ab-a3ce-31fdb61283d4,hrc18,src05@display=sequential
hrc12,hrc18,4c00c3bf-e047-43af-81ed-5870a469acb5,hrc12,src05@display=sequential
hrc12,hrc18,cfea4206-4dd5-4ab5-a9ee-e12be9395f29,hrc12,src05@display=sequential
hrc12,hrc12,e107ed08-0b73-4c35-8f6b-f7cc4fa9ebd6,hrc18,src05@display=sequential
hrc12,hrc12,13e19637-8aec-4d17-8256-c1a0879440e8,hrc18,src05@display=sequential
hrc12,hrc18,e1c3e5d6-ca2e-41ad-8695-fcff92798414,hrc12,src05@display=sequential
,hrc12,2e1c5ff1-e376-4bef-a680-7c80520888f0,hrc18,src05@display=sequential
hrc12,hrc18,9ebd8a15-d6da-429e-b5e7-f3d7d0b7d614,hrc12,src05@display=sequential
hrc12,hrc18,d9de9b07-c463-4078-b164-68c2f997bfce,hrc12,src05@display=sequential
hrc12,hrc12,c4483616-3ed2-4394-9493-213d0c170895,hrc18,src05@display=sequential
hrc09,hrc17,79ba2a0e-0575-43ab-a3ce-31fdb61283d4,hrc09,src05@display=sequential
hrc17,hrc09,d78516ec-a6b0-43c0-a455-d7f06cd94f15,hrc17,src05@display=sequential
hrc09,hrc17,1fdc6dc3-b544-4d31-86e1-db0c7e9eeb71,hrc09,src05@display=sequential
hrc17,hrc17,0053f56a-3dfc-4463-8859-7205469af490,hrc09,src05@display=sequential
hrc09,hrc09,cb39772f-9dea-41e0-b6d2-008c4a858765,hrc17,src05@display=sequential
hrc09,hrc17,a1d1d1a3-ca05-441a-a182-190990e89d09,hrc09,src05@display=sequential
hrc09,hrc09,ec6a0331-4b38-43ac-a93c-18edcb2a5488,hrc17,src05@display=sequential
hrc09,hrc17,fa771af9-0334-4430-aa48-6fdf4401ccb8,hrc09,src05@display=sequential
,hrc17,1a45a8b4-7135-4768-a5c5-238e37fb98df,hrc09,src05@display=sequential
hrc17,hrc17,dd499e6e-bc1b-4090-a03c-6f903502c697,hrc09,src05@display=sequential
hrc07,hrc19,aeb6aa3e-8394-4b15-b8ed-a897b8f04db9,hrc07,src01@display=sequential
hrc19,hrc07,9988cc9a-f7bd-4702-bbcc-ff93503e8d2d,hrc19,src01@display=sequential
hrc07,hrc07,d8ec2c52-de7d-4789-bb99-a91eb78cb08d,hrc19,src01@display=sequential
,hrc07,fb31c371-260c-42e8-bf4f-4fcf297f4421,hrc19,src01@display=sequential
,hrc07,29891a92-472f-4241-97b3-f486548bb310,hrc19,src01@display=sequential
,hrc19,7f99fd97-cecd-4573-bd45-b573347d0edd,hrc07,src01@display=sequential
,hrc19,79ba2a0e-0575-43ab-a3ce-31fdb61283d4,hrc07,src01@display=sequential
hrc07,hrc07,a65903f2-eb1f-4206-929e-6957d523b32a,hrc19,src01@display=sequential
hrc07,hrc07,56981384-e0ba-4ec4-a6ea-fec5f32b3988,hrc19,src01@display=sequential
,hrc07,ea4c2ce7-4a48-4590-9d5e-0592ae88a555,hrc19,src01@display=sequential
hrc02,hrc02,fb31c371-260c-42e8-bf4f-4fcf297f4421,hrc16,src05@display=sequential
hrc02,hrc16,ba43bf3c-660f-4297-aba2-e454ac146c64,hrc02,src05@display=sequential
hrc02,hrc02,3a58be0e-af57-4db0-b60d-eb75d3e7c349,hrc16,src05@display=sequential
hrc02,hrc02,e668e37c-ba44-4b0d-afd9-2062862b816f,hrc16,src05@display=sequential
hrc02,hrc02,1a07e498-1f79-4718-99fc-3465754935aa,hrc16,src05@display=sequential
hrc02,hrc16,91f25404-e83b-4cbb-b329-8cc995812dd1,hrc02,src05@display=sequential
hrc02,hrc16,67ae0f79-04ba-4a89-867a-2b136e9aca56,hrc02,src05@display=sequential
hrc02,hrc16,bec08049-04b7-4efb-b381-ac88d95a053d,hrc02,src05@display=sequential
hrc02,hrc02,6aa8af2c-3dd4-497b-a3fe-7c0f81f96f4a,hrc16,src05@display=sequential
hrc02,hrc16,8016f341-9a26-4b5e-bc01-b857242d960b,hrc02,src05@display=sequential
hrc17,hrc17,fa771af9-0334-4430-aa48-6fdf4401ccb8,hrc09,src01@display=sequential
hrc17,hrc17,b924cb23-4607-4aba-b7f1-8ac56580e36a,hrc09,src01@display=sequential
hrc09,hrc17,b0367ddc-1381-4c30-b054-032f640ef4d3,hrc09,src01@display=sequential
hrc17,hrc09,66da8469-601a-48fb-b75e-716c69b24198,hrc17,src01@display=sequential
hrc17,hrc17,5cfef51c-f7c4-4010-a911-a45be2a4d919,hrc09,src01@display=sequential
hrc17,hrc17,a9776e74-c474-4e53-b6ce-96a8d66fa6a2,hrc09,src01@display=sequential
hrc09,hrc17,8831c2ef-64b2-4f81-bd12-782facb47567,hrc09,src01@display=sequential
hrc17,hrc17,f9017240-e499-42f6-85ae-673f751f0c38,hrc09,src01@display=sequential
hrc17,hrc17,fb31c371-260c-42e8-bf4f-4fcf297f4421,hrc09,src01@display=sequential
hrc17,hrc17,87fef6f6-df52-49c0-89da-106af9527b46,hrc09,src01@display=sequential
hrc10,hrc10,fb31c371-260c-42e8-bf4f-4fcf297f4421,hrc19,src05@display=sequential
hrc19,hrc19,42144d90-79d5-4dd8-9d01-b29df2cc9f4a,hrc10,src05@display=sequential
hrc10,hrc10,a54f674c-0f58-452d-9942-8e3cfd73ef19,hrc19,src05@display=sequential
hrc10,hrc10,58a466cc-6ddb-4014-a5cc-732e55706d9a,hrc19,src05@display=sequential
hrc19,hrc19,15823cce-8dd0-4043-a063-eb157f7a8b5f,hrc10,src05@display=sequential
hrc19,hrc19,6ea4f9af-c257-4696-b51c-792ab1b5c848,hrc10,src05@display=sequential
hrc10,hrc10,595d6b93-ba8e-4ddf-9a72-50bbd51fd899,hrc19,src05@display=sequential
hrc19,hrc19,8549911f-d533-4be3-bccb-c329e82caf2c,hrc10,src05@display=sequential
hrc19,hrc19,3167e740-abcd-47b6-b957-0711ed640b48,hrc10,src05@display=sequential
hrc19,hrc10,20a43bd8-ead5-4927-b832-78b755186bcd,hrc19,src05@display=sequential
hrc20,hrc17,27d753da-0f16-4b8c-adb3-629eb48f562e,hrc20,src07@display=sequential
hrc20,hrc17,4490560e-8581-4dfb-9579-fa5b7f095173,hrc20,src07@display=sequential
hrc20,hrc20,e430ba94-49f6-4874-9488-9d43de9fc88f,hrc17,src07@display=sequential
,hrc17,22074075-da3a-4a59-a374-cfaa2d150fbb,hrc20,src07@display=sequential
hrc20,hrc17,719b63b7-550b-4eab-be5d-8250b6731a2e,hrc20,src07@display=sequential
hrc20,hrc20,fdb19be6-2ae6-4d67-88e5-7730eec07397,hrc17,src07@display=sequential
hrc20,hrc20,19a4afc7-504f-4287-aff1-0e01ee561c13,hrc17,src07@display=sequential
hrc20,hrc20,48f844e9-7586-4d74-aa4f-ea6cc7b0f7e5,hrc17,src07@display=sequential
hrc20,hrc17,bb12ebc6-b177-4457-8641-32a00e45e4a3,hrc20,src07@display=sequential
hrc20,hrc17,705f7799-2d34-4d2e-b583-c65f61f6aa45,hrc20,src07@display=sequential
,hrc04,27d753da-0f16-4b8c-adb3-629eb48f562e,hrc20,src05@display=sequential
hrc04,hrc20,8a46bc78-31c5-412e-82cb-6ace35e90b6b,hrc04,src05@display=sequential
hrc04,hrc04,7e119710-3485-4cd1-b324-8038bbd18930,hrc20,src05@display=sequential
,hrc04,7adefaed-dee1-4607-8648-a185a4bc8ff7,hrc20,src05@display=sequential
hrc20,hrc20,8758c6d9-ff95-4e68-834d-d2cc9e39f62c,hrc04,src05@display=sequential
hrc20,hrc04,09de16c3-f8ac-42c9-bd83-0b8cebd57647,hrc20,src05@display=sequential
hrc04,hrc20,eb743109-e85a-4981-be4e-e85effa05712,hrc04,src05@display=sequential
hrc04,hrc20,72f9a380-16df-4b12-b1ab-9dda8acc360a,hrc04,src05@display=sequential
hrc04,hrc04,7e199bb2-9e3d-466f-b778-f12547a0ef72,hrc20,src05@display=sequential
hrc04,hrc20,92618dab-00d8-4abd-ac31-f37ac2df1d55,hrc04,src05@display=sequential
,hrc16,331844da-5e41-403c-a653-e3e9df4bd77e,hrc17,src05@display=sequential
hrc17,hrc17,ba2e8111-193c-4c3d-8d6a-70f8f72bbea2,hrc16,src05@display=sequential
hrc17,hrc17,f081f320-f89e-4b1d-8b57-482c199bf00f,hrc16,src05@display=sequential
hrc17,hrc16,985b2187-2e8e-497a-87c3-80cdc7a2058a,hrc17,src05@display=sequential
hrc17,hrc16,27d753da-0f16-4b8c-adb3-629eb48f562e,hrc17,src05@display=sequential
hrc17,hrc17,658dc692-7421-4412-901b-44c5c6156b8d,hrc16,src05@display=sequential
hrc17,hrc16,b914574b-e89a-44f2-99af-2232911e216d,hrc17,src05@display=sequential
hrc17,hrc17,6f77a931-0bbb-4e7f-b5e3-a07ec26959fb,hrc16,src05@display=sequential
hrc17,hrc17,10d975c3-9921-4365-8099-fe35b4fbfef1,hrc16,src05@display=sequential
hrc17,hrc16,73fa3c1f-2659-4f89-afb2-0453b581f177,hrc17,src05@display=sequential
hrc21,hrc13,27d753da-0f16-4b8c-adb3-629eb48f562e,hrc21,src05@display=sequential
hrc21,hrc13,9fd30985-cc56-465e-8258-5cd25c69cf1b,hrc21,src05@display=sequential
hrc21,hrc13,88dba501-c1cc-4377-b515-43a0b935917c,hrc21,src05@display=sequential
hrc13,hrc21,ad97fd16-30c3-4bcc-b9d7-a22069039daa,hrc13,src05@display=sequential
hrc21,hrc13,1fda9f15-e969-41d3-a5e6-1ef66b8b22d8,hrc21,src05@display=sequential
hrc21,hrc21,4cd37b8a-abc7-4359-a9e7-c17bee48ee62,hrc13,src05@display=sequential
hrc21,hrc21,2167d9eb-7db5-4c9e-9b6f-576f21f3db82,hrc13,src05@display=sequential
hrc21,hrc13,eb5529f9-4569-4b21-9bee-6c7a462d6195,hrc21,src05@display=sequential
hrc21,hrc13,6b366ab5-6ec6-4700-afc7-1ae167361336,hrc21,src05@display=sequential
hrc21,hrc13,513c4fa3-6b47-439f-8b41-c8bc61b20ba8,hrc21,src05@display=sequential
hrc04,hrc04,10d975c3-9921-4365-8099-fe35b4fbfef1,hrc19,src05@display=sequential
hrc04,hrc19,d100eafa-1760-436d-bd9f-a9724e3f1ee6,hrc04,src05@display=sequential
hrc04,hrc04,b90ac04a-b62e-44db-989d-a35bdf9a6344,hrc19,src05@display=sequential
hrc04,hrc04,e8c1511a-8c33-4c69-be8f-24942a1a27ce,hrc19,src05@display=sequential
hrc04,hrc04,8c00d752-4fc3-4e7d-a8df-d7ca2c6a73a2,hrc19,src05@display=sequential
,hrc19,f286d2c9-0a31-42fd-af9d-f5d49f3d8482,hrc04,src05@display=sequential
hrc04,hrc04,7f99fd97-cecd-4573-bd45-b573347d0edd,hrc19,src05@display=sequential
hrc04,hrc04,fc9666e5-30e9-47fc-9e00-bfb32a90cb5b,hrc19,src05@display=sequential
hrc04,hrc19,d7e0c98f-c9e7-46ee-bce5-8e90e87a0cf9,hrc04,src05@display=sequential
hrc19,hrc19,2d6d9756-d2b6-4bea-b4e1-94b41721de02,hrc04,src05@display=sequential
,hrc13,e549fc8d-e4a9-47f6-bf39-4aa6b7f0a5a0,hrc10,src01@display=sequential
,hrc13,0691e239-86d2-4f18-9569-54691f5edf2c,hrc10,src01@display=sequential
hrc10,hrc10,3508c90d-7344-4ec2-946c-52b057f5fd46,hrc13,src01@display=sequential
hrc10,hrc10,0f77e328-c1f5-4b7b-b765-f2b718ad525c,hrc13,src01@display=sequential
,hrc13,67a775b1-b97f-4aa4-affb-54e6180f3b71,hrc10,src01@display=sequential
hrc10,hrc10,2231f9ee-7322-4c18-afd8-0297a5523148,hrc13,src01@display=sequential
hrc10,hrc10,e3860613-8b47-4eb6-9969-c33344cb2a9d,hrc13,src01@display=sequential
,hrc13,e2ef8b3c-8f6b-4998-b6a9-acd51651099f,hrc10,src01@display=sequential
hrc10,hrc13,938ee2d9-0612-434e-8ced-1e766ff31000,hrc10,src01@display=sequential
hrc10,hrc10,c4483616-3ed2-4394-9493-213d0c170895,hrc13,src01@display=sequential
hrc02,hrc02,e549fc8d-e4a9-47f6-bf39-4aa6b7f0a5a0,hrc09,src05@display=sequential
,hrc09,02687abe-f686-4204-92d8-486ea4cbc178,hrc02,src05@display=sequential
hrc02,hrc09,9431de3e-ad59-46eb-b7d4-71d8c1a9b15a,hrc02,src05@display=sequential
hrc02,hrc09,d5484fd3-0692-49b0-b84e-4c5498cd6cb1,hrc02,src05@display=sequential
hrc09,hrc02,10201875-20ed-4191-8b55-2033d1755645,hrc09,src05@display=sequential
hrc02,hrc09,47c5b9b0-9b12-4925-af04-7e9d48ac8e4d,hrc02,src05@display=sequential
,hrc02,4a48da27-470b-4fcd-8543-b926c16ff650,hrc09,src05@display=sequential
hrc02,hrc02,f34d42ab-f3d5-493e-8f12-2070d370cbea,hrc09,src05@display=sequential
hrc02,hrc02,52e41e38-4c61-40bc-bb28-cafdfe4bcb7f,hrc09,src05@display=sequential
hrc09,hrc09,b104dbe8-fec3-4032-b006-cece9ca6183f,hrc02,src05@display=sequential
hrc04,hrc17,e549fc8d-e4a9-47f6-bf39-4aa6b7f0a5a0,hrc04,src08@display=sequential
hrc04,hrc04,8b550bbc-1620-4719-858f-a2cdbb3ff4b0,hrc17,src08@display=sequential
hrc04,hrc17,54a067ea-cabb-4df6-8f37-67a5eb1b48d5,hrc04,src08@display=sequential
hrc04,hrc17,5411fe28-313e-4207-ad33-9c1acd9b0640,hrc04,src08@display=sequential
hrc04,hrc04,853100a4-1afc-4a6b-af04-44ce98e09b00,hrc17,src08@display=sequential
hrc04,hrc17,6b48482e-fbd7-4085-8717-135a3fa6b351,hrc04,src08@display=sequential
hrc04,hrc04,aeb6aa3e-8394-4b15-b8ed-a897b8f04db9,hrc17,src08@display=sequential
hrc04,hrc17,31d876be-00c7-4aff-98d2-67a95f368125,hrc04,src08@display=sequential
hrc04,hrc04,f4f2f8e0-a564-424a-91ca-74d1accfde15,hrc17,src08@display=sequential
hrc04,hrc04,f6dcbb2a-6b4d-4e46-99b1-4179f4898cd0,hrc17,src08@display=sequential
,hrc05,e549fc8d-e4a9-47f6-bf39-4aa6b7f0a5a0,hrc16,src01@display=sequential
hrc16,hrc05,b4661ee3-507e-48f0-bf90-49eccdd0a6c1,hrc16,src01@display=sequential
hrc05,hrc05,9614c9c1-60ce-4d80-9b93-e6ff552677ad,hrc16,src01@display=sequential
hrc16,hrc05,dbdaad26-adc8-416a-9f6e-1c8ca62da9db,hrc16,src01@display=sequential
,hrc05,3cdea77c-18d6-4285-8822-0547ebab6d19,hrc16,src01@display=sequential
hrc05,hrc05,49747077-9ad4-48ed-b0be-218faff3cc0c,hrc16,src01@display=sequential
,hrc16,d7f3aecf-d290-43fd-9be3-4d98d3431ac1,hrc05,src01@display=sequential
hrc05,hrc16,90fb2795-6b00-41e1-9332-4593f10a9aed,hrc05,src01@display=sequential
hrc16,hrc05,e4e6cf83-5949-47e7-9675-8b2b53c28ec5,hrc16,src01@display=sequential
hrc05,hrc05,8ae60f0f-bc2f-4e37-9772-cbd58a5734ca,hrc16,src01@display=sequential
hrc21,hrc21,73a3477c-83b1-4130-a654-cafab3a0613e,hrc09,src05@display=sequential
hrc21,hrc09,19c32dbe-28f1-41dd-b4bd-520d0ae1860c,hrc21,src05@display=sequential
hrc21,hrc09,baaf9ff2-3d2f-4282-ab3d-4f11c4e34d3c,hrc21,src05@display=sequential
hrc21,hrc09,04a47e94-ecc5-4706-a79a-e96f350141ed,hrc21,src05@display=sequential
hrc21,hrc09,15164851-0f01-4e8d-ae9a-eeed69529ca3,hrc21,src05@display=sequential
hrc21,hrc21,425d756e-d5e7-49bc-83a2-85e76ee9b31d,hrc09,src05@display=sequential
hrc21,hrc21,44c75a94-439f-4168-9828-64b1fb591086,hrc09,src05@display=sequential
hrc21,hrc21,9d5a019b-71bd-4af6-b124-a219b08b293a,hrc09,src05@display=sequential
hrc21,hrc09,eb42ae7c-e7ca-4b07-b2f1-d5d1b93224e7,hrc21,src05@display=sequential
,hrc21,76d6bfe0-55a2-4a6c-b431-2ec5bf75cee1,hrc09,src05@display=sequential
hrc13,hrc13,73a3477c-83b1-4130-a654-cafab3a0613e,hrc09,src05@display=sequential
hrc09,hrc13,5e5029d9-2e66-43be-bda9-799b3de0d1ee,hrc09,src05@display=sequential
hrc09,hrc13,77ffe866-607d-40f5-97ad-5a9629b1c95b,hrc09,src05@display=sequential
hrc09,hrc13,0577b759-dc16-4e43-be93-2041e7934891,hrc09,src05@display=sequential
hrc09,hrc09,6ab68eee-6d2b-46e8-b03a-b267fb0eac35,hrc13,src05@display=sequential
hrc09,hrc09,54b6bc20-e9f0-430e-b687-f9a3bb4d716b,hrc13,src05@display=sequential
hrc13,hrc13,1bfb2f4b-8c15-4e96-807b-51afd54edd7b,hrc09,src05@display=sequential
hrc09,hrc13,8ef6518d-4f93-431e-b9bc-9b0af8ccfb8d,hrc09,src05@display=sequential
hrc09,hrc13,2f199ff5-e6d7-4e86-b684-1c3b552baa9b,hrc09,src05@display=sequential
hrc09,hrc09,4a0e0461-c8eb-4110-a0b5-fad9b69abf34,hrc13,src05@display=sequential
hrc07,hrc07,73a3477c-83b1-4130-a654-cafab3a0613e,hrc09,src01@display=sequential
hrc07,hrc09,a54f674c-0f58-452d-9942-8e3cfd73ef19,hrc07,src01@display=sequential
hrc07,hrc09,f6e12820-1dde-4cf8-8de7-2dcccc84bffe,hrc07,src01@display=sequential
hrc09,hrc07,474c10a2-5941-4abe-8277-46ce02332ba7,hrc09,src01@display=sequential
hrc07,hrc07,34175692-f5d0-47a5-bac5-7d352d905d05,hrc09,src01@display=sequential
hrc07,hrc09,389e65fd-2bf8-42a2-8b81-822ecb5b58e1,hrc07,src01@display=sequential
hrc07,hrc07,8b82218a-90c4-4f4a-8bcb-f70c2de70614,hrc09,src01@display=sequential
hrc07,hrc09,0a58e305-db28-4bee-9e46-518f3b1d5970,hrc07,src01@display=sequential
hrc07,hrc09,b5be2bf1-6a7d-4c5c-97a6-70da4d407bf6,hrc07,src01@display=sequential
hrc07,hrc07,c6346704-bff8-407a-af84-b379478d3cd2,hrc09,src01@display=sequential
hrc04,hrc16,73a3477c-83b1-4130-a654-cafab3a0613e,hrc04,src05@display=sequential
hrc04,hrc16,41f6da59-8daa-44e5-b500-a68effe80918,hrc04,src05@display=sequential
hrc04,hrc16,720fae40-2e83-4d33-9334-c274db0a60a2,hrc04,src05@display=sequential
hrc04,hrc04,5edda708-1a28-4132-b481-b6ce1ef44440,hrc16,src05@display=sequential
hrc04,hrc04,79fb1864-fb13-4926-a967-5398013e9d21,hrc16,src05@display=sequential
hrc04,hrc04,43868782-c006-4e73-8ab4-1f5f132a01cc,hrc16,src05@display=sequential
hrc04,hrc16,e2e1d4a7-9934-44f8-a146-212e0c669ec9,hrc04,src05@display=sequential
hrc04,hrc16,e02609ec-35cf-456d-b864-7676af978c4b,hrc04,src05@display=sequential
hrc04,hrc16,cd3da8c8-6bd7-4717-8f4a-b136895e3626,hrc04,src05@display=sequential
hrc04,hrc16,05de8bc7-41eb-47be-80e6-4c24be43649c,hrc04,src05@display=sequential
hrc04,hrc04,73a3477c-83b1-4130-a654-cafab3a0613e,hrc18,src05@display=sequential
hrc04,hrc18,9d1ec2ac-c570-4278-936a-ea2dd7be8872,hrc04,src05@display=sequential
hrc04,hrc18,e828d90a-90b1-4c9b-85b2-5eb87e19463f,hrc04,src05@display=sequential
hrc04,hrc04,aa2497f2-d324-449a-a3ea-ec31d2180c93,hrc18,src05@display=sequential
hrc04,hrc18,46f38607-110d-49ab-b60c-8c1ab9421949,hrc04,src05@display=sequential
,hrc04,e6fc1745-e793-4db0-a5ca-9fe262db0dcb,hrc18,src05@display=sequential
hrc04,hrc04,890b0e6e-f299-462d-aeeb-b186f01f6f70,hrc18,src05@display=sequential
hrc04,hrc04,b80f00b9-eab1-4fc9-807a-f0f2300dd67c,hrc18,src05@display=sequential
hrc04,hrc04,37d8e0b9-f320-4759-b810-b47ff4467016,hrc18,src05@display=sequential
hrc04,hrc04,bfbecf9a-5392-4f42-9ec6-fc3f122112b5,hrc18,src05@display=sequential
hrc09,hrc09,5845af96-725e-4152-9a01-ca4f09a900d9,hrc05,src01@display=sequential
hrc09,hrc05,92eaa3f8-76a9-4f2b-810d-426076bbe1ab,hrc09,src01@display=sequential
hrc09,hrc09,5a61f938-bcc9-4393-8100-91e4bdd9d9a3,hrc05,src01@display=sequential
hrc05,hrc09,59e41467-1fc8-49ad-871f-be15ce142ac5,hrc05,src01@display=sequential
hrc09,hrc09,2b493139-f877-4c83-8de2-f89c1b5bbd54,hrc05,src01@display=sequential
hrc05,hrc09,76e7a6ec-c031-4a31-a249-f205679c4482,hrc05,src01@display=sequential
hrc09,hrc09,8e45ec30-d8f0-4b0f-9d1a-95543dd2734f,hrc05,src01@display=sequential
,hrc05,60ade839-ce16-4f88-b903-3805bf524cf2,hrc09,src01@display=sequential
hrc05,hrc05,d4e8046f-6b35-4b66-8555-8cf0cd6352af,hrc09,src01@display=sequential
hrc09,hrc09,83233e30-b3ad-4498-8eff-e51044d70333,hrc05,src01@display=sequential
hrc05,hrc08,5845af96-725e-4152-9a01-ca4f09a900d9,hrc05,src07@display=sequential
,hrc08,6f4a027b-cb83-475e-b1a9-a9cc3157a341,hrc05,src07@display=sequential
,hrc05,7f66d17f-e0f8-4000-938a-38fdb600fcc2,hrc08,src07@display=sequential
hrc05,hrc08,54a067ea-cabb-4df6-8f37-67a5eb1b48d5,hrc05,src07@display=sequential
hrc08,hrc05,4224335e-26df-4d36-b1b2-51dc101f7e76,hrc08,src07@display=sequential
hrc05,hrc05,835e531d-086d-4efe-8d86-2e29a6f0383b,hrc08,src07@display=sequential
hrc08,hrc05,0c75c2cb-4183-4187-8e95-1ddec654b46f,hrc08,src07@display=sequential
hrc08,hrc05,f14632b9-fec7-49db-8dde-908e448d8556,hrc08,src07@display=sequential
hrc08,hrc05,6e129bbe-9076-4e00-af2d-e7504a9dc166,hrc08,src07@display=sequential
hrc05,hrc08,5dc62e1a-77a7-42ff-b80f-ad839dbf8ba4,hrc05,src07@display=sequential
hrc08,hrc08,afb5f403-21d5-4d09-b92f-6d95cee2fde2,hrc10,src06@display=sequential
hrc08,hrc08,6ea4f9af-c257-4696-b51c-792ab1b5c848,hrc10,src06@display=sequential
hrc08,hrc10,fc8b30b8-66ed-4a7c-a34d-169a0a459c61,hrc08,src06@display=sequential
hrc08,hrc10,5845af96-725e-4152-9a01-ca4f09a900d9,hrc08,src06@display=sequential
hrc08,hrc10,49ecc985-24ed-446c-8c82-950e120f85ba,hrc08,src06@display=sequential
hrc08,hrc10,9ec30e98-34b7-4892-b1fb-6d9312636ec5,hrc08,src06@display=sequential
hrc08,hrc08,aff72792-47ad-419e-9732-8b02aa415e28,hrc10,src06@display=sequential
hrc08,hrc10,2bcab180-368e-445d-b0e6-9a217518bc1a,hrc08,src06@display=sequential
hrc08,hrc08,ed39cdae-6f21-4391-af68-10ac22103779,hrc10,src06@display=sequential
hrc08,hrc08,7e7a3e3d-6238-4765-b6a4-3babc94d94ec,hrc10,src06@display=sequential
hrc20,hrc16,5845af96-725e-4152-9a01-ca4f09a900d9,hrc20,src08@display=sequential
hrc20,hrc16,f4ff5c1b-9241-474d-80db-0ff5fd2f6bdf,hrc20,src08@display=sequential
hrc20,hrc20,fa5673e7-4f40-478e-bd78-39f26214807f,hrc16,src08@display=sequential
hrc20,hrc16,08e33f50-c2e4-4cb2-b5a8-6a8a53423f73,hrc20,src08@display=sequential
hrc20,hrc16,4abc48f0-325c-4564-95b3-06db30c6e854,hrc20,src08@display=sequential
hrc20,hrc20,2079d5ff-c609-4f44-9674-c79839f7f3d1,hrc16,src08@display=sequential
hrc20,hrc16,97e1763f-e2a6-4c83-a1cd-6cc36cd155bf,hrc20,src08@display=sequential
hrc20,hrc20,8f5ce5d7-602e-4a26-b3ba-4beeab07c0a8,hrc16,src08@display=sequential
hrc20,hrc16,08d2aa18-36e2-4d06-b1b8-78ab06e9c8a4,hrc20,src08@display=sequential
hrc20,hrc16,bb1ff323-7e95-4031-aa16-e14eb8d8d109,hrc20,src08@display=sequential
hrc18,hrc18,5845af96-725e-4152-9a01-ca4f09a900d9,hrc05,src05@display=sequential
,hrc18,9614c9c1-60ce-4d80-9b93-e6ff552677ad,hrc05,src05@display=sequential
hrc18,hrc05,34168229-2e1e-4921-ac15-d92436d5a977,hrc18,src05@display=sequential
hrc18,hrc05,36cb46ba-2416-4e33-8134-040d59c29db7,hrc18,src05@display=sequential
hrc05,hrc18,46988bee-31b6-4324-8234-6c77582cea87,hrc05,src05@display=sequential
hrc18,hrc18,1e8ecf48-08f8-4994-84af-a25bd4c29c02,hrc05,src05@display=sequential
hrc18,hrc18,96156214-ba1f-44ad-b911-4cd9c3e80a16,hrc05,src05@display=sequential
hrc18,hrc18,201ca70f-e731-4e8e-a125-f82579361303,hrc05,src05@display=sequential
hrc05,hrc18,abd0f219-9a62-430f-b50f-c61b688c219c,hrc05,src05@display=sequential
,hrc18,4a2d56ff-0393-4f08-9121-e22c41b4c51f,hrc05,src05@display=sequential
hrc04,hrc04,34a04ead-7804-4e55-b549-9b91d884c0ad,hrc13,src04@display=sequential
hrc04,hrc04,855a54a4-c733-4d3c-99f7-7995e608d8f8,hrc13,src04@display=sequential
hrc04,hrc13,f6dcbb2a-6b4d-4e46-99b1-4179f4898cd0,hrc04,src04@display=sequential
hrc04,hrc13,78f11d30-8cfb-4880-8a9d-194b1120ef55,hrc04,src04@display=sequential
hrc04,hrc04,c0e526aa-54a9-4187-bc52-4f56df7ea910,hrc13,src04@display=sequential
hrc04,hrc13,34cd2be8-af8a-4643-a087-b771ca29f1a3,hrc04,src04@display=sequential
hrc04,hrc13,3e4467d1-498d-4384-822e-f70bfdd8962a,hrc04,src04@display=sequential
hrc04,hrc13,5845af96-725e-4152-9a01-ca4f09a900d9,hrc04,src04@display=sequential
hrc04,hrc13,44a3e5d7-0f82-40c1-aff8-95ba8afcb6ad,hrc04,src04@display=sequential
hrc04,hrc04,5483dfd1-da59-48bb-b08e-2893950a526b,hrc13,src04@display=sequential
hrc02,hrc19,5fb511a7-580f-4be2-9e53-b66cd6b5246a,hrc02,src03@display=sequential
hrc02,hrc02,42144d90-79d5-4dd8-9d01-b29df2cc9f4a,hrc19,src03@display=sequential
hrc02,hrc19,ac3cb7af-b2f0-4b61-9ea7-61bad06aa1d3,hrc02,src03@display=sequential
hrc02,hrc19,b50ef8d4-8186-4583-b21a-e5735648587c,hrc02,src03@display=sequential
hrc02,hrc02,fa5673e7-4f40-478e-bd78-39f26214807f,hrc19,src03@display=sequential
hrc02,hrc19,0111d895-f938-4921-8210-3201f559f616,hrc02,src03@display=sequential
,hrc19,e14946cd-907b-4bb4-a50f-16353833a3a1,hrc02,src03@display=sequential
hrc02,hrc02,f358592f-c14f-4bc9-b4c3-6d0c3bb440cb,hrc19,src03@display=sequential
hrc02,hrc19,5845af96-725e-4152-9a01-ca4f09a900d9,hrc02,src03@display=sequential
,hrc02,d3c1b863-4286-42ab-b8e7-356051012a58,hrc19,src03@display=sequential
hrc09,hrc09,315a0286-5f6d-4248-832d-03fd03fd9243,hrc18,src06@display=sequential
hrc09,hrc09,ffcb775b-526f-4e28-8b0a-a53af6cae4fc,hrc18,src06@display=sequential
hrc09,hrc18,fa5673e7-4f40-478e-bd78-39f26214807f,hrc09,src06@display=sequential
hrc09,hrc18,5a61f938-bcc9-4393-8100-91e4bdd9d9a3,hrc09,src06@display=sequential
hrc09,hrc18,6aa8af2c-3dd4-497b-a3fe-7c0f81f96f4a,hrc09,src06@display=sequential
hrc18,hrc09,bb1ff323-7e95-4031-aa16-e14eb8d8d109,hrc18,src06@display=sequential
hrc09,hrc18,a693e218-d9cd-4ff6-99ba-627b53ca937e,hrc09,src06@display=sequential
hrc18,hrc18,a410f9ea-0698-429b-a5d2-9f44282f6d4b,hrc09,src06@display=sequential
hrc09,hrc09,59e41467-1fc8-49ad-871f-be15ce142ac5,hrc18,src06@display=sequential
hrc09,hrc18,819d099f-3867-4dc9-9654-7215ae56bc6b,hrc09,src06@display=sequential
original,hrc09,fa5673e7-4f40-478e-bd78-39f26214807f,original,src01@display=sequential
original,original,a59ec670-7ba7-4f2a-9b13-85d278c73590,hrc09,src01@display=sequential
original,original,e833d5d7-37b6-4a78-a6b4-3f21fe78fda7,hrc09,src01@display=sequential
original,original,ba43bf3c-660f-4297-aba2-e454ac146c64,hrc09,src01@display=sequential
original,original,a2cd5997-8ab2-40d5-af24-ff7745f16f87,hrc09,src01@display=sequential
original,original,835319a2-89cb-4cdc-92ac-97ef2d4ab247,hrc09,src01@display=sequential
original,hrc09,63fa730e-878e-451e-9b62-555a1567818a,original,src01@display=sequential
original,original,ec5fe569-3e08-47cb-aadb-ea0b09d17525,hrc09,src01@display=sequential
original,original,29c269f6-6a68-452f-966a-32a3b90781a1,hrc09,src01@display=sequential
original,original,df52d896-b5bf-493f-bb1c-ee5bbb1e44be,hrc09,src01@display=sequential
original,original,ae4c00ce-4550-481b-a407-ae258ddbd276,hrc02,src05@display=sequential
original,hrc02,fa5673e7-4f40-478e-bd78-39f26214807f,original,src05@display=sequential
hrc02,original,feabc2a1-9004-4146-acc3-3609cc50300a,hrc02,src05@display=sequential
original,original,64e2f67e-8d1c-4d48-8af3-8fcba72344a8,hrc02,src05@display=sequential
original,hrc02,6ecafacc-74bb-46fc-a25c-fb88759b6610,original,src05@display=sequential
original,original,77d5559f-b918-4334-9319-a6e7ed7df260,hrc02,src05@display=sequential
hrc02,hrc02,33646442-3d35-4986-9939-550b7bd59125,original,src05@display=sequential
,original,41875269-0856-453f-bf25-f04241dd081e,hrc02,src05@display=sequential
,original,3ad42979-cd24-4628-a4da-5fe85c253715,hrc02,src05@display=sequential
original,hrc02,e802d7f4-170f-4b14-9db6-3528dd3b697d,original,src05@display=sequential
hrc09,hrc08,fa5673e7-4f40-478e-bd78-39f26214807f,hrc09,src02@display=sequential
hrc09,hrc08,45e7611d-1c87-4056-ba5c-3a69b413e6e3,hrc09,src02@display=sequential
hrc09,hrc09,a808a4de-7bea-4369-8f71-1cb7d12f07d2,hrc08,src02@display=sequential
hrc09,hrc09,50f51bac-dcf9-417a-af31-515670431985,hrc08,src02@display=sequential
hrc09,hrc09,e1c3e5d6-ca2e-41ad-8695-fcff92798414,hrc08,src02@display=sequential
hrc09,hrc09,84531b99-869c-4f3e-ae80-dac3f956997a,hrc08,src02@display=sequential
hrc09,hrc08,629ac0f2-f93c-4562-87e2-83e91c83e632,hrc09,src02@display=sequential
hrc09,hrc09,6bd47135-ac01-4b14-8a59-fd0f773c048b,hrc08,src02@display=sequential
hrc09,hrc09,fca3759b-d972-4109-b510-9c0e331cd10b,hrc08,src02@display=sequential
hrc09,hrc09,f0f94ac1-9151-4b66-acb1-542e28570e3e,hrc08,src02@display=sequential
hrc05,hrc16,fa5673e7-4f40-478e-bd78-39f26214807f,hrc05,src07@display=sequential
hrc05,hrc05,4458597e-489f-4665-bcbf-9197d0b1b47d,hrc16,src07@display=sequential
hrc05,hrc05,83d19ff1-7b53-43bc-a20e-c0b147ea8546,hrc16,src07@display=sequential
hrc05,hrc05,eca046f8-b87a-462c-8926-24edcb9d9f21,hrc16,src07@display=sequential
hrc16,hrc16,3508c90d-7344-4ec2-946c-52b057f5fd46,hrc05,src07@display=sequential
hrc05,hrc16,8002f66b-04d9-4eeb-abb7-87bda4b6ecb8,hrc05,src07@display=sequential
hrc16,hrc05,e821abbf-0fb6-4ae2-ac63-ba7b31bec9fc,hrc16,src07@display=sequential
hrc05,hrc05,5d3dc6a3-01dc-43b0-8cff-bfbde0c40871,hrc16,src07@display=sequential
hrc16,hrc05,c4483616-3ed2-4394-9493-213d0c170895,hrc16,src07@display=sequential
hrc16,hrc16,91641fb2-f748-4fad-bfa6-9ef0e5b271a3,hrc05,src07@display=sequential
hrc08,hrc08,bb1ff323-7e95-4031-aa16-e14eb8d8d109,hrc17,src01@display=sequential
hrc08,hrc17,fd4ac2a5-2530-4db8-84d3-e33c1c638e13,hrc08,src01@display=sequential
hrc08,hrc08,5d3b4e5d-95ce-4d4c-a503-228a06c1c27b,hrc17,src01@display=sequential
hrc08,hrc08,8f75f8b3-15e6-4e03-855b-627f9aee47aa,hrc17,src01@display=sequential
hrc08,hrc17,6d152256-d10c-48b1-98bf-22a27348c2f5,hrc08,src01@display=sequential
hrc08,hrc08,00fb48d3-939f-4d8f-a974-6c0799e28570,hrc17,src01@display=sequential
hrc08,hrc17,30d52e8d-b0e1-45e5-9af0-fad21c9f6ec0,hrc08,src01@display=sequential
hrc08,hrc17,47bc558e-26ee-49db-8c60-121b90b84188,hrc08,src01@display=sequential
hrc08,hrc08,9867dfa9-15e4-49b2-9516-13dcde4ab58d,hrc17,src01@display=sequential
hrc08,hrc08,d0af8c35-bbb4-4ea1-a7bc-327a4b1da556,hrc17,src01@display=sequential
hrc19,hrc19,bb1ff323-7e95-4031-aa16-e14eb8d8d109,hrc05,src02@display=sequential
hrc19,hrc19,15e504a2-140c-49a8-b62a-adede2b19d95,hrc05,src02@display=sequential
hrc19,hrc19,2082be69-3d1a-46ad-b3cf-b33db5b98382,hrc05,src02@display=sequential
hrc19,hrc19,ab8731a7-c17c-49d1-881c-ab56930ea3e4,hrc05,src02@display=sequential
hrc19,hrc19,01904d44-e0cb-4817-a8d8-d2f99d1f7947,hrc05,src02@display=sequential
hrc19,hrc05,a79372d9-f532-4d0a-9819-25b31a6f5090,hrc19,src02@display=sequential
hrc19,hrc19,676769ee-ffa7-4de5-81aa-002ebbd70d74,hrc05,src02@display=sequential
hrc19,hrc05,f94f6753-69d0-480c-9955-cef718ee907a,hrc19,src02@display=sequential
hrc19,hrc05,0b29fc48-e1cd-4bcc-9dfe-589cbd42ce95,hrc19,src02@display=sequential
hrc19,hrc05,6aa8af2c-3dd4-497b-a3fe-7c0f81f96f4a,hrc19,src02@display=sequential
,hrc02,bb1ff323-7e95-4031-aa16-e14eb8d8d109,hrc12,src03@display=sequential
hrc12,hrc12,380f614f-b98d-4a9b-bb43-75930185afa8,hrc02,src03@display=sequential
hrc02,hrc02,3dec82e1-f23f-4793-a574-e6cd6cca38a8,hrc12,src03@display=sequential
,hrc02,fb0e1f06-4470-4634-afee-196d114b43b6,hrc12,src03@display=sequential
hrc12,hrc12,df5575f6-7028-4152-850d-bfdbd7ff0569,hrc02,src03@display=sequential
hrc02,hrc02,d10debac-78f1-47fd-b639-dd0a767a2115,hrc12,src03@display=sequential
hrc12,hrc12,aa235a56-2c9d-4248-b414-4fb6bb6ad697,hrc02,src03@display=sequential
,hrc12,5018c844-da80-412a-8af7-3d05af5fdef8,hrc02,src03@display=sequential
,hrc02,71bca3dc-88af-418b-bc5c-901a819fd1f0,hrc12,src03@display=sequential
hrc12,hrc12,007919af-9cda-4553-bac6-327e2447b734,hrc02,src03@display=sequential
hrc19,hrc19,bb1ff323-7e95-4031-aa16-e14eb8d8d109,hrc10,src07@display=sequential
hrc19,hrc19,5d057714-3fbd-4f10-97c9-c11263c29073,hrc10,src07@display=sequential
hrc19,hrc19,003d62a2-e400-4a0d-8dc3-7805faeb9a7b,hrc10,src07@display=sequential
hrc19,hrc19,86d83e24-39aa-4eeb-bc01-1126751d5d70,hrc10,src07@display=sequential
hrc19,hrc19,11e0d1ca-a7ee-4489-9f90-88cd738b1ecd,hrc10,src07@display=sequential
hrc19,hrc10,87fef6f6-df52-49c0-89da-106af9527b46,hrc19,src07@display=sequential
hrc19,hrc19,841689ee-6ac0-48ef-b84e-b3638f5477a9,hrc10,src07@display=sequential
hrc19,hrc10,835319a2-89cb-4cdc-92ac-97ef2d4ab247,hrc19,src07@display=sequential
hrc19,hrc10,6505fbd9-0847-4bf1-bc8a-09532291d090,hrc19,src07@display=sequential
hrc19,hrc10,513c4fa3-6b47-439f-8b41-c8bc61b20ba8,hrc19,src07@display=sequential
hrc04,hrc17,93596366-ce37-42f6-b977-85e17c6b6323,hrc04,src04@display=sequential
hrc04,hrc04,70e23cfe-1b20-48b2-82a9-db37279d0932,hrc17,src04@display=sequential
hrc04,hrc04,33285b45-2963-4ceb-8111-877417789be1,hrc17,src04@display=sequential
hrc04,hrc04,7ae38b5c-cd98-477d-a069-e103eed457c3,hrc17,src04@display=sequential
hrc04,hrc17,cd93290d-ba13-4799-b353-1cd2be21562b,hrc04,src04@display=sequential
hrc04,hrc17,8ab4a29f-8839-4f93-a204-7142e13cfeed,hrc04,src04@display=sequential
hrc04,hrc04,bb1ff323-7e95-4031-aa16-e14eb8d8d109,hrc17,src04@display=sequential
hrc04,hrc17,9ec30e98-34b7-4892-b1fb-6d9312636ec5,hrc04,src04@display=sequential
hrc04,hrc04,e94fa128-840a-4f1c-8d0a-7e3c963a8b83,hrc17,src04@display=sequential
hrc04,hrc17,b4170a87-8862-45d0-ae39-a2fa7515fc9d,hrc04,src04@display=sequential
,hrc12,c4460a5b-238c-483a-a3f2-e8328925140a,hrc21,src03@display=sequential
hrc12,hrc12,9169b3e4-5bee-4ec0-b43b-ea915ccf9849,hrc21,src03@display=sequential
,hrc21,3768d6e7-7966-4982-9ab8-ae2660e156e7,hrc12,src03@display=sequential
,hrc12,9be2aa59-4968-4b1b-8ba3-90356da3c013,hrc21,src03@display=sequential
hrc12,hrc12,0d7f37d0-f53e-4a52-a78b-afc17556431e,hrc21,src03@display=sequential
hrc12,hrc21,1bfb2f4b-8c15-4e96-807b-51afd54edd7b,hrc12,src03@display=sequential
hrc12,hrc21,6bf101c5-81e0-4ad5-ae95-b70599b108b5,hrc12,src03@display=sequential
hrc12,hrc21,3d4eb426-7d44-4ffa-8891-386b62fe3760,hrc12,src03@display=sequential
,hrc21,88ad40fc-1622-47b5-9086-b7b7f2c69c4e,hrc12,src03@display=sequential
hrc21,hrc21,c0edb15c-ab68-46ab-8a8a-1fa175f7c810,hrc12,src03@display=sequential
hrc08,hrc08,c4460a5b-238c-483a-a3f2-e8328925140a,hrc10,src07@display=sequential
hrc08,hrc08,472d4448-6fde-4702-84a1-cf3f7bd0e45d,hrc10,src07@display=sequential
,hrc08,c4041511-376e-4f71-9c8e-acac17d0954a,hrc10,src07@display=sequential
hrc08,hrc10,2e4c1a67-80bc-4b30-b6ca-da117c7f7ee9,hrc08,src07@display=sequential
hrc08,hrc10,a1600447-82bb-4d9c-8d46-cacad314ec84,hrc08,src07@display=sequential
hrc08,hrc08,36f2fc24-f43a-4904-b65f-f81f2d37dab2,hrc10,src07@display=sequential
,hrc08,8c2b0451-0fb5-484e-8355-79304c222887,hrc10,src07@display=sequential
hrc08,hrc10,37a3a09a-748e-4cea-8c39-9b3b93a32ee8,hrc08,src07@display=sequential
hrc08,hrc10,e94f704d-fa22-45f1-a03e-2a052dc0f0a9,hrc08,src07@display=sequential
hrc08,hrc08,07e0efcb-001f-491e-aa9f-cca467743d01,hrc10,src07@display=sequential
,hrc21,c4460a5b-238c-483a-a3f2-e8328925140a,hrc04,src05@display=sequential
,hrc21,09daca37-4e80-4e78-810e-b250cd7c2f69,hrc04,src05@display=sequential
hrc04,hrc21,8f79de94-24be-4943-8b74-544f666196b8,hrc04,src05@display=sequential
hrc04,hrc21,45421f6a-1b14-4ed1-b5d8-8dacebed8b88,hrc04,src05@display=sequential
,hrc04,a07f105d-b327-4e67-a324-e213ab12c547,hrc21,src05@display=sequential
hrc04,hrc21,4f6ed91f-c64d-42a0-8454-0bed11504c24,hrc04,src05@display=sequential
hrc04,hrc21,8b82218a-90c4-4f4a-8bcb-f70c2de70614,hrc04,src05@display=sequential
hrc21,hrc21,15db2e4a-2144-4d8c-a36f-2997208a1f4f,hrc04,src05@display=sequential
hrc04,hrc04,99d9d038-42e4-4055-a1db-51c247b52d8c,hrc21,src05@display=sequential
hrc21,hrc04,938ee2d9-0612-434e-8ced-1e766ff31000,hrc21,src05@display=sequential
hrc21,hrc18,c4460a5b-238c-483a-a3f2-e8328925140a,hrc21,src08@display=sequential
hrc21,hrc21,23314143-2b04-4e79-8a25-a9a2efd14f19,hrc18,src08@display=sequential
hrc21,hrc21,0577b759-dc16-4e43-be93-2041e7934891,hrc18,src08@display=sequential
hrc21,hrc21,3d5aadf7-0358-49ff-b541-71a9103878b1,hrc18,src08@display=sequential
hrc21,hrc21,13e19637-8aec-4d17-8256-c1a0879440e8,hrc18,src08@display=sequential
hrc21,hrc21,4d46e51f-dff6-46d4-9b9a-70501b6b053b,hrc18,src08@display=sequential
hrc21,hrc18,58c5db58-31c9-498a-84c7-f2656253c676,hrc21,src08@display=sequential
,hrc18,53abf2c4-59eb-4444-ab2a-092449acce40,hrc21,src08@display=sequential
hrc21,hrc21,38d87ed8-3766-4fd4-bf18-746702872360,hrc18,src08@display=sequential
hrc21,hrc18,8ff1358b-2362-4541-bef9-aaa77d3cedb2,hrc21,src08@display=sequential
hrc21,hrc21,c4460a5b-238c-483a-a3f2-e8328925140a,hrc17,src06@display=sequential
hrc21,hrc21,472d4448-6fde-4702-84a1-cf3f7bd0e45d,hrc17,src06@display=sequential
hrc21,hrc21,151474dd-b512-4d05-9a75-a4b0be5942ed,hrc17,src06@display=sequential
hrc21,hrc17,c78c983f-91fd-4f70-a03b-083124de3c51,hrc21,src06@display=sequential
hrc21,hrc21,43841f54-348c-4ab3-9c66-5c001c2e1e8a,hrc17,src06@display=sequential
hrc21,hrc17,33baf34b-a2c0-4a23-9b3e-9d8242619fd3,hrc21,src06@display=sequential
hrc21,hrc17,9fd1b181-02a1-4f1c-8cba-bb8193353de9,hrc21,src06@display=sequential
hrc21,hrc17,24cf22d0-b88a-4923-b8be-97af4e9f6013,hrc21,src06@display=sequential
hrc21,hrc17,513c4fa3-6b47-439f-8b41-c8bc61b20ba8,hrc21,src06@display=sequential
hrc21,hrc17,62657dbc-0939-45fd-b9d0-0c9a3b27d669,hrc21,src06@display=sequential
hrc09,hrc18,3ed94fd1-c049-45fd-ad73-4b5fb83c209d,hrc09,src09@display=sequential
hrc09,hrc18,d7bac6c1-397b-40c6-9c43-ed999836f813,hrc09,src09@display=sequential
hrc09,hrc09,385532c8-5edf-4c2b-85e3-1c533fad9959,hrc18,src09@display=sequential
hrc09,hrc09,c4460a5b-238c-483a-a3f2-e8328925140a,hrc18,src09@display=sequential
hrc09,hrc09,72f9a380-16df-4b12-b1ab-9dda8acc360a,hrc18,src09@display=sequential
hrc09,hrc09,ec470923-9bfa-4568-9528-8052a26f75c3,hrc18,src09@display=sequential
hrc09,hrc09,1dee3d32-1f26-414d-aec0-9ef6c3cfd86a,hrc18,src09@display=sequential
hrc18,hrc09,8c16ccef-13f6-4933-9c0b-095fc895e7ab,hrc18,src09@display=sequential
hrc09,hrc18,cb0a599b-6c54-4c99-88b5-bdf49ce83f3d,hrc09,src09@display=sequential
hrc09,hrc09,b886332d-223e-4326-be89-64ab855f095b,hrc18,src09@display=sequential
hrc16,hrc10,c4460a5b-238c-483a-a3f2-e8328925140a,hrc16,src01@display=sequential
hrc16,hrc16,fc2d5087-17df-4c84-844b-23b0339b666b,hrc10,src01@display=sequential
hrc10,hrc10,cfc289f5-548c-494d-8a96-40752a1ec3c7,hrc16,src01@display=sequential
,hrc10,e44dbcab-120c-411c-b746-5ce312213b75,hrc16,src01@display=sequential
hrc16,hrc10,7fa97596-ab87-40b3-8e98-d7cad94abbea,hrc16,src01@display=sequential
,hrc10,a45092db-c7cb-43ec-9349-5066f42b90bf,hrc16,src01@display=sequential
hrc16,hrc16,a598dfc3-ed57-44eb-8b48-92b2c1dd6086,hrc10,src01@display=sequential
hrc16,hrc10,d53945fe-0d18-43b7-82bc-70c07f67a7ca,hrc16,src01@display=sequential
hrc16,hrc10,451ab434-8329-4354-8a93-59493cd3cffa,hrc16,src01@display=sequential
hrc16,hrc16,1632c427-02e0-4a5c-aef6-97645307543a,hrc10,src01@display=sequential
,hrc09,d5d724bc-303a-4e86-9d46-ab375de40734,original,src07@display=sequential
hrc09,hrc09,cd44a9d3-7ebf-4faa-8518-38fbbf1df7ad,original,src07@display=sequential
,hrc09,630ff0a1-fb06-4ccb-8371-5093b4b80f83,original,src07@display=sequential
,original,0c7cd81d-925c-4743-a2d6-52c210ca2c4d,hrc09,src07@display=sequential
original,original,1d5c805c-effd-4a65-8548-6d56ca4ca24c,hrc09,src07@display=sequential
hrc09,original,9ec30e98-34b7-4892-b1fb-6d9312636ec5,hrc09,src07@display=sequential
original,original,226606bc-5276-4f2d-9a2c-b56c14b8bcdf,hrc09,src07@display=sequential
,hrc09,438e8653-e2e4-4d7e-b701-1cd1aff05f82,original,src07@display=sequential
original,original,746fca7b-627e-49a4-8992-4928103625eb,hrc09,src07@display=sequential
original,original,25bc1618-bd39-4c6b-8d75-5311bacba659,hrc09,src07@display=sequential
hrc08,hrc08,ec470923-9bfa-4568-9528-8052a26f75c3,hrc10,src03@display=sequential
hrc08,hrc10,c3cffd70-eea1-4c11-b2aa-5b2a38cdda11,hrc08,src03@display=sequential
hrc08,hrc10,9980f22a-f115-45f1-b3a2-d12fd0dd8cf1,hrc08,src03@display=sequential
hrc08,hrc08,fbb9f043-7950-41ce-817f-27e38dcf2bfb,hrc10,src03@display=sequential
hrc08,hrc08,1f64c3be-6d62-4593-ba38-ec5d4b9eb8e1,hrc10,src03@display=sequential
hrc08,hrc08,974a075a-e55c-4415-807d-4e07735b6e1d,hrc10,src03@display=sequential
hrc08,hrc08,fc8b30b8-66ed-4a7c-a34d-169a0a459c61,hrc10,src03@display=sequential
hrc08,hrc10,4b6c3b78-352c-4b84-9c29-a70e17c0e399,hrc08,src03@display=sequential
hrc08,hrc10,bd86f5f7-6fbd-4680-a9d5-5a34f343eba2,hrc08,src03@display=sequential
hrc08,hrc08,49747077-9ad4-48ed-b0be-218faff3cc0c,hrc10,src03@display=sequential
hrc12,hrc21,9ec30e98-34b7-4892-b1fb-6d9312636ec5,hrc12,src01@display=sequential
,hrc21,a3577c25-bda4-48cb-856e-c8b69b4cad2f,hrc12,src01@display=sequential
hrc12,hrc12,84ca9dd6-4310-434b-946b-97d8f4b39485,hrc21,src01@display=sequential
hrc12,hrc21,0b983c9a-59ad-4422-bd89-8970550897f8,hrc12,src01@display=sequential
hrc12,hrc21,8f79de94-24be-4943-8b74-544f666196b8,hrc12,src01@display=sequential
hrc21,hrc12,9f33edd4-881a-4ba2-a15f-93d4e082e7b0,hrc21,src01@display=sequential
hrc21,hrc12,06334826-d0bc-4981-ba31-12d33cc57c66,hrc21,src01@display=sequential
,hrc21,66bbfe16-e8a0-4b41-bbb9-8d4184c0f119,hrc12,src01@display=sequential
hrc21,hrc21,d7e0c98f-c9e7-46ee-bce5-8e90e87a0cf9,hrc12,src01@display=sequential
hrc21,hrc21,481d8908-0d05-4b2c-804a-4fe6f0926148,hrc12,src01@display=sequential
original,original,9ec30e98-34b7-4892-b1fb-6d9312636ec5,hrc09,src05@display=sequential
,original,77567141-ef0e-4a59-8e28-b3aa576185d7,hrc09,src05@display=sequential
original,hrc09,aef6f382-f636-4b40-bc86-864837bb4fa3,original,src05@display=sequential
original,hrc09,01904d44-e0cb-4817-a8d8-d2f99d1f7947,original,src05@display=sequential
original,original,2fba8665-903d-4a1d-affb-1d9d331f49a4,hrc09,src05@display=sequential
original,original,d7ccb7af-590f-4f88-bbdb-cb8e68e72518,hrc09,src05@display=sequential
original,hrc09,5f9aaee4-8689-4753-9a70-a5d7dac11e95,original,src05@display=sequential
hrc09,original,8c2b0451-0fb5-484e-8355-79304c222887,hrc09,src05@display=sequential
,hrc09,e94d62b4-1674-49d2-9d93-d83fdf7fc0a9,original,src05@display=sequential
original,original,9867dfa9-15e4-49b2-9516-13dcde4ab58d,hrc09,src05@display=sequential
original,original,c045d23e-3f3b-4b8e-8905-9903e31dea71,hrc13,src02@display=sequential
original,original,e70ba9af-4c86-4f6e-a2c8-54afd6b7c818,hrc13,src02@display=sequential
original,original,cf05d5d1-53f7-4560-9fb1-c4020a9dcb97,hrc13,src02@display=sequential
original,original,3e03b6ef-3501-4cab-a64d-2d85a706afe8,hrc13,src02@display=sequential
original,hrc13,0b983c9a-59ad-4422-bd89-8970550897f8,original,src02@display=sequential
original,hrc13,1429be8c-2d52-47df-b521-60ee72622965,original,src02@display=sequential
original,original,84ca9dd6-4310-434b-946b-97d8f4b39485,hrc13,src02@display=sequential
original,original,8c1ba179-2106-4f2f-9f78-2ccd5d2f38a5,hrc13,src02@display=sequential
original,hrc13,e94f704d-fa22-45f1-a03e-2a052dc0f0a9,original,src02@display=sequential
original,hrc13,9ec30e98-34b7-4892-b1fb-6d9312636ec5,original,src02@display=sequential
hrc12,hrc12,9ec30e98-34b7-4892-b1fb-6d9312636ec5,hrc16,src08@display=sequential
,hrc16,eb5fb68f-6fe8-41d7-9434-0e7b1acdd8fd,hrc12,src08@display=sequential
hrc12,hrc12,722cd235-b167-4f83-9e2c-44921da5a9d0,hrc16,src08@display=sequential
hrc12,hrc16,0a613023-d4c7-4410-b039-c972f3cf3e04,hrc12,src08@display=sequential
hrc12,hrc12,37d9329c-b27d-4e17-9128-3c5b2f9003e1,hrc16,src08@display=sequential
hrc12,hrc12,054b9d42-a10e-4563-9d6e-e161da3640fd,hrc16,src08@display=sequential
hrc12,hrc16,e8c1511a-8c33-4c69-be8f-24942a1a27ce,hrc12,src08@display=sequential
hrc12,hrc12,49747077-9ad4-48ed-b0be-218faff3cc0c,hrc16,src08@display=sequential
hrc12,hrc12,b67bb1dd-dd7b-4f65-ae08-2eddf15f23f2,hrc16,src08@display=sequential
hrc12,hrc12,53ddf5cc-1602-4d03-9883-5332482a5feb,hrc16,src08@display=sequential
hrc02,hrc02,3ef600ff-b8b8-4571-8b95-e601a6f55984,hrc09,src01@display=sequential
hrc02,hrc09,ac14af03-fcb4-4aba-8f34-f5ff9bae8255,hrc02,src01@display=sequential
hrc02,hrc02,6422b30c-4004-46d9-99b3-57b3d473d60d,hrc09,src01@display=sequential
hrc02,hrc02,bef0165e-80b7-4c57-99b3-61581555789d,hrc09,src01@display=sequential
hrc02,hrc02,6903154f-149f-4eb7-8ace-8f69157e066a,hrc09,src01@display=sequential
hrc02,hrc02,98d05a59-115c-43a5-8845-daafef401e10,hrc09,src01@display=sequential
hrc02,hrc09,8ab4a29f-8839-4f93-a204-7142e13cfeed,hrc02,src01@display=sequential
hrc02,hrc09,2847519c-6135-4c95-869d-42debfbc689f,hrc02,src01@display=sequential
hrc02,hrc02,9d9bfe50-d1ff-4dc3-b196-c5217ac2863f,hrc09,src01@display=sequential
hrc02,hrc02,8d4e5eed-e5d0-458f-bd23-a31748731768,hrc09,src01@display=sequential
hrc07,hrc07,dbf56af0-d333-49de-9bd3-1b837113335b,original,src05@display=sequential
original,original,abb3b591-f804-455c-a9eb-62536ba55725,hrc07,src05@display=sequential
hrc07,hrc07,cd53e6fd-1592-4582-a526-ce3b91a4ea71,original,src05@display=sequential
,hrc07,fb51cc7e-0aac-43bd-b29c-dc2abd1c2c82,original,src05@display=sequential
,hrc07,ac14af03-fcb4-4aba-8f34-f5ff9bae8255,original,src05@display=sequential
hrc07,hrc07,2231f9ee-7322-4c18-afd8-0297a5523148,original,src05@display=sequential
,hrc07,9ee5a4b0-d417-41e3-9cf1-3729e16ad280,original,src05@display=sequential
hrc07,hrc07,64f09ad6-9f2d-4ed2-9f00-8b7388aca3d2,original,src05@display=sequential
,hrc07,eb5fb68f-6fe8-41d7-9434-0e7b1acdd8fd,original,src05@display=sequential
,original,5c617a43-9028-40e4-9b65-09380b3527c4,hrc07,src05@display=sequential
hrc04,hrc04,ec470923-9bfa-4568-9528-8052a26f75c3,hrc16,src06@display=sequential
hrc04,hrc16,f8765b82-42a9-446d-86f2-3a30e524f1bc,hrc04,src06@display=sequential
,hrc16,ea4c2ce7-4a48-4590-9d5e-0592ae88a555,hrc04,src06@display=sequential
hrc04,hrc04,b753aa06-01fa-4174-8bac-c4ea32e61695,hrc16,src06@display=sequential
hrc04,hrc04,2b493139-f877-4c83-8de2-f89c1b5bbd54,hrc16,src06@display=sequential
hrc04,hrc16,9f415f14-b6f8-4ff3-a032-bc39cc814b73,hrc04,src06@display=sequential
hrc04,hrc04,77e6627f-e93f-4de6-839e-47512ff2f2b3,hrc16,src06@display=sequential
hrc04,hrc16,c45da97c-cc8c-48a8-94f1-397f7240fae3,hrc04,src06@display=sequential
hrc04,hrc16,658dc692-7421-4412-901b-44c5c6156b8d,hrc04,src06@display=sequential
hrc04,hrc16,c1739819-086d-408c-b516-f05ff33ddf56,hrc04,src06@display=sequential
hrc04,hrc21,798ea17c-f39f-4bc5-94bc-74a3062693f7,hrc04,src04@display=sequential
hrc04,hrc04,89c91ff0-a1a3-4604-95f9-2196ba8054bf,hrc21,src04@display=sequential
hrc04,hrc04,b559e691-1ad1-47f2-bbb3-c0c843c2f5f8,hrc21,src04@display=sequential
,hrc21,814ba963-799b-4345-bf39-65bfbb22105a,hrc04,src04@display=sequential
,hrc21,78303b02-0ba1-4849-8789-c6c7c276bb31,hrc04,src04@display=sequential
hrc04,hrc04,e107ed08-0b73-4c35-8f6b-f7cc4fa9ebd6,hrc21,src04@display=sequential
,hrc21,5a1b603e-2a3d-41bf-8b6e-10e9c9e994bf,hrc04,src04@display=sequential
hrc04,hrc04,ac14af03-fcb4-4aba-8f34-f5ff9bae8255,hrc21,src04@display=sequential
hrc21,hrc21,ec470923-9bfa-4568-9528-8052a26f75c3,hrc04,src04@display=sequential
,hrc21,b33b3126-3379-45c3-aee4-013638446db5,hrc04,src04@display=sequential
hrc05,hrc05,ec470923-9bfa-4568-9528-8052a26f75c3,hrc10,src07@display=sequential
hrc05,hrc05,9a628bc0-babc-4781-a306-fb94b8f002ae,hrc10,src07@display=sequential
hrc05,hrc05,38905ec1-bf21-4862-bd29-398e8eeb2295,hrc10,src07@display=sequential
hrc05,hrc10,9b0c0416-607d-4c8a-bc4e-ea233462e8ff,hrc05,src07@display=sequential
hrc05,hrc05,b1807296-12f5-4e55-b33e-cfe441bc70de,hrc10,src07@display=sequential
hrc05,hrc05,1b351bd1-c7e8-4893-b9e4-2df5e96440bc,hrc10,src07@display=sequential
hrc05,hrc10,a3d57e9a-630c-4320-8a26-435a9d86ed76,hrc05,src07@display=sequential
hrc05,hrc10,21fb7d74-ce7f-4a75-bbf9-60059b82b720,hrc05,src07@display=sequential
hrc05,hrc05,20ee2e43-5f41-4f76-b0c1-2ffe19f9602c,hrc10,src07@display=sequential
hrc05,hrc10,7c1cd676-1163-4512-b0cc-125f92752018,hrc05,src07@display=sequential
hrc19,hrc08,cd44a9d3-7ebf-4faa-8518-38fbbf1df7ad,hrc19,src08@display=sequential
hrc19,hrc19,a4774df5-8eae-465d-8180-c488cf6e72ef,hrc08,src08@display=sequential
hrc08,hrc08,52a8708f-7993-40c8-aea1-69ff552e2f01,hrc19,src08@display=sequential
hrc19,hrc19,47bc558e-26ee-49db-8c60-121b90b84188,hrc08,src08@display=sequential
hrc08,hrc19,97f15f79-2e8c-4f8f-bdf8-57bc17a7a1f9,hrc08,src08@display=sequential
hrc08,hrc08,e1a81f7d-52d5-42f1-a2d0-3c29476b9636,hrc19,src08@display=sequential
hrc08,hrc19,a4b0cbec-917c-418b-bdf9-82a0936f4905,hrc08,src08@display=sequential
,hrc19,a0cd7044-db98-415c-b38f-2a75f18fdcbc,hrc08,src08@display=sequential
hrc08,hrc08,ec470923-9bfa-4568-9528-8052a26f75c3,hrc19,src08@display=sequential
hrc08,hrc19,98d05a59-115c-43a5-8845-daafef401e10,hrc08,src08@display=sequential
hrc04,hrc04,cd44a9d3-7ebf-4faa-8518-38fbbf1df7ad,hrc18,src03@display=sequential
hrc04,hrc04,d45350bd-1fef-4a5e-be1d-b4b2d296c441,hrc18,src03@display=sequential
hrc04,hrc18,a78a2e8d-3a91-469c-b6d8-cb42a4121c57,hrc04,src03@display=sequential
hrc04,hrc04,881a6c66-db05-40f7-ad8a-77648d2d237f,hrc18,src03@display=sequential
hrc04,hrc04,210c7edb-98fa-41a6-9278-921e36d7e370,hrc18,src03@display=sequential
hrc04,hrc18,1ade687b-5aca-4370-9311-b6f72528a473,hrc04,src03@display=sequential
hrc04,hrc18,f286d2c9-0a31-42fd-af9d-f5d49f3d8482,hrc04,src03@display=sequential
hrc04,hrc04,08e33f50-c2e4-4cb2-b5a8-6a8a53423f73,hrc18,src03@display=sequential
hrc04,hrc04,ac14af03-fcb4-4aba-8f34-f5ff9bae8255,hrc18,src03@display=sequential
hrc04,hrc04,80908261-cba5-4b08-96bb-e5e6570a85e4,hrc18,src03@display=sequential
,hrc20,80908261-cba5-4b08-96bb-e5e6570a85e4,original,src05@display=sequential
,hrc20,a4774df5-8eae-465d-8180-c488cf6e72ef,original,src05@display=sequential
original,original,1d5c805c-effd-4a65-8548-6d56ca4ca24c,hrc20,src05@display=sequential
original,original,474c10a2-5941-4abe-8277-46ce02332ba7,hrc20,src05@display=sequential
original,original,34175692-f5d0-47a5-bac5-7d352d905d05,hrc20,src05@display=sequential
original,hrc20,63fa730e-878e-451e-9b62-555a1567818a,original,src05@display=sequential
original,hrc20,d7f3aecf-d290-43fd-9be3-4d98d3431ac1,original,src05@display=sequential
original,hrc20,99743e4c-daf4-4bfa-ab87-e89131a2c8f6,original,src05@display=sequential
hrc20,hrc20,f469abc3-589d-4d1c-965e-33a7e258ed76,original,src05@display=sequential
,original,fc432dc9-f132-47ef-88ba-dfa8091b09a7,hrc20,src05@display=sequential
hrc04,hrc16,80908261-cba5-4b08-96bb-e5e6570a85e4,hrc04,src08@display=sequential
hrc04,hrc16,ba113fb3-dae8-44d5-b55c-ca1f6c35f671,hrc04,src08@display=sequential
hrc04,hrc16,e8e5c81a-3625-4b91-8db0-69e7fc222356,hrc04,src08@display=sequential
hrc04,hrc04,4430b16c-a339-4f7d-bfc4-59c4c73b0b30,hrc16,src08@display=sequential
hrc04,hrc04,1e8ecf48-08f8-4994-84af-a25bd4c29c02,hrc16,src08@display=sequential
hrc04,hrc16,e4f818a1-7ee9-47f2-81ca-391cad0569a5,hrc04,src08@display=sequential
hrc04,hrc16,26871ee6-07b2-4725-9d6b-d10cd6d6e8c8,hrc04,src08@display=sequential
hrc04,hrc04,31e37061-1d48-4b7e-801d-b43f7c932cf2,hrc16,src08@display=sequential
hrc04,hrc04,f626ab92-efaa-4e82-af30-018d04dd08c1,hrc16,src08@display=sequential
hrc04,hrc04,f836f93f-9bb9-48a0-9294-9c768e1c23a2,hrc16,src08@display=sequential
,hrc07,9ea19e1f-428b-414a-abdf-c1e51f9afe71,hrc08,src06@display=sequential
hrc08,hrc08,80b3ebd0-5e38-448c-b3a3-151c11f59954,hrc07,src06@display=sequential
hrc07,hrc07,09de16c3-f8ac-42c9-bd83-0b8cebd57647,hrc08,src06@display=sequential
hrc08,hrc08,5efbb928-3bec-4b6c-b8c5-41607eba8d77,hrc07,src06@display=sequential
hrc08,hrc07,e8e1430a-3a2a-4c67-80e7-310c0cb6a8b9,hrc08,src06@display=sequential
hrc08,hrc07,853100a4-1afc-4a6b-af04-44ce98e09b00,hrc08,src06@display=sequential
hrc08,hrc08,44d9eda0-c8bd-4bf7-add7-ddb3b53b45bd,hrc07,src06@display=sequential
,hrc08,80908261-cba5-4b08-96bb-e5e6570a85e4,hrc07,src06@display=sequential
hrc07,hrc08,a9493403-f217-4299-87f9-f2ae8be02247,hrc07,src06@display=sequential
hrc08,hrc07,b104dbe8-fec3-4032-b006-cece9ca6183f,hrc08,src06@display=sequential
original,original,80908261-cba5-4b08-96bb-e5e6570a85e4,hrc17,src01@display=sequential
original,hrc17,5ca1b440-eaea-4aa1-a952-eb559d039066,original,src01@display=sequential
original,original,f3b6f948-ae20-480b-b2e8-052f53a70678,hrc17,src01@display=sequential
original,original,3125536d-6555-425a-b49f-e4ae86ecbb4e,hrc17,src01@display=sequential
original,original,1211caf9-9b1b-4189-8c44-f768b7ee496c,hrc17,src01@display=sequential
original,hrc17,89011f22-37a1-4f64-b709-dcf63ad6d18b,original,src01@display=sequential
original,hrc17,826cb616-90d6-4b39-8a0a-fa0704a99c08,original,src01@display=sequential
original,hrc17,4bc866e0-4050-47ae-828f-de9f50923090,original,src01@display=sequential
original,hrc17,fc432dc9-f132-47ef-88ba-dfa8091b09a7,original,src01@display=sequential
original,hrc17,38207576-6ad7-4dac-84da-904ae3c77cf8,original,src01@display=sequential
,hrc10,80908261-cba5-4b08-96bb-e5e6570a85e4,hrc13,src04@display=sequential
hrc10,hrc13,3b98f084-15aa-4f10-bb56-097bd5a7cfad,hrc10,src04@display=sequential
hrc10,hrc10,a83953f0-5996-451a-9eaa-44ee8adcc8e8,hrc13,src04@display=sequential
,hrc13,400e826b-2859-4400-a0a8-9cb0ca818371,hrc10,src04@display=sequential
,hrc10,9addd87c-49c9-4ccb-b456-c9971f844026,hrc13,src04@display=sequential
,hrc10,37a3a09a-748e-4cea-8c39-9b3b93a32ee8,hrc13,src04@display=sequential
,hrc10,239be723-f6dc-4053-ac79-4f57603fd382,hrc13,src04@display=sequential
hrc13,hrc13,e94f704d-fa22-45f1-a03e-2a052dc0f0a9,hrc10,src04@display=sequential
hrc13,hrc13,18bf1906-21d2-4d8f-9a24-12e0783263bf,hrc10,src04@display=sequential
,hrc10,08e396e3-0ae3-4512-8a21-90a5e7de97f9,hrc13,src04@display=sequential
,hrc02,80908261-cba5-4b08-96bb-e5e6570a85e4,hrc07,src07@display=sequential
,hrc02,a17e1f28-022f-402d-a120-9119be72ae5f,hrc07,src07@display=sequential
hrc07,hrc02,cfea4206-4dd5-4ab5-a9ee-e12be9395f29,hrc07,src07@display=sequential
hrc07,hrc02,e107ed08-0b73-4c35-8f6b-f7cc4fa9ebd6,hrc07,src07@display=sequential
hrc02,hrc02,18f17dfe-0c19-4a77-aabf-6c0538d6d242,hrc07,src07@display=sequential
,hrc02,60458390-32fa-4441-b820-90787c5343f6,hrc07,src07@display=sequential
,hrc02,592ba6b5-cb27-4a57-8053-fde0747c3fb0,hrc07,src07@display=sequential
,hrc07,04efd0f2-8204-47a7-9bcf-ec4deb076c8f,hrc02,src07@display=sequential
hrc02,hrc07,2abfdeee-2fd3-4b37-82d9-e2ba44da1bcf,hrc02,src07@display=sequential
,hrc07,06d4fcbb-2678-47cb-a9d3-ea2bc74a2f81,hrc02,src07@display=sequential
hrc09,hrc13,45e7611d-1c87-4056-ba5c-3a69b413e6e3,hrc09,src04@display=sequential
hrc09,hrc09,6d22f6aa-ae59-40dc-8725-da821af52e48,hrc13,src04@display=sequential
hrc09,hrc13,d7668104-cefe-4f34-ad17-149c4cbe34b1,hrc09,src04@display=sequential
hrc09,hrc13,ba113fb3-dae8-44d5-b55c-ca1f6c35f671,hrc09,src04@display=sequential
hrc09,hrc09,6d66f594-4737-4487-b592-d48f77080be2,hrc13,src04@display=sequential
hrc09,hrc09,2268b1e8-ab95-4a64-bbb0-4dc64f270f4f,hrc13,src04@display=sequential
hrc09,hrc13,b1be1c63-dc1e-454a-9783-8aac04ad515d,hrc09,src04@display=sequential
hrc09,hrc13,1a6df238-534f-41b5-8cb5-5875009d5d21,hrc09,src04@display=sequential
hrc09,hrc09,a9493403-f217-4299-87f9-f2ae8be02247,hrc13,src04@display=sequential
hrc09,hrc13,0f77e328-c1f5-4b7b-b765-f2b718ad525c,hrc09,src04@display=sequential
hrc07,hrc04,a9493403-f217-4299-87f9-f2ae8be02247,hrc07,src08@display=sequential
,hrc04,1175b846-a79d-4505-bf4c-b367e1f83ba6,hrc07,src08@display=sequential
,hrc07,c835e219-186e-4440-8c16-769b1d05bf29,hrc04,src08@display=sequential
,hrc07,4edaa347-68b5-4565-a1dd-fe591c6a83f0,hrc04,src08@display=sequential
hrc07,hrc07,3521500f-73a5-4c23-853b-8f0ce5b3d92f,hrc04,src08@display=sequential
hrc04,hrc04,f94f84f0-0314-443c-aa81-c3dd47dd772a,hrc07,src08@display=sequential
hrc07,hrc04,88b36f5b-7e11-4173-9612-6e4bd8a0df5f,hrc07,src08@display=sequential
hrc07,hrc07,6505fbd9-0847-4bf1-bc8a-09532291d090,hrc04,src08@display=sequential
,hrc04,b1da7162-c87f-43eb-8bf7-ebb71f16e861,hrc07,src08@display=sequential
,hrc07,d360835c-e531-45d7-880a-45390ee03e29,hrc04,src08@display=sequential
hrc12,hrc16,a9493403-f217-4299-87f9-f2ae8be02247,hrc12,src03@display=sequential
hrc12,hrc16,417eaad3-9ff2-4d1a-a693-5ae803839281,hrc12,src03@display=sequential
hrc12,hrc16,b75eed47-d9a5-4a29-b4b7-bab0ecbfaf72,hrc12,src03@display=sequential
hrc12,hrc16,400e826b-2859-4400-a0a8-9cb0ca818371,hrc12,src03@display=sequential
hrc12,hrc16,cf05d5d1-53f7-4560-9fb1-c4020a9dcb97,hrc12,src03@display=sequential
hrc12,hrc16,eb5529f9-4569-4b21-9bee-6c7a462d6195,hrc12,src03@display=sequential
hrc12,hrc12,6b366ab5-6ec6-4700-afc7-1ae167361336,hrc16,src03@display=sequential
hrc12,hrc12,f836f93f-9bb9-48a0-9294-9c768e1c23a2,hrc16,src03@display=sequential
hrc12,hrc16,0cc760c5-8660-492e-a4d2-c4360899975d,hrc12,src03@display=sequential
hrc12,hrc16,a2212010-e7af-4f03-b283-3bf430b0d63b,hrc12,src03@display=sequential
hrc09,hrc09,b67161f4-61f3-43a5-b97d-1f8094983f11,hrc16,src07@display=sequential
hrc09,hrc09,88fd02c5-402c-4421-b7ec-555b9efbe077,hrc16,src07@display=sequential
hrc09,hrc16,a9493403-f217-4299-87f9-f2ae8be02247,hrc09,src07@display=sequential
hrc09,hrc09,71bca3dc-88af-418b-bc5c-901a819fd1f0,hrc16,src07@display=sequential
hrc09,hrc16,fd620d26-73f0-45d6-bfe5-7b47eb755676,hrc09,src07@display=sequential
hrc09,hrc09,2fa1bcd3-8b2a-436f-a799-1eb3e77d45f3,hrc16,src07@display=sequential
hrc09,hrc09,93380f69-2886-467d-869a-4ea47e4331cc,hrc16,src07@display=sequential
hrc09,hrc09,1f64c3be-6d62-4593-ba38-ec5d4b9eb8e1,hrc16,src07@display=sequential
hrc09,hrc16,d0af8c35-bbb4-4ea1-a7bc-327a4b1da556,hrc09,src07@display=sequential
hrc09,hrc09,6188c003-558b-403c-a837-9aad0078345c,hrc16,src07@display=sequential
hrc12,hrc09,a9493403-f217-4299-87f9-f2ae8be02247,hrc12,src01@display=sequential
hrc12,hrc12,8f1ca983-841c-4d72-86e2-945a28de8cd6,hrc09,src01@display=sequential
hrc12,hrc12,786e97ac-4266-4756-9693-1128d669933d,hrc09,src01@display=sequential
hrc12,hrc09,86d83e24-39aa-4eeb-bc01-1126751d5d70,hrc12,src01@display=sequential
hrc12,hrc12,dbdce651-0354-4168-86b0-feb47a871b13,hrc09,src01@display=sequential
hrc12,hrc12,5f9aaee4-8689-4753-9a70-a5d7dac11e95,hrc09,src01@display=sequential
hrc09,hrc12,70fd376b-a5b0-42fb-a562-8cbc5f239c70,hrc09,src01@display=sequential
hrc12,hrc09,6dd8d337-692a-485b-b57f-6af0f846c35d,hrc12,src01@display=sequential
hrc12,hrc09,8c6347a1-9073-43a1-a02c-299b19f1b2b1,hrc12,src01@display=sequential
hrc12,hrc09,4286ceb2-7535-49c7-ae3e-0a69c7960068,hrc12,src01@display=sequential
hrc10,hrc13,a7c0d27b-b535-4741-abf9-a1fec2399bd6,hrc10,src05@display=sequential
hrc10,hrc10,ed6794a4-ad11-45aa-a760-07c44352d392,hrc13,src05@display=sequential
hrc10,hrc10,a89ffe10-715d-49e0-9bd3-fc0664ef817e,hrc13,src05@display=sequential
,hrc13,87435dd4-468b-4d42-ad09-2d8173a30764,hrc10,src05@display=sequential
hrc10,hrc13,c6230a1a-bba9-4067-a204-87588e4d736c,hrc10,src05@display=sequential
hrc10,hrc10,fb0e1f06-4470-4634-afee-196d114b43b6,hrc13,src05@display=sequential
hrc10,hrc10,6ff38ecc-04ae-437a-84b7-76bb1e074190,hrc13,src05@display=sequential
hrc10,hrc13,32b0fe51-c4b4-46e2-9f45-9ba36cb18419,hrc10,src05@display=sequential
hrc10,hrc10,a9493403-f217-4299-87f9-f2ae8be02247,hrc13,src05@display=sequential
,hrc13,53466a3c-2c62-4717-b913-22fec5e4d2d9,hrc10,src05@display=sequential
hrc07,hrc07,cd44a9d3-7ebf-4faa-8518-38fbbf1df7ad,hrc12,src01@display=sequential
hrc12,hrc07,82ca0b94-20d0-44bf-8773-eb56a962731c,hrc12,src01@display=sequential
hrc07,hrc12,2dbcc381-f90b-45b5-86a0-21b327c40e1c,hrc07,src01@display=sequential
hrc07,hrc07,87435dd4-468b-4d42-ad09-2d8173a30764,hrc12,src01@display=sequential
hrc07,hrc07,9689ec55-8b9a-4a62-9377-9e5e8f39c603,hrc12,src01@display=sequential
hrc12,hrc07,d5d724bc-303a-4e86-9d46-ab375de40734,hrc12,src01@display=sequential
hrc07,hrc07,d8f1cdf9-2130-4c7b-a94a-644261d6d4f7,hrc12,src01@display=sequential
hrc07,hrc12,e821abbf-0fb6-4ae2-ac63-ba7b31bec9fc,hrc07,src01@display=sequential
hrc07,hrc12,13f2c5fd-55b0-4e23-a6b7-07c03eae90a4,hrc07,src01@display=sequential
hrc12,hrc07,5558d8dc-89e4-420a-bb35-818b2f95eb50,hrc12,src01@display=sequential
hrc12,hrc12,cd44a9d3-7ebf-4faa-8518-38fbbf1df7ad,hrc05,src04@display=sequential
hrc12,hrc05,380f614f-b98d-4a9b-bb43-75930185afa8,hrc12,src04@display=sequential
hrc12,hrc05,d0c61afd-7aff-4a1d-9e82-3b047a761915,hrc12,src04@display=sequential
hrc12,hrc05,8002f66b-04d9-4eeb-abb7-87bda4b6ecb8,hrc12,src04@display=sequential
hrc12,hrc12,859ffd8a-b1cd-49e1-9235-03e141136463,hrc05,src04@display=sequential
hrc12,hrc05,6cf2c76e-5f85-4403-82aa-d49cfb5b9422,hrc12,src04@display=sequential
hrc12,hrc12,15db2e4a-2144-4d8c-a36f-2997208a1f4f,hrc05,src04@display=sequential
hrc12,hrc12,abb69d4e-907f-485f-845d-799923e35219,hrc05,src04@display=sequential
hrc12,hrc12,cd53e6fd-1592-4582-a526-ce3b91a4ea71,hrc05,src04@display=sequential
hrc12,hrc05,f0f94ac1-9151-4b66-acb1-542e28570e3e,hrc12,src04@display=sequential
hrc18,hrc05,cd44a9d3-7ebf-4faa-8518-38fbbf1df7ad,hrc18,src06@display=sequential
hrc18,hrc05,fcd73472-0774-473f-b76a-fb20acbb403a,hrc18,src06@display=sequential
hrc18,hrc05,fa18eb5e-4ada-462b-90a4-8d7624505663,hrc18,src06@display=sequential
hrc18,hrc05,56755160-bea5-4805-81da-59fc5cab28ad,hrc18,src06@display=sequential
hrc18,hrc05,af5e8105-39b8-4b2a-9e17-9b0216a6820c,hrc18,src06@display=sequential
hrc18,hrc05,09313056-ebad-4866-92f8-0be6160820e5,hrc18,src06@display=sequential
hrc18,hrc18,b9b99a88-ac1f-4fe7-a09c-438e278f3476,hrc05,src06@display=sequential
,hrc05,397001a4-5eb9-437f-ad18-41f87dace59c,hrc18,src06@display=sequential
hrc18,hrc05,fb51cc7e-0aac-43bd-b29c-dc2abd1c2c82,hrc18,src06@display=sequential
hrc18,hrc05,04e95b2d-3ea9-40f2-b0b2-68e0877d4e5d,hrc18,src06@display=sequential
hrc02,hrc02,cd44a9d3-7ebf-4faa-8518-38fbbf1df7ad,hrc20,src05@display=sequential
hrc02,hrc20,2285a432-258c-4d27-8292-7c7b782bc591,hrc02,src05@display=sequential
,hrc20,7cee5dec-b3f6-4b77-9f58-36202fc71af5,hrc02,src05@display=sequential
hrc02,hrc20,48f26fd4-0581-4d50-ab31-ffef5ac3b645,hrc02,src05@display=sequential
hrc20,hrc02,d0c55c7c-e53c-42e0-8941-c77ee46fda9a,hrc20,src05@display=sequential
hrc02,hrc20,16145d50-23f3-421b-8b7c-1f8e6a45b00e,hrc02,src05@display=sequential
hrc02,hrc02,a2feff48-6bd4-4bd1-9ccf-fc969c920cdf,hrc20,src05@display=sequential
hrc02,hrc02,58202c2c-6ed0-49f9-bd1c-0ee22c7dec66,hrc20,src05@display=sequential
hrc20,hrc20,130f97dd-bd25-4da8-ac72-85c683f293af,hrc02,src05@display=sequential
hrc02,hrc20,cb1a089e-69c8-47ac-abc5-fcd819bcb522,hrc02,src05@display=sequential
hrc07,hrc07,ac14af03-fcb4-4aba-8f34-f5ff9bae8255,hrc05,src08@display=sequential
hrc07,hrc07,f84ff720-d8bb-45c9-8403-50d59edcb435,hrc05,src08@display=sequential
hrc07,hrc05,6f77a931-0bbb-4e7f-b5e3-a07ec26959fb,hrc07,src08@display=sequential
hrc07,hrc05,9fd30985-cc56-465e-8258-5cd25c69cf1b,hrc07,src08@display=sequential
hrc07,hrc05,5a14dca9-ea09-4194-8bd6-e5eb2d3a4404,hrc07,src08@display=sequential
hrc07,hrc07,189cc04f-5b5b-45ea-be05-e4f97f0b529b,hrc05,src08@display=sequential
hrc07,hrc07,364332c7-5e58-405e-a1a2-57c7e65b6f31,hrc05,src08@display=sequential
hrc07,hrc07,a7e6cf69-b8cc-4cbc-964e-f6819e5cd6a4,hrc05,src08@display=sequential
hrc07,hrc07,7636c232-cf8e-42d0-9b8d-10d48c444b17,hrc05,src08@display=sequential
hrc07,hrc07,64f01562-adef-480b-927e-12872cada192,hrc05,src08@display=sequential
hrc09,hrc09,ac14af03-fcb4-4aba-8f34-f5ff9bae8255,hrc10,src02@display=sequential
hrc09,hrc10,70bd37da-a9f2-495e-86bf-87cc6eae4b9f,hrc09,src02@display=sequential
hrc09,hrc10,cfc289f5-548c-494d-8a96-40752a1ec3c7,hrc09,src02@display=sequential
hrc09,hrc10,a867dbaa-519b-4945-aa5a-9f6b4c6520b7,hrc09,src02@display=sequential
hrc09,hrc09,859ffd8a-b1cd-49e1-9235-03e141136463,hrc10,src02@display=sequential
hrc09,hrc09,f57e8a92-b926-4e1b-b862-194acbd20f56,hrc10,src02@display=sequential
hrc09,hrc10,c39301ac-544e-4bb2-85a7-b38cbff67bc4,hrc09,src02@display=sequential
hrc09,hrc10,32128d68-b864-4e0e-9c13-989300fe1f5d,hrc09,src02@display=sequential
hrc09,hrc09,bfbecf9a-5392-4f42-9ec6-fc3f122112b5,hrc10,src02@display=sequential
hrc09,hrc10,c0261397-7755-4f0f-b0a4-681c1cae71b6,hrc09,src02@display=sequential
,hrc02,ac14af03-fcb4-4aba-8f34-f5ff9bae8255,original,src07@display=sequential
hrc02,original,abb3b591-f804-455c-a9eb-62536ba55725,hrc02,src07@display=sequential
,original,45e1e015-506b-4217-a64f-4f2b2d502cda,hrc02,src07@display=sequential
,original,3cdea77c-18d6-4285-8822-0547ebab6d19,hrc02,src07@display=sequential
,hrc02,1519847b-b957-4b45-8e9f-db5d5f72b749,original,src07@display=sequential
,hrc02,c74c4b82-1bc8-4335-a038-4c5055aebe86,original,src07@display=sequential
original,hrc02,45764b9e-1aaf-4afb-89d1-6d2cc38d7c1a,original,src07@display=sequential
original,hrc02,17af30dd-f366-4fc2-ad54-e0bb255a4ebc,original,src07@display=sequential
original,hrc02,e394df73-758e-4644-8b8b-a189f9d65c6d,original,src07@display=sequential
,hrc02,e739fe65-9837-4a8e-8058-6a0063fca411,original,src07@display=sequential
original,hrc04,26871ee6-07b2-4725-9d6b-d10cd6d6e8c8,original,src09@display=sequential
hrc04,hrc04,4f4f18bc-d2ca-4b2c-8233-b92a1023ed89,original,src09@display=sequential
original,hrc04,cd53e6fd-1592-4582-a526-ce3b91a4ea71,original,src09@display=sequential
,hrc04,61d2eaea-5d9d-432f-9d2b-228e869edc47,original,src09@display=sequential
hrc04,original,5483dfd1-da59-48bb-b08e-2893950a526b,hrc04,src09@display=sequential
,hrc04,c7393313-6dbc-4da9-9dd7-d677cd4aa45b,original,src09@display=sequential
hrc04,original,31e37061-1d48-4b7e-801d-b43f7c932cf2,hrc04,src09@display=sequential
original,hrc04,ccf15846-bb9a-4523-86ef-96158048a208,original,src09@display=sequential
,hrc04,b75eed47-d9a5-4a29-b4b7-bab0ecbfaf72,original,src09@display=sequential
original,hrc04,54382ae9-82bc-48d6-a644-d65706f0a65d,original,src09@display=sequential
hrc02,hrc02,4f4f18bc-d2ca-4b2c-8233-b92a1023ed89,hrc16,src04@display=sequential
hrc16,hrc02,119c71bb-332f-49d7-80be-8c10ac85f39a,hrc16,src04@display=sequential
hrc02,hrc02,10201875-20ed-4191-8b55-2033d1755645,hrc16,src04@display=sequential
hrc02,hrc02,211e49fa-fc80-47ae-a50a-15426f09fa31,hrc16,src04@display=sequential
hrc02,hrc16,8a725e7a-8f22-4487-8125-b725545dc485,hrc02,src04@display=sequential
hrc02,hrc02,75763bc0-515d-4d46-96db-84958a1820fe,hrc16,src04@display=sequential
hrc02,hrc16,8edc7654-ee8d-4cb7-8342-3a3c78003044,hrc02,src04@display=sequential
hrc02,hrc16,93c57369-8b2e-4e2c-a35b-74535dfc3434,hrc02,src04@display=sequential
hrc02,hrc02,22b292e9-7a17-4b4a-9a09-0681caae291e,hrc16,src04@display=sequential
hrc02,hrc02,e9f063c9-f724-4652-b11a-5e4f1b67c58a,hrc16,src04@display=sequential
,hrc07,ce9bf68f-cff6-46ed-abc8-cc2f6af281e2,hrc08,src03@display=sequential
hrc07,hrc08,4f4f18bc-d2ca-4b2c-8233-b92a1023ed89,hrc07,src03@display=sequential
hrc08,hrc08,2bcab180-368e-445d-b0e6-9a217518bc1a,hrc07,src03@display=sequential
,hrc08,f3db176c-d706-4df7-8e35-7dc9132ab42d,hrc07,src03@display=sequential
hrc07,hrc07,809ceea6-b27d-4b7f-aacb-214a78fe5623,hrc08,src03@display=sequential
hrc07,hrc07,4d93cc4f-73bc-4f6c-afb4-30e41bee10f7,hrc08,src03@display=sequential
,hrc08,85d4226a-923b-46e0-a30f-30c0c4c0ace3,hrc07,src03@display=sequential
,hrc08,826cb616-90d6-4b39-8a0a-fa0704a99c08,hrc07,src03@display=sequential
hrc07,hrc07,445026f1-cdca-496c-bd0d-12a722daa165,hrc08,src03@display=sequential
hrc08,hrc08,cf62539a-dfa8-4a51-b330-bd4b8a49fcd1,hrc07,src03@display=sequential
hrc12,hrc13,ed6794a4-ad11-45aa-a760-07c44352d392,hrc12,src01@display=sequential
hrc12,hrc12,1ca098a1-dfa3-49ff-acd7-b778c5051265,hrc13,src01@display=sequential
hrc12,hrc13,d5b7f31b-d65b-42ce-bd0a-29200c94f810,hrc12,src01@display=sequential
hrc12,hrc12,45c610dd-b351-487a-9dd4-b1d71de31f2c,hrc13,src01@display=sequential
hrc12,hrc13,9ff9d03b-26f1-4cd0-958a-820c3c75ba32,hrc12,src01@display=sequential
hrc12,hrc12,4f4f18bc-d2ca-4b2c-8233-b92a1023ed89,hrc13,src01@display=sequential
hrc12,hrc12,425d756e-d5e7-49bc-83a2-85e76ee9b31d,hrc13,src01@display=sequential
hrc12,hrc13,523b838f-5f2e-4f19-b9df-d9969424c697,hrc12,src01@display=sequential
hrc12,hrc13,cb66df87-875e-4b42-86b6-694bfeb1313b,hrc12,src01@display=sequential
hrc12,hrc12,d93ef59b-910a-4885-a1a9-0f5c8a50c1d0,hrc13,src01@display=sequential
hrc02,hrc02,a7cb4167-b9d3-436d-a9d0-8bf14c40f7ac,hrc13,src07@display=sequential
hrc02,hrc02,8f3ff7d0-6b93-41a4-95c3-9d0134c0d6cb,hrc13,src07@display=sequential
hrc02,hrc02,ccdcf626-e732-4c39-ade0-7e667a11b9de,hrc13,src07@display=sequential
hrc02,hrc02,4f4f18bc-d2ca-4b2c-8233-b92a1023ed89,hrc13,src07@display=sequential
hrc02,hrc02,28eb4aad-a4f2-49d8-a300-91829b85297f,hrc13,src07@display=sequential
hrc02,hrc13,d403c7b5-a23c-4583-90c0-5ed27e20b8f4,hrc02,src07@display=sequential
hrc02,hrc13,d3b13080-81da-4a83-bf78-091b1c137734,hrc02,src07@display=sequential
hrc02,hrc02,e91f223e-e8f9-4445-a4ad-dc4d538a20de,hrc13,src07@display=sequential
hrc02,hrc02,e088fd7c-253e-44ae-8d6d-3103781ceafe,hrc13,src07@display=sequential
hrc02,hrc13,7adc7c75-a19e-4472-a3e8-16b402b25ad1,hrc02,src07@display=sequential
hrc19,hrc19,95a42d41-dfc0-4ddf-ae33-f22f4f4f7632,hrc16,src02@display=sequential
hrc19,hrc19,87becdf0-b143-4d89-af46-118582383619,hrc16,src02@display=sequential
hrc19,hrc16,4eb1d1af-ab6a-441d-99c3-0baadc8799ac,hrc19,src02@display=sequential
hrc19,hrc16,647d0ccb-1fbc-496d-92fd-0af0637de9ae,hrc19,src02@display=sequential
hrc19,hrc19,c0e526aa-54a9-4187-bc52-4f56df7ea910,hrc16,src02@display=sequential
hrc19,hrc16,4a563c82-9cb0-45fa-b0d9-acdbe3db8b47,hrc19,src02@display=sequential
hrc19,hrc19,4f4f18bc-d2ca-4b2c-8233-b92a1023ed89,hrc16,src02@display=sequential
hrc19,hrc19,1b17167c-cbf2-48e2-8bf0-51adbb5d57e0,hrc16,src02@display=sequential
hrc19,hrc16,6e129bbe-9076-4e00-af2d-e7504a9dc166,hrc19,src02@display=sequential
hrc19,hrc19,8caf3bb1-46b2-4cff-b052-ecb1b2e9b9b1,hrc16,src02@display=sequential
original,original,48b0ecc7-6a07-4117-a6a2-e7e762ff7646,hrc13,src05@display=sequential
original,original,a8778d33-16cc-44bf-9465-c8c2ea966646,hrc13,src05@display=sequential
original,original,4f4f18bc-d2ca-4b2c-8233-b92a1023ed89,hrc13,src05@display=sequential
original,original,430b85a3-c4ae-4d20-a43c-71d6080b9eb1,hrc13,src05@display=sequential
hrc13,hrc13,a464bb39-1622-4a87-b812-7b328917ca19,original,src05@display=sequential
original,hrc13,3bd6b8a9-b6b4-451c-9278-ee9a14dafa7f,original,src05@display=sequential
original,original,1f017b44-d631-45b7-b0da-c6dfeca39a8c,hrc13,src05@display=sequential
original,hrc13,78ec5f69-a67b-42ac-ae06-c985f67935dd,original,src05@display=sequential
original,original,262cca7b-6b71-4c12-afe8-728ea07d533a,hrc13,src05@display=sequential
original,original,d54f6b38-56cd-4ea7-8dbb-93a511ddf7eb,hrc13,src05@display=sequential
hrc02,hrc18,4d17c7e4-60bc-4e77-a3b1-31516fc353b3,hrc02,src06@display=sequential
hrc02,hrc18,22b292e9-7a17-4b4a-9a09-0681caae291e,hrc02,src06@display=sequential
hrc02,hrc02,ba113fb3-dae8-44d5-b55c-ca1f6c35f671,hrc18,src06@display=sequential
hrc02,hrc18,6ff38ecc-04ae-437a-84b7-76bb1e074190,hrc02,src06@display=sequential
hrc02,hrc02,e9557943-1ab4-4b6b-abe6-5b960e68cbcb,hrc18,src06@display=sequential
hrc02,hrc02,d7b2a508-f469-4b1b-bfd6-e44749545450,hrc18,src06@display=sequential
hrc02,hrc02,a939f7f9-e165-4264-99f1-558f02f6b709,hrc18,src06@display=sequential
hrc02,hrc02,15e504a2-140c-49a8-b62a-adede2b19d95,hrc18,src06@display=sequential
hrc02,hrc02,30d52e8d-b0e1-45e5-9af0-fad21c9f6ec0,hrc18,src06@display=sequential
hrc02,hrc18,3f40ceea-2e6d-472c-81ea-76ff6c95e550,hrc02,src06@display=sequential
hrc20,hrc20,3d7aafda-1c1e-45bc-9428-96ed6bdab751,hrc10,src03@display=sequential
hrc20,hrc20,b06990da-cdb0-46ce-9ec1-4e2597c7c00a,hrc10,src03@display=sequential
hrc20,hrc20,9c4a6974-4af6-4241-afbd-9ec8b051f3d6,hrc10,src03@display=sequential
hrc20,hrc20,70bd37da-a9f2-495e-86bf-87cc6eae4b9f,hrc10,src03@display=sequential
hrc20,hrc10,43d096d5-06ae-454a-8e9e-064159d07454,hrc20,src03@display=sequential
hrc20,hrc20,b7122e85-e78f-4b6f-a0cb-c759ffed197c,hrc10,src03@display=sequential
hrc20,hrc20,a01d248f-120f-44aa-a1ae-c78564daf7f6,hrc10,src03@display=sequential
hrc20,hrc20,8c00d752-4fc3-4e7d-a8df-d7ca2c6a73a2,hrc10,src03@display=sequential
hrc20,hrc10,463d864b-3fcb-42d6-bd68-deaac53f6745,hrc20,src03@display=sequential
hrc20,hrc20,38207576-6ad7-4dac-84da-904ae3c77cf8,hrc10,src03@display=sequential
original,original,e9557943-1ab4-4b6b-abe6-5b960e68cbcb,hrc18,src01@display=sequential
original,original,2b36f719-882e-4e03-9131-8d4f3e7246a4,hrc18,src01@display=sequential
original,hrc18,57c09e89-1614-4d50-8112-d27c826ebf65,original,src01@display=sequential
original,original,6f842774-fc05-48d4-a002-71b2aa489b59,hrc18,src01@display=sequential
original,original,f0477d3b-b59d-4c71-8581-110c40c14ca6,hrc18,src01@display=sequential
original,original,928f738f-8508-48b5-a38d-33451eab8633,hrc18,src01@display=sequential
original,original,2d3fa1a6-afde-4886-bbd9-6d6ae7788071,hrc18,src01@display=sequential
original,original,a8ee67dd-bb21-4bc5-a474-fcfb83d5f8d6,hrc18,src01@display=sequential
original,hrc18,f7a57a0e-fc33-4611-9435-fd7e359f7394,original,src01@display=sequential
original,hrc18,8182bf73-0cb3-422e-8eb3-0cbb71037d76,original,src01@display=sequential
hrc07,hrc07,e9557943-1ab4-4b6b-abe6-5b960e68cbcb,hrc19,src08@display=sequential
hrc19,hrc07,5f05bf2e-edd6-48ae-83b0-bbad9be59c03,hrc19,src08@display=sequential
,hrc19,fcd73472-0774-473f-b76a-fb20acbb403a,hrc07,src08@display=sequential
hrc07,hrc19,04a47e94-ecc5-4706-a79a-e96f350141ed,hrc07,src08@display=sequential
hrc07,hrc19,01904d44-e0cb-4817-a8d8-d2f99d1f7947,hrc07,src08@display=sequential
hrc07,hrc07,2b2fa8d6-a371-4df4-aaf9-2b8ac3c23030,hrc19,src08@display=sequential
,hrc19,814ba963-799b-4345-bf39-65bfbb22105a,hrc07,src08@display=sequential
,hrc19,8c2b0451-0fb5-484e-8355-79304c222887,hrc07,src08@display=sequential
hrc07,hrc19,abff7351-c218-40d5-8aa9-fc7b1a5d8429,hrc07,src08@display=sequential
,hrc07,91f8e990-7ac5-44d9-aeb9-f8235aeea663,hrc19,src08@display=sequential
hrc02,hrc02,e9557943-1ab4-4b6b-abe6-5b960e68cbcb,hrc13,src05@display=sequential
hrc02,hrc02,5f8aaead-de3f-4647-b1db-afa272e15627,hrc13,src05@display=sequential
hrc02,hrc02,b9478e46-608d-4b40-85f2-6d5ebe427241,hrc13,src05@display=sequential
hrc02,hrc02,7341608e-8a94-48aa-9aac-53d556ee0c5b,hrc13,src05@display=sequential
hrc02,hrc02,d7b2a508-f469-4b1b-bfd6-e44749545450,hrc13,src05@display=sequential
hrc02,hrc13,433d4e34-b646-4538-941d-0a21131fb37c,hrc02,src05@display=sequential
hrc02,hrc02,c0e526aa-54a9-4187-bc52-4f56df7ea910,hrc13,src05@display=sequential
hrc02,hrc13,f6e9c70a-c31e-4e0c-9454-2796cd957b8f,hrc02,src05@display=sequential
hrc02,hrc02,320763ff-9395-4607-b5dd-547772958a15,hrc13,src05@display=sequential
hrc02,hrc02,e739fe65-9837-4a8e-8058-6a0063fca411,hrc13,src05@display=sequential
,hrc20,e9557943-1ab4-4b6b-abe6-5b960e68cbcb,hrc19,src07@display=sequential
,hrc19,72afd759-8740-43e7-ad36-748d80c2ddb2,hrc20,src07@display=sequential
hrc20,hrc20,b1ea6be7-fe29-4b9e-a8ba-e07c4943aac7,hrc19,src07@display=sequential
hrc20,hrc20,33aa809b-6785-49dc-ae11-5d5af6f61e8e,hrc19,src07@display=sequential
hrc20,hrc19,6e3e236c-b948-4a41-8b52-feb486da487b,hrc20,src07@display=sequential
hrc19,hrc20,98ce71da-42b5-40dc-ba86-68f8b2f86e1f,hrc19,src07@display=sequential
hrc20,hrc19,5c7751e7-9750-4406-9966-89fd02b9c880,hrc20,src07@display=sequential
,hrc19,2d3fa1a6-afde-4886-bbd9-6d6ae7788071,hrc20,src07@display=sequential
hrc19,hrc20,38d87ed8-3766-4fd4-bf18-746702872360,hrc19,src07@display=sequential
hrc19,hrc19,bf3cb4fa-49fa-4340-a93a-968c70951b9d,hrc20,src07@display=sequential
,original,e9557943-1ab4-4b6b-abe6-5b960e68cbcb,hrc18,src04@display=sequential
original,hrc18,27e50f3e-f48d-493d-ac1e-736d639503f8,original,src04@display=sequential
original,hrc18,62dfcc1a-f13d-43b7-b124-9461292a7415,original,src04@display=sequential
original,original,bdaf75e9-710e-440d-a0da-c8460f2c216f,hrc18,src04@display=sequential
original,hrc18,311f0ee0-925e-4e69-b13e-bffca005694b,original,src04@display=sequential
hrc18,hrc18,62befdf4-5641-483b-97cc-14024b210d8b,original,src04@display=sequential
hrc18,original,a801ea4e-4aef-4dc3-bcb9-0b668206f360,hrc18,src04@display=sequential
original,hrc18,cdf2dad0-af39-485b-894c-b2ff5d19e348,original,src04@display=sequential
original,hrc18,a598dfc3-ed57-44eb-8b48-92b2c1dd6086,original,src04@display=sequential
original,hrc18,fc412c03-7ce4-4158-821d-8a6eb8b6813f,original,src04@display=sequential
hrc07,hrc19,43d096d5-06ae-454a-8e9e-064159d07454,hrc07,src05@display=sequential
,hrc07,5ba03f4d-6560-4a57-94c8-966615c2029b,hrc19,src05@display=sequential
hrc07,hrc07,523b838f-5f2e-4f19-b9df-d9969424c697,hrc19,src05@display=sequential
hrc07,hrc07,5411fe28-313e-4207-ad33-9c1acd9b0640,hrc19,src05@display=sequential
,hrc19,d93492c2-f0b1-484d-9d63-b66f217afdea,hrc07,src05@display=sequential
hrc19,hrc07,72e7431d-e9dc-43b5-9e38-6d3780f298ea,hrc19,src05@display=sequential
hrc07,hrc19,48f844e9-7586-4d74-aa4f-ea6cc7b0f7e5,hrc07,src05@display=sequential
hrc07,hrc19,99f1e0ac-c8cc-4fc1-93e1-efcdcd8b78b3,hrc07,src05@display=sequential
hrc07,hrc07,56dca4c8-e374-4954-ad6b-2e964a5df796,hrc19,src05@display=sequential
hrc07,hrc19,dd48a3e8-a67f-41e1-b59d-9ee155000e80,hrc07,src05@display=sequential
original,original,43d096d5-06ae-454a-8e9e-064159d07454,hrc16,src02@display=sequential
original,hrc16,b402bb4d-47ad-4132-adb9-73915b9b2d9d,original,src02@display=sequential
original,original,b0367ddc-1381-4c30-b054-032f640ef4d3,hrc16,src02@display=sequential
original,hrc16,b06990da-cdb0-46ce-9ec1-4e2597c7c00a,original,src02@display=sequential
original,original,08222fec-a836-4bb3-bc8b-06590d580cca,hrc16,src02@display=sequential
original,hrc16,331844da-5e41-403c-a653-e3e9df4bd77e,original,src02@display=sequential
original,hrc16,1d7e8443-fd1d-48b1-9a31-005a653ad28d,original,src02@display=sequential
original,hrc16,fa36cb57-e118-4fa0-b207-5cb949f290dd,original,src02@display=sequential
original,hrc16,cd53e6fd-1592-4582-a526-ce3b91a4ea71,original,src02@display=sequential
original,hrc16,fe18ed94-ebd5-49f9-a7db-04e87cb783fd,original,src02@display=sequential
hrc08,hrc13,43d096d5-06ae-454a-8e9e-064159d07454,hrc08,src07@display=sequential
hrc08,hrc08,6f8e7a8e-3f34-4988-ae03-e1aa0830f4c9,hrc13,src07@display=sequential
hrc08,hrc13,210c7edb-98fa-41a6-9278-921e36d7e370,hrc08,src07@display=sequential
hrc08,hrc08,3e1cdcff-b39c-4ab1-88c6-cc8a1b5ed717,hrc13,src07@display=sequential
hrc08,hrc08,a07f105d-b327-4e67-a324-e213ab12c547,hrc13,src07@display=sequential
,hrc13,5de0605d-3090-497c-830c-5bf5a45ce692,hrc08,src07@display=sequential
hrc08,hrc13,08473901-0621-448d-b64d-61aa72567205,hrc08,src07@display=sequential
,hrc13,c7d09f16-7664-480c-a6c5-279f5014c143,hrc08,src07@display=sequential
hrc08,hrc13,7e7c71d5-29cf-4dc2-b67b-49a564dcb072,hrc08,src07@display=sequential
hrc08,hrc13,02ec8608-c527-44a4-ba72-94448cdae1ed,hrc08,src07@display=sequential
hrc21,hrc21,43d096d5-06ae-454a-8e9e-064159d07454,hrc10,src01@display=sequential
hrc21,hrc10,417eaad3-9ff2-4d1a-a693-5ae803839281,hrc21,src01@display=sequential
hrc21,hrc21,3fd0c9c3-2630-4b2e-97a2-a5d53a98bd58,hrc10,src01@display=sequential
hrc21,hrc10,03ef0614-5880-4283-869c-e93d4b9d990e,hrc21,src01@display=sequential
hrc21,hrc10,e94bde4d-255d-47f6-bdbf-d781c9955022,hrc21,src01@display=sequential
hrc21,hrc10,98ce71da-42b5-40dc-ba86-68f8b2f86e1f,hrc21,src01@display=sequential
hrc21,hrc10,901525db-f558-48a2-931c-a9de0c60f77f,hrc21,src01@display=sequential
hrc21,hrc21,e8c1511a-8c33-4c69-be8f-24942a1a27ce,hrc10,src01@display=sequential
hrc21,hrc10,42299818-23d6-4c44-822c-dcdd91f26d60,hrc21,src01@display=sequential
hrc21,hrc21,33ef8805-0783-43e5-b363-3facd89393f8,hrc10,src01@display=sequential
hrc02,hrc02,379a33e7-1e63-40fb-b4f7-7424e192a99f,hrc21,src08@display=sequential
,hrc21,24cf22d0-b88a-4923-b8be-97af4e9f6013,hrc02,src08@display=sequential
hrc21,hrc21,0c7b7124-cc6e-481c-8a1c-20819910984a,hrc02,src08@display=sequential
hrc21,hrc02,43d096d5-06ae-454a-8e9e-064159d07454,hrc21,src08@display=sequential
,hrc21,30342057-2a33-4929-ac24-d1c5f1106151,hrc02,src08@display=sequential
,hrc21,a900d27b-6050-4998-afe6-b3e4a84fa956,hrc02,src08@display=sequential
hrc21,hrc02,93c57369-8b2e-4e2c-a35b-74535dfc3434,hrc21,src08@display=sequential
hrc02,hrc02,d826d53b-0856-4aea-a51b-432806abb1e1,hrc21,src08@display=sequential
hrc21,hrc02,83233e30-b3ad-4498-8eff-e51044d70333,hrc21,src08@display=sequential
,hrc02,4739f5c7-b987-4c87-8af7-0a28b32df1b7,hrc21,src08@display=sequential
hrc07,hrc07,ba113fb3-dae8-44d5-b55c-ca1f6c35f671,hrc13,src02@display=sequential
hrc07,hrc07,74ffc6b3-9180-486e-9946-af73fbc87977,hrc13,src02@display=sequential
hrc07,hrc07,6135ed7f-5dda-4d85-87d3-be5893060467,hrc13,src02@display=sequential
hrc07,hrc07,a6dad7bb-8836-4103-9511-d77c49ea02c9,hrc13,src02@display=sequential
hrc07,hrc13,77381627-993a-4177-ad22-b7dbdbfad056,hrc07,src02@display=sequential
hrc07,hrc07,e94bde4d-255d-47f6-bdbf-d781c9955022,hrc13,src02@display=sequential
hrc07,hrc13,3f4c851c-d791-4ae1-a409-b15ebc7602e2,hrc07,src02@display=sequential
hrc07,hrc07,8b7d1ecd-e95a-4379-a495-33a22119a344,hrc13,src02@display=sequential
hrc07,hrc13,faac7ea8-ec5f-4eb7-b401-1aa9a93a6a43,hrc07,src02@display=sequential
hrc07,hrc07,2542f94b-c9c0-4121-8cd6-562f67503607,hrc13,src02@display=sequential
hrc09,hrc07,ba113fb3-dae8-44d5-b55c-ca1f6c35f671,hrc09,src05@display=sequential
hrc07,hrc09,90a2641b-5fcb-41c9-ad89-2451fbfad6a7,hrc07,src05@display=sequential
hrc07,hrc07,28eb4aad-a4f2-49d8-a300-91829b85297f,hrc09,src05@display=sequential
hrc07,hrc09,e4bae4c3-c65c-4141-9322-84691c956ebc,hrc07,src05@display=sequential
hrc09,hrc07,70fd376b-a5b0-42fb-a562-8cbc5f239c70,hrc09,src05@display=sequential
hrc07,hrc07,628344eb-f0b3-4307-bba4-fd09f7dcc56b,hrc09,src05@display=sequential
hrc09,hrc09,06f4f549-d726-40a1-a4aa-bdd0fafdf36d,hrc07,src05@display=sequential
hrc07,hrc09,fed3c133-8a6c-4f5f-a931-1d3bf1e3cbfb,hrc07,src05@display=sequential
hrc07,hrc09,c88af769-d298-4298-800c-ad11fb29c899,hrc07,src05@display=sequential
hrc09,hrc09,ffcb775b-526f-4e28-8b0a-a53af6cae4fc,hrc07,src05@display=sequential
hrc17,hrc17,be25cfd3-2f0b-42ca-b68b-807e9954418e,hrc18,src01@display=sequential
hrc17,hrc17,39106def-10dc-4a00-97d4-3f8ec15e1f8e,hrc18,src01@display=sequential
hrc17,hrc18,1fda9f15-e969-41d3-a5e6-1ef66b8b22d8,hrc17,src01@display=sequential
,hrc17,215a949e-c7d9-4a47-9700-b26141e218c8,hrc18,src01@display=sequential
,hrc18,10133552-f9c8-4185-b640-7e25d2e74bf4,hrc17,src01@display=sequential
hrc17,hrc18,32b0fe51-c4b4-46e2-9f45-9ba36cb18419,hrc17,src01@display=sequential
hrc18,hrc18,ba113fb3-dae8-44d5-b55c-ca1f6c35f671,hrc17,src01@display=sequential
hrc17,hrc18,8b27aa77-28aa-4647-bdbc-dbbf35b50d86,hrc17,src01@display=sequential
hrc17,hrc18,695a6249-20a5-4e4b-b196-197f51830570,hrc17,src01@display=sequential
hrc17,hrc18,7e98f940-e3dc-44a6-a8fd-efa346cb7697,hrc17,src01@display=sequential
hrc19,hrc19,32b0fe51-c4b4-46e2-9f45-9ba36cb18419,hrc21,src07@display=sequential
,hrc21,8080cc99-04e0-4ae1-a824-a6d17c614abb,hrc19,src07@display=sequential
hrc21,hrc21,08d2aa18-36e2-4d06-b1b8-78ab06e9c8a4,hrc19,src07@display=sequential
hrc19,hrc19,af112a53-7d26-4589-b586-67b928b370c4,hrc21,src07@display=sequential
hrc21,hrc21,cb66df87-875e-4b42-86b6-694bfeb1313b,hrc19,src07@display=sequential
hrc21,hrc19,8bf8e043-0dfe-4d04-bed8-5faea6c6c4c4,hrc21,src07@display=sequential
hrc21,hrc21,5efbb928-3bec-4b6c-b8c5-41607eba8d77,hrc19,src07@display=sequential
hrc21,hrc19,a1c9f1fa-39f5-4736-862d-35205a62f9dc,hrc21,src07@display=sequential
hrc21,hrc21,9baf0479-ee75-4c1d-a964-9c05587af8b1,hrc19,src07@display=sequential
hrc21,hrc21,2373027a-04a9-4d76-b084-f53e20ed3cf4,hrc19,src07@display=sequential
hrc09,hrc09,32b0fe51-c4b4-46e2-9f45-9ba36cb18419,hrc05,src06@display=sequential
hrc09,hrc09,23314143-2b04-4e79-8a25-a9a2efd14f19,hrc05,src06@display=sequential
,hrc09,210c7edb-98fa-41a6-9278-921e36d7e370,hrc05,src06@display=sequential
hrc09,hrc05,f9017240-e499-42f6-85ae-673f751f0c38,hrc09,src06@display=sequential
hrc09,hrc09,13e19637-8aec-4d17-8256-c1a0879440e8,hrc05,src06@display=sequential
,hrc05,425d756e-d5e7-49bc-83a2-85e76ee9b31d,hrc09,src06@display=sequential
hrc09,hrc05,187b1523-3261-4e58-b86f-69930ec90cb8,hrc09,src06@display=sequential
hrc09,hrc05,89011f22-37a1-4f64-b709-dcf63ad6d18b,hrc09,src06@display=sequential
hrc09,hrc05,5dc62e1a-77a7-42ff-b80f-ad839dbf8ba4,hrc09,src06@display=sequential
hrc09,hrc09,1632c427-02e0-4a5c-aef6-97645307543a,hrc05,src06@display=sequential
hrc10,hrc10,32b0fe51-c4b4-46e2-9f45-9ba36cb18419,hrc09,src08@display=sequential
hrc09,hrc10,f4e36280-7ab6-4bf1-afd0-2b3094871ff7,hrc09,src08@display=sequential
hrc09,hrc09,6d152256-d10c-48b1-98bf-22a27348c2f5,hrc10,src08@display=sequential
hrc09,hrc10,62befdf4-5641-483b-97cc-14024b210d8b,hrc09,src08@display=sequential
hrc09,hrc10,e1c3e5d6-ca2e-41ad-8695-fcff92798414,hrc09,src08@display=sequential
hrc09,hrc10,b6d6ce5a-8b39-434f-9587-d7ab23d43dae,hrc09,src08@display=sequential
hrc09,hrc10,db526d68-5a49-4fa8-9c91-35aaf4685886,hrc09,src08@display=sequential
hrc09,hrc09,31ca5cac-d2b2-4d89-b282-f15c708df086,hrc10,src08@display=sequential
hrc09,hrc10,88b7d5e7-b41b-421a-921d-06967d0f16d3,hrc09,src08@display=sequential
hrc09,hrc10,1d47d828-0a6c-45f0-9598-2a1b328ea583,hrc09,src08@display=sequential
,hrc04,32b0fe51-c4b4-46e2-9f45-9ba36cb18419,hrc21,src03@display=sequential
hrc04,hrc21,a8778d33-16cc-44bf-9465-c8c2ea966646,hrc04,src03@display=sequential
hrc04,hrc21,c01f1046-c717-4ff9-8dad-7421859fc613,hrc04,src03@display=sequential
,hrc04,389dadbc-d92b-46ab-9e1d-6c635bb3c5aa,hrc21,src03@display=sequential
,hrc04,ea1fced5-67ab-4744-8af5-26b265424a52,hrc21,src03@display=sequential
hrc04,hrc21,aa5df311-6e77-419b-a840-ecac85c0bf57,hrc04,src03@display=sequential
,hrc21,082900d0-b541-4840-8099-04cd8537040b,hrc04,src03@display=sequential
hrc04,hrc21,3613e7d6-5bdf-4926-bba2-7859e0b1f77b,hrc04,src03@display=sequential
,hrc21,7de80bf2-500e-478d-af55-ba3cd4f18a29,hrc04,src03@display=sequential
,hrc04,88da8301-e4b8-4cae-a783-ce505f802cbd,hrc21,src03@display=sequential
hrc08,hrc16,8e45ec30-d8f0-4b0f-9d1a-95543dd2734f,hrc08,src09@display=sequential
hrc08,hrc16,64b1b899-f049-46b3-a73c-f6a9365c1ed0,hrc08,src09@display=sequential
hrc08,hrc08,b8f7524b-817c-41cc-8cf3-2f9e4053b9ac,hrc16,src09@display=sequential
hrc08,hrc08,1f750243-4a32-4f9f-bbff-778d68c9340e,hrc16,src09@display=sequential
hrc08,hrc16,60ade839-ce16-4f88-b903-3805bf524cf2,hrc08,src09@display=sequential
hrc08,hrc08,cb413348-33d5-4aa8-b00b-1200485f9b83,hrc16,src09@display=sequential
hrc08,hrc08,05f9d4ef-3265-4042-bbf9-52c4862a6cc1,hrc16,src09@display=sequential
hrc08,hrc08,5682da16-b011-4915-aa49-e3e1d3037386,hrc16,src09@display=sequential
hrc08,hrc08,1429be8c-2d52-47df-b521-60ee72622965,hrc16,src09@display=sequential
hrc08,hrc16,6dd0be1d-e48a-44f8-ae1e-f6387437d5dd,hrc08,src09@display=sequential
hrc19,hrc19,a900d27b-6050-4998-afe6-b3e4a84fa956,hrc18,src06@display=sequential
hrc19,hrc19,0b68809c-f3bf-441e-865d-8c067237226e,hrc18,src06@display=sequential
hrc19,hrc18,7763f75d-5547-4454-ad57-f9fc777a23d9,hrc19,src06@display=sequential
hrc19,hrc18,0053f56a-3dfc-4463-8859-7205469af490,hrc19,src06@display=sequential
hrc19,hrc18,1e281513-db9f-4c23-aacd-a5fc0f3f0ece,hrc19,src06@display=sequential
hrc19,hrc18,e3910452-c747-4618-b718-e301ef9b69c9,hrc19,src06@display=sequential
hrc19,hrc19,b4170a87-8862-45d0-ae39-a2fa7515fc9d,hrc18,src06@display=sequential
hrc19,hrc19,da6f3ec1-ace9-4071-ad4e-c354db644cbc,hrc18,src06@display=sequential
hrc19,hrc18,df52d896-b5bf-493f-bb1c-ee5bbb1e44be,hrc19,src06@display=sequential
hrc19,hrc19,0e6bd588-76a1-47fe-8393-5e2f3cf4168a,hrc18,src06@display=sequential
hrc16,hrc13,a900d27b-6050-4998-afe6-b3e4a84fa956,hrc16,src07@display=sequential
hrc16,hrc16,d0c61afd-7aff-4a1d-9e82-3b047a761915,hrc13,src07@display=sequential
hrc16,hrc13,974a075a-e55c-4415-807d-4e07735b6e1d,hrc16,src07@display=sequential
hrc13,hrc16,58f5993c-9061-4198-9190-1ba69c8c5bf2,hrc13,src07@display=sequential
hrc16,hrc13,b591d7b2-ac40-4444-b6c7-d86eb5d52ea7,hrc16,src07@display=sequential
,hrc13,23cdd1ed-fe00-4deb-8ca7-db975f43a835,hrc16,src07@display=sequential
hrc16,hrc16,42f73238-b3a1-4fb4-b12c-ebfe89f8bb5f,hrc13,src07@display=sequential
hrc13,hrc13,c16ea7fc-f3f0-4ec9-bca4-b83eb9159aa1,hrc16,src07@display=sequential
hrc16,hrc13,647d0ccb-1fbc-496d-92fd-0af0637de9ae,hrc16,src07@display=sequential
hrc16,hrc16,003c7620-28fb-4ea6-91fa-1e262f492774,hrc13,src07@display=sequential
hrc02,hrc02,a900d27b-6050-4998-afe6-b3e4a84fa956,hrc19,src02@display=sequential
hrc02,hrc02,f29f68bb-6a96-4f0e-b690-847842a9a16d,hrc19,src02@display=sequential
hrc02,hrc19,a54f674c-0f58-452d-9942-8e3cfd73ef19,hrc02,src02@display=sequential
hrc02,hrc19,e014ebd9-cd30-437e-a333-6be5f7828d6d,hrc02,src02@display=sequential
hrc02,hrc02,31139786-676b-4e53-9762-4f0e8cc93727,hrc19,src02@display=sequential
hrc19,hrc19,f626ab92-efaa-4e82-af30-018d04dd08c1,hrc02,src02@display=sequential
hrc02,hrc02,3da1d186-8e8c-4453-85b7-68f16823be0c,hrc19,src02@display=sequential
hrc19,hrc02,07e0efcb-001f-491e-aa9f-cca467743d01,hrc19,src02@display=sequential
hrc02,hrc19,130f97dd-bd25-4da8-ac72-85c683f293af,hrc02,src02@display=sequential
hrc02,hrc19,d7b474e9-ad6f-4890-99ab-5a796fcbd2cb,hrc02,src02@display=sequential
hrc16,hrc18,a900d27b-6050-4998-afe6-b3e4a84fa956,hrc16,src01@display=sequential
hrc18,hrc16,aef6f382-f636-4b40-bc86-864837bb4fa3,hrc18,src01@display=sequential
hrc18,hrc16,45421f6a-1b14-4ed1-b5d8-8dacebed8b88,hrc18,src01@display=sequential
hrc18,hrc16,046a2d12-93ee-4c22-b4af-236d42e42716,hrc18,src01@display=sequential
hrc18,hrc16,b1807296-12f5-4e55-b33e-cfe441bc70de,hrc18,src01@display=sequential
hrc18,hrc18,71e14685-9bb1-453e-940d-07a99ca5950b,hrc16,src01@display=sequential
hrc16,hrc16,09de16c3-f8ac-42c9-bd83-0b8cebd57647,hrc18,src01@display=sequential
hrc18,hrc18,551db687-32a7-4c5c-ad62-3702df23d258,hrc16,src01@display=sequential
hrc18,hrc18,0e6bd588-76a1-47fe-8393-5e2f3cf4168a,hrc16,src01@display=sequential
,hrc16,6f7e0309-3095-4c2a-a58e-11232cacc3bd,hrc18,src01@display=sequential
hrc02,hrc02,a900d27b-6050-4998-afe6-b3e4a84fa956,hrc05,src05@display=sequential
hrc02,hrc02,917a52c4-6014-43e2-8f2f-185321b5e7d2,hrc05,src05@display=sequential
hrc02,hrc05,389dadbc-d92b-46ab-9e1d-6c635bb3c5aa,hrc02,src05@display=sequential
hrc02,hrc02,31c31db1-03c4-48b9-90e4-a916869f99fe,hrc05,src05@display=sequential
hrc02,hrc05,50722701-91d9-4f7c-90bb-e44edfd4f1a5,hrc02,src05@display=sequential
hrc02,hrc05,f0119fe7-19cb-45d6-98b1-8d30f3994399,hrc02,src05@display=sequential
hrc02,hrc02,98f9ec54-b947-408f-848e-553b8a2ded6e,hrc05,src05@display=sequential
hrc02,hrc05,6bf101c5-81e0-4ad5-ae95-b70599b108b5,hrc02,src05@display=sequential
hrc02,hrc05,215a949e-c7d9-4a47-9700-b26141e218c8,hrc02,src05@display=sequential
hrc02,hrc05,b7855b91-3456-4c68-b626-fee17876f40c,hrc02,src05@display=sequential
,hrc21,a900d27b-6050-4998-afe6-b3e4a84fa956,hrc19,src04@display=sequential
hrc21,hrc19,afb5f403-21d5-4d09-b92f-6d95cee2fde2,hrc21,src04@display=sequential
hrc21,hrc21,6f77a931-0bbb-4e7f-b5e3-a07ec26959fb,hrc19,src04@display=sequential
,hrc19,1a3f82b3-7431-4271-b1d3-20a62c2c99dc,hrc21,src04@display=sequential
,hrc19,31d876be-00c7-4aff-98d2-67a95f368125,hrc21,src04@display=sequential
hrc21,hrc19,a9e2bea1-eb02-4a50-8ab1-77f60cb569ff,hrc21,src04@display=sequential
,hrc21,eb2c7c91-0b6c-44d7-bb58-ab8e88ed8d52,hrc19,src04@display=sequential
,hrc19,2d6e96ab-1cc9-4a46-8bba-341f2f33237d,hrc21,src04@display=sequential
hrc21,hrc21,6eb5a5d1-481b-4555-aa32-c0790e9e2589,hrc19,src04@display=sequential
,hrc19,f01ea614-4b9a-4255-8e5c-16a8f3c2a04a,hrc21,src04@display=sequential
original,original,f431a506-baeb-4aaf-8c16-3403fe25dc3d,hrc13,src04@display=sequential
original,original,6b9a4e34-52b8-4521-aef8-113f03c2eed5,hrc13,src04@display=sequential
original,original,974a075a-e55c-4415-807d-4e07735b6e1d,hrc13,src04@display=sequential
original,original,cb39772f-9dea-41e0-b6d2-008c4a858765,hrc13,src04@display=sequential
original,hrc13,d5484fd3-0692-49b0-b84e-4c5498cd6cb1,original,src04@display=sequential
original,original,70fd376b-a5b0-42fb-a562-8cbc5f239c70,hrc13,src04@display=sequential
,original,ad97fd16-30c3-4bcc-b9d7-a22069039daa,hrc13,src04@display=sequential
original,original,a6af3dc2-604d-4e26-9f55-4c28c4160630,hrc13,src04@display=sequential
original,hrc13,393f17cf-39ac-43fc-8555-4164fc3d866b,original,src04@display=sequential
original,hrc13,e71693e3-f3a8-4f43-b1a3-1094bcfee6b3,original,src04@display=sequential
hrc17,hrc17,b7dcf8dc-b52c-47a2-90bd-e420cdeb41cb,hrc09,src06@display=sequential
hrc09,hrc09,05f9d4ef-3265-4042-bbf9-52c4862a6cc1,hrc17,src06@display=sequential
hrc09,hrc17,0c3224df-0ca1-473b-9ab7-3466eabb0233,hrc09,src06@display=sequential
hrc17,hrc09,b29696b7-a249-4355-9bb6-63188e35d7c2,hrc17,src06@display=sequential
,hrc17,aa3bfe25-9f30-43c7-9980-293bb0244bb7,hrc09,src06@display=sequential
,hrc17,e71693e3-f3a8-4f43-b1a3-1094bcfee6b3,hrc09,src06@display=sequential
hrc09,hrc17,4a154184-7951-43db-b483-c74ac72e5248,hrc09,src06@display=sequential
hrc17,hrc09,7c090835-7343-43cb-a556-8d9c65bf2579,hrc17,src06@display=sequential
hrc09,hrc09,9988cc9a-f7bd-4702-bbcc-ff93503e8d2d,hrc17,src06@display=sequential
hrc09,hrc09,8dbb5d68-3d99-48a5-9921-349f663f4524,hrc17,src06@display=sequential
hrc21,hrc05,f431a506-baeb-4aaf-8c16-3403fe25dc3d,hrc21,src08@display=sequential
hrc21,hrc21,4a563c82-9cb0-45fa-b0d9-acdbe3db8b47,hrc05,src08@display=sequential
hrc21,hrc05,3dec82e1-f23f-4793-a574-e6cd6cca38a8,hrc21,src08@display=sequential
,hrc21,e3860613-8b47-4eb6-9969-c33344cb2a9d,hrc05,src08@display=sequential
hrc21,hrc05,ae4c00ce-4550-481b-a407-ae258ddbd276,hrc21,src08@display=sequential
hrc21,hrc21,38f44379-14d3-428f-9b62-0912929e8b78,hrc05,src08@display=sequential
hrc21,hrc21,f2e393ff-0812-4cba-b5e1-e10e0a6a0f10,hrc05,src08@display=sequential
hrc21,hrc21,091fadc3-64c7-48a1-8c46-a1233a3b21f1,hrc05,src08@display=sequential
hrc21,hrc21,5558d8dc-89e4-420a-bb35-818b2f95eb50,hrc05,src08@display=sequential
hrc21,hrc05,6e864a01-02fb-4ef4-8f67-60232783d138,hrc21,src08@display=sequential
hrc20,hrc17,f431a506-baeb-4aaf-8c16-3403fe25dc3d,hrc20,src01@display=sequential
hrc20,hrc17,88fd02c5-402c-4421-b7ec-555b9efbe077,hrc20,src01@display=sequential
hrc20,hrc17,a867dbaa-519b-4945-aa5a-9f6b4c6520b7,hrc20,src01@display=sequential
hrc20,hrc17,953708e4-c895-4afd-96e8-b45fdd505175,hrc20,src01@display=sequential
hrc20,hrc20,c0a4b3b4-26a8-4223-9d56-496a44fa7b3f,hrc17,src01@display=sequential
hrc20,hrc20,1f13add5-5ce9-4c51-8b33-3777418089c5,hrc17,src01@display=sequential
hrc20,hrc17,7874da72-8ea1-4e57-abe0-af1f5b35cf3a,hrc20,src01@display=sequential
hrc20,hrc17,3da1d186-8e8c-4453-85b7-68f16823be0c,hrc20,src01@display=sequential
hrc20,hrc17,2c7b0073-dae3-4a21-a8ab-64e06361be0d,hrc20,src01@display=sequential
hrc20,hrc20,91641fb2-f748-4fad-bfa6-9ef0e5b271a3,hrc17,src01@display=sequential
hrc20,hrc18,f431a506-baeb-4aaf-8c16-3403fe25dc3d,hrc20,src05@display=sequential
hrc20,hrc18,7686d813-d5e0-44f8-903b-16713b01a72d,hrc20,src05@display=sequential
hrc20,hrc18,899658ce-8a93-4e1a-98c2-6584e67d1f5c,hrc20,src05@display=sequential
hrc20,hrc18,13d8e79f-b78d-4090-b59a-b516d546b349,hrc20,src05@display=sequential
,hrc18,65e55d30-683c-49bd-9237-f89f1646f134,hrc20,src05@display=sequential
hrc20,hrc18,31139786-676b-4e53-9762-4f0e8cc93727,hrc20,src05@display=sequential
hrc20,hrc20,d8160212-8dcd-4e7a-8d55-f10de6af90d9,hrc18,src05@display=sequential
hrc20,hrc18,12058d43-7153-442b-b2ba-d6d2c1f6628a,hrc20,src05@display=sequential
,hrc18,f4f2f8e0-a564-424a-91ca-74d1accfde15,hrc20,src05@display=sequential
hrc20,hrc20,8c16ccef-13f6-4933-9c0b-095fc895e7ab,hrc18,src05@display=sequential
original,original,f431a506-baeb-4aaf-8c16-3403fe25dc3d,hrc16,src07@display=sequential
original,hrc16,8f1ca983-841c-4d72-86e2-945a28de8cd6,original,src07@display=sequential
original,hrc16,c3cffd70-eea1-4c11-b2aa-5b2a38cdda11,original,src07@display=sequential
original,hrc16,84ca9dd6-4310-434b-946b-97d8f4b39485,original,src07@display=sequential
original,hrc16,ab8731a7-c17c-49d1-881c-ab56930ea3e4,original,src07@display=sequential
original,hrc16,06327616-afdd-4927-bbaf-73de01dfa383,original,src07@display=sequential
original,original,f12b829d-b55b-4c7c-830a-48c568c8601d,hrc16,src07@display=sequential
original,original,7e119710-3485-4cd1-b324-8038bbd18930,hrc16,src07@display=sequential
,original,d4868a7d-8256-414b-84a9-825087f26e37,hrc16,src07@display=sequential
original,hrc16,10b76fc5-63d7-4546-af40-d353ff7c2bac,original,src07@display=sequential
hrc21,hrc12,f431a506-baeb-4aaf-8c16-3403fe25dc3d,hrc21,src02@display=sequential
hrc21,hrc21,ecf6df41-9caa-4f8e-9e83-ed4064aa1ec4,hrc12,src02@display=sequential
hrc12,hrc21,786e97ac-4266-4756-9693-1128d669933d,hrc12,src02@display=sequential
hrc12,hrc12,fd4ac2a5-2530-4db8-84d3-e33c1c638e13,hrc21,src02@display=sequential
hrc12,hrc12,4f379e80-7986-435e-80da-90d2288a9137,hrc21,src02@display=sequential
hrc21,hrc12,4a48da27-470b-4fcd-8543-b926c16ff650,hrc21,src02@display=sequential
hrc21,hrc21,8dc48e4f-944e-46f3-b3d7-2733d875f1c5,hrc12,src02@display=sequential
,hrc21,3266e1c9-08ee-4211-9f34-1170e2ecb043,hrc12,src02@display=sequential
,hrc12,051f4c64-8631-42c6-85f8-d7168adf4874,hrc21,src02@display=sequential
hrc21,hrc12,97e1763f-e2a6-4c83-a1cd-6cc36cd155bf,hrc21,src02@display=sequential
hrc20,hrc21,05f9d4ef-3265-4042-bbf9-52c4862a6cc1,hrc20,src04@display=sequential
,hrc21,26871ee6-07b2-4725-9d6b-d10cd6d6e8c8,hrc20,src04@display=sequential
,hrc20,474c10a2-5941-4abe-8277-46ce02332ba7,hrc21,src04@display=sequential
hrc20,hrc21,653d3a44-c7c2-4735-9899-3247fc68381e,hrc20,src04@display=sequential
,hrc20,64523042-54b3-4028-9557-439ad63a25e1,hrc21,src04@display=sequential
,hrc21,db526d68-5a49-4fa8-9c91-35aaf4685886,hrc20,src04@display=sequential
hrc20,hrc21,98ce71da-42b5-40dc-ba86-68f8b2f86e1f,hrc20,src04@display=sequential
,hrc20,292650bb-01af-4e38-b7ab-f6c163fcea4c,hrc21,src04@display=sequential
hrc21,hrc20,5558d8dc-89e4-420a-bb35-818b2f95eb50,hrc21,src04@display=sequential
,hrc20,3d7aafda-1c1e-45bc-9428-96ed6bdab751,hrc21,src04@display=sequential
hrc08,hrc18,05f9d4ef-3265-4042-bbf9-52c4862a6cc1,hrc08,src05@display=sequential
hrc08,hrc18,246f90ba-2f72-4806-83dc-3ed750ed6b5a,hrc08,src05@display=sequential
hrc08,hrc08,71504043-233f-4a03-871a-8774e4c83b95,hrc18,src05@display=sequential
hrc18,hrc18,853100a4-1afc-4a6b-af04-44ce98e09b00,hrc08,src05@display=sequential
hrc18,hrc18,eab4dc38-820b-4c1b-a638-2b4a0f93a334,hrc08,src05@display=sequential
hrc18,hrc08,3c7ef17b-e826-4055-83ba-6a771c08659a,hrc18,src05@display=sequential
hrc08,hrc08,78448630-72f5-4556-84ab-a02e39a647b6,hrc18,src05@display=sequential
hrc08,hrc08,ccdcf626-e732-4c39-ade0-7e667a11b9de,hrc18,src05@display=sequential
hrc18,hrc08,4bc866e0-4050-47ae-828f-de9f50923090,hrc18,src05@display=sequential
hrc08,hrc08,6a98c9e8-2ad1-4e94-9b64-768f79f5a556,hrc18,src05@display=sequential
hrc20,hrc13,05f9d4ef-3265-4042-bbf9-52c4862a6cc1,hrc20,src08@display=sequential
hrc20,hrc20,677f08d2-0532-49d8-8f6c-8565a8f2e571,hrc13,src08@display=sequential
hrc20,hrc13,aa2497f2-d324-449a-a3ea-ec31d2180c93,hrc20,src08@display=sequential
hrc20,hrc20,a54376d0-ee13-4dc1-9b59-87e155c62795,hrc13,src08@display=sequential
hrc20,hrc20,4c9c9dbc-7938-48fa-87e5-30a5bb146ac8,hrc13,src08@display=sequential
hrc20,hrc13,2231f9ee-7322-4c18-afd8-0297a5523148,hrc20,src08@display=sequential
hrc20,hrc13,4a76f2f7-9d33-49ba-8cc4-1cf92c5da2d4,hrc20,src08@display=sequential
hrc20,hrc13,d5018336-2e28-4a35-a250-a723b3fa214d,hrc20,src08@display=sequential
hrc20,hrc20,91641fb2-f748-4fad-bfa6-9ef0e5b271a3,hrc13,src08@display=sequential
hrc20,hrc13,b1b18717-7abb-45b4-87fd-424cf2f20ca6,hrc20,src08@display=sequential
hrc20,hrc20,05f9d4ef-3265-4042-bbf9-52c4862a6cc1,hrc16,src01@display=sequential
hrc20,hrc16,19c32dbe-28f1-41dd-b4bd-520d0ae1860c,hrc20,src01@display=sequential
hrc20,hrc20,a808a4de-7bea-4369-8f71-1cb7d12f07d2,hrc16,src01@display=sequential
hrc20,hrc20,853100a4-1afc-4a6b-af04-44ce98e09b00,hrc16,src01@display=sequential
hrc20,hrc16,2fef66bc-f9ba-4659-8710-5c4e882e66d2,hrc20,src01@display=sequential
hrc20,hrc16,43de5aa3-6ca6-4e25-9742-c63818d012ca,hrc20,src01@display=sequential
hrc20,hrc16,4045a842-9f7c-40f9-80be-3d5831d6a738,hrc20,src01@display=sequential
hrc20,hrc16,aa235a56-2c9d-4248-b414-4fb6bb6ad697,hrc20,src01@display=sequential
hrc20,hrc20,50a38519-8060-4b35-97ac-c4b565cbe444,hrc16,src01@display=sequential
hrc20,hrc16,b774e164-c6e9-4e95-888c-12c5e3ddb8ad,hrc20,src01@display=sequential
hrc21,hrc13,2fef66bc-f9ba-4659-8710-5c4e882e66d2,hrc21,src07@display=sequential
hrc21,hrc13,1f668c3f-b8ef-42dd-8802-092f59e99fc3,hrc21,src07@display=sequential
hrc21,hrc13,fc2d5087-17df-4c84-844b-23b0339b666b,hrc21,src07@display=sequential
hrc21,hrc21,6b366ab5-6ec6-4700-afc7-1ae167361336,hrc13,src07@display=sequential
hrc21,hrc21,9d5a019b-71bd-4af6-b124-a219b08b293a,hrc13,src07@display=sequential
hrc21,hrc13,8dbb5d68-3d99-48a5-9921-349f663f4524,hrc21,src07@display=sequential
hrc21,hrc21,7044ada3-fee5-4e71-a8b0-d3cfd7bd48dd,hrc13,src07@display=sequential
hrc21,hrc21,187b1523-3261-4e58-b86f-69930ec90cb8,hrc13,src07@display=sequential
hrc21,hrc21,05f9d4ef-3265-4042-bbf9-52c4862a6cc1,hrc13,src07@display=sequential
hrc21,hrc21,44c75a94-439f-4168-9828-64b1fb591086,hrc13,src07@display=sequential
hrc07,hrc07,6b87b86f-c250-4cb0-8fbb-338e7d6bd849,hrc10,src02@display=sequential
hrc07,hrc10,e93873b4-0ba1-44f7-9892-01237fb79aed,hrc07,src02@display=sequential
hrc07,hrc10,83d45c00-57c2-4eae-a987-5b25a951a833,hrc07,src02@display=sequential
hrc07,hrc10,8e1eae9a-55e4-4cff-a611-e4ba38d017bb,hrc07,src02@display=sequential
hrc07,hrc10,54382ae9-82bc-48d6-a644-d65706f0a65d,hrc07,src02@display=sequential
hrc07,hrc10,e886d720-6d96-44b4-a38f-ef52c0aea62d,hrc07,src02@display=sequential
hrc07,hrc10,3422834a-4094-4e5a-b388-6a1bda18368f,hrc07,src02@display=sequential
hrc07,hrc10,27178302-0773-447d-b736-e24bec3ac742,hrc07,src02@display=sequential
hrc07,hrc07,840a09b5-4c5b-45f7-8f13-6a8057cf0fac,hrc10,src02@display=sequential
hrc07,hrc07,1febb2a5-e775-4a21-a8b0-28aa2c87f5fc,hrc10,src02@display=sequential
hrc20,hrc20,6b87b86f-c250-4cb0-8fbb-338e7d6bd849,hrc10,src07@display=sequential
hrc20,hrc20,23314143-2b04-4e79-8a25-a9a2efd14f19,hrc10,src07@display=sequential
hrc20,hrc20,ce2acc22-6dc0-4d57-bf52-34e031ecb83c,hrc10,src07@display=sequential
hrc20,hrc20,b1a7ab8f-b9a1-4e38-9633-fac16c7345db,hrc10,src07@display=sequential
hrc20,hrc20,2b493139-f877-4c83-8de2-f89c1b5bbd54,hrc10,src07@display=sequential
hrc20,hrc20,af5e8105-39b8-4b2a-9e17-9b0216a6820c,hrc10,src07@display=sequential
hrc20,hrc20,239be723-f6dc-4053-ac79-4f57603fd382,hrc10,src07@display=sequential
hrc20,hrc20,938ee2d9-0612-434e-8ced-1e766ff31000,hrc10,src07@display=sequential
hrc20,hrc20,6eb5a5d1-481b-4555-aa32-c0790e9e2589,hrc10,src07@display=sequential
hrc20,hrc10,82043c11-c04e-412b-8b30-62518aaf55b5,hrc20,src07@display=sequential
hrc04,hrc04,6b87b86f-c250-4cb0-8fbb-338e7d6bd849,hrc13,src01@display=sequential
hrc04,hrc04,87e94e45-9c62-4b17-8f94-a1cb0efa9b1d,hrc13,src01@display=sequential
hrc04,hrc13,04813965-9b3c-43c9-9a9d-5a6941afef3d,hrc04,src01@display=sequential
hrc04,hrc04,3a734a80-9259-40ba-be9d-459a898ba938,hrc13,src01@display=sequential
hrc04,hrc04,2f5c9d18-91f7-4d55-a880-82131b6af0d3,hrc13,src01@display=sequential
hrc04,hrc13,a410f9ea-0698-429b-a5d2-9f44282f6d4b,hrc04,src01@display=sequential
hrc04,hrc13,eadefcd2-3e7b-4db5-a25d-9ebfe5da399e,hrc04,src01@display=sequential
hrc04,hrc04,6ea4f9af-c257-4696-b51c-792ab1b5c848,hrc13,src01@display=sequential
hrc04,hrc04,5dc62e1a-77a7-42ff-b80f-ad839dbf8ba4,hrc13,src01@display=sequential
hrc04,hrc13,64f01562-adef-480b-927e-12872cada192,hrc04,src01@display=sequential
hrc08,hrc19,6b87b86f-c250-4cb0-8fbb-338e7d6bd849,hrc08,src05@display=sequential
hrc19,hrc19,6903154f-149f-4eb7-8ace-8f69157e066a,hrc08,src05@display=sequential
hrc08,hrc08,003d62a2-e400-4a0d-8dc3-7805faeb9a7b,hrc19,src05@display=sequential
hrc08,hrc19,f9bbfc44-9d81-442b-b2b0-e2e241471b54,hrc08,src05@display=sequential
hrc08,hrc19,d8193f20-ca78-4f7e-a54e-1eb281c8ac16,hrc08,src05@display=sequential
hrc08,hrc19,81da3e49-dd49-4dc1-b619-476371ae6e37,hrc08,src05@display=sequential
hrc19,hrc19,d013d53b-da4a-4452-b8a9-1ea353b220fb,hrc08,src05@display=sequential
hrc19,hrc08,6a664ca8-5192-4d54-b58b-519e2a07a482,hrc19,src05@display=sequential
hrc19,hrc08,388ed430-804e-41cf-99d5-f38198e8fcd1,hrc19,src05@display=sequential
hrc08,hrc19,ec42671b-b220-4f4e-b118-4dcc01ef84f3,hrc08,src05@display=sequential
hrc18,hrc18,39df8f82-6ae7-4b16-91e1-bc8a53bbd2bf,hrc16,src04@display=sequential
hrc18,hrc18,69f0d010-abd8-4344-9f51-d04c4a5ddfe7,hrc16,src04@display=sequential
hrc18,hrc16,b022effd-ca6f-4f69-a0f5-11bd78628639,hrc18,src04@display=sequential
hrc18,hrc18,b1c29b25-331d-4a78-aab8-01d110fd1e92,hrc16,src04@display=sequential
hrc16,hrc16,a6da5121-b372-4161-b0dc-f2fa121c82d8,hrc18,src04@display=sequential
hrc18,hrc16,12a93fbf-896e-43f7-8958-1af43801cf9f,hrc18,src04@display=sequential
hrc16,hrc18,6b87b86f-c250-4cb0-8fbb-338e7d6bd849,hrc16,src04@display=sequential
,hrc16,09fcdbbf-de96-4dac-b347-e69c88a3876a,hrc18,src04@display=sequential
hrc16,hrc18,3f40ceea-2e6d-472c-81ea-76ff6c95e550,hrc16,src04@display=sequential
,hrc16,e79fa7fb-62cf-4b20-8b29-1cd64f2820a4,hrc18,src04@display=sequential
hrc19,hrc19,6b87b86f-c250-4cb0-8fbb-338e7d6bd849,hrc13,src08@display=sequential
hrc19,hrc13,11d4d942-e945-4204-be57-396f71f413a0,hrc19,src08@display=sequential
hrc19,hrc13,2f5c9d18-91f7-4d55-a880-82131b6af0d3,hrc19,src08@display=sequential
hrc19,hrc13,9bd8abfb-6a27-45ba-b7dc-35c6940c49a6,hrc19,src08@display=sequential
hrc19,hrc13,3990f74e-2af9-40f4-a1ab-1c71da94a744,hrc19,src08@display=sequential
hrc19,hrc19,270c19d1-7369-4fc0-84b0-9021a68d1b71,hrc13,src08@display=sequential
hrc19,hrc13,dd5b36e2-1bd9-4001-a709-c16dd679568a,hrc19,src08@display=sequential
hrc13,hrc13,d391dd7e-e8e9-4965-b30b-fd2732feb0bc,hrc19,src08@display=sequential
hrc19,hrc19,c0258f9a-7e2a-4c8a-b306-a389e2972855,hrc13,src08@display=sequential
hrc19,hrc13,2d6d9756-d2b6-4bea-b4e1-94b41721de02,hrc19,src08@display=sequential
hrc21,hrc19,8dbb5d68-3d99-48a5-9921-349f663f4524,hrc21,src03@display=sequential
hrc21,hrc21,6f77a931-0bbb-4e7f-b5e3-a07ec26959fb,hrc19,src03@display=sequential
hrc21,hrc19,9b0894f0-d5c2-4689-8d27-d68124f2a85a,hrc21,src03@display=sequential
,hrc21,f58fcc49-b5e9-4207-8790-8ecf66e5eb9d,hrc19,src03@display=sequential
hrc19,hrc21,93380f69-2886-467d-869a-4ea47e4331cc,hrc19,src03@display=sequential
hrc21,hrc19,e9aa57ae-3fd7-4f57-aa6b-889f6b4630bf,hrc21,src03@display=sequential
hrc21,hrc21,d69fb9a4-88e8-4e25-bbde-bebbddf5fbc5,hrc19,src03@display=sequential
,hrc21,e57f0c1a-193e-4e7e-ad4a-41d517aa388f,hrc19,src03@display=sequential
hrc19,hrc19,4386838f-4af9-4121-8895-9a6078e94dd5,hrc21,src03@display=sequential
hrc21,hrc19,f4fa6f10-58c2-4aea-9eff-1a0ec31b5e25,hrc21,src03@display=sequential
hrc02,hrc02,8dbb5d68-3d99-48a5-9921-349f663f4524,original,src08@display=sequential
hrc02,original,e828d90a-90b1-4c9b-85b2-5eb87e19463f,hrc02,src08@display=sequential
hrc02,original,2d0c771e-dcc5-4ab1-96dd-5be09e162328,hrc02,src08@display=sequential
original,hrc02,c01f1046-c717-4ff9-8dad-7421859fc613,original,src08@display=sequential
,hrc02,566f1efe-c334-4e1c-bd9d-60079dd825db,original,src08@display=sequential
original,hrc02,eab4dc38-820b-4c1b-a638-2b4a0f93a334,original,src08@display=sequential
original,original,901525db-f558-48a2-931c-a9de0c60f77f,hrc02,src08@display=sequential
original,original,d0807ae0-7cac-48cf-9fb5-e6472c49f3a6,hrc02,src08@display=sequential
original,hrc02,1c5b2ef7-2948-417f-b285-492bc21cb662,original,src08@display=sequential
,hrc02,7c4a3a6e-b0af-4faa-af50-2e866b6d0fa8,original,src08@display=sequential
hrc08,hrc09,8dbb5d68-3d99-48a5-9921-349f663f4524,hrc08,src05@display=sequential
hrc09,hrc09,2f40feab-34a7-4195-ae6f-b5f696ff05b4,hrc08,src05@display=sequential
hrc09,hrc08,e4933001-a28b-487d-9bfd-c114ce6d130e,hrc09,src05@display=sequential
hrc08,hrc08,9b0c0416-607d-4c8a-bc4e-ea233462e8ff,hrc09,src05@display=sequential
,hrc08,841689ee-6ac0-48ef-b84e-b3638f5477a9,hrc09,src05@display=sequential
,hrc09,65392d93-283c-4079-b9ae-ce016ea883f6,hrc08,src05@display=sequential
hrc08,hrc08,ec5fe569-3e08-47cb-aadb-ea0b09d17525,hrc09,src05@display=sequential
hrc09,hrc08,091fadc3-64c7-48a1-8c46-a1233a3b21f1,hrc09,src05@display=sequential
hrc08,hrc08,22dff3a5-9b27-475a-97c3-7edaf366b118,hrc09,src05@display=sequential
hrc08,hrc08,48a9efad-0b20-49da-b47d-ae93af5ce867,hrc09,src05@display=sequential
,original,8dbb5d68-3d99-48a5-9921-349f663f4524,hrc07,src02@display=sequential
,original,f0c077b8-5233-41ba-9089-7e1b10f40640,hrc07,src02@display=sequential
,hrc07,3ad42979-cd24-4628-a4da-5fe85c253715,original,src02@display=sequential
hrc07,original,a5d75ac5-07f5-4c4c-bf5f-671d657d60b5,hrc07,src02@display=sequential
,hrc07,f2b9faac-c743-4136-9ed0-28508f2a2b42,original,src02@display=sequential
,hrc07,02b35be6-fb7d-4492-87e7-8f22e34574ad,original,src02@display=sequential
original,original,bd7b1f78-9c0e-4064-9134-e2e03080215b,hrc07,src02@display=sequential
,original,abff7351-c218-40d5-8aa9-fc7b1a5d8429,hrc07,src02@display=sequential
hrc07,hrc07,3bd6b8a9-b6b4-451c-9278-ee9a14dafa7f,original,src02@display=sequential
,hrc07,4a2d56ff-0393-4f08-9121-e22c41b4c51f,original,src02@display=sequential
hrc12,hrc12,8758c6d9-ff95-4e68-834d-d2cc9e39f62c,hrc13,src04@display=sequential
hrc12,hrc12,e8e0dba2-353c-4c0f-a71d-3d0341a3ddb6,hrc13,src04@display=sequential
hrc12,hrc12,b7dcf8dc-b52c-47a2-90bd-e420cdeb41cb,hrc13,src04@display=sequential
hrc12,hrc12,e37230c1-652b-4455-bcb6-13eb88ed333d,hrc13,src04@display=sequential
hrc12,hrc13,0dc3edab-68ec-4a80-883a-2fd140574ca4,hrc12,src04@display=sequential
hrc12,hrc12,5db70634-a94d-4ef3-9da9-6f716223cb35,hrc13,src04@display=sequential
hrc12,hrc12,d9de9b07-c463-4078-b164-68c2f997bfce,hrc13,src04@display=sequential
hrc12,hrc12,5d3b4e5d-95ce-4d4c-a503-228a06c1c27b,hrc13,src04@display=sequential
,hrc12,b33efb6e-2e53-4052-87d4-bb3557a36e88,hrc13,src04@display=sequential
hrc12,hrc12,566fb7d8-e6ca-43c7-ae5a-48aca6a507a4,hrc13,src04@display=sequential
hrc12,hrc12,b7dcf8dc-b52c-47a2-90bd-e420cdeb41cb,hrc05,src07@display=sequential
hrc12,hrc12,3e4467d1-498d-4384-822e-f70bfdd8962a,hrc05,src07@display=sequential
hrc12,hrc05,495902a1-5f30-4da7-9e15-e95a6286afc8,hrc12,src07@display=sequential
hrc12,hrc05,5483fa79-a1d3-437e-9925-e36c78b80e67,hrc12,src07@display=sequential
hrc12,hrc05,46f38607-110d-49ab-b60c-8c1ab9421949,hrc12,src07@display=sequential
hrc12,hrc12,db107cd9-dbe7-4902-afda-5ae89c3af6c2,hrc05,src07@display=sequential
hrc12,hrc05,2ae6675c-c739-44f0-860a-11311acb04f1,hrc12,src07@display=sequential
hrc12,hrc12,51c24e0f-2499-49c5-860a-84b17cff38be,hrc05,src07@display=sequential
hrc12,hrc05,a2eae99e-1732-497c-b157-394ebbf76ed5,hrc12,src07@display=sequential
hrc12,hrc05,0fca2270-5646-4e65-b178-a722179983b0,hrc12,src07@display=sequential
hrc07,hrc04,b7dcf8dc-b52c-47a2-90bd-e420cdeb41cb,hrc07,src02@display=sequential
hrc07,hrc07,f27f301b-6bbb-4542-bf08-11f97dbd22d2,hrc04,src02@display=sequential
,hrc07,ea4c2ce7-4a48-4590-9d5e-0592ae88a555,hrc04,src02@display=sequential
hrc04,hrc04,175a965b-e302-46aa-b701-fb087c49b74f,hrc07,src02@display=sequential
,hrc07,6b3e1fe5-2144-4a32-9c96-22e81b465526,hrc04,src02@display=sequential
hrc04,hrc07,ccf15846-bb9a-4523-86ef-96158048a208,hrc04,src02@display=sequential
hrc04,hrc07,36b61036-3adf-409a-ba43-b95dd2257675,hrc04,src02@display=sequential
,hrc04,c79ca1a1-db1e-4f12-8a20-b18e8b065ead,hrc07,src02@display=sequential
,hrc04,eaeedcc0-54af-4d8a-8d41-5f3f9420e804,hrc07,src02@display=sequential
,hrc04,6ecafacc-74bb-46fc-a25c-fb88759b6610,hrc07,src02@display=sequential
hrc12,hrc08,b7dcf8dc-b52c-47a2-90bd-e420cdeb41cb,hrc12,src01@display=sequential
,hrc12,d0ff0cee-967d-4b1f-8398-f805a1c309bb,hrc08,src01@display=sequential
hrc08,hrc12,400e826b-2859-4400-a0a8-9cb0ca818371,hrc08,src01@display=sequential
hrc08,hrc08,2b2fa8d6-a371-4df4-aaf9-2b8ac3c23030,hrc12,src01@display=sequential
hrc08,hrc12,306ef9fb-b2aa-4eb0-b6b7-f160a0880759,hrc08,src01@display=sequential
hrc08,hrc12,64c2f134-2df0-40e2-854a-c2cafa0df023,hrc08,src01@display=sequential
hrc12,hrc08,adb42d8d-a4b5-4730-b575-c6db34b3313c,hrc12,src01@display=sequential
,hrc08,6a5c53fc-4f8c-4abf-97c1-466f1f6c1023,hrc12,src01@display=sequential
hrc08,hrc08,89c91ff0-a1a3-4604-95f9-2196ba8054bf,hrc12,src01@display=sequential
hrc08,hrc12,82043c11-c04e-412b-8b30-62518aaf55b5,hrc08,src01@display=sequential
original,original,e37230c1-652b-4455-bcb6-13eb88ed333d,hrc18,src08@display=sequential
original,hrc18,b7dcf8dc-b52c-47a2-90bd-e420cdeb41cb,original,src08@display=sequential
original,original,2ae6675c-c739-44f0-860a-11311acb04f1,hrc18,src08@display=sequential
original,original,859ffd8a-b1cd-49e1-9235-03e141136463,hrc18,src08@display=sequential
original,original,9ff9d03b-26f1-4cd0-958a-820c3c75ba32,hrc18,src08@display=sequential
hrc18,hrc18,8fc87c48-7bd5-4eef-9a74-49511a30296c,original,src08@display=sequential
original,hrc18,f27f301b-6bbb-4542-bf08-11f97dbd22d2,original,src08@display=sequential
original,original,4d93cc4f-73bc-4f6c-afb4-30e41bee10f7,hrc18,src08@display=sequential
original,hrc18,fbf0e732-933c-4026-87b1-d49c6106ccf3,original,src08@display=sequential
original,hrc18,445026f1-cdca-496c-bd0d-12a722daa165,original,src08@display=sequential
hrc07,hrc05,b7dcf8dc-b52c-47a2-90bd-e420cdeb41cb,hrc07,src05@display=sequential
hrc07,hrc07,2e65f225-cf41-430f-ae14-779a3b02a411,hrc05,src05@display=sequential
hrc07,hrc05,8c1ba179-2106-4f2f-9f78-2ccd5d2f38a5,hrc07,src05@display=sequential
hrc07,hrc07,45c610dd-b351-487a-9dd4-b1d71de31f2c,hrc05,src05@display=sequential
,hrc05,e2546711-0b61-4b0a-91a2-3692f713334a,hrc07,src05@display=sequential
hrc07,hrc07,6e3e236c-b948-4a41-8b52-feb486da487b,hrc05,src05@display=sequential
hrc07,hrc05,5f6a3446-9ea6-439f-b7a6-b6e3899ada03,hrc07,src05@display=sequential
hrc07,hrc05,98ce71da-42b5-40dc-ba86-68f8b2f86e1f,hrc07,src05@display=sequential
hrc07,hrc05,8b7d1ecd-e95a-4379-a495-33a22119a344,hrc07,src05@display=sequential
hrc07,hrc07,d27719b9-a882-45c6-8cc3-c9f6d571338d,hrc05,src05@display=sequential
hrc20,hrc18,e37230c1-652b-4455-bcb6-13eb88ed333d,hrc20,src07@display=sequential
hrc20,hrc18,66340852-ed06-4d74-9c1d-9b0abddb1028,hrc20,src07@display=sequential
,hrc20,3dee2c2a-d976-46be-90d7-07d0aa49c753,hrc18,src07@display=sequential
hrc20,hrc18,5edda708-1a28-4132-b481-b6ce1ef44440,hrc20,src07@display=sequential
hrc20,hrc18,c0a4b3b4-26a8-4223-9d56-496a44fa7b3f,hrc20,src07@display=sequential
hrc20,hrc18,d0807ae0-7cac-48cf-9fb5-e6472c49f3a6,hrc20,src07@display=sequential
hrc20,hrc20,64e2f67e-8d1c-4d48-8af3-8fcba72344a8,hrc18,src07@display=sequential
hrc20,hrc18,a8ee67dd-bb21-4bc5-a474-fcfb83d5f8d6,hrc20,src07@display=sequential
hrc20,hrc18,927b9b1e-da20-4644-b8d6-f85a22be59d7,hrc20,src07@display=sequential
,hrc20,d2cf4226-323a-4fcb-8249-df61c89ff7e8,hrc18,src07@display=sequential
hrc12,hrc05,e37230c1-652b-4455-bcb6-13eb88ed333d,hrc12,src05@display=sequential
hrc05,hrc12,33285b45-2963-4ceb-8111-877417789be1,hrc05,src05@display=sequential
hrc12,hrc12,0e3c86ef-17d5-418f-95b7-56e46e448c97,hrc05,src05@display=sequential
,hrc05,54a067ea-cabb-4df6-8f37-67a5eb1b48d5,hrc12,src05@display=sequential
hrc12,hrc12,b1807296-12f5-4e55-b33e-cfe441bc70de,hrc05,src05@display=sequential
hrc12,hrc05,157b2239-271e-41e3-99b6-ed7eca00929c,hrc12,src05@display=sequential
hrc12,hrc12,4eb1d1af-ab6a-441d-99c3-0baadc8799ac,hrc05,src05@display=sequential
,hrc05,b7d9cf99-b646-448f-8000-ca53352da30a,hrc12,src05@display=sequential
hrc12,hrc05,451ab434-8329-4354-8a93-59493cd3cffa,hrc12,src05@display=sequential
hrc12,hrc05,65febfb3-2ea0-4b86-bc2e-3588fe6206d1,hrc12,src05@display=sequential
,hrc09,e37230c1-652b-4455-bcb6-13eb88ed333d,hrc04,src03@display=sequential
hrc04,hrc04,5ca1b440-eaea-4aa1-a952-eb559d039066,hrc09,src03@display=sequential
,hrc04,f8765b82-42a9-446d-86f2-3a30e524f1bc,hrc09,src03@display=sequential
hrc09,hrc04,175a965b-e302-46aa-b701-fb087c49b74f,hrc09,src03@display=sequential
hrc09,hrc04,285e6ce4-b740-4a6e-9a62-d17f2e36da56,hrc09,src03@display=sequential
hrc04,hrc04,29a74aa2-3f6f-413b-a6e7-f37994c1db18,hrc09,src03@display=sequential
,hrc09,49ecc985-24ed-446c-8c82-950e120f85ba,hrc04,src03@display=sequential
hrc09,hrc04,086d0330-b9c6-4f82-a316-35e94ab7a6a7,hrc09,src03@display=sequential
hrc09,hrc04,34be0c29-9f70-4340-abc2-ef86a719199c,hrc09,src03@display=sequential
,hrc04,7c4a3a6e-b0af-4faa-af50-2e866b6d0fa8,hrc09,src03@display=sequential
hrc09,hrc18,e37230c1-652b-4455-bcb6-13eb88ed333d,hrc09,src01@display=sequential
hrc09,hrc09,b2050466-f235-4258-9cad-bdd9aa52afc2,hrc18,src01@display=sequential
,hrc09,7cee5dec-b3f6-4b77-9f58-36202fc71af5,hrc18,src01@display=sequential
hrc18,hrc09,bd86f5f7-6fbd-4680-a9d5-5a34f343eba2,hrc18,src01@display=sequential
hrc09,hrc09,51c24e0f-2499-49c5-860a-84b17cff38be,hrc18,src01@display=sequential
hrc09,hrc09,a2feff48-6bd4-4bd1-9ccf-fc969c920cdf,hrc18,src01@display=sequential
hrc09,hrc18,9b12ec4a-fa08-4ab2-b239-ed08073ff262,hrc09,src01@display=sequential
hrc18,hrc09,d826d53b-0856-4aea-a51b-432806abb1e1,hrc18,src01@display=sequential
hrc09,hrc09,f3898e02-ebd4-402b-90c3-9f2575211afc,hrc18,src01@display=sequential
hrc09,hrc18,881a6c66-db05-40f7-ad8a-77648d2d237f,hrc09,src01@display=sequential
hrc12,hrc16,c4e9ca97-a225-4610-a601-6fb7b294f85c,hrc12,src05@display=sequential
hrc12,hrc16,cda2124f-abe9-453e-bbce-bd562f21785b,hrc12,src05@display=sequential
hrc12,hrc16,a3b8c3bd-c5e0-4e7d-9169-f1c735b1ad6a,hrc12,src05@display=sequential
hrc12,hrc12,78e26595-e75f-4806-a6ed-26d6e8f35a1b,hrc16,src05@display=sequential
hrc12,hrc12,464f84c4-5e60-4e85-94a9-c39e2530addd,hrc16,src05@display=sequential
hrc12,hrc12,b022effd-ca6f-4f69-a0f5-11bd78628639,hrc16,src05@display=sequential
hrc12,hrc16,7e54f228-a645-4144-a294-2ee406582705,hrc12,src05@display=sequential
hrc12,hrc16,54707083-dc19-4e62-8c91-f5df5e49ee2d,hrc12,src05@display=sequential
hrc12,hrc16,69c3ed9d-d1a6-4b14-a616-fef3656533bc,hrc12,src05@display=sequential
hrc12,hrc16,e821abbf-0fb6-4ae2-ac63-ba7b31bec9fc,hrc12,src05@display=sequential
hrc09,hrc02,cda2124f-abe9-453e-bbce-bd562f21785b,hrc09,src04@display=sequential
hrc09,hrc09,9e239992-9940-42db-9d49-1d0d8d937637,hrc02,src04@display=sequential
,hrc09,9c4a6974-4af6-4241-afbd-9ec8b051f3d6,hrc02,src04@display=sequential
hrc02,hrc09,24766b7c-1659-4b37-9e0d-5b94e92a320d,hrc02,src04@display=sequential
,hrc09,20a56b23-a069-49e5-b34d-d80c1af588d5,hrc02,src04@display=sequential
,hrc02,33baf34b-a2c0-4a23-9b3e-9d8242619fd3,hrc09,src04@display=sequential
hrc02,hrc09,d7b2a508-f469-4b1b-bfd6-e44749545450,hrc02,src04@display=sequential
,hrc09,78448630-72f5-4556-84ab-a02e39a647b6,hrc02,src04@display=sequential
,hrc02,dc52d562-4f4a-4a51-b429-caf6addea1be,hrc09,src04@display=sequential
,hrc09,7a99092a-1aef-4c46-ad48-570d36f8f632,hrc02,src04@display=sequential
hrc04,hrc05,cda2124f-abe9-453e-bbce-bd562f21785b,hrc04,src08@display=sequential
hrc04,hrc05,f29f68bb-6a96-4f0e-b690-847842a9a16d,hrc04,src08@display=sequential
hrc04,hrc04,2dbcc381-f90b-45b5-86a0-21b327c40e1c,hrc05,src08@display=sequential
hrc04,hrc04,105b98fb-1f96-406b-b05f-11ca59ac217d,hrc05,src08@display=sequential
hrc04,hrc04,c07bc56b-eae7-49b2-bab4-79cd32536be2,hrc05,src08@display=sequential
hrc04,hrc05,31811b90-af18-4758-9253-b38578b9ed62,hrc04,src08@display=sequential
hrc04,hrc04,8760b604-bde2-4d2a-8da9-0492b050506c,hrc05,src08@display=sequential
,hrc04,36b61036-3adf-409a-ba43-b95dd2257675,hrc05,src08@display=sequential
,hrc04,4a0e0461-c8eb-4110-a0b5-fad9b69abf34,hrc05,src08@display=sequential
hrc04,hrc04,705f7799-2d34-4d2e-b583-c65f61f6aa45,hrc05,src08@display=sequential
original,hrc07,cda2124f-abe9-453e-bbce-bd562f21785b,original,src01@display=sequential
hrc07,original,23314143-2b04-4e79-8a25-a9a2efd14f19,hrc07,src01@display=sequential
original,original,ff2c80e4-1759-42a7-a6bc-0b3eac9f9ed3,hrc07,src01@display=sequential
,hrc07,9be2aa59-4968-4b1b-8ba3-90356da3c013,original,src01@display=sequential
,original,aff72792-47ad-419e-9732-8b02aa415e28,hrc07,src01@display=sequential
original,hrc07,fed3c133-8a6c-4f5f-a931-1d3bf1e3cbfb,original,src01@display=sequential
,original,c88af769-d298-4298-800c-ad11fb29c899,hrc07,src01@display=sequential
original,hrc07,21fb7d74-ce7f-4a75-bbf9-60059b82b720,original,src01@display=sequential
original,hrc07,1d86cd8c-857c-4e48-a107-5f9463d42d40,original,src01@display=sequential
hrc07,hrc07,20ee2e43-5f41-4f76-b0c1-2ffe19f9602c,original,src01@display=sequential
hrc04,hrc09,cda2124f-abe9-453e-bbce-bd562f21785b,hrc04,src02@display=sequential
hrc04,hrc04,7686d813-d5e0-44f8-903b-16713b01a72d,hrc09,src02@display=sequential
,hrc04,1a3f82b3-7431-4271-b1d3-20a62c2c99dc,hrc09,src02@display=sequential
hrc04,hrc04,f9017240-e499-42f6-85ae-673f751f0c38,hrc09,src02@display=sequential
,hrc09,78e26595-e75f-4806-a6ed-26d6e8f35a1b,hrc04,src02@display=sequential
hrc04,hrc09,6f2c2f55-6d6c-4686-9a3c-50e7b4b47219,hrc04,src02@display=sequential
hrc04,hrc09,f526611a-a42a-4f2f-89d5-cc9e7efac493,hrc04,src02@display=sequential
,hrc04,9d509489-42a8-469c-8e72-777f35c39870,hrc09,src02@display=sequential
hrc09,hrc09,d826d53b-0856-4aea-a51b-432806abb1e1,hrc04,src02@display=sequential
,hrc09,38207576-6ad7-4dac-84da-904ae3c77cf8,hrc04,src02@display=sequential
hrc07,hrc13,53abf2c4-59eb-4444-ab2a-092449acce40,hrc07,src09@display=sequential
hrc07,hrc07,2b2fa8d6-a371-4df4-aaf9-2b8ac3c23030,hrc13,src09@display=sequential
hrc07,hrc13,105b98fb-1f96-406b-b05f-11ca59ac217d,hrc07,src09@display=sequential
hrc07,hrc07,0fca2270-5646-4e65-b178-a722179983b0,hrc13,src09@display=sequential
hrc07,hrc13,58a466cc-6ddb-4014-a5cc-732e55706d9a,hrc07,src09@display=sequential
hrc07,hrc07,cda2124f-abe9-453e-bbce-bd562f21785b,hrc13,src09@display=sequential
hrc07,hrc13,c3da5709-2e8a-49da-99c5-900fa16448d3,hrc07,src09@display=sequential
hrc07,hrc13,60d58be8-a3a8-44bf-a2b9-13792fb7c7a7,hrc07,src09@display=sequential
hrc07,hrc13,9baf0479-ee75-4c1d-a964-9c05587af8b1,hrc07,src09@display=sequential
hrc07,hrc07,a1c9f1fa-39f5-4736-862d-35205a62f9dc,hrc13,src09@display=sequential
hrc07,hrc07,22dbb752-8410-4e4d-8c96-e285cb6b6ee8,hrc09,src06@display=sequential
hrc07,hrc07,35dca9af-478f-4d4b-9b7e-5282ae66c558,hrc09,src06@display=sequential
hrc07,hrc07,84e9c5d9-f0e9-4b75-a0b5-ab23597e13db,hrc09,src06@display=sequential
hrc07,hrc07,e014ebd9-cd30-437e-a333-6be5f7828d6d,hrc09,src06@display=sequential
hrc07,hrc07,649135cd-e54f-4105-a2ff-d175b6e51c29,hrc09,src06@display=sequential
hrc07,hrc09,a79372d9-f532-4d0a-9819-25b31a6f5090,hrc07,src06@display=sequential
hrc07,hrc09,1d5750bc-8caa-403b-b8cb-7843720e4e19,hrc07,src06@display=sequential
hrc07,hrc09,8c00d752-4fc3-4e7d-a8df-d7ca2c6a73a2,hrc07,src06@display=sequential
hrc07,hrc07,5cfef51c-f7c4-4010-a911-a45be2a4d919,hrc09,src06@display=sequential
hrc07,hrc07,f56c1990-5b48-4e2a-8ed9-84e0a4db16d1,hrc09,src06@display=sequential
hrc09,hrc18,22dbb752-8410-4e4d-8c96-e285cb6b6ee8,hrc09,src02@display=sequential
hrc09,hrc18,1192c78f-0781-43ea-8c31-4352aa897a64,hrc09,src02@display=sequential
hrc09,hrc18,86df2c31-3d5e-4c20-8931-c3ef97cc34cd,hrc09,src02@display=sequential
hrc09,hrc09,2e1c5ff1-e376-4bef-a680-7c80520888f0,hrc18,src02@display=sequential
hrc09,hrc18,e6117117-5dce-465d-9049-31c50c6c61b0,hrc09,src02@display=sequential
hrc09,hrc18,d680646f-4054-409d-a496-91a707fd4885,hrc09,src02@display=sequential
hrc09,hrc18,66b92e37-0b75-4aba-990d-ca47cf686540,hrc09,src02@display=sequential
hrc09,hrc09,292650bb-01af-4e38-b7ab-f6c163fcea4c,hrc18,src02@display=sequential
hrc09,hrc18,0fc10e59-0cf3-4b60-acf5-c2e37e215cad,hrc09,src02@display=sequential
hrc09,hrc09,0e6bd588-76a1-47fe-8393-5e2f3cf4168a,hrc18,src02@display=sequential
hrc17,hrc17,22dbb752-8410-4e4d-8c96-e285cb6b6ee8,hrc18,src08@display=sequential
hrc18,hrc18,9aa9ce3f-8ff6-4653-96df-427197849f72,hrc17,src08@display=sequential
hrc18,hrc17,1e281513-db9f-4c23-aacd-a5fc0f3f0ece,hrc18,src08@display=sequential
hrc18,hrc17,46f38607-110d-49ab-b60c-8c1ab9421949,hrc18,src08@display=sequential
,hrc18,1211caf9-9b1b-4189-8c44-f768b7ee496c,hrc17,src08@display=sequential
hrc17,hrc17,f286d2c9-0a31-42fd-af9d-f5d49f3d8482,hrc18,src08@display=sequential
hrc18,hrc17,3ae937fd-57fd-4920-85e7-0a88238197d1,hrc18,src08@display=sequential
,hrc18,2d3fa1a6-afde-4886-bbd9-6d6ae7788071,hrc17,src08@display=sequential
hrc17,hrc17,7e199bb2-9e3d-466f-b778-f12547a0ef72,hrc18,src08@display=sequential
hrc17,hrc18,3337d50f-3ff4-4b00-9c35-a238978ffa06,hrc17,src08@display=sequential
,hrc17,22dbb752-8410-4e4d-8c96-e285cb6b6ee8,hrc02,src05@display=sequential
hrc02,hrc17,4458597e-489f-4665-bcbf-9197d0b1b47d,hrc02,src05@display=sequential
hrc02,hrc02,78303b02-0ba1-4849-8789-c6c7c276bb31,hrc17,src05@display=sequential
hrc17,hrc17,de673751-ad54-476d-9e45-5e82a3cea63d,hrc02,src05@display=sequential
hrc02,hrc17,22074075-da3a-4a59-a374-cfaa2d150fbb,hrc02,src05@display=sequential
hrc02,hrc17,1fbd93ac-8eb8-4d25-8246-22f21c4c0993,hrc02,src05@display=sequential
hrc02,hrc02,db107cd9-dbe7-4902-afda-5ae89c3af6c2,hrc17,src05@display=sequential
hrc02,hrc17,7dad68b5-2969-4d35-8426-a97f213bdaf4,hrc02,src05@display=sequential
,hrc02,4095c1dd-b4e9-4e29-a6dd-67556deddbb5,hrc17,src05@display=sequential
hrc02,hrc17,45764b9e-1aaf-4afb-89d1-6d2cc38d7c1a,hrc02,src05@display=sequential
original,original,22dbb752-8410-4e4d-8c96-e285cb6b6ee8,hrc09,src09@display=sequential
original,hrc09,52c48d4b-8b72-4117-a188-ce6867e127a7,original,src09@display=sequential
original,original,495902a1-5f30-4da7-9e15-e95a6286afc8,hrc09,src09@display=sequential
original,hrc09,5f234167-2bce-417e-a7b1-13f637af5124,original,src09@display=sequential
original,original,15823cce-8dd0-4043-a063-eb157f7a8b5f,hrc09,src09@display=sequential
original,hrc09,29c269f6-6a68-452f-966a-32a3b90781a1,original,src09@display=sequential
original,original,7062c3bd-bec4-41ad-a49d-387ebc46bfd2,hrc09,src09@display=sequential
,hrc09,22b292e9-7a17-4b4a-9a09-0681caae291e,original,src09@display=sequential
original,hrc09,1632c427-02e0-4a5c-aef6-97645307543a,original,src09@display=sequential
original,hrc09,97e1763f-e2a6-4c83-a1cd-6cc36cd155bf,original,src09@display=sequential
hrc09,hrc09,2e75be72-13cf-403c-aed6-59327c99ac9a,hrc13,src07@display=sequential
hrc09,hrc09,5fb511a7-580f-4be2-9e53-b66cd6b5246a,hrc13,src07@display=sequential
hrc09,hrc13,45dbc247-317c-43c0-b2b1-effff92bd167,hrc09,src07@display=sequential
hrc09,hrc09,73bc4325-66f7-441c-aedd-b9b15a616e60,hrc13,src07@display=sequential
hrc09,hrc13,603ab446-f84f-4a09-9a90-7409bcc0d3b8,hrc09,src07@display=sequential
hrc09,hrc09,4edaa347-68b5-4565-a1dd-fe591c6a83f0,hrc13,src07@display=sequential
hrc09,hrc09,f469abc3-589d-4d1c-965e-33a7e258ed76,hrc13,src07@display=sequential
hrc09,hrc13,77e6627f-e93f-4de6-839e-47512ff2f2b3,hrc09,src07@display=sequential
hrc09,hrc09,22dbb752-8410-4e4d-8c96-e285cb6b6ee8,hrc13,src07@display=sequential
hrc09,hrc13,e14946cd-907b-4bb4-a50f-16353833a3a1,hrc09,src07@display=sequential
hrc04,hrc04,22dbb752-8410-4e4d-8c96-e285cb6b6ee8,hrc09,src04@display=sequential
hrc04,hrc04,917a52c4-6014-43e2-8f2f-185321b5e7d2,hrc09,src04@display=sequential
,hrc04,54a067ea-cabb-4df6-8f37-67a5eb1b48d5,hrc09,src04@display=sequential
,hrc09,9a3c3143-eeae-4a15-a35f-894bc5b74e70,hrc04,src04@display=sequential
hrc04,hrc04,15ec9909-579a-4944-b785-eeb1176c8f46,hrc09,src04@display=sequential
hrc04,hrc09,c8fcb579-4361-48f4-ad8c-190c038f943f,hrc04,src04@display=sequential
hrc04,hrc09,5c7751e7-9750-4406-9966-89fd02b9c880,hrc04,src04@display=sequential
,hrc09,08473901-0621-448d-b64d-61aa72567205,hrc04,src04@display=sequential
,hrc09,7da8dfa4-005e-42d2-ab14-f8fe93f5ae5a,hrc04,src04@display=sequential
,hrc09,388ed430-804e-41cf-99d5-f38198e8fcd1,hrc04,src04@display=sequential
hrc21,hrc18,22dbb752-8410-4e4d-8c96-e285cb6b6ee8,hrc21,src01@display=sequential
hrc21,hrc21,33285b45-2963-4ceb-8111-877417789be1,hrc18,src01@display=sequential
hrc21,hrc18,3be288f6-8041-4043-b452-46e8a67d7014,hrc21,src01@display=sequential
hrc21,hrc21,438e8653-e2e4-4d7e-b701-1cd1aff05f82,hrc18,src01@display=sequential
hrc21,hrc21,6b3e1fe5-2144-4a32-9c96-22e81b465526,hrc18,src01@display=sequential
hrc21,hrc21,e70ba9af-4c86-4f6e-a2c8-54afd6b7c818,hrc18,src01@display=sequential
hrc21,hrc21,890b0e6e-f299-462d-aeeb-b186f01f6f70,hrc18,src01@display=sequential
hrc21,hrc18,72e7431d-e9dc-43b5-9e38-6d3780f298ea,hrc21,src01@display=sequential
hrc21,hrc18,d693e8cd-acbe-470b-bf2b-5c6ff409dc71,hrc21,src01@display=sequential
hrc21,hrc18,24321fc2-2364-4f6d-a25c-f593a13b061a,hrc21,src01@display=sequential
hrc16,hrc16,81da3e49-dd49-4dc1-b619-476371ae6e37,hrc05,src06@display=sequential
,hrc16,93c61817-07f1-4876-97ad-e44a7db757f1,hrc05,src06@display=sequential
hrc16,hrc16,98b09ff4-e3e5-4a56-a530-95ab35695116,hrc05,src06@display=sequential
hrc05,hrc16,c23c0921-9fcb-43fe-82f9-8e8f14fc0947,hrc05,src06@display=sequential
hrc16,hrc16,64f01562-adef-480b-927e-12872cada192,hrc05,src06@display=sequential
hrc16,hrc16,b3ab6afb-5443-4339-b704-960084f98591,hrc05,src06@display=sequential
hrc16,hrc16,71bca3dc-88af-418b-bc5c-901a819fd1f0,hrc05,src06@display=sequential
hrc16,hrc16,4d6decb6-ad5d-4bda-a1c3-198f1d83d3d6,hrc05,src06@display=sequential
hrc16,hrc05,b5b43c0b-1179-45bb-b87a-ff61774cbd0a,hrc16,src06@display=sequential
hrc16,hrc05,b022effd-ca6f-4f69-a0f5-11bd78628639,hrc16,src06@display=sequential
hrc04,hrc04,b022effd-ca6f-4f69-a0f5-11bd78628639,hrc08,src07@display=sequential
hrc04,hrc08,b75eed47-d9a5-4a29-b4b7-bab0ecbfaf72,hrc04,src07@display=sequential
hrc04,hrc04,4e7f36e0-2d5f-468a-920c-11bc1cdf8ff4,hrc08,src07@display=sequential
hrc04,hrc08,1c4a5a74-592e-4746-a113-78413df921cf,hrc04,src07@display=sequential
hrc04,hrc08,ec8fe5d2-66e6-446e-82d7-78a2c7f7243a,hrc04,src07@display=sequential
hrc04,hrc08,08222fec-a836-4bb3-bc8b-06590d580cca,hrc04,src07@display=sequential
,hrc04,ca040d77-a3dc-4939-89c0-9f953e9f9515,hrc08,src07@display=sequential
hrc04,hrc08,d693e8cd-acbe-470b-bf2b-5c6ff409dc71,hrc04,src07@display=sequential
hrc08,hrc08,867f48bf-2cb3-41b6-926b-b447ab6e1691,hrc04,src07@display=sequential
,hrc08,4a2d56ff-0393-4f08-9121-e22c41b4c51f,hrc04,src07@display=sequential
original,original,c23c0921-9fcb-43fe-82f9-8e8f14fc0947,hrc19,src01@display=sequential
original,original,13e19637-8aec-4d17-8256-c1a0879440e8,hrc19,src01@display=sequential
,original,f34eebbe-cadc-470b-ad67-fba97042993a,hrc19,src01@display=sequential
original,hrc19,f29f68bb-6a96-4f0e-b690-847842a9a16d,original,src01@display=sequential
,hrc19,aa69d5d4-b9af-4cba-94f6-bdfd76ca0b84,original,src01@display=sequential
original,hrc19,b022effd-ca6f-4f69-a0f5-11bd78628639,original,src01@display=sequential
original,original,6c11fc1a-b4f0-4525-855f-f6a00b5409e8,hrc19,src01@display=sequential
original,hrc19,74af2a5c-993c-4783-9d09-ade01b63051f,original,src01@display=sequential
original,original,6167a62f-8c9a-478a-bf9c-8c81420948a8,hrc19,src01@display=sequential
original,hrc19,33646442-3d35-4986-9939-550b7bd59125,original,src01@display=sequential
hrc04,hrc13,b022effd-ca6f-4f69-a0f5-11bd78628639,hrc04,src02@display=sequential
hrc04,hrc04,62dfcc1a-f13d-43b7-b124-9461292a7415,hrc13,src02@display=sequential
hrc04,hrc04,c4e9ca97-a225-4610-a601-6fb7b294f85c,hrc13,src02@display=sequential
hrc04,hrc04,651b3bb1-0c2e-4a58-a8ff-c03001964285,hrc13,src02@display=sequential
hrc04,hrc13,a013f115-1c9c-4d46-85b2-9e4c2673ab14,hrc04,src02@display=sequential
hrc04,hrc04,c06fa6f7-ddd2-43d1-96e0-1284e8008c14,hrc13,src02@display=sequential
hrc04,hrc13,e88a08d0-13f6-4bf9-ad6e-ddd7c77f7373,hrc04,src02@display=sequential
hrc04,hrc04,77d2ccfb-ea78-4f68-bea0-064eb802d8b9,hrc13,src02@display=sequential
hrc04,hrc04,7636c232-cf8e-42d0-9b8d-10d48c444b17,hrc13,src02@display=sequential
hrc04,hrc04,c92c9904-292e-420d-8f51-77a57c673a5c,hrc13,src02@display=sequential
hrc04,hrc04,b022effd-ca6f-4f69-a0f5-11bd78628639,hrc17,src03@display=sequential
hrc04,hrc04,86aa1c54-0c9f-4963-8bac-800d7ac6c0bb,hrc17,src03@display=sequential
hrc04,hrc17,695a6249-20a5-4e4b-b196-197f51830570,hrc04,src03@display=sequential
hrc04,hrc17,e7965f16-6621-4854-84b4-b552c5738880,hrc04,src03@display=sequential
hrc04,hrc17,909ad99b-fa8b-4cfd-b7e7-e4df1f5f24b9,hrc04,src03@display=sequential
hrc04,hrc04,b1be1c63-dc1e-454a-9783-8aac04ad515d,hrc17,src03@display=sequential
hrc04,hrc04,201ca70f-e731-4e8e-a125-f82579361303,hrc17,src03@display=sequential
hrc04,hrc17,8b0638be-1f8e-4353-bfc3-9e38c96115eb,hrc04,src03@display=sequential
hrc04,hrc17,5682da16-b011-4915-aa49-e3e1d3037386,hrc04,src03@display=sequential
hrc04,hrc17,a289f0fe-8e3d-48c8-b3d3-d09b6d17b9f8,hrc04,src03@display=sequential
hrc08,hrc08,b022effd-ca6f-4f69-a0f5-11bd78628639,hrc21,src08@display=sequential
hrc21,hrc08,0e041457-20d5-4bd4-b6ad-bb8eef3e9ad3,hrc21,src08@display=sequential
,hrc08,fc6ca1a9-48a6-41d5-b5ca-d7fa40d1a43e,hrc21,src08@display=sequential
,hrc08,a07f105d-b327-4e67-a324-e213ab12c547,hrc21,src08@display=sequential
hrc21,hrc08,15823cce-8dd0-4043-a063-eb157f7a8b5f,hrc21,src08@display=sequential
hrc21,hrc21,e94bde4d-255d-47f6-bdbf-d781c9955022,hrc08,src08@display=sequential
hrc21,hrc21,aa235a56-2c9d-4248-b414-4fb6bb6ad697,hrc08,src08@display=sequential
hrc08,hrc21,a45092db-c7cb-43ec-9349-5066f42b90bf,hrc08,src08@display=sequential
hrc21,hrc21,bec08049-04b7-4efb-b381-ac88d95a053d,hrc08,src08@display=sequential
hrc21,hrc21,c4b4c465-69fa-4440-8297-38bbd5b0b5d4,hrc08,src08@display=sequential
hrc13,hrc17,4d6decb6-ad5d-4bda-a1c3-198f1d83d3d6,hrc13,src03@display=sequential
hrc17,hrc13,e93873b4-0ba1-44f7-9892-01237fb79aed,hrc17,src03@display=sequential
hrc13,hrc17,f4e36280-7ab6-4bf1-afd0-2b3094871ff7,hrc13,src03@display=sequential
hrc13,hrc17,7fc4fb94-b7e7-4237-8e77-087183634925,hrc13,src03@display=sequential
hrc13,hrc17,58f5993c-9061-4198-9190-1ba69c8c5bf2,hrc13,src03@display=sequential
hrc17,hrc17,37d9329c-b27d-4e17-9128-3c5b2f9003e1,hrc13,src03@display=sequential
hrc17,hrc17,4045a842-9f7c-40f9-80be-3d5831d6a738,hrc13,src03@display=sequential
hrc13,hrc13,c16ea7fc-f3f0-4ec9-bca4-b83eb9159aa1,hrc17,src03@display=sequential
hrc13,hrc13,3f6f7d1f-5885-4133-a799-55fe9e5a3cd2,hrc17,src03@display=sequential
hrc17,hrc17,867f48bf-2cb3-41b6-926b-b447ab6e1691,hrc13,src03@display=sequential
hrc21,hrc21,4d6decb6-ad5d-4bda-a1c3-198f1d83d3d6,hrc05,src02@display=sequential
hrc21,hrc05,a0461a72-81fc-4492-9cad-96ba9f7bacbb,hrc21,src02@display=sequential
hrc21,hrc21,a5bfd6b9-ec5f-49d7-aad5-4f7a6c1bef00,hrc05,src02@display=sequential
hrc21,hrc05,b75eed47-d9a5-4a29-b4b7-bab0ecbfaf72,hrc21,src02@display=sequential
hrc21,hrc21,9980f22a-f115-45f1-b3a2-d12fd0dd8cf1,hrc05,src02@display=sequential
hrc21,hrc05,d7ccb7af-590f-4f88-bbdb-cb8e68e72518,hrc21,src02@display=sequential
hrc21,hrc05,814ba963-799b-4345-bf39-65bfbb22105a,hrc21,src02@display=sequential
hrc21,hrc21,4a76f2f7-9d33-49ba-8cc4-1cf92c5da2d4,hrc05,src02@display=sequential
hrc21,hrc05,48a9efad-0b20-49da-b47d-ae93af5ce867,hrc21,src02@display=sequential
hrc21,hrc05,4286ceb2-7535-49c7-ae3e-0a69c7960068,hrc21,src02@display=sequential
hrc08,hrc02,f6994c6d-9f18-45f3-b54f-2940b888587f,hrc08,src08@display=sequential
hrc02,hrc08,50722701-91d9-4f7c-90bb-e44edfd4f1a5,hrc02,src08@display=sequential
hrc02,hrc02,e7297da4-8b5e-4b1f-9e73-3e1484bc53f0,hrc08,src08@display=sequential
hrc02,hrc02,4d6decb6-ad5d-4bda-a1c3-198f1d83d3d6,hrc08,src08@display=sequential
,hrc02,25b75a3c-786b-44b3-b448-9883ab9d0990,hrc08,src08@display=sequential
hrc02,hrc02,2c034a31-b04b-4132-be9d-cebcbabb4380,hrc08,src08@display=sequential
,hrc02,fb3aa600-7dad-4017-b757-92ee188220dc,hrc08,src08@display=sequential
hrc02,hrc08,90c69d83-f3c8-4671-a98e-f65b76cbcde7,hrc02,src08@display=sequential
,hrc02,c78abaca-70ac-4a0d-97cd-ccdda203382b,hrc08,src08@display=sequential
hrc02,hrc08,a2212010-e7af-4f03-b283-3bf430b0d63b,hrc02,src08@display=sequential
hrc21,hrc21,4d6decb6-ad5d-4bda-a1c3-198f1d83d3d6,hrc17,src04@display=sequential
hrc21,hrc21,57357bed-fa07-439c-9372-137abde6515b,hrc17,src04@display=sequential
hrc17,hrc21,5f05bf2e-edd6-48ae-83b0-bbad9be59c03,hrc17,src04@display=sequential
hrc21,hrc17,e4bae4c3-c65c-4141-9322-84691c956ebc,hrc21,src04@display=sequential
,hrc17,7522b6a2-33fd-4d39-9892-118173704b57,hrc21,src04@display=sequential
hrc21,hrc17,2a501377-6471-4b25-8716-04c3807bc81d,hrc21,src04@display=sequential
hrc21,hrc17,51c24e0f-2499-49c5-860a-84b17cff38be,hrc21,src04@display=sequential
,hrc17,48f844e9-7586-4d74-aa4f-ea6cc7b0f7e5,hrc21,src04@display=sequential
hrc21,hrc21,66bbfe16-e8a0-4b41-bbb9-8d4184c0f119,hrc17,src04@display=sequential
hrc21,hrc17,6e129bbe-9076-4e00-af2d-e7504a9dc166,hrc21,src04@display=sequential
hrc09,hrc19,4d6decb6-ad5d-4bda-a1c3-198f1d83d3d6,hrc09,src05@display=sequential
hrc09,hrc09,047278b9-b1d1-4203-80b2-6735cc761abe,hrc19,src05@display=sequential
hrc09,hrc19,5a61f938-bcc9-4393-8100-91e4bdd9d9a3,hrc09,src05@display=sequential
hrc19,hrc19,315a0286-5f6d-4248-832d-03fd03fd9243,hrc09,src05@display=sequential
hrc19,hrc09,ce8245a5-280a-422c-b0dd-f82448221858,hrc19,src05@display=sequential
hrc09,hrc09,7874da72-8ea1-4e57-abe0-af1f5b35cf3a,hrc19,src05@display=sequential
hrc09,hrc19,1429be8c-2d52-47df-b521-60ee72622965,hrc09,src05@display=sequential
hrc19,hrc09,71bca3dc-88af-418b-bc5c-901a819fd1f0,hrc19,src05@display=sequential
hrc09,hrc09,c045d23e-3f3b-4b8e-8905-9903e31dea71,hrc19,src05@display=sequential
hrc09,hrc09,5da512f4-fb90-48d2-9129-8557fd670449,hrc19,src05@display=sequential
hrc04,hrc16,a63fa9ac-58ac-4b07-a9c8-fa73440cdfb5,hrc04,src04@display=sequential
hrc04,hrc04,f29f68bb-6a96-4f0e-b690-847842a9a16d,hrc16,src04@display=sequential
hrc04,hrc16,5411fe28-313e-4207-ad33-9c1acd9b0640,hrc04,src04@display=sequential
hrc04,hrc16,bea90b0c-2411-4578-a6bf-accb02560906,hrc04,src04@display=sequential
hrc04,hrc16,7b386b95-ce0d-4fce-a835-59be5bcfc864,hrc04,src04@display=sequential
hrc04,hrc04,6b48482e-fbd7-4085-8717-135a3fa6b351,hrc16,src04@display=sequential
hrc04,hrc04,7fa97596-ab87-40b3-8e98-d7cad94abbea,hrc16,src04@display=sequential
hrc04,hrc04,ccdcf626-e732-4c39-ade0-7e667a11b9de,hrc16,src04@display=sequential
hrc04,hrc04,e30de58c-2d4b-4fe4-b9a6-ad385c04edad,hrc16,src04@display=sequential
hrc04,hrc04,7ff3ca3e-cf96-4966-a02a-b9eab26a658b,hrc16,src04@display=sequential
hrc20,hrc20,a63fa9ac-58ac-4b07-a9c8-fa73440cdfb5,hrc13,src05@display=sequential
hrc13,hrc13,7c7af9a4-0f7b-49fd-bb78-618f89ecaaef,hrc20,src05@display=sequential
hrc20,hrc13,64b1b899-f049-46b3-a73c-f6a9365c1ed0,hrc20,src05@display=sequential
hrc20,hrc20,f27b0cf6-7468-44af-be54-21169745fbb1,hrc13,src05@display=sequential
hrc20,hrc13,aff72792-47ad-419e-9732-8b02aa415e28,hrc20,src05@display=sequential
hrc20,hrc20,7e98f940-e3dc-44a6-a8fd-efa346cb7697,hrc13,src05@display=sequential
hrc20,hrc20,a4b0cbec-917c-418b-bdf9-82a0936f4905,hrc13,src05@display=sequential
hrc20,hrc13,4a0a8685-4887-49fe-b267-09c0f3258c10,hrc20,src05@display=sequential
hrc20,hrc20,8b0638be-1f8e-4353-bfc3-9e38c96115eb,hrc13,src05@display=sequential
hrc20,hrc20,ebbf9667-0a89-4ecf-ad92-4b6fd6d9112c,hrc13,src05@display=sequential
hrc09,hrc08,a63fa9ac-58ac-4b07-a9c8-fa73440cdfb5,hrc09,src07@display=sequential
hrc09,hrc09,c11955ae-3777-4424-a93d-4591403dad1e,hrc08,src07@display=sequential
hrc09,hrc08,aa5df311-6e77-419b-a840-ecac85c0bf57,hrc09,src07@display=sequential
hrc09,hrc08,5eb3a7bb-533a-4dbd-82c4-cd0fae2b33b0,hrc09,src07@display=sequential
hrc09,hrc08,93c57369-8b2e-4e2c-a35b-74535dfc3434,hrc09,src07@display=sequential
hrc09,hrc08,53f17f2b-6a32-4ac6-b226-91275dd8b985,hrc09,src07@display=sequential
hrc09,hrc09,3ae937fd-57fd-4920-85e7-0a88238197d1,hrc08,src07@display=sequential
hrc09,hrc08,45a5d03e-bea9-4566-83cb-7256c637b0f8,hrc09,src07@display=sequential
hrc09,hrc09,08f89d86-d913-4fe9-b96e-90342304c107,hrc08,src07@display=sequential
,hrc08,f3898e02-ebd4-402b-90c3-9f2575211afc,hrc09,src07@display=sequential
original,original,ee4e6658-a9aa-47c7-bee6-48666c24c37e,hrc04,src03@display=sequential
original,original,90a2641b-5fcb-41c9-ad89-2451fbfad6a7,hrc04,src03@display=sequential
,original,a3b8c3bd-c5e0-4e7d-9169-f1c735b1ad6a,hrc04,src03@display=sequential
,original,78f11d30-8cfb-4880-8a9d-194b1120ef55,hrc04,src03@display=sequential
original,original,a63fa9ac-58ac-4b07-a9c8-fa73440cdfb5,hrc04,src03@display=sequential
original,hrc04,341c1b82-e7ce-4438-87cc-44c4577e4532,original,src03@display=sequential
,original,aa69d5d4-b9af-4cba-94f6-bdfd76ca0b84,hrc04,src03@display=sequential
original,hrc04,9ad10c3e-1a1c-47c3-99bb-3662130048fd,original,src03@display=sequential
original,original,719b63b7-550b-4eab-be5d-8250b6731a2e,hrc04,src03@display=sequential
,hrc04,78e26595-e75f-4806-a6ed-26d6e8f35a1b,original,src03@display=sequential
original,hrc13,a63fa9ac-58ac-4b07-a9c8-fa73440cdfb5,original,src09@display=sequential
original,original,42144d90-79d5-4dd8-9d01-b29df2cc9f4a,hrc13,src09@display=sequential
original,original,99ac275c-68a7-481c-a3ec-e1a7ecf385c8,hrc13,src09@display=sequential
original,original,48ab3d96-1eab-4483-bf3f-b690ddb1a5cb,hrc13,src09@display=sequential
original,original,ccdcf626-e732-4c39-ade0-7e667a11b9de,hrc13,src09@display=sequential
original,hrc13,749cdf5a-d0cf-43c0-bdbe-6f69f45840d0,original,src09@display=sequential
original,hrc13,d10ee993-b3ae-434c-9a7b-a7d6ce66c776,original,src09@display=sequential
original,original,e57f0c1a-193e-4e7e-ad4a-41d517aa388f,hrc13,src09@display=sequential
original,hrc13,02ec8608-c527-44a4-ba72-94448cdae1ed,original,src09@display=sequential
original,original,eb42ae7c-e7ca-4b07-b2f1-d5d1b93224e7,hrc13,src09@display=sequential
hrc07,hrc05,a63fa9ac-58ac-4b07-a9c8-fa73440cdfb5,hrc07,src01@display=sequential
hrc07,hrc05,379e9519-d897-4cf1-b5cf-090662e13f2e,hrc07,src01@display=sequential
hrc07,hrc07,63f7f7f4-368f-486f-8fef-7458e62a7909,hrc05,src01@display=sequential
hrc07,hrc05,058eabcd-6fe1-4446-af05-c68fbd2bd0c6,hrc07,src01@display=sequential
hrc07,hrc05,de673751-ad54-476d-9e45-5e82a3cea63d,hrc07,src01@display=sequential
hrc07,hrc07,fdd71d4d-86e1-473c-8d6a-212eac301182,hrc05,src01@display=sequential
hrc07,hrc05,58c5db58-31c9-498a-84c7-f2656253c676,hrc07,src01@display=sequential
hrc07,hrc05,002808ce-aaff-4a9e-a4c9-3cd8d9b3ef6a,hrc07,src01@display=sequential
hrc07,hrc07,d52484c5-287b-49f5-92f9-d01055c2728e,hrc05,src01@display=sequential
hrc07,hrc07,a91842fe-969f-4065-af6f-8664becf98fe,hrc05,src01@display=sequential
hrc20,hrc04,f6994c6d-9f18-45f3-b54f-2940b888587f,hrc20,src03@display=sequential
hrc20,hrc04,3c6f9f56-45a3-4dd7-a38e-a5e2ecda05d4,hrc20,src03@display=sequential
hrc04,hrc20,12a93fbf-896e-43f7-8958-1af43801cf9f,hrc04,src03@display=sequential
hrc04,hrc20,3d5aadf7-0358-49ff-b541-71a9103878b1,hrc04,src03@display=sequential
hrc04,hrc20,64e2f67e-8d1c-4d48-8af3-8fcba72344a8,hrc04,src03@display=sequential
hrc04,hrc04,a939f7f9-e165-4264-99f1-558f02f6b709,hrc20,src03@display=sequential
,hrc20,2c0b6a6c-d0ad-404b-b47e-56a9c31d76f0,hrc04,src03@display=sequential
,hrc04,99f1e0ac-c8cc-4fc1-93e1-efcdcd8b78b3,hrc20,src03@display=sequential
,hrc04,8c16ccef-13f6-4933-9c0b-095fc895e7ab,hrc20,src03@display=sequential
hrc20,hrc20,5dc62e1a-77a7-42ff-b80f-ad839dbf8ba4,hrc04,src03@display=sequential
hrc02,hrc02,f6994c6d-9f18-45f3-b54f-2940b888587f,hrc19,src01@display=sequential
hrc02,hrc19,380f614f-b98d-4a9b-bb43-75930185afa8,hrc02,src01@display=sequential
hrc02,hrc19,c4e9ca97-a225-4610-a601-6fb7b294f85c,hrc02,src01@display=sequential
hrc02,hrc02,0a1969d8-7cd3-499e-8b05-180327e7639d,hrc19,src01@display=sequential
hrc02,hrc02,a5d75ac5-07f5-4c4c-bf5f-671d657d60b5,hrc19,src01@display=sequential
hrc02,hrc02,e1a81f7d-52d5-42f1-a2d0-3c29476b9636,hrc19,src01@display=sequential
hrc02,hrc02,5e7b7399-d11c-4dbd-b93c-a054a679a25f,hrc19,src01@display=sequential
hrc19,hrc02,b1c29b25-331d-4a78-aab8-01d110fd1e92,hrc19,src01@display=sequential
hrc19,hrc19,cb413348-33d5-4aa8-b00b-1200485f9b83,hrc02,src01@display=sequential
hrc02,hrc19,6a98c9e8-2ad1-4e94-9b64-768f79f5a556,hrc02,src01@display=sequential
hrc18,hrc18,f6994c6d-9f18-45f3-b54f-2940b888587f,hrc10,src07@display=sequential
hrc18,hrc10,9169b3e4-5bee-4ec0-b43b-ea915ccf9849,hrc18,src07@display=sequential
hrc18,hrc10,ad107398-33a4-4479-86ee-10181456c5b9,hrc18,src07@display=sequential
hrc18,hrc10,58a466cc-6ddb-4014-a5cc-732e55706d9a,hrc18,src07@display=sequential
hrc18,hrc18,a867dbaa-519b-4945-aa5a-9f6b4c6520b7,hrc10,src07@display=sequential
hrc18,hrc10,a471abf2-3b44-4da3-a664-17b747e632f6,hrc18,src07@display=sequential
hrc18,hrc18,78e26595-e75f-4806-a6ed-26d6e8f35a1b,hrc10,src07@display=sequential
hrc18,hrc10,ca65c3a0-fb0a-4804-a1b4-2f35acc5b559,hrc18,src07@display=sequential
hrc18,hrc18,f4fa6f10-58c2-4aea-9eff-1a0ec31b5e25,hrc10,src07@display=sequential
hrc18,hrc10,6e864a01-02fb-4ef4-8f67-60232783d138,hrc18,src07@display=sequential
hrc17,hrc12,f6994c6d-9f18-45f3-b54f-2940b888587f,hrc17,src04@display=sequential
hrc12,hrc17,5d2512ce-fedd-483b-818a-932259712b71,hrc12,src04@display=sequential
,hrc12,2e4c1a67-80bc-4b30-b6ca-da117c7f7ee9,hrc17,src04@display=sequential
hrc12,hrc12,5296ad33-1f8c-4621-a118-721bf71af4d3,hrc17,src04@display=sequential
hrc12,hrc12,1cec815b-399d-4f9d-93d3-0c26f0fc84db,hrc17,src04@display=sequential
hrc12,hrc17,745247a5-0200-4707-8b6c-14b19a0c8216,hrc12,src04@display=sequential
hrc12,hrc17,aa235a56-2c9d-4248-b414-4fb6bb6ad697,hrc12,src04@display=sequential
hrc12,hrc12,8c6347a1-9073-43a1-a02c-299b19f1b2b1,hrc17,src04@display=sequential
,hrc12,5c617a43-9028-40e4-9b65-09380b3527c4,hrc17,src04@display=sequential
hrc12,hrc17,2373027a-04a9-4d76-b084-f53e20ed3cf4,hrc12,src04@display=sequential
hrc12,hrc12,f6994c6d-9f18-45f3-b54f-2940b888587f,hrc10,src02@display=sequential
hrc12,hrc10,417eaad3-9ff2-4d1a-a693-5ae803839281,hrc12,src02@display=sequential
hrc12,hrc10,fc2d5087-17df-4c84-844b-23b0339b666b,hrc12,src02@display=sequential
hrc12,hrc12,a0705ba3-cba0-46ca-adaa-5ad1794e1188,hrc10,src02@display=sequential
hrc12,hrc10,aec7ed14-ebe5-4a27-971e-812aa92084ca,hrc12,src02@display=sequential
hrc12,hrc12,835319a2-89cb-4cdc-92ac-97ef2d4ab247,hrc10,src02@display=sequential
hrc12,hrc12,22b292e9-7a17-4b4a-9a09-0681caae291e,hrc10,src02@display=sequential
hrc12,hrc12,32984cad-d2a2-4070-9903-e1bb08e62b3e,hrc10,src02@display=sequential
hrc12,hrc12,b50ef8d4-8186-4583-b21a-e5735648587c,hrc10,src02@display=sequential
hrc12,hrc12,62657dbc-0939-45fd-b9d0-0c9a3b27d669,hrc10,src02@display=sequential
hrc09,hrc09,f6994c6d-9f18-45f3-b54f-2940b888587f,hrc05,src05@display=sequential
hrc09,hrc05,133d32f7-73d9-4005-b533-e890f9fae74f,hrc09,src05@display=sequential
hrc09,hrc09,2dbcc381-f90b-45b5-86a0-21b327c40e1c,hrc05,src05@display=sequential
hrc09,hrc09,6d66f594-4737-4487-b592-d48f77080be2,hrc05,src05@display=sequential
hrc09,hrc09,909ad99b-fa8b-4cfd-b7e7-e4df1f5f24b9,hrc05,src05@display=sequential
hrc09,hrc09,3266e1c9-08ee-4211-9f34-1170e2ecb043,hrc05,src05@display=sequential
hrc09,hrc09,cb413348-33d5-4aa8-b00b-1200485f9b83,hrc05,src05@display=sequential
hrc09,hrc09,12247555-aca9-429f-a207-b97cd9e2cbec,hrc05,src05@display=sequential
hrc09,hrc05,c79ca1a1-db1e-4f12-8a20-b18e8b065ead,hrc09,src05@display=sequential
hrc09,hrc05,c92c9904-292e-420d-8f51-77a57c673a5c,hrc09,src05@display=sequential
original,original,afcc6f96-522d-4ce5-a0c2-f2969675ad06,hrc10,src02@display=sequential
original,original,003d62a2-e400-4a0d-8dc3-7805faeb9a7b,hrc10,src02@display=sequential
original,hrc10,7cee5dec-b3f6-4b77-9f58-36202fc71af5,original,src02@display=sequential
original,original,4d913085-d3c6-4c34-9d18-eef3239c47cf,hrc10,src02@display=sequential
original,original,06327616-afdd-4927-bbaf-73de01dfa383,hrc10,src02@display=sequential
original,original,db107cd9-dbe7-4902-afda-5ae89c3af6c2,hrc10,src02@display=sequential
original,original,feabbea3-3eb7-46a6-9150-d41a3944603d,hrc10,src02@display=sequential
original,hrc10,091fadc3-64c7-48a1-8c46-a1233a3b21f1,original,src02@display=sequential
original,original,90fb2795-6b00-41e1-9332-4593f10a9aed,hrc10,src02@display=sequential
original,original,6b7cf11a-44c3-48d0-87a8-cdc05b3801e6,hrc10,src02@display=sequential
hrc02,hrc16,afcc6f96-522d-4ce5-a0c2-f2969675ad06,hrc02,src09@display=sequential
hrc02,hrc16,24d9d790-2ae1-466a-b5d4-7d54cbb3d13f,hrc02,src09@display=sequential
hrc02,hrc02,3635d543-6970-461c-b195-dfdb99a24318,hrc16,src09@display=sequential
hrc02,hrc02,a5d75ac5-07f5-4c4c-bf5f-671d657d60b5,hrc16,src09@display=sequential
hrc02,hrc02,600cbf91-d68d-4a24-9457-3bb048b161be,hrc16,src09@display=sequential
hrc02,hrc02,13318ebb-5875-4ff4-9460-a1cb3c93434a,hrc16,src09@display=sequential
hrc02,hrc02,80b3ebd0-5e38-448c-b3a3-151c11f59954,hrc16,src09@display=sequential
hrc02,hrc02,53740b0e-a70b-4465-b745-472a3a1afd99,hrc16,src09@display=sequential
hrc02,hrc02,4f149963-afe7-4e7f-882a-d92298266de8,hrc16,src09@display=sequential
hrc02,hrc02,b914574b-e89a-44f2-99af-2232911e216d,hrc16,src09@display=sequential
hrc20,hrc20,afcc6f96-522d-4ce5-a0c2-f2969675ad06,hrc16,src05@display=sequential
hrc20,hrc16,bc63bd48-5827-4995-891b-7fbc691fa6d1,hrc20,src05@display=sequential
hrc20,hrc16,20f66b79-3f1d-4554-88c5-52523b9a4b27,hrc20,src05@display=sequential
hrc20,hrc16,e96e0e40-8578-4490-afc3-dfb4e1b48a48,hrc20,src05@display=sequential
hrc20,hrc20,311f0ee0-925e-4e69-b13e-bffca005694b,hrc16,src05@display=sequential
hrc20,hrc16,928f738f-8508-48b5-a38d-33451eab8633,hrc20,src05@display=sequential
hrc20,hrc20,7ae38b5c-cd98-477d-a069-e103eed457c3,hrc16,src05@display=sequential
hrc20,hrc16,c4be62d3-fa6f-4723-a727-5c0950b7f27f,hrc20,src05@display=sequential
hrc20,hrc16,b15ee8e2-8539-4aa6-86f6-1722f5982b2e,hrc20,src05@display=sequential
hrc20,hrc20,b30b28f7-3557-4eef-8ebe-423e04fd98e7,hrc16,src05@display=sequential
hrc09,hrc12,afcc6f96-522d-4ce5-a0c2-f2969675ad06,hrc09,src08@display=sequential
,hrc09,c71727c6-7153-435c-987a-c909d1f6afb3,hrc12,src08@display=sequential
hrc09,hrc09,57c09e89-1614-4d50-8112-d27c826ebf65,hrc12,src08@display=sequential
hrc09,hrc09,71e14685-9bb1-453e-940d-07a99ca5950b,hrc12,src08@display=sequential
hrc09,hrc09,8a46bc78-31c5-412e-82cb-6ace35e90b6b,hrc12,src08@display=sequential
hrc12,hrc09,7e119710-3485-4cd1-b324-8038bbd18930,hrc12,src08@display=sequential
,hrc09,fe88ec31-e062-4ec6-a7c6-455dc015a155,hrc12,src08@display=sequential
hrc09,hrc09,37ec1046-f236-4488-a333-7f304a5fdfc7,hrc12,src08@display=sequential
hrc09,hrc09,f4fa6f10-58c2-4aea-9eff-1a0ec31b5e25,hrc12,src08@display=sequential
hrc09,hrc12,798ea17c-f39f-4bc5-94bc-74a3062693f7,hrc09,src08@display=sequential
hrc12,hrc12,1d2ed32a-13f4-4021-896f-073296654209,hrc10,src07@display=sequential
hrc12,hrc12,9e9f603a-fd4f-46bf-a2e2-a50497486075,hrc10,src07@display=sequential
hrc12,hrc10,76e7a6ec-c031-4a31-a249-f205679c4482,hrc12,src07@display=sequential
hrc12,hrc12,6138f355-0d67-4ba4-b05d-14e0b0d74414,hrc10,src07@display=sequential
hrc12,hrc10,9ea19e1f-428b-414a-abdf-c1e51f9afe71,hrc12,src07@display=sequential
hrc12,hrc10,bfbecf9a-5392-4f42-9ec6-fc3f122112b5,hrc12,src07@display=sequential
hrc12,hrc10,0a1969d8-7cd3-499e-8b05-180327e7639d,hrc12,src07@display=sequential
hrc12,hrc10,09fcdbbf-de96-4dac-b347-e69c88a3876a,hrc12,src07@display=sequential
hrc12,hrc10,d7668104-cefe-4f34-ad17-149c4cbe34b1,hrc12,src07@display=sequential
hrc12,hrc10,93c61817-07f1-4876-97ad-e44a7db757f1,hrc12,src07@display=sequential
hrc19,hrc19,afcc6f96-522d-4ce5-a0c2-f2969675ad06,hrc10,src04@display=sequential
hrc19,hrc19,5ba03f4d-6560-4a57-94c8-966615c2029b,hrc10,src04@display=sequential
hrc19,hrc19,3d0bf3f3-3243-42a4-9bc4-85c569e83dff,hrc10,src04@display=sequential
hrc19,hrc10,e1d09195-68a7-4a6e-873b-35cb494a81e2,hrc19,src04@display=sequential
hrc19,hrc10,1b351bd1-c7e8-4893-b9e4-2df5e96440bc,hrc19,src04@display=sequential
hrc19,hrc19,8760b604-bde2-4d2a-8da9-0492b050506c,hrc10,src04@display=sequential
hrc19,hrc19,c45da97c-cc8c-48a8-94f1-397f7240fae3,hrc10,src04@display=sequential
hrc19,hrc10,d4868a7d-8256-414b-84a9-825087f26e37,hrc19,src04@display=sequential
hrc19,hrc19,bd7b1f78-9c0e-4064-9134-e2e03080215b,hrc10,src04@display=sequential
hrc19,hrc19,f34eebbe-cadc-470b-ad67-fba97042993a,hrc10,src04@display=sequential
hrc09,hrc02,afcc6f96-522d-4ce5-a0c2-f2969675ad06,hrc09,src03@display=sequential
hrc02,hrc02,cce62b97-6ffc-4119-89f5-102422ff2691,hrc09,src03@display=sequential
hrc02,hrc09,e3f0a209-352a-4445-aea0-2de5126ac546,hrc02,src03@display=sequential
,hrc09,8f5ce5d7-602e-4a26-b3ba-4beeab07c0a8,hrc02,src03@display=sequential
hrc09,hrc02,5a14dca9-ea09-4194-8bd6-e5eb2d3a4404,hrc09,src03@display=sequential
,hrc09,6929c469-fe35-443d-a2ef-95c2eea44139,hrc02,src03@display=sequential
hrc09,hrc09,f34d42ab-f3d5-493e-8f12-2070d370cbea,hrc02,src03@display=sequential
hrc02,hrc09,52e41e38-4c61-40bc-bb28-cafdfe4bcb7f,hrc02,src03@display=sequential
hrc09,hrc02,364332c7-5e58-405e-a1a2-57c7e65b6f31,hrc09,src03@display=sequential
hrc02,hrc09,a4b0cbec-917c-418b-bdf9-82a0936f4905,hrc02,src03@display=sequential
original,hrc02,afcc6f96-522d-4ce5-a0c2-f2969675ad06,original,src01@display=sequential
,original,c7393313-6dbc-4da9-9dd7-d677cd4aa45b,hrc02,src01@display=sequential
hrc02,original,2d0c771e-dcc5-4ab1-96dd-5be09e162328,hrc02,src01@display=sequential
original,hrc02,c7b767ec-2634-44e9-a9b0-29d5046ff17a,original,src01@display=sequential
original,hrc02,d2b4d696-aa3f-4f64-842e-b95ddd65449e,original,src01@display=sequential
original,original,6bfdc018-e316-4308-9e36-75b96fbf87db,hrc02,src01@display=sequential
hrc02,original,93c57369-8b2e-4e2c-a35b-74535dfc3434,hrc02,src01@display=sequential
original,hrc02,feabc2a1-9004-4146-acc3-3609cc50300a,original,src01@display=sequential
original,original,2e79172f-46f4-4734-ae33-91f9f5c22bbf,hrc02,src01@display=sequential
hrc02,hrc02,0bf55f15-f420-47f7-affc-2654b7277ec7,original,src01@display=sequential
,hrc21,60d58be8-a3a8-44bf-a2b9-13792fb7c7a7,hrc12,src05@display=sequential
hrc21,hrc21,7e2bc83e-d940-4d78-9383-608319aca71c,hrc12,src05@display=sequential
,hrc21,1a2abb6c-4336-478a-91fa-c99e4106a3cc,hrc12,src05@display=sequential
,hrc12,515db079-946d-43fc-ad4f-da5008eb87ea,hrc21,src05@display=sequential
,hrc12,aec7ed14-ebe5-4a27-971e-812aa92084ca,hrc21,src05@display=sequential
hrc12,hrc12,d9b5fc53-9935-4007-bdae-6fa5e7e7fc92,hrc21,src05@display=sequential
hrc12,hrc21,f94f6753-69d0-480c-9955-cef718ee907a,hrc12,src05@display=sequential
,hrc21,fb3aa600-7dad-4017-b757-92ee188220dc,hrc12,src05@display=sequential
hrc21,hrc21,e9f063c9-f724-4652-b11a-5e4f1b67c58a,hrc12,src05@display=sequential
hrc12,hrc12,0441b07d-420d-4150-9b33-b41f9f87be60,hrc21,src05@display=sequential
hrc21,hrc09,60d58be8-a3a8-44bf-a2b9-13792fb7c7a7,hrc21,src06@display=sequential
hrc21,hrc09,0ff4298a-a194-4522-8ac6-1ea12733aa57,hrc21,src06@display=sequential
hrc21,hrc21,74d70012-3006-4be8-92f9-a6511f1400f5,hrc09,src06@display=sequential
hrc21,hrc09,f4e36280-7ab6-4bf1-afd0-2b3094871ff7,hrc21,src06@display=sequential
hrc21,hrc09,8d4e5eed-e5d0-458f-bd23-a31748731768,hrc21,src06@display=sequential
hrc21,hrc21,433d4e34-b646-4538-941d-0a21131fb37c,hrc09,src06@display=sequential
hrc21,hrc09,a9df2d8e-b4c7-406b-9550-b482d25879cf,hrc21,src06@display=sequential
hrc21,hrc09,3ae937fd-57fd-4920-85e7-0a88238197d1,hrc21,src06@display=sequential
hrc21,hrc09,f4fa6f10-58c2-4aea-9eff-1a0ec31b5e25,hrc21,src06@display=sequential
hrc21,hrc21,f6dcbb2a-6b4d-4e46-99b1-4179f4898cd0,hrc09,src06@display=sequential
hrc07,hrc07,60d58be8-a3a8-44bf-a2b9-13792fb7c7a7,hrc05,src07@display=sequential
hrc05,hrc05,4927f150-d8a4-41da-b42a-b30169d85dd0,hrc07,src07@display=sequential
hrc07,hrc05,6f77a931-0bbb-4e7f-b5e3-a07ec26959fb,hrc07,src07@display=sequential
hrc07,hrc05,0691e239-86d2-4f18-9569-54691f5edf2c,hrc07,src07@display=sequential
hrc07,hrc05,81e4e011-635e-4e0c-84b4-cee59fe25ed0,hrc07,src07@display=sequential
hrc07,hrc05,04ec428f-6fd5-4052-bc85-65d3a3c8eb1f,hrc07,src07@display=sequential
hrc07,hrc07,5198b894-1131-4041-bcc1-62488fda0604,hrc05,src07@display=sequential
hrc07,hrc07,fb3aa600-7dad-4017-b757-92ee188220dc,hrc05,src07@display=sequential
hrc07,hrc05,64472def-2740-415f-828a-17a7931c64a8,hrc07,src07@display=sequential
hrc07,hrc07,fa99c6a8-18e7-4b07-b497-43ad86407f9c,hrc05,src07@display=sequential
hrc04,hrc04,60d58be8-a3a8-44bf-a2b9-13792fb7c7a7,hrc05,src04@display=sequential
hrc04,hrc05,2b36f719-882e-4e03-9131-8d4f3e7246a4,hrc04,src04@display=sequential
hrc04,hrc04,f97b08cc-e500-4b70-86c4-10b8a663d70b,hrc05,src04@display=sequential
hrc04,hrc05,566f1efe-c334-4e1c-bd9d-60079dd825db,hrc04,src04@display=sequential
hrc04,hrc04,8046912e-7adc-42c4-af5e-639cb0e9d717,hrc05,src04@display=sequential
hrc04,hrc05,e6649c05-bba4-4d31-98c7-8601374d6057,hrc04,src04@display=sequential
hrc04,hrc05,2f5c9d18-91f7-4d55-a880-82131b6af0d3,hrc04,src04@display=sequential
hrc04,hrc04,c4be62d3-fa6f-4723-a727-5c0950b7f27f,hrc05,src04@display=sequential
hrc04,hrc05,b5be2bf1-6a7d-4c5c-97a6-70da4d407bf6,hrc04,src04@display=sequential
hrc04,hrc05,ebbf9667-0a89-4ecf-ad92-4b6fd6d9112c,hrc04,src04@display=sequential
hrc09,hrc16,60d58be8-a3a8-44bf-a2b9-13792fb7c7a7,hrc09,src03@display=sequential
hrc09,hrc16,907299d4-1482-46f9-8444-e875e38eb7cb,hrc09,src03@display=sequential
hrc09,hrc09,04a47e94-ecc5-4706-a79a-e96f350141ed,hrc16,src03@display=sequential
hrc09,hrc09,0b983c9a-59ad-4422-bd89-8970550897f8,hrc16,src03@display=sequential
hrc09,hrc09,31c31db1-03c4-48b9-90e4-a916869f99fe,hrc16,src03@display=sequential
hrc09,hrc16,7cb4c25c-98f3-4c33-a8ef-2f1c44f8dd8a,hrc09,src03@display=sequential
hrc09,hrc16,f526611a-a42a-4f2f-89d5-cc9e7efac493,hrc09,src03@display=sequential
hrc09,hrc16,e394df73-758e-4644-8b8b-a189f9d65c6d,hrc09,src03@display=sequential
hrc09,hrc16,f469abc3-589d-4d1c-965e-33a7e258ed76,hrc09,src03@display=sequential
hrc09,hrc09,b914574b-e89a-44f2-99af-2232911e216d,hrc16,src03@display=sequential
,hrc12,60d58be8-a3a8-44bf-a2b9-13792fb7c7a7,hrc07,src08@display=sequential
hrc07,hrc12,baaf9ff2-3d2f-4282-ab3d-4f11c4e34d3c,hrc07,src08@display=sequential
,hrc12,1cd0a690-9a45-4224-b1bf-e4d32d4789b5,hrc07,src08@display=sequential
hrc12,hrc12,a464bb39-1622-4a87-b812-7b328917ca19,hrc07,src08@display=sequential
hrc07,hrc12,3a58be0e-af57-4db0-b60d-eb75d3e7c349,hrc07,src08@display=sequential
hrc12,hrc12,68c0527c-5834-4f6e-9b86-785f8c121744,hrc07,src08@display=sequential
hrc07,hrc12,777aa73c-e876-4af7-a998-55b2db8bf245,hrc07,src08@display=sequential
hrc12,hrc12,90fb2795-6b00-41e1-9332-4593f10a9aed,hrc07,src08@display=sequential
hrc12,hrc07,49d9d4cb-b8a1-4d99-ba2a-7e1346fc0627,hrc12,src08@display=sequential
hrc07,hrc07,f34eebbe-cadc-470b-ad67-fba97042993a,hrc12,src08@display=sequential
,hrc20,60d58be8-a3a8-44bf-a2b9-13792fb7c7a7,hrc08,src01@display=sequential
hrc20,hrc08,6d22f6aa-ae59-40dc-8725-da821af52e48,hrc20,src01@display=sequential
,hrc08,3205993c-aac2-4a12-b9f8-728328cdc06c,hrc20,src01@display=sequential
hrc20,hrc20,ce9bf68f-cff6-46ed-abc8-cc2f6af281e2,hrc08,src01@display=sequential
,hrc20,f3db176c-d706-4df7-8e35-7dc9132ab42d,hrc08,src01@display=sequential
hrc08,hrc08,64f09ad6-9f2d-4ed2-9f00-8b7388aca3d2,hrc20,src01@display=sequential
,hrc08,b2e4fd69-e297-428c-80bb-8e4c322696ae,hrc20,src01@display=sequential
hrc08,hrc08,2f199ff5-e6d7-4e86-b684-1c3b552baa9b,hrc20,src01@display=sequential
,hrc20,bc998eae-55a0-4a74-80a8-20a27838be1a,hrc08,src01@display=sequential
hrc08,hrc08,53ddf5cc-1602-4d03-9883-5332482a5feb,hrc20,src01@display=sequential
original,hrc21,93c61817-07f1-4876-97ad-e44a7db757f1,original,src03@display=sequential
,hrc21,44d4624d-7b6b-416b-8417-152d80891f36,original,src03@display=sequential
original,original,b4f11a5a-15eb-4899-9de8-5e5e981ce37f,hrc21,src03@display=sequential
original,hrc21,653d3a44-c7c2-4735-9899-3247fc68381e,original,src03@display=sequential
,hrc21,3521500f-73a5-4c23-853b-8f0ce5b3d92f,original,src03@display=sequential
original,original,29c269f6-6a68-452f-966a-32a3b90781a1,hrc21,src03@display=sequential
original,hrc21,13a2756e-95aa-41fb-bf5d-20e5c9679c7e,original,src03@display=sequential
original,original,6af851bd-70ae-4da3-8596-c12f262bb8a3,hrc21,src03@display=sequential
original,hrc21,01e8d7b6-3386-43b3-a8e3-f1af4d392224,original,src03@display=sequential
original,hrc21,bc00ffbe-d00a-4157-87b8-493e67cdc18b,original,src03@display=sequential
hrc09,hrc19,93c61817-07f1-4876-97ad-e44a7db757f1,hrc09,src09@display=sequential
hrc19,hrc09,a808a4de-7bea-4369-8f71-1cb7d12f07d2,hrc19,src09@display=sequential
hrc09,hrc19,2bc6723c-6d0f-472f-8eda-70e418545225,hrc09,src09@display=sequential
hrc09,hrc09,722cd235-b167-4f83-9e2c-44921da5a9d0,hrc19,src09@display=sequential
hrc09,hrc09,ecf73c1d-2209-4416-b005-26b678216634,hrc19,src09@display=sequential
,hrc19,f7a660f2-17ac-444a-980f-416641f86208,hrc09,src09@display=sequential
hrc09,hrc19,e14946cd-907b-4bb4-a50f-16353833a3a1,hrc09,src09@display=sequential
hrc19,hrc19,70d291f3-ba18-41ee-b459-63c9e8e05b5e,hrc09,src09@display=sequential
hrc09,hrc09,27178302-0773-447d-b736-e24bec3ac742,hrc19,src09@display=sequential
hrc09,hrc19,ec42671b-b220-4f4e-b118-4dcc01ef84f3,hrc09,src09@display=sequential
hrc19,hrc19,93c61817-07f1-4876-97ad-e44a7db757f1,hrc05,src05@display=sequential
hrc19,hrc05,84bd8de2-fe4e-426f-a1e4-82db2dee938f,hrc19,src05@display=sequential
hrc19,hrc19,17af30dd-f366-4fc2-ad54-e0bb255a4ebc,hrc05,src05@display=sequential
,hrc05,ad107398-33a4-4479-86ee-10181456c5b9,hrc19,src05@display=sequential
hrc19,hrc19,b7e97777-2add-42f9-95bf-19529261ff45,hrc05,src05@display=sequential
hrc19,hrc19,59a9f430-ab65-4955-9fcf-ce453281029a,hrc05,src05@display=sequential
hrc19,hrc19,4f149963-afe7-4e7f-882a-d92298266de8,hrc05,src05@display=sequential
hrc05,hrc19,86f1012a-cb24-4aea-8fb1-43cf2f564d78,hrc05,src05@display=sequential
,hrc05,2c034a31-b04b-4132-be9d-cebcbabb4380,hrc19,src05@display=sequential
hrc05,hrc19,c07bc56b-eae7-49b2-bab4-79cd32536be2,hrc05,src05@display=sequential
hrc02,hrc02,93c61817-07f1-4876-97ad-e44a7db757f1,hrc18,src01@display=sequential
hrc02,hrc02,a0461a72-81fc-4492-9cad-96ba9f7bacbb,hrc18,src01@display=sequential
hrc02,hrc18,aa2497f2-d324-449a-a3ea-ec31d2180c93,hrc02,src01@display=sequential
hrc02,hrc18,34168229-2e1e-4921-ac15-d92436d5a977,hrc02,src01@display=sequential
hrc02,hrc02,ea1fced5-67ab-4744-8af5-26b265424a52,hrc18,src01@display=sequential
hrc02,hrc02,e6649c05-bba4-4d31-98c7-8601374d6057,hrc18,src01@display=sequential
hrc02,hrc02,6928b695-0a44-43eb-bf33-2e73eea11790,hrc18,src01@display=sequential
hrc02,hrc02,56dca4c8-e374-4954-ad6b-2e964a5df796,hrc18,src01@display=sequential
hrc02,hrc18,232fe1a0-97fb-4560-816a-d80445fda792,hrc02,src01@display=sequential
hrc02,hrc18,fd313eca-0eb1-4b39-bd08-b5329f2c5e61,hrc02,src01@display=sequential
,hrc08,93c61817-07f1-4876-97ad-e44a7db757f1,hrc10,src02@display=sequential
hrc08,hrc10,90a2641b-5fcb-41c9-ad89-2451fbfad6a7,hrc08,src02@display=sequential
hrc08,hrc08,57357bed-fa07-439c-9372-137abde6515b,hrc10,src02@display=sequential
hrc08,hrc10,99ac275c-68a7-481c-a3ec-e1a7ecf385c8,hrc08,src02@display=sequential
,hrc10,2b2fa8d6-a371-4df4-aaf9-2b8ac3c23030,hrc08,src02@display=sequential
hrc08,hrc10,c0194955-c42e-4a2f-a1ab-b48fdb4fe5e8,hrc08,src02@display=sequential
hrc08,hrc08,d403c7b5-a23c-4583-90c0-5ed27e20b8f4,hrc10,src02@display=sequential
,hrc10,3294436f-ed2c-418c-b0a4-838f6d5f50b0,hrc08,src02@display=sequential
hrc08,hrc10,ffcb775b-526f-4e28-8b0a-a53af6cae4fc,hrc08,src02@display=sequential
,hrc10,3346d8dd-79a1-4cc2-96f1-d21cc148070a,hrc08,src02@display=sequential
,hrc04,93c61817-07f1-4876-97ad-e44a7db757f1,hrc08,src04@display=sequential
hrc04,hrc08,6afbcd4e-754d-4cb0-b039-3ad6afbf633b,hrc04,src04@display=sequential
hrc04,hrc04,02687abe-f686-4204-92d8-486ea4cbc178,hrc08,src04@display=sequential
hrc04,hrc08,5edda708-1a28-4132-b481-b6ce1ef44440,hrc04,src04@display=sequential
,hrc04,e6fc1745-e793-4db0-a5ca-9fe262db0dcb,hrc08,src04@display=sequential
hrc04,hrc08,5f9aaee4-8689-4753-9a70-a5d7dac11e95,hrc04,src04@display=sequential
hrc04,hrc08,20110c53-5600-4f67-a39a-6d0375743519,hrc04,src04@display=sequential
hrc04,hrc08,56755160-bea5-4805-81da-59fc5cab28ad,hrc04,src04@display=sequential
hrc04,hrc08,84ca7dac-b83d-46e1-8a3f-6934889b29fd,hrc04,src04@display=sequential
hrc04,hrc08,4430b16c-a339-4f7d-bfc4-59c4c73b0b30,hrc04,src04@display=sequential
hrc21,hrc16,aa69d5d4-b9af-4cba-94f6-bdfd76ca0b84,hrc21,src02@display=sequential
hrc21,hrc16,8b550bbc-1620-4719-858f-a2cdbb3ff4b0,hrc21,src02@display=sequential
hrc21,hrc16,5f05bf2e-edd6-48ae-83b0-bbad9be59c03,hrc21,src02@display=sequential
hrc21,hrc21,aa5df311-6e77-419b-a840-ecac85c0bf57,hrc16,src02@display=sequential
hrc21,hrc21,2c034a31-b04b-4132-be9d-cebcbabb4380,hrc16,src02@display=sequential
hrc21,hrc21,628344eb-f0b3-4307-bba4-fd09f7dcc56b,hrc16,src02@display=sequential
hrc21,hrc16,8d17603d-66f1-4773-afa0-a9d1c2441752,hrc21,src02@display=sequential
hrc21,hrc21,5d3dc6a3-01dc-43b0-8cff-bfbde0c40871,hrc16,src02@display=sequential
hrc21,hrc16,8c6347a1-9073-43a1-a02c-299b19f1b2b1,hrc21,src02@display=sequential
hrc21,hrc16,c0edb15c-ab68-46ab-8a8a-1fa175f7c810,hrc21,src02@display=sequential
hrc20,hrc17,bea90b0c-2411-4578-a6bf-accb02560906,hrc20,src09@display=sequential
hrc20,hrc17,8caf3bb1-46b2-4cff-b052-ecb1b2e9b9b1,hrc20,src09@display=sequential
hrc20,hrc20,a1f80cb0-486f-4698-bf3f-26cb0a65d353,hrc17,src09@display=sequential
hrc17,hrc17,e4f818a1-7ee9-47f2-81ca-391cad0569a5,hrc20,src09@display=sequential
hrc20,hrc17,fa36cb57-e118-4fa0-b207-5cb949f290dd,hrc20,src09@display=sequential
hrc20,hrc20,b243f138-b89c-4c3a-8879-9292987c0c27,hrc17,src09@display=sequential
hrc20,hrc20,cd922de2-9a97-41f7-8997-e5d71aef0342,hrc17,src09@display=sequential
hrc20,hrc17,11310c79-0068-4f33-a341-a8ddbb36beb9,hrc20,src09@display=sequential
hrc20,hrc17,51c24e0f-2499-49c5-860a-84b17cff38be,hrc20,src09@display=sequential
hrc20,hrc17,aa69d5d4-b9af-4cba-94f6-bdfd76ca0b84,hrc20,src09@display=sequential
,hrc04,aa69d5d4-b9af-4cba-94f6-bdfd76ca0b84,hrc07,src07@display=sequential
hrc07,hrc04,f29f68bb-6a96-4f0e-b690-847842a9a16d,hrc07,src07@display=sequential
,hrc07,3a388285-6747-4423-817b-a7ad15ef6563,hrc04,src07@display=sequential
hrc07,hrc04,6d22f6aa-ae59-40dc-8725-da821af52e48,hrc07,src07@display=sequential
,hrc07,50c67488-59d0-4940-a8b4-861e754c9111,hrc04,src07@display=sequential
hrc04,hrc07,298df3c7-d91b-4f74-be0d-afbb5a554566,hrc04,src07@display=sequential
hrc04,hrc04,49747077-9ad4-48ed-b0be-218faff3cc0c,hrc07,src07@display=sequential
,hrc07,393f17cf-39ac-43fc-8555-4164fc3d866b,hrc04,src07@display=sequential
,hrc04,4a0e0461-c8eb-4110-a0b5-fad9b69abf34,hrc07,src07@display=sequential
,hrc07,cb83eb86-11c6-454c-b320-99bbb9f9bb2f,hrc04,src07@display=sequential
hrc07,hrc07,59a9f430-ab65-4955-9fcf-ce453281029a,hrc18,src07@display=sequential
hrc07,hrc18,a5bfd6b9-ec5f-49d7-aad5-4f7a6c1bef00,hrc07,src07@display=sequential
hrc07,hrc07,4768c225-fe63-46e5-981e-e1034d688ad2,hrc18,src07@display=sequential
hrc07,hrc07,4bc0f60a-d132-4900-ad4c-38f780439f03,hrc18,src07@display=sequential
hrc07,hrc07,b06990da-cdb0-46ce-9ec1-4e2597c7c00a,hrc18,src07@display=sequential
hrc07,hrc07,a45092db-c7cb-43ec-9349-5066f42b90bf,hrc18,src07@display=sequential
hrc07,hrc18,b80f00b9-eab1-4fc9-807a-f0f2300dd67c,hrc07,src07@display=sequential
hrc07,hrc18,5cfef51c-f7c4-4010-a911-a45be2a4d919,hrc07,src07@display=sequential
hrc07,hrc18,e58844a6-5ea7-4ff9-84af-63ca198af1e2,hrc07,src07@display=sequential
hrc18,hrc18,3f40ceea-2e6d-472c-81ea-76ff6c95e550,hrc07,src07@display=sequential
hrc04,hrc08,59a9f430-ab65-4955-9fcf-ce453281029a,hrc04,src02@display=sequential
hrc04,hrc08,42144d90-79d5-4dd8-9d01-b29df2cc9f4a,hrc04,src02@display=sequential
hrc04,hrc04,e5023fe1-23dd-4132-99eb-54f07bb55f1c,hrc08,src02@display=sequential
hrc04,hrc04,ea1fced5-67ab-4744-8af5-26b265424a52,hrc08,src02@display=sequential
hrc04,hrc08,425d756e-d5e7-49bc-83a2-85e76ee9b31d,hrc04,src02@display=sequential
hrc04,hrc04,014398e2-d4da-4268-abcf-1761c994090f,hrc08,src02@display=sequential
hrc04,hrc08,c0841986-a23a-42a0-a152-ce477545bdd0,hrc04,src02@display=sequential
hrc04,hrc08,fb99a2e3-6eef-43f1-9bb6-9d2a39a89d68,hrc04,src02@display=sequential
hrc04,hrc04,42f73238-b3a1-4fb4-b12c-ebfe89f8bb5f,hrc08,src02@display=sequential
hrc04,hrc04,54610d4e-5622-4fe4-9db3-a3db3d3e936f,hrc08,src02@display=sequential
hrc09,hrc13,6afbcd4e-754d-4cb0-b039-3ad6afbf633b,hrc09,src06@display=sequential
hrc09,hrc13,8ff1358b-2362-4541-bef9-aaa77d3cedb2,hrc09,src06@display=sequential
hrc09,hrc09,7044ada3-fee5-4e71-a8b0-d3cfd7bd48dd,hrc13,src06@display=sequential
hrc09,hrc09,7fa97596-ab87-40b3-8e98-d7cad94abbea,hrc13,src06@display=sequential
hrc09,hrc13,e821abbf-0fb6-4ae2-ac63-ba7b31bec9fc,hrc09,src06@display=sequential
hrc09,hrc13,e1d09195-68a7-4a6e-873b-35cb494a81e2,hrc09,src06@display=sequential
hrc09,hrc13,59a9f430-ab65-4955-9fcf-ce453281029a,hrc09,src06@display=sequential
hrc09,hrc09,feabc2a1-9004-4146-acc3-3609cc50300a,hrc13,src06@display=sequential
hrc09,hrc13,5081c565-b48b-48ae-a702-a224554798b4,hrc09,src06@display=sequential
hrc09,hrc13,b33b3126-3379-45c3-aee4-013638446db5,hrc09,src06@display=sequential
,original,59a9f430-ab65-4955-9fcf-ce453281029a,hrc20,src01@display=sequential
original,original,c01f1046-c717-4ff9-8dad-7421859fc613,hrc20,src01@display=sequential
original,hrc20,8bc8cdd6-aa66-4cdd-9b76-76c9e52981fa,original,src01@display=sequential
,hrc20,985b2187-2e8e-497a-87c3-80cdc7a2058a,original,src01@display=sequential
original,hrc20,11e0d1ca-a7ee-4489-9f90-88cd738b1ecd,original,src01@display=sequential
,original,77e6627f-e93f-4de6-839e-47512ff2f2b3,hrc20,src01@display=sequential
original,original,8ffc1eb7-3d8c-4803-a4ae-6c512d5e5478,hrc20,src01@display=sequential
hrc20,hrc20,4bd6af01-9fac-4ed3-9eb7-a3274aeb5661,original,src01@display=sequential
original,original,99d9d038-42e4-4055-a1db-51c247b52d8c,hrc20,src01@display=sequential
original,original,fa4c43d0-3260-4144-aefb-de55089af488,hrc20,src01@display=sequential
hrc04,hrc04,23a11d58-2368-47e0-af93-d8596fc7db71,hrc17,src05@display=sequential
hrc04,hrc04,eadb6c2b-306e-44cc-aff9-fcde6aa2a7d8,hrc17,src05@display=sequential
hrc04,hrc04,b98660c4-d820-49f5-ad84-51b0f9ad2f61,hrc17,src05@display=sequential
hrc04,hrc17,a3577c25-bda4-48cb-856e-c8b69b4cad2f,hrc04,src05@display=sequential
hrc04,hrc04,a97fc96e-5fbe-4371-a9ec-14da0c0f764f,hrc17,src05@display=sequential
hrc04,hrc04,37a3a09a-748e-4cea-8c39-9b3b93a32ee8,hrc17,src05@display=sequential
hrc04,hrc17,0f1643f2-3736-40f1-a861-503a0ba59cf8,hrc04,src05@display=sequential
hrc04,hrc04,2daff1ae-37c2-45ec-b0eb-0e2eb34872bb,hrc17,src05@display=sequential
hrc04,hrc04,e88a08d0-13f6-4bf9-ad6e-ddd7c77f7373,hrc17,src05@display=sequential
hrc04,hrc17,1f668c3f-b8ef-42dd-8802-092f59e99fc3,hrc04,src05@display=sequential
hrc21,hrc21,a598dfc3-ed57-44eb-8b48-92b2c1dd6086,hrc18,src02@display=sequential
hrc21,hrc21,cb66df87-875e-4b42-86b6-694bfeb1313b,hrc18,src02@display=sequential
hrc21,hrc21,23a11d58-2368-47e0-af93-d8596fc7db71,hrc18,src02@display=sequential
hrc21,hrc18,2f40feab-34a7-4195-ae6f-b5f696ff05b4,hrc21,src02@display=sequential
hrc21,hrc18,6505fbd9-0847-4bf1-bc8a-09532291d090,hrc21,src02@display=sequential
hrc21,hrc18,285e6ce4-b740-4a6e-9a62-d17f2e36da56,hrc21,src02@display=sequential
hrc21,hrc21,e94d62b4-1674-49d2-9d93-d83fdf7fc0a9,hrc18,src02@display=sequential
hrc21,hrc18,ec5fe569-3e08-47cb-aadb-ea0b09d17525,hrc21,src02@display=sequential
hrc21,hrc21,603ab446-f84f-4a09-9a90-7409bcc0d3b8,hrc18,src02@display=sequential
hrc21,hrc21,2c370320-38ea-4dce-8087-b3357e95e335,hrc18,src02@display=sequential
original,hrc05,23a11d58-2368-47e0-af93-d8596fc7db71,original,src06@display=sequential
original,original,1351a736-f69a-4aea-8bae-fbd4e5704cde,hrc05,src06@display=sequential
original,original,786e97ac-4266-4756-9693-1128d669933d,hrc05,src06@display=sequential
original,hrc05,a17e1f28-022f-402d-a120-9119be72ae5f,original,src06@display=sequential
original,original,c4041511-376e-4f71-9c8e-acac17d0954a,hrc05,src06@display=sequential
original,hrc05,33920445-a272-4833-a2bd-b60fa5a04536,original,src06@display=sequential
original,original,c39301ac-544e-4bb2-85a7-b38cbff67bc4,hrc05,src06@display=sequential
original,hrc05,f62c787c-9092-47b5-b493-5f371ecab9f3,original,src06@display=sequential
original,hrc05,130f97dd-bd25-4da8-ac72-85c683f293af,original,src06@display=sequential
original,hrc05,b15ee8e2-8539-4aa6-86f6-1722f5982b2e,original,src06@display=sequential
hrc07,hrc07,00fb48d3-939f-4d8f-a974-6c0799e28570,hrc04,src03@display=sequential
hrc04,hrc04,78448630-72f5-4556-84ab-a02e39a647b6,hrc07,src03@display=sequential
,hrc07,6135ed7f-5dda-4d85-87d3-be5893060467,hrc04,src03@display=sequential
hrc07,hrc07,f4c93ef6-9b4c-4208-b5f1-c0827cbfa484,hrc04,src03@display=sequential
hrc07,hrc07,99f86dbc-c997-48dd-a808-f815dab7c068,hrc04,src03@display=sequential
,hrc04,f081f320-f89e-4b1d-8b57-482c199bf00f,hrc07,src03@display=sequential
hrc04,hrc04,ebdd1319-f262-41ca-aba9-aabc27f9c28a,hrc07,src03@display=sequential
,hrc07,91f8e990-7ac5-44d9-aeb9-f8235aeea663,hrc04,src03@display=sequential
hrc04,hrc04,cd93290d-ba13-4799-b353-1cd2be21562b,hrc07,src03@display=sequential
,hrc07,23a11d58-2368-47e0-af93-d8596fc7db71,hrc04,src03@display=sequential
,hrc04,819d099f-3867-4dc9-9654-7215ae56bc6b,hrc19,src07@display=sequential
hrc19,hrc04,d54f6b38-56cd-4ea7-8dbb-93a511ddf7eb,hrc19,src07@display=sequential
hrc04,hrc04,56981384-e0ba-4ec4-a6ea-fec5f32b3988,hrc19,src07@display=sequential
,hrc04,23a11d58-2368-47e0-af93-d8596fc7db71,hrc19,src07@display=sequential
hrc04,hrc19,9f415f14-b6f8-4ff3-a032-bc39cc814b73,hrc04,src07@display=sequential
hrc04,hrc19,ec6a0331-4b38-43ac-a93c-18edcb2a5488,hrc04,src07@display=sequential
hrc04,hrc04,175a965b-e302-46aa-b701-fb087c49b74f,hrc19,src07@display=sequential
hrc04,hrc04,bc383371-8a6a-4048-bcf3-f4daac498ef0,hrc19,src07@display=sequential
,hrc04,ea1fced5-67ab-4744-8af5-26b265424a52,hrc19,src07@display=sequential
hrc04,hrc04,c1345d78-3ad8-4f4a-8031-beffe95a18af,hrc19,src07@display=sequential
hrc17,hrc10,88b7d5e7-b41b-421a-921d-06967d0f16d3,hrc17,src01@display=sequential
hrc17,hrc10,d54f6b38-56cd-4ea7-8dbb-93a511ddf7eb,hrc17,src01@display=sequential
hrc10,hrc17,3f1c16f9-0d28-48e7-a3c4-0941df878231,hrc10,src01@display=sequential
hrc17,hrc17,45dbc247-317c-43c0-b2b1-effff92bd167,hrc10,src01@display=sequential
hrc17,hrc17,463e62be-6f60-44e3-bc69-d7d4bd290f0d,hrc10,src01@display=sequential
hrc17,hrc17,23a11d58-2368-47e0-af93-d8596fc7db71,hrc10,src01@display=sequential
hrc17,hrc17,c19a5422-36d3-49b8-b471-41caff52a8dc,hrc10,src01@display=sequential
hrc17,hrc17,26871ee6-07b2-4725-9d6b-d10cd6d6e8c8,hrc10,src01@display=sequential
hrc17,hrc10,649135cd-e54f-4105-a2ff-d175b6e51c29,hrc17,src01@display=sequential
hrc17,hrc10,133ad39e-5998-410a-b3de-f89eff90206c,hrc17,src01@display=sequential
hrc21,hrc12,cd922de2-9a97-41f7-8997-e5d71aef0342,hrc21,src07@display=sequential
hrc21,hrc21,38b31f9d-3706-4054-8720-2f012548436f,hrc12,src07@display=sequential
hrc21,hrc12,8c63c66c-47a3-47f5-b661-de0aa2715e65,hrc21,src07@display=sequential
hrc21,hrc21,907299d4-1482-46f9-8444-e875e38eb7cb,hrc12,src07@display=sequential
hrc21,hrc21,ce8245a5-280a-422c-b0dd-f82448221858,hrc12,src07@display=sequential
,hrc12,74cc3f67-0c1c-46ee-aa87-d1092bf64bb4,hrc21,src07@display=sequential
,hrc21,2a501377-6471-4b25-8716-04c3807bc81d,hrc12,src07@display=sequential
,hrc12,c45da97c-cc8c-48a8-94f1-397f7240fae3,hrc21,src07@display=sequential
,hrc21,13f2c5fd-55b0-4e23-a6b7-07c03eae90a4,hrc12,src07@display=sequential
,hrc21,f4e3ae9d-eacf-4aa7-8112-8fd261fe5350,hrc12,src07@display=sequential
hrc19,hrc19,cd922de2-9a97-41f7-8997-e5d71aef0342,hrc05,src08@display=sequential
hrc19,hrc05,33285b45-2963-4ceb-8111-877417789be1,hrc19,src08@display=sequential
hrc05,hrc19,7763f75d-5547-4454-ad57-f9fc777a23d9,hrc05,src08@display=sequential
hrc19,hrc19,71504043-233f-4a03-871a-8774e4c83b95,hrc05,src08@display=sequential
hrc19,hrc05,4ee218cc-9cd2-4178-9a02-4a72119ac7e5,hrc19,src08@display=sequential
hrc19,hrc05,7044ada3-fee5-4e71-a8b0-d3cfd7bd48dd,hrc19,src08@display=sequential
hrc19,hrc05,6ea4f9af-c257-4696-b51c-792ab1b5c848,hrc19,src08@display=sequential
hrc19,hrc19,7f99fd97-cecd-4573-bd45-b573347d0edd,hrc05,src08@display=sequential
hrc19,hrc05,89ffb17a-c99a-4e69-b200-2fd8e129e584,hrc19,src08@display=sequential
hrc19,hrc05,45dbc247-317c-43c0-b2b1-effff92bd167,hrc19,src08@display=sequential
hrc19,hrc19,cd922de2-9a97-41f7-8997-e5d71aef0342,hrc18,src04@display=sequential
,hrc19,1175b846-a79d-4505-bf4c-b367e1f83ba6,hrc18,src04@display=sequential
hrc19,hrc19,a5bfd6b9-ec5f-49d7-aad5-4f7a6c1bef00,hrc18,src04@display=sequential
hrc18,hrc18,f3b6f948-ae20-480b-b2e8-052f53a70678,hrc19,src04@display=sequential
,hrc18,53466a3c-2c62-4717-b913-22fec5e4d2d9,hrc19,src04@display=sequential
hrc19,hrc18,2eacc76c-1451-477e-9f61-195c6e0adf15,hrc19,src04@display=sequential
hrc19,hrc19,33920445-a272-4833-a2bd-b60fa5a04536,hrc18,src04@display=sequential
,hrc19,72f9a380-16df-4b12-b1ab-9dda8acc360a,hrc18,src04@display=sequential
hrc19,hrc19,e03f8435-2142-45a7-a15c-ecf62ea4f916,hrc18,src04@display=sequential
hrc19,hrc19,8ff1358b-2362-4541-bef9-aaa77d3cedb2,hrc18,src04@display=sequential
hrc19,hrc19,cd922de2-9a97-41f7-8997-e5d71aef0342,hrc16,src05@display=sequential
hrc19,hrc19,50f51bac-dcf9-417a-af31-515670431985,hrc16,src05@display=sequential
hrc19,hrc16,b3f255bf-c09c-4b9f-8244-955912f91178,hrc19,src05@display=sequential
hrc19,hrc19,2c95ff4f-49cb-486d-808e-f6b8faed6fd5,hrc16,src05@display=sequential
hrc19,hrc19,03ef0614-5880-4283-869c-e93d4b9d990e,hrc16,src05@display=sequential
hrc19,hrc16,8d4e5eed-e5d0-458f-bd23-a31748731768,hrc19,src05@display=sequential
hrc19,hrc16,42fb1927-baf0-4108-b7ea-960028526098,hrc19,src05@display=sequential
hrc19,hrc16,226606bc-5276-4f2d-9a2c-b56c14b8bcdf,hrc19,src05@display=sequential
hrc19,hrc16,07e0efcb-001f-491e-aa9f-cca467743d01,hrc19,src05@display=sequential
hrc19,hrc16,867f48bf-2cb3-41b6-926b-b447ab6e1691,hrc19,src05@display=sequential
hrc08,hrc05,93eb61f9-f2c9-4044-a736-d7a473301309,hrc08,src03@display=sequential
hrc08,hrc08,6989cf89-ca63-4fe0-b136-996ed741ce03,hrc05,src03@display=sequential
hrc08,hrc08,02687abe-f686-4204-92d8-486ea4cbc178,hrc05,src03@display=sequential
hrc08,hrc08,4224335e-26df-4d36-b1b2-51dc101f7e76,hrc05,src03@display=sequential
hrc08,hrc05,8f75f8b3-15e6-4e03-855b-627f9aee47aa,hrc08,src03@display=sequential
hrc08,hrc05,882969fc-cb3f-463a-ae31-0d7c32898c9f,hrc08,src03@display=sequential
hrc08,hrc08,8ab4a29f-8839-4f93-a204-7142e13cfeed,hrc05,src03@display=sequential
hrc08,hrc08,22dff3a5-9b27-475a-97c3-7edaf366b118,hrc05,src03@display=sequential
hrc08,hrc08,2c7b0073-dae3-4a21-a8ab-64e06361be0d,hrc05,src03@display=sequential
hrc08,hrc05,e71693e3-f3a8-4f43-b1a3-1094bcfee6b3,hrc08,src03@display=sequential
hrc09,hrc04,93eb61f9-f2c9-4044-a736-d7a473301309,hrc09,src08@display=sequential
hrc04,hrc09,82ab8023-9761-42d0-9676-339989d8363c,hrc04,src08@display=sequential
hrc04,hrc04,50f51bac-dcf9-417a-af31-515670431985,hrc09,src08@display=sequential
hrc04,hrc09,2b493139-f877-4c83-8de2-f89c1b5bbd54,hrc04,src08@display=sequential
hrc09,hrc04,8d05d45d-efc8-477b-95a3-8473ca645610,hrc09,src08@display=sequential
hrc09,hrc09,b9c3fca0-b2c9-405e-bd99-3fdff578567b,hrc04,src08@display=sequential
hrc09,hrc04,da4644b1-335d-468a-8df0-814cc400fa8a,hrc09,src08@display=sequential
hrc09,hrc09,c0f8aa5b-3cf4-493d-b074-c742adeec0bb,hrc04,src08@display=sequential
,hrc04,a07731ab-f9d3-46b8-b2de-afcf6b424aeb,hrc09,src08@display=sequential
,hrc04,bc998eae-55a0-4a74-80a8-20a27838be1a,hrc09,src08@display=sequential
hrc21,hrc16,a7e6cf69-b8cc-4cbc-964e-f6819e5cd6a4,hrc21,src04@display=sequential
hrc21,hrc21,dfac2e10-076c-4c94-b7a2-509a29363a96,hrc16,src04@display=sequential
hrc21,hrc21,364332c7-5e58-405e-a1a2-57c7e65b6f31,hrc16,src04@display=sequential
hrc21,hrc16,215a949e-c7d9-4a47-9700-b26141e218c8,hrc21,src04@display=sequential
hrc21,hrc16,eb574414-bf4c-4dbe-bd80-1f14e0b9c5c7,hrc21,src04@display=sequential
hrc21,hrc16,7e98f940-e3dc-44a6-a8fd-efa346cb7697,hrc21,src04@display=sequential
hrc21,hrc16,d7cd8168-3a39-4dea-bf95-7b583699eb81,hrc21,src04@display=sequential
hrc21,hrc16,f836f93f-9bb9-48a0-9294-9c768e1c23a2,hrc21,src04@display=sequential
hrc21,hrc16,90a2641b-5fcb-41c9-ad89-2451fbfad6a7,hrc21,src04@display=sequential
hrc21,hrc21,93eb61f9-f2c9-4044-a736-d7a473301309,hrc16,src04@display=sequential
hrc17,hrc17,93eb61f9-f2c9-4044-a736-d7a473301309,hrc08,src07@display=sequential
hrc17,hrc17,04813965-9b3c-43c9-9a9d-5a6941afef3d,hrc08,src07@display=sequential
hrc08,hrc17,353bad22-15fb-4dc6-8eed-7dd83f1c5ae6,hrc08,src07@display=sequential
hrc08,hrc08,7a2918f4-1036-462e-9ab0-f7d1b432cbf9,hrc17,src07@display=sequential
hrc08,hrc17,e94bde4d-255d-47f6-bdbf-d781c9955022,hrc08,src07@display=sequential
hrc08,hrc17,9addd87c-49c9-4ccb-b456-c9971f844026,hrc08,src07@display=sequential
hrc17,hrc08,32128d68-b864-4e0e-9c13-989300fe1f5d,hrc17,src07@display=sequential
hrc08,hrc08,b67bb1dd-dd7b-4f65-ae08-2eddf15f23f2,hrc17,src07@display=sequential
hrc17,hrc17,cd53e6fd-1592-4582-a526-ce3b91a4ea71,hrc08,src07@display=sequential
hrc08,hrc17,9f00faa6-a756-4269-a038-adb6de52ec0d,hrc08,src07@display=sequential
hrc12,hrc12,93eb61f9-f2c9-4044-a736-d7a473301309,hrc10,src09@display=sequential
hrc12,hrc12,c23c0921-9fcb-43fe-82f9-8e8f14fc0947,hrc10,src09@display=sequential
hrc12,hrc12,2fba8665-903d-4a1d-affb-1d9d331f49a4,hrc10,src09@display=sequential
,hrc10,3e1cdcff-b39c-4ab1-88c6-cc8a1b5ed717,hrc12,src09@display=sequential
hrc12,hrc12,0a613023-d4c7-4410-b039-c972f3cf3e04,hrc10,src09@display=sequential
hrc12,hrc12,e0deec6c-51b7-4f93-86ca-4d5c22a4d76d,hrc10,src09@display=sequential
hrc12,hrc12,02fd1a52-0f17-45c3-8185-fdbf6906e984,hrc10,src09@display=sequential
hrc12,hrc10,8faf10ee-8a92-42c5-8fbf-d7d96cf705cc,hrc12,src09@display=sequential
hrc12,hrc12,2c0b6a6c-d0ad-404b-b47e-56a9c31d76f0,hrc10,src09@display=sequential
hrc12,hrc10,b5be2bf1-6a7d-4c5c-97a6-70da4d407bf6,hrc12,src09@display=sequential
,hrc21,93eb61f9-f2c9-4044-a736-d7a473301309,hrc04,src06@display=sequential
hrc21,hrc04,33285b45-2963-4ceb-8111-877417789be1,hrc21,src06@display=sequential
hrc21,hrc04,3f4c851c-d791-4ae1-a409-b15ebc7602e2,hrc21,src06@display=sequential
hrc04,hrc04,c2db09e2-43d0-490d-a6c8-e264533673bf,hrc21,src06@display=sequential
hrc04,hrc21,db06cd08-012c-4984-9355-38a0ac42eeb1,hrc04,src06@display=sequential
hrc21,hrc21,93380f69-2886-467d-869a-4ea47e4331cc,hrc04,src06@display=sequential
,hrc21,3422834a-4094-4e5a-b388-6a1bda18368f,hrc04,src06@display=sequential
,hrc04,ab73b275-9ae8-46d7-b5f9-e2881e9ad887,hrc21,src06@display=sequential
hrc04,hrc21,0fc10e59-0cf3-4b60-acf5-c2e37e215cad,hrc04,src06@display=sequential
hrc04,hrc04,e9f063c9-f724-4652-b11a-5e4f1b67c58a,hrc21,src06@display=sequential
hrc07,hrc16,eab4dc38-820b-4c1b-a638-2b4a0f93a334,hrc07,src03@display=sequential
hrc07,hrc07,4a76f2f7-9d33-49ba-8cc4-1cf92c5da2d4,hrc16,src03@display=sequential
hrc07,hrc07,7f66d17f-e0f8-4000-938a-38fdb600fcc2,hrc16,src03@display=sequential
hrc07,hrc16,3e03b6ef-3501-4cab-a64d-2d85a706afe8,hrc07,src03@display=sequential
hrc07,hrc07,70d9005d-4cb3-4dce-a134-aee6f96d771a,hrc16,src03@display=sequential
hrc07,hrc16,1c06f64f-65bb-40e2-9a85-3330f967aefd,hrc07,src03@display=sequential
hrc07,hrc07,30065a50-d76b-477b-97ca-586bd68abc96,hrc16,src03@display=sequential
hrc07,hrc16,e94d62b4-1674-49d2-9d93-d83fdf7fc0a9,hrc07,src03@display=sequential
hrc07,hrc07,a97fc96e-5fbe-4371-a9ec-14da0c0f764f,hrc16,src03@display=sequential
hrc07,hrc07,d8ec2c52-de7d-4789-bb99-a91eb78cb08d,hrc16,src03@display=sequential
original,original,70d9005d-4cb3-4dce-a134-aee6f96d771a,hrc21,src06@display=sequential
hrc21,hrc21,6989cf89-ca63-4fe0-b136-996ed741ce03,original,src06@display=sequential
original,original,77ffe866-607d-40f5-97ad-5a9629b1c95b,hrc21,src06@display=sequential
,original,7cbdd433-0c91-4d60-ab7b-f1261aaa8fbd,hrc21,src06@display=sequential
original,original,29674e6d-089e-4429-a5a5-05030ef57cbc,hrc21,src06@display=sequential
original,hrc21,f358592f-c14f-4bc9-b4c3-6d0c3bb440cb,original,src06@display=sequential
,hrc21,43de5aa3-6ca6-4e25-9742-c63818d012ca,original,src06@display=sequential
,original,31ca5cac-d2b2-4d89-b282-f15c708df086,hrc21,src06@display=sequential
original,hrc21,65febfb3-2ea0-4b86-bc2e-3588fe6206d1,original,src06@display=sequential
original,hrc21,3d7aafda-1c1e-45bc-9428-96ed6bdab751,original,src06@display=sequential
hrc12,hrc10,70d9005d-4cb3-4dce-a134-aee6f96d771a,hrc12,src05@display=sequential
,hrc12,58845140-df28-4fce-bf1c-d785294ee30e,hrc10,src05@display=sequential
,hrc12,105b98fb-1f96-406b-b05f-11ca59ac217d,hrc10,src05@display=sequential
hrc12,hrc12,35777d6a-3f13-436d-aeac-f175175f5a1c,hrc10,src05@display=sequential
hrc10,hrc12,bd86f5f7-6fbd-4680-a9d5-5a34f343eba2,hrc10,src05@display=sequential
hrc12,hrc10,a9df2d8e-b4c7-406b-9550-b482d25879cf,hrc12,src05@display=sequential
hrc12,hrc12,13a2756e-95aa-41fb-bf5d-20e5c9679c7e,hrc10,src05@display=sequential
hrc12,hrc10,592ba6b5-cb27-4a57-8053-fde0747c3fb0,hrc12,src05@display=sequential
hrc12,hrc12,5efbb928-3bec-4b6c-b8c5-41607eba8d77,hrc10,src05@display=sequential
hrc12,hrc12,55682f9e-b267-4d99-8302-c1aa8186aa39,hrc10,src05@display=sequential
hrc21,hrc13,70d9005d-4cb3-4dce-a134-aee6f96d771a,hrc21,src01@display=sequential
hrc21,hrc21,f8bdbf2b-56fa-42ce-bc56-3bea94e0d7cb,hrc13,src01@display=sequential
hrc21,hrc13,105b98fb-1f96-406b-b05f-11ca59ac217d,hrc21,src01@display=sequential
hrc21,hrc21,4abc48f0-325c-4564-95b3-06db30c6e854,hrc13,src01@display=sequential
hrc21,hrc21,9f415f14-b6f8-4ff3-a032-bc39cc814b73,hrc13,src01@display=sequential
hrc21,hrc13,1519847b-b957-4b45-8e9f-db5d5f72b749,hrc21,src01@display=sequential
hrc21,hrc13,a7cb4167-b9d3-436d-a9d0-8bf14c40f7ac,hrc21,src01@display=sequential
hrc21,hrc21,7e119710-3485-4cd1-b324-8038bbd18930,hrc13,src01@display=sequential
hrc21,hrc21,db107cd9-dbe7-4902-afda-5ae89c3af6c2,hrc13,src01@display=sequential
hrc21,hrc21,c045d23e-3f3b-4b8e-8905-9903e31dea71,hrc13,src01@display=sequential
hrc07,hrc12,70d9005d-4cb3-4dce-a134-aee6f96d771a,hrc07,src02@display=sequential
hrc12,hrc07,c78abaca-70ac-4a0d-97cd-ccdda203382b,hrc12,src02@display=sequential
hrc07,hrc07,058eabcd-6fe1-4446-af05-c68fbd2bd0c6,hrc12,src02@display=sequential
,hrc07,5411fe28-313e-4207-ad33-9c1acd9b0640,hrc12,src02@display=sequential
,hrc12,11310c79-0068-4f33-a341-a8ddbb36beb9,hrc07,src02@display=sequential
hrc12,hrc12,0ae1ac23-5abd-4347-8efd-f7b4982e799c,hrc07,src02@display=sequential
hrc07,hrc12,0fca2270-5646-4e65-b178-a722179983b0,hrc07,src02@display=sequential
,hrc12,5dc62e1a-77a7-42ff-b80f-ad839dbf8ba4,hrc07,src02@display=sequential
hrc07,hrc12,72ed54fa-f4f0-473b-a829-ac89abe9d3c5,hrc07,src02@display=sequential
hrc07,hrc07,8ca2525f-c1cd-4738-8317-eea204eddd29,hrc12,src02@display=sequential
,original,6c67538e-6b84-46b3-bd4c-8c3389fbab32,hrc12,src08@display=sequential
original,hrc12,a6af3dc2-604d-4e26-9f55-4c28c4160630,original,src08@display=sequential
,original,28782d99-843d-4867-9073-5a0e48e63cf1,hrc12,src08@display=sequential
hrc12,hrc12,d13f540e-6390-44ec-8862-c0cc3a81cc74,original,src08@display=sequential
hrc12,hrc12,70d9005d-4cb3-4dce-a134-aee6f96d771a,original,src08@display=sequential
original,hrc12,42943899-85e5-447e-9c10-8493fc71be73,original,src08@display=sequential
original,hrc12,8caf3bb1-46b2-4cff-b052-ecb1b2e9b9b1,original,src08@display=sequential
,hrc12,a1fd54d6-0aeb-4802-a1a9-b0e31ab0ad36,original,src08@display=sequential
original,hrc12,dfac2e10-076c-4c94-b7a2-509a29363a96,original,src08@display=sequential
,hrc12,5ba03f4d-6560-4a57-94c8-966615c2029b,original,src08@display=sequential
hrc21,hrc19,6f77a931-0bbb-4e7f-b5e3-a07ec26959fb,hrc21,src06@display=sequential
hrc21,hrc21,53466a3c-2c62-4717-b913-22fec5e4d2d9,hrc19,src06@display=sequential
,hrc19,64c2f134-2df0-40e2-854a-c2cafa0df023,hrc21,src06@display=sequential
hrc21,hrc21,9169b3e4-5bee-4ec0-b43b-ea915ccf9849,hrc19,src06@display=sequential
,hrc21,65392d93-283c-4079-b9ae-ce016ea883f6,hrc19,src06@display=sequential
hrc21,hrc21,24321fc2-2364-4f6d-a25c-f593a13b061a,hrc19,src06@display=sequential
hrc21,hrc21,6ddc68b9-2043-40b0-8dca-222965fa9c27,hrc19,src06@display=sequential
hrc21,hrc19,16145d50-23f3-421b-8b7c-1f8e6a45b00e,hrc21,src06@display=sequential
,hrc19,ca15c732-cfca-497b-90c1-3f5fbb0dd541,hrc21,src06@display=sequential
,hrc19,b04ac0db-8699-48a2-96b6-61ae98dd8cf2,hrc21,src06@display=sequential
,hrc02,b04ac0db-8699-48a2-96b6-61ae98dd8cf2,hrc07,src08@display=sequential
hrc07,hrc02,b4f11a5a-15eb-4899-9de8-5e5e981ce37f,hrc07,src08@display=sequential
hrc02,hrc02,c5b0d22e-1cc5-4408-b4f7-e79652a808ee,hrc07,src08@display=sequential
hrc07,hrc02,f6e12820-1dde-4cf8-8de7-2dcccc84bffe,hrc07,src08@display=sequential
,hrc02,ab8731a7-c17c-49d1-881c-ab56930ea3e4,hrc07,src08@display=sequential
,hrc07,e6fc1745-e793-4db0-a5ca-9fe262db0dcb,hrc02,src08@display=sequential
,hrc07,085d2fd6-2fec-4af4-a870-d2963b430267,hrc02,src08@display=sequential
hrc02,hrc02,9fd1b181-02a1-4f1c-8cba-bb8193353de9,hrc07,src08@display=sequential
hrc07,hrc02,a78a2e8d-3a91-469c-b6d8-cb42a4121c57,hrc07,src08@display=sequential
hrc02,hrc02,c4483616-3ed2-4394-9493-213d0c170895,hrc07,src08@display=sequential
hrc04,hrc18,b04ac0db-8699-48a2-96b6-61ae98dd8cf2,hrc04,src01@display=sequential
hrc04,hrc04,382ad6ec-0b8e-44d5-9c4b-5833a1d00b0f,hrc18,src01@display=sequential
hrc04,hrc18,b189d345-e28a-4e58-9ed3-5e4acd21add1,hrc04,src01@display=sequential
hrc04,hrc04,0d7f37d0-f53e-4a52-a78b-afc17556431e,hrc18,src01@display=sequential
hrc04,hrc18,79fb1864-fb13-4926-a967-5398013e9d21,hrc04,src01@display=sequential
hrc04,hrc04,9d199c7e-9811-4344-b93f-7cc29ae8e563,hrc18,src01@display=sequential
hrc04,hrc04,a1f80cb0-486f-4698-bf3f-26cb0a65d353,hrc18,src01@display=sequential
hrc04,hrc18,0cc760c5-8660-492e-a4d2-c4360899975d,hrc04,src01@display=sequential
hrc04,hrc18,393f17cf-39ac-43fc-8555-4164fc3d866b,hrc04,src01@display=sequential
hrc04,hrc04,77d2ccfb-ea78-4f68-bea0-064eb802d8b9,hrc18,src01@display=sequential
hrc20,hrc12,b04ac0db-8699-48a2-96b6-61ae98dd8cf2,hrc20,src05@display=sequential
,hrc20,6afbcd4e-754d-4cb0-b039-3ad6afbf633b,hrc12,src05@display=sequential
hrc12,hrc12,d68fccce-10d0-4170-8046-4903861db29b,hrc20,src05@display=sequential
hrc12,hrc12,d8fe4329-c33c-4514-855a-4c687ff9f01f,hrc20,src05@display=sequential
,hrc12,a308165b-fe13-4927-8f58-a686634660c3,hrc20,src05@display=sequential
hrc12,hrc20,e94fa128-840a-4f1c-8d0a-7e3c963a8b83,hrc12,src05@display=sequential
hrc20,hrc20,29a74aa2-3f6f-413b-a6e7-f37994c1db18,hrc12,src05@display=sequential
,hrc20,63ceda33-c319-4414-8785-2b289e78177a,hrc12,src05@display=sequential
hrc12,hrc12,90fb2795-6b00-41e1-9332-4593f10a9aed,hrc20,src05@display=sequential
,hrc20,2d88bf11-2afb-4e46-aea9-b4aa2d240f8c,hrc12,src05@display=sequential
hrc12,hrc20,b04ac0db-8699-48a2-96b6-61ae98dd8cf2,hrc12,src07@display=sequential
hrc12,hrc20,38850f49-cd06-4f9a-a8c4-a06ca20d6707,hrc12,src07@display=sequential
hrc20,hrc20,c3da5709-2e8a-49da-99c5-900fa16448d3,hrc12,src07@display=sequential
,hrc20,0577b759-dc16-4e43-be93-2041e7934891,hrc12,src07@display=sequential
hrc20,hrc12,68c0527c-5834-4f6e-9b86-785f8c121744,hrc20,src07@display=sequential
,hrc20,1dbdf6dc-299d-4b99-8cdb-c46794344655,hrc12,src07@display=sequential
hrc12,hrc20,ffcb775b-526f-4e28-8b0a-a53af6cae4fc,hrc12,src07@display=sequential
hrc12,hrc20,ec42671b-b220-4f4e-b118-4dcc01ef84f3,hrc12,src07@display=sequential
,hrc12,7f3041e3-410f-4d6c-bbe7-88fa3f554f22,hrc20,src07@display=sequential
hrc12,hrc20,89c91ff0-a1a3-4604-95f9-2196ba8054bf,hrc12,src07@display=sequential
hrc20,hrc18,b04ac0db-8699-48a2-96b6-61ae98dd8cf2,hrc20,src02@display=sequential
hrc20,hrc20,1c222557-129c-413d-b05a-5e68afeca1fd,hrc18,src02@display=sequential
hrc20,hrc20,567005c0-484c-420a-8253-19699c82eee9,hrc18,src02@display=sequential
hrc20,hrc18,0da493d0-ea80-4d70-ba9e-e3f5ff77d39f,hrc20,src02@display=sequential
,hrc20,03ef0614-5880-4283-869c-e93d4b9d990e,hrc18,src02@display=sequential
hrc20,hrc18,61d2eaea-5d9d-432f-9d2b-228e869edc47,hrc20,src02@display=sequential
hrc20,hrc20,b1c29b25-331d-4a78-aab8-01d110fd1e92,hrc18,src02@display=sequential
hrc20,hrc20,f836f93f-9bb9-48a0-9294-9c768e1c23a2,hrc18,src02@display=sequential
hrc20,hrc18,8b0638be-1f8e-4353-bfc3-9e38c96115eb,hrc20,src02@display=sequential
,hrc20,6f7e0309-3095-4c2a-a58e-11232cacc3bd,hrc18,src02@display=sequential
hrc17,hrc17,b04ac0db-8699-48a2-96b6-61ae98dd8cf2,hrc16,src03@display=sequential
,hrc16,c71727c6-7153-435c-987a-c909d1f6afb3,hrc17,src03@display=sequential
hrc16,hrc16,84ca9dd6-4310-434b-946b-97d8f4b39485,hrc17,src03@display=sequential
,hrc17,8080cc99-04e0-4ae1-a824-a6d17c614abb,hrc16,src03@display=sequential
,hrc16,c1345d78-3ad8-4f4a-8031-beffe95a18af,hrc17,src03@display=sequential
hrc17,hrc17,722bc5b0-1968-480d-b0b6-f15b25ae5ec6,hrc16,src03@display=sequential
hrc16,hrc16,8ffc1eb7-3d8c-4803-a4ae-6c512d5e5478,hrc17,src03@display=sequential
hrc17,hrc17,7da8dfa4-005e-42d2-ab14-f8fe93f5ae5a,hrc16,src03@display=sequential
,hrc16,6e129bbe-9076-4e00-af2d-e7504a9dc166,hrc17,src03@display=sequential
,hrc16,10b76fc5-63d7-4546-af40-d353ff7c2bac,hrc17,src03@display=sequential
hrc21,hrc21,0b021756-c303-46dc-b638-0d261335d8af,hrc17,src05@display=sequential
hrc21,hrc21,b2050466-f235-4258-9cad-bdd9aa52afc2,hrc17,src05@display=sequential
hrc17,hrc17,211e49fa-fc80-47ae-a50a-15426f09fa31,hrc21,src05@display=sequential
hrc21,hrc21,fbb9f043-7950-41ce-817f-27e38dcf2bfb,hrc17,src05@display=sequential
hrc21,hrc17,7ba3a129-ae12-46de-8820-d5b53c634220,hrc21,src05@display=sequential
hrc21,hrc21,aabe9f34-7549-448a-833f-58a6f1923baf,hrc17,src05@display=sequential
hrc21,hrc17,c39301ac-544e-4bb2-85a7-b38cbff67bc4,hrc21,src05@display=sequential
hrc17,hrc21,3ae937fd-57fd-4920-85e7-0a88238197d1,hrc17,src05@display=sequential
hrc21,hrc21,bbb385de-3383-428c-810d-de9218736f6e,hrc17,src05@display=sequential
hrc21,hrc17,b1b18717-7abb-45b4-87fd-424cf2f20ca6,hrc21,src05@display=sequential
hrc20,hrc05,0b021756-c303-46dc-b638-0d261335d8af,hrc20,src07@display=sequential
hrc20,hrc05,70bd37da-a9f2-495e-86bf-87cc6eae4b9f,hrc20,src07@display=sequential
hrc20,hrc05,cfc289f5-548c-494d-8a96-40752a1ec3c7,hrc20,src07@display=sequential
hrc20,hrc20,3b8076ab-07ed-47d6-83b5-dcda486a3b18,hrc05,src07@display=sequential
hrc20,hrc20,cce62b97-6ffc-4119-89f5-102422ff2691,hrc05,src07@display=sequential
hrc20,hrc20,d10debac-78f1-47fd-b639-dd0a767a2115,hrc05,src07@display=sequential
hrc20,hrc20,9d2abd08-aa84-4b48-aeb3-697822d55fc6,hrc05,src07@display=sequential
hrc20,hrc20,b9b99a88-ac1f-4fe7-a09c-438e278f3476,hrc05,src07@display=sequential
hrc20,hrc05,f526611a-a42a-4f2f-89d5-cc9e7efac493,hrc20,src07@display=sequential
hrc20,hrc05,e30de58c-2d4b-4fe4-b9a6-ad385c04edad,hrc20,src07@display=sequential
hrc02,hrc16,0b021756-c303-46dc-b638-0d261335d8af,hrc02,src02@display=sequential
hrc02,hrc16,fdf2fd03-93a4-4751-b144-858499ab8b7f,hrc02,src02@display=sequential
hrc02,hrc02,c3cffd70-eea1-4c11-b2aa-5b2a38cdda11,hrc16,src02@display=sequential
hrc02,hrc16,f0119fe7-19cb-45d6-98b1-8d30f3994399,hrc02,src02@display=sequential
hrc02,hrc16,0abb605f-ad44-4d63-9bbd-84e2b37b9a07,hrc02,src02@display=sequential
hrc02,hrc02,0cd7633d-6ff0-4fc9-93c8-d9b7e1e8ff24,hrc16,src02@display=sequential
hrc02,hrc16,70fd376b-a5b0-42fb-a562-8cbc5f239c70,hrc02,src02@display=sequential
hrc02,hrc16,9a32f30e-db52-4c25-93d0-fa4eb929c406,hrc02,src02@display=sequential
hrc02,hrc02,12058d43-7153-442b-b2ba-d6d2c1f6628a,hrc16,src02@display=sequential
hrc02,hrc16,f4e3ae9d-eacf-4aa7-8112-8fd261fe5350,hrc02,src02@display=sequential
hrc16,hrc16,c06fa6f7-ddd2-43d1-96e0-1284e8008c14,hrc17,src04@display=sequential
hrc17,hrc17,86b0a474-8f1a-4b98-894e-c0ce21f94dce,hrc16,src04@display=sequential
hrc17,hrc17,e4f818a1-7ee9-47f2-81ca-391cad0569a5,hrc16,src04@display=sequential
hrc17,hrc17,d27719b9-a882-45c6-8cc3-c9f6d571338d,hrc16,src04@display=sequential
hrc17,hrc16,8fb40cfe-fe7b-4b76-ae1e-8415ab06a086,hrc17,src04@display=sequential
hrc17,hrc17,ed410ad3-28a9-470f-b22e-63686ace5647,hrc16,src04@display=sequential
hrc17,hrc17,e8e5c81a-3625-4b91-8db0-69e7fc222356,hrc16,src04@display=sequential
hrc17,hrc17,d2cf4226-323a-4fcb-8249-df61c89ff7e8,hrc16,src04@display=sequential
hrc16,hrc17,fa18eb5e-4ada-462b-90a4-8d7624505663,hrc16,src04@display=sequential
hrc17,hrc16,0b021756-c303-46dc-b638-0d261335d8af,hrc17,src04@display=sequential
hrc19,original,0b021756-c303-46dc-b638-0d261335d8af,hrc19,src03@display=sequential
,original,b4661ee3-507e-48f0-bf90-49eccdd0a6c1,hrc19,src03@display=sequential
original,hrc19,c77480f8-273f-4607-bb07-67cedb0529ca,original,src03@display=sequential
original,original,7ccb0da3-b717-4245-9daa-e5860aaaaca6,hrc19,src03@display=sequential
original,hrc19,2b493139-f877-4c83-8de2-f89c1b5bbd54,original,src03@display=sequential
original,original,31811b90-af18-4758-9253-b38578b9ed62,hrc19,src03@display=sequential
hrc19,original,38f44379-14d3-428f-9b62-0912929e8b78,hrc19,src03@display=sequential
,original,d35fe353-da0b-4b73-af6a-0993d3199c77,hrc19,src03@display=sequential
hrc19,hrc19,8ca2525f-c1cd-4738-8317-eea204eddd29,original,src03@display=sequential
original,hrc19,7c1cd676-1163-4512-b0cc-125f92752018,original,src03@display=sequential
hrc17,hrc17,0b021756-c303-46dc-b638-0d261335d8af,hrc08,src08@display=sequential
hrc08,hrc17,1a2abb6c-4336-478a-91fa-c99e4106a3cc,hrc08,src08@display=sequential
hrc08,hrc08,462db8d0-a7b4-42e4-bf77-31dfdd0323a0,hrc17,src08@display=sequential
hrc17,hrc17,2e1c5ff1-e376-4bef-a680-7c80520888f0,hrc08,src08@display=sequential
hrc08,hrc08,292650bb-01af-4e38-b7ab-f6c163fcea4c,hrc17,src08@display=sequential
hrc08,hrc08,45a5d03e-bea9-4566-83cb-7256c637b0f8,hrc17,src08@display=sequential
hrc08,hrc08,3f6f7d1f-5885-4133-a799-55fe9e5a3cd2,hrc17,src08@display=sequential
hrc08,hrc08,e03f8435-2142-45a7-a15c-ecf62ea4f916,hrc17,src08@display=sequential
hrc08,hrc17,dd48a3e8-a67f-41e1-b59d-9ee155000e80,hrc08,src08@display=sequential
hrc08,hrc17,f1f59d35-72b2-4506-8acc-4f38f587a5f8,hrc08,src08@display=sequential
hrc18,hrc18,0b021756-c303-46dc-b638-0d261335d8af,hrc07,src01@display=sequential
hrc07,hrc07,9ad10c3e-1a1c-47c3-99bb-3662130048fd,hrc18,src01@display=sequential
hrc07,hrc07,57357bed-fa07-439c-9372-137abde6515b,hrc18,src01@display=sequential
hrc07,hrc18,6733509c-e7bb-4800-a850-f076ea6206c3,hrc07,src01@display=sequential
hrc07,hrc18,62df5c8a-e08f-42bf-9636-a410c58e7b85,hrc07,src01@display=sequential
hrc07,hrc18,758f23cd-06e0-4d59-888b-f4b28f9b6923,hrc07,src01@display=sequential
hrc07,hrc07,37a3a09a-748e-4cea-8c39-9b3b93a32ee8,hrc18,src01@display=sequential
hrc07,hrc18,1cb35fd5-7c42-46a8-9139-15882c5bf85c,hrc07,src01@display=sequential
hrc07,hrc18,e088fd7c-253e-44ae-8d6d-3103781ceafe,hrc07,src01@display=sequential
hrc07,hrc18,c70e15fe-285d-4f39-b35a-67e47849682c,hrc07,src01@display=sequential
,hrc09,28782d99-843d-4867-9073-5a0e48e63cf1,hrc12,src05@display=sequential
hrc09,hrc12,9ad10c3e-1a1c-47c3-99bb-3662130048fd,hrc09,src05@display=sequential
hrc09,hrc09,b066ef4f-1fb5-4a6d-b1d7-5a4e654c3efa,hrc12,src05@display=sequential
hrc12,hrc12,fd4ac2a5-2530-4db8-84d3-e33c1c638e13,hrc09,src05@display=sequential
hrc09,hrc12,086fa07b-23fc-412b-8ce3-a01afdd6db7f,hrc09,src05@display=sequential
hrc09,hrc12,5abb5f46-0296-40b8-822f-ec4f8bb50c1f,hrc09,src05@display=sequential
,hrc12,8faf10ee-8a92-42c5-8fbf-d7d96cf705cc,hrc09,src05@display=sequential
hrc09,hrc09,6af851bd-70ae-4da3-8596-c12f262bb8a3,hrc12,src05@display=sequential
,hrc09,7da8dfa4-005e-42d2-ab14-f8fe93f5ae5a,hrc12,src05@display=sequential
hrc09,hrc12,0bf55f15-f420-47f7-affc-2654b7277ec7,hrc09,src05@display=sequential
hrc09,hrc10,28782d99-843d-4867-9073-5a0e48e63cf1,hrc09,src03@display=sequential
hrc09,hrc10,8c63c66c-47a3-47f5-b661-de0aa2715e65,hrc09,src03@display=sequential
hrc09,hrc09,97f15f79-2e8c-4f8f-bdf8-57bc17a7a1f9,hrc10,src03@display=sequential
hrc09,hrc09,2c95ff4f-49cb-486d-808e-f6b8faed6fd5,hrc10,src03@display=sequential
hrc09,hrc09,24766b7c-1659-4b37-9e0d-5b94e92a320d,hrc10,src03@display=sequential
hrc09,hrc10,298df3c7-d91b-4f74-be0d-afbb5a554566,hrc09,src03@display=sequential
hrc09,hrc10,fd620d26-73f0-45d6-bfe5-7b47eb755676,hrc09,src03@display=sequential
hrc09,hrc10,d391dd7e-e8e9-4965-b30b-fd2732feb0bc,hrc09,src03@display=sequential
hrc09,hrc10,1c5b2ef7-2948-417f-b285-492bc21cb662,hrc09,src03@display=sequential
hrc09,hrc09,413023ed-9827-460b-8769-d4497645a297,hrc10,src03@display=sequential
original,hrc17,28782d99-843d-4867-9073-5a0e48e63cf1,original,src02@display=sequential
original,hrc17,4927f150-d8a4-41da-b42a-b30169d85dd0,original,src02@display=sequential
original,original,28eb4aad-a4f2-49d8-a300-91829b85297f,hrc17,src02@display=sequential
original,original,cfea4206-4dd5-4ab5-a9ee-e12be9395f29,hrc17,src02@display=sequential
original,original,01df0c77-0651-44a9-a4f7-2575b2c9c62b,hrc17,src02@display=sequential
original,original,f2e393ff-0812-4cba-b5e1-e10e0a6a0f10,hrc17,src02@display=sequential
original,hrc17,9e2006cf-81f6-4dc7-9a43-405a3037fda2,original,src02@display=sequential
original,hrc17,39106def-10dc-4a00-97d4-3f8ec15e1f8e,original,src02@display=sequential
original,hrc17,1a45a8b4-7135-4768-a5c5-238e37fb98df,original,src02@display=sequential
original,hrc17,f01ea614-4b9a-4255-8e5c-16a8f3c2a04a,original,src02@display=sequential
hrc09,hrc09,28782d99-843d-4867-9073-5a0e48e63cf1,hrc10,src01@display=sequential
hrc09,hrc09,45e7611d-1c87-4056-ba5c-3a69b413e6e3,hrc10,src01@display=sequential
hrc09,hrc09,adc32989-072a-4555-a6e0-77db79cde686,hrc10,src01@display=sequential
hrc09,hrc09,1a3f82b3-7431-4271-b1d3-20a62c2c99dc,hrc10,src01@display=sequential
hrc09,hrc10,78c51e31-ff55-4ce9-af30-adc428a084c9,hrc09,src01@display=sequential
hrc09,hrc09,50c67488-59d0-4940-a8b4-861e754c9111,hrc10,src01@display=sequential
hrc09,hrc10,8c1ba179-2106-4f2f-9f78-2ccd5d2f38a5,hrc09,src01@display=sequential
hrc09,hrc09,eb2c7c91-0b6c-44d7-bb58-ab8e88ed8d52,hrc10,src01@display=sequential
hrc09,hrc09,40a7c6a1-6d4e-405c-830b-288315717027,hrc10,src01@display=sequential
hrc09,hrc10,ebbf9667-0a89-4ecf-ad92-4b6fd6d9112c,hrc09,src01@display=sequential
hrc21,hrc21,9ea19e1f-428b-414a-abdf-c1e51f9afe71,hrc10,src02@display=sequential
hrc21,hrc10,d0ff0cee-967d-4b1f-8398-f805a1c309bb,hrc21,src02@display=sequential
hrc21,hrc10,004eff23-2c97-4fd4-8603-adcac081627e,hrc21,src02@display=sequential
hrc21,hrc10,b1be1c63-dc1e-454a-9783-8aac04ad515d,hrc21,src02@display=sequential
hrc21,hrc21,103c01a6-1eb1-43e3-8bf6-689f6a997cb1,hrc10,src02@display=sequential
hrc21,hrc10,67826647-a045-4d27-aaa5-297da9676f09,hrc21,src02@display=sequential
hrc21,hrc10,a17e1f28-022f-402d-a120-9119be72ae5f,hrc21,src02@display=sequential
hrc21,hrc21,88dba501-c1cc-4377-b515-43a0b935917c,hrc10,src02@display=sequential
hrc21,hrc10,be25cfd3-2f0b-42ca-b68b-807e9954418e,hrc21,src02@display=sequential
hrc21,hrc10,30065a50-d76b-477b-97ca-586bd68abc96,hrc21,src02@display=sequential
hrc04,hrc04,30065a50-d76b-477b-97ca-586bd68abc96,hrc16,src01@display=sequential
hrc04,hrc16,d78516ec-a6b0-43c0-a455-d7f06cd94f15,hrc04,src01@display=sequential
hrc04,hrc04,12b434bf-907d-4561-8fc9-35ceaabb08ec,hrc16,src01@display=sequential
hrc04,hrc16,7b899b16-b4b6-4694-9c62-eb0d83e287f0,hrc04,src01@display=sequential
hrc04,hrc16,4ee218cc-9cd2-4178-9a02-4a72119ac7e5,hrc04,src01@display=sequential
hrc04,hrc16,6cccef86-b575-48f8-8954-d39181458358,hrc04,src01@display=sequential
hrc04,hrc16,1b351bd1-c7e8-4893-b9e4-2df5e96440bc,hrc04,src01@display=sequential
hrc04,hrc04,ed2ad2a1-7e3b-4113-a49a-dfecffee3e57,hrc16,src01@display=sequential
hrc04,hrc04,5d6db2a1-c7dc-406e-b3db-75a738a9cd46,hrc16,src01@display=sequential
hrc04,hrc16,8ca2525f-c1cd-4738-8317-eea204eddd29,hrc04,src01@display=sequential
hrc20,hrc05,30065a50-d76b-477b-97ca-586bd68abc96,hrc20,src09@display=sequential
hrc20,hrc20,09fcdbbf-de96-4dac-b347-e69c88a3876a,hrc05,src09@display=sequential
hrc20,hrc05,ce2acc22-6dc0-4d57-bf52-34e031ecb83c,hrc20,src09@display=sequential
hrc20,hrc05,bef0165e-80b7-4c57-99b3-61581555789d,hrc20,src09@display=sequential
hrc20,hrc05,9689ec55-8b9a-4a62-9377-9e5e8f39c603,hrc20,src09@display=sequential
hrc20,hrc05,0c7b7124-cc6e-481c-8a1c-20819910984a,hrc20,src09@display=sequential
hrc20,hrc05,f081f320-f89e-4b1d-8b57-482c199bf00f,hrc20,src09@display=sequential
hrc20,hrc20,f469abc3-589d-4d1c-965e-33a7e258ed76,hrc05,src09@display=sequential
hrc20,hrc05,88b36f5b-7e11-4173-9612-6e4bd8a0df5f,hrc20,src09@display=sequential
hrc20,hrc20,1c06f64f-65bb-40e2-9a85-3330f967aefd,hrc05,src09@display=sequential
,hrc08,30065a50-d76b-477b-97ca-586bd68abc96,hrc19,src07@display=sequential
hrc08,hrc19,90a1f959-74de-464b-b771-c1bf4d8e011c,hrc08,src07@display=sequential
hrc19,hrc19,bef0165e-80b7-4c57-99b3-61581555789d,hrc08,src07@display=sequential
hrc19,hrc08,7127c423-c55e-495f-8cbf-e77776fc320c,hrc19,src07@display=sequential
hrc19,hrc19,a5d75ac5-07f5-4c4c-bf5f-671d657d60b5,hrc08,src07@display=sequential
hrc19,hrc08,3a031695-b20f-4ff1-803d-2611342ac2de,hrc19,src07@display=sequential
hrc19,hrc08,b53224e8-348a-4c30-a6fe-2dd0db827c1a,hrc19,src07@display=sequential
hrc19,hrc19,ad97fd16-30c3-4bcc-b9d7-a22069039daa,hrc08,src07@display=sequential
hrc19,hrc08,1fda9f15-e969-41d3-a5e6-1ef66b8b22d8,hrc19,src07@display=sequential
hrc19,hrc08,d13f540e-6390-44ec-8862-c0cc3a81cc74,hrc19,src07@display=sequential
hrc02,hrc17,5cfef51c-f7c4-4010-a911-a45be2a4d919,hrc02,src02@display=sequential
hrc02,hrc17,333d401b-efa1-4532-857c-dc442646d7e1,hrc02,src02@display=sequential
hrc02,hrc02,70e23cfe-1b20-48b2-82a9-db37279d0932,hrc17,src02@display=sequential
hrc02,hrc02,f60a36aa-458a-4e8d-a50a-4a398ad38cb2,hrc17,src02@display=sequential
hrc02,hrc17,8ef6518d-4f93-431e-b9bc-9b0af8ccfb8d,hrc02,src02@display=sequential
hrc02,hrc02,e58844a6-5ea7-4ff9-84af-63ca198af1e2,hrc17,src02@display=sequential
hrc02,hrc17,b9fce031-c9a8-4792-995b-c255fc3e9f96,hrc02,src02@display=sequential
hrc02,hrc17,644a6069-cbb8-48d7-a8d4-f201c43ed65d,hrc02,src02@display=sequential
hrc02,hrc02,3689cfa7-e365-4824-870c-9532ed1fe836,hrc17,src02@display=sequential
hrc02,hrc17,8016f341-9a26-4b5e-bc01-b857242d960b,hrc02,src02@display=sequential
hrc16,hrc16,3689cfa7-e365-4824-870c-9532ed1fe836,hrc10,src06@display=sequential
hrc16,hrc16,f0c077b8-5233-41ba-9089-7e1b10f40640,hrc10,src06@display=sequential
hrc16,hrc16,495902a1-5f30-4da7-9e15-e95a6286afc8,hrc10,src06@display=sequential
hrc10,hrc16,b1ea6be7-fe29-4b9e-a8ba-e07c4943aac7,hrc10,src06@display=sequential
hrc10,hrc16,b33efb6e-2e53-4052-87d4-bb3557a36e88,hrc10,src06@display=sequential
hrc16,hrc10,3cdea77c-18d6-4285-8822-0547ebab6d19,hrc16,src06@display=sequential
,hrc16,a8aa57a4-5b70-4366-ac0c-df4184675711,hrc10,src06@display=sequential
hrc16,hrc16,abff7351-c218-40d5-8aa9-fc7b1a5d8429,hrc10,src06@display=sequential
hrc16,hrc10,b2ab1a27-349e-48af-9c38-6e99d27c354d,hrc16,src06@display=sequential
hrc16,hrc10,33ef8805-0783-43e5-b363-3facd89393f8,hrc16,src06@display=sequential
hrc17,hrc17,3689cfa7-e365-4824-870c-9532ed1fe836,hrc10,src08@display=sequential
hrc17,hrc17,86aa1c54-0c9f-4963-8bac-800d7ac6c0bb,hrc10,src08@display=sequential
hrc17,hrc10,ecf6df41-9caa-4f8e-9e83-ed4064aa1ec4,hrc17,src08@display=sequential
hrc10,hrc10,99f86dbc-c997-48dd-a808-f815dab7c068,hrc17,src08@display=sequential
hrc17,hrc17,6733509c-e7bb-4800-a850-f076ea6206c3,hrc10,src08@display=sequential
hrc17,hrc17,0cd7633d-6ff0-4fc9-93c8-d9b7e1e8ff24,hrc10,src08@display=sequential
hrc17,hrc10,668bbe46-836a-454f-ba33-dd4c33ddb6fd,hrc17,src08@display=sequential
hrc10,hrc10,50492a39-a060-497d-8a49-c6ad52d40574,hrc17,src08@display=sequential
hrc10,hrc10,f3898e02-ebd4-402b-90c3-9f2575211afc,hrc17,src08@display=sequential
hrc10,hrc17,cb83eb86-11c6-454c-b320-99bbb9f9bb2f,hrc10,src08@display=sequential
hrc17,hrc17,3689cfa7-e365-4824-870c-9532ed1fe836,hrc13,src01@display=sequential
hrc17,hrc13,25bc1618-bd39-4c6b-8d75-5311bacba659,hrc17,src01@display=sequential
hrc17,hrc13,5411fe28-313e-4207-ad33-9c1acd9b0640,hrc17,src01@display=sequential
hrc17,hrc13,5483fa79-a1d3-437e-9925-e36c78b80e67,hrc17,src01@display=sequential
hrc17,hrc17,119c71bb-332f-49d7-80be-8c10ac85f39a,hrc13,src01@display=sequential
hrc13,hrc17,d10debac-78f1-47fd-b639-dd0a767a2115,hrc13,src01@display=sequential
hrc17,hrc17,5018c844-da80-412a-8af7-3d05af5fdef8,hrc13,src01@display=sequential
hrc17,hrc13,6bf101c5-81e0-4ad5-ae95-b70599b108b5,hrc17,src01@display=sequential
,hrc17,a693e218-d9cd-4ff6-99ba-627b53ca937e,hrc13,src01@display=sequential
hrc17,hrc17,1458ee06-1d9f-404b-9e4d-b09e3b5731af,hrc13,src01@display=sequential
original,hrc05,3689cfa7-e365-4824-870c-9532ed1fe836,original,src05@display=sequential
original,hrc05,835319a2-89cb-4cdc-92ac-97ef2d4ab247,original,src05@display=sequential
hrc05,original,f33c2c13-eae4-419f-9589-dd92b5088180,hrc05,src05@display=sequential
original,original,953708e4-c895-4afd-96e8-b45fdd505175,hrc05,src05@display=sequential
original,original,ed2ad2a1-7e3b-4113-a49a-dfecffee3e57,hrc05,src05@display=sequential
original,hrc05,da8f040c-b701-44b5-ac7a-47f459e0f56a,original,src05@display=sequential
original,hrc05,ddffe468-0319-485b-a9f2-2d7cb355367d,original,src05@display=sequential
original,hrc05,241b830e-0e58-4e17-a663-88a3a821ac3e,original,src05@display=sequential
original,original,a0c2d52c-ddc3-4bb4-8744-5a989100dbf6,hrc05,src05@display=sequential
original,hrc05,45dbc247-317c-43c0-b2b1-effff92bd167,original,src05@display=sequential
hrc20,hrc20,3689cfa7-e365-4824-870c-9532ed1fe836,hrc13,src07@display=sequential
hrc20,hrc20,bb8b1f5a-3ed7-40f4-8e3b-17cf31d1fd2b,hrc13,src07@display=sequential
hrc20,hrc20,b3ab6afb-5443-4339-b704-960084f98591,hrc13,src07@display=sequential
hrc20,hrc13,34168229-2e1e-4921-ac15-d92436d5a977,hrc20,src07@display=sequential
hrc20,hrc20,a647b0ba-6ea8-4ffa-a048-3f4711f595b0,hrc13,src07@display=sequential
hrc20,hrc13,628344eb-f0b3-4307-bba4-fd09f7dcc56b,hrc20,src07@display=sequential
hrc20,hrc13,28f3ffe7-8eb8-4a16-9663-0a71ff4feb38,hrc20,src07@display=sequential
hrc20,hrc13,1429be8c-2d52-47df-b521-60ee72622965,hrc20,src07@display=sequential
hrc20,hrc20,7636c232-cf8e-42d0-9b8d-10d48c444b17,hrc13,src07@display=sequential
hrc20,hrc20,32b1e827-4cf2-468f-9797-4a40b9ed4a47,hrc13,src07@display=sequential
,hrc12,3689cfa7-e365-4824-870c-9532ed1fe836,hrc09,src03@display=sequential
hrc12,hrc12,f97b08cc-e500-4b70-86c4-10b8a663d70b,hrc09,src03@display=sequential
,hrc12,07378324-0772-4f67-aee2-23bc754f81b6,hrc09,src03@display=sequential
,hrc09,9a3c3143-eeae-4a15-a35f-894bc5b74e70,hrc12,src03@display=sequential
hrc09,hrc12,1d104d10-ddaf-4815-9bae-c68e13790087,hrc09,src03@display=sequential
hrc09,hrc09,87fef6f6-df52-49c0-89da-106af9527b46,hrc12,src03@display=sequential
hrc09,hrc09,5f6a3446-9ea6-439f-b7a6-b6e3899ada03,hrc12,src03@display=sequential
hrc09,hrc09,d10ee993-b3ae-434c-9a7b-a7d6ce66c776,hrc12,src03@display=sequential
,hrc09,9d9bfe50-d1ff-4dc3-b196-c5217ac2863f,hrc12,src03@display=sequential
hrc09,hrc09,64f01562-adef-480b-927e-12872cada192,hrc12,src03@display=sequential
hrc20,hrc20,d54f6b38-56cd-4ea7-8dbb-93a511ddf7eb,hrc18,src06@display=sequential
hrc20,hrc18,33ebe6be-bf3e-4b05-9c89-3246756edc13,hrc20,src06@display=sequential
hrc20,hrc18,a54f674c-0f58-452d-9942-8e3cfd73ef19,hrc20,src06@display=sequential
hrc20,hrc20,83d19ff1-7b53-43bc-a20e-c0b147ea8546,hrc18,src06@display=sequential
hrc20,hrc18,1fbd93ac-8eb8-4d25-8246-22f21c4c0993,hrc20,src06@display=sequential
hrc20,hrc20,42cf276e-584f-459f-92b9-c2966ba7f50e,hrc18,src06@display=sequential
hrc20,hrc20,9e9f603a-fd4f-46bf-a2e2-a50497486075,hrc18,src06@display=sequential
hrc20,hrc20,c3f9730e-aae2-4cb4-8244-348706326454,hrc18,src06@display=sequential
hrc20,hrc20,ba2e8111-193c-4c3d-8d6a-70f8f72bbea2,hrc18,src06@display=sequential
hrc20,hrc20,fd14a53a-2ddf-497c-b651-2126b3686b54,hrc18,src06@display=sequential
hrc02,hrc10,d54f6b38-56cd-4ea7-8dbb-93a511ddf7eb,hrc02,src04@display=sequential
hrc02,hrc02,8b550bbc-1620-4719-858f-a2cdbb3ff4b0,hrc10,src04@display=sequential
hrc02,hrc10,fe3a065d-fb32-4bd4-a25c-0987131f6fbe,hrc02,src04@display=sequential
hrc02,hrc10,210c7edb-98fa-41a6-9278-921e36d7e370,hrc02,src04@display=sequential
hrc02,hrc02,0abb605f-ad44-4d63-9bbd-84e2b37b9a07,hrc10,src04@display=sequential
hrc02,hrc10,1e8ecf48-08f8-4994-84af-a25bd4c29c02,hrc02,src04@display=sequential
hrc02,hrc02,06f4f549-d726-40a1-a4aa-bdd0fafdf36d,hrc10,src04@display=sequential
hrc02,hrc02,3346d8dd-79a1-4cc2-96f1-d21cc148070a,hrc10,src04@display=sequential
hrc02,hrc10,a380631e-2ff4-4ec4-882d-f1b84cf9cdc9,hrc02,src04@display=sequential
hrc02,hrc02,4286ceb2-7535-49c7-ae3e-0a69c7960068,hrc10,src04@display=sequential
,hrc12,d54f6b38-56cd-4ea7-8dbb-93a511ddf7eb,hrc20,src02@display=sequential
hrc12,hrc12,b98660c4-d820-49f5-ad84-51b0f9ad2f61,hrc20,src02@display=sequential
,hrc20,7763f75d-5547-4454-ad57-f9fc777a23d9,hrc12,src02@display=sequential
,hrc20,3f85bc0e-c112-4433-8f8f-45ffb4d9f825,hrc12,src02@display=sequential
,hrc20,37a3a09a-748e-4cea-8c39-9b3b93a32ee8,hrc12,src02@display=sequential
,hrc12,78f11d30-8cfb-4880-8a9d-194b1120ef55,hrc20,src02@display=sequential
,hrc12,501d69cf-99ba-43bd-b46b-c32a45b0bec0,hrc20,src02@display=sequential
,hrc20,9e25a404-4bfe-4e8c-8dec-e7c76c0c760a,hrc12,src02@display=sequential
hrc12,hrc12,b3674941-21f6-49d0-a645-e7b0723e17a2,hrc20,src02@display=sequential
hrc12,hrc12,6dd0be1d-e48a-44f8-ae1e-f6387437d5dd,hrc20,src02@display=sequential
hrc20,hrc20,95a42d41-dfc0-4ddf-ae33-f22f4f4f7632,hrc10,src06@display=sequential
hrc20,hrc10,f0119fe7-19cb-45d6-98b1-8d30f3994399,hrc20,src06@display=sequential
hrc20,hrc10,c3401f48-cfd7-4f88-b4f3-ec9dc22b55f8,hrc20,src06@display=sequential
hrc20,hrc20,644a6069-cbb8-48d7-a8d4-f201c43ed65d,hrc10,src06@display=sequential
hrc20,hrc20,ed410ad3-28a9-470f-b22e-63686ace5647,hrc10,src06@display=sequential
hrc20,hrc20,523b838f-5f2e-4f19-b9df-d9969424c697,hrc10,src06@display=sequential
hrc20,hrc20,463e62be-6f60-44e3-bc69-d7d4bd290f0d,hrc10,src06@display=sequential
hrc20,hrc10,0c7b7124-cc6e-481c-8a1c-20819910984a,hrc20,src06@display=sequential
hrc20,hrc10,dbf56af0-d333-49de-9bd3-1b837113335b,hrc20,src06@display=sequential
hrc20,hrc20,53f17f2b-6a32-4ac6-b226-91275dd8b985,hrc10,src06@display=sequential
hrc09,hrc05,644a6069-cbb8-48d7-a8d4-f201c43ed65d,hrc09,src03@display=sequential
hrc09,hrc05,cfea4206-4dd5-4ab5-a9ee-e12be9395f29,hrc09,src03@display=sequential
hrc09,hrc05,7341608e-8a94-48aa-9aac-53d556ee0c5b,hrc09,src03@display=sequential
hrc09,hrc09,fc6ca1a9-48a6-41d5-b5ca-d7fa40d1a43e,hrc05,src03@display=sequential
hrc09,hrc09,bda87d12-7e34-4288-abb7-7730774cfe50,hrc05,src03@display=sequential
hrc09,hrc09,e6f8bc6b-e67a-4141-9f44-5abe35c62046,hrc05,src03@display=sequential
hrc09,hrc05,1b351bd1-c7e8-4893-b9e4-2df5e96440bc,hrc09,src03@display=sequential
hrc09,hrc05,e8c1511a-8c33-4c69-be8f-24942a1a27ce,hrc09,src03@display=sequential
hrc09,hrc09,595d6b93-ba8e-4ddf-9a72-50bbd51fd899,hrc05,src03@display=sequential
hrc09,hrc09,fe18ed94-ebd5-49f9-a7db-04e87cb783fd,hrc05,src03@display=sequential
hrc12,hrc12,644a6069-cbb8-48d7-a8d4-f201c43ed65d,hrc20,src08@display=sequential
,hrc20,09fcdbbf-de96-4dac-b347-e69c88a3876a,hrc12,src08@display=sequential
hrc12,hrc12,94aed9f0-a26e-435d-9499-0a57d0d09c0e,hrc20,src08@display=sequential
hrc20,hrc12,7a2918f4-1036-462e-9ab0-f7d1b432cbf9,hrc20,src08@display=sequential
,hrc12,2fba8665-903d-4a1d-affb-1d9d331f49a4,hrc20,src08@display=sequential
hrc20,hrc20,890b0e6e-f299-462d-aeeb-b186f01f6f70,hrc12,src08@display=sequential
,hrc12,b4170a87-8862-45d0-ae39-a2fa7515fc9d,hrc20,src08@display=sequential
,hrc20,faac7ea8-ec5f-4eb7-b401-1aa9a93a6a43,hrc12,src08@display=sequential
hrc20,hrc20,927b9b1e-da20-4644-b8d6-f85a22be59d7,hrc12,src08@display=sequential
hrc12,hrc20,9867dfa9-15e4-49b2-9516-13dcde4ab58d,hrc12,src08@display=sequential
hrc08,hrc08,644a6069-cbb8-48d7-a8d4-f201c43ed65d,hrc10,src05@display=sequential
,hrc10,5d057714-3fbd-4f10-97c9-c11263c29073,hrc08,src05@display=sequential
hrc08,hrc08,722cd235-b167-4f83-9e2c-44921da5a9d0,hrc10,src05@display=sequential
hrc10,hrc10,43c9a29d-c5e0-4287-ad81-886385921f19,hrc08,src05@display=sequential
hrc08,hrc08,3f85bc0e-c112-4433-8f8f-45ffb4d9f825,hrc10,src05@display=sequential
hrc10,hrc08,9a03424d-ff0b-41dc-8c67-620dd10a5d75,hrc10,src05@display=sequential
hrc08,hrc08,603c65cd-5f34-45be-87e4-a188d93c9c26,hrc10,src05@display=sequential
hrc08,hrc08,8f9afef3-5f14-4236-b677-b43876808ec6,hrc10,src05@display=sequential
hrc08,hrc10,53127e19-5162-4bab-bb56-69665405a598,hrc08,src05@display=sequential
,hrc08,bc998eae-55a0-4a74-80a8-20a27838be1a,hrc10,src05@display=sequential
hrc21,hrc13,644a6069-cbb8-48d7-a8d4-f201c43ed65d,hrc21,src04@display=sequential
hrc21,hrc21,2c820e01-cd0e-4cca-bb2b-5384ccd7f578,hrc13,src04@display=sequential
hrc21,hrc21,4eb31704-9ae1-4640-a4bd-e09f46dda911,hrc13,src04@display=sequential
hrc13,hrc13,22074075-da3a-4a59-a374-cfaa2d150fbb,hrc21,src04@display=sequential
hrc21,hrc13,4c9c9dbc-7938-48fa-87e5-30a5bb146ac8,hrc21,src04@display=sequential
hrc21,hrc13,98b09ff4-e3e5-4a56-a530-95ab35695116,hrc21,src04@display=sequential
hrc21,hrc21,c0a4b3b4-26a8-4223-9d56-496a44fa7b3f,hrc13,src04@display=sequential
hrc21,hrc13,ecf73c1d-2209-4416-b005-26b678216634,hrc21,src04@display=sequential
hrc21,hrc21,0fca2270-5646-4e65-b178-a722179983b0,hrc13,src04@display=sequential
hrc21,hrc13,f56c1990-5b48-4e2a-8ed9-84e0a4db16d1,hrc21,src04@display=sequential
hrc05,hrc13,644a6069-cbb8-48d7-a8d4-f201c43ed65d,hrc05,src07@display=sequential
hrc13,hrc05,1f750243-4a32-4f9f-bbff-778d68c9340e,hrc13,src07@display=sequential
hrc05,hrc13,fcd73472-0774-473f-b76a-fb20acbb403a,hrc05,src07@display=sequential
hrc13,hrc05,e802d7f4-170f-4b14-9db6-3528dd3b697d,hrc13,src07@display=sequential
,hrc05,6b3e1fe5-2144-4a32-9c96-22e81b465526,hrc13,src07@display=sequential
hrc05,hrc13,57a1b4cc-208e-4275-9615-daea05998979,hrc05,src07@display=sequential
hrc05,hrc13,5740ef69-a9fb-42c2-b986-66e60752eb0f,hrc05,src07@display=sequential
hrc05,hrc13,70d291f3-ba18-41ee-b459-63c9e8e05b5e,hrc05,src07@display=sequential
hrc05,hrc13,6c67538e-6b84-46b3-bd4c-8c3389fbab32,hrc05,src07@display=sequential
hrc05,hrc05,c0261397-7755-4f0f-b0a4-681c1cae71b6,hrc13,src07@display=sequential
hrc12,hrc04,80d7f268-897c-430a-b38f-9144f6baa71a,hrc12,src03@display=sequential
,hrc12,fc432dc9-f132-47ef-88ba-dfa8091b09a7,hrc04,src03@display=sequential
hrc04,hrc12,32984cad-d2a2-4070-9903-e1bb08e62b3e,hrc04,src03@display=sequential
hrc04,hrc04,cb1a089e-69c8-47ac-abc5-fcd819bcb522,hrc12,src03@display=sequential
,hrc04,67826647-a045-4d27-aaa5-297da9676f09,hrc12,src03@display=sequential
hrc12,hrc04,a808a4de-7bea-4369-8f71-1cb7d12f07d2,hrc12,src03@display=sequential
,hrc12,a4774df5-8eae-465d-8180-c488cf6e72ef,hrc04,src03@display=sequential
hrc12,hrc12,a5d75ac5-07f5-4c4c-bf5f-671d657d60b5,hrc04,src03@display=sequential
hrc04,hrc12,002808ce-aaff-4a9e-a4c9-3cd8d9b3ef6a,hrc04,src03@display=sequential
,hrc12,a410f9ea-0698-429b-a5d2-9f44282f6d4b,hrc04,src03@display=sequential
hrc19,hrc18,67826647-a045-4d27-aaa5-297da9676f09,hrc19,src08@display=sequential
hrc19,hrc18,5359c039-f974-44eb-8bf2-a15031e7dabe,hrc19,src08@display=sequential
hrc19,hrc18,15e504a2-140c-49a8-b62a-adede2b19d95,hrc19,src08@display=sequential
hrc19,hrc19,603ab446-f84f-4a09-9a90-7409bcc0d3b8,hrc18,src08@display=sequential
hrc19,hrc19,430b85a3-c4ae-4d20-a43c-71d6080b9eb1,hrc18,src08@display=sequential
hrc18,hrc19,d7b2a508-f469-4b1b-bfd6-e44749545450,hrc18,src08@display=sequential
hrc19,hrc18,ddcfd680-b0b1-4163-af51-6bc0fbc21a5f,hrc19,src08@display=sequential
hrc19,hrc18,57a1b4cc-208e-4275-9615-daea05998979,hrc19,src08@display=sequential
hrc19,hrc19,6af851bd-70ae-4da3-8596-c12f262bb8a3,hrc18,src08@display=sequential
hrc19,hrc19,eaeedcc0-54af-4d8a-8d41-5f3f9420e804,hrc18,src08@display=sequential
hrc16,hrc16,67826647-a045-4d27-aaa5-297da9676f09,hrc13,src06@display=sequential
hrc16,hrc13,8b550bbc-1620-4719-858f-a2cdbb3ff4b0,hrc16,src06@display=sequential
hrc16,hrc13,28eb4aad-a4f2-49d8-a300-91829b85297f,hrc16,src06@display=sequential
hrc13,hrc13,781e5bd3-5a30-4643-8e93-d43670ab3790,hrc16,src06@display=sequential
hrc16,hrc16,566f1efe-c334-4e1c-bd9d-60079dd825db,hrc13,src06@display=sequential
hrc16,hrc13,75d3b625-b4cb-421e-8d02-6b64d24248ea,hrc16,src06@display=sequential
hrc16,hrc13,3da1d186-8e8c-4453-85b7-68f16823be0c,hrc16,src06@display=sequential
hrc16,hrc16,e088fd7c-253e-44ae-8d6d-3103781ceafe,hrc13,src06@display=sequential
hrc16,hrc13,7a99092a-1aef-4c46-ad48-570d36f8f632,hrc16,src06@display=sequential
hrc16,hrc16,c70e15fe-285d-4f39-b35a-67e47849682c,hrc13,src06@display=sequential
hrc10,hrc10,67826647-a045-4d27-aaa5-297da9676f09,hrc20,src05@display=sequential
hrc20,hrc20,e93873b4-0ba1-44f7-9892-01237fb79aed,hrc10,src05@display=sequential
hrc20,hrc10,e833d5d7-37b6-4a78-a6b4-3f21fe78fda7,hrc20,src05@display=sequential
hrc20,hrc20,35a5e6fa-f38a-4cd9-a1ce-1df5e58a64d5,hrc10,src05@display=sequential
hrc20,hrc10,58610daf-4074-4fec-bc1c-4770879d61c8,hrc20,src05@display=sequential
,hrc10,c0194955-c42e-4a2f-a1ab-b48fdb4fe5e8,hrc20,src05@display=sequential
hrc20,hrc10,d127198b-74be-4c79-9d44-24120e804d7c,hrc20,src05@display=sequential
hrc20,hrc10,0b29fc48-e1cd-4bcc-9dfe-589cbd42ce95,hrc20,src05@display=sequential
hrc20,hrc10,3346d8dd-79a1-4cc2-96f1-d21cc148070a,hrc20,src05@display=sequential
hrc20,hrc10,f56c1990-5b48-4e2a-8ed9-84e0a4db16d1,hrc20,src05@display=sequential
hrc02,hrc02,67826647-a045-4d27-aaa5-297da9676f09,hrc07,src01@display=sequential
,hrc02,09fcdbbf-de96-4dac-b347-e69c88a3876a,hrc07,src01@display=sequential
hrc02,hrc07,9b0c0416-607d-4c8a-bc4e-ea233462e8ff,hrc02,src01@display=sequential
,hrc02,d45350bd-1fef-4a5e-be1d-b4b2d296c441,hrc07,src01@display=sequential
hrc07,hrc07,7cbdd433-0c91-4d60-ab7b-f1261aaa8fbd,hrc02,src01@display=sequential
hrc07,hrc02,e6f8bc6b-e67a-4141-9f44-5abe35c62046,hrc07,src01@display=sequential
hrc07,hrc02,d9c97855-ed84-4f1f-8ccf-f42d5c6853e6,hrc07,src01@display=sequential
,hrc02,ec6a0331-4b38-43ac-a93c-18edcb2a5488,hrc07,src01@display=sequential
hrc07,hrc07,bc00ffbe-d00a-4157-87b8-493e67cdc18b,hrc02,src01@display=sequential
hrc07,hrc07,cc41adc2-0128-483a-a929-40af98e50807,hrc02,src01@display=sequential
,hrc13,67826647-a045-4d27-aaa5-297da9676f09,hrc08,src04@display=sequential
hrc08,hrc13,a0461a72-81fc-4492-9cad-96ba9f7bacbb,hrc08,src04@display=sequential
,hrc13,630ff0a1-fb06-4ccb-8371-5093b4b80f83,hrc08,src04@display=sequential
,hrc08,9be2aa59-4968-4b1b-8ba3-90356da3c013,hrc13,src04@display=sequential
hrc08,hrc08,187b1523-3261-4e58-b86f-69930ec90cb8,hrc13,src04@display=sequential
hrc08,hrc13,e6f8bc6b-e67a-4141-9f44-5abe35c62046,hrc08,src04@display=sequential
hrc08,hrc08,da6f3ec1-ace9-4071-ad4e-c354db644cbc,hrc13,src04@display=sequential
hrc08,hrc13,42f73238-b3a1-4fb4-b12c-ebfe89f8bb5f,hrc08,src04@display=sequential
,hrc08,f3898e02-ebd4-402b-90c3-9f2575211afc,hrc13,src04@display=sequential
hrc08,hrc13,95a42d41-dfc0-4ddf-ae33-f22f4f4f7632,hrc08,src04@display=sequential
hrc02,hrc17,d8f54fdc-7030-4c2f-a9e5-007dc7987a70,hrc02,src08@display=sequential
hrc02,hrc02,bb8b1f5a-3ed7-40f4-8e3b-17cf31d1fd2b,hrc17,src08@display=sequential
hrc02,hrc17,b7e97777-2add-42f9-95bf-19529261ff45,hrc02,src08@display=sequential
hrc02,hrc17,9ee5a4b0-d417-41e3-9cf1-3729e16ad280,hrc02,src08@display=sequential
hrc02,hrc02,69e276e4-b0df-46a7-bc3c-07f8ef83d625,hrc17,src08@display=sequential
hrc02,hrc02,87fef6f6-df52-49c0-89da-106af9527b46,hrc17,src08@display=sequential
hrc02,hrc02,99743e4c-daf4-4bfa-ab87-e89131a2c8f6,hrc17,src08@display=sequential
hrc02,hrc17,9e2006cf-81f6-4dc7-9a43-405a3037fda2,hrc02,src08@display=sequential
hrc02,hrc17,3a63b826-0eed-47df-b419-9d445cda5305,hrc02,src08@display=sequential
hrc02,hrc17,6422b30c-4004-46d9-99b3-57b3d473d60d,hrc02,src08@display=sequential
hrc18,hrc13,d8f54fdc-7030-4c2f-a9e5-007dc7987a70,hrc18,src01@display=sequential
hrc13,hrc18,1f750243-4a32-4f9f-bbff-778d68c9340e,hrc13,src01@display=sequential
hrc18,hrc13,41f6da59-8daa-44e5-b500-a68effe80918,hrc18,src01@display=sequential
hrc18,hrc18,fbbbfd01-6603-4bb4-aca1-df5e811989cc,hrc13,src01@display=sequential
hrc18,hrc18,0c7b7124-cc6e-481c-8a1c-20819910984a,hrc13,src01@display=sequential
hrc13,hrc13,a471abf2-3b44-4da3-a664-17b747e632f6,hrc18,src01@display=sequential
hrc18,hrc18,cdf2dad0-af39-485b-894c-b2ff5d19e348,hrc13,src01@display=sequential
hrc18,hrc13,13a2756e-95aa-41fb-bf5d-20e5c9679c7e,hrc18,src01@display=sequential
hrc18,hrc13,0b29fc48-e1cd-4bcc-9dfe-589cbd42ce95,hrc18,src01@display=sequential
hrc18,hrc18,7c1cd676-1163-4512-b0cc-125f92752018,hrc13,src01@display=sequential
hrc17,hrc17,d8f54fdc-7030-4c2f-a9e5-007dc7987a70,hrc13,src06@display=sequential
hrc17,hrc13,09daca37-4e80-4e78-810e-b250cd7c2f69,hrc17,src06@display=sequential
hrc17,hrc17,0e3c86ef-17d5-418f-95b7-56e46e448c97,hrc13,src06@display=sequential
hrc17,hrc13,a7069379-2fcf-4c99-a623-fd20d3960ebe,hrc17,src06@display=sequential
hrc17,hrc17,dbf0417a-0d93-4d64-b022-2db9f2a09242,hrc13,src06@display=sequential
hrc17,hrc17,e04a10a2-abed-4430-a7ce-7f6e3735c4d2,hrc13,src06@display=sequential
hrc17,hrc13,4d46e51f-dff6-46d4-9b9a-70501b6b053b,hrc17,src06@display=sequential
hrc17,hrc17,890b0e6e-f299-462d-aeeb-b186f01f6f70,hrc13,src06@display=sequential
hrc17,hrc13,f14632b9-fec7-49db-8dde-908e448d8556,hrc17,src06@display=sequential
hrc17,hrc17,c0edb15c-ab68-46ab-8a8a-1fa175f7c810,hrc13,src06@display=sequential
hrc21,hrc21,d8f54fdc-7030-4c2f-a9e5-007dc7987a70,hrc10,src07@display=sequential
hrc21,hrc10,f4ff5c1b-9241-474d-80db-0ff5fd2f6bdf,hrc21,src07@display=sequential
hrc21,hrc10,515db079-946d-43fc-ad4f-da5008eb87ea,hrc21,src07@display=sequential
hrc21,hrc10,d2cbcac4-4ae9-45fa-ab83-1226cebc893f,hrc21,src07@display=sequential
hrc21,hrc10,4ee218cc-9cd2-4178-9a02-4a72119ac7e5,hrc21,src07@display=sequential
hrc21,hrc21,2a00693b-e684-4794-ac24-aa15b045d8eb,hrc10,src07@display=sequential
hrc21,hrc21,9fd1b181-02a1-4f1c-8cba-bb8193353de9,hrc10,src07@display=sequential
hrc21,hrc21,a01d248f-120f-44aa-a1ae-c78564daf7f6,hrc10,src07@display=sequential
hrc21,hrc21,20004959-c8e6-47d6-83b9-05113caa2147,hrc10,src07@display=sequential
hrc21,hrc21,6d49b4f9-c138-4a5f-89f6-c7f16201e76c,hrc10,src07@display=sequential
hrc07,hrc07,d8f54fdc-7030-4c2f-a9e5-007dc7987a70,hrc02,src05@display=sequential
hrc07,hrc07,a527bdf9-311f-43ee-a4b5-31dd2629cc0a,hrc02,src05@display=sequential
hrc07,hrc07,c835e219-186e-4440-8c16-769b1d05bf29,hrc02,src05@display=sequential
hrc07,hrc07,ce8915ce-0513-4c3d-9f55-b726199fa15a,hrc02,src05@display=sequential
,hrc02,20a56b23-a069-49e5-b34d-d80c1af588d5,hrc07,src05@display=sequential
hrc07,hrc07,cbc3521e-1314-4a2d-8cba-7c6f5c572bf6,hrc02,src05@display=sequential
hrc07,hrc07,e642b808-b11c-408e-82fa-8b01d07d8920,hrc02,src05@display=sequential
hrc07,hrc02,054b9d42-a10e-4563-9d6e-e161da3640fd,hrc07,src05@display=sequential
hrc02,hrc02,49d9d4cb-b8a1-4d99-ba2a-7e1346fc0627,hrc07,src05@display=sequential
,hrc02,fd313eca-0eb1-4b39-bd08-b5329f2c5e61,hrc07,src05@display=sequential
hrc08,hrc08,d8f54fdc-7030-4c2f-a9e5-007dc7987a70,hrc18,src02@display=sequential
hrc18,hrc08,02dc2aa5-1d89-4c14-8abf-91739c14bb95,hrc18,src02@display=sequential
hrc08,hrc18,d7b86eaa-b11f-4bf4-ba01-62352ea7ae97,hrc08,src02@display=sequential
hrc18,hrc18,11f7b84a-0978-427c-8d2a-ec8d877db0cf,hrc08,src02@display=sequential
hrc18,hrc08,86f1012a-cb24-4aea-8fb1-43cf2f564d78,hrc18,src02@display=sequential
hrc08,hrc18,600b636d-749f-407b-8a35-4c651be24036,hrc08,src02@display=sequential
hrc08,hrc18,8aeb1e20-726c-4807-a4b6-069493614cbf,hrc08,src02@display=sequential
hrc18,hrc18,d7bac6c1-397b-40c6-9c43-ed999836f813,hrc08,src02@display=sequential
hrc08,hrc08,8e4da856-a4b7-4bcd-ae3b-c1982bbc9a46,hrc18,src02@display=sequential
hrc08,hrc18,8d8628ca-83a4-40d2-b94c-08e90b8944e4,hrc08,src02@display=sequential
hrc07,hrc17,d8f54fdc-7030-4c2f-a9e5-007dc7987a70,hrc07,src03@display=sequential
hrc07,hrc07,4eb31704-9ae1-4640-a4bd-e09f46dda911,hrc17,src03@display=sequential
hrc07,hrc17,d0ff0cee-967d-4b1f-8398-f805a1c309bb,hrc07,src03@display=sequential
hrc07,hrc17,4edaa347-68b5-4565-a1dd-fe591c6a83f0,hrc07,src03@display=sequential
hrc07,hrc17,ec6a0331-4b38-43ac-a93c-18edcb2a5488,hrc07,src03@display=sequential
hrc07,hrc17,80242604-78cd-4315-af9e-7594eeb7970c,hrc07,src03@display=sequential
hrc07,hrc17,45764b9e-1aaf-4afb-89d1-6d2cc38d7c1a,hrc07,src03@display=sequential
hrc07,hrc07,53740b0e-a70b-4465-b745-472a3a1afd99,hrc17,src03@display=sequential
hrc07,hrc07,d5018336-2e28-4a35-a250-a723b3fa214d,hrc17,src03@display=sequential
hrc07,hrc07,2373027a-04a9-4d76-b084-f53e20ed3cf4,hrc17,src03@display=sequential
hrc21,hrc21,bb926fe0-d9e2-46bc-9b22-daf71321c8aa,hrc17,src01@display=sequential
hrc21,hrc17,ecf73c1d-2209-4416-b005-26b678216634,hrc21,src01@display=sequential
hrc21,hrc21,0cd7633d-6ff0-4fc9-93c8-d9b7e1e8ff24,hrc17,src01@display=sequential
hrc17,hrc17,f0bdf508-0d60-44d3-9e43-58e0b70a2a87,hrc21,src01@display=sequential
hrc21,hrc21,fa18eb5e-4ada-462b-90a4-8d7624505663,hrc17,src01@display=sequential
hrc21,hrc21,a79432a2-63c0-4c12-9522-c8c10548b5fc,hrc17,src01@display=sequential
hrc21,hrc17,25110c9c-f0d7-4c05-b06a-1e805b4a0692,hrc21,src01@display=sequential
hrc21,hrc21,d7b474e9-ad6f-4890-99ab-5a796fcbd2cb,hrc17,src01@display=sequential
hrc21,hrc17,7361b0c2-c367-4080-8cf3-940171663143,hrc21,src01@display=sequential
hrc21,hrc17,f84ff720-d8bb-45c9-8403-50d59edcb435,hrc21,src01@display=sequential
hrc19,hrc19,444eca3c-4c3d-4f43-8b03-ab8eeec71bda,hrc16,src07@display=sequential
hrc19,hrc19,31ca5cac-d2b2-4d89-b282-f15c708df086,hrc16,src07@display=sequential
hrc19,hrc16,1632c427-02e0-4a5c-aef6-97645307543a,hrc19,src07@display=sequential
hrc19,hrc16,a1d1d1a3-ca05-441a-a182-190990e89d09,hrc19,src07@display=sequential
hrc19,hrc16,3d08370f-efa9-4919-83aa-f8f74d3e7889,hrc19,src07@display=sequential
hrc19,hrc19,a743ec39-7c4a-4a5e-af3d-ef34d1f878ef,hrc16,src07@display=sequential
hrc19,hrc19,3b1b4424-3cd1-4584-bbb5-5e27d1680658,hrc16,src07@display=sequential
hrc19,hrc19,d48d3209-3c1a-4253-a83c-ac0642c7f7c9,hrc16,src07@display=sequential
hrc19,hrc16,c8783d0a-7f2d-415e-8df6-e257a2c50e3c,hrc19,src07@display=sequential
hrc19,hrc16,c39301ac-544e-4bb2-85a7-b38cbff67bc4,hrc19,src07@display=sequential
original,hrc05,331844da-5e41-403c-a653-e3e9df4bd77e,original,src04@display=sequential
original,original,f84ff720-d8bb-45c9-8403-50d59edcb435,hrc05,src04@display=sequential
original,hrc05,a3577c25-bda4-48cb-856e-c8b69b4cad2f,original,src04@display=sequential
original,hrc05,592ba6b5-cb27-4a57-8053-fde0747c3fb0,original,src04@display=sequential
original,hrc05,f8765b82-42a9-446d-86f2-3a30e524f1bc,original,src04@display=sequential
original,original,2abfdeee-2fd3-4b37-82d9-e2ba44da1bcf,hrc05,src04@display=sequential
original,original,a464bb39-1622-4a87-b812-7b328917ca19,hrc05,src04@display=sequential
original,original,371cdc4f-5316-45e5-84cd-997130771a27,hrc05,src04@display=sequential
original,hrc05,f60a36aa-458a-4e8d-a50a-4a398ad38cb2,original,src04@display=sequential
original,original,ffcb775b-526f-4e28-8b0a-a53af6cae4fc,hrc05,src04@display=sequential
,hrc18,f84ff720-d8bb-45c9-8403-50d59edcb435,hrc13,src02@display=sequential
hrc13,hrc13,ff2c80e4-1759-42a7-a6bc-0b3eac9f9ed3,hrc18,src02@display=sequential
hrc18,hrc13,38905ec1-bf21-4862-bd29-398e8eeb2295,hrc18,src02@display=sequential
hrc18,hrc18,fc6ca1a9-48a6-41d5-b5ca-d7fa40d1a43e,hrc13,src02@display=sequential
hrc18,hrc18,459e6ec8-9143-4fda-89ff-32c90a82f712,hrc13,src02@display=sequential
hrc18,hrc18,5f9aaee4-8689-4753-9a70-a5d7dac11e95,hrc13,src02@display=sequential
hrc18,hrc18,98f9ec54-b947-408f-848e-553b8a2ded6e,hrc13,src02@display=sequential
hrc18,hrc13,a2eae99e-1732-497c-b157-394ebbf76ed5,hrc18,src02@display=sequential
hrc18,hrc18,02ec8608-c527-44a4-ba72-94448cdae1ed,hrc13,src02@display=sequential
hrc18,hrc13,34be0c29-9f70-4340-abc2-ef86a719199c,hrc18,src02@display=sequential
,hrc12,ed410ad3-28a9-470f-b22e-63686ace5647,original,src07@display=sequential
original,original,379e9519-d897-4cf1-b5cf-090662e13f2e,hrc12,src07@display=sequential
hrc12,hrc12,92eaa3f8-76a9-4f2b-810d-426076bbe1ab,original,src07@display=sequential
original,original,014dfed2-414d-42a6-97cc-34e25f02feec,hrc12,src07@display=sequential
original,original,a2cd5997-8ab2-40d5-af24-ff7745f16f87,hrc12,src07@display=sequential
hrc12,original,73f3f458-e953-4612-8841-8bb1c14fd5ec,hrc12,src07@display=sequential
original,hrc12,f2e393ff-0812-4cba-b5e1-e10e0a6a0f10,original,src07@display=sequential
original,original,b1f30d1e-18e5-46f4-a578-f9ee9194ef95,hrc12,src07@display=sequential
original,original,c045d23e-3f3b-4b8e-8905-9903e31dea71,hrc12,src07@display=sequential
original,hrc12,84327ee8-7e8c-4049-886f-05323cf7bbc3,original,src07@display=sequential
,hrc02,ed410ad3-28a9-470f-b22e-63686ace5647,original,src02@display=sequential
hrc02,hrc02,94bd995b-79a8-4b12-9fbc-f1f9f63dfdbf,original,src02@display=sequential
hrc02,hrc02,e833d5d7-37b6-4a78-a6b4-3f21fe78fda7,original,src02@display=sequential
original,original,722cd235-b167-4f83-9e2c-44921da5a9d0,hrc02,src02@display=sequential
original,original,c0a4b3b4-26a8-4223-9d56-496a44fa7b3f,hrc02,src02@display=sequential
,original,b6d6ce5a-8b39-434f-9587-d7ab23d43dae,hrc02,src02@display=sequential
hrc02,hrc02,7e5cbaab-672a-41ac-9674-e427d4eb2683,original,src02@display=sequential
,original,ca040d77-a3dc-4939-89c0-9f953e9f9515,hrc02,src02@display=sequential
,original,7f99fd97-cecd-4573-bd45-b573347d0edd,hrc02,src02@display=sequential
,original,7a99092a-1aef-4c46-ad48-570d36f8f632,hrc02,src02@display=sequential
hrc08,hrc18,ed410ad3-28a9-470f-b22e-63686ace5647,hrc08,src09@display=sequential
hrc08,hrc18,5ba03f4d-6560-4a57-94c8-966615c2029b,hrc08,src09@display=sequential
hrc08,hrc08,e014ebd9-cd30-437e-a333-6be5f7828d6d,hrc18,src09@display=sequential
hrc08,hrc18,b593f76a-6681-43ae-8d5d-96bd388eca8a,hrc08,src09@display=sequential
hrc18,hrc18,1f13add5-5ce9-4c51-8b33-3777418089c5,hrc08,src09@display=sequential
hrc08,hrc08,7b386b95-ce0d-4fce-a835-59be5bcfc864,hrc18,src09@display=sequential
hrc08,hrc18,c16ea7fc-f3f0-4ec9-bca4-b83eb9159aa1,hrc08,src09@display=sequential
hrc08,hrc08,47bc558e-26ee-49db-8c60-121b90b84188,hrc18,src09@display=sequential
hrc08,hrc18,4b23efe8-b14b-4be4-9bf3-7282c400ff35,hrc08,src09@display=sequential
hrc08,hrc08,a2212010-e7af-4f03-b283-3bf430b0d63b,hrc18,src09@display=sequential
hrc05,hrc05,ed410ad3-28a9-470f-b22e-63686ace5647,hrc16,src05@display=sequential
hrc16,hrc16,60acbb26-ef95-4f72-a364-3ca612973a92,hrc05,src05@display=sequential
hrc05,hrc05,192032f1-d829-4694-87f8-740a5b69b17c,hrc16,src05@display=sequential
hrc05,hrc05,f41906e2-bcde-4730-a270-44ad2f2dbd45,hrc16,src05@display=sequential
hrc05,hrc05,6a64ffbb-f695-4513-846a-2f9cdbe1ba3b,hrc16,src05@display=sequential
hrc05,hrc05,f94f84f0-0314-443c-aa81-c3dd47dd772a,hrc16,src05@display=sequential
hrc05,hrc16,f2e393ff-0812-4cba-b5e1-e10e0a6a0f10,hrc05,src05@display=sequential
hrc05,hrc05,585d8e35-90b2-450a-be37-2cef44ec5f71,hrc16,src05@display=sequential
hrc05,hrc16,2542f94b-c9c0-4121-8cd6-562f67503607,hrc05,src05@display=sequential
hrc16,hrc16,cb83eb86-11c6-454c-b320-99bbb9f9bb2f,hrc05,src05@display=sequential
hrc12,hrc12,ed410ad3-28a9-470f-b22e-63686ace5647,hrc08,src08@display=sequential
,hrc12,94bd995b-79a8-4b12-9fbc-f1f9f63dfdbf,hrc08,src08@display=sequential
hrc08,hrc08,c4e9ca97-a225-4610-a601-6fb7b294f85c,hrc12,src08@display=sequential
hrc08,hrc12,472d4448-6fde-4702-84a1-cf3f7bd0e45d,hrc08,src08@display=sequential
hrc08,hrc08,d8193f20-ca78-4f7e-a54e-1eb281c8ac16,hrc12,src08@display=sequential
,hrc12,b2e4fd69-e297-428c-80bb-8e4c322696ae,hrc08,src08@display=sequential
hrc12,hrc08,651b3bb1-0c2e-4a58-a8ff-c03001964285,hrc12,src08@display=sequential
hrc08,hrc12,fb51cc7e-0aac-43bd-b29c-dc2abd1c2c82,hrc08,src08@display=sequential
hrc08,hrc12,1429be8c-2d52-47df-b521-60ee72622965,hrc08,src08@display=sequential
hrc12,hrc12,cb1a089e-69c8-47ac-abc5-fcd819bcb522,hrc08,src08@display=sequential
,hrc21,ed410ad3-28a9-470f-b22e-63686ace5647,hrc08,src03@display=sequential
,hrc08,7eec4eb4-02fe-46aa-b975-28d23474037f,hrc21,src03@display=sequential
,hrc21,1c222557-129c-413d-b05a-5e68afeca1fd,hrc08,src03@display=sequential
,hrc21,da85add1-f1b2-4d6c-a92c-16edac52b42b,hrc08,src03@display=sequential
hrc21,hrc08,a1f80cb0-486f-4698-bf3f-26cb0a65d353,hrc21,src03@display=sequential
hrc08,hrc08,87becdf0-b143-4d89-af46-118582383619,hrc21,src03@display=sequential
hrc21,hrc21,4eb1d1af-ab6a-441d-99c3-0baadc8799ac,hrc08,src03@display=sequential
hrc21,hrc21,6ddc68b9-2043-40b0-8dca-222965fa9c27,hrc08,src03@display=sequential
hrc08,hrc08,9bf342e3-6f22-490b-b00b-372d2a7d8199,hrc21,src03@display=sequential
,hrc08,f34eebbe-cadc-470b-ad67-fba97042993a,hrc21,src03@display=sequential
hrc02,hrc13,d7cd8168-3a39-4dea-bf95-7b583699eb81,hrc02,src06@display=sequential
hrc02,hrc02,baaf9ff2-3d2f-4282-ab3d-4f11c4e34d3c,hrc13,src06@display=sequential
hrc02,hrc02,94bd995b-79a8-4b12-9fbc-f1f9f63dfdbf,hrc13,src06@display=sequential
hrc02,hrc13,62df5c8a-e08f-42bf-9636-a410c58e7b85,hrc02,src06@display=sequential
hrc02,hrc02,a22cb552-73fd-4bba-b020-6878660bd0d4,hrc13,src06@display=sequential
hrc02,hrc13,ec6a0331-4b38-43ac-a93c-18edcb2a5488,hrc02,src06@display=sequential
hrc02,hrc02,2fee481f-e69f-4359-87d3-cf4825a653fe,hrc13,src06@display=sequential
hrc02,hrc13,ee4e6658-a9aa-47c7-bee6-48666c24c37e,hrc02,src06@display=sequential
hrc02,hrc13,b1f30d1e-18e5-46f4-a578-f9ee9194ef95,hrc02,src06@display=sequential
hrc02,hrc13,385532c8-5edf-4c2b-85e3-1c533fad9959,hrc02,src06@display=sequential
hrc04,hrc10,7b386b95-ce0d-4fce-a835-59be5bcfc864,hrc04,src05@display=sequential
hrc04,hrc10,c16ea7fc-f3f0-4ec9-bca4-b83eb9159aa1,hrc04,src05@display=sequential
hrc04,hrc04,b7122e85-e78f-4b6f-a0cb-c759ffed197c,hrc10,src05@display=sequential
hrc04,hrc04,d7cd8168-3a39-4dea-bf95-7b583699eb81,hrc10,src05@display=sequential
,hrc10,f86b2275-4518-4d57-8c52-46fc992cc8a3,hrc04,src05@display=sequential
hrc04,hrc10,88fd02c5-402c-4421-b7ec-555b9efbe077,hrc04,src05@display=sequential
hrc04,hrc04,872f64ae-b43d-4fee-b0ab-45bcd25b5854,hrc10,src05@display=sequential
hrc04,hrc04,f1f59d35-72b2-4506-8acc-4f38f587a5f8,hrc10,src05@display=sequential
hrc10,hrc04,ab4d5ed2-9bbb-48d2-b661-f087828c05d3,hrc10,src05@display=sequential
hrc04,hrc10,a83953f0-5996-451a-9eaa-44ee8adcc8e8,hrc04,src05@display=sequential
hrc02,hrc02,d7cd8168-3a39-4dea-bf95-7b583699eb81,hrc17,src09@display=sequential
hrc02,hrc02,25bc1618-bd39-4c6b-8d75-5311bacba659,hrc17,src09@display=sequential
hrc02,hrc17,c3a2f596-b8f4-49f0-a9b5-c2f77d98ee55,hrc02,src09@display=sequential
hrc02,hrc17,4d913085-d3c6-4c34-9d18-eef3239c47cf,hrc02,src09@display=sequential
hrc02,hrc02,a79372d9-f532-4d0a-9819-25b31a6f5090,hrc17,src09@display=sequential
,hrc02,0abb605f-ad44-4d63-9bbd-84e2b37b9a07,hrc17,src09@display=sequential
hrc02,hrc02,fed3c133-8a6c-4f5f-a931-1d3bf1e3cbfb,hrc17,src09@display=sequential
hrc02,hrc02,3ad72fd4-4689-4163-a828-dd1744964c11,hrc17,src09@display=sequential
hrc02,hrc02,3f40ceea-2e6d-472c-81ea-76ff6c95e550,hrc17,src09@display=sequential
hrc02,hrc17,20ee2e43-5f41-4f76-b0c1-2ffe19f9602c,hrc02,src09@display=sequential
hrc04,hrc04,d7cd8168-3a39-4dea-bf95-7b583699eb81,hrc05,src03@display=sequential
hrc04,hrc04,b2f07ae4-3913-406a-b5a9-14721e18db1e,hrc05,src03@display=sequential
hrc04,hrc04,6b891a74-b253-4dc5-b5fe-567e9aa20da9,hrc05,src03@display=sequential
hrc04,hrc04,8a46bc78-31c5-412e-82cb-6ace35e90b6b,hrc05,src03@display=sequential
hrc04,hrc04,814ba963-799b-4345-bf39-65bfbb22105a,hrc05,src03@display=sequential
hrc04,hrc04,6fdb4288-40f0-4de1-8396-6bfb23ae11ef,hrc05,src03@display=sequential
hrc04,hrc04,50f1cc6f-21de-44c4-8056-cfee37a49d31,hrc05,src03@display=sequential
hrc04,hrc05,c8fcb579-4361-48f4-ad8c-190c038f943f,hrc04,src03@display=sequential
hrc04,hrc04,66b92e37-0b75-4aba-990d-ca47cf686540,hrc05,src03@display=sequential
hrc04,hrc04,451ab434-8329-4354-8a93-59493cd3cffa,hrc05,src03@display=sequential
hrc09,hrc17,d7cd8168-3a39-4dea-bf95-7b583699eb81,hrc09,src08@display=sequential
hrc09,hrc17,9169b3e4-5bee-4ec0-b43b-ea915ccf9849,hrc09,src08@display=sequential
hrc09,hrc09,2bc6723c-6d0f-472f-8eda-70e418545225,hrc17,src08@display=sequential
hrc09,hrc09,e107ed08-0b73-4c35-8f6b-f7cc4fa9ebd6,hrc17,src08@display=sequential
hrc09,hrc17,6cccef86-b575-48f8-8954-d39181458358,hrc09,src08@display=sequential
hrc09,hrc09,8bf8e043-0dfe-4d04-bed8-5faea6c6c4c4,hrc17,src08@display=sequential
hrc09,hrc17,314669a2-7dac-4f5f-9604-1595a6684acb,hrc09,src08@display=sequential
hrc09,hrc09,2167d9eb-7db5-4c9e-9b6f-576f21f3db82,hrc17,src08@display=sequential
hrc09,hrc17,8b27aa77-28aa-4647-bdbc-dbbf35b50d86,hrc09,src08@display=sequential
hrc09,hrc09,1c06f64f-65bb-40e2-9a85-3330f967aefd,hrc17,src08@display=sequential
hrc04,hrc04,d7cd8168-3a39-4dea-bf95-7b583699eb81,hrc02,src07@display=sequential
hrc02,hrc02,e828d90a-90b1-4c9b-85b2-5eb87e19463f,hrc04,src07@display=sequential
,hrc04,fbac4b1d-155c-4d3e-8c84-e98425883f47,hrc02,src07@display=sequential
,hrc02,ed39cdae-6f21-4391-af68-10ac22103779,hrc04,src07@display=sequential
hrc04,hrc04,b33efb6e-2e53-4052-87d4-bb3557a36e88,hrc02,src07@display=sequential
hrc04,hrc04,f3db176c-d706-4df7-8e35-7dc9132ab42d,hrc02,src07@display=sequential
,hrc04,2f5c9d18-91f7-4d55-a880-82131b6af0d3,hrc02,src07@display=sequential
hrc04,hrc04,02fd1a52-0f17-45c3-8185-fdbf6906e984,hrc02,src07@display=sequential
hrc04,hrc04,2eb24ce5-0ea1-4c90-92df-28195691abdd,hrc02,src07@display=sequential
,hrc04,d7e0c98f-c9e7-46ee-bce5-8e90e87a0cf9,hrc02,src07@display=sequential
hrc02,hrc13,50492a39-a060-497d-8a49-c6ad52d40574,hrc02,src03@display=sequential
hrc02,hrc13,d52484c5-287b-49f5-92f9-d01055c2728e,hrc02,src03@display=sequential
hrc02,hrc13,54707083-dc19-4e62-8c91-f5df5e49ee2d,hrc02,src03@display=sequential
hrc02,hrc02,537c658a-c98a-4694-980b-087adcb1835b,hrc13,src03@display=sequential
hrc02,hrc02,c4be62d3-fa6f-4723-a727-5c0950b7f27f,hrc13,src03@display=sequential
hrc02,hrc13,5b570328-ab5e-44ee-86bc-c9f161a75ff7,hrc02,src03@display=sequential
hrc02,hrc02,e4bae4c3-c65c-4141-9322-84691c956ebc,hrc13,src03@display=sequential
hrc02,hrc02,58610daf-4074-4fec-bc1c-4770879d61c8,hrc13,src03@display=sequential
hrc02,hrc02,b0367ddc-1381-4c30-b054-032f640ef4d3,hrc13,src03@display=sequential
hrc02,hrc13,b545444b-1118-4d91-9b8d-80c0b015c526,hrc02,src03@display=sequential
hrc09,hrc18,5b570328-ab5e-44ee-86bc-c9f161a75ff7,hrc09,src04@display=sequential
hrc09,hrc09,fdf2fd03-93a4-4751-b144-858499ab8b7f,hrc18,src04@display=sequential
,hrc18,c3cffd70-eea1-4c11-b2aa-5b2a38cdda11,hrc09,src04@display=sequential
hrc09,hrc09,58a466cc-6ddb-4014-a5cc-732e55706d9a,hrc18,src04@display=sequential
hrc09,hrc09,eb743109-e85a-4981-be4e-e85effa05712,hrc18,src04@display=sequential
hrc09,hrc18,80b3ebd0-5e38-448c-b3a3-151c11f59954,hrc09,src04@display=sequential
hrc09,hrc09,d680646f-4054-409d-a496-91a707fd4885,hrc18,src04@display=sequential
hrc09,hrc09,9a5132b2-76b8-4072-aa1e-a8ad2272768b,hrc18,src04@display=sequential
hrc09,hrc09,f469abc3-589d-4d1c-965e-33a7e258ed76,hrc18,src04@display=sequential
hrc09,hrc09,eeb931d9-8161-4fcf-8e54-2eb9a45bf56f,hrc18,src04@display=sequential
hrc04,hrc17,5b570328-ab5e-44ee-86bc-c9f161a75ff7,hrc04,src02@display=sequential
hrc04,hrc17,3d5aadf7-0358-49ff-b541-71a9103878b1,hrc04,src02@display=sequential
hrc04,hrc17,ba43bf3c-660f-4297-aba2-e454ac146c64,hrc04,src02@display=sequential
hrc04,hrc17,35777d6a-3f13-436d-aeac-f175175f5a1c,hrc04,src02@display=sequential
hrc04,hrc17,39df8f82-6ae7-4b16-91e1-bc8a53bbd2bf,hrc04,src02@display=sequential
hrc04,hrc04,d10debac-78f1-47fd-b639-dd0a767a2115,hrc17,src02@display=sequential
hrc04,hrc17,5f6a3446-9ea6-439f-b7a6-b6e3899ada03,hrc04,src02@display=sequential
hrc04,hrc17,adb42d8d-a4b5-4730-b575-c6db34b3313c,hrc04,src02@display=sequential
hrc04,hrc04,7c1cd676-1163-4512-b0cc-125f92752018,hrc17,src02@display=sequential
hrc04,hrc17,1458ee06-1d9f-404b-9e4d-b09e3b5731af,hrc04,src02@display=sequential
original,hrc16,5b570328-ab5e-44ee-86bc-c9f161a75ff7,original,src05@display=sequential
original,original,f0c077b8-5233-41ba-9089-7e1b10f40640,hrc16,src05@display=sequential
original,hrc16,af6668ca-3a6d-4746-88a7-4c28b88de39c,original,src05@display=sequential
original,hrc16,495902a1-5f30-4da7-9e15-e95a6286afc8,original,src05@display=sequential
original,hrc16,389e65fd-2bf8-42a2-8b81-822ecb5b58e1,original,src05@display=sequential
original,hrc16,e6649c05-bba4-4d31-98c7-8601374d6057,original,src05@display=sequential
original,hrc16,e2ef8b3c-8f6b-4998-b6a9-acd51651099f,original,src05@display=sequential
original,original,0c7cd81d-925c-4743-a2d6-52c210ca2c4d,hrc16,src05@display=sequential
original,hrc16,56981384-e0ba-4ec4-a6ea-fec5f32b3988,original,src05@display=sequential
,hrc16,c70e15fe-285d-4f39-b35a-67e47849682c,original,src05@display=sequential
hrc09,hrc09,5b570328-ab5e-44ee-86bc-c9f161a75ff7,hrc13,src09@display=sequential
hrc09,hrc13,ecf6df41-9caa-4f8e-9e83-ed4064aa1ec4,hrc09,src09@display=sequential
hrc09,hrc13,1b59b26a-5969-49dc-b678-1d6a91bdfa3d,hrc09,src09@display=sequential
hrc09,hrc13,f9017240-e499-42f6-85ae-673f751f0c38,hrc09,src09@display=sequential
hrc09,hrc13,a7cb4167-b9d3-436d-a9d0-8bf14c40f7ac,hrc09,src09@display=sequential
hrc09,hrc13,9d2abd08-aa84-4b48-aeb3-697822d55fc6,hrc09,src09@display=sequential
hrc09,hrc13,73947d9a-9287-4e35-bee3-93d830c0fa0a,hrc09,src09@display=sequential
hrc09,hrc09,64e2f67e-8d1c-4d48-8af3-8fcba72344a8,hrc13,src09@display=sequential
hrc09,hrc13,fca3759b-d972-4109-b510-9c0e331cd10b,hrc09,src09@display=sequential
hrc09,hrc13,705f7799-2d34-4d2e-b583-c65f61f6aa45,hrc09,src09@display=sequential
hrc02,hrc05,5b570328-ab5e-44ee-86bc-c9f161a75ff7,hrc02,src01@display=sequential
hrc02,hrc05,05942f22-02a8-4b21-a462-aca7c9d5c551,hrc02,src01@display=sequential
hrc02,hrc05,ab4d5ed2-9bbb-48d2-b661-f087828c05d3,hrc02,src01@display=sequential
hrc02,hrc02,cf62539a-dfa8-4a51-b330-bd4b8a49fcd1,hrc05,src01@display=sequential
hrc02,hrc02,5386aada-2e84-4b87-920b-147898ce357b,hrc05,src01@display=sequential
hrc02,hrc05,69e276e4-b0df-46a7-bc3c-07f8ef83d625,hrc02,src01@display=sequential
hrc02,hrc02,4c9c9dbc-7938-48fa-87e5-30a5bb146ac8,hrc05,src01@display=sequential
hrc02,hrc02,5abb5f46-0296-40b8-822f-ec4f8bb50c1f,hrc05,src01@display=sequential
hrc02,hrc05,6cf2c76e-5f85-4403-82aa-d49cfb5b9422,hrc02,src01@display=sequential
hrc02,hrc02,809ceea6-b27d-4b7f-aacb-214a78fe5623,hrc05,src01@display=sequential
hrc13,hrc13,0493648c-4348-4a60-af6d-775313df1a69,hrc05,src06@display=sequential
,hrc05,603c65cd-5f34-45be-87e4-a188d93c9c26,hrc13,src06@display=sequential
,hrc13,37bcaa2e-6ab9-4674-8dc6-00622721be83,hrc05,src06@display=sequential
,hrc05,b50ef8d4-8186-4583-b21a-e5735648587c,hrc13,src06@display=sequential
,hrc13,a59ec670-7ba7-4f2a-9b13-85d278c73590,hrc05,src06@display=sequential
hrc05,hrc05,8c16ccef-13f6-4933-9c0b-095fc895e7ab,hrc13,src06@display=sequential
,hrc05,5b570328-ab5e-44ee-86bc-c9f161a75ff7,hrc13,src06@display=sequential
hrc05,hrc05,b189d345-e28a-4e58-9ed3-5e4acd21add1,hrc13,src06@display=sequential
,hrc13,bd86f5f7-6fbd-4680-a9d5-5a34f343eba2,hrc05,src06@display=sequential
,hrc13,c7c0f387-cd76-4d32-911a-6aa633441126,hrc05,src06@display=sequential
hrc12,hrc12,180806df-395a-48a6-bcf7-c5a1bc420139,hrc20,src06@display=sequential
hrc20,hrc20,4a563c82-9cb0-45fa-b0d9-acdbe3db8b47,hrc12,src06@display=sequential
hrc20,hrc20,a97fc96e-5fbe-4371-a9ec-14da0c0f764f,hrc12,src06@display=sequential
hrc20,hrc20,0b983c9a-59ad-4422-bd89-8970550897f8,hrc12,src06@display=sequential
hrc20,hrc12,15164851-0f01-4e8d-ae9a-eeed69529ca3,hrc20,src06@display=sequential
hrc20,hrc20,60458390-32fa-4441-b820-90787c5343f6,hrc12,src06@display=sequential
hrc20,hrc20,d403c7b5-a23c-4583-90c0-5ed27e20b8f4,hrc12,src06@display=sequential
hrc20,hrc12,9d32f287-7a5a-4287-9f48-10a44fcb3304,hrc20,src06@display=sequential
hrc20,hrc20,e7297da4-8b5e-4b1f-9e73-3e1484bc53f0,hrc12,src06@display=sequential
hrc20,hrc12,ec42671b-b220-4f4e-b118-4dcc01ef84f3,hrc20,src06@display=sequential
hrc17,hrc10,8fb40cfe-fe7b-4b76-ae1e-8415ab06a086,hrc17,src03@display=sequential
hrc10,hrc10,35777d6a-3f13-436d-aeac-f175175f5a1c,hrc17,src03@display=sequential
hrc17,hrc10,6138f355-0d67-4ba4-b05d-14e0b0d74414,hrc17,src03@display=sequential
hrc17,hrc17,628344eb-f0b3-4307-bba4-fd09f7dcc56b,hrc10,src03@display=sequential
hrc17,hrc10,d3b13080-81da-4a83-bf78-091b1c137734,hrc17,src03@display=sequential
hrc17,hrc10,b1f30d1e-18e5-46f4-a578-f9ee9194ef95,hrc17,src03@display=sequential
hrc17,hrc10,d4868a7d-8256-414b-84a9-825087f26e37,hrc17,src03@display=sequential
hrc10,hrc17,dd48a3e8-a67f-41e1-b59d-9ee155000e80,hrc10,src03@display=sequential
hrc10,hrc10,180806df-395a-48a6-bcf7-c5a1bc420139,hrc17,src03@display=sequential
hrc17,hrc17,459e6ec8-9143-4fda-89ff-32c90a82f712,hrc10,src03@display=sequential
hrc07,hrc16,180806df-395a-48a6-bcf7-c5a1bc420139,hrc07,src05@display=sequential
hrc07,hrc07,6989cf89-ca63-4fe0-b136-996ed741ce03,hrc16,src05@display=sequential
hrc07,hrc16,fdf2fd03-93a4-4751-b144-858499ab8b7f,hrc07,src05@display=sequential
hrc07,hrc07,c62ff2ad-45a7-4f3e-acce-030576899b17,hrc16,src05@display=sequential
hrc07,hrc07,41c77243-6fce-4b2f-a350-655108d9e602,hrc16,src05@display=sequential
hrc07,hrc07,d48d3209-3c1a-4253-a83c-ac0642c7f7c9,hrc16,src05@display=sequential
hrc07,hrc16,f358592f-c14f-4bc9-b4c3-6d0c3bb440cb,hrc07,src05@display=sequential
hrc07,hrc07,1211caf9-9b1b-4189-8c44-f768b7ee496c,hrc16,src05@display=sequential
hrc07,hrc07,6505fbd9-0847-4bf1-bc8a-09532291d090,hrc16,src05@display=sequential
hrc07,hrc16,d35fe353-da0b-4b73-af6a-0993d3199c77,hrc07,src05@display=sequential
hrc04,hrc19,180806df-395a-48a6-bcf7-c5a1bc420139,hrc04,src09@display=sequential
,hrc04,534e0a10-19b0-4438-8138-70759d080fbe,hrc19,src09@display=sequential
hrc04,hrc19,781e5bd3-5a30-4643-8e93-d43670ab3790,hrc04,src09@display=sequential
hrc04,hrc04,6d4b73c7-6738-487e-932f-bbe469cd77cb,hrc19,src09@display=sequential
hrc04,hrc19,1cd3c163-d5dd-44b8-9cf7-a107a3824ffa,hrc04,src09@display=sequential
hrc04,hrc04,7c5e9f10-6dd5-4939-833b-7b5680686212,hrc19,src09@display=sequential
hrc04,hrc19,cc41adc2-0128-483a-a929-40af98e50807,hrc04,src09@display=sequential
hrc04,hrc04,9ea19e1f-428b-414a-abdf-c1e51f9afe71,hrc19,src09@display=sequential
hrc04,hrc04,abff7351-c218-40d5-8aa9-fc7b1a5d8429,hrc19,src09@display=sequential
hrc19,hrc04,91f8e990-7ac5-44d9-aeb9-f8235aeea663,hrc19,src09@display=sequential
hrc08,hrc13,6a62592c-89bf-46a4-8e54-ab72b6951bbd,hrc08,src08@display=sequential
hrc08,hrc13,bc63bd48-5827-4995-891b-7fbc691fa6d1,hrc08,src08@display=sequential
hrc08,hrc13,0da493d0-ea80-4d70-ba9e-e3f5ff77d39f,hrc08,src08@display=sequential
hrc08,hrc13,22b9b2b6-adf7-4210-973c-0023762b22b7,hrc08,src08@display=sequential
hrc08,hrc08,8d8628ca-83a4-40d2-b94c-08e90b8944e4,hrc13,src08@display=sequential
hrc08,hrc13,e55ca671-1a64-4590-953d-9e284e88d509,hrc08,src08@display=sequential
hrc08,hrc08,27e50f3e-f48d-493d-ac1e-736d639503f8,hrc13,src08@display=sequential
hrc08,hrc13,180806df-395a-48a6-bcf7-c5a1bc420139,hrc08,src08@display=sequential
hrc08,hrc08,cdf2dad0-af39-485b-894c-b2ff5d19e348,hrc13,src08@display=sequential
hrc08,hrc13,80d7f268-897c-430a-b38f-9144f6baa71a,hrc08,src08@display=sequential
hrc18,hrc18,180806df-395a-48a6-bcf7-c5a1bc420139,hrc16,src02@display=sequential
hrc18,hrc18,27e50f3e-f48d-493d-ac1e-736d639503f8,hrc16,src02@display=sequential
hrc18,hrc18,91c69418-ca88-47fa-9045-520cb13e2506,hrc16,src02@display=sequential
hrc18,hrc16,909ad99b-fa8b-4cfd-b7e7-e4df1f5f24b9,hrc18,src02@display=sequential
hrc18,hrc16,8f5ce5d7-602e-4a26-b3ba-4beeab07c0a8,hrc18,src02@display=sequential
hrc18,hrc16,dbf56af0-d333-49de-9bd3-1b837113335b,hrc18,src02@display=sequential
hrc18,hrc18,2cabc179-9b0a-4956-abc4-db3cf2e03f98,hrc16,src02@display=sequential
hrc16,hrc18,2268b1e8-ab95-4a64-bbb0-4dc64f270f4f,hrc16,src02@display=sequential
hrc18,hrc16,5682da16-b011-4915-aa49-e3e1d3037386,hrc18,src02@display=sequential
hrc18,hrc18,551eb5b5-43a7-404e-92fb-9640959fd234,hrc16,src02@display=sequential
,hrc12,180806df-395a-48a6-bcf7-c5a1bc420139,hrc21,src04@display=sequential
hrc12,hrc12,33aa809b-6785-49dc-ae11-5d5af6f61e8e,hrc21,src04@display=sequential
,hrc12,985b2187-2e8e-497a-87c3-80cdc7a2058a,hrc21,src04@display=sequential
,hrc12,e668e37c-ba44-4b0d-afd9-2062862b816f,hrc21,src04@display=sequential
,hrc21,5abb5f46-0296-40b8-822f-ec4f8bb50c1f,hrc12,src04@display=sequential
,hrc12,37bcaa2e-6ab9-4674-8dc6-00622721be83,hrc21,src04@display=sequential
,hrc21,d013d53b-da4a-4452-b8a9-1ea353b220fb,hrc12,src04@display=sequential
hrc21,hrc12,6bf101c5-81e0-4ad5-ae95-b70599b108b5,hrc21,src04@display=sequential
,hrc21,9e25a404-4bfe-4e8c-8dec-e7c76c0c760a,hrc12,src04@display=sequential
hrc21,hrc21,6b3f07e5-02e2-48e7-8efc-461b03f85b4c,hrc12,src04@display=sequential
hrc18,hrc18,ab4d5ed2-9bbb-48d2-b661-f087828c05d3,hrc08,src07@display=sequential
hrc18,hrc18,4d17c7e4-60bc-4e77-a3b1-31516fc353b3,hrc08,src07@display=sequential
hrc18,hrc08,1cd0a690-9a45-4224-b1bf-e4d32d4789b5,hrc18,src07@display=sequential
hrc08,hrc08,4ad0d76a-ac19-475d-97db-ffe0fd66930b,hrc18,src07@display=sequential
hrc18,hrc18,d96b7ae5-1e66-4e19-bcca-dcb1cf8f646d,hrc08,src07@display=sequential
hrc18,hrc08,10133552-f9c8-4185-b640-7e25d2e74bf4,hrc18,src07@display=sequential
hrc18,hrc18,12d98a34-47f5-4779-b4d0-c7e35539b9cb,hrc08,src07@display=sequential
hrc18,hrc18,adefd39e-12cd-4c2a-aaa3-98f584c5c723,hrc08,src07@display=sequential
hrc18,hrc18,d53945fe-0d18-43b7-82bc-70c07f67a7ca,hrc08,src07@display=sequential
hrc18,hrc18,8ff1358b-2362-4541-bef9-aaa77d3cedb2,hrc08,src07@display=sequential
original,original,ab4d5ed2-9bbb-48d2-b661-f087828c05d3,hrc12,src02@display=sequential
hrc12,original,d0c61afd-7aff-4a1d-9e82-3b047a761915,hrc12,src02@display=sequential
original,original,44d9eda0-c8bd-4bf7-add7-ddb3b53b45bd,hrc12,src02@display=sequential
original,original,d5d724bc-303a-4e86-9d46-ab375de40734,hrc12,src02@display=sequential
original,hrc12,74cc3f67-0c1c-46ee-aa87-d1092bf64bb4,original,src02@display=sequential
original,hrc12,fbb9f043-7950-41ce-817f-27e38dcf2bfb,original,src02@display=sequential
hrc12,hrc12,24766b7c-1659-4b37-9e0d-5b94e92a320d,original,src02@display=sequential
original,hrc12,fd14a53a-2ddf-497c-b651-2126b3686b54,original,src02@display=sequential
,original,4028c986-9c45-4388-8224-02a7b2afa646,hrc12,src02@display=sequential
original,hrc12,389e65fd-2bf8-42a2-8b81-822ecb5b58e1,original,src02@display=sequential
hrc18,hrc18,ab4d5ed2-9bbb-48d2-b661-f087828c05d3,hrc05,src09@display=sequential
hrc18,hrc18,38b31f9d-3706-4054-8720-2f012548436f,hrc05,src09@display=sequential
hrc18,hrc18,175a965b-e302-46aa-b701-fb087c49b74f,hrc05,src09@display=sequential
hrc18,hrc18,c15c4cb8-d927-4f2a-adf4-af121b87b70b,hrc05,src09@display=sequential
hrc18,hrc18,e1c3c1f9-f59c-4c62-8fa3-8f19be438b85,hrc05,src09@display=sequential
hrc18,hrc05,36b61036-3adf-409a-ba43-b95dd2257675,hrc18,src09@display=sequential
hrc18,hrc18,3b1058e2-fe8a-4537-a14d-164020753a23,hrc05,src09@display=sequential
hrc18,hrc18,0bc2ef68-2eec-431d-a903-4e5fb7901115,hrc05,src09@display=sequential
hrc18,hrc05,c3401f48-cfd7-4f88-b4f3-ec9dc22b55f8,hrc18,src09@display=sequential
,hrc05,6ecafacc-74bb-46fc-a25c-fb88759b6610,hrc18,src09@display=sequential
hrc07,hrc07,ab4d5ed2-9bbb-48d2-b661-f087828c05d3,hrc05,src06@display=sequential
hrc07,hrc05,4458597e-489f-4665-bcbf-9197d0b1b47d,hrc07,src06@display=sequential
hrc07,hrc07,22074075-da3a-4a59-a374-cfaa2d150fbb,hrc05,src06@display=sequential
hrc07,hrc05,0a1969d8-7cd3-499e-8b05-180327e7639d,hrc07,src06@display=sequential
hrc07,hrc05,4edaa347-68b5-4565-a1dd-fe591c6a83f0,hrc07,src06@display=sequential
hrc07,hrc07,c0841986-a23a-42a0-a152-ce477545bdd0,hrc05,src06@display=sequential
hrc07,hrc05,595d6b93-ba8e-4ddf-9a72-50bbd51fd899,hrc07,src06@display=sequential
hrc07,hrc07,3febb924-5622-4d83-b36c-f2213c3f5117,hrc05,src06@display=sequential
hrc07,hrc07,9a7623a5-6e59-4ac2-82aa-7d649f48d3f8,hrc05,src06@display=sequential
hrc07,hrc05,3294436f-ed2c-418c-b0a4-838f6d5f50b0,hrc07,src06@display=sequential
hrc19,hrc17,4028c986-9c45-4388-8224-02a7b2afa646,hrc19,src06@display=sequential
hrc19,hrc19,382ad6ec-0b8e-44d5-9c4b-5833a1d00b0f,hrc17,src06@display=sequential
hrc19,hrc19,aec7ed14-ebe5-4a27-971e-812aa92084ca,hrc17,src06@display=sequential
hrc19,hrc19,a867dbaa-519b-4945-aa5a-9f6b4c6520b7,hrc17,src06@display=sequential
hrc19,hrc19,965970ee-4f8f-4907-ae84-3318c16a5f29,hrc17,src06@display=sequential
hrc19,hrc17,082900d0-b541-4840-8099-04cd8537040b,hrc19,src06@display=sequential
hrc19,hrc19,80242604-78cd-4315-af9e-7594eeb7970c,hrc17,src06@display=sequential
hrc19,hrc17,668bbe46-836a-454f-ba33-dd4c33ddb6fd,hrc19,src06@display=sequential
hrc19,hrc17,635554c5-d17c-4fc7-a61e-7d792f8ec3c8,hrc19,src06@display=sequential
hrc19,hrc17,007919af-9cda-4553-bac6-327e2447b734,hrc19,src06@display=sequential
hrc20,hrc20,4028c986-9c45-4388-8224-02a7b2afa646,hrc18,src09@display=sequential
hrc20,hrc20,c185b7b6-460c-449b-942c-7437d0e8b154,hrc18,src09@display=sequential
hrc20,hrc18,638556dd-6e86-4ae3-9c25-0dd2e60709f1,hrc20,src09@display=sequential
hrc20,hrc20,ce8245a5-280a-422c-b0dd-f82448221858,hrc18,src09@display=sequential
hrc20,hrc20,cf05d5d1-53f7-4560-9fb1-c4020a9dcb97,hrc18,src09@display=sequential
hrc20,hrc18,2ae6675c-c739-44f0-860a-11311acb04f1,hrc20,src09@display=sequential
hrc20,hrc18,32128d68-b864-4e0e-9c13-989300fe1f5d,hrc20,src09@display=sequential
hrc20,hrc18,fc9666e5-30e9-47fc-9e00-bfb32a90cb5b,hrc20,src09@display=sequential
hrc20,hrc20,c1739819-086d-408c-b516-f05ff33ddf56,hrc18,src09@display=sequential
hrc20,hrc20,4430b16c-a339-4f7d-bfc4-59c4c73b0b30,hrc18,src09@display=sequential
,hrc02,4028c986-9c45-4388-8224-02a7b2afa646,hrc04,src05@display=sequential
,hrc02,281c5472-3eae-4cd1-8a96-3bc8d0820015,hrc04,src05@display=sequential
hrc02,hrc04,40e55ff9-2d27-4230-9e76-d1d981478cff,hrc02,src05@display=sequential
hrc04,hrc02,558436ff-83db-46b3-951b-08ea96ddeceb,hrc04,src05@display=sequential
,hrc02,62df5c8a-e08f-42bf-9636-a410c58e7b85,hrc04,src05@display=sequential
,hrc04,bda87d12-7e34-4288-abb7-7730774cfe50,hrc02,src05@display=sequential
,hrc02,32128d68-b864-4e0e-9c13-989300fe1f5d,hrc04,src05@display=sequential
,hrc04,4bd6af01-9fac-4ed3-9eb7-a3274aeb5661,hrc02,src05@display=sequential
hrc04,hrc04,6928b695-0a44-43eb-bf33-2e73eea11790,hrc02,src05@display=sequential
hrc04,hrc02,e0797398-ff1b-4cd6-9229-a59d2a290e80,hrc04,src05@display=sequential
hrc07,hrc07,4028c986-9c45-4388-8224-02a7b2afa646,hrc21,src08@display=sequential
hrc21,hrc07,5e5029d9-2e66-43be-bda9-799b3de0d1ee,hrc21,src08@display=sequential
hrc07,hrc21,630ff0a1-fb06-4ccb-8371-5093b4b80f83,hrc07,src08@display=sequential
,hrc07,f8bdbf2b-56fa-42ce-bc56-3bea94e0d7cb,hrc21,src08@display=sequential
hrc07,hrc07,bf5f4b87-d05a-440d-9431-6620c1795e60,hrc21,src08@display=sequential
,hrc21,b0639bf6-4570-49a6-b010-85440f842c50,hrc07,src08@display=sequential
hrc07,hrc07,16145d50-23f3-421b-8b7c-1f8e6a45b00e,hrc21,src08@display=sequential
hrc07,hrc07,f9933ce8-818d-4818-9d22-5b3ce5d20f11,hrc21,src08@display=sequential
hrc21,hrc07,c4be62d3-fa6f-4723-a727-5c0950b7f27f,hrc21,src08@display=sequential
hrc07,hrc07,e0797398-ff1b-4cd6-9229-a59d2a290e80,hrc21,src08@display=sequential
hrc18,hrc18,4028c986-9c45-4388-8224-02a7b2afa646,hrc05,src07@display=sequential
hrc18,hrc18,26871ee6-07b2-4725-9d6b-d10cd6d6e8c8,hrc05,src07@display=sequential
hrc18,hrc05,638556dd-6e86-4ae3-9c25-0dd2e60709f1,hrc18,src07@display=sequential
hrc05,hrc18,04a47e94-ecc5-4706-a79a-e96f350141ed,hrc05,src07@display=sequential
hrc05,hrc05,0b983c9a-59ad-4422-bd89-8970550897f8,hrc18,src07@display=sequential
hrc18,hrc05,29891a92-472f-4241-97b3-f486548bb310,hrc18,src07@display=sequential
hrc05,hrc05,8b7d1ecd-e95a-4379-a495-33a22119a344,hrc18,src07@display=sequential
hrc05,hrc05,cd178ccf-f697-4b60-8cc6-5b0d63a920a1,hrc18,src07@display=sequential
hrc18,hrc05,d7b474e9-ad6f-4890-99ab-5a796fcbd2cb,hrc18,src07@display=sequential
hrc18,hrc18,64f01562-adef-480b-927e-12872cada192,hrc05,src07@display=sequential
,original,4028c986-9c45-4388-8224-02a7b2afa646,hrc08,src03@display=sequential
,original,11d4d942-e945-4204-be57-396f71f413a0,hrc08,src03@display=sequential
original,original,30dbdb0c-b18c-47e8-b3d6-c157a53730b7,hrc08,src03@display=sequential
hrc08,hrc08,0053f56a-3dfc-4463-8859-7205469af490,original,src03@display=sequential
original,original,de673751-ad54-476d-9e45-5e82a3cea63d,hrc08,src03@display=sequential
hrc08,original,425d756e-d5e7-49bc-83a2-85e76ee9b31d,hrc08,src03@display=sequential
,hrc08,74cc3f67-0c1c-46ee-aa87-d1092bf64bb4,original,src03@display=sequential
original,original,af5e8105-39b8-4b2a-9e17-9b0216a6820c,hrc08,src03@display=sequential
original,original,1e2aafec-b705-4388-8de9-025a35aca97a,hrc08,src03@display=sequential
,original,06d4fcbb-2678-47cb-a9d3-ea2bc74a2f81,hrc08,src03@display=sequential
hrc20,hrc17,82043c11-c04e-412b-8b30-62518aaf55b5,hrc20,src08@display=sequential
hrc20,hrc17,15d0cead-d844-42c7-921c-8e5961c6f3ce,hrc20,src08@display=sequential
,hrc20,a79432a2-63c0-4c12-9522-c8c10548b5fc,hrc17,src08@display=sequential
hrc20,hrc20,b18b958b-b908-4ebe-932d-e50c856c72a6,hrc17,src08@display=sequential
hrc20,hrc17,f12b829d-b55b-4c7c-830a-48c568c8601d,hrc20,src08@display=sequential
hrc20,hrc20,cbc3521e-1314-4a2d-8cba-7c6f5c572bf6,hrc17,src08@display=sequential
hrc20,hrc20,65f53762-138f-4c4f-860b-c41827f8937f,hrc17,src08@display=sequential
hrc20,hrc20,9b8f4b05-1edf-44f3-8a9c-7cc885460eeb,hrc17,src08@display=sequential
hrc20,hrc17,882969fc-cb3f-463a-ae31-0d7c32898c9f,hrc20,src08@display=sequential
hrc20,hrc20,ad107398-33a4-4479-86ee-10181456c5b9,hrc17,src08@display=sequential
hrc19,hrc19,d745395f-3d67-40e3-9565-8e285d7be7fb,hrc10,src09@display=sequential
hrc19,hrc10,f626ab92-efaa-4e82-af30-018d04dd08c1,hrc19,src09@display=sequential
hrc19,hrc19,cb83993d-7a2f-4fbf-a8a1-a391f4a0490f,hrc10,src09@display=sequential
hrc19,hrc19,77567141-ef0e-4a59-8e28-b3aa576185d7,hrc10,src09@display=sequential
hrc19,hrc10,0bf55f15-f420-47f7-affc-2654b7277ec7,hrc19,src09@display=sequential
hrc19,hrc19,3febb924-5622-4d83-b36c-f2213c3f5117,hrc10,src09@display=sequential
hrc19,hrc10,41c77243-6fce-4b2f-a350-655108d9e602,hrc19,src09@display=sequential
hrc19,hrc19,e0c67370-cb8d-4fb4-b6e8-e967e9d4da10,hrc10,src09@display=sequential
hrc19,hrc19,edfbe193-6225-4440-aca9-7b5ca28c88f2,hrc10,src09@display=sequential
hrc19,hrc10,3e03b6ef-3501-4cab-a64d-2d85a706afe8,hrc19,src09@display=sequential
hrc17,hrc16,50492a39-a060-497d-8a49-c6ad52d40574,hrc17,src01@display=sequential
hrc17,hrc17,75763bc0-515d-4d46-96db-84958a1820fe,hrc16,src01@display=sequential
,hrc17,0d42c5ea-d627-4776-8c86-8294d4032f8f,hrc16,src01@display=sequential
hrc17,hrc17,15d0cead-d844-42c7-921c-8e5961c6f3ce,hrc16,src01@display=sequential
hrc17,hrc16,c8783d0a-7f2d-415e-8df6-e257a2c50e3c,hrc17,src01@display=sequential
hrc17,hrc17,3b1b4424-3cd1-4584-bbb5-5e27d1680658,hrc16,src01@display=sequential
hrc17,hrc17,18f17dfe-0c19-4a77-aabf-6c0538d6d242,hrc16,src01@display=sequential
hrc17,hrc17,da6f3ec1-ace9-4071-ad4e-c354db644cbc,hrc16,src01@display=sequential
hrc17,hrc16,9a1e3f9c-670b-428b-b0c0-bb9666c011e6,hrc17,src01@display=sequential
hrc17,hrc17,77381627-993a-4177-ad22-b7dbdbfad056,hrc16,src01@display=sequential
hrc18,hrc18,ee4e6658-a9aa-47c7-bee6-48666c24c37e,hrc16,src05@display=sequential
hrc18,hrc18,64cd5d8a-d083-4ac4-a732-cd96e8eb1fe2,hrc16,src05@display=sequential
hrc18,hrc16,eb2c7c91-0b6c-44d7-bb58-ab8e88ed8d52,hrc18,src05@display=sequential
hrc18,hrc16,1632c427-02e0-4a5c-aef6-97645307543a,hrc18,src05@display=sequential
hrc18,hrc18,74af2a5c-993c-4783-9d09-ade01b63051f,hrc16,src05@display=sequential
hrc18,hrc16,26f1a4f3-2de9-4b62-9f2e-9184870cb93e,hrc18,src05@display=sequential
hrc18,hrc16,835e531d-086d-4efe-8d86-2e29a6f0383b,hrc18,src05@display=sequential
hrc18,hrc18,0b20d6f6-fcf4-43e4-a46c-1b42be59e085,hrc16,src05@display=sequential
,hrc16,acf2878b-e5bd-4ec7-8b6b-26b383998f44,hrc18,src05@display=sequential
hrc16,hrc16,15d0cead-d844-42c7-921c-8e5961c6f3ce,hrc18,src05@display=sequential
hrc02,hrc02,f01ea614-4b9a-4255-8e5c-16a8f3c2a04a,hrc20,src07@display=sequential
hrc02,hrc02,31386404-9819-45ed-8d9d-7ceeb1453990,hrc20,src07@display=sequential
hrc02,hrc20,fbbbfd01-6603-4bb4-aca1-df5e811989cc,hrc02,src07@display=sequential
hrc02,hrc20,88fce6e5-aa83-48d2-91a1-183a1d9e16d2,hrc02,src07@display=sequential
,hrc20,420ba22c-2e57-46d7-a211-7fd00fb6b275,hrc02,src07@display=sequential
hrc02,hrc02,8ffc1eb7-3d8c-4803-a4ae-6c512d5e5478,hrc20,src07@display=sequential
hrc02,hrc02,15d0cead-d844-42c7-921c-8e5961c6f3ce,hrc20,src07@display=sequential
,hrc20,bf1fb90d-b8ab-467e-992d-2a9696fa650b,hrc02,src07@display=sequential
hrc02,hrc20,2cf04c1d-69ed-4a9f-9296-26dd3abf56ce,hrc02,src07@display=sequential
hrc20,hrc02,5da512f4-fb90-48d2-9129-8557fd670449,hrc20,src07@display=sequential
hrc09,hrc05,c1739819-086d-408c-b516-f05ff33ddf56,hrc09,src02@display=sequential
hrc09,hrc09,0c7b7124-cc6e-481c-8a1c-20819910984a,hrc05,src02@display=sequential
hrc09,hrc09,6dd3a163-db41-4440-8d55-ed3d84cb78ae,hrc05,src02@display=sequential
hrc09,hrc09,5483dfd1-da59-48bb-b08e-2893950a526b,hrc05,src02@display=sequential
hrc09,hrc05,a6da5121-b372-4161-b0dc-f2fa121c82d8,hrc09,src02@display=sequential
hrc09,hrc05,edfbe193-6225-4440-aca9-7b5ca28c88f2,hrc09,src02@display=sequential
hrc09,hrc09,78303b02-0ba1-4849-8789-c6c7c276bb31,hrc05,src02@display=sequential
hrc09,hrc09,79595a55-109b-463a-9dc6-18a2c47dda3b,hrc05,src02@display=sequential
hrc09,hrc05,15d0cead-d844-42c7-921c-8e5961c6f3ce,hrc09,src02@display=sequential
hrc09,hrc05,25a404f1-36a1-47b9-a8f7-89a36a7ed99c,hrc09,src02@display=sequential
hrc05,hrc17,bc383371-8a6a-4048-bcf3-f4daac498ef0,hrc05,src04@display=sequential
hrc17,hrc17,1632c427-02e0-4a5c-aef6-97645307543a,hrc05,src04@display=sequential
hrc17,hrc17,15d0cead-d844-42c7-921c-8e5961c6f3ce,hrc05,src04@display=sequential
hrc17,hrc05,f626ab92-efaa-4e82-af30-018d04dd08c1,hrc17,src04@display=sequential
hrc17,hrc17,73fa3c1f-2659-4f89-afb2-0453b581f177,hrc05,src04@display=sequential
hrc17,hrc05,1aa9e663-67d3-4003-a25b-de0487e89331,hrc17,src04@display=sequential
hrc17,hrc17,438e8653-e2e4-4d7e-b701-1cd1aff05f82,hrc05,src04@display=sequential
hrc17,hrc05,6837bdb0-899f-421b-90b2-7679b398759b,hrc17,src04@display=sequential
hrc17,hrc05,5018c844-da80-412a-8af7-3d05af5fdef8,hrc17,src04@display=sequential
hrc17,hrc05,b18b958b-b908-4ebe-932d-e50c856c72a6,hrc17,src04@display=sequential
hrc04,hrc04,80d7f268-897c-430a-b38f-9144f6baa71a,hrc20,src06@display=sequential
,hrc04,b33d0fef-ee87-4da3-bdcd-51f6b905229a,hrc20,src06@display=sequential
hrc04,hrc04,3ad42979-cd24-4628-a4da-5fe85c253715,hrc20,src06@display=sequential
hrc04,hrc04,3be288f6-8041-4043-b452-46e8a67d7014,hrc20,src06@display=sequential
hrc04,hrc20,9d2abd08-aa84-4b48-aeb3-697822d55fc6,hrc04,src06@display=sequential
hrc04,hrc20,882969fc-cb3f-463a-ae31-0d7c32898c9f,hrc04,src06@display=sequential
,hrc20,fb3aa600-7dad-4017-b757-92ee188220dc,hrc04,src06@display=sequential
hrc04,hrc04,d54a2502-b2af-434c-a632-821a14394a8c,hrc20,src06@display=sequential
hrc04,hrc04,0bc2ef68-2eec-431d-a903-4e5fb7901115,hrc20,src06@display=sequential
hrc04,hrc20,d360835c-e531-45d7-880a-45390ee03e29,hrc04,src06@display=sequential
,hrc18,80d7f268-897c-430a-b38f-9144f6baa71a,hrc19,src07@display=sequential
,hrc18,87b763b7-2f26-42bb-a0da-162c15c36d74,hrc19,src07@display=sequential
,hrc19,de673751-ad54-476d-9e45-5e82a3cea63d,hrc18,src07@display=sequential
hrc19,hrc19,13e19637-8aec-4d17-8256-c1a0879440e8,hrc18,src07@display=sequential
hrc19,hrc19,62df5c8a-e08f-42bf-9636-a410c58e7b85,hrc18,src07@display=sequential
hrc19,hrc19,6bfdc018-e316-4308-9e36-75b96fbf87db,hrc18,src07@display=sequential
hrc19,hrc18,bb926fe0-d9e2-46bc-9b22-daf71321c8aa,hrc19,src07@display=sequential
,hrc18,99743e4c-daf4-4bfa-ab87-e89131a2c8f6,hrc19,src07@display=sequential
,hrc18,b1da7162-c87f-43eb-8bf7-ebb71f16e861,hrc19,src07@display=sequential
hrc19,hrc19,95a42d41-dfc0-4ddf-ae33-f22f4f4f7632,hrc18,src07@display=sequential
,hrc07,80d7f268-897c-430a-b38f-9144f6baa71a,hrc21,src01@display=sequential
hrc21,hrc21,62dfcc1a-f13d-43b7-b124-9461292a7415,hrc07,src01@display=sequential
,hrc21,b9478e46-608d-4b40-85f2-6d5ebe427241,hrc07,src01@display=sequential
,hrc21,567005c0-484c-420a-8253-19699c82eee9,hrc07,src01@display=sequential
hrc21,hrc21,e668e37c-ba44-4b0d-afd9-2062862b816f,hrc07,src01@display=sequential
hrc07,hrc21,9980f22a-f115-45f1-b3a2-d12fd0dd8cf1,hrc07,src01@display=sequential
hrc07,hrc21,ccdcf626-e732-4c39-ade0-7e667a11b9de,hrc07,src01@display=sequential
hrc07,hrc21,fb5480ba-84ba-44f1-b7ef-93dbfcb1be78,hrc07,src01@display=sequential
hrc07,hrc07,b7855b91-3456-4c68-b626-fee17876f40c,hrc21,src01@display=sequential
hrc21,hrc07,eb42ae7c-e7ca-4b07-b2f1-d5d1b93224e7,hrc21,src01@display=sequential
hrc19,hrc18,80d7f268-897c-430a-b38f-9144f6baa71a,hrc19,src05@display=sequential
,hrc18,380f614f-b98d-4a9b-bb43-75930185afa8,hrc19,src05@display=sequential
hrc19,hrc19,3d5aadf7-0358-49ff-b541-71a9103878b1,hrc18,src05@display=sequential
hrc19,hrc18,83d45c00-57c2-4eae-a987-5b25a951a833,hrc19,src05@display=sequential
hrc19,hrc18,b6306029-365c-41e2-9319-61c0c405c6f4,hrc19,src05@display=sequential
,hrc19,09313056-ebad-4866-92f8-0be6160820e5,hrc18,src05@display=sequential
hrc19,hrc19,065f3d2b-259a-432d-8636-22c31cc31048,hrc18,src05@display=sequential
hrc19,hrc19,04e42b86-466e-4ef7-9fc6-faf842d0b850,hrc18,src05@display=sequential
hrc19,hrc18,9ff9d03b-26f1-4cd0-958a-820c3c75ba32,hrc19,src05@display=sequential
hrc19,hrc19,b774e164-c6e9-4e95-888c-12c5e3ddb8ad,hrc18,src05@display=sequential
hrc07,hrc07,80d7f268-897c-430a-b38f-9144f6baa71a,hrc05,src02@display=sequential
hrc07,hrc07,d100eafa-1760-436d-bd9f-a9724e3f1ee6,hrc05,src02@display=sequential
hrc07,hrc07,7049aa82-15c3-4aa7-807f-379c1ea7f2c9,hrc05,src02@display=sequential
hrc07,hrc07,b2641de9-20b4-4009-9fab-38d837861c26,hrc05,src02@display=sequential
hrc07,hrc05,d013d53b-da4a-4452-b8a9-1ea353b220fb,hrc07,src02@display=sequential
hrc07,hrc05,5740ef69-a9fb-42c2-b986-66e60752eb0f,hrc07,src02@display=sequential
hrc07,hrc07,3f5f7b8c-cd59-4d11-b12e-b8f93a47cf5c,hrc05,src02@display=sequential
hrc07,hrc05,e9aa57ae-3fd7-4f57-aa6b-889f6b4630bf,hrc07,src02@display=sequential
hrc07,hrc07,9f00faa6-a756-4269-a038-adb6de52ec0d,hrc05,src02@display=sequential
hrc07,hrc07,4b6c3b78-352c-4b84-9c29-a70e17c0e399,hrc05,src02@display=sequential
hrc07,hrc09,c7c0f387-cd76-4d32-911a-6aa633441126,hrc07,src09@display=sequential
hrc07,hrc09,a4774df5-8eae-465d-8180-c488cf6e72ef,hrc07,src09@display=sequential
hrc07,hrc09,523b838f-5f2e-4f19-b9df-d9969424c697,hrc07,src09@display=sequential
hrc07,hrc07,c8323faf-2696-4adb-8e2c-59d12c8a518f,hrc09,src09@display=sequential
hrc09,hrc09,5de0605d-3090-497c-830c-5bf5a45ce692,hrc07,src09@display=sequential
hrc07,hrc07,882969fc-cb3f-463a-ae31-0d7c32898c9f,hrc09,src09@display=sequential
hrc07,hrc09,9a32f30e-db52-4c25-93d0-fa4eb929c406,hrc07,src09@display=sequential
hrc07,hrc07,73f3f458-e953-4612-8841-8bb1c14fd5ec,hrc09,src09@display=sequential
,hrc07,6c11fc1a-b4f0-4525-855f-f6a00b5409e8,hrc09,src09@display=sequential
hrc09,hrc09,38207576-6ad7-4dac-84da-904ae3c77cf8,hrc07,src09@display=sequential
,hrc12,c7c0f387-cd76-4d32-911a-6aa633441126,hrc02,src07@display=sequential
hrc02,hrc02,c3a2f596-b8f4-49f0-a9b5-c2f77d98ee55,hrc12,src07@display=sequential
,hrc02,64b1b899-f049-46b3-a73c-f6a9365c1ed0,hrc12,src07@display=sequential
,hrc12,f27b0cf6-7468-44af-be54-21169745fbb1,hrc02,src07@display=sequential
,hrc12,53abf2c4-59eb-4444-ab2a-092449acce40,hrc02,src07@display=sequential
,hrc12,30d52e8d-b0e1-45e5-9af0-fad21c9f6ec0,hrc02,src07@display=sequential
,hrc02,5a1b603e-2a3d-41bf-8b6e-10e9c9e994bf,hrc12,src07@display=sequential
hrc12,hrc12,1cb35fd5-7c42-46a8-9139-15882c5bf85c,hrc02,src07@display=sequential
hrc12,hrc12,49d9d4cb-b8a1-4d99-ba2a-7e1346fc0627,hrc02,src07@display=sequential
,hrc02,b104dbe8-fec3-4032-b006-cece9ca6183f,hrc12,src07@display=sequential
hrc12,hrc12,c7c0f387-cd76-4d32-911a-6aa633441126,hrc16,src02@display=sequential
hrc12,hrc16,3dec82e1-f23f-4793-a574-e6cd6cca38a8,hrc12,src02@display=sequential
hrc12,hrc12,659cefad-c10d-42d5-a046-c14ee5cbec01,hrc16,src02@display=sequential
hrc12,hrc12,34972aa1-0bc4-4539-a7cb-4c5968b766e0,hrc16,src02@display=sequential
hrc12,hrc12,b90ac04a-b62e-44db-989d-a35bdf9a6344,hrc16,src02@display=sequential
hrc12,hrc12,eab4dc38-820b-4c1b-a638-2b4a0f93a334,hrc16,src02@display=sequential
hrc12,hrc16,a9e2bea1-eb02-4a50-8ab1-77f60cb569ff,hrc12,src02@display=sequential
hrc12,hrc16,fde3321b-a2a7-4c3f-a0fd-4dfc1beeba48,hrc12,src02@display=sequential
hrc12,hrc16,e2ef8b3c-8f6b-4998-b6a9-acd51651099f,hrc12,src02@display=sequential
hrc12,hrc12,881a6c66-db05-40f7-ad8a-77648d2d237f,hrc16,src02@display=sequential
hrc07,hrc10,c7c0f387-cd76-4d32-911a-6aa633441126,hrc07,src05@display=sequential
hrc07,hrc10,a0461a72-81fc-4492-9cad-96ba9f7bacbb,hrc07,src05@display=sequential
hrc07,hrc10,2bc6723c-6d0f-472f-8eda-70e418545225,hrc07,src05@display=sequential
hrc07,hrc10,a17e1f28-022f-402d-a120-9119be72ae5f,hrc07,src05@display=sequential
,hrc10,29674e6d-089e-4429-a5a5-05030ef57cbc,hrc07,src05@display=sequential
hrc07,hrc10,87becdf0-b143-4d89-af46-118582383619,hrc07,src05@display=sequential
hrc07,hrc10,777aa73c-e876-4af7-a998-55b2db8bf245,hrc07,src05@display=sequential
hrc07,hrc07,1cf51187-29ee-4e29-80b2-ad2a3f850fe2,hrc10,src05@display=sequential
hrc07,hrc07,65972744-31a9-4472-9908-5536a8a7122e,hrc10,src05@display=sequential
hrc07,hrc07,1d86cd8c-857c-4e48-a107-5f9463d42d40,hrc10,src05@display=sequential
hrc05,hrc05,c7c0f387-cd76-4d32-911a-6aa633441126,hrc08,src01@display=sequential
hrc05,hrc05,38905ec1-bf21-4862-bd29-398e8eeb2295,hrc08,src01@display=sequential
hrc08,hrc08,f27f301b-6bbb-4542-bf08-11f97dbd22d2,hrc05,src01@display=sequential
hrc08,hrc08,e4bae4c3-c65c-4141-9322-84691c956ebc,hrc05,src01@display=sequential
hrc08,hrc05,35000692-6b52-47f3-b5aa-d03481ae3eb5,hrc08,src01@display=sequential
hrc08,hrc05,37d9329c-b27d-4e17-9128-3c5b2f9003e1,hrc08,src01@display=sequential
hrc08,hrc08,9e9f603a-fd4f-46bf-a2e2-a50497486075,hrc05,src01@display=sequential
hrc08,hrc05,993fa71c-3dd5-4651-b910-2ea0d14b3621,hrc08,src01@display=sequential
hrc08,hrc05,635554c5-d17c-4fc7-a61e-7d792f8ec3c8,hrc08,src01@display=sequential
hrc08,hrc08,647d0ccb-1fbc-496d-92fd-0af0637de9ae,hrc05,src01@display=sequential
hrc02,hrc02,a9ad1409-0f06-42d1-b882-e2fa2010a67b,hrc19,src09@display=sequential
hrc02,hrc02,630ff0a1-fb06-4ccb-8371-5093b4b80f83,hrc19,src09@display=sequential
hrc02,hrc02,fbbbfd01-6603-4bb4-aca1-df5e811989cc,hrc19,src09@display=sequential
hrc02,hrc02,35000692-6b52-47f3-b5aa-d03481ae3eb5,hrc19,src09@display=sequential
hrc02,hrc02,5cfef51c-f7c4-4010-a911-a45be2a4d919,hrc19,src09@display=sequential
hrc02,hrc19,c4b4c465-69fa-4440-8297-38bbd5b0b5d4,hrc02,src09@display=sequential
hrc02,hrc02,6aa8af2c-3dd4-497b-a3fe-7c0f81f96f4a,hrc19,src09@display=sequential
hrc02,hrc02,8016f341-9a26-4b5e-bc01-b857242d960b,hrc19,src09@display=sequential
hrc02,hrc19,e739fe65-9837-4a8e-8058-6a0063fca411,hrc02,src09@display=sequential
,hrc19,4a2d56ff-0393-4f08-9121-e22c41b4c51f,hrc02,src09@display=sequential
hrc20,hrc16,a9ad1409-0f06-42d1-b882-e2fa2010a67b,hrc20,src03@display=sequential
hrc20,hrc20,50947f47-16ce-460f-b420-a89305500465,hrc16,src03@display=sequential
hrc20,hrc16,20e597b5-5ce5-45a7-9a38-d9ef3932f8e0,hrc20,src03@display=sequential
hrc20,hrc20,a3a1ef6b-9d54-45e1-bd34-1d3d3c08481b,hrc16,src03@display=sequential
hrc20,hrc20,7127c423-c55e-495f-8cbf-e77776fc320c,hrc16,src03@display=sequential
hrc20,hrc20,fe88ec31-e062-4ec6-a7c6-455dc015a155,hrc16,src03@display=sequential
hrc20,hrc20,d17f9416-d50c-4520-a1c8-c8482f856518,hrc16,src03@display=sequential
hrc20,hrc20,e03f8435-2142-45a7-a15c-ecf62ea4f916,hrc16,src03@display=sequential
hrc20,hrc16,c99a62dd-b2e6-4d8f-9986-44d28d8c8dc1,hrc20,src03@display=sequential
hrc20,hrc20,fbf0e732-933c-4026-87b1-d49c6106ccf3,hrc16,src03@display=sequential
hrc20,hrc07,a9ad1409-0f06-42d1-b882-e2fa2010a67b,hrc20,src01@display=sequential
hrc20,hrc07,27e50f3e-f48d-493d-ac1e-736d639503f8,hrc20,src01@display=sequential
hrc07,hrc07,3dec82e1-f23f-4793-a574-e6cd6cca38a8,hrc20,src01@display=sequential
,hrc20,0fa6e044-fe07-4575-a037-ca202981ab92,hrc07,src01@display=sequential
,hrc20,2c034a31-b04b-4132-be9d-cebcbabb4380,hrc07,src01@display=sequential
,hrc07,965970ee-4f8f-4907-ae84-3318c16a5f29,hrc20,src01@display=sequential
hrc07,hrc20,085d2fd6-2fec-4af4-a870-d2963b430267,hrc07,src01@display=sequential
hrc07,hrc07,6a4a2c2c-2e8e-47c8-bf35-4d48dc10350a,hrc20,src01@display=sequential
hrc20,hrc20,187b1523-3261-4e58-b86f-69930ec90cb8,hrc07,src01@display=sequential
hrc20,hrc07,a01d248f-120f-44aa-a1ae-c78564daf7f6,hrc20,src01@display=sequential
hrc17,hrc10,a9ad1409-0f06-42d1-b882-e2fa2010a67b,hrc17,src04@display=sequential
hrc17,hrc17,59e41467-1fc8-49ad-871f-be15ce142ac5,hrc10,src04@display=sequential
hrc17,hrc10,0e786423-5320-4062-b1c3-029db412234e,hrc17,src04@display=sequential
hrc17,hrc10,014dfed2-414d-42a6-97cc-34e25f02feec,hrc17,src04@display=sequential
hrc17,hrc10,8f79de94-24be-4943-8b74-544f666196b8,hrc17,src04@display=sequential
hrc17,hrc10,e04a10a2-abed-4430-a7ce-7f6e3735c4d2,hrc17,src04@display=sequential
hrc17,hrc17,d5d724bc-303a-4e86-9d46-ab375de40734,hrc10,src04@display=sequential
,hrc10,f94f84f0-0314-443c-aa81-c3dd47dd772a,hrc17,src04@display=sequential
hrc17,hrc10,88b36f5b-7e11-4173-9612-6e4bd8a0df5f,hrc17,src04@display=sequential
hrc10,hrc10,c7d09f16-7664-480c-a6c5-279f5014c143,hrc17,src04@display=sequential
hrc07,hrc18,a9ad1409-0f06-42d1-b882-e2fa2010a67b,hrc07,src08@display=sequential
hrc07,hrc18,420ba22c-2e57-46d7-a211-7fd00fb6b275,hrc07,src08@display=sequential
hrc07,hrc18,ce2acc22-6dc0-4d57-bf52-34e031ecb83c,hrc07,src08@display=sequential
hrc07,hrc18,f3344844-a685-491f-b82c-2b0d069dc1cc,hrc07,src08@display=sequential
hrc07,hrc07,459e6ec8-9143-4fda-89ff-32c90a82f712,hrc18,src08@display=sequential
hrc07,hrc18,09224b6b-5b76-4dc9-9945-1e90c3cf11e3,hrc07,src08@display=sequential
hrc18,hrc07,da6f3ec1-ace9-4071-ad4e-c354db644cbc,hrc18,src08@display=sequential
hrc07,hrc18,d54a2502-b2af-434c-a632-821a14394a8c,hrc07,src08@display=sequential
hrc07,hrc07,7f3041e3-410f-4d6c-bbe7-88fa3f554f22,hrc18,src08@display=sequential
hrc07,hrc18,19221555-9ce9-4393-9ea5-e50657e62c74,hrc07,src08@display=sequential
hrc09,hrc20,a9ad1409-0f06-42d1-b882-e2fa2010a67b,hrc09,src07@display=sequential
hrc09,hrc09,1175b846-a79d-4505-bf4c-b367e1f83ba6,hrc20,src07@display=sequential
hrc20,hrc09,84e9c5d9-f0e9-4b75-a0b5-ab23597e13db,hrc20,src07@display=sequential
hrc20,hrc09,fa5bdffd-c51b-4e05-9f17-e622852412d1,hrc20,src07@display=sequential
,hrc09,8046912e-7adc-42c4-af5e-639cb0e9d717,hrc20,src07@display=sequential
,hrc20,e6649c05-bba4-4d31-98c7-8601374d6057,hrc09,src07@display=sequential
hrc09,hrc09,71e14685-9bb1-453e-940d-07a99ca5950b,hrc20,src07@display=sequential
hrc09,hrc09,feabc2a1-9004-4146-acc3-3609cc50300a,hrc20,src07@display=sequential
hrc09,hrc20,ce25b470-c37f-49d0-8203-ed9688c18912,hrc09,src07@display=sequential
hrc09,hrc09,7e0d9c54-ab06-406e-9404-376c6cb54cc9,hrc20,src07@display=sequential
hrc04,hrc13,a9ad1409-0f06-42d1-b882-e2fa2010a67b,hrc04,src05@display=sequential
hrc04,hrc13,9612d1a4-483e-473f-aec2-02934e0618ca,hrc04,src05@display=sequential
hrc04,hrc13,463e62be-6f60-44e3-bc69-d7d4bd290f0d,hrc04,src05@display=sequential
hrc13,hrc04,058eabcd-6fe1-4446-af05-c68fbd2bd0c6,hrc13,src05@display=sequential
hrc04,hrc13,566f1efe-c334-4e1c-bd9d-60079dd825db,hrc04,src05@display=sequential
hrc04,hrc13,00fb48d3-939f-4d8f-a974-6c0799e28570,hrc04,src05@display=sequential
hrc04,hrc13,9fd1b181-02a1-4f1c-8cba-bb8193353de9,hrc04,src05@display=sequential
hrc04,hrc04,6eb5a5d1-481b-4555-aa32-c0790e9e2589,hrc13,src05@display=sequential
hrc04,hrc13,58728ea0-6590-46a3-a689-df5c9daab943,hrc04,src05@display=sequential
hrc04,hrc13,385532c8-5edf-4c2b-85e3-1c533fad9959,hrc04,src05@display=sequential
original,original,b545444b-1118-4d91-9b8d-80c0b015c526,hrc18,src02@display=sequential
original,original,26871ee6-07b2-4725-9d6b-d10cd6d6e8c8,hrc18,src02@display=sequential
original,hrc18,8831c2ef-64b2-4f81-bd12-782facb47567,original,src02@display=sequential
original,hrc18,4936c335-63ad-42c7-9910-e2b138439967,original,src02@display=sequential
original,hrc18,2a143680-f30d-48a1-bea7-5ae7236e6392,original,src02@display=sequential
original,original,d8f1cdf9-2130-4c7b-a94a-644261d6d4f7,hrc18,src02@display=sequential
original,hrc18,15db2e4a-2144-4d8c-a36f-2997208a1f4f,original,src02@display=sequential
original,hrc18,6c11fc1a-b4f0-4525-855f-f6a00b5409e8,original,src02@display=sequential
original,hrc18,bbb385de-3383-428c-810d-de9218736f6e,original,src02@display=sequential
original,hrc18,1c06f64f-65bb-40e2-9a85-3330f967aefd,original,src02@display=sequential
hrc21,hrc21,b545444b-1118-4d91-9b8d-80c0b015c526,hrc13,src09@display=sequential
hrc21,hrc21,d0c61afd-7aff-4a1d-9e82-3b047a761915,hrc13,src09@display=sequential
hrc21,hrc21,fbac4b1d-155c-4d3e-8c84-e98425883f47,hrc13,src09@display=sequential
hrc21,hrc13,c7b767ec-2634-44e9-a9b0-29d5046ff17a,hrc21,src09@display=sequential
hrc21,hrc21,b90ac04a-b62e-44db-989d-a35bdf9a6344,hrc13,src09@display=sequential
hrc21,hrc21,08473901-0621-448d-b64d-61aa72567205,hrc13,src09@display=sequential
hrc21,hrc21,9e2006cf-81f6-4dc7-9a43-405a3037fda2,hrc13,src09@display=sequential
hrc21,hrc13,84bd8de2-fe4e-426f-a1e4-82db2dee938f,hrc21,src09@display=sequential
hrc21,hrc21,07e0efcb-001f-491e-aa9f-cca467743d01,hrc13,src09@display=sequential
hrc21,hrc13,3337d50f-3ff4-4b00-9c35-a238978ffa06,hrc21,src09@display=sequential
hrc04,hrc17,b545444b-1118-4d91-9b8d-80c0b015c526,hrc04,src01@display=sequential
hrc04,hrc04,7cb06b23-5ae6-4b33-95b1-ab1ec6ce9a9d,hrc17,src01@display=sequential
hrc04,hrc17,4eb31704-9ae1-4640-a4bd-e09f46dda911,hrc04,src01@display=sequential
hrc04,hrc17,13d8e79f-b78d-4090-b59a-b516d546b349,hrc04,src01@display=sequential
hrc04,hrc04,65392d93-283c-4079-b9ae-ce016ea883f6,hrc17,src01@display=sequential
hrc04,hrc04,d8160212-8dcd-4e7a-8d55-f10de6af90d9,hrc17,src01@display=sequential
hrc04,hrc17,091fadc3-64c7-48a1-8c46-a1233a3b21f1,hrc04,src01@display=sequential
hrc04,hrc04,658dc692-7421-4412-901b-44c5c6156b8d,hrc17,src01@display=sequential
hrc17,hrc04,226606bc-5276-4f2d-9a2c-b56c14b8bcdf,hrc17,src01@display=sequential
hrc04,hrc17,32b1e827-4cf2-468f-9797-4a40b9ed4a47,hrc04,src01@display=sequential
hrc07,hrc18,b545444b-1118-4d91-9b8d-80c0b015c526,hrc07,src06@display=sequential
hrc07,hrc07,b7122e85-e78f-4b6f-a0cb-c759ffed197c,hrc18,src06@display=sequential
hrc07,hrc18,5bdaabb1-85bf-463f-b5bd-b6e0563b1309,hrc07,src06@display=sequential
hrc07,hrc18,e1605e65-ef4d-48eb-92d4-c83f6c733031,hrc07,src06@display=sequential
hrc07,hrc18,71a24918-51dc-498e-a290-b05897aeb40e,hrc07,src06@display=sequential
hrc07,hrc07,ca65c3a0-fb0a-4804-a1b4-2f35acc5b559,hrc18,src06@display=sequential
hrc07,hrc18,1bfb2f4b-8c15-4e96-807b-51afd54edd7b,hrc07,src06@display=sequential
hrc07,hrc07,ed16384e-9a7f-4dd5-b966-585e924233fa,hrc18,src06@display=sequential
hrc07,hrc18,7f60cd05-3ea6-4d0e-87e8-632c5ff9743b,hrc07,src06@display=sequential
hrc07,hrc07,3de8634b-9153-4c5a-8a93-5d6012373bd6,hrc18,src06@display=sequential
hrc20,hrc17,eac8c936-91b4-4073-a199-182fc3008679,hrc20,src03@display=sequential
hrc20,hrc20,7e2bc83e-d940-4d78-9383-608319aca71c,hrc17,src03@display=sequential
hrc20,hrc20,6b9a4e34-52b8-4521-aef8-113f03c2eed5,hrc17,src03@display=sequential
hrc20,hrc20,e802d7f4-170f-4b14-9db6-3528dd3b697d,hrc17,src03@display=sequential
hrc20,hrc17,15ec9909-579a-4944-b785-eeb1176c8f46,hrc20,src03@display=sequential
,hrc17,3ed94fd1-c049-45fd-ad73-4b5fb83c209d,hrc20,src03@display=sequential
hrc20,hrc20,98ce71da-42b5-40dc-ba86-68f8b2f86e1f,hrc17,src03@display=sequential
hrc20,hrc20,f878add3-52f7-4664-b4db-debcd7fa6905,hrc17,src03@display=sequential
hrc20,hrc17,2d3fa1a6-afde-4886-bbd9-6d6ae7788071,hrc20,src03@display=sequential
hrc20,hrc17,6a62592c-89bf-46a4-8e54-ab72b6951bbd,hrc20,src03@display=sequential
hrc09,hrc07,eac8c936-91b4-4073-a199-182fc3008679,hrc09,src02@display=sequential
hrc07,hrc09,2285a432-258c-4d27-8292-7c7b782bc591,hrc07,src02@display=sequential
,hrc09,9b8f4b05-1edf-44f3-8a9c-7cc885460eeb,hrc07,src02@display=sequential
,hrc09,c7b767ec-2634-44e9-a9b0-29d5046ff17a,hrc07,src02@display=sequential
,hrc07,29674e6d-089e-4429-a5a5-05030ef57cbc,hrc09,src02@display=sequential
,hrc07,bda87d12-7e34-4288-abb7-7730774cfe50,hrc09,src02@display=sequential
,hrc07,ccdcf626-e732-4c39-ade0-7e667a11b9de,hrc09,src02@display=sequential
hrc09,hrc07,3143164a-1c3e-4ff1-bc7b-f98339e9a921,hrc09,src02@display=sequential
hrc07,hrc07,9d5a019b-71bd-4af6-b124-a219b08b293a,hrc09,src02@display=sequential
hrc09,hrc09,1d2ed32a-13f4-4021-896f-073296654209,hrc07,src02@display=sequential
hrc09,hrc18,eac8c936-91b4-4073-a199-182fc3008679,hrc09,src07@display=sequential
hrc09,hrc09,f4c93ef6-9b4c-4208-b5f1-c0827cbfa484,hrc18,src07@display=sequential
,hrc18,90799355-438b-4212-8fff-ee5297cbd8db,hrc09,src07@display=sequential
hrc09,hrc09,a54376d0-ee13-4dc1-9b59-87e155c62795,hrc18,src07@display=sequential
hrc09,hrc18,872f64ae-b43d-4fee-b0ab-45bcd25b5854,hrc09,src07@display=sequential
hrc09,hrc09,bdaf75e9-710e-440d-a0da-c8460f2c216f,hrc18,src07@display=sequential
hrc09,hrc09,8445dda7-8d95-449d-8c54-8e2591a8e364,hrc18,src07@display=sequential
,hrc18,d9de9b07-c463-4078-b164-68c2f997bfce,hrc09,src07@display=sequential
hrc09,hrc18,d5fa3015-e940-4b6b-9b66-69277af334a1,hrc09,src07@display=sequential
hrc09,hrc09,24321fc2-2364-4f6d-a25c-f593a13b061a,hrc18,src07@display=sequential
hrc13,hrc16,eac8c936-91b4-4073-a199-182fc3008679,hrc13,src05@display=sequential
hrc13,hrc13,72afd759-8740-43e7-ad36-748d80c2ddb2,hrc16,src05@display=sequential
hrc13,hrc13,4ae1d15b-34bc-41bf-8729-623211970811,hrc16,src05@display=sequential
hrc13,hrc13,c7b767ec-2634-44e9-a9b0-29d5046ff17a,hrc16,src05@display=sequential
hrc13,hrc13,31e37061-1d48-4b7e-801d-b43f7c932cf2,hrc16,src05@display=sequential
hrc13,hrc13,5db97e29-51c6-4d87-9897-b63690e31c52,hrc16,src05@display=sequential
hrc16,hrc13,d5fa3015-e940-4b6b-9b66-69277af334a1,hrc16,src05@display=sequential
hrc16,hrc13,01e8d7b6-3386-43b3-a8e3-f1af4d392224,hrc16,src05@display=sequential
hrc16,hrc13,eaeedcc0-54af-4d8a-8d41-5f3f9420e804,hrc16,src05@display=sequential
hrc13,hrc13,feb86d47-9265-4860-8fde-a8d663708477,hrc16,src05@display=sequential
hrc09,hrc05,eac8c936-91b4-4073-a199-182fc3008679,hrc09,src04@display=sequential
hrc09,hrc05,3ef600ff-b8b8-4571-8b95-e601a6f55984,hrc09,src04@display=sequential
hrc09,hrc09,e828d90a-90b1-4c9b-85b2-5eb87e19463f,hrc05,src04@display=sequential
hrc09,hrc05,6d152256-d10c-48b1-98bf-22a27348c2f5,hrc09,src04@display=sequential
hrc09,hrc05,649135cd-e54f-4105-a2ff-d175b6e51c29,hrc09,src04@display=sequential
hrc09,hrc05,2a00693b-e684-4794-ac24-aa15b045d8eb,hrc09,src04@display=sequential
hrc09,hrc05,6ea4f9af-c257-4696-b51c-792ab1b5c848,hrc09,src04@display=sequential
hrc09,hrc09,20b82720-584e-4871-83c5-e88aec82c7ff,hrc05,src04@display=sequential
hrc09,hrc09,4f149963-afe7-4e7f-882a-d92298266de8,hrc05,src04@display=sequential
hrc09,hrc09,f7a57a0e-fc33-4611-9435-fd7e359f7394,hrc05,src04@display=sequential
,hrc02,3e4467d1-498d-4384-822e-f70bfdd8962a,hrc07,src09@display=sequential
,hrc07,d13f540e-6390-44ec-8862-c0cc3a81cc74,hrc02,src09@display=sequential
hrc07,hrc02,f9933ce8-818d-4818-9d22-5b3ce5d20f11,hrc07,src09@display=sequential
,hrc02,d3b13080-81da-4a83-bf78-091b1c137734,hrc07,src09@display=sequential
hrc07,hrc07,7e0d9c54-ab06-406e-9404-376c6cb54cc9,hrc02,src09@display=sequential
hrc02,hrc07,1b351bd1-c7e8-4893-b9e4-2df5e96440bc,hrc02,src09@display=sequential
hrc07,hrc07,12a93fbf-896e-43f7-8958-1af43801cf9f,hrc02,src09@display=sequential
hrc02,hrc02,eac8c936-91b4-4073-a199-182fc3008679,hrc07,src09@display=sequential
hrc07,hrc02,8c00d752-4fc3-4e7d-a8df-d7ca2c6a73a2,hrc07,src09@display=sequential
hrc07,hrc02,78448630-72f5-4556-84ab-a02e39a647b6,hrc07,src09@display=sequential
hrc21,hrc21,eac8c936-91b4-4073-a199-182fc3008679,hrc19,src01@display=sequential
hrc21,hrc19,6afbcd4e-754d-4cb0-b039-3ad6afbf633b,hrc21,src01@display=sequential
hrc21,hrc19,e014ebd9-cd30-437e-a333-6be5f7828d6d,hrc21,src01@display=sequential
,hrc21,c1345d78-3ad8-4f4a-8031-beffe95a18af,hrc19,src01@display=sequential
,hrc19,5de0605d-3090-497c-830c-5bf5a45ce692,hrc21,src01@display=sequential
,hrc21,54b6bc20-e9f0-430e-b687-f9a3bb4d716b,hrc19,src01@display=sequential
hrc21,hrc19,02dbd363-be57-492d-9e52-1e5212588363,hrc21,src01@display=sequential
hrc21,hrc21,f526611a-a42a-4f2f-89d5-cc9e7efac493,hrc19,src01@display=sequential
,hrc21,9e25a404-4bfe-4e8c-8dec-e7c76c0c760a,hrc19,src01@display=sequential
hrc21,hrc19,c7d09f16-7664-480c-a6c5-279f5014c143,hrc21,src01@display=sequential
,hrc21,55682f9e-b267-4d99-8302-c1aa8186aa39,hrc19,src08@display=sequential
,hrc21,1b9e7799-1c0f-4d71-9579-79b835093f71,hrc19,src08@display=sequential
hrc21,hrc21,a3d57e9a-630c-4320-8a26-435a9d86ed76,hrc19,src08@display=sequential
hrc19,hrc19,79595a55-109b-463a-9dc6-18a2c47dda3b,hrc21,src08@display=sequential
hrc21,hrc21,2b860b17-e033-4f3e-9e8b-b9581a30f146,hrc19,src08@display=sequential
,hrc19,5cfef51c-f7c4-4010-a911-a45be2a4d919,hrc21,src08@display=sequential
hrc21,hrc19,6dd3a163-db41-4440-8d55-ed3d84cb78ae,hrc21,src08@display=sequential
,hrc21,7361b0c2-c367-4080-8cf3-940171663143,hrc19,src08@display=sequential
hrc21,hrc21,2f4ed158-b11c-4b86-b59d-6ddbec83983a,hrc19,src08@display=sequential
hrc21,hrc21,06f4f549-d726-40a1-a4aa-bdd0fafdf36d,hrc19,src08@display=sequential
hrc04,hrc04,2f4ed158-b11c-4b86-b59d-6ddbec83983a,hrc07,src05@display=sequential
,hrc07,c8783d0a-7f2d-415e-8df6-e257a2c50e3c,hrc04,src05@display=sequential
hrc07,hrc04,5f05bf2e-edd6-48ae-83b0-bbad9be59c03,hrc07,src05@display=sequential
,hrc04,a54376d0-ee13-4dc1-9b59-87e155c62795,hrc07,src05@display=sequential
hrc07,hrc04,c15c4cb8-d927-4f2a-adf4-af121b87b70b,hrc07,src05@display=sequential
hrc04,hrc07,31ca5cac-d2b2-4d89-b282-f15c708df086,hrc04,src05@display=sequential
hrc07,hrc04,68784bad-1b93-450c-a86b-529f01a28a30,hrc07,src05@display=sequential
hrc07,hrc07,8ab4a29f-8839-4f93-a204-7142e13cfeed,hrc04,src05@display=sequential
hrc07,hrc07,ebdd1319-f262-41ca-aba9-aabc27f9c28a,hrc04,src05@display=sequential
,hrc04,8d8628ca-83a4-40d2-b94c-08e90b8944e4,hrc07,src05@display=sequential
hrc04,hrc12,b5b43c0b-1179-45bb-b87a-ff61774cbd0a,hrc04,src04@display=sequential
hrc04,hrc04,f9bbfc44-9d81-442b-b2b0-e2e241471b54,hrc12,src04@display=sequential
hrc12,hrc12,1458ee06-1d9f-404b-9e4d-b09e3b5731af,hrc04,src04@display=sequential
hrc04,hrc04,6f2c2f55-6d6c-4686-9a3c-50e7b4b47219,hrc12,src04@display=sequential
hrc04,hrc12,69e276e4-b0df-46a7-bc3c-07f8ef83d625,hrc04,src04@display=sequential
hrc04,hrc12,2f4ed158-b11c-4b86-b59d-6ddbec83983a,hrc04,src04@display=sequential
,hrc04,47def90d-2712-4403-8b42-13b67d009638,hrc12,src04@display=sequential
hrc04,hrc12,0c3224df-0ca1-473b-9ab7-3466eabb0233,hrc04,src04@display=sequential
hrc04,hrc12,20004959-c8e6-47d6-83b9-05113caa2147,hrc04,src04@display=sequential
,hrc04,b7d9cf99-b646-448f-8000-ca53352da30a,hrc12,src04@display=sequential
original,original,2f4ed158-b11c-4b86-b59d-6ddbec83983a,hrc07,src06@display=sequential
original,hrc07,88fd02c5-402c-4421-b7ec-555b9efbe077,original,src06@display=sequential
original,original,c835e219-186e-4440-8c16-769b1d05bf29,hrc07,src06@display=sequential
,original,a0705ba3-cba0-46ca-adaa-5ad1794e1188,hrc07,src06@display=sequential
original,hrc07,69e276e4-b0df-46a7-bc3c-07f8ef83d625,original,src06@display=sequential
hrc07,hrc07,dbdce651-0354-4168-86b0-feb47a871b13,original,src06@display=sequential
hrc07,hrc07,4a76f2f7-9d33-49ba-8cc4-1cf92c5da2d4,original,src06@display=sequential
,hrc07,e9aa57ae-3fd7-4f57-aa6b-889f6b4630bf,original,src06@display=sequential
original,hrc07,01e8d7b6-3386-43b3-a8e3-f1af4d392224,original,src06@display=sequential
original,original,f01ea614-4b9a-4255-8e5c-16a8f3c2a04a,hrc07,src06@display=sequential
hrc02,hrc02,2373027a-04a9-4d76-b084-f53e20ed3cf4,hrc16,src01@display=sequential
hrc02,hrc16,ad80bfb9-7f25-493b-9511-fe3bf1a4016f,hrc02,src01@display=sequential
hrc02,hrc02,66b9e1ca-7be6-469d-881b-e3433a746220,hrc16,src01@display=sequential
hrc02,hrc02,d93492c2-f0b1-484d-9d63-b66f217afdea,hrc16,src01@display=sequential
hrc02,hrc16,9d6f7ee1-e089-4410-88df-ff9fd7b07a56,hrc02,src01@display=sequential
hrc16,hrc02,5da512f4-fb90-48d2-9129-8557fd670449,hrc16,src01@display=sequential
hrc02,hrc02,2e4c1a67-80bc-4b30-b6ca-da117c7f7ee9,hrc16,src01@display=sequential
hrc02,hrc16,7c7af9a4-0f7b-49fd-bb78-618f89ecaaef,hrc02,src01@display=sequential
hrc02,hrc16,2f4ed158-b11c-4b86-b59d-6ddbec83983a,hrc02,src01@display=sequential
hrc02,hrc16,2082be69-3d1a-46ad-b3cf-b33db5b98382,hrc02,src01@display=sequential
,hrc20,91641fb2-f748-4fad-bfa6-9ef0e5b271a3,hrc04,src02@display=sequential
,hrc20,8f9afef3-5f14-4236-b677-b43876808ec6,hrc04,src02@display=sequential
hrc04,hrc04,3d08370f-efa9-4919-83aa-f8f74d3e7889,hrc20,src02@display=sequential
hrc20,hrc20,a527bdf9-311f-43ee-a4b5-31dd2629cc0a,hrc04,src02@display=sequential
,hrc20,b13d20bd-47f9-4840-a9e4-a22cca6b80dd,hrc04,src02@display=sequential
hrc04,hrc04,2f4ed158-b11c-4b86-b59d-6ddbec83983a,hrc20,src02@display=sequential
hrc20,hrc20,da4644b1-335d-468a-8df0-814cc400fa8a,hrc04,src02@display=sequential
hrc04,hrc20,144a1937-b5d6-4765-b6d9-7b109e63d11a,hrc04,src02@display=sequential
hrc04,hrc20,f97b08cc-e500-4b70-86c4-10b8a663d70b,hrc04,src02@display=sequential
,hrc20,71a24918-51dc-498e-a290-b05897aeb40e,hrc04,src02@display=sequential
,hrc13,e886156a-16d3-42e3-b41a-4975284ac07f,hrc10,src03@display=sequential
hrc13,hrc10,2b36f719-882e-4e03-9131-8d4f3e7246a4,hrc13,src03@display=sequential
hrc13,hrc13,157b2239-271e-41e3-99b6-ed7eca00929c,hrc10,src03@display=sequential
,hrc13,2f4ed158-b11c-4b86-b59d-6ddbec83983a,hrc10,src03@display=sequential
hrc13,hrc10,03ef0614-5880-4283-869c-e93d4b9d990e,hrc13,src03@display=sequential
hrc13,hrc10,bb8b1f5a-3ed7-40f4-8e3b-17cf31d1fd2b,hrc13,src03@display=sequential
hrc13,hrc10,739e1d34-ccab-4d66-b5cb-3271ed097ccd,hrc13,src03@display=sequential
hrc13,hrc13,6c67538e-6b84-46b3-bd4c-8c3389fbab32,hrc10,src03@display=sequential
hrc10,hrc10,60507d05-0bbe-422a-8abd-b4e7e5fe8937,hrc13,src03@display=sequential
hrc13,hrc10,fde3321b-a2a7-4c3f-a0fd-4dfc1beeba48,hrc13,src03@display=sequential
hrc08,hrc08,201d5967-5a76-40c7-b91d-1c37fe8dc4b2,hrc10,src01@display=sequential
hrc08,hrc08,41875269-0856-453f-bf25-f04241dd081e,hrc10,src01@display=sequential
hrc08,hrc10,aa3bfe25-9f30-43c7-9980-293bb0244bb7,hrc08,src01@display=sequential
hrc08,hrc10,7a2918f4-1036-462e-9ab0-f7d1b432cbf9,hrc08,src01@display=sequential
hrc08,hrc08,a1e1659d-48d5-4ed4-a44f-c3f29c092682,hrc10,src01@display=sequential
hrc08,hrc08,da4a495f-f672-4f49-a718-0acc3e86b358,hrc10,src01@display=sequential
hrc08,hrc08,9bd8abfb-6a27-45ba-b7dc-35c6940c49a6,hrc10,src01@display=sequential
hrc08,hrc10,d54a2502-b2af-434c-a632-821a14394a8c,hrc08,src01@display=sequential
hrc08,hrc10,fe18ed94-ebd5-49f9-a7db-04e87cb783fd,hrc08,src01@display=sequential
hrc08,hrc08,42b81a15-a01a-4b06-a99e-90705512d83f,hrc10,src01@display=sequential
hrc12,hrc17,201d5967-5a76-40c7-b91d-1c37fe8dc4b2,hrc12,src03@display=sequential
hrc12,hrc12,f7f138ce-de66-475c-a8c9-bd1cb637ba4d,hrc17,src03@display=sequential
hrc12,hrc17,13e19637-8aec-4d17-8256-c1a0879440e8,hrc12,src03@display=sequential
hrc12,hrc12,2c370320-38ea-4dce-8087-b3357e95e335,hrc17,src03@display=sequential
hrc12,hrc12,1f13add5-5ce9-4c51-8b33-3777418089c5,hrc17,src03@display=sequential
hrc12,hrc12,de72b01b-833a-4081-8d29-5f625c2d03fb,hrc17,src03@display=sequential
hrc12,hrc17,31386404-9819-45ed-8d9d-7ceeb1453990,hrc12,src03@display=sequential
hrc12,hrc17,bb12ebc6-b177-4457-8641-32a00e45e4a3,hrc12,src03@display=sequential
hrc12,hrc12,5c617a43-9028-40e4-9b65-09380b3527c4,hrc17,src03@display=sequential
hrc12,hrc17,18c189f5-38e9-4b8a-86c0-b8b7800ea38b,hrc12,src03@display=sequential
,original,201d5967-5a76-40c7-b91d-1c37fe8dc4b2,hrc21,src05@display=sequential
original,hrc21,82ab8023-9761-42d0-9676-339989d8363c,original,src05@display=sequential
,hrc21,f936dac4-e73d-41d4-b1e6-f9c3189f9fd1,original,src05@display=sequential
original,hrc21,3bfa18a6-0a8c-4599-9b10-98689041a469,original,src05@display=sequential
original,hrc21,18f17dfe-0c19-4a77-aabf-6c0538d6d242,original,src05@display=sequential
original,hrc21,8d17603d-66f1-4773-afa0-a9d1c2441752,original,src05@display=sequential
original,hrc21,80242604-78cd-4315-af9e-7594eeb7970c,original,src05@display=sequential
original,original,3febb924-5622-4d83-b36c-f2213c3f5117,hrc21,src05@display=sequential
hrc21,hrc21,7c090835-7343-43cb-a556-8d9c65bf2579,original,src05@display=sequential
hrc21,hrc21,b50ef8d4-8186-4583-b21a-e5735648587c,original,src05@display=sequential
hrc05,hrc13,201d5967-5a76-40c7-b91d-1c37fe8dc4b2,hrc05,src09@display=sequential
,hrc13,d8ec2c52-de7d-4789-bb99-a91eb78cb08d,hrc05,src09@display=sequential
hrc05,hrc05,38905ec1-bf21-4862-bd29-398e8eeb2295,hrc13,src09@display=sequential
hrc05,hrc05,e107ed08-0b73-4c35-8f6b-f7cc4fa9ebd6,hrc13,src09@display=sequential
,hrc13,0d7f37d0-f53e-4a52-a78b-afc17556431e,hrc05,src09@display=sequential
hrc05,hrc05,4739f5c7-b987-4c87-8af7-0a28b32df1b7,hrc13,src09@display=sequential
hrc13,hrc13,47c5b9b0-9b12-4925-af04-7e9d48ac8e4d,hrc05,src09@display=sequential
hrc05,hrc13,fc412c03-7ce4-4158-821d-8a6eb8b6813f,hrc05,src09@display=sequential
hrc13,hrc05,86b0a474-8f1a-4b98-894e-c0ce21f94dce,hrc13,src09@display=sequential
hrc05,hrc05,798ea17c-f39f-4bc5-94bc-74a3062693f7,hrc13,src09@display=sequential
hrc19,hrc19,201d5967-5a76-40c7-b91d-1c37fe8dc4b2,hrc10,src06@display=sequential
hrc19,hrc19,0fefac0c-a2e6-487f-ad69-a8c37b4efa0a,hrc10,src06@display=sequential
hrc19,hrc10,6860cb23-2a8c-4ee4-b4d9-dea0712b15fb,hrc19,src06@display=sequential
hrc19,hrc19,32899118-d8fd-46ad-b83a-9e8ce0bdc1c7,hrc10,src06@display=sequential
hrc19,hrc19,f006a370-cff3-4e73-a6dc-4bded3fe0f75,hrc10,src06@display=sequential
hrc19,hrc10,8f5ce5d7-602e-4a26-b3ba-4beeab07c0a8,hrc19,src06@display=sequential
hrc19,hrc10,f5c65d98-da4b-4ebe-8638-393f3d2741c0,hrc19,src06@display=sequential
hrc19,hrc19,2079d5ff-c609-4f44-9674-c79839f7f3d1,hrc10,src06@display=sequential
hrc19,hrc19,103c01a6-1eb1-43e3-8bf6-689f6a997cb1,hrc10,src06@display=sequential
hrc19,hrc19,d2cf4226-323a-4fcb-8249-df61c89ff7e8,hrc10,src06@display=sequential
hrc12,hrc12,702fb032-4e58-4351-a7b9-4d973e83ab6e,hrc18,src02@display=sequential
hrc12,hrc12,201d5967-5a76-40c7-b91d-1c37fe8dc4b2,hrc18,src02@display=sequential
hrc12,hrc18,13318ebb-5875-4ff4-9460-a1cb3c93434a,hrc12,src02@display=sequential
hrc12,hrc12,66eade00-16e6-485e-9a5d-2e92b67367b8,hrc18,src02@display=sequential
hrc12,hrc12,09de16c3-f8ac-42c9-bd83-0b8cebd57647,hrc18,src02@display=sequential
hrc18,hrc18,2eacc76c-1451-477e-9f61-195c6e0adf15,hrc12,src02@display=sequential
hrc12,hrc18,a89ffe10-715d-49e0-9bd3-fc0664ef817e,hrc12,src02@display=sequential
hrc18,hrc18,c6230a1a-bba9-4067-a204-87588e4d736c,hrc12,src02@display=sequential
hrc12,hrc12,7c090835-7343-43cb-a556-8d9c65bf2579,hrc18,src02@display=sequential
hrc12,hrc12,e94fa128-840a-4f1c-8d0a-7e3c963a8b83,hrc18,src02@display=sequential
hrc12,hrc12,201d5967-5a76-40c7-b91d-1c37fe8dc4b2,hrc17,src07@display=sequential
hrc17,hrc17,2c820e01-cd0e-4cca-bb2b-5384ccd7f578,hrc12,src07@display=sequential
hrc12,hrc17,2d0c771e-dcc5-4ab1-96dd-5be09e162328,hrc12,src07@display=sequential
hrc12,hrc17,9f68eedf-f31c-451d-a986-2a8f55f28aa4,hrc12,src07@display=sequential
hrc12,hrc12,341de2f3-ef53-46f2-bb65-e3d0c0757b76,hrc17,src07@display=sequential
hrc17,hrc12,9d6f7ee1-e089-4410-88df-ff9fd7b07a56,hrc17,src07@display=sequential
hrc12,hrc17,d8f1cdf9-2130-4c7b-a94a-644261d6d4f7,hrc12,src07@display=sequential
hrc12,hrc12,749cdf5a-d0cf-43c0-bdbe-6f69f45840d0,hrc17,src07@display=sequential
hrc12,hrc17,463d864b-3fcb-42d6-bd68-deaac53f6745,hrc12,src07@display=sequential
hrc12,hrc17,42299818-23d6-4c44-822c-dcdd91f26d60,hrc12,src07@display=sequential
hrc04,hrc04,65d5748f-05f5-4b6c-a2db-6fae81611346,hrc02,src03@display=sequential
hrc04,hrc02,ed39cdae-6f21-4391-af68-10ac22103779,hrc04,src03@display=sequential
,hrc02,985b2187-2e8e-497a-87c3-80cdc7a2058a,hrc04,src03@display=sequential
,hrc04,fbbbfd01-6603-4bb4-aca1-df5e811989cc,hrc02,src03@display=sequential
hrc04,hrc02,90c69d83-f3c8-4671-a98e-f65b76cbcde7,hrc04,src03@display=sequential
,hrc04,d0807ae0-7cac-48cf-9fb5-e6472c49f3a6,hrc02,src03@display=sequential
hrc04,hrc04,133ad39e-5998-410a-b3de-f89eff90206c,hrc02,src03@display=sequential
hrc04,hrc04,d080f3ec-e040-41e2-8e4c-6ff37f951cc8,hrc02,src03@display=sequential
,hrc02,746fca7b-627e-49a4-8992-4928103625eb,hrc04,src03@display=sequential
hrc04,hrc02,6ecafacc-74bb-46fc-a25c-fb88759b6610,hrc04,src03@display=sequential
hrc19,hrc05,65d5748f-05f5-4b6c-a2db-6fae81611346,hrc19,src04@display=sequential
hrc19,hrc05,4a563c82-9cb0-45fa-b0d9-acdbe3db8b47,hrc19,src04@display=sequential
hrc19,hrc05,3be288f6-8041-4043-b452-46e8a67d7014,hrc19,src04@display=sequential
hrc19,hrc19,01df0c77-0651-44a9-a4f7-2575b2c9c62b,hrc05,src04@display=sequential
hrc19,hrc05,445026f1-cdca-496c-bd0d-12a722daa165,hrc19,src04@display=sequential
hrc19,hrc05,57276fbb-57d2-40e9-b2ec-07c74e77b724,hrc19,src04@display=sequential
hrc19,hrc05,a9df2d8e-b4c7-406b-9550-b482d25879cf,hrc19,src04@display=sequential
hrc19,hrc05,36b61036-3adf-409a-ba43-b95dd2257675,hrc19,src04@display=sequential
hrc19,hrc19,d4e8046f-6b35-4b66-8555-8cf0cd6352af,hrc05,src04@display=sequential
hrc19,hrc05,38207576-6ad7-4dac-84da-904ae3c77cf8,hrc19,src04@display=sequential
hrc02,hrc02,1fbd93ac-8eb8-4d25-8246-22f21c4c0993,hrc10,src07@display=sequential
hrc02,hrc02,65d5748f-05f5-4b6c-a2db-6fae81611346,hrc10,src07@display=sequential
hrc02,hrc10,85d4226a-923b-46e0-a30f-30c0c4c0ace3,hrc02,src07@display=sequential
hrc02,hrc02,f56c1990-5b48-4e2a-8ed9-84e0a4db16d1,hrc10,src07@display=sequential
hrc02,hrc10,c8323faf-2696-4adb-8e2c-59d12c8a518f,hrc02,src07@display=sequential
hrc02,hrc10,1d5750bc-8caa-403b-b8cb-7843720e4e19,hrc02,src07@display=sequential
hrc02,hrc02,6a4a2c2c-2e8e-47c8-bf35-4d48dc10350a,hrc10,src07@display=sequential
hrc02,hrc02,558436ff-83db-46b3-951b-08ea96ddeceb,hrc10,src07@display=sequential
hrc02,hrc10,fdf2fd03-93a4-4751-b144-858499ab8b7f,hrc02,src07@display=sequential
hrc02,hrc02,a0461a72-81fc-4492-9cad-96ba9f7bacbb,hrc10,src07@display=sequential
hrc12,hrc12,65d5748f-05f5-4b6c-a2db-6fae81611346,hrc19,src02@display=sequential
hrc12,hrc12,6c9dede0-7efc-4a48-898c-fb00527cd28e,hrc19,src02@display=sequential
hrc12,hrc19,515db079-946d-43fc-ad4f-da5008eb87ea,hrc12,src02@display=sequential
hrc12,hrc12,c1345d78-3ad8-4f4a-8031-beffe95a18af,hrc19,src02@display=sequential
hrc12,hrc12,9d2abd08-aa84-4b48-aeb3-697822d55fc6,hrc19,src02@display=sequential
hrc12,hrc19,9a03424d-ff0b-41dc-8c67-620dd10a5d75,hrc12,src02@display=sequential
,hrc19,80242604-78cd-4315-af9e-7594eeb7970c,hrc12,src02@display=sequential
hrc12,hrc12,31386404-9819-45ed-8d9d-7ceeb1453990,hrc19,src02@display=sequential
,hrc19,f0449a2c-9fa2-49ec-9d76-27a7a5be2351,hrc12,src02@display=sequential
hrc12,hrc19,007919af-9cda-4553-bac6-327e2447b734,hrc12,src02@display=sequential
hrc07,hrc07,65d5748f-05f5-4b6c-a2db-6fae81611346,hrc20,src05@display=sequential
hrc07,hrc07,afb5f403-21d5-4d09-b92f-6d95cee2fde2,hrc20,src05@display=sequential
hrc07,hrc07,56d73c46-8181-476a-8cb6-4e14d196dea1,hrc20,src05@display=sequential
hrc07,hrc20,2b493139-f877-4c83-8de2-f89c1b5bbd54,hrc07,src05@display=sequential
hrc07,hrc20,014dfed2-414d-42a6-97cc-34e25f02feec,hrc07,src05@display=sequential
hrc07,hrc07,af9ff558-041e-4cd0-ba22-7930f53eaf9b,hrc20,src05@display=sequential
hrc07,hrc20,3adb22b3-7403-4d2b-bc31-9209defa8e33,hrc07,src05@display=sequential
hrc07,hrc20,a45092db-c7cb-43ec-9349-5066f42b90bf,hrc07,src05@display=sequential
hrc07,hrc07,0c75abcc-e4e8-4fe8-a620-ebbcb3acef55,hrc20,src05@display=sequential
hrc07,hrc07,d5018336-2e28-4a35-a250-a723b3fa214d,hrc20,src05@display=sequential
hrc18,hrc05,65d5748f-05f5-4b6c-a2db-6fae81611346,hrc18,src01@display=sequential
hrc18,hrc05,fe3a065d-fb32-4bd4-a25c-0987131f6fbe,hrc18,src01@display=sequential
hrc05,hrc05,f0a76645-e0ea-4afb-a6f5-ea3bf3c94671,hrc18,src01@display=sequential
hrc18,hrc18,f27b0cf6-7468-44af-be54-21169745fbb1,hrc05,src01@display=sequential
hrc05,hrc18,1fbd93ac-8eb8-4d25-8246-22f21c4c0993,hrc05,src01@display=sequential
hrc05,hrc18,33baf34b-a2c0-4a23-9b3e-9d8242619fd3,hrc05,src01@display=sequential
hrc05,hrc18,c45da97c-cc8c-48a8-94f1-397f7240fae3,hrc05,src01@display=sequential
hrc18,hrc18,36b61036-3adf-409a-ba43-b95dd2257675,hrc05,src01@display=sequential
hrc05,hrc18,cd53e6fd-1592-4582-a526-ce3b91a4ea71,hrc05,src01@display=sequential
hrc05,hrc18,7b959763-70f9-4960-bd32-6491ee9b6aa2,hrc05,src01@display=sequential
hrc18,hrc18,65d5748f-05f5-4b6c-a2db-6fae81611346,hrc13,src08@display=sequential
hrc13,hrc13,a97fc96e-5fbe-4371-a9ec-14da0c0f764f,hrc18,src08@display=sequential
hrc18,hrc13,59e41467-1fc8-49ad-871f-be15ce142ac5,hrc18,src08@display=sequential
hrc18,hrc18,4217bff9-943f-4f5e-b985-5d9e1ebb5eba,hrc13,src08@display=sequential
hrc18,hrc13,0b983c9a-59ad-4422-bd89-8970550897f8,hrc18,src08@display=sequential
hrc18,hrc18,aabe9f34-7549-448a-833f-58a6f1923baf,hrc13,src08@display=sequential
hrc13,hrc13,3c7ef17b-e826-4055-83ba-6a771c08659a,hrc18,src08@display=sequential
hrc18,hrc13,5018c844-da80-412a-8af7-3d05af5fdef8,hrc18,src08@display=sequential
hrc18,hrc18,58728ea0-6590-46a3-a689-df5c9daab943,hrc13,src08@display=sequential
hrc18,hrc18,f01ea614-4b9a-4255-8e5c-16a8f3c2a04a,hrc13,src08@display=sequential
,hrc17,f9017240-e499-42f6-85ae-673f751f0c38,hrc20,src05@display=sequential
hrc20,hrc17,79ed6f1d-b369-4100-a6fd-b0a81d46b110,hrc20,src05@display=sequential
hrc20,hrc17,bea90b0c-2411-4578-a6bf-accb02560906,hrc20,src05@display=sequential
,hrc17,f27a0397-b743-4949-8956-95f550f3d0ef,hrc20,src05@display=sequential
hrc20,hrc17,53fb7ee8-2a6d-409d-afb2-1eb308ba5a3e,hrc20,src05@display=sequential
hrc20,hrc17,71e14685-9bb1-453e-940d-07a99ca5950b,hrc20,src05@display=sequential
hrc20,hrc17,993fa71c-3dd5-4651-b910-2ea0d14b3621,hrc20,src05@display=sequential
,hrc17,d967e631-6462-49c6-a910-e0213a310eb3,hrc20,src05@display=sequential
hrc20,hrc17,44d9eda0-c8bd-4bf7-add7-ddb3b53b45bd,hrc20,src05@display=sequential
hrc20,hrc20,352cda41-e8ef-438d-8eed-747420881787,hrc17,src05@display=sequential
hrc21,hrc08,352cda41-e8ef-438d-8eed-747420881787,hrc21,src04@display=sequential
hrc21,hrc08,87b763b7-2f26-42bb-a0da-162c15c36d74,hrc21,src04@display=sequential
hrc21,hrc21,52c48d4b-8b72-4117-a188-ce6867e127a7,hrc08,src04@display=sequential
hrc21,hrc21,f41906e2-bcde-4730-a270-44ad2f2dbd45,hrc08,src04@display=sequential
hrc21,hrc08,a2cd5997-8ab2-40d5-af24-ff7745f16f87,hrc21,src04@display=sequential
hrc21,hrc21,f264924b-f4f0-43e6-8f91-b52f1d661da2,hrc08,src04@display=sequential
hrc21,hrc21,8ca53498-0bb4-4db3-a610-fdc0cfa8e85a,hrc08,src04@display=sequential
hrc21,hrc21,89ffb17a-c99a-4e69-b200-2fd8e129e584,hrc08,src04@display=sequential
hrc21,hrc08,39106def-10dc-4a00-97d4-3f8ec15e1f8e,hrc21,src04@display=sequential
hrc21,hrc21,7e0d9c54-ab06-406e-9404-376c6cb54cc9,hrc08,src04@display=sequential
hrc13,hrc07,e1c3e5d6-ca2e-41ad-8695-fcff92798414,hrc13,src03@display=sequential
hrc07,hrc07,352cda41-e8ef-438d-8eed-747420881787,hrc13,src03@display=sequential
hrc07,hrc07,7c337f37-80f0-4f07-8559-841a5456e201,hrc13,src03@display=sequential
hrc07,hrc13,e8e5c81a-3625-4b91-8db0-69e7fc222356,hrc07,src03@display=sequential
hrc07,hrc07,474c10a2-5941-4abe-8277-46ce02332ba7,hrc13,src03@display=sequential
hrc07,hrc07,2285a432-258c-4d27-8292-7c7b782bc591,hrc13,src03@display=sequential
hrc07,hrc13,745247a5-0200-4707-8b6c-14b19a0c8216,hrc07,src03@display=sequential
hrc07,hrc13,ec59d4c7-4b74-4bed-906c-68165f69ea8c,hrc07,src03@display=sequential
hrc07,hrc13,4f149963-afe7-4e7f-882a-d92298266de8,hrc07,src03@display=sequential
hrc07,hrc13,73bc4325-66f7-441c-aedd-b9b15a616e60,hrc07,src03@display=sequential
hrc20,hrc08,2a00693b-e684-4794-ac24-aa15b045d8eb,hrc20,src02@display=sequential
hrc20,hrc20,78448630-72f5-4556-84ab-a02e39a647b6,hrc08,src02@display=sequential
hrc20,hrc20,4d46e51f-dff6-46d4-9b9a-70501b6b053b,hrc08,src02@display=sequential
hrc20,hrc20,352cda41-e8ef-438d-8eed-747420881787,hrc08,src02@display=sequential
hrc20,hrc08,a464bb39-1622-4a87-b812-7b328917ca19,hrc20,src02@display=sequential
hrc20,hrc20,26f1a4f3-2de9-4b62-9f2e-9184870cb93e,hrc08,src02@display=sequential
hrc20,hrc20,3fd0c9c3-2630-4b2e-97a2-a5d53a98bd58,hrc08,src02@display=sequential
hrc20,hrc20,d5018336-2e28-4a35-a250-a723b3fa214d,hrc08,src02@display=sequential
hrc20,hrc20,6f8e7a8e-3f34-4988-ae03-e1aa0830f4c9,hrc08,src02@display=sequential
hrc20,hrc08,371cdc4f-5316-45e5-84cd-997130771a27,hrc20,src02@display=sequential
hrc21,hrc21,4bb20196-b209-4ff6-b04e-cc3536d6a71e,hrc09,src01@display=sequential
hrc09,hrc21,44c75a94-439f-4168-9828-64b1fb591086,hrc09,src01@display=sequential
hrc21,hrc09,fd3488d8-d8cc-4644-89d8-89d67f214ab0,hrc21,src01@display=sequential
hrc21,hrc09,53abf2c4-59eb-4444-ab2a-092449acce40,hrc21,src01@display=sequential
hrc21,hrc09,bea90b0c-2411-4578-a6bf-accb02560906,hrc21,src01@display=sequential
hrc21,hrc09,cb0a599b-6c54-4c99-88b5-bdf49ce83f3d,hrc21,src01@display=sequential
hrc21,hrc21,eca046f8-b87a-462c-8926-24edcb9d9f21,hrc09,src01@display=sequential
hrc21,hrc09,88fce6e5-aa83-48d2-91a1-183a1d9e16d2,hrc21,src01@display=sequential
hrc21,hrc09,bc383371-8a6a-4048-bcf3-f4daac498ef0,hrc21,src01@display=sequential
,hrc09,dd48a3e8-a67f-41e1-b59d-9ee155000e80,hrc21,src01@display=sequential
hrc07,hrc19,77567141-ef0e-4a59-8e28-b3aa576185d7,hrc07,src07@display=sequential
hrc07,hrc19,30969ea8-c94c-4f11-9226-95ec5c8c8f03,hrc07,src07@display=sequential
hrc19,hrc19,a91842fe-969f-4065-af6f-8664becf98fe,hrc07,src07@display=sequential
hrc07,hrc07,82ca0b94-20d0-44bf-8773-eb56a962731c,hrc19,src07@display=sequential
,hrc07,bc47fb0e-ec8a-4615-93a4-3b6ecd00445d,hrc19,src07@display=sequential
hrc19,hrc07,cd93290d-ba13-4799-b353-1cd2be21562b,hrc19,src07@display=sequential
hrc07,hrc07,86d4496d-95f4-42fb-aa84-ac80e6bf2f82,hrc19,src07@display=sequential
,hrc19,8ca2525f-c1cd-4738-8317-eea204eddd29,hrc07,src07@display=sequential
hrc07,hrc07,352cda41-e8ef-438d-8eed-747420881787,hrc19,src07@display=sequential
,hrc07,7f60cd05-3ea6-4d0e-87e8-632c5ff9743b,hrc19,src07@display=sequential
hrc02,hrc02,463e62be-6f60-44e3-bc69-d7d4bd290f0d,hrc19,src08@display=sequential
,hrc02,1f668c3f-b8ef-42dd-8802-092f59e99fc3,hrc19,src08@display=sequential
hrc02,hrc19,246f90ba-2f72-4806-83dc-3ed750ed6b5a,hrc02,src08@display=sequential
hrc02,hrc19,78ec5f69-a67b-42ac-ae06-c985f67935dd,hrc02,src08@display=sequential
,hrc19,c89ae1bd-9c54-42bf-bc2a-a7f87fc248e2,hrc02,src08@display=sequential
,hrc19,352cda41-e8ef-438d-8eed-747420881787,hrc02,src08@display=sequential
hrc19,hrc02,d45350bd-1fef-4a5e-be1d-b4b2d296c441,hrc19,src08@display=sequential
hrc02,hrc19,e0c67370-cb8d-4fb4-b6e8-e967e9d4da10,hrc02,src08@display=sequential
,hrc02,7e54f228-a645-4144-a294-2ee406582705,hrc19,src08@display=sequential
hrc02,hrc02,41c77243-6fce-4b2f-a350-655108d9e602,hrc19,src08@display=sequential
hrc10,hrc18,2cfe331f-d439-403f-9fce-0f646ac185ac,hrc10,src03@display=sequential
hrc18,hrc18,78ad58b6-fe7d-4b2c-9f23-b91de2567065,hrc10,src03@display=sequential
hrc18,hrc10,94bd995b-79a8-4b12-9fbc-f1f9f63dfdbf,hrc18,src03@display=sequential
hrc18,hrc10,70e23cfe-1b20-48b2-82a9-db37279d0932,hrc18,src03@display=sequential
hrc18,hrc10,676769ee-ffa7-4de5-81aa-002ebbd70d74,hrc18,src03@display=sequential
hrc18,hrc18,b690625f-e142-4388-b4a1-8208baee2107,hrc10,src03@display=sequential
hrc18,hrc10,239be723-f6dc-4053-ac79-4f57603fd382,hrc18,src03@display=sequential
hrc10,hrc10,feabc2a1-9004-4146-acc3-3609cc50300a,hrc18,src03@display=sequential
hrc18,hrc10,b2ab1a27-349e-48af-9c38-6e99d27c354d,hrc18,src03@display=sequential
hrc18,hrc18,82043c11-c04e-412b-8b30-62518aaf55b5,hrc10,src03@display=sequential
,hrc07,2cfe331f-d439-403f-9fce-0f646ac185ac,hrc18,src05@display=sequential
hrc07,hrc07,0d3450b3-ca58-4972-9929-41fde9269c36,hrc18,src05@display=sequential
hrc07,hrc18,b0367ddc-1381-4c30-b054-032f640ef4d3,hrc07,src05@display=sequential
hrc07,hrc18,20e45293-4833-4c41-9853-2922c822270f,hrc07,src05@display=sequential
hrc07,hrc18,3ed94fd1-c049-45fd-ad73-4b5fb83c209d,hrc07,src05@display=sequential
hrc07,hrc18,2fef66bc-f9ba-4659-8710-5c4e882e66d2,hrc07,src05@display=sequential
hrc07,hrc07,2eacc76c-1451-477e-9f61-195c6e0adf15,hrc18,src05@display=sequential
hrc07,hrc07,d5b7f31b-d65b-42ce-bd0a-29200c94f810,hrc18,src05@display=sequential
hrc07,hrc07,fda50597-1f41-40cf-b84d-017055879a57,hrc18,src05@display=sequential
,hrc07,e4e6cf83-5949-47e7-9675-8b2b53c28ec5,hrc18,src05@display=sequential
hrc20,hrc18,2cfe331f-d439-403f-9fce-0f646ac185ac,hrc20,src01@display=sequential
hrc20,hrc20,2c820e01-cd0e-4cca-bb2b-5384ccd7f578,hrc18,src01@display=sequential
hrc20,hrc20,ecf6df41-9caa-4f8e-9e83-ed4064aa1ec4,hrc18,src01@display=sequential
hrc20,hrc18,472d4448-6fde-4702-84a1-cf3f7bd0e45d,hrc20,src01@display=sequential
hrc20,hrc20,50f51bac-dcf9-417a-af31-515670431985,hrc18,src01@display=sequential
hrc20,hrc18,fc8b30b8-66ed-4a7c-a34d-169a0a459c61,hrc20,src01@display=sequential
hrc20,hrc18,70d291f3-ba18-41ee-b459-63c9e8e05b5e,hrc20,src01@display=sequential
hrc20,hrc18,faac7ea8-ec5f-4eb7-b401-1aa9a93a6a43,hrc20,src01@display=sequential
hrc20,hrc20,2daff1ae-37c2-45ec-b0eb-0e2eb34872bb,hrc18,src01@display=sequential
hrc20,hrc20,88ad40fc-1622-47b5-9086-b7b7f2c69c4e,hrc18,src01@display=sequential
hrc05,hrc05,2cfe331f-d439-403f-9fce-0f646ac185ac,hrc16,src02@display=sequential
,hrc16,3c6f9f56-45a3-4dd7-a38e-a5e2ecda05d4,hrc05,src02@display=sequential
,hrc16,64b1b899-f049-46b3-a73c-f6a9365c1ed0,hrc05,src02@display=sequential
hrc16,hrc16,8bc8cdd6-aa66-4cdd-9b76-76c9e52981fa,hrc05,src02@display=sequential
hrc16,hrc05,dbf0417a-0d93-4d64-b022-2db9f2a09242,hrc16,src02@display=sequential
hrc05,hrc16,f58fcc49-b5e9-4207-8790-8ecf66e5eb9d,hrc05,src02@display=sequential
hrc16,hrc16,a2feff48-6bd4-4bd1-9ccf-fc969c920cdf,hrc05,src02@display=sequential
hrc05,hrc05,938ee2d9-0612-434e-8ced-1e766ff31000,hrc16,src02@display=sequential
hrc05,hrc05,5da512f4-fb90-48d2-9129-8557fd670449,hrc16,src02@display=sequential
hrc05,hrc16,8ae60f0f-bc2f-4e37-9772-cbd58a5734ca,hrc05,src02@display=sequential
hrc10,hrc10,2cfe331f-d439-403f-9fce-0f646ac185ac,hrc05,src09@display=sequential
,hrc05,ad4a8214-8f58-4022-b373-a21582fdc842,hrc10,src09@display=sequential
hrc10,hrc10,fb99a2e3-6eef-43f1-9bb6-9d2a39a89d68,hrc05,src09@display=sequential
hrc05,hrc10,ec6a0331-4b38-43ac-a93c-18edcb2a5488,hrc05,src09@display=sequential
,hrc10,320763ff-9395-4607-b5dd-547772958a15,hrc05,src09@display=sequential
hrc10,hrc05,2fee481f-e69f-4359-87d3-cf4825a653fe,hrc10,src09@display=sequential
hrc05,hrc05,6928b695-0a44-43eb-bf33-2e73eea11790,hrc10,src09@display=sequential
hrc05,hrc10,17af30dd-f366-4fc2-ad54-e0bb255a4ebc,hrc05,src09@display=sequential
hrc05,hrc05,d693e8cd-acbe-470b-bf2b-5c6ff409dc71,hrc10,src09@display=sequential
hrc05,hrc05,76d6bfe0-55a2-4a6c-b431-2ec5bf75cee1,hrc10,src09@display=sequential
original,original,63fa730e-878e-451e-9b62-555a1567818a,hrc02,src06@display=sequential
hrc02,original,78448630-72f5-4556-84ab-a02e39a647b6,hrc02,src06@display=sequential
,hrc02,ddc874dc-add5-4197-83ee-063f91b95d49,original,src06@display=sequential
hrc02,hrc02,e802d7f4-170f-4b14-9db6-3528dd3b697d,original,src06@display=sequential
original,original,2cfe331f-d439-403f-9fce-0f646ac185ac,hrc02,src06@display=sequential
original,hrc02,9d9bfe50-d1ff-4dc3-b196-c5217ac2863f,original,src06@display=sequential
original,hrc02,851c951d-f010-47e3-9d59-56d3e0a71185,original,src06@display=sequential
original,hrc02,d8ec2c52-de7d-4789-bb99-a91eb78cb08d,original,src06@display=sequential
original,original,9f33edd4-881a-4ba2-a15f-93d4e082e7b0,hrc02,src06@display=sequential
original,original,eadefcd2-3e7b-4db5-a25d-9ebfe5da399e,hrc02,src06@display=sequential
hrc07,hrc21,809ceea6-b27d-4b7f-aacb-214a78fe5623,hrc07,src04@display=sequential
hrc07,hrc21,eb42ae7c-e7ca-4b07-b2f1-d5d1b93224e7,hrc07,src04@display=sequential
hrc21,hrc21,49d9d4cb-b8a1-4d99-ba2a-7e1346fc0627,hrc07,src04@display=sequential
,hrc21,acf2878b-e5bd-4ec7-8b6b-26b383998f44,hrc07,src04@display=sequential
hrc07,hrc21,b095e845-0f71-4a09-8f0e-77b302587a01,hrc07,src04@display=sequential
,hrc21,f27a0397-b743-4949-8956-95f550f3d0ef,hrc07,src04@display=sequential
,hrc21,2cfe331f-d439-403f-9fce-0f646ac185ac,hrc07,src04@display=sequential
hrc07,hrc07,fbac4b1d-155c-4d3e-8c84-e98425883f47,hrc21,src04@display=sequential
,hrc07,94f8e362-2fe0-4596-a14e-b13248907924,hrc21,src04@display=sequential
hrc07,hrc21,ecf6df41-9caa-4f8e-9e83-ed4064aa1ec4,hrc07,src04@display=sequential
,hrc09,85d4226a-923b-46e0-a30f-30c0c4c0ace3,hrc02,src08@display=sequential
hrc02,hrc09,35a5e6fa-f38a-4cd9-a1ce-1df5e58a64d5,hrc02,src08@display=sequential
hrc02,hrc09,7e35fb7d-230e-4635-bf54-a51aab87f3a7,hrc02,src08@display=sequential
,hrc09,e8b75641-dc07-4974-9c94-cd85ade313d5,hrc02,src08@display=sequential
,hrc02,7cbdd433-0c91-4d60-ab7b-f1261aaa8fbd,hrc09,src08@display=sequential
hrc09,hrc02,331844da-5e41-403c-a653-e3e9df4bd77e,hrc09,src08@display=sequential
,hrc09,2c7b0073-dae3-4a21-a8ab-64e06361be0d,hrc02,src08@display=sequential
hrc02,hrc02,2d6e96ab-1cc9-4a46-8bba-341f2f33237d,hrc09,src08@display=sequential
,hrc09,d35fe353-da0b-4b73-af6a-0993d3199c77,hrc02,src08@display=sequential
hrc02,hrc09,385532c8-5edf-4c2b-85e3-1c533fad9959,hrc02,src08@display=sequential
hrc20,hrc20,85d4226a-923b-46e0-a30f-30c0c4c0ace3,hrc13,src06@display=sequential
hrc20,hrc20,2dbcc381-f90b-45b5-86a0-21b327c40e1c,hrc13,src06@display=sequential
hrc20,hrc13,659cefad-c10d-42d5-a046-c14ee5cbec01,hrc20,src06@display=sequential
hrc20,hrc20,ce8245a5-280a-422c-b0dd-f82448221858,hrc13,src06@display=sequential
hrc20,hrc20,31c31db1-03c4-48b9-90e4-a916869f99fe,hrc13,src06@display=sequential
hrc20,hrc13,0c330943-51a6-42cd-bb7a-12e199b3cb90,hrc20,src06@display=sequential
hrc20,hrc20,53740b0e-a70b-4465-b745-472a3a1afd99,hrc13,src06@display=sequential
hrc20,hrc20,d693e8cd-acbe-470b-bf2b-5c6ff409dc71,hrc13,src06@display=sequential
hrc20,hrc13,cd53e6fd-1592-4582-a526-ce3b91a4ea71,hrc20,src06@display=sequential
hrc20,hrc13,8ae60f0f-bc2f-4e37-9772-cbd58a5734ca,hrc20,src06@display=sequential
hrc19,hrc13,85d4226a-923b-46e0-a30f-30c0c4c0ace3,hrc19,src01@display=sequential
hrc19,hrc13,e7425f6d-50e7-4398-bd06-29976ef5d052,hrc19,src01@display=sequential
hrc19,hrc19,abb3b591-f804-455c-a9eb-62536ba55725,hrc13,src01@display=sequential
hrc19,hrc19,36f2fc24-f43a-4904-b65f-f81f2d37dab2,hrc13,src01@display=sequential
hrc19,hrc13,502847cb-21d3-4808-bd8a-4ec3b2a1c24c,hrc19,src01@display=sequential
hrc19,hrc19,c74c4b82-1bc8-4335-a038-4c5055aebe86,hrc13,src01@display=sequential
hrc19,hrc19,5a1b603e-2a3d-41bf-8b6e-10e9c9e994bf,hrc13,src01@display=sequential
hrc19,hrc19,8edc7654-ee8d-4cb7-8342-3a3c78003044,hrc13,src01@display=sequential
hrc19,hrc19,7e199bb2-9e3d-466f-b778-f12547a0ef72,hrc13,src01@display=sequential
hrc19,hrc19,a2212010-e7af-4f03-b283-3bf430b0d63b,hrc13,src01@display=sequential
hrc17,hrc10,85d4226a-923b-46e0-a30f-30c0c4c0ace3,hrc17,src02@display=sequential
hrc17,hrc10,380f614f-b98d-4a9b-bb43-75930185afa8,hrc17,src02@display=sequential
hrc10,hrc17,31c31db1-03c4-48b9-90e4-a916869f99fe,hrc10,src02@display=sequential
hrc17,hrc17,15823cce-8dd0-4043-a063-eb157f7a8b5f,hrc10,src02@display=sequential
hrc17,hrc10,13e19637-8aec-4d17-8256-c1a0879440e8,hrc17,src02@display=sequential
hrc17,hrc10,8ab4a29f-8839-4f93-a204-7142e13cfeed,hrc17,src02@display=sequential
hrc17,hrc10,63ceda33-c319-4414-8785-2b289e78177a,hrc17,src02@display=sequential
hrc17,hrc10,47bc558e-26ee-49db-8c60-121b90b84188,hrc17,src02@display=sequential
hrc17,hrc10,3d7aafda-1c1e-45bc-9428-96ed6bdab751,hrc17,src02@display=sequential
hrc17,hrc17,7c4a3a6e-b0af-4faa-af50-2e866b6d0fa8,hrc10,src02@display=sequential
,original,85d4226a-923b-46e0-a30f-30c0c4c0ace3,hrc02,src04@display=sequential
,original,ff2c80e4-1759-42a7-a6bc-0b3eac9f9ed3,hrc02,src04@display=sequential
hrc02,hrc02,28eb4aad-a4f2-49d8-a300-91829b85297f,original,src04@display=sequential
,hrc02,86d83e24-39aa-4eeb-bc01-1126751d5d70,original,src04@display=sequential
,original,06327616-afdd-4927-bbaf-73de01dfa383,hrc02,src04@display=sequential
original,hrc02,0c75c2cb-4183-4187-8e95-1ddec654b46f,original,src04@display=sequential
,original,463d864b-3fcb-42d6-bd68-deaac53f6745,hrc02,src04@display=sequential
original,original,2e79172f-46f4-4734-ae33-91f9f5c22bbf,hrc02,src04@display=sequential
,hrc02,ce25b470-c37f-49d0-8203-ed9688c18912,original,src04@display=sequential
original,hrc02,5da512f4-fb90-48d2-9129-8557fd670449,original,src04@display=sequential
,hrc12,85d4226a-923b-46e0-a30f-30c0c4c0ace3,hrc08,src05@display=sequential
hrc12,hrc08,9169b3e4-5bee-4ec0-b43b-ea915ccf9849,hrc12,src05@display=sequential
hrc12,hrc08,63f7f7f4-368f-486f-8fef-7458e62a7909,hrc12,src05@display=sequential
hrc08,hrc08,99f86dbc-c997-48dd-a808-f815dab7c068,hrc12,src05@display=sequential
hrc08,hrc12,6dd3a163-db41-4440-8d55-ed3d84cb78ae,hrc08,src05@display=sequential
hrc08,hrc08,2abfdeee-2fd3-4b37-82d9-e2ba44da1bcf,hrc12,src05@display=sequential
hrc12,hrc12,a91842fe-969f-4065-af6f-8664becf98fe,hrc08,src05@display=sequential
,hrc12,06d4fcbb-2678-47cb-a9d3-ea2bc74a2f81,hrc08,src05@display=sequential
hrc12,hrc08,1b9e7799-1c0f-4d71-9579-79b835093f71,hrc12,src05@display=sequential
hrc08,hrc12,18c189f5-38e9-4b8a-86c0-b8b7800ea38b,hrc08,src05@display=sequential
,hrc08,d3b13080-81da-4a83-bf78-091b1c137734,hrc21,src01@display=sequential
hrc21,hrc08,0ff4298a-a194-4522-8ac6-1ea12733aa57,hrc21,src01@display=sequential
hrc08,hrc21,e802d7f4-170f-4b14-9db6-3528dd3b697d,hrc08,src01@display=sequential
hrc08,hrc21,183e5378-8994-4497-ab39-a4e4efc81fbc,hrc08,src01@display=sequential
,hrc21,08222fec-a836-4bb3-bc8b-06590d580cca,hrc08,src01@display=sequential
,hrc08,c0841986-a23a-42a0-a152-ce477545bdd0,hrc21,src01@display=sequential
hrc21,hrc21,1429be8c-2d52-47df-b521-60ee72622965,hrc08,src01@display=sequential
hrc21,hrc08,2dc294c9-e2ad-4de1-a9d0-cd71bbb77208,hrc21,src01@display=sequential
hrc08,hrc21,07e0efcb-001f-491e-aa9f-cca467743d01,hrc08,src01@display=sequential
hrc08,hrc21,007919af-9cda-4553-bac6-327e2447b734,hrc08,src01@display=sequential
hrc16,hrc16,8d05d45d-efc8-477b-95a3-8473ca645610,hrc13,src04@display=sequential
hrc16,hrc13,d3b13080-81da-4a83-bf78-091b1c137734,hrc16,src04@display=sequential
hrc16,hrc16,a1600447-82bb-4d9c-8d46-cacad314ec84,hrc13,src04@display=sequential
hrc16,hrc13,ce8245a5-280a-422c-b0dd-f82448221858,hrc16,src04@display=sequential
hrc16,hrc13,88933710-9f5e-424e-903b-81e5d2852fb0,hrc16,src04@display=sequential
hrc16,hrc16,2ae6675c-c739-44f0-860a-11311acb04f1,hrc13,src04@display=sequential
hrc16,hrc13,1a07e498-1f79-4718-99fc-3465754935aa,hrc16,src04@display=sequential
hrc16,hrc16,b50ef8d4-8186-4583-b21a-e5735648587c,hrc13,src04@display=sequential
hrc16,hrc16,314669a2-7dac-4f5f-9604-1595a6684acb,hrc13,src04@display=sequential
,hrc16,43841f54-348c-4ab3-9c66-5c001c2e1e8a,hrc13,src04@display=sequential
hrc02,hrc02,de6eb217-6eea-4165-9c15-a88a23221767,hrc18,src05@display=sequential
hrc02,hrc02,e91f223e-e8f9-4445-a4ad-dc4d538a20de,hrc18,src05@display=sequential
hrc02,hrc18,8d049de6-f9d6-4813-a9ff-3ed3a39fb484,hrc02,src05@display=sequential
,hrc02,447c7140-f7b6-4b14-bdd2-8eea13d0c242,hrc18,src05@display=sequential
hrc02,hrc02,1c2ce761-1fe1-4d04-8f97-16a2a10de20d,hrc18,src05@display=sequential
hrc02,hrc02,d3b13080-81da-4a83-bf78-091b1c137734,hrc18,src05@display=sequential
hrc02,hrc02,668bbe46-836a-454f-ba33-dd4c33ddb6fd,hrc18,src05@display=sequential
hrc02,hrc18,58a49050-238b-432e-afa5-5ecb7c8183cb,hrc02,src05@display=sequential
hrc02,hrc18,47def90d-2712-4403-8b42-13b67d009638,hrc02,src05@display=sequential
hrc02,hrc02,b67bb1dd-dd7b-4f65-ae08-2eddf15f23f2,hrc18,src05@display=sequential
original,hrc08,ddc874dc-add5-4197-83ee-063f91b95d49,original,src05@display=sequential
original,original,4eb31704-9ae1-4640-a4bd-e09f46dda911,hrc08,src05@display=sequential
original,original,c01f1046-c717-4ff9-8dad-7421859fc613,hrc08,src05@display=sequential
original,original,8831c2ef-64b2-4f81-bd12-782facb47567,hrc08,src05@display=sequential
original,original,d774ed68-3d63-4ddc-9c2b-17f926e01537,hrc08,src05@display=sequential
original,original,a647b0ba-6ea8-4ffa-a048-3f4711f595b0,hrc08,src05@display=sequential
original,hrc08,8ffc1eb7-3d8c-4803-a4ae-6c512d5e5478,original,src05@display=sequential
hrc08,original,06334826-d0bc-4981-ba31-12d33cc57c66,hrc08,src05@display=sequential
original,hrc08,0282e284-6075-4272-8e47-0514da6c0239,original,src05@display=sequential
original,hrc08,a1c9f1fa-39f5-4736-862d-35205a62f9dc,original,src05@display=sequential
hrc09,hrc16,ddc874dc-add5-4197-83ee-063f91b95d49,hrc09,src09@display=sequential
hrc09,hrc16,b0d13c9f-0536-4977-b610-8e918acf1da9,hrc09,src09@display=sequential
hrc09,hrc09,6c9dede0-7efc-4a48-898c-fb00527cd28e,hrc16,src09@display=sequential
hrc09,hrc16,b2641de9-20b4-4009-9fab-38d837861c26,hrc09,src09@display=sequential
hrc09,hrc09,da0b33d7-d588-4595-b322-5d8c898978e4,hrc16,src09@display=sequential
hrc16,hrc16,9d6f7ee1-e089-4410-88df-ff9fd7b07a56,hrc09,src09@display=sequential
hrc09,hrc16,e886156a-16d3-42e3-b41a-4975284ac07f,hrc09,src09@display=sequential
hrc09,hrc16,fa771af9-0334-4430-aa48-6fdf4401ccb8,hrc09,src09@display=sequential
hrc09,hrc16,34a04ead-7804-4e55-b549-9b91d884c0ad,hrc09,src09@display=sequential
hrc09,hrc16,06d4fcbb-2678-47cb-a9d3-ea2bc74a2f81,hrc09,src09@display=sequential
original,hrc13,ddc874dc-add5-4197-83ee-063f91b95d49,original,src01@display=sequential
original,original,d100eafa-1760-436d-bd9f-a9724e3f1ee6,hrc13,src01@display=sequential
original,original,3bfa18a6-0a8c-4599-9b10-98689041a469,hrc13,src01@display=sequential
original,hrc13,515db079-946d-43fc-ad4f-da5008eb87ea,original,src01@display=sequential
original,hrc13,15823cce-8dd0-4043-a063-eb157f7a8b5f,original,src01@display=sequential
original,hrc13,e7965f16-6621-4854-84b4-b552c5738880,original,src01@display=sequential
original,hrc13,61d2eaea-5d9d-432f-9d2b-228e869edc47,original,src01@display=sequential
original,hrc13,dbf56af0-d333-49de-9bd3-1b837113335b,original,src01@display=sequential
original,original,d5fa3015-e940-4b6b-9b66-69277af334a1,hrc13,src01@display=sequential
original,original,c79ca1a1-db1e-4f12-8a20-b18e8b065ead,hrc13,src01@display=sequential
hrc17,hrc17,ddc874dc-add5-4197-83ee-063f91b95d49,hrc13,src08@display=sequential
hrc17,hrc17,fc2d5087-17df-4c84-844b-23b0339b666b,hrc13,src08@display=sequential
hrc13,hrc17,b0367ddc-1381-4c30-b054-032f640ef4d3,hrc13,src08@display=sequential
hrc17,hrc17,9b0c0416-607d-4c8a-bc4e-ea233462e8ff,hrc13,src08@display=sequential
hrc13,hrc13,7adc7c75-a19e-4472-a3e8-16b402b25ad1,hrc17,src08@display=sequential
hrc17,hrc17,29a74aa2-3f6f-413b-a6e7-f37994c1db18,hrc13,src08@display=sequential
hrc13,hrc13,a9df2d8e-b4c7-406b-9550-b482d25879cf,hrc17,src08@display=sequential
hrc17,hrc13,595d6b93-ba8e-4ddf-9a72-50bbd51fd899,hrc17,src08@display=sequential
hrc13,hrc13,413023ed-9827-460b-8769-d4497645a297,hrc17,src08@display=sequential
hrc13,hrc13,6dd0be1d-e48a-44f8-ae1e-f6387437d5dd,hrc17,src08@display=sequential
hrc04,hrc17,ddc874dc-add5-4197-83ee-063f91b95d49,hrc04,src07@display=sequential
hrc04,hrc17,b2050466-f235-4258-9cad-bdd9aa52afc2,hrc04,src07@display=sequential
hrc04,hrc17,0e3c86ef-17d5-418f-95b7-56e46e448c97,hrc04,src07@display=sequential
hrc04,hrc17,aa2497f2-d324-449a-a3ea-ec31d2180c93,hrc04,src07@display=sequential
hrc04,hrc17,b29696b7-a249-4355-9bb6-63188e35d7c2,hrc04,src07@display=sequential
hrc04,hrc17,d774ed68-3d63-4ddc-9c2b-17f926e01537,hrc04,src07@display=sequential
hrc04,hrc04,63ceda33-c319-4414-8785-2b289e78177a,hrc17,src07@display=sequential
hrc04,hrc17,dbf56af0-d333-49de-9bd3-1b837113335b,hrc04,src07@display=sequential
hrc04,hrc04,a013f115-1c9c-4d46-85b2-9e4c2673ab14,hrc17,src07@display=sequential
hrc04,hrc17,fa4c43d0-3260-4144-aefb-de55089af488,hrc04,src07@display=sequential
hrc19,hrc17,ddc874dc-add5-4197-83ee-063f91b95d49,hrc19,src03@display=sequential
hrc19,hrc17,4abc48f0-325c-4564-95b3-06db30c6e854,hrc19,src03@display=sequential
hrc19,hrc17,11e0d1ca-a7ee-4489-9f90-88cd738b1ecd,hrc19,src03@display=sequential
hrc19,hrc17,1ac2dd7c-2993-4a15-a53f-3af54deb2789,hrc19,src03@display=sequential
hrc19,hrc17,7cbdd433-0c91-4d60-ab7b-f1261aaa8fbd,hrc19,src03@display=sequential
hrc19,hrc19,ec3147b5-c360-4dab-968a-ae71fecd3e29,hrc17,src03@display=sequential
hrc19,hrc17,ed6794a4-ad11-45aa-a760-07c44352d392,hrc19,src03@display=sequential
hrc19,hrc19,8c2b0451-0fb5-484e-8355-79304c222887,hrc17,src03@display=sequential
hrc19,hrc17,6bd47135-ac01-4b14-8a59-fd0f773c048b,hrc19,src03@display=sequential
hrc19,hrc17,1aa9e663-67d3-4003-a25b-de0487e89331,hrc19,src03@display=sequential
,hrc02,ddc874dc-add5-4197-83ee-063f91b95d49,hrc21,src02@display=sequential
,hrc21,9a628bc0-babc-4781-a306-fb94b8f002ae,hrc02,src02@display=sequential
,hrc21,2dbcc381-f90b-45b5-86a0-21b327c40e1c,hrc02,src02@display=sequential
hrc02,hrc21,474c10a2-5941-4abe-8277-46ce02332ba7,hrc02,src02@display=sequential
hrc02,hrc21,e8b75641-dc07-4974-9c94-cd85ade313d5,hrc02,src02@display=sequential
hrc02,hrc02,5abb5f46-0296-40b8-822f-ec4f8bb50c1f,hrc21,src02@display=sequential
hrc02,hrc21,953708e4-c895-4afd-96e8-b45fdd505175,hrc02,src02@display=sequential
hrc21,hrc21,8bf8e043-0dfe-4d04-bed8-5faea6c6c4c4,hrc02,src02@display=sequential
hrc02,hrc02,e088fd7c-253e-44ae-8d6d-3103781ceafe,hrc21,src02@display=sequential
hrc02,hrc21,28baa163-62aa-4091-9067-f78967afea4a,hrc02,src02@display=sequential
,hrc17,ddc874dc-add5-4197-83ee-063f91b95d49,original,src04@display=sequential
original,hrc17,417eaad3-9ff2-4d1a-a693-5ae803839281,original,src04@display=sequential
original,hrc17,b75eed47-d9a5-4a29-b4b7-bab0ecbfaf72,original,src04@display=sequential
original,hrc17,5483fa79-a1d3-437e-9925-e36c78b80e67,original,src04@display=sequential
original,hrc17,b29696b7-a249-4355-9bb6-63188e35d7c2,original,src04@display=sequential
original,original,57a1b4cc-208e-4275-9615-daea05998979,hrc17,src04@display=sequential
original,hrc17,3f5f7b8c-cd59-4d11-b12e-b8f93a47cf5c,original,src04@display=sequential
original,hrc17,70d291f3-ba18-41ee-b459-63c9e8e05b5e,original,src04@display=sequential
original,hrc17,45102dc6-4f10-4500-a0f1-b9a4537ebbbe,original,src04@display=sequential
original,original,66b9e1ca-7be6-469d-881b-e3433a746220,hrc17,src04@display=sequential
original,original,a591e83b-145e-4108-aeee-6fa5d3a97d7c,hrc19,src06@display=sequential
original,hrc19,42144d90-79d5-4dd8-9d01-b29df2cc9f4a,original,src06@display=sequential
original,original,97f15f79-2e8c-4f8f-bdf8-57bc17a7a1f9,hrc19,src06@display=sequential
original,hrc19,04a47e94-ecc5-4706-a79a-e96f350141ed,original,src06@display=sequential
original,hrc19,b3f255bf-c09c-4b9f-8244-955912f91178,original,src06@display=sequential
original,original,e94bde4d-255d-47f6-bdbf-d781c9955022,hrc19,src06@display=sequential
original,hrc19,02b35be6-fb7d-4492-87e7-8f22e34574ad,original,src06@display=sequential
original,original,58202c2c-6ed0-49f9-bd1c-0ee22c7dec66,hrc19,src06@display=sequential
original,hrc19,0fca2270-5646-4e65-b178-a722179983b0,original,src06@display=sequential
original,original,a2212010-e7af-4f03-b283-3bf430b0d63b,hrc19,src06@display=sequential
hrc09,hrc09,ec3147b5-c360-4dab-968a-ae71fecd3e29,hrc17,src07@display=sequential
hrc09,hrc17,7317c3fb-8b5c-4be7-bd0a-363cd0010fb0,hrc09,src07@display=sequential
hrc09,hrc17,66b9e1ca-7be6-469d-881b-e3433a746220,hrc09,src07@display=sequential
hrc09,hrc09,a89ffe10-715d-49e0-9bd3-fc0664ef817e,hrc17,src07@display=sequential
hrc09,hrc09,417eaad3-9ff2-4d1a-a693-5ae803839281,hrc17,src07@display=sequential
hrc09,hrc09,0dd7d0b1-0929-45c1-8b60-460f209faf75,hrc17,src07@display=sequential
hrc09,hrc09,d7bac6c1-397b-40c6-9c43-ed999836f813,hrc17,src07@display=sequential
hrc09,hrc09,551eb5b5-43a7-404e-92fb-9640959fd234,hrc17,src07@display=sequential
hrc09,hrc09,af9ff558-041e-4cd0-ba22-7930f53eaf9b,hrc17,src07@display=sequential
hrc09,hrc17,a591e83b-145e-4108-aeee-6fa5d3a97d7c,hrc09,src07@display=sequential
,hrc04,a591e83b-145e-4108-aeee-6fa5d3a97d7c,original,src05@display=sequential
,original,08e33f50-c2e4-4cb2-b5a8-6a8a53423f73,hrc04,src05@display=sequential
,hrc04,9b8f4b05-1edf-44f3-8a9c-7cc885460eeb,original,src05@display=sequential
hrc04,hrc04,e766aa53-de02-48ea-bb5a-0cb94101754a,original,src05@display=sequential
,hrc04,a1fd54d6-0aeb-4802-a1a9-b0e31ab0ad36,original,src05@display=sequential
hrc04,original,189cc04f-5b5b-45ea-be05-e4f97f0b529b,hrc04,src05@display=sequential
,hrc04,b1be1c63-dc1e-454a-9783-8aac04ad515d,original,src05@display=sequential
,hrc04,febbbfd7-f167-40e7-82f3-57fd12d35fdc,original,src05@display=sequential
,hrc04,e79fa7fb-62cf-4b20-8b29-1cd64f2820a4,original,src05@display=sequential
hrc04,hrc04,003c7620-28fb-4ea6-91fa-1e262f492774,original,src05@display=sequential
hrc05,hrc10,a591e83b-145e-4108-aeee-6fa5d3a97d7c,hrc05,src08@display=sequential
,hrc10,a527bdf9-311f-43ee-a4b5-31dd2629cc0a,hrc05,src08@display=sequential
hrc05,hrc10,b29696b7-a249-4355-9bb6-63188e35d7c2,hrc05,src08@display=sequential
hrc05,hrc05,11e0d1ca-a7ee-4489-9f90-88cd738b1ecd,hrc10,src08@display=sequential
,hrc10,46988bee-31b6-4324-8234-6c77582cea87,hrc05,src08@display=sequential
hrc05,hrc10,45c610dd-b351-487a-9dd4-b1d71de31f2c,hrc05,src08@display=sequential
hrc05,hrc05,84531b99-869c-4f3e-ae80-dac3f956997a,hrc10,src08@display=sequential
hrc05,hrc10,a1e1659d-48d5-4ed4-a44f-c3f29c092682,hrc05,src08@display=sequential
hrc05,hrc05,a013f115-1c9c-4d46-85b2-9e4c2673ab14,hrc10,src08@display=sequential
hrc05,hrc05,3de8634b-9153-4c5a-8a93-5d6012373bd6,hrc10,src08@display=sequential
hrc19,hrc10,a591e83b-145e-4108-aeee-6fa5d3a97d7c,hrc19,src03@display=sequential
hrc19,hrc19,1175b846-a79d-4505-bf4c-b367e1f83ba6,hrc10,src03@display=sequential
hrc19,hrc19,dbf0417a-0d93-4d64-b022-2db9f2a09242,hrc10,src03@display=sequential
hrc19,hrc19,3fa51d84-1a9d-4cf7-8204-2ab2685cd7be,hrc10,src03@display=sequential
hrc19,hrc19,a07f105d-b327-4e67-a324-e213ab12c547,hrc10,src03@display=sequential
hrc19,hrc19,2542f94b-c9c0-4121-8cd6-562f67503607,hrc10,src03@display=sequential
hrc19,hrc10,3b1058e2-fe8a-4537-a14d-164020753a23,hrc19,src03@display=sequential
hrc19,hrc10,38d87ed8-3766-4fd4-bf18-746702872360,hrc19,src03@display=sequential
hrc19,hrc19,9e2006cf-81f6-4dc7-9a43-405a3037fda2,hrc10,src03@display=sequential
hrc19,hrc10,0e6bd588-76a1-47fe-8393-5e2f3cf4168a,hrc19,src03@display=sequential
original,hrc18,a591e83b-145e-4108-aeee-6fa5d3a97d7c,original,src09@display=sequential
hrc18,original,19c32dbe-28f1-41dd-b4bd-520d0ae1860c,hrc18,src09@display=sequential
original,original,6f77a931-0bbb-4e7f-b5e3-a07ec26959fb,hrc18,src09@display=sequential
original,original,adc32989-072a-4555-a6e0-77db79cde686,hrc18,src09@display=sequential
hrc18,original,7044ada3-fee5-4e71-a8b0-d3cfd7bd48dd,hrc18,src09@display=sequential
original,hrc18,5198b894-1131-4041-bcc1-62488fda0604,original,src09@display=sequential
original,hrc18,b6d6ce5a-8b39-434f-9587-d7ab23d43dae,original,src09@display=sequential
original,original,595d6b93-ba8e-4ddf-9a72-50bbd51fd899,hrc18,src09@display=sequential
original,hrc18,d69fb9a4-88e8-4e25-bbde-bebbddf5fbc5,original,src09@display=sequential
original,hrc18,b3674941-21f6-49d0-a645-e7b0723e17a2,original,src09@display=sequential
,hrc21,a591e83b-145e-4108-aeee-6fa5d3a97d7c,hrc09,src02@display=sequential
,hrc21,5d057714-3fbd-4f10-97c9-c11263c29073,hrc09,src02@display=sequential
hrc09,hrc21,19e7ead1-67fa-4926-8271-f0c799875d36,hrc09,src02@display=sequential
hrc09,hrc09,bd9239e9-b8b4-43eb-a5a6-1abbf7090483,hrc21,src02@display=sequential
hrc09,hrc09,3e1cdcff-b39c-4ab1-88c6-cc8a1b5ed717,hrc21,src02@display=sequential
,hrc21,a50b1738-5516-46bd-a585-fa878da470e2,hrc09,src02@display=sequential
hrc09,hrc09,6ddc68b9-2043-40b0-8dca-222965fa9c27,hrc21,src02@display=sequential
,hrc09,2e79172f-46f4-4734-ae33-91f9f5c22bbf,hrc21,src02@display=sequential
hrc09,hrc21,43868782-c006-4e73-8ab4-1f5f132a01cc,hrc09,src02@display=sequential
hrc09,hrc21,3337d50f-3ff4-4b00-9c35-a238978ffa06,hrc09,src02@display=sequential
hrc21,hrc21,f27a0397-b743-4949-8956-95f550f3d0ef,hrc16,src01@display=sequential
hrc21,hrc16,b2f07ae4-3913-406a-b5a9-14721e18db1e,hrc21,src01@display=sequential
hrc21,hrc21,1a2abb6c-4336-478a-91fa-c99e4106a3cc,hrc16,src01@display=sequential
hrc21,hrc16,7fc4fb94-b7e7-4237-8e77-087183634925,hrc21,src01@display=sequential
hrc21,hrc21,014398e2-d4da-4268-abcf-1761c994090f,hrc16,src01@display=sequential
hrc21,hrc21,8c2b0451-0fb5-484e-8355-79304c222887,hrc16,src01@display=sequential
hrc21,hrc16,b4170a87-8862-45d0-ae39-a2fa7515fc9d,hrc21,src01@display=sequential
hrc21,hrc21,7062c3bd-bec4-41ad-a49d-387ebc46bfd2,hrc16,src01@display=sequential
hrc21,hrc21,f9933ce8-818d-4818-9d22-5b3ce5d20f11,hrc16,src01@display=sequential
hrc21,hrc21,746fca7b-627e-49a4-8992-4928103625eb,hrc16,src01@display=sequential
,original,f27a0397-b743-4949-8956-95f550f3d0ef,hrc09,src03@display=sequential
original,hrc09,521e23fd-4059-4bbf-95d9-705edc6713d6,original,src03@display=sequential
,original,13d8e79f-b78d-4090-b59a-b516d546b349,hrc09,src03@display=sequential
,original,91c69418-ca88-47fa-9045-520cb13e2506,hrc09,src03@display=sequential
,original,2a501377-6471-4b25-8716-04c3807bc81d,hrc09,src03@display=sequential
hrc09,hrc09,314669a2-7dac-4f5f-9604-1595a6684acb,original,src03@display=sequential
hrc09,original,f9933ce8-818d-4818-9d22-5b3ce5d20f11,hrc09,src03@display=sequential
hrc09,original,b67bb1dd-dd7b-4f65-ae08-2eddf15f23f2,hrc09,src03@display=sequential
original,hrc09,50a38519-8060-4b35-97ac-c4b565cbe444,original,src03@display=sequential
hrc09,original,91641fb2-f748-4fad-bfa6-9ef0e5b271a3,hrc09,src03@display=sequential
,hrc12,f27a0397-b743-4949-8956-95f550f3d0ef,hrc07,src09@display=sequential
,hrc07,eb5fb68f-6fe8-41d7-9434-0e7b1acdd8fd,hrc12,src09@display=sequential
hrc07,hrc12,9f68eedf-f31c-451d-a986-2a8f55f28aa4,hrc07,src09@display=sequential
hrc12,hrc07,f9bbfc44-9d81-442b-b2b0-e2e241471b54,hrc12,src09@display=sequential
hrc07,hrc07,ae596db0-ca56-4a5e-819e-66d021715ded,hrc12,src09@display=sequential
hrc07,hrc07,71e14685-9bb1-453e-940d-07a99ca5950b,hrc12,src09@display=sequential
hrc12,hrc07,96156214-ba1f-44ad-b911-4cd9c3e80a16,hrc12,src09@display=sequential
hrc12,hrc07,fda50597-1f41-40cf-b84d-017055879a57,hrc12,src09@display=sequential
hrc07,hrc12,b1f30d1e-18e5-46f4-a578-f9ee9194ef95,hrc07,src09@display=sequential
,hrc07,62657dbc-0939-45fd-b9d0-0c9a3b27d669,hrc12,src09@display=sequential
hrc16,hrc16,f27a0397-b743-4949-8956-95f550f3d0ef,hrc08,src07@display=sequential
hrc08,hrc16,33285b45-2963-4ceb-8111-877417789be1,hrc08,src07@display=sequential
hrc16,hrc08,7049aa82-15c3-4aa7-807f-379c1ea7f2c9,hrc16,src07@display=sequential
hrc16,hrc16,9be2aa59-4968-4b1b-8ba3-90356da3c013,hrc08,src07@display=sequential
hrc08,hrc16,306ef9fb-b2aa-4eb0-b6b7-f160a0880759,hrc08,src07@display=sequential
hrc08,hrc16,e04a10a2-abed-4430-a7ce-7f6e3735c4d2,hrc08,src07@display=sequential
hrc08,hrc16,29674e6d-089e-4429-a5a5-05030ef57cbc,hrc08,src07@display=sequential
hrc08,hrc16,603c65cd-5f34-45be-87e4-a188d93c9c26,hrc08,src07@display=sequential
hrc16,hrc08,0111d895-f938-4921-8210-3201f559f616,hrc16,src07@display=sequential
hrc16,hrc16,4430b16c-a339-4f7d-bfc4-59c4c73b0b30,hrc08,src07@display=sequential
hrc02,hrc02,f27a0397-b743-4949-8956-95f550f3d0ef,hrc17,src06@display=sequential
hrc02,hrc17,2c820e01-cd0e-4cca-bb2b-5384ccd7f578,hrc02,src06@display=sequential
hrc02,hrc17,9b8f4b05-1edf-44f3-8a9c-7cc885460eeb,hrc02,src06@display=sequential
hrc02,hrc17,3f1c16f9-0d28-48e7-a3c4-0941df878231,hrc02,src06@display=sequential
hrc17,hrc02,11e0d1ca-a7ee-4489-9f90-88cd738b1ecd,hrc17,src06@display=sequential
hrc02,hrc17,e6649c05-bba4-4d31-98c7-8601374d6057,hrc02,src06@display=sequential
hrc02,hrc02,31811b90-af18-4758-9253-b38578b9ed62,hrc17,src06@display=sequential
hrc02,hrc17,054b9d42-a10e-4563-9d6e-e161da3640fd,hrc02,src06@display=sequential
hrc02,hrc17,84bd8de2-fe4e-426f-a1e4-82db2dee938f,hrc02,src06@display=sequential
hrc02,hrc02,d967e631-6462-49c6-a910-e0213a310eb3,hrc17,src06@display=sequential
hrc17,hrc17,f27a0397-b743-4949-8956-95f550f3d0ef,hrc05,src02@display=sequential
hrc17,hrc05,f41906e2-bcde-4730-a270-44ad2f2dbd45,hrc17,src02@display=sequential
hrc05,hrc17,d8193f20-ca78-4f7e-a54e-1eb281c8ac16,hrc05,src02@display=sequential
hrc17,hrc17,2e4c1a67-80bc-4b30-b6ca-da117c7f7ee9,hrc05,src02@display=sequential
hrc05,hrc05,046a2d12-93ee-4c22-b4af-236d42e42716,hrc17,src02@display=sequential
hrc17,hrc17,a9df2d8e-b4c7-406b-9550-b482d25879cf,hrc05,src02@display=sequential
hrc05,hrc17,30d52e8d-b0e1-45e5-9af0-fad21c9f6ec0,hrc05,src02@display=sequential
hrc17,hrc05,d445a949-d7c2-4196-b6a8-50cf9b19cc10,hrc17,src02@display=sequential
hrc17,hrc17,a7e6cf69-b8cc-4cbc-964e-f6819e5cd6a4,hrc05,src02@display=sequential
,hrc05,64f01562-adef-480b-927e-12872cada192,hrc17,src02@display=sequential
hrc12,hrc12,d38f260b-2e37-4346-a868-80b7be4c916c,hrc16,src09@display=sequential
hrc12,hrc16,b7265973-03c7-49cf-9175-acfed74ae1c7,hrc12,src09@display=sequential
hrc12,hrc16,f4e36280-7ab6-4bf1-afd0-2b3094871ff7,hrc12,src09@display=sequential
hrc12,hrc16,1eaa9fca-05a8-423a-be58-58c2b8582fcd,hrc12,src09@display=sequential
hrc12,hrc16,78e26595-e75f-4806-a6ed-26d6e8f35a1b,hrc12,src09@display=sequential
hrc12,hrc16,54b6bc20-e9f0-430e-b687-f9a3bb4d716b,hrc12,src09@display=sequential
hrc12,hrc12,feabc2a1-9004-4146-acc3-3609cc50300a,hrc16,src09@display=sequential
hrc12,hrc16,065f3d2b-259a-432d-8636-22c31cc31048,hrc12,src09@display=sequential
hrc12,hrc12,1b9e7799-1c0f-4d71-9579-79b835093f71,hrc16,src09@display=sequential
hrc12,hrc16,40a7c6a1-6d4e-405c-830b-288315717027,hrc12,src09@display=sequential
hrc12,hrc19,d38f260b-2e37-4346-a868-80b7be4c916c,hrc12,src01@display=sequential
,hrc12,42144d90-79d5-4dd8-9d01-b29df2cc9f4a,hrc19,src01@display=sequential
hrc19,hrc12,83d19ff1-7b53-43bc-a20e-c0b147ea8546,hrc19,src01@display=sequential
hrc12,hrc12,30dbdb0c-b18c-47e8-b3d6-c157a53730b7,hrc19,src01@display=sequential
hrc19,hrc12,a308165b-fe13-4927-8f58-a686634660c3,hrc19,src01@display=sequential
hrc12,hrc19,acf7d6bd-9041-4faf-ad16-b17383982915,hrc12,src01@display=sequential
hrc12,hrc12,8758c6d9-ff95-4e68-834d-d2cc9e39f62c,hrc19,src01@display=sequential
hrc12,hrc19,d69fb9a4-88e8-4e25-bbde-bebbddf5fbc5,hrc12,src01@display=sequential
hrc12,hrc12,a0c2d52c-ddc3-4bb4-8744-5a989100dbf6,hrc19,src01@display=sequential
hrc12,hrc12,58728ea0-6590-46a3-a689-df5c9daab943,hrc19,src01@display=sequential
hrc09,hrc09,d38f260b-2e37-4346-a868-80b7be4c916c,hrc17,src02@display=sequential
hrc09,hrc09,30dbdb0c-b18c-47e8-b3d6-c157a53730b7,hrc17,src02@display=sequential
hrc09,hrc09,b753aa06-01fa-4174-8bac-c4ea32e61695,hrc17,src02@display=sequential
hrc09,hrc17,4abc48f0-325c-4564-95b3-06db30c6e854,hrc09,src02@display=sequential
hrc09,hrc09,dbdce651-0354-4168-86b0-feb47a871b13,hrc17,src02@display=sequential
hrc09,hrc09,57276fbb-57d2-40e9-b2ec-07c74e77b724,hrc17,src02@display=sequential
hrc09,hrc09,44a3e5d7-0f82-40c1-aff8-95ba8afcb6ad,hrc17,src02@display=sequential
hrc09,hrc17,a8ee67dd-bb21-4bc5-a474-fcfb83d5f8d6,hrc09,src02@display=sequential
hrc09,hrc17,13f2c5fd-55b0-4e23-a6b7-07c03eae90a4,hrc09,src02@display=sequential
hrc09,hrc17,e30de58c-2d4b-4fe4-b9a6-ad385c04edad,hrc09,src02@display=sequential
hrc17,hrc08,d38f260b-2e37-4346-a868-80b7be4c916c,hrc17,src04@display=sequential
hrc08,hrc08,09daca37-4e80-4e78-810e-b250cd7c2f69,hrc17,src04@display=sequential
hrc17,hrc17,38905ec1-bf21-4862-bd29-398e8eeb2295,hrc08,src04@display=sequential
hrc17,hrc08,0f829d1a-b988-4f9b-8ff2-7ed9cefc6432,hrc17,src04@display=sequential
hrc17,hrc08,29891a92-472f-4241-97b3-f486548bb310,hrc17,src04@display=sequential
hrc17,hrc17,f62c787c-9092-47b5-b493-5f371ecab9f3,hrc08,src04@display=sequential
hrc17,hrc08,a2eae99e-1732-497c-b157-394ebbf76ed5,hrc17,src04@display=sequential
hrc17,hrc17,58202c2c-6ed0-49f9-bd1c-0ee22c7dec66,hrc08,src04@display=sequential
hrc17,hrc08,f4e3ae9d-eacf-4aa7-8112-8fd261fe5350,hrc17,src04@display=sequential
hrc17,hrc08,b1b18717-7abb-45b4-87fd-424cf2f20ca6,hrc17,src04@display=sequential
hrc21,hrc21,d38f260b-2e37-4346-a868-80b7be4c916c,hrc10,src06@display=sequential
hrc21,hrc21,2e65f225-cf41-430f-ae14-779a3b02a411,hrc10,src06@display=sequential
hrc21,hrc21,7eec4eb4-02fe-46aa-b975-28d23474037f,hrc10,src06@display=sequential
hrc21,hrc21,567005c0-484c-420a-8253-19699c82eee9,hrc10,src06@display=sequential
hrc21,hrc10,d9ff101e-ef99-45a1-b979-91bffe08a7a1,hrc21,src06@display=sequential
hrc21,hrc21,67a775b1-b97f-4aa4-affb-54e6180f3b71,hrc10,src06@display=sequential
hrc21,hrc10,306ef9fb-b2aa-4eb0-b6b7-f160a0880759,hrc21,src06@display=sequential
hrc21,hrc21,0282e284-6075-4272-8e47-0514da6c0239,hrc10,src06@display=sequential
hrc21,hrc10,fa36cb57-e118-4fa0-b207-5cb949f290dd,hrc21,src06@display=sequential
hrc21,hrc21,cf62539a-dfa8-4a51-b330-bd4b8a49fcd1,hrc10,src06@display=sequential
hrc19,hrc19,d38f260b-2e37-4346-a868-80b7be4c916c,hrc16,src03@display=sequential
hrc19,hrc19,c0dba839-43a8-404b-95ba-2473525fd047,hrc16,src03@display=sequential
hrc19,hrc16,94aed9f0-a26e-435d-9499-0a57d0d09c0e,hrc19,src03@display=sequential
hrc19,hrc19,9b8f4b05-1edf-44f3-8a9c-7cc885460eeb,hrc16,src03@display=sequential
hrc19,hrc19,ed2ad2a1-7e3b-4113-a49a-dfecffee3e57,hrc16,src03@display=sequential
hrc19,hrc16,097501e3-7ae3-4027-b579-5bd87c1f76c0,hrc19,src03@display=sequential
hrc19,hrc16,9c1c0670-84be-45e4-8b42-6435e7d64c55,hrc19,src03@display=sequential
hrc19,hrc16,d39c9f82-0592-46e7-bfbb-7b637638d43b,hrc19,src03@display=sequential
hrc19,hrc16,4286ceb2-7535-49c7-ae3e-0a69c7960068,hrc19,src03@display=sequential
hrc19,hrc19,92618dab-00d8-4abd-ac31-f37ac2df1d55,hrc16,src03@display=sequential
original,original,d38f260b-2e37-4346-a868-80b7be4c916c,hrc19,src07@display=sequential
original,hrc19,ecf6df41-9caa-4f8e-9e83-ed4064aa1ec4,original,src07@display=sequential
hrc19,original,786e97ac-4266-4756-9693-1128d669933d,hrc19,src07@display=sequential
original,original,69e276e4-b0df-46a7-bc3c-07f8ef83d625,hrc19,src07@display=sequential
,hrc19,3205993c-aac2-4a12-b9f8-728328cdc06c,original,src07@display=sequential
,hrc19,502847cb-21d3-4808-bd8a-4ec3b2a1c24c,original,src07@display=sequential
,original,702fb032-4e58-4351-a7b9-4d973e83ab6e,hrc19,src07@display=sequential
original,hrc19,fc412c03-7ce4-4158-821d-8a6eb8b6813f,original,src07@display=sequential
original,hrc19,fd14a53a-2ddf-497c-b651-2126b3686b54,original,src07@display=sequential
original,hrc19,72ed54fa-f4f0-473b-a829-ac89abe9d3c5,original,src07@display=sequential
hrc02,hrc13,0dd7d0b1-0929-45c1-8b60-460f209faf75,hrc02,src08@display=sequential
hrc02,hrc13,0b68809c-f3bf-441e-865d-8c067237226e,hrc02,src08@display=sequential
hrc02,hrc13,2082be69-3d1a-46ad-b3cf-b33db5b98382,hrc02,src08@display=sequential
,hrc13,c62ff2ad-45a7-4f3e-acce-030576899b17,hrc02,src08@display=sequential
hrc02,hrc02,45421f6a-1b14-4ed1-b5d8-8dacebed8b88,hrc13,src08@display=sequential
hrc02,hrc02,4f379e80-7986-435e-80da-90d2288a9137,hrc13,src08@display=sequential
hrc02,hrc02,5e7b7399-d11c-4dbd-b93c-a054a679a25f,hrc13,src08@display=sequential
hrc02,hrc02,f34d42ab-f3d5-493e-8f12-2070d370cbea,hrc13,src08@display=sequential
hrc02,hrc02,2cabc179-9b0a-4956-abc4-db3cf2e03f98,hrc13,src08@display=sequential
hrc02,hrc02,6a98c9e8-2ad1-4e94-9b64-768f79f5a556,hrc13,src08@display=sequential
,hrc18,0dd7d0b1-0929-45c1-8b60-460f209faf75,hrc17,src06@display=sequential
hrc17,hrc17,515db079-946d-43fc-ad4f-da5008eb87ea,hrc18,src06@display=sequential
hrc17,hrc17,1192c78f-0781-43ea-8c31-4352aa897a64,hrc18,src06@display=sequential
hrc17,hrc17,3635d543-6970-461c-b195-dfdb99a24318,hrc18,src06@display=sequential
hrc17,hrc18,d0c55c7c-e53c-42e0-8941-c77ee46fda9a,hrc17,src06@display=sequential
hrc17,hrc18,d013d53b-da4a-4452-b8a9-1ea353b220fb,hrc17,src06@display=sequential
hrc17,hrc18,1cd3c163-d5dd-44b8-9cf7-a107a3824ffa,hrc17,src06@display=sequential
hrc17,hrc17,60ade839-ce16-4f88-b903-3805bf524cf2,hrc18,src06@display=sequential
hrc17,hrc18,3266e1c9-08ee-4211-9f34-1170e2ecb043,hrc17,src06@display=sequential
hrc17,hrc17,cc41adc2-0128-483a-a929-40af98e50807,hrc18,src06@display=sequential
,hrc20,0dd7d0b1-0929-45c1-8b60-460f209faf75,hrc21,src01@display=sequential
hrc20,hrc21,90a2641b-5fcb-41c9-ad89-2451fbfad6a7,hrc20,src01@display=sequential
hrc21,hrc20,b066ef4f-1fb5-4a6d-b1d7-5a4e654c3efa,hrc21,src01@display=sequential
hrc21,hrc20,0da493d0-ea80-4d70-ba9e-e3f5ff77d39f,hrc21,src01@display=sequential
hrc21,hrc20,ead7b5fc-d725-4729-9c61-81707a1d6090,hrc21,src01@display=sequential
hrc20,hrc21,5c7751e7-9750-4406-9966-89fd02b9c880,hrc20,src01@display=sequential
hrc21,hrc20,feabbea3-3eb7-46a6-9150-d41a3944603d,hrc21,src01@display=sequential
hrc21,hrc21,4095c1dd-b4e9-4e29-a6dd-67556deddbb5,hrc20,src01@display=sequential
hrc20,hrc21,02ec8608-c527-44a4-ba72-94448cdae1ed,hrc20,src01@display=sequential
hrc20,hrc21,d360835c-e531-45d7-880a-45390ee03e29,hrc20,src01@display=sequential
original,original,0dd7d0b1-0929-45c1-8b60-460f209faf75,hrc05,src03@display=sequential
original,hrc05,9a628bc0-babc-4781-a306-fb94b8f002ae,original,src03@display=sequential
original,hrc05,e4933001-a28b-487d-9bfd-c114ce6d130e,original,src03@display=sequential
original,original,a54376d0-ee13-4dc1-9b59-87e155c62795,hrc05,src03@display=sequential
original,original,928f738f-8508-48b5-a38d-33451eab8633,hrc05,src03@display=sequential
original,hrc05,74baf96c-84eb-4b58-8ed9-1bbe2c73d85a,original,src03@display=sequential
original,hrc05,c199f722-c139-4861-9744-4560a943312a,original,src03@display=sequential
original,hrc05,a013f115-1c9c-4d46-85b2-9e4c2673ab14,original,src03@display=sequential
original,hrc05,9a7623a5-6e59-4ac2-82aa-7d649f48d3f8,original,src03@display=sequential
original,original,2dc294c9-e2ad-4de1-a9d0-cd71bbb77208,hrc05,src03@display=sequential
hrc02,hrc13,0dd7d0b1-0929-45c1-8b60-460f209faf75,hrc02,src09@display=sequential
hrc02,hrc13,5e5029d9-2e66-43be-bda9-799b3de0d1ee,hrc02,src09@display=sequential
hrc02,hrc02,9b0c0416-607d-4c8a-bc4e-ea233462e8ff,hrc13,src09@display=sequential
hrc02,hrc13,ea1fced5-67ab-4744-8af5-26b265424a52,hrc02,src09@display=sequential
hrc02,hrc13,10201875-20ed-4191-8b55-2033d1755645,hrc02,src09@display=sequential
hrc02,hrc13,600b636d-749f-407b-8a35-4c651be24036,hrc02,src09@display=sequential
hrc02,hrc02,51e53bc3-aa26-4dc9-825d-3023b001764d,hrc13,src09@display=sequential
hrc02,hrc02,24cf22d0-b88a-4923-b8be-97af4e9f6013,hrc13,src09@display=sequential
hrc02,hrc02,4286ceb2-7535-49c7-ae3e-0a69c7960068,hrc13,src09@display=sequential
hrc02,hrc13,d360835c-e531-45d7-880a-45390ee03e29,hrc02,src09@display=sequential
hrc07,hrc16,0dd7d0b1-0929-45c1-8b60-460f209faf75,hrc07,src04@display=sequential
hrc07,hrc16,8bc8cdd6-aa66-4cdd-9b76-76c9e52981fa,hrc07,src04@display=sequential
hrc07,hrc07,fd4ac2a5-2530-4db8-84d3-e33c1c638e13,hrc16,src04@display=sequential
hrc07,hrc07,b753aa06-01fa-4174-8bac-c4ea32e61695,hrc16,src04@display=sequential
hrc07,hrc07,4edaa347-68b5-4565-a1dd-fe591c6a83f0,hrc16,src04@display=sequential
hrc07,hrc16,87fef6f6-df52-49c0-89da-106af9527b46,hrc07,src04@display=sequential
hrc07,hrc07,2bcab180-368e-445d-b0e6-9a217518bc1a,hrc16,src04@display=sequential
hrc07,hrc07,3a448cd9-fa6e-4e30-9d17-ab40a67c7980,hrc16,src04@display=sequential
hrc07,hrc16,eda8b60b-5b21-467d-9233-b9c8379a3a30,hrc07,src04@display=sequential
hrc07,hrc16,c92c9904-292e-420d-8f51-77a57c673a5c,hrc07,src04@display=sequential
,hrc07,3e4467d1-498d-4384-822e-f70bfdd8962a,hrc21,src05@display=sequential
,hrc21,d0ff0cee-967d-4b1f-8398-f805a1c309bb,hrc07,src05@display=sequential
hrc07,hrc07,f34eebbe-cadc-470b-ad67-fba97042993a,hrc21,src05@display=sequential
hrc07,hrc21,9a32f30e-db52-4c25-93d0-fa4eb929c406,hrc07,src05@display=sequential
hrc07,hrc07,a268d438-9f11-4978-8ad9-7ed49297521c,hrc21,src05@display=sequential
hrc07,hrc21,5bdaabb1-85bf-463f-b5bd-b6e0563b1309,hrc07,src05@display=sequential
,hrc07,ea1fced5-67ab-4744-8af5-26b265424a52,hrc21,src05@display=sequential
hrc21,hrc21,73947d9a-9287-4e35-bee3-93d830c0fa0a,hrc07,src05@display=sequential
,hrc07,24cf22d0-b88a-4923-b8be-97af4e9f6013,hrc21,src05@display=sequential
,hrc21,0dd7d0b1-0929-45c1-8b60-460f209faf75,hrc07,src05@display=sequential
hrc08,hrc08,30342057-2a33-4929-ac24-d1c5f1106151,hrc19,src01@display=sequential
hrc08,hrc19,ebdd1319-f262-41ca-aba9-aabc27f9c28a,hrc08,src01@display=sequential
hrc08,hrc08,6b9a4e34-52b8-4521-aef8-113f03c2eed5,hrc19,src01@display=sequential
,hrc08,fde3321b-a2a7-4c3f-a0fd-4dfc1beeba48,hrc19,src01@display=sequential
hrc08,hrc19,08473901-0621-448d-b64d-61aa72567205,hrc08,src01@display=sequential
,hrc19,444eca3c-4c3d-4f43-8b03-ab8eeec71bda,hrc08,src01@display=sequential
,hrc08,e4933001-a28b-487d-9bfd-c114ce6d130e,hrc19,src01@display=sequential
,hrc08,4a76f2f7-9d33-49ba-8cc4-1cf92c5da2d4,hrc19,src01@display=sequential
,hrc08,7ff3ca3e-cf96-4966-a02a-b9eab26a658b,hrc19,src01@display=sequential
,hrc08,07c33d31-ca90-4b64-83b4-e99784e28b49,hrc19,src01@display=sequential
hrc12,hrc12,e94fa128-840a-4f1c-8d0a-7e3c963a8b83,hrc19,src03@display=sequential
hrc12,hrc12,ccdcf626-e732-4c39-ade0-7e667a11b9de,hrc19,src03@display=sequential
hrc12,hrc12,444eca3c-4c3d-4f43-8b03-ab8eeec71bda,hrc19,src03@display=sequential
hrc12,hrc19,4095c1dd-b4e9-4e29-a6dd-67556deddbb5,hrc12,src03@display=sequential
hrc12,hrc19,d0c61afd-7aff-4a1d-9e82-3b047a761915,hrc12,src03@display=sequential
hrc12,hrc12,0f507c58-71ee-46ec-aacf-e12011825bfc,hrc19,src03@display=sequential
hrc19,hrc19,e2ef8b3c-8f6b-4998-b6a9-acd51651099f,hrc12,src03@display=sequential
hrc12,hrc19,10201875-20ed-4191-8b55-2033d1755645,hrc12,src03@display=sequential
hrc12,hrc19,8b550bbc-1620-4719-858f-a2cdbb3ff4b0,hrc12,src03@display=sequential
,hrc19,e6649c05-bba4-4d31-98c7-8601374d6057,hrc12,src03@display=sequential
hrc08,hrc10,444eca3c-4c3d-4f43-8b03-ab8eeec71bda,hrc08,src04@display=sequential
hrc08,hrc08,3c6f9f56-45a3-4dd7-a38e-a5e2ecda05d4,hrc10,src04@display=sequential
hrc08,hrc08,63f7f7f4-368f-486f-8fef-7458e62a7909,hrc10,src04@display=sequential
hrc08,hrc08,105b98fb-1f96-406b-b05f-11ca59ac217d,hrc10,src04@display=sequential
,hrc08,08222fec-a836-4bb3-bc8b-06590d580cca,hrc10,src04@display=sequential
,hrc10,17d1397c-63b2-4fba-b4cd-01580d48fa8e,hrc08,src04@display=sequential
hrc08,hrc08,4d46e51f-dff6-46d4-9b9a-70501b6b053b,hrc10,src04@display=sequential
hrc08,hrc08,901525db-f558-48a2-931c-a9de0c60f77f,hrc10,src04@display=sequential
hrc08,hrc08,3b1058e2-fe8a-4537-a14d-164020753a23,hrc10,src04@display=sequential
hrc08,hrc10,1f668c3f-b8ef-42dd-8802-092f59e99fc3,hrc08,src04@display=sequential
hrc20,hrc20,ed2ad2a1-7e3b-4113-a49a-dfecffee3e57,hrc16,src06@display=sequential
hrc20,hrc16,3205993c-aac2-4a12-b9f8-728328cdc06c,hrc20,src06@display=sequential
hrc20,hrc20,3b1b4424-3cd1-4584-bbb5-5e27d1680658,hrc16,src06@display=sequential
hrc20,hrc20,444eca3c-4c3d-4f43-8b03-ab8eeec71bda,hrc16,src06@display=sequential
hrc20,hrc20,3508c90d-7344-4ec2-946c-52b057f5fd46,hrc16,src06@display=sequential
hrc20,hrc16,0577b759-dc16-4e43-be93-2041e7934891,hrc20,src06@display=sequential
hrc20,hrc20,5198b894-1131-4041-bcc1-62488fda0604,hrc16,src06@display=sequential
hrc20,hrc20,183e5378-8994-4497-ab39-a4e4efc81fbc,hrc16,src06@display=sequential
hrc20,hrc20,75763bc0-515d-4d46-96db-84958a1820fe,hrc16,src06@display=sequential
hrc20,hrc20,105b98fb-1f96-406b-b05f-11ca59ac217d,hrc16,src06@display=sequential
hrc21,hrc21,66da8469-601a-48fb-b75e-716c69b24198,hrc20,src05@display=sequential
,hrc21,444eca3c-4c3d-4f43-8b03-ab8eeec71bda,hrc20,src05@display=sequential
,hrc21,0fa6e044-fe07-4575-a037-ca202981ab92,hrc20,src05@display=sequential
hrc21,hrc21,df4292d0-100f-419b-bb47-77f336b78a08,hrc20,src05@display=sequential
,hrc20,f836f93f-9bb9-48a0-9294-9c768e1c23a2,hrc21,src05@display=sequential
,hrc20,8809b6cf-50cf-4c1e-8184-379e403aa7c4,hrc21,src05@display=sequential
hrc21,hrc21,4a154184-7951-43db-b483-c74ac72e5248,hrc20,src05@display=sequential
,hrc21,5483dfd1-da59-48bb-b08e-2893950a526b,hrc20,src05@display=sequential
hrc21,hrc20,8a725e7a-8f22-4487-8125-b725545dc485,hrc21,src05@display=sequential
hrc20,hrc20,106526b1-77b2-4d00-b5b0-5b7e929f1444,hrc21,src05@display=sequential
hrc08,hrc08,88933710-9f5e-424e-903b-81e5d2852fb0,hrc05,src09@display=sequential
hrc08,hrc05,4a563c82-9cb0-45fa-b0d9-acdbe3db8b47,hrc08,src09@display=sequential
hrc08,hrc05,2dbcc381-f90b-45b5-86a0-21b327c40e1c,hrc08,src09@display=sequential
hrc08,hrc08,15164851-0f01-4e8d-ae9a-eeed69529ca3,hrc05,src09@display=sequential
hrc08,hrc05,b1807296-12f5-4e55-b33e-cfe441bc70de,hrc08,src09@display=sequential
hrc05,hrc05,f33c2c13-eae4-419f-9589-dd92b5088180,hrc08,src09@display=sequential
hrc08,hrc05,fdd71d4d-86e1-473c-8d6a-212eac301182,hrc08,src09@display=sequential
hrc08,hrc05,56755160-bea5-4805-81da-59fc5cab28ad,hrc08,src09@display=sequential
hrc08,hrc05,29891a92-472f-4241-97b3-f486548bb310,hrc08,src09@display=sequential
hrc08,hrc05,b23e36d2-c068-4aef-8659-04dc5a8f7fe0,hrc08,src09@display=sequential
hrc09,hrc09,3c6f9f56-45a3-4dd7-a38e-a5e2ecda05d4,hrc18,src08@display=sequential
hrc09,hrc18,88933710-9f5e-424e-903b-81e5d2852fb0,hrc09,src08@display=sequential
hrc09,hrc18,f60a36aa-458a-4e8d-a50a-4a398ad38cb2,hrc09,src08@display=sequential
hrc09,hrc09,04ec428f-6fd5-4052-bc85-65d3a3c8eb1f,hrc18,src08@display=sequential
hrc09,hrc18,0f77e328-c1f5-4b7b-b765-f2b718ad525c,hrc09,src08@display=sequential
hrc09,hrc09,ec42671b-b220-4f4e-b118-4dcc01ef84f3,hrc18,src08@display=sequential
hrc09,hrc18,1519847b-b957-4b45-8e9f-db5d5f72b749,hrc09,src08@display=sequential
hrc09,hrc09,64f09ad6-9f2d-4ed2-9f00-8b7388aca3d2,hrc18,src08@display=sequential
hrc09,hrc09,31de8886-94b3-454e-8ce1-e3116c20e7fb,hrc18,src08@display=sequential
,hrc09,4a2d56ff-0393-4f08-9121-e22c41b4c51f,hrc18,src08@display=sequential
hrc04,hrc04,88933710-9f5e-424e-903b-81e5d2852fb0,hrc12,src06@display=sequential
hrc04,hrc04,382bd03d-ed65-4ddb-a6a5-6fc3acb136bd,hrc12,src06@display=sequential
hrc04,hrc12,36cb46ba-2416-4e33-8134-040d59c29db7,hrc04,src06@display=sequential
hrc04,hrc04,50c67488-59d0-4940-a8b4-861e754c9111,hrc12,src06@display=sequential
hrc04,hrc12,87fef6f6-df52-49c0-89da-106af9527b46,hrc04,src06@display=sequential
hrc04,hrc04,7adc7c75-a19e-4472-a3e8-16b402b25ad1,hrc12,src06@display=sequential
hrc04,hrc04,585d8e35-90b2-450a-be37-2cef44ec5f71,hrc12,src06@display=sequential
hrc04,hrc04,f63f36f1-2249-4b6a-8e08-f48d0d3c923b,hrc12,src06@display=sequential
hrc04,hrc04,03c579d6-6125-4434-b2d8-ff7f379b3427,hrc12,src06@display=sequential
hrc04,hrc12,9baf0479-ee75-4c1d-a964-9c05587af8b1,hrc04,src06@display=sequential
hrc12,hrc05,88933710-9f5e-424e-903b-81e5d2852fb0,hrc12,src03@display=sequential
hrc12,hrc05,a0461a72-81fc-4492-9cad-96ba9f7bacbb,hrc12,src03@display=sequential
hrc12,hrc12,8bc8cdd6-aa66-4cdd-9b76-76c9e52981fa,hrc05,src03@display=sequential
hrc12,hrc12,5edda708-1a28-4132-b481-b6ce1ef44440,hrc05,src03@display=sequential
hrc12,hrc05,638556dd-6e86-4ae3-9c25-0dd2e60709f1,hrc12,src03@display=sequential
hrc12,hrc05,7e5cbaab-672a-41ac-9674-e427d4eb2683,hrc12,src03@display=sequential
hrc12,hrc12,7874da72-8ea1-4e57-abe0-af1f5b35cf3a,hrc05,src03@display=sequential
hrc12,hrc05,73947d9a-9287-4e35-bee3-93d830c0fa0a,hrc12,src03@display=sequential
hrc12,hrc05,705f7799-2d34-4d2e-b583-c65f61f6aa45,hrc12,src03@display=sequential
hrc12,hrc12,c92c9904-292e-420d-8f51-77a57c673a5c,hrc05,src03@display=sequential
hrc04,hrc04,88933710-9f5e-424e-903b-81e5d2852fb0,hrc16,src02@display=sequential
hrc04,hrc16,acf7d6bd-9041-4faf-ad16-b17383982915,hrc04,src02@display=sequential
hrc04,hrc16,66ae368d-fe93-4ff7-aafd-162ed5776cd6,hrc04,src02@display=sequential
hrc04,hrc04,e8e1430a-3a2a-4c67-80e7-310c0cb6a8b9,hrc16,src02@display=sequential
hrc04,hrc04,1ca098a1-dfa3-49ff-acd7-b778c5051265,hrc16,src02@display=sequential
hrc04,hrc16,50f1cc6f-21de-44c4-8056-cfee37a49d31,hrc04,src02@display=sequential
hrc04,hrc04,a16b67db-f08d-44c6-8b9c-e326911ad68f,hrc16,src02@display=sequential
hrc04,hrc16,fda50597-1f41-40cf-b84d-017055879a57,hrc04,src02@display=sequential
hrc04,hrc16,4bc866e0-4050-47ae-828f-de9f50923090,hrc04,src02@display=sequential
hrc04,hrc04,03c579d6-6125-4434-b2d8-ff7f379b3427,hrc16,src02@display=sequential
hrc02,hrc13,88933710-9f5e-424e-903b-81e5d2852fb0,hrc02,src01@display=sequential
hrc02,hrc13,917a52c4-6014-43e2-8f2f-185321b5e7d2,hrc02,src01@display=sequential
hrc02,hrc13,a801ea4e-4aef-4dc3-bcb9-0b668206f360,hrc02,src01@display=sequential
hrc02,hrc02,6d0409d3-a58a-4600-9d50-620749517832,hrc13,src01@display=sequential
hrc02,hrc13,af5e8105-39b8-4b2a-9e17-9b0216a6820c,hrc02,src01@display=sequential
hrc02,hrc02,1e2aafec-b705-4388-8de9-025a35aca97a,hrc13,src01@display=sequential
hrc02,hrc13,f6e9c70a-c31e-4e0c-9454-2796cd957b8f,hrc02,src01@display=sequential
hrc02,hrc02,9bf342e3-6f22-490b-b00b-372d2a7d8199,hrc13,src01@display=sequential
hrc02,hrc13,2542f94b-c9c0-4121-8cd6-562f67503607,hrc02,src01@display=sequential
hrc02,hrc02,9a7623a5-6e59-4ac2-82aa-7d649f48d3f8,hrc13,src01@display=sequential
,hrc18,88933710-9f5e-424e-903b-81e5d2852fb0,hrc10,src05@display=sequential
hrc10,hrc18,b402bb4d-47ad-4132-adb9-73915b9b2d9d,hrc10,src05@display=sequential
hrc18,hrc18,1cd0a690-9a45-4224-b1bf-e4d32d4789b5,hrc10,src05@display=sequential
hrc18,hrc18,a6dad7bb-8836-4103-9511-d77c49ea02c9,hrc10,src05@display=sequential
hrc10,hrc18,b4170a87-8862-45d0-ae39-a2fa7515fc9d,hrc10,src05@display=sequential
hrc10,hrc10,73f3f458-e953-4612-8841-8bb1c14fd5ec,hrc18,src05@display=sequential
hrc18,hrc10,851c951d-f010-47e3-9d59-56d3e0a71185,hrc18,src05@display=sequential
hrc10,hrc10,1f64c3be-6d62-4593-ba38-ec5d4b9eb8e1,hrc18,src05@display=sequential
hrc10,hrc18,0bc2ef68-2eec-431d-a903-4e5fb7901115,hrc10,src05@display=sequential
hrc10,hrc18,8c6347a1-9073-43a1-a02c-299b19f1b2b1,hrc10,src05@display=sequential
hrc17,hrc17,d93ef59b-910a-4885-a1a9-0f5c8a50c1d0,hrc13,src05@display=sequential
hrc17,hrc17,4927f150-d8a4-41da-b42a-b30169d85dd0,hrc13,src05@display=sequential
hrc13,hrc17,bb8b1f5a-3ed7-40f4-8e3b-17cf31d1fd2b,hrc13,src05@display=sequential
hrc13,hrc13,58f5993c-9061-4198-9190-1ba69c8c5bf2,hrc17,src05@display=sequential
hrc13,hrc17,1ca098a1-dfa3-49ff-acd7-b778c5051265,hrc13,src05@display=sequential
hrc13,hrc13,5bb6a91c-222e-469d-9d1f-6f1064a66a0a,hrc17,src05@display=sequential
hrc17,hrc13,89011f22-37a1-4f64-b709-dcf63ad6d18b,hrc17,src05@display=sequential
,hrc17,f63f36f1-2249-4b6a-8e08-f48d0d3c923b,hrc13,src05@display=sequential
hrc13,hrc17,88ad40fc-1622-47b5-9086-b7b7f2c69c4e,hrc13,src05@display=sequential
hrc17,hrc17,53740b0e-a70b-4465-b745-472a3a1afd99,hrc13,src05@display=sequential
original,hrc05,d93ef59b-910a-4885-a1a9-0f5c8a50c1d0,original,src07@display=sequential
hrc05,hrc05,d8fe4329-c33c-4514-855a-4c687ff9f01f,original,src07@display=sequential
original,original,12b434bf-907d-4561-8fc9-35ceaabb08ec,hrc05,src07@display=sequential
original,original,3744ff82-c0b1-4437-ac1a-c854a86ac26a,hrc05,src07@display=sequential
original,hrc05,84592273-be4b-4c0c-9569-ce4a9d8c0128,original,src07@display=sequential
original,hrc05,5538c60a-3f6f-425a-90d3-4f15c31f6e3f,original,src07@display=sequential
original,original,722bc5b0-1968-480d-b0b6-f15b25ae5ec6,hrc05,src07@display=sequential
original,hrc05,80242604-78cd-4315-af9e-7594eeb7970c,original,src07@display=sequential
original,hrc05,66bbfe16-e8a0-4b41-bbb9-8d4184c0f119,original,src07@display=sequential
original,hrc05,b3674941-21f6-49d0-a645-e7b0723e17a2,original,src07@display=sequential
hrc20,hrc18,d93ef59b-910a-4885-a1a9-0f5c8a50c1d0,hrc20,src03@display=sequential
hrc20,hrc18,d100eafa-1760-436d-bd9f-a9724e3f1ee6,hrc20,src03@display=sequential
hrc20,hrc20,b3ab6afb-5443-4339-b704-960084f98591,hrc18,src03@display=sequential
hrc20,hrc18,2d0c771e-dcc5-4ab1-96dd-5be09e162328,hrc20,src03@display=sequential
hrc20,hrc18,15823cce-8dd0-4043-a063-eb157f7a8b5f,hrc20,src03@display=sequential
hrc20,hrc18,6bfdc018-e316-4308-9e36-75b96fbf87db,hrc20,src03@display=sequential
hrc20,hrc20,58c5db58-31c9-498a-84c7-f2656253c676,hrc18,src03@display=sequential
hrc20,hrc20,9a03424d-ff0b-41dc-8c67-620dd10a5d75,hrc18,src03@display=sequential
,hrc18,0fc10e59-0cf3-4b60-acf5-c2e37e215cad,hrc20,src03@display=sequential
hrc20,hrc20,8ae60f0f-bc2f-4e37-9772-cbd58a5734ca,hrc18,src03@display=sequential
hrc12,hrc12,d93ef59b-910a-4885-a1a9-0f5c8a50c1d0,hrc17,src02@display=sequential
hrc12,hrc17,aa3bfe25-9f30-43c7-9980-293bb0244bb7,hrc12,src02@display=sequential
hrc12,hrc12,a54376d0-ee13-4dc1-9b59-87e155c62795,hrc17,src02@display=sequential
hrc12,hrc12,b7e97777-2add-42f9-95bf-19529261ff45,hrc17,src02@display=sequential
hrc12,hrc12,20a56b23-a069-49e5-b34d-d80c1af588d5,hrc17,src02@display=sequential
hrc12,hrc12,cce62b97-6ffc-4119-89f5-102422ff2691,hrc17,src02@display=sequential
hrc12,hrc12,c8f19654-d24f-46d4-9aa5-99d95c9ceab5,hrc17,src02@display=sequential
hrc12,hrc17,00fb48d3-939f-4d8f-a974-6c0799e28570,hrc12,src02@display=sequential
hrc12,hrc17,06334826-d0bc-4981-ba31-12d33cc57c66,hrc12,src02@display=sequential
hrc12,hrc17,6422b30c-4004-46d9-99b3-57b3d473d60d,hrc12,src02@display=sequential
hrc20,hrc20,d93ef59b-910a-4885-a1a9-0f5c8a50c1d0,hrc16,src09@display=sequential
hrc20,hrc20,a54f674c-0f58-452d-9942-8e3cfd73ef19,hrc16,src09@display=sequential
hrc20,hrc16,c01f1046-c717-4ff9-8dad-7421859fc613,hrc20,src09@display=sequential
hrc20,hrc20,8e1eae9a-55e4-4cff-a611-e4ba38d017bb,hrc16,src09@display=sequential
hrc20,hrc16,f12b829d-b55b-4c7c-830a-48c568c8601d,hrc20,src09@display=sequential
hrc20,hrc16,41f2b15c-dbe4-473b-af00-28c8751e329e,hrc20,src09@display=sequential
hrc20,hrc20,38f44379-14d3-428f-9b62-0912929e8b78,hrc16,src09@display=sequential
hrc20,hrc16,a9df2d8e-b4c7-406b-9550-b482d25879cf,hrc20,src09@display=sequential
hrc20,hrc20,8ab4a29f-8839-4f93-a204-7142e13cfeed,hrc16,src09@display=sequential
hrc20,hrc16,c88af769-d298-4298-800c-ad11fb29c899,hrc20,src09@display=sequential
hrc20,hrc20,d93ef59b-910a-4885-a1a9-0f5c8a50c1d0,hrc08,src08@display=sequential
hrc20,hrc20,382ad6ec-0b8e-44d5-9c4b-5833a1d00b0f,hrc08,src08@display=sequential
hrc20,hrc08,28eb4aad-a4f2-49d8-a300-91829b85297f,hrc20,src08@display=sequential
hrc20,hrc08,6138f355-0d67-4ba4-b05d-14e0b0d74414,hrc20,src08@display=sequential
hrc20,hrc20,ead7b5fc-d725-4729-9c61-81707a1d6090,hrc08,src08@display=sequential
,hrc08,b33b3126-3379-45c3-aee4-013638446db5,hrc20,src08@display=sequential
hrc08,hrc20,61d2eaea-5d9d-432f-9d2b-228e869edc47,hrc08,src08@display=sequential
hrc20,hrc20,febbbfd7-f167-40e7-82f3-57fd12d35fdc,hrc08,src08@display=sequential
hrc20,hrc20,d4e8046f-6b35-4b66-8555-8cf0cd6352af,hrc08,src08@display=sequential
hrc20,hrc20,d0af8c35-bbb4-4ea1-a7bc-327a4b1da556,hrc08,src08@display=sequential
hrc19,hrc19,750c3a12-5578-4045-9330-d2c16abadd6d,hrc16,src06@display=sequential
hrc19,hrc19,9a628bc0-babc-4781-a306-fb94b8f002ae,hrc16,src06@display=sequential
hrc19,hrc19,ff2c80e4-1759-42a7-a6bc-0b3eac9f9ed3,hrc16,src06@display=sequential
hrc19,hrc19,ab8731a7-c17c-49d1-881c-ab56930ea3e4,hrc16,src06@display=sequential
hrc19,hrc19,01904d44-e0cb-4817-a8d8-d2f99d1f7947,hrc16,src06@display=sequential
hrc19,hrc16,2a00693b-e684-4794-ac24-aa15b045d8eb,hrc19,src06@display=sequential
hrc16,hrc19,f9933ce8-818d-4818-9d22-5b3ce5d20f11,hrc16,src06@display=sequential
hrc19,hrc16,fc432dc9-f132-47ef-88ba-dfa8091b09a7,hrc19,src06@display=sequential
hrc19,hrc19,6e129bbe-9076-4e00-af2d-e7504a9dc166,hrc16,src06@display=sequential
hrc19,hrc16,927b9b1e-da20-4644-b8d6-f85a22be59d7,hrc19,src06@display=sequential
hrc20,hrc10,f264924b-f4f0-43e6-8f91-b52f1d661da2,hrc20,src01@display=sequential
hrc20,hrc10,e55ca671-1a64-4590-953d-9e284e88d509,hrc20,src01@display=sequential
hrc20,hrc10,813fdbc9-4237-4f9f-a666-17738dfcf944,hrc20,src01@display=sequential
hrc20,hrc20,60458390-32fa-4441-b820-90787c5343f6,hrc10,src01@display=sequential
hrc20,hrc10,750c3a12-5578-4045-9330-d2c16abadd6d,hrc20,src01@display=sequential
hrc20,hrc20,3d70e856-3ab7-4076-ad82-0936b0fdf3c7,hrc10,src01@display=sequential
hrc20,hrc20,382bd03d-ed65-4ddb-a6a5-6fc3acb136bd,hrc10,src01@display=sequential
hrc20,hrc20,8faf10ee-8a92-42c5-8fbf-d7d96cf705cc,hrc10,src01@display=sequential
hrc20,hrc10,dd499e6e-bc1b-4090-a03c-6f903502c697,hrc20,src01@display=sequential
hrc20,hrc20,c5b0d22e-1cc5-4408-b4f7-e79652a808ee,hrc10,src01@display=sequential
original,hrc20,750c3a12-5578-4045-9330-d2c16abadd6d,original,src09@display=sequential
original,hrc20,2e65f225-cf41-430f-ae14-779a3b02a411,original,src09@display=sequential
original,original,4bf6e92c-767f-4fd1-9cca-e64e41624327,hrc20,src09@display=sequential
original,original,459e6ec8-9143-4fda-89ff-32c90a82f712,hrc20,src09@display=sequential
original,hrc20,dce23d6c-d138-4d23-95e5-005aef8ba310,original,src09@display=sequential
hrc20,hrc20,d391dd7e-e8e9-4965-b30b-fd2732feb0bc,original,src09@display=sequential
original,original,c0edb15c-ab68-46ab-8a8a-1fa175f7c810,hrc20,src09@display=sequential
original,original,6b7cf11a-44c3-48d0-87a8-cdc05b3801e6,hrc20,src09@display=sequential
original,original,513c4fa3-6b47-439f-8b41-c8bc61b20ba8,hrc20,src09@display=sequential
original,hrc20,2d88bf11-2afb-4e46-aea9-b4aa2d240f8c,original,src09@display=sequential
hrc17,hrc17,750c3a12-5578-4045-9330-d2c16abadd6d,hrc05,src08@display=sequential
hrc05,hrc05,a78d1d20-2f7b-4947-a14e-71f3b16b23ea,hrc17,src08@display=sequential
hrc05,hrc05,b066ef4f-1fb5-4a6d-b1d7-5a4e654c3efa,hrc17,src08@display=sequential
hrc05,hrc17,a737d54b-45b8-4cef-88b9-20f3eff16aac,hrc05,src08@display=sequential
hrc05,hrc05,15164851-0f01-4e8d-ae9a-eeed69529ca3,hrc17,src08@display=sequential
hrc05,hrc17,1d5750bc-8caa-403b-b8cb-7843720e4e19,hrc05,src08@display=sequential
hrc05,hrc17,ad4a8214-8f58-4022-b373-a21582fdc842,hrc05,src08@display=sequential
hrc17,hrc05,4eb1d1af-ab6a-441d-99c3-0baadc8799ac,hrc17,src08@display=sequential
hrc05,hrc05,3613e7d6-5bdf-4926-bba2-7859e0b1f77b,hrc17,src08@display=sequential
hrc17,hrc05,f56c1990-5b48-4e2a-8ed9-84e0a4db16d1,hrc17,src08@display=sequential
original,hrc04,750c3a12-5578-4045-9330-d2c16abadd6d,original,src07@display=sequential
,hrc04,133d32f7-73d9-4005-b533-e890f9fae74f,original,src07@display=sequential
hrc04,original,e96e0e40-8578-4490-afc3-dfb4e1b48a48,hrc04,src07@display=sequential
original,hrc04,c15c4cb8-d927-4f2a-adf4-af121b87b70b,original,src07@display=sequential
hrc04,hrc04,4d913085-d3c6-4c34-9d18-eef3239c47cf,original,src07@display=sequential
original,original,fc66ffa3-14fc-4401-a95b-eedb200be7d9,hrc04,src07@display=sequential
original,original,b33b3126-3379-45c3-aee4-013638446db5,hrc04,src07@display=sequential
original,hrc04,1cf51187-29ee-4e29-80b2-ad2a3f850fe2,original,src07@display=sequential
,original,55682f9e-b267-4d99-8302-c1aa8186aa39,hrc04,src07@display=sequential
,hrc04,b93642b3-a858-453c-b8e3-9cd43fc58f9e,original,src07@display=sequential
hrc08,hrc13,750c3a12-5578-4045-9330-d2c16abadd6d,hrc08,src02@display=sequential
,hrc13,60acbb26-ef95-4f72-a364-3ca612973a92,hrc08,src02@display=sequential
hrc08,hrc08,6733509c-e7bb-4800-a850-f076ea6206c3,hrc13,src02@display=sequential
hrc08,hrc13,841689ee-6ac0-48ef-b84e-b3638f5477a9,hrc08,src02@display=sequential
hrc08,hrc13,90c69d83-f3c8-4671-a98e-f65b76cbcde7,hrc08,src02@display=sequential
hrc08,hrc08,bf5f4b87-d05a-440d-9431-6620c1795e60,hrc13,src02@display=sequential
hrc13,hrc13,ae4c00ce-4550-481b-a407-ae258ddbd276,hrc08,src02@display=sequential
,hrc13,48f844e9-7586-4d74-aa4f-ea6cc7b0f7e5,hrc08,src02@display=sequential
hrc08,hrc13,481d8908-0d05-4b2c-804a-4fe6f0926148,hrc08,src02@display=sequential
hrc13,hrc13,82043c11-c04e-412b-8b30-62518aaf55b5,hrc08,src02@display=sequential
hrc19,hrc09,750c3a12-5578-4045-9330-d2c16abadd6d,hrc19,src03@display=sequential
hrc09,hrc19,3be288f6-8041-4043-b452-46e8a67d7014,hrc09,src03@display=sequential
hrc09,hrc09,8e45ec30-d8f0-4b0f-9d1a-95543dd2734f,hrc19,src03@display=sequential
,hrc09,6860cb23-2a8c-4ee4-b4d9-dea0712b15fb,hrc19,src03@display=sequential
hrc09,hrc19,d9de9b07-c463-4078-b164-68c2f997bfce,hrc09,src03@display=sequential
hrc09,hrc09,28f3ffe7-8eb8-4a16-9663-0a71ff4feb38,hrc19,src03@display=sequential
hrc09,hrc19,cb413348-33d5-4aa8-b00b-1200485f9b83,hrc09,src03@display=sequential
hrc09,hrc09,12247555-aca9-429f-a207-b97cd9e2cbec,hrc19,src03@display=sequential
hrc09,hrc19,d4e8046f-6b35-4b66-8555-8cf0cd6352af,hrc09,src03@display=sequential
hrc09,hrc19,8d8628ca-83a4-40d2-b94c-08e90b8944e4,hrc09,src03@display=sequential
original,hrc17,813fdbc9-4237-4f9f-a666-17738dfcf944,original,src07@display=sequential
original,hrc17,e766aa53-de02-48ea-bb5a-0cb94101754a,original,src07@display=sequential
original,hrc17,a7069379-2fcf-4c99-a623-fd20d3960ebe,original,src07@display=sequential
original,original,3f1c16f9-0d28-48e7-a3c4-0941df878231,hrc17,src07@display=sequential
original,hrc17,0cd7633d-6ff0-4fc9-93c8-d9b7e1e8ff24,original,src07@display=sequential
original,original,f626ab92-efaa-4e82-af30-018d04dd08c1,hrc17,src07@display=sequential
original,original,7da8dfa4-005e-42d2-ab14-f8fe93f5ae5a,hrc17,src07@display=sequential
original,hrc17,1aa9e663-67d3-4003-a25b-de0487e89331,original,src07@display=sequential
original,hrc17,7a99092a-1aef-4c46-ad48-570d36f8f632,original,src07@display=sequential
original,original,9867dfa9-15e4-49b2-9516-13dcde4ab58d,hrc17,src07@display=sequential
hrc09,hrc09,813fdbc9-4237-4f9f-a666-17738dfcf944,hrc16,src04@display=sequential
hrc09,hrc09,b402bb4d-47ad-4132-adb9-73915b9b2d9d,hrc16,src04@display=sequential
hrc09,hrc09,bc63bd48-5827-4995-891b-7fbc691fa6d1,hrc16,src04@display=sequential
hrc09,hrc09,430b85a3-c4ae-4d20-a43c-71d6080b9eb1,hrc16,src04@display=sequential
hrc09,hrc09,13e19637-8aec-4d17-8256-c1a0879440e8,hrc16,src04@display=sequential
hrc09,hrc16,b9c3fca0-b2c9-405e-bd99-3fdff578567b,hrc09,src04@display=sequential
hrc09,hrc09,80d588f3-fa01-4c67-b619-ce44c84e9fcf,hrc16,src04@display=sequential
hrc09,hrc16,7f99fd97-cecd-4573-bd45-b573347d0edd,hrc09,src04@display=sequential
hrc09,hrc16,38d87ed8-3766-4fd4-bf18-746702872360,hrc09,src04@display=sequential
hrc09,hrc09,3337d50f-3ff4-4b00-9c35-a238978ffa06,hrc16,src04@display=sequential
hrc21,hrc21,813fdbc9-4237-4f9f-a666-17738dfcf944,hrc18,src06@display=sequential
hrc21,hrc21,09fcdbbf-de96-4dac-b347-e69c88a3876a,hrc18,src06@display=sequential
hrc21,hrc21,78303b02-0ba1-4849-8789-c6c7c276bb31,hrc18,src06@display=sequential
hrc21,hrc18,09224b6b-5b76-4dc9-9945-1e90c3cf11e3,hrc21,src06@display=sequential
hrc21,hrc18,54b6bc20-e9f0-430e-b687-f9a3bb4d716b,hrc21,src06@display=sequential
hrc21,hrc21,78f11d30-8cfb-4880-8a9d-194b1120ef55,hrc18,src06@display=sequential
hrc21,hrc21,34a04ead-7804-4e55-b549-9b91d884c0ad,hrc18,src06@display=sequential
hrc21,hrc18,d5fa3015-e940-4b6b-9b66-69277af334a1,hrc21,src06@display=sequential
hrc21,hrc18,6af851bd-70ae-4da3-8596-c12f262bb8a3,hrc21,src06@display=sequential
hrc21,hrc21,34be0c29-9f70-4340-abc2-ef86a719199c,hrc18,src06@display=sequential
hrc08,hrc08,813fdbc9-4237-4f9f-a666-17738dfcf944,hrc17,src05@display=sequential
hrc17,hrc17,4e7f36e0-2d5f-468a-920c-11bc1cdf8ff4,hrc08,src05@display=sequential
hrc08,hrc08,382bd03d-ed65-4ddb-a6a5-6fc3acb136bd,hrc17,src05@display=sequential
hrc17,hrc17,cdf2dad0-af39-485b-894c-b2ff5d19e348,hrc08,src05@display=sequential
hrc08,hrc08,57a1b4cc-208e-4275-9615-daea05998979,hrc17,src05@display=sequential
hrc08,hrc17,30d52e8d-b0e1-45e5-9af0-fad21c9f6ec0,hrc08,src05@display=sequential
hrc08,hrc17,5a1b603e-2a3d-41bf-8b6e-10e9c9e994bf,hrc08,src05@display=sequential
hrc08,hrc17,6bd47135-ac01-4b14-8a59-fd0f773c048b,hrc08,src05@display=sequential
hrc08,hrc08,739e1d34-ccab-4d66-b5cb-3271ed097ccd,hrc17,src05@display=sequential
hrc08,hrc08,33ef8805-0783-43e5-b363-3facd89393f8,hrc17,src05@display=sequential
,original,813fdbc9-4237-4f9f-a666-17738dfcf944,hrc20,src02@display=sequential
original,hrc20,6afbcd4e-754d-4cb0-b039-3ad6afbf633b,original,src02@display=sequential
,hrc20,741a8131-74dd-48ea-8966-115510bba4e5,original,src02@display=sequential
original,original,e44dbcab-120c-411c-b746-5ce312213b75,hrc20,src02@display=sequential
,hrc20,5eb3a7bb-533a-4dbd-82c4-cd0fae2b33b0,original,src02@display=sequential
original,hrc20,a1e1659d-48d5-4ed4-a44f-c3f29c092682,original,src02@display=sequential
original,original,16145d50-23f3-421b-8b7c-1f8e6a45b00e,hrc20,src02@display=sequential
original,hrc20,7874da72-8ea1-4e57-abe0-af1f5b35cf3a,original,src02@display=sequential
,hrc20,f34eebbe-cadc-470b-ad67-fba97042993a,original,src02@display=sequential
original,original,d360835c-e531-45d7-880a-45390ee03e29,hrc20,src02@display=sequential
,hrc09,813fdbc9-4237-4f9f-a666-17738dfcf944,hrc20,src03@display=sequential
hrc09,hrc20,57357bed-fa07-439c-9372-137abde6515b,hrc09,src03@display=sequential
hrc09,hrc20,28eb4aad-a4f2-49d8-a300-91829b85297f,hrc09,src03@display=sequential
hrc09,hrc20,b29696b7-a249-4355-9bb6-63188e35d7c2,hrc09,src03@display=sequential
hrc09,hrc09,20110c53-5600-4f67-a39a-6d0375743519,hrc20,src03@display=sequential
hrc09,hrc20,c0f8aa5b-3cf4-493d-b074-c742adeec0bb,hrc09,src03@display=sequential
hrc09,hrc20,68784bad-1b93-450c-a86b-529f01a28a30,hrc09,src03@display=sequential
hrc09,hrc09,da8f040c-b701-44b5-ac7a-47f459e0f56a,hrc20,src03@display=sequential
,hrc20,f7a57a0e-fc33-4611-9435-fd7e359f7394,hrc09,src03@display=sequential
hrc09,hrc09,d826d53b-0856-4aea-a51b-432806abb1e1,hrc20,src03@display=sequential
,hrc08,813fdbc9-4237-4f9f-a666-17738dfcf944,hrc04,src09@display=sequential
,hrc04,bb8b1f5a-3ed7-40f4-8e3b-17cf31d1fd2b,hrc08,src09@display=sequential
hrc04,hrc04,74d70012-3006-4be8-92f9-a6511f1400f5,hrc08,src09@display=sequential
hrc04,hrc08,a83953f0-5996-451a-9eaa-44ee8adcc8e8,hrc04,src09@display=sequential
hrc04,hrc08,ead7b5fc-d725-4729-9c61-81707a1d6090,hrc04,src09@display=sequential
hrc04,hrc04,d7b2a508-f469-4b1b-bfd6-e44749545450,hrc08,src09@display=sequential
hrc08,hrc08,c0194955-c42e-4a2f-a1ab-b48fdb4fe5e8,hrc04,src09@display=sequential
hrc08,hrc08,6a4a2c2c-2e8e-47c8-bf35-4d48dc10350a,hrc04,src09@display=sequential
hrc08,hrc08,a410f9ea-0698-429b-a5d2-9f44282f6d4b,hrc04,src09@display=sequential
hrc04,hrc04,f60a36aa-458a-4e8d-a50a-4a398ad38cb2,hrc08,src09@display=sequential
,hrc09,8d049de6-f9d6-4813-a9ff-3ed3a39fb484,hrc21,src07@display=sequential
hrc09,hrc09,b7122e85-e78f-4b6f-a0cb-c759ffed197c,hrc21,src07@display=sequential
hrc09,hrc21,f0c077b8-5233-41ba-9089-7e1b10f40640,hrc09,src07@display=sequential
hrc21,hrc21,676769ee-ffa7-4de5-81aa-002ebbd70d74,hrc09,src07@display=sequential
,hrc09,9a03424d-ff0b-41dc-8c67-620dd10a5d75,hrc21,src07@display=sequential
,hrc21,8d17603d-66f1-4773-afa0-a9d1c2441752,hrc09,src07@display=sequential
hrc21,hrc09,73947d9a-9287-4e35-bee3-93d830c0fa0a,hrc21,src07@display=sequential
hrc21,hrc09,2c7b0073-dae3-4a21-a8ab-64e06361be0d,hrc21,src07@display=sequential
hrc09,hrc09,83233e30-b3ad-4498-8eff-e51044d70333,hrc21,src07@display=sequential
,hrc21,8c16ccef-13f6-4933-9c0b-095fc895e7ab,hrc09,src07@display=sequential
hrc19,hrc19,8d049de6-f9d6-4813-a9ff-3ed3a39fb484,hrc09,src01@display=sequential
,hrc09,f4ff5c1b-9241-474d-80db-0ff5fd2f6bdf,hrc19,src01@display=sequential
hrc19,hrc19,7763f75d-5547-4454-ad57-f9fc777a23d9,hrc09,src01@display=sequential
hrc19,hrc09,b29696b7-a249-4355-9bb6-63188e35d7c2,hrc19,src01@display=sequential
,hrc19,90c69d83-f3c8-4671-a98e-f65b76cbcde7,hrc09,src01@display=sequential
hrc19,hrc19,aab7fd60-4d29-441c-88ff-67d6aabea655,hrc09,src01@display=sequential
hrc19,hrc19,5f6a3446-9ea6-439f-b7a6-b6e3899ada03,hrc09,src01@display=sequential
hrc19,hrc19,2ae6675c-c739-44f0-860a-11311acb04f1,hrc09,src01@display=sequential
hrc19,hrc09,24b6b941-c8a6-46ae-8975-47c98ad64ab2,hrc19,src01@display=sequential
hrc09,hrc09,53127e19-5162-4bab-bb56-69665405a598,hrc19,src01@display=sequential
hrc12,hrc13,8d049de6-f9d6-4813-a9ff-3ed3a39fb484,hrc12,src09@display=sequential
hrc12,hrc13,720fae40-2e83-4d33-9334-c274db0a60a2,hrc12,src09@display=sequential
hrc12,hrc13,558436ff-83db-46b3-951b-08ea96ddeceb,hrc12,src09@display=sequential
hrc12,hrc13,965970ee-4f8f-4907-ae84-3318c16a5f29,hrc12,src09@display=sequential
hrc12,hrc13,d0c55c7c-e53c-42e0-8941-c77ee46fda9a,hrc12,src09@display=sequential
hrc12,hrc12,37a3a09a-748e-4cea-8c39-9b3b93a32ee8,hrc13,src09@display=sequential
hrc12,hrc13,22b9b2b6-adf7-4210-973c-0023762b22b7,hrc12,src09@display=sequential
hrc12,hrc12,9bd8abfb-6a27-45ba-b7dc-35c6940c49a6,hrc13,src09@display=sequential
hrc12,hrc12,1cf51187-29ee-4e29-80b2-ad2a3f850fe2,hrc13,src09@display=sequential
hrc12,hrc13,6a98c9e8-2ad1-4e94-9b64-768f79f5a556,hrc12,src09@display=sequential
hrc21,hrc21,b9478e46-608d-4b40-85f2-6d5ebe427241,hrc10,src08@display=sequential
hrc21,hrc21,67ca9cde-86c8-4ddb-890a-128b94e38020,hrc10,src08@display=sequential
hrc21,hrc21,9f68eedf-f31c-451d-a986-2a8f55f28aa4,hrc10,src08@display=sequential
hrc21,hrc21,119c71bb-332f-49d7-80be-8c10ac85f39a,hrc10,src08@display=sequential
hrc21,hrc10,8d049de6-f9d6-4813-a9ff-3ed3a39fb484,hrc21,src08@display=sequential
hrc21,hrc21,3b1b4424-3cd1-4584-bbb5-5e27d1680658,hrc10,src08@display=sequential
hrc21,hrc10,32984cad-d2a2-4070-9903-e1bb08e62b3e,hrc21,src08@display=sequential
,hrc21,819d099f-3867-4dc9-9654-7215ae56bc6b,hrc10,src08@display=sequential
hrc21,hrc21,74baf96c-84eb-4b58-8ed9-1bbe2c73d85a,hrc10,src08@display=sequential
hrc21,hrc10,42fb1927-baf0-4108-b7ea-960028526098,hrc21,src08@display=sequential
original,original,8d049de6-f9d6-4813-a9ff-3ed3a39fb484,hrc20,src04@display=sequential
hrc20,hrc20,133d32f7-73d9-4005-b533-e890f9fae74f,original,src04@display=sequential
,hrc20,7eec4eb4-02fe-46aa-b975-28d23474037f,original,src04@display=sequential
original,hrc20,781e5bd3-5a30-4643-8e93-d43670ab3790,original,src04@display=sequential
hrc20,hrc20,7ba3a129-ae12-46de-8820-d5b53c634220,original,src04@display=sequential
,hrc20,de72b01b-833a-4081-8d29-5f625c2d03fb,original,src04@display=sequential
original,hrc20,e2e1d4a7-9934-44f8-a146-212e0c669ec9,original,src04@display=sequential
,hrc20,c88af769-d298-4298-800c-ad11fb29c899,original,src04@display=sequential
,original,04efd0f2-8204-47a7-9bcf-ec4deb076c8f,hrc20,src04@display=sequential
hrc20,hrc20,54610d4e-5622-4fe4-9db3-a3db3d3e936f,original,src04@display=sequential
hrc12,hrc09,2b860b17-e033-4f3e-9e8b-b9581a30f146,hrc12,src06@display=sequential
hrc12,hrc09,6135ed7f-5dda-4d85-87d3-be5893060467,hrc12,src06@display=sequential
hrc12,hrc09,38905ec1-bf21-4862-bd29-398e8eeb2295,hrc12,src06@display=sequential
hrc12,hrc12,5483fa79-a1d3-437e-9925-e36c78b80e67,hrc09,src06@display=sequential
hrc12,hrc12,06327616-afdd-4927-bbaf-73de01dfa383,hrc09,src06@display=sequential
hrc12,hrc09,085d2fd6-2fec-4af4-a870-d2963b430267,hrc12,src06@display=sequential
hrc12,hrc09,f2b9faac-c743-4136-9ed0-28508f2a2b42,hrc12,src06@display=sequential
hrc12,hrc09,3167e740-abcd-47b6-b957-0711ed640b48,hrc12,src06@display=sequential
hrc12,hrc12,8c6347a1-9073-43a1-a02c-299b19f1b2b1,hrc09,src06@display=sequential
hrc12,hrc12,53ddf5cc-1602-4d03-9883-5332482a5feb,hrc09,src06@display=sequential
hrc09,hrc13,2b860b17-e033-4f3e-9e8b-b9581a30f146,hrc09,src01@display=sequential
hrc09,hrc13,70bd37da-a9f2-495e-86bf-87cc6eae4b9f,hrc09,src01@display=sequential
hrc09,hrc09,6ff38ecc-04ae-437a-84b7-76bb1e074190,hrc13,src01@display=sequential
hrc09,hrc09,c8323faf-2696-4adb-8e2c-59d12c8a518f,hrc13,src01@display=sequential
hrc13,hrc13,81da3e49-dd49-4dc1-b619-476371ae6e37,hrc09,src01@display=sequential
hrc09,hrc13,f12b829d-b55b-4c7c-830a-48c568c8601d,hrc09,src01@display=sequential
hrc09,hrc13,085ea3db-2334-44ab-8798-14e7badbe0c6,hrc09,src01@display=sequential
hrc09,hrc09,f081f320-f89e-4b1d-8b57-482c199bf00f,hrc13,src01@display=sequential
hrc09,hrc13,0fc10e59-0cf3-4b60-acf5-c2e37e215cad,hrc09,src01@display=sequential
hrc09,hrc13,004eff23-2c97-4fd4-8603-adcac081627e,hrc09,src01@display=sequential
,hrc07,2b860b17-e033-4f3e-9e8b-b9581a30f146,hrc21,src07@display=sequential
hrc21,hrc21,42144d90-79d5-4dd8-9d01-b29df2cc9f4a,hrc07,src07@display=sequential
hrc07,hrc07,047278b9-b1d1-4203-80b2-6735cc761abe,hrc21,src07@display=sequential
,hrc21,50f51bac-dcf9-417a-af31-515670431985,hrc07,src07@display=sequential
,hrc07,9b102348-ca8a-4c5b-8d7d-a1878bcb82d3,hrc21,src07@display=sequential
,hrc07,7ae38b5c-cd98-477d-a069-e103eed457c3,hrc21,src07@display=sequential
,hrc21,56755160-bea5-4805-81da-59fc5cab28ad,hrc07,src07@display=sequential
,hrc07,64c2f134-2df0-40e2-854a-c2cafa0df023,hrc21,src07@display=sequential
hrc21,hrc21,f878add3-52f7-4664-b4db-debcd7fa6905,hrc07,src07@display=sequential
hrc21,hrc07,b23e36d2-c068-4aef-8659-04dc5a8f7fe0,hrc21,src07@display=sequential
hrc02,hrc02,2b860b17-e033-4f3e-9e8b-b9581a30f146,hrc13,src04@display=sequential
hrc02,hrc13,a59ec670-7ba7-4f2a-9b13-85d278c73590,hrc02,src04@display=sequential
hrc02,hrc02,11f7b84a-0978-427c-8d2a-ec8d877db0cf,hrc13,src04@display=sequential
hrc02,hrc13,af9ff558-041e-4cd0-ba22-7930f53eaf9b,hrc02,src04@display=sequential
hrc02,hrc13,45c610dd-b351-487a-9dd4-b1d71de31f2c,hrc02,src04@display=sequential
hrc02,hrc02,84531b99-869c-4f3e-ae80-dac3f956997a,hrc13,src04@display=sequential
hrc02,hrc02,b591d7b2-ac40-4444-b6c7-d86eb5d52ea7,hrc13,src04@display=sequential
hrc02,hrc02,31ca5cac-d2b2-4d89-b282-f15c708df086,hrc13,src04@display=sequential
hrc02,hrc13,8ca2525f-c1cd-4738-8317-eea204eddd29,hrc02,src04@display=sequential
hrc02,hrc13,6c67538e-6b84-46b3-bd4c-8c3389fbab32,hrc02,src04@display=sequential
hrc20,hrc20,2b860b17-e033-4f3e-9e8b-b9581a30f146,hrc13,src09@display=sequential
hrc20,hrc13,f936dac4-e73d-41d4-b1e6-f9c3189f9fd1,hrc20,src09@display=sequential
hrc20,hrc20,462db8d0-a7b4-42e4-bf77-31dfdd0323a0,hrc13,src09@display=sequential
hrc20,hrc13,60458390-32fa-4441-b820-90787c5343f6,hrc20,src09@display=sequential
hrc20,hrc20,c19a5422-36d3-49b8-b471-41caff52a8dc,hrc13,src09@display=sequential
hrc20,hrc13,b0d86c37-1389-480f-862e-828f0e6376a5,hrc20,src09@display=sequential
hrc20,hrc20,2a7ae114-b740-4a89-8ed5-1a599b046d0a,hrc13,src09@display=sequential
hrc20,hrc20,82a2a32f-6ef7-40ab-a7a3-0abcb70eed2a,hrc13,src09@display=sequential
hrc20,hrc20,e7297da4-8b5e-4b1f-9e73-3e1484bc53f0,hrc13,src09@display=sequential
hrc20,hrc20,0111d895-f938-4921-8210-3201f559f616,hrc13,src09@display=sequential
hrc05,hrc13,2b860b17-e033-4f3e-9e8b-b9581a30f146,hrc05,src03@display=sequential
hrc13,hrc13,5e5029d9-2e66-43be-bda9-799b3de0d1ee,hrc05,src03@display=sequential
hrc13,hrc13,ecf73c1d-2209-4416-b005-26b678216634,hrc05,src03@display=sequential
hrc05,hrc05,e1605e65-ef4d-48eb-92d4-c83f6c733031,hrc13,src03@display=sequential
,hrc05,37a3a09a-748e-4cea-8c39-9b3b93a32ee8,hrc13,src03@display=sequential
hrc05,hrc05,70d291f3-ba18-41ee-b459-63c9e8e05b5e,hrc13,src03@display=sequential
,hrc13,02dbd363-be57-492d-9e52-1e5212588363,hrc05,src03@display=sequential
,hrc13,ba616751-5099-4c06-988f-2c268e4073c2,hrc05,src03@display=sequential
hrc13,hrc13,dd499e6e-bc1b-4090-a03c-6f903502c697,hrc05,src03@display=sequential
,hrc13,3346d8dd-79a1-4cc2-96f1-d21cc148070a,hrc05,src03@display=sequential
hrc07,hrc18,2b860b17-e033-4f3e-9e8b-b9581a30f146,hrc07,src02@display=sequential
hrc07,hrc18,23314143-2b04-4e79-8a25-a9a2efd14f19,hrc07,src02@display=sequential
hrc07,hrc18,f95ca5ed-5806-41a7-883d-75390a3ca469,hrc07,src02@display=sequential
hrc07,hrc18,c0e69549-b15d-40ee-820b-e480007bc208,hrc07,src02@display=sequential
hrc07,hrc07,965970ee-4f8f-4907-ae84-3318c16a5f29,hrc18,src02@display=sequential
hrc07,hrc07,b6306029-365c-41e2-9319-61c0c405c6f4,hrc18,src02@display=sequential
hrc07,hrc07,db06cd08-012c-4984-9355-38a0ac42eeb1,hrc18,src02@display=sequential
hrc07,hrc07,50492a39-a060-497d-8a49-c6ad52d40574,hrc18,src02@display=sequential
hrc07,hrc18,34a04ead-7804-4e55-b549-9b91d884c0ad,hrc07,src02@display=sequential
hrc07,hrc07,7ff3ca3e-cf96-4966-a02a-b9eab26a658b,hrc18,src02@display=sequential
hrc04,hrc09,0febb639-cbaf-4607-83ee-763ea7fdd47c,hrc04,src01@display=sequential
hrc04,hrc04,42fb1927-baf0-4108-b7ea-960028526098,hrc09,src01@display=sequential
hrc04,hrc09,388ed430-804e-41cf-99d5-f38198e8fcd1,hrc04,src01@display=sequential
hrc04,hrc04,53f17f2b-6a32-4ac6-b226-91275dd8b985,hrc09,src01@display=sequential
hrc04,hrc04,07378324-0772-4f67-aee2-23bc754f81b6,hrc09,src01@display=sequential
hrc04,hrc09,6b7cf11a-44c3-48d0-87a8-cdc05b3801e6,hrc04,src01@display=sequential
hrc04,hrc09,b625a0c8-c3a6-4fa5-b988-b51609c1c180,hrc04,src01@display=sequential
hrc04,hrc09,b33d0fef-ee87-4da3-bdcd-51f6b905229a,hrc04,src01@display=sequential
hrc04,hrc04,c351a2a2-c54e-4c05-a690-2ef4b7fa7f7d,hrc09,src01@display=sequential
hrc04,hrc09,8ca53498-0bb4-4db3-a610-fdc0cfa8e85a,hrc04,src01@display=sequential
hrc20,hrc19,9bf893fd-8e82-4b0e-bc2b-b001e5f912c4,hrc20,src08@display=sequential
hrc20,hrc19,4095c1dd-b4e9-4e29-a6dd-67556deddbb5,hrc20,src08@display=sequential
,hrc20,20a56b23-a069-49e5-b34d-d80c1af588d5,hrc19,src08@display=sequential
,hrc19,bc47fb0e-ec8a-4615-93a4-3b6ecd00445d,hrc20,src08@display=sequential
,hrc20,0d42c5ea-d627-4776-8c86-8294d4032f8f,hrc19,src08@display=sequential
,hrc19,c351a2a2-c54e-4c05-a690-2ef4b7fa7f7d,hrc20,src08@display=sequential
,hrc19,53fb7ee8-2a6d-409d-afb2-1eb308ba5a3e,hrc20,src08@display=sequential
hrc20,hrc20,3034afea-6f37-4f52-8503-ac648de2af08,hrc19,src08@display=sequential
hrc20,hrc20,b4536e7a-d9bf-4058-98b9-bdb45b1f4cf4,hrc19,src08@display=sequential
hrc20,hrc20,e544d1dd-c998-44a6-83a8-086b969ce1de,hrc19,src08@display=sequential
original,hrc05,3034afea-6f37-4f52-8503-ac648de2af08,original,src02@display=sequential
original,original,5a61f938-bcc9-4393-8100-91e4bdd9d9a3,hrc05,src02@display=sequential
original,original,b886332d-223e-4326-be89-64ab855f095b,hrc05,src02@display=sequential
original,hrc05,b3f255bf-c09c-4b9f-8244-955912f91178,original,src02@display=sequential
original,original,77e6627f-e93f-4de6-839e-47512ff2f2b3,hrc05,src02@display=sequential
original,original,882969fc-cb3f-463a-ae31-0d7c32898c9f,hrc05,src02@display=sequential
original,hrc05,05bbbdbc-3637-4492-9d38-a5af08b94693,original,src02@display=sequential
original,hrc05,1cb35fd5-7c42-46a8-9139-15882c5bf85c,original,src02@display=sequential
original,hrc05,4a154184-7951-43db-b483-c74ac72e5248,original,src02@display=sequential
original,hrc05,fa4c43d0-3260-4144-aefb-de55089af488,original,src02@display=sequential
hrc04,hrc04,3034afea-6f37-4f52-8503-ac648de2af08,hrc08,src03@display=sequential
hrc04,hrc04,5ba03f4d-6560-4a57-94c8-966615c2029b,hrc08,src03@display=sequential
hrc04,hrc08,02dc2aa5-1d89-4c14-8abf-91739c14bb95,hrc04,src03@display=sequential
hrc08,hrc04,379a33e7-1e63-40fb-b4f7-7424e192a99f,hrc08,src03@display=sequential
,hrc08,20a56b23-a069-49e5-b34d-d80c1af588d5,hrc04,src03@display=sequential
hrc08,hrc04,2c034a31-b04b-4132-be9d-cebcbabb4380,hrc08,src03@display=sequential
hrc04,hrc08,19a4afc7-504f-4287-aff1-0e01ee561c13,hrc04,src03@display=sequential
hrc04,hrc08,84ef6bb8-cb60-4e35-94ee-4f6eb5bac7a4,hrc04,src03@display=sequential
hrc04,hrc08,b3674941-21f6-49d0-a645-e7b0723e17a2,hrc04,src03@display=sequential
hrc04,hrc08,97e1763f-e2a6-4c83-a1cd-6cc36cd155bf,hrc04,src03@display=sequential
hrc12,hrc12,3034afea-6f37-4f52-8503-ac648de2af08,hrc19,src06@display=sequential
,hrc19,5f8aaead-de3f-4647-b1db-afa272e15627,hrc12,src06@display=sequential
,hrc12,4a48da27-470b-4fcd-8543-b926c16ff650,hrc19,src06@display=sequential
hrc19,hrc19,5e7b7399-d11c-4dbd-b93c-a054a679a25f,hrc12,src06@display=sequential
,hrc12,df4292d0-100f-419b-bb47-77f336b78a08,hrc19,src06@display=sequential
hrc19,hrc19,fcb49f3d-24e4-48f4-b819-5a1d0dd9a3ab,hrc12,src06@display=sequential
hrc19,hrc12,d13f540e-6390-44ec-8862-c0cc3a81cc74,hrc19,src06@display=sequential
hrc19,hrc19,189cc04f-5b5b-45ea-be05-e4f97f0b529b,hrc12,src06@display=sequential
,hrc12,6b366ab5-6ec6-4700-afc7-1ae167361336,hrc19,src06@display=sequential
hrc19,hrc19,003c7620-28fb-4ea6-91fa-1e262f492774,hrc12,src06@display=sequential
hrc21,hrc21,3034afea-6f37-4f52-8503-ac648de2af08,hrc08,src09@display=sequential
,hrc08,1175b846-a79d-4505-bf4c-b367e1f83ba6,hrc21,src09@display=sequential
hrc08,hrc08,210c7edb-98fa-41a6-9278-921e36d7e370,hrc21,src09@display=sequential
,hrc21,c1345d78-3ad8-4f4a-8031-beffe95a18af,hrc08,src09@display=sequential
hrc21,hrc21,4d93cc4f-73bc-4f6c-afb4-30e41bee10f7,hrc08,src09@display=sequential
,hrc08,9e9f603a-fd4f-46bf-a2e2-a50497486075,hrc21,src09@display=sequential
,hrc21,78f11d30-8cfb-4880-8a9d-194b1120ef55,hrc08,src09@display=sequential
hrc21,hrc08,1bfc7116-b8cd-4ff0-b2ad-97cacfe7de37,hrc21,src09@display=sequential
hrc21,hrc21,d5018336-2e28-4a35-a250-a723b3fa214d,hrc08,src09@display=sequential
hrc21,hrc21,8d8628ca-83a4-40d2-b94c-08e90b8944e4,hrc08,src09@display=sequential
hrc07,hrc12,3034afea-6f37-4f52-8503-ac648de2af08,hrc07,src04@display=sequential
,hrc07,3b1b4424-3cd1-4584-bbb5-5e27d1680658,hrc12,src04@display=sequential
,hrc07,d7e0c98f-c9e7-46ee-bce5-8e90e87a0cf9,hrc12,src04@display=sequential
hrc07,hrc12,c835e219-186e-4440-8c16-769b1d05bf29,hrc07,src04@display=sequential
,hrc12,6f842774-fc05-48d4-a002-71b2aa489b59,hrc07,src04@display=sequential
,hrc07,9e2006cf-81f6-4dc7-9a43-405a3037fda2,hrc12,src04@display=sequential
hrc12,hrc12,8e1eae9a-55e4-4cff-a611-e4ba38d017bb,hrc07,src04@display=sequential
hrc07,hrc07,928f738f-8508-48b5-a38d-33451eab8633,hrc12,src04@display=sequential
,hrc12,b3ab6afb-5443-4339-b704-960084f98591,hrc07,src04@display=sequential
hrc07,hrc07,d967e631-6462-49c6-a910-e0213a310eb3,hrc12,src04@display=sequential
hrc07,hrc07,e91f223e-e8f9-4445-a4ad-dc4d538a20de,hrc17,src09@display=sequential
hrc07,hrc07,9ad10c3e-1a1c-47c3-99bb-3662130048fd,hrc17,src09@display=sequential
hrc07,hrc17,3768d6e7-7966-4982-9ab8-ae2660e156e7,hrc07,src09@display=sequential
hrc07,hrc07,389e65fd-2bf8-42a2-8b81-822ecb5b58e1,hrc17,src09@display=sequential
hrc07,hrc07,2a143680-f30d-48a1-bea7-5ae7236e6392,hrc17,src09@display=sequential
hrc07,hrc07,7ba3a129-ae12-46de-8820-d5b53c634220,hrc17,src09@display=sequential
hrc07,hrc07,298df3c7-d91b-4f74-be0d-afbb5a554566,hrc17,src09@display=sequential
hrc07,hrc07,076c3bf8-1f81-4a6b-a192-b6eebd26686f,hrc17,src09@display=sequential
hrc07,hrc07,e394df73-758e-4644-8b8b-a189f9d65c6d,hrc17,src09@display=sequential
hrc07,hrc07,53127e19-5162-4bab-bb56-69665405a598,hrc17,src09@display=sequential
,hrc13,e91f223e-e8f9-4445-a4ad-dc4d538a20de,hrc10,src08@display=sequential
hrc13,hrc13,87b763b7-2f26-42bb-a0da-162c15c36d74,hrc10,src08@display=sequential
hrc13,hrc13,e766aa53-de02-48ea-bb5a-0cb94101754a,hrc10,src08@display=sequential
hrc10,hrc10,fa5bdffd-c51b-4e05-9f17-e622852412d1,hrc13,src08@display=sequential
,hrc13,37ceaadc-152d-4b6f-9d0c-641c00137bad,hrc10,src08@display=sequential
hrc13,hrc13,acf2878b-e5bd-4ec7-8b6b-26b383998f44,hrc10,src08@display=sequential
hrc10,hrc10,1cd3c163-d5dd-44b8-9cf7-a107a3824ffa,hrc13,src08@display=sequential
hrc13,hrc13,f0449a2c-9fa2-49ec-9d76-27a7a5be2351,hrc10,src08@display=sequential
,hrc10,28baa163-62aa-4091-9067-f78967afea4a,hrc13,src08@display=sequential
hrc13,hrc10,4b6c3b78-352c-4b84-9c29-a70e17c0e399,hrc13,src08@display=sequential
hrc20,hrc20,1f017b44-d631-45b7-b0da-c6dfeca39a8c,hrc13,src01@display=sequential
hrc20,hrc20,e91f223e-e8f9-4445-a4ad-dc4d538a20de,hrc13,src01@display=sequential
hrc20,hrc20,603ab446-f84f-4a09-9a90-7409bcc0d3b8,hrc13,src01@display=sequential
hrc20,hrc20,fdf2fd03-93a4-4751-b144-858499ab8b7f,hrc13,src01@display=sequential
hrc20,hrc20,e4f818a1-7ee9-47f2-81ca-391cad0569a5,hrc13,src01@display=sequential
hrc20,hrc20,7636c232-cf8e-42d0-9b8d-10d48c444b17,hrc13,src01@display=sequential
hrc20,hrc20,f0f94ac1-9151-4b66-acb1-542e28570e3e,hrc13,src01@display=sequential
hrc20,hrc13,de6eb217-6eea-4165-9c15-a88a23221767,hrc20,src01@display=sequential
hrc20,hrc13,c3401f48-cfd7-4f88-b4f3-ec9dc22b55f8,hrc20,src01@display=sequential
hrc20,hrc20,d6c6a79e-5a39-4ddc-8d67-e61611c73318,hrc13,src01@display=sequential
hrc19,hrc19,d17f9416-d50c-4520-a1c8-c8482f856518,hrc08,src02@display=sequential
hrc19,hrc08,20b82720-584e-4871-83c5-e88aec82c7ff,hrc19,src02@display=sequential
hrc19,hrc19,b104dbe8-fec3-4032-b006-cece9ca6183f,hrc08,src02@display=sequential
hrc19,hrc08,e91f223e-e8f9-4445-a4ad-dc4d538a20de,hrc19,src02@display=sequential
hrc19,hrc08,c6d9a5c8-6f81-4408-b07f-37e8585a32b5,hrc19,src02@display=sequential
hrc19,hrc19,de6eb217-6eea-4165-9c15-a88a23221767,hrc08,src02@display=sequential
hrc08,hrc08,c23c0921-9fcb-43fe-82f9-8e8f14fc0947,hrc19,src02@display=sequential
hrc08,hrc08,abd0f219-9a62-430f-b50f-c61b688c219c,hrc19,src02@display=sequential
hrc19,hrc19,6a64ffbb-f695-4513-846a-2f9cdbe1ba3b,hrc08,src02@display=sequential
hrc19,hrc08,45421f6a-1b14-4ed1-b5d8-8dacebed8b88,hrc19,src02@display=sequential
hrc12,hrc10,388ed430-804e-41cf-99d5-f38198e8fcd1,hrc12,src06@display=sequential
hrc12,hrc12,4224335e-26df-4d36-b1b2-51dc101f7e76,hrc10,src06@display=sequential
hrc12,hrc12,72e7431d-e9dc-43b5-9e38-6d3780f298ea,hrc10,src06@display=sequential
hrc12,hrc12,62c65a02-fe11-4b7d-8a9f-f81de50ebaa3,hrc10,src06@display=sequential
hrc12,hrc12,42fb1927-baf0-4108-b7ea-960028526098,hrc10,src06@display=sequential
hrc12,hrc12,e91f223e-e8f9-4445-a4ad-dc4d538a20de,hrc10,src06@display=sequential
hrc12,hrc12,07c33d31-ca90-4b64-83b4-e99784e28b49,hrc10,src06@display=sequential
hrc12,hrc10,bc63bd48-5827-4995-891b-7fbc691fa6d1,hrc12,src06@display=sequential
hrc12,hrc10,44d4624d-7b6b-416b-8417-152d80891f36,hrc12,src06@display=sequential
hrc12,hrc10,9f00faa6-a756-4269-a038-adb6de52ec0d,hrc12,src06@display=sequential
original,hrc10,de6eb217-6eea-4165-9c15-a88a23221767,original,src03@display=sequential
hrc10,hrc10,523b838f-5f2e-4f19-b9df-d9969424c697,original,src03@display=sequential
original,hrc10,c7b767ec-2634-44e9-a9b0-29d5046ff17a,original,src03@display=sequential
original,hrc10,43c9a29d-c5e0-4287-ad81-886385921f19,original,src03@display=sequential
original,hrc10,b6d6ce5a-8b39-434f-9587-d7ab23d43dae,original,src03@display=sequential
original,original,44a3e5d7-0f82-40c1-aff8-95ba8afcb6ad,hrc10,src03@display=sequential
original,original,a22cb552-73fd-4bba-b020-6878660bd0d4,hrc10,src03@display=sequential
original,original,ad4a8214-8f58-4022-b373-a21582fdc842,hrc10,src03@display=sequential
original,original,2815e5fa-b68b-48d8-accb-0c3f76be3c48,hrc10,src03@display=sequential
original,original,c045d23e-3f3b-4b8e-8905-9903e31dea71,hrc10,src03@display=sequential
original,original,9aa9ce3f-8ff6-4653-96df-427197849f72,hrc19,src04@display=sequential
,original,b1da7162-c87f-43eb-8bf7-ebb71f16e861,hrc19,src04@display=sequential
original,hrc19,b6306029-365c-41e2-9319-61c0c405c6f4,original,src04@display=sequential
original,original,a939f7f9-e165-4264-99f1-558f02f6b709,hrc19,src04@display=sequential
original,hrc19,de6eb217-6eea-4165-9c15-a88a23221767,original,src04@display=sequential
hrc19,hrc19,8ffc1eb7-3d8c-4803-a4ae-6c512d5e5478,original,src04@display=sequential
,original,1fbd93ac-8eb8-4d25-8246-22f21c4c0993,hrc19,src04@display=sequential
,hrc19,e4933001-a28b-487d-9bfd-c114ce6d130e,original,src04@display=sequential
original,original,70e695fe-114b-4983-83ef-0b5c5e955fb4,hrc19,src04@display=sequential
original,hrc19,68784bad-1b93-450c-a86b-529f01a28a30,original,src04@display=sequential
hrc02,hrc08,de6eb217-6eea-4165-9c15-a88a23221767,hrc02,src07@display=sequential
hrc02,hrc02,9614c9c1-60ce-4d80-9b93-e6ff552677ad,hrc08,src07@display=sequential
hrc02,hrc02,741a8131-74dd-48ea-8966-115510bba4e5,hrc08,src07@display=sequential
hrc02,hrc02,c185b7b6-460c-449b-942c-7437d0e8b154,hrc08,src07@display=sequential
hrc02,hrc08,15164851-0f01-4e8d-ae9a-eeed69529ca3,hrc02,src07@display=sequential
hrc02,hrc08,a410f9ea-0698-429b-a5d2-9f44282f6d4b,hrc02,src07@display=sequential
hrc02,hrc02,49ecc985-24ed-446c-8c82-950e120f85ba,hrc08,src07@display=sequential
hrc02,hrc02,faac7ea8-ec5f-4eb7-b401-1aa9a93a6a43,hrc08,src07@display=sequential
hrc02,hrc08,84bd8de2-fe4e-426f-a1e4-82db2dee938f,hrc02,src07@display=sequential
hrc02,hrc08,ebdd1319-f262-41ca-aba9-aabc27f9c28a,hrc02,src07@display=sequential
hrc04,hrc04,de6eb217-6eea-4165-9c15-a88a23221767,hrc05,src09@display=sequential
hrc04,hrc04,aa2497f2-d324-449a-a3ea-ec31d2180c93,hrc05,src09@display=sequential
hrc04,hrc05,9b8f4b05-1edf-44f3-8a9c-7cc885460eeb,hrc04,src09@display=sequential
hrc04,hrc05,a54376d0-ee13-4dc1-9b59-87e155c62795,hrc04,src09@display=sequential
hrc04,hrc05,11e0d1ca-a7ee-4489-9f90-88cd738b1ecd,hrc04,src09@display=sequential
hrc04,hrc04,9980f22a-f115-45f1-b3a2-d12fd0dd8cf1,hrc05,src09@display=sequential
hrc04,hrc05,19a4afc7-504f-4287-aff1-0e01ee561c13,hrc04,src09@display=sequential
hrc04,hrc05,5f6b09f1-b26d-4374-83d3-458e20cb9ab5,hrc04,src09@display=sequential
hrc04,hrc05,fd14a53a-2ddf-497c-b651-2126b3686b54,hrc04,src09@display=sequential
hrc04,hrc05,2d6d9756-d2b6-4bea-b4e1-94b41721de02,hrc04,src09@display=sequential
hrc20,hrc07,de6eb217-6eea-4165-9c15-a88a23221767,hrc20,src08@display=sequential
hrc07,hrc20,c11955ae-3777-4424-a93d-4591403dad1e,hrc07,src08@display=sequential
hrc20,hrc20,7eec4eb4-02fe-46aa-b975-28d23474037f,hrc07,src08@display=sequential
hrc07,hrc07,f48460fd-df6e-46c7-bd50-c8eb06fbeb8e,hrc20,src08@display=sequential
,hrc07,79fb1864-fb13-4926-a967-5398013e9d21,hrc20,src08@display=sequential
hrc20,hrc20,d2b4d696-aa3f-4f64-842e-b95ddd65449e,hrc07,src08@display=sequential
hrc07,hrc07,841689ee-6ac0-48ef-b84e-b3638f5477a9,hrc20,src08@display=sequential
hrc07,hrc07,8ab4a29f-8839-4f93-a204-7142e13cfeed,hrc20,src08@display=sequential
hrc07,hrc07,130f97dd-bd25-4da8-ac72-85c683f293af,hrc20,src08@display=sequential
,hrc07,4766c33f-2917-4521-af24-131c165bb9d5,hrc20,src08@display=sequential
hrc20,hrc02,c8f72662-a515-45a0-95c3-949ba2fb339b,hrc20,src06@display=sequential
hrc02,hrc02,c77480f8-273f-4607-bb07-67cedb0529ca,hrc20,src06@display=sequential
,hrc02,57c09e89-1614-4d50-8112-d27c826ebf65,hrc20,src06@display=sequential
hrc20,hrc02,54a067ea-cabb-4df6-8f37-67a5eb1b48d5,hrc20,src06@display=sequential
hrc20,hrc20,58f5993c-9061-4198-9190-1ba69c8c5bf2,hrc02,src06@display=sequential
,hrc02,f86b2275-4518-4d57-8c52-46fc992cc8a3,hrc20,src06@display=sequential
hrc20,hrc20,67ae0f79-04ba-4a89-867a-2b136e9aca56,hrc02,src06@display=sequential
hrc20,hrc02,9ebd8a15-d6da-429e-b5e7-f3d7d0b7d614,hrc20,src06@display=sequential
,hrc20,8ca2525f-c1cd-4738-8317-eea204eddd29,hrc02,src06@display=sequential
hrc20,hrc02,4430b16c-a339-4f7d-bfc4-59c4c73b0b30,hrc20,src06@display=sequential
,original,c8f72662-a515-45a0-95c3-949ba2fb339b,hrc12,src09@display=sequential
original,hrc12,e430ba94-49f6-4874-9488-9d43de9fc88f,original,src09@display=sequential
original,hrc12,7cee5dec-b3f6-4b77-9f58-36202fc71af5,original,src09@display=sequential
original,original,8831c2ef-64b2-4f81-bd12-782facb47567,hrc12,src09@display=sequential
hrc12,original,d8f1cdf9-2130-4c7b-a94a-644261d6d4f7,hrc12,src09@display=sequential
,hrc12,88b7d5e7-b41b-421a-921d-06967d0f16d3,original,src09@display=sequential
original,original,f878add3-52f7-4664-b4db-debcd7fa6905,hrc12,src09@display=sequential
original,hrc12,45764b9e-1aaf-4afb-89d1-6d2cc38d7c1a,original,src09@display=sequential
original,hrc12,a8ee67dd-bb21-4bc5-a474-fcfb83d5f8d6,original,src09@display=sequential
original,hrc12,3d7aafda-1c1e-45bc-9428-96ed6bdab751,original,src09@display=sequential
hrc02,hrc10,c8f72662-a515-45a0-95c3-949ba2fb339b,hrc02,src03@display=sequential
hrc02,hrc02,7049aa82-15c3-4aa7-807f-379c1ea7f2c9,hrc10,src03@display=sequential
hrc02,hrc10,ea4c2ce7-4a48-4590-9d5e-0592ae88a555,hrc02,src03@display=sequential
hrc02,hrc02,08d2aa18-36e2-4d06-b1b8-78ab06e9c8a4,hrc10,src03@display=sequential
hrc02,hrc10,91f25404-e83b-4cbb-b329-8cc995812dd1,hrc02,src03@display=sequential
hrc02,hrc02,aab7fd60-4d29-441c-88ff-67d6aabea655,hrc10,src03@display=sequential
hrc02,hrc10,d5b7f31b-d65b-42ce-bd0a-29200c94f810,hrc02,src03@display=sequential
hrc02,hrc10,4bc866e0-4050-47ae-828f-de9f50923090,hrc02,src03@display=sequential
hrc02,hrc02,7c090835-7343-43cb-a556-8d9c65bf2579,hrc10,src03@display=sequential
hrc02,hrc02,28138e18-1992-4f6d-94e7-993ddca405e8,hrc10,src03@display=sequential
,hrc07,58a49050-238b-432e-afa5-5ecb7c8183cb,hrc09,src04@display=sequential
,hrc09,da4a495f-f672-4f49-a718-0acc3e86b358,hrc07,src04@display=sequential
,hrc07,b995bc40-788a-4263-9250-2f075d16f373,hrc09,src04@display=sequential
hrc07,hrc07,b774e164-c6e9-4e95-888c-12c5e3ddb8ad,hrc09,src04@display=sequential
hrc07,hrc07,f0c077b8-5233-41ba-9089-7e1b10f40640,hrc09,src04@display=sequential
hrc09,hrc09,1e2aafec-b705-4388-8de9-025a35aca97a,hrc07,src04@display=sequential
hrc09,hrc07,4bd6af01-9fac-4ed3-9eb7-a3274aeb5661,hrc09,src04@display=sequential
,hrc09,05bbbdbc-3637-4492-9d38-a5af08b94693,hrc07,src04@display=sequential
hrc07,hrc07,c8f72662-a515-45a0-95c3-949ba2fb339b,hrc09,src04@display=sequential
,hrc09,0fc10e59-0cf3-4b60-acf5-c2e37e215cad,hrc07,src04@display=sequential
original,original,1ade687b-5aca-4370-9311-b6f72528a473,hrc18,src05@display=sequential
original,hrc18,c6d9a5c8-6f81-4408-b07f-37e8585a32b5,original,src05@display=sequential
original,hrc18,3f6f7d1f-5885-4133-a799-55fe9e5a3cd2,original,src05@display=sequential
original,hrc18,07c33d31-ca90-4b64-83b4-e99784e28b49,original,src05@display=sequential
original,original,70e695fe-114b-4983-83ef-0b5c5e955fb4,hrc18,src05@display=sequential
original,hrc18,31de8886-94b3-454e-8ce1-e3116c20e7fb,original,src05@display=sequential
original,original,e6117117-5dce-465d-9049-31c50c6c61b0,hrc18,src05@display=sequential
,original,0f507c58-71ee-46ec-aacf-e12011825bfc,hrc18,src05@display=sequential
original,hrc18,a12e1f9a-3509-40a9-8812-ce66bc701e08,original,src05@display=sequential
original,original,ca15c732-cfca-497b-90c1-3f5fbb0dd541,hrc18,src05@display=sequential
hrc04,hrc04,c8f72662-a515-45a0-95c3-949ba2fb339b,hrc20,src08@display=sequential
hrc04,hrc04,6837bdb0-899f-421b-90b2-7679b398759b,hrc20,src08@display=sequential
hrc20,hrc20,659cefad-c10d-42d5-a046-c14ee5cbec01,hrc04,src08@display=sequential
,hrc04,e014ebd9-cd30-437e-a333-6be5f7828d6d,hrc20,src08@display=sequential
,hrc04,50c67488-59d0-4940-a8b4-861e754c9111,hrc20,src08@display=sequential
hrc04,hrc20,8d4e5eed-e5d0-458f-bd23-a31748731768,hrc04,src08@display=sequential
hrc04,hrc20,a7cb4167-b9d3-436d-a9d0-8bf14c40f7ac,hrc04,src08@display=sequential
hrc20,hrc04,37bcaa2e-6ab9-4674-8dc6-00622721be83,hrc20,src08@display=sequential
hrc20,hrc20,658dc692-7421-4412-901b-44c5c6156b8d,hrc04,src08@display=sequential
hrc04,hrc20,1632c427-02e0-4a5c-aef6-97645307543a,hrc04,src08@display=sequential
hrc12,hrc08,c8f72662-a515-45a0-95c3-949ba2fb339b,hrc12,src02@display=sequential
hrc12,hrc08,462db8d0-a7b4-42e4-bf77-31dfdd0323a0,hrc12,src02@display=sequential
hrc12,hrc12,b1a7ab8f-b9a1-4e38-9633-fac16c7345db,hrc08,src02@display=sequential
hrc12,hrc08,3125536d-6555-425a-b49f-e4ae86ecbb4e,hrc12,src02@display=sequential
hrc12,hrc08,7127c423-c55e-495f-8cbf-e77776fc320c,hrc12,src02@display=sequential
hrc12,hrc12,fc66ffa3-14fc-4401-a95b-eedb200be7d9,hrc08,src02@display=sequential
hrc12,hrc12,ac3cb7af-b2f0-4b61-9ea7-61bad06aa1d3,hrc08,src02@display=sequential
hrc12,hrc08,99f1e0ac-c8cc-4fc1-93e1-efcdcd8b78b3,hrc12,src02@display=sequential
hrc12,hrc08,ba616751-5099-4c06-988f-2c268e4073c2,hrc12,src02@display=sequential
hrc12,hrc12,69c3ed9d-d1a6-4b14-a616-fef3656533bc,hrc08,src02@display=sequential
,hrc20,0f507c58-71ee-46ec-aacf-e12011825bfc,hrc02,src04@display=sequential
hrc20,hrc20,2e65f225-cf41-430f-ae14-779a3b02a411,hrc02,src04@display=sequential
hrc20,hrc02,b2f07ae4-3913-406a-b5a9-14721e18db1e,hrc20,src04@display=sequential
,hrc02,7341608e-8a94-48aa-9aac-53d556ee0c5b,hrc20,src04@display=sequential
hrc02,hrc20,8e45ec30-d8f0-4b0f-9d1a-95543dd2734f,hrc02,src04@display=sequential
hrc02,hrc02,5e7b7399-d11c-4dbd-b93c-a054a679a25f,hrc20,src04@display=sequential
hrc02,hrc20,651b3bb1-0c2e-4a58-a8ff-c03001964285,hrc02,src04@display=sequential
,hrc02,5db97e29-51c6-4d87-9897-b63690e31c52,hrc20,src04@display=sequential
hrc20,hrc20,0cc760c5-8660-492e-a4d2-c4360899975d,hrc02,src04@display=sequential
,hrc20,c0261397-7755-4f0f-b0a4-681c1cae71b6,hrc02,src04@display=sequential
hrc19,hrc05,20b82720-584e-4871-83c5-e88aec82c7ff,hrc19,src01@display=sequential
hrc19,hrc19,0f507c58-71ee-46ec-aacf-e12011825bfc,hrc05,src01@display=sequential
,hrc05,dae60604-49cd-4259-9d04-075db5ad2a1d,hrc19,src01@display=sequential
hrc19,hrc19,2a143680-f30d-48a1-bea7-5ae7236e6392,hrc05,src01@display=sequential
hrc19,hrc05,b75eed47-d9a5-4a29-b4b7-bab0ecbfaf72,hrc19,src01@display=sequential
hrc19,hrc05,f7f138ce-de66-475c-a8c9-bd1cb637ba4d,hrc19,src01@display=sequential
hrc19,hrc19,31386404-9819-45ed-8d9d-7ceeb1453990,hrc05,src01@display=sequential
hrc19,hrc19,cd93290d-ba13-4799-b353-1cd2be21562b,hrc05,src01@display=sequential
hrc19,hrc05,47def90d-2712-4403-8b42-13b67d009638,hrc19,src01@display=sequential
hrc05,hrc05,003c7620-28fb-4ea6-91fa-1e262f492774,hrc19,src01@display=sequential
hrc09,hrc09,1febb2a5-e775-4a21-a8b0-28aa2c87f5fc,hrc19,src08@display=sequential
hrc09,hrc09,b1f30d1e-18e5-46f4-a578-f9ee9194ef95,hrc19,src08@display=sequential
,hrc09,855a54a4-c733-4d3c-99f7-7995e608d8f8,hrc19,src08@display=sequential
hrc09,hrc09,efec50c6-91a7-440c-9aea-465ed22f7ea8,hrc19,src08@display=sequential
hrc09,hrc09,7cb4c25c-98f3-4c33-a8ef-2f1c44f8dd8a,hrc19,src08@display=sequential
hrc09,hrc09,93380f69-2886-467d-869a-4ea47e4331cc,hrc19,src08@display=sequential
hrc09,hrc19,d3c1b863-4286-42ab-b8e7-356051012a58,hrc09,src08@display=sequential
hrc09,hrc19,6dd8d337-692a-485b-b57f-6af0f846c35d,hrc09,src08@display=sequential
hrc09,hrc09,6188c003-558b-403c-a837-9aad0078345c,hrc19,src08@display=sequential
hrc09,hrc19,0f507c58-71ee-46ec-aacf-e12011825bfc,hrc09,src08@display=sequential
hrc18,hrc18,0f507c58-71ee-46ec-aacf-e12011825bfc,hrc05,src02@display=sequential
hrc18,hrc18,b2050466-f235-4258-9cad-bdd9aa52afc2,hrc05,src02@display=sequential
hrc18,hrc18,f4884865-8ee6-4c6d-87e0-7b69ee065577,hrc05,src02@display=sequential
hrc18,hrc18,7e54f228-a645-4144-a294-2ee406582705,hrc05,src02@display=sequential
hrc05,hrc05,1bfb2f4b-8c15-4e96-807b-51afd54edd7b,hrc18,src02@display=sequential
hrc18,hrc18,b7d9cf99-b646-448f-8000-ca53352da30a,hrc05,src02@display=sequential
hrc05,hrc05,02dbd363-be57-492d-9e52-1e5212588363,hrc18,src02@display=sequential
hrc18,hrc18,d54a2502-b2af-434c-a632-821a14394a8c,hrc05,src02@display=sequential
hrc18,hrc18,2c7b0073-dae3-4a21-a8ab-64e06361be0d,hrc05,src02@display=sequential
hrc18,hrc18,b1b18717-7abb-45b4-87fd-424cf2f20ca6,hrc05,src02@display=sequential
hrc04,hrc04,0f507c58-71ee-46ec-aacf-e12011825bfc,hrc09,src07@display=sequential
hrc04,hrc09,677f08d2-0532-49d8-8f6c-8565a8f2e571,hrc04,src07@display=sequential
,hrc09,6b891a74-b253-4dc5-b5fe-567e9aa20da9,hrc04,src07@display=sequential
,hrc09,9a3c3143-eeae-4a15-a35f-894bc5b74e70,hrc04,src07@display=sequential
,hrc04,b6306029-365c-41e2-9319-61c0c405c6f4,hrc09,src07@display=sequential
hrc04,hrc04,fca3759b-d972-4109-b510-9c0e331cd10b,hrc09,src07@display=sequential
hrc09,hrc04,b4e1fa11-f8c7-4c37-91e5-ab34c817ae12,hrc09,src07@display=sequential
hrc04,hrc09,3167e740-abcd-47b6-b957-0711ed640b48,hrc04,src07@display=sequential
,hrc09,06f4f549-d726-40a1-a4aa-bdd0fafdf36d,hrc04,src07@display=sequential
hrc04,hrc04,0b29fc48-e1cd-4bcc-9dfe-589cbd42ce95,hrc09,src07@display=sequential
hrc20,hrc17,47def90d-2712-4403-8b42-13b67d009638,hrc20,src06@display=sequential
hrc20,hrc20,7e2bc83e-d940-4d78-9383-608319aca71c,hrc17,src06@display=sequential
hrc20,hrc20,4d913085-d3c6-4c34-9d18-eef3239c47cf,hrc17,src06@display=sequential
hrc17,hrc20,596a4e13-7796-4561-90a1-76039346e88a,hrc17,src06@display=sequential
hrc20,hrc20,b90ac04a-b62e-44db-989d-a35bdf9a6344,hrc17,src06@display=sequential
hrc20,hrc20,a743ec39-7c4a-4a5e-af3d-ef34d1f878ef,hrc17,src06@display=sequential
hrc20,hrc20,08473901-0621-448d-b64d-61aa72567205,hrc17,src06@display=sequential
hrc20,hrc20,9d5a019b-71bd-4af6-b124-a219b08b293a,hrc17,src06@display=sequential
hrc20,hrc17,867f48bf-2cb3-41b6-926b-b447ab6e1691,hrc20,src06@display=sequential
hrc20,hrc17,cb1a089e-69c8-47ac-abc5-fcd819bcb522,hrc20,src06@display=sequential
hrc12,hrc12,47def90d-2712-4403-8b42-13b67d009638,hrc18,src07@display=sequential
hrc12,hrc18,c7b767ec-2634-44e9-a9b0-29d5046ff17a,hrc12,src07@display=sequential
hrc12,hrc18,5411fe28-313e-4207-ad33-9c1acd9b0640,hrc12,src07@display=sequential
hrc12,hrc12,45c610dd-b351-487a-9dd4-b1d71de31f2c,hrc18,src07@display=sequential
hrc12,hrc12,b2b6e7cc-ead9-466e-9fac-168ff63177a5,hrc18,src07@display=sequential
,hrc18,aab7fd60-4d29-441c-88ff-67d6aabea655,hrc12,src07@display=sequential
hrc12,hrc18,db526d68-5a49-4fa8-9c91-35aaf4685886,hrc12,src07@display=sequential
hrc12,hrc12,33920445-a272-4833-a2bd-b60fa5a04536,hrc18,src07@display=sequential
hrc12,hrc18,dd48a3e8-a67f-41e1-b59d-9ee155000e80,hrc12,src07@display=sequential
hrc12,hrc18,b13d20bd-47f9-4840-a9e4-a22cca6b80dd,hrc12,src07@display=sequential
hrc17,hrc17,47def90d-2712-4403-8b42-13b67d009638,hrc05,src03@display=sequential
,hrc17,73fa3c1f-2659-4f89-afb2-0453b581f177,hrc05,src03@display=sequential
hrc05,hrc05,8caf3bb1-46b2-4cff-b052-ecb1b2e9b9b1,hrc17,src03@display=sequential
hrc17,hrc05,9f68eedf-f31c-451d-a986-2a8f55f28aa4,hrc17,src03@display=sequential
hrc17,hrc05,c07bc56b-eae7-49b2-bab4-79cd32536be2,hrc17,src03@display=sequential
hrc05,hrc05,a471abf2-3b44-4da3-a664-17b747e632f6,hrc17,src03@display=sequential
hrc17,hrc17,bf5f4b87-d05a-440d-9431-6620c1795e60,hrc05,src03@display=sequential
hrc17,hrc05,f2e393ff-0812-4cba-b5e1-e10e0a6a0f10,hrc17,src03@display=sequential
hrc05,hrc05,c6346704-bff8-407a-af84-b379478d3cd2,hrc17,src03@display=sequential
hrc05,hrc17,fb5480ba-84ba-44f1-b7ef-93dbfcb1be78,hrc05,src03@display=sequential
hrc09,hrc09,47def90d-2712-4403-8b42-13b67d009638,hrc08,src09@display=sequential
hrc09,hrc09,1fdc6dc3-b544-4d31-86e1-db0c7e9eeb71,hrc08,src09@display=sequential
hrc08,hrc09,f48460fd-df6e-46c7-bd50-c8eb06fbeb8e,hrc08,src09@display=sequential
hrc08,hrc09,9c4a6974-4af6-4241-afbd-9ec8b051f3d6,hrc08,src09@display=sequential
hrc08,hrc08,acf7d6bd-9041-4faf-ad16-b17383982915,hrc09,src09@display=sequential
hrc08,hrc08,890b0e6e-f299-462d-aeeb-b186f01f6f70,hrc09,src09@display=sequential
hrc08,hrc08,c45da97c-cc8c-48a8-94f1-397f7240fae3,hrc09,src09@display=sequential
hrc08,hrc08,d013d53b-da4a-4452-b8a9-1ea353b220fb,hrc09,src09@display=sequential
hrc08,hrc09,f56c1990-5b48-4e2a-8ed9-84e0a4db16d1,hrc08,src09@display=sequential
,hrc08,e71693e3-f3a8-4f43-b1a3-1094bcfee6b3,hrc09,src09@display=sequential
hrc18,hrc16,47def90d-2712-4403-8b42-13b67d009638,hrc18,src08@display=sequential
hrc18,hrc18,389dadbc-d92b-46ab-9e1d-6c635bb3c5aa,hrc16,src08@display=sequential
hrc18,hrc16,9c4a6974-4af6-4241-afbd-9ec8b051f3d6,hrc18,src08@display=sequential
hrc18,hrc18,48f26fd4-0581-4d50-ab31-ffef5ac3b645,hrc16,src08@display=sequential
hrc18,hrc16,c88af769-d298-4298-800c-ad11fb29c899,hrc18,src08@display=sequential
hrc18,hrc18,1d86cd8c-857c-4e48-a107-5f9463d42d40,hrc16,src08@display=sequential
hrc18,hrc16,a380631e-2ff4-4ec4-882d-f1b84cf9cdc9,hrc18,src08@display=sequential
hrc18,hrc18,bfbecf9a-5392-4f42-9ec6-fc3f122112b5,hrc16,src08@display=sequential
,hrc16,05de8bc7-41eb-47be-80e6-4c24be43649c,hrc18,src08@display=sequential
hrc18,hrc18,2373027a-04a9-4d76-b084-f53e20ed3cf4,hrc16,src08@display=sequential
hrc07,hrc13,31de8886-94b3-454e-8ce1-e3116c20e7fb,hrc07,src06@display=sequential
hrc07,hrc13,24d9d790-2ae1-466a-b5d4-7d54cbb3d13f,hrc07,src06@display=sequential
hrc07,hrc07,3768d6e7-7966-4982-9ab8-ae2660e156e7,hrc13,src06@display=sequential
hrc07,hrc13,4936c335-63ad-42c7-9910-e2b138439967,hrc07,src06@display=sequential
hrc07,hrc13,2c034a31-b04b-4132-be9d-cebcbabb4380,hrc07,src06@display=sequential
hrc07,hrc13,1b351bd1-c7e8-4893-b9e4-2df5e96440bc,hrc07,src06@display=sequential
hrc07,hrc07,9e25a404-4bfe-4e8c-8dec-e7c76c0c760a,hrc13,src06@display=sequential
hrc07,hrc07,89ffb17a-c99a-4e69-b200-2fd8e129e584,hrc13,src06@display=sequential
hrc07,hrc07,1a45a8b4-7135-4768-a5c5-238e37fb98df,hrc13,src06@display=sequential
hrc07,hrc13,bc00ffbe-d00a-4157-87b8-493e67cdc18b,hrc07,src06@display=sequential
,hrc04,31de8886-94b3-454e-8ce1-e3116c20e7fb,hrc07,src09@display=sequential
,hrc07,8b550bbc-1620-4719-858f-a2cdbb3ff4b0,hrc04,src09@display=sequential
hrc07,hrc04,a6dad7bb-8836-4103-9511-d77c49ea02c9,hrc07,src09@display=sequential
,hrc04,1a3f82b3-7431-4271-b1d3-20a62c2c99dc,hrc07,src09@display=sequential
,hrc07,eb574414-bf4c-4dbe-bd80-1f14e0b9c5c7,hrc04,src09@display=sequential
hrc07,hrc07,df4292d0-100f-419b-bb47-77f336b78a08,hrc04,src09@display=sequential
hrc04,hrc07,189cc04f-5b5b-45ea-be05-e4f97f0b529b,hrc04,src09@display=sequential
hrc07,hrc04,be25cfd3-2f0b-42ca-b68b-807e9954418e,hrc07,src09@display=sequential
,hrc07,0cc760c5-8660-492e-a4d2-c4360899975d,hrc04,src09@display=sequential
hrc07,hrc04,cdb9bb58-60e2-4bd6-a07a-2e9558115deb,hrc07,src09@display=sequential
hrc07,hrc20,31de8886-94b3-454e-8ce1-e3116c20e7fb,hrc07,src04@display=sequential
,hrc20,ec8fe5d2-66e6-446e-82d7-78a2c7f7243a,hrc07,src04@display=sequential
,hrc20,5a61f938-bcc9-4393-8100-91e4bdd9d9a3,hrc07,src04@display=sequential
,hrc20,9b102348-ca8a-4c5b-8d7d-a1878bcb82d3,hrc07,src04@display=sequential
,hrc07,7127c423-c55e-495f-8cbf-e77776fc320c,hrc20,src04@display=sequential
,hrc07,fbb9f043-7950-41ce-817f-27e38dcf2bfb,hrc20,src04@display=sequential
hrc07,hrc07,42cf276e-584f-459f-92b9-c2966ba7f50e,hrc20,src04@display=sequential
hrc20,hrc07,74cc3f67-0c1c-46ee-aa87-d1092bf64bb4,hrc20,src04@display=sequential
hrc20,hrc07,13a2756e-95aa-41fb-bf5d-20e5c9679c7e,hrc20,src04@display=sequential
,hrc20,08f89d86-d913-4fe9-b96e-90342304c107,hrc07,src04@display=sequential
,hrc09,31de8886-94b3-454e-8ce1-e3116c20e7fb,hrc07,src07@display=sequential
hrc09,hrc09,9e239992-9940-42db-9d49-1d0d8d937637,hrc07,src07@display=sequential
hrc09,hrc09,b402bb4d-47ad-4132-adb9-73915b9b2d9d,hrc07,src07@display=sequential
,hrc07,c23c0921-9fcb-43fe-82f9-8e8f14fc0947,hrc09,src07@display=sequential
,hrc09,cb39772f-9dea-41e0-b6d2-008c4a858765,hrc07,src07@display=sequential
hrc09,hrc07,5abb5f46-0296-40b8-822f-ec4f8bb50c1f,hrc09,src07@display=sequential
hrc07,hrc07,a801ea4e-4aef-4dc3-bcb9-0b668206f360,hrc09,src07@display=sequential
hrc09,hrc07,0493648c-4348-4a60-af6d-775313df1a69,hrc09,src07@display=sequential
hrc07,hrc07,c06fa6f7-ddd2-43d1-96e0-1284e8008c14,hrc09,src07@display=sequential
hrc07,hrc07,a693e218-d9cd-4ff6-99ba-627b53ca937e,hrc09,src07@display=sequential
hrc04,hrc04,c6d9a5c8-6f81-4408-b07f-37e8585a32b5,hrc10,src01@display=sequential
hrc04,hrc10,65e55d30-683c-49bd-9237-f89f1646f134,hrc04,src01@display=sequential
hrc04,hrc04,9d2abd08-aa84-4b48-aeb3-697822d55fc6,hrc10,src01@display=sequential
hrc04,hrc04,676769ee-ffa7-4de5-81aa-002ebbd70d74,hrc10,src01@display=sequential
hrc04,hrc04,78e26595-e75f-4806-a6ed-26d6e8f35a1b,hrc10,src01@display=sequential
hrc04,hrc04,9a03424d-ff0b-41dc-8c67-620dd10a5d75,hrc10,src01@display=sequential
hrc04,hrc04,04e42b86-466e-4ef7-9fc6-faf842d0b850,hrc10,src01@display=sequential
hrc04,hrc10,8f9afef3-5f14-4236-b677-b43876808ec6,hrc04,src01@display=sequential
hrc04,hrc10,6ecafacc-74bb-46fc-a25c-fb88759b6610,hrc04,src01@display=sequential
hrc04,hrc10,76d6bfe0-55a2-4a6c-b431-2ec5bf75cee1,hrc04,src01@display=sequential
hrc08,hrc05,c6d9a5c8-6f81-4408-b07f-37e8585a32b5,hrc08,src04@display=sequential
hrc08,hrc08,6cccef86-b575-48f8-8954-d39181458358,hrc05,src04@display=sequential
hrc05,hrc08,fdd71d4d-86e1-473c-8d6a-212eac301182,hrc05,src04@display=sequential
hrc08,hrc05,acf7d6bd-9041-4faf-ad16-b17383982915,hrc08,src04@display=sequential
hrc08,hrc08,47c5b9b0-9b12-4925-af04-7e9d48ac8e4d,hrc05,src04@display=sequential
hrc08,hrc05,4cd37b8a-abc7-4359-a9e7-c17bee48ee62,hrc08,src04@display=sequential
hrc05,hrc05,be25cfd3-2f0b-42ca-b68b-807e9954418e,hrc08,src04@display=sequential
,hrc05,8b27aa77-28aa-4647-bdbc-dbbf35b50d86,hrc08,src04@display=sequential
hrc08,hrc08,1bfc7116-b8cd-4ff0-b2ad-97cacfe7de37,hrc05,src04@display=sequential
hrc08,hrc08,4a154184-7951-43db-b483-c74ac72e5248,hrc05,src04@display=sequential
hrc19,hrc18,c6d9a5c8-6f81-4408-b07f-37e8585a32b5,hrc19,src03@display=sequential
hrc19,hrc19,2e65f225-cf41-430f-ae14-779a3b02a411,hrc18,src03@display=sequential
hrc18,hrc18,8fc87c48-7bd5-4eef-9a74-49511a30296c,hrc19,src03@display=sequential
hrc19,hrc18,34168229-2e1e-4921-ac15-d92436d5a977,hrc19,src03@display=sequential
hrc18,hrc18,b9c3fca0-b2c9-405e-bd99-3fdff578567b,hrc19,src03@display=sequential
,hrc18,a8aa57a4-5b70-4366-ac0c-df4184675711,hrc19,src03@display=sequential
hrc19,hrc18,3c7ef17b-e826-4055-83ba-6a771c08659a,hrc19,src03@display=sequential
hrc19,hrc19,6e3e236c-b948-4a41-8b52-feb486da487b,hrc18,src03@display=sequential
hrc19,hrc19,44c75a94-439f-4168-9828-64b1fb591086,hrc18,src03@display=sequential
hrc18,hrc18,a65903f2-eb1f-4206-929e-6957d523b32a,hrc19,src03@display=sequential
original,original,c6d9a5c8-6f81-4408-b07f-37e8585a32b5,hrc10,src07@display=sequential
original,original,a9776e74-c474-4e53-b6ce-96a8d66fa6a2,hrc10,src07@display=sequential
original,original,b9478e46-608d-4b40-85f2-6d5ebe427241,hrc10,src07@display=sequential
original,original,722cd235-b167-4f83-9e2c-44921da5a9d0,hrc10,src07@display=sequential
original,hrc10,1e281513-db9f-4c23-aacd-a5fc0f3f0ece,original,src07@display=sequential
original,hrc10,2a143680-f30d-48a1-bea7-5ae7236e6392,original,src07@display=sequential
original,hrc10,48b0ecc7-6a07-4117-a6a2-e7e762ff7646,original,src07@display=sequential
original,hrc10,a598dfc3-ed57-44eb-8b48-92b2c1dd6086,original,src07@display=sequential
original,original,f4f2f8e0-a564-424a-91ca-74d1accfde15,hrc10,src07@display=sequential
original,hrc10,45102dc6-4f10-4500-a0f1-b9a4537ebbbe,original,src07@display=sequential
hrc02,hrc18,c6d9a5c8-6f81-4408-b07f-37e8585a32b5,hrc02,src09@display=sequential
hrc02,hrc18,675ffd28-b178-4691-b838-a717d141848f,hrc02,src09@display=sequential
hrc02,hrc02,90a1f959-74de-464b-b771-c1bf4d8e011c,hrc18,src09@display=sequential
hrc02,hrc02,7e35fb7d-230e-4635-bf54-a51aab87f3a7,hrc18,src09@display=sequential
hrc02,hrc18,d680646f-4054-409d-a496-91a707fd4885,hrc02,src09@display=sequential
hrc02,hrc18,e8c1511a-8c33-4c69-be8f-24942a1a27ce,hrc02,src09@display=sequential
hrc02,hrc18,31d876be-00c7-4aff-98d2-67a95f368125,hrc02,src09@display=sequential
hrc02,hrc18,8ca53498-0bb4-4db3-a610-fdc0cfa8e85a,hrc02,src09@display=sequential
hrc02,hrc18,2d6e96ab-1cc9-4a46-8bba-341f2f33237d,hrc02,src09@display=sequential
hrc02,hrc18,eeb931d9-8161-4fcf-8e54-2eb9a45bf56f,hrc02,src09@display=sequential
hrc19,hrc19,95a42d41-dfc0-4ddf-ae33-f22f4f4f7632,hrc17,src08@display=sequential
hrc19,hrc19,09daca37-4e80-4e78-810e-b250cd7c2f69,hrc17,src08@display=sequential
hrc19,hrc17,1bfc7116-b8cd-4ff0-b2ad-97cacfe7de37,hrc19,src08@display=sequential
hrc19,hrc17,56d73c46-8181-476a-8cb6-4e14d196dea1,hrc19,src08@display=sequential
hrc19,hrc17,e44dbcab-120c-411c-b746-5ce312213b75,hrc19,src08@display=sequential
hrc19,hrc17,3e1cdcff-b39c-4ab1-88c6-cc8a1b5ed717,hrc19,src08@display=sequential
hrc19,hrc19,3e03b6ef-3501-4cab-a64d-2d85a706afe8,hrc17,src08@display=sequential
hrc19,hrc19,c6d9a5c8-6f81-4408-b07f-37e8585a32b5,hrc17,src08@display=sequential
hrc19,hrc17,e3f0a209-352a-4445-aea0-2de5126ac546,hrc19,src08@display=sequential
hrc19,hrc17,909ad99b-fa8b-4cfd-b7e7-e4df1f5f24b9,hrc19,src08@display=sequential
hrc09,hrc10,447c7140-f7b6-4b14-bdd2-8eea13d0c242,hrc09,src07@display=sequential
hrc09,hrc10,8b550bbc-1620-4719-858f-a2cdbb3ff4b0,hrc09,src07@display=sequential
hrc09,hrc09,d68fccce-10d0-4170-8046-4903861db29b,hrc10,src07@display=sequential
hrc09,hrc09,464f84c4-5e60-4e85-94a9-c39e2530addd,hrc10,src07@display=sequential
hrc09,hrc09,3adb22b3-7403-4d2b-bc31-9209defa8e33,hrc10,src07@display=sequential
hrc09,hrc09,e642b808-b11c-408e-82fa-8b01d07d8920,hrc10,src07@display=sequential
hrc09,hrc10,3c7ef17b-e826-4055-83ba-6a771c08659a,hrc09,src07@display=sequential
hrc09,hrc09,1211caf9-9b1b-4189-8c44-f768b7ee496c,hrc10,src07@display=sequential
hrc09,hrc09,4f149963-afe7-4e7f-882a-d92298266de8,hrc10,src07@display=sequential
hrc09,hrc09,cc41adc2-0128-483a-a929-40af98e50807,hrc10,src07@display=sequential
hrc08,hrc13,447c7140-f7b6-4b14-bdd2-8eea13d0c242,hrc08,src03@display=sequential
hrc08,hrc08,fdf2fd03-93a4-4751-b144-858499ab8b7f,hrc13,src03@display=sequential
hrc08,hrc13,1cd0a690-9a45-4224-b1bf-e4d32d4789b5,hrc08,src03@display=sequential
hrc08,hrc13,aff72792-47ad-419e-9732-8b02aa415e28,hrc08,src03@display=sequential
hrc08,hrc13,ce8915ce-0513-4c3d-9f55-b726199fa15a,hrc08,src03@display=sequential
hrc08,hrc13,41f2b15c-dbe4-473b-af00-28c8751e329e,hrc08,src03@display=sequential
hrc08,hrc08,e886d720-6d96-44b4-a38f-ef52c0aea62d,hrc13,src03@display=sequential
hrc08,hrc08,ba2e8111-193c-4c3d-8d6a-70f8f72bbea2,hrc13,src03@display=sequential
hrc08,hrc08,fb3aa600-7dad-4017-b757-92ee188220dc,hrc13,src03@display=sequential
hrc08,hrc08,24b6b941-c8a6-46ae-8975-47c98ad64ab2,hrc13,src03@display=sequential
,hrc19,447c7140-f7b6-4b14-bdd2-8eea13d0c242,hrc09,src04@display=sequential
hrc09,hrc19,58845140-df28-4fce-bf1c-d785294ee30e,hrc09,src04@display=sequential
hrc19,hrc19,0053f56a-3dfc-4463-8859-7205469af490,hrc09,src04@display=sequential
hrc09,hrc19,dbf0417a-0d93-4d64-b022-2db9f2a09242,hrc09,src04@display=sequential
,hrc09,03ef0614-5880-4283-869c-e93d4b9d990e,hrc19,src04@display=sequential
hrc09,hrc09,43de5aa3-6ca6-4e25-9742-c63818d012ca,hrc19,src04@display=sequential
hrc09,hrc09,4045a842-9f7c-40f9-80be-3d5831d6a738,hrc19,src04@display=sequential
hrc09,hrc19,6bd47135-ac01-4b14-8a59-fd0f773c048b,hrc09,src04@display=sequential
hrc09,hrc09,bb6d0d2d-b94a-492f-94a9-f55ed5467e0e,hrc19,src04@display=sequential
,hrc19,e739fe65-9837-4a8e-8058-6a0063fca411,hrc09,src04@display=sequential
hrc02,hrc02,0d3450b3-ca58-4972-9929-41fde9269c36,hrc04,src09@display=sequential
hrc04,hrc04,b014d3a9-188b-4d01-8b6b-6867ebb0997d,hrc02,src09@display=sequential
,hrc02,9fd30985-cc56-465e-8258-5cd25c69cf1b,hrc04,src09@display=sequential
hrc04,hrc02,447c7140-f7b6-4b14-bdd2-8eea13d0c242,hrc04,src09@display=sequential
hrc04,hrc02,07c33d31-ca90-4b64-83b4-e99784e28b49,hrc04,src09@display=sequential
hrc04,hrc02,fe48c6cf-dfb4-488e-9109-98fb8ec7c909,hrc04,src09@display=sequential
hrc02,hrc02,44d9eda0-c8bd-4bf7-add7-ddb3b53b45bd,hrc04,src09@display=sequential
hrc04,hrc02,7a541b70-1d9e-4eb0-898c-811d92959d4e,hrc04,src09@display=sequential
,hrc02,64c2f134-2df0-40e2-854a-c2cafa0df023,hrc04,src09@display=sequential
hrc02,hrc04,91e0d1d4-9f7e-4756-a50a-12bd3bbd1941,hrc02,src09@display=sequential
hrc17,hrc13,447c7140-f7b6-4b14-bdd2-8eea13d0c242,hrc17,src02@display=sequential
hrc13,hrc17,eadb6c2b-306e-44cc-aff9-fcde6aa2a7d8,hrc13,src02@display=sequential
hrc17,hrc17,b1ea6be7-fe29-4b9e-a8ba-e07c4943aac7,hrc13,src02@display=sequential
hrc17,hrc17,e96e0e40-8578-4490-afc3-dfb4e1b48a48,hrc13,src02@display=sequential
hrc17,hrc13,5e7b7399-d11c-4dbd-b93c-a054a679a25f,hrc17,src02@display=sequential
hrc17,hrc13,2079d5ff-c609-4f44-9674-c79839f7f3d1,hrc17,src02@display=sequential
hrc17,hrc13,e79fa7fb-62cf-4b20-8b29-1cd64f2820a4,hrc17,src02@display=sequential
hrc13,hrc17,0cc760c5-8660-492e-a4d2-c4360899975d,hrc13,src02@display=sequential
hrc13,hrc17,12247555-aca9-429f-a207-b97cd9e2cbec,hrc13,src02@display=sequential
hrc17,hrc17,fb5480ba-84ba-44f1-b7ef-93dbfcb1be78,hrc13,src02@display=sequential
original,hrc17,447c7140-f7b6-4b14-bdd2-8eea13d0c242,original,src08@display=sequential
original,hrc17,1a3f82b3-7431-4271-b1d3-20a62c2c99dc,original,src08@display=sequential
original,hrc17,5483fa79-a1d3-437e-9925-e36c78b80e67,original,src08@display=sequential
original,original,d0ff0cee-967d-4b1f-8398-f805a1c309bb,hrc17,src08@display=sequential
original,original,285e6ce4-b740-4a6e-9a62-d17f2e36da56,hrc17,src08@display=sequential
original,hrc17,082900d0-b541-4840-8099-04cd8537040b,original,src08@display=sequential
original,original,fa771af9-0334-4430-aa48-6fdf4401ccb8,hrc17,src08@display=sequential
original,original,6b443695-605c-4b3e-ad5c-4504b6a4935b,hrc17,src08@display=sequential
original,hrc17,10b76fc5-63d7-4546-af40-d353ff7c2bac,original,src08@display=sequential
original,original,ffcb775b-526f-4e28-8b0a-a53af6cae4fc,hrc17,src08@display=sequential
hrc16,hrc16,371cdc4f-5316-45e5-84cd-997130771a27,hrc13,src09@display=sequential
hrc13,hrc13,ff2c80e4-1759-42a7-a6bc-0b3eac9f9ed3,hrc16,src09@display=sequential
hrc16,hrc16,94bd995b-79a8-4b12-9fbc-f1f9f63dfdbf,hrc13,src09@display=sequential
hrc16,hrc16,f8bdbf2b-56fa-42ce-bc56-3bea94e0d7cb,hrc13,src09@display=sequential
hrc16,hrc13,feabbea3-3eb7-46a6-9150-d41a3944603d,hrc16,src09@display=sequential
hrc16,hrc16,3990f74e-2af9-40f4-a1ab-1c71da94a744,hrc13,src09@display=sequential
hrc16,hrc16,6140f270-6e48-4210-9132-c8a58eeb4d48,hrc13,src09@display=sequential
hrc16,hrc13,2eb24ce5-0ea1-4c90-92df-28195691abdd,hrc16,src09@display=sequential
hrc16,hrc16,a268d438-9f11-4978-8ad9-7ed49297521c,hrc13,src09@display=sequential
hrc16,hrc16,84327ee8-7e8c-4049-886f-05323cf7bbc3,hrc13,src09@display=sequential
original,original,371cdc4f-5316-45e5-84cd-997130771a27,hrc07,src07@display=sequential
,hrc07,d100eafa-1760-436d-bd9f-a9724e3f1ee6,original,src07@display=sequential
original,original,57c09e89-1614-4d50-8112-d27c826ebf65,hrc07,src07@display=sequential
original,original,b559e691-1ad1-47f2-bbb3-c0c843c2f5f8,hrc07,src07@display=sequential
,hrc07,e1d09195-68a7-4a6e-873b-35cb494a81e2,original,src07@display=sequential
,hrc07,c0841986-a23a-42a0-a152-ce477545bdd0,original,src07@display=sequential
original,hrc07,2daff1ae-37c2-45ec-b0eb-0e2eb34872bb,original,src07@display=sequential
,original,0bc2ef68-2eec-431d-a903-4e5fb7901115,hrc07,src07@display=sequential
,original,c3401f48-cfd7-4f88-b4f3-ec9dc22b55f8,hrc07,src07@display=sequential
,original,4386838f-4af9-4121-8895-9a6078e94dd5,hrc07,src07@display=sequential
hrc08,hrc08,371cdc4f-5316-45e5-84cd-997130771a27,hrc04,src01@display=sequential
,hrc08,f0c077b8-5233-41ba-9089-7e1b10f40640,hrc04,src01@display=sequential
hrc08,hrc04,36cb46ba-2416-4e33-8134-040d59c29db7,hrc08,src01@display=sequential
hrc08,hrc04,b886332d-223e-4326-be89-64ab855f095b,hrc08,src01@display=sequential
hrc08,hrc04,c0e69549-b15d-40ee-820b-e480007bc208,hrc08,src01@display=sequential
hrc08,hrc04,d9b5fc53-9935-4007-bdae-6fa5e7e7fc92,hrc08,src01@display=sequential
,hrc08,2c0b6a6c-d0ad-404b-b47e-56a9c31d76f0,hrc04,src01@display=sequential
hrc04,hrc04,3b1058e2-fe8a-4537-a14d-164020753a23,hrc08,src01@display=sequential
hrc08,hrc04,25b75a3c-786b-44b3-b448-9883ab9d0990,hrc08,src01@display=sequential
hrc04,hrc04,39d43d5b-46f8-414f-9020-3222318f84dc,hrc08,src01@display=sequential
hrc09,hrc21,371cdc4f-5316-45e5-84cd-997130771a27,hrc09,src03@display=sequential
,hrc09,38905ec1-bf21-4862-bd29-398e8eeb2295,hrc21,src03@display=sequential
hrc09,hrc21,9b0c0416-607d-4c8a-bc4e-ea233462e8ff,hrc09,src03@display=sequential
hrc21,hrc21,11f7b84a-0978-427c-8d2a-ec8d877db0cf,hrc09,src03@display=sequential
,hrc09,7522b6a2-33fd-4d39-9892-118173704b57,hrc21,src03@display=sequential
hrc09,hrc09,c6230a1a-bba9-4067-a204-87588e4d736c,hrc21,src03@display=sequential
,hrc21,e2546711-0b61-4b0a-91a2-3692f713334a,hrc09,src03@display=sequential
hrc09,hrc09,f265067e-4156-41bf-a356-5489e7eb5f56,hrc21,src03@display=sequential
hrc21,hrc09,37ec1046-f236-4488-a333-7f304a5fdfc7,hrc21,src03@display=sequential
hrc09,hrc21,e30de58c-2d4b-4fe4-b9a6-ad385c04edad,hrc09,src03@display=sequential
hrc04,hrc13,371cdc4f-5316-45e5-84cd-997130771a27,hrc04,src08@display=sequential
hrc04,hrc13,9ad10c3e-1a1c-47c3-99bb-3662130048fd,hrc04,src08@display=sequential
hrc04,hrc04,a808a4de-7bea-4369-8f71-1cb7d12f07d2,hrc13,src08@display=sequential
hrc04,hrc04,ec3147b5-c360-4dab-968a-ae71fecd3e29,hrc13,src08@display=sequential
hrc04,hrc04,e94fa128-840a-4f1c-8d0a-7e3c963a8b83,hrc13,src08@display=sequential
hrc04,hrc13,b65c2531-4fd5-4f51-9a89-79645ecc449a,hrc04,src08@display=sequential
hrc04,hrc13,98ce71da-42b5-40dc-ba86-68f8b2f86e1f,hrc04,src08@display=sequential
hrc04,hrc13,6bd47135-ac01-4b14-8a59-fd0f773c048b,hrc04,src08@display=sequential
hrc04,hrc04,9a5132b2-76b8-4072-aa1e-a8ad2272768b,hrc13,src08@display=sequential
hrc04,hrc04,e8e0dba2-353c-4c0f-a71d-3d0341a3ddb6,hrc13,src08@display=sequential
hrc04,hrc08,cce62b97-6ffc-4119-89f5-102422ff2691,hrc04,src06@display=sequential
,hrc04,e88a08d0-13f6-4bf9-ad6e-ddd7c77f7373,hrc08,src06@display=sequential
hrc08,hrc04,e430ba94-49f6-4874-9488-9d43de9fc88f,hrc08,src06@display=sequential
hrc04,hrc08,c0a4b3b4-26a8-4223-9d56-496a44fa7b3f,hrc04,src06@display=sequential
hrc04,hrc08,371cdc4f-5316-45e5-84cd-997130771a27,hrc04,src06@display=sequential
,hrc08,144a1937-b5d6-4765-b6d9-7b109e63d11a,hrc04,src06@display=sequential
hrc04,hrc08,99743e4c-daf4-4bfa-ab87-e89131a2c8f6,hrc04,src06@display=sequential
hrc04,hrc04,ce8915ce-0513-4c3d-9f55-b726199fa15a,hrc08,src06@display=sequential
hrc04,hrc04,19c32dbe-28f1-41dd-b4bd-520d0ae1860c,hrc08,src06@display=sequential
hrc08,hrc08,86b0a474-8f1a-4b98-894e-c0ce21f94dce,hrc04,src06@display=sequential
hrc20,hrc13,1c2ce761-1fe1-4d04-8f97-16a2a10de20d,hrc20,src03@display=sequential
hrc13,hrc20,bea90b0c-2411-4578-a6bf-accb02560906,hrc13,src03@display=sequential
hrc20,hrc13,1a3f82b3-7431-4271-b1d3-20a62c2c99dc,hrc20,src03@display=sequential
hrc20,hrc20,5483fa79-a1d3-437e-9925-e36c78b80e67,hrc13,src03@display=sequential
hrc20,hrc13,306ef9fb-b2aa-4eb0-b6b7-f160a0880759,hrc20,src03@display=sequential
hrc20,hrc20,600cbf91-d68d-4a24-9457-3bb048b161be,hrc13,src03@display=sequential
hrc20,hrc13,31d876be-00c7-4aff-98d2-67a95f368125,hrc20,src03@display=sequential
hrc20,hrc20,bdcc1e7a-95a7-4f0a-89b9-ef03f0ed7261,hrc13,src03@display=sequential
hrc20,hrc13,d693e8cd-acbe-470b-bf2b-5c6ff409dc71,hrc20,src03@display=sequential
hrc20,hrc13,45102dc6-4f10-4500-a0f1-b9a4537ebbbe,hrc20,src03@display=sequential
original,original,1c2ce761-1fe1-4d04-8f97-16a2a10de20d,hrc17,src06@display=sequential
original,hrc17,11d4d942-e945-4204-be57-396f71f413a0,original,src06@display=sequential
original,original,943e61f6-dc70-42d1-ab00-bd193c341085,hrc17,src06@display=sequential
original,original,ea1fced5-67ab-4744-8af5-26b265424a52,hrc17,src06@display=sequential
original,original,0cd7633d-6ff0-4fc9-93c8-d9b7e1e8ff24,hrc17,src06@display=sequential
hrc17,original,87becdf0-b143-4d89-af46-118582383619,hrc17,src06@display=sequential
original,hrc17,d27719b9-a882-45c6-8cc3-c9f6d571338d,original,src06@display=sequential
original,hrc17,4a0e0461-c8eb-4110-a0b5-fad9b69abf34,original,src06@display=sequential
original,hrc17,4b6c3b78-352c-4b84-9c29-a70e17c0e399,original,src06@display=sequential
original,original,dd0b4014-ce60-4ca7-ab3d-8d9ff47766fd,hrc17,src06@display=sequential
hrc12,hrc13,1c2ce761-1fe1-4d04-8f97-16a2a10de20d,hrc12,src07@display=sequential
hrc12,hrc13,60acbb26-ef95-4f72-a364-3ca612973a92,hrc12,src07@display=sequential
hrc12,hrc12,3ad42979-cd24-4628-a4da-5fe85c253715,hrc13,src07@display=sequential
hrc12,hrc12,2fba8665-903d-4a1d-affb-1d9d331f49a4,hrc13,src07@display=sequential
hrc12,hrc13,e8b75641-dc07-4974-9c94-cd85ade313d5,hrc12,src07@display=sequential
hrc12,hrc12,bda87d12-7e34-4288-abb7-7730774cfe50,hrc13,src07@display=sequential
hrc12,hrc12,b4170a87-8862-45d0-ae39-a2fa7515fc9d,hrc13,src07@display=sequential
hrc12,hrc13,2c0b6a6c-d0ad-404b-b47e-56a9c31d76f0,hrc12,src07@display=sequential
hrc12,hrc12,eaeedcc0-54af-4d8a-8d41-5f3f9420e804,hrc13,src07@display=sequential
hrc12,hrc13,1d7e8443-fd1d-48b1-9a31-005a653ad28d,hrc12,src07@display=sequential
hrc07,hrc07,1c2ce761-1fe1-4d04-8f97-16a2a10de20d,hrc13,src01@display=sequential
hrc07,hrc07,7686d813-d5e0-44f8-903b-16713b01a72d,hrc13,src01@display=sequential
hrc07,hrc13,fe33fee8-5006-45d4-8417-1d434a61505d,hrc07,src01@display=sequential
hrc07,hrc13,f48460fd-df6e-46c7-bd50-c8eb06fbeb8e,hrc07,src01@display=sequential
hrc07,hrc07,a6da5121-b372-4161-b0dc-f2fa121c82d8,hrc13,src01@display=sequential
hrc07,hrc13,d0807ae0-7cac-48cf-9fb5-e6472c49f3a6,hrc07,src01@display=sequential
hrc07,hrc13,ddcfd680-b0b1-4163-af51-6bc0fbc21a5f,hrc07,src01@display=sequential
hrc07,hrc07,927b9b1e-da20-4644-b8d6-f85a22be59d7,hrc13,src01@display=sequential
hrc07,hrc07,d2cf4226-323a-4fcb-8249-df61c89ff7e8,hrc13,src01@display=sequential
hrc07,hrc07,6f8a5c6a-feb4-476a-beb2-43405347d14b,hrc13,src01@display=sequential
hrc05,hrc13,1c2ce761-1fe1-4d04-8f97-16a2a10de20d,hrc05,src08@display=sequential
hrc05,hrc13,c4041511-376e-4f71-9c8e-acac17d0954a,hrc05,src08@display=sequential
hrc05,hrc05,42aa0e55-7209-46e7-89a1-6d855d35847c,hrc13,src08@display=sequential
hrc05,hrc13,a2cd5997-8ab2-40d5-af24-ff7745f16f87,hrc05,src08@display=sequential
hrc05,hrc05,cf05d5d1-53f7-4560-9fb1-c4020a9dcb97,hrc13,src08@display=sequential
hrc05,hrc05,98b09ff4-e3e5-4a56-a530-95ab35695116,hrc13,src08@display=sequential
hrc05,hrc05,b6306029-365c-41e2-9319-61c0c405c6f4,hrc13,src08@display=sequential
,hrc05,32128d68-b864-4e0e-9c13-989300fe1f5d,hrc13,src08@display=sequential
hrc05,hrc05,f62c787c-9092-47b5-b493-5f371ecab9f3,hrc13,src08@display=sequential
hrc05,hrc05,215a949e-c7d9-4a47-9700-b26141e218c8,hrc13,src08@display=sequential
hrc05,hrc05,1c2ce761-1fe1-4d04-8f97-16a2a10de20d,hrc10,src02@display=sequential
hrc05,hrc10,e4933001-a28b-487d-9bfd-c114ce6d130e,hrc05,src02@display=sequential
hrc05,hrc05,a4774df5-8eae-465d-8180-c488cf6e72ef,hrc10,src02@display=sequential
hrc05,hrc05,7ba3a129-ae12-46de-8820-d5b53c634220,hrc10,src02@display=sequential
hrc05,hrc10,c199f722-c139-4861-9744-4560a943312a,hrc05,src02@display=sequential
hrc05,hrc10,314669a2-7dac-4f5f-9604-1595a6684acb,hrc05,src02@display=sequential
hrc05,hrc05,53f17f2b-6a32-4ac6-b226-91275dd8b985,hrc10,src02@display=sequential
,hrc10,4095c1dd-b4e9-4e29-a6dd-67556deddbb5,hrc05,src02@display=sequential
hrc10,hrc10,8549911f-d533-4be3-bccb-c329e82caf2c,hrc05,src02@display=sequential
,hrc10,a65903f2-eb1f-4206-929e-6957d523b32a,hrc05,src02@display=sequential
hrc07,hrc18,1c2ce761-1fe1-4d04-8f97-16a2a10de20d,hrc07,src09@display=sequential
hrc07,hrc07,17af3b7f-f3da-4ae2-be50-11325270770f,hrc18,src09@display=sequential
hrc07,hrc07,b1ea6be7-fe29-4b9e-a8ba-e07c4943aac7,hrc18,src09@display=sequential
hrc07,hrc07,333d401b-efa1-4532-857c-dc442646d7e1,hrc18,src09@display=sequential
hrc07,hrc18,c0e69549-b15d-40ee-820b-e480007bc208,hrc07,src09@display=sequential
hrc07,hrc07,082900d0-b541-4840-8099-04cd8537040b,hrc18,src09@display=sequential
hrc07,hrc07,5740ef69-a9fb-42c2-b986-66e60752eb0f,hrc18,src09@display=sequential
hrc07,hrc18,9f00faa6-a756-4269-a038-adb6de52ec0d,hrc07,src09@display=sequential
hrc07,hrc18,39d43d5b-46f8-414f-9020-3222318f84dc,hrc07,src09@display=sequential
hrc07,hrc18,5efbb928-3bec-4b6c-b8c5-41607eba8d77,hrc07,src09@display=sequential
hrc13,hrc13,70e695fe-114b-4983-83ef-0b5c5e955fb4,hrc16,src03@display=sequential
hrc13,hrc16,5d057714-3fbd-4f10-97c9-c11263c29073,hrc13,src03@display=sequential
,hrc13,35a5e6fa-f38a-4cd9-a1ce-1df5e58a64d5,hrc16,src03@display=sequential
hrc13,hrc16,c8323faf-2696-4adb-8e2c-59d12c8a518f,hrc13,src03@display=sequential
hrc16,hrc16,71e14685-9bb1-453e-940d-07a99ca5950b,hrc13,src03@display=sequential
hrc16,hrc13,702fb032-4e58-4351-a7b9-4d973e83ab6e,hrc16,src03@display=sequential
hrc13,hrc13,2e1c5ff1-e376-4bef-a680-7c80520888f0,hrc16,src03@display=sequential
hrc16,hrc13,7b386b95-ce0d-4fce-a835-59be5bcfc864,hrc16,src03@display=sequential
hrc13,hrc16,b4e1fa11-f8c7-4c37-91e5-ab34c817ae12,hrc13,src03@display=sequential
hrc13,hrc13,938ee2d9-0612-434e-8ced-1e766ff31000,hrc16,src03@display=sequential
hrc20,hrc05,70e695fe-114b-4983-83ef-0b5c5e955fb4,hrc20,src02@display=sequential
hrc20,hrc05,b3ab6afb-5443-4339-b704-960084f98591,hrc20,src02@display=sequential
hrc20,hrc05,3bfa18a6-0a8c-4599-9b10-98689041a469,hrc20,src02@display=sequential
hrc20,hrc05,d2cbcac4-4ae9-45fa-ab83-1226cebc893f,hrc20,src02@display=sequential
hrc20,hrc05,45e1e015-506b-4217-a64f-4f2b2d502cda,hrc20,src02@display=sequential
hrc20,hrc20,928f738f-8508-48b5-a38d-33451eab8633,hrc05,src02@display=sequential
hrc20,hrc20,0c7cd81d-925c-4743-a2d6-52c210ca2c4d,hrc05,src02@display=sequential
hrc20,hrc05,226606bc-5276-4f2d-9a2c-b56c14b8bcdf,hrc20,src02@display=sequential
hrc20,hrc05,32b1e827-4cf2-468f-9797-4a40b9ed4a47,hrc20,src02@display=sequential
hrc20,hrc05,2d88bf11-2afb-4e46-aea9-b4aa2d240f8c,hrc20,src02@display=sequential
hrc16,hrc10,70e695fe-114b-4983-83ef-0b5c5e955fb4,hrc16,src09@display=sequential
hrc10,hrc16,382bd03d-ed65-4ddb-a6a5-6fc3acb136bd,hrc10,src09@display=sequential
hrc16,hrc16,56d73c46-8181-476a-8cb6-4e14d196dea1,hrc10,src09@display=sequential
hrc16,hrc16,2082be69-3d1a-46ad-b3cf-b33db5b98382,hrc10,src09@display=sequential
hrc16,hrc16,01904d44-e0cb-4817-a8d8-d2f99d1f7947,hrc10,src09@display=sequential
hrc16,hrc16,7874da72-8ea1-4e57-abe0-af1f5b35cf3a,hrc10,src09@display=sequential
hrc16,hrc10,26f1a4f3-2de9-4b62-9f2e-9184870cb93e,hrc16,src09@display=sequential
,hrc10,56dca4c8-e374-4954-ad6b-2e964a5df796,hrc16,src09@display=sequential
hrc16,hrc16,a07731ab-f9d3-46b8-b2de-afcf6b424aeb,hrc10,src09@display=sequential
hrc16,hrc16,8ff1358b-2362-4541-bef9-aaa77d3cedb2,hrc10,src09@display=sequential
hrc08,hrc08,70e695fe-114b-4983-83ef-0b5c5e955fb4,hrc09,src01@display=sequential
hrc08,hrc09,fc66ffa3-14fc-4401-a95b-eedb200be7d9,hrc08,src01@display=sequential
hrc08,hrc09,eaa5315e-7904-41da-ad17-313ff2625ef5,hrc08,src01@display=sequential
hrc08,hrc08,ba734442-c953-48c5-a8ce-20166773bf6a,hrc09,src01@display=sequential
hrc08,hrc09,d06c5043-187d-45b6-a654-ec690918445f,hrc08,src01@display=sequential
,hrc09,54610d4e-5622-4fe4-9db3-a3db3d3e936f,hrc08,src01@display=sequential
hrc08,hrc09,3ad72fd4-4689-4163-a828-dd1744964c11,hrc08,src01@display=sequential
hrc08,hrc08,e58844a6-5ea7-4ff9-84af-63ca198af1e2,hrc09,src01@display=sequential
hrc08,hrc08,05de8bc7-41eb-47be-80e6-4c24be43649c,hrc09,src01@display=sequential
hrc08,hrc08,1d2ed32a-13f4-4021-896f-073296654209,hrc09,src01@display=sequential
,hrc18,70e695fe-114b-4983-83ef-0b5c5e955fb4,original,src07@display=sequential
original,hrc18,35dca9af-478f-4d4b-9b7e-5282ae66c558,original,src07@display=sequential
original,original,f936dac4-e73d-41d4-b1e6-f9c3189f9fd1,hrc18,src07@display=sequential
original,hrc18,389dadbc-d92b-46ab-9e1d-6c635bb3c5aa,original,src07@display=sequential
original,original,0d7f37d0-f53e-4a52-a78b-afc17556431e,hrc18,src07@display=sequential
,hrc18,e6fc1745-e793-4db0-a5ca-9fe262db0dcb,original,src07@display=sequential
,original,17d1397c-63b2-4fba-b4cd-01580d48fa8e,hrc18,src07@display=sequential
original,hrc18,d127198b-74be-4c79-9d44-24120e804d7c,original,src07@display=sequential
hrc18,original,18bf1906-21d2-4d8f-9a24-12e0783263bf,hrc18,src07@display=sequential
original,hrc18,88ad40fc-1622-47b5-9086-b7b7f2c69c4e,original,src07@display=sequential
hrc12,hrc21,262cca7b-6b71-4c12-afe8-728ea07d533a,hrc12,src08@display=sequential
,hrc12,7341608e-8a94-48aa-9aac-53d556ee0c5b,hrc21,src08@display=sequential
hrc21,hrc21,2140537a-e344-4a76-81a0-e36902bebd8c,hrc12,src08@display=sequential
,hrc12,eca046f8-b87a-462c-8926-24edcb9d9f21,hrc21,src08@display=sequential
,hrc12,73bc4325-66f7-441c-aedd-b9b15a616e60,hrc21,src08@display=sequential
,hrc12,86f1012a-cb24-4aea-8fb1-43cf2f564d78,hrc21,src08@display=sequential
hrc21,hrc21,93596366-ce37-42f6-b977-85e17c6b6323,hrc12,src08@display=sequential
,hrc21,07378324-0772-4f67-aee2-23bc754f81b6,hrc12,src08@display=sequential
hrc21,hrc12,01d6be2c-7f4e-4112-b3bb-c8851ced9397,hrc21,src08@display=sequential
hrc12,hrc21,07e0efcb-001f-491e-aa9f-cca467743d01,hrc12,src08@display=sequential
hrc21,hrc16,2140537a-e344-4a76-81a0-e36902bebd8c,hrc21,src03@display=sequential
hrc21,hrc16,b2050466-f235-4258-9cad-bdd9aa52afc2,hrc21,src03@display=sequential
hrc21,hrc16,2bc6723c-6d0f-472f-8eda-70e418545225,hrc21,src03@display=sequential
hrc21,hrc21,515db079-946d-43fc-ad4f-da5008eb87ea,hrc16,src03@display=sequential
hrc21,hrc16,f0119fe7-19cb-45d6-98b1-8d30f3994399,hrc21,src03@display=sequential
hrc21,hrc21,835319a2-89cb-4cdc-92ac-97ef2d4ab247,hrc16,src03@display=sequential
hrc21,hrc16,35000692-6b52-47f3-b5aa-d03481ae3eb5,hrc21,src03@display=sequential
hrc21,hrc16,99743e4c-daf4-4bfa-ab87-e89131a2c8f6,hrc21,src03@display=sequential
hrc21,hrc16,e9f063c9-f724-4652-b11a-5e4f1b67c58a,hrc21,src03@display=sequential
hrc21,hrc21,7e0d9c54-ab06-406e-9404-376c6cb54cc9,hrc16,src03@display=sequential
hrc20,hrc20,86f1012a-cb24-4aea-8fb1-43cf2f564d78,hrc16,src07@display=sequential
hrc20,hrc16,89011f22-37a1-4f64-b709-dcf63ad6d18b,hrc20,src07@display=sequential
hrc20,hrc20,f3b6f948-ae20-480b-b2e8-052f53a70678,hrc16,src07@display=sequential
hrc20,hrc20,d6027bc7-293a-4c1b-b564-58c113ba4161,hrc16,src07@display=sequential
hrc20,hrc20,0b20d6f6-fcf4-43e4-a46c-1b42be59e085,hrc16,src07@display=sequential
hrc20,hrc20,1ac2dd7c-2993-4a15-a53f-3af54deb2789,hrc16,src07@display=sequential
hrc20,hrc20,2140537a-e344-4a76-81a0-e36902bebd8c,hrc16,src07@display=sequential
hrc20,hrc16,00e0b3b3-defe-48ce-aaeb-a2e4d70b22c2,hrc20,src07@display=sequential
hrc20,hrc16,fb5480ba-84ba-44f1-b7ef-93dbfcb1be78,hrc20,src07@display=sequential
hrc20,hrc20,8a725e7a-8f22-4487-8125-b725545dc485,hrc16,src07@display=sequential
hrc02,hrc09,2140537a-e344-4a76-81a0-e36902bebd8c,hrc02,src02@display=sequential
,hrc02,72afd759-8740-43e7-ad36-748d80c2ddb2,hrc09,src02@display=sequential
hrc02,hrc02,c835e219-186e-4440-8c16-769b1d05bf29,hrc09,src02@display=sequential
hrc09,hrc02,35a5e6fa-f38a-4cd9-a1ce-1df5e58a64d5,hrc09,src02@display=sequential
,hrc02,94f8e362-2fe0-4596-a14e-b13248907924,hrc09,src02@display=sequential
hrc02,hrc02,8d4e5eed-e5d0-458f-bd23-a31748731768,hrc09,src02@display=sequential
hrc02,hrc02,da8f040c-b701-44b5-ac7a-47f459e0f56a,hrc09,src02@display=sequential
,hrc02,d96b7ae5-1e66-4e19-bcca-dcb1cf8f646d,hrc09,src02@display=sequential
,hrc02,7de80bf2-500e-478d-af55-ba3cd4f18a29,hrc09,src02@display=sequential
,hrc02,bc998eae-55a0-4a74-80a8-20a27838be1a,hrc09,src02@display=sequential
hrc12,hrc12,2140537a-e344-4a76-81a0-e36902bebd8c,hrc02,src09@display=sequential
hrc02,hrc02,c71727c6-7153-435c-987a-c909d1f6afb3,hrc12,src09@display=sequential
,hrc02,7763f75d-5547-4454-ad57-f9fc777a23d9,hrc12,src09@display=sequential
hrc02,hrc12,14cd44b5-5d36-4f69-be0a-f4be1d6bfc59,hrc02,src09@display=sequential
,hrc02,57276fbb-57d2-40e9-b2ec-07c74e77b724,hrc12,src09@display=sequential
,hrc02,48b0ecc7-6a07-4117-a6a2-e7e762ff7646,hrc12,src09@display=sequential
hrc02,hrc02,efec50c6-91a7-440c-9aea-465ed22f7ea8,hrc12,src09@display=sequential
hrc12,hrc02,2abfdeee-2fd3-4b37-82d9-e2ba44da1bcf,hrc12,src09@display=sequential
hrc02,hrc02,e2d4c222-36f6-4569-87c8-d78cdc2588f3,hrc12,src09@display=sequential
hrc02,hrc12,dd0b4014-ce60-4ca7-ab3d-8d9ff47766fd,hrc02,src09@display=sequential
hrc09,hrc17,e1a81f7d-52d5-42f1-a2d0-3c29476b9636,hrc09,src09@display=sequential
hrc09,hrc09,2268b1e8-ab95-4a64-bbb0-4dc64f270f4f,hrc17,src09@display=sequential
hrc09,hrc17,ee62cd40-eb37-45c7-91fd-09a4476d01a9,hrc09,src09@display=sequential
hrc17,hrc09,f006a370-cff3-4e73-a6dc-4bded3fe0f75,hrc17,src09@display=sequential
hrc09,hrc09,393f17cf-39ac-43fc-8555-4164fc3d866b,hrc17,src09@display=sequential
hrc09,hrc09,69c3ed9d-d1a6-4b14-a616-fef3656533bc,hrc17,src09@display=sequential
hrc09,hrc09,b412d0a7-b934-4b16-aa21-5145df105da7,hrc17,src09@display=sequential
hrc09,hrc09,f5c65d98-da4b-4ebe-8638-393f3d2741c0,hrc17,src09@display=sequential
hrc09,hrc09,12247555-aca9-429f-a207-b97cd9e2cbec,hrc17,src09@display=sequential
hrc09,hrc17,5e7b7399-d11c-4dbd-b93c-a054a679a25f,hrc09,src09@display=sequential
chrc11,chrc11,502847cb-21d3-4808-bd8a-4ec3b2a1c24c,chrc01,csrc12@display=sequential
chrc11,chrc01,b095e845-0f71-4a09-8f0e-77b302587a01,chrc11,csrc12@display=sequential
chrc01,chrc01,2ae6675c-c739-44f0-860a-11311acb04f1,chrc11,csrc12@display=sequential
,chrc11,38f44379-14d3-428f-9b62-0912929e8b78,chrc01,csrc12@display=sequential
chrc11,chrc01,74af2a5c-993c-4783-9d09-ade01b63051f,chrc11,csrc12@display=sequential
chrc11,chrc11,b412d0a7-b934-4b16-aa21-5145df105da7,chrc01,csrc12@display=sequential
chrc11,chrc11,809ceea6-b27d-4b7f-aacb-214a78fe5623,chrc01,csrc12@display=sequential
chrc11,chrc11,74cc3f67-0c1c-46ee-aa87-d1092bf64bb4,chrc01,csrc12@display=sequential
chrc01,chrc01,6f8a5c6a-feb4-476a-beb2-43405347d14b,chrc11,csrc12@display=sequential
chrc01,chrc01,42cf276e-584f-459f-92b9-c2966ba7f50e,chrc11,csrc12@display=sequential
hrc02,hrc08,3a734a80-9259-40ba-be9d-459a898ba938,hrc02,src05@display=sequential
hrc02,hrc02,b412d0a7-b934-4b16-aa21-5145df105da7,hrc08,src05@display=sequential
hrc02,hrc02,974a075a-e55c-4415-807d-4e07735b6e1d,hrc08,src05@display=sequential
hrc02,hrc02,32899118-d8fd-46ad-b83a-9e8ce0bdc1c7,hrc08,src05@display=sequential
,hrc08,e9aa57ae-3fd7-4f57-aa6b-889f6b4630bf,hrc02,src05@display=sequential
hrc02,hrc02,fdb19be6-2ae6-4d67-88e5-7730eec07397,hrc08,src05@display=sequential
hrc02,hrc08,3b1b4424-3cd1-4584-bbb5-5e27d1680658,hrc02,src05@display=sequential
hrc02,hrc02,54def2f7-632c-4e93-9b86-2370f6ecfb35,hrc08,src05@display=sequential
hrc08,hrc02,01d6be2c-7f4e-4112-b3bb-c8851ced9397,hrc08,src05@display=sequential
hrc02,hrc08,6b7cf11a-44c3-48d0-87a8-cdc05b3801e6,hrc02,src05@display=sequential
hrc07,hrc07,66bbfe16-e8a0-4b41-bbb9-8d4184c0f119,hrc08,src08@display=sequential
hrc07,hrc08,b412d0a7-b934-4b16-aa21-5145df105da7,hrc07,src08@display=sequential
hrc07,hrc07,a598dfc3-ed57-44eb-8b48-92b2c1dd6086,hrc08,src08@display=sequential
hrc07,hrc07,ddffe468-0319-485b-a9f2-2d7cb355367d,hrc08,src08@display=sequential
hrc08,hrc07,96156214-ba1f-44ad-b911-4cd9c3e80a16,hrc08,src08@display=sequential
,hrc08,3d040136-b0d3-48f0-851c-30d451910291,hrc07,src08@display=sequential
hrc08,hrc07,5d3dc6a3-01dc-43b0-8cff-bfbde0c40871,hrc08,src08@display=sequential
hrc07,hrc07,f33c2c13-eae4-419f-9589-dd92b5088180,hrc08,src08@display=sequential
hrc07,hrc08,bb12ebc6-b177-4457-8641-32a00e45e4a3,hrc07,src08@display=sequential
hrc07,hrc07,e886d720-6d96-44b4-a38f-ef52c0aea62d,hrc08,src08@display=sequential
hrc12,hrc12,b412d0a7-b934-4b16-aa21-5145df105da7,hrc08,src04@display=sequential
hrc12,hrc12,c7393313-6dbc-4da9-9dd7-d677cd4aa45b,hrc08,src04@display=sequential
hrc12,hrc08,7049aa82-15c3-4aa7-807f-379c1ea7f2c9,hrc12,src04@display=sequential
hrc12,hrc12,df4292d0-100f-419b-bb47-77f336b78a08,hrc08,src04@display=sequential
hrc12,hrc08,2079d5ff-c609-4f44-9674-c79839f7f3d1,hrc12,src04@display=sequential
hrc12,hrc08,2167d9eb-7db5-4c9e-9b6f-576f21f3db82,hrc12,src04@display=sequential
hrc12,hrc12,33e83277-87c9-40aa-9ef4-04f73519dc05,hrc08,src04@display=sequential
hrc12,hrc08,201ca70f-e731-4e8e-a125-f82579361303,hrc12,src04@display=sequential
hrc12,hrc12,051f4c64-8631-42c6-85f8-d7168adf4874,hrc08,src04@display=sequential
hrc12,hrc08,fd14a53a-2ddf-497c-b651-2126b3686b54,hrc12,src04@display=sequential
,hrc07,3266e1c9-08ee-4211-9f34-1170e2ecb043,hrc04,src01@display=sequential
hrc07,hrc04,4ae1d15b-34bc-41bf-8729-623211970811,hrc07,src01@display=sequential
hrc07,hrc04,20f66b79-3f1d-4554-88c5-52523b9a4b27,hrc07,src01@display=sequential
,hrc07,909ad99b-fa8b-4cfd-b7e7-e4df1f5f24b9,hrc04,src01@display=sequential
hrc07,hrc07,0441b07d-420d-4150-9b33-b41f9f87be60,hrc04,src01@display=sequential
hrc07,hrc04,b412d0a7-b934-4b16-aa21-5145df105da7,hrc07,src01@display=sequential
hrc04,hrc04,0d3450b3-ca58-4972-9929-41fde9269c36,hrc07,src01@display=sequential
hrc07,hrc04,2360f12b-fd5b-4617-9fd0-5672e2a40b5d,hrc07,src01@display=sequential
hrc07,hrc04,12247555-aca9-429f-a207-b97cd9e2cbec,hrc07,src01@display=sequential
hrc07,hrc04,1dbdf6dc-299d-4b99-8cdb-c46794344655,hrc07,src01@display=sequential
hrc19,hrc19,fdd71d4d-86e1-473c-8d6a-212eac301182,hrc13,src03@display=sequential
hrc19,hrc13,c0261397-7755-4f0f-b0a4-681c1cae71b6,hrc19,src03@display=sequential
hrc19,hrc19,7e98f940-e3dc-44a6-a8fd-efa346cb7697,hrc13,src03@display=sequential
hrc19,hrc13,a7e6cf69-b8cc-4cbc-964e-f6819e5cd6a4,hrc19,src03@display=sequential
hrc19,hrc13,dfac2e10-076c-4c94-b7a2-509a29363a96,hrc19,src03@display=sequential
hrc19,hrc19,33e83277-87c9-40aa-9ef4-04f73519dc05,hrc13,src03@display=sequential
hrc19,hrc13,a1fd54d6-0aeb-4802-a1a9-b0e31ab0ad36,hrc19,src03@display=sequential
hrc13,hrc19,be25cfd3-2f0b-42ca-b68b-807e9954418e,hrc13,src03@display=sequential
hrc19,hrc13,241b830e-0e58-4e17-a663-88a3a821ac3e,hrc19,src03@display=sequential
hrc19,hrc19,b412d0a7-b934-4b16-aa21-5145df105da7,hrc13,src03@display=sequential
hrc20,hrc20,07c33d31-ca90-4b64-83b4-e99784e28b49,hrc05,src04@display=sequential
hrc20,hrc05,eadb6c2b-306e-44cc-aff9-fcde6aa2a7d8,hrc20,src04@display=sequential
hrc20,hrc05,de673751-ad54-476d-9e45-5e82a3cea63d,hrc20,src04@display=sequential
hrc20,hrc05,a07f105d-b327-4e67-a324-e213ab12c547,hrc20,src04@display=sequential
hrc20,hrc20,e1c3c1f9-f59c-4c62-8fa3-8f19be438b85,hrc05,src04@display=sequential
hrc20,hrc05,3f85bc0e-c112-4433-8f8f-45ffb4d9f825,hrc20,src04@display=sequential
hrc20,hrc05,29c269f6-6a68-452f-966a-32a3b90781a1,hrc20,src04@display=sequential
hrc20,hrc20,49ecc985-24ed-446c-8c82-950e120f85ba,hrc05,src04@display=sequential
hrc20,hrc05,513c4fa3-6b47-439f-8b41-c8bc61b20ba8,hrc20,src04@display=sequential
hrc20,hrc05,72ed54fa-f4f0-473b-a829-ac89abe9d3c5,hrc20,src04@display=sequential
,hrc10,07c33d31-ca90-4b64-83b4-e99784e28b49,hrc16,src02@display=sequential
hrc10,hrc16,5359c039-f974-44eb-8bf2-a15031e7dabe,hrc10,src02@display=sequential
hrc16,hrc16,ad107398-33a4-4479-86ee-10181456c5b9,hrc10,src02@display=sequential
hrc10,hrc10,e802d7f4-170f-4b14-9db6-3528dd3b697d,hrc16,src02@display=sequential
hrc16,hrc16,e1d09195-68a7-4a6e-873b-35cb494a81e2,hrc10,src02@display=sequential
hrc10,hrc10,35000692-6b52-47f3-b5aa-d03481ae3eb5,hrc16,src02@display=sequential
hrc16,hrc16,f9cbea11-d50a-4473-8583-2756324ec9fa,hrc10,src02@display=sequential
,hrc10,55d3eb0b-85e9-424a-8a9b-61d092b40bd1,hrc16,src02@display=sequential
hrc10,hrc16,9ff9d03b-26f1-4cd0-958a-820c3c75ba32,hrc10,src02@display=sequential
hrc10,hrc10,8ff1358b-2362-4541-bef9-aaa77d3cedb2,hrc16,src02@display=sequential
hrc09,hrc09,07c33d31-ca90-4b64-83b4-e99784e28b49,hrc18,src03@display=sequential
hrc09,hrc18,33285b45-2963-4ceb-8111-877417789be1,hrc09,src03@display=sequential
hrc09,hrc09,ab8731a7-c17c-49d1-881c-ab56930ea3e4,hrc18,src03@display=sequential
hrc09,hrc09,01904d44-e0cb-4817-a8d8-d2f99d1f7947,hrc18,src03@display=sequential
hrc09,hrc09,430b85a3-c4ae-4d20-a43c-71d6080b9eb1,hrc18,src03@display=sequential
,hrc09,60458390-32fa-4441-b820-90787c5343f6,hrc18,src03@display=sequential
hrc09,hrc09,bb6d0d2d-b94a-492f-94a9-f55ed5467e0e,hrc18,src03@display=sequential
hrc09,hrc09,c4b4c465-69fa-4440-8297-38bbd5b0b5d4,hrc18,src03@display=sequential
hrc09,hrc09,a7c0d27b-b535-4741-abf9-a1fec2399bd6,hrc18,src03@display=sequential
hrc18,hrc09,8c6347a1-9073-43a1-a02c-299b19f1b2b1,hrc18,src03@display=sequential
hrc02,hrc16,cdf4f7d3-5102-4605-9a14-fb1197c927a8,hrc02,src07@display=sequential
hrc02,hrc02,6afbcd4e-754d-4cb0-b039-3ad6afbf633b,hrc16,src07@display=sequential
hrc02,hrc16,54707083-dc19-4e62-8c91-f5df5e49ee2d,hrc02,src07@display=sequential
hrc02,hrc02,13d8e79f-b78d-4090-b59a-b516d546b349,hrc16,src07@display=sequential
hrc02,hrc02,c0e526aa-54a9-4187-bc52-4f56df7ea910,hrc16,src07@display=sequential
hrc02,hrc16,05bbbdbc-3637-4492-9d38-a5af08b94693,hrc02,src07@display=sequential
hrc02,hrc16,2fee481f-e69f-4359-87d3-cf4825a653fe,hrc02,src07@display=sequential
hrc02,hrc02,7e199bb2-9e3d-466f-b778-f12547a0ef72,hrc16,src07@display=sequential
hrc02,hrc02,75c4ab50-a4aa-4fd4-b430-ef329c45fc1b,hrc16,src07@display=sequential
hrc02,hrc16,6a98c9e8-2ad1-4e94-9b64-768f79f5a556,hrc02,src07@display=sequential
hrc07,hrc07,cdf4f7d3-5102-4605-9a14-fb1197c927a8,hrc16,src06@display=sequential
hrc07,hrc07,c5b0d22e-1cc5-4408-b4f7-e79652a808ee,hrc16,src06@display=sequential
hrc07,hrc16,003d62a2-e400-4a0d-8dc3-7805faeb9a7b,hrc07,src06@display=sequential
hrc07,hrc16,7e35fb7d-230e-4635-bf54-a51aab87f3a7,hrc07,src06@display=sequential
hrc07,hrc16,c07bc56b-eae7-49b2-bab4-79cd32536be2,hrc07,src06@display=sequential
hrc07,hrc07,98d05a59-115c-43a5-8845-daafef401e10,hrc16,src06@display=sequential
hrc07,hrc07,9d199c7e-9811-4344-b93f-7cc29ae8e563,hrc16,src06@display=sequential
hrc07,hrc16,28f3ffe7-8eb8-4a16-9663-0a71ff4feb38,hrc07,src06@display=sequential
hrc07,hrc16,77d2ccfb-ea78-4f68-bea0-064eb802d8b9,hrc07,src06@display=sequential
hrc07,hrc07,9bf893fd-8e82-4b0e-bc2b-b001e5f912c4,hrc16,src06@display=sequential
original,original,cdf4f7d3-5102-4605-9a14-fb1197c927a8,hrc21,src02@display=sequential
original,original,f683c15d-84e9-44ca-963c-37ae92c878a0,hrc21,src02@display=sequential
hrc21,original,f4ff5c1b-9241-474d-80db-0ff5fd2f6bdf,hrc21,src02@display=sequential
original,original,97f15f79-2e8c-4f8f-bdf8-57bc17a7a1f9,hrc21,src02@display=sequential
hrc21,hrc21,8c2b0451-0fb5-484e-8355-79304c222887,original,src02@display=sequential
original,original,054b9d42-a10e-4563-9d6e-e161da3640fd,hrc21,src02@display=sequential
original,hrc21,8b82218a-90c4-4f4a-8bcb-f70c2de70614,original,src02@display=sequential
original,hrc21,de72b01b-833a-4081-8d29-5f625c2d03fb,original,src02@display=sequential
original,hrc21,08473901-0621-448d-b64d-61aa72567205,original,src02@display=sequential
,hrc21,7f60cd05-3ea6-4d0e-87e8-632c5ff9743b,original,src02@display=sequential
hrc05,hrc18,cdf4f7d3-5102-4605-9a14-fb1197c927a8,hrc05,src08@display=sequential
hrc05,hrc05,79384cbc-8849-4e8b-9bc8-729523cda045,hrc18,src08@display=sequential
hrc05,hrc05,78303b02-0ba1-4849-8789-c6c7c276bb31,hrc18,src08@display=sequential
hrc18,hrc18,9a3c3143-eeae-4a15-a35f-894bc5b74e70,hrc05,src08@display=sequential
hrc05,hrc18,bf1fb90d-b8ab-467e-992d-2a9696fa650b,hrc05,src08@display=sequential
hrc05,hrc18,b559e691-1ad1-47f2-bbb3-c0c843c2f5f8,hrc05,src08@display=sequential
hrc05,hrc05,391d7919-cc5f-4309-81f6-ce6cfc04a7bc,hrc18,src08@display=sequential
hrc18,hrc18,63fa730e-878e-451e-9b62-555a1567818a,hrc05,src08@display=sequential
hrc18,hrc18,4386838f-4af9-4121-8895-9a6078e94dd5,hrc05,src08@display=sequential
hrc18,hrc05,8182bf73-0cb3-422e-8eb3-0cbb71037d76,hrc18,src08@display=sequential
hrc13,hrc13,cdf4f7d3-5102-4605-9a14-fb1197c927a8,hrc16,src01@display=sequential
hrc16,hrc16,9f68eedf-f31c-451d-a986-2a8f55f28aa4,hrc13,src01@display=sequential
,hrc13,35777d6a-3f13-436d-aeac-f175175f5a1c,hrc16,src01@display=sequential
hrc16,hrc13,0053f56a-3dfc-4463-8859-7205469af490,hrc16,src01@display=sequential
hrc16,hrc16,d7ccb7af-590f-4f88-bbdb-cb8e68e72518,hrc13,src01@display=sequential
hrc16,hrc16,600cbf91-d68d-4a24-9457-3bb048b161be,hrc13,src01@display=sequential
hrc16,hrc16,ae4c00ce-4550-481b-a407-ae258ddbd276,hrc13,src01@display=sequential
,hrc16,86d4496d-95f4-42fb-aa84-ac80e6bf2f82,hrc13,src01@display=sequential
hrc16,hrc13,6dd3a163-db41-4440-8d55-ed3d84cb78ae,hrc16,src01@display=sequential
hrc16,hrc16,6d49b4f9-c138-4a5f-89f6-c7f16201e76c,hrc13,src01@display=sequential
,hrc04,cdf4f7d3-5102-4605-9a14-fb1197c927a8,original,src04@display=sequential
,hrc04,9a628bc0-babc-4781-a306-fb94b8f002ae,original,src04@display=sequential
,hrc04,e014ebd9-cd30-437e-a333-6be5f7828d6d,original,src04@display=sequential
hrc04,original,299729cd-be73-45ed-a747-d83ab1327861,hrc04,src04@display=sequential
original,original,58f5993c-9061-4198-9190-1ba69c8c5bf2,hrc04,src04@display=sequential
,hrc04,e44dbcab-120c-411c-b746-5ce312213b75,original,src04@display=sequential
original,original,e1c3e5d6-ca2e-41ad-8695-fcff92798414,hrc04,src04@display=sequential
hrc04,hrc04,37ec1046-f236-4488-a333-7f304a5fdfc7,original,src04@display=sequential
,hrc04,819d099f-3867-4dc9-9654-7215ae56bc6b,original,src04@display=sequential
hrc04,original,b914574b-e89a-44f2-99af-2232911e216d,hrc04,src04@display=sequential
hrc09,hrc02,144a1937-b5d6-4765-b6d9-7b109e63d11a,hrc09,src07@display=sequential
hrc02,hrc02,9aa9ce3f-8ff6-4653-96df-427197849f72,hrc09,src07@display=sequential
hrc09,hrc09,a54f674c-0f58-452d-9942-8e3cfd73ef19,hrc02,src07@display=sequential
,hrc02,48ab3d96-1eab-4483-bf3f-b690ddb1a5cb,hrc09,src07@display=sequential
hrc02,hrc02,bd86f5f7-6fbd-4680-a9d5-5a34f343eba2,hrc09,src07@display=sequential
,hrc09,e886156a-16d3-42e3-b41a-4975284ac07f,hrc02,src07@display=sequential
,hrc09,065f3d2b-259a-432d-8636-22c31cc31048,hrc02,src07@display=sequential
hrc09,hrc02,232fe1a0-97fb-4560-816a-d80445fda792,hrc09,src07@display=sequential
,hrc09,c99a62dd-b2e6-4d8f-9986-44d28d8c8dc1,hrc02,src07@display=sequential
hrc09,hrc02,f7a57a0e-fc33-4611-9435-fd7e359f7394,hrc09,src07@display=sequential
hrc02,hrc02,144a1937-b5d6-4765-b6d9-7b109e63d11a,hrc18,src04@display=sequential
hrc02,hrc18,fc2d5087-17df-4c84-844b-23b0339b666b,hrc02,src04@display=sequential
hrc02,hrc18,20f66b79-3f1d-4554-88c5-52523b9a4b27,hrc02,src04@display=sequential
hrc18,hrc18,c15c4cb8-d927-4f2a-adf4-af121b87b70b,hrc02,src04@display=sequential
hrc02,hrc02,15823cce-8dd0-4043-a063-eb157f7a8b5f,hrc18,src04@display=sequential
,hrc02,a471abf2-3b44-4da3-a664-17b747e632f6,hrc18,src04@display=sequential
hrc02,hrc18,4eb1d1af-ab6a-441d-99c3-0baadc8799ac,hrc02,src04@display=sequential
hrc02,hrc02,73947d9a-9287-4e35-bee3-93d830c0fa0a,hrc18,src04@display=sequential
hrc02,hrc18,7f3041e3-410f-4d6c-bbe7-88fa3f554f22,hrc02,src04@display=sequential
hrc02,hrc02,d360835c-e531-45d7-880a-45390ee03e29,hrc18,src04@display=sequential
hrc02,hrc02,144a1937-b5d6-4765-b6d9-7b109e63d11a,hrc16,src03@display=sequential
hrc02,hrc16,4a563c82-9cb0-45fa-b0d9-acdbe3db8b47,hrc02,src03@display=sequential
hrc02,hrc16,630ff0a1-fb06-4ccb-8371-5093b4b80f83,hrc02,src03@display=sequential
hrc16,hrc16,596a4e13-7796-4561-90a1-76039346e88a,hrc02,src03@display=sequential
hrc02,hrc02,4d46e51f-dff6-46d4-9b9a-70501b6b053b,hrc16,src03@display=sequential
hrc02,hrc16,17af30dd-f366-4fc2-ad54-e0bb255a4ebc,hrc02,src03@display=sequential
hrc02,hrc16,0c330943-51a6-42cd-bb7a-12e199b3cb90,hrc02,src03@display=sequential
hrc02,hrc02,2eb24ce5-0ea1-4c90-92df-28195691abdd,hrc16,src03@display=sequential
hrc02,hrc02,232fe1a0-97fb-4560-816a-d80445fda792,hrc16,src03@display=sequential
hrc02,hrc16,183f0910-0608-4ad7-a2a4-533a8554de1a,hrc02,src03@display=sequential
hrc08,hrc08,144a1937-b5d6-4765-b6d9-7b109e63d11a,hrc18,src01@display=sequential
hrc08,hrc08,003d62a2-e400-4a0d-8dc3-7805faeb9a7b,hrc18,src01@display=sequential
hrc08,hrc18,99ac275c-68a7-481c-a3ec-e1a7ecf385c8,hrc08,src01@display=sequential
hrc08,hrc18,a0705ba3-cba0-46ca-adaa-5ad1794e1188,hrc08,src01@display=sequential
hrc08,hrc18,e3910452-c747-4618-b718-e301ef9b69c9,hrc08,src01@display=sequential
hrc08,hrc08,222b099d-9a10-42b8-886d-9a79c05de256,hrc18,src01@display=sequential
,hrc08,99743e4c-daf4-4bfa-ab87-e89131a2c8f6,hrc18,src01@display=sequential
hrc08,hrc18,47c5b9b0-9b12-4925-af04-7e9d48ac8e4d,hrc08,src01@display=sequential
hrc08,hrc08,4766c33f-2917-4521-af24-131c165bb9d5,hrc18,src01@display=sequential
hrc08,hrc08,cb83eb86-11c6-454c-b320-99bbb9f9bb2f,hrc18,src01@display=sequential
hrc07,hrc16,42b81a15-a01a-4b06-a99e-90705512d83f,hrc07,src02@display=sequential
hrc07,hrc16,37ec1046-f236-4488-a333-7f304a5fdfc7,hrc07,src02@display=sequential
hrc07,hrc07,1a07e498-1f79-4718-99fc-3465754935aa,hrc16,src02@display=sequential
hrc07,hrc07,65f53762-138f-4c4f-860b-c41827f8937f,hrc16,src02@display=sequential
hrc07,hrc16,53fb7ee8-2a6d-409d-afb2-1eb308ba5a3e,hrc07,src02@display=sequential
hrc07,hrc16,82ca0b94-20d0-44bf-8773-eb56a962731c,hrc07,src02@display=sequential
hrc07,hrc16,9a1e3f9c-670b-428b-b0c0-bb9666c011e6,hrc07,src02@display=sequential
hrc07,hrc07,1211caf9-9b1b-4189-8c44-f768b7ee496c,hrc16,src02@display=sequential
hrc07,hrc16,1ade687b-5aca-4370-9311-b6f72528a473,hrc07,src02@display=sequential
hrc07,hrc16,4c00c3bf-e047-43af-81ed-5870a469acb5,hrc07,src02@display=sequential
hrc12,hrc12,64cd5d8a-d083-4ac4-a732-cd96e8eb1fe2,hrc19,src09@display=sequential
hrc12,hrc19,34168229-2e1e-4921-ac15-d92436d5a977,hrc12,src09@display=sequential
hrc12,hrc19,ae3ac7e2-b402-4c44-8dc5-8efdde5bb599,hrc12,src09@display=sequential
hrc12,hrc12,3f1c16f9-0d28-48e7-a3c4-0941df878231,hrc19,src09@display=sequential
hrc12,hrc12,2c370320-38ea-4dce-8087-b3357e95e335,hrc19,src09@display=sequential
hrc12,hrc19,74baf96c-84eb-4b58-8ed9-1bbe2c73d85a,hrc12,src09@display=sequential
hrc12,hrc19,74cc3f67-0c1c-46ee-aa87-d1092bf64bb4,hrc12,src09@display=sequential
hrc12,hrc12,83233e30-b3ad-4498-8eff-e51044d70333,hrc19,src09@display=sequential
hrc12,hrc12,7b959763-70f9-4960-bd32-6491ee9b6aa2,hrc19,src09@display=sequential
hrc12,hrc12,dd48a3e8-a67f-41e1-b59d-9ee155000e80,hrc19,src09@display=sequential
hrc09,hrc10,2542f94b-c9c0-4121-8cd6-562f67503607,hrc09,src04@display=sequential
hrc09,hrc09,53fb7ee8-2a6d-409d-afb2-1eb308ba5a3e,hrc10,src04@display=sequential
hrc09,hrc10,bc47fb0e-ec8a-4615-93a4-3b6ecd00445d,hrc09,src04@display=sequential
hrc09,hrc09,48ab3d96-1eab-4483-bf3f-b690ddb1a5cb,hrc10,src04@display=sequential
hrc09,hrc09,d745395f-3d67-40e3-9565-8e285d7be7fb,hrc10,src04@display=sequential
hrc09,hrc10,82ca0b94-20d0-44bf-8773-eb56a962731c,hrc09,src04@display=sequential
hrc09,hrc09,bb12ebc6-b177-4457-8641-32a00e45e4a3,hrc10,src04@display=sequential
hrc09,hrc09,fd3488d8-d8cc-4644-89d8-89d67f214ab0,hrc10,src04@display=sequential
hrc09,hrc10,64cd5d8a-d083-4ac4-a732-cd96e8eb1fe2,hrc09,src04@display=sequential
hrc09,hrc10,b67bb1dd-dd7b-4f65-ae08-2eddf15f23f2,hrc09,src04@display=sequential
hrc07,hrc12,64cd5d8a-d083-4ac4-a732-cd96e8eb1fe2,hrc07,src06@display=sequential
hrc07,hrc12,38b31f9d-3706-4054-8720-2f012548436f,hrc07,src06@display=sequential
,hrc07,a808a4de-7bea-4369-8f71-1cb7d12f07d2,hrc12,src06@display=sequential
hrc07,hrc12,30dbdb0c-b18c-47e8-b3d6-c157a53730b7,hrc07,src06@display=sequential
hrc07,hrc07,7ae38b5c-cd98-477d-a069-e103eed457c3,hrc12,src06@display=sequential
hrc07,hrc12,41f2b15c-dbe4-473b-af00-28c8751e329e,hrc07,src06@display=sequential
hrc07,hrc12,8b82218a-90c4-4f4a-8bcb-f70c2de70614,hrc07,src06@display=sequential
hrc07,hrc12,84ef6bb8-cb60-4e35-94ee-4f6eb5bac7a4,hrc07,src06@display=sequential
hrc07,hrc07,6bf101c5-81e0-4ad5-ae95-b70599b108b5,hrc12,src06@display=sequential
hrc07,hrc12,d52484c5-287b-49f5-92f9-d01055c2728e,hrc07,src06@display=sequential
hrc04,hrc12,cb83993d-7a2f-4fbf-a8a1-a391f4a0490f,hrc04,src08@display=sequential
hrc04,hrc04,0053f56a-3dfc-4463-8859-7205469af490,hrc12,src08@display=sequential
hrc04,hrc04,9a1e3f9c-670b-428b-b0c0-bb9666c011e6,hrc12,src08@display=sequential
hrc04,hrc04,974a075a-e55c-4415-807d-4e07735b6e1d,hrc12,src08@display=sequential
,hrc12,84327ee8-7e8c-4049-886f-05323cf7bbc3,hrc04,src08@display=sequential
hrc04,hrc12,88fce6e5-aa83-48d2-91a1-183a1d9e16d2,hrc04,src08@display=sequential
hrc04,hrc12,60507d05-0bbe-422a-8abd-b4e7e5fe8937,hrc04,src08@display=sequential
,hrc04,fbb9f043-7950-41ce-817f-27e38dcf2bfb,hrc12,src08@display=sequential
hrc04,hrc04,64cd5d8a-d083-4ac4-a732-cd96e8eb1fe2,hrc12,src08@display=sequential
hrc04,hrc04,31386404-9819-45ed-8d9d-7ceeb1453990,hrc12,src08@display=sequential
,hrc19,d745395f-3d67-40e3-9565-8e285d7be7fb,hrc08,src03@display=sequential
,hrc08,1b9e7799-1c0f-4d71-9579-79b835093f71,hrc19,src03@display=sequential
hrc08,hrc08,d9ff101e-ef99-45a1-b979-91bffe08a7a1,hrc19,src03@display=sequential
hrc08,hrc19,f3b6f948-ae20-480b-b2e8-052f53a70678,hrc08,src03@display=sequential
hrc08,hrc08,1a6df238-534f-41b5-8cb5-5875009d5d21,hrc19,src03@display=sequential
hrc08,hrc19,4c00c3bf-e047-43af-81ed-5870a469acb5,hrc08,src03@display=sequential
,hrc08,cb83993d-7a2f-4fbf-a8a1-a391f4a0490f,hrc19,src03@display=sequential
,hrc19,b591d7b2-ac40-4444-b6c7-d86eb5d52ea7,hrc08,src03@display=sequential
hrc08,hrc19,82ca0b94-20d0-44bf-8773-eb56a962731c,hrc08,src03@display=sequential
hrc08,hrc19,86d83e24-39aa-4eeb-bc01-1126751d5d70,hrc08,src03@display=sequential
,hrc17,3d08370f-efa9-4919-83aa-f8f74d3e7889,hrc16,src06@display=sequential
hrc17,hrc16,ad4a8214-8f58-4022-b373-a21582fdc842,hrc17,src06@display=sequential
hrc16,hrc17,239be723-f6dc-4053-ac79-4f57603fd382,hrc16,src06@display=sequential
hrc17,hrc16,c0f8aa5b-3cf4-493d-b074-c742adeec0bb,hrc17,src06@display=sequential
hrc17,hrc16,68784bad-1b93-450c-a86b-529f01a28a30,hrc17,src06@display=sequential
hrc17,hrc17,2c0b6a6c-d0ad-404b-b47e-56a9c31d76f0,hrc16,src06@display=sequential
,hrc16,3d040136-b0d3-48f0-851c-30d451910291,hrc17,src06@display=sequential
hrc17,hrc16,6928b695-0a44-43eb-bf33-2e73eea11790,hrc17,src06@display=sequential
hrc17,hrc16,f1f59d35-72b2-4506-8acc-4f38f587a5f8,hrc17,src06@display=sequential
hrc17,hrc17,e0797398-ff1b-4cd6-9229-a59d2a290e80,hrc16,src06@display=sequential
hrc12,hrc12,3f4c851c-d791-4ae1-a409-b15ebc7602e2,hrc17,src09@display=sequential
hrc12,hrc17,ea4c2ce7-4a48-4590-9d5e-0592ae88a555,hrc12,src09@display=sequential
hrc12,hrc12,841689ee-6ac0-48ef-b84e-b3638f5477a9,hrc17,src09@display=sequential
hrc12,hrc17,29674e6d-089e-4429-a5a5-05030ef57cbc,hrc12,src09@display=sequential
hrc12,hrc17,e6649c05-bba4-4d31-98c7-8601374d6057,hrc12,src09@display=sequential
hrc12,hrc17,6b3f07e5-02e2-48e7-8efc-461b03f85b4c,hrc12,src09@display=sequential
hrc12,hrc12,3d08370f-efa9-4919-83aa-f8f74d3e7889,hrc17,src09@display=sequential
hrc12,hrc17,6a664ca8-5192-4d54-b58b-519e2a07a482,hrc12,src09@display=sequential
hrc12,hrc17,b625a0c8-c3a6-4fa5-b988-b51609c1c180,hrc12,src09@display=sequential
hrc12,hrc17,ba43bf3c-660f-4297-aba2-e454ac146c64,hrc12,src09@display=sequential
hrc07,original,3d08370f-efa9-4919-83aa-f8f74d3e7889,hrc07,src03@display=sequential
,hrc07,9aa9ce3f-8ff6-4653-96df-427197849f72,original,src03@display=sequential
,hrc07,f4ff5c1b-9241-474d-80db-0ff5fd2f6bdf,original,src03@display=sequential
,original,98b09ff4-e3e5-4a56-a530-95ab35695116,hrc07,src03@display=sequential
,hrc07,ae4c00ce-4550-481b-a407-ae258ddbd276,original,src03@display=sequential
,hrc07,72e7431d-e9dc-43b5-9e38-6d3780f298ea,original,src03@display=sequential
,original,3f5f7b8c-cd59-4d11-b12e-b8f93a47cf5c,hrc07,src03@display=sequential
original,original,ddffe468-0319-485b-a9f2-2d7cb355367d,hrc07,src03@display=sequential
,hrc07,eda8b60b-5b21-467d-9233-b9c8379a3a30,original,src03@display=sequential
,original,c70e15fe-285d-4f39-b35a-67e47849682c,hrc07,src03@display=sequential
hrc12,hrc20,3d08370f-efa9-4919-83aa-f8f74d3e7889,hrc12,src04@display=sequential
,hrc12,74ffc6b3-9180-486e-9946-af73fbc87977,hrc20,src04@display=sequential
,hrc20,003d62a2-e400-4a0d-8dc3-7805faeb9a7b,hrc12,src04@display=sequential
hrc12,hrc20,ce8915ce-0513-4c3d-9f55-b726199fa15a,hrc12,src04@display=sequential
,hrc20,341de2f3-ef53-46f2-bb65-e3d0c0757b76,hrc12,src04@display=sequential
hrc20,hrc12,d8f1cdf9-2130-4c7b-a94a-644261d6d4f7,hrc20,src04@display=sequential
hrc20,hrc12,2fee481f-e69f-4359-87d3-cf4825a653fe,hrc20,src04@display=sequential
hrc12,hrc20,d5fa3015-e940-4b6b-9b66-69277af334a1,hrc12,src04@display=sequential
,hrc12,c79ca1a1-db1e-4f12-8a20-b18e8b065ead,hrc20,src04@display=sequential
hrc20,hrc20,3bd6b8a9-b6b4-451c-9278-ee9a14dafa7f,hrc12,src04@display=sequential
hrc16,hrc10,01d6be2c-7f4e-4112-b3bb-c8851ced9397,hrc16,src04@display=sequential
hrc16,hrc16,54707083-dc19-4e62-8c91-f5df5e49ee2d,hrc10,src04@display=sequential
hrc16,hrc16,c7b767ec-2634-44e9-a9b0-29d5046ff17a,hrc10,src04@display=sequential
hrc10,hrc10,b0367ddc-1381-4c30-b054-032f640ef4d3,hrc16,src04@display=sequential
hrc16,hrc10,391d7919-cc5f-4309-81f6-ce6cfc04a7bc,hrc16,src04@display=sequential
hrc16,hrc10,b53224e8-348a-4c30-a6fe-2dd0db827c1a,hrc16,src04@display=sequential
hrc16,hrc16,89011f22-37a1-4f64-b709-dcf63ad6d18b,hrc10,src04@display=sequential
hrc16,hrc10,3da1d186-8e8c-4453-85b7-68f16823be0c,hrc16,src04@display=sequential
hrc16,hrc10,9b12ec4a-fa08-4ab2-b239-ed08073ff262,hrc16,src04@display=sequential
hrc16,hrc16,1c2a4829-ce7e-4d25-b351-e3dd50c04aff,hrc10,src04@display=sequential
hrc08,hrc08,01d6be2c-7f4e-4112-b3bb-c8851ced9397,hrc12,src06@display=sequential
hrc08,hrc12,cfc289f5-548c-494d-8a96-40752a1ec3c7,hrc08,src06@display=sequential
hrc08,hrc08,192032f1-d829-4694-87f8-740a5b69b17c,hrc12,src06@display=sequential
hrc08,hrc08,e886156a-16d3-42e3-b41a-4975284ac07f,hrc12,src06@display=sequential
hrc08,hrc12,da4644b1-335d-468a-8df0-814cc400fa8a,hrc08,src06@display=sequential
hrc08,hrc12,02dbd363-be57-492d-9e52-1e5212588363,hrc08,src06@display=sequential
hrc08,hrc12,501d69cf-99ba-43bd-b46b-c32a45b0bec0,hrc08,src06@display=sequential
hrc08,hrc12,61d2eaea-5d9d-432f-9d2b-228e869edc47,hrc08,src06@display=sequential
hrc08,hrc12,c99a62dd-b2e6-4d8f-9986-44d28d8c8dc1,hrc08,src06@display=sequential
hrc08,hrc12,eeb931d9-8161-4fcf-8e54-2eb9a45bf56f,hrc08,src06@display=sequential
hrc07,hrc16,01d6be2c-7f4e-4112-b3bb-c8851ced9397,hrc07,src09@display=sequential
hrc07,hrc07,3c6f9f56-45a3-4dd7-a38e-a5e2ecda05d4,hrc16,src09@display=sequential
hrc07,hrc07,c835e219-186e-4440-8c16-769b1d05bf29,hrc16,src09@display=sequential
hrc07,hrc16,537c658a-c98a-4694-980b-087adcb1835b,hrc07,src09@display=sequential
hrc07,hrc07,20110c53-5600-4f67-a39a-6d0375743519,hrc16,src09@display=sequential
hrc07,hrc16,23cdd1ed-fe00-4deb-8ca7-db975f43a835,hrc07,src09@display=sequential
hrc07,hrc07,a9e2bea1-eb02-4a50-8ab1-77f60cb569ff,hrc16,src09@display=sequential
hrc07,hrc07,38d87ed8-3766-4fd4-bf18-746702872360,hrc16,src09@display=sequential
hrc07,hrc07,b4e1fa11-f8c7-4c37-91e5-ab34c817ae12,hrc16,src09@display=sequential
hrc07,hrc07,cb1a089e-69c8-47ac-abc5-fcd819bcb522,hrc16,src09@display=sequential
hrc07,hrc07,01d6be2c-7f4e-4112-b3bb-c8851ced9397,hrc17,src07@display=sequential
hrc07,hrc17,b924cb23-4607-4aba-b7f1-8ac56580e36a,hrc07,src07@display=sequential
hrc17,hrc17,8ef6518d-4f93-431e-b9bc-9b0af8ccfb8d,hrc07,src07@display=sequential
hrc07,hrc17,3f85bc0e-c112-4433-8f8f-45ffb4d9f825,hrc07,src07@display=sequential
hrc07,hrc17,8f9afef3-5f14-4236-b677-b43876808ec6,hrc07,src07@display=sequential
hrc07,hrc17,f8765b82-42a9-446d-86f2-3a30e524f1bc,hrc07,src07@display=sequential
hrc07,hrc17,b995bc40-788a-4263-9250-2f075d16f373,hrc07,src07@display=sequential
hrc07,hrc17,0f1643f2-3736-40f1-a861-503a0ba59cf8,hrc07,src07@display=sequential
hrc07,hrc17,54b6bc20-e9f0-430e-b687-f9a3bb4d716b,hrc07,src07@display=sequential
hrc07,hrc17,75763bc0-515d-4d46-96db-84958a1820fe,hrc07,src07@display=sequential
hrc13,hrc13,01d6be2c-7f4e-4112-b3bb-c8851ced9397,hrc05,src02@display=sequential
hrc05,hrc13,389dadbc-d92b-46ab-9e1d-6c635bb3c5aa,hrc05,src02@display=sequential
hrc13,hrc13,08d2aa18-36e2-4d06-b1b8-78ab06e9c8a4,hrc05,src02@display=sequential
hrc13,hrc13,3521500f-73a5-4c23-853b-8f0ce5b3d92f,hrc05,src02@display=sequential
hrc05,hrc13,8f75f8b3-15e6-4e03-855b-627f9aee47aa,hrc05,src02@display=sequential
hrc05,hrc05,c19a5422-36d3-49b8-b471-41caff52a8dc,hrc13,src02@display=sequential
,hrc13,ec6a0331-4b38-43ac-a93c-18edcb2a5488,hrc05,src02@display=sequential
,hrc13,53abf2c4-59eb-4444-ab2a-092449acce40,hrc05,src02@display=sequential
hrc13,hrc13,ee4e6658-a9aa-47c7-bee6-48666c24c37e,hrc05,src02@display=sequential
hrc05,hrc13,20004959-c8e6-47d6-83b9-05113caa2147,hrc05,src02@display=sequential
hrc07,hrc19,677f08d2-0532-49d8-8f6c-8565a8f2e571,hrc07,src03@display=sequential
hrc07,hrc19,a9df2d8e-b4c7-406b-9550-b482d25879cf,hrc07,src03@display=sequential
hrc19,hrc07,7401d166-8f9c-452f-b9a0-0b715d71ab24,hrc19,src03@display=sequential
hrc07,hrc19,bc383371-8a6a-4048-bcf3-f4daac498ef0,hrc07,src03@display=sequential
hrc07,hrc19,f264924b-f4f0-43e6-8f91-b52f1d661da2,hrc07,src03@display=sequential
hrc07,hrc07,f0bdf508-0d60-44d3-9e43-58e0b70a2a87,hrc19,src03@display=sequential
,hrc19,adb42d8d-a4b5-4730-b575-c6db34b3313c,hrc07,src03@display=sequential
hrc07,hrc07,927b9b1e-da20-4644-b8d6-f85a22be59d7,hrc19,src03@display=sequential
hrc07,hrc19,cdb9bb58-60e2-4bd6-a07a-2e9558115deb,hrc07,src03@display=sequential
hrc19,hrc07,62dfcc1a-f13d-43b7-b124-9461292a7415,hrc19,src03@display=sequential
hrc04,hrc04,42f73238-b3a1-4fb4-b12c-ebfe89f8bb5f,hrc18,src09@display=sequential
hrc04,hrc04,84ef6bb8-cb60-4e35-94ee-4f6eb5bac7a4,hrc18,src09@display=sequential
hrc04,hrc18,de72b01b-833a-4081-8d29-5f625c2d03fb,hrc04,src09@display=sequential
hrc04,hrc04,00fb48d3-939f-4d8f-a974-6c0799e28570,hrc18,src09@display=sequential
hrc04,hrc18,32b1e827-4cf2-468f-9797-4a40b9ed4a47,hrc04,src09@display=sequential
hrc04,hrc04,4386838f-4af9-4121-8895-9a6078e94dd5,hrc18,src09@display=sequential
hrc04,hrc18,379e9519-d897-4cf1-b5cf-090662e13f2e,hrc04,src09@display=sequential
hrc04,hrc18,341de2f3-ef53-46f2-bb65-e3d0c0757b76,hrc04,src09@display=sequential
hrc04,hrc04,ec59d4c7-4b74-4bed-906c-68165f69ea8c,hrc18,src09@display=sequential
hrc04,hrc18,433d4e34-b646-4538-941d-0a21131fb37c,hrc04,src09@display=sequential
,hrc20,d48d3209-3c1a-4253-a83c-ac0642c7f7c9,hrc04,src04@display=sequential
hrc04,hrc20,7401d166-8f9c-452f-b9a0-0b715d71ab24,hrc04,src04@display=sequential
hrc04,hrc20,2285a432-258c-4d27-8292-7c7b782bc591,hrc04,src04@display=sequential
hrc20,hrc20,d8ec2c52-de7d-4789-bb99-a91eb78cb08d,hrc04,src04@display=sequential
,hrc04,246f90ba-2f72-4806-83dc-3ed750ed6b5a,hrc20,src04@display=sequential
,hrc20,77e6627f-e93f-4de6-839e-47512ff2f2b3,hrc04,src04@display=sequential
hrc04,hrc04,b23e36d2-c068-4aef-8659-04dc5a8f7fe0,hrc20,src04@display=sequential
hrc20,hrc04,537c658a-c98a-4694-980b-087adcb1835b,hrc20,src04@display=sequential
,hrc04,da8af091-d487-4bed-a798-4a640f2f0058,hrc20,src04@display=sequential
hrc04,hrc20,44c75a94-439f-4168-9828-64b1fb591086,hrc04,src04@display=sequential
hrc12,hrc02,7401d166-8f9c-452f-b9a0-0b715d71ab24,hrc12,src01@display=sequential
hrc02,hrc12,ec59d4c7-4b74-4bed-906c-68165f69ea8c,hrc02,src01@display=sequential
hrc02,hrc12,0577b759-dc16-4e43-be93-2041e7934891,hrc02,src01@display=sequential
hrc02,hrc12,33aa809b-6785-49dc-ae11-5d5af6f61e8e,hrc02,src01@display=sequential
hrc02,hrc02,64523042-54b3-4028-9557-439ad63a25e1,hrc12,src01@display=sequential
hrc02,hrc12,c8fcb579-4361-48f4-ad8c-190c038f943f,hrc02,src01@display=sequential
hrc12,hrc02,7e5cbaab-672a-41ac-9674-e427d4eb2683,hrc12,src01@display=sequential
,hrc12,3143164a-1c3e-4ff1-bc7b-f98339e9a921,hrc02,src01@display=sequential
hrc02,hrc02,cdb9bb58-60e2-4bd6-a07a-2e9558115deb,hrc12,src01@display=sequential
hrc02,hrc12,75c4ab50-a4aa-4fd4-b430-ef329c45fc1b,hrc02,src01@display=sequential
hrc21,hrc17,7401d166-8f9c-452f-b9a0-0b715d71ab24,hrc21,src08@display=sequential
,hrc17,6f8e7a8e-3f34-4988-ae03-e1aa0830f4c9,hrc21,src08@display=sequential
,hrc17,13d8e79f-b78d-4090-b59a-b516d546b349,hrc21,src08@display=sequential
hrc21,hrc21,3f1c16f9-0d28-48e7-a3c4-0941df878231,hrc17,src08@display=sequential
hrc21,hrc17,702fb032-4e58-4351-a7b9-4d973e83ab6e,hrc21,src08@display=sequential
hrc21,hrc17,c16ea7fc-f3f0-4ec9-bca4-b83eb9159aa1,hrc21,src08@display=sequential
hrc21,hrc17,72f9a380-16df-4b12-b1ab-9dda8acc360a,hrc21,src08@display=sequential
hrc21,hrc21,9ebd8a15-d6da-429e-b5e7-f3d7d0b7d614,hrc17,src08@display=sequential
hrc21,hrc17,50a38519-8060-4b35-97ac-c4b565cbe444,hrc21,src08@display=sequential
hrc21,hrc21,881a6c66-db05-40f7-ad8a-77648d2d237f,hrc17,src08@display=sequential
hrc07,hrc17,3c7ef17b-e826-4055-83ba-6a771c08659a,hrc07,src02@display=sequential
hrc07,hrc07,0053f56a-3dfc-4463-8859-7205469af490,hrc17,src02@display=sequential
hrc07,hrc17,7401d166-8f9c-452f-b9a0-0b715d71ab24,hrc07,src02@display=sequential
hrc07,hrc17,e668e37c-ba44-4b0d-afd9-2062862b816f,hrc07,src02@display=sequential
hrc07,hrc07,a308165b-fe13-4927-8f58-a686634660c3,hrc17,src02@display=sequential
hrc07,hrc17,7e7c71d5-29cf-4dc2-b67b-49a564dcb072,hrc07,src02@display=sequential
hrc07,hrc07,b014d3a9-188b-4d01-8b6b-6867ebb0997d,hrc17,src02@display=sequential
hrc07,hrc07,b591d7b2-ac40-4444-b6c7-d86eb5d52ea7,hrc17,src02@display=sequential
hrc07,hrc17,79384cbc-8849-4e8b-9bc8-729523cda045,hrc07,src02@display=sequential
hrc07,hrc07,f358592f-c14f-4bc9-b4c3-6d0c3bb440cb,hrc17,src02@display=sequential
hrc02,hrc16,0cc760c5-8660-492e-a4d2-c4360899975d,hrc02,src06@display=sequential
hrc02,hrc16,6d152256-d10c-48b1-98bf-22a27348c2f5,hrc02,src06@display=sequential
hrc02,hrc16,33e83277-87c9-40aa-9ef4-04f73519dc05,hrc02,src06@display=sequential
hrc16,hrc16,6f4a027b-cb83-475e-b1a9-a9cc3157a341,hrc02,src06@display=sequential
hrc02,hrc02,6138f355-0d67-4ba4-b05d-14e0b0d74414,hrc16,src06@display=sequential
hrc02,hrc02,b7fec695-05b6-497c-8374-2ef38f3b9753,hrc16,src06@display=sequential
hrc02,hrc02,65f53762-138f-4c4f-860b-c41827f8937f,hrc16,src06@display=sequential
hrc02,hrc16,25a404f1-36a1-47b9-a8f7-89a36a7ed99c,hrc02,src06@display=sequential
hrc02,hrc02,edfbe193-6225-4440-aca9-7b5ca28c88f2,hrc16,src06@display=sequential
hrc02,hrc02,420ba22c-2e57-46d7-a211-7fd00fb6b275,hrc16,src06@display=sequential
hrc07,hrc07,ee62cd40-eb37-45c7-91fd-09a4476d01a9,hrc17,src08@display=sequential
hrc07,hrc17,1351a736-f69a-4aea-8bae-fbd4e5704cde,hrc07,src08@display=sequential
hrc07,hrc17,f8765b82-42a9-446d-86f2-3a30e524f1bc,hrc07,src08@display=sequential
hrc07,hrc07,0e3c86ef-17d5-418f-95b7-56e46e448c97,hrc17,src08@display=sequential
hrc07,hrc07,6bfdc018-e316-4308-9e36-75b96fbf87db,hrc17,src08@display=sequential
hrc07,hrc17,f2b9faac-c743-4136-9ed0-28508f2a2b42,hrc07,src08@display=sequential
,hrc17,a50b1738-5516-46bd-a585-fa878da470e2,hrc07,src08@display=sequential
hrc17,hrc07,4f149963-afe7-4e7f-882a-d92298266de8,hrc17,src08@display=sequential
hrc07,hrc17,a693e218-d9cd-4ff6-99ba-627b53ca937e,hrc07,src08@display=sequential
hrc07,hrc07,6d49b4f9-c138-4a5f-89f6-c7f16201e76c,hrc17,src08@display=sequential
,hrc17,ee62cd40-eb37-45c7-91fd-09a4476d01a9,hrc19,src07@display=sequential
hrc19,hrc19,b625a0c8-c3a6-4fa5-b988-b51609c1c180,hrc17,src07@display=sequential
hrc17,hrc17,630aff3d-3ab7-4cb4-905a-dc27697f8572,hrc19,src07@display=sequential
hrc19,hrc19,af6668ca-3a6d-4746-88a7-4c28b88de39c,hrc17,src07@display=sequential
hrc19,hrc19,09224b6b-5b76-4dc9-9945-1e90c3cf11e3,hrc17,src07@display=sequential
hrc17,hrc19,d0c55c7c-e53c-42e0-8941-c77ee46fda9a,hrc17,src07@display=sequential
,hrc19,44a3e5d7-0f82-40c1-aff8-95ba8afcb6ad,hrc17,src07@display=sequential
hrc19,hrc19,ad80bfb9-7f25-493b-9511-fe3bf1a4016f,hrc17,src07@display=sequential
hrc19,hrc17,99d9d038-42e4-4055-a1db-51c247b52d8c,hrc19,src07@display=sequential
,hrc17,88da8301-e4b8-4cae-a783-ce505f802cbd,hrc19,src07@display=sequential
original,original,ee62cd40-eb37-45c7-91fd-09a4476d01a9,hrc18,src03@display=sequential
original,hrc18,bc63bd48-5827-4995-891b-7fbc691fa6d1,original,src03@display=sequential
original,hrc18,211e49fa-fc80-47ae-a50a-15426f09fa31,original,src03@display=sequential
original,hrc18,105b98fb-1f96-406b-b05f-11ca59ac217d,original,src03@display=sequential
original,hrc18,d5484fd3-0692-49b0-b84e-4c5498cd6cb1,original,src03@display=sequential
original,original,f5c65d98-da4b-4ebe-8638-393f3d2741c0,hrc18,src03@display=sequential
original,original,ad97fd16-30c3-4bcc-b9d7-a22069039daa,hrc18,src03@display=sequential
original,hrc18,b1c29b25-331d-4a78-aab8-01d110fd1e92,original,src03@display=sequential
original,original,febbbfd7-f167-40e7-82f3-57fd12d35fdc,hrc18,src03@display=sequential
original,hrc18,cc41adc2-0128-483a-a929-40af98e50807,original,src03@display=sequential
hrc07,hrc02,ee62cd40-eb37-45c7-91fd-09a4476d01a9,hrc07,src06@display=sequential
hrc07,hrc02,5f9aaee4-8689-4753-9a70-a5d7dac11e95,hrc07,src06@display=sequential
hrc07,hrc07,7cb4c25c-98f3-4c33-a8ef-2f1c44f8dd8a,hrc02,src06@display=sequential
,hrc02,097501e3-7ae3-4027-b579-5bd87c1f76c0,hrc07,src06@display=sequential
hrc07,hrc07,3d4eb426-7d44-4ffa-8891-386b62fe3760,hrc02,src06@display=sequential
hrc07,hrc02,e57f0c1a-193e-4e7e-ad4a-41d517aa388f,hrc07,src06@display=sequential
hrc07,hrc02,b67161f4-61f3-43a5-b97d-1f8094983f11,hrc07,src06@display=sequential
hrc02,hrc02,d391dd7e-e8e9-4965-b30b-fd2732feb0bc,hrc07,src06@display=sequential
hrc07,hrc07,b3674941-21f6-49d0-a645-e7b0723e17a2,hrc02,src06@display=sequential
hrc07,hrc07,08e396e3-0ae3-4512-8a21-90a5e7de97f9,hrc02,src06@display=sequential
,hrc04,ee62cd40-eb37-45c7-91fd-09a4476d01a9,hrc21,src02@display=sequential
hrc21,hrc04,3a388285-6747-4423-817b-a7ad15ef6563,hrc21,src02@display=sequential
,hrc21,f936dac4-e73d-41d4-b1e6-f9c3189f9fd1,hrc04,src02@display=sequential
hrc04,hrc04,b29696b7-a249-4355-9bb6-63188e35d7c2,hrc21,src02@display=sequential
hrc21,hrc21,af112a53-7d26-4589-b586-67b928b370c4,hrc04,src02@display=sequential
hrc04,hrc04,2f5c9d18-91f7-4d55-a880-82131b6af0d3,hrc21,src02@display=sequential
hrc04,hrc21,f94f84f0-0314-443c-aa81-c3dd47dd772a,hrc04,src02@display=sequential
hrc04,hrc21,9988cc9a-f7bd-4702-bbcc-ff93503e8d2d,hrc04,src02@display=sequential
,hrc21,08e396e3-0ae3-4512-8a21-90a5e7de97f9,hrc04,src02@display=sequential
hrc04,hrc21,19221555-9ce9-4393-9ea5-e50657e62c74,hrc04,src02@display=sequential
,hrc04,3b1b4424-3cd1-4584-bbb5-5e27d1680658,hrc12,src09@display=sequential
hrc04,hrc12,917a52c4-6014-43e2-8f2f-185321b5e7d2,hrc04,src09@display=sequential
hrc12,hrc12,b4f11a5a-15eb-4899-9de8-5e5e981ce37f,hrc04,src09@display=sequential
hrc04,hrc04,b559e691-1ad1-47f2-bbb3-c0c843c2f5f8,hrc12,src09@display=sequential
hrc04,hrc12,62c65a02-fe11-4b7d-8a9f-f81de50ebaa3,hrc04,src09@display=sequential
hrc04,hrc12,0ae1ac23-5abd-4347-8efd-f7b4982e799c,hrc04,src09@display=sequential
hrc12,hrc04,3294436f-ed2c-418c-b0a4-838f6d5f50b0,hrc12,src09@display=sequential
,hrc04,b104dbe8-fec3-4032-b006-cece9ca6183f,hrc12,src09@display=sequential
hrc04,hrc12,388ed430-804e-41cf-99d5-f38198e8fcd1,hrc04,src09@display=sequential
,hrc12,8c6347a1-9073-43a1-a02c-299b19f1b2b1,hrc04,src09@display=sequential
hrc07,hrc21,3b1b4424-3cd1-4584-bbb5-5e27d1680658,hrc07,src02@display=sequential
,hrc21,b33d0fef-ee87-4da3-bdcd-51f6b905229a,hrc07,src02@display=sequential
hrc07,hrc07,57c09e89-1614-4d50-8112-d27c826ebf65,hrc21,src02@display=sequential
hrc07,hrc21,315a0286-5f6d-4248-832d-03fd03fd9243,hrc07,src02@display=sequential
hrc07,hrc07,157b2239-271e-41e3-99b6-ed7eca00929c,hrc21,src02@display=sequential
hrc07,hrc21,2847519c-6135-4c95-869d-42debfbc689f,hrc07,src02@display=sequential
hrc07,hrc21,2fee481f-e69f-4359-87d3-cf4825a653fe,hrc07,src02@display=sequential
hrc07,hrc21,6928b695-0a44-43eb-bf33-2e73eea11790,hrc07,src02@display=sequential
,hrc07,b1da7162-c87f-43eb-8bf7-ebb71f16e861,hrc21,src02@display=sequential
hrc21,hrc07,b914574b-e89a-44f2-99af-2232911e216d,hrc21,src02@display=sequential
hrc21,hrc13,3b1b4424-3cd1-4584-bbb5-5e27d1680658,hrc21,src03@display=sequential
hrc21,hrc21,6afbcd4e-754d-4cb0-b039-3ad6afbf633b,hrc13,src03@display=sequential
hrc21,hrc21,27b30671-4eca-4ec3-9e08-9417482203c9,hrc13,src03@display=sequential
hrc21,hrc21,bf1fb90d-b8ab-467e-992d-2a9696fa650b,hrc13,src03@display=sequential
hrc21,hrc13,09224b6b-5b76-4dc9-9945-1e90c3cf11e3,hrc21,src03@display=sequential
hrc21,hrc13,62df5c8a-e08f-42bf-9636-a410c58e7b85,hrc21,src03@display=sequential
hrc21,hrc13,2f5c9d18-91f7-4d55-a880-82131b6af0d3,hrc21,src03@display=sequential
hrc21,hrc21,d127198b-74be-4c79-9d44-24120e804d7c,hrc13,src03@display=sequential
hrc21,hrc13,e0c67370-cb8d-4fb4-b6e8-e967e9d4da10,hrc21,src03@display=sequential
hrc21,hrc21,a1c9f1fa-39f5-4736-862d-35205a62f9dc,hrc13,src03@display=sequential
hrc21,hrc21,b995bc40-788a-4263-9250-2f075d16f373,hrc13,src02@display=sequential
hrc21,hrc21,9ba77784-a25d-4dc4-a969-95c4699b5d77,hrc13,src02@display=sequential
hrc21,hrc21,84a655db-ea7f-4628-a0ee-cfac0fa9c28e,hrc13,src02@display=sequential
hrc21,hrc21,f48460fd-df6e-46c7-bd50-c8eb06fbeb8e,hrc13,src02@display=sequential
hrc21,hrc13,a22cb552-73fd-4bba-b020-6878660bd0d4,hrc21,src02@display=sequential
hrc21,hrc21,e886156a-16d3-42e3-b41a-4975284ac07f,hrc13,src02@display=sequential
hrc21,hrc13,a3b8c3bd-c5e0-4e7d-9169-f1c735b1ad6a,hrc21,src02@display=sequential
hrc21,hrc13,c88af769-d298-4298-800c-ad11fb29c899,hrc21,src02@display=sequential
hrc21,hrc13,1d86cd8c-857c-4e48-a107-5f9463d42d40,hrc21,src02@display=sequential
hrc21,hrc21,ce25b470-c37f-49d0-8203-ed9688c18912,hrc13,src02@display=sequential
,hrc21,b995bc40-788a-4263-9250-2f075d16f373,hrc02,src03@display=sequential
,hrc21,c7393313-6dbc-4da9-9dd7-d677cd4aa45b,hrc02,src03@display=sequential
hrc21,hrc02,1a2abb6c-4336-478a-91fa-c99e4106a3cc,hrc21,src03@display=sequential
hrc02,hrc21,f8bdbf2b-56fa-42ce-bc56-3bea94e0d7cb,hrc02,src03@display=sequential
hrc02,hrc21,50722701-91d9-4f7c-90bb-e44edfd4f1a5,hrc02,src03@display=sequential
hrc02,hrc21,187b1523-3261-4e58-b86f-69930ec90cb8,hrc02,src03@display=sequential
hrc21,hrc02,32128d68-b864-4e0e-9c13-989300fe1f5d,hrc21,src03@display=sequential
hrc21,hrc21,1e8ecf48-08f8-4994-84af-a25bd4c29c02,hrc02,src03@display=sequential
hrc02,hrc21,0c75abcc-e4e8-4fe8-a620-ebbcb3acef55,hrc02,src03@display=sequential
,hrc21,fa4c43d0-3260-4144-aefb-de55089af488,hrc02,src03@display=sequential
hrc04,hrc04,b995bc40-788a-4263-9250-2f075d16f373,hrc18,src06@display=sequential
hrc04,hrc18,12a93fbf-896e-43f7-8958-1af43801cf9f,hrc04,src06@display=sequential
hrc04,hrc04,3b98f084-15aa-4f10-bb56-097bd5a7cfad,hrc18,src06@display=sequential
hrc18,hrc18,adc32989-072a-4555-a6e0-77db79cde686,hrc04,src06@display=sequential
hrc04,hrc18,6d0409d3-a58a-4600-9d50-620749517832,hrc04,src06@display=sequential
hrc04,hrc04,157b2239-271e-41e3-99b6-ed7eca00929c,hrc18,src06@display=sequential
hrc04,hrc04,6dd8d337-692a-485b-b57f-6af0f846c35d,hrc18,src06@display=sequential
hrc04,hrc04,065f3d2b-259a-432d-8636-22c31cc31048,hrc18,src06@display=sequential
hrc04,hrc18,58728ea0-6590-46a3-a689-df5c9daab943,hrc04,src06@display=sequential
hrc04,hrc18,bf3cb4fa-49fa-4340-a93a-968c70951b9d,hrc04,src06@display=sequential
hrc09,hrc09,c8783d0a-7f2d-415e-8df6-e257a2c50e3c,hrc05,src09@display=sequential
hrc09,hrc09,90a2641b-5fcb-41c9-ad89-2451fbfad6a7,hrc05,src09@display=sequential
hrc09,hrc09,fdf2fd03-93a4-4751-b144-858499ab8b7f,hrc05,src09@display=sequential
hrc09,hrc09,8f5ce5d7-602e-4a26-b3ba-4beeab07c0a8,hrc05,src09@display=sequential
hrc09,hrc05,dbf56af0-d333-49de-9bd3-1b837113335b,hrc09,src09@display=sequential
hrc09,hrc09,4a0a8685-4887-49fe-b267-09c0f3258c10,hrc05,src09@display=sequential
hrc09,hrc05,8b27aa77-28aa-4647-bdbc-dbbf35b50d86,hrc09,src09@display=sequential
hrc09,hrc05,3266e1c9-08ee-4211-9f34-1170e2ecb043,hrc09,src09@display=sequential
hrc09,hrc05,a7e6cf69-b8cc-4cbc-964e-f6819e5cd6a4,hrc09,src09@display=sequential
hrc09,hrc05,d52484c5-287b-49f5-92f9-d01055c2728e,hrc09,src09@display=sequential
hrc09,hrc09,c8783d0a-7f2d-415e-8df6-e257a2c50e3c,hrc19,src02@display=sequential
hrc09,hrc09,c71727c6-7153-435c-987a-c909d1f6afb3,hrc19,src02@display=sequential
hrc09,hrc09,6837bdb0-899f-421b-90b2-7679b398759b,hrc19,src02@display=sequential
hrc09,hrc09,15ec9909-579a-4944-b785-eeb1176c8f46,hrc19,src02@display=sequential
hrc09,hrc19,60458390-32fa-4441-b820-90787c5343f6,hrc09,src02@display=sequential
hrc09,hrc09,6d4b73c7-6738-487e-932f-bbe469cd77cb,hrc19,src02@display=sequential
hrc09,hrc09,1d5750bc-8caa-403b-b8cb-7843720e4e19,hrc19,src02@display=sequential
hrc09,hrc19,88ad40fc-1622-47b5-9086-b7b7f2c69c4e,hrc09,src02@display=sequential
hrc19,hrc09,c4b4c465-69fa-4440-8297-38bbd5b0b5d4,hrc19,src02@display=sequential
,hrc09,e7297da4-8b5e-4b1f-9e73-3e1484bc53f0,hrc19,src02@display=sequential
hrc18,hrc18,c8783d0a-7f2d-415e-8df6-e257a2c50e3c,hrc17,src04@display=sequential
hrc18,hrc18,0691e239-86d2-4f18-9569-54691f5edf2c,hrc17,src04@display=sequential
hrc18,hrc18,3508c90d-7344-4ec2-946c-52b057f5fd46,hrc17,src04@display=sequential
,hrc18,f3db176c-d706-4df7-8e35-7dc9132ab42d,hrc17,src04@display=sequential
,hrc18,fb95302d-dad1-44cc-9cbd-cfbbd08c9051,hrc17,src04@display=sequential
hrc18,hrc18,67a775b1-b97f-4aa4-affb-54e6180f3b71,hrc17,src04@display=sequential
hrc18,hrc18,02fd1a52-0f17-45c3-8185-fdbf6906e984,hrc17,src04@display=sequential
,hrc17,c8f19654-d24f-46d4-9aa5-99d95c9ceab5,hrc18,src04@display=sequential
,hrc18,ed2ad2a1-7e3b-4113-a49a-dfecffee3e57,hrc17,src04@display=sequential
hrc18,hrc17,45dbc247-317c-43c0-b2b1-effff92bd167,hrc18,src04@display=sequential
hrc10,hrc10,c8783d0a-7f2d-415e-8df6-e257a2c50e3c,hrc12,src08@display=sequential
hrc12,hrc10,78ad58b6-fe7d-4b2c-9f23-b91de2567065,hrc12,src08@display=sequential
hrc12,hrc10,aa3bfe25-9f30-43c7-9980-293bb0244bb7,hrc12,src08@display=sequential
hrc12,hrc12,b1ea6be7-fe29-4b9e-a8ba-e07c4943aac7,hrc10,src08@display=sequential
hrc12,hrc10,3205993c-aac2-4a12-b9f8-728328cdc06c,hrc12,src08@display=sequential
hrc12,hrc10,f3db176c-d706-4df7-8e35-7dc9132ab42d,hrc12,src08@display=sequential
hrc12,hrc10,5386aada-2e84-4b87-920b-147898ce357b,hrc12,src08@display=sequential
hrc12,hrc12,77e6627f-e93f-4de6-839e-47512ff2f2b3,hrc10,src08@display=sequential
hrc12,hrc12,fc432dc9-f132-47ef-88ba-dfa8091b09a7,hrc10,src08@display=sequential
hrc12,hrc12,183f0910-0608-4ad7-a2a4-533a8554de1a,hrc10,src08@display=sequential
hrc21,hrc21,00e0b3b3-defe-48ce-aaeb-a2e4d70b22c2,hrc05,src04@display=sequential
hrc21,hrc21,78ad58b6-fe7d-4b2c-9f23-b91de2567065,hrc05,src04@display=sequential
hrc21,hrc05,515db079-946d-43fc-ad4f-da5008eb87ea,hrc21,src04@display=sequential
hrc21,hrc05,41f6da59-8daa-44e5-b500-a68effe80918,hrc21,src04@display=sequential
hrc21,hrc05,2b2fa8d6-a371-4df4-aaf9-2b8ac3c23030,hrc21,src04@display=sequential
hrc21,hrc05,d2b4d696-aa3f-4f64-842e-b95ddd65449e,hrc21,src04@display=sequential
hrc21,hrc05,425d756e-d5e7-49bc-83a2-85e76ee9b31d,hrc21,src04@display=sequential
hrc21,hrc21,aab7fd60-4d29-441c-88ff-67d6aabea655,hrc05,src04@display=sequential
hrc21,hrc21,dd48a3e8-a67f-41e1-b59d-9ee155000e80,hrc05,src04@display=sequential
hrc21,hrc21,02ec8608-c527-44a4-ba72-94448cdae1ed,hrc05,src04@display=sequential
hrc19,hrc10,00e0b3b3-defe-48ce-aaeb-a2e4d70b22c2,hrc19,src08@display=sequential
hrc19,hrc10,a59ec670-7ba7-4f2a-9b13-85d278c73590,hrc19,src08@display=sequential
hrc19,hrc19,12a93fbf-896e-43f7-8958-1af43801cf9f,hrc10,src08@display=sequential
hrc19,hrc10,0ff4298a-a194-4522-8ac6-1ea12733aa57,hrc19,src08@display=sequential
hrc19,hrc19,f358592f-c14f-4bc9-b4c3-6d0c3bb440cb,hrc10,src08@display=sequential
hrc19,hrc10,9d2abd08-aa84-4b48-aeb3-697822d55fc6,hrc19,src08@display=sequential
hrc19,hrc10,f94f6753-69d0-480c-9955-cef718ee907a,hrc19,src08@display=sequential
hrc19,hrc10,c3f9730e-aae2-4cb4-8244-348706326454,hrc19,src08@display=sequential
hrc19,hrc19,bb6d0d2d-b94a-492f-94a9-f55ed5467e0e,hrc10,src08@display=sequential
hrc19,hrc19,5dc62e1a-77a7-42ff-b80f-ad839dbf8ba4,hrc10,src08@display=sequential
hrc02,hrc05,00e0b3b3-defe-48ce-aaeb-a2e4d70b22c2,hrc02,src06@display=sequential
hrc02,hrc05,45e7611d-1c87-4056-ba5c-3a69b413e6e3,hrc02,src06@display=sequential
hrc02,hrc05,3dec82e1-f23f-4793-a574-e6cd6cca38a8,hrc02,src06@display=sequential
hrc02,hrc05,bb926fe0-d9e2-46bc-9b22-daf71321c8aa,hrc02,src06@display=sequential
hrc02,hrc02,085ea3db-2334-44ab-8798-14e7badbe0c6,hrc05,src06@display=sequential
hrc02,hrc02,8d17603d-66f1-4773-afa0-a9d1c2441752,hrc05,src06@display=sequential
hrc02,hrc02,ddcfd680-b0b1-4163-af51-6bc0fbc21a5f,hrc05,src06@display=sequential
hrc02,hrc05,06334826-d0bc-4981-ba31-12d33cc57c66,hrc02,src06@display=sequential
hrc02,hrc02,481d8908-0d05-4b2c-804a-4fe6f0926148,hrc05,src06@display=sequential
hrc02,hrc05,183f0910-0608-4ad7-a2a4-533a8554de1a,hrc02,src06@display=sequential
hrc21,hrc08,0d42c5ea-d627-4776-8c86-8294d4032f8f,hrc21,src07@display=sequential
hrc21,hrc08,3a734a80-9259-40ba-be9d-459a898ba938,hrc21,src07@display=sequential
hrc21,hrc08,e70ba9af-4c86-4f6e-a2c8-54afd6b7c818,hrc21,src07@display=sequential
hrc21,hrc08,542711ab-bcb8-424f-92d3-27b288d47359,hrc21,src07@display=sequential
hrc21,hrc08,53fb7ee8-2a6d-409d-afb2-1eb308ba5a3e,hrc21,src07@display=sequential
hrc21,hrc08,d745395f-3d67-40e3-9565-8e285d7be7fb,hrc21,src07@display=sequential
hrc21,hrc21,b1c29b25-331d-4a78-aab8-01d110fd1e92,hrc08,src07@display=sequential
hrc21,hrc21,7c4a3a6e-b0af-4faa-af50-2e866b6d0fa8,hrc08,src07@display=sequential
hrc21,hrc21,98d05a59-115c-43a5-8845-daafef401e10,hrc08,src07@display=sequential
hrc21,hrc08,d2b4d696-aa3f-4f64-842e-b95ddd65449e,hrc21,src07@display=sequential
hrc18,hrc17,53fb7ee8-2a6d-409d-afb2-1eb308ba5a3e,hrc18,src09@display=sequential
hrc17,hrc18,7e2bc83e-d940-4d78-9383-608319aca71c,hrc17,src09@display=sequential
,hrc17,d99ad3ae-8b0c-4beb-8079-541552a06b3d,hrc18,src09@display=sequential
,hrc17,430b85a3-c4ae-4d20-a43c-71d6080b9eb1,hrc18,src09@display=sequential
hrc18,hrc18,872f64ae-b43d-4fee-b0ab-45bcd25b5854,hrc17,src09@display=sequential
hrc18,hrc17,d403c7b5-a23c-4583-90c0-5ed27e20b8f4,hrc18,src09@display=sequential
hrc18,hrc18,f286d2c9-0a31-42fd-af9d-f5d49f3d8482,hrc17,src09@display=sequential
hrc18,hrc18,6f2c2f55-6d6c-4686-9a3c-50e7b4b47219,hrc17,src09@display=sequential
hrc18,hrc17,d080f3ec-e040-41e2-8e4c-6ff37f951cc8,hrc18,src09@display=sequential
,hrc18,7789925c-d537-4f98-b572-c50cc53b8114,hrc17,src09@display=sequential
hrc09,hrc09,65f53762-138f-4c4f-860b-c41827f8937f,hrc17,src03@display=sequential
hrc09,hrc17,9a1e3f9c-670b-428b-b0c0-bb9666c011e6,hrc09,src03@display=sequential
hrc09,hrc09,d9b5fc53-9935-4007-bdae-6fa5e7e7fc92,hrc17,src03@display=sequential
hrc09,hrc17,420ba22c-2e57-46d7-a211-7fd00fb6b275,hrc09,src03@display=sequential
hrc09,hrc17,c3da0cd7-93e9-42a3-b672-c85cfce1f726,hrc09,src03@display=sequential
hrc09,hrc17,3ef600ff-b8b8-4571-8b95-e601a6f55984,hrc09,src03@display=sequential
hrc09,hrc17,3de8634b-9153-4c5a-8a93-5d6012373bd6,hrc09,src03@display=sequential
hrc09,hrc17,fa771af9-0334-4430-aa48-6fdf4401ccb8,hrc09,src03@display=sequential
hrc09,hrc17,281c5472-3eae-4cd1-8a96-3bc8d0820015,hrc09,src03@display=sequential
hrc09,hrc17,53fb7ee8-2a6d-409d-afb2-1eb308ba5a3e,hrc09,src03@display=sequential
hrc02,hrc02,8a725e7a-8f22-4487-8125-b725545dc485,hrc10,src02@display=sequential
hrc02,hrc10,eb5fb68f-6fe8-41d7-9434-0e7b1acdd8fd,hrc02,src02@display=sequential
hrc02,hrc10,8f1ca983-841c-4d72-86e2-945a28de8cd6,hrc02,src02@display=sequential
hrc02,hrc10,cb0a599b-6c54-4c99-88b5-bdf49ce83f3d,hrc02,src02@display=sequential
hrc02,hrc02,f33c2c13-eae4-419f-9589-dd92b5088180,hrc10,src02@display=sequential
hrc02,hrc10,6ab68eee-6d2b-46e8-b03a-b267fb0eac35,hrc02,src02@display=sequential
hrc02,hrc02,c2db09e2-43d0-490d-a6c8-e264533673bf,hrc10,src02@display=sequential
hrc02,hrc10,262cca7b-6b71-4c12-afe8-728ea07d533a,hrc02,src02@display=sequential
hrc02,hrc02,abb69d4e-907f-485f-845d-799923e35219,hrc10,src02@display=sequential
hrc02,hrc10,7e7a3e3d-6238-4765-b6a4-3babc94d94ec,hrc02,src02@display=sequential
,hrc20,0b20d6f6-fcf4-43e4-a46c-1b42be59e085,hrc02,src03@display=sequential
hrc02,hrc02,3f4c851c-d791-4ae1-a409-b15ebc7602e2,hrc20,src03@display=sequential
hrc20,hrc20,463e62be-6f60-44e3-bc69-d7d4bd290f0d,hrc02,src03@display=sequential
hrc02,hrc20,5558d8dc-89e4-420a-bb35-818b2f95eb50,hrc02,src03@display=sequential
,hrc20,64472def-2740-415f-828a-17a7931c64a8,hrc02,src03@display=sequential
,hrc02,7763f75d-5547-4454-ad57-f9fc777a23d9,hrc20,src03@display=sequential
hrc02,hrc02,2e4c1a67-80bc-4b30-b6ca-da117c7f7ee9,hrc20,src03@display=sequential
hrc20,hrc02,a45092db-c7cb-43ec-9349-5066f42b90bf,hrc20,src03@display=sequential
hrc02,hrc02,e6fc1745-e793-4db0-a5ca-9fe262db0dcb,hrc20,src03@display=sequential
hrc02,hrc20,8a725e7a-8f22-4487-8125-b725545dc485,hrc02,src03@display=sequential
hrc09,hrc09,8a725e7a-8f22-4487-8125-b725545dc485,hrc10,src06@display=sequential
hrc09,hrc09,3a388285-6747-4423-817b-a7ad15ef6563,hrc10,src06@display=sequential
hrc09,hrc10,974a075a-e55c-4415-807d-4e07735b6e1d,hrc09,src06@display=sequential
hrc09,hrc09,68c0527c-5834-4f6e-9b86-785f8c121744,hrc10,src06@display=sequential
hrc09,hrc09,35000692-6b52-47f3-b5aa-d03481ae3eb5,hrc10,src06@display=sequential
hrc09,hrc10,f532281c-30f2-4a67-916d-92f3230bdf18,hrc09,src06@display=sequential
hrc09,hrc10,e55ca671-1a64-4590-953d-9e284e88d509,hrc09,src06@display=sequential
hrc09,hrc10,45764b9e-1aaf-4afb-89d1-6d2cc38d7c1a,hrc09,src06@display=sequential
hrc09,hrc09,10b76fc5-63d7-4546-af40-d353ff7c2bac,hrc10,src06@display=sequential
hrc10,hrc10,12247555-aca9-429f-a207-b97cd9e2cbec,hrc09,src06@display=sequential
hrc07,hrc10,8a725e7a-8f22-4487-8125-b725545dc485,hrc07,src08@display=sequential
hrc07,hrc10,9e239992-9940-42db-9d49-1d0d8d937637,hrc07,src08@display=sequential
hrc07,hrc07,a83953f0-5996-451a-9eaa-44ee8adcc8e8,hrc10,src08@display=sequential
hrc07,hrc10,29c269f6-6a68-452f-966a-32a3b90781a1,hrc07,src08@display=sequential
hrc07,hrc07,8faf10ee-8a92-42c5-8fbf-d7d96cf705cc,hrc10,src08@display=sequential
hrc07,hrc07,33646442-3d35-4986-9939-550b7bd59125,hrc10,src08@display=sequential
hrc07,hrc07,70d291f3-ba18-41ee-b459-63c9e8e05b5e,hrc10,src08@display=sequential
hrc07,hrc07,b1c29b25-331d-4a78-aab8-01d110fd1e92,hrc10,src08@display=sequential
hrc07,hrc07,397001a4-5eb9-437f-ad18-41f87dace59c,hrc10,src08@display=sequential
hrc07,hrc10,3294436f-ed2c-418c-b0a4-838f6d5f50b0,hrc07,src08@display=sequential
hrc07,hrc19,d6027bc7-293a-4c1b-b564-58c113ba4161,hrc07,src09@display=sequential
,hrc07,463e62be-6f60-44e3-bc69-d7d4bd290f0d,hrc19,src09@display=sequential
hrc19,hrc19,f4ff5c1b-9241-474d-80db-0ff5fd2f6bdf,hrc07,src09@display=sequential
hrc07,hrc19,33aa809b-6785-49dc-ae11-5d5af6f61e8e,hrc07,src09@display=sequential
hrc07,hrc07,37ceaadc-152d-4b6f-9d0c-641c00137bad,hrc19,src09@display=sequential
hrc07,hrc19,16145d50-23f3-421b-8b7c-1f8e6a45b00e,hrc07,src09@display=sequential
hrc07,hrc07,8edc7654-ee8d-4cb7-8342-3a3c78003044,hrc19,src09@display=sequential
hrc07,hrc07,54def2f7-632c-4e93-9b86-2370f6ecfb35,hrc19,src09@display=sequential
hrc07,hrc07,bc00ffbe-d00a-4157-87b8-493e67cdc18b,hrc19,src09@display=sequential
,hrc07,183f0910-0608-4ad7-a2a4-533a8554de1a,hrc19,src09@display=sequential
hrc19,hrc19,d6027bc7-293a-4c1b-b564-58c113ba4161,hrc13,src02@display=sequential
hrc19,hrc13,4bf6e92c-767f-4fd1-9cca-e64e41624327,hrc19,src02@display=sequential
hrc19,hrc19,3b98f084-15aa-4f10-bb56-097bd5a7cfad,hrc13,src02@display=sequential
hrc19,hrc19,7adefaed-dee1-4607-8648-a185a4bc8ff7,hrc13,src02@display=sequential
hrc19,hrc13,e7965f16-6621-4854-84b4-b552c5738880,hrc19,src02@display=sequential
,hrc19,f7a660f2-17ac-444a-980f-416641f86208,hrc13,src02@display=sequential
hrc19,hrc13,901525db-f558-48a2-931c-a9de0c60f77f,hrc19,src02@display=sequential
hrc19,hrc19,29a74aa2-3f6f-413b-a6e7-f37994c1db18,hrc13,src02@display=sequential
hrc19,hrc19,84bd8de2-fe4e-426f-a1e4-82db2dee938f,hrc13,src02@display=sequential
hrc19,hrc19,3167e740-abcd-47b6-b957-0711ed640b48,hrc13,src02@display=sequential
hrc19,hrc19,5386aada-2e84-4b87-920b-147898ce357b,hrc17,src05@display=sequential
hrc19,hrc19,e394df73-758e-4644-8b8b-a189f9d65c6d,hrc17,src05@display=sequential
hrc19,hrc19,a7cb4167-b9d3-436d-a9d0-8bf14c40f7ac,hrc17,src05@display=sequential
hrc19,hrc19,75763bc0-515d-4d46-96db-84958a1820fe,hrc17,src05@display=sequential
hrc19,hrc19,06327616-afdd-4927-bbaf-73de01dfa383,hrc17,src05@display=sequential
hrc19,hrc19,c351a2a2-c54e-4c05-a690-2ef4b7fa7f7d,hrc17,src05@display=sequential
hrc19,hrc17,41f2b15c-dbe4-473b-af00-28c8751e329e,hrc19,src05@display=sequential
hrc19,hrc17,b4536e7a-d9bf-4058-98b9-bdb45b1f4cf4,hrc19,src05@display=sequential
hrc19,hrc17,b753aa06-01fa-4174-8bac-c4ea32e61695,hrc19,src05@display=sequential
hrc19,hrc17,4ee218cc-9cd2-4178-9a02-4a72119ac7e5,hrc19,src05@display=sequential
hrc04,hrc04,d6027bc7-293a-4c1b-b564-58c113ba4161,hrc10,src06@display=sequential
hrc04,hrc10,17af3b7f-f3da-4ae2-be50-11325270770f,hrc04,src06@display=sequential
hrc04,hrc04,15ec9909-579a-4944-b785-eeb1176c8f46,hrc10,src06@display=sequential
hrc04,hrc04,537c658a-c98a-4694-980b-087adcb1835b,hrc10,src06@display=sequential
hrc04,hrc04,1dbdf6dc-299d-4b99-8cdb-c46794344655,hrc10,src06@display=sequential
hrc04,hrc10,29891a92-472f-4241-97b3-f486548bb310,hrc04,src06@display=sequential
hrc04,hrc10,317542a8-f621-48a9-9b33-a2887072545f,hrc04,src06@display=sequential
hrc04,hrc04,6a664ca8-5192-4d54-b58b-519e2a07a482,hrc10,src06@display=sequential
hrc04,hrc04,647d0ccb-1fbc-496d-92fd-0af0637de9ae,hrc10,src06@display=sequential
hrc04,hrc10,13f2c5fd-55b0-4e23-a6b7-07c03eae90a4,hrc04,src06@display=sequential
original,original,d6027bc7-293a-4c1b-b564-58c113ba4161,hrc20,src03@display=sequential
original,hrc20,a9776e74-c474-4e53-b6ce-96a8d66fa6a2,original,src03@display=sequential
original,hrc20,3adb22b3-7403-4d2b-bc31-9209defa8e33,original,src03@display=sequential
original,original,1cec815b-399d-4f9d-93d3-0c26f0fc84db,hrc20,src03@display=sequential
,hrc20,7317c3fb-8b5c-4be7-bd0a-363cd0010fb0,original,src03@display=sequential
original,original,a743ec39-7c4a-4a5e-af3d-ef34d1f878ef,hrc20,src03@display=sequential
,original,8b7d1ecd-e95a-4379-a495-33a22119a344,hrc20,src03@display=sequential
,original,292650bb-01af-4e38-b7ab-f6c163fcea4c,hrc20,src03@display=sequential
original,original,e4e6cf83-5949-47e7-9675-8b2b53c28ec5,hrc20,src03@display=sequential
original,hrc20,96c12748-598a-4c44-85ec-d5f3eafc8b88,original,src03@display=sequential
hrc20,hrc10,d6027bc7-293a-4c1b-b564-58c113ba4161,hrc20,src08@display=sequential
hrc20,hrc10,88fd02c5-402c-4421-b7ec-555b9efbe077,hrc20,src08@display=sequential
hrc20,hrc10,58f5993c-9061-4198-9190-1ba69c8c5bf2,hrc20,src08@display=sequential
hrc20,hrc20,3ed94fd1-c049-45fd-ad73-4b5fb83c209d,hrc10,src08@display=sequential
hrc20,hrc20,6fdb4288-40f0-4de1-8396-6bfb23ae11ef,hrc10,src08@display=sequential
hrc20,hrc20,aab7fd60-4d29-441c-88ff-67d6aabea655,hrc10,src08@display=sequential
hrc20,hrc10,d5b7f31b-d65b-42ce-bd0a-29200c94f810,hrc20,src08@display=sequential
hrc20,hrc20,33920445-a272-4833-a2bd-b60fa5a04536,hrc10,src08@display=sequential
hrc20,hrc20,f57e8a92-b926-4e1b-b862-194acbd20f56,hrc10,src08@display=sequential
hrc20,hrc10,4bb20196-b209-4ff6-b04e-cc3536d6a71e,hrc20,src08@display=sequential
hrc16,hrc16,75763bc0-515d-4d46-96db-84958a1820fe,hrc10,src08@display=sequential
hrc10,hrc16,c7393313-6dbc-4da9-9dd7-d677cd4aa45b,hrc10,src08@display=sequential
hrc16,hrc10,4224335e-26df-4d36-b1b2-51dc101f7e76,hrc16,src08@display=sequential
hrc10,hrc10,c15c4cb8-d927-4f2a-adf4-af121b87b70b,hrc16,src08@display=sequential
hrc16,hrc16,af112a53-7d26-4589-b586-67b928b370c4,hrc10,src08@display=sequential
hrc16,hrc16,65392d93-283c-4079-b9ae-ce016ea883f6,hrc10,src08@display=sequential
hrc16,hrc10,19a4afc7-504f-4287-aff1-0e01ee561c13,hrc16,src08@display=sequential
hrc16,hrc16,eeb931d9-8161-4fcf-8e54-2eb9a45bf56f,hrc10,src08@display=sequential
hrc16,hrc16,ed16384e-9a7f-4dd5-b966-585e924233fa,hrc10,src08@display=sequential
hrc10,hrc16,72ed54fa-f4f0-473b-a829-ac89abe9d3c5,hrc10,src08@display=sequential
hrc07,hrc20,75763bc0-515d-4d46-96db-84958a1820fe,hrc07,src09@display=sequential
,hrc07,e7425f6d-50e7-4398-bd06-29976ef5d052,hrc20,src09@display=sequential
hrc20,hrc20,7fc4fb94-b7e7-4237-8e77-087183634925,hrc07,src09@display=sequential
hrc07,hrc07,0691e239-86d2-4f18-9569-54691f5edf2c,hrc20,src09@display=sequential
hrc07,hrc20,48f26fd4-0581-4d50-ab31-ffef5ac3b645,hrc07,src09@display=sequential
hrc07,hrc20,4c9c9dbc-7938-48fa-87e5-30a5bb146ac8,hrc07,src09@display=sequential
hrc07,hrc07,551db687-32a7-4c5c-ad62-3702df23d258,hrc20,src09@display=sequential
hrc07,hrc07,2e79172f-46f4-4734-ae33-91f9f5c22bbf,hrc20,src09@display=sequential
hrc20,hrc20,e088fd7c-253e-44ae-8d6d-3103781ceafe,hrc07,src09@display=sequential
,hrc07,1febb2a5-e775-4a21-a8b0-28aa2c87f5fc,hrc20,src09@display=sequential
hrc13,hrc18,b625a0c8-c3a6-4fa5-b988-b51609c1c180,hrc13,src03@display=sequential
hrc13,hrc18,afb5f403-21d5-4d09-b92f-6d95cee2fde2,hrc13,src03@display=sequential
hrc18,hrc18,aa3bfe25-9f30-43c7-9980-293bb0244bb7,hrc13,src03@display=sequential
hrc18,hrc13,90799355-438b-4212-8fff-ee5297cbd8db,hrc18,src03@display=sequential
hrc18,hrc18,f68bb6a4-fd35-4afd-a5bb-0c2c7c5f9311,hrc13,src03@display=sequential
hrc18,hrc13,a7cb4167-b9d3-436d-a9d0-8bf14c40f7ac,hrc18,src03@display=sequential
hrc18,hrc18,b9b99a88-ac1f-4fe7-a09c-438e278f3476,hrc13,src03@display=sequential
hrc18,hrc18,0a58e305-db28-4bee-9e46-518f3b1d5970,hrc13,src03@display=sequential
hrc18,hrc18,6928b695-0a44-43eb-bf33-2e73eea11790,hrc13,src03@display=sequential
hrc13,hrc13,6b3f07e5-02e2-48e7-8efc-461b03f85b4c,hrc18,src03@display=sequential
hrc04,hrc05,b625a0c8-c3a6-4fa5-b988-b51609c1c180,hrc04,src06@display=sequential
hrc04,hrc05,eb5fb68f-6fe8-41d7-9434-0e7b1acdd8fd,hrc04,src06@display=sequential
hrc04,hrc05,e8e5c81a-3625-4b91-8db0-69e7fc222356,hrc04,src06@display=sequential
hrc04,hrc04,c185b7b6-460c-449b-942c-7437d0e8b154,hrc05,src06@display=sequential
hrc04,hrc05,d45350bd-1fef-4a5e-be1d-b4b2d296c441,hrc04,src06@display=sequential
hrc04,hrc04,928f738f-8508-48b5-a38d-33451eab8633,hrc05,src06@display=sequential
hrc04,hrc04,31386404-9819-45ed-8d9d-7ceeb1453990,hrc05,src06@display=sequential
hrc04,hrc05,32984cad-d2a2-4070-9903-e1bb08e62b3e,hrc04,src06@display=sequential
hrc04,hrc05,f7a57a0e-fc33-4611-9435-fd7e359f7394,hrc04,src06@display=sequential
hrc04,hrc04,b1da7162-c87f-43eb-8bf7-ebb71f16e861,hrc05,src06@display=sequential
hrc04,hrc04,b625a0c8-c3a6-4fa5-b988-b51609c1c180,hrc08,src08@display=sequential
hrc04,hrc08,eadb6c2b-306e-44cc-aff9-fcde6aa2a7d8,hrc04,src08@display=sequential
,hrc08,b75eed47-d9a5-4a29-b4b7-bab0ecbfaf72,hrc04,src08@display=sequential
,hrc08,bea90b0c-2411-4578-a6bf-accb02560906,hrc04,src08@display=sequential
,hrc08,8080cc99-04e0-4ae1-a824-a6d17c614abb,hrc04,src08@display=sequential
,hrc08,58610daf-4074-4fec-bc1c-4770879d61c8,hrc04,src08@display=sequential
hrc04,hrc04,a2feff48-6bd4-4bd1-9ccf-fc969c920cdf,hrc08,src08@display=sequential
hrc04,hrc08,603c65cd-5f34-45be-87e4-a188d93c9c26,hrc04,src08@display=sequential
hrc04,hrc04,32b1e827-4cf2-468f-9797-4a40b9ed4a47,hrc08,src08@display=sequential
hrc04,hrc08,bf3cb4fa-49fa-4340-a93a-968c70951b9d,hrc04,src08@display=sequential
hrc21,hrc21,b625a0c8-c3a6-4fa5-b988-b51609c1c180,hrc10,src04@display=sequential
hrc21,hrc21,18f17dfe-0c19-4a77-aabf-6c0538d6d242,hrc10,src04@display=sequential
hrc21,hrc10,74af2a5c-993c-4783-9d09-ade01b63051f,hrc21,src04@display=sequential
hrc21,hrc21,600cbf91-d68d-4a24-9457-3bb048b161be,hrc10,src04@display=sequential
hrc21,hrc21,1f13add5-5ce9-4c51-8b33-3777418089c5,hrc10,src04@display=sequential
hrc21,hrc10,a2feff48-6bd4-4bd1-9ccf-fc969c920cdf,hrc21,src04@display=sequential
hrc21,hrc21,84ef6bb8-cb60-4e35-94ee-4f6eb5bac7a4,hrc10,src04@display=sequential
hrc21,hrc10,397001a4-5eb9-437f-ad18-41f87dace59c,hrc21,src04@display=sequential
hrc21,hrc21,c045d23e-3f3b-4b8e-8905-9903e31dea71,hrc10,src04@display=sequential
hrc21,hrc21,d5018336-2e28-4a35-a250-a723b3fa214d,hrc10,src04@display=sequential
hrc04,hrc04,872f64ae-b43d-4fee-b0ab-45bcd25b5854,hrc05,src01@display=sequential
hrc04,hrc04,183f0910-0608-4ad7-a2a4-533a8554de1a,hrc05,src01@display=sequential
hrc04,hrc04,5f6b09f1-b26d-4374-83d3-458e20cb9ab5,hrc05,src01@display=sequential
hrc04,hrc05,bc47fb0e-ec8a-4615-93a4-3b6ecd00445d,hrc04,src01@display=sequential
hrc04,hrc05,d745395f-3d67-40e3-9565-8e285d7be7fb,hrc04,src01@display=sequential
hrc04,hrc05,b014d3a9-188b-4d01-8b6b-6867ebb0997d,hrc04,src01@display=sequential
hrc04,hrc05,25a404f1-36a1-47b9-a8f7-89a36a7ed99c,hrc04,src01@display=sequential
hrc04,hrc05,f2b9faac-c743-4136-9ed0-28508f2a2b42,hrc04,src01@display=sequential
hrc04,hrc05,c15c4cb8-d927-4f2a-adf4-af121b87b70b,hrc04,src01@display=sequential
hrc04,hrc05,3febb924-5622-4d83-b36c-f2213c3f5117,hrc04,src01@display=sequential
,hrc08,400e826b-2859-4400-a0a8-9cb0ca818371,hrc17,src02@display=sequential
hrc17,hrc17,a647b0ba-6ea8-4ffa-a048-3f4711f595b0,hrc08,src02@display=sequential
hrc08,hrc17,e394df73-758e-4644-8b8b-a189f9d65c6d,hrc08,src02@display=sequential
hrc17,hrc08,d745395f-3d67-40e3-9565-8e285d7be7fb,hrc17,src02@display=sequential
hrc17,hrc17,397001a4-5eb9-437f-ad18-41f87dace59c,hrc08,src02@display=sequential
hrc08,hrc08,24b6b941-c8a6-46ae-8975-47c98ad64ab2,hrc17,src02@display=sequential
hrc17,hrc17,77567141-ef0e-4a59-8e28-b3aa576185d7,hrc08,src02@display=sequential
,hrc17,b7fec695-05b6-497c-8374-2ef38f3b9753,hrc08,src02@display=sequential
hrc17,hrc08,119c71bb-332f-49d7-80be-8c10ac85f39a,hrc17,src02@display=sequential
hrc08,hrc08,cb83993d-7a2f-4fbf-a8a1-a391f4a0490f,hrc17,src02@display=sequential
hrc21,hrc17,0d42c5ea-d627-4776-8c86-8294d4032f8f,hrc21,src02@display=sequential
hrc21,hrc21,1351a736-f69a-4aea-8bae-fbd4e5704cde,hrc17,src02@display=sequential
hrc21,hrc21,b066ef4f-1fb5-4a6d-b1d7-5a4e654c3efa,hrc17,src02@display=sequential
hrc21,hrc21,9b0c0416-607d-4c8a-bc4e-ea233462e8ff,hrc17,src02@display=sequential
hrc21,hrc21,d7b2a508-f469-4b1b-bfd6-e44749545450,hrc17,src02@display=sequential
hrc21,hrc17,fed3c133-8a6c-4f5f-a931-1d3bf1e3cbfb,hrc21,src02@display=sequential
hrc21,hrc17,cd3da8c8-6bd7-4717-8f4a-b136895e3626,hrc21,src02@display=sequential
hrc21,hrc21,bec08049-04b7-4efb-b381-ac88d95a053d,hrc17,src02@display=sequential
hrc21,hrc21,37d8e0b9-f320-4759-b810-b47ff4467016,hrc17,src02@display=sequential
hrc21,hrc21,7d3d38fd-547c-43c1-af86-0bc68bbb33af,hrc17,src02@display=sequential
hrc20,hrc20,0d42c5ea-d627-4776-8c86-8294d4032f8f,hrc13,src04@display=sequential
hrc20,hrc13,56d73c46-8181-476a-8cb6-4e14d196dea1,hrc20,src04@display=sequential
hrc20,hrc20,638556dd-6e86-4ae3-9c25-0dd2e60709f1,hrc13,src04@display=sequential
hrc20,hrc13,31c31db1-03c4-48b9-90e4-a916869f99fe,hrc20,src04@display=sequential
hrc20,hrc20,c74c4b82-1bc8-4335-a038-4c5055aebe86,hrc13,src04@display=sequential
hrc20,hrc13,d0c55c7c-e53c-42e0-8941-c77ee46fda9a,hrc20,src04@display=sequential
hrc13,hrc13,b13d20bd-47f9-4840-a9e4-a22cca6b80dd,hrc20,src04@display=sequential
hrc20,hrc20,0111d895-f938-4921-8210-3201f559f616,hrc13,src04@display=sequential
hrc20,hrc20,abff7351-c218-40d5-8aa9-fc7b1a5d8429,hrc13,src04@display=sequential
hrc20,hrc13,33ef8805-0783-43e5-b363-3facd89393f8,hrc20,src04@display=sequential
hrc07,hrc07,0d42c5ea-d627-4776-8c86-8294d4032f8f,hrc17,src06@display=sequential
hrc07,hrc07,1c222557-129c-413d-b05a-5e68afeca1fd,hrc17,src06@display=sequential
hrc07,hrc17,3d5aadf7-0358-49ff-b541-71a9103878b1,hrc07,src06@display=sequential
hrc07,hrc07,50722701-91d9-4f7c-90bb-e44edfd4f1a5,hrc17,src06@display=sequential
hrc07,hrc17,78c51e31-ff55-4ce9-af30-adc428a084c9,hrc07,src06@display=sequential
hrc07,hrc17,fbbbfd01-6603-4bb4-aca1-df5e811989cc,hrc07,src06@display=sequential
hrc07,hrc17,6bfdc018-e316-4308-9e36-75b96fbf87db,hrc07,src06@display=sequential
hrc07,hrc07,b6d6ce5a-8b39-434f-9587-d7ab23d43dae,hrc17,src06@display=sequential
hrc07,hrc07,6140f270-6e48-4210-9132-c8a58eeb4d48,hrc17,src06@display=sequential
hrc07,hrc07,f4f2f8e0-a564-424a-91ca-74d1accfde15,hrc17,src06@display=sequential
hrc21,hrc21,0d42c5ea-d627-4776-8c86-8294d4032f8f,hrc05,src09@display=sequential
hrc21,hrc21,6d22f6aa-ae59-40dc-8725-da821af52e48,hrc05,src09@display=sequential
hrc21,hrc21,dbdaad26-adc8-416a-9f6e-1c8ca62da9db,hrc05,src09@display=sequential
hrc21,hrc21,ce9bf68f-cff6-46ed-abc8-cc2f6af281e2,hrc05,src09@display=sequential
hrc21,hrc05,bdaf75e9-710e-440d-a0da-c8460f2c216f,hrc21,src09@display=sequential
hrc21,hrc21,8c1ba179-2106-4f2f-9f78-2ccd5d2f38a5,hrc05,src09@display=sequential
hrc05,hrc05,a89ffe10-715d-49e0-9bd3-fc0664ef817e,hrc21,src09@display=sequential
hrc21,hrc21,7adc7c75-a19e-4472-a3e8-16b402b25ad1,hrc05,src09@display=sequential
hrc21,hrc05,226606bc-5276-4f2d-9a2c-b56c14b8bcdf,hrc21,src09@display=sequential
hrc21,hrc21,56981384-e0ba-4ec4-a6ea-fec5f32b3988,hrc05,src09@display=sequential
hrc12,hrc12,edfbe193-6225-4440-aca9-7b5ca28c88f2,hrc13,src03@display=sequential
hrc12,hrc13,13f2c5fd-55b0-4e23-a6b7-07c03eae90a4,hrc12,src03@display=sequential
hrc12,hrc13,6f4a027b-cb83-475e-b1a9-a9cc3157a341,hrc12,src03@display=sequential
hrc12,hrc12,24cf22d0-b88a-4923-b8be-97af4e9f6013,hrc13,src03@display=sequential
hrc12,hrc12,57276fbb-57d2-40e9-b2ec-07c74e77b724,hrc13,src03@display=sequential
hrc12,hrc13,b095e845-0f71-4a09-8f0e-77b302587a01,hrc12,src03@display=sequential
hrc12,hrc13,317542a8-f621-48a9-9b33-a2887072545f,hrc12,src03@display=sequential
hrc12,hrc12,5da512f4-fb90-48d2-9129-8557fd670449,hrc13,src03@display=sequential
hrc12,hrc12,b7fec695-05b6-497c-8374-2ef38f3b9753,hrc13,src03@display=sequential
hrc12,hrc12,3508c90d-7344-4ec2-946c-52b057f5fd46,hrc13,src03@display=sequential
hrc18,hrc20,edfbe193-6225-4440-aca9-7b5ca28c88f2,hrc18,src08@display=sequential
hrc20,hrc18,2285a432-258c-4d27-8292-7c7b782bc591,hrc20,src08@display=sequential
hrc20,hrc18,6b891a74-b253-4dc5-b5fe-567e9aa20da9,hrc20,src08@display=sequential
hrc20,hrc18,058eabcd-6fe1-4446-af05-c68fbd2bd0c6,hrc20,src08@display=sequential
hrc20,hrc18,f532281c-30f2-4a67-916d-92f3230bdf18,hrc20,src08@display=sequential
hrc20,hrc18,ecf73c1d-2209-4416-b005-26b678216634,hrc20,src08@display=sequential
hrc20,hrc18,676769ee-ffa7-4de5-81aa-002ebbd70d74,hrc20,src08@display=sequential
hrc20,hrc20,e886156a-16d3-42e3-b41a-4975284ac07f,hrc18,src08@display=sequential
hrc20,hrc18,27178302-0773-447d-b736-e24bec3ac742,hrc20,src08@display=sequential
hrc20,hrc20,9baf0479-ee75-4c1d-a964-9c05587af8b1,hrc18,src08@display=sequential
original,hrc08,bd9239e9-b8b4-43eb-a5a6-1abbf7090483,original,src04@display=sequential
original,original,0fefac0c-a2e6-487f-ad69-a8c37b4efa0a,hrc08,src04@display=sequential
original,hrc08,edfbe193-6225-4440-aca9-7b5ca28c88f2,original,src04@display=sequential
original,hrc08,cb83993d-7a2f-4fbf-a8a1-a391f4a0490f,original,src04@display=sequential
original,hrc08,f0bdf508-0d60-44d3-9e43-58e0b70a2a87,original,src04@display=sequential
original,hrc08,91f25404-e83b-4cbb-b329-8cc995812dd1,original,src04@display=sequential
original,original,ec3147b5-c360-4dab-968a-ae71fecd3e29,hrc08,src04@display=sequential
original,hrc08,42b81a15-a01a-4b06-a99e-90705512d83f,original,src04@display=sequential
original,hrc08,25a404f1-36a1-47b9-a8f7-89a36a7ed99c,original,src04@display=sequential
original,hrc08,677f08d2-0532-49d8-8f6c-8565a8f2e571,original,src04@display=sequential
hrc07,hrc08,95a42d41-dfc0-4ddf-ae33-f22f4f4f7632,hrc07,src01@display=sequential
,hrc07,64472def-2740-415f-828a-17a7931c64a8,hrc08,src01@display=sequential
hrc07,hrc07,edfbe193-6225-4440-aca9-7b5ca28c88f2,hrc08,src01@display=sequential
,hrc07,1b9e7799-1c0f-4d71-9579-79b835093f71,hrc08,src01@display=sequential
,hrc08,78448630-72f5-4556-84ab-a02e39a647b6,hrc07,src01@display=sequential
hrc07,hrc07,39df8f82-6ae7-4b16-91e1-bc8a53bbd2bf,hrc08,src01@display=sequential
hrc08,hrc07,65f53762-138f-4c4f-860b-c41827f8937f,hrc08,src01@display=sequential
,hrc08,814ba963-799b-4345-bf39-65bfbb22105a,hrc07,src01@display=sequential
,hrc07,c78abaca-70ac-4a0d-97cd-ccdda203382b,hrc08,src01@display=sequential
hrc08,hrc08,24766b7c-1659-4b37-9e0d-5b94e92a320d,hrc07,src01@display=sequential
,hrc19,bc47fb0e-ec8a-4615-93a4-3b6ecd00445d,hrc04,src03@display=sequential
hrc04,hrc19,25bc1618-bd39-4c6b-8d75-5311bacba659,hrc04,src03@display=sequential
hrc04,hrc04,6837bdb0-899f-421b-90b2-7679b398759b,hrc19,src03@display=sequential
hrc04,hrc04,8445dda7-8d95-449d-8c54-8e2591a8e364,hrc19,src03@display=sequential
,hrc19,965970ee-4f8f-4907-ae84-3318c16a5f29,hrc04,src03@display=sequential
hrc04,hrc04,cbc3521e-1314-4a2d-8cba-7c6f5c572bf6,hrc19,src03@display=sequential
,hrc04,56755160-bea5-4805-81da-59fc5cab28ad,hrc19,src03@display=sequential
hrc04,hrc04,0493648c-4348-4a60-af6d-775313df1a69,hrc19,src03@display=sequential
hrc04,hrc04,262cca7b-6b71-4c12-afe8-728ea07d533a,hrc19,src03@display=sequential
hrc04,hrc04,d5fa3015-e940-4b6b-9b66-69277af334a1,hrc19,src03@display=sequential
hrc07,hrc07,bc47fb0e-ec8a-4615-93a4-3b6ecd00445d,hrc21,src09@display=sequential
hrc07,hrc07,84e9c5d9-f0e9-4b75-a0b5-ab23597e13db,hrc21,src09@display=sequential
hrc07,hrc07,3fd0c9c3-2630-4b2e-97a2-a5d53a98bd58,hrc21,src09@display=sequential
,hrc21,36f898fb-8984-45f6-83f4-7b853ab22f40,hrc07,src09@display=sequential
hrc07,hrc21,50722701-91d9-4f7c-90bb-e44edfd4f1a5,hrc07,src09@display=sequential
hrc07,hrc07,05942f22-02a8-4b21-a462-aca7c9d5c551,hrc21,src09@display=sequential
hrc07,hrc21,241b830e-0e58-4e17-a663-88a3a821ac3e,hrc07,src09@display=sequential
hrc07,hrc21,25b75a3c-786b-44b3-b448-9883ab9d0990,hrc07,src09@display=sequential
hrc07,hrc07,d53945fe-0d18-43b7-82bc-70c07f67a7ca,hrc21,src09@display=sequential
hrc07,hrc21,fa4c43d0-3260-4144-aefb-de55089af488,hrc07,src09@display=sequential
hrc13,hrc13,bc47fb0e-ec8a-4615-93a4-3b6ecd00445d,hrc10,src06@display=sequential
,hrc10,fc2d5087-17df-4c84-844b-23b0339b666b,hrc13,src06@display=sequential
hrc13,hrc10,f2e8c7d8-a560-4d86-95c1-9a382b47082e,hrc13,src06@display=sequential
,hrc13,389e65fd-2bf8-42a2-8b81-822ecb5b58e1,hrc10,src06@display=sequential
hrc10,hrc13,379a33e7-1e63-40fb-b4f7-7424e192a99f,hrc10,src06@display=sequential
hrc13,hrc13,d8f1cdf9-2130-4c7b-a94a-644261d6d4f7,hrc10,src06@display=sequential
hrc10,hrc13,24b6b941-c8a6-46ae-8975-47c98ad64ab2,hrc10,src06@display=sequential
,hrc10,7636c232-cf8e-42d0-9b8d-10d48c444b17,hrc13,src06@display=sequential
,hrc10,7789925c-d537-4f98-b572-c50cc53b8114,hrc13,src06@display=sequential
,hrc13,4a2d56ff-0393-4f08-9121-e22c41b4c51f,hrc10,src06@display=sequential
hrc18,hrc18,4c00c3bf-e047-43af-81ed-5870a469acb5,hrc16,src07@display=sequential
hrc18,hrc18,65f53762-138f-4c4f-860b-c41827f8937f,hrc16,src07@display=sequential
hrc18,hrc18,50947f47-16ce-460f-b420-a89305500465,hrc16,src07@display=sequential
hrc18,hrc18,c78c983f-91fd-4f70-a03b-083124de3c51,hrc16,src07@display=sequential
hrc18,hrc18,8f79de94-24be-4943-8b74-544f666196b8,hrc16,src07@display=sequential
hrc18,hrc16,7874da72-8ea1-4e57-abe0-af1f5b35cf3a,hrc18,src07@display=sequential
hrc18,hrc18,d013d53b-da4a-4452-b8a9-1ea353b220fb,hrc16,src07@display=sequential
hrc18,hrc16,e88a08d0-13f6-4bf9-ad6e-ddd7c77f7373,hrc18,src07@display=sequential
hrc18,hrc16,c79ca1a1-db1e-4f12-8a20-b18e8b065ead,hrc18,src07@display=sequential
hrc18,hrc18,9bf893fd-8e82-4b0e-bc2b-b001e5f912c4,hrc16,src07@display=sequential
,hrc21,de72b01b-833a-4081-8d29-5f625c2d03fb,hrc02,src01@display=sequential
,hrc21,9d32f287-7a5a-4287-9f48-10a44fcb3304,hrc02,src01@display=sequential
,hrc02,c3da0cd7-93e9-42a3-b672-c85cfce1f726,hrc21,src01@display=sequential
hrc21,hrc21,f4fa6f10-58c2-4aea-9eff-1a0ec31b5e25,hrc02,src01@display=sequential
,hrc02,262cca7b-6b71-4c12-afe8-728ea07d533a,hrc21,src01@display=sequential
hrc02,hrc21,459e6ec8-9143-4fda-89ff-32c90a82f712,hrc02,src01@display=sequential
hrc02,hrc02,8016f341-9a26-4b5e-bc01-b857242d960b,hrc21,src01@display=sequential
hrc21,hrc21,281c5472-3eae-4cd1-8a96-3bc8d0820015,hrc02,src01@display=sequential
,hrc21,5edda708-1a28-4132-b481-b6ce1ef44440,hrc02,src01@display=sequential
hrc21,hrc21,4c00c3bf-e047-43af-81ed-5870a469acb5,hrc02,src01@display=sequential
hrc17,hrc17,4c00c3bf-e047-43af-81ed-5870a469acb5,hrc13,src09@display=sequential
hrc17,hrc13,02dc2aa5-1d89-4c14-8abf-91739c14bb95,hrc17,src09@display=sequential
hrc17,hrc17,5d3b4e5d-95ce-4d4c-a503-228a06c1c27b,hrc13,src09@display=sequential
hrc17,hrc13,e668e37c-ba44-4b0d-afd9-2062862b816f,hrc17,src09@display=sequential
hrc17,hrc17,2edf4337-6b67-4ab1-b75b-8f5d88a140ad,hrc13,src09@display=sequential
hrc17,hrc17,71bca3dc-88af-418b-bc5c-901a819fd1f0,hrc13,src09@display=sequential
hrc17,hrc13,49d9d4cb-b8a1-4d99-ba2a-7e1346fc0627,hrc17,src09@display=sequential
hrc17,hrc17,1a45a8b4-7135-4768-a5c5-238e37fb98df,hrc13,src09@display=sequential
,hrc17,a693e218-d9cd-4ff6-99ba-627b53ca937e,hrc13,src09@display=sequential
hrc17,hrc17,b1b18717-7abb-45b4-87fd-424cf2f20ca6,hrc13,src09@display=sequential
original,original,420ba22c-2e57-46d7-a211-7fd00fb6b275,hrc10,src04@display=sequential
original,hrc10,3adb22b3-7403-4d2b-bc31-9209defa8e33,original,src04@display=sequential
original,hrc10,81e4e011-635e-4e0c-84b4-cee59fe25ed0,original,src04@display=sequential
original,original,4abc48f0-325c-4564-95b3-06db30c6e854,hrc10,src04@display=sequential
original,original,c3da0cd7-93e9-42a3-b672-c85cfce1f726,hrc10,src04@display=sequential
original,hrc10,9a1e3f9c-670b-428b-b0c0-bb9666c011e6,original,src04@display=sequential
original,original,a808a4de-7bea-4369-8f71-1cb7d12f07d2,hrc10,src04@display=sequential
original,original,3cdea77c-18d6-4285-8822-0547ebab6d19,hrc10,src04@display=sequential
original,hrc10,a1e1659d-48d5-4ed4-a44f-c3f29c092682,original,src04@display=sequential
original,original,7b959763-70f9-4960-bd32-6491ee9b6aa2,hrc10,src04@display=sequential
hrc21,hrc21,b7fec695-05b6-497c-8374-2ef38f3b9753,hrc17,src07@display=sequential
hrc21,hrc17,73fa3c1f-2659-4f89-afb2-0453b581f177,hrc21,src07@display=sequential
hrc21,hrc21,4ae1d15b-34bc-41bf-8729-623211970811,hrc17,src07@display=sequential
hrc21,hrc21,84531b99-869c-4f3e-ae80-dac3f956997a,hrc17,src07@display=sequential
hrc21,hrc21,629ac0f2-f93c-4562-87e2-83e91c83e632,hrc17,src07@display=sequential
hrc21,hrc21,826cb616-90d6-4b39-8a0a-fa0704a99c08,hrc17,src07@display=sequential
hrc21,hrc17,f63f36f1-2249-4b6a-8e08-f48d0d3c923b,hrc21,src07@display=sequential
,hrc21,68d1f2b5-3293-45a5-b42e-e9c3da1c116f,hrc17,src07@display=sequential
hrc21,hrc21,bb6d0d2d-b94a-492f-94a9-f55ed5467e0e,hrc17,src07@display=sequential
hrc21,hrc21,c4b4c465-69fa-4440-8297-38bbd5b0b5d4,hrc17,src07@display=sequential
,hrc12,b7fec695-05b6-497c-8374-2ef38f3b9753,hrc19,src05@display=sequential
,hrc19,88fce6e5-aa83-48d2-91a1-183a1d9e16d2,hrc12,src05@display=sequential
hrc12,hrc12,70bd37da-a9f2-495e-86bf-87cc6eae4b9f,hrc19,src05@display=sequential
hrc12,hrc19,f4e36280-7ab6-4bf1-afd0-2b3094871ff7,hrc12,src05@display=sequential
,hrc12,3521500f-73a5-4c23-853b-8f0ce5b3d92f,hrc19,src05@display=sequential
hrc12,hrc19,14cd44b5-5d36-4f69-be0a-f4be1d6bfc59,hrc12,src05@display=sequential
hrc12,hrc12,29c269f6-6a68-452f-966a-32a3b90781a1,hrc19,src05@display=sequential
hrc12,hrc19,c3401f48-cfd7-4f88-b4f3-ec9dc22b55f8,hrc12,src05@display=sequential
hrc12,hrc12,1d7e8443-fd1d-48b1-9a31-005a653ad28d,hrc19,src05@display=sequential
hrc12,hrc12,88da8301-e4b8-4cae-a783-ce505f802cbd,hrc19,src05@display=sequential
hrc07,hrc07,2c370320-38ea-4dce-8087-b3357e95e335,hrc17,src01@display=sequential
hrc07,hrc07,77567141-ef0e-4a59-8e28-b3aa576185d7,hrc17,src01@display=sequential
hrc07,hrc17,8ff1358b-2362-4541-bef9-aaa77d3cedb2,hrc07,src01@display=sequential
hrc07,hrc07,62657dbc-0939-45fd-b9d0-0c9a3b27d669,hrc17,src01@display=sequential
hrc07,hrc17,cb83993d-7a2f-4fbf-a8a1-a391f4a0490f,hrc07,src01@display=sequential
hrc07,hrc07,09224b6b-5b76-4dc9-9945-1e90c3cf11e3,hrc17,src01@display=sequential
hrc17,hrc17,558436ff-83db-46b3-951b-08ea96ddeceb,hrc07,src01@display=sequential
hrc07,hrc17,e71693e3-f3a8-4f43-b1a3-1094bcfee6b3,hrc07,src01@display=sequential
hrc07,hrc07,b7fec695-05b6-497c-8374-2ef38f3b9753,hrc17,src01@display=sequential
hrc07,hrc07,37bcaa2e-6ab9-4674-8dc6-00622721be83,hrc17,src01@display=sequential
,hrc04,b4536e7a-d9bf-4058-98b9-bdb45b1f4cf4,hrc07,src06@display=sequential
,hrc04,5359c039-f974-44eb-8bf2-a15031e7dabe,hrc07,src06@display=sequential
hrc07,hrc04,4f379e80-7986-435e-80da-90d2288a9137,hrc07,src06@display=sequential
,hrc07,10133552-f9c8-4185-b640-7e25d2e74bf4,hrc04,src06@display=sequential
hrc07,hrc07,106526b1-77b2-4d00-b5b0-5b7e929f1444,hrc04,src06@display=sequential
hrc07,hrc07,adefd39e-12cd-4c2a-aaa3-98f584c5c723,hrc04,src06@display=sequential
hrc07,hrc07,eb5529f9-4569-4b21-9bee-6c7a462d6195,hrc04,src06@display=sequential
,hrc07,201ca70f-e731-4e8e-a125-f82579361303,hrc04,src06@display=sequential
,hrc04,febbbfd7-f167-40e7-82f3-57fd12d35fdc,hrc07,src06@display=sequential
hrc04,hrc04,0bf55f15-f420-47f7-affc-2654b7277ec7,hrc07,src06@display=sequential
hrc12,hrc12,b4536e7a-d9bf-4058-98b9-bdb45b1f4cf4,hrc20,src09@display=sequential
,hrc20,83d19ff1-7b53-43bc-a20e-c0b147ea8546,hrc12,src09@display=sequential
hrc20,hrc12,0e041457-20d5-4bd4-b6ad-bb8eef3e9ad3,hrc20,src09@display=sequential
hrc12,hrc20,e4bae4c3-c65c-4141-9322-84691c956ebc,hrc12,src09@display=sequential
hrc12,hrc20,f264924b-f4f0-43e6-8f91-b52f1d661da2,hrc12,src09@display=sequential
hrc20,hrc20,f532281c-30f2-4a67-916d-92f3230bdf18,hrc12,src09@display=sequential
hrc12,hrc20,668bbe46-836a-454f-ba33-dd4c33ddb6fd,hrc12,src09@display=sequential
hrc12,hrc20,d3c1b863-4286-42ab-b8e7-356051012a58,hrc12,src09@display=sequential
hrc12,hrc12,50a38519-8060-4b35-97ac-c4b565cbe444,hrc20,src09@display=sequential
hrc12,hrc12,881a6c66-db05-40f7-ad8a-77648d2d237f,hrc20,src09@display=sequential
hrc05,hrc05,b4536e7a-d9bf-4058-98b9-bdb45b1f4cf4,hrc13,src01@display=sequential
hrc05,hrc05,420ba22c-2e57-46d7-a211-7fd00fb6b275,hrc13,src01@display=sequential
hrc05,hrc05,f4e36280-7ab6-4bf1-afd0-2b3094871ff7,hrc13,src01@display=sequential
,hrc13,6138f355-0d67-4ba4-b05d-14e0b0d74414,hrc05,src01@display=sequential
hrc13,hrc05,da0b33d7-d588-4595-b322-5d8c898978e4,hrc13,src01@display=sequential
hrc05,hrc05,1cf51187-29ee-4e29-80b2-ad2a3f850fe2,hrc13,src01@display=sequential
hrc05,hrc13,e2e1d4a7-9934-44f8-a146-212e0c669ec9,hrc05,src01@display=sequential
hrc05,hrc05,b80f00b9-eab1-4fc9-807a-f0f2300dd67c,hrc13,src01@display=sequential
hrc05,hrc13,a8a6721b-be7d-42a3-ad63-ad07d8be7093,hrc05,src01@display=sequential
hrc05,hrc05,a380631e-2ff4-4ec4-882d-f1b84cf9cdc9,hrc13,src01@display=sequential
hrc08,hrc13,82ca0b94-20d0-44bf-8773-eb56a962731c,hrc08,src06@display=sequential
hrc08,hrc08,ed6794a4-ad11-45aa-a760-07c44352d392,hrc13,src06@display=sequential
hrc08,hrc13,814ba963-799b-4345-bf39-65bfbb22105a,hrc08,src06@display=sequential
hrc08,hrc13,7adefaed-dee1-4607-8648-a185a4bc8ff7,hrc08,src06@display=sequential
hrc08,hrc08,702fb032-4e58-4351-a7b9-4d973e83ab6e,hrc13,src06@display=sequential
hrc08,hrc13,c8f19654-d24f-46d4-9aa5-99d95c9ceab5,hrc08,src06@display=sequential
hrc08,hrc13,79ed6f1d-b369-4100-a6fd-b0a81d46b110,hrc08,src06@display=sequential
hrc08,hrc13,13318ebb-5875-4ff4-9460-a1cb3c93434a,hrc08,src06@display=sequential
hrc08,hrc13,37ec1046-f236-4488-a333-7f304a5fdfc7,hrc08,src06@display=sequential
hrc08,hrc13,40a7c6a1-6d4e-405c-830b-288315717027,hrc08,src06@display=sequential
hrc04,hrc05,7c4a3a6e-b0af-4faa-af50-2e866b6d0fa8,hrc04,src05@display=sequential
hrc04,hrc04,cb83993d-7a2f-4fbf-a8a1-a391f4a0490f,hrc05,src05@display=sequential
hrc04,hrc04,aa235a56-2c9d-4248-b414-4fb6bb6ad697,hrc05,src05@display=sequential
hrc04,hrc05,82ca0b94-20d0-44bf-8773-eb56a962731c,hrc04,src05@display=sequential
hrc04,hrc04,9988cc9a-f7bd-4702-bbcc-ff93503e8d2d,hrc05,src05@display=sequential
hrc04,hrc05,7fa97596-ab87-40b3-8e98-d7cad94abbea,hrc04,src05@display=sequential
hrc04,hrc04,a867dbaa-519b-4945-aa5a-9f6b4c6520b7,hrc05,src05@display=sequential
hrc04,hrc04,6837bdb0-899f-421b-90b2-7679b398759b,hrc05,src05@display=sequential
hrc04,hrc05,fd3488d8-d8cc-4644-89d8-89d67f214ab0,hrc04,src05@display=sequential
hrc04,hrc04,d7b474e9-ad6f-4890-99ab-5a796fcbd2cb,hrc05,src05@display=sequential
hrc07,hrc08,f264924b-f4f0-43e6-8f91-b52f1d661da2,hrc07,src07@display=sequential
hrc07,hrc08,e0c67370-cb8d-4fb4-b6e8-e967e9d4da10,hrc07,src07@display=sequential
hrc07,hrc07,fd3488d8-d8cc-4644-89d8-89d67f214ab0,hrc08,src07@display=sequential
hrc07,hrc08,8bc8cdd6-aa66-4cdd-9b76-76c9e52981fa,hrc07,src07@display=sequential
hrc08,hrc07,6135ed7f-5dda-4d85-87d3-be5893060467,hrc08,src07@display=sequential
hrc07,hrc07,566f1efe-c334-4e1c-bd9d-60079dd825db,hrc08,src07@display=sequential
hrc08,hrc08,41875269-0856-453f-bf25-f04241dd081e,hrc07,src07@display=sequential
hrc07,hrc07,ed2ad2a1-7e3b-4113-a49a-dfecffee3e57,hrc08,src07@display=sequential
hrc07,hrc07,9a1e3f9c-670b-428b-b0c0-bb9666c011e6,hrc08,src07@display=sequential
hrc07,hrc08,50722701-91d9-4f7c-90bb-e44edfd4f1a5,hrc07,src07@display=sequential
hrc08,hrc08,9a1e3f9c-670b-428b-b0c0-bb9666c011e6,hrc19,src09@display=sequential
hrc08,hrc08,1d214d6a-4f35-4b88-9fc8-42416a834b24,hrc19,src09@display=sequential
hrc19,hrc08,73bc4325-66f7-441c-aedd-b9b15a616e60,hrc19,src09@display=sequential
hrc08,hrc19,653d3a44-c7c2-4735-9899-3247fc68381e,hrc08,src09@display=sequential
hrc08,hrc19,a16b67db-f08d-44c6-8b9c-e326911ad68f,hrc08,src09@display=sequential
hrc19,hrc19,586c0410-645b-49ce-9e0c-edaf837400fa,hrc08,src09@display=sequential
hrc08,hrc19,397001a4-5eb9-437f-ad18-41f87dace59c,hrc08,src09@display=sequential
hrc08,hrc08,1c5b2ef7-2948-417f-b285-492bc21cb662,hrc19,src09@display=sequential
hrc08,hrc08,d4e8046f-6b35-4b66-8555-8cf0cd6352af,hrc19,src09@display=sequential
hrc19,hrc08,a65903f2-eb1f-4206-929e-6957d523b32a,hrc19,src09@display=sequential
original,hrc08,88fce6e5-aa83-48d2-91a1-183a1d9e16d2,original,src09@display=sequential
original,original,eadb6c2b-306e-44cc-aff9-fcde6aa2a7d8,hrc08,src09@display=sequential
original,hrc08,35777d6a-3f13-436d-aeac-f175175f5a1c,original,src09@display=sequential
original,original,0053f56a-3dfc-4463-8859-7205469af490,hrc08,src09@display=sequential
original,original,222b099d-9a10-42b8-886d-9a79c05de256,hrc08,src09@display=sequential
original,hrc08,a45092db-c7cb-43ec-9349-5066f42b90bf,original,src09@display=sequential
original,hrc08,b2e4fd69-e297-428c-80bb-8e4c322696ae,original,src09@display=sequential
hrc08,hrc08,d5fa3015-e940-4b6b-9b66-69277af334a1,original,src09@display=sequential
original,hrc08,fb51cc7e-0aac-43bd-b29c-dc2abd1c2c82,original,src09@display=sequential
,hrc08,b15ee8e2-8539-4aa6-86f6-1722f5982b2e,original,src09@display=sequential
hrc21,hrc21,c3da0cd7-93e9-42a3-b672-c85cfce1f726,hrc10,src05@display=sequential
hrc21,hrc21,f0bdf508-0d60-44d3-9e43-58e0b70a2a87,hrc10,src05@display=sequential
hrc21,hrc21,3205993c-aac2-4a12-b9f8-728328cdc06c,hrc10,src05@display=sequential
hrc21,hrc10,fb95302d-dad1-44cc-9cbd-cfbbd08c9051,hrc21,src05@display=sequential
hrc21,hrc21,4c9c9dbc-7938-48fa-87e5-30a5bb146ac8,hrc10,src05@display=sequential
hrc21,hrc10,c74c4b82-1bc8-4335-a038-4c5055aebe86,hrc21,src05@display=sequential
hrc21,hrc10,fca3759b-d972-4109-b510-9c0e331cd10b,hrc21,src05@display=sequential
hrc21,hrc21,88b36f5b-7e11-4173-9612-6e4bd8a0df5f,hrc10,src05@display=sequential
hrc10,hrc10,6e129bbe-9076-4e00-af2d-e7504a9dc166,hrc21,src05@display=sequential
hrc21,hrc10,32b1e827-4cf2-468f-9797-4a40b9ed4a47,hrc21,src05@display=sequential
hrc21,hrc21,c3da0cd7-93e9-42a3-b672-c85cfce1f726,hrc02,src06@display=sequential
hrc21,hrc21,3d0bf3f3-3243-42a4-9bc4-85c569e83dff,hrc02,src06@display=sequential
hrc21,hrc02,333d401b-efa1-4532-857c-dc442646d7e1,hrc21,src06@display=sequential
,hrc02,03ef0614-5880-4283-869c-e93d4b9d990e,hrc21,src06@display=sequential
hrc21,hrc21,8046912e-7adc-42c4-af5e-639cb0e9d717,hrc02,src06@display=sequential
hrc02,hrc02,e44dbcab-120c-411c-b746-5ce312213b75,hrc21,src06@display=sequential
hrc21,hrc21,076c3bf8-1f81-4a6b-a192-b6eebd26686f,hrc02,src06@display=sequential
,hrc21,a1f80cb0-486f-4698-bf3f-26cb0a65d353,hrc02,src06@display=sequential
hrc21,hrc21,e4f818a1-7ee9-47f2-81ca-391cad0569a5,hrc02,src06@display=sequential
hrc21,hrc21,b8f7524b-817c-41cc-8cf3-2f9e4053b9ac,hrc02,src06@display=sequential
hrc08,hrc08,281c5472-3eae-4cd1-8a96-3bc8d0820015,hrc10,src08@display=sequential
hrc08,hrc08,f0bdf508-0d60-44d3-9e43-58e0b70a2a87,hrc10,src08@display=sequential
hrc08,hrc10,3be288f6-8041-4043-b452-46e8a67d7014,hrc08,src08@display=sequential
hrc08,hrc08,695a6249-20a5-4e4b-b196-197f51830570,hrc10,src08@display=sequential
hrc08,hrc08,f006a370-cff3-4e73-a6dc-4bded3fe0f75,hrc10,src08@display=sequential
hrc08,hrc10,103c01a6-1eb1-43e3-8bf6-689f6a997cb1,hrc08,src08@display=sequential
hrc08,hrc10,6b366ab5-6ec6-4700-afc7-1ae167361336,hrc08,src08@display=sequential
hrc08,hrc10,cb413348-33d5-4aa8-b00b-1200485f9b83,hrc08,src08@display=sequential
hrc08,hrc10,0282e284-6075-4272-8e47-0514da6c0239,hrc08,src08@display=sequential
hrc08,hrc08,d52484c5-287b-49f5-92f9-d01055c2728e,hrc10,src08@display=sequential
hrc21,hrc21,25a404f1-36a1-47b9-a8f7-89a36a7ed99c,hrc18,src05@display=sequential
hrc21,hrc18,bc383371-8a6a-4048-bcf3-f4daac498ef0,hrc21,src05@display=sequential
hrc21,hrc18,fbac4b1d-155c-4d3e-8c84-e98425883f47,hrc21,src05@display=sequential
hrc21,hrc18,bf1fb90d-b8ab-467e-992d-2a9696fa650b,hrc21,src05@display=sequential
hrc21,hrc21,f68bb6a4-fd35-4afd-a5bb-0c2c7c5f9311,hrc18,src05@display=sequential
hrc21,hrc18,3a25c1af-1c65-4d09-a99f-d8dcf43ebb15,hrc21,src05@display=sequential
hrc21,hrc18,22b9b2b6-adf7-4210-973c-0023762b22b7,hrc21,src05@display=sequential
hrc21,hrc18,cd178ccf-f697-4b60-8cc6-5b0d63a920a1,hrc21,src05@display=sequential
hrc21,hrc18,1c2a4829-ce7e-4d25-b351-e3dd50c04aff,hrc21,src05@display=sequential
hrc21,hrc18,8182bf73-0cb3-422e-8eb3-0cbb71037d76,hrc21,src05@display=sequential
hrc12,hrc19,25a404f1-36a1-47b9-a8f7-89a36a7ed99c,hrc12,src07@display=sequential
,hrc12,e4933001-a28b-487d-9bfd-c114ce6d130e,hrc19,src07@display=sequential
hrc12,hrc12,c351a2a2-c54e-4c05-a690-2ef4b7fa7f7d,hrc19,src07@display=sequential
hrc12,hrc12,83d45c00-57c2-4eae-a987-5b25a951a833,hrc19,src07@display=sequential
hrc19,hrc19,391d7919-cc5f-4309-81f6-ce6cfc04a7bc,hrc12,src07@display=sequential
hrc19,hrc12,33646442-3d35-4986-9939-550b7bd59125,hrc19,src07@display=sequential
,hrc12,84ca7dac-b83d-46e1-8a3f-6934889b29fd,hrc19,src07@display=sequential
hrc12,hrc19,da6f3ec1-ace9-4071-ad4e-c354db644cbc,hrc12,src07@display=sequential
hrc12,hrc12,2bcab180-368e-445d-b0e6-9a217518bc1a,hrc19,src07@display=sequential
hrc19,hrc19,7c090835-7343-43cb-a556-8d9c65bf2579,hrc12,src07@display=sequential
original,hrc10,379e9519-d897-4cf1-b5cf-090662e13f2e,original,src08@display=sequential
original,hrc10,f683c15d-84e9-44ca-963c-37ae92c878a0,original,src08@display=sequential
original,hrc10,90799355-438b-4212-8fff-ee5297cbd8db,original,src08@display=sequential
original,original,a7069379-2fcf-4c99-a623-fd20d3960ebe,hrc10,src08@display=sequential
original,original,f264924b-f4f0-43e6-8f91-b52f1d661da2,hrc10,src08@display=sequential
original,hrc10,7062c3bd-bec4-41ad-a49d-387ebc46bfd2,original,src08@display=sequential
original,original,d013d53b-da4a-4452-b8a9-1ea353b220fb,hrc10,src08@display=sequential
original,original,3febb924-5622-4d83-b36c-f2213c3f5117,hrc10,src08@display=sequential
original,hrc10,a67d4d4f-72b8-4fa5-b507-179a49dbc862,original,src08@display=sequential
original,hrc10,6b7cf11a-44c3-48d0-87a8-cdc05b3801e6,original,src08@display=sequential
hrc12,hrc12,2542f94b-c9c0-4121-8cd6-562f67503607,hrc18,src06@display=sequential
hrc12,hrc12,76d6bfe0-55a2-4a6c-b431-2ec5bf75cee1,hrc18,src06@display=sequential
hrc18,hrc18,285e6ce4-b740-4a6e-9a62-d17f2e36da56,hrc12,src06@display=sequential
hrc12,hrc18,17d1397c-63b2-4fba-b4cd-01580d48fa8e,hrc12,src06@display=sequential
hrc12,hrc12,3a58be0e-af57-4db0-b60d-eb75d3e7c349,hrc18,src06@display=sequential
hrc12,hrc12,6f8e7a8e-3f34-4988-ae03-e1aa0830f4c9,hrc18,src06@display=sequential
hrc12,hrc12,379e9519-d897-4cf1-b5cf-090662e13f2e,hrc18,src06@display=sequential
,hrc18,a50b1738-5516-46bd-a585-fa878da470e2,hrc12,src06@display=sequential
hrc12,hrc18,175a965b-e302-46aa-b701-fb087c49b74f,hrc12,src06@display=sequential
hrc12,hrc12,c0dba839-43a8-404b-95ba-2473525fd047,hrc18,src06@display=sequential
,hrc18,21fb7d74-ce7f-4a75-bbf9-60059b82b720,hrc20,src04@display=sequential
,hrc20,6f8e7a8e-3f34-4988-ae03-e1aa0830f4c9,hrc18,src04@display=sequential
hrc20,hrc18,c0dba839-43a8-404b-95ba-2473525fd047,hrc20,src04@display=sequential
hrc20,hrc20,35000692-6b52-47f3-b5aa-d03481ae3eb5,hrc18,src04@display=sequential
,hrc20,a647b0ba-6ea8-4ffa-a048-3f4711f595b0,hrc18,src04@display=sequential
hrc20,hrc20,7cbdd433-0c91-4d60-ab7b-f1261aaa8fbd,hrc18,src04@display=sequential
hrc20,hrc20,1d86cd8c-857c-4e48-a107-5f9463d42d40,hrc18,src04@display=sequential
,hrc18,05de8bc7-41eb-47be-80e6-4c24be43649c,hrc20,src04@display=sequential
hrc20,hrc18,91c69418-ca88-47fa-9045-520cb13e2506,hrc20,src04@display=sequential
hrc20,hrc18,a8a6721b-be7d-42a3-ad63-ad07d8be7093,hrc20,src04@display=sequential
hrc04,hrc10,ce8915ce-0513-4c3d-9f55-b726199fa15a,hrc04,src02@display=sequential
hrc04,hrc10,9d199c7e-9811-4344-b93f-7cc29ae8e563,hrc04,src02@display=sequential
hrc04,hrc04,a78e34fc-718c-466a-8759-db08f27be3ab,hrc10,src02@display=sequential
hrc04,hrc10,695a6249-20a5-4e4b-b196-197f51830570,hrc04,src02@display=sequential
hrc04,hrc10,a4b0cbec-917c-418b-bdf9-82a0936f4905,hrc04,src02@display=sequential
hrc04,hrc04,9867dfa9-15e4-49b2-9516-13dcde4ab58d,hrc10,src02@display=sequential
hrc04,hrc04,df4292d0-100f-419b-bb47-77f336b78a08,hrc10,src02@display=sequential
hrc04,hrc04,2e75be72-13cf-403c-aed6-59327c99ac9a,hrc10,src02@display=sequential
hrc04,hrc10,6903154f-149f-4eb7-8ace-8f69157e066a,hrc04,src02@display=sequential
hrc04,hrc04,1dee3d32-1f26-414d-aec0-9ef6c3cfd86a,hrc10,src02@display=sequential
hrc09,hrc13,da8af091-d487-4bed-a798-4a640f2f0058,hrc09,src08@display=sequential
hrc09,hrc09,6903154f-149f-4eb7-8ace-8f69157e066a,hrc13,src08@display=sequential
hrc09,hrc09,29674e6d-089e-4429-a5a5-05030ef57cbc,hrc13,src08@display=sequential
hrc09,hrc13,741a8131-74dd-48ea-8966-115510bba4e5,hrc09,src08@display=sequential
hrc09,hrc09,f878add3-52f7-4664-b4db-debcd7fa6905,hrc13,src08@display=sequential
hrc09,hrc13,25110c9c-f0d7-4c05-b06a-1e805b4a0692,hrc09,src08@display=sequential
hrc09,hrc09,18f17dfe-0c19-4a77-aabf-6c0538d6d242,hrc13,src08@display=sequential
hrc09,hrc13,fa99c6a8-18e7-4b07-b497-43ad86407f9c,hrc09,src08@display=sequential
hrc09,hrc13,7a99092a-1aef-4c46-ad48-570d36f8f632,hrc09,src08@display=sequential
hrc09,hrc09,a78e34fc-718c-466a-8759-db08f27be3ab,hrc13,src08@display=sequential
hrc04,hrc04,a78e34fc-718c-466a-8759-db08f27be3ab,hrc17,src09@display=sequential
hrc04,hrc17,a78d1d20-2f7b-4947-a14e-71f3b16b23ea,hrc04,src09@display=sequential
hrc04,hrc17,f4884865-8ee6-4c6d-87e0-7b69ee065577,hrc04,src09@display=sequential
hrc04,hrc04,2360f12b-fd5b-4617-9fd0-5672e2a40b5d,hrc17,src09@display=sequential
hrc04,hrc04,1d5c805c-effd-4a65-8548-6d56ca4ca24c,hrc17,src09@display=sequential
hrc04,hrc17,5eb3a7bb-533a-4dbd-82c4-cd0fae2b33b0,hrc04,src09@display=sequential
hrc04,hrc04,a6704ad0-84ef-4e86-8ac5-f592cc525f47,hrc17,src09@display=sequential
hrc04,hrc17,12058d43-7153-442b-b2ba-d6d2c1f6628a,hrc04,src09@display=sequential
hrc04,hrc04,04efd0f2-8204-47a7-9bcf-ec4deb076c8f,hrc17,src09@display=sequential
hrc04,hrc04,6167a62f-8c9a-478a-bf9c-8c81420948a8,hrc17,src09@display=sequential
hrc08,hrc02,53abf2c4-59eb-4444-ab2a-092449acce40,hrc08,src03@display=sequential
hrc08,hrc08,9a32f30e-db52-4c25-93d0-fa4eb929c406,hrc02,src03@display=sequential
,hrc02,29674e6d-089e-4429-a5a5-05030ef57cbc,hrc08,src03@display=sequential
hrc02,hrc08,a78d1d20-2f7b-4947-a14e-71f3b16b23ea,hrc02,src03@display=sequential
,hrc02,c1739819-086d-408c-b516-f05ff33ddf56,hrc08,src03@display=sequential
hrc08,hrc08,79595a55-109b-463a-9dc6-18a2c47dda3b,hrc02,src03@display=sequential
,hrc02,a78e34fc-718c-466a-8759-db08f27be3ab,hrc08,src03@display=sequential
hrc08,hrc08,246f90ba-2f72-4806-83dc-3ed750ed6b5a,hrc02,src03@display=sequential
,hrc02,f3898e02-ebd4-402b-90c3-9f2575211afc,hrc08,src03@display=sequential
hrc02,hrc08,83d19ff1-7b53-43bc-a20e-c0b147ea8546,hrc02,src03@display=sequential
hrc19,hrc08,1cb35fd5-7c42-46a8-9139-15882c5bf85c,hrc19,src04@display=sequential
hrc19,hrc19,6a98c9e8-2ad1-4e94-9b64-768f79f5a556,hrc08,src04@display=sequential
hrc19,hrc19,27178302-0773-447d-b736-e24bec3ac742,hrc08,src04@display=sequential
,hrc08,a78e34fc-718c-466a-8759-db08f27be3ab,hrc19,src04@display=sequential
hrc08,hrc08,7062c3bd-bec4-41ad-a49d-387ebc46bfd2,hrc19,src04@display=sequential
hrc19,hrc19,ea4c2ce7-4a48-4590-9d5e-0592ae88a555,hrc08,src04@display=sequential
hrc19,hrc19,5538c60a-3f6f-425a-90d3-4f15c31f6e3f,hrc08,src04@display=sequential
hrc19,hrc08,7686d813-d5e0-44f8-903b-16713b01a72d,hrc19,src04@display=sequential
hrc19,hrc08,777aa73c-e876-4af7-a998-55b2db8bf245,hrc19,src04@display=sequential
hrc19,hrc08,5740ef69-a9fb-42c2-b986-66e60752eb0f,hrc19,src04@display=sequential
hrc18,hrc18,a78e34fc-718c-466a-8759-db08f27be3ab,hrc13,src06@display=sequential
hrc18,hrc18,7cb06b23-5ae6-4b33-95b1-ab1ec6ce9a9d,hrc13,src06@display=sequential
hrc18,hrc18,534e0a10-19b0-4438-8138-70759d080fbe,hrc13,src06@display=sequential
hrc18,hrc13,18f17dfe-0c19-4a77-aabf-6c0538d6d242,hrc18,src06@display=sequential
hrc18,hrc13,eab4dc38-820b-4c1b-a638-2b4a0f93a334,hrc18,src06@display=sequential
hrc18,hrc13,46988bee-31b6-4324-8234-6c77582cea87,hrc18,src06@display=sequential
hrc18,hrc18,e94f704d-fa22-45f1-a03e-2a052dc0f0a9,hrc13,src06@display=sequential
,hrc13,e394df73-758e-4644-8b8b-a189f9d65c6d,hrc18,src06@display=sequential
hrc18,hrc13,49d9d4cb-b8a1-4d99-ba2a-7e1346fc0627,hrc18,src06@display=sequential
hrc18,hrc18,f34eebbe-cadc-470b-ad67-fba97042993a,hrc13,src06@display=sequential
hrc07,hrc07,65392d93-283c-4079-b9ae-ce016ea883f6,hrc17,src04@display=sequential
hrc07,hrc07,eb5fb68f-6fe8-41d7-9434-0e7b1acdd8fd,hrc17,src04@display=sequential
hrc07,hrc07,a527bdf9-311f-43ee-a4b5-31dd2629cc0a,hrc17,src04@display=sequential
hrc07,hrc17,3fa51d84-1a9d-4cf7-8204-2ab2685cd7be,hrc07,src04@display=sequential
hrc07,hrc17,3294436f-ed2c-418c-b0a4-838f6d5f50b0,hrc07,src04@display=sequential
hrc07,hrc07,b924cb23-4607-4aba-b7f1-8ac56580e36a,hrc17,src04@display=sequential
hrc07,hrc17,e8b75641-dc07-4974-9c94-cd85ade313d5,hrc07,src04@display=sequential
hrc07,hrc17,73f3f458-e953-4612-8841-8bb1c14fd5ec,hrc07,src04@display=sequential
hrc07,hrc17,257352c3-f4fb-41d1-988e-e8dc49e02c9d,hrc07,src04@display=sequential
hrc07,hrc07,d99ad3ae-8b0c-4beb-8079-541552a06b3d,hrc17,src04@display=sequential
hrc18,hrc18,6f8e7a8e-3f34-4988-ae03-e1aa0830f4c9,hrc16,src03@display=sequential
hrc18,hrc18,54a067ea-cabb-4df6-8f37-67a5eb1b48d5,hrc16,src03@display=sequential
hrc18,hrc16,2f40feab-34a7-4195-ae6f-b5f696ff05b4,hrc18,src03@display=sequential
hrc18,hrc16,08222fec-a836-4bb3-bc8b-06590d580cca,hrc18,src03@display=sequential
hrc18,hrc16,a8ba293b-ab6b-47e0-bfc7-b339acf04929,hrc18,src03@display=sequential
hrc18,hrc16,a527bdf9-311f-43ee-a4b5-31dd2629cc0a,hrc18,src03@display=sequential
hrc18,hrc18,f86b2275-4518-4d57-8c52-46fc992cc8a3,hrc16,src03@display=sequential
hrc18,hrc16,ebbf9667-0a89-4ecf-ad92-4b6fd6d9112c,hrc18,src03@display=sequential
hrc18,hrc16,0afe3f83-afb0-4165-aa8a-5d917fc5f69b,hrc18,src03@display=sequential
hrc18,hrc16,43de5aa3-6ca6-4e25-9742-c63818d012ca,hrc18,src03@display=sequential
hrc02,hrc18,a527bdf9-311f-43ee-a4b5-31dd2629cc0a,hrc02,src07@display=sequential
hrc02,hrc18,c0dba839-43a8-404b-95ba-2473525fd047,hrc02,src07@display=sequential
hrc02,hrc18,a464bb39-1622-4a87-b812-7b328917ca19,hrc02,src07@display=sequential
hrc02,hrc02,d0ff0cee-967d-4b1f-8398-f805a1c309bb,hrc18,src07@display=sequential
hrc02,hrc02,7cb4c25c-98f3-4c33-a8ef-2f1c44f8dd8a,hrc18,src07@display=sequential
hrc02,hrc18,51e53bc3-aa26-4dc9-825d-3023b001764d,hrc02,src07@display=sequential
hrc02,hrc18,efec50c6-91a7-440c-9aea-465ed22f7ea8,hrc02,src07@display=sequential
hrc02,hrc02,fed3c133-8a6c-4f5f-a931-1d3bf1e3cbfb,hrc18,src07@display=sequential
hrc02,hrc02,ba734442-c953-48c5-a8ce-20166773bf6a,hrc18,src07@display=sequential
,hrc02,54610d4e-5622-4fe4-9db3-a3db3d3e936f,hrc18,src07@display=sequential
hrc12,hrc12,a527bdf9-311f-43ee-a4b5-31dd2629cc0a,hrc16,src06@display=sequential
hrc12,hrc12,da8af091-d487-4bed-a798-4a640f2f0058,hrc16,src06@display=sequential
hrc12,hrc12,211e49fa-fc80-47ae-a50a-15426f09fa31,hrc16,src06@display=sequential
hrc12,hrc12,d10debac-78f1-47fd-b639-dd0a767a2115,hrc16,src06@display=sequential
,hrc16,9bd8abfb-6a27-45ba-b7dc-35c6940c49a6,hrc12,src06@display=sequential
hrc12,hrc12,270c19d1-7369-4fc0-84b0-9021a68d1b71,hrc16,src06@display=sequential
,hrc16,6188c003-558b-403c-a837-9aad0078345c,hrc12,src06@display=sequential
hrc12,hrc16,8f9afef3-5f14-4236-b677-b43876808ec6,hrc12,src06@display=sequential
,hrc16,2a7ae114-b740-4a89-8ed5-1a599b046d0a,hrc12,src06@display=sequential
,hrc16,7c337f37-80f0-4f07-8559-841a5456e201,hrc12,src06@display=sequential
hrc21,hrc05,a527bdf9-311f-43ee-a4b5-31dd2629cc0a,hrc21,src01@display=sequential
hrc21,hrc05,257352c3-f4fb-41d1-988e-e8dc49e02c9d,hrc21,src01@display=sequential
hrc21,hrc05,157b2239-271e-41e3-99b6-ed7eca00929c,hrc21,src01@display=sequential
hrc21,hrc21,09313056-ebad-4866-92f8-0be6160820e5,hrc05,src01@display=sequential
hrc21,hrc05,8d17603d-66f1-4773-afa0-a9d1c2441752,hrc21,src01@display=sequential
hrc21,hrc21,34a04ead-7804-4e55-b549-9b91d884c0ad,hrc05,src01@display=sequential
hrc21,hrc21,320763ff-9395-4607-b5dd-547772958a15,hrc05,src01@display=sequential
hrc21,hrc21,5a14dca9-ea09-4194-8bd6-e5eb2d3a4404,hrc05,src01@display=sequential
hrc21,hrc05,7de80bf2-500e-478d-af55-ba3cd4f18a29,hrc21,src01@display=sequential
hrc05,hrc21,6b3f07e5-02e2-48e7-8efc-461b03f85b4c,hrc05,src01@display=sequential
,hrc20,4426f22d-2504-4d64-9045-785110d11a95,hrc17,src04@display=sequential
hrc20,hrc20,b9478e46-608d-4b40-85f2-6d5ebe427241,hrc17,src04@display=sequential
hrc20,hrc17,7f66d17f-e0f8-4000-938a-38fdb600fcc2,hrc20,src04@display=sequential
hrc20,hrc17,f4e36280-7ab6-4bf1-afd0-2b3094871ff7,hrc20,src04@display=sequential
hrc20,hrc20,e70ba9af-4c86-4f6e-a2c8-54afd6b7c818,hrc17,src04@display=sequential
hrc20,hrc17,6e3e236c-b948-4a41-8b52-feb486da487b,hrc20,src04@display=sequential
hrc20,hrc20,f57e8a92-b926-4e1b-b862-194acbd20f56,hrc17,src04@display=sequential
,hrc17,826cb616-90d6-4b39-8a0a-fa0704a99c08,hrc20,src04@display=sequential
hrc20,hrc17,32128d68-b864-4e0e-9c13-989300fe1f5d,hrc20,src04@display=sequential
,hrc17,f0449a2c-9fa2-49ec-9d76-27a7a5be2351,hrc20,src04@display=sequential
hrc10,hrc17,4426f22d-2504-4d64-9045-785110d11a95,hrc10,src05@display=sequential
hrc10,hrc17,2c820e01-cd0e-4cca-bb2b-5384ccd7f578,hrc10,src05@display=sequential
hrc10,hrc10,4b2bb8bc-bbe6-432b-bd1f-da59f6ae9222,hrc17,src05@display=sequential
hrc10,hrc17,353bad22-15fb-4dc6-8eed-7dd83f1c5ae6,hrc10,src05@display=sequential
hrc10,hrc17,b559e691-1ad1-47f2-bbb3-c0c843c2f5f8,hrc10,src05@display=sequential
hrc10,hrc17,2b2fa8d6-a371-4df4-aaf9-2b8ac3c23030,hrc10,src05@display=sequential
hrc10,hrc17,22b292e9-7a17-4b4a-9a09-0681caae291e,hrc10,src05@display=sequential
hrc10,hrc17,2847519c-6135-4c95-869d-42debfbc689f,hrc10,src05@display=sequential
hrc10,hrc10,fc412c03-7ce4-4158-821d-8a6eb8b6813f,hrc17,src05@display=sequential
,hrc10,cd4297f0-57ec-486e-957b-ef09e8de0607,hrc17,src05@display=sequential
chrc12,chrc12,db107cd9-dbe7-4902-afda-5ae89c3af6c2,chrc04,csrc11@display=sequential
chrc12,chrc12,45e1e015-506b-4217-a64f-4f2b2d502cda,chrc04,csrc11@display=sequential
chrc12,chrc12,4426f22d-2504-4d64-9045-785110d11a95,chrc04,csrc11@display=sequential
chrc12,chrc12,eeb931d9-8161-4fcf-8e54-2eb9a45bf56f,chrc04,csrc11@display=sequential
,chrc04,fb95302d-dad1-44cc-9cbd-cfbbd08c9051,chrc12,csrc11@display=sequential
chrc12,chrc04,13318ebb-5875-4ff4-9460-a1cb3c93434a,chrc12,csrc11@display=sequential
chrc12,chrc12,79595a55-109b-463a-9dc6-18a2c47dda3b,chrc04,csrc11@display=sequential
chrc12,chrc04,2231f9ee-7322-4c18-afd8-0297a5523148,chrc12,csrc11@display=sequential
chrc12,chrc04,4286ceb2-7535-49c7-ae3e-0a69c7960068,chrc12,csrc11@display=sequential
chrc12,chrc04,c74c4b82-1bc8-4335-a038-4c5055aebe86,chrc12,csrc11@display=sequential
hrc08,hrc09,5f234167-2bce-417e-a7b1-13f637af5124,hrc08,src03@display=sequential
hrc09,hrc09,77381627-993a-4177-ad22-b7dbdbfad056,hrc08,src03@display=sequential
hrc08,hrc09,086fa07b-23fc-412b-8ce3-a01afdd6db7f,hrc08,src03@display=sequential
hrc09,hrc08,39df8f82-6ae7-4b16-91e1-bc8a53bbd2bf,hrc09,src03@display=sequential
hrc08,hrc09,ae596db0-ca56-4a5e-819e-66d021715ded,hrc08,src03@display=sequential
hrc08,hrc08,bbb385de-3383-428c-810d-de9218736f6e,hrc09,src03@display=sequential
hrc08,hrc08,83233e30-b3ad-4498-8eff-e51044d70333,hrc09,src03@display=sequential
,hrc09,f95ca5ed-5806-41a7-883d-75390a3ca469,hrc08,src03@display=sequential
,hrc08,87435dd4-468b-4d42-ad09-2d8173a30764,hrc09,src03@display=sequential
hrc08,hrc09,37ceaadc-152d-4b6f-9d0c-641c00137bad,hrc08,src03@display=sequential
hrc19,hrc05,4426f22d-2504-4d64-9045-785110d11a95,hrc19,src07@display=sequential
hrc19,hrc05,4bf6e92c-767f-4fd1-9cca-e64e41624327,hrc19,src07@display=sequential
hrc19,hrc19,f4884865-8ee6-4c6d-87e0-7b69ee065577,hrc05,src07@display=sequential
hrc19,hrc05,333d401b-efa1-4532-857c-dc442646d7e1,hrc19,src07@display=sequential
hrc19,hrc19,41c77243-6fce-4b2f-a350-655108d9e602,hrc05,src07@display=sequential
hrc19,hrc05,b18b958b-b908-4ebe-932d-e50c856c72a6,hrc19,src07@display=sequential
hrc19,hrc05,d7b2a508-f469-4b1b-bfd6-e44749545450,hrc19,src07@display=sequential
hrc05,hrc05,c0194955-c42e-4a2f-a1ab-b48fdb4fe5e8,hrc19,src07@display=sequential
hrc19,hrc05,f94f6753-69d0-480c-9955-cef718ee907a,hrc19,src07@display=sequential
hrc19,hrc05,fde3321b-a2a7-4c3f-a0fd-4dfc1beeba48,hrc19,src07@display=sequential
original,chrc07,e1a81f7d-52d5-42f1-a2d0-3c29476b9636,original,csrc12@display=sequential
original,chrc07,8445dda7-8d95-449d-8c54-8e2591a8e364,original,csrc12@display=sequential
original,chrc07,298df3c7-d91b-4f74-be0d-afbb5a554566,original,csrc12@display=sequential
original,original,1d7e8443-fd1d-48b1-9a31-005a653ad28d,chrc07,csrc12@display=sequential
original,original,dae60604-49cd-4259-9d04-075db5ad2a1d,chrc07,csrc12@display=sequential
original,original,88dba501-c1cc-4377-b515-43a0b935917c,chrc07,csrc12@display=sequential
,chrc07,91641fb2-f748-4fad-bfa6-9ef0e5b271a3,original,csrc12@display=sequential
original,original,4426f22d-2504-4d64-9045-785110d11a95,chrc07,csrc12@display=sequential
original,chrc07,a289f0fe-8e3d-48c8-b3d3-d09b6d17b9f8,original,csrc12@display=sequential
original,original,183e5378-8994-4497-ab39-a4e4efc81fbc,chrc07,csrc12@display=sequential
,hrc02,4426f22d-2504-4d64-9045-785110d11a95,hrc04,src08@display=sequential
hrc04,hrc02,90a2641b-5fcb-41c9-ad89-2451fbfad6a7,hrc04,src08@display=sequential
hrc04,hrc02,77ffe866-607d-40f5-97ad-5a9629b1c95b,hrc04,src08@display=sequential
,hrc02,438e8653-e2e4-4d7e-b701-1cd1aff05f82,hrc04,src08@display=sequential
hrc02,hrc02,1ac2dd7c-2993-4a15-a53f-3af54deb2789,hrc04,src08@display=sequential
hrc02,hrc04,e94d62b4-1674-49d2-9d93-d83fdf7fc0a9,hrc02,src08@display=sequential
,hrc04,84ca7dac-b83d-46e1-8a3f-6934889b29fd,hrc02,src08@display=sequential
hrc04,hrc02,6f2c2f55-6d6c-4686-9a3c-50e7b4b47219,hrc04,src08@display=sequential
hrc04,hrc04,8d34a0c1-f486-4a33-930c-2685163bcf28,hrc02,src08@display=sequential
,hrc02,b15ee8e2-8539-4aa6-86f6-1722f5982b2e,hrc04,src08@display=sequential
hrc21,hrc20,515db079-946d-43fc-ad4f-da5008eb87ea,hrc21,src09@display=sequential
,hrc21,1d86cd8c-857c-4e48-a107-5f9463d42d40,hrc20,src09@display=sequential
,hrc21,f0bdf508-0d60-44d3-9e43-58e0b70a2a87,hrc20,src09@display=sequential
hrc21,hrc21,73fa3c1f-2659-4f89-afb2-0453b581f177,hrc20,src09@display=sequential
hrc21,hrc21,ec3147b5-c360-4dab-968a-ae71fecd3e29,hrc20,src09@display=sequential
hrc21,hrc20,1ade687b-5aca-4370-9311-b6f72528a473,hrc21,src09@display=sequential
hrc20,hrc20,677f08d2-0532-49d8-8f6c-8565a8f2e571,hrc21,src09@display=sequential
hrc20,hrc21,0441b07d-420d-4150-9b33-b41f9f87be60,hrc20,src09@display=sequential
hrc20,hrc20,fc8b30b8-66ed-4a7c-a34d-169a0a459c61,hrc21,src09@display=sequential
hrc21,hrc20,7341608e-8a94-48aa-9aac-53d556ee0c5b,hrc21,src09@display=sequential
hrc19,hrc13,9bd8abfb-6a27-45ba-b7dc-35c6940c49a6,hrc19,src05@display=sequential
hrc13,hrc19,cfc289f5-548c-494d-8a96-40752a1ec3c7,hrc13,src05@display=sequential
hrc19,hrc19,438e8653-e2e4-4d7e-b701-1cd1aff05f82,hrc13,src05@display=sequential
hrc19,hrc13,6f4a027b-cb83-475e-b1a9-a9cc3157a341,hrc19,src05@display=sequential
hrc13,hrc13,8445dda7-8d95-449d-8c54-8e2591a8e364,hrc19,src05@display=sequential
hrc19,hrc13,f4c93ef6-9b4c-4208-b5f1-c0827cbfa484,hrc19,src05@display=sequential
hrc19,hrc19,84592273-be4b-4c0c-9569-ce4a9d8c0128,hrc13,src05@display=sequential
hrc19,hrc19,9bf342e3-6f22-490b-b00b-372d2a7d8199,hrc13,src05@display=sequential
hrc19,hrc13,8f75f8b3-15e6-4e03-855b-627f9aee47aa,hrc19,src05@display=sequential
hrc13,hrc13,6140f270-6e48-4210-9132-c8a58eeb4d48,hrc19,src05@display=sequential
hrc18,hrc16,a464bb39-1622-4a87-b812-7b328917ca19,hrc18,src09@display=sequential
,hrc18,53466a3c-2c62-4717-b913-22fec5e4d2d9,hrc16,src09@display=sequential
hrc18,hrc16,257352c3-f4fb-41d1-988e-e8dc49e02c9d,hrc18,src09@display=sequential
hrc18,hrc16,0c7cd81d-925c-4743-a2d6-52c210ca2c4d,hrc18,src09@display=sequential
hrc18,hrc16,f683c15d-84e9-44ca-963c-37ae92c878a0,hrc18,src09@display=sequential
hrc18,hrc16,80242604-78cd-4315-af9e-7594eeb7970c,hrc18,src09@display=sequential
hrc18,hrc18,7cb06b23-5ae6-4b33-95b1-ab1ec6ce9a9d,hrc16,src09@display=sequential
hrc18,hrc16,37bcaa2e-6ab9-4674-8dc6-00622721be83,hrc18,src09@display=sequential
hrc18,hrc16,d9ff101e-ef99-45a1-b979-91bffe08a7a1,hrc18,src09@display=sequential
hrc18,hrc18,2fa1bcd3-8b2a-436f-a799-1eb3e77d45f3,hrc16,src09@display=sequential
hrc08,hrc08,65f53762-138f-4c4f-860b-c41827f8937f,hrc05,src05@display=sequential
hrc08,hrc08,c78abaca-70ac-4a0d-97cd-ccdda203382b,hrc05,src05@display=sequential
hrc08,hrc08,ecf6df41-9caa-4f8e-9e83-ed4064aa1ec4,hrc05,src05@display=sequential
hrc08,hrc08,183e5378-8994-4497-ab39-a4e4efc81fbc,hrc05,src05@display=sequential
hrc08,hrc08,8046912e-7adc-42c4-af5e-639cb0e9d717,hrc05,src05@display=sequential
hrc08,hrc05,08222fec-a836-4bb3-bc8b-06590d580cca,hrc08,src05@display=sequential
hrc08,hrc05,a939f7f9-e165-4264-99f1-558f02f6b709,hrc08,src05@display=sequential
hrc08,hrc05,8edc7654-ee8d-4cb7-8342-3a3c78003044,hrc08,src05@display=sequential
hrc08,hrc08,38d87ed8-3766-4fd4-bf18-746702872360,hrc05,src05@display=sequential
hrc08,hrc08,798ea17c-f39f-4bc5-94bc-74a3062693f7,hrc05,src05@display=sequential
hrc07,hrc07,77d5559f-b918-4334-9319-a6e7ed7df260,hrc10,src06@display=sequential
hrc07,hrc10,0c75c2cb-4183-4187-8e95-1ddec654b46f,hrc07,src06@display=sequential
hrc07,hrc07,faac7ea8-ec5f-4eb7-b401-1aa9a93a6a43,hrc10,src06@display=sequential
,hrc10,87b763b7-2f26-42bb-a0da-162c15c36d74,hrc07,src06@display=sequential
hrc07,hrc07,b06990da-cdb0-46ce-9ec1-4e2597c7c00a,hrc10,src06@display=sequential
hrc07,hrc07,6903154f-149f-4eb7-8ace-8f69157e066a,hrc10,src06@display=sequential
hrc07,hrc10,79384cbc-8849-4e8b-9bc8-729523cda045,hrc07,src06@display=sequential
hrc07,hrc07,8b7d1ecd-e95a-4379-a495-33a22119a344,hrc10,src06@display=sequential
hrc07,hrc07,30342057-2a33-4929-ac24-d1c5f1106151,hrc10,src06@display=sequential
hrc07,hrc10,8caf3bb1-46b2-4cff-b052-ecb1b2e9b9b1,hrc07,src06@display=sequential
,hrc07,6903154f-149f-4eb7-8ace-8f69157e066a,hrc02,src03@display=sequential
,hrc02,c351a2a2-c54e-4c05-a690-2ef4b7fa7f7d,hrc07,src03@display=sequential
,hrc02,3a734a80-9259-40ba-be9d-459a898ba938,hrc07,src03@display=sequential
,hrc07,542711ab-bcb8-424f-92d3-27b288d47359,hrc02,src03@display=sequential
hrc02,hrc02,af112a53-7d26-4589-b586-67b928b370c4,hrc07,src03@display=sequential
hrc07,hrc02,e3910452-c747-4618-b718-e301ef9b69c9,hrc07,src03@display=sequential
hrc07,hrc02,9e9f603a-fd4f-46bf-a2e2-a50497486075,hrc07,src03@display=sequential
hrc07,hrc07,a598dfc3-ed57-44eb-8b48-92b2c1dd6086,hrc02,src03@display=sequential
,hrc02,b1da7162-c87f-43eb-8bf7-ebb71f16e861,hrc07,src03@display=sequential
hrc07,hrc07,65febfb3-2ea0-4b86-bc2e-3588fe6206d1,hrc02,src03@display=sequential
,hrc17,6903154f-149f-4eb7-8ace-8f69157e066a,hrc18,src07@display=sequential
hrc18,hrc18,5f8aaead-de3f-4647-b1db-afa272e15627,hrc17,src07@display=sequential
hrc18,hrc17,211e49fa-fc80-47ae-a50a-15426f09fa31,hrc18,src07@display=sequential
,hrc18,10201875-20ed-4191-8b55-2033d1755645,hrc17,src07@display=sequential
,hrc18,20a56b23-a069-49e5-b34d-d80c1af588d5,hrc17,src07@display=sequential
hrc17,hrc18,02b35be6-fb7d-4492-87e7-8f22e34574ad,hrc17,src07@display=sequential
hrc18,hrc17,4bd6af01-9fac-4ed3-9eb7-a3274aeb5661,hrc18,src07@display=sequential
hrc18,hrc18,8549911f-d533-4be3-bccb-c329e82caf2c,hrc17,src07@display=sequential
hrc18,hrc18,df52d896-b5bf-493f-bb1c-ee5bbb1e44be,hrc17,src07@display=sequential
,hrc18,ebbf9667-0a89-4ecf-ad92-4b6fd6d9112c,hrc17,src07@display=sequential
hrc02,hrc02,60acbb26-ef95-4f72-a364-3ca612973a92,original,src09@display=sequential
original,original,8f3ff7d0-6b93-41a4-95c3-9d0134c0d6cb,hrc02,src09@display=sequential
original,original,37d8e0b9-f320-4759-b810-b47ff4467016,hrc02,src09@display=sequential
,original,6903154f-149f-4eb7-8ace-8f69157e066a,hrc02,src09@display=sequential
original,original,7d3d38fd-547c-43c1-af86-0bc68bbb33af,hrc02,src09@display=sequential
,hrc02,7361b0c2-c367-4080-8cf3-940171663143,original,src09@display=sequential
hrc02,hrc02,b924cb23-4607-4aba-b7f1-8ac56580e36a,original,src09@display=sequential
hrc02,hrc02,ffcb775b-526f-4e28-8b0a-a53af6cae4fc,original,src09@display=sequential
hrc02,original,66da8469-601a-48fb-b75e-716c69b24198,hrc02,src09@display=sequential
,original,400e826b-2859-4400-a0a8-9cb0ca818371,hrc02,src09@display=sequential
hrc04,hrc04,215a949e-c7d9-4a47-9700-b26141e218c8,hrc02,src06@display=sequential
hrc04,hrc02,2e75be72-13cf-403c-aed6-59327c99ac9a,hrc04,src06@display=sequential
hrc04,hrc02,6f2c2f55-6d6c-4686-9a3c-50e7b4b47219,hrc04,src06@display=sequential
hrc04,hrc02,f683c15d-84e9-44ca-963c-37ae92c878a0,hrc04,src06@display=sequential
hrc04,hrc02,fc6ca1a9-48a6-41d5-b5ca-d7fa40d1a43e,hrc04,src06@display=sequential
hrc04,hrc04,38850f49-cd06-4f9a-a8c4-a06ca20d6707,hrc02,src06@display=sequential
hrc04,hrc02,d2b4d696-aa3f-4f64-842e-b95ddd65449e,hrc04,src06@display=sequential
hrc04,hrc02,0a613023-d4c7-4410-b039-c972f3cf3e04,hrc04,src06@display=sequential
hrc02,hrc04,c78abaca-70ac-4a0d-97cd-ccdda203382b,hrc02,src06@display=sequential
hrc04,hrc04,a6dad7bb-8836-4103-9511-d77c49ea02c9,hrc02,src06@display=sequential
hrc07,hrc18,f683c15d-84e9-44ca-963c-37ae92c878a0,hrc07,src03@display=sequential
hrc07,hrc07,5f8aaead-de3f-4647-b1db-afa272e15627,hrc18,src03@display=sequential
hrc07,hrc18,50c67488-59d0-4940-a8b4-861e754c9111,hrc07,src03@display=sequential
hrc07,hrc18,fb95302d-dad1-44cc-9cbd-cfbbd08c9051,hrc07,src03@display=sequential
hrc07,hrc07,1519847b-b957-4b45-8e9f-db5d5f72b749,hrc18,src03@display=sequential
hrc07,hrc07,f0477d3b-b59d-4c71-8581-110c40c14ca6,hrc18,src03@display=sequential
hrc07,hrc18,c0194955-c42e-4a2f-a1ab-b48fdb4fe5e8,hrc07,src03@display=sequential
hrc07,hrc07,06f4f549-d726-40a1-a4aa-bdd0fafdf36d,hrc18,src03@display=sequential
hrc07,hrc18,0b29fc48-e1cd-4bcc-9dfe-589cbd42ce95,hrc07,src03@display=sequential
hrc07,hrc07,ffcb775b-526f-4e28-8b0a-a53af6cae4fc,hrc18,src03@display=sequential
,hrc09,73fa3c1f-2659-4f89-afb2-0453b581f177,hrc16,src01@display=sequential
hrc16,hrc09,af112a53-7d26-4589-b586-67b928b370c4,hrc16,src01@display=sequential
hrc16,hrc16,ee4e6658-a9aa-47c7-bee6-48666c24c37e,hrc09,src01@display=sequential
hrc09,hrc16,e1c3c1f9-f59c-4c62-8fa3-8f19be438b85,hrc09,src01@display=sequential
hrc09,hrc09,f683c15d-84e9-44ca-963c-37ae92c878a0,hrc16,src01@display=sequential
hrc16,hrc09,88da8301-e4b8-4cae-a783-ce505f802cbd,hrc16,src01@display=sequential
hrc09,hrc09,2bc6723c-6d0f-472f-8eda-70e418545225,hrc16,src01@display=sequential
hrc09,hrc09,02fd1a52-0f17-45c3-8185-fdbf6906e984,hrc16,src01@display=sequential
,hrc09,c2db09e2-43d0-490d-a6c8-e264533673bf,hrc16,src01@display=sequential
hrc16,hrc16,c89ae1bd-9c54-42bf-bc2a-a7f87fc248e2,hrc09,src01@display=sequential
hrc20,hrc19,f683c15d-84e9-44ca-963c-37ae92c878a0,hrc20,src04@display=sequential
,hrc19,b4661ee3-507e-48f0-bf90-49eccdd0a6c1,hrc20,src04@display=sequential
hrc20,hrc19,463e62be-6f60-44e3-bc69-d7d4bd290f0d,hrc20,src04@display=sequential
hrc20,hrc20,30dbdb0c-b18c-47e8-b3d6-c157a53730b7,hrc19,src04@display=sequential
hrc20,hrc19,43c9a29d-c5e0-4287-ad81-886385921f19,hrc20,src04@display=sequential
hrc20,hrc19,78ec5f69-a67b-42ac-ae06-c985f67935dd,hrc20,src04@display=sequential
hrc20,hrc19,8c1ba179-2106-4f2f-9f78-2ccd5d2f38a5,hrc20,src04@display=sequential
hrc20,hrc19,e1605e65-ef4d-48eb-92d4-c83f6c733031,hrc20,src04@display=sequential
,hrc19,54b6bc20-e9f0-430e-b687-f9a3bb4d716b,hrc20,src04@display=sequential
hrc19,hrc19,2847519c-6135-4c95-869d-42debfbc689f,hrc20,src04@display=sequential
hrc17,hrc16,87b763b7-2f26-42bb-a0da-162c15c36d74,hrc17,src02@display=sequential
,hrc17,7cb06b23-5ae6-4b33-95b1-ab1ec6ce9a9d,hrc16,src02@display=sequential
hrc17,hrc17,fe3a065d-fb32-4bd4-a25c-0987131f6fbe,hrc16,src02@display=sequential
hrc17,hrc17,438e8653-e2e4-4d7e-b701-1cd1aff05f82,hrc16,src02@display=sequential
,hrc16,fbbbfd01-6603-4bb4-aca1-df5e811989cc,hrc17,src02@display=sequential
hrc17,hrc16,87fef6f6-df52-49c0-89da-106af9527b46,hrc17,src02@display=sequential
,hrc16,9f33edd4-881a-4ba2-a15f-93d4e082e7b0,hrc17,src02@display=sequential
hrc17,hrc17,4bd6af01-9fac-4ed3-9eb7-a3274aeb5661,hrc16,src02@display=sequential
hrc17,hrc16,4b23efe8-b14b-4be4-9bf3-7282c400ff35,hrc17,src02@display=sequential
hrc17,hrc17,67ca9cde-86c8-4ddb-890a-128b94e38020,hrc16,src02@display=sequential
hrc08,hrc17,87b763b7-2f26-42bb-a0da-162c15c36d74,hrc08,src03@display=sequential
hrc08,hrc17,7686d813-d5e0-44f8-903b-16713b01a72d,hrc08,src03@display=sequential
hrc08,hrc08,ff2c80e4-1759-42a7-a6bc-0b3eac9f9ed3,hrc17,src03@display=sequential
hrc08,hrc17,19e7ead1-67fa-4926-8271-f0c799875d36,hrc08,src03@display=sequential
hrc08,hrc17,c23c0921-9fcb-43fe-82f9-8e8f14fc0947,hrc08,src03@display=sequential
hrc08,hrc08,d774ed68-3d63-4ddc-9c2b-17f926e01537,hrc17,src03@display=sequential
hrc08,hrc08,f33c2c13-eae4-419f-9589-dd92b5088180,hrc17,src03@display=sequential
hrc08,hrc08,5d3dc6a3-01dc-43b0-8cff-bfbde0c40871,hrc17,src03@display=sequential
hrc08,hrc08,6167a62f-8c9a-478a-bf9c-8c81420948a8,hrc17,src03@display=sequential
hrc08,hrc17,840a09b5-4c5b-45f7-8f13-6a8057cf0fac,hrc08,src03@display=sequential
,hrc04,eb5fb68f-6fe8-41d7-9434-0e7b1acdd8fd,hrc21,src01@display=sequential
hrc04,hrc21,38850f49-cd06-4f9a-a8c4-a06ca20d6707,hrc04,src01@display=sequential
hrc04,hrc21,3a58be0e-af57-4db0-b60d-eb75d3e7c349,hrc04,src01@display=sequential
hrc04,hrc04,175a965b-e302-46aa-b701-fb087c49b74f,hrc21,src01@display=sequential
,hrc21,285e6ce4-b740-4a6e-9a62-d17f2e36da56,hrc04,src01@display=sequential
,hrc04,17d1397c-63b2-4fba-b4cd-01580d48fa8e,hrc21,src01@display=sequential
hrc04,hrc04,3a63b826-0eed-47df-b419-9d445cda5305,hrc21,src01@display=sequential
hrc21,hrc21,c06fa6f7-ddd2-43d1-96e0-1284e8008c14,hrc04,src01@display=sequential
,hrc21,a07731ab-f9d3-46b8-b2de-afcf6b424aeb,hrc04,src01@display=sequential
hrc04,hrc21,d5018336-2e28-4a35-a250-a723b3fa214d,hrc04,src01@display=sequential
hrc19,hrc13,eb5fb68f-6fe8-41d7-9434-0e7b1acdd8fd,hrc19,src07@display=sequential
hrc19,hrc13,a8ba293b-ab6b-47e0-bfc7-b339acf04929,hrc19,src07@display=sequential
hrc19,hrc19,f7a660f2-17ac-444a-980f-416641f86208,hrc13,src07@display=sequential
hrc19,hrc19,656acb6a-98d6-4ca3-bb95-940aef8ce38e,hrc13,src07@display=sequential
hrc19,hrc19,3a25c1af-1c65-4d09-a99f-d8dcf43ebb15,hrc13,src07@display=sequential
hrc19,hrc13,3422834a-4094-4e5a-b388-6a1bda18368f,hrc19,src07@display=sequential
hrc19,hrc19,595d6b93-ba8e-4ddf-9a72-50bbd51fd899,hrc13,src07@display=sequential
hrc19,hrc19,ab73b275-9ae8-46d7-b5f9-e2881e9ad887,hrc13,src07@display=sequential
hrc19,hrc13,b30b28f7-3557-4eef-8ebe-423e04fd98e7,hrc19,src07@display=sequential
hrc19,hrc13,b7855b91-3456-4c68-b626-fee17876f40c,hrc19,src07@display=sequential
hrc18,hrc21,eb5fb68f-6fe8-41d7-9434-0e7b1acdd8fd,hrc18,src03@display=sequential
hrc21,hrc21,74ffc6b3-9180-486e-9946-af73fbc87977,hrc18,src03@display=sequential
hrc21,hrc18,a83953f0-5996-451a-9eaa-44ee8adcc8e8,hrc21,src03@display=sequential
hrc21,hrc21,b1ea6be7-fe29-4b9e-a8ba-e07c4943aac7,hrc18,src03@display=sequential
hrc21,hrc18,e1c3c1f9-f59c-4c62-8fa3-8f19be438b85,hrc21,src03@display=sequential
hrc21,hrc18,6a4a2c2c-2e8e-47c8-bf35-4d48dc10350a,hrc21,src03@display=sequential
hrc21,hrc21,8ef6518d-4f93-431e-b9bc-9b0af8ccfb8d,hrc18,src03@display=sequential
hrc21,hrc18,6aa8af2c-3dd4-497b-a3fe-7c0f81f96f4a,hrc21,src03@display=sequential
hrc21,hrc21,b104dbe8-fec3-4032-b006-cece9ca6183f,hrc18,src03@display=sequential
hrc21,hrc18,b9fce031-c9a8-4792-995b-c255fc3e9f96,hrc21,src03@display=sequential
hrc18,hrc18,a78d1d20-2f7b-4947-a14e-71f3b16b23ea,hrc05,src04@display=sequential
hrc18,hrc18,38850f49-cd06-4f9a-a8c4-a06ca20d6707,hrc05,src04@display=sequential
hrc18,hrc05,86df2c31-3d5e-4c20-8931-c3ef97cc34cd,hrc18,src04@display=sequential
hrc18,hrc18,20e45293-4833-4c41-9853-2922c822270f,hrc05,src04@display=sequential
hrc18,hrc05,853100a4-1afc-4a6b-af04-44ce98e09b00,hrc18,src04@display=sequential
hrc18,hrc18,e58017ee-822e-494a-a864-21cbf433adc2,hrc05,src04@display=sequential
hrc18,hrc18,f86b2275-4518-4d57-8c52-46fc992cc8a3,hrc05,src04@display=sequential
hrc18,hrc18,3c7ef17b-e826-4055-83ba-6a771c08659a,hrc05,src04@display=sequential
hrc18,hrc05,927b9b1e-da20-4644-b8d6-f85a22be59d7,hrc18,src04@display=sequential
hrc18,hrc18,705f7799-2d34-4d2e-b583-c65f61f6aa45,hrc05,src04@display=sequential
hrc07,hrc07,364332c7-5e58-405e-a1a2-57c7e65b6f31,hrc19,src06@display=sequential
,hrc19,7c7af9a4-0f7b-49fd-bb78-618f89ecaaef,hrc07,src06@display=sequential
hrc07,hrc19,6167a62f-8c9a-478a-bf9c-8c81420948a8,hrc07,src06@display=sequential
,hrc07,a1fd54d6-0aeb-4802-a1a9-b0e31ab0ad36,hrc19,src06@display=sequential
hrc07,hrc19,695a6249-20a5-4e4b-b196-197f51830570,hrc07,src06@display=sequential
hrc07,hrc07,42943899-85e5-447e-9c10-8493fc71be73,hrc19,src06@display=sequential
hrc07,hrc19,9612d1a4-483e-473f-aec2-02934e0618ca,hrc07,src06@display=sequential
hrc19,hrc19,1fdc6dc3-b544-4d31-86e1-db0c7e9eeb71,hrc07,src06@display=sequential
hrc19,hrc19,a78d1d20-2f7b-4947-a14e-71f3b16b23ea,hrc07,src06@display=sequential
hrc07,hrc07,2cabc179-9b0a-4956-abc4-db3cf2e03f98,hrc19,src06@display=sequential
hrc19,hrc18,d5484fd3-0692-49b0-b84e-4c5498cd6cb1,hrc19,src02@display=sequential
hrc19,hrc18,c185b7b6-460c-449b-942c-7437d0e8b154,hrc19,src02@display=sequential
hrc19,hrc18,a78d1d20-2f7b-4947-a14e-71f3b16b23ea,hrc19,src02@display=sequential
hrc19,hrc19,3adb22b3-7403-4d2b-bc31-9209defa8e33,hrc18,src02@display=sequential
,hrc18,58845140-df28-4fce-bf1c-d785294ee30e,hrc19,src02@display=sequential
,hrc18,3d0bf3f3-3243-42a4-9bc4-85c569e83dff,hrc19,src02@display=sequential
hrc19,hrc18,9612d1a4-483e-473f-aec2-02934e0618ca,hrc19,src02@display=sequential
hrc19,hrc18,28138e18-1992-4f6d-94e7-993ddca405e8,hrc19,src02@display=sequential
,hrc18,4386838f-4af9-4121-8895-9a6078e94dd5,hrc19,src02@display=sequential
hrc18,hrc18,af9ff558-041e-4cd0-ba22-7930f53eaf9b,hrc19,src02@display=sequential
hrc02,hrc02,87a347b9-cae4-4cc4-b265-8223b5359ce7,hrc05,src07@display=sequential
hrc02,hrc02,58845140-df28-4fce-bf1c-d785294ee30e,hrc05,src07@display=sequential
hrc02,hrc02,30dbdb0c-b18c-47e8-b3d6-c157a53730b7,hrc05,src07@display=sequential
hrc02,hrc05,ba43bf3c-660f-4297-aba2-e454ac146c64,hrc02,src07@display=sequential
hrc02,hrc02,695a6249-20a5-4e4b-b196-197f51830570,hrc05,src07@display=sequential
hrc02,hrc05,e1a81f7d-52d5-42f1-a2d0-3c29476b9636,hrc02,src07@display=sequential
hrc02,hrc02,9d199c7e-9811-4344-b93f-7cc29ae8e563,hrc05,src07@display=sequential
hrc02,hrc05,ccf15846-bb9a-4523-86ef-96158048a208,hrc02,src07@display=sequential
hrc02,hrc02,f68bb6a4-fd35-4afd-a5bb-0c2c7c5f9311,hrc05,src07@display=sequential
hrc02,hrc05,1febb2a5-e775-4a21-a8b0-28aa2c87f5fc,hrc02,src07@display=sequential
,hrc07,f0f94ac1-9151-4b66-acb1-542e28570e3e,hrc21,src03@display=sequential
hrc21,hrc07,8046912e-7adc-42c4-af5e-639cb0e9d717,hrc21,src03@display=sequential
hrc07,hrc07,c15c4cb8-d927-4f2a-adf4-af121b87b70b,hrc21,src03@display=sequential
hrc07,hrc07,87a347b9-cae4-4cc4-b265-8223b5359ce7,hrc21,src03@display=sequential
,hrc07,17d1397c-63b2-4fba-b4cd-01580d48fa8e,hrc21,src03@display=sequential
hrc07,hrc21,9d1ec2ac-c570-4278-936a-ea2dd7be8872,hrc07,src03@display=sequential
,hrc21,b243f138-b89c-4c3a-8879-9292987c0c27,hrc07,src03@display=sequential
,hrc07,ba43bf3c-660f-4297-aba2-e454ac146c64,hrc21,src03@display=sequential
,hrc21,7361b0c2-c367-4080-8cf3-940171663143,hrc07,src03@display=sequential
hrc21,hrc07,c06fa6f7-ddd2-43d1-96e0-1284e8008c14,hrc21,src03@display=sequential
hrc12,hrc10,87a347b9-cae4-4cc4-b265-8223b5359ce7,hrc12,src04@display=sequential
hrc12,hrc12,2f40feab-34a7-4195-ae6f-b5f696ff05b4,hrc10,src04@display=sequential
hrc12,hrc12,f4ff5c1b-9241-474d-80db-0ff5fd2f6bdf,hrc10,src04@display=sequential
hrc12,hrc12,9ccbd073-8175-4ca6-a2d7-9bb08948a46f,hrc10,src04@display=sequential
hrc12,hrc10,567005c0-484c-420a-8253-19699c82eee9,hrc12,src04@display=sequential
hrc12,hrc12,06772a52-4fbd-4aca-9a4c-698832194181,hrc10,src04@display=sequential
hrc12,hrc10,79595a55-109b-463a-9dc6-18a2c47dda3b,hrc12,src04@display=sequential
hrc12,hrc10,43868782-c006-4e73-8ab4-1f5f132a01cc,hrc12,src04@display=sequential
hrc12,hrc12,20ee2e43-5f41-4f76-b0c1-2ffe19f9602c,hrc10,src04@display=sequential
hrc12,hrc12,1b9e7799-1c0f-4d71-9579-79b835093f71,hrc10,src04@display=sequential
hrc05,hrc10,87a347b9-cae4-4cc4-b265-8223b5359ce7,hrc05,src01@display=sequential
hrc05,hrc10,63ceda33-c319-4414-8785-2b289e78177a,hrc05,src01@display=sequential
hrc05,hrc05,6ddc68b9-2043-40b0-8dca-222965fa9c27,hrc10,src01@display=sequential
,hrc05,2e75be72-13cf-403c-aed6-59327c99ac9a,hrc10,src01@display=sequential
hrc05,hrc05,04ec428f-6fd5-4052-bc85-65d3a3c8eb1f,hrc10,src01@display=sequential
hrc05,hrc05,bdaf75e9-710e-440d-a0da-c8460f2c216f,hrc10,src01@display=sequential
hrc10,hrc10,299729cd-be73-45ed-a747-d83ab1327861,hrc05,src01@display=sequential
hrc05,hrc10,4927f150-d8a4-41da-b42a-b30169d85dd0,hrc05,src01@display=sequential
hrc05,hrc05,86f1012a-cb24-4aea-8fb1-43cf2f564d78,hrc10,src01@display=sequential
hrc05,hrc05,19221555-9ce9-4393-9ea5-e50657e62c74,hrc10,src01@display=sequential
hrc21,hrc21,87a347b9-cae4-4cc4-b265-8223b5359ce7,hrc08,src02@display=sequential
hrc21,hrc21,c0dba839-43a8-404b-95ba-2473525fd047,hrc08,src02@display=sequential
hrc21,hrc08,630ff0a1-fb06-4ccb-8371-5093b4b80f83,hrc21,src02@display=sequential
hrc21,hrc08,adc32989-072a-4555-a6e0-77db79cde686,hrc21,src02@display=sequential
hrc21,hrc08,298df3c7-d91b-4f74-be0d-afbb5a554566,hrc21,src02@display=sequential
hrc21,hrc21,076c3bf8-1f81-4a6b-a192-b6eebd26686f,hrc08,src02@display=sequential
hrc21,hrc21,5db70634-a94d-4ef3-9da9-6f716223cb35,hrc08,src02@display=sequential
hrc21,hrc21,6140f270-6e48-4210-9132-c8a58eeb4d48,hrc08,src02@display=sequential
hrc21,hrc08,d4e8046f-6b35-4b66-8555-8cf0cd6352af,hrc21,src02@display=sequential
hrc21,hrc21,385532c8-5edf-4c2b-85e3-1c533fad9959,hrc08,src02@display=sequential
hrc02,hrc02,b65c2531-4fd5-4f51-9a89-79645ecc449a,hrc05,src09@display=sequential
hrc02,hrc02,adb42d8d-a4b5-4730-b575-c6db34b3313c,hrc05,src09@display=sequential
hrc02,hrc02,87a347b9-cae4-4cc4-b265-8223b5359ce7,hrc05,src09@display=sequential
hrc02,hrc02,1211caf9-9b1b-4189-8c44-f768b7ee496c,hrc05,src09@display=sequential
hrc02,hrc05,a8ba293b-ab6b-47e0-bfc7-b339acf04929,hrc02,src09@display=sequential
hrc02,hrc02,9d1ec2ac-c570-4278-936a-ea2dd7be8872,hrc05,src09@display=sequential
hrc02,hrc05,31ca5cac-d2b2-4d89-b282-f15c708df086,hrc02,src09@display=sequential
hrc02,hrc05,551eb5b5-43a7-404e-92fb-9640959fd234,hrc02,src09@display=sequential
hrc02,hrc02,6b48482e-fbd7-4085-8717-135a3fa6b351,hrc05,src09@display=sequential
hrc02,hrc05,45a5d03e-bea9-4566-83cb-7256c637b0f8,hrc02,src09@display=sequential
hrc07,hrc07,87a347b9-cae4-4cc4-b265-8223b5359ce7,hrc16,src08@display=sequential
hrc07,hrc16,74ffc6b3-9180-486e-9946-af73fbc87977,hrc07,src08@display=sequential
hrc07,hrc07,ed39cdae-6f21-4391-af68-10ac22103779,hrc16,src08@display=sequential
hrc07,hrc07,f9bbfc44-9d81-442b-b2b0-e2e241471b54,hrc16,src08@display=sequential
hrc07,hrc16,67a775b1-b97f-4aa4-affb-54e6180f3b71,hrc07,src08@display=sequential
hrc07,hrc07,94f8e362-2fe0-4596-a14e-b13248907924,hrc16,src08@display=sequential
hrc07,hrc07,317542a8-f621-48a9-9b33-a2887072545f,hrc16,src08@display=sequential
hrc07,hrc07,749cdf5a-d0cf-43c0-bdbe-6f69f45840d0,hrc16,src08@display=sequential
hrc07,hrc16,e88a08d0-13f6-4bf9-ad6e-ddd7c77f7373,hrc07,src08@display=sequential
hrc07,hrc07,4a6a6f68-c5c9-4bbd-8a01-006271fff551,hrc16,src08@display=sequential
,hrc04,87a347b9-cae4-4cc4-b265-8223b5359ce7,hrc09,src05@display=sequential
hrc09,hrc04,7361b0c2-c367-4080-8cf3-940171663143,hrc09,src05@display=sequential
hrc04,hrc04,e014ebd9-cd30-437e-a333-6be5f7828d6d,hrc09,src05@display=sequential
hrc09,hrc04,7cbdd433-0c91-4d60-ab7b-f1261aaa8fbd,hrc09,src05@display=sequential
hrc04,hrc09,fb99a2e3-6eef-43f1-9bb6-9d2a39a89d68,hrc04,src05@display=sequential
hrc04,hrc04,c3f9730e-aae2-4cb4-8244-348706326454,hrc09,src05@display=sequential
,hrc09,5740ef69-a9fb-42c2-b986-66e60752eb0f,hrc04,src05@display=sequential
,hrc04,27178302-0773-447d-b736-e24bec3ac742,hrc09,src05@display=sequential
,hrc04,2c7b0073-dae3-4a21-a8ab-64e06361be0d,hrc09,src05@display=sequential
hrc04,hrc04,e8e0dba2-353c-4c0f-a71d-3d0341a3ddb6,hrc09,src05@display=sequential
hrc21,hrc21,c0dba839-43a8-404b-95ba-2473525fd047,hrc13,src08@display=sequential
hrc21,hrc21,2e75be72-13cf-403c-aed6-59327c99ac9a,hrc13,src08@display=sequential
hrc21,hrc13,4936c335-63ad-42c7-9910-e2b138439967,hrc21,src08@display=sequential
hrc21,hrc13,75d3b625-b4cb-421e-8d02-6b64d24248ea,hrc21,src08@display=sequential
hrc21,hrc21,76e7a6ec-c031-4a31-a249-f205679c4482,hrc13,src08@display=sequential
hrc21,hrc13,da0b33d7-d588-4595-b322-5d8c898978e4,hrc21,src08@display=sequential
hrc21,hrc21,0abb605f-ad44-4d63-9bbd-84e2b37b9a07,hrc13,src08@display=sequential
hrc21,hrc13,628344eb-f0b3-4307-bba4-fd09f7dcc56b,hrc21,src08@display=sequential
hrc21,hrc13,e2e1d4a7-9934-44f8-a146-212e0c669ec9,hrc21,src08@display=sequential
hrc21,hrc13,cd3da8c8-6bd7-4717-8f4a-b136895e3626,hrc21,src08@display=sequential
hrc04,hrc04,c0dba839-43a8-404b-95ba-2473525fd047,original,src01@display=sequential
,original,f4c93ef6-9b4c-4208-b5f1-c0827cbfa484,hrc04,src01@display=sequential
original,hrc04,83d45c00-57c2-4eae-a987-5b25a951a833,original,src01@display=sequential
hrc04,hrc04,1eaa9fca-05a8-423a-be58-58c2b8582fcd,original,src01@display=sequential
hrc04,original,7a541b70-1d9e-4eb0-898c-811d92959d4e,hrc04,src01@display=sequential
hrc04,original,f58fcc49-b5e9-4207-8790-8ecf66e5eb9d,hrc04,src01@display=sequential
original,hrc04,f2e393ff-0812-4cba-b5e1-e10e0a6a0f10,original,src01@display=sequential
original,hrc04,1aa9e663-67d3-4003-a25b-de0487e89331,original,src01@display=sequential
hrc04,original,3167e740-abcd-47b6-b957-0711ed640b48,hrc04,src01@display=sequential
,original,feb86d47-9265-4860-8fde-a8d663708477,hrc04,src01@display=sequential
hrc09,hrc12,58728ea0-6590-46a3-a689-df5c9daab943,hrc09,src07@display=sequential
hrc09,hrc12,0ff4298a-a194-4522-8ac6-1ea12733aa57,hrc09,src07@display=sequential
hrc09,hrc12,246f90ba-2f72-4806-83dc-3ed750ed6b5a,hrc09,src07@display=sequential
hrc12,hrc12,eb5529f9-4569-4b21-9bee-6c7a462d6195,hrc09,src07@display=sequential
hrc12,hrc09,1d104d10-ddaf-4815-9bae-c68e13790087,hrc12,src07@display=sequential
,hrc12,da8af091-d487-4bed-a798-4a640f2f0058,hrc09,src07@display=sequential
hrc09,hrc12,9d1ec2ac-c570-4278-936a-ea2dd7be8872,hrc09,src07@display=sequential
,hrc12,f5c65d98-da4b-4ebe-8638-393f3d2741c0,hrc09,src07@display=sequential
,hrc12,9fd30985-cc56-465e-8258-5cd25c69cf1b,hrc09,src07@display=sequential
,hrc09,dbdaad26-adc8-416a-9f6e-1c8ca62da9db,hrc12,src07@display=sequential
hrc20,hrc20,da8af091-d487-4bed-a798-4a640f2f0058,hrc17,src02@display=sequential
hrc17,hrc20,f0bdf508-0d60-44d3-9e43-58e0b70a2a87,hrc17,src02@display=sequential
hrc20,hrc20,566fb7d8-e6ca-43c7-ae5a-48aca6a507a4,hrc17,src02@display=sequential
hrc20,hrc17,46f38607-110d-49ab-b60c-8c1ab9421949,hrc20,src02@display=sequential
hrc20,hrc17,6d152256-d10c-48b1-98bf-22a27348c2f5,hrc20,src02@display=sequential
hrc20,hrc20,c07bc56b-eae7-49b2-bab4-79cd32536be2,hrc17,src02@display=sequential
hrc20,hrc17,eaa5315e-7904-41da-ad17-313ff2625ef5,hrc20,src02@display=sequential
hrc20,hrc20,085ea3db-2334-44ab-8798-14e7badbe0c6,hrc17,src02@display=sequential
hrc20,hrc17,e2e1d4a7-9934-44f8-a146-212e0c669ec9,hrc20,src02@display=sequential
hrc20,hrc20,c7d09f16-7664-480c-a6c5-279f5014c143,hrc17,src02@display=sequential
hrc21,hrc09,e1605e65-ef4d-48eb-92d4-c83f6c733031,hrc21,src09@display=sequential
hrc21,hrc21,f4c93ef6-9b4c-4208-b5f1-c0827cbfa484,hrc09,src09@display=sequential
hrc09,hrc21,4eb1d1af-ab6a-441d-99c3-0baadc8799ac,hrc09,src09@display=sequential
hrc21,hrc09,246f90ba-2f72-4806-83dc-3ed750ed6b5a,hrc21,src09@display=sequential
hrc21,hrc09,da4644b1-335d-468a-8df0-814cc400fa8a,hrc21,src09@display=sequential
hrc21,hrc21,c89ae1bd-9c54-42bf-bc2a-a7f87fc248e2,hrc09,src09@display=sequential
hrc21,hrc09,da8af091-d487-4bed-a798-4a640f2f0058,hrc21,src09@display=sequential
hrc21,hrc09,470de4d5-fd31-4124-92aa-e5d4b85b5782,hrc21,src09@display=sequential
hrc21,hrc09,88da8301-e4b8-4cae-a783-ce505f802cbd,hrc21,src09@display=sequential
hrc21,hrc09,38850f49-cd06-4f9a-a8c4-a06ca20d6707,hrc21,src09@display=sequential
hrc09,hrc09,246f90ba-2f72-4806-83dc-3ed750ed6b5a,hrc20,src02@display=sequential
hrc09,hrc20,b4661ee3-507e-48f0-bf90-49eccdd0a6c1,hrc09,src02@display=sequential
,hrc20,f8765b82-42a9-446d-86f2-3a30e524f1bc,hrc09,src02@display=sequential
hrc09,hrc09,151474dd-b512-4d05-9a75-a4b0be5942ed,hrc20,src02@display=sequential
hrc09,hrc09,ae596db0-ca56-4a5e-819e-66d021715ded,hrc20,src02@display=sequential
,hrc20,7522b6a2-33fd-4d39-9892-118173704b57,hrc09,src02@display=sequential
hrc09,hrc09,8d4a618f-7184-43bd-9513-10873098a873,hrc20,src02@display=sequential
hrc09,hrc20,42fb1927-baf0-4108-b7ea-960028526098,hrc09,src02@display=sequential
hrc09,hrc20,1bfc7116-b8cd-4ff0-b2ad-97cacfe7de37,hrc09,src02@display=sequential
hrc09,hrc09,65972744-31a9-4472-9908-5536a8a7122e,hrc20,src02@display=sequential
hrc12,original,9d1ec2ac-c570-4278-936a-ea2dd7be8872,hrc12,src04@display=sequential
,hrc12,4927f150-d8a4-41da-b42a-b30169d85dd0,original,src04@display=sequential
original,original,94bd995b-79a8-4b12-9fbc-f1f9f63dfdbf,hrc12,src04@display=sequential
hrc12,hrc12,b1ea6be7-fe29-4b9e-a8ba-e07c4943aac7,original,src04@display=sequential
original,hrc12,99f86dbc-c997-48dd-a808-f815dab7c068,original,src04@display=sequential
original,original,8445dda7-8d95-449d-8c54-8e2591a8e364,hrc12,src04@display=sequential
hrc12,hrc12,a013f115-1c9c-4d46-85b2-9e4c2673ab14,original,src04@display=sequential
,hrc12,eaeedcc0-54af-4d8a-8d41-5f3f9420e804,original,src04@display=sequential
original,hrc12,d693e8cd-acbe-470b-bf2b-5c6ff409dc71,original,src04@display=sequential
hrc12,original,4b6c3b78-352c-4b84-9c29-a70e17c0e399,hrc12,src04@display=sequential
hrc08,original,9d1ec2ac-c570-4278-936a-ea2dd7be8872,hrc08,src01@display=sequential
,original,74ffc6b3-9180-486e-9946-af73fbc87977,hrc08,src01@display=sequential
original,original,3e03b6ef-3501-4cab-a64d-2d85a706afe8,hrc08,src01@display=sequential
,hrc08,c62ff2ad-45a7-4f3e-acce-030576899b17,original,src01@display=sequential
original,hrc08,3e1cdcff-b39c-4ab1-88c6-cc8a1b5ed717,original,src01@display=sequential
,original,076c3bf8-1f81-4a6b-a192-b6eebd26686f,hrc08,src01@display=sequential
hrc08,hrc08,41f2b15c-dbe4-473b-af00-28c8751e329e,original,src01@display=sequential
original,hrc08,0c75c2cb-4183-4187-8e95-1ddec654b46f,original,src01@display=sequential
,original,5db97e29-51c6-4d87-9897-b63690e31c52,hrc08,src01@display=sequential
hrc08,original,8b0638be-1f8e-4353-bfc3-9e38c96115eb,hrc08,src01@display=sequential
hrc09,hrc09,4927f150-d8a4-41da-b42a-b30169d85dd0,hrc07,src08@display=sequential
hrc07,hrc07,9d1ec2ac-c570-4278-936a-ea2dd7be8872,hrc09,src08@display=sequential
hrc07,hrc07,1bfb2f4b-8c15-4e96-807b-51afd54edd7b,hrc09,src08@display=sequential
hrc09,hrc09,d5d724bc-303a-4e86-9d46-ab375de40734,hrc07,src08@display=sequential
,hrc07,6928b695-0a44-43eb-bf33-2e73eea11790,hrc09,src08@display=sequential
hrc09,hrc09,7fc4fb94-b7e7-4237-8e77-087183634925,hrc07,src08@display=sequential
hrc07,hrc07,257352c3-f4fb-41d1-988e-e8dc49e02c9d,hrc09,src08@display=sequential
,hrc07,d06c5043-187d-45b6-a654-ec690918445f,hrc09,src08@display=sequential
hrc07,hrc09,6d0409d3-a58a-4600-9d50-620749517832,hrc07,src08@display=sequential
,hrc09,a8ba293b-ab6b-47e0-bfc7-b339acf04929,hrc07,src08@display=sequential
hrc09,hrc09,06d4fcbb-2678-47cb-a9d3-ea2bc74a2f81,hrc16,src06@display=sequential
hrc16,hrc16,42b81a15-a01a-4b06-a99e-90705512d83f,hrc09,src06@display=sequential
hrc16,hrc16,4095c1dd-b4e9-4e29-a6dd-67556deddbb5,hrc09,src06@display=sequential
hrc09,hrc16,60acbb26-ef95-4f72-a364-3ca612973a92,hrc09,src06@display=sequential
hrc16,hrc09,091fadc3-64c7-48a1-8c46-a1233a3b21f1,hrc16,src06@display=sequential
hrc09,hrc09,257352c3-f4fb-41d1-988e-e8dc49e02c9d,hrc16,src06@display=sequential
hrc09,hrc09,fd4ac2a5-2530-4db8-84d3-e33c1c638e13,hrc16,src06@display=sequential
hrc09,hrc16,1ac2dd7c-2993-4a15-a53f-3af54deb2789,hrc09,src06@display=sequential
hrc09,hrc09,6b3e1fe5-2144-4a32-9c96-22e81b465526,hrc16,src06@display=sequential
hrc16,hrc16,ec59d4c7-4b74-4bed-906c-68165f69ea8c,hrc09,src06@display=sequential
hrc17,hrc17,257352c3-f4fb-41d1-988e-e8dc49e02c9d,hrc05,src07@display=sequential
hrc05,hrc17,7ba3a129-ae12-46de-8820-d5b53c634220,hrc05,src07@display=sequential
,hrc05,b0d86c37-1389-480f-862e-828f0e6376a5,hrc17,src07@display=sequential
hrc17,hrc05,c78abaca-70ac-4a0d-97cd-ccdda203382b,hrc17,src07@display=sequential
hrc17,hrc17,74ffc6b3-9180-486e-9946-af73fbc87977,hrc05,src07@display=sequential
hrc17,hrc05,63f7f7f4-368f-486f-8fef-7458e62a7909,hrc17,src07@display=sequential
hrc17,hrc17,eda8b60b-5b21-467d-9233-b9c8379a3a30,hrc05,src07@display=sequential
hrc17,hrc17,1cd3c163-d5dd-44b8-9cf7-a107a3824ffa,hrc05,src07@display=sequential
hrc05,hrc17,901525db-f558-48a2-931c-a9de0c60f77f,hrc05,src07@display=sequential
hrc05,hrc17,40a7c6a1-6d4e-405c-830b-288315717027,hrc05,src07@display=sequential
hrc17,hrc10,7686d813-d5e0-44f8-903b-16713b01a72d,hrc17,src07@display=sequential
hrc17,hrc10,d8ec2c52-de7d-4789-bb99-a91eb78cb08d,hrc17,src07@display=sequential
hrc10,hrc10,12247555-aca9-429f-a207-b97cd9e2cbec,hrc17,src07@display=sequential
hrc17,hrc10,b4661ee3-507e-48f0-bf90-49eccdd0a6c1,hrc17,src07@display=sequential
hrc17,hrc10,e55ca671-1a64-4590-953d-9e284e88d509,hrc17,src07@display=sequential
hrc17,hrc17,ac1c5396-5489-4c1c-840b-77df5a401eab,hrc10,src07@display=sequential
hrc17,hrc10,4bb7ddad-6f61-4af0-a929-abcc95347a33,hrc17,src07@display=sequential
hrc17,hrc17,f41906e2-bcde-4730-a270-44ad2f2dbd45,hrc10,src07@display=sequential
hrc17,hrc17,285e6ce4-b740-4a6e-9a62-d17f2e36da56,hrc10,src07@display=sequential
hrc17,hrc17,0441b07d-420d-4150-9b33-b41f9f87be60,hrc10,src07@display=sequential
hrc19,hrc19,459e6ec8-9143-4fda-89ff-32c90a82f712,hrc13,src04@display=sequential
hrc19,hrc13,a67d4d4f-72b8-4fa5-b507-179a49dbc862,hrc19,src04@display=sequential
hrc19,hrc19,90fb2795-6b00-41e1-9332-4593f10a9aed,hrc13,src04@display=sequential
hrc19,hrc19,5f8aaead-de3f-4647-b1db-afa272e15627,hrc13,src04@display=sequential
hrc19,hrc19,2e75be72-13cf-403c-aed6-59327c99ac9a,hrc13,src04@display=sequential
hrc19,hrc19,ba43bf3c-660f-4297-aba2-e454ac146c64,hrc13,src04@display=sequential
hrc19,hrc19,24cf22d0-b88a-4923-b8be-97af4e9f6013,hrc13,src04@display=sequential
hrc13,hrc13,4d913085-d3c6-4c34-9d18-eef3239c47cf,hrc19,src04@display=sequential
hrc19,hrc19,c89ae1bd-9c54-42bf-bc2a-a7f87fc248e2,hrc13,src04@display=sequential
hrc19,hrc19,6dd8d337-692a-485b-b57f-6af0f846c35d,hrc13,src04@display=sequential
,hrc09,c89ae1bd-9c54-42bf-bc2a-a7f87fc248e2,hrc07,src03@display=sequential
hrc09,hrc09,9612d1a4-483e-473f-aec2-02934e0618ca,hrc07,src03@display=sequential
hrc09,hrc09,e014ebd9-cd30-437e-a333-6be5f7828d6d,hrc07,src03@display=sequential
,hrc07,6b3e1fe5-2144-4a32-9c96-22e81b465526,hrc09,src03@display=sequential
hrc07,hrc09,6d152256-d10c-48b1-98bf-22a27348c2f5,hrc07,src03@display=sequential
hrc07,hrc07,a801ea4e-4aef-4dc3-bcb9-0b668206f360,hrc09,src03@display=sequential
,hrc09,8faf10ee-8a92-42c5-8fbf-d7d96cf705cc,hrc07,src03@display=sequential
hrc09,hrc07,73f3f458-e953-4612-8841-8bb1c14fd5ec,hrc09,src03@display=sequential
hrc07,hrc07,fca3759b-d972-4109-b510-9c0e331cd10b,hrc09,src03@display=sequential
hrc09,hrc07,1cb35fd5-7c42-46a8-9139-15882c5bf85c,hrc09,src03@display=sequential
hrc16,hrc16,7361b0c2-c367-4080-8cf3-940171663143,hrc05,src04@display=sequential
hrc16,hrc05,72afd759-8740-43e7-ad36-748d80c2ddb2,hrc16,src04@display=sequential
hrc16,hrc05,64b1b899-f049-46b3-a73c-f6a9365c1ed0,hrc16,src04@display=sequential
hrc16,hrc05,8080cc99-04e0-4ae1-a824-a6d17c614abb,hrc16,src04@display=sequential
hrc16,hrc16,2c370320-38ea-4dce-8087-b3357e95e335,hrc05,src04@display=sequential
hrc16,hrc16,298df3c7-d91b-4f74-be0d-afbb5a554566,hrc05,src04@display=sequential
hrc16,hrc16,31e37061-1d48-4b7e-801d-b43f7c932cf2,hrc05,src04@display=sequential
hrc16,hrc05,45764b9e-1aaf-4afb-89d1-6d2cc38d7c1a,hrc16,src04@display=sequential
hrc16,hrc16,56dca4c8-e374-4954-ad6b-2e964a5df796,hrc05,src04@display=sequential
hrc16,hrc16,6ecafacc-74bb-46fc-a25c-fb88759b6610,hrc05,src04@display=sequential
hrc09,hrc12,ec59d4c7-4b74-4bed-906c-68165f69ea8c,hrc09,src04@display=sequential
hrc09,hrc09,60acbb26-ef95-4f72-a364-3ca612973a92,hrc12,src04@display=sequential
,hrc12,333d401b-efa1-4532-857c-dc442646d7e1,hrc09,src04@display=sequential
,hrc12,841689ee-6ac0-48ef-b84e-b3638f5477a9,hrc09,src04@display=sequential
hrc09,hrc09,a8aa57a4-5b70-4366-ac0c-df4184675711,hrc12,src04@display=sequential
hrc09,hrc09,2cf04c1d-69ed-4a9f-9296-26dd3abf56ce,hrc12,src04@display=sequential
,hrc09,7adc7c75-a19e-4472-a3e8-16b402b25ad1,hrc12,src04@display=sequential
,hrc12,62c65a02-fe11-4b7d-8a9f-f81de50ebaa3,hrc09,src04@display=sequential
,hrc09,e55ca671-1a64-4590-953d-9e284e88d509,hrc12,src04@display=sequential
hrc09,hrc12,76d6bfe0-55a2-4a6c-b431-2ec5bf75cee1,hrc09,src04@display=sequential
hrc16,hrc10,ec59d4c7-4b74-4bed-906c-68165f69ea8c,hrc16,src07@display=sequential
hrc10,hrc16,79384cbc-8849-4e8b-9bc8-729523cda045,hrc10,src07@display=sequential
hrc16,hrc16,c77480f8-273f-4607-bb07-67cedb0529ca,hrc10,src07@display=sequential
hrc16,hrc16,6a64ffbb-f695-4513-846a-2f9cdbe1ba3b,hrc10,src07@display=sequential
hrc16,hrc10,d5484fd3-0692-49b0-b84e-4c5498cd6cb1,hrc16,src07@display=sequential
hrc16,hrc10,f0119fe7-19cb-45d6-98b1-8d30f3994399,hrc16,src07@display=sequential
hrc16,hrc10,c8f19654-d24f-46d4-9aa5-99d95c9ceab5,hrc16,src07@display=sequential
hrc16,hrc10,585d8e35-90b2-450a-be37-2cef44ec5f71,hrc16,src07@display=sequential
hrc10,hrc10,36b61036-3adf-409a-ba43-b95dd2257675,hrc16,src07@display=sequential
hrc16,hrc10,7b959763-70f9-4960-bd32-6491ee9b6aa2,hrc16,src07@display=sequential
hrc02,hrc10,fe18ed94-ebd5-49f9-a7db-04e87cb783fd,hrc02,src08@display=sequential
hrc02,hrc02,5edda708-1a28-4132-b481-b6ce1ef44440,hrc10,src08@display=sequential
hrc02,hrc10,2f40feab-34a7-4195-ae6f-b5f696ff05b4,hrc02,src08@display=sequential
hrc02,hrc10,72afd759-8740-43e7-ad36-748d80c2ddb2,hrc02,src08@display=sequential
hrc02,hrc02,ec59d4c7-4b74-4bed-906c-68165f69ea8c,hrc10,src08@display=sequential
hrc02,hrc02,8b0638be-1f8e-4353-bfc3-9e38c96115eb,hrc10,src08@display=sequential
hrc02,hrc10,5db97e29-51c6-4d87-9897-b63690e31c52,hrc02,src08@display=sequential
hrc02,hrc10,12247555-aca9-429f-a207-b97cd9e2cbec,hrc02,src08@display=sequential
hrc02,hrc02,7f66d17f-e0f8-4000-938a-38fdb600fcc2,hrc10,src08@display=sequential
hrc02,hrc02,29891a92-472f-4241-97b3-f486548bb310,hrc10,src08@display=sequential
hrc16,hrc16,f4c93ef6-9b4c-4208-b5f1-c0827cbfa484,hrc08,src04@display=sequential
hrc08,hrc08,79384cbc-8849-4e8b-9bc8-729523cda045,hrc16,src04@display=sequential
hrc08,hrc16,cfc289f5-548c-494d-8a96-40752a1ec3c7,hrc08,src04@display=sequential
hrc16,hrc16,835319a2-89cb-4cdc-92ac-97ef2d4ab247,hrc08,src04@display=sequential
hrc16,hrc08,b690625f-e142-4388-b4a1-8208baee2107,hrc16,src04@display=sequential
hrc16,hrc08,f6e9c70a-c31e-4e0c-9454-2796cd957b8f,hrc16,src04@display=sequential
hrc16,hrc16,065f3d2b-259a-432d-8636-22c31cc31048,hrc08,src04@display=sequential
,hrc08,3d4eb426-7d44-4ffa-8891-386b62fe3760,hrc16,src04@display=sequential
hrc08,hrc08,0e6bd588-76a1-47fe-8393-5e2f3cf4168a,hrc16,src04@display=sequential
hrc16,hrc08,fa99c6a8-18e7-4b07-b497-43ad86407f9c,hrc16,src04@display=sequential
hrc02,hrc20,777aa73c-e876-4af7-a998-55b2db8bf245,hrc02,src02@display=sequential
hrc02,hrc02,cc41adc2-0128-483a-a929-40af98e50807,hrc20,src02@display=sequential
hrc02,hrc20,5081c565-b48b-48ae-a702-a224554798b4,hrc02,src02@display=sequential
,hrc20,5f8aaead-de3f-4647-b1db-afa272e15627,hrc02,src02@display=sequential
hrc02,hrc20,f9bbfc44-9d81-442b-b2b0-e2e241471b54,hrc02,src02@display=sequential
hrc02,hrc20,bc00ffbe-d00a-4157-87b8-493e67cdc18b,hrc02,src02@display=sequential
hrc02,hrc20,f3344844-a685-491f-b82c-2b0d069dc1cc,hrc02,src02@display=sequential
hrc02,hrc02,64e2f67e-8d1c-4d48-8af3-8fcba72344a8,hrc20,src02@display=sequential
hrc02,hrc20,58c5db58-31c9-498a-84c7-f2656253c676,hrc02,src02@display=sequential
hrc02,hrc20,f4c93ef6-9b4c-4208-b5f1-c0827cbfa484,hrc02,src02@display=sequential
hrc12,hrc09,b4661ee3-507e-48f0-bf90-49eccdd0a6c1,hrc12,src09@display=sequential
hrc12,hrc09,72afd759-8740-43e7-ad36-748d80c2ddb2,hrc12,src09@display=sequential
hrc12,hrc12,130f97dd-bd25-4da8-ac72-85c683f293af,hrc09,src09@display=sequential
hrc12,hrc09,a647b0ba-6ea8-4ffa-a048-3f4711f595b0,hrc12,src09@display=sequential
hrc12,hrc09,c78abaca-70ac-4a0d-97cd-ccdda203382b,hrc12,src09@display=sequential
hrc12,hrc09,786e97ac-4266-4756-9693-1128d669933d,hrc12,src09@display=sequential
hrc12,hrc12,7ae38b5c-cd98-477d-a069-e103eed457c3,hrc09,src09@display=sequential
hrc12,hrc09,1ac2dd7c-2993-4a15-a53f-3af54deb2789,hrc12,src09@display=sequential
hrc09,hrc09,f62c787c-9092-47b5-b493-5f371ecab9f3,hrc12,src09@display=sequential
hrc09,hrc12,7e5cbaab-672a-41ac-9674-e427d4eb2683,hrc09,src09@display=sequential
,hrc20,c39301ac-544e-4bb2-85a7-b38cbff67bc4,hrc12,src01@display=sequential
hrc20,hrc12,840a09b5-4c5b-45f7-8f13-6a8057cf0fac,hrc20,src01@display=sequential
hrc12,hrc12,f626ab92-efaa-4e82-af30-018d04dd08c1,hrc20,src01@display=sequential
,hrc20,d10ee993-b3ae-434c-9a7b-a7d6ce66c776,hrc12,src01@display=sequential
hrc20,hrc20,9612d1a4-483e-473f-aec2-02934e0618ca,hrc12,src01@display=sequential
,hrc20,7522b6a2-33fd-4d39-9892-118173704b57,hrc12,src01@display=sequential
hrc12,hrc12,2285a432-258c-4d27-8292-7c7b782bc591,hrc20,src01@display=sequential
hrc20,hrc20,02b35be6-fb7d-4492-87e7-8f22e34574ad,hrc12,src01@display=sequential
,hrc12,58845140-df28-4fce-bf1c-d785294ee30e,hrc20,src01@display=sequential
hrc12,hrc12,8bf8e043-0dfe-4d04-bed8-5faea6c6c4c4,hrc20,src01@display=sequential
hrc12,hrc17,7c7af9a4-0f7b-49fd-bb78-618f89ecaaef,hrc12,src08@display=sequential
hrc12,hrc17,7e2bc83e-d940-4d78-9383-608319aca71c,hrc12,src08@display=sequential
hrc12,hrc17,a54f674c-0f58-452d-9942-8e3cfd73ef19,hrc12,src08@display=sequential
hrc12,hrc17,58a466cc-6ddb-4014-a5cc-732e55706d9a,hrc12,src08@display=sequential
hrc12,hrc17,33baf34b-a2c0-4a23-9b3e-9d8242619fd3,hrc12,src08@display=sequential
hrc12,hrc12,eb2c7c91-0b6c-44d7-bb58-ab8e88ed8d52,hrc17,src08@display=sequential
hrc12,hrc12,851c951d-f010-47e3-9d59-56d3e0a71185,hrc17,src08@display=sequential
hrc12,hrc12,8549911f-d533-4be3-bccb-c329e82caf2c,hrc17,src08@display=sequential
hrc12,hrc17,cd93290d-ba13-4799-b353-1cd2be21562b,hrc12,src08@display=sequential
hrc12,hrc17,40a7c6a1-6d4e-405c-830b-288315717027,hrc12,src08@display=sequential
,hrc16,bd86f5f7-6fbd-4680-a9d5-5a34f343eba2,hrc08,src02@display=sequential
hrc08,hrc08,2b36f719-882e-4e03-9131-8d4f3e7246a4,hrc16,src02@display=sequential
hrc08,hrc08,f14632b9-fec7-49db-8dde-908e448d8556,hrc16,src02@display=sequential
hrc16,hrc16,2c820e01-cd0e-4cca-bb2b-5384ccd7f578,hrc08,src02@display=sequential
hrc08,hrc16,739e1d34-ccab-4d66-b5cb-3271ed097ccd,hrc08,src02@display=sequential
hrc16,hrc08,2d6d9756-d2b6-4bea-b4e1-94b41721de02,hrc16,src02@display=sequential
hrc08,hrc08,7a086198-2edc-4d14-ab82-3d7cd87e92c7,hrc16,src02@display=sequential
hrc16,hrc08,7e35fb7d-230e-4635-bf54-a51aab87f3a7,hrc16,src02@display=sequential
hrc08,hrc16,0f829d1a-b988-4f9b-8ff2-7ed9cefc6432,hrc08,src02@display=sequential
hrc08,hrc16,64472def-2740-415f-828a-17a7931c64a8,hrc08,src02@display=sequential
hrc08,hrc05,44d4624d-7b6b-416b-8417-152d80891f36,hrc08,src08@display=sequential
hrc08,hrc05,b5b43c0b-1179-45bb-b87a-ff61774cbd0a,hrc08,src08@display=sequential
,hrc05,7cee5dec-b3f6-4b77-9f58-36202fc71af5,hrc08,src08@display=sequential
hrc08,hrc08,e4bae4c3-c65c-4141-9322-84691c956ebc,hrc05,src08@display=sequential
hrc08,hrc05,aa5df311-6e77-419b-a840-ecac85c0bf57,hrc08,src08@display=sequential
hrc08,hrc08,e6649c05-bba4-4d31-98c7-8601374d6057,hrc05,src08@display=sequential
hrc08,hrc05,56755160-bea5-4805-81da-59fc5cab28ad,hrc08,src08@display=sequential
,hrc08,99f1e0ac-c8cc-4fc1-93e1-efcdcd8b78b3,hrc05,src08@display=sequential
hrc08,hrc05,48b0ecc7-6a07-4117-a6a2-e7e762ff7646,hrc08,src08@display=sequential
hrc05,hrc08,b774e164-c6e9-4e95-888c-12c5e3ddb8ad,hrc05,src08@display=sequential
hrc21,hrc10,44d4624d-7b6b-416b-8417-152d80891f36,hrc21,src09@display=sequential
hrc21,hrc10,2c820e01-cd0e-4cca-bb2b-5384ccd7f578,hrc21,src09@display=sequential
hrc21,hrc10,fd4ac2a5-2530-4db8-84d3-e33c1c638e13,hrc21,src09@display=sequential
hrc21,hrc10,e96e0e40-8578-4490-afc3-dfb4e1b48a48,hrc21,src09@display=sequential
hrc21,hrc10,1cec815b-399d-4f9d-93d3-0c26f0fc84db,hrc21,src09@display=sequential
hrc21,hrc21,d9c97855-ed84-4f1f-8ccf-f42d5c6853e6,hrc10,src09@display=sequential
hrc21,hrc10,1410348a-256b-4580-8343-0558cdf51750,hrc21,src09@display=sequential
hrc21,hrc21,4095c1dd-b4e9-4e29-a6dd-67556deddbb5,hrc10,src09@display=sequential
hrc21,hrc10,c4483616-3ed2-4394-9493-213d0c170895,hrc21,src09@display=sequential
hrc21,hrc21,ce25b470-c37f-49d0-8203-ed9688c18912,hrc10,src09@display=sequential
,hrc18,44d4624d-7b6b-416b-8417-152d80891f36,hrc21,src07@display=sequential
hrc21,hrc18,bea90b0c-2411-4578-a6bf-accb02560906,hrc21,src07@display=sequential
,hrc21,6c11fc1a-b4f0-4525-855f-f6a00b5409e8,hrc18,src07@display=sequential
hrc21,hrc18,4f51ccc9-748a-455c-a276-65a0686f7ad8,hrc21,src07@display=sequential
hrc21,hrc18,fcb49f3d-24e4-48f4-b819-5a1d0dd9a3ab,hrc21,src07@display=sequential
hrc21,hrc21,106526b1-77b2-4d00-b5b0-5b7e929f1444,hrc18,src07@display=sequential
hrc21,hrc21,55475eab-a988-4f0c-a896-9786f795968b,hrc18,src07@display=sequential
,hrc18,397001a4-5eb9-437f-ad18-41f87dace59c,hrc21,src07@display=sequential
hrc21,hrc21,54def2f7-632c-4e93-9b86-2370f6ecfb35,hrc18,src07@display=sequential
hrc21,hrc18,39d43d5b-46f8-414f-9020-3222318f84dc,hrc21,src07@display=sequential
,hrc02,44d4624d-7b6b-416b-8417-152d80891f36,hrc07,src04@display=sequential
hrc07,hrc02,88fd02c5-402c-4421-b7ec-555b9efbe077,hrc07,src04@display=sequential
hrc07,hrc07,50f51bac-dcf9-417a-af31-515670431985,hrc02,src04@display=sequential
hrc07,hrc02,2c95ff4f-49cb-486d-808e-f6b8faed6fd5,hrc07,src04@display=sequential
,hrc07,34972aa1-0bc4-4539-a7cb-4c5968b766e0,hrc02,src04@display=sequential
hrc07,hrc07,c07bc56b-eae7-49b2-bab4-79cd32536be2,hrc02,src04@display=sequential
hrc07,hrc02,e3860613-8b47-4eb6-9969-c33344cb2a9d,hrc07,src04@display=sequential
hrc07,hrc02,fc66ffa3-14fc-4401-a95b-eedb200be7d9,hrc07,src04@display=sequential
,hrc02,1cf51187-29ee-4e29-80b2-ad2a3f850fe2,hrc07,src04@display=sequential
hrc07,hrc02,18c189f5-38e9-4b8a-86c0-b8b7800ea38b,hrc07,src04@display=sequential
hrc19,hrc10,5f8aaead-de3f-4647-b1db-afa272e15627,hrc19,src01@display=sequential
hrc19,hrc19,9e239992-9940-42db-9d49-1d0d8d937637,hrc10,src01@display=sequential
hrc19,hrc10,5d2512ce-fedd-483b-818a-932259712b71,hrc19,src01@display=sequential
hrc19,hrc10,8d05d45d-efc8-477b-95a3-8473ca645610,hrc19,src01@display=sequential
hrc19,hrc19,c4041511-376e-4f71-9c8e-acac17d0954a,hrc10,src01@display=sequential
hrc19,hrc19,b6306029-365c-41e2-9319-61c0c405c6f4,hrc10,src01@display=sequential
hrc10,hrc10,31d876be-00c7-4aff-98d2-67a95f368125,hrc19,src01@display=sequential
hrc19,hrc19,abb69d4e-907f-485f-845d-799923e35219,hrc10,src01@display=sequential
hrc19,hrc19,71bca3dc-88af-418b-bc5c-901a819fd1f0,hrc10,src01@display=sequential
hrc19,hrc10,97e1763f-e2a6-4c83-a1cd-6cc36cd155bf,hrc19,src01@display=sequential
hrc21,hrc16,b4661ee3-507e-48f0-bf90-49eccdd0a6c1,hrc21,src08@display=sequential
hrc21,hrc21,58845140-df28-4fce-bf1c-d785294ee30e,hrc16,src08@display=sequential
hrc21,hrc21,211e49fa-fc80-47ae-a50a-15426f09fa31,hrc16,src08@display=sequential
hrc21,hrc21,86d83e24-39aa-4eeb-bc01-1126751d5d70,hrc16,src08@display=sequential
hrc21,hrc16,1dbdf6dc-299d-4b99-8cdb-c46794344655,hrc21,src08@display=sequential
hrc21,hrc16,cb66df87-875e-4b42-86b6-694bfeb1313b,hrc21,src08@display=sequential
hrc21,hrc16,8b82218a-90c4-4f4a-8bcb-f70c2de70614,hrc21,src08@display=sequential
hrc21,hrc16,8b7d1ecd-e95a-4379-a495-33a22119a344,hrc21,src08@display=sequential
hrc21,hrc21,6bf101c5-81e0-4ad5-ae95-b70599b108b5,hrc16,src08@display=sequential
hrc21,hrc21,f14632b9-fec7-49db-8dde-908e448d8556,hrc16,src08@display=sequential
hrc08,hrc08,b4661ee3-507e-48f0-bf90-49eccdd0a6c1,hrc16,src06@display=sequential
hrc08,hrc08,58845140-df28-4fce-bf1c-d785294ee30e,hrc16,src06@display=sequential
hrc08,hrc08,fb0e1f06-4470-4634-afee-196d114b43b6,hrc16,src06@display=sequential
hrc08,hrc16,48f26fd4-0581-4d50-ab31-ffef5ac3b645,hrc08,src06@display=sequential
hrc08,hrc08,b559e691-1ad1-47f2-bbb3-c0c843c2f5f8,hrc16,src06@display=sequential
hrc08,hrc16,d774ed68-3d63-4ddc-9c2b-17f926e01537,hrc08,src06@display=sequential
hrc08,hrc08,7da8dfa4-005e-42d2-ab14-f8fe93f5ae5a,hrc16,src06@display=sequential
hrc08,hrc16,2dc294c9-e2ad-4de1-a9d0-cd71bbb77208,hrc08,src06@display=sequential
hrc08,hrc08,4b23efe8-b14b-4be4-9bf3-7282c400ff35,hrc16,src06@display=sequential
hrc08,hrc08,6a62592c-89bf-46a4-8e54-ab72b6951bbd,hrc16,src06@display=sequential
hrc20,hrc20,9a628bc0-babc-4781-a306-fb94b8f002ae,hrc05,src01@display=sequential
hrc20,hrc05,133d32f7-73d9-4005-b533-e890f9fae74f,hrc20,src01@display=sequential
hrc20,hrc05,6837bdb0-899f-421b-90b2-7679b398759b,hrc20,src01@display=sequential
hrc20,hrc05,72c660f3-a268-4edb-9599-b17c96af9ec7,hrc20,src01@display=sequential
hrc20,hrc20,5eb3a7bb-533a-4dbd-82c4-cd0fae2b33b0,hrc05,src01@display=sequential
hrc20,hrc05,a422b10e-0b4e-4ece-89fa-850dbbcd9867,hrc20,src01@display=sequential
hrc20,hrc05,f878add3-52f7-4664-b4db-debcd7fa6905,hrc20,src01@display=sequential
hrc20,hrc20,12058d43-7153-442b-b2ba-d6d2c1f6628a,hrc05,src01@display=sequential
hrc20,hrc20,28baa163-62aa-4091-9067-f78967afea4a,hrc05,src01@display=sequential
hrc20,hrc05,7c090835-7343-43cb-a556-8d9c65bf2579,hrc20,src01@display=sequential
hrc08,hrc08,2f40feab-34a7-4195-ae6f-b5f696ff05b4,hrc13,src09@display=sequential
hrc08,hrc13,9612d1a4-483e-473f-aec2-02934e0618ca,hrc08,src09@display=sequential
hrc08,hrc08,b98660c4-d820-49f5-ad84-51b0f9ad2f61,hrc13,src09@display=sequential
hrc08,hrc08,24766b7c-1659-4b37-9e0d-5b94e92a320d,hrc13,src09@display=sequential
hrc08,hrc08,06327616-afdd-4927-bbaf-73de01dfa383,hrc13,src09@display=sequential
hrc08,hrc08,7a086198-2edc-4d14-ab82-3d7cd87e92c7,hrc13,src09@display=sequential
hrc08,hrc08,48f844e9-7586-4d74-aa4f-ea6cc7b0f7e5,hrc13,src09@display=sequential
hrc08,hrc08,5a14dca9-ea09-4194-8bd6-e5eb2d3a4404,hrc13,src09@display=sequential
hrc08,hrc13,f4fa6f10-58c2-4aea-9eff-1a0ec31b5e25,hrc08,src09@display=sequential
hrc08,hrc08,b7855b91-3456-4c68-b626-fee17876f40c,hrc13,src09@display=sequential
hrc17,hrc17,2f40feab-34a7-4195-ae6f-b5f696ff05b4,hrc10,src06@display=sequential
hrc17,hrc10,133d32f7-73d9-4005-b533-e890f9fae74f,hrc17,src06@display=sequential
hrc17,hrc10,b1a7ab8f-b9a1-4e38-9633-fac16c7345db,hrc17,src06@display=sequential
hrc17,hrc17,34972aa1-0bc4-4539-a7cb-4c5968b766e0,hrc10,src06@display=sequential
hrc17,hrc17,7127c423-c55e-495f-8cbf-e77776fc320c,hrc10,src06@display=sequential
hrc17,hrc10,86f1012a-cb24-4aea-8fb1-43cf2f564d78,hrc17,src06@display=sequential
hrc17,hrc10,78e26595-e75f-4806-a6ed-26d6e8f35a1b,hrc17,src06@display=sequential
hrc17,hrc10,9d509489-42a8-469c-8e72-777f35c39870,hrc17,src06@display=sequential
hrc17,hrc10,fa4c43d0-3260-4144-aefb-de55089af488,hrc17,src06@display=sequential
hrc17,hrc10,66b9e1ca-7be6-469d-881b-e3433a746220,hrc17,src06@display=sequential
hrc05,hrc10,72afd759-8740-43e7-ad36-748d80c2ddb2,hrc05,src03@display=sequential
hrc05,hrc05,79384cbc-8849-4e8b-9bc8-729523cda045,hrc10,src03@display=sequential
hrc05,hrc10,8f3ff7d0-6b93-41a4-95c3-9d0134c0d6cb,hrc05,src03@display=sequential
hrc05,hrc10,83d45c00-57c2-4eae-a987-5b25a951a833,hrc05,src03@display=sequential
hrc05,hrc10,22074075-da3a-4a59-a374-cfaa2d150fbb,hrc05,src03@display=sequential
hrc05,hrc10,42943899-85e5-447e-9c10-8493fc71be73,hrc05,src03@display=sequential
hrc05,hrc10,32899118-d8fd-46ad-b83a-9e8ce0bdc1c7,hrc05,src03@display=sequential
hrc05,hrc05,2079d5ff-c609-4f44-9674-c79839f7f3d1,hrc10,src03@display=sequential
,hrc10,051f4c64-8631-42c6-85f8-d7168adf4874,hrc05,src03@display=sequential
hrc05,hrc05,feb86d47-9265-4860-8fde-a8d663708477,hrc10,src03@display=sequential
hrc21,hrc13,72afd759-8740-43e7-ad36-748d80c2ddb2,hrc21,src06@display=sequential
hrc21,hrc21,4927f150-d8a4-41da-b42a-b30169d85dd0,hrc13,src06@display=sequential
hrc21,hrc21,1f017b44-d631-45b7-b0da-c6dfeca39a8c,hrc13,src06@display=sequential
hrc21,hrc13,19e7ead1-67fa-4926-8271-f0c799875d36,hrc21,src06@display=sequential
hrc21,hrc21,3e1cdcff-b39c-4ab1-88c6-cc8a1b5ed717,hrc13,src06@display=sequential
hrc21,hrc21,14cd44b5-5d36-4f69-be0a-f4be1d6bfc59,hrc13,src06@display=sequential
hrc21,hrc13,48f844e9-7586-4d74-aa4f-ea6cc7b0f7e5,hrc21,src06@display=sequential
hrc21,hrc21,64472def-2740-415f-828a-17a7931c64a8,hrc13,src06@display=sequential
hrc21,hrc21,0111d895-f938-4921-8210-3201f559f616,hrc13,src06@display=sequential
hrc21,hrc21,c92c9904-292e-420d-8f51-77a57c673a5c,hrc13,src06@display=sequential
hrc12,hrc10,58845140-df28-4fce-bf1c-d785294ee30e,hrc12,src03@display=sequential
hrc12,hrc10,2c820e01-cd0e-4cca-bb2b-5384ccd7f578,hrc12,src03@display=sequential
hrc12,hrc10,b18b958b-b908-4ebe-932d-e50c856c72a6,hrc12,src03@display=sequential
hrc12,hrc12,79ed6f1d-b369-4100-a6fd-b0a81d46b110,hrc10,src03@display=sequential
hrc12,hrc12,5538c60a-3f6f-425a-90d3-4f15c31f6e3f,hrc10,src03@display=sequential
hrc12,hrc12,fb99a2e3-6eef-43f1-9bb6-9d2a39a89d68,hrc10,src03@display=sequential
hrc12,hrc12,5a1b603e-2a3d-41bf-8b6e-10e9c9e994bf,hrc10,src03@display=sequential
hrc12,hrc10,1a45a8b4-7135-4768-a5c5-238e37fb98df,hrc12,src03@display=sequential
hrc12,hrc10,e739fe65-9837-4a8e-8058-6a0063fca411,hrc12,src03@display=sequential
hrc12,hrc12,9ea19e1f-428b-414a-abdf-c1e51f9afe71,hrc10,src03@display=sequential
,original,45e7611d-1c87-4056-ba5c-3a69b413e6e3,hrc21,src08@display=sequential
,hrc21,da85add1-f1b2-4d6c-a92c-16edac52b42b,original,src08@display=sequential
hrc21,original,8831c2ef-64b2-4f81-bd12-782facb47567,hrc21,src08@display=sequential
,hrc21,08222fec-a836-4bb3-bc8b-06590d580cca,original,src08@display=sequential
original,hrc21,c1345d78-3ad8-4f4a-8031-beffe95a18af,original,src08@display=sequential
,original,ca65c3a0-fb0a-4804-a1b4-2f35acc5b559,hrc21,src08@display=sequential
hrc21,original,f265067e-4156-41bf-a356-5489e7eb5f56,hrc21,src08@display=sequential
,hrc21,6a664ca8-5192-4d54-b58b-519e2a07a482,original,src08@display=sequential
original,original,4b23efe8-b14b-4be4-9bf3-7282c400ff35,hrc21,src08@display=sequential
hrc21,original,22dff3a5-9b27-475a-97c3-7edaf366b118,hrc21,src08@display=sequential
hrc08,hrc08,45e7611d-1c87-4056-ba5c-3a69b413e6e3,hrc16,src05@display=sequential
hrc08,hrc08,9e239992-9940-42db-9d49-1d0d8d937637,hrc16,src05@display=sequential
hrc08,hrc16,92eaa3f8-76a9-4f2b-810d-426076bbe1ab,hrc08,src05@display=sequential
hrc08,hrc16,2e4c1a67-80bc-4b30-b6ca-da117c7f7ee9,hrc08,src05@display=sequential
hrc08,hrc08,046a2d12-93ee-4c22-b4af-236d42e42716,hrc16,src05@display=sequential
hrc08,hrc08,a1f80cb0-486f-4698-bf3f-26cb0a65d353,hrc16,src05@display=sequential
hrc08,hrc16,5538c60a-3f6f-425a-90d3-4f15c31f6e3f,hrc08,src05@display=sequential
hrc08,hrc08,c45da97c-cc8c-48a8-94f1-397f7240fae3,hrc16,src05@display=sequential
hrc08,hrc08,3a63b826-0eed-47df-b419-9d445cda5305,hrc16,src05@display=sequential
hrc08,hrc16,c06fa6f7-ddd2-43d1-96e0-1284e8008c14,hrc08,src05@display=sequential
hrc12,hrc12,f7f138ce-de66-475c-a8c9-bd1cb637ba4d,hrc13,src05@display=sequential
,hrc13,5ca1b440-eaea-4aa1-a952-eb559d039066,hrc12,src05@display=sequential
hrc12,hrc12,7763f75d-5547-4454-ad57-f9fc777a23d9,hrc13,src05@display=sequential
hrc12,hrc12,77381627-993a-4177-ad22-b7dbdbfad056,hrc13,src05@display=sequential
hrc13,hrc12,60507d05-0bbe-422a-8abd-b4e7e5fe8937,hrc13,src05@display=sequential
hrc12,hrc12,cce62b97-6ffc-4119-89f5-102422ff2691,hrc13,src05@display=sequential
hrc12,hrc13,88b7d5e7-b41b-421a-921d-06967d0f16d3,hrc12,src05@display=sequential
,hrc13,84ca7dac-b83d-46e1-8a3f-6934889b29fd,hrc12,src05@display=sequential
hrc12,hrc13,5db70634-a94d-4ef3-9da9-6f716223cb35,hrc12,src05@display=sequential
hrc12,hrc12,a693e218-d9cd-4ff6-99ba-627b53ca937e,hrc13,src05@display=sequential
hrc07,hrc07,f7f138ce-de66-475c-a8c9-bd1cb637ba4d,hrc10,src04@display=sequential
hrc07,hrc07,4458597e-489f-4665-bcbf-9197d0b1b47d,hrc10,src04@display=sequential
hrc07,hrc10,8f3ff7d0-6b93-41a4-95c3-9d0134c0d6cb,hrc07,src04@display=sequential
hrc07,hrc07,94aed9f0-a26e-435d-9499-0a57d0d09c0e,hrc10,src04@display=sequential
hrc07,hrc07,ca15c732-cfca-497b-90c1-3f5fbb0dd541,hrc10,src04@display=sequential
hrc07,hrc07,37d9329c-b27d-4e17-9128-3c5b2f9003e1,hrc10,src04@display=sequential
hrc07,hrc07,aabe9f34-7549-448a-833f-58a6f1923baf,hrc10,src04@display=sequential
hrc07,hrc07,f358592f-c14f-4bc9-b4c3-6d0c3bb440cb,hrc10,src04@display=sequential
hrc07,hrc10,1211caf9-9b1b-4189-8c44-f768b7ee496c,hrc07,src04@display=sequential
hrc07,hrc07,8c16ccef-13f6-4933-9c0b-095fc895e7ab,hrc10,src04@display=sequential
hrc19,hrc09,f7f138ce-de66-475c-a8c9-bd1cb637ba4d,hrc19,src06@display=sequential
hrc19,hrc09,c351a2a2-c54e-4c05-a690-2ef4b7fa7f7d,hrc19,src06@display=sequential
hrc19,hrc19,91c69418-ca88-47fa-9045-520cb13e2506,hrc09,src06@display=sequential
,hrc09,b1807296-12f5-4e55-b33e-cfe441bc70de,hrc19,src06@display=sequential
hrc09,hrc09,0da493d0-ea80-4d70-ba9e-e3f5ff77d39f,hrc19,src06@display=sequential
hrc19,hrc19,d93492c2-f0b1-484d-9d63-b66f217afdea,hrc09,src06@display=sequential
hrc19,hrc19,b6306029-365c-41e2-9319-61c0c405c6f4,hrc09,src06@display=sequential
hrc19,hrc09,eb2c7c91-0b6c-44d7-bb58-ab8e88ed8d52,hrc19,src06@display=sequential
hrc19,hrc19,17af30dd-f366-4fc2-ad54-e0bb255a4ebc,hrc09,src06@display=sequential
hrc19,hrc09,6d49b4f9-c138-4a5f-89f6-c7f16201e76c,hrc19,src06@display=sequential
,hrc21,f7f138ce-de66-475c-a8c9-bd1cb637ba4d,hrc09,src08@display=sequential
,hrc09,36f2fc24-f43a-4904-b65f-f81f2d37dab2,hrc21,src08@display=sequential
,hrc09,133ad39e-5998-410a-b3de-f89eff90206c,hrc21,src08@display=sequential
,hrc21,8002f66b-04d9-4eeb-abb7-87bda4b6ecb8,hrc09,src08@display=sequential
,hrc09,502847cb-21d3-4808-bd8a-4ec3b2a1c24c,hrc21,src08@display=sequential
hrc21,hrc09,a0461a72-81fc-4492-9cad-96ba9f7bacbb,hrc21,src08@display=sequential
hrc09,hrc09,232fe1a0-97fb-4560-816a-d80445fda792,hrc21,src08@display=sequential
hrc21,hrc09,a2eae99e-1732-497c-b157-394ebbf76ed5,hrc21,src08@display=sequential
hrc21,hrc21,42b81a15-a01a-4b06-a99e-90705512d83f,hrc09,src08@display=sequential
hrc21,hrc09,33ebe6be-bf3e-4b05-9c89-3246756edc13,hrc21,src08@display=sequential
,hrc20,b5b43c0b-1179-45bb-b87a-ff61774cbd0a,hrc19,src05@display=sequential
,hrc20,27e50f3e-f48d-493d-ac1e-736d639503f8,hrc19,src05@display=sequential
hrc20,hrc20,a808a4de-7bea-4369-8f71-1cb7d12f07d2,hrc19,src05@display=sequential
hrc20,hrc19,fc6ca1a9-48a6-41d5-b5ca-d7fa40d1a43e,hrc20,src05@display=sequential
hrc19,hrc19,11310c79-0068-4f33-a341-a8ddbb36beb9,hrc20,src05@display=sequential
,hrc19,4739f5c7-b987-4c87-8af7-0a28b32df1b7,hrc20,src05@display=sequential
,hrc19,ad80bfb9-7f25-493b-9511-fe3bf1a4016f,hrc20,src05@display=sequential
,hrc19,cc41adc2-0128-483a-a929-40af98e50807,hrc20,src05@display=sequential
hrc20,hrc20,007919af-9cda-4553-bac6-327e2447b734,hrc19,src05@display=sequential
,hrc19,7c337f37-80f0-4f07-8559-841a5456e201,hrc20,src05@display=sequential
hrc18,hrc10,b5b43c0b-1179-45bb-b87a-ff61774cbd0a,hrc18,src01@display=sequential
hrc18,hrc10,9169b3e4-5bee-4ec0-b43b-ea915ccf9849,hrc18,src01@display=sequential
hrc18,hrc10,ce2acc22-6dc0-4d57-bf52-34e031ecb83c,hrc18,src01@display=sequential
,hrc10,10201875-20ed-4191-8b55-2033d1755645,hrc18,src01@display=sequential
hrc18,hrc10,29674e6d-089e-4429-a5a5-05030ef57cbc,hrc18,src01@display=sequential
hrc18,hrc10,ca65c3a0-fb0a-4804-a1b4-2f35acc5b559,hrc18,src01@display=sequential
hrc18,hrc10,ab73b275-9ae8-46d7-b5f9-e2881e9ad887,hrc18,src01@display=sequential
hrc18,hrc18,03c579d6-6125-4434-b2d8-ff7f379b3427,hrc10,src01@display=sequential
hrc18,hrc10,67ca9cde-86c8-4ddb-890a-128b94e38020,hrc18,src01@display=sequential
hrc18,hrc18,7789925c-d537-4f98-b572-c50cc53b8114,hrc10,src01@display=sequential
hrc21,hrc21,9e239992-9940-42db-9d49-1d0d8d937637,hrc10,src03@display=sequential
hrc21,hrc21,133d32f7-73d9-4005-b533-e890f9fae74f,hrc10,src03@display=sequential
hrc21,hrc21,f2e8c7d8-a560-4d86-95c1-9a382b47082e,hrc10,src03@display=sequential
hrc21,hrc10,8d4e5eed-e5d0-458f-bd23-a31748731768,hrc21,src03@display=sequential
hrc21,hrc21,62befdf4-5641-483b-97cc-14024b210d8b,hrc10,src03@display=sequential
hrc21,hrc10,7062c3bd-bec4-41ad-a49d-387ebc46bfd2,hrc21,src03@display=sequential
hrc21,hrc21,ca040d77-a3dc-4939-89c0-9f953e9f9515,hrc10,src03@display=sequential
hrc21,hrc10,3ae937fd-57fd-4920-85e7-0a88238197d1,hrc21,src03@display=sequential
hrc21,hrc10,c0258f9a-7e2a-4c8a-b306-a389e2972855,hrc21,src03@display=sequential
hrc21,hrc10,b774e164-c6e9-4e95-888c-12c5e3ddb8ad,hrc21,src03@display=sequential
hrc04,hrc10,133d32f7-73d9-4005-b533-e890f9fae74f,hrc04,src08@display=sequential
hrc04,hrc10,25bc1618-bd39-4c6b-8d75-5311bacba659,hrc04,src08@display=sequential
hrc04,hrc10,ae3ac7e2-b402-4c44-8dc5-8efdde5bb599,hrc04,src08@display=sequential
hrc04,hrc04,3bfa18a6-0a8c-4599-9b10-98689041a469,hrc10,src08@display=sequential
hrc04,hrc10,b9b99a88-ac1f-4fe7-a09c-438e278f3476,hrc04,src08@display=sequential
hrc04,hrc04,ec6a0331-4b38-43ac-a93c-18edcb2a5488,hrc10,src08@display=sequential
hrc04,hrc04,4bd6af01-9fac-4ed3-9eb7-a3274aeb5661,hrc10,src08@display=sequential
hrc10,hrc04,a7c0d27b-b535-4741-abf9-a1fec2399bd6,hrc10,src08@display=sequential
hrc04,hrc04,b104dbe8-fec3-4032-b006-cece9ca6183f,hrc10,src08@display=sequential
hrc04,hrc10,5efbb928-3bec-4b6c-b8c5-41607eba8d77,hrc04,src08@display=sequential
hrc09,hrc09,42144d90-79d5-4dd8-9d01-b29df2cc9f4a,original,src08@display=sequential
hrc09,hrc09,2c820e01-cd0e-4cca-bb2b-5384ccd7f578,original,src08@display=sequential
,hrc09,b98660c4-d820-49f5-ad84-51b0f9ad2f61,original,src08@display=sequential
,hrc09,c78c983f-91fd-4f70-a03b-083124de3c51,original,src08@display=sequential
hrc09,hrc09,5296ad33-1f8c-4621-a118-721bf71af4d3,original,src08@display=sequential
hrc09,original,ca15c732-cfca-497b-90c1-3f5fbb0dd541,hrc09,src08@display=sequential
original,hrc09,9d6f7ee1-e089-4410-88df-ff9fd7b07a56,original,src08@display=sequential
original,hrc09,580e1413-4ae4-445e-962e-fe68d926449a,original,src08@display=sequential
,original,62c65a02-fe11-4b7d-8a9f-f81de50ebaa3,hrc09,src08@display=sequential
original,original,ce25b470-c37f-49d0-8203-ed9688c18912,hrc09,src08@display=sequential
hrc02,hrc02,42144d90-79d5-4dd8-9d01-b29df2cc9f4a,hrc05,src04@display=sequential
hrc02,hrc02,9169b3e4-5bee-4ec0-b43b-ea915ccf9849,hrc05,src04@display=sequential
hrc02,hrc02,d45350bd-1fef-4a5e-be1d-b4b2d296c441,hrc05,src04@display=sequential
hrc02,hrc05,046a2d12-93ee-4c22-b4af-236d42e42716,hrc02,src04@display=sequential
hrc02,hrc02,b90ac04a-b62e-44db-989d-a35bdf9a6344,hrc05,src04@display=sequential
hrc02,hrc05,0c7b7124-cc6e-481c-8a1c-20819910984a,hrc02,src04@display=sequential
hrc02,hrc02,62df5c8a-e08f-42bf-9636-a410c58e7b85,hrc05,src04@display=sequential
hrc02,hrc05,8549911f-d533-4be3-bccb-c329e82caf2c,hrc02,src04@display=sequential
hrc02,hrc02,2daff1ae-37c2-45ec-b0eb-0e2eb34872bb,hrc05,src04@display=sequential
hrc02,hrc02,b30b28f7-3557-4eef-8ebe-423e04fd98e7,hrc05,src04@display=sequential
hrc07,hrc07,33ebe6be-bf3e-4b05-9c89-3246756edc13,hrc20,src03@display=sequential
hrc20,hrc07,3ad42979-cd24-4628-a4da-5fe85c253715,hrc20,src03@display=sequential
hrc20,hrc20,3b98f084-15aa-4f10-bb56-097bd5a7cfad,hrc07,src03@display=sequential
,hrc07,a6dad7bb-8836-4103-9511-d77c49ea02c9,hrc20,src03@display=sequential
,hrc07,a308165b-fe13-4927-8f58-a686634660c3,hrc20,src03@display=sequential
hrc07,hrc07,b0639bf6-4570-49a6-b010-85440f842c50,hrc20,src03@display=sequential
hrc07,hrc20,a50b1738-5516-46bd-a585-fa878da470e2,hrc07,src03@display=sequential
hrc07,hrc07,58202c2c-6ed0-49f9-bd1c-0ee22c7dec66,hrc20,src03@display=sequential
hrc20,hrc07,a8ee67dd-bb21-4bc5-a474-fcfb83d5f8d6,hrc20,src03@display=sequential
,hrc07,b93642b3-a858-453c-b8e3-9cd43fc58f9e,hrc20,src03@display=sequential
,hrc04,33ebe6be-bf3e-4b05-9c89-3246756edc13,hrc19,src04@display=sequential
hrc04,hrc04,e93873b4-0ba1-44f7-9892-01237fb79aed,hrc19,src04@display=sequential
hrc04,hrc04,3635d543-6970-461c-b195-dfdb99a24318,hrc19,src04@display=sequential
hrc04,hrc19,6860cb23-2a8c-4ee4-b4d9-dea0712b15fb,hrc04,src04@display=sequential
,hrc19,f006a370-cff3-4e73-a6dc-4bded3fe0f75,hrc04,src04@display=sequential
hrc04,hrc19,88dba501-c1cc-4377-b515-43a0b935917c,hrc04,src04@display=sequential
,hrc19,6b366ab5-6ec6-4700-afc7-1ae167361336,hrc04,src04@display=sequential
hrc04,hrc04,a289f0fe-8e3d-48c8-b3d3-d09b6d17b9f8,hrc19,src04@display=sequential
hrc04,hrc04,0282e284-6075-4272-8e47-0514da6c0239,hrc19,src04@display=sequential
hrc04,hrc04,67ca9cde-86c8-4ddb-890a-128b94e38020,hrc19,src04@display=sequential
hrc20,hrc20,c11955ae-3777-4424-a93d-4591403dad1e,hrc08,src04@display=sequential
hrc20,hrc08,19c32dbe-28f1-41dd-b4bd-520d0ae1860c,hrc20,src04@display=sequential
hrc20,hrc20,2fa1bcd3-8b2a-436f-a799-1eb3e77d45f3,hrc08,src04@display=sequential
hrc20,hrc08,8f75f8b3-15e6-4e03-855b-627f9aee47aa,hrc20,src04@display=sequential
hrc20,hrc20,4ee218cc-9cd2-4178-9a02-4a72119ac7e5,hrc08,src04@display=sequential
hrc08,hrc08,6ab68eee-6d2b-46e8-b03a-b267fb0eac35,hrc20,src04@display=sequential
hrc20,hrc08,0c330943-51a6-42cd-bb7a-12e199b3cb90,hrc20,src04@display=sequential
hrc20,hrc08,232fe1a0-97fb-4560-816a-d80445fda792,hrc20,src04@display=sequential
hrc20,hrc20,fa36cb57-e118-4fa0-b207-5cb949f290dd,hrc08,src04@display=sequential
hrc08,hrc08,003c7620-28fb-4ea6-91fa-1e262f492774,hrc20,src04@display=sequential
hrc04,hrc05,c11955ae-3777-4424-a93d-4591403dad1e,hrc04,src02@display=sequential
hrc04,hrc05,25bc1618-bd39-4c6b-8d75-5311bacba659,hrc04,src02@display=sequential
hrc04,hrc04,1cd0a690-9a45-4224-b1bf-e4d32d4789b5,hrc05,src02@display=sequential
hrc04,hrc04,d9ff101e-ef99-45a1-b979-91bffe08a7a1,hrc05,src02@display=sequential
hrc04,hrc04,9b12ec4a-fa08-4ab2-b239-ed08073ff262,hrc05,src02@display=sequential
hrc04,hrc05,9bf342e3-6f22-490b-b00b-372d2a7d8199,hrc04,src02@display=sequential
hrc04,hrc04,0f1643f2-3736-40f1-a861-503a0ba59cf8,hrc05,src02@display=sequential
hrc04,hrc04,2d6e96ab-1cc9-4a46-8bba-341f2f33237d,hrc05,src02@display=sequential
hrc04,hrc04,e4e6cf83-5949-47e7-9675-8b2b53c28ec5,hrc05,src02@display=sequential
hrc04,hrc05,d35fe353-da0b-4b73-af6a-0993d3199c77,hrc04,src02@display=sequential
hrc20,hrc09,25bc1618-bd39-4c6b-8d75-5311bacba659,hrc20,src06@display=sequential
hrc20,hrc09,5ca1b440-eaea-4aa1-a952-eb559d039066,hrc20,src06@display=sequential
hrc20,hrc20,cf05d5d1-53f7-4560-9fb1-c4020a9dcb97,hrc09,src06@display=sequential
hrc20,hrc09,6a64ffbb-f695-4513-846a-2f9cdbe1ba3b,hrc20,src06@display=sequential
hrc20,hrc09,835e531d-086d-4efe-8d86-2e29a6f0383b,hrc20,src06@display=sequential
hrc20,hrc20,db526d68-5a49-4fa8-9c91-35aaf4685886,hrc09,src06@display=sequential
hrc20,hrc09,98ce71da-42b5-40dc-ba86-68f8b2f86e1f,hrc20,src06@display=sequential
hrc20,hrc20,29a74aa2-3f6f-413b-a6e7-f37994c1db18,hrc09,src06@display=sequential
hrc20,hrc20,e03f8435-2142-45a7-a15c-ecf62ea4f916,hrc09,src06@display=sequential
hrc20,hrc20,bd7b1f78-9c0e-4064-9134-e2e03080215b,hrc09,src06@display=sequential
hrc21,hrc21,25bc1618-bd39-4c6b-8d75-5311bacba659,hrc18,src04@display=sequential
,hrc18,5ca1b440-eaea-4aa1-a952-eb559d039066,hrc21,src04@display=sequential
,hrc18,4bf6e92c-767f-4fd1-9cca-e64e41624327,hrc21,src04@display=sequential
hrc21,hrc18,2082be69-3d1a-46ad-b3cf-b33db5b98382,hrc21,src04@display=sequential
,hrc21,b1807296-12f5-4e55-b33e-cfe441bc70de,hrc18,src04@display=sequential
hrc21,hrc21,835e531d-086d-4efe-8d86-2e29a6f0383b,hrc18,src04@display=sequential
hrc21,hrc18,8faf10ee-8a92-42c5-8fbf-d7d96cf705cc,hrc21,src04@display=sequential
,hrc21,72e7431d-e9dc-43b5-9e38-6d3780f298ea,hrc18,src04@display=sequential
hrc21,hrc18,50492a39-a060-497d-8a49-c6ad52d40574,hrc21,src04@display=sequential
hrc21,hrc21,6e864a01-02fb-4ef4-8f67-60232783d138,hrc18,src04@display=sequential
hrc08,hrc08,5ca1b440-eaea-4aa1-a952-eb559d039066,hrc16,src08@display=sequential
hrc08,hrc16,4458597e-489f-4665-bcbf-9197d0b1b47d,hrc08,src08@display=sequential
hrc08,hrc16,d8ec2c52-de7d-4789-bb99-a91eb78cb08d,hrc08,src08@display=sequential
hrc08,hrc16,046a2d12-93ee-4c22-b4af-236d42e42716,hrc08,src08@display=sequential
hrc08,hrc08,872f64ae-b43d-4fee-b0ab-45bcd25b5854,hrc16,src08@display=sequential
hrc08,hrc08,54b6bc20-e9f0-430e-b687-f9a3bb4d716b,hrc16,src08@display=sequential
hrc08,hrc16,9988cc9a-f7bd-4702-bbcc-ff93503e8d2d,hrc08,src08@display=sequential
hrc16,hrc08,065f3d2b-259a-432d-8636-22c31cc31048,hrc16,src08@display=sequential
hrc08,hrc16,fa36cb57-e118-4fa0-b207-5cb949f290dd,hrc08,src08@display=sequential
hrc08,hrc16,34be0c29-9f70-4340-abc2-ef86a719199c,hrc08,src08@display=sequential
hrc17,hrc16,5ca1b440-eaea-4aa1-a952-eb559d039066,hrc17,src09@display=sequential
hrc17,hrc17,08e33f50-c2e4-4cb2-b5a8-6a8a53423f73,hrc16,src09@display=sequential
hrc17,hrc17,bd9239e9-b8b4-43eb-a5a6-1abbf7090483,hrc16,src09@display=sequential
hrc17,hrc17,e886d720-6d96-44b4-a38f-ef52c0aea62d,hrc16,src09@display=sequential
hrc17,hrc16,a2eae99e-1732-497c-b157-394ebbf76ed5,hrc17,src09@display=sequential
hrc17,hrc16,6bf101c5-81e0-4ad5-ae95-b70599b108b5,hrc17,src09@display=sequential
hrc17,hrc17,e2ef8b3c-8f6b-4998-b6a9-acd51651099f,hrc16,src09@display=sequential
hrc16,hrc16,585d8e35-90b2-450a-be37-2cef44ec5f71,hrc17,src09@display=sequential
hrc17,hrc17,1d2ed32a-13f4-4021-896f-073296654209,hrc16,src09@display=sequential
,hrc16,fa99c6a8-18e7-4b07-b497-43ad86407f9c,hrc17,src09@display=sequential
original,hrc16,e93873b4-0ba1-44f7-9892-01237fb79aed,original,src09@display=sequential
original,original,5359c039-f974-44eb-8bf2-a15031e7dabe,hrc16,src09@display=sequential
original,hrc16,83d45c00-57c2-4eae-a987-5b25a951a833,original,src09@display=sequential
original,hrc16,31139786-676b-4e53-9762-4f0e8cc93727,original,src09@display=sequential
original,hrc16,314669a2-7dac-4f5f-9604-1595a6684acb,original,src09@display=sequential
original,hrc16,49747077-9ad4-48ed-b0be-218faff3cc0c,original,src09@display=sequential
original,original,3d040136-b0d3-48f0-851c-30d451910291,hrc16,src09@display=sequential
original,original,12d98a34-47f5-4779-b4d0-c7e35539b9cb,hrc16,src09@display=sequential
original,hrc16,5558d8dc-89e4-420a-bb35-818b2f95eb50,original,src09@display=sequential
original,original,413023ed-9827-460b-8769-d4497645a297,hrc16,src09@display=sequential
hrc17,hrc05,e93873b4-0ba1-44f7-9892-01237fb79aed,hrc17,src01@display=sequential
hrc05,hrc05,eadb6c2b-306e-44cc-aff9-fcde6aa2a7d8,hrc17,src01@display=sequential
hrc17,hrc17,78303b02-0ba1-4849-8789-c6c7c276bb31,hrc05,src01@display=sequential
hrc05,hrc05,48f26fd4-0581-4d50-ab31-ffef5ac3b645,hrc17,src01@display=sequential
,hrc17,a8aa57a4-5b70-4366-ac0c-df4184675711,hrc05,src01@display=sequential
hrc17,hrc17,c199f722-c139-4861-9744-4560a943312a,hrc05,src01@display=sequential
,hrc17,a50b1738-5516-46bd-a585-fa878da470e2,hrc05,src01@display=sequential
hrc05,hrc05,0ae1ac23-5abd-4347-8efd-f7b4982e799c,hrc17,src01@display=sequential
,hrc05,e0c67370-cb8d-4fb4-b6e8-e967e9d4da10,hrc17,src01@display=sequential
hrc17,hrc17,0111d895-f938-4921-8210-3201f559f616,hrc05,src01@display=sequential
hrc04,hrc04,e93873b4-0ba1-44f7-9892-01237fb79aed,hrc21,src07@display=sequential
hrc04,hrc21,3c6f9f56-45a3-4dd7-a38e-a5e2ecda05d4,hrc04,src07@display=sequential
hrc04,hrc04,b066ef4f-1fb5-4a6d-b1d7-5a4e654c3efa,hrc21,src07@display=sequential
,hrc04,ce9bf68f-cff6-46ed-abc8-cc2f6af281e2,hrc21,src07@display=sequential
hrc04,hrc21,67a775b1-b97f-4aa4-affb-54e6180f3b71,hrc04,src07@display=sequential
hrc04,hrc04,4c9c9dbc-7938-48fa-87e5-30a5bb146ac8,hrc21,src07@display=sequential
hrc21,hrc04,470de4d5-fd31-4124-92aa-e5d4b85b5782,hrc21,src07@display=sequential
hrc04,hrc21,37d8e0b9-f320-4759-b810-b47ff4467016,hrc04,src07@display=sequential
,hrc04,a8a6721b-be7d-42a3-ad63-ad07d8be7093,hrc21,src07@display=sequential
hrc04,hrc21,18c189f5-38e9-4b8a-86c0-b8b7800ea38b,hrc04,src07@display=sequential
hrc07,hrc07,09fcdbbf-de96-4dac-b347-e69c88a3876a,hrc10,src03@display=sequential
hrc07,hrc07,4458597e-489f-4665-bcbf-9197d0b1b47d,hrc10,src03@display=sequential
hrc07,hrc07,786e97ac-4266-4756-9693-1128d669933d,hrc10,src03@display=sequential
hrc07,hrc10,058eabcd-6fe1-4446-af05-c68fbd2bd0c6,hrc07,src03@display=sequential
hrc07,hrc10,14cd44b5-5d36-4f69-be0a-f4be1d6bfc59,hrc07,src03@display=sequential
hrc07,hrc07,835e531d-086d-4efe-8d86-2e29a6f0383b,hrc10,src03@display=sequential
hrc07,hrc10,d8160212-8dcd-4e7a-8d55-f10de6af90d9,hrc07,src03@display=sequential
hrc07,hrc07,08473901-0621-448d-b64d-61aa72567205,hrc10,src03@display=sequential
hrc07,hrc07,f1f59d35-72b2-4506-8acc-4f38f587a5f8,hrc10,src03@display=sequential
hrc07,hrc10,df52d896-b5bf-493f-bb1c-ee5bbb1e44be,hrc07,src03@display=sequential
hrc10,hrc10,382ad6ec-0b8e-44d5-9c4b-5833a1d00b0f,hrc16,src05@display=sequential
hrc10,hrc16,23314143-2b04-4e79-8a25-a9a2efd14f19,hrc10,src05@display=sequential
hrc10,hrc16,c77480f8-273f-4607-bb07-67cedb0529ca,hrc10,src05@display=sequential
,hrc16,210c7edb-98fa-41a6-9278-921e36d7e370,hrc10,src05@display=sequential
hrc10,hrc10,93596366-ce37-42f6-b977-85e17c6b6323,hrc16,src05@display=sequential
hrc10,hrc16,e04a10a2-abed-4430-a7ce-7f6e3735c4d2,hrc10,src05@display=sequential
hrc10,hrc16,35000692-6b52-47f3-b5aa-d03481ae3eb5,hrc10,src05@display=sequential
hrc10,hrc10,b4e1fa11-f8c7-4c37-91e5-ab34c817ae12,hrc16,src05@display=sequential
hrc16,hrc16,647d0ccb-1fbc-496d-92fd-0af0637de9ae,hrc10,src05@display=sequential
hrc10,hrc10,d360835c-e531-45d7-880a-45390ee03e29,hrc16,src05@display=sequential
hrc10,hrc10,382ad6ec-0b8e-44d5-9c4b-5833a1d00b0f,hrc16,src03@display=sequential
hrc16,hrc16,917a52c4-6014-43e2-8f2f-185321b5e7d2,hrc10,src03@display=sequential
hrc16,hrc16,b98660c4-d820-49f5-ad84-51b0f9ad2f61,hrc10,src03@display=sequential
hrc16,hrc16,e70ba9af-4c86-4f6e-a2c8-54afd6b7c818,hrc10,src03@display=sequential
hrc10,hrc16,f7a660f2-17ac-444a-980f-416641f86208,hrc10,src03@display=sequential
hrc16,hrc16,630902ff-4e93-4002-a561-a300b5a42928,hrc10,src03@display=sequential
,hrc16,7c5e9f10-6dd5-4939-833b-7b5680686212,hrc10,src03@display=sequential
hrc16,hrc10,6188c003-558b-403c-a837-9aad0078345c,hrc16,src03@display=sequential
hrc16,hrc16,e94f704d-fa22-45f1-a03e-2a052dc0f0a9,hrc10,src03@display=sequential
,hrc10,481d8908-0d05-4b2c-804a-4fe6f0926148,hrc16,src03@display=sequential
hrc18,hrc13,382ad6ec-0b8e-44d5-9c4b-5833a1d00b0f,hrc18,src09@display=sequential
hrc18,hrc13,a0461a72-81fc-4492-9cad-96ba9f7bacbb,hrc18,src09@display=sequential
,hrc13,b753aa06-01fa-4174-8bac-c4ea32e61695,hrc18,src09@display=sequential
hrc18,hrc18,fa18eb5e-4ada-462b-90a4-8d7624505663,hrc13,src09@display=sequential
hrc18,hrc18,db107cd9-dbe7-4902-afda-5ae89c3af6c2,hrc13,src09@display=sequential
hrc13,hrc18,7dad68b5-2969-4d35-8426-a97f213bdaf4,hrc13,src09@display=sequential
hrc18,hrc18,d6c6a79e-5a39-4ddc-8d67-e61611c73318,hrc13,src09@display=sequential
hrc18,hrc18,658dc692-7421-4412-901b-44c5c6156b8d,hrc13,src09@display=sequential
hrc18,hrc13,3a63b826-0eed-47df-b419-9d445cda5305,hrc18,src09@display=sequential
hrc18,hrc13,d27719b9-a882-45c6-8cc3-c9f6d571338d,hrc18,src09@display=sequential
hrc02,hrc02,382ad6ec-0b8e-44d5-9c4b-5833a1d00b0f,hrc17,src04@display=sequential
hrc02,hrc17,7e2bc83e-d940-4d78-9383-608319aca71c,hrc02,src04@display=sequential
hrc02,hrc17,ed39cdae-6f21-4391-af68-10ac22103779,hrc02,src04@display=sequential
hrc02,hrc02,6138f355-0d67-4ba4-b05d-14e0b0d74414,hrc17,src04@display=sequential
hrc02,hrc02,81da3e49-dd49-4dc1-b619-476371ae6e37,hrc17,src04@display=sequential
hrc02,hrc02,26f1a4f3-2de9-4b62-9f2e-9184870cb93e,hrc17,src04@display=sequential
hrc02,hrc17,f2e393ff-0812-4cba-b5e1-e10e0a6a0f10,hrc02,src04@display=sequential
hrc02,hrc02,ba2e8111-193c-4c3d-8d6a-70f8f72bbea2,hrc17,src04@display=sequential
hrc02,hrc17,88ad40fc-1622-47b5-9086-b7b7f2c69c4e,hrc02,src04@display=sequential
hrc02,hrc17,9f00faa6-a756-4269-a038-adb6de52ec0d,hrc02,src04@display=sequential
hrc04,hrc21,2b36f719-882e-4e03-9131-8d4f3e7246a4,hrc04,src09@display=sequential
hrc04,hrc21,4458597e-489f-4665-bcbf-9197d0b1b47d,hrc04,src09@display=sequential
,hrc04,c3cffd70-eea1-4c11-b2aa-5b2a38cdda11,hrc21,src09@display=sequential
hrc21,hrc04,0da493d0-ea80-4d70-ba9e-e3f5ff77d39f,hrc21,src09@display=sequential
,hrc21,a308165b-fe13-4927-8f58-a686634660c3,hrc04,src09@display=sequential
hrc04,hrc21,79ed6f1d-b369-4100-a6fd-b0a81d46b110,hrc04,src09@display=sequential
hrc21,hrc21,f2b9faac-c743-4136-9ed0-28508f2a2b42,hrc04,src09@display=sequential
,hrc21,e88a08d0-13f6-4bf9-ad6e-ddd7c77f7373,hrc04,src09@display=sequential
,hrc21,eaeedcc0-54af-4d8a-8d41-5f3f9420e804,hrc04,src09@display=sequential
hrc21,hrc04,19221555-9ce9-4393-9ea5-e50657e62c74,hrc21,src09@display=sequential
hrc04,hrc13,19c32dbe-28f1-41dd-b4bd-520d0ae1860c,hrc04,src03@display=sequential
hrc04,hrc13,23314143-2b04-4e79-8a25-a9a2efd14f19,hrc04,src03@display=sequential
hrc04,hrc04,f6e12820-1dde-4cf8-8de7-2dcccc84bffe,hrc13,src03@display=sequential
hrc04,hrc04,8d05d45d-efc8-477b-95a3-8473ca645610,hrc13,src03@display=sequential
hrc04,hrc04,046a2d12-93ee-4c22-b4af-236d42e42716,hrc13,src03@display=sequential
hrc04,hrc13,9f33edd4-881a-4ba2-a15f-93d4e082e7b0,hrc04,src03@display=sequential
hrc04,hrc13,42fb1927-baf0-4108-b7ea-960028526098,hrc04,src03@display=sequential
hrc04,hrc04,2e79172f-46f4-4734-ae33-91f9f5c22bbf,hrc13,src03@display=sequential
hrc04,hrc04,ce25b470-c37f-49d0-8203-ed9688c18912,hrc13,src03@display=sequential
hrc04,hrc13,4766c33f-2917-4521-af24-131c165bb9d5,hrc04,src03@display=sequential
hrc04,hrc13,82ab8023-9761-42d0-9676-339989d8363c,hrc04,src09@display=sequential
hrc04,hrc04,e8e5c81a-3625-4b91-8db0-69e7fc222356,hrc13,src09@display=sequential
hrc04,hrc13,e3860613-8b47-4eb6-9969-c33344cb2a9d,hrc04,src09@display=sequential
hrc04,hrc04,62df5c8a-e08f-42bf-9636-a410c58e7b85,hrc13,src09@display=sequential
hrc04,hrc13,e04a10a2-abed-4430-a7ce-7f6e3735c4d2,hrc04,src09@display=sequential
hrc04,hrc04,d5d724bc-303a-4e86-9d46-ab375de40734,hrc13,src09@display=sequential
hrc04,hrc04,eb743109-e85a-4981-be4e-e85effa05712,hrc13,src09@display=sequential
hrc04,hrc04,2815e5fa-b68b-48d8-accb-0c3f76be3c48,hrc13,src09@display=sequential
hrc04,hrc04,f4f2f8e0-a564-424a-91ca-74d1accfde15,hrc13,src09@display=sequential
hrc04,hrc04,fe18ed94-ebd5-49f9-a7db-04e87cb783fd,hrc13,src09@display=sequential
hrc02,hrc12,82ab8023-9761-42d0-9676-339989d8363c,hrc02,src02@display=sequential
hrc12,hrc12,08e33f50-c2e4-4cb2-b5a8-6a8a53423f73,hrc02,src02@display=sequential
hrc02,hrc12,fa18eb5e-4ada-462b-90a4-8d7624505663,hrc02,src02@display=sequential
hrc12,hrc02,10201875-20ed-4191-8b55-2033d1755645,hrc12,src02@display=sequential
hrc12,hrc12,ca15c732-cfca-497b-90c1-3f5fbb0dd541,hrc02,src02@display=sequential
hrc12,hrc02,086d0330-b9c6-4f82-a316-35e94ab7a6a7,hrc12,src02@display=sequential
hrc02,hrc02,feabc2a1-9004-4146-acc3-3609cc50300a,hrc12,src02@display=sequential
hrc02,hrc02,d10ee993-b3ae-434c-9a7b-a7d6ce66c776,hrc12,src02@display=sequential
hrc02,hrc02,1cf51187-29ee-4e29-80b2-ad2a3f850fe2,hrc12,src02@display=sequential
hrc02,hrc12,e2d4c222-36f6-4569-87c8-d78cdc2588f3,hrc02,src02@display=sequential
original,hrc17,82ab8023-9761-42d0-9676-339989d8363c,original,src03@display=sequential
original,hrc17,88fd02c5-402c-4421-b7ec-555b9efbe077,original,src03@display=sequential
original,hrc17,abb3b591-f804-455c-a9eb-62536ba55725,original,src03@display=sequential
original,original,69e276e4-b0df-46a7-bc3c-07f8ef83d625,hrc17,src03@display=sequential
original,original,6d22f6aa-ae59-40dc-8725-da821af52e48,hrc17,src03@display=sequential
original,hrc17,45e1e015-506b-4217-a64f-4f2b2d502cda,original,src03@display=sequential
original,hrc17,1d5750bc-8caa-403b-b8cb-7843720e4e19,original,src03@display=sequential
original,original,6b443695-605c-4b3e-ad5c-4504b6a4935b,hrc17,src03@display=sequential
original,hrc17,66da8469-601a-48fb-b75e-716c69b24198,original,src03@display=sequential
original,hrc17,5efbb928-3bec-4b6c-b8c5-41607eba8d77,original,src03@display=sequential
original,hrc12,82ab8023-9761-42d0-9676-339989d8363c,original,src06@display=sequential
original,original,3c6f9f56-45a3-4dd7-a38e-a5e2ecda05d4,hrc12,src06@display=sequential
original,original,7049aa82-15c3-4aa7-807f-379c1ea7f2c9,hrc12,src06@display=sequential
original,hrc12,f8bdbf2b-56fa-42ce-bc56-3bea94e0d7cb,original,src06@display=sequential
original,original,64523042-54b3-4028-9557-439ad63a25e1,hrc12,src06@display=sequential
original,hrc12,d48d3209-3c1a-4253-a83c-ac0642c7f7c9,original,src06@display=sequential
hrc12,original,1ca098a1-dfa3-49ff-acd7-b778c5051265,hrc12,src06@display=sequential
original,original,72f9a380-16df-4b12-b1ab-9dda8acc360a,hrc12,src06@display=sequential
original,hrc12,5da512f4-fb90-48d2-9129-8557fd670449,original,src06@display=sequential
original,original,cdb9bb58-60e2-4bd6-a07a-2e9558115deb,hrc12,src06@display=sequential
hrc08,hrc08,82ab8023-9761-42d0-9676-339989d8363c,hrc13,src01@display=sequential
hrc08,hrc13,afb5f403-21d5-4d09-b92f-6d95cee2fde2,hrc08,src01@display=sequential
hrc08,hrc13,b1ea6be7-fe29-4b9e-a8ba-e07c4943aac7,hrc08,src01@display=sequential
hrc08,hrc13,7e35fb7d-230e-4635-bf54-a51aab87f3a7,hrc08,src01@display=sequential
hrc08,hrc08,8445dda7-8d95-449d-8c54-8e2591a8e364,hrc13,src01@display=sequential
hrc08,hrc08,8760b604-bde2-4d2a-8da9-0492b050506c,hrc13,src01@display=sequential
hrc08,hrc08,4739f5c7-b987-4c87-8af7-0a28b32df1b7,hrc13,src01@display=sequential
hrc08,hrc08,6b443695-605c-4b3e-ad5c-4504b6a4935b,hrc13,src01@display=sequential
hrc08,hrc13,0282e284-6075-4272-8e47-0514da6c0239,hrc08,src01@display=sequential
hrc08,hrc08,a268d438-9f11-4978-8ad9-7ed49297521c,hrc13,src01@display=sequential
hrc19,hrc19,b2050466-f235-4258-9cad-bdd9aa52afc2,hrc17,src04@display=sequential
hrc19,hrc19,5d057714-3fbd-4f10-97c9-c11263c29073,hrc17,src04@display=sequential
,hrc17,e96e0e40-8578-4490-afc3-dfb4e1b48a48,hrc19,src04@display=sequential
hrc19,hrc19,41c77243-6fce-4b2f-a350-655108d9e602,hrc17,src04@display=sequential
hrc19,hrc17,1ac2dd7c-2993-4a15-a53f-3af54deb2789,hrc19,src04@display=sequential
hrc19,hrc19,341c1b82-e7ce-4438-87cc-44c4577e4532,hrc17,src04@display=sequential
,hrc17,d9b5fc53-9935-4007-bdae-6fa5e7e7fc92,hrc19,src04@display=sequential
hrc19,hrc19,481d8908-0d05-4b2c-804a-4fe6f0926148,hrc17,src04@display=sequential
hrc19,hrc19,d826d53b-0856-4aea-a51b-432806abb1e1,hrc17,src04@display=sequential
hrc19,hrc17,75c4ab50-a4aa-4fd4-b430-ef329c45fc1b,hrc19,src04@display=sequential
hrc02,hrc10,b2050466-f235-4258-9cad-bdd9aa52afc2,hrc02,src09@display=sequential
hrc02,hrc10,27e50f3e-f48d-493d-ac1e-736d639503f8,hrc02,src09@display=sequential
hrc02,hrc02,9a3c3143-eeae-4a15-a35f-894bc5b74e70,hrc10,src09@display=sequential
,hrc02,e802d7f4-170f-4b14-9db6-3528dd3b697d,hrc10,src09@display=sequential
hrc02,hrc10,566f1efe-c334-4e1c-bd9d-60079dd825db,hrc02,src09@display=sequential
hrc02,hrc10,fbb9f043-7950-41ce-817f-27e38dcf2bfb,hrc02,src09@display=sequential
hrc02,hrc02,43868782-c006-4e73-8ab4-1f5f132a01cc,hrc10,src09@display=sequential
hrc02,hrc10,b93642b3-a858-453c-b8e3-9cd43fc58f9e,hrc02,src09@display=sequential
hrc02,hrc02,30969ea8-c94c-4f11-9226-95ec5c8c8f03,hrc10,src09@display=sequential
hrc02,hrc10,7c337f37-80f0-4f07-8559-841a5456e201,hrc02,src09@display=sequential
chrc11,chrc11,eadb6c2b-306e-44cc-aff9-fcde6aa2a7d8,chrc08,csrc11@display=sequential
chrc11,chrc08,4ee218cc-9cd2-4178-9a02-4a72119ac7e5,chrc11,csrc11@display=sequential
chrc08,chrc08,746fca7b-627e-49a4-8992-4928103625eb,chrc11,csrc11@display=sequential
chrc08,chrc08,05942f22-02a8-4b21-a462-aca7c9d5c551,chrc11,csrc11@display=sequential
chrc11,chrc11,4458597e-489f-4665-bcbf-9197d0b1b47d,chrc08,csrc11@display=sequential
chrc11,chrc08,e2d4c222-36f6-4569-87c8-d78cdc2588f3,chrc11,csrc11@display=sequential
chrc11,chrc11,88fd02c5-402c-4421-b7ec-555b9efbe077,chrc08,csrc11@display=sequential
chrc11,chrc11,2be68ad6-657e-4ffe-b18b-9bca4e91fd1a,chrc08,csrc11@display=sequential
,chrc11,438e8653-e2e4-4d7e-b701-1cd1aff05f82,chrc08,csrc11@display=sequential
chrc08,chrc08,232fe1a0-97fb-4560-816a-d80445fda792,chrc11,csrc11@display=sequential
hrc08,hrc08,88fd02c5-402c-4421-b7ec-555b9efbe077,hrc10,src09@display=sequential
hrc08,hrc08,23314143-2b04-4e79-8a25-a9a2efd14f19,hrc10,src09@display=sequential
hrc08,hrc08,7eec4eb4-02fe-46aa-b975-28d23474037f,hrc10,src09@display=sequential
hrc08,hrc08,c62ff2ad-45a7-4f3e-acce-030576899b17,hrc10,src09@display=sequential
hrc08,hrc08,6b3e1fe5-2144-4a32-9c96-22e81b465526,hrc10,src09@display=sequential
hrc08,hrc10,5386aada-2e84-4b87-920b-147898ce357b,hrc08,src09@display=sequential
hrc08,hrc08,085d2fd6-2fec-4af4-a870-d2963b430267,hrc10,src09@display=sequential
,hrc08,819d099f-3867-4dc9-9654-7215ae56bc6b,hrc10,src09@display=sequential
hrc08,hrc08,dc52d562-4f4a-4a51-b429-caf6addea1be,hrc10,src09@display=sequential
hrc08,hrc10,c6346704-bff8-407a-af84-b379478d3cd2,hrc08,src09@display=sequential
,hrc17,c7393313-6dbc-4da9-9dd7-d677cd4aa45b,hrc12,src06@display=sequential
hrc17,hrc17,eadb6c2b-306e-44cc-aff9-fcde6aa2a7d8,hrc12,src06@display=sequential
hrc17,hrc17,1d214d6a-4f35-4b88-9fc8-42416a834b24,hrc12,src06@display=sequential
hrc12,hrc12,bf5f4b87-d05a-440d-9431-6620c1795e60,hrc17,src06@display=sequential
,hrc17,6ab68eee-6d2b-46e8-b03a-b267fb0eac35,hrc12,src06@display=sequential
hrc12,hrc12,a89ffe10-715d-49e0-9bd3-fc0664ef817e,hrc17,src06@display=sequential
hrc12,hrc17,31d876be-00c7-4aff-98d2-67a95f368125,hrc12,src06@display=sequential
hrc12,hrc17,3f6f7d1f-5885-4133-a799-55fe9e5a3cd2,hrc12,src06@display=sequential
hrc12,hrc17,1c06f64f-65bb-40e2-9a85-3330f967aefd,hrc12,src06@display=sequential
,hrc17,fd313eca-0eb1-4b39-bd08-b5329f2c5e61,hrc12,src06@display=sequential
hrc08,original,afb5f403-21d5-4d09-b92f-6d95cee2fde2,hrc08,src07@display=sequential
original,hrc08,17af3b7f-f3da-4ae2-be50-11325270770f,original,src07@display=sequential
original,hrc08,15ec9909-579a-4944-b785-eeb1176c8f46,original,src07@display=sequential
original,hrc08,6860cb23-2a8c-4ee4-b4d9-dea0712b15fb,original,src07@display=sequential
original,original,bf5f4b87-d05a-440d-9431-6620c1795e60,hrc08,src07@display=sequential
original,original,6ab68eee-6d2b-46e8-b03a-b267fb0eac35,hrc08,src07@display=sequential
original,hrc08,b0639bf6-4570-49a6-b010-85440f842c50,original,src07@display=sequential
original,hrc08,651b3bb1-0c2e-4a58-a8ff-c03001964285,original,src07@display=sequential
original,original,3266e1c9-08ee-4211-9f34-1170e2ecb043,hrc08,src07@display=sequential
original,hrc08,0282e284-6075-4272-8e47-0514da6c0239,original,src07@display=sequential
hrc04,hrc19,afb5f403-21d5-4d09-b92f-6d95cee2fde2,hrc04,src08@display=sequential
hrc04,hrc04,917a52c4-6014-43e2-8f2f-185321b5e7d2,hrc19,src08@display=sequential
,hrc04,72c660f3-a268-4edb-9599-b17c96af9ec7,hrc19,src08@display=sequential
hrc04,hrc04,4b2bb8bc-bbe6-432b-bd1f-da59f6ae9222,hrc19,src08@display=sequential
hrc04,hrc04,6d66f594-4737-4487-b592-d48f77080be2,hrc19,src08@display=sequential
hrc04,hrc19,4cd37b8a-abc7-4359-a9e7-c17bee48ee62,hrc04,src08@display=sequential
hrc04,hrc04,33e83277-87c9-40aa-9ef4-04f73519dc05,hrc19,src08@display=sequential
,hrc19,b1be1c63-dc1e-454a-9783-8aac04ad515d,hrc04,src08@display=sequential
hrc04,hrc19,69f0d010-abd8-4344-9f51-d04c4a5ddfe7,hrc04,src08@display=sequential
hrc04,hrc04,2d88bf11-2afb-4e46-aea9-b4aa2d240f8c,hrc19,src08@display=sequential
hrc09,hrc09,afb5f403-21d5-4d09-b92f-6d95cee2fde2,hrc10,src09@display=sequential
hrc09,hrc10,fd3488d8-d8cc-4644-89d8-89d67f214ab0,hrc09,src09@display=sequential
hrc09,hrc10,22074075-da3a-4a59-a374-cfaa2d150fbb,hrc09,src09@display=sequential
hrc09,hrc10,08d2aa18-36e2-4d06-b1b8-78ab06e9c8a4,hrc09,src09@display=sequential
hrc09,hrc09,79fb1864-fb13-4926-a967-5398013e9d21,hrc10,src09@display=sequential
hrc09,hrc10,09224b6b-5b76-4dc9-9945-1e90c3cf11e3,hrc09,src09@display=sequential
hrc09,hrc09,d7ccb7af-590f-4f88-bbdb-cb8e68e72518,hrc10,src09@display=sequential
hrc09,hrc10,9a7623a5-6e59-4ac2-82aa-7d649f48d3f8,hrc09,src09@display=sequential
hrc09,hrc09,77d2ccfb-ea78-4f68-bea0-064eb802d8b9,hrc10,src09@display=sequential
hrc09,hrc09,8ae60f0f-bc2f-4e37-9772-cbd58a5734ca,hrc10,src09@display=sequential
hrc04,hrc18,4458597e-489f-4665-bcbf-9197d0b1b47d,hrc04,src02@display=sequential
hrc04,hrc18,f3b6f948-ae20-480b-b2e8-052f53a70678,hrc04,src02@display=sequential
hrc04,hrc04,aff72792-47ad-419e-9732-8b02aa415e28,hrc18,src02@display=sequential
hrc04,hrc04,086fa07b-23fc-412b-8ce3-a01afdd6db7f,hrc18,src02@display=sequential
hrc04,hrc18,ed6794a4-ad11-45aa-a760-07c44352d392,hrc04,src02@display=sequential
hrc04,hrc18,8a46bc78-31c5-412e-82cb-6ace35e90b6b,hrc04,src02@display=sequential
hrc04,hrc04,b65c2531-4fd5-4f51-9a89-79645ecc449a,hrc18,src02@display=sequential
hrc04,hrc04,6a5c53fc-4f8c-4abf-97c1-466f1f6c1023,hrc18,src02@display=sequential
hrc04,hrc18,42299818-23d6-4c44-822c-dcdd91f26d60,hrc04,src02@display=sequential
hrc04,hrc18,215a949e-c7d9-4a47-9700-b26141e218c8,hrc04,src02@display=sequential
hrc07,hrc13,6afbcd4e-754d-4cb0-b039-3ad6afbf633b,hrc07,src08@display=sequential
hrc07,hrc13,f0a76645-e0ea-4afb-a6f5-ea3bf3c94671,hrc07,src08@display=sequential
hrc07,hrc07,f8fc5b01-7f46-4d90-92c3-e58de4c1b086,hrc13,src08@display=sequential
hrc07,hrc07,0c330943-51a6-42cd-bb7a-12e199b3cb90,hrc13,src08@display=sequential
hrc07,hrc07,2815e5fa-b68b-48d8-accb-0c3f76be3c48,hrc13,src08@display=sequential
hrc07,hrc13,39106def-10dc-4a00-97d4-3f8ec15e1f8e,hrc07,src08@display=sequential
hrc07,hrc13,0b29fc48-e1cd-4bcc-9dfe-589cbd42ce95,hrc07,src08@display=sequential
hrc07,hrc13,a289f0fe-8e3d-48c8-b3d3-d09b6d17b9f8,hrc07,src08@display=sequential
hrc07,hrc07,2f199ff5-e6d7-4e86-b684-1c3b552baa9b,hrc13,src08@display=sequential
hrc13,hrc07,86b0a474-8f1a-4b98-894e-c0ce21f94dce,hrc13,src08@display=sequential
chrc05,chrc05,84ca7dac-b83d-46e1-8a3f-6934889b29fd,chrc01,csrc14@display=sequential
chrc05,chrc05,27e50f3e-f48d-493d-ac1e-736d639503f8,chrc01,csrc14@display=sequential
chrc05,chrc01,67ca9cde-86c8-4ddb-890a-128b94e38020,chrc05,csrc14@display=sequential
chrc05,chrc01,b4e1fa11-f8c7-4c37-91e5-ab34c817ae12,chrc05,csrc14@display=sequential
chrc05,chrc05,4f51ccc9-748a-455c-a276-65a0686f7ad8,chrc01,csrc14@display=sequential
chrc05,chrc05,38f44379-14d3-428f-9b62-0912929e8b78,chrc01,csrc14@display=sequential
chrc05,chrc05,5f6b09f1-b26d-4374-83d3-458e20cb9ab5,chrc01,csrc14@display=sequential
chrc05,chrc01,bec08049-04b7-4efb-b381-ac88d95a053d,chrc05,csrc14@display=sequential
chrc05,chrc05,52e41e38-4c61-40bc-bb28-cafdfe4bcb7f,chrc01,csrc14@display=sequential
chrc05,chrc01,5740ef69-a9fb-42c2-b986-66e60752eb0f,chrc05,csrc14@display=sequential
hrc02,hrc02,2e65f225-cf41-430f-ae14-779a3b02a411,hrc12,src08@display=sequential
hrc02,hrc12,380f614f-b98d-4a9b-bb43-75930185afa8,hrc02,src08@display=sequential
,hrc02,c8323faf-2696-4adb-8e2c-59d12c8a518f,hrc12,src08@display=sequential
hrc12,hrc02,ec8fe5d2-66e6-446e-82d7-78a2c7f7243a,hrc12,src08@display=sequential
hrc12,hrc02,4d913085-d3c6-4c34-9d18-eef3239c47cf,hrc12,src08@display=sequential
hrc02,hrc12,87becdf0-b143-4d89-af46-118582383619,hrc02,src08@display=sequential
hrc02,hrc02,3d4eb426-7d44-4ffa-8891-386b62fe3760,hrc12,src08@display=sequential
,hrc02,051f4c64-8631-42c6-85f8-d7168adf4874,hrc12,src08@display=sequential
,hrc02,393f17cf-39ac-43fc-8555-4164fc3d866b,hrc12,src08@display=sequential
hrc02,hrc02,f4e3ae9d-eacf-4aa7-8112-8fd261fe5350,hrc12,src08@display=sequential
hrc20,hrc21,2e65f225-cf41-430f-ae14-779a3b02a411,hrc20,src07@display=sequential
hrc20,hrc21,f2e8c7d8-a560-4d86-95c1-9a382b47082e,hrc20,src07@display=sequential
,hrc21,f006a370-cff3-4e73-a6dc-4bded3fe0f75,hrc20,src07@display=sequential
,hrc21,909ad99b-fa8b-4cfd-b7e7-e4df1f5f24b9,hrc20,src07@display=sequential
hrc21,hrc20,2079d5ff-c609-4f44-9674-c79839f7f3d1,hrc21,src07@display=sequential
hrc21,hrc20,61d2eaea-5d9d-432f-9d2b-228e869edc47,hrc21,src07@display=sequential
hrc20,hrc20,2815e5fa-b68b-48d8-accb-0c3f76be3c48,hrc21,src07@display=sequential
hrc21,hrc20,8b0638be-1f8e-4353-bfc3-9e38c96115eb,hrc21,src07@display=sequential
hrc21,hrc21,5682da16-b011-4915-aa49-e3e1d3037386,hrc20,src07@display=sequential
hrc20,hrc21,7e7a3e3d-6238-4765-b6a4-3babc94d94ec,hrc20,src07@display=sequential
hrc20,hrc20,417eaad3-9ff2-4d1a-a693-5ae803839281,hrc08,src09@display=sequential
hrc20,hrc20,5081c565-b48b-48ae-a702-a224554798b4,hrc08,src09@display=sequential
hrc08,hrc08,aec7ed14-ebe5-4a27-971e-812aa92084ca,hrc20,src09@display=sequential
hrc08,hrc20,fdb19be6-2ae6-4d67-88e5-7730eec07397,hrc08,src09@display=sequential
hrc08,hrc08,bf5f4b87-d05a-440d-9431-6620c1795e60,hrc20,src09@display=sequential
hrc08,hrc08,44a3e5d7-0f82-40c1-aff8-95ba8afcb6ad,hrc20,src09@display=sequential
hrc20,hrc20,5018c844-da80-412a-8af7-3d05af5fdef8,hrc08,src09@display=sequential
hrc20,hrc20,b67bb1dd-dd7b-4f65-ae08-2eddf15f23f2,hrc08,src09@display=sequential
hrc20,hrc20,55682f9e-b267-4d99-8302-c1aa8186aa39,hrc08,src09@display=sequential
hrc08,hrc08,ebbf9667-0a89-4ecf-ad92-4b6fd6d9112c,hrc20,src09@display=sequential
original,original,1c222557-129c-413d-b05a-5e68afeca1fd,hrc10,src01@display=sequential
original,original,3d7aafda-1c1e-45bc-9428-96ed6bdab751,hrc10,src01@display=sequential
original,hrc10,b0639bf6-4570-49a6-b010-85440f842c50,original,src01@display=sequential
original,hrc10,1351a736-f69a-4aea-8bae-fbd4e5704cde,original,src01@display=sequential
original,original,4a563c82-9cb0-45fa-b0d9-acdbe3db8b47,hrc10,src01@display=sequential
original,hrc10,1175b846-a79d-4505-bf4c-b367e1f83ba6,original,src01@display=sequential
original,original,9b0894f0-d5c2-4689-8d27-d68124f2a85a,hrc10,src01@display=sequential
original,hrc10,38b31f9d-3706-4054-8720-2f012548436f,original,src01@display=sequential
original,original,b7265973-03c7-49cf-9175-acfed74ae1c7,hrc10,src01@display=sequential
original,original,3b98f084-15aa-4f10-bb56-097bd5a7cfad,hrc10,src01@display=sequential
original,hrc10,3c6f9f56-45a3-4dd7-a38e-a5e2ecda05d4,original,src05@display=sequential
original,hrc10,5359c039-f974-44eb-8bf2-a15031e7dabe,original,src05@display=sequential
original,original,b33d0fef-ee87-4da3-bdcd-51f6b905229a,hrc10,src05@display=sequential
hrc10,original,3fa51d84-1a9d-4cf7-8204-2ab2685cd7be,hrc10,src05@display=sequential
original,original,0da493d0-ea80-4d70-ba9e-e3f5ff77d39f,hrc10,src05@display=sequential
original,original,3f4c851c-d791-4ae1-a409-b15ebc7602e2,hrc10,src05@display=sequential
,hrc10,c199f722-c139-4861-9744-4560a943312a,original,src05@display=sequential
,original,62c65a02-fe11-4b7d-8a9f-f81de50ebaa3,hrc10,src05@display=sequential
original,original,1c06f64f-65bb-40e2-9a85-3330f967aefd,hrc10,src05@display=sequential
original,original,6d49b4f9-c138-4a5f-89f6-c7f16201e76c,hrc10,src05@display=sequential
hrc07,hrc07,40a7c6a1-6d4e-405c-830b-288315717027,hrc13,src05@display=sequential
hrc07,hrc13,9ba77784-a25d-4dc4-a969-95c4699b5d77,hrc07,src05@display=sequential
hrc07,hrc07,b2e4fd69-e297-428c-80bb-8e4c322696ae,hrc13,src05@display=sequential
,hrc13,a0cd7044-db98-415c-b38f-2a75f18fdcbc,hrc07,src05@display=sequential
hrc07,hrc07,2079d5ff-c609-4f44-9674-c79839f7f3d1,hrc13,src05@display=sequential
hrc07,hrc13,02dc2aa5-1d89-4c14-8abf-91739c14bb95,hrc07,src05@display=sequential
hrc07,hrc13,c0841986-a23a-42a0-a152-ce477545bdd0,hrc07,src05@display=sequential
hrc07,hrc13,0b68809c-f3bf-441e-865d-8c067237226e,hrc07,src05@display=sequential
hrc07,hrc07,651b3bb1-0c2e-4a58-a8ff-c03001964285,hrc13,src05@display=sequential
hrc13,hrc13,c71727c6-7153-435c-987a-c909d1f6afb3,hrc07,src05@display=sequential
,hrc12,0b68809c-f3bf-441e-865d-8c067237226e,hrc21,src09@display=sequential
hrc21,hrc12,3b98f084-15aa-4f10-bb56-097bd5a7cfad,hrc21,src09@display=sequential
hrc21,hrc12,99f86dbc-c997-48dd-a808-f815dab7c068,hrc21,src09@display=sequential
,hrc21,31811b90-af18-4758-9253-b38578b9ed62,hrc12,src09@display=sequential
hrc12,hrc12,acf2878b-e5bd-4ec7-8b6b-26b383998f44,hrc21,src09@display=sequential
hrc21,hrc12,ac1c5396-5489-4c1c-840b-77df5a401eab,hrc21,src09@display=sequential
hrc21,hrc12,84ca7dac-b83d-46e1-8a3f-6934889b29fd,hrc21,src09@display=sequential
,hrc12,fb3aa600-7dad-4017-b757-92ee188220dc,hrc21,src09@display=sequential
,hrc12,20a43bd8-ead5-4927-b832-78b755186bcd,hrc21,src09@display=sequential
,hrc12,d0af8c35-bbb4-4ea1-a7bc-327a4b1da556,hrc21,src09@display=sequential
,hrc02,0b68809c-f3bf-441e-865d-8c067237226e,hrc04,src02@display=sequential
,hrc04,78ad58b6-fe7d-4b2c-9f23-b91de2567065,hrc02,src02@display=sequential
hrc02,hrc02,974a075a-e55c-4415-807d-4e07735b6e1d,hrc04,src02@display=sequential
,hrc02,9be2aa59-4968-4b1b-8ba3-90356da3c013,hrc04,src02@display=sequential
hrc04,hrc04,558436ff-83db-46b3-951b-08ea96ddeceb,hrc02,src02@display=sequential
,hrc02,e6fc1745-e793-4db0-a5ca-9fe262db0dcb,hrc04,src02@display=sequential
,hrc04,53466a3c-2c62-4717-b913-22fec5e4d2d9,hrc02,src02@display=sequential
hrc04,hrc04,eadefcd2-3e7b-4db5-a25d-9ebfe5da399e,hrc02,src02@display=sequential
hrc02,hrc02,b0d86c37-1389-480f-862e-828f0e6376a5,hrc04,src02@display=sequential
hrc02,hrc04,f6dcbb2a-6b4d-4e46-99b1-4179f4898cd0,hrc02,src02@display=sequential
hrc07,hrc07,9ba77784-a25d-4dc4-a969-95c4699b5d77,hrc08,src04@display=sequential
hrc07,hrc07,702fb032-4e58-4351-a7b9-4d973e83ab6e,hrc08,src04@display=sequential
hrc07,hrc08,74d70012-3006-4be8-92f9-a6511f1400f5,hrc07,src04@display=sequential
hrc07,hrc08,d7b86eaa-b11f-4bf4-ba01-62352ea7ae97,hrc07,src04@display=sequential
hrc07,hrc08,1192c78f-0781-43ea-8c31-4352aa897a64,hrc07,src04@display=sequential
hrc07,hrc08,e6117117-5dce-465d-9049-31c50c6c61b0,hrc07,src04@display=sequential
hrc07,hrc08,1d214d6a-4f35-4b88-9fc8-42416a834b24,hrc07,src04@display=sequential
hrc07,hrc07,7317c3fb-8b5c-4be7-bd0a-363cd0010fb0,hrc08,src04@display=sequential
hrc07,hrc07,c71727c6-7153-435c-987a-c909d1f6afb3,hrc08,src04@display=sequential
hrc07,hrc08,0e041457-20d5-4bd4-b6ad-bb8eef3e9ad3,hrc07,src04@display=sequential
hrc17,hrc17,f29f68bb-6a96-4f0e-b690-847842a9a16d,hrc21,src03@display=sequential
hrc21,hrc21,a59ec670-7ba7-4f2a-9b13-85d278c73590,hrc17,src03@display=sequential
hrc21,hrc17,adc32989-072a-4555-a6e0-77db79cde686,hrc21,src03@display=sequential
hrc21,hrc21,f9017240-e499-42f6-85ae-673f751f0c38,hrc17,src03@display=sequential
hrc21,hrc21,e44dbcab-120c-411c-b746-5ce312213b75,hrc17,src03@display=sequential
hrc21,hrc21,f12b829d-b55b-4c7c-830a-48c568c8601d,hrc17,src03@display=sequential
hrc21,hrc17,93c57369-8b2e-4e2c-a35b-74535dfc3434,hrc21,src03@display=sequential
hrc21,hrc21,eb2c7c91-0b6c-44d7-bb58-ab8e88ed8d52,hrc17,src03@display=sequential
hrc21,hrc17,8ca53498-0bb4-4db3-a610-fdc0cfa8e85a,hrc21,src03@display=sequential
hrc21,hrc17,20a43bd8-ead5-4927-b832-78b755186bcd,hrc21,src03@display=sequential
,original,f29f68bb-6a96-4f0e-b690-847842a9a16d,hrc21,src09@display=sequential
original,hrc21,09daca37-4e80-4e78-810e-b250cd7c2f69,original,src09@display=sequential
original,hrc21,45e1e015-506b-4217-a64f-4f2b2d502cda,original,src09@display=sequential
hrc21,hrc21,b095e845-0f71-4a09-8f0e-77b302587a01,original,src09@display=sequential
original,hrc21,2231f9ee-7322-4c18-afd8-0297a5523148,original,src09@display=sequential
original,hrc21,1d104d10-ddaf-4815-9bae-c68e13790087,original,src09@display=sequential
original,hrc21,7e119710-3485-4cd1-b324-8038bbd18930,original,src09@display=sequential
original,hrc21,37d9329c-b27d-4e17-9128-3c5b2f9003e1,original,src09@display=sequential
hrc21,hrc21,6eb5a5d1-481b-4555-aa32-c0790e9e2589,original,src09@display=sequential
original,hrc21,6f8a5c6a-feb4-476a-beb2-43405347d14b,original,src09@display=sequential
hrc02,hrc18,1175b846-a79d-4505-bf4c-b367e1f83ba6,hrc02,src02@display=sequential
hrc02,hrc02,0e041457-20d5-4bd4-b6ad-bb8eef3e9ad3,hrc18,src02@display=sequential
hrc02,hrc18,0577b759-dc16-4e43-be93-2041e7934891,hrc02,src02@display=sequential
hrc02,hrc18,7cbdd433-0c91-4d60-ab7b-f1261aaa8fbd,hrc02,src02@display=sequential
hrc02,hrc02,02fd1a52-0f17-45c3-8185-fdbf6906e984,hrc18,src02@display=sequential
hrc02,hrc02,23cdd1ed-fe00-4deb-8ca7-db975f43a835,hrc18,src02@display=sequential
hrc02,hrc02,98ce71da-42b5-40dc-ba86-68f8b2f86e1f,hrc18,src02@display=sequential
hrc02,hrc18,2cf04c1d-69ed-4a9f-9296-26dd3abf56ce,hrc02,src02@display=sequential
hrc02,hrc02,8760b604-bde2-4d2a-8da9-0492b050506c,hrc18,src02@display=sequential
hrc02,hrc18,84327ee8-7e8c-4049-886f-05323cf7bbc3,hrc02,src02@display=sequential
,hrc08,1175b846-a79d-4505-bf4c-b367e1f83ba6,hrc02,src06@display=sequential
hrc08,hrc02,380f614f-b98d-4a9b-bb43-75930185afa8,hrc08,src06@display=sequential
,hrc02,a4774df5-8eae-465d-8180-c488cf6e72ef,hrc08,src06@display=sequential
hrc02,hrc08,0e786423-5320-4062-b1c3-029db412234e,hrc02,src06@display=sequential
hrc02,hrc08,45421f6a-1b14-4ed1-b5d8-8dacebed8b88,hrc02,src06@display=sequential
hrc08,hrc02,74baf96c-84eb-4b58-8ed9-1bbe2c73d85a,hrc08,src06@display=sequential
hrc08,hrc08,b591d7b2-ac40-4444-b6c7-d86eb5d52ea7,hrc02,src06@display=sequential
,hrc02,a1d1d1a3-ca05-441a-a182-190990e89d09,hrc08,src06@display=sequential
hrc08,hrc08,739e1d34-ccab-4d66-b5cb-3271ed097ccd,hrc02,src06@display=sequential
,hrc08,dd48a3e8-a67f-41e1-b59d-9ee155000e80,hrc02,src06@display=sequential
hrc09,hrc16,695ca2bf-b8e3-4615-9f1b-6014e2db4ee5,hrc09,src05@display=sequential
hrc09,hrc16,26871ee6-07b2-4725-9d6b-d10cd6d6e8c8,hrc09,src05@display=sequential
hrc09,hrc09,12d98a34-47f5-4779-b4d0-c7e35539b9cb,hrc16,src05@display=sequential
hrc09,hrc09,e8b75641-dc07-4974-9c94-cd85ade313d5,hrc16,src05@display=sequential
hrc09,hrc09,70e23cfe-1b20-48b2-82a9-db37279d0932,hrc16,src05@display=sequential
hrc09,hrc16,b7265973-03c7-49cf-9175-acfed74ae1c7,hrc09,src05@display=sequential
hrc16,hrc16,62657dbc-0939-45fd-b9d0-0c9a3b27d669,hrc09,src05@display=sequential
hrc09,hrc09,1c222557-129c-413d-b05a-5e68afeca1fd,hrc16,src05@display=sequential
hrc09,hrc16,38b31f9d-3706-4054-8720-2f012548436f,hrc09,src05@display=sequential
hrc09,hrc09,a9776e74-c474-4e53-b6ce-96a8d66fa6a2,hrc16,src05@display=sequential
hrc18,hrc13,380f614f-b98d-4a9b-bb43-75930185afa8,hrc18,src07@display=sequential
hrc18,hrc18,9ad10c3e-1a1c-47c3-99bb-3662130048fd,hrc13,src07@display=sequential
hrc18,hrc13,adc32989-072a-4555-a6e0-77db79cde686,hrc18,src07@display=sequential
hrc18,hrc18,781e5bd3-5a30-4643-8e93-d43670ab3790,hrc13,src07@display=sequential
hrc18,hrc18,58610daf-4074-4fec-bc1c-4770879d61c8,hrc13,src07@display=sequential
hrc18,hrc13,25110c9c-f0d7-4c05-b06a-1e805b4a0692,hrc18,src07@display=sequential
,hrc13,8f5ce5d7-602e-4a26-b3ba-4beeab07c0a8,hrc18,src07@display=sequential
hrc18,hrc13,b2e4fd69-e297-428c-80bb-8e4c322696ae,hrc18,src07@display=sequential
hrc18,hrc13,04e95b2d-3ea9-40f2-b0b2-68e0877d4e5d,hrc18,src07@display=sequential
hrc18,hrc18,2d6e96ab-1cc9-4a46-8bba-341f2f33237d,hrc13,src07@display=sequential
hrc20,hrc10,38b31f9d-3706-4054-8720-2f012548436f,hrc20,src04@display=sequential
hrc20,hrc10,8a46bc78-31c5-412e-82cb-6ace35e90b6b,hrc20,src04@display=sequential
hrc20,hrc10,1ade687b-5aca-4370-9311-b6f72528a473,hrc20,src04@display=sequential
hrc20,hrc20,09de16c3-f8ac-42c9-bd83-0b8cebd57647,hrc10,src04@display=sequential
hrc20,hrc10,66b92e37-0b75-4aba-990d-ca47cf686540,hrc20,src04@display=sequential
hrc20,hrc20,66eade00-16e6-485e-9a5d-2e92b67367b8,hrc10,src04@display=sequential
hrc10,hrc10,f265067e-4156-41bf-a356-5489e7eb5f56,hrc20,src04@display=sequential
hrc20,hrc10,67ae0f79-04ba-4a89-867a-2b136e9aca56,hrc20,src04@display=sequential
hrc20,hrc20,48a9efad-0b20-49da-b47d-ae93af5ce867,hrc10,src04@display=sequential
hrc20,hrc20,9baf0479-ee75-4c1d-a964-9c05587af8b1,hrc10,src04@display=sequential
original,original,38b31f9d-3706-4054-8720-2f012548436f,hrc08,src02@display=sequential
original,original,4eb31704-9ae1-4640-a4bd-e09f46dda911,hrc08,src02@display=sequential
original,original,fcd73472-0774-473f-b76a-fb20acbb403a,hrc08,src02@display=sequential
original,hrc08,8c63c66c-47a3-47f5-b661-de0aa2715e65,original,src02@display=sequential
original,original,9689ec55-8b9a-4a62-9377-9e5e8f39c603,hrc08,src02@display=sequential
original,original,74af2a5c-993c-4783-9d09-ade01b63051f,hrc08,src02@display=sequential
original,original,7ae38b5c-cd98-477d-a069-e103eed457c3,hrc08,src02@display=sequential
original,original,b4170a87-8862-45d0-ae39-a2fa7515fc9d,hrc08,src02@display=sequential
original,original,08f89d86-d913-4fe9-b96e-90342304c107,hrc08,src02@display=sequential
original,hrc08,f1f59d35-72b2-4506-8acc-4f38f587a5f8,original,src02@display=sequential
original,hrc02,38b31f9d-3706-4054-8720-2f012548436f,original,src03@display=sequential
,original,a0cd7044-db98-415c-b38f-2a75f18fdcbc,hrc02,src03@display=sequential
,original,2a143680-f30d-48a1-bea7-5ae7236e6392,hrc02,src03@display=sequential
,hrc02,71504043-233f-4a03-871a-8774e4c83b95,original,src03@display=sequential
hrc02,hrc02,76e7a6ec-c031-4a31-a249-f205679c4482,original,src03@display=sequential
original,original,d2b4d696-aa3f-4f64-842e-b95ddd65449e,hrc02,src03@display=sequential
,hrc02,e94bde4d-255d-47f6-bdbf-d781c9955022,original,src03@display=sequential
,original,7ae38b5c-cd98-477d-a069-e103eed457c3,hrc02,src03@display=sequential
original,hrc02,58728ea0-6590-46a3-a689-df5c9daab943,original,src03@display=sequential
original,hrc02,b30b28f7-3557-4eef-8ebe-423e04fd98e7,original,src03@display=sequential
hrc02,hrc02,38b31f9d-3706-4054-8720-2f012548436f,hrc16,src08@display=sequential
hrc02,hrc16,02dc2aa5-1d89-4c14-8abf-91739c14bb95,hrc02,src08@display=sequential
hrc02,hrc02,1a6df238-534f-41b5-8cb5-5875009d5d21,hrc16,src08@display=sequential
hrc02,hrc16,bdaf75e9-710e-440d-a0da-c8460f2c216f,hrc02,src08@display=sequential
hrc02,hrc02,311f0ee0-925e-4e69-b13e-bffca005694b,hrc16,src08@display=sequential
hrc02,hrc02,c74c4b82-1bc8-4335-a038-4c5055aebe86,hrc16,src08@display=sequential
hrc02,hrc16,17d1397c-63b2-4fba-b4cd-01580d48fa8e,hrc02,src08@display=sequential
hrc02,hrc02,74cc3f67-0c1c-46ee-aa87-d1092bf64bb4,hrc16,src08@display=sequential
hrc02,hrc02,9a7623a5-6e59-4ac2-82aa-7d649f48d3f8,hrc16,src08@display=sequential
hrc02,hrc16,24b6b941-c8a6-46ae-8975-47c98ad64ab2,hrc02,src08@display=sequential
hrc04,hrc13,78ad58b6-fe7d-4b2c-9f23-b91de2567065,hrc04,src07@display=sequential
hrc04,hrc13,1351a736-f69a-4aea-8bae-fbd4e5704cde,hrc04,src07@display=sequential
hrc04,hrc04,f27f301b-6bbb-4542-bf08-11f97dbd22d2,hrc13,src07@display=sequential
hrc04,hrc04,890b0e6e-f299-462d-aeeb-b186f01f6f70,hrc13,src07@display=sequential
hrc04,hrc04,09313056-ebad-4866-92f8-0be6160820e5,hrc13,src07@display=sequential
hrc04,hrc04,78f11d30-8cfb-4880-8a9d-194b1120ef55,hrc13,src07@display=sequential
hrc04,hrc13,f6e9c70a-c31e-4e0c-9454-2796cd957b8f,hrc04,src07@display=sequential
hrc04,hrc13,27178302-0773-447d-b736-e24bec3ac742,hrc04,src07@display=sequential
hrc04,hrc13,50a38519-8060-4b35-97ac-c4b565cbe444,hrc04,src07@display=sequential
hrc04,hrc13,69c3ed9d-d1a6-4b14-a616-fef3656533bc,hrc04,src07@display=sequential
hrc21,hrc21,78ad58b6-fe7d-4b2c-9f23-b91de2567065,hrc18,src09@display=sequential
hrc21,hrc21,d100eafa-1760-436d-bd9f-a9724e3f1ee6,hrc18,src09@display=sequential
hrc21,hrc18,91c69418-ca88-47fa-9045-520cb13e2506,hrc21,src09@display=sequential
hrc21,hrc18,de673751-ad54-476d-9e45-5e82a3cea63d,hrc21,src09@display=sequential
hrc21,hrc18,474c10a2-5941-4abe-8277-46ce02332ba7,hrc21,src09@display=sequential
hrc21,hrc21,a79432a2-63c0-4c12-9522-c8c10548b5fc,hrc18,src09@display=sequential
hrc21,hrc18,3a25c1af-1c65-4d09-a99f-d8dcf43ebb15,hrc21,src09@display=sequential
hrc21,hrc21,72e7431d-e9dc-43b5-9e38-6d3780f298ea,hrc18,src09@display=sequential
hrc21,hrc21,a91842fe-969f-4065-af6f-8664becf98fe,hrc18,src09@display=sequential
hrc21,hrc21,92618dab-00d8-4abd-ac31-f37ac2df1d55,hrc18,src09@display=sequential
,hrc21,78ad58b6-fe7d-4b2c-9f23-b91de2567065,hrc08,src06@display=sequential
,hrc21,b7265973-03c7-49cf-9175-acfed74ae1c7,hrc08,src06@display=sequential
hrc08,hrc08,6fdb4288-40f0-4de1-8396-6bfb23ae11ef,hrc21,src06@display=sequential
hrc21,hrc21,600b636d-749f-407b-8a35-4c651be24036,hrc08,src06@display=sequential
hrc08,hrc21,8aeb1e20-726c-4807-a4b6-069493614cbf,hrc08,src06@display=sequential
hrc21,hrc21,91f25404-e83b-4cbb-b329-8cc995812dd1,hrc08,src06@display=sequential
,hrc08,1211caf9-9b1b-4189-8c44-f768b7ee496c,hrc21,src06@display=sequential
,hrc08,68d1f2b5-3293-45a5-b42e-e9c3da1c116f,hrc21,src06@display=sequential
hrc21,hrc08,b9fce031-c9a8-4792-995b-c255fc3e9f96,hrc21,src06@display=sequential
hrc08,hrc08,39d43d5b-46f8-414f-9020-3222318f84dc,hrc21,src06@display=sequential
hrc07,hrc07,5359c039-f974-44eb-8bf2-a15031e7dabe,hrc10,src01@display=sequential
hrc07,hrc10,fbac4b1d-155c-4d3e-8c84-e98425883f47,hrc07,src01@display=sequential
hrc07,hrc10,705f7799-2d34-4d2e-b583-c65f61f6aa45,hrc07,src01@display=sequential
hrc07,hrc07,38d87ed8-3766-4fd4-bf18-746702872360,hrc10,src01@display=sequential
hrc07,hrc07,2815e5fa-b68b-48d8-accb-0c3f76be3c48,hrc10,src01@display=sequential
hrc07,hrc07,71a24918-51dc-498e-a290-b05897aeb40e,hrc10,src01@display=sequential
hrc07,hrc10,05bbbdbc-3637-4492-9d38-a5af08b94693,hrc07,src01@display=sequential
hrc07,hrc10,ad4a8214-8f58-4022-b373-a21582fdc842,hrc07,src01@display=sequential
hrc07,hrc07,4d46e51f-dff6-46d4-9b9a-70501b6b053b,hrc10,src01@display=sequential
hrc07,hrc10,239be723-f6dc-4053-ac79-4f57603fd382,hrc07,src01@display=sequential
hrc02,hrc20,a59ec670-7ba7-4f2a-9b13-85d278c73590,hrc02,src09@display=sequential
hrc02,hrc20,ad107398-33a4-4479-86ee-10181456c5b9,hrc02,src09@display=sequential
hrc20,hrc02,b7e97777-2add-42f9-95bf-19529261ff45,hrc20,src09@display=sequential
,hrc02,1c222557-129c-413d-b05a-5e68afeca1fd,hrc20,src09@display=sequential
hrc02,hrc20,e3910452-c747-4618-b718-e301ef9b69c9,hrc02,src09@display=sequential
hrc02,hrc20,8bf8e043-0dfe-4d04-bed8-5faea6c6c4c4,hrc02,src09@display=sequential
hrc20,hrc02,086d0330-b9c6-4f82-a316-35e94ab7a6a7,hrc20,src09@display=sequential
hrc20,hrc20,f0449a2c-9fa2-49ec-9d76-27a7a5be2351,hrc02,src09@display=sequential
hrc02,hrc20,10b76fc5-63d7-4546-af40-d353ff7c2bac,hrc02,src09@display=sequential
,hrc02,3346d8dd-79a1-4cc2-96f1-d21cc148070a,hrc20,src09@display=sequential
hrc12,hrc13,d100eafa-1760-436d-bd9f-a9724e3f1ee6,hrc12,src06@display=sequential
hrc12,hrc13,63f7f7f4-368f-486f-8fef-7458e62a7909,hrc12,src06@display=sequential
hrc12,hrc12,9b0894f0-d5c2-4689-8d27-d68124f2a85a,hrc13,src06@display=sequential
hrc12,hrc12,fbb9f043-7950-41ce-817f-27e38dcf2bfb,hrc13,src06@display=sequential
hrc12,hrc13,628344eb-f0b3-4307-bba4-fd09f7dcc56b,hrc12,src06@display=sequential
hrc12,hrc12,901525db-f558-48a2-931c-a9de0c60f77f,hrc13,src06@display=sequential
hrc12,hrc13,57a1b4cc-208e-4275-9615-daea05998979,hrc12,src06@display=sequential
hrc12,hrc13,5f6b09f1-b26d-4374-83d3-458e20cb9ab5,hrc12,src06@display=sequential
hrc12,hrc13,232fe1a0-97fb-4560-816a-d80445fda792,hrc12,src06@display=sequential
hrc12,hrc13,2d88bf11-2afb-4e46-aea9-b4aa2d240f8c,hrc12,src06@display=sequential
original,hrc16,34be0c29-9f70-4340-abc2-ef86a719199c,original,src04@display=sequential
original,hrc16,d100eafa-1760-436d-bd9f-a9724e3f1ee6,original,src04@display=sequential
original,hrc16,19e7ead1-67fa-4926-8271-f0c799875d36,original,src04@display=sequential
original,original,8d4e5eed-e5d0-458f-bd23-a31748731768,hrc16,src04@display=sequential
original,original,603c65cd-5f34-45be-87e4-a188d93c9c26,hrc16,src04@display=sequential
original,hrc16,a0cd7044-db98-415c-b38f-2a75f18fdcbc,original,src04@display=sequential
original,original,f6e12820-1dde-4cf8-8de7-2dcccc84bffe,hrc16,src04@display=sequential
original,original,f4fa6f10-58c2-4aea-9eff-1a0ec31b5e25,hrc16,src04@display=sequential
original,original,45421f6a-1b14-4ed1-b5d8-8dacebed8b88,hrc16,src04@display=sequential
original,original,9b0894f0-d5c2-4689-8d27-d68124f2a85a,hrc16,src04@display=sequential
original,hrc13,5e5029d9-2e66-43be-bda9-799b3de0d1ee,original,src07@display=sequential
original,original,4eb1d1af-ab6a-441d-99c3-0baadc8799ac,hrc13,src07@display=sequential
original,hrc13,9b12ec4a-fa08-4ab2-b239-ed08073ff262,original,src07@display=sequential
original,original,a65903f2-eb1f-4206-929e-6957d523b32a,hrc13,src07@display=sequential
original,original,77ffe866-607d-40f5-97ad-5a9629b1c95b,hrc13,src07@display=sequential
original,hrc13,855a54a4-c733-4d3c-99f7-7995e608d8f8,original,src07@display=sequential
original,original,d826d53b-0856-4aea-a51b-432806abb1e1,hrc13,src07@display=sequential
original,original,157b2239-271e-41e3-99b6-ed7eca00929c,hrc13,src07@display=sequential
original,hrc13,0a58e305-db28-4bee-9e46-518f3b1d5970,original,src07@display=sequential
original,original,71a24918-51dc-498e-a290-b05897aeb40e,hrc13,src07@display=sequential
hrc20,hrc19,5e5029d9-2e66-43be-bda9-799b3de0d1ee,hrc20,src06@display=sequential
hrc20,hrc20,86d83e24-39aa-4eeb-bc01-1126751d5d70,hrc19,src06@display=sequential
hrc20,hrc20,f48460fd-df6e-46c7-bd50-c8eb06fbeb8e,hrc19,src06@display=sequential
,hrc20,1b17167c-cbf2-48e2-8bf0-51adbb5d57e0,hrc19,src06@display=sequential
hrc20,hrc19,9b12ec4a-fa08-4ab2-b239-ed08073ff262,hrc20,src06@display=sequential
,hrc20,d3c1b863-4286-42ab-b8e7-356051012a58,hrc19,src06@display=sequential
hrc20,hrc19,0f1643f2-3736-40f1-a861-503a0ba59cf8,hrc20,src06@display=sequential
,hrc19,d9de9b07-c463-4078-b164-68c2f997bfce,hrc20,src06@display=sequential
hrc19,hrc20,b1c29b25-331d-4a78-aab8-01d110fd1e92,hrc19,src06@display=sequential
hrc20,hrc19,451ab434-8329-4354-8a93-59493cd3cffa,hrc20,src06@display=sequential
hrc09,hrc19,9ee5a4b0-d417-41e3-9cf1-3729e16ad280,hrc09,src07@display=sequential
hrc09,hrc09,6dd8d337-692a-485b-b57f-6af0f846c35d,hrc19,src07@display=sequential
hrc09,hrc09,1192c78f-0781-43ea-8c31-4352aa897a64,hrc19,src07@display=sequential
,hrc19,1c222557-129c-413d-b05a-5e68afeca1fd,hrc09,src07@display=sequential
hrc09,hrc19,c71727c6-7153-435c-987a-c909d1f6afb3,hrc09,src07@display=sequential
,hrc19,b7265973-03c7-49cf-9175-acfed74ae1c7,hrc09,src07@display=sequential
hrc09,hrc09,6f7e0309-3095-4c2a-a58e-11232cacc3bd,hrc19,src07@display=sequential
hrc09,hrc19,4f6ed91f-c64d-42a0-8454-0bed11504c24,hrc09,src07@display=sequential
hrc09,hrc19,ae4c00ce-4550-481b-a407-ae258ddbd276,hrc09,src07@display=sequential
hrc09,hrc19,3d5aadf7-0358-49ff-b541-71a9103878b1,hrc09,src07@display=sequential
,hrc20,1351a736-f69a-4aea-8bae-fbd4e5704cde,hrc09,src05@display=sequential
hrc09,hrc09,9f415f14-b6f8-4ff3-a032-bc39cc814b73,hrc20,src05@display=sequential
hrc20,hrc20,3e03b6ef-3501-4cab-a64d-2d85a706afe8,hrc09,src05@display=sequential
hrc09,hrc09,8ca2525f-c1cd-4738-8317-eea204eddd29,hrc20,src05@display=sequential
hrc09,hrc09,42aa0e55-7209-46e7-89a1-6d855d35847c,hrc20,src05@display=sequential
hrc20,hrc20,9aa9ce3f-8ff6-4653-96df-427197849f72,hrc09,src05@display=sequential
hrc20,hrc20,a380631e-2ff4-4ec4-882d-f1b84cf9cdc9,hrc09,src05@display=sequential
hrc09,hrc20,cd93290d-ba13-4799-b353-1cd2be21562b,hrc09,src05@display=sequential
hrc20,hrc20,86aa1c54-0c9f-4963-8bac-800d7ac6c0bb,hrc09,src05@display=sequential
hrc20,hrc09,b5be2bf1-6a7d-4c5c-97a6-70da4d407bf6,hrc20,src05@display=sequential
hrc04,hrc04,a9776e74-c474-4e53-b6ce-96a8d66fa6a2,hrc17,src06@display=sequential
hrc04,hrc04,9aa9ce3f-8ff6-4653-96df-427197849f72,hrc17,src06@display=sequential
hrc04,hrc17,630ff0a1-fb06-4ccb-8371-5093b4b80f83,hrc04,src06@display=sequential
hrc04,hrc17,a83953f0-5996-451a-9eaa-44ee8adcc8e8,hrc04,src06@display=sequential
hrc04,hrc04,93596366-ce37-42f6-b977-85e17c6b6323,hrc17,src06@display=sequential
hrc04,hrc04,5386aada-2e84-4b87-920b-147898ce357b,hrc17,src06@display=sequential
hrc04,hrc17,93c57369-8b2e-4e2c-a35b-74535dfc3434,hrc04,src06@display=sequential
hrc04,hrc04,7874da72-8ea1-4e57-abe0-af1f5b35cf3a,hrc17,src06@display=sequential
hrc04,hrc04,fde3321b-a2a7-4c3f-a0fd-4dfc1beeba48,hrc17,src06@display=sequential
hrc04,hrc04,48a9efad-0b20-49da-b47d-ae93af5ce867,hrc17,src06@display=sequential
hrc04,hrc10,a9776e74-c474-4e53-b6ce-96a8d66fa6a2,hrc04,src09@display=sequential
hrc04,hrc04,855a54a4-c733-4d3c-99f7-7995e608d8f8,hrc10,src09@display=sequential
hrc04,hrc04,5f05bf2e-edd6-48ae-83b0-bbad9be59c03,hrc10,src09@display=sequential
hrc04,hrc10,fc6ca1a9-48a6-41d5-b5ca-d7fa40d1a43e,hrc04,src09@display=sequential
hrc04,hrc10,9280e338-65c6-4436-b3ea-a9ea8eda154f,hrc04,src09@display=sequential
hrc04,hrc04,b6306029-365c-41e2-9319-61c0c405c6f4,hrc10,src09@display=sequential
hrc04,hrc04,e58017ee-822e-494a-a864-21cbf433adc2,hrc10,src09@display=sequential
hrc04,hrc10,1e8ecf48-08f8-4994-84af-a25bd4c29c02,hrc04,src09@display=sequential
hrc04,hrc10,0fc10e59-0cf3-4b60-acf5-c2e37e215cad,hrc04,src09@display=sequential
hrc04,hrc04,22dff3a5-9b27-475a-97c3-7edaf366b118,hrc10,src09@display=sequential
hrc08,hrc16,f95ca5ed-5806-41a7-883d-75390a3ca469,hrc08,src01@display=sequential
hrc08,hrc16,35a5e6fa-f38a-4cd9-a1ce-1df5e58a64d5,hrc08,src01@display=sequential
hrc08,hrc16,02dc2aa5-1d89-4c14-8abf-91739c14bb95,hrc08,src01@display=sequential
,hrc08,e6fc1745-e793-4db0-a5ca-9fe262db0dcb,hrc16,src01@display=sequential
hrc08,hrc08,86aa1c54-0c9f-4963-8bac-800d7ac6c0bb,hrc16,src01@display=sequential
hrc08,hrc08,66340852-ed06-4d74-9c1d-9b0abddb1028,hrc16,src01@display=sequential
hrc08,hrc16,84ca7dac-b83d-46e1-8a3f-6934889b29fd,hrc08,src01@display=sequential
hrc08,hrc08,9ee5a4b0-d417-41e3-9cf1-3729e16ad280,hrc16,src01@display=sequential
hrc08,hrc16,1f668c3f-b8ef-42dd-8802-092f59e99fc3,hrc08,src01@display=sequential
hrc08,hrc16,462db8d0-a7b4-42e4-bf77-31dfdd0323a0,hrc08,src01@display=sequential
,hrc12,86aa1c54-0c9f-4963-8bac-800d7ac6c0bb,hrc04,src07@display=sequential
hrc12,hrc12,1b59b26a-5969-49dc-b678-1d6a91bdfa3d,hrc04,src07@display=sequential
hrc04,hrc12,9ba77784-a25d-4dc4-a969-95c4699b5d77,hrc04,src07@display=sequential
,hrc04,f9017240-e499-42f6-85ae-673f751f0c38,hrc12,src07@display=sequential
,hrc04,79fb1864-fb13-4926-a967-5398013e9d21,hrc12,src07@display=sequential
,hrc04,389e65fd-2bf8-42a2-8b81-822ecb5b58e1,hrc12,src07@display=sequential
,hrc12,65e55d30-683c-49bd-9237-f89f1646f134,hrc04,src07@display=sequential
,hrc04,df5575f6-7028-4152-850d-bfdbd7ff0569,hrc12,src07@display=sequential
hrc04,hrc12,5d6db2a1-c7dc-406e-b3db-75a738a9cd46,hrc04,src07@display=sequential
hrc04,hrc04,2d88bf11-2afb-4e46-aea9-b4aa2d240f8c,hrc12,src07@display=sequential
,hrc07,66340852-ed06-4d74-9c1d-9b0abddb1028,hrc04,src04@display=sequential
hrc04,hrc07,77ffe866-607d-40f5-97ad-5a9629b1c95b,hrc04,src04@display=sequential
,hrc04,06334826-d0bc-4981-ba31-12d33cc57c66,hrc07,src04@display=sequential
hrc07,hrc04,226606bc-5276-4f2d-9a2c-b56c14b8bcdf,hrc07,src04@display=sequential
hrc07,hrc04,b3674941-21f6-49d0-a645-e7b0723e17a2,hrc07,src04@display=sequential
,hrc04,603ab446-f84f-4a09-9a90-7409bcc0d3b8,hrc07,src04@display=sequential
hrc07,hrc07,551db687-32a7-4c5c-ad62-3702df23d258,hrc04,src04@display=sequential
hrc07,hrc04,0a613023-d4c7-4410-b039-c972f3cf3e04,hrc07,src04@display=sequential
,hrc07,5081c565-b48b-48ae-a702-a224554798b4,hrc04,src04@display=sequential
hrc04,hrc07,9ee5a4b0-d417-41e3-9cf1-3729e16ad280,hrc04,src04@display=sequential
hrc18,hrc05,f4f2f8e0-a564-424a-91ca-74d1accfde15,hrc18,src03@display=sequential
hrc05,hrc05,17af3b7f-f3da-4ae2-be50-11325270770f,hrc18,src03@display=sequential
hrc18,hrc18,15164851-0f01-4e8d-ae9a-eeed69529ca3,hrc05,src03@display=sequential
hrc18,hrc18,1351a736-f69a-4aea-8bae-fbd4e5704cde,hrc05,src03@display=sequential
hrc18,hrc18,f936dac4-e73d-41d4-b1e6-f9c3189f9fd1,hrc05,src03@display=sequential
hrc18,hrc05,69c3ed9d-d1a6-4b14-a616-fef3656533bc,hrc18,src03@display=sequential
hrc18,hrc05,014dfed2-414d-42a6-97cc-34e25f02feec,hrc18,src03@display=sequential
hrc18,hrc05,3a448cd9-fa6e-4e30-9d17-ab40a67c7980,hrc18,src03@display=sequential
hrc18,hrc18,0bc2ef68-2eec-431d-a903-4e5fb7901115,hrc05,src03@display=sequential
hrc05,hrc18,dc52d562-4f4a-4a51-b429-caf6addea1be,hrc05,src03@display=sequential
hrc09,hrc09,722bc5b0-1968-480d-b0b6-f15b25ae5ec6,original,src02@display=sequential
original,original,17af3b7f-f3da-4ae2-be50-11325270770f,hrc09,src02@display=sequential
hrc09,original,33aa809b-6785-49dc-ae11-5d5af6f61e8e,hrc09,src02@display=sequential
original,hrc09,6a4a2c2c-2e8e-47c8-bf35-4d48dc10350a,original,src02@display=sequential
,hrc09,acf2878b-e5bd-4ec7-8b6b-26b383998f44,original,src02@display=sequential
original,hrc09,12a93fbf-896e-43f7-8958-1af43801cf9f,original,src02@display=sequential
hrc09,original,73f3f458-e953-4612-8841-8bb1c14fd5ec,hrc09,src02@display=sequential
original,original,6e3e236c-b948-4a41-8b52-feb486da487b,hrc09,src02@display=sequential
original,original,a0cd7044-db98-415c-b38f-2a75f18fdcbc,hrc09,src02@display=sequential
,original,855a54a4-c733-4d3c-99f7-7995e608d8f8,hrc09,src02@display=sequential
,hrc20,17af3b7f-f3da-4ae2-be50-11325270770f,hrc09,src04@display=sequential
hrc09,hrc20,0b20d6f6-fcf4-43e4-a46c-1b42be59e085,hrc09,src04@display=sequential
hrc09,hrc09,076c3bf8-1f81-4a6b-a192-b6eebd26686f,hrc20,src04@display=sequential
,hrc09,dbf56af0-d333-49de-9bd3-1b837113335b,hrc20,src04@display=sequential
hrc09,hrc20,12247555-aca9-429f-a207-b97cd9e2cbec,hrc09,src04@display=sequential
hrc09,hrc09,01e8d7b6-3386-43b3-a8e3-f1af4d392224,hrc20,src04@display=sequential
hrc09,hrc20,b8f7524b-817c-41cc-8cf3-2f9e4053b9ac,hrc09,src04@display=sequential
hrc09,hrc20,1d7e8443-fd1d-48b1-9a31-005a653ad28d,hrc09,src04@display=sequential
,hrc09,c99a62dd-b2e6-4d8f-9986-44d28d8c8dc1,hrc20,src04@display=sequential
,hrc20,88da8301-e4b8-4cae-a783-ce505f802cbd,hrc09,src04@display=sequential
hrc02,hrc02,a0cd7044-db98-415c-b38f-2a75f18fdcbc,hrc19,src06@display=sequential
,hrc02,7f66d17f-e0f8-4000-938a-38fdb600fcc2,hrc19,src06@display=sequential
,hrc02,8fb40cfe-fe7b-4b76-ae1e-8415ab06a086,hrc19,src06@display=sequential
,hrc02,5538c60a-3f6f-425a-90d3-4f15c31f6e3f,hrc19,src06@display=sequential
hrc19,hrc02,fa771af9-0334-4430-aa48-6fdf4401ccb8,hrc19,src06@display=sequential
hrc19,hrc02,15db2e4a-2144-4d8c-a36f-2997208a1f4f,hrc19,src06@display=sequential
hrc19,hrc02,f94f6753-69d0-480c-9955-cef718ee907a,hrc19,src06@display=sequential
hrc19,hrc19,d080f3ec-e040-41e2-8e4c-6ff37f951cc8,hrc02,src06@display=sequential
hrc02,hrc19,72ed54fa-f4f0-473b-a829-ac89abe9d3c5,hrc02,src06@display=sequential
hrc19,hrc19,705f7799-2d34-4d2e-b583-c65f61f6aa45,hrc02,src06@display=sequential
hrc19,hrc05,66340852-ed06-4d74-9c1d-9b0abddb1028,hrc19,src06@display=sequential
hrc19,hrc05,7b899b16-b4b6-4694-9c62-eb0d83e287f0,hrc19,src06@display=sequential
hrc19,hrc05,41f6da59-8daa-44e5-b500-a68effe80918,hrc19,src06@display=sequential
hrc19,hrc19,c8323faf-2696-4adb-8e2c-59d12c8a518f,hrc05,src06@display=sequential
hrc19,hrc19,e3860613-8b47-4eb6-9969-c33344cb2a9d,hrc05,src06@display=sequential
hrc19,hrc19,acf2878b-e5bd-4ec7-8b6b-26b383998f44,hrc05,src06@display=sequential
hrc19,hrc19,ae4c00ce-4550-481b-a407-ae258ddbd276,hrc05,src06@display=sequential
hrc19,hrc05,02ec8608-c527-44a4-ba72-94448cdae1ed,hrc19,src06@display=sequential
hrc19,hrc19,1d47d828-0a6c-45f0-9598-2a1b328ea583,hrc05,src06@display=sequential
hrc19,hrc19,6f7e0309-3095-4c2a-a58e-11232cacc3bd,hrc05,src06@display=sequential
original,hrc12,66340852-ed06-4d74-9c1d-9b0abddb1028,original,src05@display=sequential
original,original,1f750243-4a32-4f9f-bbff-778d68c9340e,hrc12,src05@display=sequential
original,original,4490560e-8581-4dfb-9579-fa5b7f095173,hrc12,src05@display=sequential
,hrc12,0fefac0c-a2e6-487f-ad69-a8c37b4efa0a,original,src05@display=sequential
,original,e1d09195-68a7-4a6e-873b-35cb494a81e2,hrc12,src05@display=sequential
,hrc12,7adc7c75-a19e-4472-a3e8-16b402b25ad1,original,src05@display=sequential
,original,34cd2be8-af8a-4643-a087-b771ca29f1a3,hrc12,src05@display=sequential
original,hrc12,2dc294c9-e2ad-4de1-a9d0-cd71bbb77208,original,src05@display=sequential
,hrc12,b243f138-b89c-4c3a-8879-9292987c0c27,original,src05@display=sequential
original,original,f6dcbb2a-6b4d-4e46-99b1-4179f4898cd0,hrc12,src05@display=sequential
,hrc20,66340852-ed06-4d74-9c1d-9b0abddb1028,hrc02,src08@display=sequential
,hrc02,3e4467d1-498d-4384-822e-f70bfdd8962a,hrc20,src08@display=sequential
hrc20,hrc02,c3da5709-2e8a-49da-99c5-900fa16448d3,hrc20,src08@display=sequential
hrc02,hrc02,43c9a29d-c5e0-4287-ad81-886385921f19,hrc20,src08@display=sequential
hrc20,hrc20,34a04ead-7804-4e55-b549-9b91d884c0ad,hrc02,src08@display=sequential
hrc02,hrc02,501d69cf-99ba-43bd-b46b-c32a45b0bec0,hrc20,src08@display=sequential
,hrc02,0f1643f2-3736-40f1-a861-503a0ba59cf8,hrc20,src08@display=sequential
hrc02,hrc20,3f40ceea-2e6d-472c-81ea-76ff6c95e550,hrc02,src08@display=sequential
hrc20,hrc20,e739fe65-9837-4a8e-8058-6a0063fca411,hrc02,src08@display=sequential
hrc02,hrc02,39d43d5b-46f8-414f-9020-3222318f84dc,hrc20,src08@display=sequential
hrc20,hrc05,d78516ec-a6b0-43c0-a455-d7f06cd94f15,hrc20,src08@display=sequential
hrc20,hrc20,dc52d562-4f4a-4a51-b429-caf6addea1be,hrc05,src08@display=sequential
hrc20,hrc05,62df5c8a-e08f-42bf-9636-a410c58e7b85,hrc20,src08@display=sequential
hrc20,hrc05,157b2239-271e-41e3-99b6-ed7eca00929c,hrc20,src08@display=sequential
hrc20,hrc05,7ba3a129-ae12-46de-8820-d5b53c634220,hrc20,src08@display=sequential
hrc20,hrc20,b0d13c9f-0536-4977-b610-8e918acf1da9,hrc05,src08@display=sequential
hrc20,hrc05,1fdc6dc3-b544-4d31-86e1-db0c7e9eeb71,hrc20,src08@display=sequential
hrc20,hrc05,638556dd-6e86-4ae3-9c25-0dd2e60709f1,hrc20,src08@display=sequential
hrc20,hrc20,1cb35fd5-7c42-46a8-9139-15882c5bf85c,hrc05,src08@display=sequential
hrc20,hrc20,e430ba94-49f6-4874-9488-9d43de9fc88f,hrc05,src08@display=sequential
hrc17,hrc05,8809b6cf-50cf-4c1e-8184-379e403aa7c4,hrc17,src06@display=sequential
hrc17,hrc17,b0d13c9f-0536-4977-b610-8e918acf1da9,hrc05,src06@display=sequential
hrc17,hrc05,ca040d77-a3dc-4939-89c0-9f953e9f9515,hrc17,src06@display=sequential
hrc17,hrc05,f0f94ac1-9151-4b66-acb1-542e28570e3e,hrc17,src06@display=sequential
hrc17,hrc17,3dee2c2a-d976-46be-90d7-07d0aa49c753,hrc05,src06@display=sequential
hrc17,hrc05,cfea4206-4dd5-4ab5-a9ee-e12be9395f29,hrc17,src06@display=sequential
hrc17,hrc17,741a8131-74dd-48ea-8966-115510bba4e5,hrc05,src06@display=sequential
hrc17,hrc17,4e7f36e0-2d5f-468a-920c-11bc1cdf8ff4,hrc05,src06@display=sequential
hrc17,hrc05,6505fbd9-0847-4bf1-bc8a-09532291d090,hrc17,src06@display=sequential
hrc17,hrc05,44a3e5d7-0f82-40c1-aff8-95ba8afcb6ad,hrc17,src06@display=sequential
hrc12,hrc17,b0d13c9f-0536-4977-b610-8e918acf1da9,hrc12,src01@display=sequential
hrc12,hrc17,7341608e-8a94-48aa-9aac-53d556ee0c5b,hrc12,src01@display=sequential
hrc12,hrc17,3dee2c2a-d976-46be-90d7-07d0aa49c753,hrc12,src01@display=sequential
hrc12,hrc17,84a655db-ea7f-4628-a0ee-cfac0fa9c28e,hrc12,src01@display=sequential
hrc12,hrc12,fdb19be6-2ae6-4d67-88e5-7730eec07397,hrc17,src01@display=sequential
hrc12,hrc17,a6704ad0-84ef-4e86-8ac5-f592cc525f47,hrc12,src01@display=sequential
hrc12,hrc17,595d6b93-ba8e-4ddf-9a72-50bbd51fd899,hrc12,src01@display=sequential
hrc12,hrc17,0c7cd81d-925c-4743-a2d6-52c210ca2c4d,hrc12,src01@display=sequential
,hrc17,2a7ae114-b740-4a89-8ed5-1a599b046d0a,hrc12,src01@display=sequential
hrc12,hrc17,cb1a089e-69c8-47ac-abc5-fcd819bcb522,hrc12,src01@display=sequential
original,hrc16,cd178ccf-f697-4b60-8cc6-5b0d63a920a1,original,src03@display=sequential
original,original,4739f5c7-b987-4c87-8af7-0a28b32df1b7,hrc16,src03@display=sequential
original,hrc16,3e4467d1-498d-4384-822e-f70bfdd8962a,original,src03@display=sequential
original,original,b0d13c9f-0536-4977-b610-8e918acf1da9,hrc16,src03@display=sequential
original,hrc16,215a949e-c7d9-4a47-9700-b26141e218c8,original,src03@display=sequential
original,hrc16,20f66b79-3f1d-4554-88c5-52523b9a4b27,original,src03@display=sequential
original,original,1f750243-4a32-4f9f-bbff-778d68c9340e,hrc16,src03@display=sequential
original,original,41f6da59-8daa-44e5-b500-a68effe80918,hrc16,src03@display=sequential
original,original,5f9aaee4-8689-4753-9a70-a5d7dac11e95,hrc16,src03@display=sequential
original,original,84592273-be4b-4c0c-9569-ce4a9d8c0128,hrc16,src03@display=sequential
,hrc08,b0d13c9f-0536-4977-b610-8e918acf1da9,hrc20,src07@display=sequential
hrc20,hrc08,d78516ec-a6b0-43c0-a455-d7f06cd94f15,hrc20,src07@display=sequential
hrc20,hrc08,0d3450b3-ca58-4972-9929-41fde9269c36,hrc20,src07@display=sequential
hrc20,hrc20,183e5378-8994-4497-ab39-a4e4efc81fbc,hrc08,src07@display=sequential
hrc20,hrc08,fbb9f043-7950-41ce-817f-27e38dcf2bfb,hrc20,src07@display=sequential
hrc20,hrc08,331844da-5e41-403c-a653-e3e9df4bd77e,hrc20,src07@display=sequential
hrc20,hrc20,eab4dc38-820b-4c1b-a638-2b4a0f93a334,hrc08,src07@display=sequential
hrc20,hrc20,34cd2be8-af8a-4643-a087-b771ca29f1a3,hrc08,src07@display=sequential
,hrc08,bdcc1e7a-95a7-4f0a-89b9-ef03f0ed7261,hrc20,src07@display=sequential
hrc20,hrc08,e2d4c222-36f6-4569-87c8-d78cdc2588f3,hrc20,src07@display=sequential
hrc12,hrc18,d39c9f82-0592-46e7-bfbb-7b637638d43b,hrc12,src01@display=sequential
hrc12,hrc18,11d4d942-e945-4204-be57-396f71f413a0,hrc12,src01@display=sequential
hrc12,hrc18,3990f74e-2af9-40f4-a1ab-1c71da94a744,hrc12,src01@display=sequential
hrc12,hrc12,7cb4c25c-98f3-4c33-a8ef-2f1c44f8dd8a,hrc18,src01@display=sequential
hrc12,hrc12,58a49050-238b-432e-afa5-5ecb7c8183cb,hrc18,src01@display=sequential
hrc12,hrc18,dd5b36e2-1bd9-4001-a709-c16dd679568a,hrc12,src01@display=sequential
hrc12,hrc18,b67161f4-61f3-43a5-b97d-1f8094983f11,hrc12,src01@display=sequential
hrc12,hrc12,9d509489-42a8-469c-8e72-777f35c39870,hrc18,src01@display=sequential
hrc12,hrc12,e14946cd-907b-4bb4-a50f-16353833a3a1,hrc18,src01@display=sequential
hrc12,hrc18,6188c003-558b-403c-a837-9aad0078345c,hrc12,src01@display=sequential
,hrc20,d78516ec-a6b0-43c0-a455-d7f06cd94f15,original,src06@display=sequential
original,hrc20,c3da5709-2e8a-49da-99c5-900fa16448d3,original,src06@display=sequential
hrc20,hrc20,9ba77784-a25d-4dc4-a969-95c4699b5d77,original,src06@display=sequential
original,original,e1c3e5d6-ca2e-41ad-8695-fcff92798414,hrc20,src06@display=sequential
original,original,719b63b7-550b-4eab-be5d-8250b6731a2e,hrc20,src06@display=sequential
original,original,90c69d83-f3c8-4671-a98e-f65b76cbcde7,hrc20,src06@display=sequential
,original,20110c53-5600-4f67-a39a-6d0375743519,hrc20,src06@display=sequential
original,original,1cec815b-399d-4f9d-93d3-0c26f0fc84db,hrc20,src06@display=sequential
,hrc20,5018c844-da80-412a-8af7-3d05af5fdef8,original,src06@display=sequential
original,original,1f668c3f-b8ef-42dd-8802-092f59e99fc3,hrc20,src06@display=sequential
hrc17,hrc17,fed3c133-8a6c-4f5f-a931-1d3bf1e3cbfb,hrc13,src04@display=sequential
hrc17,hrc13,84a655db-ea7f-4628-a0ee-cfac0fa9c28e,hrc17,src04@display=sequential
hrc17,hrc13,66da8469-601a-48fb-b75e-716c69b24198,hrc17,src04@display=sequential
hrc17,hrc13,d78516ec-a6b0-43c0-a455-d7f06cd94f15,hrc17,src04@display=sequential
,hrc17,0d3450b3-ca58-4972-9929-41fde9269c36,hrc13,src04@display=sequential
hrc17,hrc17,d8193f20-ca78-4f7e-a54e-1eb281c8ac16,hrc13,src04@display=sequential
hrc17,hrc17,091fadc3-64c7-48a1-8c46-a1233a3b21f1,hrc13,src04@display=sequential
hrc17,hrc17,720fae40-2e83-4d33-9334-c274db0a60a2,hrc13,src04@display=sequential
hrc17,hrc17,595d6b93-ba8e-4ddf-9a72-50bbd51fd899,hrc13,src04@display=sequential
hrc17,hrc13,65e55d30-683c-49bd-9237-f89f1646f134,hrc17,src04@display=sequential
hrc19,hrc17,d78516ec-a6b0-43c0-a455-d7f06cd94f15,hrc19,src09@display=sequential
hrc19,hrc17,8f1ca983-841c-4d72-86e2-945a28de8cd6,hrc19,src09@display=sequential
hrc19,hrc17,1c4a5a74-592e-4746-a113-78413df921cf,hrc19,src09@display=sequential
hrc19,hrc17,3d5aadf7-0358-49ff-b541-71a9103878b1,hrc19,src09@display=sequential
hrc19,hrc17,2fef66bc-f9ba-4659-8710-5c4e882e66d2,hrc19,src09@display=sequential
hrc19,hrc19,da6f3ec1-ace9-4071-ad4e-c354db644cbc,hrc17,src09@display=sequential
hrc19,hrc17,0a58e305-db28-4bee-9e46-518f3b1d5970,hrc19,src09@display=sequential
hrc19,hrc19,99f1e0ac-c8cc-4fc1-93e1-efcdcd8b78b3,hrc17,src09@display=sequential
hrc19,hrc17,03c579d6-6125-4434-b2d8-ff7f379b3427,hrc19,src09@display=sequential
hrc19,hrc19,0afe3f83-afb0-4165-aa8a-5d917fc5f69b,hrc17,src09@display=sequential
hrc20,hrc20,52a8708f-7993-40c8-aea1-69ff552e2f01,hrc19,src02@display=sequential
hrc20,hrc20,b243f138-b89c-4c3a-8879-9292987c0c27,hrc19,src02@display=sequential
hrc20,hrc20,675ffd28-b178-4691-b838-a717d141848f,hrc19,src02@display=sequential
hrc20,hrc19,4490560e-8581-4dfb-9579-fa5b7f095173,hrc20,src02@display=sequential
,hrc19,d78516ec-a6b0-43c0-a455-d7f06cd94f15,hrc20,src02@display=sequential
hrc20,hrc20,31e37061-1d48-4b7e-801d-b43f7c932cf2,hrc19,src02@display=sequential
hrc20,hrc19,d9de9b07-c463-4078-b164-68c2f997bfce,hrc20,src02@display=sequential
hrc20,hrc20,b8f7524b-817c-41cc-8cf3-2f9e4053b9ac,hrc19,src02@display=sequential
hrc20,hrc19,4e7f36e0-2d5f-468a-920c-11bc1cdf8ff4,hrc20,src02@display=sequential
hrc19,hrc20,36cb46ba-2416-4e33-8134-040d59c29db7,hrc19,src02@display=sequential
hrc19,hrc17,1fdc6dc3-b544-4d31-86e1-db0c7e9eeb71,hrc19,src02@display=sequential
,hrc19,0d3450b3-ca58-4972-9929-41fde9269c36,hrc17,src02@display=sequential
hrc19,hrc17,20f66b79-3f1d-4554-88c5-52523b9a4b27,hrc19,src02@display=sequential
hrc19,hrc17,79ed6f1d-b369-4100-a6fd-b0a81d46b110,hrc19,src02@display=sequential
hrc19,hrc19,7fa97596-ab87-40b3-8e98-d7cad94abbea,hrc17,src02@display=sequential
hrc19,hrc17,8c00d752-4fc3-4e7d-a8df-d7ca2c6a73a2,hrc19,src02@display=sequential
hrc19,hrc19,80d588f3-fa01-4c67-b619-ce44c84e9fcf,hrc17,src02@display=sequential
hrc19,hrc19,d693e8cd-acbe-470b-bf2b-5c6ff409dc71,hrc17,src02@display=sequential
hrc19,hrc19,a268d438-9f11-4978-8ad9-7ed49297521c,hrc17,src02@display=sequential
hrc19,hrc17,dd48a3e8-a67f-41e1-b59d-9ee155000e80,hrc19,src02@display=sequential
hrc12,hrc12,0441b07d-420d-4150-9b33-b41f9f87be60,hrc18,src03@display=sequential
hrc12,hrc12,4e7f36e0-2d5f-468a-920c-11bc1cdf8ff4,hrc18,src03@display=sequential
hrc12,hrc18,a2eae99e-1732-497c-b157-394ebbf76ed5,hrc12,src03@display=sequential
hrc12,hrc12,eb42ae7c-e7ca-4b07-b2f1-d5d1b93224e7,hrc18,src03@display=sequential
hrc12,hrc18,e642b808-b11c-408e-82fa-8b01d07d8920,hrc12,src03@display=sequential
hrc12,hrc18,68c0527c-5834-4f6e-9b86-785f8c121744,hrc12,src03@display=sequential
hrc12,hrc12,0d3450b3-ca58-4972-9929-41fde9269c36,hrc18,src03@display=sequential
hrc12,hrc18,119c71bb-332f-49d7-80be-8c10ac85f39a,hrc12,src03@display=sequential
hrc12,hrc18,1fdc6dc3-b544-4d31-86e1-db0c7e9eeb71,hrc12,src03@display=sequential
hrc12,hrc12,7b899b16-b4b6-4694-9c62-eb0d83e287f0,hrc18,src03@display=sequential
,hrc21,7b899b16-b4b6-4694-9c62-eb0d83e287f0,hrc20,src02@display=sequential
hrc21,hrc21,b15ee8e2-8539-4aa6-86f6-1722f5982b2e,hrc20,src02@display=sequential
hrc21,hrc20,e0deec6c-51b7-4f93-86ca-4d5c22a4d76d,hrc21,src02@display=sequential
,hrc21,495902a1-5f30-4da7-9e15-e95a6286afc8,hrc20,src02@display=sequential
hrc21,hrc20,382bd03d-ed65-4ddb-a6a5-6fc3acb136bd,hrc21,src02@display=sequential
hrc21,hrc21,1c4a5a74-592e-4746-a113-78413df921cf,hrc20,src02@display=sequential
hrc21,hrc20,9614c9c1-60ce-4d80-9b93-e6ff552677ad,hrc21,src02@display=sequential
hrc21,hrc21,04e42b86-466e-4ef7-9fc6-faf842d0b850,hrc20,src02@display=sequential
hrc21,hrc21,ed16384e-9a7f-4dd5-b966-585e924233fa,hrc20,src02@display=sequential
hrc21,hrc21,ed39cdae-6f21-4391-af68-10ac22103779,hrc20,src02@display=sequential
hrc19,hrc18,9614c9c1-60ce-4d80-9b93-e6ff552677ad,hrc19,src09@display=sequential
hrc18,hrc19,e1c3e5d6-ca2e-41ad-8695-fcff92798414,hrc18,src09@display=sequential
hrc19,hrc18,e642b808-b11c-408e-82fa-8b01d07d8920,hrc19,src09@display=sequential
hrc19,hrc19,745247a5-0200-4707-8b6c-14b19a0c8216,hrc18,src09@display=sequential
hrc18,hrc19,a1e1659d-48d5-4ed4-a44f-c3f29c092682,hrc18,src09@display=sequential
hrc19,hrc19,c39301ac-544e-4bb2-85a7-b38cbff67bc4,hrc18,src09@display=sequential
hrc19,hrc19,3143164a-1c3e-4ff1-bc7b-f98339e9a921,hrc18,src09@display=sequential
hrc19,hrc19,f265067e-4156-41bf-a356-5489e7eb5f56,hrc18,src09@display=sequential
hrc19,hrc19,2542f94b-c9c0-4121-8cd6-562f67503607,hrc18,src09@display=sequential
hrc19,hrc19,66b9e1ca-7be6-469d-881b-e3433a746220,hrc18,src09@display=sequential
hrc20,hrc16,9614c9c1-60ce-4d80-9b93-e6ff552677ad,hrc20,src04@display=sequential
hrc20,hrc20,741a8131-74dd-48ea-8966-115510bba4e5,hrc16,src04@display=sequential
hrc20,hrc16,1c4a5a74-592e-4746-a113-78413df921cf,hrc20,src04@display=sequential
hrc20,hrc20,c78c983f-91fd-4f70-a03b-083124de3c51,hrc16,src04@display=sequential
hrc20,hrc16,c4041511-376e-4f71-9c8e-acac17d0954a,hrc20,src04@display=sequential
hrc20,hrc16,4f6ed91f-c64d-42a0-8454-0bed11504c24,hrc20,src04@display=sequential
hrc20,hrc20,64e2f67e-8d1c-4d48-8af3-8fcba72344a8,hrc16,src04@display=sequential
hrc20,hrc16,f878add3-52f7-4664-b4db-debcd7fa6905,hrc20,src04@display=sequential
hrc20,hrc16,7c090835-7343-43cb-a556-8d9c65bf2579,hrc20,src04@display=sequential
hrc20,hrc16,2d88bf11-2afb-4e46-aea9-b4aa2d240f8c,hrc20,src04@display=sequential
hrc12,hrc20,9614c9c1-60ce-4d80-9b93-e6ff552677ad,hrc12,src03@display=sequential
hrc12,hrc12,1b59b26a-5969-49dc-b678-1d6a91bdfa3d,hrc20,src03@display=sequential
hrc12,hrc20,e430ba94-49f6-4874-9488-9d43de9fc88f,hrc12,src03@display=sequential
hrc12,hrc12,dce23d6c-d138-4d23-95e5-005aef8ba310,hrc20,src03@display=sequential
hrc12,hrc12,872f64ae-b43d-4fee-b0ab-45bcd25b5854,hrc20,src03@display=sequential
,hrc20,e04a10a2-abed-4430-a7ce-7f6e3735c4d2,hrc12,src03@display=sequential
hrc20,hrc12,ccf15846-bb9a-4523-86ef-96158048a208,hrc20,src03@display=sequential
,hrc20,9fd1b181-02a1-4f1c-8cba-bb8193353de9,hrc12,src03@display=sequential
hrc12,hrc12,2f199ff5-e6d7-4e86-b684-1c3b552baa9b,hrc20,src03@display=sequential
,hrc20,b1b18717-7abb-45b4-87fd-424cf2f20ca6,hrc12,src03@display=sequential
hrc20,hrc20,720fae40-2e83-4d33-9334-c274db0a60a2,hrc07,src06@display=sequential
hrc07,hrc07,88da8301-e4b8-4cae-a783-ce505f802cbd,hrc20,src06@display=sequential
,hrc07,1b9e7799-1c0f-4d71-9579-79b835093f71,hrc20,src06@display=sequential
hrc07,hrc20,f57e8a92-b926-4e1b-b862-194acbd20f56,hrc07,src06@display=sequential
,hrc20,9a3c3143-eeae-4a15-a35f-894bc5b74e70,hrc07,src06@display=sequential
,hrc20,1f750243-4a32-4f9f-bbff-778d68c9340e,hrc07,src06@display=sequential
,hrc20,2d3fa1a6-afde-4886-bbd9-6d6ae7788071,hrc07,src06@display=sequential
hrc20,hrc07,1c4a5a74-592e-4746-a113-78413df921cf,hrc20,src06@display=sequential
hrc07,hrc20,4045a842-9f7c-40f9-80be-3d5831d6a738,hrc07,src06@display=sequential
hrc07,hrc07,84a655db-ea7f-4628-a0ee-cfac0fa9c28e,hrc20,src06@display=sequential
hrc08,hrc08,3e4467d1-498d-4384-822e-f70bfdd8962a,hrc09,src06@display=sequential
hrc08,hrc09,4490560e-8581-4dfb-9579-fa5b7f095173,hrc08,src06@display=sequential
hrc08,hrc09,675ffd28-b178-4691-b838-a717d141848f,hrc08,src06@display=sequential
hrc08,hrc09,985b2187-2e8e-497a-87c3-80cdc7a2058a,hrc08,src06@display=sequential
hrc08,hrc09,bf1fb90d-b8ab-467e-992d-2a9696fa650b,hrc08,src06@display=sequential
hrc08,hrc09,d17f9416-d50c-4520-a1c8-c8482f856518,hrc08,src06@display=sequential
hrc08,hrc08,7e54f228-a645-4144-a294-2ee406582705,hrc09,src06@display=sequential
hrc08,hrc08,05942f22-02a8-4b21-a462-aca7c9d5c551,hrc09,src06@display=sequential
hrc08,hrc09,b7855b91-3456-4c68-b626-fee17876f40c,hrc08,src06@display=sequential
hrc08,hrc08,a12e1f9a-3509-40a9-8812-ce66bc701e08,hrc09,src06@display=sequential
hrc21,hrc12,b402bb4d-47ad-4132-adb9-73915b9b2d9d,hrc21,src06@display=sequential
hrc21,hrc12,a598dfc3-ed57-44eb-8b48-92b2c1dd6086,hrc21,src06@display=sequential
hrc21,hrc21,a07731ab-f9d3-46b8-b2de-afcf6b424aeb,hrc12,src06@display=sequential
hrc21,hrc21,cb39772f-9dea-41e0-b6d2-008c4a858765,hrc12,src06@display=sequential
hrc21,hrc21,ddffe468-0319-485b-a9f2-2d7cb355367d,hrc12,src06@display=sequential
hrc21,hrc21,62dfcc1a-f13d-43b7-b124-9461292a7415,hrc12,src06@display=sequential
hrc21,hrc21,a8778d33-16cc-44bf-9465-c8c2ea966646,hrc12,src06@display=sequential
hrc21,hrc12,6b891a74-b253-4dc5-b5fe-567e9aa20da9,hrc21,src06@display=sequential
hrc21,hrc12,20b82720-584e-4871-83c5-e88aec82c7ff,hrc21,src06@display=sequential
hrc21,hrc21,c62ff2ad-45a7-4f3e-acce-030576899b17,hrc12,src06@display=sequential
hrc08,hrc08,1eaa9fca-05a8-423a-be58-58c2b8582fcd,hrc18,src08@display=sequential
hrc08,hrc08,06327616-afdd-4927-bbaf-73de01dfa383,hrc18,src08@display=sequential
hrc18,hrc18,b8f7524b-817c-41cc-8cf3-2f9e4053b9ac,hrc08,src08@display=sequential
hrc18,hrc08,eadefcd2-3e7b-4db5-a25d-9ebfe5da399e,hrc18,src08@display=sequential
hrc08,hrc08,fe33fee8-5006-45d4-8417-1d434a61505d,hrc18,src08@display=sequential
hrc18,hrc18,3a388285-6747-4423-817b-a7ad15ef6563,hrc08,src08@display=sequential
hrc08,hrc18,b914574b-e89a-44f2-99af-2232911e216d,hrc08,src08@display=sequential
,hrc08,463d864b-3fcb-42d6-bd68-deaac53f6745,hrc18,src08@display=sequential
hrc18,hrc08,e821abbf-0fb6-4ae2-ac63-ba7b31bec9fc,hrc18,src08@display=sequential
hrc08,hrc08,f2e8c7d8-a560-4d86-95c1-9a382b47082e,hrc18,src08@display=sequential
hrc04,hrc20,b402bb4d-47ad-4132-adb9-73915b9b2d9d,hrc04,src09@display=sequential
hrc04,hrc04,cfc289f5-548c-494d-8a96-40752a1ec3c7,hrc20,src09@display=sequential
hrc04,hrc04,fe33fee8-5006-45d4-8417-1d434a61505d,hrc20,src09@display=sequential
hrc20,hrc04,0c3224df-0ca1-473b-9ab7-3466eabb0233,hrc20,src09@display=sequential
,hrc20,94f8e362-2fe0-4596-a14e-b13248907924,hrc04,src09@display=sequential
hrc20,hrc04,f0477d3b-b59d-4c71-8581-110c40c14ca6,hrc20,src09@display=sequential
,hrc20,7adefaed-dee1-4607-8648-a185a4bc8ff7,hrc04,src09@display=sequential
,hrc04,50492a39-a060-497d-8a49-c6ad52d40574,hrc20,src09@display=sequential
hrc04,hrc20,e8e0dba2-353c-4c0f-a71d-3d0341a3ddb6,hrc04,src09@display=sequential
hrc04,hrc20,58728ea0-6590-46a3-a689-df5c9daab943,hrc04,src09@display=sequential
,hrc02,2be68ad6-657e-4ffe-b18b-9bca4e91fd1a,hrc08,src09@display=sequential
,hrc02,42cf276e-584f-459f-92b9-c2966ba7f50e,hrc08,src09@display=sequential
hrc02,hrc02,7de80bf2-500e-478d-af55-ba3cd4f18a29,hrc08,src09@display=sequential
hrc02,hrc08,6a5c53fc-4f8c-4abf-97c1-466f1f6c1023,hrc02,src09@display=sequential
hrc02,hrc08,777aa73c-e876-4af7-a998-55b2db8bf245,hrc02,src09@display=sequential
hrc08,hrc02,57357bed-fa07-439c-9372-137abde6515b,hrc08,src09@display=sequential
hrc08,hrc08,f0c077b8-5233-41ba-9089-7e1b10f40640,hrc02,src09@display=sequential
hrc02,hrc02,d0807ae0-7cac-48cf-9fb5-e6472c49f3a6,hrc08,src09@display=sequential
hrc02,hrc02,ddcfd680-b0b1-4163-af51-6bc0fbc21a5f,hrc08,src09@display=sequential
hrc08,hrc08,a939f7f9-e165-4264-99f1-558f02f6b709,hrc02,src09@display=sequential
hrc18,hrc18,c77480f8-273f-4607-bb07-67cedb0529ca,hrc17,src02@display=sequential
hrc18,hrc18,9b102348-ca8a-4c5b-8d7d-a1878bcb82d3,hrc17,src02@display=sequential
hrc18,hrc17,4d17c7e4-60bc-4e77-a3b1-31516fc353b3,hrc18,src02@display=sequential
hrc18,hrc18,470de4d5-fd31-4124-92aa-e5d4b85b5782,hrc17,src02@display=sequential
hrc18,hrc17,b7122e85-e78f-4b6f-a0cb-c759ffed197c,hrc18,src02@display=sequential
hrc18,hrc17,4ae1d15b-34bc-41bf-8729-623211970811,hrc18,src02@display=sequential
hrc18,hrc17,30342057-2a33-4929-ac24-d1c5f1106151,hrc18,src02@display=sequential
,hrc17,2be68ad6-657e-4ffe-b18b-9bca4e91fd1a,hrc18,src02@display=sequential
hrc17,hrc18,0493648c-4348-4a60-af6d-775313df1a69,hrc17,src02@display=sequential
hrc18,hrc18,798ea17c-f39f-4bc5-94bc-74a3062693f7,hrc17,src02@display=sequential
hrc02,hrc19,b7122e85-e78f-4b6f-a0cb-c759ffed197c,hrc02,src04@display=sequential
,hrc02,c77480f8-273f-4607-bb07-67cedb0529ca,hrc19,src04@display=sequential
,hrc19,4d17c7e4-60bc-4e77-a3b1-31516fc353b3,hrc02,src04@display=sequential
hrc02,hrc19,1eaa9fca-05a8-423a-be58-58c2b8582fcd,hrc02,src04@display=sequential
hrc02,hrc02,d93492c2-f0b1-484d-9d63-b66f217afdea,hrc19,src04@display=sequential
,hrc02,1dbdf6dc-299d-4b99-8cdb-c46794344655,hrc19,src04@display=sequential
,hrc19,31139786-676b-4e53-9762-4f0e8cc93727,hrc02,src04@display=sequential
,hrc02,b0d86c37-1389-480f-862e-828f0e6376a5,hrc19,src04@display=sequential
,hrc19,bbb385de-3383-428c-810d-de9218736f6e,hrc02,src04@display=sequential
hrc02,hrc02,fa4c43d0-3260-4144-aefb-de55089af488,hrc19,src04@display=sequential
hrc02,hrc10,54707083-dc19-4e62-8c91-f5df5e49ee2d,hrc02,src01@display=sequential
hrc02,hrc02,5bdaabb1-85bf-463f-b5bd-b6e0563b1309,hrc10,src01@display=sequential
hrc02,hrc02,741a8131-74dd-48ea-8966-115510bba4e5,hrc10,src01@display=sequential
hrc02,hrc10,4936c335-63ad-42c7-9910-e2b138439967,hrc02,src01@display=sequential
hrc02,hrc02,71504043-233f-4a03-871a-8774e4c83b95,hrc10,src01@display=sequential
hrc02,hrc10,75d3b625-b4cb-421e-8d02-6b64d24248ea,hrc02,src01@display=sequential
hrc02,hrc10,3613e7d6-5bdf-4926-bba2-7859e0b1f77b,hrc02,src01@display=sequential
hrc02,hrc02,f9cbea11-d50a-4473-8583-2756324ec9fa,hrc10,src01@display=sequential
hrc02,hrc02,5efbb928-3bec-4b6c-b8c5-41607eba8d77,hrc10,src01@display=sequential
hrc02,hrc10,5c617a43-9028-40e4-9b65-09380b3527c4,hrc02,src01@display=sequential
hrc10,hrc10,2cabc179-9b0a-4956-abc4-db3cf2e03f98,hrc13,src09@display=sequential
,hrc13,909ad99b-fa8b-4cfd-b7e7-e4df1f5f24b9,hrc10,src09@display=sequential
,hrc10,fd313eca-0eb1-4b39-bd08-b5329f2c5e61,hrc13,src09@display=sequential
hrc10,hrc10,6860cb23-2a8c-4ee4-b4d9-dea0712b15fb,hrc13,src09@display=sequential
,hrc10,9d199c7e-9811-4344-b93f-7cc29ae8e563,hrc13,src09@display=sequential
,hrc13,8fc87c48-7bd5-4eef-9a74-49511a30296c,hrc10,src09@display=sequential
hrc10,hrc13,ad97fd16-30c3-4bcc-b9d7-a22069039daa,hrc10,src09@display=sequential
hrc10,hrc10,e79fa7fb-62cf-4b20-8b29-1cd64f2820a4,hrc13,src09@display=sequential
,hrc13,192032f1-d829-4694-87f8-740a5b69b17c,hrc10,src09@display=sequential
,hrc13,3a388285-6747-4423-817b-a7ad15ef6563,hrc10,src09@display=sequential
hrc09,hrc10,e7965f16-6621-4854-84b4-b552c5738880,hrc09,src05@display=sequential
hrc10,hrc09,1b351bd1-c7e8-4893-b9e4-2df5e96440bc,hrc10,src05@display=sequential
hrc09,hrc10,ce2acc22-6dc0-4d57-bf52-34e031ecb83c,hrc09,src05@display=sequential
hrc09,hrc10,7f66d17f-e0f8-4000-938a-38fdb600fcc2,hrc09,src05@display=sequential
hrc09,hrc10,a410f9ea-0698-429b-a5d2-9f44282f6d4b,hrc09,src05@display=sequential
hrc09,hrc09,3a388285-6747-4423-817b-a7ad15ef6563,hrc10,src05@display=sequential
hrc09,hrc09,25110c9c-f0d7-4c05-b06a-1e805b4a0692,hrc10,src05@display=sequential
hrc09,hrc09,bf3cb4fa-49fa-4340-a93a-968c70951b9d,hrc10,src05@display=sequential
hrc09,hrc09,6b9a4e34-52b8-4521-aef8-113f03c2eed5,hrc10,src05@display=sequential
,hrc09,83233e30-b3ad-4498-8eff-e51044d70333,hrc10,src05@display=sequential
hrc09,hrc09,bc63bd48-5827-4995-891b-7fbc691fa6d1,hrc16,src02@display=sequential
hrc09,hrc09,1f017b44-d631-45b7-b0da-c6dfeca39a8c,hrc16,src02@display=sequential
hrc09,hrc16,a8778d33-16cc-44bf-9465-c8c2ea966646,hrc09,src02@display=sequential
hrc09,hrc16,7ccb0da3-b717-4245-9daa-e5860aaaaca6,hrc09,src02@display=sequential
hrc09,hrc09,e6f8bc6b-e67a-4141-9f44-5abe35c62046,hrc16,src02@display=sequential
hrc09,hrc09,64c2f134-2df0-40e2-854a-c2cafa0df023,hrc16,src02@display=sequential
hrc09,hrc16,31d876be-00c7-4aff-98d2-67a95f368125,hrc09,src02@display=sequential
hrc09,hrc09,70d291f3-ba18-41ee-b459-63c9e8e05b5e,hrc16,src02@display=sequential
hrc09,hrc16,003c7620-28fb-4ea6-91fa-1e262f492774,hrc09,src02@display=sequential
hrc09,hrc09,d0af8c35-bbb4-4ea1-a7bc-327a4b1da556,hrc16,src02@display=sequential
hrc19,hrc19,9bf893fd-8e82-4b0e-bc2b-b001e5f912c4,hrc13,src09@display=sequential
hrc19,hrc13,5db97e29-51c6-4d87-9897-b63690e31c52,hrc19,src09@display=sequential
hrc19,hrc19,6b891a74-b253-4dc5-b5fe-567e9aa20da9,hrc13,src09@display=sequential
hrc13,hrc19,d8193f20-ca78-4f7e-a54e-1eb281c8ac16,hrc13,src09@display=sequential
hrc19,hrc13,3fa51d84-1a9d-4cf7-8204-2ab2685cd7be,hrc19,src09@display=sequential
hrc19,hrc13,5db70634-a94d-4ef3-9da9-6f716223cb35,hrc19,src09@display=sequential
hrc19,hrc19,0febb639-cbaf-4607-83ee-763ea7fdd47c,hrc13,src09@display=sequential
hrc19,hrc13,fc2d5087-17df-4c84-844b-23b0339b666b,hrc19,src09@display=sequential
hrc19,hrc19,c77480f8-273f-4607-bb07-67cedb0529ca,hrc13,src09@display=sequential
hrc19,hrc13,1f017b44-d631-45b7-b0da-c6dfeca39a8c,hrc19,src09@display=sequential
hrc12,hrc18,6989cf89-ca63-4fe0-b136-996ed741ce03,hrc12,src08@display=sequential
hrc12,hrc12,8f1ca983-841c-4d72-86e2-945a28de8cd6,hrc18,src08@display=sequential
hrc12,hrc12,b189d345-e28a-4e58-9ed3-5e4acd21add1,hrc18,src08@display=sequential
hrc12,hrc12,3fd0c9c3-2630-4b2e-97a2-a5d53a98bd58,hrc18,src08@display=sequential
hrc12,hrc18,aff72792-47ad-419e-9732-8b02aa415e28,hrc12,src08@display=sequential
hrc12,hrc18,a471abf2-3b44-4da3-a664-17b747e632f6,hrc12,src08@display=sequential
hrc12,hrc18,0c75c2cb-4183-4187-8e95-1ddec654b46f,hrc12,src08@display=sequential
hrc12,hrc18,ba2e8111-193c-4c3d-8d6a-70f8f72bbea2,hrc12,src08@display=sequential
,hrc12,13f2c5fd-55b0-4e23-a6b7-07c03eae90a4,hrc18,src08@display=sequential
hrc12,hrc18,7b959763-70f9-4960-bd32-6491ee9b6aa2,hrc12,src08@display=sequential
original,original,6989cf89-ca63-4fe0-b136-996ed741ce03,hrc19,src09@display=sequential
original,original,62dfcc1a-f13d-43b7-b124-9461292a7415,hrc19,src09@display=sequential
original,hrc19,a8778d33-16cc-44bf-9465-c8c2ea966646,original,src09@display=sequential
original,hrc19,60507d05-0bbe-422a-8abd-b4e7e5fe8937,original,src09@display=sequential
original,original,596a4e13-7796-4561-90a1-76039346e88a,hrc19,src09@display=sequential
,hrc19,58c5db58-31c9-498a-84c7-f2656253c676,original,src09@display=sequential
original,original,ae4c00ce-4550-481b-a407-ae258ddbd276,hrc19,src09@display=sequential
original,original,603c65cd-5f34-45be-87e4-a188d93c9c26,hrc19,src09@display=sequential
hrc19,original,5dc62e1a-77a7-42ff-b80f-ad839dbf8ba4,hrc19,src09@display=sequential
original,original,3de8634b-9153-4c5a-8a93-5d6012373bd6,hrc19,src09@display=sequential
hrc07,hrc07,6989cf89-ca63-4fe0-b136-996ed741ce03,hrc13,src07@display=sequential
hrc07,hrc07,a8778d33-16cc-44bf-9465-c8c2ea966646,hrc13,src07@display=sequential
hrc07,hrc13,c01f1046-c717-4ff9-8dad-7421859fc613,hrc07,src07@display=sequential
hrc07,hrc13,a737d54b-45b8-4cef-88b9-20f3eff16aac,hrc07,src07@display=sequential
hrc07,hrc13,474c10a2-5941-4abe-8277-46ce02332ba7,hrc07,src07@display=sequential
hrc07,hrc07,e94d62b4-1674-49d2-9d93-d83fdf7fc0a9,hrc13,src07@display=sequential
hrc07,hrc07,f081f320-f89e-4b1d-8b57-482c199bf00f,hrc13,src07@display=sequential
hrc07,hrc13,50492a39-a060-497d-8a49-c6ad52d40574,hrc07,src07@display=sequential
hrc07,hrc13,d445a949-d7c2-4196-b6a8-50cf9b19cc10,hrc07,src07@display=sequential
hrc07,hrc13,28baa163-62aa-4091-9067-f78967afea4a,hrc07,src07@display=sequential
hrc07,hrc07,6989cf89-ca63-4fe0-b136-996ed741ce03,hrc18,src04@display=sequential
,hrc18,6ff38ecc-04ae-437a-84b7-76bb1e074190,hrc07,src04@display=sequential
hrc07,hrc18,b189d345-e28a-4e58-9ed3-5e4acd21add1,hrc07,src04@display=sequential
hrc07,hrc07,558436ff-83db-46b3-951b-08ea96ddeceb,hrc18,src04@display=sequential
hrc07,hrc18,3125536d-6555-425a-b49f-e4ae86ecbb4e,hrc07,src04@display=sequential
hrc07,hrc18,e088fd7c-253e-44ae-8d6d-3103781ceafe,hrc07,src04@display=sequential
hrc07,hrc07,0c75abcc-e4e8-4fe8-a620-ebbcb3acef55,hrc18,src04@display=sequential
hrc07,hrc07,c0258f9a-7e2a-4c8a-b306-a389e2972855,hrc18,src04@display=sequential
hrc07,hrc07,470de4d5-fd31-4124-92aa-e5d4b85b5782,hrc18,src04@display=sequential
hrc07,hrc18,a3d57e9a-630c-4320-8a26-435a9d86ed76,hrc07,src04@display=sequential
hrc17,hrc17,5bdaabb1-85bf-463f-b5bd-b6e0563b1309,hrc13,src07@display=sequential
hrc17,hrc17,1f017b44-d631-45b7-b0da-c6dfeca39a8c,hrc13,src07@display=sequential
hrc17,hrc13,9431de3e-ad59-46eb-b7d4-71d8c1a9b15a,hrc17,src07@display=sequential
hrc17,hrc17,70e23cfe-1b20-48b2-82a9-db37279d0932,hrc13,src07@display=sequential
,hrc17,b6d6ce5a-8b39-434f-9587-d7ab23d43dae,hrc13,src07@display=sequential
hrc17,hrc17,e9aa57ae-3fd7-4f57-aa6b-889f6b4630bf,hrc13,src07@display=sequential
hrc17,hrc13,05942f22-02a8-4b21-a462-aca7c9d5c551,hrc17,src07@display=sequential
hrc17,hrc17,f9cbea11-d50a-4473-8583-2756324ec9fa,hrc13,src07@display=sequential
hrc17,hrc13,47bc558e-26ee-49db-8c60-121b90b84188,hrc17,src07@display=sequential
hrc17,hrc13,051f4c64-8631-42c6-85f8-d7168adf4874,hrc17,src07@display=sequential
hrc09,hrc09,5bb6a91c-222e-469d-9d1f-6f1064a66a0a,hrc16,src08@display=sequential
hrc09,hrc09,675ffd28-b178-4691-b838-a717d141848f,hrc16,src08@display=sequential
hrc09,hrc09,f68bb6a4-fd35-4afd-a5bb-0c2c7c5f9311,hrc16,src08@display=sequential
hrc09,hrc09,20a43bd8-ead5-4927-b832-78b755186bcd,hrc16,src08@display=sequential
hrc09,hrc09,7e5cbaab-672a-41ac-9674-e427d4eb2683,hrc16,src08@display=sequential
,hrc16,40e55ff9-2d27-4230-9e76-d1d981478cff,hrc09,src08@display=sequential
hrc09,hrc09,5bdaabb1-85bf-463f-b5bd-b6e0563b1309,hrc16,src08@display=sequential
hrc09,hrc16,1cec815b-399d-4f9d-93d3-0c26f0fc84db,hrc09,src08@display=sequential
hrc09,hrc09,4d17c7e4-60bc-4e77-a3b1-31516fc353b3,hrc16,src08@display=sequential
hrc09,hrc09,45102dc6-4f10-4500-a0f1-b9a4537ebbbe,hrc16,src08@display=sequential
hrc02,hrc02,8760b604-bde2-4d2a-8da9-0492b050506c,hrc17,src03@display=sequential
hrc02,hrc02,45a5d03e-bea9-4566-83cb-7256c637b0f8,hrc17,src03@display=sequential
hrc02,hrc17,6cf2c76e-5f85-4403-82aa-d49cfb5b9422,hrc02,src03@display=sequential
hrc02,hrc02,720fae40-2e83-4d33-9334-c274db0a60a2,hrc17,src03@display=sequential
hrc02,hrc02,36cb46ba-2416-4e33-8134-040d59c29db7,hrc17,src03@display=sequential
hrc02,hrc02,6dd0be1d-e48a-44f8-ae1e-f6387437d5dd,hrc17,src03@display=sequential
,hrc02,68d1f2b5-3293-45a5-b42e-e9c3da1c116f,hrc17,src03@display=sequential
,hrc02,741a8131-74dd-48ea-8966-115510bba4e5,hrc17,src03@display=sequential
hrc02,hrc17,70fd376b-a5b0-42fb-a562-8cbc5f239c70,hrc02,src03@display=sequential
hrc02,hrc02,53127e19-5162-4bab-bb56-69665405a598,hrc17,src03@display=sequential
hrc19,hrc05,2d0c771e-dcc5-4ab1-96dd-5be09e162328,hrc19,src09@display=sequential
hrc19,hrc05,ca15c732-cfca-497b-90c1-3f5fbb0dd541,hrc19,src09@display=sequential
hrc19,hrc05,5bdaabb1-85bf-463f-b5bd-b6e0563b1309,hrc19,src09@display=sequential
hrc19,hrc19,f86b2275-4518-4d57-8c52-46fc992cc8a3,hrc05,src09@display=sequential
hrc19,hrc19,4ae1d15b-34bc-41bf-8729-623211970811,hrc05,src09@display=sequential
hrc19,hrc05,baaf9ff2-3d2f-4282-ab3d-4f11c4e34d3c,hrc19,src09@display=sequential
hrc19,hrc05,1cd0a690-9a45-4224-b1bf-e4d32d4789b5,hrc19,src09@display=sequential
hrc19,hrc19,65febfb3-2ea0-4b86-bc2e-3588fe6206d1,hrc05,src09@display=sequential
hrc19,hrc05,7f60cd05-3ea6-4d0e-87e8-632c5ff9743b,hrc19,src09@display=sequential
hrc19,hrc05,6bd47135-ac01-4b14-8a59-fd0f773c048b,hrc19,src09@display=sequential
hrc20,hrc20,f0c077b8-5233-41ba-9089-7e1b10f40640,hrc09,src08@display=sequential
hrc09,hrc20,57357bed-fa07-439c-9372-137abde6515b,hrc09,src08@display=sequential
,hrc20,83d19ff1-7b53-43bc-a20e-c0b147ea8546,hrc09,src08@display=sequential
hrc09,hrc20,41f6da59-8daa-44e5-b500-a68effe80918,hrc09,src08@display=sequential
,hrc09,5198b894-1131-4041-bcc1-62488fda0604,hrc20,src08@display=sequential
,hrc09,600cbf91-d68d-4a24-9457-3bb048b161be,hrc20,src08@display=sequential
hrc09,hrc20,ccdcf626-e732-4c39-ade0-7e667a11b9de,hrc09,src08@display=sequential
hrc09,hrc09,a01d248f-120f-44aa-a1ae-c78564daf7f6,hrc20,src08@display=sequential
,hrc09,b2ab1a27-349e-48af-9c38-6e99d27c354d,hrc20,src08@display=sequential
,hrc20,fd313eca-0eb1-4b39-bd08-b5329f2c5e61,hrc09,src08@display=sequential
hrc08,hrc08,4ae1d15b-34bc-41bf-8729-623211970811,hrc18,src04@display=sequential
hrc18,hrc08,b33d0fef-ee87-4da3-bdcd-51f6b905229a,hrc18,src04@display=sequential
hrc18,hrc18,1f017b44-d631-45b7-b0da-c6dfeca39a8c,hrc08,src04@display=sequential
hrc18,hrc08,eca046f8-b87a-462c-8926-24edcb9d9f21,hrc18,src04@display=sequential
hrc18,hrc18,3a58be0e-af57-4db0-b60d-eb75d3e7c349,hrc08,src04@display=sequential
hrc18,hrc18,2c0b6a6c-d0ad-404b-b47e-56a9c31d76f0,hrc08,src04@display=sequential
hrc18,hrc18,002808ce-aaff-4a9e-a4c9-3cd8d9b3ef6a,hrc08,src04@display=sequential
hrc18,hrc08,77d5559f-b918-4334-9319-a6e7ed7df260,hrc18,src04@display=sequential
hrc08,hrc08,1f64c3be-6d62-4593-ba38-ec5d4b9eb8e1,hrc18,src04@display=sequential
hrc18,hrc08,3ad72fd4-4689-4163-a828-dd1744964c11,hrc18,src04@display=sequential
,hrc04,4ae1d15b-34bc-41bf-8729-623211970811,hrc21,src08@display=sequential
hrc21,hrc04,a8778d33-16cc-44bf-9465-c8c2ea966646,hrc21,src08@display=sequential
hrc04,hrc04,cfc289f5-548c-494d-8a96-40752a1ec3c7,hrc21,src08@display=sequential
hrc04,hrc04,1a07e498-1f79-4718-99fc-3465754935aa,hrc21,src08@display=sequential
,hrc04,d48d3209-3c1a-4253-a83c-ac0642c7f7c9,hrc21,src08@display=sequential
hrc04,hrc04,c8fcb579-4361-48f4-ad8c-190c038f943f,hrc21,src08@display=sequential
hrc04,hrc21,8e4da856-a4b7-4bcd-ae3b-c1982bbc9a46,hrc04,src08@display=sequential
hrc21,hrc04,0fc10e59-0cf3-4b60-acf5-c2e37e215cad,hrc21,src08@display=sequential
hrc04,hrc21,b7855b91-3456-4c68-b626-fee17876f40c,hrc04,src08@display=sequential
,hrc04,dd0b4014-ce60-4ca7-ab3d-8d9ff47766fd,hrc21,src08@display=sequential
hrc12,hrc12,70bd37da-a9f2-495e-86bf-87cc6eae4b9f,hrc05,src09@display=sequential
hrc12,hrc05,3ad42979-cd24-4628-a4da-5fe85c253715,hrc12,src09@display=sequential
hrc12,hrc05,8d17603d-66f1-4773-afa0-a9d1c2441752,hrc12,src09@display=sequential
hrc12,hrc05,f68bb6a4-fd35-4afd-a5bb-0c2c7c5f9311,hrc12,src09@display=sequential
hrc12,hrc12,9431de3e-ad59-46eb-b7d4-71d8c1a9b15a,hrc05,src09@display=sequential
hrc12,hrc05,085ea3db-2334-44ab-8798-14e7badbe0c6,hrc12,src09@display=sequential
hrc12,hrc05,a0705ba3-cba0-46ca-adaa-5ad1794e1188,hrc12,src09@display=sequential
hrc12,hrc05,1aa9e663-67d3-4003-a25b-de0487e89331,hrc12,src09@display=sequential
hrc12,hrc05,211e49fa-fc80-47ae-a50a-15426f09fa31,hrc12,src09@display=sequential
hrc12,hrc05,8dc48e4f-944e-46f3-b3d7-2733d875f1c5,hrc12,src09@display=sequential
,hrc09,70bd37da-a9f2-495e-86bf-87cc6eae4b9f,hrc02,src06@display=sequential
hrc09,hrc09,20f66b79-3f1d-4554-88c5-52523b9a4b27,hrc02,src06@display=sequential
hrc09,hrc09,c01f1046-c717-4ff9-8dad-7421859fc613,hrc02,src06@display=sequential
,hrc02,48ab3d96-1eab-4483-bf3f-b690ddb1a5cb,hrc09,src06@display=sequential
hrc02,hrc02,391d7919-cc5f-4309-81f6-ce6cfc04a7bc,hrc09,src06@display=sequential
hrc02,hrc09,29c269f6-6a68-452f-966a-32a3b90781a1,hrc02,src06@display=sequential
hrc02,hrc02,33646442-3d35-4986-9939-550b7bd59125,hrc09,src06@display=sequential
hrc02,hrc09,2daff1ae-37c2-45ec-b0eb-0e2eb34872bb,hrc02,src06@display=sequential
hrc02,hrc09,2e79172f-46f4-4734-ae33-91f9f5c22bbf,hrc02,src06@display=sequential
hrc02,hrc09,746fca7b-627e-49a4-8992-4928103625eb,hrc02,src06@display=sequential
hrc20,hrc19,78ec5f69-a67b-42ac-ae06-c985f67935dd,hrc20,src03@display=sequential
hrc20,hrc19,1f017b44-d631-45b7-b0da-c6dfeca39a8c,hrc20,src03@display=sequential
hrc20,hrc20,baaf9ff2-3d2f-4282-ab3d-4f11c4e34d3c,hrc19,src03@display=sequential
hrc19,hrc19,64f09ad6-9f2d-4ed2-9f00-8b7388aca3d2,hrc20,src03@display=sequential
hrc20,hrc19,9f415f14-b6f8-4ff3-a032-bc39cc814b73,hrc20,src03@display=sequential
,hrc20,b33d0fef-ee87-4da3-bdcd-51f6b905229a,hrc19,src03@display=sequential
hrc20,hrc20,33920445-a272-4833-a2bd-b60fa5a04536,hrc19,src03@display=sequential
hrc20,hrc20,6ff38ecc-04ae-437a-84b7-76bb1e074190,hrc19,src03@display=sequential
,hrc19,76d6bfe0-55a2-4a6c-b431-2ec5bf75cee1,hrc20,src03@display=sequential
hrc20,hrc19,8002f66b-04d9-4eeb-abb7-87bda4b6ecb8,hrc20,src03@display=sequential
,hrc19,35dca9af-478f-4d4b-9b7e-5282ae66c558,hrc04,src01@display=sequential
hrc04,hrc19,74baf96c-84eb-4b58-8ed9-1bbe2c73d85a,hrc04,src01@display=sequential
hrc04,hrc19,77d5559f-b918-4334-9319-a6e7ed7df260,hrc04,src01@display=sequential
hrc04,hrc19,20e597b5-5ce5-45a7-9a38-d9ef3932f8e0,hrc04,src01@display=sequential
,hrc19,0e786423-5320-4062-b1c3-029db412234e,hrc04,src01@display=sequential
,hrc04,97f15f79-2e8c-4f8f-bdf8-57bc17a7a1f9,hrc19,src01@display=sequential
hrc04,hrc04,195c7b00-aa90-444e-b2f5-4a13f76dd102,hrc19,src01@display=sequential
,hrc04,43841f54-348c-4ab3-9c66-5c001c2e1e8a,hrc19,src01@display=sequential
hrc04,hrc04,315a0286-5f6d-4248-832d-03fd03fd9243,hrc19,src01@display=sequential
hrc04,hrc19,b9fce031-c9a8-4792-995b-c255fc3e9f96,hrc04,src01@display=sequential
hrc08,hrc17,35dca9af-478f-4d4b-9b7e-5282ae66c558,hrc08,src09@display=sequential
hrc08,hrc17,b3ab6afb-5443-4339-b704-960084f98591,hrc08,src09@display=sequential
hrc08,hrc08,943e61f6-dc70-42d1-ab00-bd193c341085,hrc17,src09@display=sequential
hrc08,hrc17,299729cd-be73-45ed-a747-d83ab1327861,hrc08,src09@display=sequential
hrc17,hrc08,33646442-3d35-4986-9939-550b7bd59125,hrc17,src09@display=sequential
hrc08,hrc08,eb2c7c91-0b6c-44d7-bb58-ab8e88ed8d52,hrc17,src09@display=sequential
hrc08,hrc17,57a1b4cc-208e-4275-9615-daea05998979,hrc08,src09@display=sequential
hrc08,hrc17,e9aa57ae-3fd7-4f57-aa6b-889f6b4630bf,hrc08,src09@display=sequential
hrc08,hrc17,5c617a43-9028-40e4-9b65-09380b3527c4,hrc08,src09@display=sequential
hrc08,hrc17,b13d20bd-47f9-4840-a9e4-a22cca6b80dd,hrc08,src09@display=sequential
hrc05,hrc05,433d4e34-b646-4538-941d-0a21131fb37c,hrc16,src03@display=sequential
hrc05,hrc16,1e281513-db9f-4c23-aacd-a5fc0f3f0ece,hrc05,src03@display=sequential
hrc16,hrc05,57c09e89-1614-4d50-8112-d27c826ebf65,hrc16,src03@display=sequential
hrc05,hrc16,d7b2a508-f469-4b1b-bfd6-e44749545450,hrc05,src03@display=sequential
hrc16,hrc05,fe33fee8-5006-45d4-8417-1d434a61505d,hrc16,src03@display=sequential
hrc16,hrc05,46f38607-110d-49ab-b60c-8c1ab9421949,hrc16,src03@display=sequential
hrc05,hrc05,192032f1-d829-4694-87f8-740a5b69b17c,hrc16,src03@display=sequential
hrc05,hrc16,35dca9af-478f-4d4b-9b7e-5282ae66c558,hrc05,src03@display=sequential
hrc05,hrc16,82a2a32f-6ef7-40ab-a7a3-0abcb70eed2a,hrc05,src03@display=sequential
hrc16,hrc05,a647b0ba-6ea8-4ffa-a048-3f4711f595b0,hrc16,src03@display=sequential
chrc11,chrc11,35dca9af-478f-4d4b-9b7e-5282ae66c558,original,csrc12@display=sequential
,chrc11,e7297da4-8b5e-4b1f-9e73-3e1484bc53f0,original,csrc12@display=sequential
,original,d17f9416-d50c-4520-a1c8-c8482f856518,chrc11,csrc12@display=sequential
original,chrc11,fcb49f3d-24e4-48f4-b819-5a1d0dd9a3ab,original,csrc12@display=sequential
original,original,474c10a2-5941-4abe-8277-46ce02332ba7,chrc11,csrc12@display=sequential
original,original,8046912e-7adc-42c4-af5e-639cb0e9d717,chrc11,csrc12@display=sequential
original,chrc11,66da8469-601a-48fb-b75e-716c69b24198,original,csrc12@display=sequential
original,original,24b6b941-c8a6-46ae-8975-47c98ad64ab2,chrc11,csrc12@display=sequential
original,chrc11,3be288f6-8041-4043-b452-46e8a67d7014,original,csrc12@display=sequential
original,chrc11,6d0409d3-a58a-4600-9d50-620749517832,original,csrc12@display=sequential
original,original,e7425f6d-50e7-4398-bd06-29976ef5d052,hrc09,src06@display=sequential
original,original,6b9a4e34-52b8-4521-aef8-113f03c2eed5,hrc09,src06@display=sequential
original,original,ecf6df41-9caa-4f8e-9e83-ed4064aa1ec4,hrc09,src06@display=sequential
original,hrc09,1a3f82b3-7431-4271-b1d3-20a62c2c99dc,original,src06@display=sequential
original,hrc09,8831c2ef-64b2-4f81-bd12-782facb47567,original,src06@display=sequential
original,original,62befdf4-5641-483b-97cc-14024b210d8b,hrc09,src06@display=sequential
original,original,2f5c9d18-91f7-4d55-a880-82131b6af0d3,hrc09,src06@display=sequential
original,hrc09,acf7d6bd-9041-4faf-ad16-b17383982915,original,src06@display=sequential
original,original,a01d248f-120f-44aa-a1ae-c78564daf7f6,hrc09,src06@display=sequential
original,hrc09,4386838f-4af9-4121-8895-9a6078e94dd5,original,src06@display=sequential
hrc18,hrc18,187b1523-3261-4e58-b86f-69930ec90cb8,hrc10,src08@display=sequential
hrc18,hrc10,01df0c77-0651-44a9-a4f7-2575b2c9c62b,hrc18,src08@display=sequential
hrc18,hrc10,e7425f6d-50e7-4398-bd06-29976ef5d052,hrc18,src08@display=sequential
hrc18,hrc10,42f73238-b3a1-4fb4-b12c-ebfe89f8bb5f,hrc18,src08@display=sequential
hrc18,hrc18,2edf4337-6b67-4ab1-b75b-8f5d88a140ad,hrc10,src08@display=sequential
hrc18,hrc18,a8aa57a4-5b70-4366-ac0c-df4184675711,hrc10,src08@display=sequential
hrc18,hrc10,5f234167-2bce-417e-a7b1-13f637af5124,hrc18,src08@display=sequential
hrc18,hrc10,3508c90d-7344-4ec2-946c-52b057f5fd46,hrc18,src08@display=sequential
hrc18,hrc18,c6346704-bff8-407a-af84-b379478d3cd2,hrc10,src08@display=sequential
hrc18,hrc18,44c75a94-439f-4168-9828-64b1fb591086,hrc10,src08@display=sequential
hrc05,hrc13,3cdea77c-18d6-4285-8822-0547ebab6d19,hrc05,src05@display=sequential
hrc13,hrc13,4d46e51f-dff6-46d4-9b9a-70501b6b053b,hrc05,src05@display=sequential
hrc05,hrc05,e7425f6d-50e7-4398-bd06-29976ef5d052,hrc13,src05@display=sequential
hrc05,hrc05,04ec428f-6fd5-4052-bc85-65d3a3c8eb1f,hrc13,src05@display=sequential
hrc05,hrc05,a67d4d4f-72b8-4fa5-b507-179a49dbc862,hrc13,src05@display=sequential
hrc05,hrc05,076c3bf8-1f81-4a6b-a192-b6eebd26686f,hrc13,src05@display=sequential
hrc05,hrc05,0f77e328-c1f5-4b7b-b765-f2b718ad525c,hrc13,src05@display=sequential
,hrc13,393f17cf-39ac-43fc-8555-4164fc3d866b,hrc05,src05@display=sequential
hrc05,hrc13,0691e239-86d2-4f18-9569-54691f5edf2c,hrc05,src05@display=sequential
hrc13,hrc05,dbdaad26-adc8-416a-9f6e-1c8ca62da9db,hrc13,src05@display=sequential
,original,e7425f6d-50e7-4398-bd06-29976ef5d052,hrc09,src04@display=sequential
,original,dae60604-49cd-4259-9d04-075db5ad2a1d,hrc09,src04@display=sequential
original,hrc09,91e0d1d4-9f7e-4756-a50a-12bd3bbd1941,original,src04@display=sequential
,hrc09,fe48c6cf-dfb4-488e-9109-98fb8ec7c909,original,src04@display=sequential
hrc09,original,4d93cc4f-73bc-4f6c-afb4-30e41bee10f7,hrc09,src04@display=sequential
original,hrc09,6d4b73c7-6738-487e-932f-bbe469cd77cb,original,src04@display=sequential
,hrc09,eaa5315e-7904-41da-ad17-313ff2625ef5,original,src04@display=sequential
hrc09,hrc09,c0194955-c42e-4a2f-a1ab-b48fdb4fe5e8,original,src04@display=sequential
hrc09,hrc09,37d8e0b9-f320-4759-b810-b47ff4467016,original,src04@display=sequential
,original,7d3d38fd-547c-43c1-af86-0bc68bbb33af,hrc09,src04@display=sequential
hrc05,hrc12,ff2c80e4-1759-42a7-a6bc-0b3eac9f9ed3,hrc05,src08@display=sequential
hrc12,hrc12,b2f07ae4-3913-406a-b5a9-14721e18db1e,hrc05,src08@display=sequential
hrc12,hrc12,fbac4b1d-155c-4d3e-8c84-e98425883f47,hrc05,src08@display=sequential
hrc12,hrc05,558436ff-83db-46b3-951b-08ea96ddeceb,hrc12,src08@display=sequential
hrc12,hrc12,d5484fd3-0692-49b0-b84e-4c5498cd6cb1,hrc05,src08@display=sequential
hrc12,hrc12,2c0b6a6c-d0ad-404b-b47e-56a9c31d76f0,hrc05,src08@display=sequential
hrc12,hrc12,ac1c5396-5489-4c1c-840b-77df5a401eab,hrc05,src08@display=sequential
hrc12,hrc12,739e1d34-ccab-4d66-b5cb-3271ed097ccd,hrc05,src08@display=sequential
hrc12,hrc05,28138e18-1992-4f6d-94e7-993ddca405e8,hrc12,src08@display=sequential
hrc12,hrc12,96c12748-598a-4c44-85ec-d5f3eafc8b88,hrc05,src08@display=sequential
hrc20,hrc20,b33d0fef-ee87-4da3-bdcd-51f6b905229a,hrc09,src09@display=sequential
hrc09,hrc20,41f6da59-8daa-44e5-b500-a68effe80918,hrc09,src09@display=sequential
hrc20,hrc20,4d17c7e4-60bc-4e77-a3b1-31516fc353b3,hrc09,src09@display=sequential
hrc20,hrc09,d2b4d696-aa3f-4f64-842e-b95ddd65449e,hrc20,src09@display=sequential
,hrc09,77e6627f-e93f-4de6-839e-47512ff2f2b3,hrc20,src09@display=sequential
hrc20,hrc20,2cf04c1d-69ed-4a9f-9296-26dd3abf56ce,hrc09,src09@display=sequential
hrc20,hrc20,6cf2c76e-5f85-4403-82aa-d49cfb5b9422,hrc09,src09@display=sequential
hrc09,hrc20,42299818-23d6-4c44-822c-dcdd91f26d60,hrc09,src09@display=sequential
hrc20,hrc20,fc432dc9-f132-47ef-88ba-dfa8091b09a7,hrc09,src09@display=sequential
hrc20,hrc20,95a42d41-dfc0-4ddf-ae33-f22f4f4f7632,hrc09,src09@display=sequential
hrc04,hrc09,b2f07ae4-3913-406a-b5a9-14721e18db1e,hrc04,src09@display=sequential
hrc04,hrc09,63f7f7f4-368f-486f-8fef-7458e62a7909,hrc04,src09@display=sequential
hrc04,hrc04,7049aa82-15c3-4aa7-807f-379c1ea7f2c9,hrc09,src09@display=sequential
hrc04,hrc04,0a1969d8-7cd3-499e-8b05-180327e7639d,hrc09,src09@display=sequential
hrc04,hrc04,2f5c9d18-91f7-4d55-a880-82131b6af0d3,hrc09,src09@display=sequential
hrc04,hrc04,6ab68eee-6d2b-46e8-b03a-b267fb0eac35,hrc09,src09@display=sequential
hrc04,hrc09,cce62b97-6ffc-4119-89f5-102422ff2691,hrc04,src09@display=sequential
hrc04,hrc09,e6f8bc6b-e67a-4141-9f44-5abe35c62046,hrc04,src09@display=sequential
hrc04,hrc09,6dd8d337-692a-485b-b57f-6af0f846c35d,hrc04,src09@display=sequential
hrc04,hrc09,e9f063c9-f724-4652-b11a-5e4f1b67c58a,hrc04,src09@display=sequential
hrc08,hrc20,b2f07ae4-3913-406a-b5a9-14721e18db1e,hrc08,src06@display=sequential
hrc08,hrc20,02687abe-f686-4204-92d8-486ea4cbc178,hrc08,src06@display=sequential
,hrc08,9431de3e-ad59-46eb-b7d4-71d8c1a9b15a,hrc20,src06@display=sequential
hrc08,hrc08,f3344844-a685-491f-b82c-2b0d069dc1cc,hrc20,src06@display=sequential
hrc08,hrc20,3125536d-6555-425a-b49f-e4ae86ecbb4e,hrc08,src06@display=sequential
hrc08,hrc20,6a4a2c2c-2e8e-47c8-bf35-4d48dc10350a,hrc08,src06@display=sequential
hrc20,hrc20,f60a36aa-458a-4e8d-a50a-4a398ad38cb2,hrc08,src06@display=sequential
hrc20,hrc08,6b443695-605c-4b3e-ad5c-4504b6a4935b,hrc20,src06@display=sequential
hrc20,hrc08,8ef6518d-4f93-431e-b9bc-9b0af8ccfb8d,hrc20,src06@display=sequential
hrc08,hrc20,e58844a6-5ea7-4ff9-84af-63ca198af1e2,hrc08,src06@display=sequential
hrc18,hrc10,b2f07ae4-3913-406a-b5a9-14721e18db1e,hrc18,src02@display=sequential
hrc10,hrc18,7f66d17f-e0f8-4000-938a-38fdb600fcc2,hrc10,src02@display=sequential
hrc18,hrc18,63f7f7f4-368f-486f-8fef-7458e62a7909,hrc10,src02@display=sequential
hrc18,hrc18,1ac2dd7c-2993-4a15-a53f-3af54deb2789,hrc10,src02@display=sequential
hrc18,hrc10,222b099d-9a10-42b8-886d-9a79c05de256,hrc18,src02@display=sequential
hrc18,hrc18,d7f3aecf-d290-43fd-9be3-4d98d3431ac1,hrc10,src02@display=sequential
hrc18,hrc18,133ad39e-5998-410a-b3de-f89eff90206c,hrc10,src02@display=sequential
hrc18,hrc18,5db97e29-51c6-4d87-9897-b63690e31c52,hrc10,src02@display=sequential
hrc18,hrc18,9a7623a5-6e59-4ac2-82aa-7d649f48d3f8,hrc10,src02@display=sequential
hrc10,hrc10,6167a62f-8c9a-478a-bf9c-8c81420948a8,hrc18,src02@display=sequential
original,original,62dfcc1a-f13d-43b7-b124-9461292a7415,hrc08,src08@display=sequential
hrc08,hrc08,6135ed7f-5dda-4d85-87d3-be5893060467,original,src08@display=sequential
hrc08,hrc08,e833d5d7-37b6-4a78-a6b4-3f21fe78fda7,original,src08@display=sequential
,original,03ef0614-5880-4283-869c-e93d4b9d990e,hrc08,src08@display=sequential
original,original,74af2a5c-993c-4783-9d09-ade01b63051f,hrc08,src08@display=sequential
original,original,0493648c-4348-4a60-af6d-775313df1a69,hrc08,src08@display=sequential
,original,f081f320-f89e-4b1d-8b57-482c199bf00f,hrc08,src08@display=sequential
,hrc08,f5c65d98-da4b-4ebe-8638-393f3d2741c0,original,src08@display=sequential
original,hrc08,d9de9b07-c463-4078-b164-68c2f997bfce,original,src08@display=sequential
original,original,b23e36d2-c068-4aef-8659-04dc5a8f7fe0,hrc08,src08@display=sequential
hrc07,hrc07,62dfcc1a-f13d-43b7-b124-9461292a7415,hrc12,src05@display=sequential
hrc12,hrc07,fe33fee8-5006-45d4-8417-1d434a61505d,hrc12,src05@display=sequential
hrc07,hrc07,57c09e89-1614-4d50-8112-d27c826ebf65,hrc12,src05@display=sequential
hrc07,hrc07,52c48d4b-8b72-4117-a188-ce6867e127a7,hrc12,src05@display=sequential
,hrc12,0a613023-d4c7-4410-b039-c972f3cf3e04,hrc07,src05@display=sequential
hrc07,hrc07,33920445-a272-4833-a2bd-b60fa5a04536,hrc12,src05@display=sequential
hrc12,hrc12,4a76f2f7-9d33-49ba-8cc4-1cf92c5da2d4,hrc07,src05@display=sequential
hrc07,hrc07,a289f0fe-8e3d-48c8-b3d3-d09b6d17b9f8,hrc12,src05@display=sequential
hrc12,hrc12,d693e8cd-acbe-470b-bf2b-5c6ff409dc71,hrc07,src05@display=sequential
,hrc12,0e6bd588-76a1-47fe-8393-5e2f3cf4168a,hrc07,src05@display=sequential
hrc02,hrc02,bb8b1f5a-3ed7-40f4-8e3b-17cf31d1fd2b,hrc17,src01@display=sequential
hrc02,hrc17,e828d90a-90b1-4c9b-85b2-5eb87e19463f,hrc02,src01@display=sequential
hrc02,hrc17,b3ab6afb-5443-4339-b704-960084f98591,hrc02,src01@display=sequential
hrc02,hrc17,e107ed08-0b73-4c35-8f6b-f7cc4fa9ebd6,hrc02,src01@display=sequential
hrc02,hrc17,31139786-676b-4e53-9762-4f0e8cc93727,hrc02,src01@display=sequential
hrc02,hrc02,f286d2c9-0a31-42fd-af9d-f5d49f3d8482,hrc17,src01@display=sequential
hrc02,hrc17,2be68ad6-657e-4ffe-b18b-9bca4e91fd1a,hrc02,src01@display=sequential
hrc02,hrc02,55d3eb0b-85e9-424a-8a9b-61d092b40bd1,hrc17,src01@display=sequential
hrc02,hrc17,08f89d86-d913-4fe9-b96e-90342304c107,hrc02,src01@display=sequential
hrc02,hrc17,96c12748-598a-4c44-85ec-d5f3eafc8b88,hrc02,src01@display=sequential
hrc02,hrc02,a8778d33-16cc-44bf-9465-c8c2ea966646,hrc08,src04@display=sequential
hrc02,hrc08,6b891a74-b253-4dc5-b5fe-567e9aa20da9,hrc02,src04@display=sequential
hrc02,hrc08,192032f1-d829-4694-87f8-740a5b69b17c,hrc02,src04@display=sequential
hrc02,hrc02,f0119fe7-19cb-45d6-98b1-8d30f3994399,hrc08,src04@display=sequential
hrc02,hrc02,8809b6cf-50cf-4c1e-8184-379e403aa7c4,hrc08,src04@display=sequential
hrc02,hrc02,d17f9416-d50c-4520-a1c8-c8482f856518,hrc08,src04@display=sequential
hrc02,hrc08,fb99a2e3-6eef-43f1-9bb6-9d2a39a89d68,hrc02,src04@display=sequential
hrc02,hrc08,e02609ec-35cf-456d-b864-7676af978c4b,hrc02,src04@display=sequential
hrc02,hrc02,b93642b3-a858-453c-b8e3-9cd43fc58f9e,hrc08,src04@display=sequential
,hrc08,30969ea8-c94c-4f11-9226-95ec5c8c8f03,hrc02,src04@display=sequential
hrc12,hrc13,6b891a74-b253-4dc5-b5fe-567e9aa20da9,hrc12,src02@display=sequential
hrc12,hrc13,211e49fa-fc80-47ae-a50a-15426f09fa31,hrc12,src02@display=sequential
hrc12,hrc12,9431de3e-ad59-46eb-b7d4-71d8c1a9b15a,hrc13,src02@display=sequential
hrc12,hrc13,0691e239-86d2-4f18-9569-54691f5edf2c,hrc12,src02@display=sequential
hrc12,hrc13,6f842774-fc05-48d4-a002-71b2aa489b59,hrc12,src02@display=sequential
hrc12,hrc12,75d3b625-b4cb-421e-8d02-6b64d24248ea,hrc13,src02@display=sequential
hrc12,hrc13,da0b33d7-d588-4595-b322-5d8c898978e4,hrc12,src02@display=sequential
hrc12,hrc12,2a7ae114-b740-4a89-8ed5-1a599b046d0a,hrc13,src02@display=sequential
hrc12,hrc12,a67d4d4f-72b8-4fa5-b507-179a49dbc862,hrc13,src02@display=sequential
hrc12,hrc12,f3898e02-ebd4-402b-90c3-9f2575211afc,hrc13,src02@display=sequential
hrc19,hrc18,6b891a74-b253-4dc5-b5fe-567e9aa20da9,hrc19,src01@display=sequential
hrc19,hrc18,211e49fa-fc80-47ae-a50a-15426f09fa31,hrc19,src01@display=sequential
hrc19,hrc19,94bd995b-79a8-4b12-9fbc-f1f9f63dfdbf,hrc18,src01@display=sequential
hrc19,hrc18,8d4a618f-7184-43bd-9513-10873098a873,hrc19,src01@display=sequential
hrc19,hrc18,630902ff-4e93-4002-a561-a300b5a42928,hrc19,src01@display=sequential
hrc19,hrc18,7dad68b5-2969-4d35-8426-a97f213bdaf4,hrc19,src01@display=sequential
hrc19,hrc19,86b0a474-8f1a-4b98-894e-c0ce21f94dce,hrc18,src01@display=sequential
hrc19,hrc19,abff7351-c218-40d5-8aa9-fc7b1a5d8429,hrc18,src01@display=sequential
hrc19,hrc19,9bf893fd-8e82-4b0e-bc2b-b001e5f912c4,hrc18,src01@display=sequential
hrc19,hrc19,4a2d56ff-0393-4f08-9121-e22c41b4c51f,hrc18,src01@display=sequential
hrc12,hrc12,8fc87c48-7bd5-4eef-9a74-49511a30296c,hrc04,src02@display=sequential
,hrc04,1a2abb6c-4336-478a-91fa-c99e4106a3cc,hrc12,src02@display=sequential
hrc04,hrc12,b189d345-e28a-4e58-9ed3-5e4acd21add1,hrc04,src02@display=sequential
,hrc04,da85add1-f1b2-4d6c-a92c-16edac52b42b,hrc12,src02@display=sequential
hrc04,hrc12,653d3a44-c7c2-4735-9899-3247fc68381e,hrc04,src02@display=sequential
hrc04,hrc12,5c7751e7-9750-4406-9966-89fd02b9c880,hrc04,src02@display=sequential
,hrc12,5018c844-da80-412a-8af7-3d05af5fdef8,hrc04,src02@display=sequential
hrc04,hrc12,58202c2c-6ed0-49f9-bd1c-0ee22c7dec66,hrc04,src02@display=sequential
hrc04,hrc04,a3d57e9a-630c-4320-8a26-435a9d86ed76,hrc12,src02@display=sequential
hrc04,hrc12,58728ea0-6590-46a3-a689-df5c9daab943,hrc04,src02@display=sequential
hrc02,hrc02,8fc87c48-7bd5-4eef-9a74-49511a30296c,hrc10,src06@display=sequential
hrc02,hrc02,b9478e46-608d-4b40-85f2-6d5ebe427241,hrc10,src06@display=sequential
hrc02,hrc02,3ef600ff-b8b8-4571-8b95-e601a6f55984,hrc10,src06@display=sequential
hrc02,hrc02,da85add1-f1b2-4d6c-a92c-16edac52b42b,hrc10,src06@display=sequential
hrc02,hrc02,3fa51d84-1a9d-4cf7-8204-2ab2685cd7be,hrc10,src06@display=sequential
hrc02,hrc02,58a49050-238b-432e-afa5-5ecb7c8183cb,hrc10,src06@display=sequential
,hrc10,70d291f3-ba18-41ee-b459-63c9e8e05b5e,hrc02,src06@display=sequential
hrc02,hrc10,bb12ebc6-b177-4457-8641-32a00e45e4a3,hrc02,src06@display=sequential
hrc02,hrc10,f4e3ae9d-eacf-4aa7-8112-8fd261fe5350,hrc02,src06@display=sequential
hrc02,hrc10,4bb20196-b209-4ff6-b04e-cc3536d6a71e,hrc02,src06@display=sequential
hrc07,hrc08,6b9a4e34-52b8-4521-aef8-113f03c2eed5,hrc07,src02@display=sequential
hrc07,hrc08,f2e8c7d8-a560-4d86-95c1-9a382b47082e,hrc07,src02@display=sequential
hrc07,hrc08,ce2acc22-6dc0-4d57-bf52-34e031ecb83c,hrc07,src02@display=sequential
hrc07,hrc08,9280e338-65c6-4436-b3ea-a9ea8eda154f,hrc07,src02@display=sequential
hrc07,hrc07,6138f355-0d67-4ba4-b05d-14e0b0d74414,hrc08,src02@display=sequential
hrc07,hrc08,f264924b-f4f0-43e6-8f91-b52f1d661da2,hrc07,src02@display=sequential
hrc07,hrc08,317542a8-f621-48a9-9b33-a2887072545f,hrc07,src02@display=sequential
hrc07,hrc07,e821abbf-0fb6-4ae2-ac63-ba7b31bec9fc,hrc08,src02@display=sequential
hrc07,hrc07,b80f00b9-eab1-4fc9-807a-f0f2300dd67c,hrc08,src02@display=sequential
hrc07,hrc08,88da8301-e4b8-4cae-a783-ce505f802cbd,hrc07,src02@display=sequential
hrc19,hrc19,fe33fee8-5006-45d4-8417-1d434a61505d,hrc12,src04@display=sequential
hrc19,hrc19,57c09e89-1614-4d50-8112-d27c826ebf65,hrc12,src04@display=sequential
hrc12,hrc12,1cd0a690-9a45-4224-b1bf-e4d32d4789b5,hrc19,src04@display=sequential
,hrc19,a79372d9-f532-4d0a-9819-25b31a6f5090,hrc12,src04@display=sequential
hrc19,hrc12,1d5750bc-8caa-403b-b8cb-7843720e4e19,hrc19,src04@display=sequential
hrc19,hrc19,ad4a8214-8f58-4022-b373-a21582fdc842,hrc12,src04@display=sequential
hrc12,hrc12,da4644b1-335d-468a-8df0-814cc400fa8a,hrc19,src04@display=sequential
,hrc19,09313056-ebad-4866-92f8-0be6160820e5,hrc12,src04@display=sequential
hrc19,hrc12,b9b99a88-ac1f-4fe7-a09c-438e278f3476,hrc19,src04@display=sequential
hrc19,hrc19,ed16384e-9a7f-4dd5-b966-585e924233fa,hrc12,src04@display=sequential
,hrc21,94bd995b-79a8-4b12-9fbc-f1f9f63dfdbf,hrc02,src07@display=sequential
hrc02,hrc02,b189d345-e28a-4e58-9ed3-5e4acd21add1,hrc21,src07@display=sequential
,hrc02,fb0e1f06-4470-4634-afee-196d114b43b6,hrc21,src07@display=sequential
,hrc02,aff72792-47ad-419e-9732-8b02aa415e28,hrc21,src07@display=sequential
hrc02,hrc02,ecf73c1d-2209-4416-b005-26b678216634,hrc21,src07@display=sequential
,hrc21,d7f3aecf-d290-43fd-9be3-4d98d3431ac1,hrc02,src07@display=sequential
,hrc02,3f5f7b8c-cd59-4d11-b12e-b8f93a47cf5c,hrc21,src07@display=sequential
hrc21,hrc02,ba2e8111-193c-4c3d-8d6a-70f8f72bbea2,hrc21,src07@display=sequential
hrc02,hrc21,f265067e-4156-41bf-a356-5489e7eb5f56,hrc02,src07@display=sequential
hrc02,hrc21,6b7cf11a-44c3-48d0-87a8-cdc05b3801e6,hrc02,src07@display=sequential
hrc12,hrc12,57357bed-fa07-439c-9372-137abde6515b,hrc08,src07@display=sequential
hrc12,hrc12,192032f1-d829-4694-87f8-740a5b69b17c,hrc08,src07@display=sequential
hrc12,hrc08,c4e9ca97-a225-4610-a601-6fb7b294f85c,hrc12,src07@display=sequential
hrc12,hrc12,5386aada-2e84-4b87-920b-147898ce357b,hrc08,src07@display=sequential
hrc12,hrc08,a1f80cb0-486f-4698-bf3f-26cb0a65d353,hrc12,src07@display=sequential
hrc12,hrc12,e6f8bc6b-e67a-4141-9f44-5abe35c62046,hrc08,src07@display=sequential
hrc12,hrc12,de72b01b-833a-4081-8d29-5f625c2d03fb,hrc08,src07@display=sequential
hrc12,hrc08,6cf2c76e-5f85-4403-82aa-d49cfb5b9422,hrc12,src07@display=sequential
hrc12,hrc08,d8160212-8dcd-4e7a-8d55-f10de6af90d9,hrc12,src07@display=sequential
hrc12,hrc12,668bbe46-836a-454f-ba33-dd4c33ddb6fd,hrc08,src07@display=sequential
hrc12,hrc08,f2e8c7d8-a560-4d86-95c1-9a382b47082e,hrc12,src09@display=sequential
hrc12,hrc08,b9478e46-608d-4b40-85f2-6d5ebe427241,hrc12,src09@display=sequential
hrc12,hrc08,f27f301b-6bbb-4542-bf08-11f97dbd22d2,hrc12,src09@display=sequential
hrc12,hrc12,1e281513-db9f-4c23-aacd-a5fc0f3f0ece,hrc08,src09@display=sequential
hrc12,hrc12,bc88e958-29d3-4133-a98f-8c59742f37ce,hrc08,src09@display=sequential
hrc12,hrc08,b18b958b-b908-4ebe-932d-e50c856c72a6,hrc12,src09@display=sequential
hrc12,hrc12,13a2756e-95aa-41fb-bf5d-20e5c9679c7e,hrc08,src09@display=sequential
hrc08,hrc12,da8f040c-b701-44b5-ac7a-47f459e0f56a,hrc08,src09@display=sequential
hrc12,hrc08,7e199bb2-9e3d-466f-b778-f12547a0ef72,hrc12,src09@display=sequential
hrc08,hrc08,cf62539a-dfa8-4a51-b330-bd4b8a49fcd1,hrc12,src09@display=sequential
hrc18,hrc18,ce2acc22-6dc0-4d57-bf52-34e031ecb83c,hrc10,src06@display=sequential
hrc18,hrc18,0b20d6f6-fcf4-43e4-a46c-1b42be59e085,hrc10,src06@display=sequential
hrc18,hrc18,e833d5d7-37b6-4a78-a6b4-3f21fe78fda7,hrc10,src06@display=sequential
hrc18,hrc10,ba43bf3c-660f-4297-aba2-e454ac146c64,hrc18,src06@display=sequential
hrc10,hrc10,99f86dbc-c997-48dd-a808-f815dab7c068,hrc18,src06@display=sequential
hrc18,hrc10,8ffc1eb7-3d8c-4803-a4ae-6c512d5e5478,hrc18,src06@display=sequential
hrc18,hrc10,f6e9c70a-c31e-4e0c-9454-2796cd957b8f,hrc18,src06@display=sequential
hrc18,hrc18,50492a39-a060-497d-8a49-c6ad52d40574,hrc10,src06@display=sequential
hrc18,hrc10,b23e36d2-c068-4aef-8659-04dc5a8f7fe0,hrc18,src06@display=sequential
hrc18,hrc10,c6346704-bff8-407a-af84-b379478d3cd2,hrc18,src06@display=sequential
hrc21,hrc21,5f05bf2e-edd6-48ae-83b0-bbad9be59c03,hrc20,src06@display=sequential
,hrc21,8f1ca983-841c-4d72-86e2-945a28de8cd6,hrc20,src06@display=sequential
hrc21,hrc21,400e826b-2859-4400-a0a8-9cb0ca818371,hrc20,src06@display=sequential
,hrc20,046a2d12-93ee-4c22-b4af-236d42e42716,hrc21,src06@display=sequential
hrc20,hrc20,34175692-f5d0-47a5-bac5-7d352d905d05,hrc21,src06@display=sequential
hrc21,hrc20,651b3bb1-0c2e-4a58-a8ff-c03001964285,hrc21,src06@display=sequential
hrc21,hrc21,a013f115-1c9c-4d46-85b2-9e4c2673ab14,hrc20,src06@display=sequential
hrc21,hrc21,b243f138-b89c-4c3a-8879-9292987c0c27,hrc20,src06@display=sequential
hrc21,hrc20,1d7e8443-fd1d-48b1-9a31-005a653ad28d,hrc21,src06@display=sequential
hrc21,hrc21,e2d4c222-36f6-4569-87c8-d78cdc2588f3,hrc20,src06@display=sequential
hrc20,hrc20,192032f1-d829-4694-87f8-740a5b69b17c,hrc10,src02@display=sequential
hrc20,hrc10,b7265973-03c7-49cf-9175-acfed74ae1c7,hrc20,src02@display=sequential
hrc20,hrc10,9ee5a4b0-d417-41e3-9cf1-3729e16ad280,hrc20,src02@display=sequential
hrc20,hrc10,dce23d6c-d138-4d23-95e5-005aef8ba310,hrc20,src02@display=sequential
hrc20,hrc20,306ef9fb-b2aa-4eb0-b6b7-f160a0880759,hrc10,src02@display=sequential
hrc20,hrc20,62df5c8a-e08f-42bf-9636-a410c58e7b85,hrc10,src02@display=sequential
hrc20,hrc20,62c65a02-fe11-4b7d-8a9f-f81de50ebaa3,hrc10,src02@display=sequential
hrc20,hrc20,d4868a7d-8256-414b-84a9-825087f26e37,hrc10,src02@display=sequential
hrc20,hrc10,3a63b826-0eed-47df-b419-9d445cda5305,hrc20,src02@display=sequential
hrc20,hrc10,b23e36d2-c068-4aef-8659-04dc5a8f7fe0,hrc20,src02@display=sequential
original,hrc10,7f66d17f-e0f8-4000-938a-38fdb600fcc2,original,src09@display=sequential
original,hrc10,28eb4aad-a4f2-49d8-a300-91829b85297f,original,src09@display=sequential
original,hrc10,b189d345-e28a-4e58-9ed3-5e4acd21add1,original,src09@display=sequential
original,hrc10,20e45293-4833-4c41-9853-2922c822270f,original,src09@display=sequential
original,hrc10,e7965f16-6621-4854-84b4-b552c5738880,original,src09@display=sequential
original,original,2a00693b-e684-4794-ac24-aa15b045d8eb,hrc10,src09@display=sequential
original,hrc10,eadefcd2-3e7b-4db5-a25d-9ebfe5da399e,original,src09@display=sequential
original,original,7fa97596-ab87-40b3-8e98-d7cad94abbea,hrc10,src09@display=sequential
original,hrc10,d96b7ae5-1e66-4e19-bcca-dcb1cf8f646d,original,src09@display=sequential
original,hrc10,4bb20196-b209-4ff6-b04e-cc3536d6a71e,original,src09@display=sequential
original,hrc07,1a2abb6c-4336-478a-91fa-c99e4106a3cc,original,src04@display=sequential
,original,e833d5d7-37b6-4a78-a6b4-3f21fe78fda7,hrc07,src04@display=sequential
original,hrc07,1d5c805c-effd-4a65-8548-6d56ca4ca24c,original,src04@display=sequential
,original,4224335e-26df-4d36-b1b2-51dc101f7e76,hrc07,src04@display=sequential
,original,34175692-f5d0-47a5-bac5-7d352d905d05,hrc07,src04@display=sequential
,hrc07,25110c9c-f0d7-4c05-b06a-1e805b4a0692,original,src04@display=sequential
,hrc07,df5575f6-7028-4152-850d-bfdbd7ff0569,original,src04@display=sequential
original,original,d10debac-78f1-47fd-b639-dd0a767a2115,hrc07,src04@display=sequential
,hrc07,1c06f64f-65bb-40e2-9a85-3330f967aefd,original,src04@display=sequential
,original,6dd0be1d-e48a-44f8-ae1e-f6387437d5dd,hrc07,src04@display=sequential
hrc05,hrc05,b066ef4f-1fb5-4a6d-b1d7-5a4e654c3efa,hrc16,src09@display=sequential
hrc05,hrc16,84a655db-ea7f-4628-a0ee-cfac0fa9c28e,hrc05,src09@display=sequential
hrc05,hrc05,36cb46ba-2416-4e33-8134-040d59c29db7,hrc16,src09@display=sequential
hrc16,hrc16,389dadbc-d92b-46ab-9e1d-6c635bb3c5aa,hrc05,src09@display=sequential
hrc16,hrc05,cb39772f-9dea-41e0-b6d2-008c4a858765,hrc16,src09@display=sequential
hrc16,hrc16,dbdce651-0354-4168-86b0-feb47a871b13,hrc05,src09@display=sequential
hrc16,hrc16,9fd1b181-02a1-4f1c-8cba-bb8193353de9,hrc05,src09@display=sequential
hrc05,hrc05,0282e284-6075-4272-8e47-0514da6c0239,hrc16,src09@display=sequential
hrc16,hrc16,4a0e0461-c8eb-4110-a0b5-fad9b69abf34,hrc05,src09@display=sequential
hrc16,hrc16,bf3cb4fa-49fa-4340-a93a-968c70951b9d,hrc05,src09@display=sequential
,hrc12,8f1ca983-841c-4d72-86e2-945a28de8cd6,original,src03@display=sequential
hrc12,original,63f7f7f4-368f-486f-8fef-7458e62a7909,hrc12,src03@display=sequential
hrc12,original,3a58be0e-af57-4db0-b60d-eb75d3e7c349,hrc12,src03@display=sequential
original,hrc12,438e8653-e2e4-4d7e-b701-1cd1aff05f82,original,src03@display=sequential
,hrc12,3f85bc0e-c112-4433-8f8f-45ffb4d9f825,original,src03@display=sequential
,original,1b17167c-cbf2-48e2-8bf0-51adbb5d57e0,hrc12,src03@display=sequential
hrc12,hrc12,33646442-3d35-4986-9939-550b7bd59125,original,src03@display=sequential
hrc12,hrc12,28baa163-62aa-4091-9067-f78967afea4a,original,src03@display=sequential
hrc12,original,67ca9cde-86c8-4ddb-890a-128b94e38020,hrc12,src03@display=sequential
original,hrc12,1c2a4829-ce7e-4d25-b351-e3dd50c04aff,original,src03@display=sequential
hrc02,hrc02,d0c61afd-7aff-4a1d-9e82-3b047a761915,hrc18,src08@display=sequential
hrc02,hrc02,ea4c2ce7-4a48-4590-9d5e-0592ae88a555,hrc18,src08@display=sequential
hrc02,hrc18,943e61f6-dc70-42d1-ab00-bd193c341085,hrc02,src08@display=sequential
hrc02,hrc18,9b102348-ca8a-4c5b-8d7d-a1878bcb82d3,hrc02,src08@display=sequential
hrc02,hrc18,5d2512ce-fedd-483b-818a-932259712b71,hrc02,src08@display=sequential
hrc02,hrc18,d93492c2-f0b1-484d-9d63-b66f217afdea,hrc02,src08@display=sequential
hrc02,hrc02,72e7431d-e9dc-43b5-9e38-6d3780f298ea,hrc18,src08@display=sequential
hrc02,hrc18,53740b0e-a70b-4465-b745-472a3a1afd99,hrc02,src08@display=sequential
,hrc02,2268b1e8-ab95-4a64-bbb0-4dc64f270f4f,hrc18,src08@display=sequential
hrc02,hrc18,388ed430-804e-41cf-99d5-f38198e8fcd1,hrc02,src08@display=sequential
,hrc04,f936dac4-e73d-41d4-b1e6-f9c3189f9fd1,hrc19,src06@display=sequential
,hrc19,e4933001-a28b-487d-9bfd-c114ce6d130e,hrc04,src06@display=sequential
hrc04,hrc04,9ccbd073-8175-4ca6-a2d7-9bb08948a46f,hrc19,src06@display=sequential
hrc19,hrc19,6f842774-fc05-48d4-a002-71b2aa489b59,hrc04,src06@display=sequential
hrc04,hrc19,91e0d1d4-9f7e-4756-a50a-12bd3bbd1941,hrc04,src06@display=sequential
hrc04,hrc04,b690625f-e142-4388-b4a1-8208baee2107,hrc19,src06@display=sequential
hrc04,hrc19,5d3dc6a3-01dc-43b0-8cff-bfbde0c40871,hrc04,src06@display=sequential
hrc04,hrc04,bb6d0d2d-b94a-492f-94a9-f55ed5467e0e,hrc19,src06@display=sequential
hrc04,hrc04,c4b4c465-69fa-4440-8297-38bbd5b0b5d4,hrc19,src06@display=sequential
hrc04,hrc19,8016f341-9a26-4b5e-bc01-b857242d960b,hrc04,src06@display=sequential
hrc20,hrc16,c351a2a2-c54e-4c05-a690-2ef4b7fa7f7d,hrc20,src02@display=sequential
hrc20,hrc16,d99ad3ae-8b0c-4beb-8079-541552a06b3d,hrc20,src02@display=sequential
hrc20,hrc16,84e9c5d9-f0e9-4b75-a0b5-ab23597e13db,hrc20,src02@display=sequential
hrc20,hrc16,0c3224df-0ca1-473b-9ab7-3466eabb0233,hrc20,src02@display=sequential
hrc20,hrc16,68c0527c-5834-4f6e-9b86-785f8c121744,hrc20,src02@display=sequential
hrc20,hrc20,74baf96c-84eb-4b58-8ed9-1bbe2c73d85a,hrc16,src02@display=sequential
hrc20,hrc16,3f40ceea-2e6d-472c-81ea-76ff6c95e550,hrc20,src02@display=sequential
hrc20,hrc16,39d43d5b-46f8-414f-9020-3222318f84dc,hrc20,src02@display=sequential
hrc20,hrc16,dd499e6e-bc1b-4090-a03c-6f903502c697,hrc20,src02@display=sequential
hrc20,hrc20,5efbb928-3bec-4b6c-b8c5-41607eba8d77,hrc16,src02@display=sequential
hrc18,hrc13,630ff0a1-fb06-4ccb-8371-5093b4b80f83,hrc18,src05@display=sequential
hrc18,hrc13,7049aa82-15c3-4aa7-807f-379c1ea7f2c9,hrc18,src05@display=sequential
hrc18,hrc13,4f379e80-7986-435e-80da-90d2288a9137,hrc18,src05@display=sequential
hrc18,hrc18,4bb7ddad-6f61-4af0-a929-abcc95347a33,hrc13,src05@display=sequential
hrc18,hrc18,fcb49f3d-24e4-48f4-b819-5a1d0dd9a3ab,hrc13,src05@display=sequential
hrc18,hrc18,2cabc179-9b0a-4956-abc4-db3cf2e03f98,hrc13,src05@display=sequential
hrc18,hrc13,69f0d010-abd8-4344-9f51-d04c4a5ddfe7,hrc18,src05@display=sequential
hrc18,hrc13,2815e5fa-b68b-48d8-accb-0c3f76be3c48,hrc18,src05@display=sequential
hrc13,hrc18,82a2a32f-6ef7-40ab-a7a3-0abcb70eed2a,hrc13,src05@display=sequential
hrc18,hrc13,7636c232-cf8e-42d0-9b8d-10d48c444b17,hrc18,src05@display=sequential
hrc09,hrc05,8f3ff7d0-6b93-41a4-95c3-9d0134c0d6cb,hrc09,src08@display=sequential
hrc09,hrc05,cfea4206-4dd5-4ab5-a9ee-e12be9395f29,hrc09,src08@display=sequential
hrc09,hrc05,3b98f084-15aa-4f10-bb56-097bd5a7cfad,hrc09,src08@display=sequential
hrc09,hrc05,1c222557-129c-413d-b05a-5e68afeca1fd,hrc09,src08@display=sequential
hrc09,hrc05,e1605e65-ef4d-48eb-92d4-c83f6c733031,hrc09,src08@display=sequential
hrc09,hrc05,37a3a09a-748e-4cea-8c39-9b3b93a32ee8,hrc09,src08@display=sequential
hrc09,hrc09,71a24918-51dc-498e-a290-b05897aeb40e,hrc05,src08@display=sequential
hrc09,hrc05,20b82720-584e-4871-83c5-e88aec82c7ff,hrc09,src08@display=sequential
hrc05,hrc05,2daff1ae-37c2-45ec-b0eb-0e2eb34872bb,hrc09,src08@display=sequential
hrc09,hrc09,fb5480ba-84ba-44f1-b7ef-93dbfcb1be78,hrc05,src08@display=sequential
hrc21,hrc05,5ba03f4d-6560-4a57-94c8-966615c2029b,hrc21,src07@display=sequential
hrc21,hrc05,463e62be-6f60-44e3-bc69-d7d4bd290f0d,hrc21,src07@display=sequential
hrc21,hrc21,a808a4de-7bea-4369-8f71-1cb7d12f07d2,hrc05,src07@display=sequential
hrc21,hrc05,2dbcc381-f90b-45b5-86a0-21b327c40e1c,hrc21,src07@display=sequential
hrc21,hrc21,31811b90-af18-4758-9253-b38578b9ed62,hrc05,src07@display=sequential
hrc21,hrc21,1c2a4829-ce7e-4d25-b351-e3dd50c04aff,hrc05,src07@display=sequential
hrc21,hrc21,78303b02-0ba1-4849-8789-c6c7c276bb31,hrc05,src07@display=sequential
hrc21,hrc21,e833d5d7-37b6-4a78-a6b4-3f21fe78fda7,hrc05,src07@display=sequential
hrc21,hrc05,19e7ead1-67fa-4926-8271-f0c799875d36,hrc21,src07@display=sequential
hrc21,hrc05,53466a3c-2c62-4717-b913-22fec5e4d2d9,hrc21,src07@display=sequential
chrc04,chrc04,943e61f6-dc70-42d1-ab00-bd193c341085,chrc08,csrc11@display=sequential
chrc08,chrc08,f532281c-30f2-4a67-916d-92f3230bdf18,chrc04,csrc11@display=sequential
chrc04,chrc04,46988bee-31b6-4324-8234-6c77582cea87,chrc08,csrc11@display=sequential
chrc04,chrc04,37d9329c-b27d-4e17-9128-3c5b2f9003e1,chrc08,csrc11@display=sequential
,chrc08,78e26595-e75f-4806-a6ed-26d6e8f35a1b,chrc04,csrc11@display=sequential
chrc04,chrc08,b9b99a88-ac1f-4fe7-a09c-438e278f3476,chrc04,csrc11@display=sequential
chrc04,chrc08,9baf0479-ee75-4c1d-a964-9c05587af8b1,chrc04,csrc11@display=sequential
chrc04,chrc08,f7a57a0e-fc33-4611-9435-fd7e359f7394,chrc04,csrc11@display=sequential
chrc08,chrc04,6eb5a5d1-481b-4555-aa32-c0790e9e2589,chrc08,csrc11@display=sequential
,chrc08,8d8628ca-83a4-40d2-b94c-08e90b8944e4,chrc04,csrc11@display=sequential
hrc04,hrc19,534e0a10-19b0-4438-8138-70759d080fbe,hrc04,src02@display=sequential
hrc04,hrc19,e8e5c81a-3625-4b91-8db0-69e7fc222356,hrc04,src02@display=sequential
hrc04,hrc04,e4bae4c3-c65c-4141-9322-84691c956ebc,hrc19,src02@display=sequential
hrc19,hrc04,24d9d790-2ae1-466a-b5d4-7d54cbb3d13f,hrc19,src02@display=sequential
hrc04,hrc19,37d9329c-b27d-4e17-9128-3c5b2f9003e1,hrc04,src02@display=sequential
hrc04,hrc19,b33b3126-3379-45c3-aee4-013638446db5,hrc04,src02@display=sequential
hrc04,hrc04,0c75c2cb-4183-4187-8e95-1ddec654b46f,hrc19,src02@display=sequential
hrc04,hrc04,66bbfe16-e8a0-4b41-bbb9-8d4184c0f119,hrc19,src02@display=sequential
hrc04,hrc04,ddffe468-0319-485b-a9f2-2d7cb355367d,hrc19,src02@display=sequential
hrc04,hrc04,c6346704-bff8-407a-af84-b379478d3cd2,hrc19,src02@display=sequential
hrc04,hrc10,534e0a10-19b0-4438-8138-70759d080fbe,hrc04,src07@display=sequential
hrc04,hrc04,7eec4eb4-02fe-46aa-b975-28d23474037f,hrc10,src07@display=sequential
hrc04,hrc10,3768d6e7-7966-4982-9ab8-ae2660e156e7,hrc04,src07@display=sequential
hrc10,hrc10,91c69418-ca88-47fa-9045-520cb13e2506,hrc04,src07@display=sequential
hrc04,hrc10,acf7d6bd-9041-4faf-ad16-b17383982915,hrc04,src07@display=sequential
hrc04,hrc10,58202c2c-6ed0-49f9-bd1c-0ee22c7dec66,hrc04,src07@display=sequential
hrc04,hrc10,086d0330-b9c6-4f82-a316-35e94ab7a6a7,hrc04,src07@display=sequential
hrc04,hrc04,90fb2795-6b00-41e1-9332-4593f10a9aed,hrc10,src07@display=sequential
hrc04,hrc10,fc8b30b8-66ed-4a7c-a34d-169a0a459c61,hrc04,src07@display=sequential
hrc04,hrc10,77d5559f-b918-4334-9319-a6e7ed7df260,hrc04,src07@display=sequential
hrc21,original,534e0a10-19b0-4438-8138-70759d080fbe,hrc21,src04@display=sequential
,original,84e9c5d9-f0e9-4b75-a0b5-ab23597e13db,hrc21,src04@display=sequential
hrc21,original,3768d6e7-7966-4982-9ab8-ae2660e156e7,hrc21,src04@display=sequential
,hrc21,83d19ff1-7b53-43bc-a20e-c0b147ea8546,original,src04@display=sequential
,hrc21,dbdce651-0354-4168-86b0-feb47a871b13,original,src04@display=sequential
,hrc21,e88a08d0-13f6-4bf9-ad6e-ddd7c77f7373,original,src04@display=sequential
hrc21,original,b2e4fd69-e297-428c-80bb-8e4c322696ae,hrc21,src04@display=sequential
,original,ae4c00ce-4550-481b-a407-ae258ddbd276,hrc21,src04@display=sequential
,hrc21,d35fe353-da0b-4b73-af6a-0993d3199c77,original,src04@display=sequential
original,hrc21,36f898fb-8984-45f6-83f4-7b853ab22f40,original,src04@display=sequential
hrc12,hrc16,e79fa7fb-62cf-4b20-8b29-1cd64f2820a4,hrc12,src01@display=sequential
hrc12,hrc12,84e9c5d9-f0e9-4b75-a0b5-ab23597e13db,hrc16,src01@display=sequential
hrc12,hrc12,534e0a10-19b0-4438-8138-70759d080fbe,hrc16,src01@display=sequential
hrc12,hrc12,d445a949-d7c2-4196-b6a8-50cf9b19cc10,hrc16,src01@display=sequential
hrc12,hrc16,bd9239e9-b8b4-43eb-a5a6-1abbf7090483,hrc12,src01@display=sequential
hrc12,hrc12,04e95b2d-3ea9-40f2-b0b2-68e0877d4e5d,hrc16,src01@display=sequential
hrc12,hrc12,36f898fb-8984-45f6-83f4-7b853ab22f40,hrc16,src01@display=sequential
hrc12,hrc12,91c69418-ca88-47fa-9045-520cb13e2506,hrc16,src01@display=sequential
hrc12,hrc12,7eec4eb4-02fe-46aa-b975-28d23474037f,hrc16,src01@display=sequential
hrc16,hrc16,24d9d790-2ae1-466a-b5d4-7d54cbb3d13f,hrc12,src01@display=sequential
hrc04,hrc04,36f898fb-8984-45f6-83f4-7b853ab22f40,hrc12,src05@display=sequential
hrc12,hrc04,c4b4c465-69fa-4440-8297-38bbd5b0b5d4,hrc12,src05@display=sequential
hrc04,hrc12,b4f11a5a-15eb-4899-9de8-5e5e981ce37f,hrc04,src05@display=sequential
hrc04,hrc04,da4a495f-f672-4f49-a718-0acc3e86b358,hrc12,src05@display=sequential
,hrc04,534e0a10-19b0-4438-8138-70759d080fbe,hrc12,src05@display=sequential
hrc04,hrc04,521e23fd-4059-4bbf-95d9-705edc6713d6,hrc12,src05@display=sequential
,hrc04,7d3d38fd-547c-43c1-af86-0bc68bbb33af,hrc12,src05@display=sequential
,hrc12,5018c844-da80-412a-8af7-3d05af5fdef8,hrc04,src05@display=sequential
hrc12,hrc04,24d9d790-2ae1-466a-b5d4-7d54cbb3d13f,hrc12,src05@display=sequential
,hrc12,58c5db58-31c9-498a-84c7-f2656253c676,hrc04,src05@display=sequential
hrc07,hrc05,1dee3d32-1f26-414d-aec0-9ef6c3cfd86a,hrc07,src03@display=sequential
hrc07,hrc07,84e9c5d9-f0e9-4b75-a0b5-ab23597e13db,hrc05,src03@display=sequential
hrc07,hrc07,580e1413-4ae4-445e-962e-fe68d926449a,hrc05,src03@display=sequential
hrc07,hrc05,f57e8a92-b926-4e1b-b862-194acbd20f56,hrc07,src03@display=sequential
hrc07,hrc07,e2d4c222-36f6-4569-87c8-d78cdc2588f3,hrc05,src03@display=sequential
hrc07,hrc07,0c3224df-0ca1-473b-9ab7-3466eabb0233,hrc05,src03@display=sequential
hrc07,hrc05,21efd454-9af3-483d-91e5-6cf0ae03c848,hrc07,src03@display=sequential
hrc07,hrc05,bd9239e9-b8b4-43eb-a5a6-1abbf7090483,hrc07,src03@display=sequential
hrc07,hrc07,5de0605d-3090-497c-830c-5bf5a45ce692,hrc05,src03@display=sequential
hrc07,hrc05,d68fccce-10d0-4170-8046-4903861db29b,hrc07,src03@display=sequential
,hrc21,9d32f287-7a5a-4287-9f48-10a44fcb3304,hrc08,src05@display=sequential
hrc21,hrc08,1dee3d32-1f26-414d-aec0-9ef6c3cfd86a,hrc21,src05@display=sequential
hrc21,hrc08,3635d543-6970-461c-b195-dfdb99a24318,hrc21,src05@display=sequential
hrc21,hrc21,7e7c71d5-29cf-4dc2-b67b-49a564dcb072,hrc08,src05@display=sequential
,hrc21,84ef6bb8-cb60-4e35-94ee-4f6eb5bac7a4,hrc08,src05@display=sequential
hrc21,hrc08,8080cc99-04e0-4ae1-a824-a6d17c614abb,hrc21,src05@display=sequential
hrc21,hrc21,a5bfd6b9-ec5f-49d7-aad5-4f7a6c1bef00,hrc08,src05@display=sequential
hrc21,hrc08,333d401b-efa1-4532-857c-dc442646d7e1,hrc21,src05@display=sequential
hrc21,hrc21,d99ad3ae-8b0c-4beb-8079-541552a06b3d,hrc08,src05@display=sequential
,hrc08,27b30671-4eca-4ec3-9e08-9417482203c9,hrc21,src05@display=sequential
original,original,27b30671-4eca-4ec3-9e08-9417482203c9,chrc05,csrc14@display=sequential
chrc05,chrc05,99f86dbc-c997-48dd-a808-f815dab7c068,original,csrc14@display=sequential
original,chrc05,b591d7b2-ac40-4444-b6c7-d86eb5d52ea7,original,csrc14@display=sequential
original,chrc05,6e3e236c-b948-4a41-8b52-feb486da487b,original,csrc14@display=sequential
original,original,2ae6675c-c739-44f0-860a-11311acb04f1,chrc05,csrc14@display=sequential
,original,68d1f2b5-3293-45a5-b42e-e9c3da1c116f,chrc05,csrc14@display=sequential
original,original,bd7b1f78-9c0e-4064-9134-e2e03080215b,chrc05,csrc14@display=sequential
original,original,b5be2bf1-6a7d-4c5c-97a6-70da4d407bf6,chrc05,csrc14@display=sequential
original,chrc05,003c7620-28fb-4ea6-91fa-1e262f492774,original,csrc14@display=sequential
,chrc05,53ddf5cc-1602-4d03-9883-5332482a5feb,original,csrc14@display=sequential
hrc17,hrc17,e833d5d7-37b6-4a78-a6b4-3f21fe78fda7,hrc05,src09@display=sequential
hrc17,hrc17,3d0bf3f3-3243-42a4-9bc4-85c569e83dff,hrc05,src09@display=sequential
hrc17,hrc05,8d05d45d-efc8-477b-95a3-8473ca645610,hrc17,src09@display=sequential
hrc17,hrc17,45421f6a-1b14-4ed1-b5d8-8dacebed8b88,hrc05,src09@display=sequential
hrc17,hrc05,86df2c31-3d5e-4c20-8931-c3ef97cc34cd,hrc17,src09@display=sequential
hrc05,hrc05,656acb6a-98d6-4ca3-bb95-940aef8ce38e,hrc17,src09@display=sequential
hrc17,hrc17,927b9b1e-da20-4644-b8d6-f85a22be59d7,hrc05,src09@display=sequential
hrc05,hrc05,ebdd1319-f262-41ca-aba9-aabc27f9c28a,hrc17,src09@display=sequential
hrc17,hrc17,004eff23-2c97-4fd4-8603-adcac081627e,hrc05,src09@display=sequential
hrc05,hrc05,2373027a-04a9-4d76-b084-f53e20ed3cf4,hrc17,src09@display=sequential
hrc02,hrc12,9a32f30e-db52-4c25-93d0-fa4eb929c406,hrc02,src04@display=sequential
hrc02,hrc02,e4754d48-c525-4b9e-9c9c-0b518bf18951,hrc12,src04@display=sequential
,hrc12,de2094e7-f3b9-455e-8839-6d87e20caaba,hrc02,src04@display=sequential
,hrc02,faac7ea8-ec5f-4eb7-b401-1aa9a93a6a43,hrc12,src04@display=sequential
hrc02,hrc02,af6668ca-3a6d-4746-88a7-4c28b88de39c,hrc12,src04@display=sequential
hrc12,hrc12,12b434bf-907d-4561-8fc9-35ceaabb08ec,hrc02,src04@display=sequential
,hrc12,fc432dc9-f132-47ef-88ba-dfa8091b09a7,hrc02,src04@display=sequential
hrc12,hrc12,58c5db58-31c9-498a-84c7-f2656253c676,hrc02,src04@display=sequential
hrc12,hrc02,fa5bdffd-c51b-4e05-9f17-e622852412d1,hrc12,src04@display=sequential
,hrc12,e544d1dd-c998-44a6-83a8-086b969ce1de,hrc02,src04@display=sequential
hrc19,hrc16,e4754d48-c525-4b9e-9c9c-0b518bf18951,hrc19,src01@display=sequential
hrc19,hrc16,79ed6f1d-b369-4100-a6fd-b0a81d46b110,hrc19,src01@display=sequential
hrc19,hrc16,7f3041e3-410f-4d6c-bbe7-88fa3f554f22,hrc19,src01@display=sequential
hrc19,hrc19,566fb7d8-e6ca-43c7-ae5a-48aca6a507a4,hrc16,src01@display=sequential
hrc19,hrc19,9c1c0670-84be-45e4-8b42-6435e7d64c55,hrc16,src01@display=sequential
hrc19,hrc16,f4884865-8ee6-4c6d-87e0-7b69ee065577,hrc19,src01@display=sequential
hrc19,hrc16,ed16384e-9a7f-4dd5-b966-585e924233fa,hrc19,src01@display=sequential
hrc19,hrc19,4a6a6f68-c5c9-4bbd-8a01-006271fff551,hrc16,src01@display=sequential
hrc19,hrc19,d99ad3ae-8b0c-4beb-8079-541552a06b3d,hrc16,src01@display=sequential
hrc19,hrc19,bf5f4b87-d05a-440d-9431-6620c1795e60,hrc16,src01@display=sequential
hrc17,hrc17,64b1b899-f049-46b3-a73c-f6a9365c1ed0,hrc16,src08@display=sequential
hrc17,hrc16,086fa07b-23fc-412b-8ce3-a01afdd6db7f,hrc17,src08@display=sequential
,hrc16,3768d6e7-7966-4982-9ab8-ae2660e156e7,hrc17,src08@display=sequential
hrc17,hrc16,e4754d48-c525-4b9e-9c9c-0b518bf18951,hrc17,src08@display=sequential
hrc17,hrc17,3635d543-6970-461c-b195-dfdb99a24318,hrc16,src08@display=sequential
hrc17,hrc17,c79ca1a1-db1e-4f12-8a20-b18e8b065ead,hrc16,src08@display=sequential
,hrc16,36f898fb-8984-45f6-83f4-7b853ab22f40,hrc17,src08@display=sequential
hrc17,hrc17,333d401b-efa1-4532-857c-dc442646d7e1,hrc16,src08@display=sequential
hrc17,hrc16,c3a2f596-b8f4-49f0-a9b5-c2f77d98ee55,hrc17,src08@display=sequential
hrc17,hrc16,fb99a2e3-6eef-43f1-9bb6-9d2a39a89d68,hrc17,src08@display=sequential
hrc09,hrc05,e4754d48-c525-4b9e-9c9c-0b518bf18951,hrc09,src07@display=sequential
hrc09,hrc05,566fb7d8-e6ca-43c7-ae5a-48aca6a507a4,hrc09,src07@display=sequential
hrc09,hrc05,521e23fd-4059-4bbf-95d9-705edc6713d6,hrc09,src07@display=sequential
hrc09,hrc05,f8fc5b01-7f46-4d90-92c3-e58de4c1b086,hrc09,src07@display=sequential
hrc09,hrc05,f532281c-30f2-4a67-916d-92f3230bdf18,hrc09,src07@display=sequential
hrc09,hrc09,6d66f594-4737-4487-b592-d48f77080be2,hrc05,src07@display=sequential
hrc09,hrc05,33e83277-87c9-40aa-9ef4-04f73519dc05,hrc09,src07@display=sequential
hrc09,hrc09,f836f93f-9bb9-48a0-9294-9c768e1c23a2,hrc05,src07@display=sequential
hrc09,hrc05,86b0a474-8f1a-4b98-894e-c0ce21f94dce,hrc09,src07@display=sequential
hrc09,hrc09,6422b30c-4004-46d9-99b3-57b3d473d60d,hrc05,src07@display=sequential
original,original,e4754d48-c525-4b9e-9c9c-0b518bf18951,hrc08,src06@display=sequential
original,hrc08,87e94e45-9c62-4b17-8f94-a1cb0efa9b1d,original,src06@display=sequential
original,hrc08,4768c225-fe63-46e5-981e-e1034d688ad2,original,src06@display=sequential
,original,464f84c4-5e60-4e85-94a9-c39e2530addd,hrc08,src06@display=sequential
,original,0f77e328-c1f5-4b7b-b765-f2b718ad525c,hrc08,src06@display=sequential
hrc08,original,64f09ad6-9f2d-4ed2-9f00-8b7388aca3d2,hrc08,src06@display=sequential
original,hrc08,73947d9a-9287-4e35-bee3-93d830c0fa0a,original,src06@display=sequential
original,original,a1c9f1fa-39f5-4736-862d-35205a62f9dc,hrc08,src06@display=sequential
,hrc08,7de80bf2-500e-478d-af55-ba3cd4f18a29,original,src06@display=sequential
hrc08,hrc08,cd93290d-ba13-4799-b353-1cd2be21562b,original,src06@display=sequential
chrc05,chrc05,566fb7d8-e6ca-43c7-ae5a-48aca6a507a4,chrc04,csrc14@display=sequential
chrc05,chrc05,4936c335-63ad-42c7-9910-e2b138439967,chrc04,csrc14@display=sequential
,chrc05,7adc7c75-a19e-4472-a3e8-16b402b25ad1,chrc04,csrc14@display=sequential
chrc05,chrc05,af5e8105-39b8-4b2a-9e17-9b0216a6820c,chrc04,csrc14@display=sequential
chrc04,chrc05,38d87ed8-3766-4fd4-bf18-746702872360,chrc04,csrc14@display=sequential
chrc05,chrc05,77d5559f-b918-4334-9319-a6e7ed7df260,chrc04,csrc14@display=sequential
chrc05,chrc05,739e1d34-ccab-4d66-b5cb-3271ed097ccd,chrc04,csrc14@display=sequential
chrc05,chrc05,fc432dc9-f132-47ef-88ba-dfa8091b09a7,chrc04,csrc14@display=sequential
chrc05,chrc04,96c12748-598a-4c44-85ec-d5f3eafc8b88,chrc05,csrc14@display=sequential
chrc05,chrc04,3bd6b8a9-b6b4-451c-9278-ee9a14dafa7f,chrc05,csrc14@display=sequential
hrc09,hrc08,0c75abcc-e4e8-4fe8-a620-ebbcb3acef55,hrc09,src08@display=sequential
hrc09,hrc08,0c3224df-0ca1-473b-9ab7-3466eabb0233,hrc09,src08@display=sequential
hrc09,hrc08,0dc3edab-68ec-4a80-883a-2fd140574ca4,hrc09,src08@display=sequential
hrc09,hrc08,fe3a065d-fb32-4bd4-a25c-0987131f6fbe,hrc09,src08@display=sequential
hrc08,hrc08,2bcab180-368e-445d-b0e6-9a217518bc1a,hrc09,src08@display=sequential
hrc09,hrc09,566fb7d8-e6ca-43c7-ae5a-48aca6a507a4,hrc08,src08@display=sequential
hrc08,hrc09,4bf6e92c-767f-4fd1-9cca-e64e41624327,hrc08,src08@display=sequential
hrc08,hrc08,6f842774-fc05-48d4-a002-71b2aa489b59,hrc09,src08@display=sequential
hrc09,hrc08,99d9d038-42e4-4055-a1db-51c247b52d8c,hrc09,src08@display=sequential
hrc09,hrc08,af6668ca-3a6d-4746-88a7-4c28b88de39c,hrc09,src08@display=sequential
original,hrc04,ebdd1319-f262-41ca-aba9-aabc27f9c28a,original,src06@display=sequential
,original,2a501377-6471-4b25-8716-04c3807bc81d,hrc04,src06@display=sequential
original,original,64b1b899-f049-46b3-a73c-f6a9365c1ed0,hrc04,src06@display=sequential
hrc04,hrc04,c3a2f596-b8f4-49f0-a9b5-c2f77d98ee55,original,src06@display=sequential
hrc04,original,bd9239e9-b8b4-43eb-a5a6-1abbf7090483,hrc04,src06@display=sequential
,original,566fb7d8-e6ca-43c7-ae5a-48aca6a507a4,hrc04,src06@display=sequential
hrc04,original,88dba501-c1cc-4377-b515-43a0b935917c,hrc04,src06@display=sequential
hrc04,hrc04,d8fe4329-c33c-4514-855a-4c687ff9f01f,original,src06@display=sequential
,original,3744ff82-c0b1-4437-ac1a-c854a86ac26a,hrc04,src06@display=sequential
,hrc04,f4884865-8ee6-4c6d-87e0-7b69ee065577,original,src06@display=sequential
hrc18,hrc18,f8fc5b01-7f46-4d90-92c3-e58de4c1b086,hrc17,src05@display=sequential
,hrc17,0dc3edab-68ec-4a80-883a-2fd140574ca4,hrc18,src05@display=sequential
hrc18,hrc17,b13d20bd-47f9-4840-a9e4-a22cca6b80dd,hrc18,src05@display=sequential
hrc18,hrc18,f0477d3b-b59d-4c71-8581-110c40c14ca6,hrc17,src05@display=sequential
hrc18,hrc18,cb66df87-875e-4b42-86b6-694bfeb1313b,hrc17,src05@display=sequential
hrc17,hrc17,de2094e7-f3b9-455e-8839-6d87e20caaba,hrc18,src05@display=sequential
hrc18,hrc17,e30de58c-2d4b-4fe4-b9a6-ad385c04edad,hrc18,src05@display=sequential
hrc18,hrc18,0c3224df-0ca1-473b-9ab7-3466eabb0233,hrc17,src05@display=sequential
hrc18,hrc18,566fb7d8-e6ca-43c7-ae5a-48aca6a507a4,hrc17,src05@display=sequential
hrc18,hrc18,3b8076ab-07ed-47d6-83b5-dcda486a3b18,hrc17,src05@display=sequential
hrc13,hrc13,b4f11a5a-15eb-4899-9de8-5e5e981ce37f,hrc10,src02@display=sequential
hrc13,hrc13,523b838f-5f2e-4f19-b9df-d9969424c697,hrc10,src02@display=sequential
,hrc13,3d70e856-3ab7-4076-ad82-0936b0fdf3c7,hrc10,src02@display=sequential
hrc10,hrc10,79fb1864-fb13-4926-a967-5398013e9d21,hrc13,src02@display=sequential
hrc13,hrc13,085d2fd6-2fec-4af4-a870-d2963b430267,hrc10,src02@display=sequential
,hrc10,8faf10ee-8a92-42c5-8fbf-d7d96cf705cc,hrc13,src02@display=sequential
hrc10,hrc13,ac1c5396-5489-4c1c-840b-77df5a401eab,hrc10,src02@display=sequential
hrc13,hrc10,2815e5fa-b68b-48d8-accb-0c3f76be3c48,hrc13,src02@display=sequential
hrc10,hrc10,49d9d4cb-b8a1-4d99-ba2a-7e1346fc0627,hrc13,src02@display=sequential
,hrc10,3de8634b-9153-4c5a-8a93-5d6012373bd6,hrc13,src02@display=sequential
hrc07,hrc07,b4f11a5a-15eb-4899-9de8-5e5e981ce37f,hrc20,src07@display=sequential
,hrc07,dd3f3504-ab40-47fc-9751-1c0a3d02cc62,hrc20,src07@display=sequential
,hrc20,36f898fb-8984-45f6-83f4-7b853ab22f40,hrc07,src07@display=sequential
hrc07,hrc20,bd9239e9-b8b4-43eb-a5a6-1abbf7090483,hrc07,src07@display=sequential
hrc20,hrc20,600cbf91-d68d-4a24-9457-3bb048b161be,hrc07,src07@display=sequential
,hrc07,7e54f228-a645-4144-a294-2ee406582705,hrc20,src07@display=sequential
hrc07,hrc07,501d69cf-99ba-43bd-b46b-c32a45b0bec0,hrc20,src07@display=sequential
hrc20,hrc07,6167a62f-8c9a-478a-bf9c-8c81420948a8,hrc20,src07@display=sequential
,hrc07,413023ed-9827-460b-8769-d4497645a297,hrc20,src07@display=sequential
hrc20,hrc07,6b3f07e5-02e2-48e7-8efc-461b03f85b4c,hrc20,src07@display=sequential
hrc19,hrc16,0dc3edab-68ec-4a80-883a-2fd140574ca4,hrc19,src09@display=sequential
hrc19,hrc16,9b0894f0-d5c2-4689-8d27-d68124f2a85a,hrc19,src09@display=sequential
hrc19,hrc19,4936c335-63ad-42c7-9910-e2b138439967,hrc16,src09@display=sequential
hrc19,hrc16,11f7b84a-0978-427c-8d2a-ec8d877db0cf,hrc19,src09@display=sequential
hrc19,hrc19,bda87d12-7e34-4288-abb7-7730774cfe50,hrc16,src09@display=sequential
hrc19,hrc19,93c57369-8b2e-4e2c-a35b-74535dfc3434,hrc16,src09@display=sequential
hrc19,hrc16,901525db-f558-48a2-931c-a9de0c60f77f,hrc19,src09@display=sequential
hrc19,hrc16,d4868a7d-8256-414b-84a9-825087f26e37,hrc19,src09@display=sequential
hrc19,hrc19,4f51ccc9-748a-455c-a276-65a0686f7ad8,hrc16,src09@display=sequential
hrc19,hrc16,635554c5-d17c-4fc7-a61e-7d792f8ec3c8,hrc19,src09@display=sequential
chrc09,chrc09,0dc3edab-68ec-4a80-883a-2fd140574ca4,chrc06,csrc14@display=sequential
chrc09,chrc09,285e6ce4-b740-4a6e-9a62-d17f2e36da56,chrc06,csrc14@display=sequential
chrc09,chrc09,331844da-5e41-403c-a653-e3e9df4bd77e,chrc06,csrc14@display=sequential
chrc09,chrc09,df5575f6-7028-4152-850d-bfdbd7ff0569,chrc06,csrc14@display=sequential
chrc09,chrc06,a2feff48-6bd4-4bd1-9ccf-fc969c920cdf,chrc09,csrc14@display=sequential
chrc09,chrc09,f526611a-a42a-4f2f-89d5-cc9e7efac493,chrc06,csrc14@display=sequential
chrc09,chrc09,e394df73-758e-4644-8b8b-a189f9d65c6d,chrc06,csrc14@display=sequential
chrc09,chrc06,d693e8cd-acbe-470b-bf2b-5c6ff409dc71,chrc09,csrc14@display=sequential
chrc09,chrc09,89c91ff0-a1a3-4604-95f9-2196ba8054bf,chrc06,csrc14@display=sequential
chrc09,chrc09,f0f94ac1-9151-4b66-acb1-542e28570e3e,chrc06,csrc14@display=sequential
,hrc04,d99ad3ae-8b0c-4beb-8079-541552a06b3d,hrc20,src07@display=sequential
,hrc04,fe3a065d-fb32-4bd4-a25c-0987131f6fbe,hrc20,src07@display=sequential
hrc04,hrc04,21efd454-9af3-483d-91e5-6cf0ae03c848,hrc20,src07@display=sequential
hrc04,hrc04,f0a76645-e0ea-4afb-a6f5-ea3bf3c94671,hrc20,src07@display=sequential
hrc04,hrc20,a1e1659d-48d5-4ed4-a44f-c3f29c092682,hrc04,src07@display=sequential
hrc20,hrc04,085ea3db-2334-44ab-8798-14e7badbe0c6,hrc20,src07@display=sequential
hrc04,hrc04,002808ce-aaff-4a9e-a4c9-3cd8d9b3ef6a,hrc20,src07@display=sequential
hrc04,hrc20,851c951d-f010-47e3-9d59-56d3e0a71185,hrc04,src07@display=sequential
,hrc20,c88af769-d298-4298-800c-ad11fb29c899,hrc04,src07@display=sequential
hrc20,hrc20,cd3da8c8-6bd7-4717-8f4a-b136895e3626,hrc04,src07@display=sequential
original,hrc05,d99ad3ae-8b0c-4beb-8079-541552a06b3d,original,src08@display=sequential
original,original,f4884865-8ee6-4c6d-87e0-7b69ee065577,hrc05,src08@display=sequential
original,hrc05,521e23fd-4059-4bbf-95d9-705edc6713d6,original,src08@display=sequential
original,original,de2094e7-f3b9-455e-8839-6d87e20caaba,hrc05,src08@display=sequential
original,original,965970ee-4f8f-4907-ae84-3318c16a5f29,hrc05,src08@display=sequential
,hrc05,05bbbdbc-3637-4492-9d38-a5af08b94693,original,src08@display=sequential
original,hrc05,a939f7f9-e165-4264-99f1-558f02f6b709,original,src08@display=sequential
original,hrc05,df52d896-b5bf-493f-bb1c-ee5bbb1e44be,original,src08@display=sequential
original,original,7f60cd05-3ea6-4d0e-87e8-632c5ff9743b,hrc05,src08@display=sequential
original,hrc05,551eb5b5-43a7-404e-92fb-9640959fd234,original,src08@display=sequential
hrc18,hrc10,e02609ec-35cf-456d-b864-7676af978c4b,hrc18,src09@display=sequential
hrc18,hrc10,dd3f3504-ab40-47fc-9751-1c0a3d02cc62,hrc18,src09@display=sequential
hrc18,hrc10,5c7751e7-9750-4406-9966-89fd02b9c880,hrc18,src09@display=sequential
hrc18,hrc10,f27b0cf6-7468-44af-be54-21169745fbb1,hrc18,src09@display=sequential
hrc18,hrc18,04813965-9b3c-43c9-9a9d-5a6941afef3d,hrc10,src09@display=sequential
hrc18,hrc10,21efd454-9af3-483d-91e5-6cf0ae03c848,hrc18,src09@display=sequential
hrc18,hrc10,8046912e-7adc-42c4-af5e-639cb0e9d717,hrc18,src09@display=sequential
hrc18,hrc10,091fadc3-64c7-48a1-8c46-a1233a3b21f1,hrc18,src09@display=sequential
hrc18,hrc10,e544d1dd-c998-44a6-83a8-086b969ce1de,hrc18,src09@display=sequential
hrc10,hrc10,d8fe4329-c33c-4514-855a-4c687ff9f01f,hrc18,src09@display=sequential
hrc07,hrc07,ed16384e-9a7f-4dd5-b966-585e924233fa,hrc08,src05@display=sequential
hrc07,hrc07,085d2fd6-2fec-4af4-a870-d2963b430267,hrc08,src05@display=sequential
,hrc07,4766c33f-2917-4521-af24-131c165bb9d5,hrc08,src05@display=sequential
hrc07,hrc07,eda8b60b-5b21-467d-9233-b9c8379a3a30,hrc08,src05@display=sequential
hrc07,hrc07,64472def-2740-415f-828a-17a7931c64a8,hrc08,src05@display=sequential
hrc07,hrc08,89c91ff0-a1a3-4604-95f9-2196ba8054bf,hrc07,src05@display=sequential
hrc07,hrc07,f97b08cc-e500-4b70-86c4-10b8a663d70b,hrc08,src05@display=sequential
,hrc07,91f8e990-7ac5-44d9-aeb9-f8235aeea663,hrc08,src05@display=sequential
hrc07,hrc08,b2ab1a27-349e-48af-9c38-6e99d27c354d,hrc07,src05@display=sequential
hrc07,hrc07,5558d8dc-89e4-420a-bb35-818b2f95eb50,hrc08,src05@display=sequential
hrc05,hrc05,f97b08cc-e500-4b70-86c4-10b8a663d70b,hrc02,src08@display=sequential
hrc02,hrc05,b53224e8-348a-4c30-a6fe-2dd0db827c1a,hrc02,src08@display=sequential
hrc05,hrc05,2eacc76c-1451-477e-9f61-195c6e0adf15,hrc02,src08@display=sequential
hrc02,hrc05,13318ebb-5875-4ff4-9460-a1cb3c93434a,hrc02,src08@display=sequential
hrc02,hrc05,e58017ee-822e-494a-a864-21cbf433adc2,hrc02,src08@display=sequential
hrc02,hrc02,50f1cc6f-21de-44c4-8056-cfee37a49d31,hrc05,src08@display=sequential
hrc02,hrc02,eb743109-e85a-4981-be4e-e85effa05712,hrc05,src08@display=sequential
,hrc05,7317c3fb-8b5c-4be7-bd0a-363cd0010fb0,hrc02,src08@display=sequential
hrc02,hrc02,cc795331-2401-4a12-b0ee-fa79b36fff76,hrc05,src08@display=sequential
hrc02,hrc02,34cd2be8-af8a-4643-a087-b771ca29f1a3,hrc05,src08@display=sequential
original,hrc10,551eb5b5-43a7-404e-92fb-9640959fd234,original,src06@display=sequential
original,original,953708e4-c895-4afd-96e8-b45fdd505175,hrc10,src06@display=sequential
original,original,909ad99b-fa8b-4cfd-b7e7-e4df1f5f24b9,hrc10,src06@display=sequential
original,original,d53945fe-0d18-43b7-82bc-70c07f67a7ca,hrc10,src06@display=sequential
original,hrc10,f97b08cc-e500-4b70-86c4-10b8a663d70b,original,src06@display=sequential
original,hrc10,e3f0a209-352a-4445-aea0-2de5126ac546,original,src06@display=sequential
original,original,8b27aa77-28aa-4647-bdbc-dbbf35b50d86,hrc10,src06@display=sequential
original,hrc10,eb574414-bf4c-4dbe-bd80-1f14e0b9c5c7,original,src06@display=sequential
original,original,5a14dca9-ea09-4194-8bd6-e5eb2d3a4404,hrc10,src06@display=sequential
original,hrc10,3a031695-b20f-4ff1-803d-2611342ac2de,original,src06@display=sequential
hrc20,hrc20,d8fe4329-c33c-4514-855a-4c687ff9f01f,hrc21,src08@display=sequential
hrc21,hrc21,12b434bf-907d-4561-8fc9-35ceaabb08ec,hrc20,src08@display=sequential
,hrc21,3744ff82-c0b1-4437-ac1a-c854a86ac26a,hrc20,src08@display=sequential
,hrc21,f27b0cf6-7468-44af-be54-21169745fbb1,hrc20,src08@display=sequential
hrc20,hrc20,c0a4b3b4-26a8-4223-9d56-496a44fa7b3f,hrc21,src08@display=sequential
hrc20,hrc20,af5e8105-39b8-4b2a-9e17-9b0216a6820c,hrc21,src08@display=sequential
hrc21,hrc20,9bf342e3-6f22-490b-b00b-372d2a7d8199,hrc21,src08@display=sequential
hrc21,hrc21,fed3c133-8a6c-4f5f-a931-1d3bf1e3cbfb,hrc20,src08@display=sequential
hrc20,hrc21,21fb7d74-ce7f-4a75-bbf9-60059b82b720,hrc20,src08@display=sequential
hrc21,hrc20,d7668104-cefe-4f34-ad17-149c4cbe34b1,hrc21,src08@display=sequential
hrc08,hrc05,04813965-9b3c-43c9-9a9d-5a6941afef3d,hrc08,src02@display=sequential
,hrc08,464f84c4-5e60-4e85-94a9-c39e2530addd,hrc05,src02@display=sequential
hrc08,hrc08,de2094e7-f3b9-455e-8839-6d87e20caaba,hrc05,src02@display=sequential
hrc08,hrc05,aa235a56-2c9d-4248-b414-4fb6bb6ad697,hrc08,src02@display=sequential
,hrc08,ebbf9667-0a89-4ecf-ad92-4b6fd6d9112c,hrc05,src02@display=sequential
hrc05,hrc05,33920445-a272-4833-a2bd-b60fa5a04536,hrc08,src02@display=sequential
hrc08,hrc08,cbc3521e-1314-4a2d-8cba-7c6f5c572bf6,hrc05,src02@display=sequential
hrc05,hrc05,d8fe4329-c33c-4514-855a-4c687ff9f01f,hrc08,src02@display=sequential
hrc05,hrc08,78ec5f69-a67b-42ac-ae06-c985f67935dd,hrc05,src02@display=sequential
hrc08,hrc08,2fef66bc-f9ba-4659-8710-5c4e882e66d2,hrc05,src02@display=sequential
,hrc02,f27b0cf6-7468-44af-be54-21169745fbb1,hrc21,src04@display=sequential
hrc02,hrc02,d8fe4329-c33c-4514-855a-4c687ff9f01f,hrc21,src04@display=sequential
hrc21,hrc21,3a734a80-9259-40ba-be9d-459a898ba938,hrc02,src04@display=sequential
,hrc21,464f84c4-5e60-4e85-94a9-c39e2530addd,hrc02,src04@display=sequential
,hrc21,9fd30985-cc56-465e-8258-5cd25c69cf1b,hrc02,src04@display=sequential
hrc02,hrc21,695a6249-20a5-4e4b-b196-197f51830570,hrc02,src04@display=sequential
hrc21,hrc02,938ee2d9-0612-434e-8ced-1e766ff31000,hrc21,src04@display=sequential
,hrc21,4a0a8685-4887-49fe-b267-09c0f3258c10,hrc02,src04@display=sequential
hrc21,hrc21,521e23fd-4059-4bbf-95d9-705edc6713d6,hrc02,src04@display=sequential
hrc21,hrc02,4768c225-fe63-46e5-981e-e1034d688ad2,hrc21,src04@display=sequential
hrc12,hrc19,e30de58c-2d4b-4fe4-b9a6-ad385c04edad,hrc12,src08@display=sequential
hrc12,hrc19,d2cbcac4-4ae9-45fa-ab83-1226cebc893f,hrc12,src08@display=sequential
,hrc12,542711ab-bcb8-424f-92d3-27b288d47359,hrc19,src08@display=sequential
hrc12,hrc19,649135cd-e54f-4105-a2ff-d175b6e51c29,hrc12,src08@display=sequential
,hrc12,dd3f3504-ab40-47fc-9751-1c0a3d02cc62,hrc19,src08@display=sequential
hrc12,hrc12,0bf55f15-f420-47f7-affc-2654b7277ec7,hrc19,src08@display=sequential
,hrc12,8ca2525f-c1cd-4738-8317-eea204eddd29,hrc19,src08@display=sequential
hrc19,hrc12,14cd44b5-5d36-4f69-be0a-f4be1d6bfc59,hrc19,src08@display=sequential
hrc12,hrc19,899658ce-8a93-4e1a-98c2-6584e67d1f5c,hrc12,src08@display=sequential
hrc19,hrc19,19e7ead1-67fa-4926-8271-f0c799875d36,hrc12,src08@display=sequential
hrc21,hrc20,899658ce-8a93-4e1a-98c2-6584e67d1f5c,hrc21,src03@display=sequential
,hrc20,4bf6e92c-767f-4fd1-9cca-e64e41624327,hrc21,src03@display=sequential
hrc21,hrc20,a5bfd6b9-ec5f-49d7-aad5-4f7a6c1bef00,hrc21,src03@display=sequential
hrc21,hrc21,af6668ca-3a6d-4746-88a7-4c28b88de39c,hrc20,src03@display=sequential
hrc21,hrc20,da4644b1-335d-468a-8df0-814cc400fa8a,hrc21,src03@display=sequential
hrc20,hrc20,d54a2502-b2af-434c-a632-821a14394a8c,hrc21,src03@display=sequential
hrc20,hrc21,2fee481f-e69f-4359-87d3-cf4825a653fe,hrc20,src03@display=sequential
hrc21,hrc21,e4f818a1-7ee9-47f2-81ca-391cad0569a5,hrc20,src03@display=sequential
,hrc21,e88a08d0-13f6-4bf9-ad6e-ddd7c77f7373,hrc20,src03@display=sequential
hrc21,hrc20,d360835c-e531-45d7-880a-45390ee03e29,hrc21,src03@display=sequential
hrc08,hrc08,1f64c3be-6d62-4593-ba38-ec5d4b9eb8e1,hrc05,src06@display=sequential
hrc08,hrc08,f27b0cf6-7468-44af-be54-21169745fbb1,hrc05,src06@display=sequential
hrc08,hrc08,f0a76645-e0ea-4afb-a6f5-ea3bf3c94671,hrc05,src06@display=sequential
hrc08,hrc08,e766aa53-de02-48ea-bb5a-0cb94101754a,hrc05,src06@display=sequential
hrc08,hrc08,60507d05-0bbe-422a-8abd-b4e7e5fe8937,hrc05,src06@display=sequential
hrc08,hrc08,e2ef8b3c-8f6b-4998-b6a9-acd51651099f,hrc05,src06@display=sequential
hrc08,hrc05,20a43bd8-ead5-4927-b832-78b755186bcd,hrc08,src06@display=sequential
hrc08,hrc05,99f1e0ac-c8cc-4fc1-93e1-efcdcd8b78b3,hrc08,src06@display=sequential
hrc08,hrc05,899658ce-8a93-4e1a-98c2-6584e67d1f5c,hrc08,src06@display=sequential
hrc08,hrc08,3a734a80-9259-40ba-be9d-459a898ba938,hrc05,src06@display=sequential
hrc04,hrc18,899658ce-8a93-4e1a-98c2-6584e67d1f5c,hrc04,src04@display=sequential
hrc04,hrc18,353bad22-15fb-4dc6-8eed-7dd83f1c5ae6,hrc04,src04@display=sequential
hrc04,hrc04,e766aa53-de02-48ea-bb5a-0cb94101754a,hrc18,src04@display=sequential
,hrc18,3bfa18a6-0a8c-4599-9b10-98689041a469,hrc04,src04@display=sequential
hrc04,hrc04,aef6f382-f636-4b40-bc86-864837bb4fa3,hrc18,src04@display=sequential
,hrc04,31811b90-af18-4758-9253-b38578b9ed62,hrc18,src04@display=sequential
hrc04,hrc18,09224b6b-5b76-4dc9-9945-1e90c3cf11e3,hrc04,src04@display=sequential
hrc18,hrc18,98f9ec54-b947-408f-848e-553b8a2ded6e,hrc04,src04@display=sequential
,hrc04,b243f138-b89c-4c3a-8879-9292987c0c27,hrc18,src04@display=sequential
hrc04,hrc04,8ae60f0f-bc2f-4e37-9772-cbd58a5734ca,hrc18,src04@display=sequential
hrc17,hrc05,b9b99a88-ac1f-4fe7-a09c-438e278f3476,hrc17,src05@display=sequential
hrc17,hrc17,3744ff82-c0b1-4437-ac1a-c854a86ac26a,hrc05,src05@display=sequential
hrc17,hrc17,e1605e65-ef4d-48eb-92d4-c83f6c733031,hrc05,src05@display=sequential
,hrc05,fe3a065d-fb32-4bd4-a25c-0987131f6fbe,hrc17,src05@display=sequential
,hrc05,4bf6e92c-767f-4fd1-9cca-e64e41624327,hrc17,src05@display=sequential
hrc17,hrc05,33e83277-87c9-40aa-9ef4-04f73519dc05,hrc17,src05@display=sequential
hrc05,hrc05,d2cbcac4-4ae9-45fa-ab83-1226cebc893f,hrc17,src05@display=sequential
hrc17,hrc05,c0f8aa5b-3cf4-493d-b074-c742adeec0bb,hrc17,src05@display=sequential
hrc05,hrc17,4768c225-fe63-46e5-981e-e1034d688ad2,hrc05,src05@display=sequential
hrc05,hrc17,9d199c7e-9811-4344-b93f-7cc29ae8e563,hrc05,src05@display=sequential
hrc09,hrc09,630aff3d-3ab7-4cb4-905a-dc27697f8572,hrc02,src09@display=sequential
hrc02,hrc09,0e3c86ef-17d5-418f-95b7-56e46e448c97,hrc02,src09@display=sequential
hrc02,hrc02,6a85a985-7d96-4ecd-86ba-685728a82dd0,hrc09,src09@display=sequential
hrc02,hrc02,e766aa53-de02-48ea-bb5a-0cb94101754a,hrc09,src09@display=sequential
hrc02,hrc02,719b63b7-550b-4eab-be5d-8250b6731a2e,hrc09,src09@display=sequential
hrc02,hrc02,628344eb-f0b3-4307-bba4-fd09f7dcc56b,hrc09,src09@display=sequential
hrc09,hrc02,30342057-2a33-4929-ac24-d1c5f1106151,hrc09,src09@display=sequential
hrc02,hrc02,5d3dc6a3-01dc-43b0-8cff-bfbde0c40871,hrc09,src09@display=sequential
hrc02,hrc02,32984cad-d2a2-4070-9903-e1bb08e62b3e,hrc09,src09@display=sequential
hrc09,hrc02,33ef8805-0783-43e5-b363-3facd89393f8,hrc09,src09@display=sequential
hrc12,hrc12,630aff3d-3ab7-4cb4-905a-dc27697f8572,hrc02,src06@display=sequential
hrc12,hrc12,12b434bf-907d-4561-8fc9-35ceaabb08ec,hrc02,src06@display=sequential
hrc02,hrc12,af6668ca-3a6d-4746-88a7-4c28b88de39c,hrc02,src06@display=sequential
hrc02,hrc02,4b2bb8bc-bbe6-432b-bd1f-da59f6ae9222,hrc12,src06@display=sequential
hrc02,hrc12,74af2a5c-993c-4783-9d09-ade01b63051f,hrc02,src06@display=sequential
hrc02,hrc12,ac1c5396-5489-4c1c-840b-77df5a401eab,hrc02,src06@display=sequential
hrc02,hrc02,6c11fc1a-b4f0-4525-855f-f6a00b5409e8,hrc12,src06@display=sequential
,hrc02,f0449a2c-9fa2-49ec-9d76-27a7a5be2351,hrc12,src06@display=sequential
,hrc12,5c617a43-9028-40e4-9b65-09380b3527c4,hrc02,src06@display=sequential
,hrc12,3346d8dd-79a1-4cc2-96f1-d21cc148070a,hrc02,src06@display=sequential
hrc21,hrc05,66bbfe16-e8a0-4b41-bbb9-8d4184c0f119,hrc21,src03@display=sequential
hrc21,hrc05,649135cd-e54f-4105-a2ff-d175b6e51c29,hrc21,src03@display=sequential
hrc21,hrc21,b014d3a9-188b-4d01-8b6b-6867ebb0997d,hrc05,src03@display=sequential
hrc21,hrc05,de2094e7-f3b9-455e-8839-6d87e20caaba,hrc21,src03@display=sequential
hrc21,hrc21,20b82720-584e-4871-83c5-e88aec82c7ff,hrc05,src03@display=sequential
hrc21,hrc05,12b434bf-907d-4561-8fc9-35ceaabb08ec,hrc21,src03@display=sequential
hrc21,hrc05,6a85a985-7d96-4ecd-86ba-685728a82dd0,hrc21,src03@display=sequential
hrc21,hrc05,03c579d6-6125-4434-b2d8-ff7f379b3427,hrc21,src03@display=sequential
hrc21,hrc21,dd3f3504-ab40-47fc-9751-1c0a3d02cc62,hrc05,src03@display=sequential
hrc21,hrc21,353bad22-15fb-4dc6-8eed-7dd83f1c5ae6,hrc05,src03@display=sequential
hrc20,hrc05,21efd454-9af3-483d-91e5-6cf0ae03c848,hrc20,src05@display=sequential
hrc20,hrc20,c3a2f596-b8f4-49f0-a9b5-c2f77d98ee55,hrc05,src05@display=sequential
hrc20,hrc20,1febb2a5-e775-4a21-a8b0-28aa2c87f5fc,hrc05,src05@display=sequential
hrc20,hrc05,f4884865-8ee6-4c6d-87e0-7b69ee065577,hrc20,src05@display=sequential
hrc20,hrc20,4bc0f60a-d132-4900-ad4c-38f780439f03,hrc05,src05@display=sequential
hrc20,hrc05,927b9b1e-da20-4644-b8d6-f85a22be59d7,hrc20,src05@display=sequential
hrc20,hrc20,6422b30c-4004-46d9-99b3-57b3d473d60d,hrc05,src05@display=sequential
hrc20,hrc05,e1c3c1f9-f59c-4c62-8fa3-8f19be438b85,hrc20,src05@display=sequential
hrc20,hrc20,02fd1a52-0f17-45c3-8185-fdbf6906e984,hrc05,src05@display=sequential
hrc20,hrc20,f0a76645-e0ea-4afb-a6f5-ea3bf3c94671,hrc05,src05@display=sequential
hrc19,hrc10,21efd454-9af3-483d-91e5-6cf0ae03c848,hrc19,src02@display=sequential
hrc10,hrc19,fa5bdffd-c51b-4e05-9f17-e622852412d1,hrc10,src02@display=sequential
hrc19,hrc10,6a85a985-7d96-4ecd-86ba-685728a82dd0,hrc19,src02@display=sequential
hrc19,hrc19,3b8076ab-07ed-47d6-83b5-dcda486a3b18,hrc10,src02@display=sequential
hrc19,hrc10,e544d1dd-c998-44a6-83a8-086b969ce1de,hrc19,src02@display=sequential
hrc19,hrc10,47c5b9b0-9b12-4925-af04-7e9d48ac8e4d,hrc19,src02@display=sequential
hrc19,hrc10,9bf893fd-8e82-4b0e-bc2b-b001e5f912c4,hrc19,src02@display=sequential
,hrc19,8edc7654-ee8d-4cb7-8342-3a3c78003044,hrc10,src02@display=sequential
hrc19,hrc19,353bad22-15fb-4dc6-8eed-7dd83f1c5ae6,hrc10,src02@display=sequential
hrc10,hrc10,c3a2f596-b8f4-49f0-a9b5-c2f77d98ee55,hrc19,src02@display=sequential
hrc12,hrc10,a5bfd6b9-ec5f-49d7-aad5-4f7a6c1bef00,hrc12,src01@display=sequential
hrc12,hrc12,21efd454-9af3-483d-91e5-6cf0ae03c848,hrc10,src01@display=sequential
hrc12,hrc12,4bc0f60a-d132-4900-ad4c-38f780439f03,hrc10,src01@display=sequential
hrc12,hrc10,6a85a985-7d96-4ecd-86ba-685728a82dd0,hrc12,src01@display=sequential
hrc12,hrc12,e8b75641-dc07-4974-9c94-cd85ade313d5,hrc10,src01@display=sequential
hrc12,hrc12,93596366-ce37-42f6-b977-85e17c6b6323,hrc10,src01@display=sequential
hrc12,hrc10,777aa73c-e876-4af7-a998-55b2db8bf245,hrc12,src01@display=sequential
hrc12,hrc10,1bfc7116-b8cd-4ff0-b2ad-97cacfe7de37,hrc12,src01@display=sequential
hrc12,hrc12,f56c1990-5b48-4e2a-8ed9-84e0a4db16d1,hrc10,src01@display=sequential
hrc12,hrc12,7c337f37-80f0-4f07-8559-841a5456e201,hrc10,src01@display=sequential
hrc04,hrc04,8549911f-d533-4be3-bccb-c329e82caf2c,hrc13,src06@display=sequential
hrc04,hrc13,52c48d4b-8b72-4117-a188-ce6867e127a7,hrc04,src06@display=sequential
hrc04,hrc13,04813965-9b3c-43c9-9a9d-5a6941afef3d,hrc04,src06@display=sequential
hrc04,hrc13,6a85a985-7d96-4ecd-86ba-685728a82dd0,hrc04,src06@display=sequential
hrc04,hrc13,3b8076ab-07ed-47d6-83b5-dcda486a3b18,hrc04,src06@display=sequential
hrc04,hrc04,6dd3a163-db41-4440-8d55-ed3d84cb78ae,hrc13,src06@display=sequential
hrc04,hrc13,fbf0e732-933c-4026-87b1-d49c6106ccf3,hrc04,src06@display=sequential
hrc04,hrc04,1f13add5-5ce9-4c51-8b33-3777418089c5,hrc13,src06@display=sequential
hrc04,hrc04,58c5db58-31c9-498a-84c7-f2656253c676,hrc13,src06@display=sequential
hrc04,hrc13,de72b01b-833a-4081-8d29-5f625c2d03fb,hrc04,src06@display=sequential
hrc04,hrc04,464f84c4-5e60-4e85-94a9-c39e2530addd,hrc10,src03@display=sequential
hrc04,hrc04,04e42b86-466e-4ef7-9fc6-faf842d0b850,hrc10,src03@display=sequential
hrc04,hrc04,4bc0f60a-d132-4900-ad4c-38f780439f03,hrc10,src03@display=sequential
hrc04,hrc10,52c48d4b-8b72-4117-a188-ce6867e127a7,hrc04,src03@display=sequential
hrc04,hrc10,385532c8-5edf-4c2b-85e3-1c533fad9959,hrc04,src03@display=sequential
hrc04,hrc04,4768c225-fe63-46e5-981e-e1034d688ad2,hrc10,src03@display=sequential
hrc04,hrc04,f8fc5b01-7f46-4d90-92c3-e58de4c1b086,hrc10,src03@display=sequential
hrc04,hrc04,501d69cf-99ba-43bd-b46b-c32a45b0bec0,hrc10,src03@display=sequential
hrc04,hrc10,f0a76645-e0ea-4afb-a6f5-ea3bf3c94671,hrc04,src03@display=sequential
hrc04,hrc10,9bd8abfb-6a27-45ba-b7dc-35c6940c49a6,hrc04,src03@display=sequential
chrc09,chrc01,87e94e45-9c62-4b17-8f94-a1cb0efa9b1d,chrc09,csrc14@display=sequential
chrc09,chrc01,e1c3c1f9-f59c-4c62-8fa3-8f19be438b85,chrc09,csrc14@display=sequential
chrc09,chrc09,5198b894-1131-4041-bcc1-62488fda0604,chrc01,csrc14@display=sequential
chrc09,chrc01,98ce71da-42b5-40dc-ba86-68f8b2f86e1f,chrc09,csrc14@display=sequential
chrc09,chrc01,00fb48d3-939f-4d8f-a974-6c0799e28570,chrc09,csrc14@display=sequential
chrc09,chrc01,9d5a019b-71bd-4af6-b124-a219b08b293a,chrc09,csrc14@display=sequential
chrc09,chrc09,65972744-31a9-4472-9908-5536a8a7122e,chrc01,csrc14@display=sequential
chrc09,chrc01,d06c5043-187d-45b6-a654-ec690918445f,chrc09,csrc14@display=sequential
chrc09,chrc01,a380631e-2ff4-4ec4-882d-f1b84cf9cdc9,chrc09,csrc14@display=sequential
chrc09,chrc09,d360835c-e531-45d7-880a-45390ee03e29,chrc01,csrc14@display=sequential
hrc04,hrc02,af6668ca-3a6d-4746-88a7-4c28b88de39c,hrc04,src01@display=sequential
hrc04,hrc04,379a33e7-1e63-40fb-b4f7-7424e192a99f,hrc02,src01@display=sequential
hrc04,hrc02,9baf0479-ee75-4c1d-a964-9c05587af8b1,hrc04,src01@display=sequential
,hrc02,90799355-438b-4212-8fff-ee5297cbd8db,hrc04,src01@display=sequential
hrc04,hrc02,96156214-ba1f-44ad-b911-4cd9c3e80a16,hrc04,src01@display=sequential
,hrc02,464f84c4-5e60-4e85-94a9-c39e2530addd,hrc04,src01@display=sequential
hrc04,hrc02,353bad22-15fb-4dc6-8eed-7dd83f1c5ae6,hrc04,src01@display=sequential
,hrc04,2d6d9756-d2b6-4bea-b4e1-94b41721de02,hrc02,src01@display=sequential
hrc04,hrc04,d080f3ec-e040-41e2-8e4c-6ff37f951cc8,hrc02,src01@display=sequential
,hrc02,341de2f3-ef53-46f2-bb65-e3d0c0757b76,hrc04,src01@display=sequential
hrc18,hrc10,72c660f3-a268-4edb-9599-b17c96af9ec7,hrc18,src04@display=sequential
hrc18,hrc10,a7069379-2fcf-4c99-a623-fd20d3960ebe,hrc18,src04@display=sequential
hrc18,hrc18,7a2918f4-1036-462e-9ab0-f7d1b432cbf9,hrc10,src04@display=sequential
hrc18,hrc10,3f1c16f9-0d28-48e7-a3c4-0941df878231,hrc18,src04@display=sequential
hrc18,hrc18,98d05a59-115c-43a5-8845-daafef401e10,hrc10,src04@display=sequential
hrc18,hrc10,76e7a6ec-c031-4a31-a249-f205679c4482,hrc18,src04@display=sequential
hrc18,hrc10,d7ccb7af-590f-4f88-bbdb-cb8e68e72518,hrc18,src04@display=sequential
hrc18,hrc18,fb3aa600-7dad-4017-b757-92ee188220dc,hrc10,src04@display=sequential
hrc18,hrc18,cdb9bb58-60e2-4bd6-a07a-2e9558115deb,hrc10,src04@display=sequential
hrc18,hrc18,7e7a3e3d-6238-4765-b6a4-3babc94d94ec,hrc10,src04@display=sequential
hrc20,hrc05,72c660f3-a268-4edb-9599-b17c96af9ec7,hrc20,src03@display=sequential
hrc20,hrc05,3b8076ab-07ed-47d6-83b5-dcda486a3b18,hrc20,src03@display=sequential
hrc20,hrc05,3744ff82-c0b1-4437-ac1a-c854a86ac26a,hrc20,src03@display=sequential
hrc20,hrc20,f27b0cf6-7468-44af-be54-21169745fbb1,hrc05,src03@display=sequential
hrc05,hrc20,014398e2-d4da-4268-abcf-1761c994090f,hrc05,src03@display=sequential
hrc20,hrc05,61d2eaea-5d9d-432f-9d2b-228e869edc47,hrc20,src03@display=sequential
hrc20,hrc05,5db70634-a94d-4ef3-9da9-6f716223cb35,hrc20,src03@display=sequential
hrc20,hrc20,77d2ccfb-ea78-4f68-bea0-064eb802d8b9,hrc05,src03@display=sequential
hrc20,hrc05,7636c232-cf8e-42d0-9b8d-10d48c444b17,hrc20,src03@display=sequential
hrc20,hrc20,cd53e6fd-1592-4582-a526-ce3b91a4ea71,hrc05,src03@display=sequential
hrc07,hrc08,72c660f3-a268-4edb-9599-b17c96af9ec7,hrc07,src09@display=sequential
hrc08,hrc07,94aed9f0-a26e-435d-9499-0a57d0d09c0e,hrc08,src09@display=sequential
hrc07,hrc08,a7069379-2fcf-4c99-a623-fd20d3960ebe,hrc07,src09@display=sequential
hrc07,hrc08,13d8e79f-b78d-4090-b59a-b516d546b349,hrc07,src09@display=sequential
,hrc08,9be2aa59-4968-4b1b-8ba3-90356da3c013,hrc07,src09@display=sequential
hrc07,hrc08,b0639bf6-4570-49a6-b010-85440f842c50,hrc07,src09@display=sequential
,hrc07,bb926fe0-d9e2-46bc-9b22-daf71321c8aa,hrc08,src09@display=sequential
hrc07,hrc08,f2e393ff-0812-4cba-b5e1-e10e0a6a0f10,hrc07,src09@display=sequential
hrc07,hrc08,55d3eb0b-85e9-424a-8a9b-61d092b40bd1,hrc07,src09@display=sequential
hrc08,hrc07,75c4ab50-a4aa-4fd4-b430-ef329c45fc1b,hrc08,src09@display=sequential
hrc04,hrc16,0e3c86ef-17d5-418f-95b7-56e46e448c97,hrc04,src03@display=sequential
hrc04,hrc16,aa2497f2-d324-449a-a3ea-ec31d2180c93,hrc04,src03@display=sequential
hrc04,hrc16,3bfa18a6-0a8c-4599-9b10-98689041a469,hrc04,src03@display=sequential
hrc04,hrc16,3f1c16f9-0d28-48e7-a3c4-0941df878231,hrc04,src03@display=sequential
hrc04,hrc04,c0a4b3b4-26a8-4223-9d56-496a44fa7b3f,hrc16,src03@display=sequential
hrc04,hrc16,d680646f-4054-409d-a496-91a707fd4885,hrc04,src03@display=sequential
hrc04,hrc04,66eade00-16e6-485e-9a5d-2e92b67367b8,hrc16,src03@display=sequential
hrc04,hrc16,3da1d186-8e8c-4453-85b7-68f16823be0c,hrc04,src03@display=sequential
hrc04,hrc16,d7e0c98f-c9e7-46ee-bce5-8e90e87a0cf9,hrc04,src03@display=sequential
hrc04,hrc04,6f8a5c6a-feb4-476a-beb2-43405347d14b,hrc16,src03@display=sequential
hrc12,hrc12,4b2bb8bc-bbe6-432b-bd1f-da59f6ae9222,hrc09,src02@display=sequential
,hrc09,13d8e79f-b78d-4090-b59a-b516d546b349,hrc12,src02@display=sequential
hrc09,hrc09,ae3ac7e2-b402-4c44-8dc5-8efdde5bb599,hrc12,src02@display=sequential
hrc12,hrc12,542711ab-bcb8-424f-92d3-27b288d47359,hrc09,src02@display=sequential
hrc09,hrc12,ead7b5fc-d725-4729-9c61-81707a1d6090,hrc09,src02@display=sequential
hrc12,hrc09,5386aada-2e84-4b87-920b-147898ce357b,hrc12,src02@display=sequential
hrc09,hrc09,1b351bd1-c7e8-4893-b9e4-2df5e96440bc,hrc12,src02@display=sequential
,hrc12,f4f2f8e0-a564-424a-91ca-74d1accfde15,hrc09,src02@display=sequential
hrc12,hrc12,232fe1a0-97fb-4560-816a-d80445fda792,hrc09,src02@display=sequential
hrc09,hrc12,e0797398-ff1b-4cd6-9229-a59d2a290e80,hrc09,src02@display=sequential
hrc04,hrc10,aa2497f2-d324-449a-a3ea-ec31d2180c93,hrc04,src04@display=sequential
hrc04,hrc04,9b8f4b05-1edf-44f3-8a9c-7cc885460eeb,hrc10,src04@display=sequential
hrc04,hrc04,13d8e79f-b78d-4090-b59a-b516d546b349,hrc10,src04@display=sequential
hrc04,hrc10,d2cbcac4-4ae9-45fa-ab83-1226cebc893f,hrc04,src04@display=sequential
hrc04,hrc10,7044ada3-fee5-4e71-a8b0-d3cfd7bd48dd,hrc04,src04@display=sequential
hrc04,hrc04,e7965f16-6621-4854-84b4-b552c5738880,hrc10,src04@display=sequential
hrc04,hrc10,262cca7b-6b71-4c12-afe8-728ea07d533a,hrc04,src04@display=sequential
hrc04,hrc10,19a4afc7-504f-4287-aff1-0e01ee561c13,hrc04,src04@display=sequential
hrc04,hrc10,ca040d77-a3dc-4939-89c0-9f953e9f9515,hrc04,src04@display=sequential
hrc04,hrc10,fb51cc7e-0aac-43bd-b29c-dc2abd1c2c82,hrc04,src04@display=sequential
hrc20,hrc13,c4be62d3-fa6f-4723-a727-5c0950b7f27f,hrc20,src02@display=sequential
hrc20,hrc20,63fa730e-878e-451e-9b62-555a1567818a,hrc13,src02@display=sequential
hrc20,hrc13,7341608e-8a94-48aa-9aac-53d556ee0c5b,hrc20,src02@display=sequential
hrc20,hrc13,2373027a-04a9-4d76-b084-f53e20ed3cf4,hrc20,src02@display=sequential
hrc20,hrc20,50a38519-8060-4b35-97ac-c4b565cbe444,hrc13,src02@display=sequential
hrc20,hrc13,d774ed68-3d63-4ddc-9c2b-17f926e01537,hrc20,src02@display=sequential
hrc20,hrc13,aa2497f2-d324-449a-a3ea-ec31d2180c93,hrc20,src02@display=sequential
hrc20,hrc20,3613e7d6-5bdf-4926-bba2-7859e0b1f77b,hrc13,src02@display=sequential
hrc20,hrc20,3f1c16f9-0d28-48e7-a3c4-0941df878231,hrc13,src02@display=sequential
hrc20,hrc13,94aed9f0-a26e-435d-9499-0a57d0d09c0e,hrc20,src02@display=sequential
,hrc17,0c7b7124-cc6e-481c-8a1c-20819910984a,hrc12,src05@display=sequential
,hrc17,08f89d86-d913-4fe9-b96e-90342304c107,hrc12,src05@display=sequential
hrc12,hrc17,94aed9f0-a26e-435d-9499-0a57d0d09c0e,hrc12,src05@display=sequential
hrc12,hrc12,5d6db2a1-c7dc-406e-b3db-75a738a9cd46,hrc17,src05@display=sequential
hrc12,hrc12,1b59b26a-5969-49dc-b678-1d6a91bdfa3d,hrc17,src05@display=sequential
hrc12,hrc12,2a501377-6471-4b25-8716-04c3807bc81d,hrc17,src05@display=sequential
hrc12,hrc12,11e0d1ca-a7ee-4489-9f90-88cd738b1ecd,hrc17,src05@display=sequential
hrc12,hrc17,0e041457-20d5-4bd4-b6ad-bb8eef3e9ad3,hrc12,src05@display=sequential
hrc12,hrc12,675ffd28-b178-4691-b838-a717d141848f,hrc17,src05@display=sequential
hrc12,hrc12,5081c565-b48b-48ae-a702-a224554798b4,hrc17,src05@display=sequential
hrc04,hrc04,6c9dede0-7efc-4a48-898c-fb00527cd28e,hrc08,src05@display=sequential
hrc04,hrc04,809ceea6-b27d-4b7f-aacb-214a78fe5623,hrc08,src05@display=sequential
hrc04,hrc08,3508c90d-7344-4ec2-946c-52b057f5fd46,hrc04,src05@display=sequential
hrc04,hrc08,1a6df238-534f-41b5-8cb5-5875009d5d21,hrc04,src05@display=sequential
hrc04,hrc04,ce9bf68f-cff6-46ed-abc8-cc2f6af281e2,hrc08,src05@display=sequential
hrc04,hrc04,62befdf4-5641-483b-97cc-14024b210d8b,hrc08,src05@display=sequential
hrc04,hrc08,9d6f7ee1-e089-4410-88df-ff9fd7b07a56,hrc04,src05@display=sequential
hrc04,hrc08,082900d0-b541-4840-8099-04cd8537040b,hrc04,src05@display=sequential
hrc04,hrc08,31386404-9819-45ed-8d9d-7ceeb1453990,hrc04,src05@display=sequential
hrc04,hrc04,82043c11-c04e-412b-8b30-62518aaf55b5,hrc08,src05@display=sequential
hrc12,hrc13,34972aa1-0bc4-4539-a7cb-4c5968b766e0,hrc12,src08@display=sequential
hrc12,hrc13,f469abc3-589d-4d1c-965e-33a7e258ed76,hrc12,src08@display=sequential
hrc12,hrc12,596a4e13-7796-4561-90a1-76039346e88a,hrc13,src08@display=sequential
hrc12,hrc13,fc8b30b8-66ed-4a7c-a34d-169a0a459c61,hrc12,src08@display=sequential
hrc12,hrc13,2360f12b-fd5b-4617-9fd0-5672e2a40b5d,hrc12,src08@display=sequential
hrc12,hrc12,24766b7c-1659-4b37-9e0d-5b94e92a320d,hrc13,src08@display=sequential
hrc12,hrc13,0f829d1a-b988-4f9b-8ff2-7ed9cefc6432,hrc12,src08@display=sequential
hrc12,hrc13,8e1eae9a-55e4-4cff-a611-e4ba38d017bb,hrc12,src08@display=sequential
hrc12,hrc12,9980f22a-f115-45f1-b3a2-d12fd0dd8cf1,hrc13,src08@display=sequential
hrc12,hrc12,299729cd-be73-45ed-a747-d83ab1327861,hrc13,src08@display=sequential
original,original,9c1c0670-84be-45e4-8b42-6435e7d64c55,chrc06,csrc14@display=sequential
original,original,3346d8dd-79a1-4cc2-96f1-d21cc148070a,chrc06,csrc14@display=sequential
original,chrc06,b9fce031-c9a8-4792-995b-c255fc3e9f96,original,csrc14@display=sequential
original,chrc06,8016f341-9a26-4b5e-bc01-b857242d960b,original,csrc14@display=sequential
original,chrc06,7c5e9f10-6dd5-4939-833b-7b5680686212,original,csrc14@display=sequential
original,original,d9c97855-ed84-4f1f-8ccf-f42d5c6853e6,chrc06,csrc14@display=sequential
original,chrc06,88ad40fc-1622-47b5-9086-b7b7f2c69c4e,original,csrc14@display=sequential
original,chrc06,6c9dede0-7efc-4a48-898c-fb00527cd28e,original,csrc14@display=sequential
original,original,bb6d0d2d-b94a-492f-94a9-f55ed5467e0e,chrc06,csrc14@display=sequential
original,original,82a2a32f-6ef7-40ab-a7a3-0abcb70eed2a,chrc06,csrc14@display=sequential
chrc08,chrc01,e1a81f7d-52d5-42f1-a2d0-3c29476b9636,chrc08,csrc11@display=sequential
chrc08,chrc01,fe88ec31-e062-4ec6-a7c6-455dc015a155,chrc08,csrc11@display=sequential
chrc08,chrc01,3cdea77c-18d6-4285-8822-0547ebab6d19,chrc08,csrc11@display=sequential
chrc08,chrc01,c199f722-c139-4861-9744-4560a943312a,chrc08,csrc11@display=sequential
chrc08,chrc08,513c4fa3-6b47-439f-8b41-c8bc61b20ba8,chrc01,csrc11@display=sequential
chrc08,chrc01,62befdf4-5641-483b-97cc-14024b210d8b,chrc08,csrc11@display=sequential
chrc08,chrc01,2f199ff5-e6d7-4e86-b684-1c3b552baa9b,chrc08,csrc11@display=sequential
chrc08,chrc01,15db2e4a-2144-4d8c-a36f-2997208a1f4f,chrc08,csrc11@display=sequential
chrc08,chrc08,b7e97777-2add-42f9-95bf-19529261ff45,chrc01,csrc11@display=sequential
chrc08,chrc08,7341608e-8a94-48aa-9aac-53d556ee0c5b,chrc01,csrc11@display=sequential
hrc21,hrc05,2d0c771e-dcc5-4ab1-96dd-5be09e162328,hrc21,src06@display=sequential
hrc21,hrc05,b75eed47-d9a5-4a29-b4b7-bab0ecbfaf72,hrc21,src06@display=sequential
hrc21,hrc21,eca046f8-b87a-462c-8926-24edcb9d9f21,hrc05,src06@display=sequential
hrc21,hrc21,07378324-0772-4f67-aee2-23bc754f81b6,hrc05,src06@display=sequential
hrc21,hrc21,676769ee-ffa7-4de5-81aa-002ebbd70d74,hrc05,src06@display=sequential
hrc21,hrc05,cd178ccf-f697-4b60-8cc6-5b0d63a920a1,hrc21,src06@display=sequential
hrc21,hrc05,320763ff-9395-4607-b5dd-547772958a15,hrc21,src06@display=sequential
hrc21,hrc05,04e42b86-466e-4ef7-9fc6-faf842d0b850,hrc21,src06@display=sequential
hrc21,hrc21,30969ea8-c94c-4f11-9226-95ec5c8c8f03,hrc05,src06@display=sequential
hrc21,hrc21,1458ee06-1d9f-404b-9e4d-b09e3b5731af,hrc05,src06@display=sequential
hrc08,hrc08,5483dfd1-da59-48bb-b08e-2893950a526b,hrc19,src06@display=sequential
hrc19,hrc08,c7b767ec-2634-44e9-a9b0-29d5046ff17a,hrc19,src06@display=sequential
hrc19,hrc08,02dc2aa5-1d89-4c14-8abf-91739c14bb95,hrc19,src06@display=sequential
hrc08,hrc08,462db8d0-a7b4-42e4-bf77-31dfdd0323a0,hrc19,src06@display=sequential
hrc08,hrc08,2fba8665-903d-4a1d-affb-1d9d331f49a4,hrc19,src06@display=sequential
hrc19,hrc19,98f9ec54-b947-408f-848e-553b8a2ded6e,hrc08,src06@display=sequential
hrc19,hrc19,d8160212-8dcd-4e7a-8d55-f10de6af90d9,hrc08,src06@display=sequential
hrc08,hrc08,0c7cd81d-925c-4743-a2d6-52c210ca2c4d,hrc19,src06@display=sequential
hrc08,hrc19,f469abc3-589d-4d1c-965e-33a7e258ed76,hrc08,src06@display=sequential
hrc08,hrc08,3bd6b8a9-b6b4-451c-9278-ee9a14dafa7f,hrc19,src06@display=sequential
hrc12,hrc16,4e7f36e0-2d5f-468a-920c-11bc1cdf8ff4,hrc12,src04@display=sequential
hrc12,hrc12,495902a1-5f30-4da7-9e15-e95a6286afc8,hrc16,src04@display=sequential
hrc12,hrc16,0ff4298a-a194-4522-8ac6-1ea12733aa57,hrc12,src04@display=sequential
hrc12,hrc12,a743ec39-7c4a-4a5e-af3d-ef34d1f878ef,hrc16,src04@display=sequential
hrc12,hrc12,5bb6a91c-222e-469d-9d1f-6f1064a66a0a,hrc16,src04@display=sequential
hrc12,hrc12,c3da5709-2e8a-49da-99c5-900fa16448d3,hrc16,src04@display=sequential
hrc12,hrc12,68c0527c-5834-4f6e-9b86-785f8c121744,hrc16,src04@display=sequential
hrc12,hrc16,42299818-23d6-4c44-822c-dcdd91f26d60,hrc12,src04@display=sequential
hrc12,hrc16,75d3b625-b4cb-421e-8d02-6b64d24248ea,hrc12,src04@display=sequential
hrc12,hrc16,746fca7b-627e-49a4-8992-4928103625eb,hrc12,src04@display=sequential
hrc05,hrc13,b7e97777-2add-42f9-95bf-19529261ff45,hrc05,src04@display=sequential
hrc05,hrc13,fc6ca1a9-48a6-41d5-b5ca-d7fa40d1a43e,hrc05,src04@display=sequential
hrc13,hrc13,e802d7f4-170f-4b14-9db6-3528dd3b697d,hrc05,src04@display=sequential
hrc13,hrc13,d0ff0cee-967d-4b1f-8398-f805a1c309bb,hrc05,src04@display=sequential
hrc05,hrc13,60507d05-0bbe-422a-8abd-b4e7e5fe8937,hrc05,src04@display=sequential
,hrc05,a22cb552-73fd-4bba-b020-6878660bd0d4,hrc13,src04@display=sequential
hrc05,hrc05,9bf342e3-6f22-490b-b00b-372d2a7d8199,hrc13,src04@display=sequential
hrc13,hrc13,ee4e6658-a9aa-47c7-bee6-48666c24c37e,hrc05,src04@display=sequential
hrc13,hrc05,83233e30-b3ad-4498-8eff-e51044d70333,hrc13,src04@display=sequential
hrc05,hrc13,004eff23-2c97-4fd4-8603-adcac081627e,hrc05,src04@display=sequential
hrc07,hrc16,3b98f084-15aa-4f10-bb56-097bd5a7cfad,hrc07,src07@display=sequential
hrc07,hrc16,8fb40cfe-fe7b-4b76-ae1e-8415ab06a086,hrc07,src07@display=sequential
hrc07,hrc16,320763ff-9395-4607-b5dd-547772958a15,hrc07,src07@display=sequential
hrc07,hrc07,270c19d1-7369-4fc0-84b0-9021a68d1b71,hrc16,src07@display=sequential
hrc07,hrc07,dd5b36e2-1bd9-4001-a709-c16dd679568a,hrc16,src07@display=sequential
hrc07,hrc07,9d509489-42a8-469c-8e72-777f35c39870,hrc16,src07@display=sequential
hrc07,hrc16,d3c1b863-4286-42ab-b8e7-356051012a58,hrc07,src07@display=sequential
hrc16,hrc07,dc52d562-4f4a-4a51-b429-caf6addea1be,hrc16,src07@display=sequential
hrc07,hrc16,fc432dc9-f132-47ef-88ba-dfa8091b09a7,hrc07,src07@display=sequential
hrc07,hrc07,cf62539a-dfa8-4a51-b330-bd4b8a49fcd1,hrc16,src07@display=sequential
hrc20,hrc20,8fb40cfe-fe7b-4b76-ae1e-8415ab06a086,hrc19,src09@display=sequential
hrc20,hrc20,9ba77784-a25d-4dc4-a969-95c4699b5d77,hrc19,src09@display=sequential
hrc20,hrc20,3125536d-6555-425a-b49f-e4ae86ecbb4e,hrc19,src09@display=sequential
hrc20,hrc20,77381627-993a-4177-ad22-b7dbdbfad056,hrc19,src09@display=sequential
hrc19,hrc20,c0a4b3b4-26a8-4223-9d56-496a44fa7b3f,hrc19,src09@display=sequential
hrc20,hrc19,8b82218a-90c4-4f4a-8bcb-f70c2de70614,hrc20,src09@display=sequential
hrc20,hrc19,80d588f3-fa01-4c67-b619-ce44c84e9fcf,hrc20,src09@display=sequential
hrc20,hrc19,4bd6af01-9fac-4ed3-9eb7-a3274aeb5661,hrc20,src09@display=sequential
,hrc19,64472def-2740-415f-828a-17a7931c64a8,hrc20,src09@display=sequential
,hrc20,d35fe353-da0b-4b73-af6a-0993d3199c77,hrc19,src09@display=sequential
hrc16,hrc13,8fb40cfe-fe7b-4b76-ae1e-8415ab06a086,hrc16,src02@display=sequential
hrc16,hrc16,74d70012-3006-4be8-92f9-a6511f1400f5,hrc13,src02@display=sequential
hrc13,hrc13,299729cd-be73-45ed-a747-d83ab1327861,hrc16,src02@display=sequential
hrc16,hrc16,a07f105d-b327-4e67-a324-e213ab12c547,hrc13,src02@display=sequential
hrc13,hrc16,0a613023-d4c7-4410-b039-c972f3cf3e04,hrc13,src02@display=sequential
hrc16,hrc16,a410f9ea-0698-429b-a5d2-9f44282f6d4b,hrc13,src02@display=sequential
hrc16,hrc16,d127198b-74be-4c79-9d44-24120e804d7c,hrc13,src02@display=sequential
hrc13,hrc13,48b0ecc7-6a07-4117-a6a2-e7e762ff7646,hrc16,src02@display=sequential
hrc16,hrc13,1f64c3be-6d62-4593-ba38-ec5d4b9eb8e1,hrc16,src02@display=sequential
hrc13,hrc13,a1c9f1fa-39f5-4736-862d-35205a62f9dc,hrc16,src02@display=sequential
,hrc20,b7265973-03c7-49cf-9175-acfed74ae1c7,hrc08,src03@display=sequential
,hrc20,567005c0-484c-420a-8253-19699c82eee9,hrc08,src03@display=sequential
hrc08,hrc08,0691e239-86d2-4f18-9569-54691f5edf2c,hrc20,src03@display=sequential
hrc08,hrc08,b593f76a-6681-43ae-8d5d-96bd388eca8a,hrc20,src03@display=sequential
,hrc08,859ffd8a-b1cd-49e1-9235-03e141136463,hrc20,src03@display=sequential
hrc08,hrc08,67a775b1-b97f-4aa4-affb-54e6180f3b71,hrc20,src03@display=sequential
hrc20,hrc08,668bbe46-836a-454f-ba33-dd4c33ddb6fd,hrc20,src03@display=sequential
hrc08,hrc20,8549911f-d533-4be3-bccb-c329e82caf2c,hrc08,src03@display=sequential
hrc08,hrc08,ec42671b-b220-4f4e-b118-4dcc01ef84f3,hrc20,src03@display=sequential
hrc08,hrc08,7789925c-d537-4f98-b572-c50cc53b8114,hrc20,src03@display=sequential
hrc07,hrc02,1b59b26a-5969-49dc-b678-1d6a91bdfa3d,hrc07,src02@display=sequential
hrc02,hrc02,3dee2c2a-d976-46be-90d7-07d0aa49c753,hrc07,src02@display=sequential
hrc02,hrc02,720fae40-2e83-4d33-9334-c274db0a60a2,hrc07,src02@display=sequential
hrc07,hrc07,86d83e24-39aa-4eeb-bc01-1126751d5d70,hrc02,src02@display=sequential
,hrc07,d93492c2-f0b1-484d-9d63-b66f217afdea,hrc02,src02@display=sequential
hrc02,hrc07,890b0e6e-f299-462d-aeeb-b186f01f6f70,hrc02,src02@display=sequential
hrc02,hrc07,37bcaa2e-6ab9-4674-8dc6-00622721be83,hrc02,src02@display=sequential
hrc07,hrc02,99d9d038-42e4-4055-a1db-51c247b52d8c,hrc07,src02@display=sequential
,hrc07,fc432dc9-f132-47ef-88ba-dfa8091b09a7,hrc02,src02@display=sequential
,hrc02,4430b16c-a339-4f7d-bfc4-59c4c73b0b30,hrc07,src02@display=sequential
original,hrc07,78c51e31-ff55-4ce9-af30-adc428a084c9,original,src08@display=sequential
,hrc07,bc00ffbe-d00a-4157-87b8-493e67cdc18b,original,src08@display=sequential
original,original,5eb3a7bb-533a-4dbd-82c4-cd0fae2b33b0,hrc07,src08@display=sequential
hrc07,original,9ba77784-a25d-4dc4-a969-95c4699b5d77,hrc07,src08@display=sequential
original,hrc07,45e1e015-506b-4217-a64f-4f2b2d502cda,original,src08@display=sequential
hrc07,hrc07,382bd03d-ed65-4ddb-a6a5-6fc3acb136bd,original,src08@display=sequential
hrc07,original,1b59b26a-5969-49dc-b678-1d6a91bdfa3d,hrc07,src08@display=sequential
original,hrc07,ce9bf68f-cff6-46ed-abc8-cc2f6af281e2,original,src08@display=sequential
,original,4490560e-8581-4dfb-9579-fa5b7f095173,hrc07,src08@display=sequential
original,hrc07,e394df73-758e-4644-8b8b-a189f9d65c6d,original,src08@display=sequential
hrc19,hrc17,495902a1-5f30-4da7-9e15-e95a6286afc8,hrc19,src01@display=sequential
hrc19,hrc19,c4b4c465-69fa-4440-8297-38bbd5b0b5d4,hrc17,src01@display=sequential
hrc19,hrc19,82a2a32f-6ef7-40ab-a7a3-0abcb70eed2a,hrc17,src01@display=sequential
hrc19,hrc19,77ffe866-607d-40f5-97ad-5a9629b1c95b,hrc17,src01@display=sequential
hrc19,hrc19,a79372d9-f532-4d0a-9819-25b31a6f5090,hrc17,src01@display=sequential
hrc19,hrc19,2a501377-6471-4b25-8716-04c3807bc81d,hrc17,src01@display=sequential
hrc19,hrc17,1b59b26a-5969-49dc-b678-1d6a91bdfa3d,hrc19,src01@display=sequential
hrc19,hrc19,1d5750bc-8caa-403b-b8cb-7843720e4e19,hrc17,src01@display=sequential
hrc19,hrc19,c3da5709-2e8a-49da-99c5-900fa16448d3,hrc17,src01@display=sequential
hrc19,hrc19,f532281c-30f2-4a67-916d-92f3230bdf18,hrc17,src01@display=sequential
hrc02,hrc10,c3da5709-2e8a-49da-99c5-900fa16448d3,hrc02,src05@display=sequential
,hrc10,462db8d0-a7b4-42e4-bf77-31dfdd0323a0,hrc02,src05@display=sequential
hrc02,hrc02,c5b0d22e-1cc5-4408-b4f7-e79652a808ee,hrc10,src05@display=sequential
hrc02,hrc02,649135cd-e54f-4105-a2ff-d175b6e51c29,hrc10,src05@display=sequential
hrc02,hrc02,df5575f6-7028-4152-850d-bfdbd7ff0569,hrc10,src05@display=sequential
hrc02,hrc02,8bf8e043-0dfe-4d04-bed8-5faea6c6c4c4,hrc10,src05@display=sequential
,hrc02,02b35be6-fb7d-4492-87e7-8f22e34574ad,hrc10,src05@display=sequential
hrc02,hrc10,6ddc68b9-2043-40b0-8dca-222965fa9c27,hrc02,src05@display=sequential
hrc02,hrc10,dc52d562-4f4a-4a51-b429-caf6addea1be,hrc02,src05@display=sequential
hrc02,hrc02,45102dc6-4f10-4500-a0f1-b9a4537ebbbe,hrc10,src05@display=sequential
hrc07,hrc12,462db8d0-a7b4-42e4-bf77-31dfdd0323a0,hrc07,src03@display=sequential
hrc07,hrc12,8c1ba179-2106-4f2f-9f78-2ccd5d2f38a5,hrc07,src03@display=sequential
hrc07,hrc12,77ffe866-607d-40f5-97ad-5a9629b1c95b,hrc07,src03@display=sequential
hrc12,hrc12,74d70012-3006-4be8-92f9-a6511f1400f5,hrc07,src03@display=sequential
,hrc07,659cefad-c10d-42d5-a046-c14ee5cbec01,hrc12,src03@display=sequential
hrc07,hrc12,9ee5a4b0-d417-41e3-9cf1-3729e16ad280,hrc07,src03@display=sequential
,hrc07,02b35be6-fb7d-4492-87e7-8f22e34574ad,hrc12,src03@display=sequential
hrc12,hrc12,9ba77784-a25d-4dc4-a969-95c4699b5d77,hrc07,src03@display=sequential
,hrc07,495902a1-5f30-4da7-9e15-e95a6286afc8,hrc12,src03@display=sequential
,hrc12,c3401f48-cfd7-4f88-b4f3-ec9dc22b55f8,hrc07,src03@display=sequential
,hrc19,7b899b16-b4b6-4694-9c62-eb0d83e287f0,hrc21,src05@display=sequential
,hrc21,659cefad-c10d-42d5-a046-c14ee5cbec01,hrc19,src05@display=sequential
,hrc19,1192c78f-0781-43ea-8c31-4352aa897a64,hrc21,src05@display=sequential
hrc21,hrc21,6138f355-0d67-4ba4-b05d-14e0b0d74414,hrc19,src05@display=sequential
hrc21,hrc21,6860cb23-2a8c-4ee4-b4d9-dea0712b15fb,hrc19,src05@display=sequential
,hrc19,20110c53-5600-4f67-a39a-6d0375743519,hrc21,src05@display=sequential
hrc21,hrc21,acf7d6bd-9041-4faf-ad16-b17383982915,hrc19,src05@display=sequential
,hrc21,f006a370-cff3-4e73-a6dc-4bded3fe0f75,hrc19,src05@display=sequential
,hrc19,a6af3dc2-604d-4e26-9f55-4c28c4160630,hrc21,src05@display=sequential
,hrc21,04e95b2d-3ea9-40f2-b0b2-68e0877d4e5d,hrc19,src05@display=sequential
hrc21,hrc21,7b899b16-b4b6-4694-9c62-eb0d83e287f0,original,src07@display=sequential
original,original,36cb46ba-2416-4e33-8134-040d59c29db7,hrc21,src07@display=sequential
,hrc21,fdd71d4d-86e1-473c-8d6a-212eac301182,original,src07@display=sequential
,hrc21,2be68ad6-657e-4ffe-b18b-9bca4e91fd1a,original,src07@display=sequential
original,original,55d3eb0b-85e9-424a-8a9b-61d092b40bd1,hrc21,src07@display=sequential
,hrc21,6a5c53fc-4f8c-4abf-97c1-466f1f6c1023,original,src07@display=sequential
original,original,8dc48e4f-944e-46f3-b3d7-2733d875f1c5,hrc21,src07@display=sequential
,hrc21,2167d9eb-7db5-4c9e-9b6f-576f21f3db82,original,src07@display=sequential
hrc21,original,a289f0fe-8e3d-48c8-b3d3-d09b6d17b9f8,hrc21,src07@display=sequential
,original,d967e631-6462-49c6-a910-e0213a310eb3,hrc21,src07@display=sequential
hrc20,hrc10,4490560e-8581-4dfb-9579-fa5b7f095173,hrc20,src09@display=sequential
hrc20,hrc10,35a5e6fa-f38a-4cd9-a1ce-1df5e58a64d5,hrc20,src09@display=sequential
hrc20,hrc10,34175692-f5d0-47a5-bac5-7d352d905d05,hrc20,src09@display=sequential
hrc20,hrc10,70e23cfe-1b20-48b2-82a9-db37279d0932,hrc20,src09@display=sequential
hrc20,hrc10,9addd87c-49c9-4ccb-b456-c9971f844026,hrc20,src09@display=sequential
hrc20,hrc20,66ae368d-fe93-4ff7-aafd-162ed5776cd6,hrc10,src09@display=sequential
hrc20,hrc20,09de16c3-f8ac-42c9-bd83-0b8cebd57647,hrc10,src09@display=sequential
hrc20,hrc20,8d34a0c1-f486-4a33-930c-2685163bcf28,hrc10,src09@display=sequential
hrc20,hrc10,d7b474e9-ad6f-4890-99ab-5a796fcbd2cb,hrc20,src09@display=sequential
hrc20,hrc10,7c4a3a6e-b0af-4faa-af50-2e866b6d0fa8,hrc20,src09@display=sequential
chrc08,chrc08,37bcaa2e-6ab9-4674-8dc6-00622721be83,chrc01,csrc13@display=sequential
chrc08,chrc01,3f5f7b8c-cd59-4d11-b12e-b8f93a47cf5c,chrc08,csrc13@display=sequential
,chrc01,6422b30c-4004-46d9-99b3-57b3d473d60d,chrc08,csrc13@display=sequential
chrc08,chrc08,a79372d9-f532-4d0a-9819-25b31a6f5090,chrc01,csrc13@display=sequential
chrc08,chrc08,e94d62b4-1674-49d2-9d93-d83fdf7fc0a9,chrc01,csrc13@display=sequential
chrc08,chrc08,4ad0d76a-ac19-475d-97db-ffe0fd66930b,chrc01,csrc13@display=sequential
chrc08,chrc01,306ef9fb-b2aa-4eb0-b6b7-f160a0880759,chrc08,csrc13@display=sequential
chrc08,chrc08,3f40ceea-2e6d-472c-81ea-76ff6c95e550,chrc01,csrc13@display=sequential
chrc08,chrc08,2c95ff4f-49cb-486d-808e-f6b8faed6fd5,chrc01,csrc13@display=sequential
chrc08,chrc08,c01f1046-c717-4ff9-8dad-7421859fc613,chrc01,csrc13@display=sequential
chrc04,chrc06,003d62a2-e400-4a0d-8dc3-7805faeb9a7b,chrc04,csrc14@display=sequential
chrc04,chrc06,3ad72fd4-4689-4163-a828-dd1744964c11,chrc04,csrc14@display=sequential
chrc04,chrc06,e3f0a209-352a-4445-aea0-2de5126ac546,chrc04,csrc14@display=sequential
chrc04,chrc04,6d152256-d10c-48b1-98bf-22a27348c2f5,chrc06,csrc14@display=sequential
chrc04,chrc06,bb12ebc6-b177-4457-8641-32a00e45e4a3,chrc04,csrc14@display=sequential
chrc04,chrc04,501d69cf-99ba-43bd-b46b-c32a45b0bec0,chrc06,csrc14@display=sequential
chrc04,chrc04,596a4e13-7796-4561-90a1-76039346e88a,chrc06,csrc14@display=sequential
chrc04,chrc04,a6da5121-b372-4161-b0dc-f2fa121c82d8,chrc06,csrc14@display=sequential
chrc04,chrc06,12d98a34-47f5-4779-b4d0-c7e35539b9cb,chrc04,csrc14@display=sequential
chrc04,chrc04,41f2b15c-dbe4-473b-af00-28c8751e329e,chrc06,csrc14@display=sequential
original,original,e107ed08-0b73-4c35-8f6b-f7cc4fa9ebd6,chrc04,csrc11@display=sequential
original,original,0fefac0c-a2e6-487f-ad69-a8c37b4efa0a,chrc04,csrc11@display=sequential
original,original,84531b99-869c-4f3e-ae80-dac3f956997a,chrc04,csrc11@display=sequential
original,chrc04,a743ec39-7c4a-4a5e-af3d-ef34d1f878ef,original,csrc11@display=sequential
original,chrc04,c8fcb579-4361-48f4-ad8c-190c038f943f,original,csrc11@display=sequential
original,chrc04,cc795331-2401-4a12-b0ee-fa79b36fff76,original,csrc11@display=sequential
original,chrc04,6aa8af2c-3dd4-497b-a3fe-7c0f81f96f4a,original,csrc11@display=sequential
original,chrc04,c06fa6f7-ddd2-43d1-96e0-1284e8008c14,original,csrc11@display=sequential
chrc04,chrc04,cd53e6fd-1592-4582-a526-ce3b91a4ea71,original,csrc11@display=sequential
chrc04,original,6f7e0309-3095-4c2a-a58e-11232cacc3bd,chrc04,csrc11@display=sequential
chrc05,chrc01,a83953f0-5996-451a-9eaa-44ee8adcc8e8,chrc05,csrc13@display=sequential
chrc05,chrc05,20110c53-5600-4f67-a39a-6d0375743519,chrc01,csrc13@display=sequential
chrc05,chrc01,7e54f228-a645-4144-a294-2ee406582705,chrc05,csrc13@display=sequential
chrc05,chrc05,58202c2c-6ed0-49f9-bd1c-0ee22c7dec66,chrc01,csrc13@display=sequential
chrc05,chrc05,f526611a-a42a-4f2f-89d5-cc9e7efac493,chrc01,csrc13@display=sequential
chrc05,chrc05,8f9afef3-5f14-4236-b677-b43876808ec6,chrc01,csrc13@display=sequential
chrc05,chrc05,42299818-23d6-4c44-822c-dcdd91f26d60,chrc01,csrc13@display=sequential
chrc05,chrc05,25b75a3c-786b-44b3-b448-9883ab9d0990,chrc01,csrc13@display=sequential
chrc05,chrc01,2d6e96ab-1cc9-4a46-8bba-341f2f33237d,chrc05,csrc13@display=sequential
chrc05,chrc05,130f97dd-bd25-4da8-ac72-85c683f293af,chrc01,csrc13@display=sequential
chrc12,chrc01,d403c7b5-a23c-4583-90c0-5ed27e20b8f4,chrc12,csrc11@display=sequential
chrc12,chrc01,5d3dc6a3-01dc-43b0-8cff-bfbde0c40871,chrc12,csrc11@display=sequential
chrc12,chrc12,f2b9faac-c743-4136-9ed0-28508f2a2b42,chrc01,csrc11@display=sequential
chrc12,chrc12,3ed94fd1-c049-45fd-ad73-4b5fb83c209d,chrc01,csrc11@display=sequential
chrc12,chrc12,a50b1738-5516-46bd-a585-fa878da470e2,chrc01,csrc11@display=sequential
chrc12,chrc12,7cee5dec-b3f6-4b77-9f58-36202fc71af5,chrc01,csrc11@display=sequential
chrc12,chrc01,d17f9416-d50c-4520-a1c8-c8482f856518,chrc12,csrc11@display=sequential
chrc12,chrc01,551db687-32a7-4c5c-ad62-3702df23d258,chrc12,csrc11@display=sequential
chrc12,chrc01,aeb6aa3e-8394-4b15-b8ed-a897b8f04db9,chrc12,csrc11@display=sequential
chrc12,chrc01,29a74aa2-3f6f-413b-a6e7-f37994c1db18,chrc12,csrc11@display=sequential
,hrc07,c0258f9a-7e2a-4c8a-b306-a389e2972855,hrc12,src07@display=sequential
hrc12,hrc07,f94f84f0-0314-443c-aa81-c3dd47dd772a,hrc12,src07@display=sequential
,hrc07,f58fcc49-b5e9-4207-8790-8ecf66e5eb9d,hrc12,src07@display=sequential
hrc07,hrc07,8d4a618f-7184-43bd-9513-10873098a873,hrc12,src07@display=sequential
,hrc12,758f23cd-06e0-4d59-888b-f4b28f9b6923,hrc07,src07@display=sequential
hrc07,hrc12,0ae1ac23-5abd-4347-8efd-f7b4982e799c,hrc07,src07@display=sequential
,hrc07,7dad68b5-2969-4d35-8426-a97f213bdaf4,hrc12,src07@display=sequential
,hrc12,8809b6cf-50cf-4c1e-8184-379e403aa7c4,hrc07,src07@display=sequential
hrc07,hrc12,7cee5dec-b3f6-4b77-9f58-36202fc71af5,hrc07,src07@display=sequential
hrc07,hrc07,130f97dd-bd25-4da8-ac72-85c683f293af,hrc12,src07@display=sequential
hrc08,hrc18,7cee5dec-b3f6-4b77-9f58-36202fc71af5,hrc08,src06@display=sequential
hrc08,hrc08,8c63c66c-47a3-47f5-b661-de0aa2715e65,hrc18,src06@display=sequential
hrc08,hrc18,20e597b5-5ce5-45a7-9a38-d9ef3932f8e0,hrc08,src06@display=sequential
hrc08,hrc08,1642079d-acaa-48c5-a13e-413c3f8bdc04,hrc18,src06@display=sequential
hrc08,hrc08,2c95ff4f-49cb-486d-808e-f6b8faed6fd5,hrc18,src06@display=sequential
hrc08,hrc18,58610daf-4074-4fec-bc1c-4770879d61c8,hrc08,src06@display=sequential
hrc08,hrc18,e70ba9af-4c86-4f6e-a2c8-54afd6b7c818,hrc08,src06@display=sequential
hrc08,hrc18,1c5b2ef7-2948-417f-b285-492bc21cb662,hrc08,src06@display=sequential
hrc08,hrc08,a268d438-9f11-4978-8ad9-7ed49297521c,hrc18,src06@display=sequential
hrc08,hrc08,1c2a4829-ce7e-4d25-b351-e3dd50c04aff,hrc18,src06@display=sequential
hrc02,hrc18,f94f84f0-0314-443c-aa81-c3dd47dd772a,hrc02,src03@display=sequential
hrc02,hrc18,32b1e827-4cf2-468f-9797-4a40b9ed4a47,hrc02,src03@display=sequential
hrc02,hrc18,a9e2bea1-eb02-4a50-8ab1-77f60cb569ff,hrc02,src03@display=sequential
hrc02,hrc18,3422834a-4094-4e5a-b388-6a1bda18368f,hrc02,src03@display=sequential
hrc02,hrc02,ec5fe569-3e08-47cb-aadb-ea0b09d17525,hrc18,src03@display=sequential
hrc02,hrc18,6505fbd9-0847-4bf1-bc8a-09532291d090,hrc02,src03@display=sequential
hrc02,hrc18,7a99092a-1aef-4c46-ad48-570d36f8f632,hrc02,src03@display=sequential
hrc18,hrc18,feabbea3-3eb7-46a6-9150-d41a3944603d,hrc02,src03@display=sequential
hrc02,hrc18,0febb639-cbaf-4607-83ee-763ea7fdd47c,hrc02,src03@display=sequential
hrc02,hrc02,29891a92-472f-4241-97b3-f486548bb310,hrc18,src03@display=sequential
hrc05,hrc16,a16b67db-f08d-44c6-8b9c-e326911ad68f,hrc05,src08@display=sequential
hrc05,hrc16,80b3ebd0-5e38-448c-b3a3-151c11f59954,hrc05,src08@display=sequential
hrc05,hrc16,f3b6f948-ae20-480b-b2e8-052f53a70678,hrc05,src08@display=sequential
hrc16,hrc05,7b386b95-ce0d-4fce-a835-59be5bcfc864,hrc16,src08@display=sequential
hrc05,hrc05,65febfb3-2ea0-4b86-bc2e-3588fe6206d1,hrc16,src08@display=sequential
hrc05,hrc05,7adefaed-dee1-4607-8648-a185a4bc8ff7,hrc16,src08@display=sequential
hrc05,hrc16,86df2c31-3d5e-4c20-8931-c3ef97cc34cd,hrc05,src08@display=sequential
hrc05,hrc16,993fa71c-3dd5-4651-b910-2ea0d14b3621,hrc05,src08@display=sequential
hrc16,hrc05,e8e1430a-3a2a-4c67-80e7-310c0cb6a8b9,hrc16,src08@display=sequential
hrc16,hrc16,8758c6d9-ff95-4e68-834d-d2cc9e39f62c,hrc05,src08@display=sequential
hrc20,hrc20,50f1cc6f-21de-44c4-8056-cfee37a49d31,hrc19,src01@display=sequential
hrc20,hrc19,fd14a53a-2ddf-497c-b651-2126b3686b54,hrc20,src01@display=sequential
hrc19,hrc20,20e45293-4833-4c41-9853-2922c822270f,hrc19,src01@display=sequential
hrc20,hrc19,d7b86eaa-b11f-4bf4-ba01-62352ea7ae97,hrc20,src01@display=sequential
hrc20,hrc19,8aeb1e20-726c-4807-a4b6-069493614cbf,hrc20,src01@display=sequential
hrc20,hrc19,66b92e37-0b75-4aba-990d-ca47cf686540,hrc20,src01@display=sequential
hrc20,hrc19,eb743109-e85a-4981-be4e-e85effa05712,hrc20,src01@display=sequential
hrc19,hrc20,1d214d6a-4f35-4b88-9fc8-42416a834b24,hrc19,src01@display=sequential
hrc19,hrc20,7b386b95-ce0d-4fce-a835-59be5bcfc864,hrc19,src01@display=sequential
hrc19,hrc20,86df2c31-3d5e-4c20-8931-c3ef97cc34cd,hrc19,src01@display=sequential
chrc07,chrc10,13318ebb-5875-4ff4-9460-a1cb3c93434a,chrc07,csrc12@display=sequential
chrc07,chrc10,705f7799-2d34-4d2e-b583-c65f61f6aa45,chrc07,csrc12@display=sequential
chrc07,chrc10,a89ffe10-715d-49e0-9bd3-fc0664ef817e,chrc07,csrc12@display=sequential
chrc10,chrc10,1d214d6a-4f35-4b88-9fc8-42416a834b24,chrc07,csrc12@display=sequential
chrc07,chrc10,fa36cb57-e118-4fa0-b207-5cb949f290dd,chrc07,csrc12@display=sequential
chrc07,chrc10,ccdcf626-e732-4c39-ade0-7e667a11b9de,chrc07,csrc12@display=sequential
chrc07,chrc10,eaa5315e-7904-41da-ad17-313ff2625ef5,chrc07,csrc12@display=sequential
chrc07,chrc10,1bfb2f4b-8c15-4e96-807b-51afd54edd7b,chrc07,csrc12@display=sequential
chrc07,chrc07,de673751-ad54-476d-9e45-5e82a3cea63d,chrc10,csrc12@display=sequential
chrc07,chrc10,76e7a6ec-c031-4a31-a249-f205679c4482,chrc07,csrc12@display=sequential
chrc11,chrc08,781e5bd3-5a30-4643-8e93-d43670ab3790,chrc11,csrc13@display=sequential
chrc11,chrc08,c0a4b3b4-26a8-4223-9d56-496a44fa7b3f,chrc11,csrc13@display=sequential
chrc11,chrc11,c2db09e2-43d0-490d-a6c8-e264533673bf,chrc08,csrc13@display=sequential
chrc11,chrc11,d9c97855-ed84-4f1f-8ccf-f42d5c6853e6,chrc08,csrc13@display=sequential
chrc11,chrc08,5db70634-a94d-4ef3-9da9-6f716223cb35,chrc11,csrc13@display=sequential
chrc11,chrc11,b104dbe8-fec3-4032-b006-cece9ca6183f,chrc08,csrc13@display=sequential
chrc11,chrc08,56dca4c8-e374-4954-ad6b-2e964a5df796,chrc11,csrc13@display=sequential
chrc11,chrc11,a289f0fe-8e3d-48c8-b3d3-d09b6d17b9f8,chrc08,csrc13@display=sequential
chrc11,chrc08,01e8d7b6-3386-43b3-a8e3-f1af4d392224,chrc11,csrc13@display=sequential
chrc11,chrc11,fd313eca-0eb1-4b39-bd08-b5329f2c5e61,chrc08,csrc13@display=sequential
hrc19,hrc02,f3344844-a685-491f-b82c-2b0d069dc1cc,hrc19,src07@display=sequential
hrc19,hrc02,f9bbfc44-9d81-442b-b2b0-e2e241471b54,hrc19,src07@display=sequential
hrc19,hrc02,0053f56a-3dfc-4463-8859-7205469af490,hrc19,src07@display=sequential
hrc19,hrc02,45421f6a-1b14-4ed1-b5d8-8dacebed8b88,hrc19,src07@display=sequential
,hrc02,9c4a6974-4af6-4241-afbd-9ec8b051f3d6,hrc19,src07@display=sequential
,hrc19,814ba963-799b-4345-bf39-65bfbb22105a,hrc02,src07@display=sequential
hrc02,hrc02,31d876be-00c7-4aff-98d2-67a95f368125,hrc19,src07@display=sequential
hrc02,hrc02,6ea4f9af-c257-4696-b51c-792ab1b5c848,hrc19,src07@display=sequential
hrc02,hrc02,99f1e0ac-c8cc-4fc1-93e1-efcdcd8b78b3,hrc19,src07@display=sequential
hrc02,hrc19,bc998eae-55a0-4a74-80a8-20a27838be1a,hrc02,src07@display=sequential
hrc21,hrc21,bef0165e-80b7-4c57-99b3-61581555789d,hrc05,src05@display=sequential
,hrc05,0febb639-cbaf-4607-83ee-763ea7fdd47c,hrc21,src05@display=sequential
hrc21,hrc21,a5d75ac5-07f5-4c4c-bf5f-671d657d60b5,hrc05,src05@display=sequential
hrc21,hrc21,89ffb17a-c99a-4e69-b200-2fd8e129e584,hrc05,src05@display=sequential
hrc21,hrc21,596a4e13-7796-4561-90a1-76039346e88a,hrc05,src05@display=sequential
hrc21,hrc21,3d70e856-3ab7-4076-ad82-0936b0fdf3c7,hrc05,src05@display=sequential
hrc21,hrc21,195c7b00-aa90-444e-b2f5-4a13f76dd102,hrc05,src05@display=sequential
hrc21,hrc05,b1f30d1e-18e5-46f4-a578-f9ee9194ef95,hrc21,src05@display=sequential
hrc21,hrc05,48ab3d96-1eab-4483-bf3f-b690ddb1a5cb,hrc21,src05@display=sequential
hrc21,hrc21,90a1f959-74de-464b-b771-c1bf4d8e011c,hrc05,src05@display=sequential
original,original,b1ea6be7-fe29-4b9e-a8ba-e07c4943aac7,chrc08,csrc13@display=sequential
original,original,fb95302d-dad1-44cc-9cbd-cfbbd08c9051,chrc08,csrc13@display=sequential
original,original,36f2fc24-f43a-4904-b65f-f81f2d37dab2,chrc08,csrc13@display=sequential
original,chrc08,86df2c31-3d5e-4c20-8931-c3ef97cc34cd,original,csrc13@display=sequential
original,original,45c610dd-b351-487a-9dd4-b1d71de31f2c,chrc08,csrc13@display=sequential
original,original,9a5132b2-76b8-4072-aa1e-a8ad2272768b,chrc08,csrc13@display=sequential
original,chrc08,1cb35fd5-7c42-46a8-9139-15882c5bf85c,original,csrc13@display=sequential
original,chrc08,1a45a8b4-7135-4768-a5c5-238e37fb98df,original,csrc13@display=sequential
original,original,9f00faa6-a756-4269-a038-adb6de52ec0d,chrc08,csrc13@display=sequential
original,original,65febfb3-2ea0-4b86-bc2e-3588fe6206d1,chrc08,csrc13@display=sequential
chrc02,chrc08,0afe3f83-afb0-4165-aa8a-5d917fc5f69b,chrc02,csrc13@display=sequential
chrc02,chrc02,b753aa06-01fa-4174-8bac-c4ea32e61695,chrc08,csrc13@display=sequential
chrc02,chrc02,7fc4fb94-b7e7-4237-8e77-087183634925,chrc08,csrc13@display=sequential
chrc02,chrc02,91f8e990-7ac5-44d9-aeb9-f8235aeea663,chrc08,csrc13@display=sequential
chrc02,chrc08,835e531d-086d-4efe-8d86-2e29a6f0383b,chrc02,csrc13@display=sequential
chrc02,chrc08,4bb20196-b209-4ff6-b04e-cc3536d6a71e,chrc02,csrc13@display=sequential
chrc02,chrc08,eda8b60b-5b21-467d-9233-b9c8379a3a30,chrc02,csrc13@display=sequential
chrc02,chrc02,78c51e31-ff55-4ce9-af30-adc428a084c9,chrc08,csrc13@display=sequential
chrc02,chrc02,f12b829d-b55b-4c7c-830a-48c568c8601d,chrc08,csrc13@display=sequential
chrc02,chrc08,b1da7162-c87f-43eb-8bf7-ebb71f16e861,chrc02,csrc13@display=sequential
hrc08,hrc08,8182bf73-0cb3-422e-8eb3-0cbb71037d76,hrc12,src03@display=sequential
,hrc08,34972aa1-0bc4-4539-a7cb-4c5968b766e0,hrc12,src03@display=sequential
,hrc08,e8e0dba2-353c-4c0f-a71d-3d0341a3ddb6,hrc12,src03@display=sequential
,hrc08,5a61f938-bcc9-4393-8100-91e4bdd9d9a3,hrc12,src03@display=sequential
hrc08,hrc12,0f829d1a-b988-4f9b-8ff2-7ed9cefc6432,hrc08,src03@display=sequential
hrc12,hrc08,a1600447-82bb-4d9c-8d46-cacad314ec84,hrc12,src03@display=sequential
hrc12,hrc08,bef0165e-80b7-4c57-99b3-61581555789d,hrc12,src03@display=sequential
,hrc12,aeb6aa3e-8394-4b15-b8ed-a897b8f04db9,hrc08,src03@display=sequential
hrc08,hrc08,8e1eae9a-55e4-4cff-a611-e4ba38d017bb,hrc12,src03@display=sequential
,hrc08,b65c2531-4fd5-4f51-9a89-79645ecc449a,hrc12,src03@display=sequential
hrc13,hrc13,6a4a2c2c-2e8e-47c8-bf35-4d48dc10350a,hrc16,src08@display=sequential
hrc13,hrc13,abd0f219-9a62-430f-b50f-c61b688c219c,hrc16,src08@display=sequential
hrc16,hrc16,20e597b5-5ce5-45a7-9a38-d9ef3932f8e0,hrc13,src08@display=sequential
hrc16,hrc16,e5023fe1-23dd-4132-99eb-54f07bb55f1c,hrc13,src08@display=sequential
hrc16,hrc16,a1600447-82bb-4d9c-8d46-cacad314ec84,hrc13,src08@display=sequential
hrc13,hrc16,8d17603d-66f1-4773-afa0-a9d1c2441752,hrc13,src08@display=sequential
hrc16,hrc13,8c6347a1-9073-43a1-a02c-299b19f1b2b1,hrc16,src08@display=sequential
hrc13,hrc13,50947f47-16ce-460f-b420-a89305500465,hrc16,src08@display=sequential
hrc13,hrc16,99ac275c-68a7-481c-a3ec-e1a7ecf385c8,hrc13,src08@display=sequential
hrc13,hrc13,8c63c66c-47a3-47f5-b661-de0aa2715e65,hrc16,src08@display=sequential
hrc04,hrc18,34972aa1-0bc4-4539-a7cb-4c5968b766e0,hrc04,src07@display=sequential
hrc04,hrc04,8e1eae9a-55e4-4cff-a611-e4ba38d017bb,hrc18,src07@display=sequential
hrc04,hrc18,2360f12b-fd5b-4617-9fd0-5672e2a40b5d,hrc04,src07@display=sequential
hrc04,hrc04,8ab4a29f-8839-4f93-a204-7142e13cfeed,hrc18,src07@display=sequential
hrc04,hrc18,3d70e856-3ab7-4076-ad82-0936b0fdf3c7,hrc04,src07@display=sequential
,hrc04,99ac275c-68a7-481c-a3ec-e1a7ecf385c8,hrc18,src07@display=sequential
hrc04,hrc04,37d9329c-b27d-4e17-9128-3c5b2f9003e1,hrc18,src07@display=sequential
hrc04,hrc18,9980f22a-f115-45f1-b3a2-d12fd0dd8cf1,hrc04,src07@display=sequential
hrc04,hrc18,2f199ff5-e6d7-4e86-b684-1c3b552baa9b,hrc04,src07@display=sequential
hrc18,hrc04,b3f255bf-c09c-4b9f-8244-955912f91178,hrc18,src07@display=sequential
chrc09,chrc09,985b2187-2e8e-497a-87c3-80cdc7a2058a,chrc04,csrc14@display=sequential
chrc09,chrc04,ce8245a5-280a-422c-b0dd-f82448221858,chrc09,csrc14@display=sequential
chrc09,chrc09,b33b3126-3379-45c3-aee4-013638446db5,chrc04,csrc14@display=sequential
,chrc09,7a086198-2edc-4d14-ab82-3d7cd87e92c7,chrc04,csrc14@display=sequential
chrc09,chrc09,88dba501-c1cc-4377-b515-43a0b935917c,chrc04,csrc14@display=sequential
chrc09,chrc09,b1c29b25-331d-4a78-aab8-01d110fd1e92,chrc04,csrc14@display=sequential
chrc04,chrc04,a289f0fe-8e3d-48c8-b3d3-d09b6d17b9f8,chrc09,csrc14@display=sequential
chrc09,chrc04,fa36cb57-e118-4fa0-b207-5cb949f290dd,chrc09,csrc14@display=sequential
,chrc04,e4e6cf83-5949-47e7-9675-8b2b53c28ec5,chrc09,csrc14@display=sequential
chrc09,chrc04,8182bf73-0cb3-422e-8eb3-0cbb71037d76,chrc09,csrc14@display=sequential
,hrc10,b2b6e7cc-ead9-466e-9fac-168ff63177a5,hrc17,src09@display=sequential
hrc17,hrc17,9ebd8a15-d6da-429e-b5e7-f3d7d0b7d614,hrc10,src09@display=sequential
hrc10,hrc17,5bb6a91c-222e-469d-9d1f-6f1064a66a0a,hrc10,src09@display=sequential
hrc17,hrc10,68d1f2b5-3293-45a5-b42e-e9c3da1c116f,hrc17,src09@display=sequential
hrc17,hrc10,aab7fd60-4d29-441c-88ff-67d6aabea655,hrc17,src09@display=sequential
hrc10,hrc10,c6230a1a-bba9-4067-a204-87588e4d736c,hrc17,src09@display=sequential
hrc17,hrc17,f3b6f948-ae20-480b-b2e8-052f53a70678,hrc10,src09@display=sequential
hrc17,hrc17,e03f8435-2142-45a7-a15c-ecf62ea4f916,hrc10,src09@display=sequential
hrc17,hrc17,853100a4-1afc-4a6b-af04-44ce98e09b00,hrc10,src09@display=sequential
hrc17,hrc10,ed6794a4-ad11-45aa-a760-07c44352d392,hrc17,src09@display=sequential
original,chrc01,f3b6f948-ae20-480b-b2e8-052f53a70678,original,csrc12@display=sequential
original,chrc01,8831c2ef-64b2-4f81-bd12-782facb47567,original,csrc12@display=sequential
,original,6cccef86-b575-48f8-8954-d39181458358,chrc01,csrc12@display=sequential
original,chrc01,e886d720-6d96-44b4-a38f-ef52c0aea62d,original,csrc12@display=sequential
original,original,e8c1511a-8c33-4c69-be8f-24942a1a27ce,chrc01,csrc12@display=sequential
,chrc01,71a24918-51dc-498e-a290-b05897aeb40e,original,csrc12@display=sequential
original,chrc01,19a4afc7-504f-4287-aff1-0e01ee561c13,original,csrc12@display=sequential
original,chrc01,22dff3a5-9b27-475a-97c3-7edaf366b118,original,csrc12@display=sequential
original,chrc01,2d6e96ab-1cc9-4a46-8bba-341f2f33237d,original,csrc12@display=sequential
,chrc01,8d8628ca-83a4-40d2-b94c-08e90b8944e4,original,csrc12@display=sequential
original,hrc05,151474dd-b512-4d05-9a75-a4b0be5942ed,original,src09@display=sequential
original,original,ca65c3a0-fb0a-4804-a1b4-2f35acc5b559,hrc05,src09@display=sequential
original,hrc05,7ccb0da3-b717-4245-9daa-e5860aaaaca6,original,src09@display=sequential
original,original,20e597b5-5ce5-45a7-9a38-d9ef3932f8e0,hrc05,src09@display=sequential
original,original,50947f47-16ce-460f-b420-a89305500465,hrc05,src09@display=sequential
original,original,9d32f287-7a5a-4287-9f48-10a44fcb3304,hrc05,src09@display=sequential
original,original,a3a1ef6b-9d54-45e1-bd34-1d3d3c08481b,hrc05,src09@display=sequential
original,original,b9fce031-c9a8-4792-995b-c255fc3e9f96,hrc05,src09@display=sequential
original,original,0b983c9a-59ad-4422-bd89-8970550897f8,hrc05,src09@display=sequential
original,hrc05,7127c423-c55e-495f-8cbf-e77776fc320c,original,src09@display=sequential
hrc07,hrc07,34972aa1-0bc4-4539-a7cb-4c5968b766e0,hrc17,src05@display=sequential
hrc07,hrc17,151474dd-b512-4d05-9a75-a4b0be5942ed,hrc07,src05@display=sequential
hrc07,hrc07,d7b86eaa-b11f-4bf4-ba01-62352ea7ae97,hrc17,src05@display=sequential
hrc07,hrc07,b591d7b2-ac40-4444-b6c7-d86eb5d52ea7,hrc17,src05@display=sequential
hrc07,hrc07,8c63c66c-47a3-47f5-b661-de0aa2715e65,hrc17,src05@display=sequential
hrc07,hrc07,f4e3ae9d-eacf-4aa7-8112-8fd261fe5350,hrc17,src05@display=sequential
hrc07,hrc07,50947f47-16ce-460f-b420-a89305500465,hrc17,src05@display=sequential
hrc07,hrc17,b2641de9-20b4-4009-9fab-38d837861c26,hrc07,src05@display=sequential
hrc07,hrc17,e58017ee-822e-494a-a864-21cbf433adc2,hrc07,src05@display=sequential
hrc07,hrc07,7ccb0da3-b717-4245-9daa-e5860aaaaca6,hrc17,src05@display=sequential
hrc09,hrc09,9f33edd4-881a-4ba2-a15f-93d4e082e7b0,hrc17,src04@display=sequential
hrc09,hrc09,6f8a5c6a-feb4-476a-beb2-43405347d14b,hrc17,src04@display=sequential
hrc09,hrc09,315a0286-5f6d-4248-832d-03fd03fd9243,hrc17,src04@display=sequential
hrc09,hrc09,0b983c9a-59ad-4422-bd89-8970550897f8,hrc17,src04@display=sequential
,hrc09,d0af8c35-bbb4-4ea1-a7bc-327a4b1da556,hrc17,src04@display=sequential
hrc09,hrc09,20e597b5-5ce5-45a7-9a38-d9ef3932f8e0,hrc17,src04@display=sequential
,hrc17,50947f47-16ce-460f-b420-a89305500465,hrc09,src04@display=sequential
hrc09,hrc17,14cd44b5-5d36-4f69-be0a-f4be1d6bfc59,hrc09,src04@display=sequential
hrc09,hrc09,133ad39e-5998-410a-b3de-f89eff90206c,hrc17,src04@display=sequential
hrc09,hrc09,151474dd-b512-4d05-9a75-a4b0be5942ed,hrc17,src04@display=sequential
original,original,9d6f7ee1-e089-4410-88df-ff9fd7b07a56,hrc16,src06@display=sequential
original,original,ccf15846-bb9a-4523-86ef-96158048a208,hrc16,src06@display=sequential
original,original,0f829d1a-b988-4f9b-8ff2-7ed9cefc6432,hrc16,src06@display=sequential
original,original,a7e6cf69-b8cc-4cbc-964e-f6819e5cd6a4,hrc16,src06@display=sequential
original,hrc16,2268b1e8-ab95-4a64-bbb0-4dc64f270f4f,original,src06@display=sequential
original,original,2360f12b-fd5b-4617-9fd0-5672e2a40b5d,hrc16,src06@display=sequential
original,original,a1600447-82bb-4d9c-8d46-cacad314ec84,hrc16,src06@display=sequential
original,original,195c7b00-aa90-444e-b2f5-4a13f76dd102,hrc16,src06@display=sequential
original,original,3d70e856-3ab7-4076-ad82-0936b0fdf3c7,hrc16,src06@display=sequential
original,hrc16,5d3b4e5d-95ce-4d4c-a503-228a06c1c27b,original,src06@display=sequential
original,original,42aa0e55-7209-46e7-89a1-6d855d35847c,hrc17,src09@display=sequential
original,original,f6e12820-1dde-4cf8-8de7-2dcccc84bffe,hrc17,src09@display=sequential
original,hrc17,59e41467-1fc8-49ad-871f-be15ce142ac5,original,src09@display=sequential
original,hrc17,06334826-d0bc-4981-ba31-12d33cc57c66,original,src09@display=sequential
,original,e6fc1745-e793-4db0-a5ca-9fe262db0dcb,hrc17,src09@display=sequential
original,hrc17,92eaa3f8-76a9-4f2b-810d-426076bbe1ab,original,src09@display=sequential
original,hrc17,867f48bf-2cb3-41b6-926b-b447ab6e1691,original,src09@display=sequential
original,original,cd4297f0-57ec-486e-957b-ef09e8de0607,hrc17,src09@display=sequential
original,hrc17,a97fc96e-5fbe-4371-a9ec-14da0c0f764f,original,src09@display=sequential
original,hrc17,5a1b603e-2a3d-41bf-8b6e-10e9c9e994bf,original,src09@display=sequential
,original,ec8fe5d2-66e6-446e-82d7-78a2c7f7243a,hrc04,src02@display=sequential
,original,907299d4-1482-46f9-8444-e875e38eb7cb,hrc04,src02@display=sequential
,original,638556dd-6e86-4ae3-9c25-0dd2e60709f1,hrc04,src02@display=sequential
,original,014dfed2-414d-42a6-97cc-34e25f02feec,hrc04,src02@display=sequential
,hrc04,98b09ff4-e3e5-4a56-a530-95ab35695116,original,src02@display=sequential
original,hrc04,a97fc96e-5fbe-4371-a9ec-14da0c0f764f,original,src02@display=sequential
,original,c0258f9a-7e2a-4c8a-b306-a389e2972855,hrc04,src02@display=sequential
hrc04,hrc04,92eaa3f8-76a9-4f2b-810d-426076bbe1ab,original,src02@display=sequential
original,hrc04,05942f22-02a8-4b21-a462-aca7c9d5c551,original,src02@display=sequential
original,original,6e864a01-02fb-4ef4-8f67-60232783d138,hrc04,src02@display=sequential
hrc02,hrc02,e70ba9af-4c86-4f6e-a2c8-54afd6b7c818,hrc12,src05@display=sequential
,hrc12,472d4448-6fde-4702-84a1-cf3f7bd0e45d,hrc02,src05@display=sequential
hrc02,hrc02,aa5df311-6e77-419b-a840-ecac85c0bf57,hrc12,src05@display=sequential
,hrc02,c4041511-376e-4f71-9c8e-acac17d0954a,hrc12,src05@display=sequential
hrc02,hrc02,ec8fe5d2-66e6-446e-82d7-78a2c7f7243a,hrc12,src05@display=sequential
hrc12,hrc12,95a42d41-dfc0-4ddf-ae33-f22f4f4f7632,hrc02,src05@display=sequential
,hrc12,4217bff9-943f-4f5e-b985-5d9e1ebb5eba,hrc02,src05@display=sequential
,hrc12,c99a62dd-b2e6-4d8f-9986-44d28d8c8dc1,hrc02,src05@display=sequential
hrc12,hrc02,8d05d45d-efc8-477b-95a3-8473ca645610,hrc12,src05@display=sequential
,hrc02,43841f54-348c-4ab3-9c66-5c001c2e1e8a,hrc12,src05@display=sequential
original,hrc07,2847519c-6135-4c95-869d-42debfbc689f,original,src09@display=sequential
,original,96c12748-598a-4c44-85ec-d5f3eafc8b88,hrc07,src09@display=sequential
,hrc07,5a61f938-bcc9-4393-8100-91e4bdd9d9a3,original,src09@display=sequential
,hrc07,97f15f79-2e8c-4f8f-bdf8-57bc17a7a1f9,original,src09@display=sequential
hrc07,hrc07,b1a7ab8f-b9a1-4e38-9633-fac16c7345db,original,src09@display=sequential
,original,34972aa1-0bc4-4539-a7cb-4c5968b766e0,hrc07,src09@display=sequential
,original,b7d9cf99-b646-448f-8000-ca53352da30a,hrc07,src09@display=sequential
hrc07,original,c4be62d3-fa6f-4723-a727-5c0950b7f27f,hrc07,src09@display=sequential
original,hrc07,1642079d-acaa-48c5-a13e-413c3f8bdc04,original,src09@display=sequential
,original,195c7b00-aa90-444e-b2f5-4a13f76dd102,hrc07,src09@display=sequential
hrc07,hrc07,97f15f79-2e8c-4f8f-bdf8-57bc17a7a1f9,hrc10,src07@display=sequential
hrc07,hrc10,195c7b00-aa90-444e-b2f5-4a13f76dd102,hrc07,src07@display=sequential
hrc07,hrc10,5a61f938-bcc9-4393-8100-91e4bdd9d9a3,hrc07,src07@display=sequential
hrc07,hrc10,e5023fe1-23dd-4132-99eb-54f07bb55f1c,hrc07,src07@display=sequential
hrc07,hrc07,2c95ff4f-49cb-486d-808e-f6b8faed6fd5,hrc10,src07@display=sequential
hrc07,hrc07,31139786-676b-4e53-9762-4f0e8cc93727,hrc10,src07@display=sequential
hrc07,hrc10,5e7b7399-d11c-4dbd-b93c-a054a679a25f,hrc07,src07@display=sequential
hrc07,hrc10,5db97e29-51c6-4d87-9897-b63690e31c52,hrc07,src07@display=sequential
hrc07,hrc07,a7e6cf69-b8cc-4cbc-964e-f6819e5cd6a4,hrc10,src07@display=sequential
hrc07,hrc10,385532c8-5edf-4c2b-85e3-1c533fad9959,hrc07,src07@display=sequential
hrc02,hrc20,cd4297f0-57ec-486e-957b-ef09e8de0607,hrc02,src01@display=sequential
,hrc20,151474dd-b512-4d05-9a75-a4b0be5942ed,hrc02,src01@display=sequential
hrc02,hrc20,b0d86c37-1389-480f-862e-828f0e6376a5,hrc02,src01@display=sequential
hrc20,hrc02,a3a1ef6b-9d54-45e1-bd34-1d3d3c08481b,hrc20,src01@display=sequential
hrc02,hrc20,a1600447-82bb-4d9c-8d46-cacad314ec84,hrc02,src01@display=sequential
hrc20,hrc02,907299d4-1482-46f9-8444-e875e38eb7cb,hrc20,src01@display=sequential
hrc20,hrc02,7ccb0da3-b717-4245-9daa-e5860aaaaca6,hrc20,src01@display=sequential
hrc02,hrc20,1642079d-acaa-48c5-a13e-413c3f8bdc04,hrc02,src01@display=sequential
hrc02,hrc20,2c95ff4f-49cb-486d-808e-f6b8faed6fd5,hrc02,src01@display=sequential
hrc20,hrc20,054b9d42-a10e-4563-9d6e-e161da3640fd,hrc02,src01@display=sequential
hrc21,hrc21,aef6f382-f636-4b40-bc86-864837bb4fa3,hrc16,src09@display=sequential
hrc21,hrc21,7e98f940-e3dc-44a6-a8fd-efa346cb7697,hrc16,src09@display=sequential
hrc21,hrc21,907299d4-1482-46f9-8444-e875e38eb7cb,hrc16,src09@display=sequential
hrc21,hrc16,84ca9dd6-4310-434b-946b-97d8f4b39485,hrc21,src09@display=sequential
hrc21,hrc21,04a47e94-ecc5-4706-a79a-e96f350141ed,hrc16,src09@display=sequential
hrc21,hrc21,331844da-5e41-403c-a653-e3e9df4bd77e,hrc16,src09@display=sequential
hrc21,hrc16,4217bff9-943f-4f5e-b985-5d9e1ebb5eba,hrc21,src09@display=sequential
hrc21,hrc21,28138e18-1992-4f6d-94e7-993ddca405e8,hrc16,src09@display=sequential
hrc21,hrc21,3f5f7b8c-cd59-4d11-b12e-b8f93a47cf5c,hrc16,src09@display=sequential
hrc21,hrc16,78ec5f69-a67b-42ac-ae06-c985f67935dd,hrc21,src09@display=sequential
original,chrc11,907299d4-1482-46f9-8444-e875e38eb7cb,original,csrc11@display=sequential
chrc11,original,2b493139-f877-4c83-8de2-f89c1b5bbd54,chrc11,csrc11@display=sequential
original,original,9d2abd08-aa84-4b48-aeb3-697822d55fc6,chrc11,csrc11@display=sequential
chrc11,chrc11,ac3cb7af-b2f0-4b61-9ea7-61bad06aa1d3,original,csrc11@display=sequential
original,chrc11,9bd8abfb-6a27-45ba-b7dc-35c6940c49a6,original,csrc11@display=sequential
original,chrc11,43868782-c006-4e73-8ab4-1f5f132a01cc,original,csrc11@display=sequential
original,chrc11,1cf51187-29ee-4e29-80b2-ad2a3f850fe2,original,csrc11@display=sequential
original,original,d06c5043-187d-45b6-a654-ec690918445f,chrc11,csrc11@display=sequential
original,chrc11,e02609ec-35cf-456d-b864-7676af978c4b,original,csrc11@display=sequential
original,chrc11,d52484c5-287b-49f5-92f9-d01055c2728e,original,csrc11@display=sequential
,chrc11,907299d4-1482-46f9-8444-e875e38eb7cb,chrc05,csrc13@display=sequential
chrc11,chrc05,2b2fa8d6-a371-4df4-aaf9-2b8ac3c23030,chrc11,csrc13@display=sequential
chrc11,chrc05,9d6f7ee1-e089-4410-88df-ff9fd7b07a56,chrc11,csrc13@display=sequential
chrc11,chrc05,eadefcd2-3e7b-4db5-a25d-9ebfe5da399e,chrc11,csrc13@display=sequential
,chrc11,3febb924-5622-4d83-b36c-f2213c3f5117,chrc05,csrc13@display=sequential
chrc11,chrc05,20b82720-584e-4871-83c5-e88aec82c7ff,chrc11,csrc13@display=sequential
chrc11,chrc05,42fb1927-baf0-4108-b7ea-960028526098,chrc11,csrc13@display=sequential
chrc05,chrc05,226606bc-5276-4f2d-9a2c-b56c14b8bcdf,chrc11,csrc13@display=sequential
chrc05,chrc11,e4e6cf83-5949-47e7-9675-8b2b53c28ec5,chrc05,csrc13@display=sequential
chrc11,chrc11,28138e18-1992-4f6d-94e7-993ddca405e8,chrc05,csrc13@display=sequential
hrc12,hrc12,e5023fe1-23dd-4132-99eb-54f07bb55f1c,hrc18,src04@display=sequential
hrc18,hrc12,7636c232-cf8e-42d0-9b8d-10d48c444b17,hrc18,src04@display=sequential
hrc12,hrc18,b3f255bf-c09c-4b9f-8244-955912f91178,hrc12,src04@display=sequential
hrc18,hrc18,b2641de9-20b4-4009-9fab-38d837861c26,hrc12,src04@display=sequential
hrc12,hrc12,af5e8105-39b8-4b2a-9e17-9b0216a6820c,hrc18,src04@display=sequential
hrc18,hrc12,04a47e94-ecc5-4706-a79a-e96f350141ed,hrc18,src04@display=sequential
hrc12,hrc18,a3a1ef6b-9d54-45e1-bd34-1d3d3c08481b,hrc12,src04@display=sequential
hrc12,hrc18,bdcc1e7a-95a7-4f0a-89b9-ef03f0ed7261,hrc12,src04@display=sequential
hrc12,hrc18,157b2239-271e-41e3-99b6-ed7eca00929c,hrc12,src04@display=sequential
hrc12,hrc12,195c7b00-aa90-444e-b2f5-4a13f76dd102,hrc18,src04@display=sequential
hrc09,hrc13,195c7b00-aa90-444e-b2f5-4a13f76dd102,hrc09,src03@display=sequential
hrc09,hrc09,52a8708f-7993-40c8-aea1-69ff552e2f01,hrc13,src03@display=sequential
hrc09,hrc13,50f51bac-dcf9-417a-af31-515670431985,hrc09,src03@display=sequential
hrc09,hrc13,e5023fe1-23dd-4132-99eb-54f07bb55f1c,hrc09,src03@display=sequential
hrc09,hrc13,b1a7ab8f-b9a1-4e38-9633-fac16c7345db,hrc09,src03@display=sequential
hrc09,hrc13,2cf04c1d-69ed-4a9f-9296-26dd3abf56ce,hrc09,src03@display=sequential
hrc09,hrc13,84bd8de2-fe4e-426f-a1e4-82db2dee938f,hrc09,src03@display=sequential
hrc09,hrc13,d27719b9-a882-45c6-8cc3-c9f6d571338d,hrc09,src03@display=sequential
hrc13,hrc13,635554c5-d17c-4fc7-a61e-7d792f8ec3c8,hrc09,src03@display=sequential
hrc09,hrc13,2d88bf11-2afb-4e46-aea9-b4aa2d240f8c,hrc09,src03@display=sequential
hrc20,original,047278b9-b1d1-4203-80b2-6735cc761abe,hrc20,src08@display=sequential
hrc20,hrc20,c185b7b6-460c-449b-942c-7437d0e8b154,original,src08@display=sequential
original,original,8f79de94-24be-4943-8b74-544f666196b8,hrc20,src08@display=sequential
original,hrc20,aef6f382-f636-4b40-bc86-864837bb4fa3,original,src08@display=sequential
,hrc20,2e4c1a67-80bc-4b30-b6ca-da117c7f7ee9,original,src08@display=sequential
original,hrc20,af9ff558-041e-4cd0-ba22-7930f53eaf9b,original,src08@display=sequential
,hrc20,bda87d12-7e34-4288-abb7-7730774cfe50,original,src08@display=sequential
original,original,3adb22b3-7403-4d2b-bc31-9209defa8e33,hrc20,src08@display=sequential
original,hrc20,fda50597-1f41-40cf-b84d-017055879a57,original,src08@display=sequential
,original,1f64c3be-6d62-4593-ba38-ec5d4b9eb8e1,hrc20,src08@display=sequential
hrc02,hrc13,a2cd5997-8ab2-40d5-af24-ff7745f16f87,hrc02,src02@display=sequential
hrc02,hrc13,9fd1b181-02a1-4f1c-8cba-bb8193353de9,hrc02,src02@display=sequential
hrc02,hrc13,c4041511-376e-4f71-9c8e-acac17d0954a,hrc02,src02@display=sequential
hrc02,hrc13,aef6f382-f636-4b40-bc86-864837bb4fa3,hrc02,src02@display=sequential
hrc02,hrc13,5d2512ce-fedd-483b-818a-932259712b71,hrc02,src02@display=sequential
hrc02,hrc13,e71693e3-f3a8-4f43-b1a3-1094bcfee6b3,hrc02,src02@display=sequential
hrc02,hrc13,42aa0e55-7209-46e7-89a1-6d855d35847c,hrc02,src02@display=sequential
hrc02,hrc02,047278b9-b1d1-4203-80b2-6735cc761abe,hrc13,src02@display=sequential
hrc02,hrc13,81da3e49-dd49-4dc1-b619-476371ae6e37,hrc02,src02@display=sequential
hrc02,hrc13,eda8b60b-5b21-467d-9233-b9c8379a3a30,hrc02,src02@display=sequential
,hrc08,0e786423-5320-4062-b1c3-029db412234e,hrc16,src03@display=sequential
hrc08,hrc16,5296ad33-1f8c-4621-a118-721bf71af4d3,hrc08,src03@display=sequential
hrc08,hrc16,65e55d30-683c-49bd-9237-f89f1646f134,hrc08,src03@display=sequential
hrc08,hrc16,047278b9-b1d1-4203-80b2-6735cc761abe,hrc08,src03@display=sequential
hrc08,hrc08,42cf276e-584f-459f-92b9-c2966ba7f50e,hrc16,src03@display=sequential
hrc08,hrc16,6140f270-6e48-4210-9132-c8a58eeb4d48,hrc08,src03@display=sequential
hrc08,hrc16,4a154184-7951-43db-b483-c74ac72e5248,hrc08,src03@display=sequential
hrc08,hrc08,a2cd5997-8ab2-40d5-af24-ff7745f16f87,hrc16,src03@display=sequential
hrc08,hrc16,c0e526aa-54a9-4187-bc52-4f56df7ea910,hrc08,src03@display=sequential
hrc08,hrc08,c4041511-376e-4f71-9c8e-acac17d0954a,hrc16,src03@display=sequential
chrc04,chrc01,472d4448-6fde-4702-84a1-cf3f7bd0e45d,chrc04,csrc14@display=sequential
chrc04,chrc04,52a8708f-7993-40c8-aea1-69ff552e2f01,chrc01,csrc14@display=sequential
chrc04,chrc01,fbf0e732-933c-4026-87b1-d49c6106ccf3,chrc04,csrc14@display=sequential
chrc04,chrc01,79595a55-109b-463a-9dc6-18a2c47dda3b,chrc04,csrc14@display=sequential
chrc04,chrc04,ad80bfb9-7f25-493b-9511-fe3bf1a4016f,chrc01,csrc14@display=sequential
chrc04,chrc04,4286ceb2-7535-49c7-ae3e-0a69c7960068,chrc01,csrc14@display=sequential
chrc04,chrc01,320763ff-9395-4607-b5dd-547772958a15,chrc04,csrc14@display=sequential
chrc04,chrc01,adefd39e-12cd-4c2a-aaa3-98f584c5c723,chrc04,csrc14@display=sequential
chrc04,chrc01,f0477d3b-b59d-4c71-8581-110c40c14ca6,chrc04,csrc14@display=sequential
chrc04,chrc04,df4292d0-100f-419b-bb47-77f336b78a08,chrc01,csrc14@display=sequential
hrc07,hrc07,8d05d45d-efc8-477b-95a3-8473ca645610,hrc19,src02@display=sequential
,hrc19,4217bff9-943f-4f5e-b985-5d9e1ebb5eba,hrc07,src02@display=sequential
hrc07,hrc19,c78c983f-91fd-4f70-a03b-083124de3c51,hrc07,src02@display=sequential
hrc07,hrc07,6ea4f9af-c257-4696-b51c-792ab1b5c848,hrc19,src02@display=sequential
hrc07,hrc07,59e41467-1fc8-49ad-871f-be15ce142ac5,hrc19,src02@display=sequential
hrc07,hrc07,705f7799-2d34-4d2e-b583-c65f61f6aa45,hrc19,src02@display=sequential
hrc19,hrc19,f6e12820-1dde-4cf8-8de7-2dcccc84bffe,hrc07,src02@display=sequential
hrc07,hrc07,d080f3ec-e040-41e2-8e4c-6ff37f951cc8,hrc19,src02@display=sequential
,hrc07,0e786423-5320-4062-b1c3-029db412234e,hrc19,src02@display=sequential
hrc07,hrc19,53127e19-5162-4bab-bb56-69665405a598,hrc07,src02@display=sequential
original,chrc11,bda87d12-7e34-4288-abb7-7730774cfe50,original,csrc13@display=sequential
original,chrc11,b80f00b9-eab1-4fc9-807a-f0f2300dd67c,original,csrc13@display=sequential
original,original,f41906e2-bcde-4730-a270-44ad2f2dbd45,chrc11,csrc13@display=sequential
original,chrc11,cf05d5d1-53f7-4560-9fb1-c4020a9dcb97,original,csrc13@display=sequential
original,original,c045d23e-3f3b-4b8e-8905-9903e31dea71,chrc11,csrc13@display=sequential
original,original,e394df73-758e-4644-8b8b-a189f9d65c6d,chrc11,csrc13@display=sequential
original,original,5538c60a-3f6f-425a-90d3-4f15c31f6e3f,chrc11,csrc13@display=sequential
original,chrc11,78f11d30-8cfb-4880-8a9d-194b1120ef55,original,csrc13@display=sequential
original,chrc11,d9b5fc53-9935-4007-bdae-6fa5e7e7fc92,original,csrc13@display=sequential
original,original,f6e12820-1dde-4cf8-8de7-2dcccc84bffe,chrc11,csrc13@display=sequential
original,original,082900d0-b541-4840-8099-04cd8537040b,hrc20,src07@display=sequential
original,hrc20,315a0286-5f6d-4248-832d-03fd03fd9243,original,src07@display=sequential
,hrc20,42aa0e55-7209-46e7-89a1-6d855d35847c,original,src07@display=sequential
hrc20,original,635554c5-d17c-4fc7-a61e-7d792f8ec3c8,hrc20,src07@display=sequential
original,original,5296ad33-1f8c-4621-a118-721bf71af4d3,hrc20,src07@display=sequential
original,hrc20,b690625f-e142-4388-b4a1-8208baee2107,original,src07@display=sequential
original,original,34175692-f5d0-47a5-bac5-7d352d905d05,hrc20,src07@display=sequential
,hrc20,046a2d12-93ee-4c22-b4af-236d42e42716,original,src07@display=sequential
original,hrc20,f6e12820-1dde-4cf8-8de7-2dcccc84bffe,original,src07@display=sequential
,original,96c12748-598a-4c44-85ec-d5f3eafc8b88,hrc20,src07@display=sequential
chrc01,chrc01,56d73c46-8181-476a-8cb6-4e14d196dea1,chrc10,csrc12@display=sequential
chrc01,chrc10,e04a10a2-abed-4430-a7ce-7f6e3735c4d2,chrc01,csrc12@display=sequential
chrc01,chrc01,e14946cd-907b-4bb4-a50f-16353833a3a1,chrc10,csrc12@display=sequential
chrc01,chrc01,d69fb9a4-88e8-4e25-bbde-bebbddf5fbc5,chrc10,csrc12@display=sequential
chrc01,chrc10,efec50c6-91a7-440c-9aea-465ed22f7ea8,chrc01,csrc12@display=sequential
chrc01,chrc01,9d5a019b-71bd-4af6-b124-a219b08b293a,chrc10,csrc12@display=sequential
chrc01,chrc01,86d4496d-95f4-42fb-aa84-ac80e6bf2f82,chrc10,csrc12@display=sequential
chrc01,chrc01,6dd3a163-db41-4440-8d55-ed3d84cb78ae,chrc10,csrc12@display=sequential
chrc01,chrc01,05de8bc7-41eb-47be-80e6-4c24be43649c,chrc10,csrc12@display=sequential
chrc01,chrc10,1458ee06-1d9f-404b-9e4d-b09e3b5731af,chrc01,csrc12@display=sequential
original,hrc19,eb5529f9-4569-4b21-9bee-6c7a462d6195,original,src02@display=sequential
original,hrc19,adefd39e-12cd-4c2a-aaa3-98f584c5c723,original,src02@display=sequential
original,original,b774e164-c6e9-4e95-888c-12c5e3ddb8ad,hrc19,src02@display=sequential
original,original,3a031695-b20f-4ff1-803d-2611342ac2de,hrc19,src02@display=sequential
original,original,3be288f6-8041-4043-b452-46e8a67d7014,hrc19,src02@display=sequential
original,hrc19,3a448cd9-fa6e-4e30-9d17-ab40a67c7980,original,src02@display=sequential
original,hrc19,6929c469-fe35-443d-a2ef-95c2eea44139,original,src02@display=sequential
original,original,5a14dca9-ea09-4194-8bd6-e5eb2d3a4404,hrc19,src02@display=sequential
original,hrc19,f5c65d98-da4b-4ebe-8638-393f3d2741c0,original,src02@display=sequential
original,original,fdd71d4d-86e1-473c-8d6a-212eac301182,hrc19,src02@display=sequential
hrc02,hrc02,bfbecf9a-5392-4f42-9ec6-fc3f122112b5,hrc05,src03@display=sequential
hrc02,hrc02,3ad72fd4-4689-4163-a828-dd1744964c11,hrc05,src03@display=sequential
hrc02,hrc05,ba734442-c953-48c5-a8ce-20166773bf6a,hrc02,src03@display=sequential
hrc02,hrc02,eaa5315e-7904-41da-ad17-313ff2625ef5,hrc05,src03@display=sequential
hrc02,hrc02,b80f00b9-eab1-4fc9-807a-f0f2300dd67c,hrc05,src03@display=sequential
hrc02,hrc02,fed3c133-8a6c-4f5f-a931-1d3bf1e3cbfb,hrc05,src03@display=sequential
hrc02,hrc05,20ee2e43-5f41-4f76-b0c1-2ffe19f9602c,hrc02,src03@display=sequential
hrc02,hrc02,15e504a2-140c-49a8-b62a-adede2b19d95,hrc05,src03@display=sequential
hrc02,hrc05,0abb605f-ad44-4d63-9bbd-84e2b37b9a07,hrc02,src03@display=sequential
hrc02,hrc05,7d3d38fd-547c-43c1-af86-0bc68bbb33af,hrc02,src03@display=sequential
hrc04,hrc09,638556dd-6e86-4ae3-9c25-0dd2e60709f1,hrc04,src06@display=sequential
hrc04,hrc09,5d2512ce-fedd-483b-818a-932259712b71,hrc04,src06@display=sequential
hrc04,hrc09,aef6f382-f636-4b40-bc86-864837bb4fa3,hrc04,src06@display=sequential
hrc04,hrc04,a2cd5997-8ab2-40d5-af24-ff7745f16f87,hrc09,src06@display=sequential
hrc04,hrc09,5296ad33-1f8c-4621-a118-721bf71af4d3,hrc04,src06@display=sequential
hrc04,hrc09,1d104d10-ddaf-4815-9bae-c68e13790087,hrc04,src06@display=sequential
hrc04,hrc09,bda87d12-7e34-4288-abb7-7730774cfe50,hrc04,src06@display=sequential
hrc04,hrc04,f9cbea11-d50a-4473-8583-2756324ec9fa,hrc09,src06@display=sequential
hrc04,hrc04,3a448cd9-fa6e-4e30-9d17-ab40a67c7980,hrc09,src06@display=sequential
hrc04,hrc04,7e7c71d5-29cf-4dc2-b67b-49a564dcb072,hrc09,src06@display=sequential
chrc02,chrc05,2b493139-f877-4c83-8de2-f89c1b5bbd54,chrc02,csrc13@display=sequential
chrc02,chrc02,537c658a-c98a-4694-980b-087adcb1835b,chrc05,csrc13@display=sequential
chrc02,chrc05,e6649c05-bba4-4d31-98c7-8601374d6057,chrc02,csrc13@display=sequential
chrc02,chrc02,41f2b15c-dbe4-473b-af00-28c8751e329e,chrc05,csrc13@display=sequential
chrc02,chrc05,f9cbea11-d50a-4473-8583-2756324ec9fa,chrc02,csrc13@display=sequential
chrc02,chrc02,241b830e-0e58-4e17-a663-88a3a821ac3e,chrc05,csrc13@display=sequential
chrc02,chrc02,189cc04f-5b5b-45ea-be05-e4f97f0b529b,chrc05,csrc13@display=sequential
chrc02,chrc02,86d4496d-95f4-42fb-aa84-ac80e6bf2f82,chrc05,csrc13@display=sequential
chrc02,chrc05,a268d438-9f11-4978-8ad9-7ed49297521c,chrc02,csrc13@display=sequential
,chrc05,4a2d56ff-0393-4f08-9121-e22c41b4c51f,chrc02,csrc13@display=sequential
original,chrc01,42aa0e55-7209-46e7-89a1-6d855d35847c,original,csrc13@display=sequential
original,original,6cf2c76e-5f85-4403-82aa-d49cfb5b9422,chrc01,csrc13@display=sequential
original,original,0febb639-cbaf-4607-83ee-763ea7fdd47c,chrc01,csrc13@display=sequential
original,chrc01,0c75c2cb-4183-4187-8e95-1ddec654b46f,original,csrc13@display=sequential
original,original,30d52e8d-b0e1-45e5-9af0-fad21c9f6ec0,chrc01,csrc13@display=sequential
original,original,e2ef8b3c-8f6b-4998-b6a9-acd51651099f,chrc01,csrc13@display=sequential
original,chrc01,232fe1a0-97fb-4560-816a-d80445fda792,original,csrc13@display=sequential
original,original,c99a62dd-b2e6-4d8f-9986-44d28d8c8dc1,chrc01,csrc13@display=sequential
original,original,bd7b1f78-9c0e-4064-9134-e2e03080215b,chrc01,csrc13@display=sequential
original,chrc01,840a09b5-4c5b-45f7-8f13-6a8057cf0fac,original,csrc13@display=sequential
hrc21,hrc19,b593f76a-6681-43ae-8d5d-96bd388eca8a,hrc21,src02@display=sequential
hrc21,hrc19,e642b808-b11c-408e-82fa-8b01d07d8920,hrc21,src02@display=sequential
hrc21,hrc21,4224335e-26df-4d36-b1b2-51dc101f7e76,hrc19,src02@display=sequential
hrc21,hrc19,5bb6a91c-222e-469d-9d1f-6f1064a66a0a,hrc21,src02@display=sequential
hrc21,hrc19,b30b28f7-3557-4eef-8ebe-423e04fd98e7,hrc21,src02@display=sequential
hrc19,hrc21,c15c4cb8-d927-4f2a-adf4-af121b87b70b,hrc19,src02@display=sequential
,hrc21,45102dc6-4f10-4500-a0f1-b9a4537ebbbe,hrc19,src02@display=sequential
hrc21,hrc21,c62ff2ad-45a7-4f3e-acce-030576899b17,hrc19,src02@display=sequential
hrc21,hrc19,34175692-f5d0-47a5-bac5-7d352d905d05,hrc21,src02@display=sequential
hrc21,hrc19,0d7f37d0-f53e-4a52-a78b-afc17556431e,hrc21,src02@display=sequential
chrc11,chrc07,a2cd5997-8ab2-40d5-af24-ff7745f16f87,chrc11,csrc12@display=sequential
chrc11,chrc07,53466a3c-2c62-4717-b913-22fec5e4d2d9,chrc11,csrc12@display=sequential
chrc11,chrc07,085d2fd6-2fec-4af4-a870-d2963b430267,chrc11,csrc12@display=sequential
chrc11,chrc07,89ffb17a-c99a-4e69-b200-2fd8e129e584,chrc11,csrc12@display=sequential
chrc11,chrc11,e088fd7c-253e-44ae-8d6d-3103781ceafe,chrc07,csrc12@display=sequential
chrc11,chrc11,5d6db2a1-c7dc-406e-b3db-75a738a9cd46,chrc07,csrc12@display=sequential
chrc11,chrc07,e9f063c9-f724-4652-b11a-5e4f1b67c58a,chrc11,csrc12@display=sequential
chrc11,chrc07,b13d20bd-47f9-4840-a9e4-a22cca6b80dd,chrc11,csrc12@display=sequential
chrc11,chrc11,72ed54fa-f4f0-473b-a829-ac89abe9d3c5,chrc07,csrc12@display=sequential
,chrc07,4a2d56ff-0393-4f08-9121-e22c41b4c51f,chrc11,csrc12@display=sequential
chrc02,chrc01,a07f105d-b327-4e67-a324-e213ab12c547,chrc02,csrc13@display=sequential
chrc02,chrc02,15823cce-8dd0-4043-a063-eb157f7a8b5f,chrc01,csrc13@display=sequential
chrc02,chrc01,c39301ac-544e-4bb2-85a7-b38cbff67bc4,chrc02,csrc13@display=sequential
chrc02,chrc01,4224335e-26df-4d36-b1b2-51dc101f7e76,chrc02,csrc13@display=sequential
chrc02,chrc01,745247a5-0200-4707-8b6c-14b19a0c8216,chrc02,csrc13@display=sequential
chrc02,chrc01,4a6a6f68-c5c9-4bbd-8a01-006271fff551,chrc02,csrc13@display=sequential
chrc02,chrc02,9d9bfe50-d1ff-4dc3-b196-c5217ac2863f,chrc01,csrc13@display=sequential
chrc02,chrc01,b5be2bf1-6a7d-4c5c-97a6-70da4d407bf6,chrc02,csrc13@display=sequential
chrc02,chrc02,66eade00-16e6-485e-9a5d-2e92b67367b8,chrc01,csrc13@display=sequential
chrc02,chrc02,3a58be0e-af57-4db0-b60d-eb75d3e7c349,chrc01,csrc13@display=sequential
chrc12,chrc11,3ae937fd-57fd-4920-85e7-0a88238197d1,chrc12,csrc11@display=sequential
chrc12,chrc11,3f4c851c-d791-4ae1-a409-b15ebc7602e2,chrc12,csrc11@display=sequential
,chrc11,99f1e0ac-c8cc-4fc1-93e1-efcdcd8b78b3,chrc12,csrc11@display=sequential
chrc12,chrc11,9280e338-65c6-4436-b3ea-a9ea8eda154f,chrc12,csrc11@display=sequential
chrc12,chrc11,d7b474e9-ad6f-4890-99ab-5a796fcbd2cb,chrc12,csrc11@display=sequential
chrc12,chrc11,df5575f6-7028-4152-850d-bfdbd7ff0569,chrc12,csrc11@display=sequential
chrc12,chrc11,cd3da8c8-6bd7-4717-8f4a-b136895e3626,chrc12,csrc11@display=sequential
chrc12,chrc11,d0c55c7c-e53c-42e0-8941-c77ee46fda9a,chrc12,csrc11@display=sequential
chrc12,chrc11,01904d44-e0cb-4817-a8d8-d2f99d1f7947,chrc12,csrc11@display=sequential
chrc12,chrc12,2a501377-6471-4b25-8716-04c3807bc81d,chrc11,csrc11@display=sequential
original,original,1d5c805c-effd-4a65-8548-6d56ca4ca24c,chrc01,csrc11@display=sequential
original,chrc01,e1c3c1f9-f59c-4c62-8fa3-8f19be438b85,original,csrc11@display=sequential
original,chrc01,58610daf-4074-4fec-bc1c-4770879d61c8,original,csrc11@display=sequential
original,original,a79432a2-63c0-4c12-9522-c8c10548b5fc,chrc01,csrc11@display=sequential
original,original,d8160212-8dcd-4e7a-8d55-f10de6af90d9,chrc01,csrc11@display=sequential
original,chrc01,647d0ccb-1fbc-496d-92fd-0af0637de9ae,original,csrc11@display=sequential
original,original,8d34a0c1-f486-4a33-930c-2685163bcf28,chrc01,csrc11@display=sequential
original,original,2bcab180-368e-445d-b0e6-9a217518bc1a,chrc01,csrc11@display=sequential
original,original,20004959-c8e6-47d6-83b9-05113caa2147,chrc01,csrc11@display=sequential
original,original,cf62539a-dfa8-4a51-b330-bd4b8a49fcd1,chrc01,csrc11@display=sequential
original,original,2fba8665-903d-4a1d-affb-1d9d331f49a4,hrc21,src01@display=sequential
original,hrc21,cf05d5d1-53f7-4560-9fb1-c4020a9dcb97,original,src01@display=sequential
hrc21,hrc21,3fa51d84-1a9d-4cf7-8204-2ab2685cd7be,original,src01@display=sequential
,hrc21,d5484fd3-0692-49b0-b84e-4c5498cd6cb1,original,src01@display=sequential
hrc21,original,31c31db1-03c4-48b9-90e4-a916869f99fe,hrc21,src01@display=sequential
original,hrc21,391d7919-cc5f-4309-81f6-ce6cfc04a7bc,original,src01@display=sequential
original,original,ac1c5396-5489-4c1c-840b-77df5a401eab,hrc21,src01@display=sequential
,original,34cd2be8-af8a-4643-a087-b771ca29f1a3,hrc21,src01@display=sequential
original,hrc21,4b23efe8-b14b-4be4-9bf3-7282c400ff35,original,src01@display=sequential
,hrc21,6dd0be1d-e48a-44f8-ae1e-f6387437d5dd,original,src01@display=sequential
original,chrc10,cf05d5d1-53f7-4560-9fb1-c4020a9dcb97,original,csrc12@display=sequential
original,chrc10,ad80bfb9-7f25-493b-9511-fe3bf1a4016f,original,csrc12@display=sequential
original,original,cdb9bb58-60e2-4bd6-a07a-2e9558115deb,chrc10,csrc12@display=sequential
original,original,239be723-f6dc-4053-ac79-4f57603fd382,chrc10,csrc12@display=sequential
original,original,3f40ceea-2e6d-472c-81ea-76ff6c95e550,chrc10,csrc12@display=sequential
original,chrc10,8d4e5eed-e5d0-458f-bd23-a31748731768,original,csrc12@display=sequential
original,original,3a031695-b20f-4ff1-803d-2611342ac2de,chrc10,csrc12@display=sequential
original,chrc10,99d9d038-42e4-4055-a1db-51c247b52d8c,original,csrc12@display=sequential
original,chrc10,566f1efe-c334-4e1c-bd9d-60079dd825db,original,csrc12@display=sequential
original,original,6a5c53fc-4f8c-4abf-97c1-466f1f6c1023,chrc10,csrc12@display=sequential
hrc07,hrc10,dbf0417a-0d93-4d64-b022-2db9f2a09242,hrc07,src09@display=sequential
hrc07,hrc10,31c31db1-03c4-48b9-90e4-a916869f99fe,hrc07,src09@display=sequential
hrc07,hrc07,4edaa347-68b5-4565-a1dd-fe591c6a83f0,hrc10,src09@display=sequential
hrc07,hrc07,bf1fb90d-b8ab-467e-992d-2a9696fa650b,hrc10,src09@display=sequential
hrc07,hrc10,aa5df311-6e77-419b-a840-ecac85c0bf57,hrc07,src09@display=sequential
hrc07,hrc10,d7b86eaa-b11f-4bf4-ba01-62352ea7ae97,hrc07,src09@display=sequential
hrc07,hrc10,86f1012a-cb24-4aea-8fb1-43cf2f564d78,hrc07,src09@display=sequential
hrc07,hrc10,7f99fd97-cecd-4573-bd45-b573347d0edd,hrc07,src09@display=sequential
hrc07,hrc10,3ae937fd-57fd-4920-85e7-0a88238197d1,hrc07,src09@display=sequential
hrc07,hrc07,a3d57e9a-630c-4320-8a26-435a9d86ed76,hrc10,src09@display=sequential
hrc07,hrc21,fe48c6cf-dfb4-488e-9109-98fb8ec7c909,hrc07,src06@display=sequential
hrc07,hrc07,086fa07b-23fc-412b-8ce3-a01afdd6db7f,hrc21,src06@display=sequential
hrc07,hrc07,75c4ab50-a4aa-4fd4-b430-ef329c45fc1b,hrc21,src06@display=sequential
,hrc07,ae596db0-ca56-4a5e-819e-66d021715ded,hrc21,src06@display=sequential
,hrc07,6d4b73c7-6738-487e-932f-bbe469cd77cb,hrc21,src06@display=sequential
hrc07,hrc21,b886332d-223e-4326-be89-64ab855f095b,hrc07,src06@display=sequential
hrc07,hrc21,40e55ff9-2d27-4230-9e76-d1d981478cff,hrc07,src06@display=sequential
hrc21,hrc21,54382ae9-82bc-48d6-a644-d65706f0a65d,hrc07,src06@display=sequential
,hrc21,e6fc1745-e793-4db0-a5ca-9fe262db0dcb,hrc07,src06@display=sequential
hrc07,hrc21,39df8f82-6ae7-4b16-91e1-bc8a53bbd2bf,hrc07,src06@display=sequential
hrc05,hrc10,7ff3ca3e-cf96-4966-a02a-b9eab26a658b,hrc05,src05@display=sequential
hrc10,hrc10,dae60604-49cd-4259-9d04-075db5ad2a1d,hrc05,src05@display=sequential
hrc10,hrc10,ae596db0-ca56-4a5e-819e-66d021715ded,hrc05,src05@display=sequential
hrc10,hrc10,d52484c5-287b-49f5-92f9-d01055c2728e,hrc05,src05@display=sequential
,hrc10,cb0a599b-6c54-4c99-88b5-bdf49ce83f3d,hrc05,src05@display=sequential
hrc05,hrc10,292650bb-01af-4e38-b7ab-f6c163fcea4c,hrc05,src05@display=sequential
hrc05,hrc10,b886332d-223e-4326-be89-64ab855f095b,hrc05,src05@display=sequential
hrc05,hrc05,6d4b73c7-6738-487e-932f-bbe469cd77cb,hrc10,src05@display=sequential
hrc05,hrc05,7a541b70-1d9e-4eb0-898c-811d92959d4e,hrc10,src05@display=sequential
hrc10,hrc05,bc88e958-29d3-4133-a98f-8c59742f37ce,hrc10,src05@display=sequential
hrc13,hrc10,9689ec55-8b9a-4a62-9377-9e5e8f39c603,hrc13,src07@display=sequential
,hrc10,2edf4337-6b67-4ab1-b75b-8f5d88a140ad,hrc13,src07@display=sequential
hrc13,hrc10,9ccbd073-8175-4ca6-a2d7-9bb08948a46f,hrc13,src07@display=sequential
,hrc10,3613e7d6-5bdf-4926-bba2-7859e0b1f77b,hrc13,src07@display=sequential
,hrc10,06334826-d0bc-4981-ba31-12d33cc57c66,hrc13,src07@display=sequential
,hrc13,9280e338-65c6-4436-b3ea-a9ea8eda154f,hrc10,src07@display=sequential
hrc13,hrc10,b774e164-c6e9-4e95-888c-12c5e3ddb8ad,hrc13,src07@display=sequential
hrc13,hrc13,4bb20196-b209-4ff6-b04e-cc3536d6a71e,hrc10,src07@display=sequential
,hrc10,5f234167-2bce-417e-a7b1-13f637af5124,hrc13,src07@display=sequential
,hrc13,a422b10e-0b4e-4ece-89fa-850dbbcd9867,hrc10,src07@display=sequential
original,chrc08,cb39772f-9dea-41e0-b6d2-008c4a858765,original,csrc11@display=sequential
original,chrc08,ce8915ce-0513-4c3d-9f55-b726199fa15a,original,csrc11@display=sequential
original,original,331844da-5e41-403c-a653-e3e9df4bd77e,chrc08,csrc11@display=sequential
original,original,b6306029-365c-41e2-9319-61c0c405c6f4,chrc08,csrc11@display=sequential
original,original,6b48482e-fbd7-4085-8717-135a3fa6b351,chrc08,csrc11@display=sequential
chrc08,chrc08,eadefcd2-3e7b-4db5-a25d-9ebfe5da399e,original,csrc11@display=sequential
original,chrc08,e03f8435-2142-45a7-a15c-ecf62ea4f916,original,csrc11@display=sequential
original,original,819d099f-3867-4dc9-9654-7215ae56bc6b,chrc08,csrc11@display=sequential
original,chrc08,c7d09f16-7664-480c-a6c5-279f5014c143,original,csrc11@display=sequential
original,original,cb83eb86-11c6-454c-b320-99bbb9f9bb2f,chrc08,csrc11@display=sequential
chrc11,chrc11,41c77243-6fce-4b2f-a350-655108d9e602,chrc03,csrc12@display=sequential
chrc03,chrc11,b9c3fca0-b2c9-405e-bd99-3fdff578567b,chrc03,csrc12@display=sequential
chrc11,chrc11,1cec815b-399d-4f9d-93d3-0c26f0fc84db,chrc03,csrc12@display=sequential
chrc03,chrc11,580e1413-4ae4-445e-962e-fe68d926449a,chrc03,csrc12@display=sequential
chrc03,chrc03,98f9ec54-b947-408f-848e-553b8a2ded6e,chrc11,csrc12@display=sequential
,chrc11,ca040d77-a3dc-4939-89c0-9f953e9f9515,chrc03,csrc12@display=sequential
chrc11,chrc03,0a58e305-db28-4bee-9e46-518f3b1d5970,chrc11,csrc12@display=sequential
chrc11,chrc03,28138e18-1992-4f6d-94e7-993ddca405e8,chrc11,csrc12@display=sequential
chrc11,chrc03,d2cf4226-323a-4fcb-8249-df61c89ff7e8,chrc11,csrc12@display=sequential
chrc11,chrc11,7ff3ca3e-cf96-4966-a02a-b9eab26a658b,chrc03,csrc12@display=sequential
,chrc11,0a613023-d4c7-4410-b039-c972f3cf3e04,chrc04,csrc11@display=sequential
,chrc11,0d7f37d0-f53e-4a52-a78b-afc17556431e,chrc04,csrc11@display=sequential
chrc11,chrc04,9d199c7e-9811-4344-b93f-7cc29ae8e563,chrc11,csrc11@display=sequential
chrc11,chrc11,4d93cc4f-73bc-4f6c-afb4-30e41bee10f7,chrc04,csrc11@display=sequential
chrc11,chrc04,fd620d26-73f0-45d6-bfe5-7b47eb755676,chrc11,csrc11@display=sequential
,chrc04,1410348a-256b-4580-8343-0558cdf51750,chrc11,csrc11@display=sequential
chrc04,chrc11,cb413348-33d5-4aa8-b00b-1200485f9b83,chrc04,csrc11@display=sequential
chrc11,chrc04,01e8d7b6-3386-43b3-a8e3-f1af4d392224,chrc11,csrc11@display=sequential
,chrc04,48a9efad-0b20-49da-b47d-ae93af5ce867,chrc11,csrc11@display=sequential
chrc11,chrc11,0e6bd588-76a1-47fe-8393-5e2f3cf4168a,chrc04,csrc11@display=sequential
chrc01,chrc03,08d2aa18-36e2-4d06-b1b8-78ab06e9c8a4,chrc01,csrc12@display=sequential
chrc01,chrc03,719b63b7-550b-4eab-be5d-8250b6731a2e,chrc01,csrc12@display=sequential
chrc01,chrc03,77e6627f-e93f-4de6-839e-47512ff2f2b3,chrc01,csrc12@display=sequential
chrc01,chrc03,0cd7633d-6ff0-4fc9-93c8-d9b7e1e8ff24,chrc01,csrc12@display=sequential
chrc01,chrc03,64c2f134-2df0-40e2-854a-c2cafa0df023,chrc01,csrc12@display=sequential
,chrc03,317542a8-f621-48a9-9b33-a2887072545f,chrc01,csrc12@display=sequential
chrc01,chrc03,1cd3c163-d5dd-44b8-9cf7-a107a3824ffa,chrc01,csrc12@display=sequential
chrc01,chrc01,18bf1906-21d2-4d8f-9a24-12e0783263bf,chrc03,csrc12@display=sequential
chrc01,chrc01,88ad40fc-1622-47b5-9086-b7b7f2c69c4e,chrc03,csrc12@display=sequential
chrc01,chrc03,b014d3a9-188b-4d01-8b6b-6867ebb0997d,chrc01,csrc12@display=sequential
hrc04,hrc04,6733509c-e7bb-4800-a850-f076ea6206c3,hrc05,src07@display=sequential
hrc04,hrc04,0fa6e044-fe07-4575-a037-ca202981ab92,hrc05,src07@display=sequential
hrc04,hrc05,a380631e-2ff4-4ec4-882d-f1b84cf9cdc9,hrc04,src07@display=sequential
hrc04,hrc04,37ceaadc-152d-4b6f-9d0c-641c00137bad,hrc05,src07@display=sequential
hrc04,hrc04,f0477d3b-b59d-4c71-8581-110c40c14ca6,hrc05,src07@display=sequential
hrc04,hrc05,aec7ed14-ebe5-4a27-971e-812aa92084ca,hrc04,src07@display=sequential
hrc04,hrc05,7a541b70-1d9e-4eb0-898c-811d92959d4e,hrc04,src07@display=sequential
hrc04,hrc04,77381627-993a-4177-ad22-b7dbdbfad056,hrc05,src07@display=sequential
hrc04,hrc05,87435dd4-468b-4d42-ad09-2d8173a30764,hrc04,src07@display=sequential
hrc04,hrc05,bc88e958-29d3-4133-a98f-8c59742f37ce,hrc04,src07@display=sequential
hrc07,hrc05,cb0a599b-6c54-4c99-88b5-bdf49ce83f3d,hrc07,src04@display=sequential
hrc07,hrc05,c0e69549-b15d-40ee-820b-e480007bc208,hrc07,src04@display=sequential
hrc07,hrc07,6733509c-e7bb-4800-a850-f076ea6206c3,hrc05,src04@display=sequential
hrc07,hrc07,9280e338-65c6-4436-b3ea-a9ea8eda154f,hrc05,src04@display=sequential
hrc07,hrc05,77381627-993a-4177-ad22-b7dbdbfad056,hrc07,src04@display=sequential
hrc07,hrc07,086fa07b-23fc-412b-8ce3-a01afdd6db7f,hrc05,src04@display=sequential
hrc07,hrc05,f95ca5ed-5806-41a7-883d-75390a3ca469,hrc07,src04@display=sequential
hrc07,hrc07,aec7ed14-ebe5-4a27-971e-812aa92084ca,hrc05,src04@display=sequential
hrc07,hrc05,c19a5422-36d3-49b8-b471-41caff52a8dc,hrc07,src04@display=sequential
hrc07,hrc05,53ddf5cc-1602-4d03-9883-5332482a5feb,hrc07,src04@display=sequential
chrc02,chrc02,b2641de9-20b4-4009-9fab-38d837861c26,chrc11,csrc13@display=sequential
chrc02,chrc11,c0edb15c-ab68-46ab-8a8a-1fa175f7c810,chrc02,csrc13@display=sequential
chrc02,chrc02,2167d9eb-7db5-4c9e-9b6f-576f21f3db82,chrc11,csrc13@display=sequential
chrc02,chrc11,4f379e80-7986-435e-80da-90d2288a9137,chrc02,csrc13@display=sequential
chrc02,chrc02,69f0d010-abd8-4344-9f51-d04c4a5ddfe7,chrc11,csrc13@display=sequential
chrc02,chrc02,4bb7ddad-6f61-4af0-a929-abcc95347a33,chrc11,csrc13@display=sequential
chrc02,chrc11,77381627-993a-4177-ad22-b7dbdbfad056,chrc02,csrc13@display=sequential
chrc02,chrc02,8c6347a1-9073-43a1-a02c-299b19f1b2b1,chrc11,csrc13@display=sequential
chrc02,chrc11,24766b7c-1659-4b37-9e0d-5b94e92a320d,chrc02,csrc13@display=sequential
chrc02,chrc11,6b7cf11a-44c3-48d0-87a8-cdc05b3801e6,chrc02,csrc13@display=sequential
chrc01,chrc01,3521500f-73a5-4c23-853b-8f0ce5b3d92f,chrc11,csrc11@display=sequential
chrc11,chrc01,9c4a6974-4af6-4241-afbd-9ec8b051f3d6,chrc11,csrc11@display=sequential
chrc11,chrc01,ad4a8214-8f58-4022-b373-a21582fdc842,chrc11,csrc11@display=sequential
chrc11,chrc11,4bd6af01-9fac-4ed3-9eb7-a3274aeb5661,chrc01,csrc11@display=sequential
chrc11,chrc11,06334826-d0bc-4981-ba31-12d33cc57c66,chrc01,csrc11@display=sequential
chrc11,chrc01,d54a2502-b2af-434c-a632-821a14394a8c,chrc11,csrc11@display=sequential
chrc11,chrc11,54def2f7-632c-4e93-9b86-2370f6ecfb35,chrc01,csrc11@display=sequential
chrc11,chrc11,c3401f48-cfd7-4f88-b4f3-ec9dc22b55f8,chrc01,csrc11@display=sequential
chrc11,chrc01,84327ee8-7e8c-4049-886f-05323cf7bbc3,chrc11,csrc11@display=sequential
chrc11,chrc01,6b3f07e5-02e2-48e7-8efc-461b03f85b4c,chrc11,csrc11@display=sequential
original,original,11e0d1ca-a7ee-4489-9f90-88cd738b1ecd,chrc03,csrc12@display=sequential
original,original,a308165b-fe13-4927-8f58-a686634660c3,chrc03,csrc12@display=sequential
original,chrc03,f12b829d-b55b-4c7c-830a-48c568c8601d,original,csrc12@display=sequential
,original,814ba963-799b-4345-bf39-65bfbb22105a,chrc03,csrc12@display=sequential
original,original,c3f9730e-aae2-4cb4-8244-348706326454,chrc03,csrc12@display=sequential
original,chrc03,9fd30985-cc56-465e-8258-5cd25c69cf1b,original,csrc12@display=sequential
original,original,a6af3dc2-604d-4e26-9f55-4c28c4160630,chrc03,csrc12@display=sequential
original,original,bd86f5f7-6fbd-4680-a9d5-5a34f343eba2,chrc03,csrc12@display=sequential
original,chrc03,551eb5b5-43a7-404e-92fb-9640959fd234,original,csrc12@display=sequential
original,original,64e2f67e-8d1c-4d48-8af3-8fcba72344a8,chrc03,csrc12@display=sequential
chrc05,chrc05,6ab68eee-6d2b-46e8-b03a-b267fb0eac35,chrc08,csrc13@display=sequential
chrc05,chrc08,65e55d30-683c-49bd-9237-f89f1646f134,chrc05,csrc13@display=sequential
chrc05,chrc08,097501e3-7ae3-4027-b579-5bd87c1f76c0,chrc05,csrc13@display=sequential
chrc05,chrc08,46f38607-110d-49ab-b60c-8c1ab9421949,chrc05,csrc13@display=sequential
chrc05,chrc05,656acb6a-98d6-4ca3-bb95-940aef8ce38e,chrc08,csrc13@display=sequential
chrc05,chrc05,34cd2be8-af8a-4643-a087-b771ca29f1a3,chrc08,csrc13@display=sequential
chrc05,chrc05,004eff23-2c97-4fd4-8603-adcac081627e,chrc08,csrc13@display=sequential
chrc05,chrc05,7cb4c25c-98f3-4c33-a8ef-2f1c44f8dd8a,chrc08,csrc13@display=sequential
,chrc08,397001a4-5eb9-437f-ad18-41f87dace59c,chrc05,csrc13@display=sequential
chrc05,chrc08,e7965f16-6621-4854-84b4-b552c5738880,chrc05,csrc13@display=sequential
original,chrc01,3a448cd9-fa6e-4e30-9d17-ab40a67c7980,original,csrc14@display=sequential
original,chrc01,3a031695-b20f-4ff1-803d-2611342ac2de,original,csrc14@display=sequential
original,original,a308165b-fe13-4927-8f58-a686634660c3,chrc01,csrc14@display=sequential
original,original,46f38607-110d-49ab-b60c-8c1ab9421949,chrc01,csrc14@display=sequential
original,original,dae60604-49cd-4259-9d04-075db5ad2a1d,chrc01,csrc14@display=sequential
original,chrc01,fcb49f3d-24e4-48f4-b819-5a1d0dd9a3ab,original,csrc14@display=sequential
original,original,7522b6a2-33fd-4d39-9892-118173704b57,chrc01,csrc14@display=sequential
original,chrc01,e0deec6c-51b7-4f93-86ca-4d5c22a4d76d,original,csrc14@display=sequential
original,original,d0c55c7c-e53c-42e0-8941-c77ee46fda9a,chrc01,csrc14@display=sequential
original,original,eda8b60b-5b21-467d-9233-b9c8379a3a30,chrc01,csrc14@display=sequential
hrc04,hrc18,58a49050-238b-432e-afa5-5ecb7c8183cb,hrc04,src08@display=sequential
hrc04,hrc18,d7ccb7af-590f-4f88-bbdb-cb8e68e72518,hrc04,src08@display=sequential
hrc04,hrc18,ae596db0-ca56-4a5e-819e-66d021715ded,hrc04,src08@display=sequential
hrc04,hrc04,d9ff101e-ef99-45a1-b979-91bffe08a7a1,hrc18,src08@display=sequential
hrc04,hrc04,fe48c6cf-dfb4-488e-9109-98fb8ec7c909,hrc18,src08@display=sequential
hrc04,hrc18,9ccbd073-8175-4ca6-a2d7-9bb08948a46f,hrc04,src08@display=sequential
hrc04,hrc18,d27719b9-a882-45c6-8cc3-c9f6d571338d,hrc04,src08@display=sequential
hrc04,hrc04,9689ec55-8b9a-4a62-9377-9e5e8f39c603,hrc18,src08@display=sequential
,hrc18,f95ca5ed-5806-41a7-883d-75390a3ca469,hrc04,src08@display=sequential
hrc04,hrc18,6ecafacc-74bb-46fc-a25c-fb88759b6610,hrc04,src08@display=sequential
chrc02,chrc02,21fb7d74-ce7f-4a75-bbf9-60059b82b720,original,csrc13@display=sequential
original,original,201ca70f-e731-4e8e-a125-f82579361303,chrc02,csrc13@display=sequential
,original,215a949e-c7d9-4a47-9700-b26141e218c8,chrc02,csrc13@display=sequential
,chrc02,f63f36f1-2249-4b6a-8e08-f48d0d3c923b,original,csrc13@display=sequential
chrc02,original,1cf51187-29ee-4e29-80b2-ad2a3f850fe2,chrc02,csrc13@display=sequential
,original,84ef6bb8-cb60-4e35-94ee-4f6eb5bac7a4,chrc02,csrc13@display=sequential
original,chrc02,2edf4337-6b67-4ab1-b75b-8f5d88a140ad,original,csrc13@display=sequential
chrc02,chrc02,c0e69549-b15d-40ee-820b-e480007bc208,original,csrc13@display=sequential
,original,49ecc985-24ed-446c-8c82-950e120f85ba,chrc02,csrc13@display=sequential
chrc02,chrc02,f3db176c-d706-4df7-8e35-7dc9132ab42d,original,csrc13@display=sequential
,hrc04,bc88e958-29d3-4133-a98f-8c59742f37ce,original,src08@display=sequential
,original,dae60604-49cd-4259-9d04-075db5ad2a1d,hrc04,src08@display=sequential
original,hrc04,54382ae9-82bc-48d6-a644-d65706f0a65d,original,src08@display=sequential
original,hrc04,91e0d1d4-9f7e-4756-a50a-12bd3bbd1941,original,src08@display=sequential
original,original,b593f76a-6681-43ae-8d5d-96bd388eca8a,hrc04,src08@display=sequential
,original,076c3bf8-1f81-4a6b-a192-b6eebd26686f,hrc04,src08@display=sequential
hrc04,hrc04,a422b10e-0b4e-4ece-89fa-850dbbcd9867,original,src08@display=sequential
hrc04,hrc04,d693e8cd-acbe-470b-bf2b-5c6ff409dc71,original,src08@display=sequential
,original,c99a62dd-b2e6-4d8f-9986-44d28d8c8dc1,hrc04,src08@display=sequential
hrc04,original,3d7aafda-1c1e-45bc-9428-96ed6bdab751,hrc04,src08@display=sequential
hrc20,hrc20,abb3b591-f804-455c-a9eb-62536ba55725,hrc05,src06@display=sequential
hrc20,hrc20,06772a52-4fbd-4aca-9a4c-698832194181,hrc05,src06@display=sequential
hrc20,hrc20,445026f1-cdca-496c-bd0d-12a722daa165,hrc05,src06@display=sequential
hrc20,hrc20,36f2fc24-f43a-4904-b65f-f81f2d37dab2,hrc05,src06@display=sequential
hrc20,hrc05,1519847b-b957-4b45-8e9f-db5d5f72b749,hrc20,src06@display=sequential
hrc20,hrc20,94f8e362-2fe0-4596-a14e-b13248907924,hrc05,src06@display=sequential
hrc20,hrc05,722bc5b0-1968-480d-b0b6-f15b25ae5ec6,hrc20,src06@display=sequential
hrc20,hrc20,4ad0d76a-ac19-475d-97db-ffe0fd66930b,hrc05,src06@display=sequential
hrc20,hrc05,bdcc1e7a-95a7-4f0a-89b9-ef03f0ed7261,hrc20,src06@display=sequential
hrc20,hrc05,b914574b-e89a-44f2-99af-2232911e216d,hrc20,src06@display=sequential
hrc02,hrc08,abb3b591-f804-455c-a9eb-62536ba55725,hrc02,src02@display=sequential
hrc02,hrc02,3508c90d-7344-4ec2-946c-52b057f5fd46,hrc08,src02@display=sequential
hrc02,hrc02,88b36f5b-7e11-4173-9612-6e4bd8a0df5f,hrc08,src02@display=sequential
hrc02,hrc08,4c9c9dbc-7938-48fa-87e5-30a5bb146ac8,hrc02,src02@display=sequential
hrc02,hrc08,d7e0c98f-c9e7-46ee-bce5-8e90e87a0cf9,hrc02,src02@display=sequential
hrc02,hrc08,0f77e328-c1f5-4b7b-b765-f2b718ad525c,hrc02,src02@display=sequential
hrc02,hrc02,f3db176c-d706-4df7-8e35-7dc9132ab42d,hrc08,src02@display=sequential
hrc02,hrc02,3205993c-aac2-4a12-b9f8-728328cdc06c,hrc08,src02@display=sequential
hrc02,hrc02,b095e845-0f71-4a09-8f0e-77b302587a01,hrc08,src02@display=sequential
hrc02,hrc08,62befdf4-5641-483b-97cc-14024b210d8b,hrc02,src02@display=sequential
,hrc16,57276fbb-57d2-40e9-b2ec-07c74e77b724,hrc18,src06@display=sequential
,hrc16,c4483616-3ed2-4394-9493-213d0c170895,hrc18,src06@display=sequential
,hrc16,6eb5a5d1-481b-4555-aa32-c0790e9e2589,hrc18,src06@display=sequential
,hrc18,3613e7d6-5bdf-4926-bba2-7859e0b1f77b,hrc16,src06@display=sequential
hrc18,hrc16,01df0c77-0651-44a9-a4f7-2575b2c9c62b,hrc18,src06@display=sequential
,hrc18,2edf4337-6b67-4ab1-b75b-8f5d88a140ad,hrc16,src06@display=sequential
,hrc16,b593f76a-6681-43ae-8d5d-96bd388eca8a,hrc18,src06@display=sequential
,hrc18,f3db176c-d706-4df7-8e35-7dc9132ab42d,hrc16,src06@display=sequential
hrc18,hrc16,1e2aafec-b705-4388-8de9-025a35aca97a,hrc18,src06@display=sequential
,hrc16,9280e338-65c6-4436-b3ea-a9ea8eda154f,hrc18,src06@display=sequential
hrc04,hrc04,78c51e31-ff55-4ce9-af30-adc428a084c9,hrc16,src09@display=sequential
hrc04,hrc16,6f842774-fc05-48d4-a002-71b2aa489b59,hrc04,src09@display=sequential
hrc04,hrc16,36f2fc24-f43a-4904-b65f-f81f2d37dab2,hrc04,src09@display=sequential
hrc04,hrc04,9f415f14-b6f8-4ff3-a032-bc39cc814b73,hrc16,src09@display=sequential
hrc04,hrc16,502847cb-21d3-4808-bd8a-4ec3b2a1c24c,hrc04,src09@display=sequential
hrc04,hrc16,311f0ee0-925e-4e69-b13e-bffca005694b,hrc04,src09@display=sequential
hrc04,hrc04,90fb2795-6b00-41e1-9332-4593f10a9aed,hrc16,src09@display=sequential
hrc04,hrc16,ee4e6658-a9aa-47c7-bee6-48666c24c37e,hrc04,src09@display=sequential
hrc04,hrc16,7a99092a-1aef-4c46-ad48-570d36f8f632,hrc04,src09@display=sequential
hrc04,hrc16,08e396e3-0ae3-4512-8a21-90a5e7de97f9,hrc04,src09@display=sequential
,hrc02,45e1e015-506b-4217-a64f-4f2b2d502cda,hrc19,src05@display=sequential
hrc02,hrc19,86b0a474-8f1a-4b98-894e-c0ce21f94dce,hrc02,src05@display=sequential
hrc02,hrc02,859ffd8a-b1cd-49e1-9235-03e141136463,hrc19,src05@display=sequential
hrc02,hrc19,24321fc2-2364-4f6d-a25c-f593a13b061a,hrc02,src05@display=sequential
,hrc19,8002f66b-04d9-4eeb-abb7-87bda4b6ecb8,hrc02,src05@display=sequential
hrc02,hrc19,67a775b1-b97f-4aa4-affb-54e6180f3b71,hrc02,src05@display=sequential
,hrc19,6f842774-fc05-48d4-a002-71b2aa489b59,hrc02,src05@display=sequential
hrc02,hrc02,e3860613-8b47-4eb6-9969-c33344cb2a9d,hrc19,src05@display=sequential
hrc19,hrc02,8d34a0c1-f486-4a33-930c-2685163bcf28,hrc19,src05@display=sequential
hrc02,hrc19,06772a52-4fbd-4aca-9a4c-698832194181,hrc02,src05@display=sequential
original,original,8831c2ef-64b2-4f81-bd12-782facb47567,chrc04,csrc14@display=sequential
original,chrc04,b559e691-1ad1-47f2-bbb3-c0c843c2f5f8,original,csrc14@display=sequential
original,original,49ecc985-24ed-446c-8c82-950e120f85ba,chrc04,csrc14@display=sequential
original,original,f0119fe7-19cb-45d6-98b1-8d30f3994399,chrc04,csrc14@display=sequential
original,chrc04,08473901-0621-448d-b64d-61aa72567205,original,csrc14@display=sequential
original,original,7e119710-3485-4cd1-b324-8038bbd18930,chrc04,csrc14@display=sequential
original,chrc04,513c4fa3-6b47-439f-8b41-c8bc61b20ba8,original,csrc14@display=sequential
original,original,93c57369-8b2e-4e2c-a35b-74535dfc3434,chrc04,csrc14@display=sequential
original,chrc04,a07731ab-f9d3-46b8-b2de-afcf6b424aeb,original,csrc14@display=sequential
original,chrc04,cc41adc2-0128-483a-a929-40af98e50807,original,csrc14@display=sequential
original,original,06772a52-4fbd-4aca-9a4c-698832194181,hrc16,src01@display=sequential
hrc16,hrc16,445026f1-cdca-496c-bd0d-12a722daa165,original,src01@display=sequential
original,hrc16,2edf4337-6b67-4ab1-b75b-8f5d88a140ad,original,src01@display=sequential
original,original,89ffb17a-c99a-4e69-b200-2fd8e129e584,hrc16,src01@display=sequential
original,hrc16,57276fbb-57d2-40e9-b2ec-07c74e77b724,original,src01@display=sequential
original,hrc16,01df0c77-0651-44a9-a4f7-2575b2c9c62b,original,src01@display=sequential
original,hrc16,d9ff101e-ef99-45a1-b979-91bffe08a7a1,original,src01@display=sequential
original,hrc16,859ffd8a-b1cd-49e1-9235-03e141136463,original,src01@display=sequential
original,hrc16,086d0330-b9c6-4f82-a316-35e94ab7a6a7,original,src01@display=sequential
original,hrc16,48b0ecc7-6a07-4117-a6a2-e7e762ff7646,original,src01@display=sequential
chrc11,chrc11,f57e8a92-b926-4e1b-b862-194acbd20f56,chrc10,csrc12@display=sequential
chrc11,chrc10,94f8e362-2fe0-4596-a14e-b13248907924,chrc11,csrc12@display=sequential
chrc11,chrc10,1b17167c-cbf2-48e2-8bf0-51adbb5d57e0,chrc11,csrc12@display=sequential
chrc11,chrc10,8002f66b-04d9-4eeb-abb7-87bda4b6ecb8,chrc11,csrc12@display=sequential
chrc11,chrc10,b924cb23-4607-4aba-b7f1-8ac56580e36a,chrc11,csrc12@display=sequential
chrc11,chrc11,6cf2c76e-5f85-4403-82aa-d49cfb5b9422,chrc10,csrc12@display=sequential
chrc11,chrc11,91f25404-e83b-4cbb-b329-8cc995812dd1,chrc10,csrc12@display=sequential
chrc11,chrc11,840a09b5-4c5b-45f7-8f13-6a8057cf0fac,chrc10,csrc12@display=sequential
chrc11,chrc11,88b36f5b-7e11-4173-9612-6e4bd8a0df5f,chrc10,csrc12@display=sequential
chrc11,chrc10,0bc2ef68-2eec-431d-a903-4e5fb7901115,chrc11,csrc12@display=sequential
hrc12,hrc05,445026f1-cdca-496c-bd0d-12a722daa165,hrc12,src02@display=sequential
hrc12,hrc05,81e4e011-635e-4e0c-84b4-cee59fe25ed0,hrc12,src02@display=sequential
hrc12,hrc12,ce9bf68f-cff6-46ed-abc8-cc2f6af281e2,hrc05,src02@display=sequential
hrc12,hrc12,2231f9ee-7322-4c18-afd8-0297a5523148,hrc05,src02@display=sequential
hrc12,hrc12,5de0605d-3090-497c-830c-5bf5a45ce692,hrc05,src02@display=sequential
hrc12,hrc05,6a62592c-89bf-46a4-8e54-ab72b6951bbd,hrc12,src02@display=sequential
hrc12,hrc12,1519847b-b957-4b45-8e9f-db5d5f72b749,hrc05,src02@display=sequential
hrc12,hrc12,fb95302d-dad1-44cc-9cbd-cfbbd08c9051,hrc05,src02@display=sequential
,hrc05,36f2fc24-f43a-4904-b65f-f81f2d37dab2,hrc12,src02@display=sequential
hrc12,hrc12,8002f66b-04d9-4eeb-abb7-87bda4b6ecb8,hrc05,src02@display=sequential
hrc12,hrc12,0f77e328-c1f5-4b7b-b765-f2b718ad525c,hrc18,src09@display=sequential
,hrc12,ba734442-c953-48c5-a8ce-20166773bf6a,hrc18,src09@display=sequential
hrc18,hrc18,445026f1-cdca-496c-bd0d-12a722daa165,hrc12,src09@display=sequential
hrc12,hrc18,a598dfc3-ed57-44eb-8b48-92b2c1dd6086,hrc12,src09@display=sequential
hrc12,hrc12,fb95302d-dad1-44cc-9cbd-cfbbd08c9051,hrc18,src09@display=sequential
hrc12,hrc18,81e4e011-635e-4e0c-84b4-cee59fe25ed0,hrc12,src09@display=sequential
hrc12,hrc18,014398e2-d4da-4268-abcf-1761c994090f,hrc12,src09@display=sequential
hrc12,hrc18,835319a2-89cb-4cdc-92ac-97ef2d4ab247,hrc12,src09@display=sequential
hrc12,hrc18,67a775b1-b97f-4aa4-affb-54e6180f3b71,hrc12,src09@display=sequential
hrc12,hrc12,04ec428f-6fd5-4052-bc85-65d3a3c8eb1f,hrc18,src09@display=sequential
hrc07,hrc07,8182bf73-0cb3-422e-8eb3-0cbb71037d76,hrc05,src09@display=sequential
hrc07,hrc07,f63f36f1-2249-4b6a-8e08-f48d0d3c923b,hrc05,src09@display=sequential
hrc07,hrc05,45c610dd-b351-487a-9dd4-b1d71de31f2c,hrc07,src09@display=sequential
hrc07,hrc07,b9c3fca0-b2c9-405e-bd99-3fdff578567b,hrc05,src09@display=sequential
hrc07,hrc05,58f5993c-9061-4198-9190-1ba69c8c5bf2,hrc07,src09@display=sequential
hrc07,hrc05,3c7ef17b-e826-4055-83ba-6a771c08659a,hrc07,src09@display=sequential
hrc07,hrc05,43de5aa3-6ca6-4e25-9742-c63818d012ca,hrc07,src09@display=sequential
hrc07,hrc05,a743ec39-7c4a-4a5e-af3d-ef34d1f878ef,hrc07,src09@display=sequential
hrc07,hrc07,aabe9f34-7549-448a-833f-58a6f1923baf,hrc05,src09@display=sequential
hrc07,hrc05,c8fcb579-4361-48f4-ad8c-190c038f943f,hrc07,src09@display=sequential
hrc04,hrc04,e2546711-0b61-4b0a-91a2-3692f713334a,hrc20,src01@display=sequential
hrc04,hrc04,9a5132b2-76b8-4072-aa1e-a8ad2272768b,hrc20,src01@display=sequential
,hrc20,b2b6e7cc-ead9-466e-9fac-168ff63177a5,hrc04,src01@display=sequential
hrc20,hrc20,c6230a1a-bba9-4067-a204-87588e4d736c,hrc04,src01@display=sequential
hrc04,hrc20,f57e8a92-b926-4e1b-b862-194acbd20f56,hrc04,src01@display=sequential
hrc04,hrc20,db526d68-5a49-4fa8-9c91-35aaf4685886,hrc04,src01@display=sequential
hrc04,hrc20,58f5993c-9061-4198-9190-1ba69c8c5bf2,hrc04,src01@display=sequential
hrc04,hrc04,0fefac0c-a2e6-487f-ad69-a8c37b4efa0a,hrc20,src01@display=sequential
hrc04,hrc04,20004959-c8e6-47d6-83b9-05113caa2147,hrc20,src01@display=sequential
hrc20,hrc20,e394df73-758e-4644-8b8b-a189f9d65c6d,hrc04,src01@display=sequential
chrc03,chrc07,71504043-233f-4a03-871a-8774e4c83b95,chrc03,csrc12@display=sequential
chrc03,chrc03,20a56b23-a069-49e5-b34d-d80c1af588d5,chrc07,csrc12@display=sequential
chrc03,chrc07,14cd44b5-5d36-4f69-be0a-f4be1d6bfc59,chrc03,csrc12@display=sequential
chrc03,chrc03,cb66df87-875e-4b42-86b6-694bfeb1313b,chrc07,csrc12@display=sequential
chrc03,chrc07,00fb48d3-939f-4d8f-a974-6c0799e28570,chrc03,csrc12@display=sequential
chrc07,chrc07,c45da97c-cc8c-48a8-94f1-397f7240fae3,chrc03,csrc12@display=sequential
chrc07,chrc03,0fca2270-5646-4e65-b178-a722179983b0,chrc07,csrc12@display=sequential
chrc03,chrc03,dd499e6e-bc1b-4090-a03c-6f903502c697,chrc07,csrc12@display=sequential
chrc03,chrc03,48a9efad-0b20-49da-b47d-ae93af5ce867,chrc07,csrc12@display=sequential
chrc03,chrc07,1c2a4829-ce7e-4d25-b351-e3dd50c04aff,chrc03,csrc12@display=sequential
,hrc20,758f23cd-06e0-4d59-888b-f4b28f9b6923,hrc07,src02@display=sequential
hrc07,hrc20,a07731ab-f9d3-46b8-b2de-afcf6b424aeb,hrc07,src02@display=sequential
hrc07,hrc07,7c5e9f10-6dd5-4939-833b-7b5680686212,hrc20,src02@display=sequential
hrc07,hrc07,097501e3-7ae3-4027-b579-5bd87c1f76c0,hrc20,src02@display=sequential
hrc07,hrc07,270c19d1-7369-4fc0-84b0-9021a68d1b71,hrc20,src02@display=sequential
hrc20,hrc07,d69fb9a4-88e8-4e25-bbde-bebbddf5fbc5,hrc20,src02@display=sequential
hrc07,hrc20,7044ada3-fee5-4e71-a8b0-d3cfd7bd48dd,hrc07,src02@display=sequential
hrc07,hrc07,c61e0119-921d-482d-9ebd-6be3c141eb7e,hrc20,src02@display=sequential
hrc07,hrc07,463d864b-3fcb-42d6-bd68-deaac53f6745,hrc20,src02@display=sequential
,hrc20,6188c003-558b-403c-a837-9aad0078345c,hrc07,src02@display=sequential
chrc03,chrc10,0ae1ac23-5abd-4347-8efd-f7b4982e799c,chrc03,csrc12@display=sequential
chrc03,chrc10,bfbecf9a-5392-4f42-9ec6-fc3f122112b5,chrc03,csrc12@display=sequential
chrc03,chrc10,31139786-676b-4e53-9762-4f0e8cc93727,chrc03,csrc12@display=sequential
chrc03,chrc10,8809b6cf-50cf-4c1e-8184-379e403aa7c4,chrc03,csrc12@display=sequential
chrc03,chrc03,7c5e9f10-6dd5-4939-833b-7b5680686212,chrc10,csrc12@display=sequential
chrc03,chrc03,fb51cc7e-0aac-43bd-b29c-dc2abd1c2c82,chrc10,csrc12@display=sequential
chrc03,chrc10,6fdb4288-40f0-4de1-8396-6bfb23ae11ef,chrc03,csrc12@display=sequential
chrc03,chrc10,d7b86eaa-b11f-4bf4-ba01-62352ea7ae97,chrc03,csrc12@display=sequential
chrc03,chrc03,6b366ab5-6ec6-4700-afc7-1ae167361336,chrc10,csrc12@display=sequential
chrc03,chrc10,cb83eb86-11c6-454c-b320-99bbb9f9bb2f,chrc03,csrc12@display=sequential
,hrc21,80b3ebd0-5e38-448c-b3a3-151c11f59954,hrc02,src05@display=sequential
,hrc21,db526d68-5a49-4fa8-9c91-35aaf4685886,hrc02,src05@display=sequential
hrc21,hrc21,aab7fd60-4d29-441c-88ff-67d6aabea655,hrc02,src05@display=sequential
hrc02,hrc02,ec3147b5-c360-4dab-968a-ae71fecd3e29,hrc21,src05@display=sequential
hrc21,hrc21,8aeb1e20-726c-4807-a4b6-069493614cbf,hrc02,src05@display=sequential
hrc02,hrc02,3de8634b-9153-4c5a-8a93-5d6012373bd6,hrc21,src05@display=sequential
hrc02,hrc02,23cdd1ed-fe00-4deb-8ca7-db975f43a835,hrc21,src05@display=sequential
hrc02,hrc21,50f1cc6f-21de-44c4-8056-cfee37a49d31,hrc02,src05@display=sequential
,hrc21,d680646f-4054-409d-a496-91a707fd4885,hrc02,src05@display=sequential
,hrc02,a8aa57a4-5b70-4366-ac0c-df4184675711,hrc21,src05@display=sequential
chrc09,chrc09,e3910452-c747-4618-b718-e301ef9b69c9,original,csrc14@display=sequential
,original,c19a5422-36d3-49b8-b471-41caff52a8dc,chrc09,csrc14@display=sequential
original,original,5538c60a-3f6f-425a-90d3-4f15c31f6e3f,chrc09,csrc14@display=sequential
original,original,9a32f30e-db52-4c25-93d0-fa4eb929c406,chrc09,csrc14@display=sequential
original,original,80242604-78cd-4315-af9e-7594eeb7970c,chrc09,csrc14@display=sequential
,chrc09,53abf2c4-59eb-4444-ab2a-092449acce40,original,csrc14@display=sequential
,chrc09,fc8b30b8-66ed-4a7c-a34d-169a0a459c61,original,csrc14@display=sequential
chrc09,original,a78a2e8d-3a91-469c-b6d8-cb42a4121c57,chrc09,csrc14@display=sequential
original,original,72ed54fa-f4f0-473b-a829-ac89abe9d3c5,chrc09,csrc14@display=sequential
original,chrc09,bf3cb4fa-49fa-4340-a93a-968c70951b9d,original,csrc14@display=sequential
original,chrc12,391d7919-cc5f-4309-81f6-ce6cfc04a7bc,original,csrc11@display=sequential
original,original,5abb5f46-0296-40b8-822f-ec4f8bb50c1f,chrc12,csrc11@display=sequential
chrc12,chrc12,81da3e49-dd49-4dc1-b619-476371ae6e37,original,csrc11@display=sequential
original,chrc12,8c1ba179-2106-4f2f-9f78-2ccd5d2f38a5,original,csrc11@display=sequential
chrc12,chrc12,9fd1b181-02a1-4f1c-8cba-bb8193353de9,original,csrc11@display=sequential
original,original,f9933ce8-818d-4818-9d22-5b3ce5d20f11,chrc12,csrc11@display=sequential
chrc12,chrc12,26f1a4f3-2de9-4b62-9f2e-9184870cb93e,original,csrc11@display=sequential
original,original,abd0f219-9a62-430f-b50f-c61b688c219c,chrc12,csrc11@display=sequential
,original,5dc62e1a-77a7-42ff-b80f-ad839dbf8ba4,chrc12,csrc11@display=sequential
original,original,f1f59d35-72b2-4506-8acc-4f38f587a5f8,chrc12,csrc11@display=sequential
chrc04,chrc01,4f51ccc9-748a-455c-a276-65a0686f7ad8,chrc04,csrc11@display=sequential
chrc04,chrc01,364332c7-5e58-405e-a1a2-57c7e65b6f31,chrc04,csrc11@display=sequential
chrc01,chrc01,66da8469-601a-48fb-b75e-716c69b24198,chrc04,csrc11@display=sequential
chrc04,chrc04,a801ea4e-4aef-4dc3-bcb9-0b668206f360,chrc01,csrc11@display=sequential
chrc04,chrc04,6fdb4288-40f0-4de1-8396-6bfb23ae11ef,chrc01,csrc11@display=sequential
chrc04,chrc01,67ae0f79-04ba-4a89-867a-2b136e9aca56,chrc04,csrc11@display=sequential
chrc04,chrc01,3294436f-ed2c-418c-b0a4-838f6d5f50b0,chrc04,csrc11@display=sequential
chrc04,chrc01,66ae368d-fe93-4ff7-aafd-162ed5776cd6,chrc04,csrc11@display=sequential
chrc04,chrc01,d7b86eaa-b11f-4bf4-ba01-62352ea7ae97,chrc04,csrc11@display=sequential
chrc04,chrc01,66eade00-16e6-485e-9a5d-2e92b67367b8,chrc04,csrc11@display=sequential
hrc12,hrc16,103c01a6-1eb1-43e3-8bf6-689f6a997cb1,hrc12,src07@display=sequential
hrc12,hrc12,9a5132b2-76b8-4072-aa1e-a8ad2272768b,hrc16,src07@display=sequential
hrc12,hrc16,eb743109-e85a-4981-be4e-e85effa05712,hrc12,src07@display=sequential
hrc12,hrc16,007919af-9cda-4553-bac6-327e2447b734,hrc12,src07@display=sequential
hrc12,hrc12,dd0b4014-ce60-4ca7-ab3d-8d9ff47766fd,hrc16,src07@display=sequential
hrc12,hrc12,5bb6a91c-222e-469d-9d1f-6f1064a66a0a,hrc16,src07@display=sequential
hrc12,hrc16,4bc866e0-4050-47ae-828f-de9f50923090,hrc12,src07@display=sequential
hrc12,hrc12,1ade687b-5aca-4370-9311-b6f72528a473,hrc16,src07@display=sequential
hrc12,hrc12,11f7b84a-0978-427c-8d2a-ec8d877db0cf,hrc16,src07@display=sequential
hrc12,hrc16,50f1cc6f-21de-44c4-8056-cfee37a49d31,hrc12,src07@display=sequential
hrc12,hrc12,86df2c31-3d5e-4c20-8931-c3ef97cc34cd,hrc05,src06@display=sequential
hrc12,hrc12,e58017ee-822e-494a-a864-21cbf433adc2,hrc05,src06@display=sequential
hrc12,hrc05,2e1c5ff1-e376-4bef-a680-7c80520888f0,hrc12,src06@display=sequential
hrc12,hrc12,d7bac6c1-397b-40c6-9c43-ed999836f813,hrc05,src06@display=sequential
,hrc12,e6117117-5dce-465d-9049-31c50c6c61b0,hrc05,src06@display=sequential
hrc12,hrc12,6b3f07e5-02e2-48e7-8efc-461b03f85b4c,hrc05,src06@display=sequential
hrc12,hrc12,8e4da856-a4b7-4bcd-ae3b-c1982bbc9a46,hrc05,src06@display=sequential
hrc12,hrc05,1ade687b-5aca-4370-9311-b6f72528a473,hrc12,src06@display=sequential
hrc12,hrc12,25b75a3c-786b-44b3-b448-9883ab9d0990,hrc05,src06@display=sequential
hrc12,hrc05,fe88ec31-e062-4ec6-a7c6-455dc015a155,hrc12,src06@display=sequential
chrc09,chrc09,23cdd1ed-fe00-4deb-8ca7-db975f43a835,chrc05,csrc14@display=sequential
chrc09,chrc05,20e45293-4833-4c41-9853-2922c822270f,chrc09,csrc14@display=sequential
chrc05,chrc05,c6230a1a-bba9-4067-a204-87588e4d736c,chrc09,csrc14@display=sequential
chrc09,chrc09,cc795331-2401-4a12-b0ee-fa79b36fff76,chrc05,csrc14@display=sequential
chrc05,chrc05,881a6c66-db05-40f7-ad8a-77648d2d237f,chrc09,csrc14@display=sequential
,chrc09,42b81a15-a01a-4b06-a99e-90705512d83f,chrc05,csrc14@display=sequential
chrc09,chrc05,745247a5-0200-4707-8b6c-14b19a0c8216,chrc09,csrc14@display=sequential
chrc09,chrc09,9e2006cf-81f6-4dc7-9a43-405a3037fda2,chrc05,csrc14@display=sequential
,chrc09,aab7fd60-4d29-441c-88ff-67d6aabea655,chrc05,csrc14@display=sequential
chrc09,chrc09,34cd2be8-af8a-4643-a087-b771ca29f1a3,chrc05,csrc14@display=sequential
original,hrc18,2eacc76c-1451-477e-9f61-195c6e0adf15,original,src06@display=sequential
original,hrc18,b2b6e7cc-ead9-466e-9fac-168ff63177a5,original,src06@display=sequential
original,hrc18,d7b474e9-ad6f-4890-99ab-5a796fcbd2cb,original,src06@display=sequential
original,original,23cdd1ed-fe00-4deb-8ca7-db975f43a835,hrc18,src06@display=sequential
original,original,c6230a1a-bba9-4067-a204-87588e4d736c,hrc18,src06@display=sequential
original,hrc18,aab7fd60-4d29-441c-88ff-67d6aabea655,original,src06@display=sequential
original,hrc18,fa99c6a8-18e7-4b07-b497-43ad86407f9c,original,src06@display=sequential
original,hrc18,20e45293-4833-4c41-9853-2922c822270f,original,src06@display=sequential
original,hrc18,7b386b95-ce0d-4fce-a835-59be5bcfc864,original,src06@display=sequential
original,hrc18,7317c3fb-8b5c-4be7-bd0a-363cd0010fb0,original,src06@display=sequential
original,original,fda50597-1f41-40cf-b84d-017055879a57,hrc05,src01@display=sequential
original,hrc05,b65c2531-4fd5-4f51-9a89-79645ecc449a,original,src01@display=sequential
original,hrc05,bbb385de-3383-428c-810d-de9218736f6e,original,src01@display=sequential
original,hrc05,6b48482e-fbd7-4085-8717-135a3fa6b351,original,src01@display=sequential
original,original,292650bb-01af-4e38-b7ab-f6c163fcea4c,hrc05,src01@display=sequential
original,original,92618dab-00d8-4abd-ac31-f37ac2df1d55,hrc05,src01@display=sequential
original,original,1a07e498-1f79-4718-99fc-3465754935aa,hrc05,src01@display=sequential
original,hrc05,a16b67db-f08d-44c6-8b9c-e326911ad68f,original,src01@display=sequential
original,hrc05,9ebd8a15-d6da-429e-b5e7-f3d7d0b7d614,original,src01@display=sequential
original,hrc05,67ae0f79-04ba-4a89-867a-2b136e9aca56,original,src01@display=sequential
chrc11,chrc11,5eb3a7bb-533a-4dbd-82c4-cd0fae2b33b0,chrc01,csrc13@display=sequential
chrc11,chrc11,eaa5315e-7904-41da-ad17-313ff2625ef5,chrc01,csrc13@display=sequential
chrc11,chrc11,a45092db-c7cb-43ec-9349-5066f42b90bf,chrc01,csrc13@display=sequential
chrc11,chrc11,29a74aa2-3f6f-413b-a6e7-f37994c1db18,chrc01,csrc13@display=sequential
chrc11,chrc11,f286d2c9-0a31-42fd-af9d-f5d49f3d8482,chrc01,csrc13@display=sequential
chrc11,chrc01,7a086198-2edc-4d14-ab82-3d7cd87e92c7,chrc11,csrc13@display=sequential
chrc11,chrc11,9d5a019b-71bd-4af6-b124-a219b08b293a,chrc01,csrc13@display=sequential
chrc11,chrc11,e02609ec-35cf-456d-b864-7676af978c4b,chrc01,csrc13@display=sequential
chrc11,chrc01,cd3da8c8-6bd7-4717-8f4a-b136895e3626,chrc11,csrc13@display=sequential
chrc11,chrc01,6c67538e-6b84-46b3-bd4c-8c3389fbab32,chrc11,csrc13@display=sequential
chrc12,chrc08,b5be2bf1-6a7d-4c5c-97a6-70da4d407bf6,chrc12,csrc11@display=sequential
chrc12,chrc12,e58844a6-5ea7-4ff9-84af-63ca198af1e2,chrc08,csrc11@display=sequential
chrc12,chrc08,433d4e34-b646-4538-941d-0a21131fb37c,chrc12,csrc11@display=sequential
chrc12,chrc08,fc9666e5-30e9-47fc-9e00-bfb32a90cb5b,chrc12,csrc11@display=sequential
chrc12,chrc08,0bf55f15-f420-47f7-affc-2654b7277ec7,chrc12,csrc11@display=sequential
chrc12,chrc08,585d8e35-90b2-450a-be37-2cef44ec5f71,chrc12,csrc11@display=sequential
chrc12,chrc12,f265067e-4156-41bf-a356-5489e7eb5f56,chrc08,csrc11@display=sequential
chrc12,chrc12,d10ee993-b3ae-434c-9a7b-a7d6ce66c776,chrc08,csrc11@display=sequential
chrc12,chrc12,58202c2c-6ed0-49f9-bd1c-0ee22c7dec66,chrc08,csrc11@display=sequential
chrc12,chrc12,8549911f-d533-4be3-bccb-c329e82caf2c,chrc08,csrc11@display=sequential
chrc06,chrc01,5f9aaee4-8689-4753-9a70-a5d7dac11e95,chrc06,csrc14@display=sequential
chrc06,chrc01,e886d720-6d96-44b4-a38f-ef52c0aea62d,chrc06,csrc14@display=sequential
,chrc06,3613e7d6-5bdf-4926-bba2-7859e0b1f77b,chrc01,csrc14@display=sequential
chrc06,chrc06,551db687-32a7-4c5c-ad62-3702df23d258,chrc01,csrc14@display=sequential
chrc06,chrc06,32984cad-d2a2-4070-9903-e1bb08e62b3e,chrc01,csrc14@display=sequential
chrc06,chrc06,da8f040c-b701-44b5-ac7a-47f459e0f56a,chrc01,csrc14@display=sequential
chrc06,chrc01,a268d438-9f11-4978-8ad9-7ed49297521c,chrc06,csrc14@display=sequential
chrc06,chrc06,e7297da4-8b5e-4b1f-9e73-3e1484bc53f0,chrc01,csrc14@display=sequential
chrc01,chrc01,a1c9f1fa-39f5-4736-862d-35205a62f9dc,chrc06,csrc14@display=sequential
chrc06,chrc01,20ee2e43-5f41-4f76-b0c1-2ffe19f9602c,chrc06,csrc14@display=sequential
hrc21,hrc21,157b2239-271e-41e3-99b6-ed7eca00929c,hrc17,src09@display=sequential
hrc21,hrc17,4766c33f-2917-4521-af24-131c165bb9d5,hrc21,src09@display=sequential
hrc21,hrc17,d54a2502-b2af-434c-a632-821a14394a8c,hrc21,src09@display=sequential
hrc21,hrc21,71a24918-51dc-498e-a290-b05897aeb40e,hrc17,src09@display=sequential
hrc21,hrc21,9f33edd4-881a-4ba2-a15f-93d4e082e7b0,hrc17,src09@display=sequential
hrc21,hrc17,04e42b86-466e-4ef7-9fc6-faf842d0b850,hrc21,src09@display=sequential
hrc21,hrc21,8c2b0451-0fb5-484e-8355-79304c222887,hrc17,src09@display=sequential
hrc21,hrc21,341c1b82-e7ce-4438-87cc-44c4577e4532,hrc17,src09@display=sequential
hrc21,hrc17,c0e526aa-54a9-4187-bc52-4f56df7ea910,hrc21,src09@display=sequential
hrc21,hrc21,3f85bc0e-c112-4433-8f8f-45ffb4d9f825,hrc17,src09@display=sequential
hrc08,hrc08,9f33edd4-881a-4ba2-a15f-93d4e082e7b0,hrc13,src05@display=sequential
hrc08,hrc08,e886d720-6d96-44b4-a38f-ef52c0aea62d,hrc13,src05@display=sequential
hrc08,hrc13,d4868a7d-8256-414b-84a9-825087f26e37,hrc08,src05@display=sequential
hrc13,hrc08,e3f0a209-352a-4445-aea0-2de5126ac546,hrc13,src05@display=sequential
,hrc13,bb12ebc6-b177-4457-8641-32a00e45e4a3,hrc08,src05@display=sequential
hrc08,hrc08,a598dfc3-ed57-44eb-8b48-92b2c1dd6086,hrc13,src05@display=sequential
hrc08,hrc13,d080f3ec-e040-41e2-8e4c-6ff37f951cc8,hrc08,src05@display=sequential
hrc08,hrc08,f9cbea11-d50a-4473-8583-2756324ec9fa,hrc13,src05@display=sequential
,hrc08,2be68ad6-657e-4ffe-b18b-9bca4e91fd1a,hrc13,src05@display=sequential
hrc08,hrc08,28baa163-62aa-4091-9067-f78967afea4a,hrc13,src05@display=sequential
hrc21,hrc09,5f6b09f1-b26d-4374-83d3-458e20cb9ab5,hrc21,src04@display=sequential
hrc09,hrc09,8dc48e4f-944e-46f3-b3d7-2733d875f1c5,hrc21,src04@display=sequential
hrc21,hrc09,d080f3ec-e040-41e2-8e4c-6ff37f951cc8,hrc21,src04@display=sequential
hrc21,hrc21,47bc558e-26ee-49db-8c60-121b90b84188,hrc09,src04@display=sequential
hrc09,hrc09,96156214-ba1f-44ad-b911-4cd9c3e80a16,hrc21,src04@display=sequential
,hrc09,3d040136-b0d3-48f0-851c-30d451910291,hrc21,src04@display=sequential
,hrc09,55d3eb0b-85e9-424a-8a9b-61d092b40bd1,hrc21,src04@display=sequential
,hrc09,2be68ad6-657e-4ffe-b18b-9bca4e91fd1a,hrc21,src04@display=sequential
,hrc09,d53945fe-0d18-43b7-82bc-70c07f67a7ca,hrc21,src04@display=sequential
,hrc21,db107cd9-dbe7-4902-afda-5ae89c3af6c2,hrc09,src04@display=sequential
hrc08,hrc08,4f51ccc9-748a-455c-a276-65a0686f7ad8,hrc18,src03@display=sequential
hrc08,hrc08,eb574414-bf4c-4dbe-bd80-1f14e0b9c5c7,hrc18,src03@display=sequential
hrc08,hrc08,47c5b9b0-9b12-4925-af04-7e9d48ac8e4d,hrc18,src03@display=sequential
hrc08,hrc08,9fd30985-cc56-465e-8258-5cd25c69cf1b,hrc18,src03@display=sequential
hrc08,hrc08,96156214-ba1f-44ad-b911-4cd9c3e80a16,hrc18,src03@display=sequential
hrc08,hrc08,4cd37b8a-abc7-4359-a9e7-c17bee48ee62,hrc18,src03@display=sequential
hrc08,hrc18,d53945fe-0d18-43b7-82bc-70c07f67a7ca,hrc08,src03@display=sequential
hrc08,hrc08,fcb49f3d-24e4-48f4-b819-5a1d0dd9a3ab,hrc18,src03@display=sequential
hrc08,hrc18,4ad0d76a-ac19-475d-97db-ffe0fd66930b,hrc08,src03@display=sequential
hrc08,hrc18,d13f540e-6390-44ec-8862-c0cc3a81cc74,hrc08,src03@display=sequential
hrc04,hrc16,4f379e80-7986-435e-80da-90d2288a9137,hrc04,src07@display=sequential
hrc04,hrc04,e3f0a209-352a-4445-aea0-2de5126ac546,hrc16,src07@display=sequential
hrc04,hrc04,4a48da27-470b-4fcd-8543-b926c16ff650,hrc16,src07@display=sequential
hrc04,hrc16,d080f3ec-e040-41e2-8e4c-6ff37f951cc8,hrc04,src07@display=sequential
hrc04,hrc16,3d040136-b0d3-48f0-851c-30d451910291,hrc04,src07@display=sequential
hrc04,hrc16,695ca2bf-b8e3-4615-9f1b-6014e2db4ee5,hrc04,src07@display=sequential
hrc04,hrc04,7e98f940-e3dc-44a6-a8fd-efa346cb7697,hrc16,src07@display=sequential
hrc04,hrc16,f34d42ab-f3d5-493e-8f12-2070d370cbea,hrc04,src07@display=sequential
hrc04,hrc04,a4b0cbec-917c-418b-bdf9-82a0936f4905,hrc16,src07@display=sequential
hrc04,hrc04,004eff23-2c97-4fd4-8603-adcac081627e,hrc16,src07@display=sequential
hrc21,hrc21,103c01a6-1eb1-43e3-8bf6-689f6a997cb1,hrc19,src09@display=sequential
,hrc19,10133552-f9c8-4185-b640-7e25d2e74bf4,hrc21,src09@display=sequential
,hrc19,c932f144-695e-4b65-8153-5d7ba538f1b1,hrc21,src09@display=sequential
hrc21,hrc19,42943899-85e5-447e-9c10-8493fc71be73,hrc21,src09@display=sequential
,hrc19,a4b0cbec-917c-418b-bdf9-82a0936f4905,hrc21,src09@display=sequential
hrc21,hrc21,695ca2bf-b8e3-4615-9f1b-6014e2db4ee5,hrc19,src09@display=sequential
hrc21,hrc21,dfac2e10-076c-4c94-b7a2-509a29363a96,hrc19,src09@display=sequential
,hrc19,4cd37b8a-abc7-4359-a9e7-c17bee48ee62,hrc21,src09@display=sequential
,hrc21,a6af3dc2-604d-4e26-9f55-4c28c4160630,hrc19,src09@display=sequential
hrc21,hrc21,2079d5ff-c609-4f44-9674-c79839f7f3d1,hrc19,src09@display=sequential
,hrc12,b1be1c63-dc1e-454a-9783-8aac04ad515d,original,src01@display=sequential
hrc12,hrc12,adefd39e-12cd-4c2a-aaa3-98f584c5c723,original,src01@display=sequential
original,original,4f51ccc9-748a-455c-a276-65a0686f7ad8,hrc12,src01@display=sequential
original,original,3a031695-b20f-4ff1-803d-2611342ac2de,hrc12,src01@display=sequential
original,hrc12,189cc04f-5b5b-45ea-be05-e4f97f0b529b,original,src01@display=sequential
original,original,df4292d0-100f-419b-bb47-77f336b78a08,hrc12,src01@display=sequential
original,hrc12,32899118-d8fd-46ad-b83a-9e8ce0bdc1c7,original,src01@display=sequential
original,original,c932f144-695e-4b65-8153-5d7ba538f1b1,hrc12,src01@display=sequential
original,original,a4b0cbec-917c-418b-bdf9-82a0936f4905,hrc12,src01@display=sequential
original,hrc12,dfac2e10-076c-4c94-b7a2-509a29363a96,original,src01@display=sequential
hrc05,hrc05,10133552-f9c8-4185-b640-7e25d2e74bf4,hrc10,src04@display=sequential
hrc05,hrc05,4a48da27-470b-4fcd-8543-b926c16ff650,hrc10,src04@display=sequential
hrc10,hrc10,241b830e-0e58-4e17-a663-88a3a821ac3e,hrc05,src04@display=sequential
hrc05,hrc05,84592273-be4b-4c0c-9569-ce4a9d8c0128,hrc10,src04@display=sequential
,hrc10,d13f540e-6390-44ec-8862-c0cc3a81cc74,hrc05,src04@display=sequential
hrc10,hrc10,3a031695-b20f-4ff1-803d-2611342ac2de,hrc05,src04@display=sequential
hrc05,hrc05,4bb7ddad-6f61-4af0-a929-abcc95347a33,hrc10,src04@display=sequential
hrc05,hrc05,1fda9f15-e969-41d3-a5e6-1ef66b8b22d8,hrc10,src04@display=sequential
,hrc10,a1fd54d6-0aeb-4802-a1a9-b0e31ab0ad36,hrc05,src04@display=sequential
hrc05,hrc05,2cabc179-9b0a-4956-abc4-db3cf2e03f98,hrc10,src04@display=sequential
hrc05,hrc02,febbbfd7-f167-40e7-82f3-57fd12d35fdc,hrc05,src02@display=sequential
hrc02,hrc05,eb574414-bf4c-4dbe-bd80-1f14e0b9c5c7,hrc02,src02@display=sequential
hrc02,hrc05,76d6bfe0-55a2-4a6c-b431-2ec5bf75cee1,hrc02,src02@display=sequential
hrc02,hrc02,a6af3dc2-604d-4e26-9f55-4c28c4160630,hrc05,src02@display=sequential
hrc02,hrc02,32899118-d8fd-46ad-b83a-9e8ce0bdc1c7,hrc05,src02@display=sequential
hrc02,hrc02,4cd37b8a-abc7-4359-a9e7-c17bee48ee62,hrc05,src02@display=sequential
hrc02,hrc05,4a0a8685-4887-49fe-b267-09c0f3258c10,hrc02,src02@display=sequential
hrc02,hrc05,33e83277-87c9-40aa-9ef4-04f73519dc05,hrc02,src02@display=sequential
hrc02,hrc05,28f3ffe7-8eb8-4a16-9663-0a71ff4feb38,hrc02,src02@display=sequential
hrc02,hrc02,4bb7ddad-6f61-4af0-a929-abcc95347a33,hrc05,src02@display=sequential
original,hrc19,12d98a34-47f5-4779-b4d0-c7e35539b9cb,original,src08@display=sequential
original,hrc19,d53945fe-0d18-43b7-82bc-70c07f67a7ca,original,src08@display=sequential
original,original,55d3eb0b-85e9-424a-8a9b-61d092b40bd1,hrc19,src08@display=sequential
,original,4ad0d76a-ac19-475d-97db-ffe0fd66930b,hrc19,src08@display=sequential
original,hrc19,241b830e-0e58-4e17-a663-88a3a821ac3e,original,src08@display=sequential
original,original,6a5c53fc-4f8c-4abf-97c1-466f1f6c1023,hrc19,src08@display=sequential
original,hrc19,52e41e38-4c61-40bc-bb28-cafdfe4bcb7f,original,src08@display=sequential
,original,5f6b09f1-b26d-4374-83d3-458e20cb9ab5,hrc19,src08@display=sequential
,original,eb574414-bf4c-4dbe-bd80-1f14e0b9c5c7,hrc19,src08@display=sequential
original,original,f0f94ac1-9151-4b66-acb1-542e28570e3e,hrc19,src08@display=sequential
original,original,ab73b275-9ae8-46d7-b5f9-e2881e9ad887,hrc13,src08@display=sequential
original,original,df4292d0-100f-419b-bb47-77f336b78a08,hrc13,src08@display=sequential
original,original,758f23cd-06e0-4d59-888b-f4b28f9b6923,hrc13,src08@display=sequential
original,original,fd620d26-73f0-45d6-bfe5-7b47eb755676,hrc13,src08@display=sequential
original,hrc13,7c5e9f10-6dd5-4939-833b-7b5680686212,original,src08@display=sequential
original,hrc13,1410348a-256b-4580-8343-0558cdf51750,original,src08@display=sequential
original,hrc13,c61e0119-921d-482d-9ebd-6be3c141eb7e,original,src08@display=sequential
original,hrc13,0febb639-cbaf-4607-83ee-763ea7fdd47c,original,src08@display=sequential
original,original,8e45ec30-d8f0-4b0f-9d1a-95543dd2734f,hrc13,src08@display=sequential
original,original,840a09b5-4c5b-45f7-8f13-6a8057cf0fac,hrc13,src08@display=sequential
original,chrc05,085d2fd6-2fec-4af4-a870-d2963b430267,original,csrc13@display=sequential
original,original,8bf8e043-0dfe-4d04-bed8-5faea6c6c4c4,chrc05,csrc13@display=sequential
original,original,65392d93-283c-4079-b9ae-ce016ea883f6,chrc05,csrc13@display=sequential
original,original,4739f5c7-b987-4c87-8af7-0a28b32df1b7,chrc05,csrc13@display=sequential
chrc05,chrc05,7874da72-8ea1-4e57-abe0-af1f5b35cf3a,original,csrc13@display=sequential
original,chrc05,882969fc-cb3f-463a-ae31-0d7c32898c9f,original,csrc13@display=sequential
original,original,9e25a404-4bfe-4e8c-8dec-e7c76c0c760a,chrc05,csrc13@display=sequential
original,chrc05,89ffb17a-c99a-4e69-b200-2fd8e129e584,original,csrc13@display=sequential
original,chrc05,4286ceb2-7535-49c7-ae3e-0a69c7960068,original,csrc13@display=sequential
original,chrc05,798ea17c-f39f-4bc5-94bc-74a3062693f7,original,csrc13@display=sequential
hrc09,hrc09,f12b829d-b55b-4c7c-830a-48c568c8601d,hrc13,src02@display=sequential
hrc09,hrc13,fd620d26-73f0-45d6-bfe5-7b47eb755676,hrc09,src02@display=sequential
hrc09,hrc13,3a25c1af-1c65-4d09-a99f-d8dcf43ebb15,hrc09,src02@display=sequential
hrc09,hrc09,c0f8aa5b-3cf4-493d-b074-c742adeec0bb,hrc13,src02@display=sequential
hrc09,hrc13,8ca53498-0bb4-4db3-a610-fdc0cfa8e85a,hrc09,src02@display=sequential
hrc09,hrc09,5fb511a7-580f-4be2-9e53-b66cd6b5246a,hrc13,src02@display=sequential
hrc09,hrc13,d39c9f82-0592-46e7-bfbb-7b637638d43b,hrc09,src02@display=sequential
hrc09,hrc09,dd5b36e2-1bd9-4001-a709-c16dd679568a,hrc13,src02@display=sequential
hrc09,hrc13,e57f0c1a-193e-4e7e-ad4a-41d517aa388f,hrc09,src02@display=sequential
hrc09,hrc13,413023ed-9827-460b-8769-d4497645a297,hrc09,src02@display=sequential
original,original,c88af769-d298-4298-800c-ad11fb29c899,hrc13,src03@display=sequential
original,hrc13,2abfdeee-2fd3-4b37-82d9-e2ba44da1bcf,original,src03@display=sequential
original,original,21fb7d74-ce7f-4a75-bbf9-60059b82b720,hrc13,src03@display=sequential
original,original,a380631e-2ff4-4ec4-882d-f1b84cf9cdc9,hrc13,src03@display=sequential
original,original,da0b33d7-d588-4595-b322-5d8c898978e4,hrc13,src03@display=sequential
original,hrc13,1d86cd8c-857c-4e48-a107-5f9463d42d40,original,src03@display=sequential
original,original,54610d4e-5622-4fe4-9db3-a3db3d3e936f,hrc13,src03@display=sequential
original,original,1d2ed32a-13f4-4021-896f-073296654209,hrc13,src03@display=sequential
original,original,e2e1d4a7-9934-44f8-a146-212e0c669ec9,hrc13,src03@display=sequential
original,hrc13,43868782-c006-4e73-8ab4-1f5f132a01cc,original,src03@display=sequential
hrc10,hrc05,e0deec6c-51b7-4f93-86ca-4d5c22a4d76d,hrc10,src06@display=sequential
hrc05,hrc05,592ba6b5-cb27-4a57-8053-fde0747c3fb0,hrc10,src06@display=sequential
,hrc10,e2e1d4a7-9934-44f8-a146-212e0c669ec9,hrc05,src06@display=sequential
hrc05,hrc05,ba734442-c953-48c5-a8ce-20166773bf6a,hrc10,src06@display=sequential
hrc05,hrc05,04efd0f2-8204-47a7-9bcf-ec4deb076c8f,hrc10,src06@display=sequential
hrc10,hrc10,21fb7d74-ce7f-4a75-bbf9-60059b82b720,hrc05,src06@display=sequential
hrc10,hrc10,e02609ec-35cf-456d-b864-7676af978c4b,hrc05,src06@display=sequential
hrc05,hrc10,cd3da8c8-6bd7-4717-8f4a-b136895e3626,hrc05,src06@display=sequential
hrc05,hrc05,55682f9e-b267-4d99-8302-c1aa8186aa39,hrc10,src06@display=sequential
hrc10,hrc10,d7668104-cefe-4f34-ad17-149c4cbe34b1,hrc05,src06@display=sequential
original,hrc19,c61e0119-921d-482d-9ebd-6be3c141eb7e,original,src05@display=sequential
original,original,93380f69-2886-467d-869a-4ea47e4331cc,hrc19,src05@display=sequential
original,original,c2db09e2-43d0-490d-a6c8-e264533673bf,hrc19,src05@display=sequential
original,original,efec50c6-91a7-440c-9aea-465ed22f7ea8,hrc19,src05@display=sequential
original,original,feabbea3-3eb7-46a6-9150-d41a3944603d,hrc19,src05@display=sequential
original,hrc19,630902ff-4e93-4002-a561-a300b5a42928,original,src05@display=sequential
original,hrc19,656acb6a-98d6-4ca3-bb95-940aef8ce38e,original,src05@display=sequential
original,original,fc66ffa3-14fc-4401-a95b-eedb200be7d9,hrc19,src05@display=sequential
original,hrc19,f7a660f2-17ac-444a-980f-416641f86208,original,src05@display=sequential
original,hrc19,eaa5315e-7904-41da-ad17-313ff2625ef5,original,src05@display=sequential
hrc19,hrc19,0abb605f-ad44-4d63-9bbd-84e2b37b9a07,hrc13,src06@display=sequential
hrc19,hrc19,43868782-c006-4e73-8ab4-1f5f132a01cc,hrc13,src06@display=sequential
hrc19,hrc19,1cf51187-29ee-4e29-80b2-ad2a3f850fe2,hrc13,src06@display=sequential
hrc19,hrc19,a3d57e9a-630c-4320-8a26-435a9d86ed76,hrc13,src06@display=sequential
hrc19,hrc13,d06c5043-187d-45b6-a654-ec690918445f,hrc19,src06@display=sequential
hrc19,hrc19,54610d4e-5622-4fe4-9db3-a3db3d3e936f,hrc13,src06@display=sequential
hrc19,hrc19,a8a6721b-be7d-42a3-ad63-ad07d8be7093,hrc13,src06@display=sequential
hrc19,hrc13,bfbecf9a-5392-4f42-9ec6-fc3f122112b5,hrc19,src06@display=sequential
hrc19,hrc13,20ee2e43-5f41-4f76-b0c1-2ffe19f9602c,hrc19,src06@display=sequential
hrc19,hrc13,7c1cd676-1163-4512-b0cc-125f92752018,hrc19,src06@display=sequential
hrc08,hrc02,68d1f2b5-3293-45a5-b42e-e9c3da1c116f,hrc08,src01@display=sequential
hrc02,hrc08,3c7ef17b-e826-4055-83ba-6a771c08659a,hrc02,src01@display=sequential
,hrc02,d35fe353-da0b-4b73-af6a-0993d3199c77,hrc08,src01@display=sequential
hrc08,hrc02,c16ea7fc-f3f0-4ec9-bca4-b83eb9159aa1,hrc08,src01@display=sequential
hrc08,hrc02,3f6f7d1f-5885-4133-a799-55fe9e5a3cd2,hrc08,src01@display=sequential
hrc02,hrc02,31ca5cac-d2b2-4d89-b282-f15c708df086,hrc08,src01@display=sequential
hrc08,hrc02,e03f8435-2142-45a7-a15c-ecf62ea4f916,hrc08,src01@display=sequential
hrc08,hrc08,d680646f-4054-409d-a496-91a707fd4885,hrc02,src01@display=sequential
hrc02,hrc02,8e4da856-a4b7-4bcd-ae3b-c1982bbc9a46,hrc08,src01@display=sequential
,hrc08,42cf276e-584f-459f-92b9-c2966ba7f50e,hrc02,src01@display=sequential
original,hrc13,8c2b0451-0fb5-484e-8355-79304c222887,original,src06@display=sequential
original,hrc13,d10ee993-b3ae-434c-9a7b-a7d6ce66c776,original,src06@display=sequential
original,original,d9c97855-ed84-4f1f-8ccf-f42d5c6853e6,hrc13,src06@display=sequential
original,hrc13,f58fcc49-b5e9-4207-8790-8ecf66e5eb9d,original,src06@display=sequential
original,original,7c5e9f10-6dd5-4939-833b-7b5680686212,hrc13,src06@display=sequential
original,hrc13,8d4a618f-7184-43bd-9513-10873098a873,original,src06@display=sequential
original,original,b93642b3-a858-453c-b8e3-9cd43fc58f9e,hrc13,src06@display=sequential
original,original,d69fb9a4-88e8-4e25-bbde-bebbddf5fbc5,hrc13,src06@display=sequential
original,original,5fb511a7-580f-4be2-9e53-b66cd6b5246a,hrc13,src06@display=sequential
original,hrc13,feabbea3-3eb7-46a6-9150-d41a3944603d,original,src06@display=sequential
hrc08,hrc08,1410348a-256b-4580-8343-0558cdf51750,hrc17,src06@display=sequential
hrc08,hrc17,f7a660f2-17ac-444a-980f-416641f86208,hrc08,src06@display=sequential
hrc08,hrc17,53127e19-5162-4bab-bb56-69665405a598,hrc08,src06@display=sequential
hrc08,hrc08,7dad68b5-2969-4d35-8426-a97f213bdaf4,hrc17,src06@display=sequential
hrc08,hrc08,8c1ba179-2106-4f2f-9f78-2ccd5d2f38a5,hrc17,src06@display=sequential
hrc08,hrc08,3a25c1af-1c65-4d09-a99f-d8dcf43ebb15,hrc17,src06@display=sequential
hrc08,hrc08,d6c6a79e-5a39-4ddc-8d67-e61611c73318,hrc17,src06@display=sequential
hrc08,hrc17,ac3cb7af-b2f0-4b61-9ea7-61bad06aa1d3,hrc08,src06@display=sequential
hrc08,hrc08,7522b6a2-33fd-4d39-9892-118173704b57,hrc17,src06@display=sequential
hrc08,hrc08,0febb639-cbaf-4607-83ee-763ea7fdd47c,hrc17,src06@display=sequential
hrc09,hrc09,cce62b97-6ffc-4119-89f5-102422ff2691,hrc08,src04@display=sequential
hrc09,hrc09,db06cd08-012c-4984-9355-38a0ac42eeb1,hrc08,src04@display=sequential
hrc09,hrc09,7cb4c25c-98f3-4c33-a8ef-2f1c44f8dd8a,hrc08,src04@display=sequential
hrc08,hrc08,9d2abd08-aa84-4b48-aeb3-697822d55fc6,hrc09,src04@display=sequential
hrc09,hrc08,93380f69-2886-467d-869a-4ea47e4331cc,hrc09,src04@display=sequential
hrc09,hrc08,51e53bc3-aa26-4dc9-825d-3023b001764d,hrc09,src04@display=sequential
hrc09,hrc08,0a58e305-db28-4bee-9e46-518f3b1d5970,hrc09,src04@display=sequential
hrc09,hrc08,097501e3-7ae3-4027-b579-5bd87c1f76c0,hrc09,src04@display=sequential
hrc09,hrc09,efec50c6-91a7-440c-9aea-465ed22f7ea8,hrc08,src04@display=sequential
hrc09,hrc08,c70e15fe-285d-4f39-b35a-67e47849682c,hrc09,src04@display=sequential
hrc21,hrc16,8b0638be-1f8e-4353-bfc3-9e38c96115eb,hrc21,src06@display=sequential
hrc21,hrc21,96156214-ba1f-44ad-b911-4cd9c3e80a16,hrc16,src06@display=sequential
hrc21,hrc21,52e41e38-4c61-40bc-bb28-cafdfe4bcb7f,hrc16,src06@display=sequential
hrc21,hrc16,2167d9eb-7db5-4c9e-9b6f-576f21f3db82,hrc21,src06@display=sequential
hrc21,hrc16,6929c469-fe35-443d-a2ef-95c2eea44139,hrc21,src06@display=sequential
hrc21,hrc21,695ca2bf-b8e3-4615-9f1b-6014e2db4ee5,hrc16,src06@display=sequential
hrc21,hrc16,a4b0cbec-917c-418b-bdf9-82a0936f4905,hrc21,src06@display=sequential
hrc21,hrc16,c932f144-695e-4b65-8153-5d7ba538f1b1,hrc21,src06@display=sequential
hrc21,hrc16,c199f722-c139-4861-9744-4560a943312a,hrc21,src06@display=sequential
hrc21,hrc16,6d66f594-4737-4487-b592-d48f77080be2,hrc21,src06@display=sequential
hrc07,hrc07,e8e1430a-3a2a-4c67-80e7-310c0cb6a8b9,hrc19,src04@display=sequential
,hrc07,fe88ec31-e062-4ec6-a7c6-455dc015a155,hrc19,src04@display=sequential
hrc07,hrc07,4bc866e0-4050-47ae-828f-de9f50923090,hrc19,src04@display=sequential
hrc07,hrc07,130f97dd-bd25-4da8-ac72-85c683f293af,hrc19,src04@display=sequential
hrc07,hrc19,a89ffe10-715d-49e0-9bd3-fc0664ef817e,hrc07,src04@display=sequential
hrc07,hrc07,2fef66bc-f9ba-4659-8710-5c4e882e66d2,hrc19,src04@display=sequential
hrc19,hrc19,50f1cc6f-21de-44c4-8056-cfee37a49d31,hrc07,src04@display=sequential
hrc07,hrc19,3ae937fd-57fd-4920-85e7-0a88238197d1,hrc07,src04@display=sequential
hrc07,hrc19,c16ea7fc-f3f0-4ec9-bca4-b83eb9159aa1,hrc07,src04@display=sequential
hrc07,hrc19,d52484c5-287b-49f5-92f9-d01055c2728e,hrc07,src04@display=sequential
hrc17,hrc17,d680646f-4054-409d-a496-91a707fd4885,hrc16,src07@display=sequential
,hrc16,38207576-6ad7-4dac-84da-904ae3c77cf8,hrc17,src07@display=sequential
,hrc17,e58017ee-822e-494a-a864-21cbf433adc2,hrc16,src07@display=sequential
hrc17,hrc16,e8e1430a-3a2a-4c67-80e7-310c0cb6a8b9,hrc17,src07@display=sequential
hrc17,hrc17,91f25404-e83b-4cbb-b329-8cc995812dd1,hrc16,src07@display=sequential
hrc17,hrc17,7b386b95-ce0d-4fce-a835-59be5bcfc864,hrc16,src07@display=sequential
hrc17,hrc17,80b3ebd0-5e38-448c-b3a3-151c11f59954,hrc16,src07@display=sequential
hrc17,hrc17,3337d50f-3ff4-4b00-9c35-a238978ffa06,hrc16,src07@display=sequential
,hrc17,cc795331-2401-4a12-b0ee-fa79b36fff76,hrc16,src07@display=sequential
hrc16,hrc17,e6117117-5dce-465d-9049-31c50c6c61b0,hrc16,src07@display=sequential
hrc19,hrc05,c8f19654-d24f-46d4-9aa5-99d95c9ceab5,hrc19,src03@display=sequential
hrc19,hrc05,44d9eda0-c8bd-4bf7-add7-ddb3b53b45bd,hrc19,src03@display=sequential
hrc05,hrc19,600b636d-749f-407b-8a35-4c651be24036,hrc05,src03@display=sequential
hrc19,hrc05,8aeb1e20-726c-4807-a4b6-069493614cbf,hrc19,src03@display=sequential
hrc19,hrc19,a16b67db-f08d-44c6-8b9c-e326911ad68f,hrc05,src03@display=sequential
hrc19,hrc05,9a5132b2-76b8-4072-aa1e-a8ad2272768b,hrc19,src03@display=sequential
hrc19,hrc19,9ebd8a15-d6da-429e-b5e7-f3d7d0b7d614,hrc05,src03@display=sequential
hrc05,hrc19,49d9d4cb-b8a1-4d99-ba2a-7e1346fc0627,hrc05,src03@display=sequential
hrc19,hrc19,39106def-10dc-4a00-97d4-3f8ec15e1f8e,hrc05,src03@display=sequential
hrc19,hrc05,8ff1358b-2362-4541-bef9-aaa77d3cedb2,hrc19,src03@display=sequential
original,original,9c1c0670-84be-45e4-8b42-6435e7d64c55,hrc16,src08@display=sequential
original,hrc16,a6704ad0-84ef-4e86-8ac5-f592cc525f47,original,src08@display=sequential
original,original,586c0410-645b-49ce-9e0c-edaf837400fa,hrc16,src08@display=sequential
original,hrc16,ec5fe569-3e08-47cb-aadb-ea0b09d17525,original,src08@display=sequential
original,hrc16,3422834a-4094-4e5a-b388-6a1bda18368f,original,src08@display=sequential
original,original,d6c6a79e-5a39-4ddc-8d67-e61611c73318,hrc16,src08@display=sequential
original,hrc16,b67161f4-61f3-43a5-b97d-1f8094983f11,original,src08@display=sequential
original,original,8d4a618f-7184-43bd-9513-10873098a873,hrc16,src08@display=sequential
original,hrc16,bdcc1e7a-95a7-4f0a-89b9-ef03f0ed7261,original,src08@display=sequential
original,original,f7a660f2-17ac-444a-980f-416641f86208,hrc16,src08@display=sequential
hrc07,hrc07,d69fb9a4-88e8-4e25-bbde-bebbddf5fbc5,hrc13,src04@display=sequential
hrc07,hrc07,3a25c1af-1c65-4d09-a99f-d8dcf43ebb15,hrc13,src04@display=sequential
hrc07,hrc13,b67161f4-61f3-43a5-b97d-1f8094983f11,hrc07,src04@display=sequential
hrc07,hrc13,22dff3a5-9b27-475a-97c3-7edaf366b118,hrc07,src04@display=sequential
hrc07,hrc13,9c1c0670-84be-45e4-8b42-6435e7d64c55,hrc07,src04@display=sequential
hrc07,hrc07,586c0410-645b-49ce-9e0c-edaf837400fa,hrc13,src04@display=sequential
hrc07,hrc07,0febb639-cbaf-4607-83ee-763ea7fdd47c,hrc13,src04@display=sequential
hrc07,hrc07,c61e0119-921d-482d-9ebd-6be3c141eb7e,hrc13,src04@display=sequential
hrc07,hrc07,0ae1ac23-5abd-4347-8efd-f7b4982e799c,hrc13,src04@display=sequential
hrc07,hrc07,3990f74e-2af9-40f4-a1ab-1c71da94a744,hrc13,src04@display=sequential
,hrc18,1429be8c-2d52-47df-b521-60ee72622965,hrc17,src03@display=sequential
hrc18,hrc18,42299818-23d6-4c44-822c-dcdd91f26d60,hrc17,src03@display=sequential
hrc18,hrc17,3990f74e-2af9-40f4-a1ab-1c71da94a744,hrc18,src03@display=sequential
,hrc18,7a086198-2edc-4d14-ab82-3d7cd87e92c7,hrc17,src03@display=sequential
hrc18,hrc18,3a25c1af-1c65-4d09-a99f-d8dcf43ebb15,hrc17,src03@display=sequential
hrc18,hrc17,51e53bc3-aa26-4dc9-825d-3023b001764d,hrc18,src03@display=sequential
hrc18,hrc18,8d4a618f-7184-43bd-9513-10873098a873,hrc17,src03@display=sequential
hrc18,hrc18,c2db09e2-43d0-490d-a6c8-e264533673bf,hrc17,src03@display=sequential
hrc18,hrc17,42b81a15-a01a-4b06-a99e-90705512d83f,hrc18,src03@display=sequential
hrc18,hrc18,758f23cd-06e0-4d59-888b-f4b28f9b6923,hrc17,src03@display=sequential
hrc19,hrc19,4095c1dd-b4e9-4e29-a6dd-67556deddbb5,hrc16,src04@display=sequential
,hrc16,c1739819-086d-408c-b516-f05ff33ddf56,hrc19,src04@display=sequential
hrc19,hrc19,658dc692-7421-4412-901b-44c5c6156b8d,hrc16,src04@display=sequential
hrc19,hrc16,ac3cb7af-b2f0-4b61-9ea7-61bad06aa1d3,hrc19,src04@display=sequential
hrc19,hrc19,758f23cd-06e0-4d59-888b-f4b28f9b6923,hrc16,src04@display=sequential
hrc19,hrc16,feabbea3-3eb7-46a6-9150-d41a3944603d,hrc19,src04@display=sequential
hrc19,hrc16,5fb511a7-580f-4be2-9e53-b66cd6b5246a,hrc19,src04@display=sequential
hrc19,hrc16,d6c6a79e-5a39-4ddc-8d67-e61611c73318,hrc19,src04@display=sequential
hrc19,hrc16,9d509489-42a8-469c-8e72-777f35c39870,hrc19,src04@display=sequential
hrc19,hrc16,fd620d26-73f0-45d6-bfe5-7b47eb755676,hrc19,src04@display=sequential
hrc08,hrc08,db06cd08-012c-4984-9355-38a0ac42eeb1,hrc20,src05@display=sequential
hrc20,hrc08,e14946cd-907b-4bb4-a50f-16353833a3a1,hrc20,src05@display=sequential
,hrc20,fd620d26-73f0-45d6-bfe5-7b47eb755676,hrc08,src05@display=sequential
hrc08,hrc20,7cb4c25c-98f3-4c33-a8ef-2f1c44f8dd8a,hrc08,src05@display=sequential
hrc20,hrc20,270c19d1-7369-4fc0-84b0-9021a68d1b71,hrc08,src05@display=sequential
hrc20,hrc20,9d509489-42a8-469c-8e72-777f35c39870,hrc08,src05@display=sequential
hrc20,hrc20,e57f0c1a-193e-4e7e-ad4a-41d517aa388f,hrc08,src05@display=sequential
hrc20,hrc08,4b23efe8-b14b-4be4-9bf3-7282c400ff35,hrc20,src05@display=sequential
hrc20,hrc08,1aa9e663-67d3-4003-a25b-de0487e89331,hrc20,src05@display=sequential
hrc08,hrc08,e58844a6-5ea7-4ff9-84af-63ca198af1e2,hrc20,src05@display=sequential
,hrc02,ba616751-5099-4c06-988f-2c268e4073c2,hrc21,src09@display=sequential
hrc02,hrc21,02dbd363-be57-492d-9e52-1e5212588363,hrc02,src09@display=sequential
hrc02,hrc21,d826d53b-0856-4aea-a51b-432806abb1e1,hrc02,src09@display=sequential
hrc02,hrc21,f526611a-a42a-4f2f-89d5-cc9e7efac493,hrc02,src09@display=sequential
hrc02,hrc02,f6dcbb2a-6b4d-4e46-99b1-4179f4898cd0,hrc21,src09@display=sequential
,hrc21,993fa71c-3dd5-4651-b910-2ea0d14b3621,hrc02,src09@display=sequential
,hrc21,8f9afef3-5f14-4236-b677-b43876808ec6,hrc02,src09@display=sequential
hrc21,hrc02,a22cb552-73fd-4bba-b020-6878660bd0d4,hrc21,src09@display=sequential
hrc21,hrc21,da4a495f-f672-4f49-a718-0acc3e86b358,hrc02,src09@display=sequential
hrc02,hrc21,1d47d828-0a6c-45f0-9598-2a1b328ea583,hrc02,src09@display=sequential
chrc05,chrc05,9b12ec4a-fa08-4ab2-b239-ed08073ff262,chrc06,csrc14@display=sequential
chrc05,chrc06,ebdd1319-f262-41ca-aba9-aabc27f9c28a,chrc05,csrc14@display=sequential
chrc05,chrc05,7ff3ca3e-cf96-4966-a02a-b9eab26a658b,chrc06,csrc14@display=sequential
chrc05,chrc05,33646442-3d35-4986-9939-550b7bd59125,chrc06,csrc14@display=sequential
chrc05,chrc06,722bc5b0-1968-480d-b0b6-f15b25ae5ec6,chrc05,csrc14@display=sequential
chrc05,chrc06,e79fa7fb-62cf-4b20-8b29-1cd64f2820a4,chrc05,csrc14@display=sequential
chrc05,chrc05,ddcfd680-b0b1-4163-af51-6bc0fbc21a5f,chrc06,csrc14@display=sequential
chrc05,chrc05,676769ee-ffa7-4de5-81aa-002ebbd70d74,chrc06,csrc14@display=sequential
chrc05,chrc05,585d8e35-90b2-450a-be37-2cef44ec5f71,chrc06,csrc14@display=sequential
chrc05,chrc05,6d0409d3-a58a-4600-9d50-620749517832,chrc06,csrc14@display=sequential
,hrc02,1b17167c-cbf2-48e2-8bf0-51adbb5d57e0,hrc04,src04@display=sequential
,hrc04,8f9afef3-5f14-4236-b677-b43876808ec6,hrc02,src04@display=sequential
hrc04,hrc04,c0f8aa5b-3cf4-493d-b074-c742adeec0bb,hrc02,src04@display=sequential
hrc04,hrc04,9a03424d-ff0b-41dc-8c67-620dd10a5d75,hrc02,src04@display=sequential
,hrc04,a3b8c3bd-c5e0-4e7d-9169-f1c735b1ad6a,hrc02,src04@display=sequential
,hrc02,9d9bfe50-d1ff-4dc3-b196-c5217ac2863f,hrc04,src04@display=sequential
hrc04,hrc02,6f7e0309-3095-4c2a-a58e-11232cacc3bd,hrc04,src04@display=sequential
hrc04,hrc02,1bfb2f4b-8c15-4e96-807b-51afd54edd7b,hrc04,src04@display=sequential
,hrc04,78e26595-e75f-4806-a6ed-26d6e8f35a1b,hrc02,src04@display=sequential
,hrc02,71a24918-51dc-498e-a290-b05897aeb40e,hrc04,src04@display=sequential
chrc01,chrc07,29c269f6-6a68-452f-966a-32a3b90781a1,chrc01,csrc12@display=sequential
chrc01,chrc01,085ea3db-2334-44ab-8798-14e7badbe0c6,chrc07,csrc12@display=sequential
chrc01,chrc07,8d17603d-66f1-4773-afa0-a9d1c2441752,chrc01,csrc12@display=sequential
chrc01,chrc07,f6e9c70a-c31e-4e0c-9454-2796cd957b8f,chrc01,csrc12@display=sequential
chrc01,chrc01,33646442-3d35-4986-9939-550b7bd59125,chrc07,csrc12@display=sequential
chrc01,chrc01,45764b9e-1aaf-4afb-89d1-6d2cc38d7c1a,chrc07,csrc12@display=sequential
chrc01,chrc01,e4f818a1-7ee9-47f2-81ca-391cad0569a5,chrc07,csrc12@display=sequential
chrc01,chrc01,c3401f48-cfd7-4f88-b4f3-ec9dc22b55f8,chrc07,csrc12@display=sequential
chrc01,chrc01,9d32f287-7a5a-4287-9f48-10a44fcb3304,chrc07,csrc12@display=sequential
chrc01,chrc07,c6346704-bff8-407a-af84-b379478d3cd2,chrc01,csrc12@display=sequential
hrc09,hrc09,e3f0a209-352a-4445-aea0-2de5126ac546,hrc20,src01@display=sequential
hrc20,hrc20,106526b1-77b2-4d00-b5b0-5b7e929f1444,hrc09,src01@display=sequential
hrc20,hrc09,f34d42ab-f3d5-493e-8f12-2070d370cbea,hrc20,src01@display=sequential
hrc20,hrc20,4cd37b8a-abc7-4359-a9e7-c17bee48ee62,hrc09,src01@display=sequential
hrc20,hrc20,d13f540e-6390-44ec-8862-c0cc3a81cc74,hrc09,src01@display=sequential
hrc20,hrc09,dd0b4014-ce60-4ca7-ab3d-8d9ff47766fd,hrc20,src01@display=sequential
hrc20,hrc20,33e83277-87c9-40aa-9ef4-04f73519dc05,hrc09,src01@display=sequential
hrc20,hrc20,695ca2bf-b8e3-4615-9f1b-6014e2db4ee5,hrc09,src01@display=sequential
hrc20,hrc20,103c01a6-1eb1-43e3-8bf6-689f6a997cb1,hrc09,src01@display=sequential
hrc20,hrc20,a6af3dc2-604d-4e26-9f55-4c28c4160630,hrc09,src01@display=sequential
hrc19,hrc19,a8a6721b-be7d-42a3-ad63-ad07d8be7093,hrc16,src08@display=sequential
hrc19,hrc16,06d4fcbb-2678-47cb-a9d3-ea2bc74a2f81,hrc19,src08@display=sequential
hrc19,hrc19,a91842fe-969f-4065-af6f-8664becf98fe,hrc16,src08@display=sequential
hrc19,hrc16,86d4496d-95f4-42fb-aa84-ac80e6bf2f82,hrc19,src08@display=sequential
hrc19,hrc16,30969ea8-c94c-4f11-9226-95ec5c8c8f03,hrc19,src08@display=sequential
hrc19,hrc16,7de80bf2-500e-478d-af55-ba3cd4f18a29,hrc19,src08@display=sequential
hrc19,hrc19,04efd0f2-8204-47a7-9bcf-ec4deb076c8f,hrc16,src08@display=sequential
hrc19,hrc19,b93642b3-a858-453c-b8e3-9cd43fc58f9e,hrc16,src08@display=sequential
hrc19,hrc19,9d9bfe50-d1ff-4dc3-b196-c5217ac2863f,hrc16,src08@display=sequential
hrc19,hrc16,592ba6b5-cb27-4a57-8053-fde0747c3fb0,hrc19,src08@display=sequential
