answer,left_method,participant,right_method,test_case
v2328,v2328,ef7c9718-3a41-48f4-88d9-147c66b94096,v3292,Maxwell@display=pairwise
v2328,v2328,de36c471-90c9-4ad1-b5df-404e1caccda4,v3292,Maxwell@display=pairwise
v2328,v3292,79978944-2bb6-45ce-bd59-529f44c09c69,v2328,Maxwell@display=pairwise
v2328,v2328,c11a406e-302f-4f21-be2d-1f3a27fac77b,v3292,Maxwell@display=pairwise
v3292,v2328,2820937d-b7de-4dec-b6c1-1e205b50f8a0,v3292,Maxwell@display=pairwise
v2328,v3292,f8e4c74f-c2a6-462b-9197-a7c8c31317ac,v2328,Maxwell@display=pairwise
v2328,v3292,42e75c72-a6d9-474d-9ddf-9a3b32f8ff9a,v2328,Maxwell@display=pairwise
v3292,v3292,db7a1735-7ea2-4e72-93df-997a3c7a0046,v2328,Maxwell@display=pairwise
v2328,v2328,344d07d0-63a8-46e8-a5fa-10d7dec66115,v3292,Maxwell@display=pairwise
v2328,v2328,09f575b8-b536-4315-8bb0-a892ce0721ed,v3292,Maxwell@display=pairwise
v0162,v0529,ef7c9718-3a41-48f4-88d9-147c66b94096,v0162,Maxwell@display=pairwise
v0529,v0529,21350804-8bb4-46fc-964b-228b225563ca,v0162,Maxwell@display=pairwise
v0529,v0529,21350804-8bb4-46fc-964b-228b225563ca,v0162,Maxwell@display=pairwise
v0529,v0529,8f7e51a3-8852-4682-99c4-de2ab7f8863b,v0162,Maxwell@display=pairwise
v0529,v0162,4c9f3ef1-1be5-4b46-b834-89e3cd2a94a2,v0529,Maxwell@display=pairwise
v0529,v0529,4cf27f34-7c95-4417-9203-7627dd0e8db3,v0162,Maxwell@display=pairwise
v0529,v0529,15ed72a6-3577-4b94-8218-2877edf651f6,v0162,Maxwell@display=pairwise
v0162,v0529,bc441066-48fe-430a-8ae9-46706a7d4640,v0162,Maxwell@display=pairwise
v0529,v0162,2613c3ff-b6cc-4d25-850a-f9ccff836ebc,v0529,Maxwell@display=pairwise
,v0162,f2cb3403-6c77-4e49-86af-9e41adbacf34,v0529,Maxwell@display=pairwise
v1190,v0314,ef7c9718-3a41-48f4-88d9-147c66b94096,v1190,Maxwell@display=pairwise
,v1190,6737908c-5eb5-4359-9909-7a6e8c746ca4,v0314,Maxwell@display=pairwise
v1190,v1190,8477eb0e-905a-4f16-a145-97a894176374,v0314,Maxwell@display=pairwise
v1190,v1190,d67a763c-3129-46e5-8a1c-450bff6ca19d,v0314,Maxwell@display=pairwise
v1190,v0314,e71f0be5-2d3f-4bc9-9407-a2dce3a16b91,v1190,Maxwell@display=pairwise
v1190,v1190,8c720eee-ed3e-49c7-87d6-11f9c7e89f0f,v0314,Maxwell@display=pairwise
v1190,v0314,ce008773-19e4-41d1-82ae-f094be0d2171,v1190,Maxwell@display=pairwise
v1190,v0314,3d7fe021-5960-477b-910a-b9019bd40c53,v1190,Maxwell@display=pairwise
v1190,v0314,1dee3556-55f2-4afa-9290-ed47655d33bb,v1190,Maxwell@display=pairwise
v1190,v1190,86a98c74-45fb-4cdf-a662-a12e8b733a2b,v0314,Maxwell@display=pairwise
v4125,v1984,ef7c9718-3a41-48f4-88d9-147c66b94096,v4125,Maxwell@display=pairwise
,v1984,46890feb-e3fa-42f0-bdb2-bc9bbacd627f,v4125,Maxwell@display=pairwise
v4125,v4125,9e20e9ee-4c12-4160-ac86-23aa6338231c,v1984,Maxwell@display=pairwise
v1984,v1984,badc275d-8c39-4e6d-9416-b53dc225505f,v4125,Maxwell@display=pairwise
v4125,v1984,a2093909-503b-438b-bf75-c9807e56810a,v4125,Maxwell@display=pairwise
v4125,v1984,48448358-e8a9-438f-91d4-8aa53d013c82,v4125,Maxwell@display=pairwise
v4125,v1984,b6d8df5e-5610-473b-bd40-79fdcdfbdcdd,v4125,Maxwell@display=pairwise
v4125,v1984,9ede4d3e-ee31-4bd1-980a-75ced4a17656,v4125,Maxwell@display=pairwise
v4125,v4125,aaf15379-dfc5-4aed-89dd-6e94974e28c8,v1984,Maxwell@display=pairwise
v4125,v4125,6d4a2a41-fa40-4847-81d4-e68b6937db26,v1984,Maxwell@display=pairwise
v3740,v2328,ef7c9718-3a41-48f4-88d9-147c66b94096,v3740,Maxwell@display=pairwise
v3740,v2328,761748d4-d10d-4076-8ba5-4316321078d2,v3740,Maxwell@display=pairwise
v3740,v2328,8f373fcb-9f72-4cee-a804-75fa3cb722cd,v3740,Maxwell@display=pairwise
v3740,v2328,acccac54-c658-4a6d-b128-1acee477e62e,v3740,Maxwell@display=pairwise
v3740,v3740,09aa3d60-2327-4a62-a385-c9877f16fa3d,v2328,Maxwell@display=pairwise
,v2328,4ea0873d-96ee-486c-bb32-18129db248af,v3740,Maxwell@display=pairwise
v3740,v2328,14ec1f3e-c047-4d13-a2d6-76da32d9ed62,v3740,Maxwell@display=pairwise
v3740,v3740,a4ff02d4-6d50-4f8a-b84e-4c6ba39528a5,v2328,Maxwell@display=pairwise
v3740,v2328,aaf15379-dfc5-4aed-89dd-6e94974e28c8,v3740,Maxwell@display=pairwise
v3740,v2328,d587e507-f0f2-4be9-b688-318429aa0988,v3740,Maxwell@display=pairwise
v1859,v4125,ef7c9718-3a41-48f4-88d9-147c66b94096,v1859,Maxwell@display=pairwise
v1859,v4125,761748d4-d10d-4076-8ba5-4316321078d2,v1859,Maxwell@display=pairwise
v4125,v4125,31d01651-40ee-49ee-8266-1aee63461887,v1859,Maxwell@display=pairwise
v1859,v4125,8bd3e413-e73f-4b53-95b8-506af8c32cdf,v1859,Maxwell@display=pairwise
v1859,v4125,a7a93a58-0185-4a02-be01-554e229a1446,v1859,Maxwell@display=pairwise
v4125,v4125,e71f0be5-2d3f-4bc9-9407-a2dce3a16b91,v1859,Maxwell@display=pairwise
v1859,v4125,723ecde4-3695-4235-afdf-bb230a3f2707,v1859,Maxwell@display=pairwise
v1859,v4125,26c3096a-edfc-482a-8d3c-5739d09b6bda,v1859,Maxwell@display=pairwise
v1859,v1859,09f575b8-b536-4315-8bb0-a892ce0721ed,v4125,Maxwell@display=pairwise
v4125,v4125,393a3c3e-2f6d-49dd-b9e0-18768e4dbb96,v1859,Maxwell@display=pairwise
v4125,v4034,ef7c9718-3a41-48f4-88d9-147c66b94096,v4125,Maxwell@display=pairwise
v4034,v4034,4901352b-32bd-48cb-9460-5bb67e875f40,v4125,Maxwell@display=pairwise
v4034,v4034,df26a6f9-0f91-4a5e-82a0-ce73746d46d1,v4125,Maxwell@display=pairwise
v4125,v4034,af7f19e9-f83a-45ae-8df8-fb20d08eddf9,v4125,Maxwell@display=pairwise
,v4125,2886de17-6865-4f59-8f24-9afbd87a36af,v4034,Maxwell@display=pairwise
,v4125,bb58be60-dfb8-4e62-af7d-b508d07dce9c,v4034,Maxwell@display=pairwise
v4125,v4034,7ccb1601-429e-4e0c-a822-991e9abf2075,v4125,Maxwell@display=pairwise
v4034,v4125,21cdd095-3223-44a1-bbae-ecc5b4f9c9aa,v4034,Maxwell@display=pairwise
,v4034,a4495c73-1fd9-49f1-b09f-2185ce15ede4,v4125,Maxwell@display=pairwise
v4034,v4125,86523267-18b8-471d-80c4-42b0069c1f65,v4034,Maxwell@display=pairwise
v1025,v1025,ef7c9718-3a41-48f4-88d9-147c66b94096,v0162,Maxwell@display=pairwise
v0162,v1025,d3ceb26c-6541-4b11-adf3-11f11a7fe362,v0162,Maxwell@display=pairwise
v1025,v0162,1a77d7b2-9385-4d84-b6db-2f3070895961,v1025,Maxwell@display=pairwise
v1025,v1025,1a77d7b2-9385-4d84-b6db-2f3070895961,v0162,Maxwell@display=pairwise
v1025,v0162,258ea89f-8336-4d05-a59b-7ea1ea457784,v1025,Maxwell@display=pairwise
v1025,v1025,7321c6b3-7020-45e2-bb9d-2ab101e5c7ae,v0162,Maxwell@display=pairwise
v1025,v0162,5dd4b999-dfa1-477e-9901-16fa0e727a3f,v1025,Maxwell@display=pairwise
v1025,v1025,5dd4b999-dfa1-477e-9901-16fa0e727a3f,v0162,Maxwell@display=pairwise
v1025,v0162,86a98c74-45fb-4cdf-a662-a12e8b733a2b,v1025,Maxwell@display=pairwise
v1025,v0162,f5d6e1f3-6569-4a5e-b109-b9871c084d4b,v1025,Maxwell@display=pairwise
v1703,v0094,ef7c9718-3a41-48f4-88d9-147c66b94096,v1703,Maxwell@display=pairwise
v1703,v0094,2f9c0bcc-c712-42b9-bc2f-d02860843a89,v1703,Maxwell@display=pairwise
v1703,v1703,51b8e6dd-0e31-4784-9b1a-6247028d8968,v0094,Maxwell@display=pairwise
v0094,v1703,62182adc-a9e3-409b-94a5-c4c180d9f3b7,v0094,Maxwell@display=pairwise
v1703,v0094,2dc384e2-d08c-47ed-a933-eb91ec6fb38b,v1703,Maxwell@display=pairwise
v1703,v0094,0f9366f9-fade-450c-be0e-0ebb4444aece,v1703,Maxwell@display=pairwise
v1703,v0094,e5e845a9-bf60-41fc-9ab7-f2ab3172c82f,v1703,Maxwell@display=pairwise
v1703,v0094,f52b764c-6af0-4c94-8cdd-65f0f56a1931,v1703,Maxwell@display=pairwise
v1703,v0094,43e0e111-055c-43b5-b09c-bee2f7542636,v1703,Maxwell@display=pairwise
v1703,v1703,f91a86d7-4ef8-4563-ab87-c52917313279,v0094,Maxwell@display=pairwise
v4166,v4166,ef7c9718-3a41-48f4-88d9-147c66b94096,v1447,Maxwell@display=pairwise
v1447,v4166,1ea4d896-7017-4409-8dd2-484c9eb6e564,v1447,Maxwell@display=pairwise
v4166,v4166,b444b366-4acf-4de2-bf8f-886c7ae9b36b,v1447,Maxwell@display=pairwise
v4166,v1447,cabe6903-7b7e-4c1a-b661-958c6fa61429,v4166,Maxwell@display=pairwise
v1447,v4166,e71f0be5-2d3f-4bc9-9407-a2dce3a16b91,v1447,Maxwell@display=pairwise
v4166,v1447,09aa3d60-2327-4a62-a385-c9877f16fa3d,v4166,Maxwell@display=pairwise
v4166,v1447,7923b5e3-11d0-48ca-937d-4b08a7ecead4,v4166,Maxwell@display=pairwise
v4166,v4166,e3ebe625-fcf7-470a-91bb-0d08cd37d473,v1447,Maxwell@display=pairwise
v4166,v1447,48f6cdb5-6230-4605-8615-20752b953814,v4166,Maxwell@display=pairwise
v4166,v4166,1581d9ba-baf0-47a6-9d2b-56bf103d5193,v1447,Maxwell@display=pairwise
v3355,v0314,ef7c9718-3a41-48f4-88d9-147c66b94096,v3355,Maxwell@display=pairwise
v3355,v0314,a3d1f70b-d059-4df3-a624-738230878ceb,v3355,Maxwell@display=pairwise
v3355,v0314,097c523a-37c9-4814-a386-171e6d920ead,v3355,Maxwell@display=pairwise
v3355,v0314,f982c154-231a-4d28-8be6-f62894d3a8c5,v3355,Maxwell@display=pairwise
v3355,v3355,2c9a72d6-6d7d-4b0f-a7d4-bb0625c39190,v0314,Maxwell@display=pairwise
v3355,v3355,c8a8c2c5-cbde-4269-8b36-a3b928ca2d67,v0314,Maxwell@display=pairwise
v3355,v0314,48eca316-7304-41b7-8acb-7e678a3cbf48,v3355,Maxwell@display=pairwise
v3355,v0314,aabfee8b-fee9-4c73-bd6b-0a4b92c72528,v3355,Maxwell@display=pairwise
v3355,v0314,6f34e67f-bb9c-486b-9ef7-b440454de895,v3355,Maxwell@display=pairwise
,v3355,2b1366bc-270c-4bfe-9882-c9f5c9c8efda,v0314,Maxwell@display=pairwise
v1373,v1373,ef7c9718-3a41-48f4-88d9-147c66b94096,v2828,Maxwell@display=pairwise
,v2828,5d191acd-806f-4f0a-873f-cff5ef5c5178,v1373,Maxwell@display=pairwise
v2828,v1373,7b13df41-d02b-4ab9-8b85-abff32c57a7f,v2828,Maxwell@display=pairwise
v2828,v1373,584a427c-0ddb-46df-87da-d6b34d3a6a48,v2828,Maxwell@display=pairwise
,v1373,584a427c-0ddb-46df-87da-d6b34d3a6a48,v2828,Maxwell@display=pairwise
,v1373,584a427c-0ddb-46df-87da-d6b34d3a6a48,v2828,Maxwell@display=pairwise
v2828,v1373,4d86c7c5-5db7-417f-a214-04a9b2e84841,v2828,Maxwell@display=pairwise
,v1373,d906e73c-afb6-4bc0-8cab-f6991cc560ba,v2828,Maxwell@display=pairwise
v1373,v2828,241ac689-1c0f-402c-8926-bf6506467a28,v1373,Maxwell@display=pairwise
v1373,v1373,09f575b8-b536-4315-8bb0-a892ce0721ed,v2828,Maxwell@display=pairwise
v1190,v1373,ef7c9718-3a41-48f4-88d9-147c66b94096,v1190,Maxwell@display=pairwise
v1190,v1190,f5eb8f70-1505-4e2f-a663-e4ee7192909b,v1373,Maxwell@display=pairwise
v1190,v1190,edb15e9d-3f08-4975-bdc5-dd360e208bf1,v1373,Maxwell@display=pairwise
v1373,v1190,dc1081cb-7773-4571-b027-33c4446f75ed,v1373,Maxwell@display=pairwise
v1190,v1373,6a7b1dd4-b79f-4017-b161-b8de06e3d2b9,v1190,Maxwell@display=pairwise
v1373,v1373,4ea0873d-96ee-486c-bb32-18129db248af,v1190,Maxwell@display=pairwise
v1190,v1373,5090394e-8d39-48a3-b78a-4dff5726117d,v1190,Maxwell@display=pairwise
v1190,v1373,12af1ee7-72cf-412b-95e3-35dd7ad7d1d6,v1190,Maxwell@display=pairwise
v1373,v1373,b2cf1e5e-8b30-4ac1-8eee-373e05447920,v1190,Maxwell@display=pairwise
v1190,v1190,2168499d-6438-474d-96fc-7346737ee935,v1373,Maxwell@display=pairwise
v0265,v0328,ef7c9718-3a41-48f4-88d9-147c66b94096,v0265,Maxwell@display=pairwise
v0265,v0328,bcfcab6f-59dd-4283-a999-0696e9e4835f,v0265,Maxwell@display=pairwise
,v0265,99d92158-abae-45a9-b49b-737ab2119fa3,v0328,Maxwell@display=pairwise
v0265,v0265,9c031cfb-cda8-4869-acc8-11ec9ff4d69f,v0328,Maxwell@display=pairwise
v0265,v0328,10db6cd5-e713-42ac-9a20-3961ec3c3cbb,v0265,Maxwell@display=pairwise
v0265,v0328,ef228dde-5278-429a-b581-bf6bdf7010cb,v0265,Maxwell@display=pairwise
v0265,v0328,1e3cc6d0-8a93-4ccf-b54a-c049f3248c37,v0265,Maxwell@display=pairwise
v0265,v0328,d698118d-3476-42e2-bac5-157c43bff05b,v0265,Maxwell@display=pairwise
v0265,v0328,4dea2b70-1476-45e6-a255-7bcc1601369b,v0265,Maxwell@display=pairwise
v0265,v0265,178c8651-5570-4a73-b49a-7a93daf21ea4,v0328,Maxwell@display=pairwise
v4166,v1190,ef7c9718-3a41-48f4-88d9-147c66b94096,v4166,Maxwell@display=pairwise
v4166,v1190,90b75463-bb9b-47ed-a579-8f88fc4299b8,v4166,Maxwell@display=pairwise
v4166,v4166,35f7dbdd-4c2d-43df-8b5a-7885f17732b1,v1190,Maxwell@display=pairwise
v4166,v1190,4d41abd8-8939-4aaf-8d9b-3eeaca78e042,v4166,Maxwell@display=pairwise
v4166,v4166,52b1311f-d563-4bed-8528-b0a80a845ed3,v1190,Maxwell@display=pairwise
v4166,v1190,f0cc1ae8-38f7-44df-a97b-70cfda024744,v4166,Maxwell@display=pairwise
v4166,v1190,d5a0fb87-aa9c-42e7-8db5-0c41338699d2,v4166,Maxwell@display=pairwise
v4166,v1190,850c7762-5ebc-4c04-b264-d14e50f37130,v4166,Maxwell@display=pairwise
v1190,v4166,d09c64e0-a2da-48ef-bc62-4b215947cae7,v1190,Maxwell@display=pairwise
v4166,v1190,8af492ec-8e66-4d99-a408-22dea1cbafd6,v4166,Maxwell@display=pairwise
v2801,v2801,c744cb11-c13d-48f5-857f-33b152474625,v0314,Maxwell@display=pairwise
v0314,v0314,171d9627-c964-4a99-8c05-0cf0ea584fba,v2801,Maxwell@display=pairwise
v2801,v0314,76235253-aa1e-4c51-96c0-fffb3168626a,v2801,Maxwell@display=pairwise
v2801,v0314,f540594e-acb6-4701-95ba-930d80b00b7a,v2801,Maxwell@display=pairwise
v2801,v0314,da27f497-76a6-4237-94e9-559acb0ba008,v2801,Maxwell@display=pairwise
v2801,v2801,97128514-e916-4347-930c-bb37857c48c0,v0314,Maxwell@display=pairwise
v2801,v0314,298bd5e1-5cb8-4d9b-b7a7-2d7fcac00e91,v2801,Maxwell@display=pairwise
v2801,v2801,81bbbdfd-6271-4cd2-8c33-a6894757ca13,v0314,Maxwell@display=pairwise
v2801,v0314,d8c466c5-877b-40b2-b8d8-5cd12c3902b1,v2801,Maxwell@display=pairwise
v2801,v2801,76235253-aa1e-4c51-96c0-fffb3168626a,v0314,Maxwell@display=pairwise
v3740,v3740,76235253-aa1e-4c51-96c0-fffb3168626a,v3292,Maxwell@display=pairwise
v3740,v3292,f3cb7b9e-c2e1-481b-b513-fe2868bad5ec,v3740,Maxwell@display=pairwise
v3740,v3292,3a37653c-9f20-4105-9e6f-d0197869e5ec,v3740,Maxwell@display=pairwise
v3740,v3292,a4914634-9c3a-4b63-ba2f-eae01b722ce6,v3740,Maxwell@display=pairwise
v3740,v3740,f946f0a6-ea75-4cea-809a-e6d88d5c053d,v3292,Maxwell@display=pairwise
v3740,v3740,c57b2313-faa0-4c95-b91f-4f3c7609b1c1,v3292,Maxwell@display=pairwise
v3740,v3740,35a5fd4a-c3d1-456f-81f3-f5489dcf64c7,v3292,Maxwell@display=pairwise
v3740,v3740,dffc54fe-ae03-4e35-a6cd-21c7789bed4e,v3292,Maxwell@display=pairwise
v3740,v3292,ddd61b5c-dc4a-4146-8ae2-ae9ff73fb5d8,v3740,Maxwell@display=pairwise
v3740,v3740,9f33edc6-8672-491a-9b40-8bb445f9aaf0,v3292,Maxwell@display=pairwise
v4034,v4034,76235253-aa1e-4c51-96c0-fffb3168626a,v0530,Maxwell@display=pairwise
v4034,v0530,bbb2b770-5eab-4e22-9e43-7ff1c7cfcd31,v4034,Maxwell@display=pairwise
v4034,v0530,cc2b08c4-b73c-48a9-95c6-b79cfa497b75,v4034,Maxwell@display=pairwise
v4034,v4034,6b2b3509-e864-4edb-9850-8fc1b129866b,v0530,Maxwell@display=pairwise
v4034,v0530,06278424-ef97-42cc-bcc1-ee893b3964ea,v4034,Maxwell@display=pairwise
v4034,v4034,b8283f80-554f-404a-936c-a4114b3184d8,v0530,Maxwell@display=pairwise
v4034,v4034,37e2fd1c-8e32-4deb-bec9-a4ed41c99e10,v0530,Maxwell@display=pairwise
v4034,v0530,617ae86c-fc97-402a-ba65-8994258b69e0,v4034,Maxwell@display=pairwise
v4034,v0530,344d07d0-63a8-46e8-a5fa-10d7dec66115,v4034,Maxwell@display=pairwise
v4034,v4034,fb12b62f-7110-41dc-8ec7-a99eccbb04d0,v0530,Maxwell@display=pairwise
v1373,v1373,76235253-aa1e-4c51-96c0-fffb3168626a,v0009,Maxwell@display=pairwise
v1373,v1373,51a741d8-2e85-48fb-a41a-ec0b312ce2e7,v0009,Maxwell@display=pairwise
v1373,v1373,2361ceac-d622-404d-ad76-7e85d587926e,v0009,Maxwell@display=pairwise
v1373,v0009,4e2adbe1-fa03-4f25-a561-baae089d8201,v1373,Maxwell@display=pairwise
v1373,v0009,96f829ff-df3c-49ca-9af3-b69739e4a67a,v1373,Maxwell@display=pairwise
v1373,v1373,809db03d-2f37-4a0c-bb4f-05365cebf6af,v0009,Maxwell@display=pairwise
,v1373,f19945e8-447a-46eb-adcc-ff690853c250,v0009,Maxwell@display=pairwise
v1373,v1373,2b257334-db97-4865-a3f7-4c4f89b0b221,v0009,Maxwell@display=pairwise
v0009,v0009,f9f062ef-692e-46ad-a379-6d3a1e5a78e8,v1373,Maxwell@display=pairwise
v1373,v1373,c2931a8d-05d8-4b93-b015-421665fe4364,v0009,Maxwell@display=pairwise
v2801,v2801,76235253-aa1e-4c51-96c0-fffb3168626a,v0032,Maxwell@display=pairwise
v2801,v2801,e7c95211-5ce3-4c43-bde6-828f51c7a97c,v0032,Maxwell@display=pairwise
,v2801,13a84fc5-c897-4808-819d-21fe4ef9dffc,v0032,Maxwell@display=pairwise
v0032,v0032,83d505a2-2b0d-4ae8-8f57-e375dcc387ac,v2801,Maxwell@display=pairwise
v2801,v0032,4d41abd8-8939-4aaf-8d9b-3eeaca78e042,v2801,Maxwell@display=pairwise
v2801,v2801,5fa03c38-e27e-4f64-8734-7be0dfe4d9c7,v0032,Maxwell@display=pairwise
v0032,v2801,9d91b01f-a800-4b2b-b343-d61dc7eaf041,v0032,Maxwell@display=pairwise
v2801,v2801,730d1fc7-c570-412c-8d46-89d91d650c41,v0032,Maxwell@display=pairwise
v2801,v2801,a801b479-113e-4832-87fc-1561080418bb,v0032,Maxwell@display=pairwise
v2801,v0032,09705fe5-aaef-4009-9eaf-7f6ef1693c89,v2801,Maxwell@display=pairwise
v1025,v3065,76235253-aa1e-4c51-96c0-fffb3168626a,v1025,Maxwell@display=pairwise
v3065,v3065,0c66784a-2acc-4614-8958-f9cede4473ed,v1025,Maxwell@display=pairwise
,v3065,7007cb66-6248-4ffb-9d99-061a7a2b9859,v1025,Maxwell@display=pairwise
v1025,v1025,a7a93a58-0185-4a02-be01-554e229a1446,v3065,Maxwell@display=pairwise
,v1025,965ff344-5fbe-416d-8965-9c65cf52ab41,v3065,Maxwell@display=pairwise
,v3065,965ff344-5fbe-416d-8965-9c65cf52ab41,v1025,Maxwell@display=pairwise
v3065,v3065,4d959969-12c9-4934-bcb0-01c74a0bca6d,v1025,Maxwell@display=pairwise
,v1025,aabfee8b-fee9-4c73-bd6b-0a4b92c72528,v3065,Maxwell@display=pairwise
,v1025,eb1d4001-2c9c-463a-8ab8-6fe20a5c24ce,v3065,Maxwell@display=pairwise
v1025,v1025,2b1366bc-270c-4bfe-9882-c9f5c9c8efda,v3065,Maxwell@display=pairwise
v4048,v2063,76235253-aa1e-4c51-96c0-fffb3168626a,v4048,Maxwell@display=pairwise
v4048,v4048,5c136a49-d41e-4881-93c3-e597c637a8dc,v2063,Maxwell@display=pairwise
v4048,v4048,d596421e-e19a-4472-a4e8-730e96d35459,v2063,Maxwell@display=pairwise
v4048,v2063,49091e64-faa5-49f7-8e9d-a491f64fc35c,v4048,Maxwell@display=pairwise
v4048,v4048,f8e4c74f-c2a6-462b-9197-a7c8c31317ac,v2063,Maxwell@display=pairwise
v4048,v4048,42e75c72-a6d9-474d-9ddf-9a3b32f8ff9a,v2063,Maxwell@display=pairwise
v4048,v2063,720d1aa0-a9e3-4836-9efe-1ef960d71e0e,v4048,Maxwell@display=pairwise
v4048,v4048,86ac8bcb-62d0-479c-a775-8d1fbd5ee8c9,v2063,Maxwell@display=pairwise
v4048,v2063,850c7762-5ebc-4c04-b264-d14e50f37130,v4048,Maxwell@display=pairwise
v4048,v2063,da7d4669-ee69-4b69-9548-38fdb95e66a3,v4048,Maxwell@display=pairwise
v4097,v4097,76235253-aa1e-4c51-96c0-fffb3168626a,v3583,Maxwell@display=pairwise
v4097,v3583,13a84fc5-c897-4808-819d-21fe4ef9dffc,v4097,Maxwell@display=pairwise
v4097,v3583,13a84fc5-c897-4808-819d-21fe4ef9dffc,v4097,Maxwell@display=pairwise
v4097,v4097,6d6a6d9c-16c4-43d3-860f-2faf372131a2,v3583,Maxwell@display=pairwise
v4097,v3583,0fe8a7e1-5dbc-4a2b-b956-4e18128d5353,v4097,Maxwell@display=pairwise
v4097,v4097,c2e135df-30eb-46ef-95b2-80bff450c273,v3583,Maxwell@display=pairwise
v4097,v4097,48448358-e8a9-438f-91d4-8aa53d013c82,v3583,Maxwell@display=pairwise
v4097,v3583,d698118d-3476-42e2-bac5-157c43bff05b,v4097,Maxwell@display=pairwise
v4097,v4097,f00b6b27-7f50-4848-9d4f-1c6640f6281b,v3583,Maxwell@display=pairwise
v4097,v3583,f74805b0-7406-4a6a-9a49-5c7b8bedda55,v4097,Maxwell@display=pairwise
v2519,v2519,76235253-aa1e-4c51-96c0-fffb3168626a,v2525,Maxwell@display=pairwise
v2525,v2525,c12316ba-19d8-4db6-aa66-b424906ea895,v2519,Maxwell@display=pairwise
v2519,v2525,d02f408f-c495-4a1f-83e0-411da8e86fed,v2519,Maxwell@display=pairwise
v2519,v2519,d5e997d9-e2c0-46e2-a2f7-ac9521784839,v2525,Maxwell@display=pairwise
v2519,v2525,01a3b14c-3923-4b2c-baf6-0b671043ec61,v2519,Maxwell@display=pairwise
v2519,v2519,3ceee84d-5b67-4517-bb80-572756bac2c2,v2525,Maxwell@display=pairwise
,v2519,9ede4d3e-ee31-4bd1-980a-75ced4a17656,v2525,Maxwell@display=pairwise
v2519,v2519,c5fb40fd-7ac9-4e0e-afbe-3c1a6c070532,v2525,Maxwell@display=pairwise
,v2525,112054de-a4f8-40be-8531-03283774f811,v2519,Maxwell@display=pairwise
v2519,v2525,10b74529-4728-4409-849d-3c0d908d3219,v2519,Maxwell@display=pairwise
v3355,v3355,861d34a8-3e75-48a1-85aa-76f71123f8f5,v1703,Maxwell@display=pairwise
v3355,v3355,df26a6f9-0f91-4a5e-82a0-ce73746d46d1,v1703,Maxwell@display=pairwise
v3355,v1703,d09c64e0-a2da-48ef-bc62-4b215947cae7,v3355,Maxwell@display=pairwise
v1703,v1703,ee0ccb3c-dac0-417e-a70a-a62358481477,v3355,Maxwell@display=pairwise
v3355,v1703,391bd14c-81a1-4ea6-9649-ed267b4c7148,v3355,Maxwell@display=pairwise
v1703,v3355,291f1ce5-afb6-47f8-bf06-629bc6007f6a,v1703,Maxwell@display=pairwise
v3355,v3355,377b66e2-ae54-4e8b-bd72-393052e435d4,v1703,Maxwell@display=pairwise
v1703,v1703,6d4a2a41-fa40-4847-81d4-e68b6937db26,v3355,Maxwell@display=pairwise
v3355,v3355,f9e4bb6c-79e2-4693-af7b-1ac69eea590a,v1703,Maxwell@display=pairwise
v3355,v3355,d30105ed-f2ea-430e-90b6-5096d9156bc4,v1703,Maxwell@display=pairwise
v2519,v0094,76235253-aa1e-4c51-96c0-fffb3168626a,v2519,Maxwell@display=pairwise
v2519,v2519,080ce256-1457-4584-9e83-8b7e065e3998,v0094,Maxwell@display=pairwise
v2519,v0094,3a37653c-9f20-4105-9e6f-d0197869e5ec,v2519,Maxwell@display=pairwise
v2519,v2519,a4914634-9c3a-4b63-ba2f-eae01b722ce6,v0094,Maxwell@display=pairwise
v2519,v2519,b24999e8-2b46-4fe3-801f-d4019d087da5,v0094,Maxwell@display=pairwise
v2519,v0094,04d503da-7425-4759-9db6-290899a58639,v2519,Maxwell@display=pairwise
v2519,v0094,d33afc89-4e22-4af7-a23c-7f20288ebb72,v2519,Maxwell@display=pairwise
v2519,v2519,7364c455-72c0-4ba7-bd80-b8277ed5fa61,v0094,Maxwell@display=pairwise
v2519,v0094,850c7762-5ebc-4c04-b264-d14e50f37130,v2519,Maxwell@display=pairwise
v2519,v0094,7ab27881-57d1-40b8-85da-a40a47dc49c2,v2519,Maxwell@display=pairwise
v4537,v4537,76235253-aa1e-4c51-96c0-fffb3168626a,v2083,Maxwell@display=pairwise
v4537,v4537,209cb4b5-da1d-4522-8e51-c7ab4b854165,v2083,Maxwell@display=pairwise
v4537,v2083,d71a87a3-844a-46bd-9968-6f2321da861a,v4537,Maxwell@display=pairwise
v4537,v2083,c11a406e-302f-4f21-be2d-1f3a27fac77b,v4537,Maxwell@display=pairwise
v4537,v2083,6a7b1dd4-b79f-4017-b161-b8de06e3d2b9,v4537,Maxwell@display=pairwise
v4537,v4537,809db03d-2f37-4a0c-bb4f-05365cebf6af,v2083,Maxwell@display=pairwise
v4537,v2083,3fb4c47e-e723-4f8f-9933-f39a498c7374,v4537,Maxwell@display=pairwise
v4537,v4537,3fb4c47e-e723-4f8f-9933-f39a498c7374,v2083,Maxwell@display=pairwise
v4537,v4537,5090394e-8d39-48a3-b78a-4dff5726117d,v2083,Maxwell@display=pairwise
v4537,v4537,5184a7fd-e2f2-44fe-b1c1-7062145c6b02,v2083,Maxwell@display=pairwise
v3355,v3355,76235253-aa1e-4c51-96c0-fffb3168626a,v2525,Maxwell@display=pairwise
,v2525,9b14dad7-75bc-4690-9dc6-94c0c04d5333,v3355,Maxwell@display=pairwise
v3355,v3355,d02f408f-c495-4a1f-83e0-411da8e86fed,v2525,Maxwell@display=pairwise
v3355,v3355,49091e64-faa5-49f7-8e9d-a491f64fc35c,v2525,Maxwell@display=pairwise
v2525,v2525,b7ea617c-5ad5-4087-9795-bfd98e396875,v3355,Maxwell@display=pairwise
,v2525,7bf3dae0-af9d-4a3f-894f-9ff0503f5348,v3355,Maxwell@display=pairwise
,v2525,48448358-e8a9-438f-91d4-8aa53d013c82,v3355,Maxwell@display=pairwise
v3355,v3355,a801b479-113e-4832-87fc-1561080418bb,v2525,Maxwell@display=pairwise
v3355,v2525,79c3a676-3b48-40b3-80e7-da62c1543eaf,v3355,Maxwell@display=pairwise
v3355,v2525,48f6cdb5-6230-4605-8615-20752b953814,v3355,Maxwell@display=pairwise
v2083,v2083,76235253-aa1e-4c51-96c0-fffb3168626a,v2063,Maxwell@display=pairwise
v2083,v2083,2b3373d8-d55d-4fe9-8c30-800e1e6ed65f,v2063,Maxwell@display=pairwise
v2083,v2063,4727324f-737a-4ff6-9d12-84ae58106891,v2083,Maxwell@display=pairwise
v2083,v2063,1486a399-1ff1-4c12-96f9-9ef26a428a72,v2083,Maxwell@display=pairwise
v2083,v2063,1a77d7b2-9385-4d84-b6db-2f3070895961,v2083,Maxwell@display=pairwise
v2083,v2083,d4eabb9c-6f17-472b-ade4-3caa69edc47f,v2063,Maxwell@display=pairwise
v2063,v2063,1bc15f08-5e0e-4bcb-9390-fef0c1eb2c89,v2083,Maxwell@display=pairwise
v2063,v2083,67d6e59e-98bb-4804-be1c-03beebfd5222,v2063,Maxwell@display=pairwise
v2083,v2063,fd639556-f319-4397-9f9e-2d8827de7111,v2083,Maxwell@display=pairwise
v2063,v2063,2e6f5d07-f718-40d7-9899-2d530c3566ed,v2083,Maxwell@display=pairwise
v0265,v0265,391bd14c-81a1-4ea6-9649-ed267b4c7148,v0878,Maxwell@display=pairwise
v0878,v0878,f2393f46-bd26-4564-bf32-3f4c890d2821,v0265,Maxwell@display=pairwise
v0878,v0265,f815ba71-3bae-4ac3-a309-f90f687325e0,v0878,Maxwell@display=pairwise
v0878,v0265,5abb0625-0b84-4432-801d-e33a2c4185b8,v0878,Maxwell@display=pairwise
v0878,v0265,e17e2dcf-3979-4b09-8713-28d55d90138b,v0878,Maxwell@display=pairwise
v0265,v0265,8c720eee-ed3e-49c7-87d6-11f9c7e89f0f,v0878,Maxwell@display=pairwise
v0265,v0265,b269b069-99f5-4d8d-8e73-426d3fa2f09f,v0878,Maxwell@display=pairwise
v0878,v0878,5e2da638-96bd-419b-acdd-1f0e0cd35933,v0265,Maxwell@display=pairwise
v0878,v0265,4989c9a7-2a48-4c9b-8088-387d0efcfb45,v0878,Maxwell@display=pairwise
v0878,v0265,5f5c5157-bc4e-4779-9793-2661ff057066,v0878,Maxwell@display=pairwise
v2828,v1703,391bd14c-81a1-4ea6-9649-ed267b4c7148,v2828,Maxwell@display=pairwise
v1703,v1703,e25b19ea-aebb-47cd-b479-8d9842cf83dc,v2828,Maxwell@display=pairwise
v2828,v1703,da27f497-76a6-4237-94e9-559acb0ba008,v2828,Maxwell@display=pairwise
v1703,v2828,c2c5d1ea-6807-4bdd-a0f0-5694bf04fe9b,v1703,Maxwell@display=pairwise
v2828,v2828,6e2024e3-6dbd-4f38-acdd-ea74cebf7e8b,v1703,Maxwell@display=pairwise
v1703,v1703,bc760378-ddd6-4614-a376-7a3c39de225e,v2828,Maxwell@display=pairwise
v2828,v1703,3665f070-cce1-4979-995c-d117a13742ab,v2828,Maxwell@display=pairwise
v1703,v1703,d26017bc-5f0f-46a9-9ecd-b0be37678c1f,v2828,Maxwell@display=pairwise
v2828,v2828,35848222-14fa-4e1a-838c-efac9c195ea5,v1703,Maxwell@display=pairwise
,v1703,77216a3e-dd39-43a8-8d98-9d7a2de06023,v2828,Maxwell@display=pairwise
v2828,v2828,391bd14c-81a1-4ea6-9649-ed267b4c7148,v4511,Maxwell@display=pairwise
v4511,v2828,35f7dbdd-4c2d-43df-8b5a-7885f17732b1,v4511,Maxwell@display=pairwise
v4511,v4511,a7bccc46-0fad-4e81-a217-16e8f6d660b4,v2828,Maxwell@display=pairwise
v4511,v4511,26369842-3726-4b94-bca7-39046cebbeed,v2828,Maxwell@display=pairwise
v4511,v4511,44c0fd3d-af09-4205-a670-7c5ca7f9e4bd,v2828,Maxwell@display=pairwise
v4511,v4511,171d9627-c964-4a99-8c05-0cf0ea584fba,v2828,Maxwell@display=pairwise
v2828,v2828,26c3096a-edfc-482a-8d3c-5739d09b6bda,v4511,Maxwell@display=pairwise
v4511,v4511,b33fcfb9-4483-464b-9fa3-2fd815d1577a,v2828,Maxwell@display=pairwise
v2828,v2828,b81d92ba-8124-4bce-949c-8d5b226bc693,v4511,Maxwell@display=pairwise
v4511,v2828,7829a094-b56d-4784-81b4-d56f0af9d0ee,v4511,Maxwell@display=pairwise
v2519,v2519,391bd14c-81a1-4ea6-9649-ed267b4c7148,v0529,Maxwell@display=pairwise
v2519,v2519,12f332a1-5ffa-4879-b1d8-9da98c72ac92,v0529,Maxwell@display=pairwise
v2519,v2519,352bfce1-aa96-44d6-967b-eafa128efab4,v0529,Maxwell@display=pairwise
v2519,v2519,19d8041f-78dc-4148-92f4-1190481c0358,v0529,Maxwell@display=pairwise
v2519,v2519,1dac0e33-0065-4e0e-8e64-fd0e63278971,v0529,Maxwell@display=pairwise
,v0529,4cfaf7eb-7c7a-4d23-afa8-6e9c8e64a6b4,v2519,Maxwell@display=pairwise
v2519,v0529,377b66e2-ae54-4e8b-bd72-393052e435d4,v2519,Maxwell@display=pairwise
v2519,v2519,f1338919-3049-404e-9297-43ad044caf39,v0529,Maxwell@display=pairwise
v2519,v0529,86a3ac5a-2140-48bb-bde9-f02ac7191d29,v2519,Maxwell@display=pairwise
v2519,v2519,c49821d5-18a2-4c47-912d-5e29660b0b92,v0529,Maxwell@display=pairwise
v2328,v2328,391bd14c-81a1-4ea6-9649-ed267b4c7148,v2635,Maxwell@display=pairwise
v2635,v2328,5c136a49-d41e-4881-93c3-e597c637a8dc,v2635,Maxwell@display=pairwise
,v2635,399c3875-4111-41c4-b788-79e32772e36d,v2328,Maxwell@display=pairwise
v2635,v2328,ce0e0f0c-7b35-4e39-b905-dc94435761e5,v2635,Maxwell@display=pairwise
v2328,v2635,19da1622-4523-4766-8ee2-c68a94aba13f,v2328,Maxwell@display=pairwise
v2635,v2328,e6140e2f-9de4-4f2e-b088-2ec9c3c33c4f,v2635,Maxwell@display=pairwise
v2635,v2328,15577bca-cd7f-4695-868d-7da11fc028ed,v2635,Maxwell@display=pairwise
v2328,v2635,71d414a2-7da8-44c1-a7cb-4e81f84eb38a,v2328,Maxwell@display=pairwise
v2328,v2328,adc336f2-1af3-4f27-8deb-9a83f894b2f2,v2635,Maxwell@display=pairwise
v2328,v2328,bbb7e5c5-7f84-4e07-ac19-886dc274ce48,v2635,Maxwell@display=pairwise
v2349,v1984,391bd14c-81a1-4ea6-9649-ed267b4c7148,v2349,Maxwell@display=pairwise
v2349,v1984,51a741d8-2e85-48fb-a41a-ec0b312ce2e7,v2349,Maxwell@display=pairwise
v2349,v2349,ce0e0f0c-7b35-4e39-b905-dc94435761e5,v1984,Maxwell@display=pairwise
v2349,v2349,c9e36c3c-b003-43bc-8558-26d476b0a20d,v1984,Maxwell@display=pairwise
v1984,v1984,6a7b1dd4-b79f-4017-b161-b8de06e3d2b9,v2349,Maxwell@display=pairwise
v1984,v1984,f085de64-19bb-4f44-9ae2-2dc5700abca0,v2349,Maxwell@display=pairwise
v2349,v1984,e12b1db4-dd6b-4bd8-8b4c-d48269f88d44,v2349,Maxwell@display=pairwise
v2349,v2349,c1e0c07c-4768-4d33-86b9-59bcd401dba5,v1984,Maxwell@display=pairwise
v1984,v1984,730d1fc7-c570-412c-8d46-89d91d650c41,v2349,Maxwell@display=pairwise
v1984,v2349,4d22e541-90af-43bf-b2b9-955594802908,v1984,Maxwell@display=pairwise
,v4166,391bd14c-81a1-4ea6-9649-ed267b4c7148,v4511,Maxwell@display=pairwise
v4511,v4166,08c3ff44-f4df-4dde-9078-b475184ae0ce,v4511,Maxwell@display=pairwise
v4166,v4166,f23b459c-43f2-43ba-9fd1-78fd48cf833e,v4511,Maxwell@display=pairwise
v4166,v4511,4a4cda64-e09d-474d-abba-3cd33d2a4778,v4166,Maxwell@display=pairwise
v4511,v4166,f2c0d8f4-3093-434b-b640-14aa99aceaf7,v4511,Maxwell@display=pairwise
,v4166,2dd89ba6-d0b2-4975-8d14-d6d471fa562e,v4511,Maxwell@display=pairwise
v4511,v4166,012e7cd7-0094-41da-8b41-78a70aca8f4d,v4511,Maxwell@display=pairwise
v4511,v4511,537c627e-ce2d-4b04-939a-552205731bb6,v4166,Maxwell@display=pairwise
v4511,v4511,d09c64e0-a2da-48ef-bc62-4b215947cae7,v4166,Maxwell@display=pairwise
,v4511,31e59e7f-acc9-48fd-8a2b-bf0096731a49,v4166,Maxwell@display=pairwise
v3355,v3355,391bd14c-81a1-4ea6-9649-ed267b4c7148,v1477,Maxwell@display=pairwise
v3355,v3355,6e87b8ed-dbb8-4ce3-b2d9-00d2e608daca,v1477,Maxwell@display=pairwise
v3355,v3355,79978944-2bb6-45ce-bd59-529f44c09c69,v1477,Maxwell@display=pairwise
v1477,v3355,7b37ac90-7282-45c2-a24a-6ed9b9860183,v1477,Maxwell@display=pairwise
v3355,v3355,1a554cd6-a958-4409-801f-f6700b3c42ab,v1477,Maxwell@display=pairwise
v3355,v3355,ee8149de-cb82-49cc-9038-c54766ad70c9,v1477,Maxwell@display=pairwise
v1477,v1477,379768c0-f55e-4655-bf28-0d6c6b75c288,v3355,Maxwell@display=pairwise
v3355,v1477,42e75c72-a6d9-474d-9ddf-9a3b32f8ff9a,v3355,Maxwell@display=pairwise
v1477,v1477,43e0e111-055c-43b5-b09c-bee2f7542636,v3355,Maxwell@display=pairwise
v3355,v3355,7c3b36dd-81f3-4842-90d1-41f8d139292a,v1477,Maxwell@display=pairwise
v0094,v0094,391bd14c-81a1-4ea6-9649-ed267b4c7148,v0328,Maxwell@display=pairwise
v0094,v0328,8a19e606-f631-49b8-88af-f91c0befff75,v0094,Maxwell@display=pairwise
,v0094,2e719777-4544-474b-b0d9-b18f8e4a6474,v0328,Maxwell@display=pairwise
v0094,v0328,4716ee65-37dd-4db1-9c22-e34ae3582bb0,v0094,Maxwell@display=pairwise
v0328,v0094,04d503da-7425-4759-9db6-290899a58639,v0328,Maxwell@display=pairwise
,v0094,b8283f80-554f-404a-936c-a4114b3184d8,v0328,Maxwell@display=pairwise
v0328,v0094,4150d97c-eefc-4853-8768-c3caf08a8bcc,v0328,Maxwell@display=pairwise
,v0328,ba9fe7c9-6c2e-4006-a184-46f2e039d589,v0094,Maxwell@display=pairwise
,v0094,50d836a8-9b8a-4427-9d9e-d47323c64913,v0328,Maxwell@display=pairwise
v0328,v0094,c498d5cf-b5b6-469d-8d68-860f0f7e3445,v0328,Maxwell@display=pairwise
,v4166,391bd14c-81a1-4ea6-9649-ed267b4c7148,v3175,Maxwell@display=pairwise
v4166,v3175,a3d1f70b-d059-4df3-a624-738230878ceb,v4166,Maxwell@display=pairwise
v4166,v4166,28487e39-409b-4c7a-9093-c8806b2a099b,v3175,Maxwell@display=pairwise
v4166,v4166,d5e997d9-e2c0-46e2-a2f7-ac9521784839,v3175,Maxwell@display=pairwise
v4166,v4166,01a3b14c-3923-4b2c-baf6-0b671043ec61,v3175,Maxwell@display=pairwise
v4166,v4166,f602cd51-03c9-41b5-a85a-b7d81dde76dd,v3175,Maxwell@display=pairwise
v4166,v3175,1e957696-1bdb-4655-8b5d-f0bc71305eea,v4166,Maxwell@display=pairwise
v4166,v4166,85acf25a-acab-4993-a328-e5aaacf2367f,v3175,Maxwell@display=pairwise
v4166,v3175,db9ea501-dc60-469e-99e5-17b4bcfcb6fb,v4166,Maxwell@display=pairwise
v4166,v4166,f91a86d7-4ef8-4563-ab87-c52917313279,v3175,Maxwell@display=pairwise
,v0530,391bd14c-81a1-4ea6-9649-ed267b4c7148,v1025,Maxwell@display=pairwise
v1025,v0530,2f9c0bcc-c712-42b9-bc2f-d02860843a89,v1025,Maxwell@display=pairwise
v1025,v1025,19d8041f-78dc-4148-92f4-1190481c0358,v0530,Maxwell@display=pairwise
,v1025,20d9d51e-231e-4048-90ac-ae0f2f6906d1,v0530,Maxwell@display=pairwise
v1025,v1025,a777eafa-8e0b-4db8-b6d7-e9ef0d7cc236,v0530,Maxwell@display=pairwise
v1025,v0530,1c633216-85cf-4854-b853-de600421a67d,v1025,Maxwell@display=pairwise
v1025,v0530,31f2608d-f3b7-4fc9-aafc-8de3b8a2dcf0,v1025,Maxwell@display=pairwise
v1025,v0530,d4bb2ace-733e-49f7-9178-3c58fe2fb813,v1025,Maxwell@display=pairwise
v1025,v0530,b33fcfb9-4483-464b-9fa3-2fd815d1577a,v1025,Maxwell@display=pairwise
v0530,v1025,d7bcfd1a-e16b-4218-af32-20e97bd8fa5d,v0530,Maxwell@display=pairwise
v0530,v0530,391bd14c-81a1-4ea6-9649-ed267b4c7148,v4511,Maxwell@display=pairwise
v4511,v4511,f49752e6-2b8d-49f0-9d45-3133a3421c15,v0530,Maxwell@display=pairwise
v4511,v0530,399c3875-4111-41c4-b788-79e32772e36d,v4511,Maxwell@display=pairwise
v4511,v0530,8bd3e413-e73f-4b53-95b8-506af8c32cdf,v4511,Maxwell@display=pairwise
v4511,v4511,10db6cd5-e713-42ac-9a20-3961ec3c3cbb,v0530,Maxwell@display=pairwise
v4511,v0530,9859b693-6c9f-44ff-8038-a8397db0a1b4,v4511,Maxwell@display=pairwise
v4511,v0530,f911a403-5112-4234-ab0b-7497b7f4e3b4,v4511,Maxwell@display=pairwise
v4511,v4511,38c262d4-c1a0-4fa7-a248-d22e30007be5,v0530,Maxwell@display=pairwise
v4511,v4511,ced05eb2-a974-4dcf-89fb-bf893f78b6aa,v0530,Maxwell@display=pairwise
v4511,v4511,6c195b05-5754-4268-aaec-09c6fa8d20ce,v0530,Maxwell@display=pairwise
v4125,v4125,391bd14c-81a1-4ea6-9649-ed267b4c7148,v2181,Maxwell@display=pairwise
v4125,v2181,861d34a8-3e75-48a1-85aa-76f71123f8f5,v4125,Maxwell@display=pairwise
v4125,v4125,352bfce1-aa96-44d6-967b-eafa128efab4,v2181,Maxwell@display=pairwise
v2181,v2181,a4914634-9c3a-4b63-ba2f-eae01b722ce6,v4125,Maxwell@display=pairwise
v2181,v4125,afa98c8f-110e-4115-a68c-652138e95b5d,v2181,Maxwell@display=pairwise
v2181,v2181,bf99fc9d-3772-4df1-91d9-1196f5e51ecb,v4125,Maxwell@display=pairwise
v4125,v2181,18dda76c-d54a-40a2-9768-d2dc4378804e,v4125,Maxwell@display=pairwise
v4125,v4125,42e75c72-a6d9-474d-9ddf-9a3b32f8ff9a,v2181,Maxwell@display=pairwise
v4125,v4125,1dee3556-55f2-4afa-9290-ed47655d33bb,v2181,Maxwell@display=pairwise
v4125,v2181,fb12b62f-7110-41dc-8ec7-a99eccbb04d0,v4125,Maxwell@display=pairwise
v2063,v2328,391bd14c-81a1-4ea6-9649-ed267b4c7148,v2063,Maxwell@display=pairwise
v2328,v2328,ef859b1f-9de1-4cef-bd2b-3e0ac5b8a3b4,v2063,Maxwell@display=pairwise
v2063,v2328,2361ceac-d622-404d-ad76-7e85d587926e,v2063,Maxwell@display=pairwise
v2328,v2328,3c83b2ee-f90f-4903-a067-8d46632b7b21,v2063,Maxwell@display=pairwise
v2328,v2328,52b1311f-d563-4bed-8528-b0a80a845ed3,v2063,Maxwell@display=pairwise
v2328,v2328,3665f070-cce1-4979-995c-d117a13742ab,v2063,Maxwell@display=pairwise
v2328,v2328,85acf25a-acab-4993-a328-e5aaacf2367f,v2063,Maxwell@display=pairwise
v2063,v2328,efc0133f-459a-461e-9f25-75b0716cd70a,v2063,Maxwell@display=pairwise
v2063,v2063,9b4634c9-30c1-4725-8f52-815faf943025,v2328,Maxwell@display=pairwise
v2328,v2063,15187a17-10c3-4501-b4fd-190e9264fb64,v2328,Maxwell@display=pairwise
v2083,v2083,01b5ea9e-cfe1-435d-beaa-1ac22a3365a0,v0328,Maxwell@display=pairwise
v2083,v0328,6e87b8ed-dbb8-4ce3-b2d9-00d2e608daca,v2083,Maxwell@display=pairwise
v2083,v0328,57510f28-373b-4b32-a9e5-a9c629bafe32,v2083,Maxwell@display=pairwise
v2083,v2083,2886de17-6865-4f59-8f24-9afbd87a36af,v0328,Maxwell@display=pairwise
v2083,v0328,2886de17-6865-4f59-8f24-9afbd87a36af,v2083,Maxwell@display=pairwise
,v0328,382377d1-9207-4945-a189-62ca27420f73,v2083,Maxwell@display=pairwise
v2083,v0328,67d6e59e-98bb-4804-be1c-03beebfd5222,v2083,Maxwell@display=pairwise
v2083,v2083,f0cc1ae8-38f7-44df-a97b-70cfda024744,v0328,Maxwell@display=pairwise
v2083,v0328,93650a77-b874-44f5-a36e-8c9163eee72e,v2083,Maxwell@display=pairwise
v2083,v0328,d41c6ea1-955c-405c-a5d3-b7d3d9114699,v2083,Maxwell@display=pairwise
v3583,v3583,01b5ea9e-cfe1-435d-beaa-1ac22a3365a0,v2889,Maxwell@display=pairwise
v3583,v3583,4901352b-32bd-48cb-9460-5bb67e875f40,v2889,Maxwell@display=pairwise
v3583,v3583,d9c24ced-2640-4502-9de4-cfc5bcd74967,v2889,Maxwell@display=pairwise
v3583,v2889,118e07a5-5d2c-405c-8ce0-e462951bf1c8,v3583,Maxwell@display=pairwise
,v3583,af7f19e9-f83a-45ae-8df8-fb20d08eddf9,v2889,Maxwell@display=pairwise
v3583,v3583,9888d5ad-e5b5-422a-9ce4-268968886c2c,v2889,Maxwell@display=pairwise
v3583,v3583,d33afc89-4e22-4af7-a23c-7f20288ebb72,v2889,Maxwell@display=pairwise
v2889,v3583,00f56657-9793-4120-8471-bde6bce8e544,v2889,Maxwell@display=pairwise
v3583,v3583,9b4634c9-30c1-4725-8f52-815faf943025,v2889,Maxwell@display=pairwise
,v2889,09705fe5-aaef-4009-9eaf-7f6ef1693c89,v3583,Maxwell@display=pairwise
v4048,v2828,01b5ea9e-cfe1-435d-beaa-1ac22a3365a0,v4048,Maxwell@display=pairwise
v4048,v2828,12f332a1-5ffa-4879-b1d8-9da98c72ac92,v4048,Maxwell@display=pairwise
v4048,v2828,d509e766-711c-4b31-97e2-89235a971fe1,v4048,Maxwell@display=pairwise
v4048,v2828,6d6a6d9c-16c4-43d3-860f-2faf372131a2,v4048,Maxwell@display=pairwise
v4048,v2828,44c0fd3d-af09-4205-a670-7c5ca7f9e4bd,v4048,Maxwell@display=pairwise
v4048,v4048,8c720eee-ed3e-49c7-87d6-11f9c7e89f0f,v2828,Maxwell@display=pairwise
v4048,v4048,50b29053-fdd9-4485-920f-42263ca9e9fb,v2828,Maxwell@display=pairwise
v4048,v4048,bb58be60-dfb8-4e62-af7d-b508d07dce9c,v2828,Maxwell@display=pairwise
v4048,v2828,fa6e8487-24cc-4eaf-a6da-de0bb42be6ff,v4048,Maxwell@display=pairwise
v4048,v4048,2e6f5d07-f718-40d7-9899-2d530c3566ed,v2828,Maxwell@display=pairwise
v4097,v1703,01b5ea9e-cfe1-435d-beaa-1ac22a3365a0,v4097,Maxwell@display=pairwise
v4097,v1703,5d191acd-806f-4f0a-873f-cff5ef5c5178,v4097,Maxwell@display=pairwise
v1703,v4097,724c60ae-6aa6-4024-bb86-11ee7b7b8770,v1703,Maxwell@display=pairwise
v4097,v1703,f2c0d8f4-3093-434b-b640-14aa99aceaf7,v4097,Maxwell@display=pairwise
v4097,v1703,9a13acb4-7038-4936-8528-49b8f8676860,v4097,Maxwell@display=pairwise
v4097,v4097,3b229a65-310a-43d5-a784-9b94a939355b,v1703,Maxwell@display=pairwise
v4097,v1703,4d959969-12c9-4934-bcb0-01c74a0bca6d,v4097,Maxwell@display=pairwise
v4097,v1703,2c834ab6-0751-4690-918f-5398a2160f15,v4097,Maxwell@display=pairwise
v4097,v4097,48f6cdb5-6230-4605-8615-20752b953814,v1703,Maxwell@display=pairwise
,v1703,bcbd73bb-1a96-4b43-b689-5c7986900531,v4097,Maxwell@display=pairwise
v4048,v4048,01b5ea9e-cfe1-435d-beaa-1ac22a3365a0,v1477,Maxwell@display=pairwise
v4048,v4048,50f883d0-89f3-4f06-9da1-3ecb5c6efd90,v1477,Maxwell@display=pairwise
v4048,v1477,a7bccc46-0fad-4e81-a217-16e8f6d660b4,v4048,Maxwell@display=pairwise
v4048,v4048,1ca99ba4-be7c-4a95-a57a-0005144b2eca,v1477,Maxwell@display=pairwise
v4048,v1477,7b37ac90-7282-45c2-a24a-6ed9b9860183,v4048,Maxwell@display=pairwise
v4048,v1477,a3325c83-0a68-4363-ba47-16edb8edbff7,v4048,Maxwell@display=pairwise
v4048,v1477,0ae52a80-c78b-4022-a6d6-28c3b4f01754,v4048,Maxwell@display=pairwise
v4048,v1477,f1338919-3049-404e-9297-43ad044caf39,v4048,Maxwell@display=pairwise
v4048,v1477,c498d5cf-b5b6-469d-8d68-860f0f7e3445,v4048,Maxwell@display=pairwise
v4048,v4048,bbb7e5c5-7f84-4e07-ac19-886dc274ce48,v1477,Maxwell@display=pairwise
v2181,v2181,01b5ea9e-cfe1-435d-beaa-1ac22a3365a0,v0824,Maxwell@display=pairwise
v2181,v0824,08c3ff44-f4df-4dde-9078-b475184ae0ce,v2181,Maxwell@display=pairwise
v2181,v2181,2e51a290-d08f-4b97-b0d1-c0cca3833712,v0824,Maxwell@display=pairwise
v2181,v0824,8477eb0e-905a-4f16-a145-97a894176374,v2181,Maxwell@display=pairwise
,v2181,0e78195c-a819-41cf-901a-5b6f0b5dfbf6,v0824,Maxwell@display=pairwise
v0824,v2181,69cac068-a949-4c4b-b8a5-17c0690ce86e,v0824,Maxwell@display=pairwise
v2181,v2181,1ef59f11-78bd-4a96-a606-4e12c0dd42dc,v0824,Maxwell@display=pairwise
v2181,v2181,d4bb2ace-733e-49f7-9178-3c58fe2fb813,v0824,Maxwell@display=pairwise
v2181,v0824,5ca4290f-c11a-446f-a475-6105dde0b57f,v2181,Maxwell@display=pairwise
v0824,v0824,bbb7e5c5-7f84-4e07-ac19-886dc274ce48,v2181,Maxwell@display=pairwise
v3065,v3292,01b5ea9e-cfe1-435d-beaa-1ac22a3365a0,v3065,Maxwell@display=pairwise
v3292,v3065,c12316ba-19d8-4db6-aa66-b424906ea895,v3292,Maxwell@display=pairwise
v3065,v3292,47057ac9-d439-4fab-985e-0d08a0ad2903,v3065,Maxwell@display=pairwise
v3065,v3292,47057ac9-d439-4fab-985e-0d08a0ad2903,v3065,Maxwell@display=pairwise
v3292,v3292,4d41abd8-8939-4aaf-8d9b-3eeaca78e042,v3065,Maxwell@display=pairwise
v3292,v3065,d89cf878-af30-4d2e-82be-a3486412cde9,v3292,Maxwell@display=pairwise
,v3065,9d91b01f-a800-4b2b-b343-d61dc7eaf041,v3292,Maxwell@display=pairwise
v3292,v3065,314e8591-1186-4063-97cc-338f0e2e6b51,v3292,Maxwell@display=pairwise
v3065,v3292,f540594e-acb6-4701-95ba-930d80b00b7a,v3065,Maxwell@display=pairwise
v3065,v3292,f9f062ef-692e-46ad-a379-6d3a1e5a78e8,v3065,Maxwell@display=pairwise
v0878,v0878,01b5ea9e-cfe1-435d-beaa-1ac22a3365a0,v0529,Maxwell@display=pairwise
v0529,v0529,6c8d0bd2-69c0-4329-8452-5ab71470ec79,v0878,Maxwell@display=pairwise
v0878,v0878,6c8d0bd2-69c0-4329-8452-5ab71470ec79,v0529,Maxwell@display=pairwise
v0878,v0878,e50db2a7-868c-4b82-af9c-456e23753e56,v0529,Maxwell@display=pairwise
v0878,v0878,9e27701b-15a9-4a1e-b326-1c40f3a51892,v0529,Maxwell@display=pairwise
v0878,v0529,4dea2b70-1476-45e6-a255-7bcc1601369b,v0878,Maxwell@display=pairwise
v0529,v0529,2ca645a6-7ef0-4fc3-9abd-cf3501109eae,v0878,Maxwell@display=pairwise
v0878,v0529,2cb27c19-ded0-4142-8d53-29140e2d8004,v0878,Maxwell@display=pairwise
,v0878,d5eb3ad8-a6f8-4d74-bc5b-9937bb2277b4,v0529,Maxwell@display=pairwise
v0878,v0878,f31347b5-4dd9-48d6-9c55-c095b5716f4b,v0529,Maxwell@display=pairwise
v4166,v1397,01b5ea9e-cfe1-435d-beaa-1ac22a3365a0,v4166,Maxwell@display=pairwise
v4166,v1397,50f883d0-89f3-4f06-9da1-3ecb5c6efd90,v4166,Maxwell@display=pairwise
v4166,v1397,99d92158-abae-45a9-b49b-737ab2119fa3,v4166,Maxwell@display=pairwise
v4166,v4166,26369842-3726-4b94-bca7-39046cebbeed,v1397,Maxwell@display=pairwise
v4166,v4166,e7003b82-7f53-47ce-b372-430970be62d0,v1397,Maxwell@display=pairwise
v4166,v4166,d83aba4d-3e51-4ba3-9f02-e7119f127b9e,v1397,Maxwell@display=pairwise
v1397,v4166,748ff91c-f261-4544-a851-bb33ab4da209,v1397,Maxwell@display=pairwise
v4166,v4166,2b257334-db97-4865-a3f7-4c4f89b0b221,v1397,Maxwell@display=pairwise
v4166,v4166,f020e26d-309c-4394-81bf-7db2f467bc8e,v1397,Maxwell@display=pairwise
v4166,v4166,f020e26d-309c-4394-81bf-7db2f467bc8e,v1397,Maxwell@display=pairwise
v4125,v2083,77ef258d-f371-4535-9484-4b3f05f01108,v4125,Maxwell@display=pairwise
v4125,v4125,ba33fbc8-5b51-4b75-99e9-7efb75523570,v2083,Maxwell@display=pairwise
v4125,v4125,1e957696-1bdb-4655-8b5d-f0bc71305eea,v2083,Maxwell@display=pairwise
v4125,v2083,f356bf83-0f18-44d6-b192-780c6c0bdd3d,v4125,Maxwell@display=pairwise
v4125,v2083,b33fcfb9-4483-464b-9fa3-2fd815d1577a,v4125,Maxwell@display=pairwise
v4125,v4125,5cbb4909-5759-4ec5-b2d8-e2eddbd9f86e,v2083,Maxwell@display=pairwise
v4125,v4125,382377d1-9207-4945-a189-62ca27420f73,v2083,Maxwell@display=pairwise
v4125,v4125,3c83b2ee-f90f-4903-a067-8d46632b7b21,v2083,Maxwell@display=pairwise
v4125,v4125,01b5ea9e-cfe1-435d-beaa-1ac22a3365a0,v2083,Maxwell@display=pairwise
v4125,v2083,5ca80653-5ca4-4a63-a5e9-7c13c6f6ef4e,v4125,Maxwell@display=pairwise
v1477,v0314,01b5ea9e-cfe1-435d-beaa-1ac22a3365a0,v1477,Maxwell@display=pairwise
v1477,v1477,6170ba87-4f35-47bc-a781-b9703236d88f,v0314,Maxwell@display=pairwise
v1477,v1477,6170ba87-4f35-47bc-a781-b9703236d88f,v0314,Maxwell@display=pairwise
v1477,v0314,f6c8adba-af1d-4784-8dbe-6fdc966f01ca,v1477,Maxwell@display=pairwise
v1477,v1477,0ffc9aa5-c779-44ce-acc6-ab9cc92a02fb,v0314,Maxwell@display=pairwise
v1477,v1477,4592796c-7285-48a6-b77f-e5d5c08af6c0,v0314,Maxwell@display=pairwise
v1477,v0314,4592796c-7285-48a6-b77f-e5d5c08af6c0,v1477,Maxwell@display=pairwise
v1477,v1477,f1338919-3049-404e-9297-43ad044caf39,v0314,Maxwell@display=pairwise
v1477,v1477,6832a87e-ad5d-4854-bee6-4ec447d48143,v0314,Maxwell@display=pairwise
v1477,v0314,62d31ed8-f652-4253-8467-0143cdef952e,v1477,Maxwell@display=pairwise
v3583,v0878,01b5ea9e-cfe1-435d-beaa-1ac22a3365a0,v3583,Maxwell@display=pairwise
,v0878,a8b97762-73b3-4044-9b22-306bc8e61f40,v3583,Maxwell@display=pairwise
v3583,v0878,01aa3ef5-bb24-4ab5-b3ff-0a4149e4a304,v3583,Maxwell@display=pairwise
v0878,v3583,4d41abd8-8939-4aaf-8d9b-3eeaca78e042,v0878,Maxwell@display=pairwise
v0878,v0878,dffc54fe-ae03-4e35-a6cd-21c7789bed4e,v3583,Maxwell@display=pairwise
v3583,v3583,c4def5d3-8498-4453-9086-653e4184d2c1,v0878,Maxwell@display=pairwise
v3583,v3583,012e7cd7-0094-41da-8b41-78a70aca8f4d,v0878,Maxwell@display=pairwise
v3583,v0878,012e7cd7-0094-41da-8b41-78a70aca8f4d,v3583,Maxwell@display=pairwise
v3583,v3583,152a0477-3c32-40f2-b0e2-738202586ba4,v0878,Maxwell@display=pairwise
v3583,v0878,c373cb1c-b2ea-40dc-a923-bc767d23c95c,v3583,Maxwell@display=pairwise
v1859,v1859,01b5ea9e-cfe1-435d-beaa-1ac22a3365a0,v1397,Maxwell@display=pairwise
v1859,v1859,d509e766-711c-4b31-97e2-89235a971fe1,v1397,Maxwell@display=pairwise
v1397,v1397,de4830fb-a55e-481e-972c-e8cd68d4cf25,v1859,Maxwell@display=pairwise
v1859,v1397,203b013a-c242-47ba-89dd-a2c609192d10,v1859,Maxwell@display=pairwise
v1397,v1397,f946f0a6-ea75-4cea-809a-e6d88d5c053d,v1859,Maxwell@display=pairwise
v1397,v1859,af6e2deb-376c-413f-a86c-f5a9716169c9,v1397,Maxwell@display=pairwise
v1859,v1397,af6e2deb-376c-413f-a86c-f5a9716169c9,v1859,Maxwell@display=pairwise
v1859,v1397,c1e0c07c-4768-4d33-86b9-59bcd401dba5,v1859,Maxwell@display=pairwise
v1859,v1859,35848222-14fa-4e1a-838c-efac9c195ea5,v1397,Maxwell@display=pairwise
v1859,v1397,112054de-a4f8-40be-8531-03283774f811,v1859,Maxwell@display=pairwise
v1025,v1025,01b5ea9e-cfe1-435d-beaa-1ac22a3365a0,v0032,Maxwell@display=pairwise
v1025,v1025,1ca99ba4-be7c-4a95-a57a-0005144b2eca,v0032,Maxwell@display=pairwise
v0032,v0032,f815ba71-3bae-4ac3-a309-f90f687325e0,v1025,Maxwell@display=pairwise
v0032,v0032,078cd768-2d5e-4660-b076-da7a83947d90,v1025,Maxwell@display=pairwise
v1025,v0032,4574d033-c347-4886-a115-d34cee6778a1,v1025,Maxwell@display=pairwise
v1025,v0032,07a3654d-ca98-438e-b300-d0ee18dcb45f,v1025,Maxwell@display=pairwise
v0032,v0032,fe6afd5a-8da5-49b6-af0b-9f6049662f8b,v1025,Maxwell@display=pairwise
v0032,v1025,2c834ab6-0751-4690-918f-5398a2160f15,v0032,Maxwell@display=pairwise
v1025,v1025,568341de-630c-4f7d-97c0-db58befad162,v0032,Maxwell@display=pairwise
v1025,v0032,2613c3ff-b6cc-4d25-850a-f9ccff836ebc,v1025,Maxwell@display=pairwise
v3292,v0094,01b5ea9e-cfe1-435d-beaa-1ac22a3365a0,v3292,Maxwell@display=pairwise
v3292,v3292,11bdad09-c1dc-4160-a3b3-e74f2d076796,v0094,Maxwell@display=pairwise
v3292,v3292,6ee42a58-0d17-477c-b60f-4bf0f2eec782,v0094,Maxwell@display=pairwise
v3292,v3292,28674eee-cfc6-4ec4-a2f4-37fee5b5ec93,v0094,Maxwell@display=pairwise
v3292,v0094,8ab07bc5-0ee7-4c8d-9e27-22e5c6da8bc1,v3292,Maxwell@display=pairwise
v3292,v0094,259688ae-f706-4f41-ade3-4a17e052e824,v3292,Maxwell@display=pairwise
v3292,v0094,2987197e-d01c-46fa-bfae-419ca1a44316,v3292,Maxwell@display=pairwise
,v3292,6d1409b9-6033-42e4-aa64-cd28900b3b16,v0094,Maxwell@display=pairwise
v3292,v0094,ced05eb2-a974-4dcf-89fb-bf893f78b6aa,v3292,Maxwell@display=pairwise
v3292,v3292,a0379086-b099-4907-aa9d-8691ca28df83,v0094,Maxwell@display=pairwise
,v1190,ba33fbc8-5b51-4b75-99e9-7efb75523570,v0265,Maxwell@display=pairwise
v1190,v1190,1f8bd8c6-3318-40af-a7a4-5f919048341c,v0265,Maxwell@display=pairwise
v0265,v1190,f7c088a4-f181-4faf-b131-f76c01b92e8d,v0265,Maxwell@display=pairwise
v1190,v0265,0d3dafc8-efe4-4f72-8d19-f15b19149fe4,v1190,Maxwell@display=pairwise
v1190,v0265,9a13acb4-7038-4936-8528-49b8f8676860,v1190,Maxwell@display=pairwise
v1190,v1190,ef228dde-5278-429a-b581-bf6bdf7010cb,v0265,Maxwell@display=pairwise
v1190,v0265,15577bca-cd7f-4695-868d-7da11fc028ed,v1190,Maxwell@display=pairwise
v1190,v0265,09f575b8-b536-4315-8bb0-a892ce0721ed,v1190,Maxwell@display=pairwise
v0265,v0265,377d9610-aa18-4c37-a9ae-61f22bd5fe5e,v1190,Maxwell@display=pairwise
,v1190,21d72962-585b-49b1-848c-8861ed477ea6,v0265,Maxwell@display=pairwise
v3555,v3555,ba33fbc8-5b51-4b75-99e9-7efb75523570,v1984,Maxwell@display=pairwise
v3555,v1984,d30105ed-f2ea-430e-90b6-5096d9156bc4,v3555,Maxwell@display=pairwise
v3555,v3555,f7c088a4-f181-4faf-b131-f76c01b92e8d,v1984,Maxwell@display=pairwise
v3555,v3555,81bbbdfd-6271-4cd2-8c33-a6894757ca13,v1984,Maxwell@display=pairwise
v3555,v1984,76f3d336-52fa-4304-9eda-8f30f1fe4b75,v3555,Maxwell@display=pairwise
v3555,v3555,50b29053-fdd9-4485-920f-42263ca9e9fb,v1984,Maxwell@display=pairwise
v3555,v1984,f602cd51-03c9-41b5-a85a-b7d81dde76dd,v3555,Maxwell@display=pairwise
v3555,v1984,e0c1d00e-b138-4166-ac9f-cf7cfd33e902,v3555,Maxwell@display=pairwise
v3555,v1984,2c834ab6-0751-4690-918f-5398a2160f15,v3555,Maxwell@display=pairwise
v3555,v1984,73c3b426-5640-464d-8768-26eb4631fe7e,v3555,Maxwell@display=pairwise
v2063,v0314,ba33fbc8-5b51-4b75-99e9-7efb75523570,v2063,Maxwell@display=pairwise
v2063,v0314,5c136a49-d41e-4881-93c3-e597c637a8dc,v2063,Maxwell@display=pairwise
v0314,v0314,9185b4f4-7b4c-4c14-a224-c258d06bfa75,v2063,Maxwell@display=pairwise
v2063,v0314,5abb0625-0b84-4432-801d-e33a2c4185b8,v2063,Maxwell@display=pairwise
v0314,v2063,b75ed7ec-fc7e-4170-917d-244db89f64a2,v0314,Maxwell@display=pairwise
v2063,v2063,723ecde4-3695-4235-afdf-bb230a3f2707,v0314,Maxwell@display=pairwise
v2063,v0314,8d7947e2-f6a6-48dd-93ff-f4ec519e9f67,v2063,Maxwell@display=pairwise
v2063,v2063,054f90cf-2d8c-45ba-acc7-c80038efa44d,v0314,Maxwell@display=pairwise
v0314,v0314,1d2fe3ac-663b-4f21-b03e-4a409a53669e,v2063,Maxwell@display=pairwise
,v2063,f2cb3403-6c77-4e49-86af-9e41adbacf34,v0314,Maxwell@display=pairwise
v1190,v0162,ba33fbc8-5b51-4b75-99e9-7efb75523570,v1190,Maxwell@display=pairwise
v1190,v1190,0c66784a-2acc-4614-8958-f9cede4473ed,v0162,Maxwell@display=pairwise
v1190,v1190,30f85572-69e4-41c3-97d8-25f74a2a229a,v0162,Maxwell@display=pairwise
v1190,v0162,c6a5f67c-5e3c-447c-8dd4-cf7aa57bb617,v1190,Maxwell@display=pairwise
v1190,v1190,295b7632-b3b4-4d18-ab59-6527849c76d1,v0162,Maxwell@display=pairwise
v1190,v0162,eb1d4001-2c9c-463a-8ab8-6fe20a5c24ce,v1190,Maxwell@display=pairwise
v1190,v0162,12af1ee7-72cf-412b-95e3-35dd7ad7d1d6,v1190,Maxwell@display=pairwise
v1190,v1190,763852f1-e766-4548-82da-08f5e6450ba6,v0162,Maxwell@display=pairwise
v1190,v0162,814ef15f-db94-48de-9643-528fc2a355eb,v1190,Maxwell@display=pairwise
v0162,v0162,19ed7125-f9d4-4332-baa2-b57735cd4bae,v1190,Maxwell@display=pairwise
v2328,v0032,ba33fbc8-5b51-4b75-99e9-7efb75523570,v2328,Maxwell@display=pairwise
v0032,v2328,d71a87a3-844a-46bd-9968-6f2321da861a,v0032,Maxwell@display=pairwise
v0032,v0032,9c031cfb-cda8-4869-acc8-11ec9ff4d69f,v2328,Maxwell@display=pairwise
v2328,v2328,1f8bd8c6-3318-40af-a7a4-5f919048341c,v0032,Maxwell@display=pairwise
v2328,v2328,91b93af1-fc38-4f56-bd97-9f14882417a4,v0032,Maxwell@display=pairwise
v2328,v2328,9888d5ad-e5b5-422a-9ce4-268968886c2c,v0032,Maxwell@display=pairwise
v2328,v2328,a777eafa-8e0b-4db8-b6d7-e9ef0d7cc236,v0032,Maxwell@display=pairwise
v2328,v0032,8290678e-1f94-4619-af71-aa8892a717fa,v2328,Maxwell@display=pairwise
v0032,v2328,aaf15379-dfc5-4aed-89dd-6e94974e28c8,v0032,Maxwell@display=pairwise
v2328,v2328,6d4a2a41-fa40-4847-81d4-e68b6937db26,v0032,Maxwell@display=pairwise
v4034,v4034,ba33fbc8-5b51-4b75-99e9-7efb75523570,v0009,Maxwell@display=pairwise
v4034,v4034,0c66784a-2acc-4614-8958-f9cede4473ed,v0009,Maxwell@display=pairwise
v4034,v4034,8f373fcb-9f72-4cee-a804-75fa3cb722cd,v0009,Maxwell@display=pairwise
v4034,v4034,2e51a290-d08f-4b97-b0d1-c0cca3833712,v0009,Maxwell@display=pairwise
v4034,v4034,2820937d-b7de-4dec-b6c1-1e205b50f8a0,v0009,Maxwell@display=pairwise
v4034,v0009,2dd89ba6-d0b2-4975-8d14-d6d471fa562e,v4034,Maxwell@display=pairwise
v4034,v4034,ce008773-19e4-41d1-82ae-f094be0d2171,v0009,Maxwell@display=pairwise
v4034,v0009,bb124c47-757c-4a7c-a0d4-8c10f384baa9,v4034,Maxwell@display=pairwise
v4034,v0009,d26017bc-5f0f-46a9-9ecd-b0be37678c1f,v4034,Maxwell@display=pairwise
v4034,v0009,814ef15f-db94-48de-9643-528fc2a355eb,v4034,Maxwell@display=pairwise
v3175,v3175,ba33fbc8-5b51-4b75-99e9-7efb75523570,v0530,Maxwell@display=pairwise
v3175,v0530,7e52de1a-f83d-4bf5-81fb-f80371c158cb,v3175,Maxwell@display=pairwise
v3175,v0530,7007cb66-6248-4ffb-9d99-061a7a2b9859,v3175,Maxwell@display=pairwise
v3175,v3175,6e2024e3-6dbd-4f38-acdd-ea74cebf7e8b,v0530,Maxwell@display=pairwise
v3175,v0530,7b37ac90-7282-45c2-a24a-6ed9b9860183,v3175,Maxwell@display=pairwise
,v0530,c84c4b4e-e61c-4990-a2d5-4ecaceeeddf0,v3175,Maxwell@display=pairwise
v3175,v3175,6c667c99-47b9-4628-92e3-b75b68268f5d,v0530,Maxwell@display=pairwise
v3175,v0530,6c667c99-47b9-4628-92e3-b75b68268f5d,v3175,Maxwell@display=pairwise
v0530,v3175,5205edb7-6d64-4112-ae96-e72eec1451b2,v0530,Maxwell@display=pairwise
,v0530,7ab27881-57d1-40b8-85da-a40a47dc49c2,v3175,Maxwell@display=pairwise
v0824,v0824,ba33fbc8-5b51-4b75-99e9-7efb75523570,v0529,Maxwell@display=pairwise
v0824,v0529,56396265-a727-4b26-87a2-fa020961705e,v0824,Maxwell@display=pairwise
v0529,v0529,3a37653c-9f20-4105-9e6f-d0197869e5ec,v0824,Maxwell@display=pairwise
v0529,v0529,8bd3e413-e73f-4b53-95b8-506af8c32cdf,v0824,Maxwell@display=pairwise
v0529,v0824,9e47a2e5-5fc3-4025-8538-85d5dc4d1152,v0529,Maxwell@display=pairwise
v0529,v0529,ee8149de-cb82-49cc-9038-c54766ad70c9,v0824,Maxwell@display=pairwise
v0529,v0529,7777504d-190e-4865-ab1d-44476ebb48d1,v0824,Maxwell@display=pairwise
,v0529,d698118d-3476-42e2-bac5-157c43bff05b,v0824,Maxwell@display=pairwise
,v0824,d09c64e0-a2da-48ef-bc62-4b215947cae7,v0529,Maxwell@display=pairwise
v0529,v0529,b0a5e289-dfa4-4711-82d4-37068f8fbd93,v0824,Maxwell@display=pairwise
v4097,v4097,ba33fbc8-5b51-4b75-99e9-7efb75523570,v1397,Maxwell@display=pairwise
v4097,v1397,c758b9ec-c7db-4da8-8450-69226c6135d2,v4097,Maxwell@display=pairwise
v4097,v1397,809db03d-2f37-4a0c-bb4f-05365cebf6af,v4097,Maxwell@display=pairwise
v4097,v1397,b81d92ba-8124-4bce-949c-8d5b226bc693,v4097,Maxwell@display=pairwise
v4097,v4097,ba33fbc8-5b51-4b75-99e9-7efb75523570,v1397,Maxwell@display=pairwise
v4097,v1397,2cb27c19-ded0-4142-8d53-29140e2d8004,v4097,Maxwell@display=pairwise
v4097,v4097,2e51a290-d08f-4b97-b0d1-c0cca3833712,v1397,Maxwell@display=pairwise
v4097,v1397,ba33fbc8-5b51-4b75-99e9-7efb75523570,v4097,Maxwell@display=pairwise
v4097,v4097,2b1366bc-270c-4bfe-9882-c9f5c9c8efda,v1397,Maxwell@display=pairwise
v4097,v4097,209cb4b5-da1d-4522-8e51-c7ab4b854165,v1397,Maxwell@display=pairwise
v4048,v2889,ba33fbc8-5b51-4b75-99e9-7efb75523570,v4048,Maxwell@display=pairwise
v4048,v4048,dfceda5f-e578-454c-835e-b70237867fd1,v2889,Maxwell@display=pairwise
,v2889,14683b3e-6dfe-4a10-8db1-20dfd0dd5f20,v4048,Maxwell@display=pairwise
v4048,v4048,7ed39ffd-82b7-4d82-b17c-073138b844a6,v2889,Maxwell@display=pairwise
v4048,v2889,ee0ccb3c-dac0-417e-a70a-a62358481477,v4048,Maxwell@display=pairwise
v4048,v2889,c57b2313-faa0-4c95-b91f-4f3c7609b1c1,v4048,Maxwell@display=pairwise
v4048,v4048,f711bbae-43d6-40ce-9fdc-3eff7721a7c9,v2889,Maxwell@display=pairwise
v2889,v4048,850c7762-5ebc-4c04-b264-d14e50f37130,v2889,Maxwell@display=pairwise
v4048,v2889,850c7762-5ebc-4c04-b264-d14e50f37130,v4048,Maxwell@display=pairwise
v4048,v2889,4d22e541-90af-43bf-b2b9-955594802908,v4048,Maxwell@display=pairwise
v3355,v2063,ba33fbc8-5b51-4b75-99e9-7efb75523570,v3355,Maxwell@display=pairwise
v3355,v3355,a3d1f70b-d059-4df3-a624-738230878ceb,v2063,Maxwell@display=pairwise
v3355,v3355,b444b366-4acf-4de2-bf8f-886c7ae9b36b,v2063,Maxwell@display=pairwise
v3355,v2063,c2c5d1ea-6807-4bdd-a0f0-5694bf04fe9b,v3355,Maxwell@display=pairwise
v3355,v3355,ee0ccb3c-dac0-417e-a70a-a62358481477,v2063,Maxwell@display=pairwise
v3355,v2063,b678ad4f-2bf3-4079-925c-47a98abb234f,v3355,Maxwell@display=pairwise
v3355,v2063,5e2da638-96bd-419b-acdd-1f0e0cd35933,v3355,Maxwell@display=pairwise
v3355,v2063,f0cc1ae8-38f7-44df-a97b-70cfda024744,v3355,Maxwell@display=pairwise
,v3355,31e59e7f-acc9-48fd-8a2b-bf0096731a49,v2063,Maxwell@display=pairwise
v3355,v2063,8581928a-3670-48d2-b55c-34685f7de132,v3355,Maxwell@display=pairwise
v3292,v3292,ba33fbc8-5b51-4b75-99e9-7efb75523570,v2635,Maxwell@display=pairwise
v3292,v2635,f3cb7b9e-c2e1-481b-b513-fe2868bad5ec,v3292,Maxwell@display=pairwise
v2635,v3292,d596421e-e19a-4472-a4e8-730e96d35459,v2635,Maxwell@display=pairwise
v2635,v3292,97128514-e916-4347-930c-bb37857c48c0,v2635,Maxwell@display=pairwise
v2635,v3292,76f3d336-52fa-4304-9eda-8f30f1fe4b75,v2635,Maxwell@display=pairwise
v3292,v3292,cd7370ec-f239-4919-be0d-7c980be77ec7,v2635,Maxwell@display=pairwise
v3292,v3292,86c3fdc9-9648-4efc-ba1f-d8b06b701e87,v2635,Maxwell@display=pairwise
v2635,v2635,0630eeac-73c4-4677-83c8-f714f6e289a9,v3292,Maxwell@display=pairwise
v3292,v2635,8f7a9d96-4b5f-4d1d-91d7-b4638a45dc78,v3292,Maxwell@display=pairwise
v3292,v3292,c49821d5-18a2-4c47-912d-5e29660b0b92,v2635,Maxwell@display=pairwise
v0878,v0878,094e753d-9712-4a5c-b642-e225b4d0af47,v0009,Maxwell@display=pairwise
v0878,v0878,7435bcc8-5a58-4090-b2c4-a12dad3b724d,v0009,Maxwell@display=pairwise
v0878,v0009,b0f8077d-dcab-4219-bb3b-100afaafa26d,v0878,Maxwell@display=pairwise
v0878,v0878,701d9632-11da-4c45-b5a9-9ef109bd0705,v0009,Maxwell@display=pairwise
v0878,v0009,bf99fc9d-3772-4df1-91d9-1196f5e51ecb,v0878,Maxwell@display=pairwise
v0878,v0878,a36304a0-0663-4875-8856-0bae1782c522,v0009,Maxwell@display=pairwise
v0878,v0009,344d07d0-63a8-46e8-a5fa-10d7dec66115,v0878,Maxwell@display=pairwise
v0009,v0878,b7ea617c-5ad5-4087-9795-bfd98e396875,v0009,Maxwell@display=pairwise
v0878,v0009,11bdad09-c1dc-4160-a3b3-e74f2d076796,v0878,Maxwell@display=pairwise
v0878,v0878,471f0556-5a0e-4c5c-b59c-c302504cf352,v0009,Maxwell@display=pairwise
v0878,v0878,7435bcc8-5a58-4090-b2c4-a12dad3b724d,v2083,Maxwell@display=pairwise
v2083,v0878,d30105ed-f2ea-430e-90b6-5096d9156bc4,v2083,Maxwell@display=pairwise
v0878,v0878,11af42fa-614e-4be6-93e5-4fedd30f3ca3,v2083,Maxwell@display=pairwise
v0878,v0878,e31be515-887d-4ea7-94f6-f82b0cf24a2c,v2083,Maxwell@display=pairwise
v0878,v0878,8c5659b8-fe6f-4539-911f-1647d4975226,v2083,Maxwell@display=pairwise
v2083,v0878,92b4633f-85e8-427d-a008-08fcc93e15e9,v2083,Maxwell@display=pairwise
v0878,v2083,88e1894f-6a8c-4dd4-99e5-7b852ff42587,v0878,Maxwell@display=pairwise
v2083,v0878,7362c712-28f5-4b3b-a8e7-274ce94aae4b,v2083,Maxwell@display=pairwise
v0878,v0878,bf5b1043-3619-4e4e-8dd0-75a645dbd419,v2083,Maxwell@display=pairwise
,v0878,adc336f2-1af3-4f27-8deb-9a83f894b2f2,v2083,Maxwell@display=pairwise
v3292,v3292,7435bcc8-5a58-4090-b2c4-a12dad3b724d,v1859,Maxwell@display=pairwise
v1859,v1859,c2695074-4db8-48d5-be71-3e9658613537,v3292,Maxwell@display=pairwise
v1859,v1859,75c9be23-99aa-4949-be3a-6b25c658091c,v3292,Maxwell@display=pairwise
v1859,v3292,47057ac9-d439-4fab-985e-0d08a0ad2903,v1859,Maxwell@display=pairwise
v3292,v3292,198f7471-260c-4e71-98e1-e01c3c130b14,v1859,Maxwell@display=pairwise
v1859,v1859,f085de64-19bb-4f44-9ae2-2dc5700abca0,v3292,Maxwell@display=pairwise
v1859,v1859,48eca316-7304-41b7-8acb-7e678a3cbf48,v3292,Maxwell@display=pairwise
v1859,v3292,1044f2df-2216-4864-baa0-ea94b11f6744,v1859,Maxwell@display=pairwise
v1859,v3292,1ecf32ce-e1db-4d42-b15f-56df3d197faa,v1859,Maxwell@display=pairwise
v3292,v3292,393a3c3e-2f6d-49dd-b9e0-18768e4dbb96,v1859,Maxwell@display=pairwise
v1703,v1703,7435bcc8-5a58-4090-b2c4-a12dad3b724d,v1859,Maxwell@display=pairwise
v1859,v1703,c632682f-3406-426f-b435-23fd4f4e5aa7,v1859,Maxwell@display=pairwise
v1859,v1859,c632682f-3406-426f-b435-23fd4f4e5aa7,v1703,Maxwell@display=pairwise
v1703,v1859,724c60ae-6aa6-4024-bb86-11ee7b7b8770,v1703,Maxwell@display=pairwise
v1859,v1859,1dac0e33-0065-4e0e-8e64-fd0e63278971,v1703,Maxwell@display=pairwise
v1859,v1703,9888d5ad-e5b5-422a-9ce4-268968886c2c,v1859,Maxwell@display=pairwise
v1859,v1703,f911a403-5112-4234-ab0b-7497b7f4e3b4,v1859,Maxwell@display=pairwise
v1859,v1859,f74805b0-7406-4a6a-9a49-5c7b8bedda55,v1703,Maxwell@display=pairwise
v1859,v1859,573722c4-6130-4835-b049-7c523af50881,v1703,Maxwell@display=pairwise
v1859,v1859,31e59e7f-acc9-48fd-8a2b-bf0096731a49,v1703,Maxwell@display=pairwise
v4048,v4048,7435bcc8-5a58-4090-b2c4-a12dad3b724d,v1394,Maxwell@display=pairwise
v1394,v1394,3e5c0176-3c63-4689-bd8c-9948528b47de,v4048,Maxwell@display=pairwise
v4048,v4048,11af42fa-614e-4be6-93e5-4fedd30f3ca3,v1394,Maxwell@display=pairwise
v4048,v1394,21350804-8bb4-46fc-964b-228b225563ca,v4048,Maxwell@display=pairwise
v4048,v1394,21350804-8bb4-46fc-964b-228b225563ca,v4048,Maxwell@display=pairwise
v4048,v1394,748ff91c-f261-4544-a851-bb33ab4da209,v4048,Maxwell@display=pairwise
v4048,v4048,bea8d5b8-3b89-4933-9543-144c89405bfa,v1394,Maxwell@display=pairwise
v4048,v4048,645b9269-2918-417e-8ee8-a6fc35bc3377,v1394,Maxwell@display=pairwise
v4048,v4048,335527d0-7d2d-491b-a6e2-4c92ce9b4edc,v1394,Maxwell@display=pairwise
v4048,v1394,30561a52-ca51-4d8f-9ce6-1b9e376ebb6b,v4048,Maxwell@display=pairwise
v4125,v4125,7435bcc8-5a58-4090-b2c4-a12dad3b724d,v0314,Maxwell@display=pairwise
v4125,v4125,e7c95211-5ce3-4c43-bde6-828f51c7a97c,v0314,Maxwell@display=pairwise
v4125,v4125,5288ac4e-2d63-43f3-8c9d-4af9f174f740,v0314,Maxwell@display=pairwise
v4125,v4125,a4914634-9c3a-4b63-ba2f-eae01b722ce6,v0314,Maxwell@display=pairwise
v4125,v0314,c1e5dd48-6b4f-42c3-b070-b362047520ac,v4125,Maxwell@display=pairwise
v4125,v0314,37e2fd1c-8e32-4deb-bec9-a4ed41c99e10,v4125,Maxwell@display=pairwise
v4125,v0314,f52b764c-6af0-4c94-8cdd-65f0f56a1931,v4125,Maxwell@display=pairwise
v4125,v4125,d906e73c-afb6-4bc0-8cab-f6991cc560ba,v0314,Maxwell@display=pairwise
v4125,v0314,2168499d-6438-474d-96fc-7346737ee935,v4125,Maxwell@display=pairwise
v4125,v4125,36c5c8c0-5e83-47ea-8f74-af418783618a,v0314,Maxwell@display=pairwise
v2419,v2419,7435bcc8-5a58-4090-b2c4-a12dad3b724d,v0328,Maxwell@display=pairwise
v2419,v2419,44856539-bc1f-4629-bc05-90c9765d6b7b,v0328,Maxwell@display=pairwise
v2419,v2419,8dbe2ffd-6f41-43a3-860b-153138fb521f,v0328,Maxwell@display=pairwise
v2419,v0328,05e840a4-3de4-447b-b859-e633d767fd6a,v2419,Maxwell@display=pairwise
,v0328,896aa6ba-af39-4dad-a16b-2b871323826d,v2419,Maxwell@display=pairwise
v2419,v2419,568341de-630c-4f7d-97c0-db58befad162,v0328,Maxwell@display=pairwise
v2419,v2419,e5463b92-df72-41f5-8ac7-22d086899283,v0328,Maxwell@display=pairwise
v2419,v0328,db9ea501-dc60-469e-99e5-17b4bcfcb6fb,v2419,Maxwell@display=pairwise
v2419,v2419,a370270f-41ec-4770-a029-71ceb6225e7b,v0328,Maxwell@display=pairwise
v2419,v2419,d39c5247-3bfe-426f-87db-6d7ca30b9f8c,v0328,Maxwell@display=pairwise
v2083,v2083,7435bcc8-5a58-4090-b2c4-a12dad3b724d,v1394,Maxwell@display=pairwise
v2083,v1394,bcfcab6f-59dd-4283-a999-0696e9e4835f,v2083,Maxwell@display=pairwise
v2083,v2083,399c3875-4111-41c4-b788-79e32772e36d,v1394,Maxwell@display=pairwise
v2083,v2083,01a3b14c-3923-4b2c-baf6-0b671043ec61,v1394,Maxwell@display=pairwise
v2083,v2083,e3b8bb83-c52a-4ef2-b875-665689a58489,v1394,Maxwell@display=pairwise
v2083,v2083,dc8279b9-0d8c-454c-b75d-13d31c30843d,v1394,Maxwell@display=pairwise
,v2083,6d1409b9-6033-42e4-aa64-cd28900b3b16,v1394,Maxwell@display=pairwise
v2083,v1394,1e3cc6d0-8a93-4ccf-b54a-c049f3248c37,v2083,Maxwell@display=pairwise
,v1394,626ad72c-299b-4c9e-97a8-63783caa4a83,v2083,Maxwell@display=pairwise
,v2083,1ac54074-3b46-420d-be1a-9370fec2a3d9,v1394,Maxwell@display=pairwise
v3583,v3583,7435bcc8-5a58-4090-b2c4-a12dad3b724d,v0162,Maxwell@display=pairwise
v3583,v3583,7d4a4252-1531-470f-ab07-6f334dace1b9,v0162,Maxwell@display=pairwise
v3583,v0162,761748d4-d10d-4076-8ba5-4316321078d2,v3583,Maxwell@display=pairwise
v0162,v0162,ce0e0f0c-7b35-4e39-b905-dc94435761e5,v3583,Maxwell@display=pairwise
v3583,v0162,5cbb4909-5759-4ec5-b2d8-e2eddbd9f86e,v3583,Maxwell@display=pairwise
v3583,v3583,d6c9a5ed-1280-4497-91b4-033d6937541e,v0162,Maxwell@display=pairwise
v3583,v0162,584b7635-9a3b-4a46-9127-652bab8ab045,v3583,Maxwell@display=pairwise
v3583,v0162,88e1894f-6a8c-4dd4-99e5-7b852ff42587,v3583,Maxwell@display=pairwise
v3583,v0162,7829a094-b56d-4784-81b4-d56f0af9d0ee,v3583,Maxwell@display=pairwise
v3583,v0162,c49821d5-18a2-4c47-912d-5e29660b0b92,v3583,Maxwell@display=pairwise
v4235,v4235,7435bcc8-5a58-4090-b2c4-a12dad3b724d,v1477,Maxwell@display=pairwise
v1477,v1477,1f8bd8c6-3318-40af-a7a4-5f919048341c,v4235,Maxwell@display=pairwise
v4235,v1477,6e2024e3-6dbd-4f38-acdd-ea74cebf7e8b,v4235,Maxwell@display=pairwise
v4235,v4235,11b57023-0038-4da7-9328-34ce0bd22606,v1477,Maxwell@display=pairwise
v4235,v1477,af7f19e9-f83a-45ae-8df8-fb20d08eddf9,v4235,Maxwell@display=pairwise
v4235,v4235,b729730b-45b0-4f9e-b3be-4c661741c01b,v1477,Maxwell@display=pairwise
v4235,v4235,f0cc1ae8-38f7-44df-a97b-70cfda024744,v1477,Maxwell@display=pairwise
v4235,v4235,afb40d45-bed5-4152-bfe2-7fce395f5e35,v1477,Maxwell@display=pairwise
v4235,v4235,bab736be-b6c3-4a0a-8930-23ed65f562f2,v1477,Maxwell@display=pairwise
v1477,v1477,2613c3ff-b6cc-4d25-850a-f9ccff836ebc,v4235,Maxwell@display=pairwise
v2181,v2181,7435bcc8-5a58-4090-b2c4-a12dad3b724d,v3555,Maxwell@display=pairwise
v3555,v2181,2e51a290-d08f-4b97-b0d1-c0cca3833712,v3555,Maxwell@display=pairwise
v3555,v3555,9854f14d-4021-4f1b-80e7-36a684ed2e92,v2181,Maxwell@display=pairwise
v3555,v3555,1ca99ba4-be7c-4a95-a57a-0005144b2eca,v2181,Maxwell@display=pairwise
,v3555,d5e997d9-e2c0-46e2-a2f7-ac9521784839,v2181,Maxwell@display=pairwise
v3555,v2181,ba2e5955-a806-4ec0-b668-6073bb201c11,v3555,Maxwell@display=pairwise
v3555,v3555,1bc15f08-5e0e-4bcb-9390-fef0c1eb2c89,v2181,Maxwell@display=pairwise
v3555,v2181,065a8b4f-3767-4764-a1c4-2297a63ea309,v3555,Maxwell@display=pairwise
v3555,v2181,38c262d4-c1a0-4fa7-a248-d22e30007be5,v3555,Maxwell@display=pairwise
v3555,v3555,2feaf824-0ccc-4894-9bb4-63c40c53fe04,v2181,Maxwell@display=pairwise
v4537,v4537,8fd99fd1-3906-4e88-b6fb-6c1db6831a82,v1373,Maxwell@display=pairwise
v4537,v4537,992cc7e1-caa5-4e29-9a5c-8107bae22aaa,v1373,Maxwell@display=pairwise
v4537,v1373,90b75463-bb9b-47ed-a579-8f88fc4299b8,v4537,Maxwell@display=pairwise
v4537,v1373,31e59e7f-acc9-48fd-8a2b-bf0096731a49,v4537,Maxwell@display=pairwise
v4537,v4537,21d72962-585b-49b1-848c-8861ed477ea6,v1373,Maxwell@display=pairwise
v4537,v4537,761748d4-d10d-4076-8ba5-4316321078d2,v1373,Maxwell@display=pairwise
v4537,v1373,7435bcc8-5a58-4090-b2c4-a12dad3b724d,v4537,Maxwell@display=pairwise
v4537,v1373,11bb2619-b3e8-49bd-99e6-dbd83100c5be,v4537,Maxwell@display=pairwise
v4537,v4537,9a673f7a-20b3-401d-980f-38b0c8fc3b45,v1373,Maxwell@display=pairwise
v4537,v1373,c3ed4b9f-9d83-4e8d-b205-5e1579d7dd2e,v4537,Maxwell@display=pairwise
v1025,v1025,7435bcc8-5a58-4090-b2c4-a12dad3b724d,v1397,Maxwell@display=pairwise
v1397,v1397,2423a185-20d6-40c1-ad61-5268117f6f7d,v1025,Maxwell@display=pairwise
v1397,v1397,209cb4b5-da1d-4522-8e51-c7ab4b854165,v1025,Maxwell@display=pairwise
v1025,v1397,f982c154-231a-4d28-8be6-f62894d3a8c5,v1025,Maxwell@display=pairwise
v1397,v1025,094e753d-9712-4a5c-b642-e225b4d0af47,v1397,Maxwell@display=pairwise
v1397,v1025,19da1622-4523-4766-8ee2-c68a94aba13f,v1397,Maxwell@display=pairwise
v1025,v1025,259688ae-f706-4f41-ade3-4a17e052e824,v1397,Maxwell@display=pairwise
v1397,v1397,e2414b46-7c69-407b-9c61-a18878f36403,v1025,Maxwell@display=pairwise
v1397,v1397,eb1d4001-2c9c-463a-8ab8-6fe20a5c24ce,v1025,Maxwell@display=pairwise
v1025,v1025,09705fe5-aaef-4009-9eaf-7f6ef1693c89,v1397,Maxwell@display=pairwise
v4097,v4097,94299678-0cff-4f0a-815f-9ebb17345759,v2328,Maxwell@display=pairwise
v4097,v4097,d5eb3ad8-a6f8-4d74-bc5b-9937bb2277b4,v2328,Maxwell@display=pairwise
v4097,v2328,2e51a290-d08f-4b97-b0d1-c0cca3833712,v4097,Maxwell@display=pairwise
v4097,v4097,31e59e7f-acc9-48fd-8a2b-bf0096731a49,v2328,Maxwell@display=pairwise
v4097,v4097,c3ed4b9f-9d83-4e8d-b205-5e1579d7dd2e,v2328,Maxwell@display=pairwise
v4097,v4097,7435bcc8-5a58-4090-b2c4-a12dad3b724d,v2328,Maxwell@display=pairwise
v4097,v2328,5a1c3efd-82cc-49c8-b9d9-add302b2be8a,v4097,Maxwell@display=pairwise
v2328,v2328,b2cf1e5e-8b30-4ac1-8eee-373e05447920,v4097,Maxwell@display=pairwise
v4097,v2328,56396265-a727-4b26-87a2-fa020961705e,v4097,Maxwell@display=pairwise
v4097,v4097,7bf3dae0-af9d-4a3f-894f-9ff0503f5348,v2328,Maxwell@display=pairwise
v1397,v0328,7435bcc8-5a58-4090-b2c4-a12dad3b724d,v1397,Maxwell@display=pairwise
,v1397,11bdad09-c1dc-4160-a3b3-e74f2d076796,v0328,Maxwell@display=pairwise
v1397,v0328,96c92880-627b-4c93-b3ce-2a6d076c8abf,v1397,Maxwell@display=pairwise
v1397,v1397,bb28c3d5-6528-4f53-bc09-6bf84b42a7fb,v0328,Maxwell@display=pairwise
v1397,v0328,198f7471-260c-4e71-98e1-e01c3c130b14,v1397,Maxwell@display=pairwise
v1397,v1397,723ecde4-3695-4235-afdf-bb230a3f2707,v0328,Maxwell@display=pairwise
v1397,v1397,f8e4c74f-c2a6-462b-9197-a7c8c31317ac,v0328,Maxwell@display=pairwise
v1397,v0328,720d1aa0-a9e3-4836-9efe-1ef960d71e0e,v1397,Maxwell@display=pairwise
v1397,v0328,0630eeac-73c4-4677-83c8-f714f6e289a9,v1397,Maxwell@display=pairwise
v1397,v0328,6832a87e-ad5d-4854-bee6-4ec447d48143,v1397,Maxwell@display=pairwise
v2181,v2083,c3ed4b9f-9d83-4e8d-b205-5e1579d7dd2e,v2181,Maxwell@display=pairwise
v2181,v2083,7e52de1a-f83d-4bf5-81fb-f80371c158cb,v2181,Maxwell@display=pairwise
v2083,v2181,75c9be23-99aa-4949-be3a-6b25c658091c,v2083,Maxwell@display=pairwise
v2181,v2083,3fa99ef2-8170-40ac-9c39-165fcfe91a61,v2181,Maxwell@display=pairwise
v2083,v2083,e71f0be5-2d3f-4bc9-9407-a2dce3a16b91,v2181,Maxwell@display=pairwise
v2181,v2083,58a717b3-a840-4ad1-89d0-b8d2e0c5ba78,v2181,Maxwell@display=pairwise
v2181,v2181,67d6e59e-98bb-4804-be1c-03beebfd5222,v2083,Maxwell@display=pairwise
,v2083,0f9366f9-fade-450c-be0e-0ebb4444aece,v2181,Maxwell@display=pairwise
v2083,v2181,ced05eb2-a974-4dcf-89fb-bf893f78b6aa,v2083,Maxwell@display=pairwise
v2083,v2083,298bd5e1-5cb8-4d9b-b7a7-2d7fcac00e91,v2181,Maxwell@display=pairwise
v4511,v1397,c3ed4b9f-9d83-4e8d-b205-5e1579d7dd2e,v4511,Maxwell@display=pairwise
v4511,v4511,08acb1cc-935b-4495-af50-070631f21ee8,v1397,Maxwell@display=pairwise
v4511,v4511,203b013a-c242-47ba-89dd-a2c609192d10,v1397,Maxwell@display=pairwise
v4511,v4511,a0a0bd53-c6ee-48c3-8d0d-7094f991b6c5,v1397,Maxwell@display=pairwise
v4511,v4511,bb28c3d5-6528-4f53-bc09-6bf84b42a7fb,v1397,Maxwell@display=pairwise
v4511,v4511,15577bca-cd7f-4695-868d-7da11fc028ed,v1397,Maxwell@display=pairwise
v4511,v4511,d5ba3837-38e1-4aec-bd7c-cb069a23e8c1,v1397,Maxwell@display=pairwise
v1397,v1397,626ad72c-299b-4c9e-97a8-63783caa4a83,v4511,Maxwell@display=pairwise
v4511,v1397,e42b4bc8-b2f0-4389-a27e-dbe89657a412,v4511,Maxwell@display=pairwise
v4511,v1397,9f33edc6-8672-491a-9b40-8bb445f9aaf0,v4511,Maxwell@display=pairwise
v2181,v2181,c3ed4b9f-9d83-4e8d-b205-5e1579d7dd2e,v2828,Maxwell@display=pairwise
v2828,v2828,c12316ba-19d8-4db6-aa66-b424906ea895,v2181,Maxwell@display=pairwise
v2828,v2181,48f2cfa8-d531-4045-860b-2c824728d65e,v2828,Maxwell@display=pairwise
v2181,v2181,9c031cfb-cda8-4869-acc8-11ec9ff4d69f,v2828,Maxwell@display=pairwise
v2181,v2181,15577bca-cd7f-4695-868d-7da11fc028ed,v2828,Maxwell@display=pairwise
v2181,v2828,c8a8c2c5-cbde-4269-8b36-a3b928ca2d67,v2181,Maxwell@display=pairwise
v2828,v2181,7777504d-190e-4865-ab1d-44476ebb48d1,v2828,Maxwell@display=pairwise
v2828,v2828,850c7762-5ebc-4c04-b264-d14e50f37130,v2181,Maxwell@display=pairwise
,v2828,b33fcfb9-4483-464b-9fa3-2fd815d1577a,v2181,Maxwell@display=pairwise
v2828,v2828,77216a3e-dd39-43a8-8d98-9d7a2de06023,v2181,Maxwell@display=pairwise
v1477,v1477,c3ed4b9f-9d83-4e8d-b205-5e1579d7dd2e,v2889,Maxwell@display=pairwise
v2889,v2889,d596421e-e19a-4472-a4e8-730e96d35459,v1477,Maxwell@display=pairwise
v1477,v2889,9c031cfb-cda8-4869-acc8-11ec9ff4d69f,v1477,Maxwell@display=pairwise
v2889,v1477,1ca99ba4-be7c-4a95-a57a-0005144b2eca,v2889,Maxwell@display=pairwise
v1477,v1477,fdafe1fc-3bdb-472a-a91e-52abb2f5e78f,v2889,Maxwell@display=pairwise
v1477,v2889,c2e135df-30eb-46ef-95b2-80bff450c273,v1477,Maxwell@display=pairwise
v2889,v2889,d83aba4d-3e51-4ba3-9f02-e7119f127b9e,v1477,Maxwell@display=pairwise
v1477,v1477,f9e4bb6c-79e2-4693-af7b-1ac69eea590a,v2889,Maxwell@display=pairwise
v2889,v1477,c5fb40fd-7ac9-4e0e-afbe-3c1a6c070532,v2889,Maxwell@display=pairwise
v1477,v2889,5db812e2-a89e-42af-b619-98c02720d311,v1477,Maxwell@display=pairwise
v3740,v0328,c3ed4b9f-9d83-4e8d-b205-5e1579d7dd2e,v3740,Maxwell@display=pairwise
v3740,v3740,6e87b8ed-dbb8-4ce3-b2d9-00d2e608daca,v0328,Maxwell@display=pairwise
v3740,v0328,a4914634-9c3a-4b63-ba2f-eae01b722ce6,v3740,Maxwell@display=pairwise
v3740,v0328,6ee42a58-0d17-477c-b60f-4bf0f2eec782,v3740,Maxwell@display=pairwise
v3740,v3740,9e27701b-15a9-4a1e-b326-1c40f3a51892,v0328,Maxwell@display=pairwise
v3740,v0328,1a554cd6-a958-4409-801f-f6700b3c42ab,v3740,Maxwell@display=pairwise
v3740,v0328,dffc54fe-ae03-4e35-a6cd-21c7789bed4e,v3740,Maxwell@display=pairwise
v3740,v3740,d09c64e0-a2da-48ef-bc62-4b215947cae7,v0328,Maxwell@display=pairwise
v3740,v3740,71d414a2-7da8-44c1-a7cb-4e81f84eb38a,v0328,Maxwell@display=pairwise
v3740,v3740,b8c63c99-2a85-402e-a74a-1969eeefd861,v0328,Maxwell@display=pairwise
v4166,v4166,c3ed4b9f-9d83-4e8d-b205-5e1579d7dd2e,v1394,Maxwell@display=pairwise
v4166,v4166,9b14dad7-75bc-4690-9dc6-94c0c04d5333,v1394,Maxwell@display=pairwise
v4166,v4166,8f373fcb-9f72-4cee-a804-75fa3cb722cd,v1394,Maxwell@display=pairwise
v4166,v4166,05e840a4-3de4-447b-b859-e633d767fd6a,v1394,Maxwell@display=pairwise
v4166,v1394,43505c4c-2f72-4150-b92e-bb25604e229a,v4166,Maxwell@display=pairwise
v4166,v4166,584b7635-9a3b-4a46-9127-652bab8ab045,v1394,Maxwell@display=pairwise
v4166,v4166,7362c712-28f5-4b3b-a8e7-274ce94aae4b,v1394,Maxwell@display=pairwise
v4166,v4166,ff5bd754-d1d5-47d5-8cdd-ba09f18067ba,v1394,Maxwell@display=pairwise
v4166,v1394,d5eb3ad8-a6f8-4d74-bc5b-9937bb2277b4,v4166,Maxwell@display=pairwise
v4166,v4166,c7d90a87-a380-46b6-af6f-fad86d1c1757,v1394,Maxwell@display=pairwise
v1859,v1859,c3ed4b9f-9d83-4e8d-b205-5e1579d7dd2e,v0265,Maxwell@display=pairwise
v1859,v1859,c758b9ec-c7db-4da8-8450-69226c6135d2,v0265,Maxwell@display=pairwise
v1859,v0265,8590a9f9-2ebf-4c1a-92e7-b7ed9bf29a0e,v1859,Maxwell@display=pairwise
v0265,v0265,8ab07bc5-0ee7-4c8d-9e27-22e5c6da8bc1,v1859,Maxwell@display=pairwise
v0265,v0265,58a717b3-a840-4ad1-89d0-b8d2e0c5ba78,v1859,Maxwell@display=pairwise
,v1859,0ffc9aa5-c779-44ce-acc6-ab9cc92a02fb,v0265,Maxwell@display=pairwise
v1859,v0265,fe6afd5a-8da5-49b6-af0b-9f6049662f8b,v1859,Maxwell@display=pairwise
,v1859,ec7a9023-9cdd-445b-934e-d5c95de760d5,v0265,Maxwell@display=pairwise
v1859,v1859,241ac689-1c0f-402c-8926-bf6506467a28,v0265,Maxwell@display=pairwise
v1859,v1859,2613c3ff-b6cc-4d25-850a-f9ccff836ebc,v0265,Maxwell@display=pairwise
v4537,v4537,c3ed4b9f-9d83-4e8d-b205-5e1579d7dd2e,v2063,Maxwell@display=pairwise
v4537,v4537,b4411156-dc52-435d-8f93-765287d11fea,v2063,Maxwell@display=pairwise
v4537,v4537,f356bf83-0f18-44d6-b192-780c6c0bdd3d,v2063,Maxwell@display=pairwise
v4537,v4537,a7bccc46-0fad-4e81-a217-16e8f6d660b4,v2063,Maxwell@display=pairwise
v4537,v4537,01a3b14c-3923-4b2c-baf6-0b671043ec61,v2063,Maxwell@display=pairwise
v4537,v2063,026c8690-22a2-4ca3-b37e-73c29dcf0858,v4537,Maxwell@display=pairwise
v4537,v4537,31f2608d-f3b7-4fc9-aafc-8de3b8a2dcf0,v2063,Maxwell@display=pairwise
v4537,v2063,617ae86c-fc97-402a-ba65-8994258b69e0,v4537,Maxwell@display=pairwise
v4537,v2063,178c8651-5570-4a73-b49a-7a93daf21ea4,v4537,Maxwell@display=pairwise
v4537,v4537,10b74529-4728-4409-849d-3c0d908d3219,v2063,Maxwell@display=pairwise
v3555,v3555,c3ed4b9f-9d83-4e8d-b205-5e1579d7dd2e,v0162,Maxwell@display=pairwise
v3555,v3555,2f9c0bcc-c712-42b9-bc2f-d02860843a89,v0162,Maxwell@display=pairwise
v3555,v3555,cabe6903-7b7e-4c1a-b661-958c6fa61429,v0162,Maxwell@display=pairwise
v3555,v0162,11b57023-0038-4da7-9328-34ce0bd22606,v3555,Maxwell@display=pairwise
v3555,v3555,862cd654-5ac1-48c5-bd1f-650b43a68255,v0162,Maxwell@display=pairwise
v3555,v3555,9859b693-6c9f-44ff-8038-a8397db0a1b4,v0162,Maxwell@display=pairwise
v3555,v3555,965ff344-5fbe-416d-8965-9c65cf52ab41,v0162,Maxwell@display=pairwise
v3555,v0162,1dee3556-55f2-4afa-9290-ed47655d33bb,v3555,Maxwell@display=pairwise
v3555,v0162,2ca645a6-7ef0-4fc3-9abd-cf3501109eae,v3555,Maxwell@display=pairwise
v3555,v3555,573722c4-6130-4835-b049-7c523af50881,v0162,Maxwell@display=pairwise
v2349,v2419,c3ed4b9f-9d83-4e8d-b205-5e1579d7dd2e,v2349,Maxwell@display=pairwise
v2349,v2419,50f883d0-89f3-4f06-9da1-3ecb5c6efd90,v2349,Maxwell@display=pairwise
v2349,v2419,40b42448-fc87-43de-971a-c7c073b71ff7,v2349,Maxwell@display=pairwise
v2349,v2419,40b42448-fc87-43de-971a-c7c073b71ff7,v2349,Maxwell@display=pairwise
v2349,v2419,c602f6cd-39d9-4602-ae7e-64276e63f32d,v2349,Maxwell@display=pairwise
v2349,v2349,d447edbb-f45a-4002-bb44-2d71ecf93471,v2419,Maxwell@display=pairwise
v2419,v2419,72650adb-e74b-4566-aece-9fbc4d64d47d,v2349,Maxwell@display=pairwise
v2419,v2349,68ef565a-1042-4da3-904c-bcf7b3530ccd,v2419,Maxwell@display=pairwise
v2349,v2419,8165ec89-da1a-443f-9c35-12bd6162de30,v2349,Maxwell@display=pairwise
v2349,v2349,2b1366bc-270c-4bfe-9882-c9f5c9c8efda,v2419,Maxwell@display=pairwise
v2525,v2525,701d9632-11da-4c45-b5a9-9ef109bd0705,v0824,Maxwell@display=pairwise
v0824,v0824,d94bd8df-f652-447c-ac56-476a6b31f32b,v2525,Maxwell@display=pairwise
v2525,v0824,9fd16a85-5a0f-420e-85a4-099e823c41bc,v2525,Maxwell@display=pairwise
v2525,v2525,7e52de1a-f83d-4bf5-81fb-f80371c158cb,v0824,Maxwell@display=pairwise
v2525,v2525,012e7cd7-0094-41da-8b41-78a70aca8f4d,v0824,Maxwell@display=pairwise
v2525,v0824,a777eafa-8e0b-4db8-b6d7-e9ef0d7cc236,v2525,Maxwell@display=pairwise
v2525,v0824,c3ed4b9f-9d83-4e8d-b205-5e1579d7dd2e,v2525,Maxwell@display=pairwise
v2525,v0824,054f90cf-2d8c-45ba-acc7-c80038efa44d,v2525,Maxwell@display=pairwise
v2525,v0824,c3ed4b9f-9d83-4e8d-b205-5e1579d7dd2e,v2525,Maxwell@display=pairwise
v2525,v0824,c9e36c3c-b003-43bc-8558-26d476b0a20d,v2525,Maxwell@display=pairwise
v2828,v2828,c3ed4b9f-9d83-4e8d-b205-5e1579d7dd2e,v3065,Maxwell@display=pairwise
,v2828,9fde6f43-a5ca-4c47-a344-7575e5370d05,v3065,Maxwell@display=pairwise
v2828,v2828,9fde6f43-a5ca-4c47-a344-7575e5370d05,v3065,Maxwell@display=pairwise
,v3065,4e2adbe1-fa03-4f25-a561-baae089d8201,v2828,Maxwell@display=pairwise
v2828,v3065,8590a9f9-2ebf-4c1a-92e7-b7ed9bf29a0e,v2828,Maxwell@display=pairwise
v2828,v2828,9aac4b2a-3c36-47d6-b244-1cda70ad1743,v3065,Maxwell@display=pairwise
,v2828,e4076421-c718-4550-a279-71b8f41de5fd,v3065,Maxwell@display=pairwise
,v3065,c9cbf439-dbba-4e14-bc06-61a2951a9521,v2828,Maxwell@display=pairwise
v2828,v3065,4db85d74-0f6b-4231-9f89-f26a362394c5,v2828,Maxwell@display=pairwise
,v2828,0c8ca1c9-aaa4-495b-a350-de53a2de024b,v3065,Maxwell@display=pairwise
v4511,v1859,b6af1441-5d96-4d47-86bf-1907661846dc,v4511,Maxwell@display=pairwise
v4511,v4511,34739ea5-3239-4633-8c9d-4d1e70eb376d,v1859,Maxwell@display=pairwise
v4511,v4511,d9c24ced-2640-4502-9de4-cfc5bcd74967,v1859,Maxwell@display=pairwise
v4511,v1859,01f1ebd7-d031-4b6c-9c2b-e6e64c207dbe,v4511,Maxwell@display=pairwise
v4511,v1859,01f1ebd7-d031-4b6c-9c2b-e6e64c207dbe,v4511,Maxwell@display=pairwise
v4511,v1859,bf06ee4c-bec3-4766-8e90-2f826cf034b6,v4511,Maxwell@display=pairwise
v4511,v4511,37e2fd1c-8e32-4deb-bec9-a4ed41c99e10,v1859,Maxwell@display=pairwise
v4511,v1859,4150d97c-eefc-4853-8768-c3caf08a8bcc,v4511,Maxwell@display=pairwise
v1859,v1859,ba9fe7c9-6c2e-4006-a184-46f2e039d589,v4511,Maxwell@display=pairwise
v1859,v1859,dd67b30b-2e2b-44b0-a821-5ef9f5daaeeb,v4511,Maxwell@display=pairwise
v3583,v3583,b6af1441-5d96-4d47-86bf-1907661846dc,v4235,Maxwell@display=pairwise
,v4235,942abe5f-d5e6-44ae-981b-c2664203ca49,v3583,Maxwell@display=pairwise
v4235,v4235,054f90cf-2d8c-45ba-acc7-c80038efa44d,v3583,Maxwell@display=pairwise
v3583,v4235,adfa0ec8-adeb-4eaf-8546-02e73a887224,v3583,Maxwell@display=pairwise
v3583,v4235,683c32f7-8434-4498-87d5-1e051acb4750,v3583,Maxwell@display=pairwise
v3583,v4235,683c32f7-8434-4498-87d5-1e051acb4750,v3583,Maxwell@display=pairwise
v4235,v3583,645b9269-2918-417e-8ee8-a6fc35bc3377,v4235,Maxwell@display=pairwise
v4235,v4235,bc441066-48fe-430a-8ae9-46706a7d4640,v3583,Maxwell@display=pairwise
v4235,v3583,335527d0-7d2d-491b-a6e2-4c92ce9b4edc,v4235,Maxwell@display=pairwise
v4235,v3583,148a0216-b671-4cdd-992c-7aba2d0b85cb,v4235,Maxwell@display=pairwise
v3355,v3355,b6af1441-5d96-4d47-86bf-1907661846dc,v4166,Maxwell@display=pairwise
v3355,v3355,c73de61c-2ffb-43a7-bb2b-9153ac84e57d,v4166,Maxwell@display=pairwise
v4166,v4166,49091e64-faa5-49f7-8e9d-a491f64fc35c,v3355,Maxwell@display=pairwise
v3355,v3355,e37a04cf-5cb9-4c24-b268-428f04b630ae,v4166,Maxwell@display=pairwise
v4166,v3355,40b42448-fc87-43de-971a-c7c073b71ff7,v4166,Maxwell@display=pairwise
v4166,v3355,40b42448-fc87-43de-971a-c7c073b71ff7,v4166,Maxwell@display=pairwise
v4166,v4166,72650adb-e74b-4566-aece-9fbc4d64d47d,v3355,Maxwell@display=pairwise
v4166,v3355,68ef565a-1042-4da3-904c-bcf7b3530ccd,v4166,Maxwell@display=pairwise
v4166,v3355,d906e73c-afb6-4bc0-8cab-f6991cc560ba,v4166,Maxwell@display=pairwise
v4166,v3355,344d07d0-63a8-46e8-a5fa-10d7dec66115,v4166,Maxwell@display=pairwise
v4048,v4048,b6af1441-5d96-4d47-86bf-1907661846dc,v2525,Maxwell@display=pairwise
v2525,v4048,50f883d0-89f3-4f06-9da1-3ecb5c6efd90,v2525,Maxwell@display=pairwise
v4048,v2525,6e957163-5267-4260-b5fe-b318884a96b4,v4048,Maxwell@display=pairwise
v4048,v2525,20d9d51e-231e-4048-90ac-ae0f2f6906d1,v4048,Maxwell@display=pairwise
v4048,v2525,ef228dde-5278-429a-b581-bf6bdf7010cb,v4048,Maxwell@display=pairwise
v4048,v4048,b81d92ba-8124-4bce-949c-8d5b226bc693,v2525,Maxwell@display=pairwise
v4048,v4048,9ede4d3e-ee31-4bd1-980a-75ced4a17656,v2525,Maxwell@display=pairwise
v2525,v4048,9ede4d3e-ee31-4bd1-980a-75ced4a17656,v2525,Maxwell@display=pairwise
v4048,v4048,344d07d0-63a8-46e8-a5fa-10d7dec66115,v2525,Maxwell@display=pairwise
v4048,v4048,279550f0-7625-4018-86e5-b8da97d50081,v2525,Maxwell@display=pairwise
v4511,v4511,2886de17-6865-4f59-8f24-9afbd87a36af,v0328,Maxwell@display=pairwise
v4511,v4511,4cf27f34-7c95-4417-9203-7627dd0e8db3,v0328,Maxwell@display=pairwise
v4511,v0328,a2988d9d-63df-4cf2-a445-7a1dbf7f45f3,v4511,Maxwell@display=pairwise
v4511,v4511,1d2fe3ac-663b-4f21-b03e-4a409a53669e,v0328,Maxwell@display=pairwise
v4511,v4511,b6af1441-5d96-4d47-86bf-1907661846dc,v0328,Maxwell@display=pairwise
v4511,v0328,f020e26d-309c-4394-81bf-7db2f467bc8e,v4511,Maxwell@display=pairwise
v4511,v4511,b6af1441-5d96-4d47-86bf-1907661846dc,v0328,Maxwell@display=pairwise
v4511,v4511,aa873e42-f4c4-4b06-8b86-c8d47ffd4b9a,v0328,Maxwell@display=pairwise
v4511,v0328,dc2d7783-e288-48d3-9954-ac7aaf84073e,v4511,Maxwell@display=pairwise
v4511,v0328,19da1622-4523-4766-8ee2-c68a94aba13f,v4511,Maxwell@display=pairwise
v4048,v4048,b6af1441-5d96-4d47-86bf-1907661846dc,v2513,Maxwell@display=pairwise
,v4048,2a13fd1a-a20e-4bc2-8695-27ba20d2f10a,v2513,Maxwell@display=pairwise
v4048,v2513,2a13fd1a-a20e-4bc2-8695-27ba20d2f10a,v4048,Maxwell@display=pairwise
v4048,v4048,d596421e-e19a-4472-a4e8-730e96d35459,v2513,Maxwell@display=pairwise
v4048,v2513,027d3766-10fa-4410-bda9-dfabae5b973f,v4048,Maxwell@display=pairwise
v4048,v2513,2dd89ba6-d0b2-4975-8d14-d6d471fa562e,v4048,Maxwell@display=pairwise
v4048,v4048,75ce2d58-ecbb-4ede-bd93-43b99bca8d46,v2513,Maxwell@display=pairwise
v4048,v4048,e07bb13d-8d71-400d-8aee-9277fb8773d2,v2513,Maxwell@display=pairwise
v4048,v4048,e3ebe625-fcf7-470a-91bb-0d08cd37d473,v2513,Maxwell@display=pairwise
v4048,v4048,8df9f32c-7ad0-46ab-b52d-026eca9182d5,v2513,Maxwell@display=pairwise
v2519,v2063,b6af1441-5d96-4d47-86bf-1907661846dc,v2519,Maxwell@display=pairwise
v2519,v2063,861d34a8-3e75-48a1-85aa-76f71123f8f5,v2519,Maxwell@display=pairwise
v2519,v2519,6f27d33c-e38c-497e-92d6-941c4520a5cf,v2063,Maxwell@display=pairwise
v2519,v2519,7364c455-72c0-4ba7-bd80-b8277ed5fa61,v2063,Maxwell@display=pairwise
v2519,v2063,3d7fe021-5960-477b-910a-b9019bd40c53,v2519,Maxwell@display=pairwise
v2519,v2063,e12b1db4-dd6b-4bd8-8b4c-d48269f88d44,v2519,Maxwell@display=pairwise
v2519,v2519,50b29053-fdd9-4485-920f-42263ca9e9fb,v2063,Maxwell@display=pairwise
v2063,v2519,db7a1735-7ea2-4e72-93df-997a3c7a0046,v2063,Maxwell@display=pairwise
v2519,v2519,77f10c27-943f-4d00-aeb6-e59251587929,v2063,Maxwell@display=pairwise
v2519,v2519,1581d9ba-baf0-47a6-9d2b-56bf103d5193,v2063,Maxwell@display=pairwise
v2349,v0265,b6af1441-5d96-4d47-86bf-1907661846dc,v2349,Maxwell@display=pairwise
v0265,v2349,e42b649c-14c6-4d68-bd56-7111ec5ae475,v0265,Maxwell@display=pairwise
v2349,v2349,f70aaa7a-e3fb-4755-83d7-172c47cfed0b,v0265,Maxwell@display=pairwise
v2349,v0265,20d9d51e-231e-4048-90ac-ae0f2f6906d1,v2349,Maxwell@display=pairwise
v2349,v2349,ee0ccb3c-dac0-417e-a70a-a62358481477,v0265,Maxwell@display=pairwise
v2349,v2349,63543963-7fe0-4e5d-bb45-c5303123a3d0,v0265,Maxwell@display=pairwise
v2349,v2349,a4ff02d4-6d50-4f8a-b84e-4c6ba39528a5,v0265,Maxwell@display=pairwise
v2349,v0265,0630eeac-73c4-4677-83c8-f714f6e289a9,v2349,Maxwell@display=pairwise
v2349,v2349,c0a2023a-1855-4bf5-83a3-b2a1f277df4a,v0265,Maxwell@display=pairwise
v2349,v0265,d0c823c4-c423-43a3-96bb-7f91f3fd8621,v2349,Maxwell@display=pairwise
v2635,v3065,b6af1441-5d96-4d47-86bf-1907661846dc,v2635,Maxwell@display=pairwise
v2635,v2635,b444b366-4acf-4de2-bf8f-886c7ae9b36b,v3065,Maxwell@display=pairwise
v3065,v3065,14683b3e-6dfe-4a10-8db1-20dfd0dd5f20,v2635,Maxwell@display=pairwise
v2635,v2635,9e27701b-15a9-4a1e-b326-1c40f3a51892,v3065,Maxwell@display=pairwise
v3065,v2635,cd7370ec-f239-4919-be0d-7c980be77ec7,v3065,Maxwell@display=pairwise
v2635,v3065,dc8279b9-0d8c-454c-b75d-13d31c30843d,v2635,Maxwell@display=pairwise
,v2635,6d1409b9-6033-42e4-aa64-cd28900b3b16,v3065,Maxwell@display=pairwise
v2635,v3065,f6f6b226-3ab0-4a3c-84fb-0ce9390db359,v2635,Maxwell@display=pairwise
v3065,v2635,ca5e860d-cf4b-4c4a-bac3-1b0cd8646b53,v3065,Maxwell@display=pairwise
v2635,v3065,8290678e-1f94-4619-af71-aa8892a717fa,v2635,Maxwell@display=pairwise
v4166,v4166,b6af1441-5d96-4d47-86bf-1907661846dc,v1477,Maxwell@display=pairwise
v4166,v4166,f2393f46-bd26-4564-bf32-3f4c890d2821,v1477,Maxwell@display=pairwise
v4166,v4166,097c523a-37c9-4814-a386-171e6d920ead,v1477,Maxwell@display=pairwise
v4166,v4166,43505c4c-2f72-4150-b92e-bb25604e229a,v1477,Maxwell@display=pairwise
v4166,v4166,c942376b-0080-4a53-825b-8c8974c18262,v1477,Maxwell@display=pairwise
,v4166,5cbb4909-5759-4ec5-b2d8-e2eddbd9f86e,v1477,Maxwell@display=pairwise
v4166,v4166,e8cf995a-d627-41b3-85ff-373a997d5a4f,v1477,Maxwell@display=pairwise
v4166,v4166,9a673f7a-20b3-401d-980f-38b0c8fc3b45,v1477,Maxwell@display=pairwise
v4166,v4166,21d72962-585b-49b1-848c-8861ed477ea6,v1477,Maxwell@display=pairwise
v4166,v4166,09705fe5-aaef-4009-9eaf-7f6ef1693c89,v1477,Maxwell@display=pairwise
,v3292,b6af1441-5d96-4d47-86bf-1907661846dc,v2063,Maxwell@display=pairwise
v3292,v3292,b84d3c5b-e287-4a77-95bc-db56644be2d4,v2063,Maxwell@display=pairwise
,v2063,f19facc3-19e1-44d0-b4a8-eb2b60cb7a57,v3292,Maxwell@display=pairwise
v3292,v2063,8a3343fa-29bf-4b98-87d2-10dba3c9ce8f,v3292,Maxwell@display=pairwise
v3292,v3292,0e78195c-a819-41cf-901a-5b6f0b5dfbf6,v2063,Maxwell@display=pairwise
,v3292,1ef59f11-78bd-4a96-a606-4e12c0dd42dc,v2063,Maxwell@display=pairwise
v3292,v2063,4d959969-12c9-4934-bcb0-01c74a0bca6d,v3292,Maxwell@display=pairwise
v3292,v3292,fdeab250-0277-4490-bcf0-de3d8c630a98,v2063,Maxwell@display=pairwise
v3292,v2063,fa6e8487-24cc-4eaf-a6da-de0bb42be6ff,v3292,Maxwell@display=pairwise
v3292,v2063,2446fec6-a38b-400c-b3fa-911eda094d0e,v3292,Maxwell@display=pairwise
,v2181,b6af1441-5d96-4d47-86bf-1907661846dc,v1984,Maxwell@display=pairwise
v2181,v1984,a8b97762-73b3-4044-9b22-306bc8e61f40,v2181,Maxwell@display=pairwise
v2181,v2181,f70aaa7a-e3fb-4755-83d7-172c47cfed0b,v1984,Maxwell@display=pairwise
v1984,v2181,8babccc1-e414-4e5f-ae9b-a16091977afb,v1984,Maxwell@display=pairwise
v1984,v1984,b24999e8-2b46-4fe3-801f-d4019d087da5,v2181,Maxwell@display=pairwise
,v1984,bf99fc9d-3772-4df1-91d9-1196f5e51ecb,v2181,Maxwell@display=pairwise
v2181,v1984,c0a2023a-1855-4bf5-83a3-b2a1f277df4a,v2181,Maxwell@display=pairwise
v2181,v2181,4989c9a7-2a48-4c9b-8088-387d0efcfb45,v1984,Maxwell@display=pairwise
,v1984,b03c8d70-1916-4f7d-a03a-f96397ce85d6,v2181,Maxwell@display=pairwise
v1984,v2181,7c68e2ea-165f-4e18-af3c-a2f8199fcbd9,v1984,Maxwell@display=pairwise
v1373,v1373,196d047d-4bfe-4054-bcf3-da76fe0ecb11,v2513,Maxwell@display=pairwise
,v1373,2168499d-6438-474d-96fc-7346737ee935,v2513,Maxwell@display=pairwise
v1373,v1373,b6af1441-5d96-4d47-86bf-1907661846dc,v2513,Maxwell@display=pairwise
,v1373,da7d4669-ee69-4b69-9548-38fdb95e66a3,v2513,Maxwell@display=pairwise
v1373,v2513,91c5b80b-c738-4722-8cc5-80c4da596c5f,v1373,Maxwell@display=pairwise
v2513,v1373,8dbe2ffd-6f41-43a3-860b-153138fb521f,v2513,Maxwell@display=pairwise
,v1373,e9d198a2-2917-43d5-aa8b-88cd19cf45a2,v2513,Maxwell@display=pairwise
v1373,v2513,471f0556-5a0e-4c5c-b59c-c302504cf352,v1373,Maxwell@display=pairwise
,v1373,7eb95ab6-eca8-489b-b426-e9b15a50c9cb,v2513,Maxwell@display=pairwise
v1373,v1373,d9c24ced-2640-4502-9de4-cfc5bcd74967,v2513,Maxwell@display=pairwise
,v1025,b6af1441-5d96-4d47-86bf-1907661846dc,v3555,Maxwell@display=pairwise
v1025,v3555,bc7f1faa-49be-4e1c-af0f-a46d243c1067,v1025,Maxwell@display=pairwise
,v1025,99d92158-abae-45a9-b49b-737ab2119fa3,v3555,Maxwell@display=pairwise
v3555,v3555,44c0fd3d-af09-4205-a670-7c5ca7f9e4bd,v1025,Maxwell@display=pairwise
v3555,v3555,28674eee-cfc6-4ec4-a2f4-37fee5b5ec93,v1025,Maxwell@display=pairwise
v3555,v1025,e12b1db4-dd6b-4bd8-8b4c-d48269f88d44,v3555,Maxwell@display=pairwise
,v3555,0f9366f9-fade-450c-be0e-0ebb4444aece,v1025,Maxwell@display=pairwise
v3555,v1025,1e957696-1bdb-4655-8b5d-f0bc71305eea,v3555,Maxwell@display=pairwise
,v3555,537c627e-ce2d-4b04-939a-552205731bb6,v1025,Maxwell@display=pairwise
v3555,v1025,19ed7125-f9d4-4332-baa2-b57735cd4bae,v3555,Maxwell@display=pairwise
v4048,v0094,b3971b04-db2d-4833-8e3c-75359f5b3cb8,v4048,Maxwell@display=pairwise
v4048,v4048,ec984e8f-4c26-4d84-9206-1d97d0351074,v0094,Maxwell@display=pairwise
v4048,v0094,bb6f7d69-13e4-4bf4-9aa2-bfa5e8640d32,v4048,Maxwell@display=pairwise
v4048,v0094,8cd3ce2a-ac44-4c97-9c43-0018d5190dd0,v4048,Maxwell@display=pairwise
v4048,v0094,7c88f5ac-1415-4be3-a73f-f6eb914391f9,v4048,Maxwell@display=pairwise
v4048,v0094,8cd3ce2a-ac44-4c97-9c43-0018d5190dd0,v4048,Maxwell@display=pairwise
v4048,v4048,4cf27f34-7c95-4417-9203-7627dd0e8db3,v0094,Maxwell@display=pairwise
v4048,v0094,f49752e6-2b8d-49f0-9d45-3133a3421c15,v4048,Maxwell@display=pairwise
v4048,v0094,393a3c3e-2f6d-49dd-b9e0-18768e4dbb96,v4048,Maxwell@display=pairwise
v0094,v4048,2dfbfbc1-0480-4959-a667-9ccd54f1060e,v0094,Maxwell@display=pairwise
v4048,v4048,b6634fbf-fd8c-4256-96b7-8dbfefd99757,v1025,Maxwell@display=pairwise
v4048,v1025,c8663594-fd63-46c0-be02-64eede925ed2,v4048,Maxwell@display=pairwise
v4048,v1025,8cd3ce2a-ac44-4c97-9c43-0018d5190dd0,v4048,Maxwell@display=pairwise
v4048,v1025,c11a406e-302f-4f21-be2d-1f3a27fac77b,v4048,Maxwell@display=pairwise
v4048,v1025,a36304a0-0663-4875-8856-0bae1782c522,v4048,Maxwell@display=pairwise
v4048,v1025,79c3a676-3b48-40b3-80e7-da62c1543eaf,v4048,Maxwell@display=pairwise
v4048,v4048,b6634fbf-fd8c-4256-96b7-8dbfefd99757,v1025,Maxwell@display=pairwise
v4048,v4048,d94bd8df-f652-447c-ac56-476a6b31f32b,v1025,Maxwell@display=pairwise
,v4048,763852f1-e766-4548-82da-08f5e6450ba6,v1025,Maxwell@display=pairwise
v4048,v4048,992cc7e1-caa5-4e29-9a5c-8107bae22aaa,v1025,Maxwell@display=pairwise
v3740,v0162,b7ea617c-5ad5-4087-9795-bfd98e396875,v3740,Maxwell@display=pairwise
,v3740,31d01651-40ee-49ee-8266-1aee63461887,v0162,Maxwell@display=pairwise
v3740,v3740,2b257334-db97-4865-a3f7-4c4f89b0b221,v0162,Maxwell@display=pairwise
v3740,v3740,a1e319ac-953b-46f3-b0d8-c4b43561d7fe,v0162,Maxwell@display=pairwise
v3740,v3740,2b1366bc-270c-4bfe-9882-c9f5c9c8efda,v0162,Maxwell@display=pairwise
v3740,v3740,61f12ee8-b502-480f-96d7-2d477220aa9d,v0162,Maxwell@display=pairwise
v3740,v3740,8cd3ce2a-ac44-4c97-9c43-0018d5190dd0,v0162,Maxwell@display=pairwise
v3740,v0162,4b9764d8-3888-4dad-a4b1-b554f50cd991,v3740,Maxwell@display=pairwise
v3740,v0162,8babccc1-e414-4e5f-ae9b-a16091977afb,v3740,Maxwell@display=pairwise
v3740,v0162,18404967-3d84-48ab-b4ba-16911ddc4f5e,v3740,Maxwell@display=pairwise
v4034,v4034,8cd3ce2a-ac44-4c97-9c43-0018d5190dd0,v3065,Maxwell@display=pairwise
v4034,v4034,f70aaa7a-e3fb-4755-83d7-172c47cfed0b,v3065,Maxwell@display=pairwise
v4034,v3065,b444b366-4acf-4de2-bf8f-886c7ae9b36b,v4034,Maxwell@display=pairwise
v4034,v3065,7ed39ffd-82b7-4d82-b17c-073138b844a6,v4034,Maxwell@display=pairwise
,v3065,3d6a7a0d-a5fb-4cec-a5e2-3fe1b81d04db,v4034,Maxwell@display=pairwise
v4034,v3065,d4bb2ace-733e-49f7-9178-3c58fe2fb813,v4034,Maxwell@display=pairwise
v4034,v4034,58cd42ca-ab8e-42e2-b642-894b9b5a51b9,v3065,Maxwell@display=pairwise
v4034,v3065,f0cc1ae8-38f7-44df-a97b-70cfda024744,v4034,Maxwell@display=pairwise
v4034,v3065,2cb27c19-ded0-4142-8d53-29140e2d8004,v4034,Maxwell@display=pairwise
v4034,v3065,f31347b5-4dd9-48d6-9c55-c095b5716f4b,v4034,Maxwell@display=pairwise
v2828,v3292,19734119-5bd5-4bcb-a78a-ae6a53f4e8c4,v2828,Maxwell@display=pairwise
v2828,v3292,7eb95ab6-eca8-489b-b426-e9b15a50c9cb,v2828,Maxwell@display=pairwise
v2828,v3292,96f829ff-df3c-49ca-9af3-b69739e4a67a,v2828,Maxwell@display=pairwise
v2828,v2828,8cd3ce2a-ac44-4c97-9c43-0018d5190dd0,v3292,Maxwell@display=pairwise
v2828,v2828,de4830fb-a55e-481e-972c-e8cd68d4cf25,v3292,Maxwell@display=pairwise
v3292,v2828,b023edb0-5491-44a1-bacb-34942899fb86,v3292,Maxwell@display=pairwise
v2828,v2828,9b4634c9-30c1-4725-8f52-815faf943025,v3292,Maxwell@display=pairwise
v2828,v3292,eb1d4001-2c9c-463a-8ab8-6fe20a5c24ce,v2828,Maxwell@display=pairwise
,v3292,ccaef3a0-85de-4b7b-97a8-f6c96128a6b0,v2828,Maxwell@display=pairwise
v2828,v2828,a8b97762-73b3-4044-9b22-306bc8e61f40,v3292,Maxwell@display=pairwise
v1859,v3740,898cd458-3328-4ede-85e7-6e18eef38b6e,v1859,Maxwell@display=pairwise
v3740,v1859,d12d5d74-bc96-4264-8af6-cad9543bb1a7,v3740,Maxwell@display=pairwise
v3740,v3740,d71a87a3-844a-46bd-9968-6f2321da861a,v1859,Maxwell@display=pairwise
v1859,v3740,70b41da2-de44-482d-b32a-5aaa4502ce19,v1859,Maxwell@display=pairwise
v3740,v1859,bb124c47-757c-4a7c-a0d4-8c10f384baa9,v3740,Maxwell@display=pairwise
v1859,v1859,8cd3ce2a-ac44-4c97-9c43-0018d5190dd0,v3740,Maxwell@display=pairwise
v3740,v1859,cc66f008-3ba4-41b3-a1c3-0b1697a27ebe,v3740,Maxwell@display=pairwise
v3740,v3740,60697061-3fc4-4137-9789-63e68e409f11,v1859,Maxwell@display=pairwise
v1859,v3740,c11a406e-302f-4f21-be2d-1f3a27fac77b,v1859,Maxwell@display=pairwise
v3740,v3740,ec7a9023-9cdd-445b-934e-d5c95de760d5,v1859,Maxwell@display=pairwise
v2349,v2349,0fe8a7e1-5dbc-4a2b-b956-4e18128d5353,v3583,Maxwell@display=pairwise
v2349,v2349,8cd3ce2a-ac44-4c97-9c43-0018d5190dd0,v3583,Maxwell@display=pairwise
v2349,v3583,57510f28-373b-4b32-a9e5-a9c629bafe32,v2349,Maxwell@display=pairwise
v2349,v3583,c4028c28-4dc8-43ed-837f-6a102925f0a7,v2349,Maxwell@display=pairwise
v2349,v2349,e9d198a2-2917-43d5-aa8b-88cd19cf45a2,v3583,Maxwell@display=pairwise
v2349,v3583,a9bb321a-d4be-4f8e-aef5-0cdce93dd51c,v2349,Maxwell@display=pairwise
v3583,v3583,3bbd9e58-5b06-469e-9fa9-7e044bd4eac4,v2349,Maxwell@display=pairwise
v3583,v2349,a2988d9d-63df-4cf2-a445-7a1dbf7f45f3,v3583,Maxwell@display=pairwise
v3583,v3583,11bdad09-c1dc-4160-a3b3-e74f2d076796,v2349,Maxwell@display=pairwise
,v3583,73c3b426-5640-464d-8768-26eb4631fe7e,v2349,Maxwell@display=pairwise
v2828,v4537,07cb0fec-6496-46fd-9cbc-0dea3022bb18,v2828,Maxwell@display=pairwise
v4537,v4537,40769eac-f52a-479a-a451-81b241a88f64,v2828,Maxwell@display=pairwise
v4537,v4537,36c5c8c0-5e83-47ea-8f74-af418783618a,v2828,Maxwell@display=pairwise
v4537,v2828,9d91b01f-a800-4b2b-b343-d61dc7eaf041,v4537,Maxwell@display=pairwise
v4537,v2828,8cd3ce2a-ac44-4c97-9c43-0018d5190dd0,v4537,Maxwell@display=pairwise
v4537,v4537,8bd3e413-e73f-4b53-95b8-506af8c32cdf,v2828,Maxwell@display=pairwise
v4537,v4537,8dbe2ffd-6f41-43a3-860b-153138fb521f,v2828,Maxwell@display=pairwise
v4537,v2828,d26017bc-5f0f-46a9-9ecd-b0be37678c1f,v4537,Maxwell@display=pairwise
v4537,v2828,77216a3e-dd39-43a8-8d98-9d7a2de06023,v4537,Maxwell@display=pairwise
v4537,v2828,4c52ed79-8845-42cb-aab9-05e6faee8c9f,v4537,Maxwell@display=pairwise
v4034,v4034,f2a9fc90-657b-4726-9c43-bfa9bb2896ad,v3175,Maxwell@display=pairwise
v4034,v3175,75c9be23-99aa-4949-be3a-6b25c658091c,v4034,Maxwell@display=pairwise
v4034,v3175,eb1d4001-2c9c-463a-8ab8-6fe20a5c24ce,v4034,Maxwell@display=pairwise
v4034,v3175,5abb0625-0b84-4432-801d-e33a2c4185b8,v4034,Maxwell@display=pairwise
v4034,v4034,8cd3ce2a-ac44-4c97-9c43-0018d5190dd0,v3175,Maxwell@display=pairwise
v4034,v3175,e7003b82-7f53-47ce-b372-430970be62d0,v4034,Maxwell@display=pairwise
v4034,v4034,b7ea617c-5ad5-4087-9795-bfd98e396875,v3175,Maxwell@display=pairwise
v4034,v4034,d4bb2ace-733e-49f7-9178-3c58fe2fb813,v3175,Maxwell@display=pairwise
v4034,v3175,c373cb1c-b2ea-40dc-a923-bc767d23c95c,v4034,Maxwell@display=pairwise
v4034,v4034,35a5fd4a-c3d1-456f-81f3-f5489dcf64c7,v3175,Maxwell@display=pairwise
v3555,v3555,0c66784a-2acc-4614-8958-f9cede4473ed,v3175,Maxwell@display=pairwise
v3555,v3555,92b4633f-85e8-427d-a008-08fcc93e15e9,v3175,Maxwell@display=pairwise
v3555,v3175,3edabbb6-39e3-4150-a866-31860248b085,v3555,Maxwell@display=pairwise
v3555,v3175,471f0556-5a0e-4c5c-b59c-c302504cf352,v3555,Maxwell@display=pairwise
v3175,v3555,1ecf32ce-e1db-4d42-b15f-56df3d197faa,v3175,Maxwell@display=pairwise
v3555,v3175,8ba60b69-3825-4c10-beca-8d2e7ba9dfa1,v3555,Maxwell@display=pairwise
v3555,v3175,63543963-7fe0-4e5d-bb45-c5303123a3d0,v3555,Maxwell@display=pairwise
v3555,v3555,8cd3ce2a-ac44-4c97-9c43-0018d5190dd0,v3175,Maxwell@display=pairwise
v3555,v3175,c1e0c07c-4768-4d33-86b9-59bcd401dba5,v3555,Maxwell@display=pairwise
v3555,v3175,60697061-3fc4-4137-9789-63e68e409f11,v3555,Maxwell@display=pairwise
v2513,v2419,0de1e2fe-9589-46ff-ad16-6a47adb8c61a,v2513,Maxwell@display=pairwise
,v2513,4dea2b70-1476-45e6-a255-7bcc1601369b,v2419,Maxwell@display=pairwise
v2419,v2513,d83aba4d-3e51-4ba3-9f02-e7119f127b9e,v2419,Maxwell@display=pairwise
v2513,v2513,b1bb1cd5-b196-4cc9-8e55-a11b14166a3b,v2419,Maxwell@display=pairwise
,v2513,d5a0fb87-aa9c-42e7-8db5-0c41338699d2,v2419,Maxwell@display=pairwise
v2513,v2419,ee0ccb3c-dac0-417e-a70a-a62358481477,v2513,Maxwell@display=pairwise
v2419,v2513,d509e766-711c-4b31-97e2-89235a971fe1,v2419,Maxwell@display=pairwise
v2419,v2513,ea86f042-2ebf-4a30-abb1-fbde6c45a3d1,v2419,Maxwell@display=pairwise
v2419,v2513,f2c0d8f4-3093-434b-b640-14aa99aceaf7,v2419,Maxwell@display=pairwise
v2513,v2513,b6d8df5e-5610-473b-bd40-79fdcdfbdcdd,v2419,Maxwell@display=pairwise
v3740,v3740,c8663594-fd63-46c0-be02-64eede925ed2,v2801,Maxwell@display=pairwise
v2801,v2801,7777504d-190e-4865-ab1d-44476ebb48d1,v3740,Maxwell@display=pairwise
v2801,v2801,1e3cc6d0-8a93-4ccf-b54a-c049f3248c37,v3740,Maxwell@display=pairwise
v3740,v3740,723ecde4-3695-4235-afdf-bb230a3f2707,v2801,Maxwell@display=pairwise
v3740,v3740,bb6f7d69-13e4-4bf4-9aa2-bfa5e8640d32,v2801,Maxwell@display=pairwise
v3740,v3740,8cd3ce2a-ac44-4c97-9c43-0018d5190dd0,v2801,Maxwell@display=pairwise
v3740,v3740,11bdad09-c1dc-4160-a3b3-e74f2d076796,v2801,Maxwell@display=pairwise
v3740,v2801,9c031cfb-cda8-4869-acc8-11ec9ff4d69f,v3740,Maxwell@display=pairwise
v2801,v2801,a801b479-113e-4832-87fc-1561080418bb,v3740,Maxwell@display=pairwise
v3740,v3740,75187b75-792e-4a2a-8959-7a9b23e0ea24,v2801,Maxwell@display=pairwise
v3555,v2889,a0afca37-6b70-4a80-b1bf-0ae756a802f7,v3555,Maxwell@display=pairwise
v3555,v3555,d26017bc-5f0f-46a9-9ecd-b0be37678c1f,v2889,Maxwell@display=pairwise
v3555,v2889,2361ceac-d622-404d-ad76-7e85d587926e,v3555,Maxwell@display=pairwise
v3555,v3555,f911a403-5112-4234-ab0b-7497b7f4e3b4,v2889,Maxwell@display=pairwise
v3555,v2889,8cd3ce2a-ac44-4c97-9c43-0018d5190dd0,v3555,Maxwell@display=pairwise
v3555,v3555,99960bfc-5043-46f9-ad45-59bd03f9ab94,v2889,Maxwell@display=pairwise
v3555,v3555,de4830fb-a55e-481e-972c-e8cd68d4cf25,v2889,Maxwell@display=pairwise
v3555,v2889,f5eb8f70-1505-4e2f-a663-e4ee7192909b,v3555,Maxwell@display=pairwise
v3555,v2889,4dea2b70-1476-45e6-a255-7bcc1601369b,v3555,Maxwell@display=pairwise
v3555,v3555,ad2df09c-dcb5-4037-8441-c9c5b43a26e0,v2889,Maxwell@display=pairwise
v2328,v2181,4ea0873d-96ee-486c-bb32-18129db248af,v2328,Maxwell@display=pairwise
v2181,v2181,9e20e9ee-4c12-4160-ac86-23aa6338231c,v2328,Maxwell@display=pairwise
v2328,v2328,bbe32537-a4df-4a47-a041-578e56beeaff,v2181,Maxwell@display=pairwise
,v2328,ce0e0f0c-7b35-4e39-b905-dc94435761e5,v2181,Maxwell@display=pairwise
v2328,v2328,a9591a8a-3147-43f9-969a-2603ca967f9e,v2181,Maxwell@display=pairwise
,v2181,4592796c-7285-48a6-b77f-e5d5c08af6c0,v2328,Maxwell@display=pairwise
,v2328,8cd3ce2a-ac44-4c97-9c43-0018d5190dd0,v2181,Maxwell@display=pairwise
,v2181,f946f0a6-ea75-4cea-809a-e6d88d5c053d,v2328,Maxwell@display=pairwise
v2328,v2328,c758b9ec-c7db-4da8-8450-69226c6135d2,v2181,Maxwell@display=pairwise
v2328,v2328,112054de-a4f8-40be-8531-03283774f811,v2181,Maxwell@display=pairwise
v2519,v2328,d12d5d74-bc96-4264-8af6-cad9543bb1a7,v2519,Maxwell@display=pairwise
v2519,v2328,d587e507-f0f2-4be9-b688-318429aa0988,v2519,Maxwell@display=pairwise
v2519,v2519,c49821d5-18a2-4c47-912d-5e29660b0b92,v2328,Maxwell@display=pairwise
v2519,v2328,bbb2b770-5eab-4e22-9e43-7ff1c7cfcd31,v2519,Maxwell@display=pairwise
v2519,v2328,1032350e-f02d-40d9-8fe8-0a7feb5fc808,v2519,Maxwell@display=pairwise
v2519,v2328,8f373fcb-9f72-4cee-a804-75fa3cb722cd,v2519,Maxwell@display=pairwise
v2519,v2328,0b4069bf-814c-4e56-bd46-d37b8f058ea5,v2519,Maxwell@display=pairwise
v2519,v2519,d12d5d74-bc96-4264-8af6-cad9543bb1a7,v2328,Maxwell@display=pairwise
v2519,v2328,f19945e8-447a-46eb-adcc-ff690853c250,v2519,Maxwell@display=pairwise
v2519,v2328,f19945e8-447a-46eb-adcc-ff690853c250,v2519,Maxwell@display=pairwise
v3355,v3740,d12d5d74-bc96-4264-8af6-cad9543bb1a7,v3355,Maxwell@display=pairwise
v3355,v3355,7e52de1a-f83d-4bf5-81fb-f80371c158cb,v3740,Maxwell@display=pairwise
v3355,v3355,0ce9055c-8e48-4f35-8e94-9ca9bc88f80c,v3740,Maxwell@display=pairwise
v3740,v3355,3d6a7a0d-a5fb-4cec-a5e2-3fe1b81d04db,v3740,Maxwell@display=pairwise
v3355,v3355,51b8e6dd-0e31-4784-9b1a-6247028d8968,v3740,Maxwell@display=pairwise
,v3355,a3325c83-0a68-4363-ba47-16edb8edbff7,v3740,Maxwell@display=pairwise
v3740,v3355,d906e73c-afb6-4bc0-8cab-f6991cc560ba,v3740,Maxwell@display=pairwise
v3740,v3740,2d3e655e-b512-4a49-909c-3db4efbcdfcc,v3355,Maxwell@display=pairwise
v3355,v3740,09e4aacf-b969-495a-9de2-c294927e736b,v3355,Maxwell@display=pairwise
v3740,v3355,13876ad3-4e97-4915-be68-f5a26055772b,v3740,Maxwell@display=pairwise
v4097,v2181,d12d5d74-bc96-4264-8af6-cad9543bb1a7,v4097,Maxwell@display=pairwise
v4097,v2181,f356bf83-0f18-44d6-b192-780c6c0bdd3d,v4097,Maxwell@display=pairwise
v4097,v2181,ce0e0f0c-7b35-4e39-b905-dc94435761e5,v4097,Maxwell@display=pairwise
v4097,v4097,4727324f-737a-4ff6-9d12-84ae58106891,v2181,Maxwell@display=pairwise
v4097,v2181,f2c0d8f4-3093-434b-b640-14aa99aceaf7,v4097,Maxwell@display=pairwise
v4097,v4097,ed0092e8-c319-447b-a041-b75a08c6d0bd,v2181,Maxwell@display=pairwise
v4097,v2181,6d1409b9-6033-42e4-aa64-cd28900b3b16,v4097,Maxwell@display=pairwise
v4097,v4097,17f408f2-5335-4dad-a25b-77bd0f2e59db,v2181,Maxwell@display=pairwise
v4097,v4097,71d414a2-7da8-44c1-a7cb-4e81f84eb38a,v2181,Maxwell@display=pairwise
v4097,v2181,d5eb3ad8-a6f8-4d74-bc5b-9937bb2277b4,v4097,Maxwell@display=pairwise
v2181,v2181,d12d5d74-bc96-4264-8af6-cad9543bb1a7,v0529,Maxwell@display=pairwise
v2181,v2181,56396265-a727-4b26-87a2-fa020961705e,v0529,Maxwell@display=pairwise
v0529,v0529,9fde6f43-a5ca-4c47-a344-7575e5370d05,v2181,Maxwell@display=pairwise
v0529,v2181,d71a87a3-844a-46bd-9968-6f2321da861a,v0529,Maxwell@display=pairwise
v0529,v0529,a0a0bd53-c6ee-48c3-8d0d-7094f991b6c5,v2181,Maxwell@display=pairwise
v0529,v0529,b3fd58a0-de51-4535-89b9-5c4e67110491,v2181,Maxwell@display=pairwise
v0529,v0529,0ffc9aa5-c779-44ce-acc6-ab9cc92a02fb,v2181,Maxwell@display=pairwise
v2181,v2181,75b75480-7063-484c-9328-642307386043,v0529,Maxwell@display=pairwise
v2181,v0529,0dfde53f-a1c3-4854-9c02-3e41d9086ece,v2181,Maxwell@display=pairwise
,v2181,a370270f-41ec-4770-a029-71ceb6225e7b,v0529,Maxwell@display=pairwise
v1373,v0094,d12d5d74-bc96-4264-8af6-cad9543bb1a7,v1373,Maxwell@display=pairwise
v1373,v0094,c2695074-4db8-48d5-be71-3e9658613537,v1373,Maxwell@display=pairwise
v1373,v0094,f356bf83-0f18-44d6-b192-780c6c0bdd3d,v1373,Maxwell@display=pairwise
v1373,v0094,83d505a2-2b0d-4ae8-8f57-e375dcc387ac,v1373,Maxwell@display=pairwise
v1373,v1373,d4eabb9c-6f17-472b-ade4-3caa69edc47f,v0094,Maxwell@display=pairwise
v1373,v0094,75b75480-7063-484c-9328-642307386043,v1373,Maxwell@display=pairwise
v1373,v1373,382377d1-9207-4945-a189-62ca27420f73,v0094,Maxwell@display=pairwise
v1373,v1373,3d7fe021-5960-477b-910a-b9019bd40c53,v0094,Maxwell@display=pairwise
v1373,v1373,d26017bc-5f0f-46a9-9ecd-b0be37678c1f,v0094,Maxwell@display=pairwise
v1373,v1373,8df9f32c-7ad0-46ab-b52d-026eca9182d5,v0094,Maxwell@display=pairwise
v4537,v4537,d12d5d74-bc96-4264-8af6-cad9543bb1a7,v4511,Maxwell@display=pairwise
v4537,v4511,dfceda5f-e578-454c-835e-b70237867fd1,v4537,Maxwell@display=pairwise
v4537,v4537,2b3373d8-d55d-4fe9-8c30-800e1e6ed65f,v4511,Maxwell@display=pairwise
v4537,v4511,b24999e8-2b46-4fe3-801f-d4019d087da5,v4537,Maxwell@display=pairwise
v4537,v4511,04d503da-7425-4759-9db6-290899a58639,v4537,Maxwell@display=pairwise
,v4511,dedbfcfc-7bd5-4ca8-94c8-dc770921f545,v4537,Maxwell@display=pairwise
v4511,v4537,c1e0c07c-4768-4d33-86b9-59bcd401dba5,v4511,Maxwell@display=pairwise
,v4537,f602cd51-03c9-41b5-a85a-b7d81dde76dd,v4511,Maxwell@display=pairwise
v4537,v4511,8af492ec-8e66-4d99-a408-22dea1cbafd6,v4537,Maxwell@display=pairwise
v4511,v4537,2b8c1e14-fdc9-4c52-a214-1887ac95a9ba,v4511,Maxwell@display=pairwise
v0162,v3065,d12d5d74-bc96-4264-8af6-cad9543bb1a7,v0162,Maxwell@display=pairwise
v3065,v0162,8f373fcb-9f72-4cee-a804-75fa3cb722cd,v3065,Maxwell@display=pairwise
v3065,v3065,d509e766-711c-4b31-97e2-89235a971fe1,v0162,Maxwell@display=pairwise
v3065,v3065,79978944-2bb6-45ce-bd59-529f44c09c69,v0162,Maxwell@display=pairwise
v3065,v0162,e17e2dcf-3979-4b09-8713-28d55d90138b,v3065,Maxwell@display=pairwise
v3065,v3065,d89cf878-af30-4d2e-82be-a3486412cde9,v0162,Maxwell@display=pairwise
v3065,v3065,db7a1735-7ea2-4e72-93df-997a3c7a0046,v0162,Maxwell@display=pairwise
v3065,v3065,4102f50c-9bd0-46b1-a432-2abc3ac76044,v0162,Maxwell@display=pairwise
v0162,v3065,13876ad3-4e97-4915-be68-f5a26055772b,v0162,Maxwell@display=pairwise
v3065,v3065,a36304a0-0663-4875-8856-0bae1782c522,v0162,Maxwell@display=pairwise
v0314,v0328,d12d5d74-bc96-4264-8af6-cad9543bb1a7,v0314,Maxwell@display=pairwise
v0328,v0328,77ef258d-f371-4535-9484-4b3f05f01108,v0314,Maxwell@display=pairwise
v0328,v0314,de36c471-90c9-4ad1-b5df-404e1caccda4,v0328,Maxwell@display=pairwise
v0314,v0314,5ca80653-5ca4-4a63-a5e9-7c13c6f6ef4e,v0328,Maxwell@display=pairwise
,v0328,c942376b-0080-4a53-825b-8c8974c18262,v0314,Maxwell@display=pairwise
,v0328,b678ad4f-2bf3-4079-925c-47a98abb234f,v0314,Maxwell@display=pairwise
v0314,v0314,ab45a492-e076-489d-bd8f-39251a92f0ab,v0328,Maxwell@display=pairwise
v0314,v0328,f27bb50a-2b7d-4f18-8fa3-a3fd7bc9fd8e,v0314,Maxwell@display=pairwise
v0314,v0328,f00b6b27-7f50-4848-9d4f-1c6640f6281b,v0314,Maxwell@display=pairwise
,v0328,2168499d-6438-474d-96fc-7346737ee935,v0314,Maxwell@display=pairwise
v1859,v1859,d12d5d74-bc96-4264-8af6-cad9543bb1a7,v1190,Maxwell@display=pairwise
v1859,v1190,f9a473c4-8c67-43a8-a756-7a3922b8d30c,v1859,Maxwell@display=pairwise
v1190,v1859,a4914634-9c3a-4b63-ba2f-eae01b722ce6,v1190,Maxwell@display=pairwise
v1859,v1859,3a23769b-fdcf-4dd6-b967-a8640412a76e,v1190,Maxwell@display=pairwise
v1190,v1190,ee0ccb3c-dac0-417e-a70a-a62358481477,v1859,Maxwell@display=pairwise
v1190,v1190,4cfaf7eb-7c7a-4d23-afa8-6e9c8e64a6b4,v1859,Maxwell@display=pairwise
v1190,v1190,86c3fdc9-9648-4efc-ba1f-d8b06b701e87,v1859,Maxwell@display=pairwise
v1190,v1190,3fb4c47e-e723-4f8f-9933-f39a498c7374,v1859,Maxwell@display=pairwise
v1190,v1190,f27bb50a-2b7d-4f18-8fa3-a3fd7bc9fd8e,v1859,Maxwell@display=pairwise
v1190,v1190,088c8375-45de-4caf-8da5-b1d72abe0de0,v1859,Maxwell@display=pairwise
v4537,v4537,d12d5d74-bc96-4264-8af6-cad9543bb1a7,v2635,Maxwell@display=pairwise
v4537,v4537,4816403d-b202-4e68-a3f1-f212baf4c17a,v2635,Maxwell@display=pairwise
v4537,v4537,f19facc3-19e1-44d0-b4a8-eb2b60cb7a57,v2635,Maxwell@display=pairwise
v4537,v4537,551170cd-eec1-45e1-8fcb-38d560259044,v2635,Maxwell@display=pairwise
v4537,v4537,3b229a65-310a-43d5-a784-9b94a939355b,v2635,Maxwell@display=pairwise
v4537,v2635,3b229a65-310a-43d5-a784-9b94a939355b,v4537,Maxwell@display=pairwise
v4537,v2635,4d959969-12c9-4934-bcb0-01c74a0bca6d,v4537,Maxwell@display=pairwise
v4537,v4537,2dfbfbc1-0480-4959-a667-9ccd54f1060e,v2635,Maxwell@display=pairwise
v4537,v4537,152a0477-3c32-40f2-b0e2-738202586ba4,v2635,Maxwell@display=pairwise
v4537,v2635,2b1366bc-270c-4bfe-9882-c9f5c9c8efda,v4537,Maxwell@display=pairwise
v4537,v3583,d12d5d74-bc96-4264-8af6-cad9543bb1a7,v4537,Maxwell@display=pairwise
v4537,v3583,a3d1f70b-d059-4df3-a624-738230878ceb,v4537,Maxwell@display=pairwise
v4537,v3583,60697061-3fc4-4137-9789-63e68e409f11,v4537,Maxwell@display=pairwise
v4537,v4537,ce0e0f0c-7b35-4e39-b905-dc94435761e5,v3583,Maxwell@display=pairwise
v4537,v4537,70b41da2-de44-482d-b32a-5aaa4502ce19,v3583,Maxwell@display=pairwise
v4537,v4537,70b41da2-de44-482d-b32a-5aaa4502ce19,v3583,Maxwell@display=pairwise
v4537,v4537,3665f070-cce1-4979-995c-d117a13742ab,v3583,Maxwell@display=pairwise
,v3583,a4495c73-1fd9-49f1-b09f-2185ce15ede4,v4537,Maxwell@display=pairwise
v4537,v4537,13876ad3-4e97-4915-be68-f5a26055772b,v3583,Maxwell@display=pairwise
v4537,v4537,9f33edc6-8672-491a-9b40-8bb445f9aaf0,v3583,Maxwell@display=pairwise
v4097,v4097,d12d5d74-bc96-4264-8af6-cad9543bb1a7,v4166,Maxwell@display=pairwise
v4097,v4166,c12316ba-19d8-4db6-aa66-b424906ea895,v4097,Maxwell@display=pairwise
v4097,v4097,badc275d-8c39-4e6d-9416-b53dc225505f,v4166,Maxwell@display=pairwise
,v4166,af7f19e9-f83a-45ae-8df8-fb20d08eddf9,v4097,Maxwell@display=pairwise
v4166,v4097,cc2b08c4-b73c-48a9-95c6-b79cfa497b75,v4166,Maxwell@display=pairwise
v4166,v4166,b24999e8-2b46-4fe3-801f-d4019d087da5,v4097,Maxwell@display=pairwise
v4166,v4166,b81d92ba-8124-4bce-949c-8d5b226bc693,v4097,Maxwell@display=pairwise
v4097,v4166,13876ad3-4e97-4915-be68-f5a26055772b,v4097,Maxwell@display=pairwise
,v4097,573722c4-6130-4835-b049-7c523af50881,v4166,Maxwell@display=pairwise
v4097,v4166,7829a094-b56d-4784-81b4-d56f0af9d0ee,v4097,Maxwell@display=pairwise
v4235,v1984,d12d5d74-bc96-4264-8af6-cad9543bb1a7,v4235,Maxwell@display=pairwise
v4235,v4235,51a741d8-2e85-48fb-a41a-ec0b312ce2e7,v1984,Maxwell@display=pairwise
v4235,v4235,6e2024e3-6dbd-4f38-acdd-ea74cebf7e8b,v1984,Maxwell@display=pairwise
v4235,v4235,118e07a5-5d2c-405c-8ce0-e462951bf1c8,v1984,Maxwell@display=pairwise
v4235,v1984,118e07a5-5d2c-405c-8ce0-e462951bf1c8,v4235,Maxwell@display=pairwise
v4235,v1984,ce8b19c4-1057-436f-bb25-a0caf7200f5d,v4235,Maxwell@display=pairwise
v4235,v4235,58cd42ca-ab8e-42e2-b642-894b9b5a51b9,v1984,Maxwell@display=pairwise
v4235,v4235,f875a8f1-ecd5-4cae-ac35-6f6466d90237,v1984,Maxwell@display=pairwise
v4235,v1984,f6f6b226-3ab0-4a3c-84fb-0ce9390db359,v4235,Maxwell@display=pairwise
v4235,v4235,77216a3e-dd39-43a8-8d98-9d7a2de06023,v1984,Maxwell@display=pairwise
,v3175,bbe32537-a4df-4a47-a041-578e56beeaff,v0162,Maxwell@display=pairwise
v3175,v0162,761748d4-d10d-4076-8ba5-4316321078d2,v3175,Maxwell@display=pairwise
v3175,v0162,d509e766-711c-4b31-97e2-89235a971fe1,v3175,Maxwell@display=pairwise
v3175,v0162,7b6e20cf-14ac-40b3-aa99-d26500b0f503,v3175,Maxwell@display=pairwise
v3175,v3175,03183d72-50e8-4e1d-b6c9-97bb58ba8b6d,v0162,Maxwell@display=pairwise
v3175,v3175,e5f76cbe-fd04-46f5-a5de-6fccf701bb11,v0162,Maxwell@display=pairwise
v3175,v0162,e07bb13d-8d71-400d-8aee-9277fb8773d2,v3175,Maxwell@display=pairwise
,v0162,0ae52a80-c78b-4022-a6d6-28c3b4f01754,v3175,Maxwell@display=pairwise
v3175,v0162,2c834ab6-0751-4690-918f-5398a2160f15,v3175,Maxwell@display=pairwise
v3175,v0162,178c8651-5570-4a73-b49a-7a93daf21ea4,v3175,Maxwell@display=pairwise
v4125,v4125,4d959969-12c9-4934-bcb0-01c74a0bca6d,v0265,Maxwell@display=pairwise
v4125,v0265,2cb27c19-ded0-4142-8d53-29140e2d8004,v4125,Maxwell@display=pairwise
v4125,v0265,b0a5e289-dfa4-4711-82d4-37068f8fbd93,v4125,Maxwell@display=pairwise
v4125,v4125,5f0e1c3b-b962-4d11-85a8-675dfa400631,v0265,Maxwell@display=pairwise
v4125,v0265,4d86c7c5-5db7-417f-a214-04a9b2e84841,v4125,Maxwell@display=pairwise
v4125,v0265,bbe32537-a4df-4a47-a041-578e56beeaff,v4125,Maxwell@display=pairwise
v4125,v4125,5d191acd-806f-4f0a-873f-cff5ef5c5178,v0265,Maxwell@display=pairwise
v4125,v4125,7b13df41-d02b-4ab9-8b85-abff32c57a7f,v0265,Maxwell@display=pairwise
v4125,v0265,8babccc1-e414-4e5f-ae9b-a16091977afb,v4125,Maxwell@display=pairwise
v4125,v4125,2cb27c19-ded0-4142-8d53-29140e2d8004,v0265,Maxwell@display=pairwise
v2083,v4235,bbe32537-a4df-4a47-a041-578e56beeaff,v2083,Maxwell@display=pairwise
v4235,v2083,c60e31c0-caae-47ba-a4eb-accd420e3b27,v4235,Maxwell@display=pairwise
,v4235,2a13fd1a-a20e-4bc2-8695-27ba20d2f10a,v2083,Maxwell@display=pairwise
v2083,v2083,1cb93b11-5310-4d5c-a726-b413659dd3b8,v4235,Maxwell@display=pairwise
v4235,v2083,7bf3dae0-af9d-4a3f-894f-9ff0503f5348,v4235,Maxwell@display=pairwise
v4235,v4235,d02f408f-c495-4a1f-83e0-411da8e86fed,v2083,Maxwell@display=pairwise
v4235,v2083,2eb7870f-25ce-49d2-a094-ac88dd1f63ad,v4235,Maxwell@display=pairwise
v4235,v4235,344d07d0-63a8-46e8-a5fa-10d7dec66115,v2083,Maxwell@display=pairwise
v2083,v2083,38c262d4-c1a0-4fa7-a248-d22e30007be5,v4235,Maxwell@display=pairwise
v2083,v2083,1cb93b11-5310-4d5c-a726-b413659dd3b8,v4235,Maxwell@display=pairwise
v1025,v1025,bbe32537-a4df-4a47-a041-578e56beeaff,v2328,Maxwell@display=pairwise
v1025,v2328,3a37653c-9f20-4105-9e6f-d0197869e5ec,v1025,Maxwell@display=pairwise
v2328,v1025,4716ee65-37dd-4db1-9c22-e34ae3582bb0,v2328,Maxwell@display=pairwise
v2328,v1025,04d503da-7425-4759-9db6-290899a58639,v2328,Maxwell@display=pairwise
v2328,v1025,b8283f80-554f-404a-936c-a4114b3184d8,v2328,Maxwell@display=pairwise
v2328,v1025,48990368-f0c8-46e1-9f8b-61fbaec1f893,v2328,Maxwell@display=pairwise
,v2328,75cae008-0dbc-41be-8295-da701fdf0dba,v1025,Maxwell@display=pairwise
,v1025,4fc856c7-d2f0-44da-a97b-0af57f30e5a4,v2328,Maxwell@display=pairwise
v1025,v2328,a0379086-b099-4907-aa9d-8691ca28df83,v1025,Maxwell@display=pairwise
v2328,v1025,1f073ed6-cf9c-4eed-aa27-85dfc3f34f60,v2328,Maxwell@display=pairwise
v0265,v0314,8477eb0e-905a-4f16-a145-97a894176374,v0265,Maxwell@display=pairwise
v0265,v0265,8f373fcb-9f72-4cee-a804-75fa3cb722cd,v0314,Maxwell@display=pairwise
v0265,v0314,b678ad4f-2bf3-4079-925c-47a98abb234f,v0265,Maxwell@display=pairwise
v0265,v0314,2d3e655e-b512-4a49-909c-3db4efbcdfcc,v0265,Maxwell@display=pairwise
v0265,v0265,bf99fc9d-3772-4df1-91d9-1196f5e51ecb,v0314,Maxwell@display=pairwise
v0314,v0314,3e0aac66-8a88-4eed-8f47-efd5191e53ca,v0265,Maxwell@display=pairwise
v0265,v0314,bbe32537-a4df-4a47-a041-578e56beeaff,v0265,Maxwell@display=pairwise
v0265,v0314,012e7cd7-0094-41da-8b41-78a70aca8f4d,v0265,Maxwell@display=pairwise
v0265,v0265,7d4a4252-1531-470f-ab07-6f334dace1b9,v0314,Maxwell@display=pairwise
v0265,v0314,bf99fc9d-3772-4df1-91d9-1196f5e51ecb,v0265,Maxwell@display=pairwise
v1373,v1373,3edabbb6-39e3-4150-a866-31860248b085,v2063,Maxwell@display=pairwise
v2063,v1373,bbe32537-a4df-4a47-a041-578e56beeaff,v2063,Maxwell@display=pairwise
v1373,v1373,99d92158-abae-45a9-b49b-737ab2119fa3,v2063,Maxwell@display=pairwise
v2063,v1373,0d3dafc8-efe4-4f72-8d19-f15b19149fe4,v2063,Maxwell@display=pairwise
v1373,v2063,b03c8d70-1916-4f7d-a03a-f96397ce85d6,v1373,Maxwell@display=pairwise
v1373,v1373,184ea99b-88b2-410a-8041-f9980509d0f3,v2063,Maxwell@display=pairwise
v2063,v2063,a0a0bd53-c6ee-48c3-8d0d-7094f991b6c5,v1373,Maxwell@display=pairwise
v1373,v1373,0e80b9f5-c6c9-4c92-8afc-d29ed45b16c6,v2063,Maxwell@display=pairwise
v2063,v2063,c239ae1a-841e-4d54-a08c-d85c41ac1c6f,v1373,Maxwell@display=pairwise
v1373,v1373,f356bf83-0f18-44d6-b192-780c6c0bdd3d,v2063,Maxwell@display=pairwise
,v1394,c4028c28-4dc8-43ed-837f-6a102925f0a7,v0314,Maxwell@display=pairwise
v1394,v0314,e0c1d00e-b138-4166-ac9f-cf7cfd33e902,v1394,Maxwell@display=pairwise
,v1394,c807ebed-1cf6-4d16-a376-9d47740f211c,v0314,Maxwell@display=pairwise
,v1394,c807ebed-1cf6-4d16-a376-9d47740f211c,v0314,Maxwell@display=pairwise
v1394,v1394,f70aaa7a-e3fb-4755-83d7-172c47cfed0b,v0314,Maxwell@display=pairwise
v0314,v1394,b2c57169-2eb4-4673-8dd4-c2a4360d21d9,v0314,Maxwell@display=pairwise
v1394,v1394,bbe32537-a4df-4a47-a041-578e56beeaff,v0314,Maxwell@display=pairwise
,v1394,11b57023-0038-4da7-9328-34ce0bd22606,v0314,Maxwell@display=pairwise
v1394,v1394,a36304a0-0663-4875-8856-0bae1782c522,v0314,Maxwell@display=pairwise
v0314,v0314,cd7370ec-f239-4919-be0d-7c980be77ec7,v1394,Maxwell@display=pairwise
v1984,v0094,bbe32537-a4df-4a47-a041-578e56beeaff,v1984,Maxwell@display=pairwise
v1984,v1984,4816403d-b202-4e68-a3f1-f212baf4c17a,v0094,Maxwell@display=pairwise
v1984,v1984,57510f28-373b-4b32-a9e5-a9c629bafe32,v0094,Maxwell@display=pairwise
v1984,v1984,d71a87a3-844a-46bd-9968-6f2321da861a,v0094,Maxwell@display=pairwise
v1984,v1984,996d4f04-efe4-4b10-9ba5-28b5dca74aed,v0094,Maxwell@display=pairwise
v1984,v0094,2dd89ba6-d0b2-4975-8d14-d6d471fa562e,v1984,Maxwell@display=pairwise
v1984,v1984,d83aba4d-3e51-4ba3-9f02-e7119f127b9e,v0094,Maxwell@display=pairwise
v1984,v1984,d3550857-7c9d-4e98-8202-433d0a535e77,v0094,Maxwell@display=pairwise
,v1984,5b7f9010-471e-4f05-967c-a840f99bbcaf,v0094,Maxwell@display=pairwise
v1984,v1984,b8c63c99-2a85-402e-a74a-1969eeefd861,v0094,Maxwell@display=pairwise
v0878,v0878,bbe32537-a4df-4a47-a041-578e56beeaff,v0530,Maxwell@display=pairwise
v0878,v0530,5c136a49-d41e-4881-93c3-e597c637a8dc,v0878,Maxwell@display=pairwise
v0878,v0530,c807ebed-1cf6-4d16-a376-9d47740f211c,v0878,Maxwell@display=pairwise
v0878,v0530,ae30bc61-78e0-4361-a5bc-9e7c1bbf8f1c,v0878,Maxwell@display=pairwise
v0878,v0878,898cd458-3328-4ede-85e7-6e18eef38b6e,v0530,Maxwell@display=pairwise
v0878,v0530,c57b2313-faa0-4c95-b91f-4f3c7609b1c1,v0878,Maxwell@display=pairwise
v0530,v0878,5b7941b2-f536-4d14-bc56-02d70068e6a3,v0530,Maxwell@display=pairwise
v0878,v0530,e2414b46-7c69-407b-9c61-a18878f36403,v0878,Maxwell@display=pairwise
v0878,v0530,4989c9a7-2a48-4c9b-8088-387d0efcfb45,v0878,Maxwell@display=pairwise
v0878,v0878,f74805b0-7406-4a6a-9a49-5c7b8bedda55,v0530,Maxwell@display=pairwise
v2519,v0530,b75ed7ec-fc7e-4170-917d-244db89f64a2,v2519,Maxwell@display=pairwise
v2519,v2519,b023edb0-5491-44a1-bacb-34942899fb86,v0530,Maxwell@display=pairwise
v2519,v2519,bbe32537-a4df-4a47-a041-578e56beeaff,v0530,Maxwell@display=pairwise
v2519,v2519,5826cad1-e0ae-480c-a6a3-3f6fd53569fa,v0530,Maxwell@display=pairwise
v2519,v2519,86523267-18b8-471d-80c4-42b0069c1f65,v0530,Maxwell@display=pairwise
v2519,v2519,75b75480-7063-484c-9328-642307386043,v0530,Maxwell@display=pairwise
v2519,v0530,5abb0625-0b84-4432-801d-e33a2c4185b8,v2519,Maxwell@display=pairwise
v2519,v2519,df68e14a-a48a-44ee-907b-0a8e92920b98,v0530,Maxwell@display=pairwise
v2519,v2519,d6c9a5ed-1280-4497-91b4-033d6937541e,v0530,Maxwell@display=pairwise
v2519,v0530,4d22e541-90af-43bf-b2b9-955594802908,v2519,Maxwell@display=pairwise
v2801,v2801,de4830fb-a55e-481e-972c-e8cd68d4cf25,v2349,Maxwell@display=pairwise
v2349,v2349,bbe32537-a4df-4a47-a041-578e56beeaff,v2801,Maxwell@display=pairwise
v2349,v2349,319e1e2f-e9cf-4981-8ce2-42f5765137f5,v2801,Maxwell@display=pairwise
v2349,v2349,67159434-83bd-4d1a-aaa8-379718f13f27,v2801,Maxwell@display=pairwise
v2349,v2801,027d3766-10fa-4410-bda9-dfabae5b973f,v2349,Maxwell@display=pairwise
v2349,v2801,a0a0bd53-c6ee-48c3-8d0d-7094f991b6c5,v2349,Maxwell@display=pairwise
v2349,v2801,4592796c-7285-48a6-b77f-e5d5c08af6c0,v2349,Maxwell@display=pairwise
v2349,v2801,26daa196-3e51-425f-8944-e7e21c5dca40,v2349,Maxwell@display=pairwise
v2349,v2801,edb15e9d-3f08-4975-bdc5-dd360e208bf1,v2349,Maxwell@display=pairwise
v2349,v2801,ee8149de-cb82-49cc-9038-c54766ad70c9,v2349,Maxwell@display=pairwise
v0009,v1394,15187a17-10c3-4501-b4fd-190e9264fb64,v0009,Maxwell@display=pairwise
v0009,v1394,65e04b88-b95c-42e6-8ba6-6588703dc773,v0009,Maxwell@display=pairwise
,v1394,bbe32537-a4df-4a47-a041-578e56beeaff,v0009,Maxwell@display=pairwise
v1394,v1394,f1338919-3049-404e-9297-43ad044caf39,v0009,Maxwell@display=pairwise
v0009,v0009,24c7bb15-fdc7-448c-96a3-557e772127cd,v1394,Maxwell@display=pairwise
v1394,v0009,7d2ece56-ce0a-475c-949e-6db477f55ee0,v1394,Maxwell@display=pairwise
v1394,v0009,b7ea617c-5ad5-4087-9795-bfd98e396875,v1394,Maxwell@display=pairwise
v0009,v1394,99960bfc-5043-46f9-ad45-59bd03f9ab94,v0009,Maxwell@display=pairwise
v1394,v0009,2446fec6-a38b-400c-b3fa-911eda094d0e,v1394,Maxwell@display=pairwise
v1394,v0009,bb6f7d69-13e4-4bf4-9aa2-bfa5e8640d32,v1394,Maxwell@display=pairwise
v4048,v4048,b37cf829-f3ab-45f0-b043-f1ab634e7a57,v3740,Maxwell@display=pairwise
v4048,v3740,35848222-14fa-4e1a-838c-efac9c195ea5,v4048,Maxwell@display=pairwise
v4048,v4048,14683b3e-6dfe-4a10-8db1-20dfd0dd5f20,v3740,Maxwell@display=pairwise
v4048,v3740,19d8041f-78dc-4148-92f4-1190481c0358,v4048,Maxwell@display=pairwise
v4048,v3740,b023edb0-5491-44a1-bacb-34942899fb86,v4048,Maxwell@display=pairwise
v4048,v4048,5db812e2-a89e-42af-b619-98c02720d311,v3740,Maxwell@display=pairwise
v4048,v4048,b3fd58a0-de51-4535-89b9-5c4e67110491,v3740,Maxwell@display=pairwise
v3740,v4048,645e51c3-9fec-4ced-8d9a-9cb4556a319b,v3740,Maxwell@display=pairwise
v4048,v3740,7bf3dae0-af9d-4a3f-894f-9ff0503f5348,v4048,Maxwell@display=pairwise
,v4048,bbe32537-a4df-4a47-a041-578e56beeaff,v3740,Maxwell@display=pairwise
v2083,v1025,f946f0a6-ea75-4cea-809a-e6d88d5c053d,v2083,Maxwell@display=pairwise
v1025,v2083,10b74529-4728-4409-849d-3c0d908d3219,v1025,Maxwell@display=pairwise
v1025,v2083,36c5c8c0-5e83-47ea-8f74-af418783618a,v1025,Maxwell@display=pairwise
v2083,v2083,bbe32537-a4df-4a47-a041-578e56beeaff,v1025,Maxwell@display=pairwise
v2083,v1025,62d31ed8-f652-4253-8467-0143cdef952e,v2083,Maxwell@display=pairwise
v2083,v2083,e31be515-887d-4ea7-94f6-f82b0cf24a2c,v1025,Maxwell@display=pairwise
v1025,v1025,768f2d5e-4da6-4e17-a974-b681ec9fada3,v2083,Maxwell@display=pairwise
v2083,v2083,394306dc-2895-4b57-927b-ea57c3a2bf45,v1025,Maxwell@display=pairwise
v2083,v2083,d5e997d9-e2c0-46e2-a2f7-ac9521784839,v1025,Maxwell@display=pairwise
v2083,v1025,d0ad4187-7811-434d-a93d-afbb3b6b1ad7,v2083,Maxwell@display=pairwise
v4537,v4537,0d163640-7ce2-47ca-83f8-bcfba73c7585,v4048,Maxwell@display=pairwise
v4537,v4537,7e52de1a-f83d-4bf5-81fb-f80371c158cb,v4048,Maxwell@display=pairwise
v4537,v4537,2a13fd1a-a20e-4bc2-8695-27ba20d2f10a,v4048,Maxwell@display=pairwise
v4048,v4048,6d6a6d9c-16c4-43d3-860f-2faf372131a2,v4537,Maxwell@display=pairwise
v4537,v4537,3ceee84d-5b67-4517-bb80-572756bac2c2,v4048,Maxwell@display=pairwise
v4048,v4048,b023edb0-5491-44a1-bacb-34942899fb86,v4537,Maxwell@display=pairwise
,v4537,bab736be-b6c3-4a0a-8930-23ed65f562f2,v4048,Maxwell@display=pairwise
v4048,v4048,87e8a297-f718-4c2c-b36e-ad49b5f87820,v4537,Maxwell@display=pairwise
,v4537,21d72962-585b-49b1-848c-8861ed477ea6,v4048,Maxwell@display=pairwise
v4537,v4537,814ef15f-db94-48de-9643-528fc2a355eb,v4048,Maxwell@display=pairwise
v2801,v0094,0d163640-7ce2-47ca-83f8-bcfba73c7585,v2801,Maxwell@display=pairwise
v2801,v0094,dfc97b6f-3cc1-4816-a858-130686d22ee0,v2801,Maxwell@display=pairwise
v2801,v2801,a0afca37-6b70-4a80-b1bf-0ae756a802f7,v0094,Maxwell@display=pairwise
v2801,v0094,9c031cfb-cda8-4869-acc8-11ec9ff4d69f,v2801,Maxwell@display=pairwise
v2801,v0094,5bb3993d-a33e-4c46-b25a-22c22b9ad7a0,v2801,Maxwell@display=pairwise
v2801,v0094,4cfaf7eb-7c7a-4d23-afa8-6e9c8e64a6b4,v2801,Maxwell@display=pairwise
v2801,v0094,d0ad4187-7811-434d-a93d-afbb3b6b1ad7,v2801,Maxwell@display=pairwise
v0094,v2801,8af492ec-8e66-4d99-a408-22dea1cbafd6,v0094,Maxwell@display=pairwise
v2801,v0094,2b1366bc-270c-4bfe-9882-c9f5c9c8efda,v2801,Maxwell@display=pairwise
v2801,v2801,bbb7e5c5-7f84-4e07-ac19-886dc274ce48,v0094,Maxwell@display=pairwise
v2801,v2801,0d163640-7ce2-47ca-83f8-bcfba73c7585,v0530,Maxwell@display=pairwise
v2801,v2801,57510f28-373b-4b32-a9e5-a9c629bafe32,v0530,Maxwell@display=pairwise
v2801,v0530,c11a406e-302f-4f21-be2d-1f3a27fac77b,v2801,Maxwell@display=pairwise
v2801,v0530,1486a399-1ff1-4c12-96f9-9ef26a428a72,v2801,Maxwell@display=pairwise
v2801,v2801,72650adb-e74b-4566-aece-9fbc4d64d47d,v0530,Maxwell@display=pairwise
v2801,v2801,196d047d-4bfe-4054-bcf3-da76fe0ecb11,v0530,Maxwell@display=pairwise
v2801,v2801,50e68f35-10c5-4dcd-833e-3680adb69b60,v0530,Maxwell@display=pairwise
v2801,v0530,bdc19414-eecd-4bae-b622-f06ee94a9b55,v2801,Maxwell@display=pairwise
v2801,v0530,291f1ce5-afb6-47f8-bf06-629bc6007f6a,v2801,Maxwell@display=pairwise
v2801,v0530,93650a77-b874-44f5-a36e-8c9163eee72e,v2801,Maxwell@display=pairwise
v0529,v0529,0d163640-7ce2-47ca-83f8-bcfba73c7585,v0265,Maxwell@display=pairwise
v0265,v0529,08acb1cc-935b-4495-af50-070631f21ee8,v0265,Maxwell@display=pairwise
v0529,v0265,3ae23a3a-cf84-443a-bd7a-188731da4225,v0529,Maxwell@display=pairwise
v0529,v0265,52b1311f-d563-4bed-8528-b0a80a845ed3,v0529,Maxwell@display=pairwise
v0529,v0265,c57b2313-faa0-4c95-b91f-4f3c7609b1c1,v0529,Maxwell@display=pairwise
v0265,v0529,ba2e5955-a806-4ec0-b668-6073bb201c11,v0265,Maxwell@display=pairwise
,v0265,f602cd51-03c9-41b5-a85a-b7d81dde76dd,v0529,Maxwell@display=pairwise
v0265,v0529,58cd42ca-ab8e-42e2-b642-894b9b5a51b9,v0265,Maxwell@display=pairwise
v0265,v0265,19e2587c-4d46-491a-9939-ee51abe19c39,v0529,Maxwell@display=pairwise
v0529,v0529,d0c823c4-c423-43a3-96bb-7f91f3fd8621,v0265,Maxwell@display=pairwise
v0878,v0878,0d163640-7ce2-47ca-83f8-bcfba73c7585,v0314,Maxwell@display=pairwise
v0878,v0878,1ea4d896-7017-4409-8dd2-484c9eb6e564,v0314,Maxwell@display=pairwise
v0878,v0314,c807ebed-1cf6-4d16-a376-9d47740f211c,v0878,Maxwell@display=pairwise
v0878,v0878,11bb2619-b3e8-49bd-99e6-dbd83100c5be,v0314,Maxwell@display=pairwise
v0878,v0878,5bb3993d-a33e-4c46-b25a-22c22b9ad7a0,v0314,Maxwell@display=pairwise
v0314,v0878,5cbb4909-5759-4ec5-b2d8-e2eddbd9f86e,v0314,Maxwell@display=pairwise
v0878,v0878,efc0133f-459a-461e-9f25-75b0716cd70a,v0314,Maxwell@display=pairwise
v0878,v0878,626ad72c-299b-4c9e-97a8-63783caa4a83,v0314,Maxwell@display=pairwise
v0878,v0314,3547e3c0-da82-4993-8867-2ae2b4e1f4f7,v0878,Maxwell@display=pairwise
v0878,v0314,7829a094-b56d-4784-81b4-d56f0af9d0ee,v0878,Maxwell@display=pairwise
v2181,v2889,0d163640-7ce2-47ca-83f8-bcfba73c7585,v2181,Maxwell@display=pairwise
v2181,v2889,6d1409b9-6033-42e4-aa64-cd28900b3b16,v2181,Maxwell@display=pairwise
v2181,v2889,2423a185-20d6-40c1-ad61-5268117f6f7d,v2181,Maxwell@display=pairwise
v2181,v2889,8477eb0e-905a-4f16-a145-97a894176374,v2181,Maxwell@display=pairwise
,v2889,ced05eb2-a974-4dcf-89fb-bf893f78b6aa,v2181,Maxwell@display=pairwise
v2181,v2889,2c834ab6-0751-4690-918f-5398a2160f15,v2181,Maxwell@display=pairwise
,v2889,471f0556-5a0e-4c5c-b59c-c302504cf352,v2181,Maxwell@display=pairwise
,v2889,37e2fd1c-8e32-4deb-bec9-a4ed41c99e10,v2181,Maxwell@display=pairwise
v2889,v2181,e9d198a2-2917-43d5-aa8b-88cd19cf45a2,v2889,Maxwell@display=pairwise
v2889,v2181,a0379086-b099-4907-aa9d-8691ca28df83,v2889,Maxwell@display=pairwise
v2525,v3292,0d163640-7ce2-47ca-83f8-bcfba73c7585,v2525,Maxwell@display=pairwise
,v3292,c807ebed-1cf6-4d16-a376-9d47740f211c,v2525,Maxwell@display=pairwise
v3292,v2525,b444b366-4acf-4de2-bf8f-886c7ae9b36b,v3292,Maxwell@display=pairwise
v3292,v3292,cabe6903-7b7e-4c1a-b661-958c6fa61429,v2525,Maxwell@display=pairwise
v2525,v3292,44c0fd3d-af09-4205-a670-7c5ca7f9e4bd,v2525,Maxwell@display=pairwise
v2525,v3292,bf99fc9d-3772-4df1-91d9-1196f5e51ecb,v2525,Maxwell@display=pairwise
v2525,v2525,8841cf31-165a-4525-ad00-5bc3d621f9fc,v3292,Maxwell@display=pairwise
v3292,v3292,1044f2df-2216-4864-baa0-ea94b11f6744,v2525,Maxwell@display=pairwise
v2525,v3292,6d4a2a41-fa40-4847-81d4-e68b6937db26,v2525,Maxwell@display=pairwise
v3292,v2525,8ba60b69-3825-4c10-beca-8d2e7ba9dfa1,v3292,Maxwell@display=pairwise
,v0886,4150d97c-eefc-4853-8768-c3caf08a8bcc,v3740,Maxwell@display=pairwise
v3740,v0886,4d22e541-90af-43bf-b2b9-955594802908,v3740,Maxwell@display=pairwise
v0886,v0886,0d163640-7ce2-47ca-83f8-bcfba73c7585,v3740,Maxwell@display=pairwise
v3740,v0886,ca16fe2b-5040-422c-8b55-82fb9bf6de2d,v3740,Maxwell@display=pairwise
v3740,v3740,3547e3c0-da82-4993-8867-2ae2b4e1f4f7,v0886,Maxwell@display=pairwise
v3740,v3740,36626e5a-13d6-40ef-b3d5-3d9cc4dbdb4b,v0886,Maxwell@display=pairwise
v3740,v0886,df68e14a-a48a-44ee-907b-0a8e92920b98,v3740,Maxwell@display=pairwise
v3740,v0886,912ff3ea-9faf-4081-b27b-1ba77372b348,v3740,Maxwell@display=pairwise
v3740,v3740,5826cad1-e0ae-480c-a6a3-3f6fd53569fa,v0886,Maxwell@display=pairwise
v0886,v0886,75cae008-0dbc-41be-8295-da701fdf0dba,v3740,Maxwell@display=pairwise
v0886,v0824,0d163640-7ce2-47ca-83f8-bcfba73c7585,v0886,Maxwell@display=pairwise
v0886,v0824,08c3ff44-f4df-4dde-9078-b475184ae0ce,v0886,Maxwell@display=pairwise
v0886,v0886,7b37ac90-7282-45c2-a24a-6ed9b9860183,v0824,Maxwell@display=pairwise
v0824,v0824,01a3b14c-3923-4b2c-baf6-0b671043ec61,v0886,Maxwell@display=pairwise
v0886,v0824,9859b693-6c9f-44ff-8038-a8397db0a1b4,v0886,Maxwell@display=pairwise
v0886,v0824,e8cf995a-d627-41b3-85ff-373a997d5a4f,v0886,Maxwell@display=pairwise
v0824,v0824,dc8279b9-0d8c-454c-b75d-13d31c30843d,v0886,Maxwell@display=pairwise
v0886,v0886,573722c4-6130-4835-b049-7c523af50881,v0824,Maxwell@display=pairwise
v0824,v0886,10b74529-4728-4409-849d-3c0d908d3219,v0824,Maxwell@display=pairwise
v0824,v0824,bbb7e5c5-7f84-4e07-ac19-886dc274ce48,v0886,Maxwell@display=pairwise
v2519,v2519,0d163640-7ce2-47ca-83f8-bcfba73c7585,v2513,Maxwell@display=pairwise
v2519,v2513,f2393f46-bd26-4564-bf32-3f4c890d2821,v2519,Maxwell@display=pairwise
v2519,v2513,f6d6df9a-6559-4e27-b46d-92f41cc3f97b,v2519,Maxwell@display=pairwise
v2519,v2519,c942376b-0080-4a53-825b-8c8974c18262,v2513,Maxwell@display=pairwise
v2519,v2519,43641f2c-9c5f-4450-a8d2-51e7dde0ec97,v2513,Maxwell@display=pairwise
v2519,v2513,ab45a492-e076-489d-bd8f-39251a92f0ab,v2519,Maxwell@display=pairwise
v2519,v2519,86c3fdc9-9648-4efc-ba1f-d8b06b701e87,v2513,Maxwell@display=pairwise
v2519,v2513,1ac54074-3b46-420d-be1a-9370fec2a3d9,v2519,Maxwell@display=pairwise
v2519,v2519,1ac54074-3b46-420d-be1a-9370fec2a3d9,v2513,Maxwell@display=pairwise
v2519,v2519,573722c4-6130-4835-b049-7c523af50881,v2513,Maxwell@display=pairwise
v2525,v4235,0d163640-7ce2-47ca-83f8-bcfba73c7585,v2525,Maxwell@display=pairwise
v4235,v2525,080ce256-1457-4584-9e83-8b7e065e3998,v4235,Maxwell@display=pairwise
v2525,v2525,01aa3ef5-bb24-4ab5-b3ff-0a4149e4a304,v4235,Maxwell@display=pairwise
v4235,v4235,a7bccc46-0fad-4e81-a217-16e8f6d660b4,v2525,Maxwell@display=pairwise
v2525,v2525,44c0fd3d-af09-4205-a670-7c5ca7f9e4bd,v4235,Maxwell@display=pairwise
v4235,v4235,8f7e51a3-8852-4682-99c4-de2ab7f8863b,v2525,Maxwell@display=pairwise
v4235,v2525,8f7e51a3-8852-4682-99c4-de2ab7f8863b,v4235,Maxwell@display=pairwise
v2525,v4235,4db85d74-0f6b-4231-9f89-f26a362394c5,v2525,Maxwell@display=pairwise
v4235,v2525,edc7f90b-f3f0-4de1-a315-0e649efdbd0d,v4235,Maxwell@display=pairwise
v4235,v4235,30561a52-ca51-4d8f-9ce6-1b9e376ebb6b,v2525,Maxwell@display=pairwise
v2519,v2419,0d163640-7ce2-47ca-83f8-bcfba73c7585,v2519,Maxwell@display=pairwise
v2519,v2419,8a19e606-f631-49b8-88af-f91c0befff75,v2519,Maxwell@display=pairwise
v2519,v2419,2b1a183f-8a1c-4ee8-889b-a2771ec07859,v2519,Maxwell@display=pairwise
v2519,v2419,afa98c8f-110e-4115-a68c-652138e95b5d,v2519,Maxwell@display=pairwise
v2419,v2519,afa98c8f-110e-4115-a68c-652138e95b5d,v2419,Maxwell@display=pairwise
v2519,v2519,7923b5e3-11d0-48ca-937d-4b08a7ecead4,v2419,Maxwell@display=pairwise
v2519,v2519,6d1409b9-6033-42e4-aa64-cd28900b3b16,v2419,Maxwell@display=pairwise
v2519,v2419,71d414a2-7da8-44c1-a7cb-4e81f84eb38a,v2519,Maxwell@display=pairwise
v2419,v2419,2dfbfbc1-0480-4959-a667-9ccd54f1060e,v2519,Maxwell@display=pairwise
v2519,v2519,2b8c1e14-fdc9-4c52-a214-1887ac95a9ba,v2419,Maxwell@display=pairwise
v4511,v1703,0d163640-7ce2-47ca-83f8-bcfba73c7585,v4511,Maxwell@display=pairwise
v4511,v1703,b298c12c-882d-4f4b-a685-587d6fa667ce,v4511,Maxwell@display=pairwise
v4511,v1703,f356bf83-0f18-44d6-b192-780c6c0bdd3d,v4511,Maxwell@display=pairwise
v1703,v4511,da27f497-76a6-4237-94e9-559acb0ba008,v1703,Maxwell@display=pairwise
v4511,v1703,a2988d9d-63df-4cf2-a445-7a1dbf7f45f3,v4511,Maxwell@display=pairwise
v4511,v1703,57c5b042-79d7-4bb7-8714-5d3808c5cd0e,v4511,Maxwell@display=pairwise
v4511,v1703,8cc2fb53-d4ad-40ed-a526-d4950f4902b4,v4511,Maxwell@display=pairwise
v4511,v1703,f52b764c-6af0-4c94-8cdd-65f0f56a1931,v4511,Maxwell@display=pairwise
v4511,v4511,5b7f9010-471e-4f05-967c-a840f99bbcaf,v1703,Maxwell@display=pairwise
v4511,v4511,fb12b62f-7110-41dc-8ec7-a99eccbb04d0,v1703,Maxwell@display=pairwise
v2635,v2635,0d163640-7ce2-47ca-83f8-bcfba73c7585,v0530,Maxwell@display=pairwise
v2635,v2635,2423a185-20d6-40c1-ad61-5268117f6f7d,v0530,Maxwell@display=pairwise
v2635,v0530,73a3dcd6-df5c-4cb9-b01e-8842ddc7f7d0,v2635,Maxwell@display=pairwise
v2635,v2635,7ed39ffd-82b7-4d82-b17c-073138b844a6,v0530,Maxwell@display=pairwise
v2635,v2635,ee0ccb3c-dac0-417e-a70a-a62358481477,v0530,Maxwell@display=pairwise
v2635,v2635,9859b693-6c9f-44ff-8038-a8397db0a1b4,v0530,Maxwell@display=pairwise
v2635,v2635,f711bbae-43d6-40ce-9fdc-3eff7721a7c9,v0530,Maxwell@display=pairwise
,v0530,35a5fd4a-c3d1-456f-81f3-f5489dcf64c7,v2635,Maxwell@display=pairwise
v2635,v2635,a4495c73-1fd9-49f1-b09f-2185ce15ede4,v0530,Maxwell@display=pairwise
v2635,v0530,0dfde53f-a1c3-4854-9c02-3e41d9086ece,v2635,Maxwell@display=pairwise
v4097,v3065,b8c63c99-2a85-402e-a74a-1969eeefd861,v4097,Maxwell@display=pairwise
v4097,v3065,f6f6b226-3ab0-4a3c-84fb-0ce9390db359,v4097,Maxwell@display=pairwise
v4097,v4097,c2e135df-30eb-46ef-95b2-80bff450c273,v3065,Maxwell@display=pairwise
v4097,v4097,37e2fd1c-8e32-4deb-bec9-a4ed41c99e10,v3065,Maxwell@display=pairwise
v4097,v4097,8a3343fa-29bf-4b98-87d2-10dba3c9ce8f,v3065,Maxwell@display=pairwise
v4097,v4097,dffc54fe-ae03-4e35-a6cd-21c7789bed4e,v3065,Maxwell@display=pairwise
v4097,v4097,ef859b1f-9de1-4cef-bd2b-3e0ac5b8a3b4,v3065,Maxwell@display=pairwise
v4097,v3065,471f0556-5a0e-4c5c-b59c-c302504cf352,v4097,Maxwell@display=pairwise
v4097,v3065,30f85572-69e4-41c3-97d8-25f74a2a229a,v4097,Maxwell@display=pairwise
v4097,v4097,d509e766-711c-4b31-97e2-89235a971fe1,v3065,Maxwell@display=pairwise
v0824,v2889,ca16fe2b-5040-422c-8b55-82fb9bf6de2d,v0824,Maxwell@display=pairwise
v2889,v0824,bc7f1faa-49be-4e1c-af0f-a46d243c1067,v2889,Maxwell@display=pairwise
v0824,v0824,ce0e0f0c-7b35-4e39-b905-dc94435761e5,v2889,Maxwell@display=pairwise
v0824,v0824,26369842-3726-4b94-bca7-39046cebbeed,v2889,Maxwell@display=pairwise
v2889,v0824,f27bb50a-2b7d-4f18-8fa3-a3fd7bc9fd8e,v2889,Maxwell@display=pairwise
v2889,v2889,8290678e-1f94-4619-af71-aa8892a717fa,v0824,Maxwell@display=pairwise
v2889,v0824,ba9fe7c9-6c2e-4006-a184-46f2e039d589,v2889,Maxwell@display=pairwise
v2889,v0824,f9f062ef-692e-46ad-a379-6d3a1e5a78e8,v2889,Maxwell@display=pairwise
v2889,v2889,d587e507-f0f2-4be9-b688-318429aa0988,v0824,Maxwell@display=pairwise
v2889,v2889,de445587-4c60-454b-b923-a4113a9dc708,v0824,Maxwell@display=pairwise
v0265,v0265,1d9a8b4d-ed7d-4236-a2d3-b3e34d6c186b,v2635,Maxwell@display=pairwise
,v0265,ca16fe2b-5040-422c-8b55-82fb9bf6de2d,v2635,Maxwell@display=pairwise
v2635,v2635,ae30bc61-78e0-4361-a5bc-9e7c1bbf8f1c,v0265,Maxwell@display=pairwise
v0265,v0265,a4e3e3a6-b8aa-48da-9a14-17048d8a2153,v2635,Maxwell@display=pairwise
v0265,v2635,19d8041f-78dc-4148-92f4-1190481c0358,v0265,Maxwell@display=pairwise
v0265,v2635,ca16fe2b-5040-422c-8b55-82fb9bf6de2d,v0265,Maxwell@display=pairwise
v2635,v0265,ff5bd754-d1d5-47d5-8cdd-ba09f18067ba,v2635,Maxwell@display=pairwise
v2635,v0265,379768c0-f55e-4655-bf28-0d6c6b75c288,v2635,Maxwell@display=pairwise
v2635,v2635,dfc97b6f-3cc1-4816-a858-130686d22ee0,v0265,Maxwell@display=pairwise
,v2635,2b257334-db97-4865-a3f7-4c4f89b0b221,v0265,Maxwell@display=pairwise
v2635,v2635,ca16fe2b-5040-422c-8b55-82fb9bf6de2d,v1025,Maxwell@display=pairwise
v2635,v2635,c12316ba-19d8-4db6-aa66-b424906ea895,v1025,Maxwell@display=pairwise
v2635,v1025,2361ceac-d622-404d-ad76-7e85d587926e,v2635,Maxwell@display=pairwise
,v2635,68f9fc6d-5215-4fa5-b428-049b8066252a,v1025,Maxwell@display=pairwise
v2635,v1025,0fe8a7e1-5dbc-4a2b-b956-4e18128d5353,v2635,Maxwell@display=pairwise
,v1025,a3325c83-0a68-4363-ba47-16edb8edbff7,v2635,Maxwell@display=pairwise
v2635,v1025,31f2608d-f3b7-4fc9-aafc-8de3b8a2dcf0,v2635,Maxwell@display=pairwise
v2635,v1025,ddd61b5c-dc4a-4146-8ae2-ae9ff73fb5d8,v2635,Maxwell@display=pairwise
v1025,v1025,fd639556-f319-4397-9f9e-2d8827de7111,v2635,Maxwell@display=pairwise
v2635,v2635,fb12b62f-7110-41dc-8ec7-a99eccbb04d0,v1025,Maxwell@display=pairwise
,v2513,ca16fe2b-5040-422c-8b55-82fb9bf6de2d,v2063,Maxwell@display=pairwise
v2513,v2063,4901352b-32bd-48cb-9460-5bb67e875f40,v2513,Maxwell@display=pairwise
v2513,v2063,b444b366-4acf-4de2-bf8f-886c7ae9b36b,v2513,Maxwell@display=pairwise
v2513,v2513,228504e4-46c0-48fd-a68d-d1af0989ddb7,v2063,Maxwell@display=pairwise
v2063,v2513,94853c24-e68d-4875-ae6f-521994d9fef0,v2063,Maxwell@display=pairwise
v2513,v2513,027d3766-10fa-4410-bda9-dfabae5b973f,v2063,Maxwell@display=pairwise
v2513,v2513,aa873e42-f4c4-4b06-8b86-c8d47ffd4b9a,v2063,Maxwell@display=pairwise
,v2063,0ae52a80-c78b-4022-a6d6-28c3b4f01754,v2513,Maxwell@display=pairwise
v2513,v2063,f5d6e1f3-6569-4a5e-b109-b9871c084d4b,v2513,Maxwell@display=pairwise
,v2513,b8c63c99-2a85-402e-a74a-1969eeefd861,v2063,Maxwell@display=pairwise
v2525,v2525,ca16fe2b-5040-422c-8b55-82fb9bf6de2d,v0328,Maxwell@display=pairwise
v2525,v2525,dad34959-38f2-4967-9f4e-180f5fdb8888,v0328,Maxwell@display=pairwise
v2525,v0328,5ca80653-5ca4-4a63-a5e9-7c13c6f6ef4e,v2525,Maxwell@display=pairwise
v2525,v2525,9e47a2e5-5fc3-4025-8538-85d5dc4d1152,v0328,Maxwell@display=pairwise
v2525,v2525,28674eee-cfc6-4ec4-a2f4-37fee5b5ec93,v0328,Maxwell@display=pairwise
v2525,v2525,1a554cd6-a958-4409-801f-f6700b3c42ab,v0328,Maxwell@display=pairwise
v0328,v0328,ce008773-19e4-41d1-82ae-f094be0d2171,v2525,Maxwell@display=pairwise
v2525,v0328,92b4633f-85e8-427d-a008-08fcc93e15e9,v2525,Maxwell@display=pairwise
v2525,v0328,17f408f2-5335-4dad-a25b-77bd0f2e59db,v2525,Maxwell@display=pairwise
v0328,v0328,71d414a2-7da8-44c1-a7cb-4e81f84eb38a,v2525,Maxwell@display=pairwise
v2828,v2828,ca16fe2b-5040-422c-8b55-82fb9bf6de2d,v0824,Maxwell@display=pairwise
v2828,v2828,1ab3015c-2a18-4a9c-9842-14c3cab722d7,v0824,Maxwell@display=pairwise
v2828,v2828,c3da73c8-c221-4822-b9db-e6a75018931f,v0824,Maxwell@display=pairwise
v2828,v2828,9fd16a85-5a0f-420e-85a4-099e823c41bc,v0824,Maxwell@display=pairwise
,v0824,badc275d-8c39-4e6d-9416-b53dc225505f,v2828,Maxwell@display=pairwise
v2828,v0824,fe6afd5a-8da5-49b6-af0b-9f6049662f8b,v2828,Maxwell@display=pairwise
v2828,v2828,3fb4c47e-e723-4f8f-9933-f39a498c7374,v0824,Maxwell@display=pairwise
v0824,v2828,314e8591-1186-4063-97cc-338f0e2e6b51,v0824,Maxwell@display=pairwise
v2828,v2828,ba9fe7c9-6c2e-4006-a184-46f2e039d589,v0824,Maxwell@display=pairwise
v0824,v2828,86a3ac5a-2140-48bb-bde9-f02ac7191d29,v0824,Maxwell@display=pairwise
v4537,v2525,ca16fe2b-5040-422c-8b55-82fb9bf6de2d,v4537,Maxwell@display=pairwise
v4537,v4537,11af42fa-614e-4be6-93e5-4fedd30f3ca3,v2525,Maxwell@display=pairwise
v2525,v4537,f356bf83-0f18-44d6-b192-780c6c0bdd3d,v2525,Maxwell@display=pairwise
v4537,v4537,31ddaa13-1309-4d47-b0ea-75b020268f37,v2525,Maxwell@display=pairwise
v4537,v2525,48448358-e8a9-438f-91d4-8aa53d013c82,v4537,Maxwell@display=pairwise
v4537,v2525,18dda76c-d54a-40a2-9768-d2dc4378804e,v4537,Maxwell@display=pairwise
v4537,v2525,f911a403-5112-4234-ab0b-7497b7f4e3b4,v4537,Maxwell@display=pairwise
v4537,v4537,c9cbf439-dbba-4e14-bc06-61a2951a9521,v2525,Maxwell@display=pairwise
v4537,v2525,a36304a0-0663-4875-8856-0bae1782c522,v4537,Maxwell@display=pairwise
v4537,v4537,0de1e2fe-9589-46ff-ad16-6a47adb8c61a,v2525,Maxwell@display=pairwise
,v3292,ca16fe2b-5040-422c-8b55-82fb9bf6de2d,v1373,Maxwell@display=pairwise
,v1373,203b013a-c242-47ba-89dd-a2c609192d10,v3292,Maxwell@display=pairwise
v3292,v1373,62182adc-a9e3-409b-94a5-c4c180d9f3b7,v3292,Maxwell@display=pairwise
,v3292,36626e5a-13d6-40ef-b3d5-3d9cc4dbdb4b,v1373,Maxwell@display=pairwise
v1373,v1373,28674eee-cfc6-4ec4-a2f4-37fee5b5ec93,v3292,Maxwell@display=pairwise
v3292,v3292,f711bbae-43d6-40ce-9fdc-3eff7721a7c9,v1373,Maxwell@display=pairwise
v1373,v1373,31f2608d-f3b7-4fc9-aafc-8de3b8a2dcf0,v3292,Maxwell@display=pairwise
v3292,v3292,adc336f2-1af3-4f27-8deb-9a83f894b2f2,v1373,Maxwell@display=pairwise
v3292,v3292,c49821d5-18a2-4c47-912d-5e29660b0b92,v1373,Maxwell@display=pairwise
v3292,v1373,c498d5cf-b5b6-469d-8d68-860f0f7e3445,v3292,Maxwell@display=pairwise
v2181,v1703,8165ec89-da1a-443f-9c35-12bd6162de30,v2181,Maxwell@display=pairwise
v2181,v2181,f31347b5-4dd9-48d6-9c55-c095b5716f4b,v1703,Maxwell@display=pairwise
v2181,v2181,f2a9fc90-657b-4726-9c43-bfa9bb2896ad,v1703,Maxwell@display=pairwise
v1703,v2181,0ce9055c-8e48-4f35-8e94-9ca9bc88f80c,v1703,Maxwell@display=pairwise
v2181,v2181,ca16fe2b-5040-422c-8b55-82fb9bf6de2d,v1703,Maxwell@display=pairwise
v2181,v1703,91c5b80b-c738-4722-8cc5-80c4da596c5f,v2181,Maxwell@display=pairwise
v2181,v1703,1486a399-1ff1-4c12-96f9-9ef26a428a72,v2181,Maxwell@display=pairwise
v2181,v1703,4901352b-32bd-48cb-9460-5bb67e875f40,v2181,Maxwell@display=pairwise
v2181,v1703,91c5b80b-c738-4722-8cc5-80c4da596c5f,v2181,Maxwell@display=pairwise
v2181,v1703,1486a399-1ff1-4c12-96f9-9ef26a428a72,v2181,Maxwell@display=pairwise
,v2889,ca16fe2b-5040-422c-8b55-82fb9bf6de2d,v2828,Maxwell@display=pairwise
v2828,v2889,08acb1cc-935b-4495-af50-070631f21ee8,v2828,Maxwell@display=pairwise
v2889,v2828,2b1a183f-8a1c-4ee8-889b-a2771ec07859,v2889,Maxwell@display=pairwise
v2889,v2828,c2c5d1ea-6807-4bdd-a0f0-5694bf04fe9b,v2889,Maxwell@display=pairwise
v2828,v2889,bf06ee4c-bec3-4766-8e90-2f826cf034b6,v2828,Maxwell@display=pairwise
v2889,v2828,d6c9a5ed-1280-4497-91b4-033d6937541e,v2889,Maxwell@display=pairwise
v2889,v2828,ab45a492-e076-489d-bd8f-39251a92f0ab,v2889,Maxwell@display=pairwise
v2828,v2889,f9e4bb6c-79e2-4693-af7b-1ac69eea590a,v2828,Maxwell@display=pairwise
v2889,v2828,f91a86d7-4ef8-4563-ab87-c52917313279,v2889,Maxwell@display=pairwise
v2889,v2889,a1e319ac-953b-46f3-b0d8-c4b43561d7fe,v2828,Maxwell@display=pairwise
v1397,v2063,ca16fe2b-5040-422c-8b55-82fb9bf6de2d,v1397,Maxwell@display=pairwise
v1397,v1397,b8ec5d7b-dc37-4949-b5af-d89363f49439,v2063,Maxwell@display=pairwise
v1397,v1397,f703c144-8fe7-4731-ad56-faff59588dbe,v2063,Maxwell@display=pairwise
v1397,v1397,932f9ce4-0739-497e-8f65-1f75f828eb23,v2063,Maxwell@display=pairwise
v1397,v2063,1ab3015c-2a18-4a9c-9842-14c3cab722d7,v1397,Maxwell@display=pairwise
v2063,v1397,8c720eee-ed3e-49c7-87d6-11f9c7e89f0f,v2063,Maxwell@display=pairwise
v1397,v2063,ca5e860d-cf4b-4c4a-bac3-1b0cd8646b53,v1397,Maxwell@display=pairwise
v2063,v2063,fd639556-f319-4397-9f9e-2d8827de7111,v1397,Maxwell@display=pairwise
v2063,v2063,4fc856c7-d2f0-44da-a97b-0af57f30e5a4,v1397,Maxwell@display=pairwise
v1397,v1397,c4028c28-4dc8-43ed-837f-6a102925f0a7,v2063,Maxwell@display=pairwise
v4125,v4125,ca16fe2b-5040-422c-8b55-82fb9bf6de2d,v3740,Maxwell@display=pairwise
v4125,v3740,c12316ba-19d8-4db6-aa66-b424906ea895,v4125,Maxwell@display=pairwise
v4125,v4125,34739ea5-3239-4633-8c9d-4d1e70eb376d,v3740,Maxwell@display=pairwise
v4125,v3740,e17e2dcf-3979-4b09-8713-28d55d90138b,v4125,Maxwell@display=pairwise
v4125,v3740,cd7370ec-f239-4919-be0d-7c980be77ec7,v4125,Maxwell@display=pairwise
v3740,v3740,86c3fdc9-9648-4efc-ba1f-d8b06b701e87,v4125,Maxwell@display=pairwise
v3740,v4125,4c52ed79-8845-42cb-aab9-05e6faee8c9f,v3740,Maxwell@display=pairwise
v3740,v3740,3267d3c7-b874-4b3e-805a-dd7a7c57ca1c,v4125,Maxwell@display=pairwise
v4125,v4125,152a0477-3c32-40f2-b0e2-738202586ba4,v3740,Maxwell@display=pairwise
v3740,v4125,15187a17-10c3-4501-b4fd-190e9264fb64,v3740,Maxwell@display=pairwise
v4537,v4537,ca16fe2b-5040-422c-8b55-82fb9bf6de2d,v2801,Maxwell@display=pairwise
v4537,v4537,11bdad09-c1dc-4160-a3b3-e74f2d076796,v2801,Maxwell@display=pairwise
v4537,v4537,31d01651-40ee-49ee-8266-1aee63461887,v2801,Maxwell@display=pairwise
v4537,v4537,2e51a290-d08f-4b97-b0d1-c0cca3833712,v2801,Maxwell@display=pairwise
v4537,v2801,34739ea5-3239-4633-8c9d-4d1e70eb376d,v4537,Maxwell@display=pairwise
v4537,v4537,4592796c-7285-48a6-b77f-e5d5c08af6c0,v2801,Maxwell@display=pairwise
v4537,v2801,3d7fe021-5960-477b-910a-b9019bd40c53,v4537,Maxwell@display=pairwise
v4537,v4537,7362c712-28f5-4b3b-a8e7-274ce94aae4b,v2801,Maxwell@display=pairwise
v4537,v4537,4dea2b70-1476-45e6-a255-7bcc1601369b,v2801,Maxwell@display=pairwise
v4537,v2801,0de1e2fe-9589-46ff-ad16-6a47adb8c61a,v4537,Maxwell@display=pairwise
v2519,v4125,3bbd9e58-5b06-469e-9fa9-7e044bd4eac4,v2519,Maxwell@display=pairwise
v2519,v2519,50f883d0-89f3-4f06-9da1-3ecb5c6efd90,v4125,Maxwell@display=pairwise
v2519,v2519,f70aaa7a-e3fb-4755-83d7-172c47cfed0b,v4125,Maxwell@display=pairwise
v2519,v2519,7ed39ffd-82b7-4d82-b17c-073138b844a6,v4125,Maxwell@display=pairwise
v2519,v2519,c942376b-0080-4a53-825b-8c8974c18262,v4125,Maxwell@display=pairwise
v2519,v4125,c2e135df-30eb-46ef-95b2-80bff450c273,v2519,Maxwell@display=pairwise
v2519,v4125,b729730b-45b0-4f9e-b3be-4c661741c01b,v2519,Maxwell@display=pairwise
,v2519,5ca4290f-c11a-446f-a475-6105dde0b57f,v4125,Maxwell@display=pairwise
v4125,v4125,d0c823c4-c423-43a3-96bb-7f91f3fd8621,v2519,Maxwell@display=pairwise
v2519,v4125,2613c3ff-b6cc-4d25-850a-f9ccff836ebc,v2519,Maxwell@display=pairwise
v4511,v0886,3bbd9e58-5b06-469e-9fa9-7e044bd4eac4,v4511,Maxwell@display=pairwise
v4511,v0886,f982c154-231a-4d28-8be6-f62894d3a8c5,v4511,Maxwell@display=pairwise
v4511,v4511,4727324f-737a-4ff6-9d12-84ae58106891,v0886,Maxwell@display=pairwise
v4511,v0886,01f1ebd7-d031-4b6c-9c2b-e6e64c207dbe,v4511,Maxwell@display=pairwise
v4511,v0886,c9e36c3c-b003-43bc-8558-26d476b0a20d,v4511,Maxwell@display=pairwise
v4511,v4511,7ccb1601-429e-4e0c-a822-991e9abf2075,v0886,Maxwell@display=pairwise
v4511,v4511,42e75c72-a6d9-474d-9ddf-9a3b32f8ff9a,v0886,Maxwell@display=pairwise
v4511,v4511,94299678-0cff-4f0a-815f-9ebb17345759,v0886,Maxwell@display=pairwise
v4511,v4511,847d79d3-f147-41e8-91ea-6097016d7bb0,v0886,Maxwell@display=pairwise
v4511,v0886,9f33edc6-8672-491a-9b40-8bb445f9aaf0,v4511,Maxwell@display=pairwise
v2083,v2083,3bbd9e58-5b06-469e-9fa9-7e044bd4eac4,v1373,Maxwell@display=pairwise
v2083,v1373,12f332a1-5ffa-4879-b1d8-9da98c72ac92,v2083,Maxwell@display=pairwise
v2083,v1373,d596421e-e19a-4472-a4e8-730e96d35459,v2083,Maxwell@display=pairwise
v2083,v1373,4d41abd8-8939-4aaf-8d9b-3eeaca78e042,v2083,Maxwell@display=pairwise
,v2083,bb28c3d5-6528-4f53-bc09-6bf84b42a7fb,v1373,Maxwell@display=pairwise
v2083,v2083,95a7cc06-df48-4cae-9aec-7e23717e0f71,v1373,Maxwell@display=pairwise
v2083,v2083,4ea0873d-96ee-486c-bb32-18129db248af,v1373,Maxwell@display=pairwise
v1373,v2083,bb124c47-757c-4a7c-a0d4-8c10f384baa9,v1373,Maxwell@display=pairwise
v2083,v2083,ea62dadb-d0bf-416b-a83e-6823c24a7822,v1373,Maxwell@display=pairwise
,v1373,b8c63c99-2a85-402e-a74a-1969eeefd861,v2083,Maxwell@display=pairwise
v2519,v2519,3bbd9e58-5b06-469e-9fa9-7e044bd4eac4,v0314,Maxwell@display=pairwise
v2519,v0314,73b8fd64-9133-4f24-8a85-fff5b1719300,v2519,Maxwell@display=pairwise
v2519,v0314,f7c088a4-f181-4faf-b131-f76c01b92e8d,v2519,Maxwell@display=pairwise
v2519,v2519,996d4f04-efe4-4b10-9ba5-28b5dca74aed,v0314,Maxwell@display=pairwise
v2519,v0314,d3ceb26c-6541-4b11-adf3-11f11a7fe362,v2519,Maxwell@display=pairwise
v2519,v0314,8841cf31-165a-4525-ad00-5bc3d621f9fc,v2519,Maxwell@display=pairwise
v2519,v0314,15577bca-cd7f-4695-868d-7da11fc028ed,v2519,Maxwell@display=pairwise
,v2519,0f9366f9-fade-450c-be0e-0ebb4444aece,v0314,Maxwell@display=pairwise
v2519,v0314,4fa29376-5b1b-425e-93ff-2bcf80f82251,v2519,Maxwell@display=pairwise
v2519,v0314,40161584-d61e-4b6d-a54b-90b0a53f914e,v2519,Maxwell@display=pairwise
v3740,v3740,3bbd9e58-5b06-469e-9fa9-7e044bd4eac4,v1025,Maxwell@display=pairwise
v3740,v1025,61f12ee8-b502-480f-96d7-2d477220aa9d,v3740,Maxwell@display=pairwise
v3740,v1025,3fa99ef2-8170-40ac-9c39-165fcfe91a61,v3740,Maxwell@display=pairwise
v3740,v3740,6f27d33c-e38c-497e-92d6-941c4520a5cf,v1025,Maxwell@display=pairwise
v3740,v1025,f947e080-fb56-44fe-b740-b6da9bcab592,v3740,Maxwell@display=pairwise
v3740,v3740,027d3766-10fa-4410-bda9-dfabae5b973f,v1025,Maxwell@display=pairwise
v3740,v3740,0ffc9aa5-c779-44ce-acc6-ab9cc92a02fb,v1025,Maxwell@display=pairwise
,v3740,75b75480-7063-484c-9328-642307386043,v1025,Maxwell@display=pairwise
,v1025,a4495c73-1fd9-49f1-b09f-2185ce15ede4,v3740,Maxwell@display=pairwise
v3740,v3740,8af492ec-8e66-4d99-a408-22dea1cbafd6,v1025,Maxwell@display=pairwise
v1397,v1397,3bbd9e58-5b06-469e-9fa9-7e044bd4eac4,v0094,Maxwell@display=pairwise
v1397,v0094,4816403d-b202-4e68-a3f1-f212baf4c17a,v1397,Maxwell@display=pairwise
v1397,v0094,79978944-2bb6-45ce-bd59-529f44c09c69,v1397,Maxwell@display=pairwise
,v0094,0d3dafc8-efe4-4f72-8d19-f15b19149fe4,v1397,Maxwell@display=pairwise
v1397,v1397,f946f0a6-ea75-4cea-809a-e6d88d5c053d,v0094,Maxwell@display=pairwise
v1397,v0094,3fb4c47e-e723-4f8f-9933-f39a498c7374,v1397,Maxwell@display=pairwise
v1397,v1397,ba9fe7c9-6c2e-4006-a184-46f2e039d589,v0094,Maxwell@display=pairwise
v1397,v0094,5ccc3ed0-25fd-4916-814e-1434152dda5f,v1397,Maxwell@display=pairwise
v1397,v0094,87e8a297-f718-4c2c-b36e-ad49b5f87820,v1397,Maxwell@display=pairwise
v1397,v1397,c498d5cf-b5b6-469d-8d68-860f0f7e3445,v0094,Maxwell@display=pairwise
v0265,v0265,3bbd9e58-5b06-469e-9fa9-7e044bd4eac4,v3292,Maxwell@display=pairwise
v0265,v3292,b8ec5d7b-dc37-4949-b5af-d89363f49439,v0265,Maxwell@display=pairwise
v0265,v3292,f7c088a4-f181-4faf-b131-f76c01b92e8d,v0265,Maxwell@display=pairwise
v0265,v3292,52b1311f-d563-4bed-8528-b0a80a845ed3,v0265,Maxwell@display=pairwise
v0265,v0265,c8a8c2c5-cbde-4269-8b36-a3b928ca2d67,v3292,Maxwell@display=pairwise
v0265,v3292,5e14c80c-d87f-446e-9e94-80c9c0a62c3b,v0265,Maxwell@display=pairwise
v0265,v0265,8165ec89-da1a-443f-9c35-12bd6162de30,v3292,Maxwell@display=pairwise
v3292,v3292,4dbcfd34-f760-41d7-bc1e-0220aee5da69,v0265,Maxwell@display=pairwise
,v3292,ccaef3a0-85de-4b7b-97a8-f6c96128a6b0,v0265,Maxwell@display=pairwise
v0265,v3292,67159434-83bd-4d1a-aaa8-379718f13f27,v0265,Maxwell@display=pairwise
v4511,v4048,3bbd9e58-5b06-469e-9fa9-7e044bd4eac4,v4511,Maxwell@display=pairwise
v4511,v4511,8a19e606-f631-49b8-88af-f91c0befff75,v4048,Maxwell@display=pairwise
v4048,v4511,5826cad1-e0ae-480c-a6a3-3f6fd53569fa,v4048,Maxwell@display=pairwise
,v4511,5abb0625-0b84-4432-801d-e33a2c4185b8,v4048,Maxwell@display=pairwise
v4511,v4048,898cd458-3328-4ede-85e7-6e18eef38b6e,v4511,Maxwell@display=pairwise
v4048,v4048,e6140e2f-9de4-4f2e-b088-2ec9c3c33c4f,v4511,Maxwell@display=pairwise
v4048,v4511,edc7f90b-f3f0-4de1-a315-0e649efdbd0d,v4048,Maxwell@display=pairwise
,v4048,7c88f5ac-1415-4be3-a73f-f6eb914391f9,v4511,Maxwell@display=pairwise
v4511,v4048,a370270f-41ec-4770-a029-71ceb6225e7b,v4511,Maxwell@display=pairwise
,v4048,d39c5247-3bfe-426f-87db-6d7ca30b9f8c,v4511,Maxwell@display=pairwise
v1025,v1025,3bbd9e58-5b06-469e-9fa9-7e044bd4eac4,v1477,Maxwell@display=pairwise
v1025,v1477,faec11ec-0322-48ed-a2c7-b65d8b8ad221,v1025,Maxwell@display=pairwise
,v1477,4e2adbe1-fa03-4f25-a561-baae089d8201,v1025,Maxwell@display=pairwise
v1477,v1025,a7a93a58-0185-4a02-be01-554e229a1446,v1477,Maxwell@display=pairwise
v1477,v1477,97128514-e916-4347-930c-bb37857c48c0,v1025,Maxwell@display=pairwise
v1477,v1477,9aac4b2a-3c36-47d6-b244-1cda70ad1743,v1025,Maxwell@display=pairwise
v1477,v1477,57c5b042-79d7-4bb7-8714-5d3808c5cd0e,v1025,Maxwell@display=pairwise
v1477,v1477,e07bb13d-8d71-400d-8aee-9277fb8773d2,v1025,Maxwell@display=pairwise
v1477,v1477,a801b479-113e-4832-87fc-1561080418bb,v1025,Maxwell@display=pairwise
v1477,v1025,ff5bd754-d1d5-47d5-8cdd-ba09f18067ba,v1477,Maxwell@display=pairwise
v2328,v2328,3bbd9e58-5b06-469e-9fa9-7e044bd4eac4,v2828,Maxwell@display=pairwise
v2328,v2828,d71a87a3-844a-46bd-9968-6f2321da861a,v2328,Maxwell@display=pairwise
v2328,v2328,d3ceb26c-6541-4b11-adf3-11f11a7fe362,v2828,Maxwell@display=pairwise
,v2328,d67a763c-3129-46e5-8a1c-450bff6ca19d,v2828,Maxwell@display=pairwise
v2828,v2328,862cd654-5ac1-48c5-bd1f-650b43a68255,v2828,Maxwell@display=pairwise
v2328,v2328,5fa03c38-e27e-4f64-8734-7be0dfe4d9c7,v2828,Maxwell@display=pairwise
v2328,v2328,f0cc1ae8-38f7-44df-a97b-70cfda024744,v2828,Maxwell@display=pairwise
v2328,v2828,2cb27c19-ded0-4142-8d53-29140e2d8004,v2328,Maxwell@display=pairwise
v2328,v2328,d5eb3ad8-a6f8-4d74-bc5b-9937bb2277b4,v2828,Maxwell@display=pairwise
,v2828,7ab27881-57d1-40b8-85da-a40a47dc49c2,v2328,Maxwell@display=pairwise
v3740,v3740,3bbd9e58-5b06-469e-9fa9-7e044bd4eac4,v0529,Maxwell@display=pairwise
v3740,v0529,399c3875-4111-41c4-b788-79e32772e36d,v3740,Maxwell@display=pairwise
v3740,v3740,3fa99ef2-8170-40ac-9c39-165fcfe91a61,v0529,Maxwell@display=pairwise
v3740,v0529,1dac0e33-0065-4e0e-8e64-fd0e63278971,v3740,Maxwell@display=pairwise
v3740,v0529,52b1311f-d563-4bed-8528-b0a80a845ed3,v3740,Maxwell@display=pairwise
v3740,v0529,026c8690-22a2-4ca3-b37e-73c29dcf0858,v3740,Maxwell@display=pairwise
v0529,v3740,ed0092e8-c319-447b-a041-b75a08c6d0bd,v0529,Maxwell@display=pairwise
,v3740,5b7f9010-471e-4f05-967c-a840f99bbcaf,v0529,Maxwell@display=pairwise
v3740,v0529,701d9632-11da-4c45-b5a9-9ef109bd0705,v3740,Maxwell@display=pairwise
v0529,v3740,f00b6b27-7f50-4848-9d4f-1c6640f6281b,v0529,Maxwell@display=pairwise
v3292,v3292,3bbd9e58-5b06-469e-9fa9-7e044bd4eac4,v1447,Maxwell@display=pairwise
v1447,v3292,bbb2b770-5eab-4e22-9e43-7ff1c7cfcd31,v1447,Maxwell@display=pairwise
v3292,v1447,24c7bb15-fdc7-448c-96a3-557e772127cd,v3292,Maxwell@display=pairwise
v3292,v3292,228504e4-46c0-48fd-a68d-d1af0989ddb7,v1447,Maxwell@display=pairwise
v1447,v1447,8a3343fa-29bf-4b98-87d2-10dba3c9ce8f,v3292,Maxwell@display=pairwise
v1447,v1447,7bf3dae0-af9d-4a3f-894f-9ff0503f5348,v3292,Maxwell@display=pairwise
v3292,v3292,f8e4c74f-c2a6-462b-9197-a7c8c31317ac,v1447,Maxwell@display=pairwise
v1447,v1447,379768c0-f55e-4655-bf28-0d6c6b75c288,v3292,Maxwell@display=pairwise
v1447,v1447,de445587-4c60-454b-b923-a4113a9dc708,v3292,Maxwell@display=pairwise
v3292,v1447,8af492ec-8e66-4d99-a408-22dea1cbafd6,v3292,Maxwell@display=pairwise
v2349,v1394,3bbd9e58-5b06-469e-9fa9-7e044bd4eac4,v2349,Maxwell@display=pairwise
v2349,v1394,bcfcab6f-59dd-4283-a999-0696e9e4835f,v2349,Maxwell@display=pairwise
v2349,v1394,83d505a2-2b0d-4ae8-8f57-e375dcc387ac,v2349,Maxwell@display=pairwise
v2349,v2349,203b013a-c242-47ba-89dd-a2c609192d10,v1394,Maxwell@display=pairwise
v2349,v2349,e776162f-2a46-4b9f-a534-2d38aa9d05c2,v1394,Maxwell@display=pairwise
v2349,v2349,75b75480-7063-484c-9328-642307386043,v1394,Maxwell@display=pairwise
v2349,v1394,7364c455-72c0-4ba7-bd80-b8277ed5fa61,v2349,Maxwell@display=pairwise
v2349,v2349,85acf25a-acab-4993-a328-e5aaacf2367f,v1394,Maxwell@display=pairwise
v2349,v1394,bb124c47-757c-4a7c-a0d4-8c10f384baa9,v2349,Maxwell@display=pairwise
v2349,v1394,bab736be-b6c3-4a0a-8930-23ed65f562f2,v2349,Maxwell@display=pairwise
v2419,v2419,3bbd9e58-5b06-469e-9fa9-7e044bd4eac4,v0094,Maxwell@display=pairwise
v2419,v2419,f2393f46-bd26-4564-bf32-3f4c890d2821,v0094,Maxwell@display=pairwise
v0094,v2419,6e957163-5267-4260-b5fe-b318884a96b4,v0094,Maxwell@display=pairwise
v2419,v2419,e50db2a7-868c-4b82-af9c-456e23753e56,v0094,Maxwell@display=pairwise
v2419,v2419,a2988d9d-63df-4cf2-a445-7a1dbf7f45f3,v0094,Maxwell@display=pairwise
v2419,v0094,b33fcfb9-4483-464b-9fa3-2fd815d1577a,v2419,Maxwell@display=pairwise
v2419,v2419,4fc856c7-d2f0-44da-a97b-0af57f30e5a4,v0094,Maxwell@display=pairwise
v2419,v2419,2b257334-db97-4865-a3f7-4c4f89b0b221,v0094,Maxwell@display=pairwise
v2419,v0094,d09c64e0-a2da-48ef-bc62-4b215947cae7,v2419,Maxwell@display=pairwise
v2419,v2419,86523267-18b8-471d-80c4-42b0069c1f65,v0094,Maxwell@display=pairwise
v1703,v2525,07cb0fec-6496-46fd-9cbc-0dea3022bb18,v1703,Maxwell@display=pairwise
v1703,v2525,f356bf83-0f18-44d6-b192-780c6c0bdd3d,v1703,Maxwell@display=pairwise
v2525,v1703,f356bf83-0f18-44d6-b192-780c6c0bdd3d,v2525,Maxwell@display=pairwise
v1703,v1703,11bb2619-b3e8-49bd-99e6-dbd83100c5be,v2525,Maxwell@display=pairwise
v2525,v1703,d5ba3837-38e1-4aec-bd7c-cb069a23e8c1,v2525,Maxwell@display=pairwise
v1703,v1703,377b66e2-ae54-4e8b-bd72-393052e435d4,v2525,Maxwell@display=pairwise
v2525,v1703,3fb4c47e-e723-4f8f-9933-f39a498c7374,v2525,Maxwell@display=pairwise
v1703,v2525,314e8591-1186-4063-97cc-338f0e2e6b51,v1703,Maxwell@display=pairwise
v2525,v2525,87e8a297-f718-4c2c-b36e-ad49b5f87820,v1703,Maxwell@display=pairwise
v2525,v1703,a9591a8a-3147-43f9-969a-2603ca967f9e,v2525,Maxwell@display=pairwise
v2519,v2519,07cb0fec-6496-46fd-9cbc-0dea3022bb18,v1397,Maxwell@display=pairwise
v2519,v2519,bbb2b770-5eab-4e22-9e43-7ff1c7cfcd31,v1397,Maxwell@display=pairwise
v1397,v1397,c029e6d3-d6b1-4306-9c7c-78ebbcbcad9b,v2519,Maxwell@display=pairwise
v2519,v1397,af7f19e9-f83a-45ae-8df8-fb20d08eddf9,v2519,Maxwell@display=pairwise
v2519,v2519,c377aeaf-60e4-4bc1-8080-5619345d590c,v1397,Maxwell@display=pairwise
v2519,v2519,d4eabb9c-6f17-472b-ade4-3caa69edc47f,v1397,Maxwell@display=pairwise
v2519,v2519,ce8b19c4-1057-436f-bb25-a0caf7200f5d,v1397,Maxwell@display=pairwise
v2519,v1397,6d1409b9-6033-42e4-aa64-cd28900b3b16,v2519,Maxwell@display=pairwise
v1397,v2519,291f1ce5-afb6-47f8-bf06-629bc6007f6a,v1397,Maxwell@display=pairwise
v2519,v1397,38c262d4-c1a0-4fa7-a248-d22e30007be5,v2519,Maxwell@display=pairwise
v4048,v4166,07cb0fec-6496-46fd-9cbc-0dea3022bb18,v4048,Maxwell@display=pairwise
,v4048,080ce256-1457-4584-9e83-8b7e065e3998,v4166,Maxwell@display=pairwise
v4166,v4166,6e957163-5267-4260-b5fe-b318884a96b4,v4048,Maxwell@display=pairwise
v4166,v4166,e50db2a7-868c-4b82-af9c-456e23753e56,v4048,Maxwell@display=pairwise
v4048,v4166,1ab3015c-2a18-4a9c-9842-14c3cab722d7,v4048,Maxwell@display=pairwise
v4166,v4048,b023edb0-5491-44a1-bacb-34942899fb86,v4166,Maxwell@display=pairwise
v4048,v4048,f6f6b226-3ab0-4a3c-84fb-0ce9390db359,v4166,Maxwell@display=pairwise
v4048,v4166,ca5e860d-cf4b-4c4a-bac3-1b0cd8646b53,v4048,Maxwell@display=pairwise
,v4166,573722c4-6130-4835-b049-7c523af50881,v4048,Maxwell@display=pairwise
v4166,v4166,2613c3ff-b6cc-4d25-850a-f9ccff836ebc,v4048,Maxwell@display=pairwise
v3740,v2513,07cb0fec-6496-46fd-9cbc-0dea3022bb18,v3740,Maxwell@display=pairwise
,v2513,97029296-ed19-429b-bde6-a44701da9433,v3740,Maxwell@display=pairwise
v2513,v3740,b0f8077d-dcab-4219-bb3b-100afaafa26d,v2513,Maxwell@display=pairwise
v2513,v3740,26369842-3726-4b94-bca7-39046cebbeed,v2513,Maxwell@display=pairwise
v2513,v2513,d6c9a5ed-1280-4497-91b4-033d6937541e,v3740,Maxwell@display=pairwise
,v2513,19da1622-4523-4766-8ee2-c68a94aba13f,v3740,Maxwell@display=pairwise
v3740,v2513,7364c455-72c0-4ba7-bd80-b8277ed5fa61,v3740,Maxwell@display=pairwise
,v3740,0f9366f9-fade-450c-be0e-0ebb4444aece,v2513,Maxwell@display=pairwise
v2513,v3740,178c8651-5570-4a73-b49a-7a93daf21ea4,v2513,Maxwell@display=pairwise
v3740,v2513,6c195b05-5754-4268-aaec-09c6fa8d20ce,v3740,Maxwell@display=pairwise
v1373,v1373,07cb0fec-6496-46fd-9cbc-0dea3022bb18,v2419,Maxwell@display=pairwise
,v2419,56396265-a727-4b26-87a2-fa020961705e,v1373,Maxwell@display=pairwise
v1373,v2419,d3ceb26c-6541-4b11-adf3-11f11a7fe362,v1373,Maxwell@display=pairwise
v1373,v1373,f911a403-5112-4234-ab0b-7497b7f4e3b4,v2419,Maxwell@display=pairwise
v2419,v2419,d5ba3837-38e1-4aec-bd7c-cb069a23e8c1,v1373,Maxwell@display=pairwise
,v1373,f875a8f1-ecd5-4cae-ac35-6f6466d90237,v2419,Maxwell@display=pairwise
,v2419,86c3fdc9-9648-4efc-ba1f-d8b06b701e87,v1373,Maxwell@display=pairwise
v2419,v2419,c0a2023a-1855-4bf5-83a3-b2a1f277df4a,v1373,Maxwell@display=pairwise
v2419,v1373,c0a2023a-1855-4bf5-83a3-b2a1f277df4a,v2419,Maxwell@display=pairwise
v1373,v2419,6832a87e-ad5d-4854-bee6-4ec447d48143,v1373,Maxwell@display=pairwise
v0265,v0265,07cb0fec-6496-46fd-9cbc-0dea3022bb18,v0530,Maxwell@display=pairwise
,v0530,c744cb11-c13d-48f5-857f-33b152474625,v0265,Maxwell@display=pairwise
v0265,v0530,d9c24ced-2640-4502-9de4-cfc5bcd74967,v0265,Maxwell@display=pairwise
v0265,v0530,d3ceb26c-6541-4b11-adf3-11f11a7fe362,v0265,Maxwell@display=pairwise
v0265,v0530,f0cc1ae8-38f7-44df-a97b-70cfda024744,v0265,Maxwell@display=pairwise
v0265,v0265,e0c1d00e-b138-4166-ac9f-cf7cfd33e902,v0530,Maxwell@display=pairwise
v0265,v0265,295b7632-b3b4-4d18-ab59-6527849c76d1,v0530,Maxwell@display=pairwise
v0530,v0265,09f575b8-b536-4315-8bb0-a892ce0721ed,v0530,Maxwell@display=pairwise
v0265,v0265,4150d97c-eefc-4853-8768-c3caf08a8bcc,v0530,Maxwell@display=pairwise
v0265,v0530,ba9fe7c9-6c2e-4006-a184-46f2e039d589,v0265,Maxwell@display=pairwise
v1394,v1394,07cb0fec-6496-46fd-9cbc-0dea3022bb18,v1025,Maxwell@display=pairwise
v1394,v1394,d30105ed-f2ea-430e-90b6-5096d9156bc4,v1025,Maxwell@display=pairwise
,v1025,14683b3e-6dfe-4a10-8db1-20dfd0dd5f20,v1394,Maxwell@display=pairwise
v1025,v1394,8477eb0e-905a-4f16-a145-97a894176374,v1025,Maxwell@display=pairwise
v1025,v1025,c2e135df-30eb-46ef-95b2-80bff450c273,v1394,Maxwell@display=pairwise
v1025,v1394,d0ad4187-7811-434d-a93d-afbb3b6b1ad7,v1025,Maxwell@display=pairwise
v1025,v1025,bb124c47-757c-4a7c-a0d4-8c10f384baa9,v1394,Maxwell@display=pairwise
,v1025,75187b75-792e-4a2a-8959-7a9b23e0ea24,v1394,Maxwell@display=pairwise
v1025,v1394,21d72962-585b-49b1-848c-8861ed477ea6,v1025,Maxwell@display=pairwise
v1394,v1394,5db3738a-9acb-4d81-9255-362c61e080bf,v1025,Maxwell@display=pairwise
v4537,v0529,07cb0fec-6496-46fd-9cbc-0dea3022bb18,v4537,Maxwell@display=pairwise
v4537,v0529,ace5b35a-5ee7-4702-8761-f37c7b5c11e7,v4537,Maxwell@display=pairwise
v4537,v0529,de4830fb-a55e-481e-972c-e8cd68d4cf25,v4537,Maxwell@display=pairwise
v4537,v4537,f7c088a4-f181-4faf-b131-f76c01b92e8d,v0529,Maxwell@display=pairwise
v4537,v0529,2c9a72d6-6d7d-4b0f-a7d4-bb0625c39190,v4537,Maxwell@display=pairwise
v4537,v4537,5b7f9010-471e-4f05-967c-a840f99bbcaf,v0529,Maxwell@display=pairwise
v4537,v4537,40161584-d61e-4b6d-a54b-90b0a53f914e,v0529,Maxwell@display=pairwise
v4537,v4537,f74805b0-7406-4a6a-9a49-5c7b8bedda55,v0529,Maxwell@display=pairwise
v4537,v0529,19e2587c-4d46-491a-9939-ee51abe19c39,v4537,Maxwell@display=pairwise
v4537,v0529,5f5c5157-bc4e-4779-9793-2661ff057066,v4537,Maxwell@display=pairwise
v4034,v2513,377d9610-aa18-4c37-a9ae-61f22bd5fe5e,v4034,Maxwell@display=pairwise
v4034,v2513,07cb0fec-6496-46fd-9cbc-0dea3022bb18,v4034,Maxwell@display=pairwise
v4034,v2513,ea62dadb-d0bf-416b-a83e-6823c24a7822,v4034,Maxwell@display=pairwise
v4034,v2513,8841cf31-165a-4525-ad00-5bc3d621f9fc,v4034,Maxwell@display=pairwise
v4034,v4034,c6a5f67c-5e3c-447c-8dd4-cf7aa57bb617,v2513,Maxwell@display=pairwise
v4034,v2513,026c8690-22a2-4ca3-b37e-73c29dcf0858,v4034,Maxwell@display=pairwise
v4034,v4034,2dc384e2-d08c-47ed-a933-eb91ec6fb38b,v2513,Maxwell@display=pairwise
v4034,v2513,f2a9fc90-657b-4726-9c43-bfa9bb2896ad,v4034,Maxwell@display=pairwise
v4034,v4034,31ddaa13-1309-4d47-b0ea-75b020268f37,v2513,Maxwell@display=pairwise
v2513,v2513,b0a5e289-dfa4-4711-82d4-37068f8fbd93,v4034,Maxwell@display=pairwise
,v0094,07cb0fec-6496-46fd-9cbc-0dea3022bb18,v0009,Maxwell@display=pairwise
,v0009,11bdad09-c1dc-4160-a3b3-e74f2d076796,v0094,Maxwell@display=pairwise
v0009,v0094,3a37653c-9f20-4105-9e6f-d0197869e5ec,v0009,Maxwell@display=pairwise
v0009,v0009,3fa99ef2-8170-40ac-9c39-165fcfe91a61,v0094,Maxwell@display=pairwise
v0009,v0009,1ef59f11-78bd-4a96-a606-4e12c0dd42dc,v0094,Maxwell@display=pairwise
,v0009,0dc3b28f-c989-4764-a5a3-7e2f40f51a16,v0094,Maxwell@display=pairwise
,v0009,63543963-7fe0-4e5d-bb45-c5303123a3d0,v0094,Maxwell@display=pairwise
,v0094,db9ea501-dc60-469e-99e5-17b4bcfcb6fb,v0009,Maxwell@display=pairwise
v0094,v0094,bab736be-b6c3-4a0a-8930-23ed65f562f2,v0009,Maxwell@display=pairwise
,v0009,1f073ed6-cf9c-4eed-aa27-85dfc3f34f60,v0094,Maxwell@display=pairwise
v1477,v1477,07cb0fec-6496-46fd-9cbc-0dea3022bb18,v2519,Maxwell@display=pairwise
v2519,v2519,c3da73c8-c221-4822-b9db-e6a75018931f,v1477,Maxwell@display=pairwise
v2519,v1477,c3da73c8-c221-4822-b9db-e6a75018931f,v2519,Maxwell@display=pairwise
v2519,v1477,94853c24-e68d-4875-ae6f-521994d9fef0,v2519,Maxwell@display=pairwise
v2519,v2519,75ce2d58-ecbb-4ede-bd93-43b99bca8d46,v1477,Maxwell@display=pairwise
v2519,v1477,379768c0-f55e-4655-bf28-0d6c6b75c288,v2519,Maxwell@display=pairwise
v2519,v1477,90741ce5-a5d8-4430-8051-715ff3ef5e49,v2519,Maxwell@display=pairwise
,v2519,c4def5d3-8498-4453-9086-653e4184d2c1,v1477,Maxwell@display=pairwise
v1477,v2519,86a3ac5a-2140-48bb-bde9-f02ac7191d29,v1477,Maxwell@display=pairwise
v2519,v2519,10b74529-4728-4409-849d-3c0d908d3219,v1477,Maxwell@display=pairwise
v2181,v0886,07cb0fec-6496-46fd-9cbc-0dea3022bb18,v2181,Maxwell@display=pairwise
v2181,v2181,0b68b061-a86d-4737-893c-794dc89669bf,v0886,Maxwell@display=pairwise
v2181,v2181,2eb7870f-25ce-49d2-a094-ac88dd1f63ad,v0886,Maxwell@display=pairwise
v2181,v0886,5826cad1-e0ae-480c-a6a3-3f6fd53569fa,v2181,Maxwell@display=pairwise
v2181,v2181,36626e5a-13d6-40ef-b3d5-3d9cc4dbdb4b,v0886,Maxwell@display=pairwise
,v0886,5e2da638-96bd-419b-acdd-1f0e0cd35933,v2181,Maxwell@display=pairwise
v2181,v2181,3d7fe021-5960-477b-910a-b9019bd40c53,v0886,Maxwell@display=pairwise
,v0886,00f56657-9793-4120-8471-bde6bce8e544,v2181,Maxwell@display=pairwise
v2181,v0886,a36304a0-0663-4875-8856-0bae1782c522,v2181,Maxwell@display=pairwise
,v0886,7c88f5ac-1415-4be3-a73f-f6eb914391f9,v2181,Maxwell@display=pairwise
v4235,v0162,07cb0fec-6496-46fd-9cbc-0dea3022bb18,v4235,Maxwell@display=pairwise
v4235,v0162,d596421e-e19a-4472-a4e8-730e96d35459,v4235,Maxwell@display=pairwise
v4235,v0162,0d3dafc8-efe4-4f72-8d19-f15b19149fe4,v4235,Maxwell@display=pairwise
v4235,v0162,43505c4c-2f72-4150-b92e-bb25604e229a,v4235,Maxwell@display=pairwise
v4235,v0162,6f27d33c-e38c-497e-92d6-941c4520a5cf,v4235,Maxwell@display=pairwise
v4235,v4235,ef228dde-5278-429a-b581-bf6bdf7010cb,v0162,Maxwell@display=pairwise
v4235,v0162,2987197e-d01c-46fa-bfae-419ca1a44316,v4235,Maxwell@display=pairwise
v4235,v0162,42e75c72-a6d9-474d-9ddf-9a3b32f8ff9a,v4235,Maxwell@display=pairwise
v4235,v4235,86a98c74-45fb-4cdf-a662-a12e8b733a2b,v0162,Maxwell@display=pairwise
v4235,v0162,6832a87e-ad5d-4854-bee6-4ec447d48143,v4235,Maxwell@display=pairwise
v1373,v2889,07cb0fec-6496-46fd-9cbc-0dea3022bb18,v1373,Maxwell@display=pairwise
v2889,v1373,51a741d8-2e85-48fb-a41a-ec0b312ce2e7,v2889,Maxwell@display=pairwise
,v2889,f982c154-231a-4d28-8be6-f62894d3a8c5,v1373,Maxwell@display=pairwise
v2889,v2889,91b93af1-fc38-4f56-bd97-9f14882417a4,v1373,Maxwell@display=pairwise
,v2889,76f3d336-52fa-4304-9eda-8f30f1fe4b75,v1373,Maxwell@display=pairwise
v2889,v1373,75cae008-0dbc-41be-8295-da701fdf0dba,v2889,Maxwell@display=pairwise
v2889,v2889,393a3c3e-2f6d-49dd-b9e0-18768e4dbb96,v1373,Maxwell@display=pairwise
v2889,v2889,94299678-0cff-4f0a-815f-9ebb17345759,v1373,Maxwell@display=pairwise
,v1373,847d79d3-f147-41e8-91ea-6097016d7bb0,v2889,Maxwell@display=pairwise
v2889,v1373,86a3ac5a-2140-48bb-bde9-f02ac7191d29,v2889,Maxwell@display=pairwise
v4097,v4097,f2a9fc90-657b-4726-9c43-bfa9bb2896ad,v4511,Maxwell@display=pairwise
v4097,v4097,4901352b-32bd-48cb-9460-5bb67e875f40,v4511,Maxwell@display=pairwise
v4097,v4511,097c523a-37c9-4814-a386-171e6d920ead,v4097,Maxwell@display=pairwise
v4511,v4097,acccac54-c658-4a6d-b128-1acee477e62e,v4511,Maxwell@display=pairwise
v4097,v4097,027d3766-10fa-4410-bda9-dfabae5b973f,v4511,Maxwell@display=pairwise
v4097,v4097,8c720eee-ed3e-49c7-87d6-11f9c7e89f0f,v4511,Maxwell@display=pairwise
v4097,v4511,07a3654d-ca98-438e-b300-d0ee18dcb45f,v4097,Maxwell@display=pairwise
v4097,v4511,ddd61b5c-dc4a-4146-8ae2-ae9ff73fb5d8,v4097,Maxwell@display=pairwise
v4097,v4511,4102f50c-9bd0-46b1-a432-2abc3ac76044,v4097,Maxwell@display=pairwise
v4511,v4097,393a3c3e-2f6d-49dd-b9e0-18768e4dbb96,v4511,Maxwell@display=pairwise
v4537,v3292,f2a9fc90-657b-4726-9c43-bfa9bb2896ad,v4537,Maxwell@display=pairwise
v4537,v3292,08c3ff44-f4df-4dde-9078-b475184ae0ce,v4537,Maxwell@display=pairwise
v4537,v3292,5a1c3efd-82cc-49c8-b9d9-add302b2be8a,v4537,Maxwell@display=pairwise
v4537,v4537,99d92158-abae-45a9-b49b-737ab2119fa3,v3292,Maxwell@display=pairwise
v4537,v4537,6e2024e3-6dbd-4f38-acdd-ea74cebf7e8b,v3292,Maxwell@display=pairwise
v4537,v3292,4102f50c-9bd0-46b1-a432-2abc3ac76044,v4537,Maxwell@display=pairwise
v4537,v3292,48f6cdb5-6230-4605-8615-20752b953814,v4537,Maxwell@display=pairwise
v4537,v4537,38c262d4-c1a0-4fa7-a248-d22e30007be5,v3292,Maxwell@display=pairwise
v4537,v4537,f91a86d7-4ef8-4563-ab87-c52917313279,v3292,Maxwell@display=pairwise
v4537,v4537,6832a87e-ad5d-4854-bee6-4ec447d48143,v3292,Maxwell@display=pairwise
v4034,v4034,f2a9fc90-657b-4726-9c43-bfa9bb2896ad,v3292,Maxwell@display=pairwise
v4034,v4034,f3cb7b9e-c2e1-481b-b513-fe2868bad5ec,v3292,Maxwell@display=pairwise
v4034,v4034,d9c24ced-2640-4502-9de4-cfc5bcd74967,v3292,Maxwell@display=pairwise
v4034,v3292,5826cad1-e0ae-480c-a6a3-3f6fd53569fa,v4034,Maxwell@display=pairwise
v4034,v3292,f147ea5d-89fe-4ac0-b2e1-30974a77591f,v4034,Maxwell@display=pairwise
v4034,v3292,aa873e42-f4c4-4b06-8b86-c8d47ffd4b9a,v4034,Maxwell@display=pairwise
v4034,v4034,e8cf995a-d627-41b3-85ff-373a997d5a4f,v3292,Maxwell@display=pairwise
v4034,v3292,75187b75-792e-4a2a-8959-7a9b23e0ea24,v4034,Maxwell@display=pairwise
v4034,v4034,bcbd73bb-1a96-4b43-b689-5c7986900531,v3292,Maxwell@display=pairwise
v4034,v3292,a36304a0-0663-4875-8856-0bae1782c522,v4034,Maxwell@display=pairwise
v3583,v3583,f2a9fc90-657b-4726-9c43-bfa9bb2896ad,v1703,Maxwell@display=pairwise
v3583,v1703,86cebb69-070a-4ed3-890f-c96d130c1704,v3583,Maxwell@display=pairwise
v3583,v3583,26369842-3726-4b94-bca7-39046cebbeed,v1703,Maxwell@display=pairwise
v3583,v3583,fdafe1fc-3bdb-472a-a91e-52abb2f5e78f,v1703,Maxwell@display=pairwise
v3583,v1703,4a4cda64-e09d-474d-abba-3cd33d2a4778,v3583,Maxwell@display=pairwise
v3583,v1703,f085de64-19bb-4f44-9ae2-2dc5700abca0,v3583,Maxwell@display=pairwise
v3583,v3583,b0a4dc9c-8f85-4cb4-b0e0-aadbead32e5f,v1703,Maxwell@display=pairwise
v3583,v1703,f8e4c74f-c2a6-462b-9197-a7c8c31317ac,v3583,Maxwell@display=pairwise
v3583,v1703,86a3ac5a-2140-48bb-bde9-f02ac7191d29,v3583,Maxwell@display=pairwise
v3583,v1703,86a3ac5a-2140-48bb-bde9-f02ac7191d29,v3583,Maxwell@display=pairwise
v3583,v3583,f2a9fc90-657b-4726-9c43-bfa9bb2896ad,v0009,Maxwell@display=pairwise
v3583,v3583,3a37653c-9f20-4105-9e6f-d0197869e5ec,v0009,Maxwell@display=pairwise
v3583,v3583,ef859b1f-9de1-4cef-bd2b-3e0ac5b8a3b4,v0009,Maxwell@display=pairwise
v3583,v0009,ae30bc61-78e0-4361-a5bc-9e7c1bbf8f1c,v3583,Maxwell@display=pairwise
v3583,v3583,e6140e2f-9de4-4f2e-b088-2ec9c3c33c4f,v0009,Maxwell@display=pairwise
v3583,v0009,9aac4b2a-3c36-47d6-b244-1cda70ad1743,v3583,Maxwell@display=pairwise
v3583,v3583,18dda76c-d54a-40a2-9768-d2dc4378804e,v0009,Maxwell@display=pairwise
v3583,v0009,1f073ed6-cf9c-4eed-aa27-85dfc3f34f60,v3583,Maxwell@display=pairwise
v3583,v3583,8f7a9d96-4b5f-4d1d-91d7-b4638a45dc78,v0009,Maxwell@display=pairwise
v3583,v0009,d0c823c4-c423-43a3-96bb-7f91f3fd8621,v3583,Maxwell@display=pairwise
v1025,v2419,f2a9fc90-657b-4726-9c43-bfa9bb2896ad,v1025,Maxwell@display=pairwise
v2419,v2419,198f7471-260c-4e71-98e1-e01c3c130b14,v1025,Maxwell@display=pairwise
,v1025,a59e7494-5d6d-4bca-a5c0-7c769da374f1,v2419,Maxwell@display=pairwise
v1025,v2419,a2093909-503b-438b-bf75-c9807e56810a,v1025,Maxwell@display=pairwise
v1025,v1025,f085de64-19bb-4f44-9ae2-2dc5700abca0,v2419,Maxwell@display=pairwise
v2419,v1025,b3fd58a0-de51-4535-89b9-5c4e67110491,v2419,Maxwell@display=pairwise
v1025,v2419,87cd4023-a010-48bb-9894-889f68df299a,v1025,Maxwell@display=pairwise
v2419,v1025,dc2d7783-e288-48d3-9954-ac7aaf84073e,v2419,Maxwell@display=pairwise
v2419,v1025,ff5bd754-d1d5-47d5-8cdd-ba09f18067ba,v2419,Maxwell@display=pairwise
v1025,v1025,723aa930-ec56-4066-ae75-7504ed46fa1e,v2419,Maxwell@display=pairwise
v3583,v3583,f2a9fc90-657b-4726-9c43-bfa9bb2896ad,v1447,Maxwell@display=pairwise
v3583,v1447,e7c95211-5ce3-4c43-bde6-828f51c7a97c,v3583,Maxwell@display=pairwise
v3583,v3583,047e4203-0585-4d9b-9859-1744b143e682,v1447,Maxwell@display=pairwise
,v3583,d02f408f-c495-4a1f-83e0-411da8e86fed,v1447,Maxwell@display=pairwise
v3583,v1447,4d41abd8-8939-4aaf-8d9b-3eeaca78e042,v3583,Maxwell@display=pairwise
v3583,v1447,c1e5dd48-6b4f-42c3-b070-b362047520ac,v3583,Maxwell@display=pairwise
v3583,v1447,768f2d5e-4da6-4e17-a974-b681ec9fada3,v3583,Maxwell@display=pairwise
v3583,v1447,4102f50c-9bd0-46b1-a432-2abc3ac76044,v3583,Maxwell@display=pairwise
v3583,v1447,c4028c28-4dc8-43ed-837f-6a102925f0a7,v3583,Maxwell@display=pairwise
v1447,v3583,b03c8d70-1916-4f7d-a03a-f96397ce85d6,v1447,Maxwell@display=pairwise
v4235,v2889,f2a9fc90-657b-4726-9c43-bfa9bb2896ad,v4235,Maxwell@display=pairwise
v4235,v4235,b8ec5d7b-dc37-4949-b5af-d89363f49439,v2889,Maxwell@display=pairwise
v2889,v2889,7eb95ab6-eca8-489b-b426-e9b15a50c9cb,v4235,Maxwell@display=pairwise
v2889,v2889,724c60ae-6aa6-4024-bb86-11ee7b7b8770,v4235,Maxwell@display=pairwise
v4235,v4235,d5e997d9-e2c0-46e2-a2f7-ac9521784839,v2889,Maxwell@display=pairwise
v4235,v4235,1a554cd6-a958-4409-801f-f6700b3c42ab,v2889,Maxwell@display=pairwise
v4235,v2889,379768c0-f55e-4655-bf28-0d6c6b75c288,v4235,Maxwell@display=pairwise
v4235,v4235,d4bb2ace-733e-49f7-9178-3c58fe2fb813,v2889,Maxwell@display=pairwise
,v2889,40161584-d61e-4b6d-a54b-90b0a53f914e,v4235,Maxwell@display=pairwise
v4235,v2889,bdcbadd2-3661-4ece-a668-ae3da62a8e23,v4235,Maxwell@display=pairwise
,v1477,f2a9fc90-657b-4726-9c43-bfa9bb2896ad,v0886,Maxwell@display=pairwise
v1477,v0886,bc7f1faa-49be-4e1c-af0f-a46d243c1067,v1477,Maxwell@display=pairwise
v1477,v1477,79978944-2bb6-45ce-bd59-529f44c09c69,v0886,Maxwell@display=pairwise
v0886,v0886,2c9a72d6-6d7d-4b0f-a7d4-bb0625c39190,v1477,Maxwell@display=pairwise
v0886,v1477,8590a9f9-2ebf-4c1a-92e7-b7ed9bf29a0e,v0886,Maxwell@display=pairwise
v1477,v0886,9a13acb4-7038-4936-8528-49b8f8676860,v1477,Maxwell@display=pairwise
v1477,v0886,b269b069-99f5-4d8d-8e73-426d3fa2f09f,v1477,Maxwell@display=pairwise
v0886,v1477,bb58be60-dfb8-4e62-af7d-b508d07dce9c,v0886,Maxwell@display=pairwise
v0886,v0886,d8c466c5-877b-40b2-b8d8-5cd12c3902b1,v1477,Maxwell@display=pairwise
v0886,v1477,601526eb-3031-4f1f-9986-21b3aba14da1,v0886,Maxwell@display=pairwise
v0886,v0328,f2a9fc90-657b-4726-9c43-bfa9bb2896ad,v0886,Maxwell@display=pairwise
v0886,v0886,209cb4b5-da1d-4522-8e51-c7ab4b854165,v0328,Maxwell@display=pairwise
v0886,v0886,a64e5ec2-6369-44d6-b203-264f818abe72,v0328,Maxwell@display=pairwise
v0886,v0886,c1e5dd48-6b4f-42c3-b070-b362047520ac,v0328,Maxwell@display=pairwise
v0886,v0328,c1e5dd48-6b4f-42c3-b070-b362047520ac,v0886,Maxwell@display=pairwise
v0886,v0328,15577bca-cd7f-4695-868d-7da11fc028ed,v0886,Maxwell@display=pairwise
v0886,v0328,af6e2deb-376c-413f-a86c-f5a9716169c9,v0886,Maxwell@display=pairwise
v0886,v0328,c8a8c2c5-cbde-4269-8b36-a3b928ca2d67,v0886,Maxwell@display=pairwise
v0886,v0886,19ed7125-f9d4-4332-baa2-b57735cd4bae,v0328,Maxwell@display=pairwise
,v0328,da7d4669-ee69-4b69-9548-38fdb95e66a3,v0886,Maxwell@display=pairwise
v2083,v0094,f2a9fc90-657b-4726-9c43-bfa9bb2896ad,v2083,Maxwell@display=pairwise
v2083,v0094,0b68b061-a86d-4737-893c-794dc89669bf,v2083,Maxwell@display=pairwise
v2083,v0094,6f27d33c-e38c-497e-92d6-941c4520a5cf,v2083,Maxwell@display=pairwise
v2083,v0094,0fe8a7e1-5dbc-4a2b-b956-4e18128d5353,v2083,Maxwell@display=pairwise
v2083,v0094,09aa3d60-2327-4a62-a385-c9877f16fa3d,v2083,Maxwell@display=pairwise
v2083,v0094,15577bca-cd7f-4695-868d-7da11fc028ed,v2083,Maxwell@display=pairwise
v2083,v2083,f911a403-5112-4234-ab0b-7497b7f4e3b4,v0094,Maxwell@display=pairwise
v2083,v2083,7ccb1601-429e-4e0c-a822-991e9abf2075,v0094,Maxwell@display=pairwise
v2083,v0094,bf5b1043-3619-4e4e-8dd0-75a645dbd419,v2083,Maxwell@display=pairwise
v2083,v0094,22ca127c-db37-4eac-a88d-3184529fba6d,v2083,Maxwell@display=pairwise
v0878,v0878,f2a9fc90-657b-4726-9c43-bfa9bb2896ad,v2181,Maxwell@display=pairwise
v0878,v2181,2423a185-20d6-40c1-ad61-5268117f6f7d,v0878,Maxwell@display=pairwise
v2181,v0878,6e957163-5267-4260-b5fe-b318884a96b4,v2181,Maxwell@display=pairwise
v2181,v2181,871c2c32-2a79-4dfe-8f52-64f2693fedd4,v0878,Maxwell@display=pairwise
v0878,v0878,dedbfcfc-7bd5-4ca8-94c8-dc770921f545,v2181,Maxwell@display=pairwise
,v0878,48990368-f0c8-46e1-9f8b-61fbaec1f893,v2181,Maxwell@display=pairwise
v0878,v0878,d4bb2ace-733e-49f7-9178-3c58fe2fb813,v2181,Maxwell@display=pairwise
v2181,v0878,58cd42ca-ab8e-42e2-b642-894b9b5a51b9,v2181,Maxwell@display=pairwise
,v2181,ccaef3a0-85de-4b7b-97a8-f6c96128a6b0,v0878,Maxwell@display=pairwise
v0878,v0878,da7d4669-ee69-4b69-9548-38fdb95e66a3,v2181,Maxwell@display=pairwise
v0529,v0094,97de5541-daa2-4923-b5fd-316b14861fe4,v0529,Maxwell@display=pairwise
v0529,v0094,1ea4d896-7017-4409-8dd2-484c9eb6e564,v0529,Maxwell@display=pairwise
v0529,v0529,bb6f7d69-13e4-4bf4-9aa2-bfa5e8640d32,v0094,Maxwell@display=pairwise
v0529,v0529,c2c5d1ea-6807-4bdd-a0f0-5694bf04fe9b,v0094,Maxwell@display=pairwise
v0529,v0529,1d9a8b4d-ed7d-4236-a2d3-b3e34d6c186b,v0094,Maxwell@display=pairwise
v0529,v0529,19da1622-4523-4766-8ee2-c68a94aba13f,v0094,Maxwell@display=pairwise
v0529,v0094,b269b069-99f5-4d8d-8e73-426d3fa2f09f,v0529,Maxwell@display=pairwise
v0529,v0094,d7bcfd1a-e16b-4218-af32-20e97bd8fa5d,v0529,Maxwell@display=pairwise
v0529,v0529,8af492ec-8e66-4d99-a408-22dea1cbafd6,v0094,Maxwell@display=pairwise
v0529,v0529,2b1366bc-270c-4bfe-9882-c9f5c9c8efda,v0094,Maxwell@display=pairwise
v1477,v1477,97de5541-daa2-4923-b5fd-316b14861fe4,v2181,Maxwell@display=pairwise
,v2181,5c136a49-d41e-4881-93c3-e597c637a8dc,v1477,Maxwell@display=pairwise
v2181,v1477,11af42fa-614e-4be6-93e5-4fedd30f3ca3,v2181,Maxwell@display=pairwise
v2181,v1477,28487e39-409b-4c7a-9093-c8806b2a099b,v2181,Maxwell@display=pairwise
v1477,v1477,d9c24ced-2640-4502-9de4-cfc5bcd74967,v2181,Maxwell@display=pairwise
v2181,v2181,70b41da2-de44-482d-b32a-5aaa4502ce19,v1477,Maxwell@display=pairwise
v2181,v2181,8841cf31-165a-4525-ad00-5bc3d621f9fc,v1477,Maxwell@display=pairwise
v2181,v1477,178c8651-5570-4a73-b49a-7a93daf21ea4,v2181,Maxwell@display=pairwise
v2181,v2181,1cb93b11-5310-4d5c-a726-b413659dd3b8,v1477,Maxwell@display=pairwise
v2181,v2181,ec7a9023-9cdd-445b-934e-d5c95de760d5,v1477,Maxwell@display=pairwise
v0162,v1984,97de5541-daa2-4923-b5fd-316b14861fe4,v0162,Maxwell@display=pairwise
v1984,v1984,b84d3c5b-e287-4a77-95bc-db56644be2d4,v0162,Maxwell@display=pairwise
v1984,v1984,96f829ff-df3c-49ca-9af3-b69739e4a67a,v0162,Maxwell@display=pairwise
v1984,v1984,6ee42a58-0d17-477c-b60f-4bf0f2eec782,v0162,Maxwell@display=pairwise
v1984,v1984,cabe6903-7b7e-4c1a-b661-958c6fa61429,v0162,Maxwell@display=pairwise
v1984,v0162,5fa03c38-e27e-4f64-8734-7be0dfe4d9c7,v1984,Maxwell@display=pairwise
v0162,v1984,720d1aa0-a9e3-4836-9efe-1ef960d71e0e,v0162,Maxwell@display=pairwise
v1984,v0162,1e3cc6d0-8a93-4ccf-b54a-c049f3248c37,v1984,Maxwell@display=pairwise
v1984,v1984,291f1ce5-afb6-47f8-bf06-629bc6007f6a,v0162,Maxwell@display=pairwise
,v0162,d5eb3ad8-a6f8-4d74-bc5b-9937bb2277b4,v1984,Maxwell@display=pairwise
,v2635,97de5541-daa2-4923-b5fd-316b14861fe4,v2525,Maxwell@display=pairwise
v2525,v2635,5288ac4e-2d63-43f3-8c9d-4af9f174f740,v2525,Maxwell@display=pairwise
v2635,v2525,5288ac4e-2d63-43f3-8c9d-4af9f174f740,v2635,Maxwell@display=pairwise
v2525,v2525,8fd99fd1-3906-4e88-b6fb-6c1db6831a82,v2635,Maxwell@display=pairwise
v2635,v2525,43505c4c-2f72-4150-b92e-bb25604e229a,v2635,Maxwell@display=pairwise
v2525,v2525,91c5b80b-c738-4722-8cc5-80c4da596c5f,v2635,Maxwell@display=pairwise
,v2525,1bc15f08-5e0e-4bcb-9390-fef0c1eb2c89,v2635,Maxwell@display=pairwise
v2635,v2525,bdc19414-eecd-4bae-b622-f06ee94a9b55,v2635,Maxwell@display=pairwise
v2525,v2525,86a98c74-45fb-4cdf-a662-a12e8b733a2b,v2635,Maxwell@display=pairwise
v2525,v2635,b03c8d70-1916-4f7d-a03a-f96397ce85d6,v2525,Maxwell@display=pairwise
v2083,v2083,97de5541-daa2-4923-b5fd-316b14861fe4,v0265,Maxwell@display=pairwise
v2083,v0265,4901352b-32bd-48cb-9460-5bb67e875f40,v2083,Maxwell@display=pairwise
v0265,v0265,c632682f-3406-426f-b435-23fd4f4e5aa7,v2083,Maxwell@display=pairwise
v2083,v2083,1ca99ba4-be7c-4a95-a57a-0005144b2eca,v0265,Maxwell@display=pairwise
v0265,v0265,c029e6d3-d6b1-4306-9c7c-78ebbcbcad9b,v2083,Maxwell@display=pairwise
v0265,v0265,196d047d-4bfe-4054-bcf3-da76fe0ecb11,v2083,Maxwell@display=pairwise
v0265,v0265,196d047d-4bfe-4054-bcf3-da76fe0ecb11,v2083,Maxwell@display=pairwise
v2083,v0265,5dd4b999-dfa1-477e-9901-16fa0e727a3f,v2083,Maxwell@display=pairwise
v0265,v2083,93650a77-b874-44f5-a36e-8c9163eee72e,v0265,Maxwell@display=pairwise
v2083,v0265,088c8375-45de-4caf-8da5-b1d72abe0de0,v2083,Maxwell@display=pairwise
v4511,v4511,97de5541-daa2-4923-b5fd-316b14861fe4,v1984,Maxwell@display=pairwise
v4511,v1984,c73de61c-2ffb-43a7-bb2b-9153ac84e57d,v4511,Maxwell@display=pairwise
v1984,v4511,a4914634-9c3a-4b63-ba2f-eae01b722ce6,v1984,Maxwell@display=pairwise
v4511,v1984,43641f2c-9c5f-4450-a8d2-51e7dde0ec97,v4511,Maxwell@display=pairwise
v4511,v1984,e776162f-2a46-4b9f-a534-2d38aa9d05c2,v4511,Maxwell@display=pairwise
v4511,v1984,026c8690-22a2-4ca3-b37e-73c29dcf0858,v4511,Maxwell@display=pairwise
v4511,v1984,8841cf31-165a-4525-ad00-5bc3d621f9fc,v4511,Maxwell@display=pairwise
v4511,v1984,730d1fc7-c570-412c-8d46-89d91d650c41,v4511,Maxwell@display=pairwise
v4511,v1984,537c627e-ce2d-4b04-939a-552205731bb6,v4511,Maxwell@display=pairwise
v4511,v1984,c5fb40fd-7ac9-4e0e-afbe-3c1a6c070532,v4511,Maxwell@display=pairwise
v3175,v3175,97de5541-daa2-4923-b5fd-316b14861fe4,v1190,Maxwell@display=pairwise
v3175,v3175,21350804-8bb4-46fc-964b-228b225563ca,v1190,Maxwell@display=pairwise
v1190,v1190,8f7e51a3-8852-4682-99c4-de2ab7f8863b,v3175,Maxwell@display=pairwise
,v3175,5440d8e0-a14b-41a3-9cd3-b762fddb4276,v1190,Maxwell@display=pairwise
v1190,v1190,d46aa3cf-4905-4b5d-af67-028746a98435,v3175,Maxwell@display=pairwise
v1190,v3175,814662e1-3c1f-4324-86ff-9ceb6e24e830,v1190,Maxwell@display=pairwise
v1190,v3175,683c32f7-8434-4498-87d5-1e051acb4750,v1190,Maxwell@display=pairwise
v1190,v1190,bea8d5b8-3b89-4933-9543-144c89405bfa,v3175,Maxwell@display=pairwise
v1190,v3175,4db85d74-0f6b-4231-9f89-f26a362394c5,v1190,Maxwell@display=pairwise
v1190,v1190,148a0216-b671-4cdd-992c-7aba2d0b85cb,v3175,Maxwell@display=pairwise
v4048,v4048,97de5541-daa2-4923-b5fd-316b14861fe4,v0314,Maxwell@display=pairwise
v4048,v0314,bcfcab6f-59dd-4283-a999-0696e9e4835f,v4048,Maxwell@display=pairwise
v4048,v0314,6e957163-5267-4260-b5fe-b318884a96b4,v4048,Maxwell@display=pairwise
v4048,v0314,d71a87a3-844a-46bd-9968-6f2321da861a,v4048,Maxwell@display=pairwise
v4048,v0314,c942376b-0080-4a53-825b-8c8974c18262,v4048,Maxwell@display=pairwise
v4048,v0314,18dda76c-d54a-40a2-9768-d2dc4378804e,v4048,Maxwell@display=pairwise
v4048,v4048,21cdd095-3223-44a1-bbae-ecc5b4f9c9aa,v0314,Maxwell@display=pairwise
v4048,v4048,3267d3c7-b874-4b3e-805a-dd7a7c57ca1c,v0314,Maxwell@display=pairwise
v4048,v0314,2b1366bc-270c-4bfe-9882-c9f5c9c8efda,v4048,Maxwell@display=pairwise
v4048,v0314,9f33edc6-8672-491a-9b40-8bb445f9aaf0,v4048,Maxwell@display=pairwise
v0824,v2349,31d01651-40ee-49ee-8266-1aee63461887,v0824,Maxwell@display=pairwise
v2349,v2349,a3325c83-0a68-4363-ba47-16edb8edbff7,v0824,Maxwell@display=pairwise
v2349,v0824,d8283b1b-0907-48e1-903d-e170904c22e6,v2349,Maxwell@display=pairwise
v2349,v0824,97de5541-daa2-4923-b5fd-316b14861fe4,v2349,Maxwell@display=pairwise
v2349,v2349,43505c4c-2f72-4150-b92e-bb25604e229a,v0824,Maxwell@display=pairwise
v2349,v0824,8165ec89-da1a-443f-9c35-12bd6162de30,v2349,Maxwell@display=pairwise
v2349,v2349,5184a7fd-e2f2-44fe-b1c1-7062145c6b02,v0824,Maxwell@display=pairwise
v2349,v0824,62182adc-a9e3-409b-94a5-c4c180d9f3b7,v2349,Maxwell@display=pairwise
v2349,v0824,4cfaf7eb-7c7a-4d23-afa8-6e9c8e64a6b4,v2349,Maxwell@display=pairwise
v2349,v0824,e42b649c-14c6-4d68-bd56-7111ec5ae475,v2349,Maxwell@display=pairwise
v1984,v1984,97de5541-daa2-4923-b5fd-316b14861fe4,v3583,Maxwell@display=pairwise
v3583,v1984,ef859b1f-9de1-4cef-bd2b-3e0ac5b8a3b4,v3583,Maxwell@display=pairwise
v3583,v1984,cc2b08c4-b73c-48a9-95c6-b79cfa497b75,v3583,Maxwell@display=pairwise
v3583,v3583,3518d8aa-f924-4243-b3f7-e6f08c02daae,v1984,Maxwell@display=pairwise
v1984,v1984,871c2c32-2a79-4dfe-8f52-64f2693fedd4,v3583,Maxwell@display=pairwise
v3583,v3583,b8283f80-554f-404a-936c-a4114b3184d8,v1984,Maxwell@display=pairwise
v3583,v3583,e07bb13d-8d71-400d-8aee-9277fb8773d2,v1984,Maxwell@display=pairwise
v3583,v3583,7d2ece56-ce0a-475c-949e-6db477f55ee0,v1984,Maxwell@display=pairwise
v3583,v1984,40161584-d61e-4b6d-a54b-90b0a53f914e,v3583,Maxwell@display=pairwise
v3583,v1984,f31347b5-4dd9-48d6-9c55-c095b5716f4b,v3583,Maxwell@display=pairwise
v2513,v2513,97de5541-daa2-4923-b5fd-316b14861fe4,v0314,Maxwell@display=pairwise
v2513,v2513,34739ea5-3239-4633-8c9d-4d1e70eb376d,v0314,Maxwell@display=pairwise
v2513,v2513,5826cad1-e0ae-480c-a6a3-3f6fd53569fa,v0314,Maxwell@display=pairwise
v2513,v2513,078cd768-2d5e-4660-b076-da7a83947d90,v0314,Maxwell@display=pairwise
v0314,v2513,078cd768-2d5e-4660-b076-da7a83947d90,v0314,Maxwell@display=pairwise
v2513,v0314,184ea99b-88b2-410a-8041-f9980509d0f3,v2513,Maxwell@display=pairwise
v2513,v2513,768f2d5e-4da6-4e17-a974-b681ec9fada3,v0314,Maxwell@display=pairwise
v2513,v2513,a4ff02d4-6d50-4f8a-b84e-4c6ba39528a5,v0314,Maxwell@display=pairwise
v0314,v2513,814ef15f-db94-48de-9643-528fc2a355eb,v0314,Maxwell@display=pairwise
v2513,v2513,31e59e7f-acc9-48fd-8a2b-bf0096731a49,v0314,Maxwell@display=pairwise
v2519,v2519,97de5541-daa2-4923-b5fd-316b14861fe4,v3355,Maxwell@display=pairwise
v3355,v2519,4816403d-b202-4e68-a3f1-f212baf4c17a,v3355,Maxwell@display=pairwise
v2519,v3355,8dbe2ffd-6f41-43a3-860b-153138fb521f,v2519,Maxwell@display=pairwise
v2519,v2519,01a3b14c-3923-4b2c-baf6-0b671043ec61,v3355,Maxwell@display=pairwise
v2519,v2519,9e27701b-15a9-4a1e-b326-1c40f3a51892,v3355,Maxwell@display=pairwise
v2519,v3355,b729730b-45b0-4f9e-b3be-4c661741c01b,v2519,Maxwell@display=pairwise
v3355,v3355,9d91b01f-a800-4b2b-b343-d61dc7eaf041,v2519,Maxwell@display=pairwise
v3355,v3355,9b4634c9-30c1-4725-8f52-815faf943025,v2519,Maxwell@display=pairwise
v2519,v2519,9b4634c9-30c1-4725-8f52-815faf943025,v3355,Maxwell@display=pairwise
v2519,v3355,5a73329b-3ee5-4d38-9a02-8e7a17f87252,v2519,Maxwell@display=pairwise
v0094,v0530,97de5541-daa2-4923-b5fd-316b14861fe4,v0094,Maxwell@display=pairwise
v0530,v0530,bcfcab6f-59dd-4283-a999-0696e9e4835f,v0094,Maxwell@display=pairwise
v0530,v0094,6d6a6d9c-16c4-43d3-860f-2faf372131a2,v0530,Maxwell@display=pairwise
v0530,v0094,8fd99fd1-3906-4e88-b6fb-6c1db6831a82,v0530,Maxwell@display=pairwise
,v0530,7b37ac90-7282-45c2-a24a-6ed9b9860183,v0094,Maxwell@display=pairwise
v0530,v0530,c602f6cd-39d9-4602-ae7e-64276e63f32d,v0094,Maxwell@display=pairwise
v0530,v0094,c602f6cd-39d9-4602-ae7e-64276e63f32d,v0530,Maxwell@display=pairwise
v0530,v0530,7321c6b3-7020-45e2-bb9d-2ab101e5c7ae,v0094,Maxwell@display=pairwise
v0530,v0530,a9591a8a-3147-43f9-969a-2603ca967f9e,v0094,Maxwell@display=pairwise
,v0094,2b8c1e14-fdc9-4c52-a214-1887ac95a9ba,v0530,Maxwell@display=pairwise
v2349,v2349,bdc19414-eecd-4bae-b622-f06ee94a9b55,v0530,Maxwell@display=pairwise
v2349,v0530,49091e64-faa5-49f7-8e9d-a491f64fc35c,v2349,Maxwell@display=pairwise
v2349,v2349,bdc19414-eecd-4bae-b622-f06ee94a9b55,v0530,Maxwell@display=pairwise
v2349,v2349,e37a04cf-5cb9-4c24-b268-428f04b630ae,v0530,Maxwell@display=pairwise
v2349,v2349,f9d3357f-aea1-4746-8080-e4ebb0fb3ae0,v0530,Maxwell@display=pairwise
v2349,v0530,d8283b1b-0907-48e1-903d-e170904c22e6,v2349,Maxwell@display=pairwise
v2349,v0530,1a77d7b2-9385-4d84-b6db-2f3070895961,v2349,Maxwell@display=pairwise
v2349,v2349,97de5541-daa2-4923-b5fd-316b14861fe4,v0530,Maxwell@display=pairwise
v2349,v0530,2168499d-6438-474d-96fc-7346737ee935,v2349,Maxwell@display=pairwise
v2349,v2349,68ef565a-1042-4da3-904c-bcf7b3530ccd,v0530,Maxwell@display=pairwise
v4235,v4235,97de5541-daa2-4923-b5fd-316b14861fe4,v0328,Maxwell@display=pairwise
v4235,v4235,f19945e8-447a-46eb-adcc-ff690853c250,v0328,Maxwell@display=pairwise
v4235,v0328,c84c4b4e-e61c-4990-a2d5-4ecaceeeddf0,v4235,Maxwell@display=pairwise
v0328,v0328,abd7238e-93ec-420d-aab3-40296b6b8533,v4235,Maxwell@display=pairwise
v4235,v4235,abd7238e-93ec-420d-aab3-40296b6b8533,v0328,Maxwell@display=pairwise
v4235,v0328,6c667c99-47b9-4628-92e3-b75b68268f5d,v4235,Maxwell@display=pairwise
v4235,v4235,6c667c99-47b9-4628-92e3-b75b68268f5d,v0328,Maxwell@display=pairwise
v4235,v4235,058c4e79-1989-4a56-81b0-7d9c671b99d7,v0328,Maxwell@display=pairwise
v4235,v0328,5ccc3ed0-25fd-4916-814e-1434152dda5f,v4235,Maxwell@display=pairwise
v4235,v0328,c498d5cf-b5b6-469d-8d68-860f0f7e3445,v4235,Maxwell@display=pairwise
v1477,v3175,d8283b1b-0907-48e1-903d-e170904c22e6,v1477,Maxwell@display=pairwise
v1477,v1477,61f12ee8-b502-480f-96d7-2d477220aa9d,v3175,Maxwell@display=pairwise
v1477,v3175,0ce9055c-8e48-4f35-8e94-9ca9bc88f80c,v1477,Maxwell@display=pairwise
,v3175,f19facc3-19e1-44d0-b4a8-eb2b60cb7a57,v1477,Maxwell@display=pairwise
v1477,v3175,551170cd-eec1-45e1-8fcb-38d560259044,v1477,Maxwell@display=pairwise
v1477,v3175,3b229a65-310a-43d5-a784-9b94a939355b,v1477,Maxwell@display=pairwise
,v3175,0dc3b28f-c989-4764-a5a3-7e2f40f51a16,v1477,Maxwell@display=pairwise
,v1477,9ede4d3e-ee31-4bd1-980a-75ced4a17656,v3175,Maxwell@display=pairwise
v1477,v1477,1ac54074-3b46-420d-be1a-9370fec2a3d9,v3175,Maxwell@display=pairwise
v3175,v1477,10b74529-4728-4409-849d-3c0d908d3219,v3175,Maxwell@display=pairwise
v4048,v4048,d8283b1b-0907-48e1-903d-e170904c22e6,v2083,Maxwell@display=pairwise
v4048,v2083,c2695074-4db8-48d5-be71-3e9658613537,v4048,Maxwell@display=pairwise
v2083,v4048,a0afca37-6b70-4a80-b1bf-0ae756a802f7,v2083,Maxwell@display=pairwise
v4048,v4048,a0a0bd53-c6ee-48c3-8d0d-7094f991b6c5,v2083,Maxwell@display=pairwise
v4048,v2083,6ee42a58-0d17-477c-b60f-4bf0f2eec782,v4048,Maxwell@display=pairwise
v2083,v2083,e71f0be5-2d3f-4bc9-9407-a2dce3a16b91,v4048,Maxwell@display=pairwise
v4048,v4048,584a427c-0ddb-46df-87da-d6b34d3a6a48,v2083,Maxwell@display=pairwise
v4048,v4048,0630eeac-73c4-4677-83c8-f714f6e289a9,v2083,Maxwell@display=pairwise
v4048,v2083,28078593-bd58-4e49-88f5-c7909b406342,v4048,Maxwell@display=pairwise
v4048,v4048,2168499d-6438-474d-96fc-7346737ee935,v2083,Maxwell@display=pairwise
v1984,v0824,d8283b1b-0907-48e1-903d-e170904c22e6,v1984,Maxwell@display=pairwise
v1984,v1984,5288ac4e-2d63-43f3-8c9d-4af9f174f740,v0824,Maxwell@display=pairwise
v0824,v1984,8dbe2ffd-6f41-43a3-860b-153138fb521f,v0824,Maxwell@display=pairwise
v1984,v0824,ce0e0f0c-7b35-4e39-b905-dc94435761e5,v1984,Maxwell@display=pairwise
v1984,v0824,1a77d7b2-9385-4d84-b6db-2f3070895961,v1984,Maxwell@display=pairwise
v1984,v1984,5dd4b999-dfa1-477e-9901-16fa0e727a3f,v0824,Maxwell@display=pairwise
,v0824,21cdd095-3223-44a1-bbae-ecc5b4f9c9aa,v1984,Maxwell@display=pairwise
v1984,v1984,c0a2023a-1855-4bf5-83a3-b2a1f277df4a,v0824,Maxwell@display=pairwise
v0824,v1984,c8663594-fd63-46c0-be02-64eede925ed2,v0824,Maxwell@display=pairwise
v0824,v1984,09f575b8-b536-4315-8bb0-a892ce0721ed,v0824,Maxwell@display=pairwise
v0032,v0032,d8283b1b-0907-48e1-903d-e170904c22e6,v2063,Maxwell@display=pairwise
v0032,v2063,c632682f-3406-426f-b435-23fd4f4e5aa7,v0032,Maxwell@display=pairwise
v0032,v2063,6c8d0bd2-69c0-4329-8452-5ab71470ec79,v0032,Maxwell@display=pairwise
v0032,v2063,e37a04cf-5cb9-4c24-b268-428f04b630ae,v0032,Maxwell@display=pairwise
v0032,v0032,e37a04cf-5cb9-4c24-b268-428f04b630ae,v2063,Maxwell@display=pairwise
v0032,v2063,e37a04cf-5cb9-4c24-b268-428f04b630ae,v0032,Maxwell@display=pairwise
v0032,v2063,c602f6cd-39d9-4602-ae7e-64276e63f32d,v0032,Maxwell@display=pairwise
v0032,v2063,bdc19414-eecd-4bae-b622-f06ee94a9b55,v0032,Maxwell@display=pairwise
,v2063,896aa6ba-af39-4dad-a16b-2b871323826d,v0032,Maxwell@display=pairwise
v2063,v2063,701d9632-11da-4c45-b5a9-9ef109bd0705,v0032,Maxwell@display=pairwise
v3740,v2083,d8283b1b-0907-48e1-903d-e170904c22e6,v3740,Maxwell@display=pairwise
v2083,v2083,08c3ff44-f4df-4dde-9078-b475184ae0ce,v3740,Maxwell@display=pairwise
v2083,v3740,f703c144-8fe7-4731-ad56-faff59588dbe,v2083,Maxwell@display=pairwise
v3740,v3740,83d505a2-2b0d-4ae8-8f57-e375dcc387ac,v2083,Maxwell@display=pairwise
v2083,v3740,2eb7870f-25ce-49d2-a094-ac88dd1f63ad,v2083,Maxwell@display=pairwise
v3740,v2083,68ef565a-1042-4da3-904c-bcf7b3530ccd,v3740,Maxwell@display=pairwise
v2083,v2083,5dd4b999-dfa1-477e-9901-16fa0e727a3f,v3740,Maxwell@display=pairwise
v3740,v3740,e1ce5e37-5e67-453e-aee9-0a6e7cf6b73c,v2083,Maxwell@display=pairwise
v2083,v2083,d0c823c4-c423-43a3-96bb-7f91f3fd8621,v3740,Maxwell@display=pairwise
v3740,v2083,5f5c5157-bc4e-4779-9793-2661ff057066,v3740,Maxwell@display=pairwise
v4097,v0824,d8283b1b-0907-48e1-903d-e170904c22e6,v4097,Maxwell@display=pairwise
v4097,v0824,4901352b-32bd-48cb-9460-5bb67e875f40,v4097,Maxwell@display=pairwise
v4097,v0824,45e47aba-742a-412f-9b0b-ac8a74e2f809,v4097,Maxwell@display=pairwise
v4097,v4097,2361ceac-d622-404d-ad76-7e85d587926e,v0824,Maxwell@display=pairwise
v4097,v4097,c029e6d3-d6b1-4306-9c7c-78ebbcbcad9b,v0824,Maxwell@display=pairwise
v4097,v0824,b678ad4f-2bf3-4079-925c-47a98abb234f,v4097,Maxwell@display=pairwise
v4097,v4097,ab45a492-e076-489d-bd8f-39251a92f0ab,v0824,Maxwell@display=pairwise
v4097,v4097,d5a0fb87-aa9c-42e7-8db5-0c41338699d2,v0824,Maxwell@display=pairwise
v4097,v4097,35848222-14fa-4e1a-838c-efac9c195ea5,v0824,Maxwell@display=pairwise
v4097,v4097,6f34e67f-bb9c-486b-9ef7-b440454de895,v0824,Maxwell@display=pairwise
v4235,v2519,d8283b1b-0907-48e1-903d-e170904c22e6,v4235,Maxwell@display=pairwise
v2519,v4235,bc7f1faa-49be-4e1c-af0f-a46d243c1067,v2519,Maxwell@display=pairwise
v2519,v2519,3ae23a3a-cf84-443a-bd7a-188731da4225,v4235,Maxwell@display=pairwise
v2519,v4235,49091e64-faa5-49f7-8e9d-a491f64fc35c,v2519,Maxwell@display=pairwise
v4235,v2519,295b7632-b3b4-4d18-ab59-6527849c76d1,v4235,Maxwell@display=pairwise
v4235,v2519,17ba7ccf-cde9-4ecc-92d6-17c706087da2,v4235,Maxwell@display=pairwise
v2519,v4235,d5eb3ad8-a6f8-4d74-bc5b-9937bb2277b4,v2519,Maxwell@display=pairwise
v2519,v2519,ba9fe7c9-6c2e-4006-a184-46f2e039d589,v4235,Maxwell@display=pairwise
v2519,v2519,f9f062ef-692e-46ad-a379-6d3a1e5a78e8,v4235,Maxwell@display=pairwise
v2519,v4235,814ef15f-db94-48de-9643-528fc2a355eb,v2519,Maxwell@display=pairwise
v3555,v3555,d8283b1b-0907-48e1-903d-e170904c22e6,v2519,Maxwell@display=pairwise
v3555,v3555,50f883d0-89f3-4f06-9da1-3ecb5c6efd90,v2519,Maxwell@display=pairwise
v2519,v3555,f703c144-8fe7-4731-ad56-faff59588dbe,v2519,Maxwell@display=pairwise
v3555,v3555,dc1081cb-7773-4571-b027-33c4446f75ed,v2519,Maxwell@display=pairwise
v2519,v2519,c029e6d3-d6b1-4306-9c7c-78ebbcbcad9b,v3555,Maxwell@display=pairwise
v3555,v2519,ee8149de-cb82-49cc-9038-c54766ad70c9,v3555,Maxwell@display=pairwise
v3555,v2519,d5ba3837-38e1-4aec-bd7c-cb069a23e8c1,v3555,Maxwell@display=pairwise
v3555,v2519,012e7cd7-0094-41da-8b41-78a70aca8f4d,v3555,Maxwell@display=pairwise
v2519,v3555,d41c6ea1-955c-405c-a5d3-b7d3d9114699,v2519,Maxwell@display=pairwise
,v3555,67159434-83bd-4d1a-aaa8-379718f13f27,v2519,Maxwell@display=pairwise
v2889,v1984,d8283b1b-0907-48e1-903d-e170904c22e6,v2889,Maxwell@display=pairwise
v2889,v2889,da27f497-76a6-4237-94e9-559acb0ba008,v1984,Maxwell@display=pairwise
v1984,v2889,6720d5b6-4318-4c40-9831-c43eee9e9653,v1984,Maxwell@display=pairwise
v1984,v2889,6720d5b6-4318-4c40-9831-c43eee9e9653,v1984,Maxwell@display=pairwise
v2889,v2889,c377aeaf-60e4-4bc1-8080-5619345d590c,v1984,Maxwell@display=pairwise
,v1984,382377d1-9207-4945-a189-62ca27420f73,v2889,Maxwell@display=pairwise
v2889,v1984,ce8b19c4-1057-436f-bb25-a0caf7200f5d,v2889,Maxwell@display=pairwise
,v2889,f875a8f1-ecd5-4cae-ac35-6f6466d90237,v1984,Maxwell@display=pairwise
v1984,v1984,dd67b30b-2e2b-44b0-a821-5ef9f5daaeeb,v2889,Maxwell@display=pairwise
v1984,v2889,573722c4-6130-4835-b049-7c523af50881,v1984,Maxwell@display=pairwise
v3555,v3555,d8283b1b-0907-48e1-903d-e170904c22e6,v2801,Maxwell@display=pairwise
v3555,v2801,c73de61c-2ffb-43a7-bb2b-9153ac84e57d,v3555,Maxwell@display=pairwise
v3555,v2801,f6d6df9a-6559-4e27-b46d-92f41cc3f97b,v3555,Maxwell@display=pairwise
v3555,v3555,45ae941f-242d-4e30-88fa-eba0b7eeecc5,v2801,Maxwell@display=pairwise
v3555,v2801,1032350e-f02d-40d9-8fe8-0a7feb5fc808,v3555,Maxwell@display=pairwise
v2801,v3555,abd7238e-93ec-420d-aab3-40296b6b8533,v2801,Maxwell@display=pairwise
v2801,v3555,5205edb7-6d64-4112-ae96-e72eec1451b2,v2801,Maxwell@display=pairwise
v3555,v3555,058c4e79-1989-4a56-81b0-7d9c671b99d7,v2801,Maxwell@display=pairwise
v3555,v3555,5ccc3ed0-25fd-4916-814e-1434152dda5f,v2801,Maxwell@display=pairwise
v3555,v2801,f31347b5-4dd9-48d6-9c55-c095b5716f4b,v3555,Maxwell@display=pairwise
v3740,v1447,d8283b1b-0907-48e1-903d-e170904c22e6,v3740,Maxwell@display=pairwise
v1447,v1447,0c66784a-2acc-4614-8958-f9cede4473ed,v3740,Maxwell@display=pairwise
v3740,v3740,f7c088a4-f181-4faf-b131-f76c01b92e8d,v1447,Maxwell@display=pairwise
v3740,v1447,d5e997d9-e2c0-46e2-a2f7-ac9521784839,v3740,Maxwell@display=pairwise
v3740,v3740,184ea99b-88b2-410a-8041-f9980509d0f3,v1447,Maxwell@display=pairwise
v3740,v1447,63543963-7fe0-4e5d-bb45-c5303123a3d0,v3740,Maxwell@display=pairwise
v3740,v3740,85acf25a-acab-4993-a328-e5aaacf2367f,v1447,Maxwell@display=pairwise
v1447,v3740,1e3cc6d0-8a93-4ccf-b54a-c049f3248c37,v1447,Maxwell@display=pairwise
v3740,v3740,537c627e-ce2d-4b04-939a-552205731bb6,v1447,Maxwell@display=pairwise
v3740,v1447,4d22e541-90af-43bf-b2b9-955594802908,v3740,Maxwell@display=pairwise
v0265,v2328,d8283b1b-0907-48e1-903d-e170904c22e6,v0265,Maxwell@display=pairwise
v2328,v0265,e7c95211-5ce3-4c43-bde6-828f51c7a97c,v2328,Maxwell@display=pairwise
,v2328,31d01651-40ee-49ee-8266-1aee63461887,v0265,Maxwell@display=pairwise
,v0265,2c9a72d6-6d7d-4b0f-a7d4-bb0625c39190,v2328,Maxwell@display=pairwise
v0265,v2328,09aa3d60-2327-4a62-a385-c9877f16fa3d,v0265,Maxwell@display=pairwise
v0265,v0265,3edabbb6-39e3-4150-a866-31860248b085,v2328,Maxwell@display=pairwise
v0265,v2328,382377d1-9207-4945-a189-62ca27420f73,v0265,Maxwell@display=pairwise
v2328,v0265,57c5b042-79d7-4bb7-8714-5d3808c5cd0e,v2328,Maxwell@display=pairwise
v2328,v2328,d698118d-3476-42e2-bac5-157c43bff05b,v0265,Maxwell@display=pairwise
,v0265,bbb7e5c5-7f84-4e07-ac19-886dc274ce48,v2328,Maxwell@display=pairwise
v4235,v0314,d8283b1b-0907-48e1-903d-e170904c22e6,v4235,Maxwell@display=pairwise
v4235,v4235,56396265-a727-4b26-87a2-fa020961705e,v0314,Maxwell@display=pairwise
v4235,v0314,11af42fa-614e-4be6-93e5-4fedd30f3ca3,v4235,Maxwell@display=pairwise
v4235,v4235,e31be515-887d-4ea7-94f6-f82b0cf24a2c,v0314,Maxwell@display=pairwise
,v0314,01f1ebd7-d031-4b6c-9c2b-e6e64c207dbe,v4235,Maxwell@display=pairwise
v4235,v4235,a3325c83-0a68-4363-ba47-16edb8edbff7,v0314,Maxwell@display=pairwise
v4235,v4235,fdeab250-0277-4490-bcf0-de3d8c630a98,v0314,Maxwell@display=pairwise
v4235,v4235,b0a5e289-dfa4-4711-82d4-37068f8fbd93,v0314,Maxwell@display=pairwise
v4235,v4235,f31347b5-4dd9-48d6-9c55-c095b5716f4b,v0314,Maxwell@display=pairwise
v4235,v0314,2613c3ff-b6cc-4d25-850a-f9ccff836ebc,v4235,Maxwell@display=pairwise
v2519,v2519,2cfd2822-9f15-4b3c-8cc4-a8fe5d9ebc30,v2801,Maxwell@display=pairwise
v2519,v2801,0b68b061-a86d-4737-893c-794dc89669bf,v2519,Maxwell@display=pairwise
v2519,v2519,28487e39-409b-4c7a-9093-c8806b2a099b,v2801,Maxwell@display=pairwise
v2519,v2801,8914cf47-88ab-4d93-ac8c-414469cd4a72,v2519,Maxwell@display=pairwise
v2519,v2519,4b9764d8-3888-4dad-a4b1-b554f50cd991,v2801,Maxwell@display=pairwise
v2519,v2519,48448358-e8a9-438f-91d4-8aa53d013c82,v2801,Maxwell@display=pairwise
v2519,v2801,ac166e95-9dbb-4135-b90a-07e696f0a50c,v2519,Maxwell@display=pairwise
v2519,v2519,b03c8d70-1916-4f7d-a03a-f96397ce85d6,v2801,Maxwell@display=pairwise
v2519,v2801,601526eb-3031-4f1f-9986-21b3aba14da1,v2519,Maxwell@display=pairwise
v2519,v2519,1f073ed6-cf9c-4eed-aa27-85dfc3f34f60,v2801,Maxwell@display=pairwise
,v0265,2cfd2822-9f15-4b3c-8cc4-a8fe5d9ebc30,v0886,Maxwell@display=pairwise
v0265,v0265,dfc97b6f-3cc1-4816-a858-130686d22ee0,v0886,Maxwell@display=pairwise
v0265,v0265,57510f28-373b-4b32-a9e5-a9c629bafe32,v0886,Maxwell@display=pairwise
v0265,v0265,676d136b-aabc-4a63-9157-3a6ddacfd43f,v0886,Maxwell@display=pairwise
v0265,v0886,a0a0bd53-c6ee-48c3-8d0d-7094f991b6c5,v0265,Maxwell@display=pairwise
v0265,v0265,ed0092e8-c319-447b-a041-b75a08c6d0bd,v0886,Maxwell@display=pairwise
v0265,v0265,ce008773-19e4-41d1-82ae-f094be0d2171,v0886,Maxwell@display=pairwise
v0265,v0265,7ccb1601-429e-4e0c-a822-991e9abf2075,v0886,Maxwell@display=pairwise
v0265,v0886,690c2e17-352c-4b13-88ff-f1e031cfec7e,v0265,Maxwell@display=pairwise
v0265,v0265,9f33edc6-8672-491a-9b40-8bb445f9aaf0,v0886,Maxwell@display=pairwise
v4034,v0824,2cfd2822-9f15-4b3c-8cc4-a8fe5d9ebc30,v4034,Maxwell@display=pairwise
v4034,v4034,d30105ed-f2ea-430e-90b6-5096d9156bc4,v0824,Maxwell@display=pairwise
,v0824,352bfce1-aa96-44d6-967b-eafa128efab4,v4034,Maxwell@display=pairwise
v4034,v4034,d02f408f-c495-4a1f-83e0-411da8e86fed,v0824,Maxwell@display=pairwise
v4034,v4034,2820937d-b7de-4dec-b6c1-1e205b50f8a0,v0824,Maxwell@display=pairwise
v4034,v4034,42e75c72-a6d9-474d-9ddf-9a3b32f8ff9a,v0824,Maxwell@display=pairwise
v4034,v4034,35a5fd4a-c3d1-456f-81f3-f5489dcf64c7,v0824,Maxwell@display=pairwise
v4034,v0824,f875a8f1-ecd5-4cae-ac35-6f6466d90237,v4034,Maxwell@display=pairwise
v4034,v4034,d26017bc-5f0f-46a9-9ecd-b0be37678c1f,v0824,Maxwell@display=pairwise
v4034,v4034,112054de-a4f8-40be-8531-03283774f811,v0824,Maxwell@display=pairwise
,v1447,2cfd2822-9f15-4b3c-8cc4-a8fe5d9ebc30,v1477,Maxwell@display=pairwise
v1477,v1477,86cebb69-070a-4ed3-890f-c96d130c1704,v1447,Maxwell@display=pairwise
v1477,v1447,8fd99fd1-3906-4e88-b6fb-6c1db6831a82,v1477,Maxwell@display=pairwise
v1477,v1447,11b57023-0038-4da7-9328-34ce0bd22606,v1477,Maxwell@display=pairwise
v1477,v1447,af7f19e9-f83a-45ae-8df8-fb20d08eddf9,v1477,Maxwell@display=pairwise
,v1447,e9d198a2-2917-43d5-aa8b-88cd19cf45a2,v1477,Maxwell@display=pairwise
v1477,v1477,18dda76c-d54a-40a2-9768-d2dc4378804e,v1447,Maxwell@display=pairwise
v1447,v1477,48f6cdb5-6230-4605-8615-20752b953814,v1447,Maxwell@display=pairwise
v1477,v1477,344d07d0-63a8-46e8-a5fa-10d7dec66115,v1447,Maxwell@display=pairwise
v1477,v1477,f00b6b27-7f50-4848-9d4f-1c6640f6281b,v1447,Maxwell@display=pairwise
v2635,v0529,2cfd2822-9f15-4b3c-8cc4-a8fe5d9ebc30,v2635,Maxwell@display=pairwise
v2635,v0529,e25b19ea-aebb-47cd-b479-8d9842cf83dc,v2635,Maxwell@display=pairwise
,v2635,f982c154-231a-4d28-8be6-f62894d3a8c5,v0529,Maxwell@display=pairwise
v0529,v0529,228504e4-46c0-48fd-a68d-d1af0989ddb7,v2635,Maxwell@display=pairwise
v2635,v0529,afa98c8f-110e-4115-a68c-652138e95b5d,v2635,Maxwell@display=pairwise
v2635,v0529,259688ae-f706-4f41-ade3-4a17e052e824,v2635,Maxwell@display=pairwise
v0529,v0529,809db03d-2f37-4a0c-bb4f-05365cebf6af,v2635,Maxwell@display=pairwise
v2635,v0529,afb40d45-bed5-4152-bfe2-7fce395f5e35,v2635,Maxwell@display=pairwise
v0529,v0529,cd54525c-5942-4876-b3c3-0c6d37cf3f6b,v2635,Maxwell@display=pairwise
v2635,v2635,0de1e2fe-9589-46ff-ad16-6a47adb8c61a,v0529,Maxwell@display=pairwise
v4125,v3555,2cfd2822-9f15-4b3c-8cc4-a8fe5d9ebc30,v4125,Maxwell@display=pairwise
v3555,v4125,047e4203-0585-4d9b-9859-1744b143e682,v3555,Maxwell@display=pairwise
v3555,v3555,f7c088a4-f181-4faf-b131-f76c01b92e8d,v4125,Maxwell@display=pairwise
v4125,v3555,0d3dafc8-efe4-4f72-8d19-f15b19149fe4,v4125,Maxwell@display=pairwise
v4125,v4125,91b93af1-fc38-4f56-bd97-9f14882417a4,v3555,Maxwell@display=pairwise
v3555,v4125,b023edb0-5491-44a1-bacb-34942899fb86,v3555,Maxwell@display=pairwise
v3555,v4125,e8cf995a-d627-41b3-85ff-373a997d5a4f,v3555,Maxwell@display=pairwise
v3555,v4125,b37cf829-f3ab-45f0-b043-f1ab634e7a57,v3555,Maxwell@display=pairwise
v3555,v3555,43e0e111-055c-43b5-b09c-bee2f7542636,v4125,Maxwell@display=pairwise
,v4125,d8c466c5-877b-40b2-b8d8-5cd12c3902b1,v3555,Maxwell@display=pairwise
v2349,v2349,2cfd2822-9f15-4b3c-8cc4-a8fe5d9ebc30,v1397,Maxwell@display=pairwise
,v1397,2f9c0bcc-c712-42b9-bc2f-d02860843a89,v2349,Maxwell@display=pairwise
v2349,v2349,c807ebed-1cf6-4d16-a376-9d47740f211c,v1397,Maxwell@display=pairwise
v2349,v2349,3a37653c-9f20-4105-9e6f-d0197869e5ec,v1397,Maxwell@display=pairwise
v2349,v2349,70b41da2-de44-482d-b32a-5aaa4502ce19,v1397,Maxwell@display=pairwise
v2349,v1397,b729730b-45b0-4f9e-b3be-4c661741c01b,v2349,Maxwell@display=pairwise
v2349,v2349,c8663594-fd63-46c0-be02-64eede925ed2,v1397,Maxwell@display=pairwise
v2349,v2349,b33fcfb9-4483-464b-9fa3-2fd815d1577a,v1397,Maxwell@display=pairwise
v2349,v2349,a1e319ac-953b-46f3-b0d8-c4b43561d7fe,v1397,Maxwell@display=pairwise
v2349,v1397,d7bcfd1a-e16b-4218-af32-20e97bd8fa5d,v2349,Maxwell@display=pairwise
v1397,v3065,2cfd2822-9f15-4b3c-8cc4-a8fe5d9ebc30,v1397,Maxwell@display=pairwise
v1397,v3065,e25b19ea-aebb-47cd-b479-8d9842cf83dc,v1397,Maxwell@display=pairwise
,v1397,73a3dcd6-df5c-4cb9-b01e-8842ddc7f7d0,v3065,Maxwell@display=pairwise
v1397,v1397,19d8041f-78dc-4148-92f4-1190481c0358,v3065,Maxwell@display=pairwise
v1397,v1397,8a3343fa-29bf-4b98-87d2-10dba3c9ce8f,v3065,Maxwell@display=pairwise
v1397,v3065,95a7cc06-df48-4cae-9aec-7e23717e0f71,v1397,Maxwell@display=pairwise
v3065,v3065,7364c455-72c0-4ba7-bd80-b8277ed5fa61,v1397,Maxwell@display=pairwise
v1397,v1397,5e14c80c-d87f-446e-9e94-80c9c0a62c3b,v3065,Maxwell@display=pairwise
v3065,v1397,4102f50c-9bd0-46b1-a432-2abc3ac76044,v3065,Maxwell@display=pairwise
v1397,v3065,67159434-83bd-4d1a-aaa8-379718f13f27,v1397,Maxwell@display=pairwise
v2635,v2635,2cfd2822-9f15-4b3c-8cc4-a8fe5d9ebc30,v1190,Maxwell@display=pairwise
v1190,v2635,ea86f042-2ebf-4a30-abb1-fbde6c45a3d1,v1190,Maxwell@display=pairwise
v1190,v1190,bb6f7d69-13e4-4bf4-9aa2-bfa5e8640d32,v2635,Maxwell@display=pairwise
v1190,v2635,a0a0bd53-c6ee-48c3-8d0d-7094f991b6c5,v1190,Maxwell@display=pairwise
v2635,v2635,9fd16a85-5a0f-420e-85a4-099e823c41bc,v1190,Maxwell@display=pairwise
,v1190,3edabbb6-39e3-4150-a866-31860248b085,v2635,Maxwell@display=pairwise
v2635,v2635,37e2fd1c-8e32-4deb-bec9-a4ed41c99e10,v1190,Maxwell@display=pairwise
v1190,v1190,4cf27f34-7c95-4417-9203-7627dd0e8db3,v2635,Maxwell@display=pairwise
v1190,v2635,298bd5e1-5cb8-4d9b-b7a7-2d7fcac00e91,v1190,Maxwell@display=pairwise
v1190,v1190,1d2fe3ac-663b-4f21-b03e-4a409a53669e,v2635,Maxwell@display=pairwise
v2513,v2513,196d047d-4bfe-4054-bcf3-da76fe0ecb11,v1025,Maxwell@display=pairwise
v2513,v1025,b8ec5d7b-dc37-4949-b5af-d89363f49439,v2513,Maxwell@display=pairwise
v2513,v2513,28487e39-409b-4c7a-9093-c8806b2a099b,v1025,Maxwell@display=pairwise
v2513,v2513,afb40d45-bed5-4152-bfe2-7fce395f5e35,v1025,Maxwell@display=pairwise
,v1025,38c262d4-c1a0-4fa7-a248-d22e30007be5,v2513,Maxwell@display=pairwise
v2513,v2513,ee0ccb3c-dac0-417e-a70a-a62358481477,v1025,Maxwell@display=pairwise
v2513,v1025,3e0aac66-8a88-4eed-8f47-efd5191e53ca,v2513,Maxwell@display=pairwise
v2513,v1025,f52b764c-6af0-4c94-8cdd-65f0f56a1931,v2513,Maxwell@display=pairwise
v2513,v2513,de4830fb-a55e-481e-972c-e8cd68d4cf25,v1025,Maxwell@display=pairwise
v2513,v2513,2cfd2822-9f15-4b3c-8cc4-a8fe5d9ebc30,v1025,Maxwell@display=pairwise
v0265,v3740,2cfd2822-9f15-4b3c-8cc4-a8fe5d9ebc30,v0265,Maxwell@display=pairwise
v3740,v0265,46890feb-e3fa-42f0-bdb2-bc9bbacd627f,v3740,Maxwell@display=pairwise
v3740,v3740,46890feb-e3fa-42f0-bdb2-bc9bbacd627f,v0265,Maxwell@display=pairwise
v3740,v3740,acccac54-c658-4a6d-b128-1acee477e62e,v0265,Maxwell@display=pairwise
v0265,v3740,94853c24-e68d-4875-ae6f-521994d9fef0,v0265,Maxwell@display=pairwise
,v0265,e5e845a9-bf60-41fc-9ab7-f2ab3172c82f,v3740,Maxwell@display=pairwise
v3740,v3740,7ccb1601-429e-4e0c-a822-991e9abf2075,v0265,Maxwell@display=pairwise
v3740,v3740,379768c0-f55e-4655-bf28-0d6c6b75c288,v0265,Maxwell@display=pairwise
v3740,v0265,8df9f32c-7ad0-46ab-b52d-026eca9182d5,v3740,Maxwell@display=pairwise
v0265,v0265,c5fb40fd-7ac9-4e0e-afbe-3c1a6c070532,v3740,Maxwell@display=pairwise
v3740,v3740,2cfd2822-9f15-4b3c-8cc4-a8fe5d9ebc30,v3065,Maxwell@display=pairwise
v3740,v3065,96c92880-627b-4c93-b3ce-2a6d076c8abf,v3740,Maxwell@display=pairwise
v3065,v3065,198f7471-260c-4e71-98e1-e01c3c130b14,v3740,Maxwell@display=pairwise
v3740,v3740,2d1de15b-04c3-4111-abe6-569785e78caa,v3065,Maxwell@display=pairwise
v3740,v3065,6720d5b6-4318-4c40-9831-c43eee9e9653,v3740,Maxwell@display=pairwise
v3740,v3065,e12b1db4-dd6b-4bd8-8b4c-d48269f88d44,v3740,Maxwell@display=pairwise
,v3065,8cc2fb53-d4ad-40ed-a526-d4950f4902b4,v3740,Maxwell@display=pairwise
v3740,v3065,92b4633f-85e8-427d-a008-08fcc93e15e9,v3740,Maxwell@display=pairwise
v3740,v3740,87cd4023-a010-48bb-9894-889f68df299a,v3065,Maxwell@display=pairwise
v3740,v3740,601526eb-3031-4f1f-9986-21b3aba14da1,v3065,Maxwell@display=pairwise
v1703,v1703,2cfd2822-9f15-4b3c-8cc4-a8fe5d9ebc30,v0009,Maxwell@display=pairwise
v1703,v0009,676d136b-aabc-4a63-9157-3a6ddacfd43f,v1703,Maxwell@display=pairwise
v1703,v0009,91b93af1-fc38-4f56-bd97-9f14882417a4,v1703,Maxwell@display=pairwise
v1703,v0009,f911a403-5112-4234-ab0b-7497b7f4e3b4,v1703,Maxwell@display=pairwise
v1703,v1703,ac166e95-9dbb-4135-b90a-07e696f0a50c,v0009,Maxwell@display=pairwise
v1703,v1703,896aa6ba-af39-4dad-a16b-2b871323826d,v0009,Maxwell@display=pairwise
v1703,v1703,afb40d45-bed5-4152-bfe2-7fce395f5e35,v0009,Maxwell@display=pairwise
v0009,v1703,dc2d7783-e288-48d3-9954-ac7aaf84073e,v0009,Maxwell@display=pairwise
v0009,v1703,bd1d8225-a753-4e92-adc4-0e5e9b328f9b,v0009,Maxwell@display=pairwise
v1703,v0009,30561a52-ca51-4d8f-9ce6-1b9e376ebb6b,v1703,Maxwell@display=pairwise
v1703,v2083,2cfd2822-9f15-4b3c-8cc4-a8fe5d9ebc30,v1703,Maxwell@display=pairwise
v2083,v2083,9e20e9ee-4c12-4160-ac86-23aa6338231c,v1703,Maxwell@display=pairwise
v2083,v1703,9e20e9ee-4c12-4160-ac86-23aa6338231c,v2083,Maxwell@display=pairwise
v1703,v2083,091f402d-0095-4fa9-9ace-d3b0675c296f,v1703,Maxwell@display=pairwise
v2083,v1703,51b8e6dd-0e31-4784-9b1a-6247028d8968,v2083,Maxwell@display=pairwise
v2083,v1703,094e753d-9712-4a5c-b642-e225b4d0af47,v2083,Maxwell@display=pairwise
v2083,v2083,df58efd8-87a4-48d7-a704-7a213671bf20,v1703,Maxwell@display=pairwise
v1703,v1703,58cd42ca-ab8e-42e2-b642-894b9b5a51b9,v2083,Maxwell@display=pairwise
v1703,v1703,291f1ce5-afb6-47f8-bf06-629bc6007f6a,v2083,Maxwell@display=pairwise
v1703,v2083,38c262d4-c1a0-4fa7-a248-d22e30007be5,v1703,Maxwell@display=pairwise
,v2519,2cfd2822-9f15-4b3c-8cc4-a8fe5d9ebc30,v0886,Maxwell@display=pairwise
,v2519,c807ebed-1cf6-4d16-a376-9d47740f211c,v0886,Maxwell@display=pairwise
v2519,v0886,f70aaa7a-e3fb-4755-83d7-172c47cfed0b,v2519,Maxwell@display=pairwise
v2519,v0886,51b8e6dd-0e31-4784-9b1a-6247028d8968,v2519,Maxwell@display=pairwise
v2519,v2519,8ab07bc5-0ee7-4c8d-9e27-22e5c6da8bc1,v0886,Maxwell@display=pairwise
v2519,v0886,5fa03c38-e27e-4f64-8734-7be0dfe4d9c7,v2519,Maxwell@display=pairwise
v2519,v0886,f27bb50a-2b7d-4f18-8fa3-a3fd7bc9fd8e,v2519,Maxwell@display=pairwise
v2519,v2519,75cae008-0dbc-41be-8295-da701fdf0dba,v0886,Maxwell@display=pairwise
v2519,v0886,992cc7e1-caa5-4e29-9a5c-8107bae22aaa,v2519,Maxwell@display=pairwise
v2519,v2519,152a0477-3c32-40f2-b0e2-738202586ba4,v0886,Maxwell@display=pairwise
v3065,v3065,730d1fc7-c570-412c-8d46-89d91d650c41,v1373,Maxwell@display=pairwise
,v1373,ccaef3a0-85de-4b7b-97a8-f6c96128a6b0,v3065,Maxwell@display=pairwise
v1373,v3065,3a23769b-fdcf-4dd6-b967-a8640412a76e,v1373,Maxwell@display=pairwise
v1373,v1373,a801b479-113e-4832-87fc-1561080418bb,v3065,Maxwell@display=pairwise
v1373,v1373,097c523a-37c9-4814-a386-171e6d920ead,v3065,Maxwell@display=pairwise
v3065,v1373,3e0aac66-8a88-4eed-8f47-efd5191e53ca,v3065,Maxwell@display=pairwise
,v3065,67159434-83bd-4d1a-aaa8-379718f13f27,v1373,Maxwell@display=pairwise
v1373,v1373,9e47a2e5-5fc3-4025-8538-85d5dc4d1152,v3065,Maxwell@display=pairwise
,v1373,471f0556-5a0e-4c5c-b59c-c302504cf352,v3065,Maxwell@display=pairwise
v1373,v1373,b84d3c5b-e287-4a77-95bc-db56644be2d4,v3065,Maxwell@display=pairwise
v3555,v3555,3e0aac66-8a88-4eed-8f47-efd5191e53ca,v1477,Maxwell@display=pairwise
v3555,v1477,5826cad1-e0ae-480c-a6a3-3f6fd53569fa,v3555,Maxwell@display=pairwise
v3555,v1477,36626e5a-13d6-40ef-b3d5-3d9cc4dbdb4b,v3555,Maxwell@display=pairwise
v3555,v3555,36626e5a-13d6-40ef-b3d5-3d9cc4dbdb4b,v1477,Maxwell@display=pairwise
v3555,v3555,c8a8c2c5-cbde-4269-8b36-a3b928ca2d67,v1477,Maxwell@display=pairwise
v3555,v1477,c8663594-fd63-46c0-be02-64eede925ed2,v3555,Maxwell@display=pairwise
v3555,v1477,058c4e79-1989-4a56-81b0-7d9c671b99d7,v3555,Maxwell@display=pairwise
v3555,v3555,d587e507-f0f2-4be9-b688-318429aa0988,v1477,Maxwell@display=pairwise
v3555,v3555,21d72962-585b-49b1-848c-8861ed477ea6,v1477,Maxwell@display=pairwise
v3555,v1477,c5fb40fd-7ac9-4e0e-afbe-3c1a6c070532,v3555,Maxwell@display=pairwise
v4034,v2828,3e0aac66-8a88-4eed-8f47-efd5191e53ca,v4034,Maxwell@display=pairwise
v4034,v2828,8c5659b8-fe6f-4539-911f-1647d4975226,v4034,Maxwell@display=pairwise
v4034,v4034,8c5659b8-fe6f-4539-911f-1647d4975226,v2828,Maxwell@display=pairwise
v4034,v2828,fdafe1fc-3bdb-472a-a91e-52abb2f5e78f,v4034,Maxwell@display=pairwise
,v2828,684094ed-89c7-4c9e-a0f8-8c629bf0ac49,v4034,Maxwell@display=pairwise
v4034,v2828,314e8591-1186-4063-97cc-338f0e2e6b51,v4034,Maxwell@display=pairwise
v4034,v4034,1ecf32ce-e1db-4d42-b15f-56df3d197faa,v2828,Maxwell@display=pairwise
,v2828,9a673f7a-20b3-401d-980f-38b0c8fc3b45,v4034,Maxwell@display=pairwise
v4034,v4034,5090394e-8d39-48a3-b78a-4dff5726117d,v2828,Maxwell@display=pairwise
v4034,v2828,f5d6e1f3-6569-4a5e-b109-b9871c084d4b,v4034,Maxwell@display=pairwise
v1447,v1447,3e0aac66-8a88-4eed-8f47-efd5191e53ca,v0094,Maxwell@display=pairwise
v1447,v0094,5d191acd-806f-4f0a-873f-cff5ef5c5178,v1447,Maxwell@display=pairwise
v1447,v0094,551170cd-eec1-45e1-8fcb-38d560259044,v1447,Maxwell@display=pairwise
v1447,v0094,551170cd-eec1-45e1-8fcb-38d560259044,v1447,Maxwell@display=pairwise
,v0094,584a427c-0ddb-46df-87da-d6b34d3a6a48,v1447,Maxwell@display=pairwise
v1447,v1447,0dc3b28f-c989-4764-a5a3-7e2f40f51a16,v0094,Maxwell@display=pairwise
v1447,v0094,dc8279b9-0d8c-454c-b75d-13d31c30843d,v1447,Maxwell@display=pairwise
v1447,v1447,1e3cc6d0-8a93-4ccf-b54a-c049f3248c37,v0094,Maxwell@display=pairwise
v1447,v1447,fd639556-f319-4397-9f9e-2d8827de7111,v0094,Maxwell@display=pairwise
v1447,v1447,5f5c5157-bc4e-4779-9793-2661ff057066,v0094,Maxwell@display=pairwise
v0314,v0314,3e0aac66-8a88-4eed-8f47-efd5191e53ca,v0530,Maxwell@display=pairwise
v0530,v0314,f9d3357f-aea1-4746-8080-e4ebb0fb3ae0,v0530,Maxwell@display=pairwise
v0314,v0530,258ea89f-8336-4d05-a59b-7ea1ea457784,v0314,Maxwell@display=pairwise
v0530,v0314,258ea89f-8336-4d05-a59b-7ea1ea457784,v0530,Maxwell@display=pairwise
v0530,v0530,7321c6b3-7020-45e2-bb9d-2ab101e5c7ae,v0314,Maxwell@display=pairwise
,v0530,1bc15f08-5e0e-4bcb-9390-fef0c1eb2c89,v0314,Maxwell@display=pairwise
v0314,v0314,68ef565a-1042-4da3-904c-bcf7b3530ccd,v0530,Maxwell@display=pairwise
v0530,v0530,065a8b4f-3767-4764-a1c4-2297a63ea309,v0314,Maxwell@display=pairwise
v0314,v0314,1044f2df-2216-4864-baa0-ea94b11f6744,v0530,Maxwell@display=pairwise
v0530,v0530,a0379086-b099-4907-aa9d-8691ca28df83,v0314,Maxwell@display=pairwise
v0878,v0878,3e0aac66-8a88-4eed-8f47-efd5191e53ca,v1859,Maxwell@display=pairwise
v1859,v1859,4816403d-b202-4e68-a3f1-f212baf4c17a,v0878,Maxwell@display=pairwise
v1859,v1859,60697061-3fc4-4137-9789-63e68e409f11,v0878,Maxwell@display=pairwise
v1859,v0878,ce0e0f0c-7b35-4e39-b905-dc94435761e5,v1859,Maxwell@display=pairwise
v0878,v1859,3d6a7a0d-a5fb-4cec-a5e2-3fe1b81d04db,v0878,Maxwell@display=pairwise
v0878,v1859,584b7635-9a3b-4a46-9127-652bab8ab045,v0878,Maxwell@display=pairwise
,v1859,e3b8bb83-c52a-4ef2-b875-665689a58489,v0878,Maxwell@display=pairwise
v1859,v0878,2dfbfbc1-0480-4959-a667-9ccd54f1060e,v1859,Maxwell@display=pairwise
,v1859,40161584-d61e-4b6d-a54b-90b0a53f914e,v0878,Maxwell@display=pairwise
v0878,v0878,2446fec6-a38b-400c-b3fa-911eda094d0e,v1859,Maxwell@display=pairwise
v0265,v0265,3e0aac66-8a88-4eed-8f47-efd5191e53ca,v1025,Maxwell@display=pairwise
v0265,v1025,8a19e606-f631-49b8-88af-f91c0befff75,v0265,Maxwell@display=pairwise
v1025,v1025,01aa3ef5-bb24-4ab5-b3ff-0a4149e4a304,v0265,Maxwell@display=pairwise
v0265,v1025,3a37653c-9f20-4105-9e6f-d0197869e5ec,v0265,Maxwell@display=pairwise
v0265,v1025,171d9627-c964-4a99-8c05-0cf0ea584fba,v0265,Maxwell@display=pairwise
v1025,v1025,8d7947e2-f6a6-48dd-93ff-f4ec519e9f67,v0265,Maxwell@display=pairwise
v0265,v1025,4ea0873d-96ee-486c-bb32-18129db248af,v0265,Maxwell@display=pairwise
v1025,v0265,5e14c80c-d87f-446e-9e94-80c9c0a62c3b,v1025,Maxwell@display=pairwise
v0265,v1025,2e6f5d07-f718-40d7-9899-2d530c3566ed,v0265,Maxwell@display=pairwise
v0265,v0265,c498d5cf-b5b6-469d-8d68-860f0f7e3445,v1025,Maxwell@display=pairwise
v3583,v3583,3e0aac66-8a88-4eed-8f47-efd5191e53ca,v2419,Maxwell@display=pairwise
v3583,v2419,f982c154-231a-4d28-8be6-f62894d3a8c5,v3583,Maxwell@display=pairwise
v3583,v3583,2c9a72d6-6d7d-4b0f-a7d4-bb0625c39190,v2419,Maxwell@display=pairwise
v3583,v3583,af7f19e9-f83a-45ae-8df8-fb20d08eddf9,v2419,Maxwell@display=pairwise
v3583,v3583,f19945e8-447a-46eb-adcc-ff690853c250,v2419,Maxwell@display=pairwise
v2419,v3583,cf421e49-e692-42d6-98e8-aae5324da76e,v2419,Maxwell@display=pairwise
v3583,v2419,efc0133f-459a-461e-9f25-75b0716cd70a,v3583,Maxwell@display=pairwise
v3583,v3583,5bd6d7d7-bd09-4636-be21-b00626f71358,v2419,Maxwell@display=pairwise
v3583,v3583,d587e507-f0f2-4be9-b688-318429aa0988,v2419,Maxwell@display=pairwise
v3583,v2419,bf5b1043-3619-4e4e-8dd0-75a645dbd419,v3583,Maxwell@display=pairwise
v2513,v2513,3e0aac66-8a88-4eed-8f47-efd5191e53ca,v1190,Maxwell@display=pairwise
v1190,v1190,aabfee8b-fee9-4c73-bd6b-0a4b92c72528,v2513,Maxwell@display=pairwise
v2513,v2513,3e0aac66-8a88-4eed-8f47-efd5191e53ca,v1190,Maxwell@display=pairwise
v1190,v1190,dc8279b9-0d8c-454c-b75d-13d31c30843d,v2513,Maxwell@display=pairwise
v2513,v2513,3ceee84d-5b67-4517-bb80-572756bac2c2,v1190,Maxwell@display=pairwise
v2513,v1190,1ea4d896-7017-4409-8dd2-484c9eb6e564,v2513,Maxwell@display=pairwise
v1190,v1190,761748d4-d10d-4076-8ba5-4316321078d2,v2513,Maxwell@display=pairwise
v1190,v1190,b3fd58a0-de51-4535-89b9-5c4e67110491,v2513,Maxwell@display=pairwise
v1190,v1190,8165ec89-da1a-443f-9c35-12bd6162de30,v2513,Maxwell@display=pairwise
v1190,v2513,8babccc1-e414-4e5f-ae9b-a16091977afb,v1190,Maxwell@display=pairwise
v3175,v0824,3e0aac66-8a88-4eed-8f47-efd5191e53ca,v3175,Maxwell@display=pairwise
v3175,v0824,e25b19ea-aebb-47cd-b479-8d9842cf83dc,v3175,Maxwell@display=pairwise
v3175,v0824,05e840a4-3de4-447b-b859-e633d767fd6a,v3175,Maxwell@display=pairwise
v3175,v0824,6ee42a58-0d17-477c-b60f-4bf0f2eec782,v3175,Maxwell@display=pairwise
v3175,v3175,723ecde4-3695-4235-afdf-bb230a3f2707,v0824,Maxwell@display=pairwise
,v3175,d3550857-7c9d-4e98-8202-433d0a535e77,v0824,Maxwell@display=pairwise
,v3175,f875a8f1-ecd5-4cae-ac35-6f6466d90237,v0824,Maxwell@display=pairwise
,v0824,86ac8bcb-62d0-479c-a775-8d1fbd5ee8c9,v3175,Maxwell@display=pairwise
v3175,v0824,f540594e-acb6-4701-95ba-930d80b00b7a,v3175,Maxwell@display=pairwise
,v0824,bab736be-b6c3-4a0a-8930-23ed65f562f2,v3175,Maxwell@display=pairwise
v3740,v3740,3e0aac66-8a88-4eed-8f47-efd5191e53ca,v2181,Maxwell@display=pairwise
v3740,v2181,c029e6d3-d6b1-4306-9c7c-78ebbcbcad9b,v3740,Maxwell@display=pairwise
v3740,v3740,df26a6f9-0f91-4a5e-82a0-ce73746d46d1,v2181,Maxwell@display=pairwise
v3740,v3740,36626e5a-13d6-40ef-b3d5-3d9cc4dbdb4b,v2181,Maxwell@display=pairwise
v3740,v3740,862cd654-5ac1-48c5-bd1f-650b43a68255,v2181,Maxwell@display=pairwise
v2181,v2181,e8cf995a-d627-41b3-85ff-373a997d5a4f,v3740,Maxwell@display=pairwise
v2181,v2181,e0c1d00e-b138-4166-ac9f-cf7cfd33e902,v3740,Maxwell@display=pairwise
v3740,v3740,9b4634c9-30c1-4725-8f52-815faf943025,v2181,Maxwell@display=pairwise
v2181,v2181,8495c523-2b4b-49a1-86b4-5210ff9e0038,v3740,Maxwell@display=pairwise
v3740,v3740,152a0477-3c32-40f2-b0e2-738202586ba4,v2181,Maxwell@display=pairwise
v0032,v0032,3e0aac66-8a88-4eed-8f47-efd5191e53ca,v1190,Maxwell@display=pairwise
v0032,v0032,7e52de1a-f83d-4bf5-81fb-f80371c158cb,v1190,Maxwell@display=pairwise
v1190,v0032,9c031cfb-cda8-4869-acc8-11ec9ff4d69f,v1190,Maxwell@display=pairwise
v0032,v1190,9185b4f4-7b4c-4c14-a224-c258d06bfa75,v0032,Maxwell@display=pairwise
v1190,v0032,67d6e59e-98bb-4804-be1c-03beebfd5222,v1190,Maxwell@display=pairwise
v1190,v0032,8cc2fb53-d4ad-40ed-a526-d4950f4902b4,v1190,Maxwell@display=pairwise
v1190,v1190,90741ce5-a5d8-4430-8051-715ff3ef5e49,v0032,Maxwell@display=pairwise
v1190,v1190,6c195b05-5754-4268-aaec-09c6fa8d20ce,v0032,Maxwell@display=pairwise
v1190,v1190,5a73329b-3ee5-4d38-9a02-8e7a17f87252,v0032,Maxwell@display=pairwise
v1190,v0032,cea10608-7dfd-4bf7-bf4e-af4e8d7dac5e,v1190,Maxwell@display=pairwise
v0824,v3555,c5592c8c-2e1c-4e02-a079-42923c2ebf78,v0824,Maxwell@display=pairwise
v3555,v0824,51a741d8-2e85-48fb-a41a-ec0b312ce2e7,v3555,Maxwell@display=pairwise
v3555,v0824,de36c471-90c9-4ad1-b5df-404e1caccda4,v3555,Maxwell@display=pairwise
v3555,v0824,f7c088a4-f181-4faf-b131-f76c01b92e8d,v3555,Maxwell@display=pairwise
v3555,v0824,5fa03c38-e27e-4f64-8734-7be0dfe4d9c7,v3555,Maxwell@display=pairwise
v3555,v0824,dffc54fe-ae03-4e35-a6cd-21c7789bed4e,v3555,Maxwell@display=pairwise
v3555,v0824,db7a1735-7ea2-4e72-93df-997a3c7a0046,v3555,Maxwell@display=pairwise
v3555,v3555,ad2df09c-dcb5-4037-8441-c9c5b43a26e0,v0824,Maxwell@display=pairwise
v3555,v3555,0dfde53f-a1c3-4854-9c02-3e41d9086ece,v0824,Maxwell@display=pairwise
v3555,v0824,f020e26d-309c-4394-81bf-7db2f467bc8e,v3555,Maxwell@display=pairwise
v2828,v2828,c5592c8c-2e1c-4e02-a079-42923c2ebf78,v1447,Maxwell@display=pairwise
v1447,v1447,12f332a1-5ffa-4879-b1d8-9da98c72ac92,v2828,Maxwell@display=pairwise
v2828,v2828,75c9be23-99aa-4949-be3a-6b25c658091c,v1447,Maxwell@display=pairwise
v2828,v1447,e31be515-887d-4ea7-94f6-f82b0cf24a2c,v2828,Maxwell@display=pairwise
v2828,v2828,70b41da2-de44-482d-b32a-5aaa4502ce19,v1447,Maxwell@display=pairwise
v1447,v1447,3ceee84d-5b67-4517-bb80-572756bac2c2,v2828,Maxwell@display=pairwise
v2828,v1447,171d9627-c964-4a99-8c05-0cf0ea584fba,v2828,Maxwell@display=pairwise
v1447,v1447,c0a2023a-1855-4bf5-83a3-b2a1f277df4a,v2828,Maxwell@display=pairwise
,v2828,ea62dadb-d0bf-416b-a83e-6823c24a7822,v1447,Maxwell@display=pairwise
v2828,v2828,c498d5cf-b5b6-469d-8d68-860f0f7e3445,v1447,Maxwell@display=pairwise
v4235,v2828,c5592c8c-2e1c-4e02-a079-42923c2ebf78,v4235,Maxwell@display=pairwise
v4235,v2828,50f883d0-89f3-4f06-9da1-3ecb5c6efd90,v4235,Maxwell@display=pairwise
v2828,v2828,7eb95ab6-eca8-489b-b426-e9b15a50c9cb,v4235,Maxwell@display=pairwise
v4235,v2828,1d9a8b4d-ed7d-4236-a2d3-b3e34d6c186b,v4235,Maxwell@display=pairwise
v2828,v4235,6ee42a58-0d17-477c-b60f-4bf0f2eec782,v2828,Maxwell@display=pairwise
v4235,v2828,e3b8bb83-c52a-4ef2-b875-665689a58489,v4235,Maxwell@display=pairwise
,v2828,4ea0873d-96ee-486c-bb32-18129db248af,v4235,Maxwell@display=pairwise
v2828,v4235,4102f50c-9bd0-46b1-a432-2abc3ac76044,v2828,Maxwell@display=pairwise
v2828,v4235,5a73329b-3ee5-4d38-9a02-8e7a17f87252,v2828,Maxwell@display=pairwise
v4235,v2828,c2931a8d-05d8-4b93-b015-421665fe4364,v4235,Maxwell@display=pairwise
v1984,v1984,c5592c8c-2e1c-4e02-a079-42923c2ebf78,v1477,Maxwell@display=pairwise
v1477,v1477,5826cad1-e0ae-480c-a6a3-3f6fd53569fa,v1984,Maxwell@display=pairwise
v1984,v1477,078cd768-2d5e-4660-b076-da7a83947d90,v1984,Maxwell@display=pairwise
v1984,v1984,df68e14a-a48a-44ee-907b-0a8e92920b98,v1477,Maxwell@display=pairwise
v1477,v1477,862cd654-5ac1-48c5-bd1f-650b43a68255,v1984,Maxwell@display=pairwise
v1477,v1477,b0a4dc9c-8f85-4cb4-b0e0-aadbead32e5f,v1984,Maxwell@display=pairwise
v1477,v1984,259688ae-f706-4f41-ade3-4a17e052e824,v1477,Maxwell@display=pairwise
v1477,v1477,2c834ab6-0751-4690-918f-5398a2160f15,v1984,Maxwell@display=pairwise
v1477,v1477,178c8651-5570-4a73-b49a-7a93daf21ea4,v1984,Maxwell@display=pairwise
v1477,v1984,75187b75-792e-4a2a-8959-7a9b23e0ea24,v1477,Maxwell@display=pairwise
v3740,v0009,e4076421-c718-4550-a279-71b8f41de5fd,v3740,Maxwell@display=pairwise
v3740,v3740,1ab3015c-2a18-4a9c-9842-14c3cab722d7,v0009,Maxwell@display=pairwise
v0009,v0009,f00b6b27-7f50-4848-9d4f-1c6640f6281b,v3740,Maxwell@display=pairwise
,v0009,3e5c0176-3c63-4689-bd8c-9948528b47de,v3740,Maxwell@display=pairwise
v3740,v3740,c5592c8c-2e1c-4e02-a079-42923c2ebf78,v0009,Maxwell@display=pairwise
v3740,v3740,70b41da2-de44-482d-b32a-5aaa4502ce19,v0009,Maxwell@display=pairwise
v3740,v3740,81bbbdfd-6271-4cd2-8c33-a6894757ca13,v0009,Maxwell@display=pairwise
v3740,v3740,c5592c8c-2e1c-4e02-a079-42923c2ebf78,v0009,Maxwell@display=pairwise
v3740,v0009,cea10608-7dfd-4bf7-bf4e-af4e8d7dac5e,v3740,Maxwell@display=pairwise
v3740,v0009,fd639556-f319-4397-9f9e-2d8827de7111,v3740,Maxwell@display=pairwise
v4537,v4537,c5592c8c-2e1c-4e02-a079-42923c2ebf78,v4034,Maxwell@display=pairwise
v4537,v4537,1f8bd8c6-3318-40af-a7a4-5f919048341c,v4034,Maxwell@display=pairwise
v4537,v4537,f27bb50a-2b7d-4f18-8fa3-a3fd7bc9fd8e,v4034,Maxwell@display=pairwise
v4537,v4537,f27bb50a-2b7d-4f18-8fa3-a3fd7bc9fd8e,v4034,Maxwell@display=pairwise
v4537,v4034,d26017bc-5f0f-46a9-9ecd-b0be37678c1f,v4537,Maxwell@display=pairwise
v4537,v4537,b2cf1e5e-8b30-4ac1-8eee-373e05447920,v4034,Maxwell@display=pairwise
v4537,v4034,de445587-4c60-454b-b923-a4113a9dc708,v4537,Maxwell@display=pairwise
v4537,v4537,de445587-4c60-454b-b923-a4113a9dc708,v4034,Maxwell@display=pairwise
v4537,v4034,f5d6e1f3-6569-4a5e-b109-b9871c084d4b,v4537,Maxwell@display=pairwise
v4034,v4537,c7d90a87-a380-46b6-af6f-fad86d1c1757,v4034,Maxwell@display=pairwise
v3583,v3583,c5592c8c-2e1c-4e02-a079-42923c2ebf78,v3292,Maxwell@display=pairwise
v3583,v3583,a8b97762-73b3-4044-9b22-306bc8e61f40,v3292,Maxwell@display=pairwise
v3583,v3292,c942376b-0080-4a53-825b-8c8974c18262,v3583,Maxwell@display=pairwise
v3583,v3292,1dac0e33-0065-4e0e-8e64-fd0e63278971,v3583,Maxwell@display=pairwise
v3583,v3583,bb28c3d5-6528-4f53-bc09-6bf84b42a7fb,v3292,Maxwell@display=pairwise
v3583,v3583,18dda76c-d54a-40a2-9768-d2dc4378804e,v3292,Maxwell@display=pairwise
v3583,v3292,d5ba3837-38e1-4aec-bd7c-cb069a23e8c1,v3583,Maxwell@display=pairwise
v3583,v3583,690c2e17-352c-4b13-88ff-f1e031cfec7e,v3292,Maxwell@display=pairwise
v3583,v3583,4fc856c7-d2f0-44da-a97b-0af57f30e5a4,v3292,Maxwell@display=pairwise
v3583,v3292,62d31ed8-f652-4253-8467-0143cdef952e,v3583,Maxwell@display=pairwise
v4511,v4511,c5592c8c-2e1c-4e02-a079-42923c2ebf78,v2513,Maxwell@display=pairwise
v4511,v2513,dad34959-38f2-4967-9f4e-180f5fdb8888,v4511,Maxwell@display=pairwise
v2513,v4511,8babccc1-e414-4e5f-ae9b-a16091977afb,v2513,Maxwell@display=pairwise
v4511,v4511,03183d72-50e8-4e1d-b6c9-97bb58ba8b6d,v2513,Maxwell@display=pairwise
v4511,v2513,ea3db677-ebb0-4e61-a506-68dd05ca5a54,v4511,Maxwell@display=pairwise
v4511,v2513,b8283f80-554f-404a-936c-a4114b3184d8,v4511,Maxwell@display=pairwise
v4511,v2513,87e8a297-f718-4c2c-b36e-ad49b5f87820,v4511,Maxwell@display=pairwise
v4511,v4511,de445587-4c60-454b-b923-a4113a9dc708,v2513,Maxwell@display=pairwise
v2513,v4511,814ef15f-db94-48de-9643-528fc2a355eb,v2513,Maxwell@display=pairwise
v4511,v2513,9f33edc6-8672-491a-9b40-8bb445f9aaf0,v4511,Maxwell@display=pairwise
v1190,v1190,c5592c8c-2e1c-4e02-a079-42923c2ebf78,v0094,Maxwell@display=pairwise
v1190,v0094,40769eac-f52a-479a-a451-81b241a88f64,v1190,Maxwell@display=pairwise
v1190,v0094,5288ac4e-2d63-43f3-8c9d-4af9f174f740,v1190,Maxwell@display=pairwise
v1190,v0094,81bbbdfd-6271-4cd2-8c33-a6894757ca13,v1190,Maxwell@display=pairwise
v1190,v1190,b75ed7ec-fc7e-4170-917d-244db89f64a2,v0094,Maxwell@display=pairwise
v1190,v1190,ba2e5955-a806-4ec0-b668-6073bb201c11,v0094,Maxwell@display=pairwise
v1190,v1190,75ce2d58-ecbb-4ede-bd93-43b99bca8d46,v0094,Maxwell@display=pairwise
v1190,v0094,88e1894f-6a8c-4dd4-99e5-7b852ff42587,v1190,Maxwell@display=pairwise
v1190,v0094,16741407-ab8f-42d4-a0de-61154fca3785,v1190,Maxwell@display=pairwise
,v1190,ec7a9023-9cdd-445b-934e-d5c95de760d5,v0094,Maxwell@display=pairwise
v3555,v0878,c5592c8c-2e1c-4e02-a079-42923c2ebf78,v3555,Maxwell@display=pairwise
v3555,v3555,9fde6f43-a5ca-4c47-a344-7575e5370d05,v0878,Maxwell@display=pairwise
v3555,v0878,e482d7ac-4b6f-4cff-b1d2-3e634bf5c721,v3555,Maxwell@display=pairwise
v3555,v3555,e776162f-2a46-4b9f-a534-2d38aa9d05c2,v0878,Maxwell@display=pairwise
v3555,v0878,bf06ee4c-bec3-4766-8e90-2f826cf034b6,v3555,Maxwell@display=pairwise
v0878,v0878,9aac4b2a-3c36-47d6-b244-1cda70ad1743,v3555,Maxwell@display=pairwise
v3555,v0878,0ffc9aa5-c779-44ce-acc6-ab9cc92a02fb,v3555,Maxwell@display=pairwise
v0878,v3555,e07bb13d-8d71-400d-8aee-9277fb8773d2,v0878,Maxwell@display=pairwise
v3555,v3555,b2c57169-2eb4-4673-8dd4-c2a4360d21d9,v0878,Maxwell@display=pairwise
v0878,v0878,b2cf1e5e-8b30-4ac1-8eee-373e05447920,v3555,Maxwell@display=pairwise
v2889,v2889,c5592c8c-2e1c-4e02-a079-42923c2ebf78,v1397,Maxwell@display=pairwise
,v1397,2f9c0bcc-c712-42b9-bc2f-d02860843a89,v2889,Maxwell@display=pairwise
v2889,v2889,3a37653c-9f20-4105-9e6f-d0197869e5ec,v1397,Maxwell@display=pairwise
v1397,v1397,3a23769b-fdcf-4dd6-b967-a8640412a76e,v2889,Maxwell@display=pairwise
v2889,v2889,a0a0bd53-c6ee-48c3-8d0d-7094f991b6c5,v1397,Maxwell@display=pairwise
v1397,v1397,7777504d-190e-4865-ab1d-44476ebb48d1,v2889,Maxwell@display=pairwise
v2889,v1397,d09c64e0-a2da-48ef-bc62-4b215947cae7,v2889,Maxwell@display=pairwise
v2889,v2889,73c3b426-5640-464d-8768-26eb4631fe7e,v1397,Maxwell@display=pairwise
,v2889,bab736be-b6c3-4a0a-8930-23ed65f562f2,v1397,Maxwell@display=pairwise
v2889,v2889,393a3c3e-2f6d-49dd-b9e0-18768e4dbb96,v1397,Maxwell@display=pairwise
v2513,v0094,c5592c8c-2e1c-4e02-a079-42923c2ebf78,v2513,Maxwell@display=pairwise
v2513,v2513,0c66784a-2acc-4614-8958-f9cede4473ed,v0094,Maxwell@display=pairwise
v2513,v0094,da27f497-76a6-4237-94e9-559acb0ba008,v2513,Maxwell@display=pairwise
v2513,v0094,8ab07bc5-0ee7-4c8d-9e27-22e5c6da8bc1,v2513,Maxwell@display=pairwise
v2513,v0094,2886de17-6865-4f59-8f24-9afbd87a36af,v2513,Maxwell@display=pairwise
v2513,v2513,d4eabb9c-6f17-472b-ade4-3caa69edc47f,v0094,Maxwell@display=pairwise
v2513,v2513,af6e2deb-376c-413f-a86c-f5a9716169c9,v0094,Maxwell@display=pairwise
v2513,v2513,b6d8df5e-5610-473b-bd40-79fdcdfbdcdd,v0094,Maxwell@display=pairwise
v2513,v2513,36c5c8c0-5e83-47ea-8f74-af418783618a,v0094,Maxwell@display=pairwise
v2513,v2513,088c8375-45de-4caf-8da5-b1d72abe0de0,v0094,Maxwell@display=pairwise
v2525,v1394,c5592c8c-2e1c-4e02-a079-42923c2ebf78,v2525,Maxwell@display=pairwise
v2525,v2525,080ce256-1457-4584-9e83-8b7e065e3998,v1394,Maxwell@display=pairwise
,v1394,942abe5f-d5e6-44ae-981b-c2664203ca49,v2525,Maxwell@display=pairwise
v2525,v1394,748ff91c-f261-4544-a851-bb33ab4da209,v2525,Maxwell@display=pairwise
v2525,v1394,284eb320-ce3d-48b3-99f0-b07eda1cc7ed,v2525,Maxwell@display=pairwise
v1394,v2525,bea8d5b8-3b89-4933-9543-144c89405bfa,v1394,Maxwell@display=pairwise
v2525,v1394,645b9269-2918-417e-8ee8-a6fc35bc3377,v2525,Maxwell@display=pairwise
v2525,v2525,15ed72a6-3577-4b94-8218-2877edf651f6,v1394,Maxwell@display=pairwise
v2525,v2525,15ed72a6-3577-4b94-8218-2877edf651f6,v1394,Maxwell@display=pairwise
v2525,v1394,a370270f-41ec-4770-a029-71ceb6225e7b,v2525,Maxwell@display=pairwise
v4034,v1394,c5592c8c-2e1c-4e02-a079-42923c2ebf78,v4034,Maxwell@display=pairwise
v4034,v1394,bbb2b770-5eab-4e22-9e43-7ff1c7cfcd31,v4034,Maxwell@display=pairwise
v4034,v1394,f356bf83-0f18-44d6-b192-780c6c0bdd3d,v4034,Maxwell@display=pairwise
v4034,v4034,05e840a4-3de4-447b-b859-e633d767fd6a,v1394,Maxwell@display=pairwise
v4034,v4034,e71f0be5-2d3f-4bc9-9407-a2dce3a16b91,v1394,Maxwell@display=pairwise
v4034,v1394,2dd89ba6-d0b2-4975-8d14-d6d471fa562e,v4034,Maxwell@display=pairwise
v4034,v1394,07a3654d-ca98-438e-b300-d0ee18dcb45f,v4034,Maxwell@display=pairwise
v4034,v4034,b2c57169-2eb4-4673-8dd4-c2a4360d21d9,v1394,Maxwell@display=pairwise
v1394,v1394,d41c6ea1-955c-405c-a5d3-b7d3d9114699,v4034,Maxwell@display=pairwise
v4034,v1394,5db812e2-a89e-42af-b619-98c02720d311,v4034,Maxwell@display=pairwise
v4537,v4537,02a39e4e-a8a2-4a4d-8b5b-bb0fda85a2fc,v1984,Maxwell@display=pairwise
v4537,v4537,51a741d8-2e85-48fb-a41a-ec0b312ce2e7,v1984,Maxwell@display=pairwise
v4537,v1984,73a3dcd6-df5c-4cb9-b01e-8842ddc7f7d0,v4537,Maxwell@display=pairwise
v1984,v1984,5ca80653-5ca4-4a63-a5e9-7c13c6f6ef4e,v4537,Maxwell@display=pairwise
v4537,v4537,e7003b82-7f53-47ce-b372-430970be62d0,v1984,Maxwell@display=pairwise
v4537,v4537,c57b2313-faa0-4c95-b91f-4f3c7609b1c1,v1984,Maxwell@display=pairwise
v4537,v4537,4cf27f34-7c95-4417-9203-7627dd0e8db3,v1984,Maxwell@display=pairwise
v4537,v1984,c9cbf439-dbba-4e14-bc06-61a2951a9521,v4537,Maxwell@display=pairwise
v4537,v4537,568341de-630c-4f7d-97c0-db58befad162,v1984,Maxwell@display=pairwise
v4537,v1984,148a0216-b671-4cdd-992c-7aba2d0b85cb,v4537,Maxwell@display=pairwise
v2828,v2828,02a39e4e-a8a2-4a4d-8b5b-bb0fda85a2fc,v1025,Maxwell@display=pairwise
v2828,v1025,c12316ba-19d8-4db6-aa66-b424906ea895,v2828,Maxwell@display=pairwise
v1025,v1025,13a84fc5-c897-4808-819d-21fe4ef9dffc,v2828,Maxwell@display=pairwise
v1025,v2828,094e753d-9712-4a5c-b642-e225b4d0af47,v1025,Maxwell@display=pairwise
v2828,v2828,3ceee84d-5b67-4517-bb80-572756bac2c2,v1025,Maxwell@display=pairwise
v2828,v2828,66d5d376-d4b4-43f4-be21-1b386fd32966,v1025,Maxwell@display=pairwise
,v2828,8495c523-2b4b-49a1-86b4-5210ff9e0038,v1025,Maxwell@display=pairwise
v1025,v1025,9a1954b1-10f1-4709-bae2-faaa266102f5,v2828,Maxwell@display=pairwise
v1025,v1025,aaf15379-dfc5-4aed-89dd-6e94974e28c8,v2828,Maxwell@display=pairwise
v2828,v2828,eb1d4001-2c9c-463a-8ab8-6fe20a5c24ce,v1025,Maxwell@display=pairwise
v2513,v2513,02a39e4e-a8a2-4a4d-8b5b-bb0fda85a2fc,v0162,Maxwell@display=pairwise
v2513,v0162,1d9a8b4d-ed7d-4236-a2d3-b3e34d6c186b,v2513,Maxwell@display=pairwise
v2513,v2513,4574d033-c347-4886-a115-d34cee6778a1,v0162,Maxwell@display=pairwise
v2513,v0162,4574d033-c347-4886-a115-d34cee6778a1,v2513,Maxwell@display=pairwise
v2513,v0162,4574d033-c347-4886-a115-d34cee6778a1,v2513,Maxwell@display=pairwise
v2513,v0162,f8e4c74f-c2a6-462b-9197-a7c8c31317ac,v2513,Maxwell@display=pairwise
v2513,v0162,35a5fd4a-c3d1-456f-81f3-f5489dcf64c7,v2513,Maxwell@display=pairwise
v2513,v0162,f52b764c-6af0-4c94-8cdd-65f0f56a1931,v2513,Maxwell@display=pairwise
v2513,v2513,4fa29376-5b1b-425e-93ff-2bcf80f82251,v0162,Maxwell@display=pairwise
v2513,v2513,31e59e7f-acc9-48fd-8a2b-bf0096731a49,v0162,Maxwell@display=pairwise
v4034,v2083,02a39e4e-a8a2-4a4d-8b5b-bb0fda85a2fc,v4034,Maxwell@display=pairwise
v4034,v2083,a3d1f70b-d059-4df3-a624-738230878ceb,v4034,Maxwell@display=pairwise
v2083,v4034,6f27d33c-e38c-497e-92d6-941c4520a5cf,v2083,Maxwell@display=pairwise
v4034,v4034,b3971b04-db2d-4833-8e3c-75359f5b3cb8,v2083,Maxwell@display=pairwise
v2083,v4034,862cd654-5ac1-48c5-bd1f-650b43a68255,v2083,Maxwell@display=pairwise
v4034,v4034,8f7e51a3-8852-4682-99c4-de2ab7f8863b,v2083,Maxwell@display=pairwise
v4034,v4034,bc441066-48fe-430a-8ae9-46706a7d4640,v2083,Maxwell@display=pairwise
v4034,v2083,e5463b92-df72-41f5-8ac7-22d086899283,v4034,Maxwell@display=pairwise
,v2083,0c8ca1c9-aaa4-495b-a350-de53a2de024b,v4034,Maxwell@display=pairwise
v2083,v2083,a370270f-41ec-4770-a029-71ceb6225e7b,v4034,Maxwell@display=pairwise
v2328,v2328,02a39e4e-a8a2-4a4d-8b5b-bb0fda85a2fc,v1394,Maxwell@display=pairwise
v2328,v1394,60697061-3fc4-4137-9789-63e68e409f11,v2328,Maxwell@display=pairwise
v2328,v2328,60697061-3fc4-4137-9789-63e68e409f11,v1394,Maxwell@display=pairwise
v2328,v1394,996d4f04-efe4-4b10-9ba5-28b5dca74aed,v2328,Maxwell@display=pairwise
v2328,v2328,51b8e6dd-0e31-4784-9b1a-6247028d8968,v1394,Maxwell@display=pairwise
v2328,v1394,91c5b80b-c738-4722-8cc5-80c4da596c5f,v2328,Maxwell@display=pairwise
v2328,v1394,50e68f35-10c5-4dcd-833e-3680adb69b60,v2328,Maxwell@display=pairwise
v2328,v2328,b33fcfb9-4483-464b-9fa3-2fd815d1577a,v1394,Maxwell@display=pairwise
v2328,v1394,bdc19414-eecd-4bae-b622-f06ee94a9b55,v2328,Maxwell@display=pairwise
v2328,v2328,09705fe5-aaef-4009-9eaf-7f6ef1693c89,v1394,Maxwell@display=pairwise
v2181,v2635,02a39e4e-a8a2-4a4d-8b5b-bb0fda85a2fc,v2181,Maxwell@display=pairwise
v2181,v2635,942abe5f-d5e6-44ae-981b-c2664203ca49,v2181,Maxwell@display=pairwise
v2181,v2635,748ff91c-f261-4544-a851-bb33ab4da209,v2181,Maxwell@display=pairwise
v2635,v2635,814662e1-3c1f-4324-86ff-9ceb6e24e830,v2181,Maxwell@display=pairwise
v2635,v2635,adfa0ec8-adeb-4eaf-8546-02e73a887224,v2181,Maxwell@display=pairwise
v2181,v2635,bea8d5b8-3b89-4933-9543-144c89405bfa,v2181,Maxwell@display=pairwise
v2635,v2635,bea8d5b8-3b89-4933-9543-144c89405bfa,v2181,Maxwell@display=pairwise
v2635,v2181,645b9269-2918-417e-8ee8-a6fc35bc3377,v2635,Maxwell@display=pairwise
,v2635,bc441066-48fe-430a-8ae9-46706a7d4640,v2181,Maxwell@display=pairwise
v2181,v2181,712ea676-4242-48ad-8b1c-1851c5c289ec,v2635,Maxwell@display=pairwise
v0878,v0878,02a39e4e-a8a2-4a4d-8b5b-bb0fda85a2fc,v1984,Maxwell@display=pairwise
v0878,v1984,9b14dad7-75bc-4690-9dc6-94c0c04d5333,v0878,Maxwell@display=pairwise
v1984,v1984,209cb4b5-da1d-4522-8e51-c7ab4b854165,v0878,Maxwell@display=pairwise
v0878,v1984,676d136b-aabc-4a63-9157-3a6ddacfd43f,v0878,Maxwell@display=pairwise
v0878,v1984,cb101408-6fca-4119-9289-441754c9b2f0,v0878,Maxwell@display=pairwise
v0878,v1984,ba2e5955-a806-4ec0-b668-6073bb201c11,v0878,Maxwell@display=pairwise
v0878,v1984,896aa6ba-af39-4dad-a16b-2b871323826d,v0878,Maxwell@display=pairwise
v0878,v0878,c9cbf439-dbba-4e14-bc06-61a2951a9521,v1984,Maxwell@display=pairwise
v1984,v0878,0dfde53f-a1c3-4854-9c02-3e41d9086ece,v1984,Maxwell@display=pairwise
v1984,v0878,7c88f5ac-1415-4be3-a73f-f6eb914391f9,v1984,Maxwell@display=pairwise
,v0530,02a39e4e-a8a2-4a4d-8b5b-bb0fda85a2fc,v0886,Maxwell@display=pairwise
v0886,v0530,b4411156-dc52-435d-8f93-765287d11fea,v0886,Maxwell@display=pairwise
v0886,v0886,46890feb-e3fa-42f0-bdb2-bc9bbacd627f,v0530,Maxwell@display=pairwise
,v0886,d596421e-e19a-4472-a4e8-730e96d35459,v0530,Maxwell@display=pairwise
v0886,v0530,1dac0e33-0065-4e0e-8e64-fd0e63278971,v0886,Maxwell@display=pairwise
v0886,v0530,258ea89f-8336-4d05-a59b-7ea1ea457784,v0886,Maxwell@display=pairwise
v0886,v0530,196d047d-4bfe-4054-bcf3-da76fe0ecb11,v0886,Maxwell@display=pairwise
v0886,v0530,f52b764c-6af0-4c94-8cdd-65f0f56a1931,v0886,Maxwell@display=pairwise
,v0886,537c627e-ce2d-4b04-939a-552205731bb6,v0530,Maxwell@display=pairwise
v0530,v0886,b03c8d70-1916-4f7d-a03a-f96397ce85d6,v0530,Maxwell@display=pairwise
v2519,v2519,02a39e4e-a8a2-4a4d-8b5b-bb0fda85a2fc,v0009,Maxwell@display=pairwise
v2519,v2519,a3d1f70b-d059-4df3-a624-738230878ceb,v0009,Maxwell@display=pairwise
v2519,v0009,3d6a7a0d-a5fb-4cec-a5e2-3fe1b81d04db,v2519,Maxwell@display=pairwise
v2519,v0009,52b1311f-d563-4bed-8528-b0a80a845ed3,v2519,Maxwell@display=pairwise
v2519,v0009,5abb0625-0b84-4432-801d-e33a2c4185b8,v2519,Maxwell@display=pairwise
v2519,v2519,21cdd095-3223-44a1-bbae-ecc5b4f9c9aa,v0009,Maxwell@display=pairwise
v2519,v2519,9a673f7a-20b3-401d-980f-38b0c8fc3b45,v0009,Maxwell@display=pairwise
v2519,v2519,992cc7e1-caa5-4e29-9a5c-8107bae22aaa,v0009,Maxwell@display=pairwise
v2519,v2519,28078593-bd58-4e49-88f5-c7909b406342,v0009,Maxwell@display=pairwise
v2519,v0009,a9591a8a-3147-43f9-969a-2603ca967f9e,v2519,Maxwell@display=pairwise
v0265,v3175,02a39e4e-a8a2-4a4d-8b5b-bb0fda85a2fc,v0265,Maxwell@display=pairwise
v0265,v3175,b298c12c-882d-4f4b-a685-587d6fa667ce,v0265,Maxwell@display=pairwise
v0265,v0265,45e47aba-742a-412f-9b0b-ac8a74e2f809,v3175,Maxwell@display=pairwise
v3175,v3175,df26a6f9-0f91-4a5e-82a0-ce73746d46d1,v0265,Maxwell@display=pairwise
v0265,v0265,09aa3d60-2327-4a62-a385-c9877f16fa3d,v3175,Maxwell@display=pairwise
v0265,v3175,37e2fd1c-8e32-4deb-bec9-a4ed41c99e10,v0265,Maxwell@display=pairwise
v0265,v0265,21cdd095-3223-44a1-bbae-ecc5b4f9c9aa,v3175,Maxwell@display=pairwise
v0265,v3175,f1338919-3049-404e-9297-43ad044caf39,v0265,Maxwell@display=pairwise
v3175,v3175,5a73329b-3ee5-4d38-9a02-8e7a17f87252,v0265,Maxwell@display=pairwise
v3175,v3175,8ba60b69-3825-4c10-beca-8d2e7ba9dfa1,v0265,Maxwell@display=pairwise
,v2801,02a39e4e-a8a2-4a4d-8b5b-bb0fda85a2fc,v2635,Maxwell@display=pairwise
v2635,v2635,7b13df41-d02b-4ab9-8b85-abff32c57a7f,v2801,Maxwell@display=pairwise
,v2801,551170cd-eec1-45e1-8fcb-38d560259044,v2635,Maxwell@display=pairwise
v2801,v2801,584a427c-0ddb-46df-87da-d6b34d3a6a48,v2635,Maxwell@display=pairwise
v2801,v2801,584a427c-0ddb-46df-87da-d6b34d3a6a48,v2635,Maxwell@display=pairwise
v2635,v2801,4d86c7c5-5db7-417f-a214-04a9b2e84841,v2635,Maxwell@display=pairwise
v2801,v2801,4d959969-12c9-4934-bcb0-01c74a0bca6d,v2635,Maxwell@display=pairwise
v2801,v2801,e2414b46-7c69-407b-9c61-a18878f36403,v2635,Maxwell@display=pairwise
v2801,v2801,4fa29376-5b1b-425e-93ff-2bcf80f82251,v2635,Maxwell@display=pairwise
,v2635,2168499d-6438-474d-96fc-7346737ee935,v2801,Maxwell@display=pairwise
v4235,v2349,02a39e4e-a8a2-4a4d-8b5b-bb0fda85a2fc,v4235,Maxwell@display=pairwise
v2349,v2349,c12316ba-19d8-4db6-aa66-b424906ea895,v4235,Maxwell@display=pairwise
v2349,v4235,676d136b-aabc-4a63-9157-3a6ddacfd43f,v2349,Maxwell@display=pairwise
v2349,v2349,676d136b-aabc-4a63-9157-3a6ddacfd43f,v4235,Maxwell@display=pairwise
v4235,v4235,a0a0bd53-c6ee-48c3-8d0d-7094f991b6c5,v2349,Maxwell@display=pairwise
v2349,v2349,f911a403-5112-4234-ab0b-7497b7f4e3b4,v4235,Maxwell@display=pairwise
v2349,v2349,f711bbae-43d6-40ce-9fdc-3eff7721a7c9,v4235,Maxwell@display=pairwise
,v2349,62d31ed8-f652-4253-8467-0143cdef952e,v4235,Maxwell@display=pairwise
v2349,v4235,393a3c3e-2f6d-49dd-b9e0-18768e4dbb96,v2349,Maxwell@display=pairwise
v2349,v2349,19e2587c-4d46-491a-9939-ee51abe19c39,v4235,Maxwell@display=pairwise
v2349,v2349,02a39e4e-a8a2-4a4d-8b5b-bb0fda85a2fc,v1447,Maxwell@display=pairwise
v2349,v1447,f2393f46-bd26-4564-bf32-3f4c890d2821,v2349,Maxwell@display=pairwise
v2349,v1447,3a37653c-9f20-4105-9e6f-d0197869e5ec,v2349,Maxwell@display=pairwise
v2349,v2349,cc2b08c4-b73c-48a9-95c6-b79cfa497b75,v1447,Maxwell@display=pairwise
v2349,v1447,ea3db677-ebb0-4e61-a506-68dd05ca5a54,v2349,Maxwell@display=pairwise
v2349,v2349,e5f76cbe-fd04-46f5-a5de-6fccf701bb11,v1447,Maxwell@display=pairwise
v2349,v1447,48448358-e8a9-438f-91d4-8aa53d013c82,v2349,Maxwell@display=pairwise
v2349,v2349,de445587-4c60-454b-b923-a4113a9dc708,v1447,Maxwell@display=pairwise
v2349,v1447,f5d6e1f3-6569-4a5e-b109-b9871c084d4b,v2349,Maxwell@display=pairwise
v1447,v1447,7829a094-b56d-4784-81b4-d56f0af9d0ee,v2349,Maxwell@display=pairwise
v3555,v2349,02a39e4e-a8a2-4a4d-8b5b-bb0fda85a2fc,v3555,Maxwell@display=pairwise
v2349,v2349,9b14dad7-75bc-4690-9dc6-94c0c04d5333,v3555,Maxwell@display=pairwise
v2349,v2349,13a84fc5-c897-4808-819d-21fe4ef9dffc,v3555,Maxwell@display=pairwise
v2349,v3555,8a3343fa-29bf-4b98-87d2-10dba3c9ce8f,v2349,Maxwell@display=pairwise
v2349,v2349,7923b5e3-11d0-48ca-937d-4b08a7ecead4,v3555,Maxwell@display=pairwise
,v3555,7923b5e3-11d0-48ca-937d-4b08a7ecead4,v2349,Maxwell@display=pairwise
v3555,v3555,dc8279b9-0d8c-454c-b75d-13d31c30843d,v2349,Maxwell@display=pairwise
v3555,v3555,7d2ece56-ce0a-475c-949e-6db477f55ee0,v2349,Maxwell@display=pairwise
,v3555,537c627e-ce2d-4b04-939a-552205731bb6,v2349,Maxwell@display=pairwise
v2349,v2349,0e80b9f5-c6c9-4c92-8afc-d29ed45b16c6,v3555,Maxwell@display=pairwise
v0878,v0878,02a39e4e-a8a2-4a4d-8b5b-bb0fda85a2fc,v2419,Maxwell@display=pairwise
v0878,v2419,45e47aba-742a-412f-9b0b-ac8a74e2f809,v0878,Maxwell@display=pairwise
v0878,v0878,e17e2dcf-3979-4b09-8713-28d55d90138b,v2419,Maxwell@display=pairwise
v0878,v0878,4716ee65-37dd-4db1-9c22-e34ae3582bb0,v2419,Maxwell@display=pairwise
v0878,v2419,04d503da-7425-4759-9db6-290899a58639,v0878,Maxwell@display=pairwise
v0878,v0878,48990368-f0c8-46e1-9f8b-61fbaec1f893,v2419,Maxwell@display=pairwise
v0878,v0878,aa873e42-f4c4-4b06-8b86-c8d47ffd4b9a,v2419,Maxwell@display=pairwise
v0878,v2419,c9cbf439-dbba-4e14-bc06-61a2951a9521,v0878,Maxwell@display=pairwise
v2419,v0878,4db85d74-0f6b-4231-9f89-f26a362394c5,v2419,Maxwell@display=pairwise
v0878,v0878,568341de-630c-4f7d-97c0-db58befad162,v2419,Maxwell@display=pairwise
v2419,v4537,645e51c3-9fec-4ced-8d9a-9cb4556a319b,v2419,Maxwell@display=pairwise
v4537,v2419,0ae52a80-c78b-4022-a6d6-28c3b4f01754,v4537,Maxwell@display=pairwise
v4537,v2419,ace5b35a-5ee7-4702-8761-f37c7b5c11e7,v4537,Maxwell@display=pairwise
v4537,v4537,645e51c3-9fec-4ced-8d9a-9cb4556a319b,v2419,Maxwell@display=pairwise
v4537,v4537,a4e3e3a6-b8aa-48da-9a14-17048d8a2153,v2419,Maxwell@display=pairwise
v4537,v4537,c1e5dd48-6b4f-42c3-b070-b362047520ac,v2419,Maxwell@display=pairwise
v4537,v2419,e07bb13d-8d71-400d-8aee-9277fb8773d2,v4537,Maxwell@display=pairwise
v4537,v2419,01a3b14c-3923-4b2c-baf6-0b671043ec61,v4537,Maxwell@display=pairwise
v4537,v2419,8f373fcb-9f72-4cee-a804-75fa3cb722cd,v4537,Maxwell@display=pairwise
v2419,v4537,30f85572-69e4-41c3-97d8-25f74a2a229a,v2419,Maxwell@display=pairwise
v2519,v0328,645e51c3-9fec-4ced-8d9a-9cb4556a319b,v2519,Maxwell@display=pairwise
v2519,v0328,932f9ce4-0739-497e-8f65-1f75f828eb23,v2519,Maxwell@display=pairwise
v2519,v2519,48f2cfa8-d531-4045-860b-2c824728d65e,v0328,Maxwell@display=pairwise
v2519,v0328,cabe6903-7b7e-4c1a-b661-958c6fa61429,v2519,Maxwell@display=pairwise
v2519,v0328,e17e2dcf-3979-4b09-8713-28d55d90138b,v2519,Maxwell@display=pairwise
v2519,v0328,e4076421-c718-4550-a279-71b8f41de5fd,v2519,Maxwell@display=pairwise
v2519,v0328,e4076421-c718-4550-a279-71b8f41de5fd,v2519,Maxwell@display=pairwise
v2519,v2519,4989c9a7-2a48-4c9b-8088-387d0efcfb45,v0328,Maxwell@display=pairwise
v2519,v2519,87cd4023-a010-48bb-9894-889f68df299a,v0328,Maxwell@display=pairwise
v2519,v0328,3267d3c7-b874-4b3e-805a-dd7a7c57ca1c,v2519,Maxwell@display=pairwise
v4097,v2519,645e51c3-9fec-4ced-8d9a-9cb4556a319b,v4097,Maxwell@display=pairwise
,v2519,ace5b35a-5ee7-4702-8761-f37c7b5c11e7,v4097,Maxwell@display=pairwise
v2519,v2519,352bfce1-aa96-44d6-967b-eafa128efab4,v4097,Maxwell@display=pairwise
v4097,v4097,3b59bb46-ea50-46bd-a3a5-16087d174860,v2519,Maxwell@display=pairwise
v4097,v4097,92b315aa-c3d8-4ac2-8c1c-aba2f5a7b6d9,v2519,Maxwell@display=pairwise
,v4097,5440d8e0-a14b-41a3-9cd3-b762fddb4276,v2519,Maxwell@display=pairwise
v2519,v4097,896aa6ba-af39-4dad-a16b-2b871323826d,v2519,Maxwell@display=pairwise
,v2519,335527d0-7d2d-491b-a6e2-4c92ce9b4edc,v4097,Maxwell@display=pairwise
v4097,v2519,8c486527-a24e-43cc-93c6-81d3da4e9836,v4097,Maxwell@display=pairwise
v2519,v2519,1d2fe3ac-663b-4f21-b03e-4a409a53669e,v4097,Maxwell@display=pairwise
v0032,v3175,645e51c3-9fec-4ced-8d9a-9cb4556a319b,v0032,Maxwell@display=pairwise
v0032,v0032,861d34a8-3e75-48a1-85aa-76f71123f8f5,v3175,Maxwell@display=pairwise
,v3175,352bfce1-aa96-44d6-967b-eafa128efab4,v0032,Maxwell@display=pairwise
v3175,v3175,a7a93a58-0185-4a02-be01-554e229a1446,v0032,Maxwell@display=pairwise
v0032,v3175,afa98c8f-110e-4115-a68c-652138e95b5d,v0032,Maxwell@display=pairwise
v0032,v0032,c2e135df-30eb-46ef-95b2-80bff450c273,v3175,Maxwell@display=pairwise
v3175,v3175,15577bca-cd7f-4695-868d-7da11fc028ed,v0032,Maxwell@display=pairwise
v3175,v3175,291f1ce5-afb6-47f8-bf06-629bc6007f6a,v0032,Maxwell@display=pairwise
,v0032,43e0e111-055c-43b5-b09c-bee2f7542636,v3175,Maxwell@display=pairwise
v3175,v3175,1581d9ba-baf0-47a6-9d2b-56bf103d5193,v0032,Maxwell@display=pairwise
v0878,v0878,3665f070-cce1-4979-995c-d117a13742ab,v2801,Maxwell@display=pairwise
v0878,v2801,3ceee84d-5b67-4517-bb80-572756bac2c2,v0878,Maxwell@display=pairwise
v0878,v0878,8babccc1-e414-4e5f-ae9b-a16091977afb,v2801,Maxwell@display=pairwise
v0878,v2801,8a19e606-f631-49b8-88af-f91c0befff75,v0878,Maxwell@display=pairwise
,v2801,471f0556-5a0e-4c5c-b59c-c302504cf352,v0878,Maxwell@display=pairwise
v2801,v2801,fdeab250-0277-4490-bcf0-de3d8c630a98,v0878,Maxwell@display=pairwise
v0878,v2801,15187a17-10c3-4501-b4fd-190e9264fb64,v0878,Maxwell@display=pairwise
v0878,v2801,645e51c3-9fec-4ced-8d9a-9cb4556a319b,v0878,Maxwell@display=pairwise
v2801,v2801,d6c9a5ed-1280-4497-91b4-033d6937541e,v0878,Maxwell@display=pairwise
,v0878,76f3d336-52fa-4304-9eda-8f30f1fe4b75,v2801,Maxwell@display=pairwise
v1025,v0328,645e51c3-9fec-4ced-8d9a-9cb4556a319b,v1025,Maxwell@display=pairwise
v1025,v0328,b298c12c-882d-4f4b-a685-587d6fa667ce,v1025,Maxwell@display=pairwise
v1025,v1025,13a84fc5-c897-4808-819d-21fe4ef9dffc,v0328,Maxwell@display=pairwise
v1025,v1025,091f402d-0095-4fa9-9ace-d3b0675c296f,v0328,Maxwell@display=pairwise
v1025,v1025,584b7635-9a3b-4a46-9127-652bab8ab045,v0328,Maxwell@display=pairwise
,v1025,e5e845a9-bf60-41fc-9ab7-f2ab3172c82f,v0328,Maxwell@display=pairwise
v0328,v0328,fe6afd5a-8da5-49b6-af0b-9f6049662f8b,v1025,Maxwell@display=pairwise
v1025,v1025,c4def5d3-8498-4453-9086-653e4184d2c1,v0328,Maxwell@display=pairwise
v1025,v0328,4c9f3ef1-1be5-4b46-b834-89e3cd2a94a2,v1025,Maxwell@display=pairwise
v0328,v1025,701d9632-11da-4c45-b5a9-9ef109bd0705,v0328,Maxwell@display=pairwise
v4048,v4048,645e51c3-9fec-4ced-8d9a-9cb4556a319b,v3555,Maxwell@display=pairwise
v3555,v3555,61f12ee8-b502-480f-96d7-2d477220aa9d,v4048,Maxwell@display=pairwise
v3555,v3555,f23b459c-43f2-43ba-9fd1-78fd48cf833e,v4048,Maxwell@display=pairwise
,v3555,7eb95ab6-eca8-489b-b426-e9b15a50c9cb,v4048,Maxwell@display=pairwise
v4048,v4048,91b93af1-fc38-4f56-bd97-9f14882417a4,v3555,Maxwell@display=pairwise
,v3555,898cd458-3328-4ede-85e7-6e18eef38b6e,v4048,Maxwell@display=pairwise
v4048,v4048,48448358-e8a9-438f-91d4-8aa53d013c82,v3555,Maxwell@display=pairwise
v4048,v3555,d5a0fb87-aa9c-42e7-8db5-0c41338699d2,v4048,Maxwell@display=pairwise
v4048,v3555,79c3a676-3b48-40b3-80e7-da62c1543eaf,v4048,Maxwell@display=pairwise
v4048,v4048,5184a7fd-e2f2-44fe-b1c1-7062145c6b02,v3555,Maxwell@display=pairwise
v4034,v4034,645e51c3-9fec-4ced-8d9a-9cb4556a319b,v1447,Maxwell@display=pairwise
v4034,v1447,ade8a476-81ee-42b0-a41a-c54a43f6bf8c,v4034,Maxwell@display=pairwise
v4034,v1447,f7c088a4-f181-4faf-b131-f76c01b92e8d,v4034,Maxwell@display=pairwise
,v4034,c6a5f67c-5e3c-447c-8dd4-cf7aa57bb617,v1447,Maxwell@display=pairwise
v4034,v4034,912ff3ea-9faf-4081-b27b-1ba77372b348,v1447,Maxwell@display=pairwise
v1447,v4034,b7ea617c-5ad5-4087-9795-bfd98e396875,v1447,Maxwell@display=pairwise
v4034,v1447,d2274bbe-d5ac-4c27-8579-f0e4e7eeb3d3,v4034,Maxwell@display=pairwise
v4034,v1447,92b315aa-c3d8-4ac2-8c1c-aba2f5a7b6d9,v4034,Maxwell@display=pairwise
v4034,v4034,896aa6ba-af39-4dad-a16b-2b871323826d,v1447,Maxwell@display=pairwise
v4034,v1447,568341de-630c-4f7d-97c0-db58befad162,v4034,Maxwell@display=pairwise
v2513,v0265,645e51c3-9fec-4ced-8d9a-9cb4556a319b,v2513,Maxwell@display=pairwise
v2513,v0265,c73de61c-2ffb-43a7-bb2b-9153ac84e57d,v2513,Maxwell@display=pairwise
,v0265,75c9be23-99aa-4949-be3a-6b25c658091c,v2513,Maxwell@display=pairwise
v0265,v2513,996d4f04-efe4-4b10-9ba5-28b5dca74aed,v0265,Maxwell@display=pairwise
v0265,v0265,4716ee65-37dd-4db1-9c22-e34ae3582bb0,v2513,Maxwell@display=pairwise
,v0265,bf99fc9d-3772-4df1-91d9-1196f5e51ecb,v2513,Maxwell@display=pairwise
v0265,v0265,c1e0c07c-4768-4d33-86b9-59bcd401dba5,v2513,Maxwell@display=pairwise
v2513,v0265,b81d92ba-8124-4bce-949c-8d5b226bc693,v2513,Maxwell@display=pairwise
v0265,v2513,178c8651-5570-4a73-b49a-7a93daf21ea4,v0265,Maxwell@display=pairwise
v2513,v2513,1581d9ba-baf0-47a6-9d2b-56bf103d5193,v0265,Maxwell@display=pairwise
v3555,v4235,645e51c3-9fec-4ced-8d9a-9cb4556a319b,v3555,Maxwell@display=pairwise
v3555,v3555,57510f28-373b-4b32-a9e5-a9c629bafe32,v4235,Maxwell@display=pairwise
v3555,v3555,57510f28-373b-4b32-a9e5-a9c629bafe32,v4235,Maxwell@display=pairwise
v3555,v3555,34739ea5-3239-4633-8c9d-4d1e70eb376d,v4235,Maxwell@display=pairwise
v4235,v3555,43641f2c-9c5f-4450-a8d2-51e7dde0ec97,v4235,Maxwell@display=pairwise
v3555,v3555,7bf3dae0-af9d-4a3f-894f-9ff0503f5348,v4235,Maxwell@display=pairwise
v4235,v4235,768f2d5e-4da6-4e17-a974-b681ec9fada3,v3555,Maxwell@display=pairwise
v3555,v3555,48eca316-7304-41b7-8acb-7e678a3cbf48,v4235,Maxwell@display=pairwise
,v3555,896aa6ba-af39-4dad-a16b-2b871323826d,v4235,Maxwell@display=pairwise
v4235,v4235,7c88f5ac-1415-4be3-a73f-f6eb914391f9,v3555,Maxwell@display=pairwise
v2828,v2828,645e51c3-9fec-4ced-8d9a-9cb4556a319b,v0314,Maxwell@display=pairwise
v2828,v2828,c2931a8d-05d8-4b93-b015-421665fe4364,v0314,Maxwell@display=pairwise
v2828,v2828,37e2fd1c-8e32-4deb-bec9-a4ed41c99e10,v0314,Maxwell@display=pairwise
v2828,v2828,645e51c3-9fec-4ced-8d9a-9cb4556a319b,v0314,Maxwell@display=pairwise
,v2828,6ee42a58-0d17-477c-b60f-4bf0f2eec782,v0314,Maxwell@display=pairwise
v2828,v0314,3fa99ef2-8170-40ac-9c39-165fcfe91a61,v2828,Maxwell@display=pairwise
v0314,v2828,8914cf47-88ab-4d93-ac8c-414469cd4a72,v0314,Maxwell@display=pairwise
v2828,v0314,1d9a8b4d-ed7d-4236-a2d3-b3e34d6c186b,v2828,Maxwell@display=pairwise
v2828,v2828,bdcbadd2-3661-4ece-a668-ae3da62a8e23,v0314,Maxwell@display=pairwise
v0314,v0314,16741407-ab8f-42d4-a0de-61154fca3785,v2828,Maxwell@display=pairwise
v3355,v1394,645e51c3-9fec-4ced-8d9a-9cb4556a319b,v3355,Maxwell@display=pairwise
v3355,v1394,2423a185-20d6-40c1-ad61-5268117f6f7d,v3355,Maxwell@display=pairwise
v3355,v3355,047e4203-0585-4d9b-9859-1744b143e682,v1394,Maxwell@display=pairwise
v3355,v1394,30f85572-69e4-41c3-97d8-25f74a2a229a,v3355,Maxwell@display=pairwise
v3355,v3355,97128514-e916-4347-930c-bb37857c48c0,v1394,Maxwell@display=pairwise
v3355,v3355,57c5b042-79d7-4bb7-8714-5d3808c5cd0e,v1394,Maxwell@display=pairwise
v3355,v3355,7ccb1601-429e-4e0c-a822-991e9abf2075,v1394,Maxwell@display=pairwise
v3355,v1394,8af492ec-8e66-4d99-a408-22dea1cbafd6,v3355,Maxwell@display=pairwise
v3355,v1394,7c68e2ea-165f-4e18-af3c-a2f8199fcbd9,v3355,Maxwell@display=pairwise
v3355,v3355,7ab27881-57d1-40b8-85da-a40a47dc49c2,v1394,Maxwell@display=pairwise
v1397,v1397,3e9c34e4-3146-445f-bc2c-d3d7a223688a,v0162,Maxwell@display=pairwise
,v0162,080ce256-1457-4584-9e83-8b7e065e3998,v1397,Maxwell@display=pairwise
v1397,v1397,f703c144-8fe7-4731-ad56-faff59588dbe,v0162,Maxwell@display=pairwise
,v0162,f982c154-231a-4d28-8be6-f62894d3a8c5,v1397,Maxwell@display=pairwise
v1397,v1397,2eb7870f-25ce-49d2-a094-ac88dd1f63ad,v0162,Maxwell@display=pairwise
v1397,v0162,258ea89f-8336-4d05-a59b-7ea1ea457784,v1397,Maxwell@display=pairwise
v1397,v0162,5e2da638-96bd-419b-acdd-1f0e0cd35933,v1397,Maxwell@display=pairwise
v1397,v0162,67d6e59e-98bb-4804-be1c-03beebfd5222,v1397,Maxwell@display=pairwise
v1397,v0162,9a1954b1-10f1-4709-bae2-faaa266102f5,v1397,Maxwell@display=pairwise
v1397,v0162,1ecf32ce-e1db-4d42-b15f-56df3d197faa,v1397,Maxwell@display=pairwise
v4097,v4097,3e9c34e4-3146-445f-bc2c-d3d7a223688a,v0529,Maxwell@display=pairwise
v4097,v0529,45e47aba-742a-412f-9b0b-ac8a74e2f809,v4097,Maxwell@display=pairwise
v4097,v0529,d71a87a3-844a-46bd-9968-6f2321da861a,v4097,Maxwell@display=pairwise
v4097,v0529,81bbbdfd-6271-4cd2-8c33-a6894757ca13,v4097,Maxwell@display=pairwise
v4097,v4097,c6a5f67c-5e3c-447c-8dd4-cf7aa57bb617,v0529,Maxwell@display=pairwise
v4097,v0529,c57b2313-faa0-4c95-b91f-4f3c7609b1c1,v4097,Maxwell@display=pairwise
v4097,v0529,d33afc89-4e22-4af7-a23c-7f20288ebb72,v4097,Maxwell@display=pairwise
v4097,v0529,ccaef3a0-85de-4b7b-97a8-f6c96128a6b0,v4097,Maxwell@display=pairwise
v4097,v0529,2cb27c19-ded0-4142-8d53-29140e2d8004,v4097,Maxwell@display=pairwise
v4097,v0529,c5fb40fd-7ac9-4e0e-afbe-3c1a6c070532,v4097,Maxwell@display=pairwise
v2828,v2828,3e9c34e4-3146-445f-bc2c-d3d7a223688a,v1397,Maxwell@display=pairwise
v1397,v1397,f5eb8f70-1505-4e2f-a663-e4ee7192909b,v2828,Maxwell@display=pairwise
v1397,v2828,2b3373d8-d55d-4fe9-8c30-800e1e6ed65f,v1397,Maxwell@display=pairwise
v2828,v1397,a0afca37-6b70-4a80-b1bf-0ae756a802f7,v2828,Maxwell@display=pairwise
v1397,v1397,d6c9a5ed-1280-4497-91b4-033d6937541e,v2828,Maxwell@display=pairwise
v1397,v1397,19da1622-4523-4766-8ee2-c68a94aba13f,v2828,Maxwell@display=pairwise
v1397,v2828,1dee3556-55f2-4afa-9290-ed47655d33bb,v1397,Maxwell@display=pairwise
v2828,v1397,1e3cc6d0-8a93-4ccf-b54a-c049f3248c37,v2828,Maxwell@display=pairwise
v2828,v2828,1e3cc6d0-8a93-4ccf-b54a-c049f3248c37,v1397,Maxwell@display=pairwise
v1397,v1397,dd67b30b-2e2b-44b0-a821-5ef9f5daaeeb,v2828,Maxwell@display=pairwise
v1447,v0886,3e9c34e4-3146-445f-bc2c-d3d7a223688a,v1447,Maxwell@display=pairwise
v1447,v1447,40769eac-f52a-479a-a451-81b241a88f64,v0886,Maxwell@display=pairwise
v0886,v0886,f23b459c-43f2-43ba-9fd1-78fd48cf833e,v1447,Maxwell@display=pairwise
v1447,v0886,3c83b2ee-f90f-4903-a067-8d46632b7b21,v1447,Maxwell@display=pairwise
v0886,v1447,6e2024e3-6dbd-4f38-acdd-ea74cebf7e8b,v0886,Maxwell@display=pairwise
v1447,v0886,df58efd8-87a4-48d7-a704-7a213671bf20,v1447,Maxwell@display=pairwise
v0886,v1447,d89cf878-af30-4d2e-82be-a3486412cde9,v0886,Maxwell@display=pairwise
v1447,v0886,1dee3556-55f2-4afa-9290-ed47655d33bb,v1447,Maxwell@display=pairwise
v1447,v1447,aaf15379-dfc5-4aed-89dd-6e94974e28c8,v0886,Maxwell@display=pairwise
v0886,v1447,13876ad3-4e97-4915-be68-f5a26055772b,v0886,Maxwell@display=pairwise
v4048,v4048,3e9c34e4-3146-445f-bc2c-d3d7a223688a,v1859,Maxwell@display=pairwise
v4048,v1859,5c136a49-d41e-4881-93c3-e597c637a8dc,v4048,Maxwell@display=pairwise
v4048,v4048,203b013a-c242-47ba-89dd-a2c609192d10,v1859,Maxwell@display=pairwise
v4048,v4048,912ff3ea-9faf-4081-b27b-1ba77372b348,v1859,Maxwell@display=pairwise
v4048,v4048,b24999e8-2b46-4fe3-801f-d4019d087da5,v1859,Maxwell@display=pairwise
v4048,v1859,4c75cd1d-1d5e-4d97-80cf-a2848cbdb688,v4048,Maxwell@display=pairwise
v4048,v4048,f9e4bb6c-79e2-4693-af7b-1ac69eea590a,v1859,Maxwell@display=pairwise
v1859,v1859,c9cbf439-dbba-4e14-bc06-61a2951a9521,v4048,Maxwell@display=pairwise
,v4048,335527d0-7d2d-491b-a6e2-4c92ce9b4edc,v1859,Maxwell@display=pairwise
v4048,v4048,bd1d8225-a753-4e92-adc4-0e5e9b328f9b,v1859,Maxwell@display=pairwise
v3175,v3175,3e9c34e4-3146-445f-bc2c-d3d7a223688a,v0328,Maxwell@display=pairwise
v3175,v3175,f94ed2ed-c25e-42f6-b0c6-30a0f8019fba,v0328,Maxwell@display=pairwise
v0328,v0328,f94ed2ed-c25e-42f6-b0c6-30a0f8019fba,v3175,Maxwell@display=pairwise
v3175,v0328,b75ed7ec-fc7e-4170-917d-244db89f64a2,v3175,Maxwell@display=pairwise
v3175,v3175,862cd654-5ac1-48c5-bd1f-650b43a68255,v0328,Maxwell@display=pairwise
v3175,v0328,898cd458-3328-4ede-85e7-6e18eef38b6e,v3175,Maxwell@display=pairwise
v3175,v0328,95a7cc06-df48-4cae-9aec-7e23717e0f71,v3175,Maxwell@display=pairwise
,v3175,efc0133f-459a-461e-9f25-75b0716cd70a,v0328,Maxwell@display=pairwise
v3175,v0328,690c2e17-352c-4b13-88ff-f1e031cfec7e,v3175,Maxwell@display=pairwise
,v0328,31e59e7f-acc9-48fd-8a2b-bf0096731a49,v3175,Maxwell@display=pairwise
v1190,v1190,3e9c34e4-3146-445f-bc2c-d3d7a223688a,v2801,Maxwell@display=pairwise
v1190,v2801,6e957163-5267-4260-b5fe-b318884a96b4,v1190,Maxwell@display=pairwise
v1190,v1190,14683b3e-6dfe-4a10-8db1-20dfd0dd5f20,v2801,Maxwell@display=pairwise
,v2801,20d9d51e-231e-4048-90ac-ae0f2f6906d1,v1190,Maxwell@display=pairwise
v2801,v2801,4d41abd8-8939-4aaf-8d9b-3eeaca78e042,v1190,Maxwell@display=pairwise
v1190,v2801,e71f0be5-2d3f-4bc9-9407-a2dce3a16b91,v1190,Maxwell@display=pairwise
v1190,v2801,5e2da638-96bd-419b-acdd-1f0e0cd35933,v1190,Maxwell@display=pairwise
,v1190,00f56657-9793-4120-8471-bde6bce8e544,v2801,Maxwell@display=pairwise
v2801,v2801,850c7762-5ebc-4c04-b264-d14e50f37130,v1190,Maxwell@display=pairwise
v1190,v2801,a4e3e3a6-b8aa-48da-9a14-17048d8a2153,v1190,Maxwell@display=pairwise
,v1394,3e9c34e4-3146-445f-bc2c-d3d7a223688a,v0530,Maxwell@display=pairwise
v0530,v1394,3e5c0176-3c63-4689-bd8c-9948528b47de,v0530,Maxwell@display=pairwise
v1394,v0530,f703c144-8fe7-4731-ad56-faff59588dbe,v1394,Maxwell@display=pairwise
v0530,v0530,8477eb0e-905a-4f16-a145-97a894176374,v1394,Maxwell@display=pairwise
v1394,v1394,1ecf32ce-e1db-4d42-b15f-56df3d197faa,v0530,Maxwell@display=pairwise
,v1394,d5eb3ad8-a6f8-4d74-bc5b-9937bb2277b4,v0530,Maxwell@display=pairwise
v0530,v1394,5090394e-8d39-48a3-b78a-4dff5726117d,v0530,Maxwell@display=pairwise
v1394,v0530,5090394e-8d39-48a3-b78a-4dff5726117d,v1394,Maxwell@display=pairwise
v1394,v0530,d587e507-f0f2-4be9-b688-318429aa0988,v1394,Maxwell@display=pairwise
v0530,v1394,d587e507-f0f2-4be9-b688-318429aa0988,v0530,Maxwell@display=pairwise
v2083,v2083,3e9c34e4-3146-445f-bc2c-d3d7a223688a,v4097,Maxwell@display=pairwise
v4097,v4097,61f12ee8-b502-480f-96d7-2d477220aa9d,v2083,Maxwell@display=pairwise
v4097,v2083,97128514-e916-4347-930c-bb37857c48c0,v4097,Maxwell@display=pairwise
v4097,v4097,10db6cd5-e713-42ac-9a20-3961ec3c3cbb,v2083,Maxwell@display=pairwise
v4097,v2083,d67a763c-3129-46e5-8a1c-450bff6ca19d,v4097,Maxwell@display=pairwise
v4097,v2083,5b7941b2-f536-4d14-bc56-02d70068e6a3,v4097,Maxwell@display=pairwise
v4097,v2083,c0a2023a-1855-4bf5-83a3-b2a1f277df4a,v4097,Maxwell@display=pairwise
v4097,v2083,b81d92ba-8124-4bce-949c-8d5b226bc693,v4097,Maxwell@display=pairwise
v4097,v4097,1ecf32ce-e1db-4d42-b15f-56df3d197faa,v2083,Maxwell@display=pairwise
v4097,v2083,ea62dadb-d0bf-416b-a83e-6823c24a7822,v4097,Maxwell@display=pairwise
v1394,v1394,3e9c34e4-3146-445f-bc2c-d3d7a223688a,v4125,Maxwell@display=pairwise
v4125,v4125,edb15e9d-3f08-4975-bdc5-dd360e208bf1,v1394,Maxwell@display=pairwise
v4125,v4125,11af42fa-614e-4be6-93e5-4fedd30f3ca3,v1394,Maxwell@display=pairwise
v4125,v4125,4a4cda64-e09d-474d-abba-3cd33d2a4778,v1394,Maxwell@display=pairwise
v4125,v1394,ee0ccb3c-dac0-417e-a70a-a62358481477,v4125,Maxwell@display=pairwise
v4125,v1394,ef228dde-5278-429a-b581-bf6bdf7010cb,v4125,Maxwell@display=pairwise
v4125,v4125,d33afc89-4e22-4af7-a23c-7f20288ebb72,v1394,Maxwell@display=pairwise
v4125,v1394,1044f2df-2216-4864-baa0-ea94b11f6744,v4125,Maxwell@display=pairwise
v4125,v4125,12af1ee7-72cf-412b-95e3-35dd7ad7d1d6,v1394,Maxwell@display=pairwise
v4125,v1394,21d72962-585b-49b1-848c-8861ed477ea6,v4125,Maxwell@display=pairwise
v2349,v2349,3e9c34e4-3146-445f-bc2c-d3d7a223688a,v4166,Maxwell@display=pairwise
,v4166,5c136a49-d41e-4881-93c3-e597c637a8dc,v2349,Maxwell@display=pairwise
v2349,v2349,118e07a5-5d2c-405c-8ce0-e462951bf1c8,v4166,Maxwell@display=pairwise
v4166,v2349,df26a6f9-0f91-4a5e-82a0-ce73746d46d1,v4166,Maxwell@display=pairwise
v2349,v2349,a777eafa-8e0b-4db8-b6d7-e9ef0d7cc236,v4166,Maxwell@display=pairwise
v4166,v2349,88e1894f-6a8c-4dd4-99e5-7b852ff42587,v4166,Maxwell@display=pairwise
v2349,v4166,ad2df09c-dcb5-4037-8441-c9c5b43a26e0,v2349,Maxwell@display=pairwise
v2349,v4166,377b66e2-ae54-4e8b-bd72-393052e435d4,v2349,Maxwell@display=pairwise
,v2349,16741407-ab8f-42d4-a0de-61154fca3785,v4166,Maxwell@display=pairwise
v2349,v2349,c2931a8d-05d8-4b93-b015-421665fe4364,v4166,Maxwell@display=pairwise
v4235,v4235,cc66f008-3ba4-41b3-a1c3-0b1697a27ebe,v2419,Maxwell@display=pairwise
v4235,v4235,b03c8d70-1916-4f7d-a03a-f96397ce85d6,v2419,Maxwell@display=pairwise
v4235,v2419,7362c712-28f5-4b3b-a8e7-274ce94aae4b,v4235,Maxwell@display=pairwise
v2419,v4235,471f0556-5a0e-4c5c-b59c-c302504cf352,v2419,Maxwell@display=pairwise
v4235,v2419,1c633216-85cf-4854-b853-de600421a67d,v4235,Maxwell@display=pairwise
v4235,v4235,3e9c34e4-3146-445f-bc2c-d3d7a223688a,v2419,Maxwell@display=pairwise
v4235,v4235,9b14dad7-75bc-4690-9dc6-94c0c04d5333,v2419,Maxwell@display=pairwise
v4235,v2419,5a1c3efd-82cc-49c8-b9d9-add302b2be8a,v4235,Maxwell@display=pairwise
v4235,v2419,7ed39ffd-82b7-4d82-b17c-073138b844a6,v4235,Maxwell@display=pairwise
v4235,v2419,fe6afd5a-8da5-49b6-af0b-9f6049662f8b,v4235,Maxwell@display=pairwise
v4511,v0878,3e9c34e4-3146-445f-bc2c-d3d7a223688a,v4511,Maxwell@display=pairwise
v4511,v0878,c632682f-3406-426f-b435-23fd4f4e5aa7,v4511,Maxwell@display=pairwise
v4511,v0878,6c8d0bd2-69c0-4329-8452-5ab71470ec79,v4511,Maxwell@display=pairwise
v4511,v4511,319e1e2f-e9cf-4981-8ce2-42f5765137f5,v0878,Maxwell@display=pairwise
v4511,v0878,a0a0bd53-c6ee-48c3-8d0d-7094f991b6c5,v4511,Maxwell@display=pairwise
v0878,v0878,ba2e5955-a806-4ec0-b668-6073bb201c11,v4511,Maxwell@display=pairwise
v0878,v4511,58cd42ca-ab8e-42e2-b642-894b9b5a51b9,v0878,Maxwell@display=pairwise
v0878,v4511,617ae86c-fc97-402a-ba65-8994258b69e0,v0878,Maxwell@display=pairwise
v4511,v0878,a4e3e3a6-b8aa-48da-9a14-17048d8a2153,v4511,Maxwell@display=pairwise
v4511,v4511,19e2587c-4d46-491a-9939-ee51abe19c39,v0878,Maxwell@display=pairwise
v4235,v0094,3e9c34e4-3146-445f-bc2c-d3d7a223688a,v4235,Maxwell@display=pairwise
v4235,v4235,0ce9055c-8e48-4f35-8e94-9ca9bc88f80c,v0094,Maxwell@display=pairwise
v4235,v4235,9854f14d-4021-4f1b-80e7-36a684ed2e92,v0094,Maxwell@display=pairwise
v4235,v4235,3ceee84d-5b67-4517-bb80-572756bac2c2,v0094,Maxwell@display=pairwise
v4235,v4235,66d5d376-d4b4-43f4-be21-1b386fd32966,v0094,Maxwell@display=pairwise
v4235,v4235,66d5d376-d4b4-43f4-be21-1b386fd32966,v0094,Maxwell@display=pairwise
v4235,v4235,f540594e-acb6-4701-95ba-930d80b00b7a,v0094,Maxwell@display=pairwise
v4235,v0094,43e0e111-055c-43b5-b09c-bee2f7542636,v4235,Maxwell@display=pairwise
v4235,v0094,298bd5e1-5cb8-4d9b-b7a7-2d7fcac00e91,v4235,Maxwell@display=pairwise
v4235,v4235,fb12b62f-7110-41dc-8ec7-a99eccbb04d0,v0094,Maxwell@display=pairwise
,v2525,3e9c34e4-3146-445f-bc2c-d3d7a223688a,v3175,Maxwell@display=pairwise
v3175,v3175,b4411156-dc52-435d-8f93-765287d11fea,v2525,Maxwell@display=pairwise
v2525,v3175,de36c471-90c9-4ad1-b5df-404e1caccda4,v2525,Maxwell@display=pairwise
v2525,v2525,724c60ae-6aa6-4024-bb86-11ee7b7b8770,v3175,Maxwell@display=pairwise
,v3175,1dac0e33-0065-4e0e-8e64-fd0e63278971,v2525,Maxwell@display=pairwise
v3175,v3175,ed0092e8-c319-447b-a041-b75a08c6d0bd,v2525,Maxwell@display=pairwise
v2525,v3175,07a3654d-ca98-438e-b300-d0ee18dcb45f,v2525,Maxwell@display=pairwise
v3175,v2525,09e4aacf-b969-495a-9de2-c294927e736b,v3175,Maxwell@display=pairwise
v2525,v2525,dd67b30b-2e2b-44b0-a821-5ef9f5daaeeb,v3175,Maxwell@display=pairwise
v2525,v3175,bbb7e5c5-7f84-4e07-ac19-886dc274ce48,v2525,Maxwell@display=pairwise
v0878,v0878,03eff337-22fb-427e-a45f-e84c4d1bd30a,v2328,Maxwell@display=pairwise
v0878,v0878,5826cad1-e0ae-480c-a6a3-3f6fd53569fa,v2328,Maxwell@display=pairwise
v0878,v0878,5abb0625-0b84-4432-801d-e33a2c4185b8,v2328,Maxwell@display=pairwise
v2328,v2328,51b8e6dd-0e31-4784-9b1a-6247028d8968,v0878,Maxwell@display=pairwise
v0878,v2328,898cd458-3328-4ede-85e7-6e18eef38b6e,v0878,Maxwell@display=pairwise
v0878,v2328,c57b2313-faa0-4c95-b91f-4f3c7609b1c1,v0878,Maxwell@display=pairwise
v0878,v2328,4c9f3ef1-1be5-4b46-b834-89e3cd2a94a2,v0878,Maxwell@display=pairwise
,v0878,5440d8e0-a14b-41a3-9cd3-b762fddb4276,v2328,Maxwell@display=pairwise
v0878,v2328,896aa6ba-af39-4dad-a16b-2b871323826d,v0878,Maxwell@display=pairwise
v2328,v2328,1d2fe3ac-663b-4f21-b03e-4a409a53669e,v0878,Maxwell@display=pairwise
v4097,v4097,03eff337-22fb-427e-a45f-e84c4d1bd30a,v0009,Maxwell@display=pairwise
v4097,v0009,047e4203-0585-4d9b-9859-1744b143e682,v4097,Maxwell@display=pairwise
v4097,v0009,1f8bd8c6-3318-40af-a7a4-5f919048341c,v4097,Maxwell@display=pairwise
v4097,v0009,96f829ff-df3c-49ca-9af3-b69739e4a67a,v4097,Maxwell@display=pairwise
v4097,v4097,2820937d-b7de-4dec-b6c1-1e205b50f8a0,v0009,Maxwell@display=pairwise
v4097,v4097,3edabbb6-39e3-4150-a866-31860248b085,v0009,Maxwell@display=pairwise
v4097,v0009,723ecde4-3695-4235-afdf-bb230a3f2707,v4097,Maxwell@display=pairwise
v4097,v4097,f602cd51-03c9-41b5-a85a-b7d81dde76dd,v0009,Maxwell@display=pairwise
v4097,v4097,b2c57169-2eb4-4673-8dd4-c2a4360d21d9,v0009,Maxwell@display=pairwise
v4097,v4097,67159434-83bd-4d1a-aaa8-379718f13f27,v0009,Maxwell@display=pairwise
v4166,v4166,03eff337-22fb-427e-a45f-e84c4d1bd30a,v0886,Maxwell@display=pairwise
v4166,v4166,b4411156-dc52-435d-8f93-765287d11fea,v0886,Maxwell@display=pairwise
v4166,v0886,d30105ed-f2ea-430e-90b6-5096d9156bc4,v4166,Maxwell@display=pairwise
v0886,v0886,d6c9a5ed-1280-4497-91b4-033d6937541e,v4166,Maxwell@display=pairwise
v4166,v0886,e6140e2f-9de4-4f2e-b088-2ec9c3c33c4f,v4166,Maxwell@display=pairwise
v4166,v4166,9aac4b2a-3c36-47d6-b244-1cda70ad1743,v0886,Maxwell@display=pairwise
v4166,v0886,e4076421-c718-4550-a279-71b8f41de5fd,v4166,Maxwell@display=pairwise
v4166,v0886,b2c57169-2eb4-4673-8dd4-c2a4360d21d9,v4166,Maxwell@display=pairwise
v0886,v0886,d41c6ea1-955c-405c-a5d3-b7d3d9114699,v4166,Maxwell@display=pairwise
v4166,v4166,bdcbadd2-3661-4ece-a668-ae3da62a8e23,v0886,Maxwell@display=pairwise
v1190,v1477,03eff337-22fb-427e-a45f-e84c4d1bd30a,v1190,Maxwell@display=pairwise
v1477,v1477,a8b97762-73b3-4044-9b22-306bc8e61f40,v1190,Maxwell@display=pairwise
v1190,v1190,a7bccc46-0fad-4e81-a217-16e8f6d660b4,v1477,Maxwell@display=pairwise
v1190,v1477,2eb7870f-25ce-49d2-a094-ac88dd1f63ad,v1190,Maxwell@display=pairwise
,v1190,d5e997d9-e2c0-46e2-a2f7-ac9521784839,v1477,Maxwell@display=pairwise
v1190,v1477,8d7947e2-f6a6-48dd-93ff-f4ec519e9f67,v1190,Maxwell@display=pairwise
v1190,v1190,92b4633f-85e8-427d-a008-08fcc93e15e9,v1477,Maxwell@display=pairwise
v1477,v1190,86ac8bcb-62d0-479c-a775-8d1fbd5ee8c9,v1477,Maxwell@display=pairwise
v1190,v1477,d698118d-3476-42e2-bac5-157c43bff05b,v1190,Maxwell@display=pairwise
v1190,v1477,112054de-a4f8-40be-8531-03283774f811,v1190,Maxwell@display=pairwise
v0265,v0265,03eff337-22fb-427e-a45f-e84c4d1bd30a,v0094,Maxwell@display=pairwise
v0265,v0265,bc7f1faa-49be-4e1c-af0f-a46d243c1067,v0094,Maxwell@display=pairwise
v0265,v0094,a0afca37-6b70-4a80-b1bf-0ae756a802f7,v0265,Maxwell@display=pairwise
v0265,v0265,8a3343fa-29bf-4b98-87d2-10dba3c9ce8f,v0094,Maxwell@display=pairwise
v0265,v0265,52b1311f-d563-4bed-8528-b0a80a845ed3,v0094,Maxwell@display=pairwise
v0265,v0094,3edabbb6-39e3-4150-a866-31860248b085,v0265,Maxwell@display=pairwise
v0265,v0265,35a5fd4a-c3d1-456f-81f3-f5489dcf64c7,v0094,Maxwell@display=pairwise
v0265,v0265,e62d391b-52e4-4739-89b0-d8fe6a07ce47,v0094,Maxwell@display=pairwise
v0265,v0094,3267d3c7-b874-4b3e-805a-dd7a7c57ca1c,v0265,Maxwell@display=pairwise
v0094,v0094,77216a3e-dd39-43a8-8d98-9d7a2de06023,v0265,Maxwell@display=pairwise
v3740,v0824,03eff337-22fb-427e-a45f-e84c4d1bd30a,v3740,Maxwell@display=pairwise
v3740,v3740,bbb2b770-5eab-4e22-9e43-7ff1c7cfcd31,v0824,Maxwell@display=pairwise
v3740,v0824,0ce9055c-8e48-4f35-8e94-9ca9bc88f80c,v3740,Maxwell@display=pairwise
v3740,v0824,a59e7494-5d6d-4bca-a5c0-7c769da374f1,v3740,Maxwell@display=pairwise
v3740,v3740,6a7b1dd4-b79f-4017-b161-b8de06e3d2b9,v0824,Maxwell@display=pairwise
v3740,v3740,184ea99b-88b2-410a-8041-f9980509d0f3,v0824,Maxwell@display=pairwise
v0824,v0824,184ea99b-88b2-410a-8041-f9980509d0f3,v3740,Maxwell@display=pairwise
v0824,v3740,012e7cd7-0094-41da-8b41-78a70aca8f4d,v0824,Maxwell@display=pairwise
v3740,v3740,22ca127c-db37-4eac-a88d-3184529fba6d,v0824,Maxwell@display=pairwise
v3740,v3740,19e2587c-4d46-491a-9939-ee51abe19c39,v0824,Maxwell@display=pairwise
v4125,v1447,03eff337-22fb-427e-a45f-e84c4d1bd30a,v4125,Maxwell@display=pairwise
v4125,v1447,b84d3c5b-e287-4a77-95bc-db56644be2d4,v4125,Maxwell@display=pairwise
v4125,v1447,edb15e9d-3f08-4975-bdc5-dd360e208bf1,v4125,Maxwell@display=pairwise
v4125,v1447,f27bb50a-2b7d-4f18-8fa3-a3fd7bc9fd8e,v4125,Maxwell@display=pairwise
v4125,v1447,09f575b8-b536-4315-8bb0-a892ce0721ed,v4125,Maxwell@display=pairwise
v4125,v4125,94299678-0cff-4f0a-815f-9ebb17345759,v1447,Maxwell@display=pairwise
v4125,v4125,50d836a8-9b8a-4427-9d9e-d47323c64913,v1447,Maxwell@display=pairwise
v4125,v1447,f9f062ef-692e-46ad-a379-6d3a1e5a78e8,v4125,Maxwell@display=pairwise
v4125,v1447,21d72962-585b-49b1-848c-8861ed477ea6,v4125,Maxwell@display=pairwise
v4125,v4125,279550f0-7625-4018-86e5-b8da97d50081,v1447,Maxwell@display=pairwise
v2525,v2801,03eff337-22fb-427e-a45f-e84c4d1bd30a,v2525,Maxwell@display=pairwise
v2525,v2801,f23b459c-43f2-43ba-9fd1-78fd48cf833e,v2525,Maxwell@display=pairwise
v2801,v2525,1f8bd8c6-3318-40af-a7a4-5f919048341c,v2801,Maxwell@display=pairwise
v2525,v2801,11b57023-0038-4da7-9328-34ce0bd22606,v2525,Maxwell@display=pairwise
v2525,v2801,8f7e51a3-8852-4682-99c4-de2ab7f8863b,v2525,Maxwell@display=pairwise
v2525,v2525,4db85d74-0f6b-4231-9f89-f26a362394c5,v2801,Maxwell@display=pairwise
v2525,v2801,712ea676-4242-48ad-8b1c-1851c5c289ec,v2525,Maxwell@display=pairwise
,v2525,edc7f90b-f3f0-4de1-a315-0e649efdbd0d,v2801,Maxwell@display=pairwise
,v2525,f2cb3403-6c77-4e49-86af-9e41adbacf34,v2801,Maxwell@display=pairwise
,v2801,f2cb3403-6c77-4e49-86af-9e41adbacf34,v2525,Maxwell@display=pairwise
v2063,v0162,03eff337-22fb-427e-a45f-e84c4d1bd30a,v2063,Maxwell@display=pairwise
v2063,v2063,0b68b061-a86d-4737-893c-794dc89669bf,v0162,Maxwell@display=pairwise
v2063,v2063,8f373fcb-9f72-4cee-a804-75fa3cb722cd,v0162,Maxwell@display=pairwise
v2063,v0162,9e27701b-15a9-4a1e-b326-1c40f3a51892,v2063,Maxwell@display=pairwise
v0162,v0162,9888d5ad-e5b5-422a-9ce4-268968886c2c,v2063,Maxwell@display=pairwise
v2063,v2063,f711bbae-43d6-40ce-9fdc-3eff7721a7c9,v0162,Maxwell@display=pairwise
v2063,v2063,241ac689-1c0f-402c-8926-bf6506467a28,v0162,Maxwell@display=pairwise
v2063,v2063,73a73e84-049f-4333-b732-088c123456d5,v0162,Maxwell@display=pairwise
v2063,v0162,6c667c99-47b9-4628-92e3-b75b68268f5d,v2063,Maxwell@display=pairwise
v2063,v2063,0b4069bf-814c-4e56-bd46-d37b8f058ea5,v0162,Maxwell@display=pairwise
v2519,v2519,03eff337-22fb-427e-a45f-e84c4d1bd30a,v0265,Maxwell@display=pairwise
v2519,v0265,f5eb8f70-1505-4e2f-a663-e4ee7192909b,v2519,Maxwell@display=pairwise
v2519,v2519,a0afca37-6b70-4a80-b1bf-0ae756a802f7,v0265,Maxwell@display=pairwise
v2519,v2519,8babccc1-e414-4e5f-ae9b-a16091977afb,v0265,Maxwell@display=pairwise
v2519,v0265,7b37ac90-7282-45c2-a24a-6ed9b9860183,v2519,Maxwell@display=pairwise
v0265,v2519,3ceee84d-5b67-4517-bb80-572756bac2c2,v0265,Maxwell@display=pairwise
v2519,v2519,171d9627-c964-4a99-8c05-0cf0ea584fba,v0265,Maxwell@display=pairwise
v2519,v2519,35a5fd4a-c3d1-456f-81f3-f5489dcf64c7,v0265,Maxwell@display=pairwise
,v2519,992cc7e1-caa5-4e29-9a5c-8107bae22aaa,v0265,Maxwell@display=pairwise
v2519,v2519,1ac54074-3b46-420d-be1a-9370fec2a3d9,v0265,Maxwell@display=pairwise
v1984,v1190,03eff337-22fb-427e-a45f-e84c4d1bd30a,v1984,Maxwell@display=pairwise
,v1190,bcfcab6f-59dd-4283-a999-0696e9e4835f,v1984,Maxwell@display=pairwise
v1190,v1984,8bd3e413-e73f-4b53-95b8-506af8c32cdf,v1190,Maxwell@display=pairwise
v1190,v1984,8a3343fa-29bf-4b98-87d2-10dba3c9ce8f,v1190,Maxwell@display=pairwise
v1190,v1190,6f27d33c-e38c-497e-92d6-941c4520a5cf,v1984,Maxwell@display=pairwise
v1190,v1190,9859b693-6c9f-44ff-8038-a8397db0a1b4,v1984,Maxwell@display=pairwise
v1984,v1984,f8e4c74f-c2a6-462b-9197-a7c8c31317ac,v1190,Maxwell@display=pairwise
v1190,v1190,dffc54fe-ae03-4e35-a6cd-21c7789bed4e,v1984,Maxwell@display=pairwise
v1984,v1984,e62d391b-52e4-4739-89b0-d8fe6a07ce47,v1190,Maxwell@display=pairwise
v1984,v1190,bcbd73bb-1a96-4b43-b689-5c7986900531,v1984,Maxwell@display=pairwise
v4034,v4034,03eff337-22fb-427e-a45f-e84c4d1bd30a,v0886,Maxwell@display=pairwise
v4034,v4034,13a84fc5-c897-4808-819d-21fe4ef9dffc,v0886,Maxwell@display=pairwise
v4034,v4034,6d6a6d9c-16c4-43d3-860f-2faf372131a2,v0886,Maxwell@display=pairwise
v4034,v4034,912ff3ea-9faf-4081-b27b-1ba77372b348,v0886,Maxwell@display=pairwise
v4034,v4034,9888d5ad-e5b5-422a-9ce4-268968886c2c,v0886,Maxwell@display=pairwise
v4034,v4034,d4bb2ace-733e-49f7-9178-3c58fe2fb813,v0886,Maxwell@display=pairwise
v4034,v0886,58cd42ca-ab8e-42e2-b642-894b9b5a51b9,v4034,Maxwell@display=pairwise
v4034,v0886,c239ae1a-841e-4d54-a08c-d85c41ac1c6f,v4034,Maxwell@display=pairwise
v4034,v4034,1dee3556-55f2-4afa-9290-ed47655d33bb,v0886,Maxwell@display=pairwise
,v4034,2446fec6-a38b-400c-b3fa-911eda094d0e,v0886,Maxwell@display=pairwise
v1025,v3175,03eff337-22fb-427e-a45f-e84c4d1bd30a,v1025,Maxwell@display=pairwise
v1025,v3175,ade8a476-81ee-42b0-a41a-c54a43f6bf8c,v1025,Maxwell@display=pairwise
,v1025,73a3dcd6-df5c-4cb9-b01e-8842ddc7f7d0,v3175,Maxwell@display=pairwise
v3175,v3175,203b013a-c242-47ba-89dd-a2c609192d10,v1025,Maxwell@display=pairwise
v1025,v1025,912ff3ea-9faf-4081-b27b-1ba77372b348,v3175,Maxwell@display=pairwise
v3175,v3175,ab45a492-e076-489d-bd8f-39251a92f0ab,v1025,Maxwell@display=pairwise
v1025,v1025,f0cc1ae8-38f7-44df-a97b-70cfda024744,v3175,Maxwell@display=pairwise
v1025,v3175,f1338919-3049-404e-9297-43ad044caf39,v1025,Maxwell@display=pairwise
v3175,v1025,86a98c74-45fb-4cdf-a662-a12e8b733a2b,v3175,Maxwell@display=pairwise
v3175,v1025,112054de-a4f8-40be-8531-03283774f811,v3175,Maxwell@display=pairwise
v1397,v1397,03eff337-22fb-427e-a45f-e84c4d1bd30a,v2181,Maxwell@display=pairwise
v2181,v1397,3e5c0176-3c63-4689-bd8c-9948528b47de,v2181,Maxwell@display=pairwise
v1397,v1397,209cb4b5-da1d-4522-8e51-c7ab4b854165,v2181,Maxwell@display=pairwise
v2181,v1397,f946f0a6-ea75-4cea-809a-e6d88d5c053d,v2181,Maxwell@display=pairwise
v2181,v1397,11b57023-0038-4da7-9328-34ce0bd22606,v2181,Maxwell@display=pairwise
v2181,v2181,b269b069-99f5-4d8d-8e73-426d3fa2f09f,v1397,Maxwell@display=pairwise
v2181,v1397,b37cf829-f3ab-45f0-b043-f1ab634e7a57,v2181,Maxwell@display=pairwise
v2181,v1397,f875a8f1-ecd5-4cae-ac35-6f6466d90237,v2181,Maxwell@display=pairwise
v1397,v1397,1dee3556-55f2-4afa-9290-ed47655d33bb,v2181,Maxwell@display=pairwise
v2181,v2181,c373cb1c-b2ea-40dc-a923-bc767d23c95c,v1397,Maxwell@display=pairwise
v4511,v4511,03eff337-22fb-427e-a45f-e84c4d1bd30a,v3292,Maxwell@display=pairwise
v4511,v3292,e42b649c-14c6-4d68-bd56-7111ec5ae475,v4511,Maxwell@display=pairwise
v4511,v4511,7364c455-72c0-4ba7-bd80-b8277ed5fa61,v3292,Maxwell@display=pairwise
v4511,v3292,3d7fe021-5960-477b-910a-b9019bd40c53,v4511,Maxwell@display=pairwise
v3292,v4511,67d6e59e-98bb-4804-be1c-03beebfd5222,v3292,Maxwell@display=pairwise
v4511,v3292,8cc2fb53-d4ad-40ed-a526-d4950f4902b4,v4511,Maxwell@display=pairwise
v4511,v3292,f602cd51-03c9-41b5-a85a-b7d81dde76dd,v4511,Maxwell@display=pairwise
v3292,v3292,e3ebe625-fcf7-470a-91bb-0d08cd37d473,v4511,Maxwell@display=pairwise
v4511,v3292,dc2d7783-e288-48d3-9954-ac7aaf84073e,v4511,Maxwell@display=pairwise
v4511,v4511,5a73329b-3ee5-4d38-9a02-8e7a17f87252,v3292,Maxwell@display=pairwise
v1190,v1190,5f0e1c3b-b962-4d11-85a8-675dfa400631,v3355,Maxwell@display=pairwise
v3355,v3355,b8ec5d7b-dc37-4949-b5af-d89363f49439,v1190,Maxwell@display=pairwise
,v3355,399c3875-4111-41c4-b788-79e32772e36d,v1190,Maxwell@display=pairwise
,v1190,19d8041f-78dc-4148-92f4-1190481c0358,v3355,Maxwell@display=pairwise
v1190,v1190,0fe8a7e1-5dbc-4a2b-b956-4e18128d5353,v3355,Maxwell@display=pairwise
v3355,v3355,d4eabb9c-6f17-472b-ade4-3caa69edc47f,v1190,Maxwell@display=pairwise
v1190,v1190,382377d1-9207-4945-a189-62ca27420f73,v3355,Maxwell@display=pairwise
v1190,v1190,7362c712-28f5-4b3b-a8e7-274ce94aae4b,v3355,Maxwell@display=pairwise
v3355,v3355,f540594e-acb6-4701-95ba-930d80b00b7a,v1190,Maxwell@display=pairwise
v1190,v3355,d8c466c5-877b-40b2-b8d8-5cd12c3902b1,v1190,Maxwell@display=pairwise
v4166,v0314,5f0e1c3b-b962-4d11-85a8-675dfa400631,v4166,Maxwell@display=pairwise
v4166,v0314,7e52de1a-f83d-4bf5-81fb-f80371c158cb,v4166,Maxwell@display=pairwise
v4166,v4166,f70aaa7a-e3fb-4755-83d7-172c47cfed0b,v0314,Maxwell@display=pairwise
v4166,v4166,a4914634-9c3a-4b63-ba2f-eae01b722ce6,v0314,Maxwell@display=pairwise
v4166,v4166,f19945e8-447a-46eb-adcc-ff690853c250,v0314,Maxwell@display=pairwise
v4166,v4166,c84c4b4e-e61c-4990-a2d5-4ecaceeeddf0,v0314,Maxwell@display=pairwise
v4166,v4166,ba9fe7c9-6c2e-4006-a184-46f2e039d589,v0314,Maxwell@display=pairwise
v4166,v0314,5bd6d7d7-bd09-4636-be21-b00626f71358,v4166,Maxwell@display=pairwise
v4166,v4166,0b4069bf-814c-4e56-bd46-d37b8f058ea5,v0314,Maxwell@display=pairwise
v4166,v0314,1ac54074-3b46-420d-be1a-9370fec2a3d9,v4166,Maxwell@display=pairwise
v4235,v4235,5f0e1c3b-b962-4d11-85a8-675dfa400631,v2181,Maxwell@display=pairwise
v4235,v4235,f9a473c4-8c67-43a8-a756-7a3922b8d30c,v2181,Maxwell@display=pairwise
v4235,v4235,9e20e9ee-4c12-4160-ac86-23aa6338231c,v2181,Maxwell@display=pairwise
v4235,v4235,7ed39ffd-82b7-4d82-b17c-073138b844a6,v2181,Maxwell@display=pairwise
v4235,v4235,f19945e8-447a-46eb-adcc-ff690853c250,v2181,Maxwell@display=pairwise
v2181,v4235,efc0133f-459a-461e-9f25-75b0716cd70a,v2181,Maxwell@display=pairwise
,v4235,d26017bc-5f0f-46a9-9ecd-b0be37678c1f,v2181,Maxwell@display=pairwise
,v2181,45ae941f-242d-4e30-88fa-eba0b7eeecc5,v4235,Maxwell@display=pairwise
v4235,v2181,6c667c99-47b9-4628-92e3-b75b68268f5d,v4235,Maxwell@display=pairwise
v4235,v2181,847d79d3-f147-41e8-91ea-6097016d7bb0,v4235,Maxwell@display=pairwise
v4097,v4097,5f0e1c3b-b962-4d11-85a8-675dfa400631,v0162,Maxwell@display=pairwise
v4097,v4097,08acb1cc-935b-4495-af50-070631f21ee8,v0162,Maxwell@display=pairwise
v4097,v4097,8ab07bc5-0ee7-4c8d-9e27-22e5c6da8bc1,v0162,Maxwell@display=pairwise
v4097,v4097,6720d5b6-4318-4c40-9831-c43eee9e9653,v0162,Maxwell@display=pairwise
v4097,v0162,58a717b3-a840-4ad1-89d0-b8d2e0c5ba78,v4097,Maxwell@display=pairwise
v4097,v0162,57c5b042-79d7-4bb7-8714-5d3808c5cd0e,v4097,Maxwell@display=pairwise
v4097,v4097,d4bb2ace-733e-49f7-9178-3c58fe2fb813,v0162,Maxwell@display=pairwise
v4097,v0162,809db03d-2f37-4a0c-bb4f-05365cebf6af,v4097,Maxwell@display=pairwise
v0162,v4097,f6f6b226-3ab0-4a3c-84fb-0ce9390db359,v0162,Maxwell@display=pairwise
v4097,v0162,b0a5e289-dfa4-4711-82d4-37068f8fbd93,v4097,Maxwell@display=pairwise
v1477,v0094,5f0e1c3b-b962-4d11-85a8-675dfa400631,v1477,Maxwell@display=pairwise
v1477,v0094,faec11ec-0322-48ed-a2c7-b65d8b8ad221,v1477,Maxwell@display=pairwise
v1477,v1477,f70aaa7a-e3fb-4755-83d7-172c47cfed0b,v0094,Maxwell@display=pairwise
v1477,v0094,28487e39-409b-4c7a-9093-c8806b2a099b,v1477,Maxwell@display=pairwise
v1477,v1477,c942376b-0080-4a53-825b-8c8974c18262,v0094,Maxwell@display=pairwise
v1477,v1477,7d2ece56-ce0a-475c-949e-6db477f55ee0,v0094,Maxwell@display=pairwise
v1477,v1477,90741ce5-a5d8-4430-8051-715ff3ef5e49,v0094,Maxwell@display=pairwise
v1477,v1477,d09c64e0-a2da-48ef-bc62-4b215947cae7,v0094,Maxwell@display=pairwise
v1477,v0094,22ca127c-db37-4eac-a88d-3184529fba6d,v1477,Maxwell@display=pairwise
v1477,v1477,9f33edc6-8672-491a-9b40-8bb445f9aaf0,v0094,Maxwell@display=pairwise
v4034,v1025,5f0e1c3b-b962-4d11-85a8-675dfa400631,v4034,Maxwell@display=pairwise
v4034,v4034,96c92880-627b-4c93-b3ce-2a6d076c8abf,v1025,Maxwell@display=pairwise
v4034,v4034,25a377ea-74e1-4faa-bdd2-1a426ae7a7bc,v1025,Maxwell@display=pairwise
v4034,v4034,198f7471-260c-4e71-98e1-e01c3c130b14,v1025,Maxwell@display=pairwise
v4034,v4034,2d1de15b-04c3-4111-abe6-569785e78caa,v1025,Maxwell@display=pairwise
v4034,v4034,259688ae-f706-4f41-ade3-4a17e052e824,v1025,Maxwell@display=pairwise
v4034,v1025,171d9627-c964-4a99-8c05-0cf0ea584fba,v4034,Maxwell@display=pairwise
v4034,v4034,afb40d45-bed5-4152-bfe2-7fce395f5e35,v1025,Maxwell@display=pairwise
v4034,v4034,cd54525c-5942-4876-b3c3-0c6d37cf3f6b,v1025,Maxwell@display=pairwise
v4034,v4034,38c262d4-c1a0-4fa7-a248-d22e30007be5,v1025,Maxwell@display=pairwise
v3065,v2328,5f0e1c3b-b962-4d11-85a8-675dfa400631,v3065,Maxwell@display=pairwise
v3065,v3065,1ea4d896-7017-4409-8dd2-484c9eb6e564,v2328,Maxwell@display=pairwise
v2328,v3065,0ce9055c-8e48-4f35-8e94-9ca9bc88f80c,v2328,Maxwell@display=pairwise
v2328,v3065,a2988d9d-63df-4cf2-a445-7a1dbf7f45f3,v2328,Maxwell@display=pairwise
,v3065,badc275d-8c39-4e6d-9416-b53dc225505f,v2328,Maxwell@display=pairwise
v3065,v3065,026c8690-22a2-4ca3-b37e-73c29dcf0858,v2328,Maxwell@display=pairwise
v2328,v3065,95a7cc06-df48-4cae-9aec-7e23717e0f71,v2328,Maxwell@display=pairwise
v2328,v2328,7d2ece56-ce0a-475c-949e-6db477f55ee0,v3065,Maxwell@display=pairwise
,v3065,aabfee8b-fee9-4c73-bd6b-0a4b92c72528,v2328,Maxwell@display=pairwise
v2328,v2328,a9591a8a-3147-43f9-969a-2603ca967f9e,v3065,Maxwell@display=pairwise
v2181,v3175,5f0e1c3b-b962-4d11-85a8-675dfa400631,v2181,Maxwell@display=pairwise
v2181,v3175,1ea4d896-7017-4409-8dd2-484c9eb6e564,v2181,Maxwell@display=pairwise
v2181,v3175,da27f497-76a6-4237-94e9-559acb0ba008,v2181,Maxwell@display=pairwise
v3175,v2181,3b59bb46-ea50-46bd-a3a5-16087d174860,v3175,Maxwell@display=pairwise
v2181,v3175,97128514-e916-4347-930c-bb37857c48c0,v2181,Maxwell@display=pairwise
v2181,v3175,9a13acb4-7038-4936-8528-49b8f8676860,v2181,Maxwell@display=pairwise
v2181,v2181,d89cf878-af30-4d2e-82be-a3486412cde9,v3175,Maxwell@display=pairwise
v2181,v2181,c0a2023a-1855-4bf5-83a3-b2a1f277df4a,v3175,Maxwell@display=pairwise
v2181,v3175,8ba60b69-3825-4c10-beca-8d2e7ba9dfa1,v2181,Maxwell@display=pairwise
v2181,v2181,cc66f008-3ba4-41b3-a1c3-0b1697a27ebe,v3175,Maxwell@display=pairwise
v4537,v4166,5f0e1c3b-b962-4d11-85a8-675dfa400631,v4537,Maxwell@display=pairwise
v4537,v4166,898233f9-e288-4fe8-b531-bea1311e0282,v4537,Maxwell@display=pairwise
v4537,v4166,761748d4-d10d-4076-8ba5-4316321078d2,v4537,Maxwell@display=pairwise
v4537,v4166,3c83b2ee-f90f-4903-a067-8d46632b7b21,v4537,Maxwell@display=pairwise
v4537,v4537,6e2024e3-6dbd-4f38-acdd-ea74cebf7e8b,v4166,Maxwell@display=pairwise
v4537,v4537,e6140e2f-9de4-4f2e-b088-2ec9c3c33c4f,v4166,Maxwell@display=pairwise
v4537,v4166,5b7941b2-f536-4d14-bc56-02d70068e6a3,v4537,Maxwell@display=pairwise
v4537,v4166,a801b479-113e-4832-87fc-1561080418bb,v4537,Maxwell@display=pairwise
v4537,v4537,ddd61b5c-dc4a-4146-8ae2-ae9ff73fb5d8,v4166,Maxwell@display=pairwise
,v4537,bab736be-b6c3-4a0a-8930-23ed65f562f2,v4166,Maxwell@display=pairwise
v2181,v0032,5f0e1c3b-b962-4d11-85a8-675dfa400631,v2181,Maxwell@display=pairwise
v2181,v0032,5c136a49-d41e-4881-93c3-e597c637a8dc,v2181,Maxwell@display=pairwise
v0032,v2181,6ee42a58-0d17-477c-b60f-4bf0f2eec782,v0032,Maxwell@display=pairwise
v0032,v2181,898cd458-3328-4ede-85e7-6e18eef38b6e,v0032,Maxwell@display=pairwise
v2181,v2181,8c720eee-ed3e-49c7-87d6-11f9c7e89f0f,v0032,Maxwell@display=pairwise
v2181,v0032,ef228dde-5278-429a-b581-bf6bdf7010cb,v2181,Maxwell@display=pairwise
v2181,v0032,7ccb1601-429e-4e0c-a822-991e9abf2075,v2181,Maxwell@display=pairwise
v0032,v0032,e42b4bc8-b2f0-4389-a27e-dbe89657a412,v2181,Maxwell@display=pairwise
v0032,v0032,d09c64e0-a2da-48ef-bc62-4b215947cae7,v2181,Maxwell@display=pairwise
v2181,v0032,87cd4023-a010-48bb-9894-889f68df299a,v2181,Maxwell@display=pairwise
v2635,v3175,5f0e1c3b-b962-4d11-85a8-675dfa400631,v2635,Maxwell@display=pairwise
v2635,v2635,de36c471-90c9-4ad1-b5df-404e1caccda4,v3175,Maxwell@display=pairwise
v2635,v2635,4727324f-737a-4ff6-9d12-84ae58106891,v3175,Maxwell@display=pairwise
v3175,v2635,62182adc-a9e3-409b-94a5-c4c180d9f3b7,v3175,Maxwell@display=pairwise
v2635,v3175,4c75cd1d-1d5e-4d97-80cf-a2848cbdb688,v2635,Maxwell@display=pairwise
,v3175,896aa6ba-af39-4dad-a16b-2b871323826d,v2635,Maxwell@display=pairwise
v2635,v3175,279550f0-7625-4018-86e5-b8da97d50081,v2635,Maxwell@display=pairwise
v2635,v2635,0de1e2fe-9589-46ff-ad16-6a47adb8c61a,v3175,Maxwell@display=pairwise
v3175,v3175,7c88f5ac-1415-4be3-a73f-f6eb914391f9,v2635,Maxwell@display=pairwise
v2635,v2635,a370270f-41ec-4770-a029-71ceb6225e7b,v3175,Maxwell@display=pairwise
v0032,v0094,5f0e1c3b-b962-4d11-85a8-675dfa400631,v0032,Maxwell@display=pairwise
v0032,v0094,e7c95211-5ce3-4c43-bde6-828f51c7a97c,v0032,Maxwell@display=pairwise
v0032,v0094,e776162f-2a46-4b9f-a534-2d38aa9d05c2,v0032,Maxwell@display=pairwise
v0032,v0032,1486a399-1ff1-4c12-96f9-9ef26a428a72,v0094,Maxwell@display=pairwise
v0032,v0094,1486a399-1ff1-4c12-96f9-9ef26a428a72,v0032,Maxwell@display=pairwise
v0032,v0032,50e68f35-10c5-4dcd-833e-3680adb69b60,v0094,Maxwell@display=pairwise
v0032,v0094,7321c6b3-7020-45e2-bb9d-2ab101e5c7ae,v0032,Maxwell@display=pairwise
v0032,v0094,5dd4b999-dfa1-477e-9901-16fa0e727a3f,v0032,Maxwell@display=pairwise
,v0032,77f10c27-943f-4d00-aeb6-e59251587929,v0094,Maxwell@display=pairwise
v0032,v0094,a370270f-41ec-4770-a029-71ceb6225e7b,v0032,Maxwell@display=pairwise
v2513,v2513,5f0e1c3b-b962-4d11-85a8-675dfa400631,v0529,Maxwell@display=pairwise
v0529,v0529,b3971b04-db2d-4833-8e3c-75359f5b3cb8,v2513,Maxwell@display=pairwise
v0529,v0529,b3971b04-db2d-4833-8e3c-75359f5b3cb8,v2513,Maxwell@display=pairwise
v0529,v0529,748ff91c-f261-4544-a851-bb33ab4da209,v2513,Maxwell@display=pairwise
v2513,v2513,92b315aa-c3d8-4ac2-8c1c-aba2f5a7b6d9,v0529,Maxwell@display=pairwise
v0529,v0529,4c9f3ef1-1be5-4b46-b834-89e3cd2a94a2,v2513,Maxwell@display=pairwise
,v0529,5440d8e0-a14b-41a3-9cd3-b762fddb4276,v2513,Maxwell@display=pairwise
v2513,v0529,814662e1-3c1f-4324-86ff-9ceb6e24e830,v2513,Maxwell@display=pairwise
v2513,v2513,adfa0ec8-adeb-4eaf-8546-02e73a887224,v0529,Maxwell@display=pairwise
v2513,v0529,bc441066-48fe-430a-8ae9-46706a7d4640,v2513,Maxwell@display=pairwise
v3583,v1394,5f0e1c3b-b962-4d11-85a8-675dfa400631,v3583,Maxwell@display=pairwise
v3583,v3583,86cebb69-070a-4ed3-890f-c96d130c1704,v1394,Maxwell@display=pairwise
v3583,v1394,5bb3993d-a33e-4c46-b25a-22c22b9ad7a0,v3583,Maxwell@display=pairwise
v1394,v1394,8a3343fa-29bf-4b98-87d2-10dba3c9ce8f,v3583,Maxwell@display=pairwise
v3583,v3583,1ca99ba4-be7c-4a95-a57a-0005144b2eca,v1394,Maxwell@display=pairwise
v3583,v3583,9b4634c9-30c1-4725-8f52-815faf943025,v1394,Maxwell@display=pairwise
v3583,v1394,9a1954b1-10f1-4709-bae2-faaa266102f5,v3583,Maxwell@display=pairwise
v3583,v3583,690c2e17-352c-4b13-88ff-f1e031cfec7e,v1394,Maxwell@display=pairwise
v1394,v1394,377d9610-aa18-4c37-a9ae-61f22bd5fe5e,v3583,Maxwell@display=pairwise
v3583,v3583,7829a094-b56d-4784-81b4-d56f0af9d0ee,v1394,Maxwell@display=pairwise
v1477,v1703,b300b9ef-c535-4174-8960-bf7dbb37a705,v1477,Maxwell@display=pairwise
v1703,v1703,77ef258d-f371-4535-9484-4b3f05f01108,v1477,Maxwell@display=pairwise
v1477,v1477,5a1c3efd-82cc-49c8-b9d9-add302b2be8a,v1703,Maxwell@display=pairwise
v1703,v1703,20d9d51e-231e-4048-90ac-ae0f2f6906d1,v1477,Maxwell@display=pairwise
v1703,v1703,2886de17-6865-4f59-8f24-9afbd87a36af,v1477,Maxwell@display=pairwise
v1477,v1477,d33afc89-4e22-4af7-a23c-7f20288ebb72,v1703,Maxwell@display=pairwise
v1477,v1477,90741ce5-a5d8-4430-8051-715ff3ef5e49,v1703,Maxwell@display=pairwise
v1477,v1477,cc66f008-3ba4-41b3-a1c3-0b1697a27ebe,v1703,Maxwell@display=pairwise
v1477,v1703,8af492ec-8e66-4d99-a408-22dea1cbafd6,v1477,Maxwell@display=pairwise
v1703,v1477,5f5c5157-bc4e-4779-9793-2661ff057066,v1703,Maxwell@display=pairwise
v4048,v0009,b300b9ef-c535-4174-8960-bf7dbb37a705,v4048,Maxwell@display=pairwise
v4048,v4048,861d34a8-3e75-48a1-85aa-76f71123f8f5,v0009,Maxwell@display=pairwise
v4048,v0009,203b013a-c242-47ba-89dd-a2c609192d10,v4048,Maxwell@display=pairwise
v4048,v4048,912ff3ea-9faf-4081-b27b-1ba77372b348,v0009,Maxwell@display=pairwise
v4048,v0009,bf06ee4c-bec3-4766-8e90-2f826cf034b6,v4048,Maxwell@display=pairwise
v4048,v0009,b37cf829-f3ab-45f0-b043-f1ab634e7a57,v4048,Maxwell@display=pairwise
v4048,v0009,e5e845a9-bf60-41fc-9ab7-f2ab3172c82f,v4048,Maxwell@display=pairwise
v4048,v4048,4fa29376-5b1b-425e-93ff-2bcf80f82251,v0009,Maxwell@display=pairwise
v4048,v0009,dc2d7783-e288-48d3-9954-ac7aaf84073e,v4048,Maxwell@display=pairwise
v4048,v0009,6d4a2a41-fa40-4847-81d4-e68b6937db26,v4048,Maxwell@display=pairwise
v0878,v0328,b300b9ef-c535-4174-8960-bf7dbb37a705,v0878,Maxwell@display=pairwise
v0878,v0878,08acb1cc-935b-4495-af50-070631f21ee8,v0328,Maxwell@display=pairwise
v0878,v0878,de36c471-90c9-4ad1-b5df-404e1caccda4,v0328,Maxwell@display=pairwise
v0878,v0328,47057ac9-d439-4fab-985e-0d08a0ad2903,v0878,Maxwell@display=pairwise
v0878,v0328,912ff3ea-9faf-4081-b27b-1ba77372b348,v0878,Maxwell@display=pairwise
v0878,v0878,3d7fe021-5960-477b-910a-b9019bd40c53,v0328,Maxwell@display=pairwise
v0878,v0328,8cc2fb53-d4ad-40ed-a526-d4950f4902b4,v0878,Maxwell@display=pairwise
v0878,v0878,d3550857-7c9d-4e98-8202-433d0a535e77,v0328,Maxwell@display=pairwise
v0878,v0878,26c3096a-edfc-482a-8d3c-5739d09b6bda,v0328,Maxwell@display=pairwise
v0878,v0328,1ecf32ce-e1db-4d42-b15f-56df3d197faa,v0878,Maxwell@display=pairwise
v1984,v3292,afb40d45-bed5-4152-bfe2-7fce395f5e35,v1984,Maxwell@display=pairwise
v3292,v1984,4db85d74-0f6b-4231-9f89-f26a362394c5,v3292,Maxwell@display=pairwise
,v3292,f7c088a4-f181-4faf-b131-f76c01b92e8d,v1984,Maxwell@display=pairwise
v1984,v1984,0dfde53f-a1c3-4854-9c02-3e41d9086ece,v3292,Maxwell@display=pairwise
v1984,v3292,7c3b36dd-81f3-4842-90d1-41f8d139292a,v1984,Maxwell@display=pairwise
,v1984,5a1c3efd-82cc-49c8-b9d9-add302b2be8a,v3292,Maxwell@display=pairwise
v3292,v1984,471f0556-5a0e-4c5c-b59c-c302504cf352,v3292,Maxwell@display=pairwise
,v1984,335527d0-7d2d-491b-a6e2-4c92ce9b4edc,v3292,Maxwell@display=pairwise
v1984,v1984,b300b9ef-c535-4174-8960-bf7dbb37a705,v3292,Maxwell@display=pairwise
v1984,v1984,1d2fe3ac-663b-4f21-b03e-4a409a53669e,v3292,Maxwell@display=pairwise
v0009,v0009,b300b9ef-c535-4174-8960-bf7dbb37a705,v4511,Maxwell@display=pairwise
,v0009,861d34a8-3e75-48a1-85aa-76f71123f8f5,v4511,Maxwell@display=pairwise
v4511,v4511,2b1a183f-8a1c-4ee8-889b-a2771ec07859,v0009,Maxwell@display=pairwise
v4511,v4511,e50db2a7-868c-4b82-af9c-456e23753e56,v0009,Maxwell@display=pairwise
v4511,v4511,2dd89ba6-d0b2-4975-8d14-d6d471fa562e,v0009,Maxwell@display=pairwise
v4511,v0009,d4eabb9c-6f17-472b-ade4-3caa69edc47f,v4511,Maxwell@display=pairwise
v4511,v0009,ce8b19c4-1057-436f-bb25-a0caf7200f5d,v4511,Maxwell@display=pairwise
v4511,v4511,0e80b9f5-c6c9-4c92-8afc-d29ed45b16c6,v0009,Maxwell@display=pairwise
v4511,v0009,279550f0-7625-4018-86e5-b8da97d50081,v4511,Maxwell@display=pairwise
v4511,v0009,4d22e541-90af-43bf-b2b9-955594802908,v4511,Maxwell@display=pairwise
v2349,v2349,b300b9ef-c535-4174-8960-bf7dbb37a705,v3065,Maxwell@display=pairwise
v2349,v2349,8c5659b8-fe6f-4539-911f-1647d4975226,v3065,Maxwell@display=pairwise
v2349,v2349,f815ba71-3bae-4ac3-a309-f90f687325e0,v3065,Maxwell@display=pairwise
v3065,v3065,f815ba71-3bae-4ac3-a309-f90f687325e0,v2349,Maxwell@display=pairwise
v2349,v2349,118e07a5-5d2c-405c-8ce0-e462951bf1c8,v3065,Maxwell@display=pairwise
v2349,v2349,054f90cf-2d8c-45ba-acc7-c80038efa44d,v3065,Maxwell@display=pairwise
v2349,v2349,e5463b92-df72-41f5-8ac7-22d086899283,v3065,Maxwell@display=pairwise
v2349,v2349,8c486527-a24e-43cc-93c6-81d3da4e9836,v3065,Maxwell@display=pairwise
v2349,v2349,344d07d0-63a8-46e8-a5fa-10d7dec66115,v3065,Maxwell@display=pairwise
v2349,v2349,148a0216-b671-4cdd-992c-7aba2d0b85cb,v3065,Maxwell@display=pairwise
v4097,v2419,b300b9ef-c535-4174-8960-bf7dbb37a705,v4097,Maxwell@display=pairwise
v4097,v4097,97029296-ed19-429b-bde6-a44701da9433,v2419,Maxwell@display=pairwise
v4097,v4097,3a23769b-fdcf-4dd6-b967-a8640412a76e,v2419,Maxwell@display=pairwise
v4097,v2419,4a4cda64-e09d-474d-abba-3cd33d2a4778,v4097,Maxwell@display=pairwise
v4097,v2419,28674eee-cfc6-4ec4-a2f4-37fee5b5ec93,v4097,Maxwell@display=pairwise
v4097,v2419,a3325c83-0a68-4363-ba47-16edb8edbff7,v4097,Maxwell@display=pairwise
v4097,v4097,626ad72c-299b-4c9e-97a8-63783caa4a83,v2419,Maxwell@display=pairwise
v4097,v2419,4dea2b70-1476-45e6-a255-7bcc1601369b,v4097,Maxwell@display=pairwise
v4097,v4097,4fc856c7-d2f0-44da-a97b-0af57f30e5a4,v2419,Maxwell@display=pairwise
v4097,v2419,241ac689-1c0f-402c-8926-bf6506467a28,v4097,Maxwell@display=pairwise
v1984,v1984,b300b9ef-c535-4174-8960-bf7dbb37a705,v0530,Maxwell@display=pairwise
v1984,v1984,080ce256-1457-4584-9e83-8b7e065e3998,v0530,Maxwell@display=pairwise
v1984,v0530,c807ebed-1cf6-4d16-a376-9d47740f211c,v1984,Maxwell@display=pairwise
v1984,v1984,228504e4-46c0-48fd-a68d-d1af0989ddb7,v0530,Maxwell@display=pairwise
v0530,v0530,91b93af1-fc38-4f56-bd97-9f14882417a4,v1984,Maxwell@display=pairwise
v1984,v1984,7bf3dae0-af9d-4a3f-894f-9ff0503f5348,v0530,Maxwell@display=pairwise
v1984,v1984,cd7370ec-f239-4919-be0d-7c980be77ec7,v0530,Maxwell@display=pairwise
v1984,v1984,7364c455-72c0-4ba7-bd80-b8277ed5fa61,v0530,Maxwell@display=pairwise
v1984,v1984,ced05eb2-a974-4dcf-89fb-bf893f78b6aa,v0530,Maxwell@display=pairwise
v1984,v0530,fb12b62f-7110-41dc-8ec7-a99eccbb04d0,v1984,Maxwell@display=pairwise
v2889,v2889,b300b9ef-c535-4174-8960-bf7dbb37a705,v0265,Maxwell@display=pairwise
v0265,v0265,4727324f-737a-4ff6-9d12-84ae58106891,v2889,Maxwell@display=pairwise
v0265,v0265,c942376b-0080-4a53-825b-8c8974c18262,v2889,Maxwell@display=pairwise
v0265,v2889,d5e997d9-e2c0-46e2-a2f7-ac9521784839,v0265,Maxwell@display=pairwise
v2889,v2889,5826cad1-e0ae-480c-a6a3-3f6fd53569fa,v0265,Maxwell@display=pairwise
v2889,v2889,cd7370ec-f239-4919-be0d-7c980be77ec7,v0265,Maxwell@display=pairwise
v2889,v2889,fe6afd5a-8da5-49b6-af0b-9f6049662f8b,v0265,Maxwell@display=pairwise
v0265,v0265,5ca4290f-c11a-446f-a475-6105dde0b57f,v2889,Maxwell@display=pairwise
v0265,v2889,8581928a-3670-48d2-b55c-34685f7de132,v0265,Maxwell@display=pairwise
v0265,v0265,bbb7e5c5-7f84-4e07-ac19-886dc274ce48,v2889,Maxwell@display=pairwise
v2635,v2635,b300b9ef-c535-4174-8960-bf7dbb37a705,v0162,Maxwell@display=pairwise
v2635,v2635,1ea4d896-7017-4409-8dd2-484c9eb6e564,v0162,Maxwell@display=pairwise
v2635,v2635,c942376b-0080-4a53-825b-8c8974c18262,v0162,Maxwell@display=pairwise
v2635,v0162,d5e997d9-e2c0-46e2-a2f7-ac9521784839,v2635,Maxwell@display=pairwise
v2635,v0162,62182adc-a9e3-409b-94a5-c4c180d9f3b7,v2635,Maxwell@display=pairwise
v2635,v2635,f19945e8-447a-46eb-adcc-ff690853c250,v0162,Maxwell@display=pairwise
v2635,v0162,45ae941f-242d-4e30-88fa-eba0b7eeecc5,v2635,Maxwell@display=pairwise
v2635,v2635,abd7238e-93ec-420d-aab3-40296b6b8533,v0162,Maxwell@display=pairwise
v2635,v0162,abd7238e-93ec-420d-aab3-40296b6b8533,v2635,Maxwell@display=pairwise
v2635,v0162,5184a7fd-e2f2-44fe-b1c1-7062145c6b02,v2635,Maxwell@display=pairwise
v2828,v2349,b300b9ef-c535-4174-8960-bf7dbb37a705,v2828,Maxwell@display=pairwise
v2349,v2828,0ce9055c-8e48-4f35-8e94-9ca9bc88f80c,v2349,Maxwell@display=pairwise
v2349,v2828,d509e766-711c-4b31-97e2-89235a971fe1,v2349,Maxwell@display=pairwise
v2349,v2828,30f85572-69e4-41c3-97d8-25f74a2a229a,v2349,Maxwell@display=pairwise
,v2828,f947e080-fb56-44fe-b740-b6da9bcab592,v2349,Maxwell@display=pairwise
v2349,v2828,1486a399-1ff1-4c12-96f9-9ef26a428a72,v2349,Maxwell@display=pairwise
v2828,v2349,5dd4b999-dfa1-477e-9901-16fa0e727a3f,v2828,Maxwell@display=pairwise
v2349,v2349,e1ce5e37-5e67-453e-aee9-0a6e7cf6b73c,v2828,Maxwell@display=pairwise
v2349,v2349,f31347b5-4dd9-48d6-9c55-c095b5716f4b,v2828,Maxwell@display=pairwise
v2349,v2349,5184a7fd-e2f2-44fe-b1c1-7062145c6b02,v2828,Maxwell@display=pairwise
v1397,v1190,b300b9ef-c535-4174-8960-bf7dbb37a705,v1397,Maxwell@display=pairwise
v1397,v1397,e31be515-887d-4ea7-94f6-f82b0cf24a2c,v1190,Maxwell@display=pairwise
v1190,v1397,676d136b-aabc-4a63-9157-3a6ddacfd43f,v1190,Maxwell@display=pairwise
v1190,v1190,81bbbdfd-6271-4cd2-8c33-a6894757ca13,v1397,Maxwell@display=pairwise
v1190,v1397,fdafe1fc-3bdb-472a-a91e-52abb2f5e78f,v1190,Maxwell@display=pairwise
v1190,v1397,bf06ee4c-bec3-4766-8e90-2f826cf034b6,v1190,Maxwell@display=pairwise
v1190,v1397,14ec1f3e-c047-4d13-a2d6-76da32d9ed62,v1190,Maxwell@display=pairwise
v1190,v1190,a4ff02d4-6d50-4f8a-b84e-4c6ba39528a5,v1397,Maxwell@display=pairwise
v1190,v1397,28078593-bd58-4e49-88f5-c7909b406342,v1190,Maxwell@display=pairwise
v1190,v1190,bf5b1043-3619-4e4e-8dd0-75a645dbd419,v1397,Maxwell@display=pairwise
v4235,v4235,b300b9ef-c535-4174-8960-bf7dbb37a705,v1859,Maxwell@display=pairwise
v4235,v1859,86cebb69-070a-4ed3-890f-c96d130c1704,v4235,Maxwell@display=pairwise
v4235,v4235,3b59bb46-ea50-46bd-a3a5-16087d174860,v1859,Maxwell@display=pairwise
v4235,v4235,d5e997d9-e2c0-46e2-a2f7-ac9521784839,v1859,Maxwell@display=pairwise
v4235,v1859,9a13acb4-7038-4936-8528-49b8f8676860,v4235,Maxwell@display=pairwise
v4235,v4235,e6140e2f-9de4-4f2e-b088-2ec9c3c33c4f,v1859,Maxwell@display=pairwise
v1859,v1859,f711bbae-43d6-40ce-9fdc-3eff7721a7c9,v4235,Maxwell@display=pairwise
v1859,v4235,2c834ab6-0751-4690-918f-5398a2160f15,v1859,Maxwell@display=pairwise
v4235,v4235,e3ebe625-fcf7-470a-91bb-0d08cd37d473,v1859,Maxwell@display=pairwise
v4235,v4235,344d07d0-63a8-46e8-a5fa-10d7dec66115,v1859,Maxwell@display=pairwise
v2328,v0530,b300b9ef-c535-4174-8960-bf7dbb37a705,v2328,Maxwell@display=pairwise
v2328,v2328,7e52de1a-f83d-4bf5-81fb-f80371c158cb,v0530,Maxwell@display=pairwise
v2328,v0530,57510f28-373b-4b32-a9e5-a9c629bafe32,v2328,Maxwell@display=pairwise
v2328,v0530,e31be515-887d-4ea7-94f6-f82b0cf24a2c,v2328,Maxwell@display=pairwise
v2328,v0530,1d9a8b4d-ed7d-4236-a2d3-b3e34d6c186b,v2328,Maxwell@display=pairwise
v0530,v2328,3665f070-cce1-4979-995c-d117a13742ab,v0530,Maxwell@display=pairwise
v2328,v0530,5fa03c38-e27e-4f64-8734-7be0dfe4d9c7,v2328,Maxwell@display=pairwise
v2328,v2328,e12b1db4-dd6b-4bd8-8b4c-d48269f88d44,v0530,Maxwell@display=pairwise
v2328,v2328,f9e4bb6c-79e2-4693-af7b-1ac69eea590a,v0530,Maxwell@display=pairwise
v2328,v0530,c2931a8d-05d8-4b93-b015-421665fe4364,v2328,Maxwell@display=pairwise
v1477,v1477,c60e31c0-caae-47ba-a4eb-accd420e3b27,v2801,Maxwell@display=pairwise
v1477,v2801,932f9ce4-0739-497e-8f65-1f75f828eb23,v1477,Maxwell@display=pairwise
v2801,v1477,ef859b1f-9de1-4cef-bd2b-3e0ac5b8a3b4,v2801,Maxwell@display=pairwise
v2801,v1477,0ae52a80-c78b-4022-a6d6-28c3b4f01754,v2801,Maxwell@display=pairwise
v2801,v2801,730d1fc7-c570-412c-8d46-89d91d650c41,v1477,Maxwell@display=pairwise
v1477,v1477,b300b9ef-c535-4174-8960-bf7dbb37a705,v2801,Maxwell@display=pairwise
v1477,v2801,279550f0-7625-4018-86e5-b8da97d50081,v1477,Maxwell@display=pairwise
v2801,v2801,d83aba4d-3e51-4ba3-9f02-e7119f127b9e,v1477,Maxwell@display=pairwise
v1477,v1477,6ee42a58-0d17-477c-b60f-4bf0f2eec782,v2801,Maxwell@display=pairwise
v1477,v1477,b0a5e289-dfa4-4711-82d4-37068f8fbd93,v2801,Maxwell@display=pairwise
v4537,v0314,c60e31c0-caae-47ba-a4eb-accd420e3b27,v4537,Maxwell@display=pairwise
v4537,v4537,bbb2b770-5eab-4e22-9e43-7ff1c7cfcd31,v0314,Maxwell@display=pairwise
v4537,v4537,44c0fd3d-af09-4205-a670-7c5ca7f9e4bd,v0314,Maxwell@display=pairwise
v4537,v4537,9e27701b-15a9-4a1e-b326-1c40f3a51892,v0314,Maxwell@display=pairwise
v4537,v0314,f085de64-19bb-4f44-9ae2-2dc5700abca0,v4537,Maxwell@display=pairwise
v4537,v0314,4c75cd1d-1d5e-4d97-80cf-a2848cbdb688,v4537,Maxwell@display=pairwise
v4537,v4537,4db85d74-0f6b-4231-9f89-f26a362394c5,v0314,Maxwell@display=pairwise
v4537,v4537,dc2d7783-e288-48d3-9954-ac7aaf84073e,v0314,Maxwell@display=pairwise
v4537,v4537,0c8ca1c9-aaa4-495b-a350-de53a2de024b,v0314,Maxwell@display=pairwise
v4537,v4537,edc7f90b-f3f0-4de1-a315-0e649efdbd0d,v0314,Maxwell@display=pairwise
v0032,v0032,c60e31c0-caae-47ba-a4eb-accd420e3b27,v0162,Maxwell@display=pairwise
v0032,v0032,e25b19ea-aebb-47cd-b479-8d9842cf83dc,v0162,Maxwell@display=pairwise
v0032,v0032,9e20e9ee-4c12-4160-ac86-23aa6338231c,v0162,Maxwell@display=pairwise
,v0032,203b013a-c242-47ba-89dd-a2c609192d10,v0162,Maxwell@display=pairwise
v0162,v0032,01f1ebd7-d031-4b6c-9c2b-e6e64c207dbe,v0162,Maxwell@display=pairwise
v0032,v0032,ae30bc61-78e0-4361-a5bc-9e7c1bbf8f1c,v0162,Maxwell@display=pairwise
v0032,v0162,b0a4dc9c-8f85-4cb4-b0e0-aadbead32e5f,v0032,Maxwell@display=pairwise
v0162,v0162,8495c523-2b4b-49a1-86b4-5210ff9e0038,v0032,Maxwell@display=pairwise
v0032,v0162,377d9610-aa18-4c37-a9ae-61f22bd5fe5e,v0032,Maxwell@display=pairwise
,v0162,67159434-83bd-4d1a-aaa8-379718f13f27,v0032,Maxwell@display=pairwise
v1394,v3175,c60e31c0-caae-47ba-a4eb-accd420e3b27,v1394,Maxwell@display=pairwise
v3175,v3175,c2695074-4db8-48d5-be71-3e9658613537,v1394,Maxwell@display=pairwise
v3175,v1394,b24999e8-2b46-4fe3-801f-d4019d087da5,v3175,Maxwell@display=pairwise
,v3175,48990368-f0c8-46e1-9f8b-61fbaec1f893,v1394,Maxwell@display=pairwise
,v1394,48990368-f0c8-46e1-9f8b-61fbaec1f893,v3175,Maxwell@display=pairwise
,v1394,bf99fc9d-3772-4df1-91d9-1196f5e51ecb,v3175,Maxwell@display=pairwise
,v1394,75187b75-792e-4a2a-8959-7a9b23e0ea24,v3175,Maxwell@display=pairwise
v3175,v1394,f00b6b27-7f50-4848-9d4f-1c6640f6281b,v3175,Maxwell@display=pairwise
v3175,v1394,f00b6b27-7f50-4848-9d4f-1c6640f6281b,v3175,Maxwell@display=pairwise
v3175,v1394,c7d90a87-a380-46b6-af6f-fad86d1c1757,v3175,Maxwell@display=pairwise
v1703,v3065,c60e31c0-caae-47ba-a4eb-accd420e3b27,v1703,Maxwell@display=pairwise
v3065,v3065,3a23769b-fdcf-4dd6-b967-a8640412a76e,v1703,Maxwell@display=pairwise
v3065,v3065,586bb006-6a93-4927-ae5a-9b4956bceaa8,v1703,Maxwell@display=pairwise
v3065,v3065,e50db2a7-868c-4b82-af9c-456e23753e56,v1703,Maxwell@display=pairwise
v1703,v1703,68f9fc6d-5215-4fa5-b428-049b8066252a,v3065,Maxwell@display=pairwise
v1703,v1703,a3325c83-0a68-4363-ba47-16edb8edbff7,v3065,Maxwell@display=pairwise
v1703,v1703,ce008773-19e4-41d1-82ae-f094be0d2171,v3065,Maxwell@display=pairwise
,v3065,50d836a8-9b8a-4427-9d9e-d47323c64913,v1703,Maxwell@display=pairwise
v3065,v3065,f5d6e1f3-6569-4a5e-b109-b9871c084d4b,v1703,Maxwell@display=pairwise
v1703,v3065,1ac54074-3b46-420d-be1a-9370fec2a3d9,v1703,Maxwell@display=pairwise
v1703,v1703,c60e31c0-caae-47ba-a4eb-accd420e3b27,v0032,Maxwell@display=pairwise
v1703,v0032,26369842-3726-4b94-bca7-39046cebbeed,v1703,Maxwell@display=pairwise
v1703,v1703,ef859b1f-9de1-4cef-bd2b-3e0ac5b8a3b4,v0032,Maxwell@display=pairwise
v1703,v1703,4d41abd8-8939-4aaf-8d9b-3eeaca78e042,v0032,Maxwell@display=pairwise
v1703,v0032,8914cf47-88ab-4d93-ac8c-414469cd4a72,v1703,Maxwell@display=pairwise
v1703,v1703,898cd458-3328-4ede-85e7-6e18eef38b6e,v0032,Maxwell@display=pairwise
,v1703,d5a0fb87-aa9c-42e7-8db5-0c41338699d2,v0032,Maxwell@display=pairwise
v1703,v1703,17f408f2-5335-4dad-a25b-77bd0f2e59db,v0032,Maxwell@display=pairwise
v0032,v1703,a4495c73-1fd9-49f1-b09f-2185ce15ede4,v0032,Maxwell@display=pairwise
,v1703,62d31ed8-f652-4253-8467-0143cdef952e,v0032,Maxwell@display=pairwise
v2525,v2525,c60e31c0-caae-47ba-a4eb-accd420e3b27,v0009,Maxwell@display=pairwise
v2525,v2525,91b93af1-fc38-4f56-bd97-9f14882417a4,v0009,Maxwell@display=pairwise
v2525,v2525,f94ed2ed-c25e-42f6-b0c6-30a0f8019fba,v0009,Maxwell@display=pairwise
v2525,v0009,c6a5f67c-5e3c-447c-8dd4-cf7aa57bb617,v2525,Maxwell@display=pairwise
v2525,v2525,df68e14a-a48a-44ee-907b-0a8e92920b98,v0009,Maxwell@display=pairwise
v2525,v2525,2dd89ba6-d0b2-4975-8d14-d6d471fa562e,v0009,Maxwell@display=pairwise
v2525,v0009,690c2e17-352c-4b13-88ff-f1e031cfec7e,v2525,Maxwell@display=pairwise
v2525,v2525,12af1ee7-72cf-412b-95e3-35dd7ad7d1d6,v0009,Maxwell@display=pairwise
v2525,v2525,763852f1-e766-4548-82da-08f5e6450ba6,v0009,Maxwell@display=pairwise
v2525,v2525,088c8375-45de-4caf-8da5-b1d72abe0de0,v0009,Maxwell@display=pairwise
v1859,v1859,c60e31c0-caae-47ba-a4eb-accd420e3b27,v3355,Maxwell@display=pairwise
v1859,v3355,97029296-ed19-429b-bde6-a44701da9433,v1859,Maxwell@display=pairwise
v3355,v3355,097c523a-37c9-4814-a386-171e6d920ead,v1859,Maxwell@display=pairwise
v1859,v3355,da27f497-76a6-4237-94e9-559acb0ba008,v1859,Maxwell@display=pairwise
v1859,v3355,81bbbdfd-6271-4cd2-8c33-a6894757ca13,v1859,Maxwell@display=pairwise
v3355,v1859,f911a403-5112-4234-ab0b-7497b7f4e3b4,v3355,Maxwell@display=pairwise
v1859,v3355,0f9366f9-fade-450c-be0e-0ebb4444aece,v1859,Maxwell@display=pairwise
v3355,v3355,d0ad4187-7811-434d-a93d-afbb3b6b1ad7,v1859,Maxwell@display=pairwise
v3355,v1859,17f408f2-5335-4dad-a25b-77bd0f2e59db,v3355,Maxwell@display=pairwise
v1859,v1859,7ab27881-57d1-40b8-85da-a40a47dc49c2,v3355,Maxwell@display=pairwise
v4097,v4097,c60e31c0-caae-47ba-a4eb-accd420e3b27,v2889,Maxwell@display=pairwise
v4097,v2889,f9a473c4-8c67-43a8-a756-7a3922b8d30c,v4097,Maxwell@display=pairwise
v4097,v4097,31d01651-40ee-49ee-8266-1aee63461887,v2889,Maxwell@display=pairwise
v4097,v2889,3fa99ef2-8170-40ac-9c39-165fcfe91a61,v4097,Maxwell@display=pairwise
v4097,v2889,5cbb4909-5759-4ec5-b2d8-e2eddbd9f86e,v4097,Maxwell@display=pairwise
v4097,v2889,66d5d376-d4b4-43f4-be21-1b386fd32966,v4097,Maxwell@display=pairwise
v4097,v2889,4cfaf7eb-7c7a-4d23-afa8-6e9c8e64a6b4,v4097,Maxwell@display=pairwise
v4097,v2889,79c3a676-3b48-40b3-80e7-da62c1543eaf,v4097,Maxwell@display=pairwise
v2889,v4097,568341de-630c-4f7d-97c0-db58befad162,v2889,Maxwell@display=pairwise
v4097,v2889,a1e319ac-953b-46f3-b0d8-c4b43561d7fe,v4097,Maxwell@display=pairwise
v2181,v2181,c60e31c0-caae-47ba-a4eb-accd420e3b27,v1859,Maxwell@display=pairwise
v1859,v1859,75c9be23-99aa-4949-be3a-6b25c658091c,v2181,Maxwell@display=pairwise
v1859,v2181,75c9be23-99aa-4949-be3a-6b25c658091c,v1859,Maxwell@display=pairwise
v1859,v1859,f7c088a4-f181-4faf-b131-f76c01b92e8d,v2181,Maxwell@display=pairwise
v1859,v1859,f52b764c-6af0-4c94-8cdd-65f0f56a1931,v2181,Maxwell@display=pairwise
v1859,v2181,7777504d-190e-4865-ab1d-44476ebb48d1,v1859,Maxwell@display=pairwise
v2181,v1859,b81d92ba-8124-4bce-949c-8d5b226bc693,v2181,Maxwell@display=pairwise
v1859,v1859,393a3c3e-2f6d-49dd-b9e0-18768e4dbb96,v2181,Maxwell@display=pairwise
v1859,v1859,f74805b0-7406-4a6a-9a49-5c7b8bedda55,v2181,Maxwell@display=pairwise
v1859,v1859,2e6f5d07-f718-40d7-9899-2d530c3566ed,v2181,Maxwell@display=pairwise
v4125,v4125,c60e31c0-caae-47ba-a4eb-accd420e3b27,v0094,Maxwell@display=pairwise
v4125,v0094,5d191acd-806f-4f0a-873f-cff5ef5c5178,v4125,Maxwell@display=pairwise
v4125,v4125,f19facc3-19e1-44d0-b4a8-eb2b60cb7a57,v0094,Maxwell@display=pairwise
v4125,v0094,f19facc3-19e1-44d0-b4a8-eb2b60cb7a57,v4125,Maxwell@display=pairwise
v4125,v0094,1d9a8b4d-ed7d-4236-a2d3-b3e34d6c186b,v4125,Maxwell@display=pairwise
v4125,v4125,1ef59f11-78bd-4a96-a606-4e12c0dd42dc,v0094,Maxwell@display=pairwise
v4125,v0094,af6e2deb-376c-413f-a86c-f5a9716169c9,v4125,Maxwell@display=pairwise
v4125,v4125,7362c712-28f5-4b3b-a8e7-274ce94aae4b,v0094,Maxwell@display=pairwise
v4125,v4125,7c3b36dd-81f3-4842-90d1-41f8d139292a,v0094,Maxwell@display=pairwise
v4125,v0094,d39c5247-3bfe-426f-87db-6d7ca30b9f8c,v4125,Maxwell@display=pairwise
v0530,v0530,c60e31c0-caae-47ba-a4eb-accd420e3b27,v2083,Maxwell@display=pairwise
v2083,v2083,d30105ed-f2ea-430e-90b6-5096d9156bc4,v0530,Maxwell@display=pairwise
v2083,v2083,2b3373d8-d55d-4fe9-8c30-800e1e6ed65f,v0530,Maxwell@display=pairwise
v2083,v0530,9fd16a85-5a0f-420e-85a4-099e823c41bc,v2083,Maxwell@display=pairwise
v0530,v2083,e17e2dcf-3979-4b09-8713-28d55d90138b,v0530,Maxwell@display=pairwise
v2083,v0530,c57b2313-faa0-4c95-b91f-4f3c7609b1c1,v2083,Maxwell@display=pairwise
v0530,v2083,7923b5e3-11d0-48ca-937d-4b08a7ecead4,v0530,Maxwell@display=pairwise
v2083,v2083,196d047d-4bfe-4054-bcf3-da76fe0ecb11,v0530,Maxwell@display=pairwise
v2083,v0530,e62d391b-52e4-4739-89b0-d8fe6a07ce47,v2083,Maxwell@display=pairwise
v2083,v2083,5db812e2-a89e-42af-b619-98c02720d311,v0530,Maxwell@display=pairwise
v0886,v0886,c60e31c0-caae-47ba-a4eb-accd420e3b27,v0032,Maxwell@display=pairwise
v0886,v0886,f94ed2ed-c25e-42f6-b0c6-30a0f8019fba,v0032,Maxwell@display=pairwise
v0886,v0886,f6c8adba-af1d-4784-8dbe-6fdc966f01ca,v0032,Maxwell@display=pairwise
v0032,v0886,078cd768-2d5e-4660-b076-da7a83947d90,v0032,Maxwell@display=pairwise
v0032,v0032,e7003b82-7f53-47ce-b372-430970be62d0,v0886,Maxwell@display=pairwise
v0886,v0032,b37cf829-f3ab-45f0-b043-f1ab634e7a57,v0886,Maxwell@display=pairwise
v0886,v0032,e5e845a9-bf60-41fc-9ab7-f2ab3172c82f,v0886,Maxwell@display=pairwise
v0886,v0032,1e957696-1bdb-4655-8b5d-f0bc71305eea,v0886,Maxwell@display=pairwise
v0886,v0032,f91a86d7-4ef8-4563-ab87-c52917313279,v0886,Maxwell@display=pairwise
v0886,v0886,241ac689-1c0f-402c-8926-bf6506467a28,v0032,Maxwell@display=pairwise
v2889,v2889,c60e31c0-caae-47ba-a4eb-accd420e3b27,v0530,Maxwell@display=pairwise
v2889,v0530,2423a185-20d6-40c1-ad61-5268117f6f7d,v2889,Maxwell@display=pairwise
v2889,v0530,5288ac4e-2d63-43f3-8c9d-4af9f174f740,v2889,Maxwell@display=pairwise
v2889,v0530,8bd3e413-e73f-4b53-95b8-506af8c32cdf,v2889,Maxwell@display=pairwise
v2889,v0530,1ca99ba4-be7c-4a95-a57a-0005144b2eca,v2889,Maxwell@display=pairwise
v2889,v2889,0ffc9aa5-c779-44ce-acc6-ab9cc92a02fb,v0530,Maxwell@display=pairwise
,v0530,90741ce5-a5d8-4430-8051-715ff3ef5e49,v2889,Maxwell@display=pairwise
v2889,v0530,284eb320-ce3d-48b3-99f0-b07eda1cc7ed,v2889,Maxwell@display=pairwise
v2889,v0530,5440d8e0-a14b-41a3-9cd3-b762fddb4276,v2889,Maxwell@display=pairwise
v2889,v2889,77f10c27-943f-4d00-aeb6-e59251587929,v0530,Maxwell@display=pairwise
v1373,v3740,d626db11-9b98-4824-9c3d-3c057ef19027,v1373,Maxwell@display=pairwise
v3740,v1373,080ce256-1457-4584-9e83-8b7e065e3998,v3740,Maxwell@display=pairwise
v3740,v3740,6e957163-5267-4260-b5fe-b318884a96b4,v1373,Maxwell@display=pairwise
v3740,v1373,2e51a290-d08f-4b97-b0d1-c0cca3833712,v3740,Maxwell@display=pairwise
v3740,v3740,8c5659b8-fe6f-4539-911f-1647d4975226,v1373,Maxwell@display=pairwise
v3740,v3740,b3fd58a0-de51-4535-89b9-5c4e67110491,v1373,Maxwell@display=pairwise
v1373,v1373,86c3fdc9-9648-4efc-ba1f-d8b06b701e87,v3740,Maxwell@display=pairwise
v3740,v1373,2e6f5d07-f718-40d7-9899-2d530c3566ed,v3740,Maxwell@display=pairwise
v3740,v3740,19e2587c-4d46-491a-9939-ee51abe19c39,v1373,Maxwell@display=pairwise
v3740,v3740,2613c3ff-b6cc-4d25-850a-f9ccff836ebc,v1373,Maxwell@display=pairwise
v2889,v0529,d626db11-9b98-4824-9c3d-3c057ef19027,v2889,Maxwell@display=pairwise
v0529,v0529,2918aca3-dff5-44fd-bf33-976182ab8cbd,v2889,Maxwell@display=pairwise
v0529,v2889,edb15e9d-3f08-4975-bdc5-dd360e208bf1,v0529,Maxwell@display=pairwise
v0529,v0529,676d136b-aabc-4a63-9157-3a6ddacfd43f,v2889,Maxwell@display=pairwise
,v0529,2820937d-b7de-4dec-b6c1-1e205b50f8a0,v2889,Maxwell@display=pairwise
v2889,v2889,a9bb321a-d4be-4f8e-aef5-0cdce93dd51c,v0529,Maxwell@display=pairwise
v2889,v0529,2987197e-d01c-46fa-bfae-419ca1a44316,v2889,Maxwell@display=pairwise
v2889,v0529,fe6afd5a-8da5-49b6-af0b-9f6049662f8b,v2889,Maxwell@display=pairwise
,v2889,aabfee8b-fee9-4c73-bd6b-0a4b92c72528,v0529,Maxwell@display=pairwise
v2889,v2889,6c195b05-5754-4268-aaec-09c6fa8d20ce,v0529,Maxwell@display=pairwise
v4235,v0530,d626db11-9b98-4824-9c3d-3c057ef19027,v4235,Maxwell@display=pairwise
v4235,v0530,b84d3c5b-e287-4a77-95bc-db56644be2d4,v4235,Maxwell@display=pairwise
v4235,v4235,dc1081cb-7773-4571-b027-33c4446f75ed,v0530,Maxwell@display=pairwise
v4235,v4235,8590a9f9-2ebf-4c1a-92e7-b7ed9bf29a0e,v0530,Maxwell@display=pairwise
v4235,v4235,c029e6d3-d6b1-4306-9c7c-78ebbcbcad9b,v0530,Maxwell@display=pairwise
v4235,v4235,f9e4bb6c-79e2-4693-af7b-1ac69eea590a,v0530,Maxwell@display=pairwise
v4235,v0530,2c834ab6-0751-4690-918f-5398a2160f15,v4235,Maxwell@display=pairwise
v0530,v4235,178c8651-5570-4a73-b49a-7a93daf21ea4,v0530,Maxwell@display=pairwise
v4235,v4235,17ba7ccf-cde9-4ecc-92d6-17c706087da2,v0530,Maxwell@display=pairwise
v4235,v0530,87cd4023-a010-48bb-9894-889f68df299a,v4235,Maxwell@display=pairwise
v4097,v3555,d626db11-9b98-4824-9c3d-3c057ef19027,v4097,Maxwell@display=pairwise
v3555,v3555,2423a185-20d6-40c1-ad61-5268117f6f7d,v4097,Maxwell@display=pairwise
v4097,v3555,de36c471-90c9-4ad1-b5df-404e1caccda4,v4097,Maxwell@display=pairwise
v3555,v4097,586bb006-6a93-4927-ae5a-9b4956bceaa8,v3555,Maxwell@display=pairwise
v4097,v4097,3c83b2ee-f90f-4903-a067-8d46632b7b21,v3555,Maxwell@display=pairwise
v3555,v4097,d4eabb9c-6f17-472b-ade4-3caa69edc47f,v3555,Maxwell@display=pairwise
v4097,v4097,7321c6b3-7020-45e2-bb9d-2ab101e5c7ae,v3555,Maxwell@display=pairwise
,v3555,1bc15f08-5e0e-4bcb-9390-fef0c1eb2c89,v4097,Maxwell@display=pairwise
v4097,v3555,35848222-14fa-4e1a-838c-efac9c195ea5,v4097,Maxwell@display=pairwise
v4097,v4097,2446fec6-a38b-400c-b3fa-911eda094d0e,v3555,Maxwell@display=pairwise
v1025,v0094,d626db11-9b98-4824-9c3d-3c057ef19027,v1025,Maxwell@display=pairwise
v1025,v0094,2423a185-20d6-40c1-ad61-5268117f6f7d,v1025,Maxwell@display=pairwise
v1025,v0094,83d505a2-2b0d-4ae8-8f57-e375dcc387ac,v1025,Maxwell@display=pairwise
v1025,v1025,9e47a2e5-5fc3-4025-8538-85d5dc4d1152,v0094,Maxwell@display=pairwise
v1025,v1025,e482d7ac-4b6f-4cff-b1d2-3e634bf5c721,v0094,Maxwell@display=pairwise
v1025,v0094,bf06ee4c-bec3-4766-8e90-2f826cf034b6,v1025,Maxwell@display=pairwise
v1025,v0094,e3b8bb83-c52a-4ef2-b875-665689a58489,v1025,Maxwell@display=pairwise
v1025,v0094,e07bb13d-8d71-400d-8aee-9277fb8773d2,v1025,Maxwell@display=pairwise
,v1025,ccaef3a0-85de-4b7b-97a8-f6c96128a6b0,v0094,Maxwell@display=pairwise
v0094,v0094,adc336f2-1af3-4f27-8deb-9a83f894b2f2,v1025,Maxwell@display=pairwise
v0009,v0314,d626db11-9b98-4824-9c3d-3c057ef19027,v0009,Maxwell@display=pairwise
v0314,v0009,b298c12c-882d-4f4b-a685-587d6fa667ce,v0314,Maxwell@display=pairwise
v0009,v0314,75c9be23-99aa-4949-be3a-6b25c658091c,v0009,Maxwell@display=pairwise
v0314,v0314,47057ac9-d439-4fab-985e-0d08a0ad2903,v0009,Maxwell@display=pairwise
v0314,v0009,d33afc89-4e22-4af7-a23c-7f20288ebb72,v0314,Maxwell@display=pairwise
,v0314,37e2fd1c-8e32-4deb-bec9-a4ed41c99e10,v0009,Maxwell@display=pairwise
,v0314,37e2fd1c-8e32-4deb-bec9-a4ed41c99e10,v0009,Maxwell@display=pairwise
v0009,v0314,ce8b19c4-1057-436f-bb25-a0caf7200f5d,v0009,Maxwell@display=pairwise
v0314,v0009,178c8651-5570-4a73-b49a-7a93daf21ea4,v0314,Maxwell@display=pairwise
v0314,v0009,701d9632-11da-4c45-b5a9-9ef109bd0705,v0314,Maxwell@display=pairwise
v4125,v1025,2886de17-6865-4f59-8f24-9afbd87a36af,v4125,Maxwell@display=pairwise
v4125,v4125,9e20e9ee-4c12-4160-ac86-23aa6338231c,v1025,Maxwell@display=pairwise
v4125,v1025,8495c523-2b4b-49a1-86b4-5210ff9e0038,v4125,Maxwell@display=pairwise
v4125,v1025,d626db11-9b98-4824-9c3d-3c057ef19027,v4125,Maxwell@display=pairwise
v4125,v1025,d626db11-9b98-4824-9c3d-3c057ef19027,v4125,Maxwell@display=pairwise
v4125,v4125,2820937d-b7de-4dec-b6c1-1e205b50f8a0,v1025,Maxwell@display=pairwise
v4125,v1025,898cd458-3328-4ede-85e7-6e18eef38b6e,v4125,Maxwell@display=pairwise
v4125,v4125,efc0133f-459a-461e-9f25-75b0716cd70a,v1025,Maxwell@display=pairwise
v4125,v4125,a777eafa-8e0b-4db8-b6d7-e9ef0d7cc236,v1025,Maxwell@display=pairwise
v4125,v4125,1ac54074-3b46-420d-be1a-9370fec2a3d9,v1025,Maxwell@display=pairwise
v3065,v2519,d626db11-9b98-4824-9c3d-3c057ef19027,v3065,Maxwell@display=pairwise
v2519,v2519,dfc97b6f-3cc1-4816-a858-130686d22ee0,v3065,Maxwell@display=pairwise
v2519,v3065,f356bf83-0f18-44d6-b192-780c6c0bdd3d,v2519,Maxwell@display=pairwise
v3065,v2519,af7f19e9-f83a-45ae-8df8-fb20d08eddf9,v3065,Maxwell@display=pairwise
v2519,v2519,9e27701b-15a9-4a1e-b326-1c40f3a51892,v3065,Maxwell@display=pairwise
v2519,v3065,9aac4b2a-3c36-47d6-b244-1cda70ad1743,v2519,Maxwell@display=pairwise
v2519,v2519,d5a0fb87-aa9c-42e7-8db5-0c41338699d2,v3065,Maxwell@display=pairwise
v2519,v2519,1e3cc6d0-8a93-4ccf-b54a-c049f3248c37,v3065,Maxwell@display=pairwise
v2519,v3065,626ad72c-299b-4c9e-97a8-63783caa4a83,v2519,Maxwell@display=pairwise
,v3065,2b8c1e14-fdc9-4c52-a214-1887ac95a9ba,v2519,Maxwell@display=pairwise
v1984,v3175,d626db11-9b98-4824-9c3d-3c057ef19027,v1984,Maxwell@display=pairwise
v1984,v3175,12f332a1-5ffa-4879-b1d8-9da98c72ac92,v1984,Maxwell@display=pairwise
v3175,v1984,35f7dbdd-4c2d-43df-8b5a-7885f17732b1,v3175,Maxwell@display=pairwise
,v1984,ce0e0f0c-7b35-4e39-b905-dc94435761e5,v3175,Maxwell@display=pairwise
v3175,v3175,d9c24ced-2640-4502-9de4-cfc5bcd74967,v1984,Maxwell@display=pairwise
v1984,v3175,b3fd58a0-de51-4535-89b9-5c4e67110491,v1984,Maxwell@display=pairwise
v1984,v3175,e0c1d00e-b138-4166-ac9f-cf7cfd33e902,v1984,Maxwell@display=pairwise
v1984,v3175,50d836a8-9b8a-4427-9d9e-d47323c64913,v1984,Maxwell@display=pairwise
v1984,v3175,5db3738a-9acb-4d81-9255-362c61e080bf,v1984,Maxwell@display=pairwise
v1984,v1984,09705fe5-aaef-4009-9eaf-7f6ef1693c89,v3175,Maxwell@display=pairwise
v4511,v3175,d626db11-9b98-4824-9c3d-3c057ef19027,v4511,Maxwell@display=pairwise
v4511,v3175,a0afca37-6b70-4a80-b1bf-0ae756a802f7,v4511,Maxwell@display=pairwise
v4511,v4511,4727324f-737a-4ff6-9d12-84ae58106891,v3175,Maxwell@display=pairwise
v4511,v3175,f2c0d8f4-3093-434b-b640-14aa99aceaf7,v4511,Maxwell@display=pairwise
v4511,v4511,6f27d33c-e38c-497e-92d6-941c4520a5cf,v3175,Maxwell@display=pairwise
v4511,v4511,b729730b-45b0-4f9e-b3be-4c661741c01b,v3175,Maxwell@display=pairwise
v4511,v3175,b729730b-45b0-4f9e-b3be-4c661741c01b,v4511,Maxwell@display=pairwise
v4511,v3175,4fa29376-5b1b-425e-93ff-2bcf80f82251,v4511,Maxwell@display=pairwise
v4511,v4511,ca5e860d-cf4b-4c4a-bac3-1b0cd8646b53,v3175,Maxwell@display=pairwise
v4511,v4511,cd54525c-5942-4876-b3c3-0c6d37cf3f6b,v3175,Maxwell@display=pairwise
v1447,v4537,76f3d336-52fa-4304-9eda-8f30f1fe4b75,v1447,Maxwell@display=pairwise
v4537,v1447,c73b084f-a159-4874-a879-0f2414ececaf,v4537,Maxwell@display=pairwise
v4537,v1447,e50db2a7-868c-4b82-af9c-456e23753e56,v4537,Maxwell@display=pairwise
v4537,v1447,d89cf878-af30-4d2e-82be-a3486412cde9,v4537,Maxwell@display=pairwise
v4537,v4537,2eb7870f-25ce-49d2-a094-ac88dd1f63ad,v1447,Maxwell@display=pairwise
v4537,v4537,d0ad4187-7811-434d-a93d-afbb3b6b1ad7,v1447,Maxwell@display=pairwise
v1447,v4537,8495c523-2b4b-49a1-86b4-5210ff9e0038,v1447,Maxwell@display=pairwise
v4537,v4537,d626db11-9b98-4824-9c3d-3c057ef19027,v1447,Maxwell@display=pairwise
v4537,v4537,faec11ec-0322-48ed-a2c7-b65d8b8ad221,v1447,Maxwell@display=pairwise
v4537,v1447,ca5e860d-cf4b-4c4a-bac3-1b0cd8646b53,v4537,Maxwell@display=pairwise
v0529,v0529,d626db11-9b98-4824-9c3d-3c057ef19027,v1394,Maxwell@display=pairwise
v0529,v1394,11bdad09-c1dc-4160-a3b3-e74f2d076796,v0529,Maxwell@display=pairwise
v1394,v0529,35f7dbdd-4c2d-43df-8b5a-7885f17732b1,v1394,Maxwell@display=pairwise
v1394,v0529,94853c24-e68d-4875-ae6f-521994d9fef0,v1394,Maxwell@display=pairwise
v1394,v1394,d5e997d9-e2c0-46e2-a2f7-ac9521784839,v0529,Maxwell@display=pairwise
v0529,v1394,4592796c-7285-48a6-b77f-e5d5c08af6c0,v0529,Maxwell@display=pairwise
v0529,v1394,4592796c-7285-48a6-b77f-e5d5c08af6c0,v0529,Maxwell@display=pairwise
v0529,v1394,b33fcfb9-4483-464b-9fa3-2fd815d1577a,v0529,Maxwell@display=pairwise
v0529,v0529,e3ebe625-fcf7-470a-91bb-0d08cd37d473,v1394,Maxwell@display=pairwise
v1394,v1394,3267d3c7-b874-4b3e-805a-dd7a7c57ca1c,v0529,Maxwell@display=pairwise
v2519,v1859,d626db11-9b98-4824-9c3d-3c057ef19027,v2519,Maxwell@display=pairwise
v1859,v2519,b444b366-4acf-4de2-bf8f-886c7ae9b36b,v1859,Maxwell@display=pairwise
v1859,v1859,b0f8077d-dcab-4219-bb3b-100afaafa26d,v2519,Maxwell@display=pairwise
v1859,v1859,9fde6f43-a5ca-4c47-a344-7575e5370d05,v2519,Maxwell@display=pairwise
v2519,v1859,6e2024e3-6dbd-4f38-acdd-ea74cebf7e8b,v2519,Maxwell@display=pairwise
v1859,v2519,291f1ce5-afb6-47f8-bf06-629bc6007f6a,v1859,Maxwell@display=pairwise
v1859,v2519,344d07d0-63a8-46e8-a5fa-10d7dec66115,v1859,Maxwell@display=pairwise
v2519,v2519,241ac689-1c0f-402c-8926-bf6506467a28,v1859,Maxwell@display=pairwise
v2519,v1859,62d31ed8-f652-4253-8467-0143cdef952e,v2519,Maxwell@display=pairwise
v2519,v1859,601526eb-3031-4f1f-9986-21b3aba14da1,v2519,Maxwell@display=pairwise
v1025,v1025,d626db11-9b98-4824-9c3d-3c057ef19027,v0878,Maxwell@display=pairwise
v0878,v0878,7d4a4252-1531-470f-ab07-6f334dace1b9,v1025,Maxwell@display=pairwise
,v1025,2b1a183f-8a1c-4ee8-889b-a2771ec07859,v0878,Maxwell@display=pairwise
v0878,v1025,30f85572-69e4-41c3-97d8-25f74a2a229a,v0878,Maxwell@display=pairwise
v0878,v1025,44c0fd3d-af09-4205-a670-7c5ca7f9e4bd,v0878,Maxwell@display=pairwise
v0878,v1025,aa873e42-f4c4-4b06-8b86-c8d47ffd4b9a,v0878,Maxwell@display=pairwise
v0878,v1025,f52b764c-6af0-4c94-8cdd-65f0f56a1931,v0878,Maxwell@display=pairwise
v0878,v0878,4989c9a7-2a48-4c9b-8088-387d0efcfb45,v1025,Maxwell@display=pairwise
v0878,v1025,e42b4bc8-b2f0-4389-a27e-dbe89657a412,v0878,Maxwell@display=pairwise
v0878,v1025,8290678e-1f94-4619-af71-aa8892a717fa,v0878,Maxwell@display=pairwise
v0032,v0009,0d27e4a9-f2a2-41d3-ad3c-9a0fae23dbbc,v0032,Maxwell@display=pairwise
v0032,v0009,e42b649c-14c6-4d68-bd56-7111ec5ae475,v0032,Maxwell@display=pairwise
v0032,v0009,2c9a72d6-6d7d-4b0f-a7d4-bb0625c39190,v0032,Maxwell@display=pairwise
,v0032,684094ed-89c7-4c9e-a0f8-8c629bf0ac49,v0009,Maxwell@display=pairwise
,v0032,684094ed-89c7-4c9e-a0f8-8c629bf0ac49,v0009,Maxwell@display=pairwise
v0009,v0009,7777504d-190e-4865-ab1d-44476ebb48d1,v0032,Maxwell@display=pairwise
v0032,v0009,601526eb-3031-4f1f-9986-21b3aba14da1,v0032,Maxwell@display=pairwise
v0032,v0032,a1e319ac-953b-46f3-b0d8-c4b43561d7fe,v0009,Maxwell@display=pairwise
v0009,v0032,09e4aacf-b969-495a-9de2-c294927e736b,v0009,Maxwell@display=pairwise
v0032,v0032,19ed7125-f9d4-4332-baa2-b57735cd4bae,v0009,Maxwell@display=pairwise
v3740,v3740,0d27e4a9-f2a2-41d3-ad3c-9a0fae23dbbc,v3175,Maxwell@display=pairwise
v3740,v3175,dfc97b6f-3cc1-4816-a858-130686d22ee0,v3740,Maxwell@display=pairwise
v3740,v3740,acccac54-c658-4a6d-b128-1acee477e62e,v3175,Maxwell@display=pairwise
v3740,v3740,1d9a8b4d-ed7d-4236-a2d3-b3e34d6c186b,v3175,Maxwell@display=pairwise
v3740,v3740,6ee42a58-0d17-477c-b60f-4bf0f2eec782,v3175,Maxwell@display=pairwise
v3740,v3175,d6c9a5ed-1280-4497-91b4-033d6937541e,v3740,Maxwell@display=pairwise
v3740,v3175,f602cd51-03c9-41b5-a85a-b7d81dde76dd,v3740,Maxwell@display=pairwise
,v3175,d3550857-7c9d-4e98-8202-433d0a535e77,v3740,Maxwell@display=pairwise
v3740,v3175,4dea2b70-1476-45e6-a255-7bcc1601369b,v3740,Maxwell@display=pairwise
v3740,v3740,8af492ec-8e66-4d99-a408-22dea1cbafd6,v3175,Maxwell@display=pairwise
v4034,v1477,0d27e4a9-f2a2-41d3-ad3c-9a0fae23dbbc,v4034,Maxwell@display=pairwise
v4034,v4034,2423a185-20d6-40c1-ad61-5268117f6f7d,v1477,Maxwell@display=pairwise
v4034,v1477,31d01651-40ee-49ee-8266-1aee63461887,v4034,Maxwell@display=pairwise
,v4034,d02f408f-c495-4a1f-83e0-411da8e86fed,v1477,Maxwell@display=pairwise
v1477,v4034,9a13acb4-7038-4936-8528-49b8f8676860,v1477,Maxwell@display=pairwise
v4034,v1477,0fe8a7e1-5dbc-4a2b-b956-4e18128d5353,v4034,Maxwell@display=pairwise
v4034,v1477,a4495c73-1fd9-49f1-b09f-2185ce15ede4,v4034,Maxwell@display=pairwise
v4034,v4034,850c7762-5ebc-4c04-b264-d14e50f37130,v1477,Maxwell@display=pairwise
v4034,v4034,537c627e-ce2d-4b04-939a-552205731bb6,v1477,Maxwell@display=pairwise
v4034,v4034,15187a17-10c3-4501-b4fd-190e9264fb64,v1477,Maxwell@display=pairwise
v3355,v0886,0d27e4a9-f2a2-41d3-ad3c-9a0fae23dbbc,v3355,Maxwell@display=pairwise
v3355,v0886,6737908c-5eb5-4359-9909-7a6e8c746ca4,v3355,Maxwell@display=pairwise
,v3355,20d9d51e-231e-4048-90ac-ae0f2f6906d1,v0886,Maxwell@display=pairwise
v3355,v0886,091f402d-0095-4fa9-9ace-d3b0675c296f,v3355,Maxwell@display=pairwise
v3355,v3355,d3ceb26c-6541-4b11-adf3-11f11a7fe362,v0886,Maxwell@display=pairwise
v3355,v0886,d5ba3837-38e1-4aec-bd7c-cb069a23e8c1,v3355,Maxwell@display=pairwise
v3355,v3355,e42b4bc8-b2f0-4389-a27e-dbe89657a412,v0886,Maxwell@display=pairwise
v3355,v3355,d09c64e0-a2da-48ef-bc62-4b215947cae7,v0886,Maxwell@display=pairwise
v3355,v0886,ea62dadb-d0bf-416b-a83e-6823c24a7822,v3355,Maxwell@display=pairwise
v3355,v0886,2446fec6-a38b-400c-b3fa-911eda094d0e,v3355,Maxwell@display=pairwise
v2828,v2828,0d27e4a9-f2a2-41d3-ad3c-9a0fae23dbbc,v2801,Maxwell@display=pairwise
v2801,v2801,f2393f46-bd26-4564-bf32-3f4c890d2821,v2828,Maxwell@display=pairwise
,v2828,5a1c3efd-82cc-49c8-b9d9-add302b2be8a,v2801,Maxwell@display=pairwise
v2801,v2801,9185b4f4-7b4c-4c14-a224-c258d06bfa75,v2828,Maxwell@display=pairwise
v2828,v2828,091f402d-0095-4fa9-9ace-d3b0675c296f,v2801,Maxwell@display=pairwise
v2801,v2828,15577bca-cd7f-4695-868d-7da11fc028ed,v2801,Maxwell@display=pairwise
v2828,v2828,a777eafa-8e0b-4db8-b6d7-e9ef0d7cc236,v2801,Maxwell@display=pairwise
v2801,v2828,9ede4d3e-ee31-4bd1-980a-75ced4a17656,v2801,Maxwell@display=pairwise
,v2828,5ca4290f-c11a-446f-a475-6105dde0b57f,v2801,Maxwell@display=pairwise
v2828,v2801,10b74529-4728-4409-849d-3c0d908d3219,v2828,Maxwell@display=pairwise
v0878,v2513,0d27e4a9-f2a2-41d3-ad3c-9a0fae23dbbc,v0878,Maxwell@display=pairwise
v2513,v0878,a2988d9d-63df-4cf2-a445-7a1dbf7f45f3,v2513,Maxwell@display=pairwise
v2513,v0878,8590a9f9-2ebf-4c1a-92e7-b7ed9bf29a0e,v2513,Maxwell@display=pairwise
,v2513,68f9fc6d-5215-4fa5-b428-049b8066252a,v0878,Maxwell@display=pairwise
v0878,v2513,6f27d33c-e38c-497e-92d6-941c4520a5cf,v0878,Maxwell@display=pairwise
v0878,v0878,584b7635-9a3b-4a46-9127-652bab8ab045,v2513,Maxwell@display=pairwise
v0878,v2513,723ecde4-3695-4235-afdf-bb230a3f2707,v0878,Maxwell@display=pairwise
v0878,v2513,4c75cd1d-1d5e-4d97-80cf-a2848cbdb688,v0878,Maxwell@display=pairwise
v0878,v2513,6f34e67f-bb9c-486b-9ef7-b440454de895,v0878,Maxwell@display=pairwise
,v2513,7c3b36dd-81f3-4842-90d1-41f8d139292a,v0878,Maxwell@display=pairwise
v0328,v1703,0d27e4a9-f2a2-41d3-ad3c-9a0fae23dbbc,v0328,Maxwell@display=pairwise
v1703,v0328,8477eb0e-905a-4f16-a145-97a894176374,v1703,Maxwell@display=pairwise
v1703,v0328,5ca80653-5ca4-4a63-a5e9-7c13c6f6ef4e,v1703,Maxwell@display=pairwise
v1703,v0328,fdafe1fc-3bdb-472a-a91e-52abb2f5e78f,v1703,Maxwell@display=pairwise
,v1703,4592796c-7285-48a6-b77f-e5d5c08af6c0,v0328,Maxwell@display=pairwise
,v1703,4592796c-7285-48a6-b77f-e5d5c08af6c0,v0328,Maxwell@display=pairwise
v1703,v0328,dc8279b9-0d8c-454c-b75d-13d31c30843d,v1703,Maxwell@display=pairwise
v1703,v0328,bcbd73bb-1a96-4b43-b689-5c7986900531,v1703,Maxwell@display=pairwise
v1703,v1703,8ba60b69-3825-4c10-beca-8d2e7ba9dfa1,v0328,Maxwell@display=pairwise
v1703,v1703,723aa930-ec56-4066-ae75-7504ed46fa1e,v0328,Maxwell@display=pairwise
v2889,v2063,0d27e4a9-f2a2-41d3-ad3c-9a0fae23dbbc,v2889,Maxwell@display=pairwise
v2889,v2063,cc2b08c4-b73c-48a9-95c6-b79cfa497b75,v2889,Maxwell@display=pairwise
v2889,v2063,871c2c32-2a79-4dfe-8f52-64f2693fedd4,v2889,Maxwell@display=pairwise
v2063,v2889,e5f76cbe-fd04-46f5-a5de-6fccf701bb11,v2063,Maxwell@display=pairwise
v2063,v2889,e5f76cbe-fd04-46f5-a5de-6fccf701bb11,v2063,Maxwell@display=pairwise
v2889,v2889,dedbfcfc-7bd5-4ca8-94c8-dc770921f545,v2063,Maxwell@display=pairwise
v2889,v2889,75ce2d58-ecbb-4ede-bd93-43b99bca8d46,v2063,Maxwell@display=pairwise
,v2063,0f9366f9-fade-450c-be0e-0ebb4444aece,v2889,Maxwell@display=pairwise
v2063,v2063,a4e3e3a6-b8aa-48da-9a14-17048d8a2153,v2889,Maxwell@display=pairwise
v2889,v2063,10b74529-4728-4409-849d-3c0d908d3219,v2889,Maxwell@display=pairwise
v0886,v2328,0d27e4a9-f2a2-41d3-ad3c-9a0fae23dbbc,v0886,Maxwell@display=pairwise
v0886,v0886,44856539-bc1f-4629-bc05-90c9765d6b7b,v2328,Maxwell@display=pairwise
v2328,v0886,31ddaa13-1309-4d47-b0ea-75b020268f37,v2328,Maxwell@display=pairwise
v2328,v0886,f947e080-fb56-44fe-b740-b6da9bcab592,v2328,Maxwell@display=pairwise
,v2328,e9d198a2-2917-43d5-aa8b-88cd19cf45a2,v0886,Maxwell@display=pairwise
v2328,v0886,814662e1-3c1f-4324-86ff-9ceb6e24e830,v2328,Maxwell@display=pairwise
v2328,v0886,bc441066-48fe-430a-8ae9-46706a7d4640,v2328,Maxwell@display=pairwise
v2328,v2328,4db85d74-0f6b-4231-9f89-f26a362394c5,v0886,Maxwell@display=pairwise
v2328,v0886,bd1d8225-a753-4e92-adc4-0e5e9b328f9b,v2328,Maxwell@display=pairwise
,v0886,712ea676-4242-48ad-8b1c-1851c5c289ec,v2328,Maxwell@display=pairwise
v3175,v1373,0d27e4a9-f2a2-41d3-ad3c-9a0fae23dbbc,v3175,Maxwell@display=pairwise
v3175,v1373,4816403d-b202-4e68-a3f1-f212baf4c17a,v3175,Maxwell@display=pairwise
v3175,v1373,5288ac4e-2d63-43f3-8c9d-4af9f174f740,v3175,Maxwell@display=pairwise
v3175,v3175,586bb006-6a93-4927-ae5a-9b4956bceaa8,v1373,Maxwell@display=pairwise
v3175,v3175,3ceee84d-5b67-4517-bb80-572756bac2c2,v1373,Maxwell@display=pairwise
v1373,v1373,66d5d376-d4b4-43f4-be21-1b386fd32966,v3175,Maxwell@display=pairwise
v1373,v1373,f9e4bb6c-79e2-4693-af7b-1ac69eea590a,v3175,Maxwell@display=pairwise
v3175,v1373,35848222-14fa-4e1a-838c-efac9c195ea5,v3175,Maxwell@display=pairwise
v1373,v1373,241ac689-1c0f-402c-8926-bf6506467a28,v3175,Maxwell@display=pairwise
v1373,v1373,5a73329b-3ee5-4d38-9a02-8e7a17f87252,v3175,Maxwell@display=pairwise
v3583,v3583,0d27e4a9-f2a2-41d3-ad3c-9a0fae23dbbc,v2519,Maxwell@display=pairwise
v2519,v2519,faec11ec-0322-48ed-a2c7-b65d8b8ad221,v3583,Maxwell@display=pairwise
v3583,v2519,097c523a-37c9-4814-a386-171e6d920ead,v3583,Maxwell@display=pairwise
v3583,v3583,34739ea5-3239-4633-8c9d-4d1e70eb376d,v2519,Maxwell@display=pairwise
v2519,v3583,2dc384e2-d08c-47ed-a933-eb91ec6fb38b,v2519,Maxwell@display=pairwise
v3583,v2519,9859b693-6c9f-44ff-8038-a8397db0a1b4,v3583,Maxwell@display=pairwise
v3583,v3583,e8cf995a-d627-41b3-85ff-373a997d5a4f,v2519,Maxwell@display=pairwise
v3583,v3583,4c75cd1d-1d5e-4d97-80cf-a2848cbdb688,v2519,Maxwell@display=pairwise
v2519,v3583,298bd5e1-5cb8-4d9b-b7a7-2d7fcac00e91,v2519,Maxwell@display=pairwise
v2519,v2519,2feaf824-0ccc-4894-9bb4-63c40c53fe04,v3583,Maxwell@display=pairwise
v2083,v0824,0d27e4a9-f2a2-41d3-ad3c-9a0fae23dbbc,v2083,Maxwell@display=pairwise
v2083,v0824,dfceda5f-e578-454c-835e-b70237867fd1,v2083,Maxwell@display=pairwise
,v2083,d509e766-711c-4b31-97e2-89235a971fe1,v0824,Maxwell@display=pairwise
v2083,v2083,35f7dbdd-4c2d-43df-8b5a-7885f17732b1,v0824,Maxwell@display=pairwise
v2083,v2083,1ab3015c-2a18-4a9c-9842-14c3cab722d7,v0824,Maxwell@display=pairwise
v2083,v0824,f085de64-19bb-4f44-9ae2-2dc5700abca0,v2083,Maxwell@display=pairwise
v2083,v2083,5b7941b2-f536-4d14-bc56-02d70068e6a3,v0824,Maxwell@display=pairwise
v2083,v2083,58cd42ca-ab8e-42e2-b642-894b9b5a51b9,v0824,Maxwell@display=pairwise
,v0824,626ad72c-299b-4c9e-97a8-63783caa4a83,v2083,Maxwell@display=pairwise
v2083,v2083,a0379086-b099-4907-aa9d-8691ca28df83,v0824,Maxwell@display=pairwise
v3065,v1477,0d27e4a9-f2a2-41d3-ad3c-9a0fae23dbbc,v3065,Maxwell@display=pairwise
v1477,v3065,08acb1cc-935b-4495-af50-070631f21ee8,v1477,Maxwell@display=pairwise
v1477,v1477,2a13fd1a-a20e-4bc2-8695-27ba20d2f10a,v3065,Maxwell@display=pairwise
v1477,v3065,cb101408-6fca-4119-9289-441754c9b2f0,v1477,Maxwell@display=pairwise
v1477,v1477,f2c0d8f4-3093-434b-b640-14aa99aceaf7,v3065,Maxwell@display=pairwise
v1477,v1477,1032350e-f02d-40d9-8fe8-0a7feb5fc808,v3065,Maxwell@display=pairwise
v1477,v3065,4150d97c-eefc-4853-8768-c3caf08a8bcc,v1477,Maxwell@display=pairwise
v1477,v3065,4150d97c-eefc-4853-8768-c3caf08a8bcc,v1477,Maxwell@display=pairwise
v3065,v3065,94299678-0cff-4f0a-815f-9ebb17345759,v1477,Maxwell@display=pairwise
v1477,v1477,c49821d5-18a2-4c47-912d-5e29660b0b92,v3065,Maxwell@display=pairwise
v0529,v0009,0d27e4a9-f2a2-41d3-ad3c-9a0fae23dbbc,v0529,Maxwell@display=pairwise
v0529,v0009,11af42fa-614e-4be6-93e5-4fedd30f3ca3,v0529,Maxwell@display=pairwise
v0529,v0009,9854f14d-4021-4f1b-80e7-36a684ed2e92,v0529,Maxwell@display=pairwise
v0529,v0009,05e840a4-3de4-447b-b859-e633d767fd6a,v0529,Maxwell@display=pairwise
v0529,v0009,a7a93a58-0185-4a02-be01-554e229a1446,v0529,Maxwell@display=pairwise
v0529,v0009,31f2608d-f3b7-4fc9-aafc-8de3b8a2dcf0,v0529,Maxwell@display=pairwise
v0529,v0529,d3550857-7c9d-4e98-8202-433d0a535e77,v0009,Maxwell@display=pairwise
v0529,v0529,db7a1735-7ea2-4e72-93df-997a3c7a0046,v0009,Maxwell@display=pairwise
v0529,v0529,4fc856c7-d2f0-44da-a97b-0af57f30e5a4,v0009,Maxwell@display=pairwise
v0529,v0529,86523267-18b8-471d-80c4-42b0069c1f65,v0009,Maxwell@display=pairwise
v0886,v0886,0d27e4a9-f2a2-41d3-ad3c-9a0fae23dbbc,v2083,Maxwell@display=pairwise
,v2083,2f9c0bcc-c712-42b9-bc2f-d02860843a89,v0886,Maxwell@display=pairwise
v2083,v0886,3d6a7a0d-a5fb-4cec-a5e2-3fe1b81d04db,v2083,Maxwell@display=pairwise
v2083,v2083,43641f2c-9c5f-4450-a8d2-51e7dde0ec97,v0886,Maxwell@display=pairwise
v0886,v2083,c9e36c3c-b003-43bc-8558-26d476b0a20d,v0886,Maxwell@display=pairwise
,v2083,bc760378-ddd6-4614-a376-7a3c39de225e,v0886,Maxwell@display=pairwise
v0886,v2083,7ccb1601-429e-4e0c-a822-991e9abf2075,v0886,Maxwell@display=pairwise
v0886,v0886,2b257334-db97-4865-a3f7-4c4f89b0b221,v2083,Maxwell@display=pairwise
v2083,v2083,992cc7e1-caa5-4e29-9a5c-8107bae22aaa,v0886,Maxwell@display=pairwise
,v2083,d0c823c4-c423-43a3-96bb-7f91f3fd8621,v0886,Maxwell@display=pairwise
v2525,v2525,c73b084f-a159-4874-a879-0f2414ececaf,v1190,Maxwell@display=pairwise
v2525,v1190,08acb1cc-935b-4495-af50-070631f21ee8,v2525,Maxwell@display=pairwise
v2525,v2525,da27f497-76a6-4237-94e9-559acb0ba008,v1190,Maxwell@display=pairwise
v1190,v1190,20d9d51e-231e-4048-90ac-ae0f2f6906d1,v2525,Maxwell@display=pairwise
v2525,v2525,4e2adbe1-fa03-4f25-a561-baae089d8201,v1190,Maxwell@display=pairwise
v1190,v2525,21cdd095-3223-44a1-bbae-ecc5b4f9c9aa,v1190,Maxwell@display=pairwise
v1190,v2525,14ec1f3e-c047-4d13-a2d6-76da32d9ed62,v1190,Maxwell@display=pairwise
v1190,v2525,28078593-bd58-4e49-88f5-c7909b406342,v1190,Maxwell@display=pairwise
v1190,v1190,c7d90a87-a380-46b6-af6f-fad86d1c1757,v2525,Maxwell@display=pairwise
v1190,v2525,c2931a8d-05d8-4b93-b015-421665fe4364,v1190,Maxwell@display=pairwise
v4537,v4125,c73b084f-a159-4874-a879-0f2414ececaf,v4537,Maxwell@display=pairwise
v4537,v4537,a9591a8a-3147-43f9-969a-2603ca967f9e,v4125,Maxwell@display=pairwise
v4537,v4125,3ceee84d-5b67-4517-bb80-572756bac2c2,v4537,Maxwell@display=pairwise
,v4537,e42b4bc8-b2f0-4389-a27e-dbe89657a412,v4125,Maxwell@display=pairwise
v4537,v4125,259688ae-f706-4f41-ade3-4a17e052e824,v4537,Maxwell@display=pairwise
v4537,v4537,b58bcd1e-4867-4ba6-9533-eb6b845c805d,v4125,Maxwell@display=pairwise
v4537,v4125,1d9a8b4d-ed7d-4236-a2d3-b3e34d6c186b,v4537,Maxwell@display=pairwise
v4537,v4537,bcfcab6f-59dd-4283-a999-0696e9e4835f,v4125,Maxwell@display=pairwise
v4537,v4537,5090394e-8d39-48a3-b78a-4dff5726117d,v4125,Maxwell@display=pairwise
v4537,v4125,a4914634-9c3a-4b63-ba2f-eae01b722ce6,v4537,Maxwell@display=pairwise
,v3065,c73b084f-a159-4874-a879-0f2414ececaf,v0824,Maxwell@display=pairwise
v3065,v3065,61f12ee8-b502-480f-96d7-2d477220aa9d,v0824,Maxwell@display=pairwise
v3065,v3065,df148d87-9cdb-4f62-b773-355587d7b51f,v0824,Maxwell@display=pairwise
v3065,v3065,2d1de15b-04c3-4111-abe6-569785e78caa,v0824,Maxwell@display=pairwise
,v0824,2d1de15b-04c3-4111-abe6-569785e78caa,v3065,Maxwell@display=pairwise
v0824,v3065,1a554cd6-a958-4409-801f-f6700b3c42ab,v0824,Maxwell@display=pairwise
v3065,v3065,75ce2d58-ecbb-4ede-bd93-43b99bca8d46,v0824,Maxwell@display=pairwise
v3065,v0824,58cd42ca-ab8e-42e2-b642-894b9b5a51b9,v3065,Maxwell@display=pairwise
v0824,v0824,86a3ac5a-2140-48bb-bde9-f02ac7191d29,v3065,Maxwell@display=pairwise
v3065,v0824,5f5c5157-bc4e-4779-9793-2661ff057066,v3065,Maxwell@display=pairwise
v1859,v1859,c73b084f-a159-4874-a879-0f2414ececaf,v2063,Maxwell@display=pairwise
v1859,v1859,08acb1cc-935b-4495-af50-070631f21ee8,v2063,Maxwell@display=pairwise
v1859,v2063,d71a87a3-844a-46bd-9968-6f2321da861a,v1859,Maxwell@display=pairwise
v1859,v1859,99d92158-abae-45a9-b49b-737ab2119fa3,v2063,Maxwell@display=pairwise
v1859,v2063,d94bd8df-f652-447c-ac56-476a6b31f32b,v1859,Maxwell@display=pairwise
v1859,v2063,4c52ed79-8845-42cb-aab9-05e6faee8c9f,v1859,Maxwell@display=pairwise
v1859,v2063,77f10c27-943f-4d00-aeb6-e59251587929,v1859,Maxwell@display=pairwise
v1859,v2063,335527d0-7d2d-491b-a6e2-4c92ce9b4edc,v1859,Maxwell@display=pairwise
v1859,v2063,a36304a0-0663-4875-8856-0bae1782c522,v1859,Maxwell@display=pairwise
v1859,v2063,1d2fe3ac-663b-4f21-b03e-4a409a53669e,v1859,Maxwell@display=pairwise
v4511,v1447,c73b084f-a159-4874-a879-0f2414ececaf,v4511,Maxwell@display=pairwise
v4511,v4511,a3d1f70b-d059-4df3-a624-738230878ceb,v1447,Maxwell@display=pairwise
v4511,v4511,198f7471-260c-4e71-98e1-e01c3c130b14,v1447,Maxwell@display=pairwise
v4511,v1447,df148d87-9cdb-4f62-b773-355587d7b51f,v4511,Maxwell@display=pairwise
v4511,v4511,a59e7494-5d6d-4bca-a5c0-7c769da374f1,v1447,Maxwell@display=pairwise
v4511,v1447,1a554cd6-a958-4409-801f-f6700b3c42ab,v4511,Maxwell@display=pairwise
v4511,v4511,3665f070-cce1-4979-995c-d117a13742ab,v1447,Maxwell@display=pairwise
v4511,v4511,af6e2deb-376c-413f-a86c-f5a9716169c9,v1447,Maxwell@display=pairwise
v4511,v1447,2c834ab6-0751-4690-918f-5398a2160f15,v4511,Maxwell@display=pairwise
v4511,v1447,298bd5e1-5cb8-4d9b-b7a7-2d7fcac00e91,v4511,Maxwell@display=pairwise
v0530,v0530,c73b084f-a159-4874-a879-0f2414ececaf,v0009,Maxwell@display=pairwise
v0530,v0009,a8b97762-73b3-4044-9b22-306bc8e61f40,v0530,Maxwell@display=pairwise
v0530,v0530,586bb006-6a93-4927-ae5a-9b4956bceaa8,v0009,Maxwell@display=pairwise
v0530,v0530,df58efd8-87a4-48d7-a704-7a213671bf20,v0009,Maxwell@display=pairwise
v0530,v0009,50b29053-fdd9-4485-920f-42263ca9e9fb,v0530,Maxwell@display=pairwise
v0009,v0009,b6d8df5e-5610-473b-bd40-79fdcdfbdcdd,v0530,Maxwell@display=pairwise
v0009,v0530,1dee3556-55f2-4afa-9290-ed47655d33bb,v0009,Maxwell@display=pairwise
v0530,v0009,cea10608-7dfd-4bf7-bf4e-af4e8d7dac5e,v0530,Maxwell@display=pairwise
v0009,v0009,8af492ec-8e66-4d99-a408-22dea1cbafd6,v0530,Maxwell@display=pairwise
v0009,v0009,279550f0-7625-4018-86e5-b8da97d50081,v0530,Maxwell@display=pairwise
v2349,v1859,c73b084f-a159-4874-a879-0f2414ececaf,v2349,Maxwell@display=pairwise
v1859,v2349,b8ec5d7b-dc37-4949-b5af-d89363f49439,v1859,Maxwell@display=pairwise
v2349,v2349,2361ceac-d622-404d-ad76-7e85d587926e,v1859,Maxwell@display=pairwise
v2349,v1859,10db6cd5-e713-42ac-9a20-3961ec3c3cbb,v2349,Maxwell@display=pairwise
v1859,v2349,c9e36c3c-b003-43bc-8558-26d476b0a20d,v1859,Maxwell@display=pairwise
v2349,v1859,afb40d45-bed5-4152-bfe2-7fce395f5e35,v2349,Maxwell@display=pairwise
v2349,v1859,4db85d74-0f6b-4231-9f89-f26a362394c5,v2349,Maxwell@display=pairwise
v2349,v1859,0dfde53f-a1c3-4854-9c02-3e41d9086ece,v2349,Maxwell@display=pairwise
,v1859,7c3b36dd-81f3-4842-90d1-41f8d139292a,v2349,Maxwell@display=pairwise
v2349,v2349,2feaf824-0ccc-4894-9bb4-63c40c53fe04,v1859,Maxwell@display=pairwise
,v1025,c73b084f-a159-4874-a879-0f2414ececaf,v0529,Maxwell@display=pairwise
,v1025,f19facc3-19e1-44d0-b4a8-eb2b60cb7a57,v0529,Maxwell@display=pairwise
v1025,v1025,7ed39ffd-82b7-4d82-b17c-073138b844a6,v0529,Maxwell@display=pairwise
v0529,v1025,0d3dafc8-efe4-4f72-8d19-f15b19149fe4,v0529,Maxwell@display=pairwise
,v1025,551170cd-eec1-45e1-8fcb-38d560259044,v0529,Maxwell@display=pairwise
v1025,v0529,3b229a65-310a-43d5-a784-9b94a939355b,v1025,Maxwell@display=pairwise
v1025,v1025,3b229a65-310a-43d5-a784-9b94a939355b,v0529,Maxwell@display=pairwise
v0529,v0529,4dbcfd34-f760-41d7-bc1e-0220aee5da69,v1025,Maxwell@display=pairwise
,v1025,d5eb3ad8-a6f8-4d74-bc5b-9937bb2277b4,v0529,Maxwell@display=pairwise
v0529,v0529,7829a094-b56d-4784-81b4-d56f0af9d0ee,v1025,Maxwell@display=pairwise
,v4048,c73b084f-a159-4874-a879-0f2414ececaf,v3355,Maxwell@display=pairwise
v4048,v3355,1f8bd8c6-3318-40af-a7a4-5f919048341c,v4048,Maxwell@display=pairwise
,v3355,e50db2a7-868c-4b82-af9c-456e23753e56,v4048,Maxwell@display=pairwise
v4048,v4048,7b37ac90-7282-45c2-a24a-6ed9b9860183,v3355,Maxwell@display=pairwise
v4048,v4048,b37cf829-f3ab-45f0-b043-f1ab634e7a57,v3355,Maxwell@display=pairwise
,v3355,2987197e-d01c-46fa-bfae-419ca1a44316,v4048,Maxwell@display=pairwise
v4048,v4048,d4bb2ace-733e-49f7-9178-3c58fe2fb813,v3355,Maxwell@display=pairwise
v4048,v3355,c8663594-fd63-46c0-be02-64eede925ed2,v4048,Maxwell@display=pairwise
v4048,v3355,ea62dadb-d0bf-416b-a83e-6823c24a7822,v4048,Maxwell@display=pairwise
,v3355,7ab27881-57d1-40b8-85da-a40a47dc49c2,v4048,Maxwell@display=pairwise
v0032,v0314,c73b084f-a159-4874-a879-0f2414ececaf,v0032,Maxwell@display=pairwise
v0314,v0032,3ae23a3a-cf84-443a-bd7a-188731da4225,v0314,Maxwell@display=pairwise
v0032,v0032,9854f14d-4021-4f1b-80e7-36a684ed2e92,v0314,Maxwell@display=pairwise
v0032,v0314,5bb3993d-a33e-4c46-b25a-22c22b9ad7a0,v0032,Maxwell@display=pairwise
v0032,v0314,d5e997d9-e2c0-46e2-a2f7-ac9521784839,v0032,Maxwell@display=pairwise
v0032,v0032,95a7cc06-df48-4cae-9aec-7e23717e0f71,v0314,Maxwell@display=pairwise
v0032,v0032,5e2da638-96bd-419b-acdd-1f0e0cd35933,v0314,Maxwell@display=pairwise
v0032,v0314,86c3fdc9-9648-4efc-ba1f-d8b06b701e87,v0032,Maxwell@display=pairwise
v0314,v0314,bdcbadd2-3661-4ece-a668-ae3da62a8e23,v0032,Maxwell@display=pairwise
,v0314,5db812e2-a89e-42af-b619-98c02720d311,v0032,Maxwell@display=pairwise
v4034,v0314,c73b084f-a159-4874-a879-0f2414ececaf,v4034,Maxwell@display=pairwise
v4034,v0314,73b8fd64-9133-4f24-8a85-fff5b1719300,v4034,Maxwell@display=pairwise
v4034,v0314,47057ac9-d439-4fab-985e-0d08a0ad2903,v4034,Maxwell@display=pairwise
v4034,v0314,d67a763c-3129-46e5-8a1c-450bff6ca19d,v4034,Maxwell@display=pairwise
v4034,v4034,c1e5dd48-6b4f-42c3-b070-b362047520ac,v0314,Maxwell@display=pairwise
v4034,v4034,5e2da638-96bd-419b-acdd-1f0e0cd35933,v0314,Maxwell@display=pairwise
v4034,v0314,00f56657-9793-4120-8471-bde6bce8e544,v4034,Maxwell@display=pairwise
v4034,v4034,bb124c47-757c-4a7c-a0d4-8c10f384baa9,v0314,Maxwell@display=pairwise
v4034,v0314,c8663594-fd63-46c0-be02-64eede925ed2,v4034,Maxwell@display=pairwise
v4034,v4034,40161584-d61e-4b6d-a54b-90b0a53f914e,v0314,Maxwell@display=pairwise
v2419,v1703,c73b084f-a159-4874-a879-0f2414ececaf,v2419,Maxwell@display=pairwise
v1703,v2419,51a741d8-2e85-48fb-a41a-ec0b312ce2e7,v1703,Maxwell@display=pairwise
v1703,v1703,e31be515-887d-4ea7-94f6-f82b0cf24a2c,v2419,Maxwell@display=pairwise
v2419,v1703,91b93af1-fc38-4f56-bd97-9f14882417a4,v2419,Maxwell@display=pairwise
v2419,v1703,5cbb4909-5759-4ec5-b2d8-e2eddbd9f86e,v2419,Maxwell@display=pairwise
v1703,v1703,aa873e42-f4c4-4b06-8b86-c8d47ffd4b9a,v2419,Maxwell@display=pairwise
v1703,v2419,e2414b46-7c69-407b-9c61-a18878f36403,v1703,Maxwell@display=pairwise
v2419,v2419,3267d3c7-b874-4b3e-805a-dd7a7c57ca1c,v1703,Maxwell@display=pairwise
v2419,v2419,bd1d8225-a753-4e92-adc4-0e5e9b328f9b,v1703,Maxwell@display=pairwise
v1703,v1703,5db812e2-a89e-42af-b619-98c02720d311,v2419,Maxwell@display=pairwise
v1703,v3292,c73b084f-a159-4874-a879-0f2414ececaf,v1703,Maxwell@display=pairwise
v1703,v1703,6b2b3509-e864-4edb-9850-8fc1b129866b,v3292,Maxwell@display=pairwise
v1703,v3292,d94b8de3-c43e-4516-bac0-6ff3f686dfee,v1703,Maxwell@display=pairwise
v1703,v3292,d94b8de3-c43e-4516-bac0-6ff3f686dfee,v1703,Maxwell@display=pairwise
v3292,v3292,3518d8aa-f924-4243-b3f7-e6f08c02daae,v1703,Maxwell@display=pairwise
,v1703,d09c64e0-a2da-48ef-bc62-4b215947cae7,v3292,Maxwell@display=pairwise
v3292,v1703,73a73e84-049f-4333-b732-088c123456d5,v3292,Maxwell@display=pairwise
v3292,v3292,5205edb7-6d64-4112-ae96-e72eec1451b2,v1703,Maxwell@display=pairwise
v3292,v3292,5205edb7-6d64-4112-ae96-e72eec1451b2,v1703,Maxwell@display=pairwise
v1703,v3292,112054de-a4f8-40be-8531-03283774f811,v1703,Maxwell@display=pairwise
v4097,v4097,c73b084f-a159-4874-a879-0f2414ececaf,v0094,Maxwell@display=pairwise
v4097,v0094,6e957163-5267-4260-b5fe-b318884a96b4,v4097,Maxwell@display=pairwise
v4097,v0094,6e957163-5267-4260-b5fe-b318884a96b4,v4097,Maxwell@display=pairwise
v4097,v4097,30f85572-69e4-41c3-97d8-25f74a2a229a,v0094,Maxwell@display=pairwise
v4097,v0094,97128514-e916-4347-930c-bb37857c48c0,v4097,Maxwell@display=pairwise
v4097,v4097,86ac8bcb-62d0-479c-a775-8d1fbd5ee8c9,v0094,Maxwell@display=pairwise
v0094,v4097,1cb93b11-5310-4d5c-a726-b413659dd3b8,v0094,Maxwell@display=pairwise
v4097,v0094,f540594e-acb6-4701-95ba-930d80b00b7a,v4097,Maxwell@display=pairwise
v4097,v0094,f540594e-acb6-4701-95ba-930d80b00b7a,v4097,Maxwell@display=pairwise
v4097,v0094,ced05eb2-a974-4dcf-89fb-bf893f78b6aa,v4097,Maxwell@display=pairwise
v4166,v1703,66f82223-0c04-41f2-878a-95e442efba38,v4166,Maxwell@display=pairwise
v4166,v4166,c12316ba-19d8-4db6-aa66-b424906ea895,v1703,Maxwell@display=pairwise
v4166,v1703,8bd3e413-e73f-4b53-95b8-506af8c32cdf,v4166,Maxwell@display=pairwise
v4166,v1703,fe6afd5a-8da5-49b6-af0b-9f6049662f8b,v4166,Maxwell@display=pairwise
v1703,v4166,5e14c80c-d87f-446e-9e94-80c9c0a62c3b,v1703,Maxwell@display=pairwise
v4166,v4166,cf421e49-e692-42d6-98e8-aae5324da76e,v1703,Maxwell@display=pairwise
v4166,v1703,4150d97c-eefc-4853-8768-c3caf08a8bcc,v4166,Maxwell@display=pairwise
v1703,v1703,847d79d3-f147-41e8-91ea-6097016d7bb0,v4166,Maxwell@display=pairwise
v4166,v1703,d587e507-f0f2-4be9-b688-318429aa0988,v4166,Maxwell@display=pairwise
v4166,v1703,fa6e8487-24cc-4eaf-a6da-de0bb42be6ff,v4166,Maxwell@display=pairwise
v2635,v0886,66f82223-0c04-41f2-878a-95e442efba38,v2635,Maxwell@display=pairwise
v2635,v0886,c73de61c-2ffb-43a7-bb2b-9153ac84e57d,v2635,Maxwell@display=pairwise
v0886,v2635,8f373fcb-9f72-4cee-a804-75fa3cb722cd,v0886,Maxwell@display=pairwise
v2635,v0886,c2c5d1ea-6807-4bdd-a0f0-5694bf04fe9b,v2635,Maxwell@display=pairwise
v0886,v0886,e7003b82-7f53-47ce-b372-430970be62d0,v2635,Maxwell@display=pairwise
,v0886,f085de64-19bb-4f44-9ae2-2dc5700abca0,v2635,Maxwell@display=pairwise
v2635,v2635,7923b5e3-11d0-48ca-937d-4b08a7ecead4,v0886,Maxwell@display=pairwise
v2635,v2635,bb124c47-757c-4a7c-a0d4-8c10f384baa9,v0886,Maxwell@display=pairwise
v0886,v2635,ea62dadb-d0bf-416b-a83e-6823c24a7822,v0886,Maxwell@display=pairwise
,v0886,088c8375-45de-4caf-8da5-b1d72abe0de0,v2635,Maxwell@display=pairwise
v1984,v1984,f70aaa7a-e3fb-4755-83d7-172c47cfed0b,v2828,Maxwell@display=pairwise
v1984,v2828,8a3343fa-29bf-4b98-87d2-10dba3c9ce8f,v1984,Maxwell@display=pairwise
v2828,v2828,e42b4bc8-b2f0-4389-a27e-dbe89657a412,v1984,Maxwell@display=pairwise
v1984,v1984,7c68e2ea-165f-4e18-af3c-a2f8199fcbd9,v2828,Maxwell@display=pairwise
v1984,v1984,d83aba4d-3e51-4ba3-9f02-e7119f127b9e,v2828,Maxwell@display=pairwise
v2828,v1984,86a3ac5a-2140-48bb-bde9-f02ac7191d29,v2828,Maxwell@display=pairwise
v2828,v1984,861d34a8-3e75-48a1-85aa-76f71123f8f5,v2828,Maxwell@display=pairwise
v2828,v2828,66f82223-0c04-41f2-878a-95e442efba38,v1984,Maxwell@display=pairwise
v1984,v1984,d71a87a3-844a-46bd-9968-6f2321da861a,v2828,Maxwell@display=pairwise
v1984,v1984,730d1fc7-c570-412c-8d46-89d91d650c41,v2828,Maxwell@display=pairwise
v2419,v2419,66f82223-0c04-41f2-878a-95e442efba38,v0162,Maxwell@display=pairwise
v2419,v2419,83d505a2-2b0d-4ae8-8f57-e375dcc387ac,v0162,Maxwell@display=pairwise
v2419,v0162,8590a9f9-2ebf-4c1a-92e7-b7ed9bf29a0e,v2419,Maxwell@display=pairwise
v0162,v2419,68f9fc6d-5215-4fa5-b428-049b8066252a,v0162,Maxwell@display=pairwise
v2419,v2419,c3da73c8-c221-4822-b9db-e6a75018931f,v0162,Maxwell@display=pairwise
v0162,v2419,e2414b46-7c69-407b-9c61-a18878f36403,v0162,Maxwell@display=pairwise
v2419,v2419,8495c523-2b4b-49a1-86b4-5210ff9e0038,v0162,Maxwell@display=pairwise
v2419,v2419,690c2e17-352c-4b13-88ff-f1e031cfec7e,v0162,Maxwell@display=pairwise
v2419,v2419,d5eb3ad8-a6f8-4d74-bc5b-9937bb2277b4,v0162,Maxwell@display=pairwise
,v0162,da7d4669-ee69-4b69-9548-38fdb95e66a3,v2419,Maxwell@display=pairwise
v2519,v1394,66f82223-0c04-41f2-878a-95e442efba38,v2519,Maxwell@display=pairwise
v2519,v1394,61f12ee8-b502-480f-96d7-2d477220aa9d,v2519,Maxwell@display=pairwise
v2519,v1394,60697061-3fc4-4137-9789-63e68e409f11,v2519,Maxwell@display=pairwise
v2519,v2519,203b013a-c242-47ba-89dd-a2c609192d10,v1394,Maxwell@display=pairwise
v2519,v2519,912ff3ea-9faf-4081-b27b-1ba77372b348,v1394,Maxwell@display=pairwise
v2519,v2519,026c8690-22a2-4ca3-b37e-73c29dcf0858,v1394,Maxwell@display=pairwise
v2519,v1394,0ffc9aa5-c779-44ce-acc6-ab9cc92a02fb,v2519,Maxwell@display=pairwise
v2519,v1394,f1338919-3049-404e-9297-43ad044caf39,v2519,Maxwell@display=pairwise
v2519,v2519,1044f2df-2216-4864-baa0-ea94b11f6744,v1394,Maxwell@display=pairwise
v2519,v1394,16741407-ab8f-42d4-a0de-61154fca3785,v2519,Maxwell@display=pairwise
v2519,v2519,66f82223-0c04-41f2-878a-95e442efba38,v3740,Maxwell@display=pairwise
v3740,v2519,df148d87-9cdb-4f62-b773-355587d7b51f,v3740,Maxwell@display=pairwise
v3740,v3740,df148d87-9cdb-4f62-b773-355587d7b51f,v2519,Maxwell@display=pairwise
v2519,v3740,6720d5b6-4318-4c40-9831-c43eee9e9653,v2519,Maxwell@display=pairwise
v2519,v3740,6720d5b6-4318-4c40-9831-c43eee9e9653,v2519,Maxwell@display=pairwise
v2519,v2519,0ffc9aa5-c779-44ce-acc6-ab9cc92a02fb,v3740,Maxwell@display=pairwise
v2519,v2519,0ffc9aa5-c779-44ce-acc6-ab9cc92a02fb,v3740,Maxwell@display=pairwise
v2519,v3740,93650a77-b874-44f5-a36e-8c9163eee72e,v2519,Maxwell@display=pairwise
v2519,v2519,8af492ec-8e66-4d99-a408-22dea1cbafd6,v3740,Maxwell@display=pairwise
v2519,v3740,088c8375-45de-4caf-8da5-b1d72abe0de0,v2519,Maxwell@display=pairwise
v2889,v2889,66f82223-0c04-41f2-878a-95e442efba38,v0032,Maxwell@display=pairwise
v2889,v2889,d02f408f-c495-4a1f-83e0-411da8e86fed,v0032,Maxwell@display=pairwise
v0032,v0032,91b93af1-fc38-4f56-bd97-9f14882417a4,v2889,Maxwell@display=pairwise
v0032,v2889,e482d7ac-4b6f-4cff-b1d2-3e634bf5c721,v0032,Maxwell@display=pairwise
,v2889,c6a5f67c-5e3c-447c-8dd4-cf7aa57bb617,v0032,Maxwell@display=pairwise
v0032,v0032,ae30bc61-78e0-4361-a5bc-9e7c1bbf8f1c,v2889,Maxwell@display=pairwise
v0032,v2889,18dda76c-d54a-40a2-9768-d2dc4378804e,v0032,Maxwell@display=pairwise
v2889,v2889,5b7f9010-471e-4f05-967c-a840f99bbcaf,v0032,Maxwell@display=pairwise
v2889,v2889,4102f50c-9bd0-46b1-a432-2abc3ac76044,v0032,Maxwell@display=pairwise
v0032,v2889,6832a87e-ad5d-4854-bee6-4ec447d48143,v0032,Maxwell@display=pairwise
,v4235,66f82223-0c04-41f2-878a-95e442efba38,v0529,Maxwell@display=pairwise
,v4235,4901352b-32bd-48cb-9460-5bb67e875f40,v0529,Maxwell@display=pairwise
v4235,v0529,c807ebed-1cf6-4d16-a376-9d47740f211c,v4235,Maxwell@display=pairwise
v4235,v4235,05e840a4-3de4-447b-b859-e633d767fd6a,v0529,Maxwell@display=pairwise
v4235,v4235,70b41da2-de44-482d-b32a-5aaa4502ce19,v0529,Maxwell@display=pairwise
v4235,v0529,027d3766-10fa-4410-bda9-dfabae5b973f,v4235,Maxwell@display=pairwise
v4235,v0529,cd7370ec-f239-4919-be0d-7c980be77ec7,v4235,Maxwell@display=pairwise
,v0529,40161584-d61e-4b6d-a54b-90b0a53f914e,v4235,Maxwell@display=pairwise
v4235,v0529,1ac54074-3b46-420d-be1a-9370fec2a3d9,v4235,Maxwell@display=pairwise
v4235,v0529,8af492ec-8e66-4d99-a408-22dea1cbafd6,v4235,Maxwell@display=pairwise
v3555,v1397,66f82223-0c04-41f2-878a-95e442efba38,v3555,Maxwell@display=pairwise
v3555,v3555,6e87b8ed-dbb8-4ce3-b2d9-00d2e608daca,v1397,Maxwell@display=pairwise
v3555,v3555,52b1311f-d563-4bed-8528-b0a80a845ed3,v1397,Maxwell@display=pairwise
v3555,v1397,1a554cd6-a958-4409-801f-f6700b3c42ab,v3555,Maxwell@display=pairwise
v3555,v3555,e37a04cf-5cb9-4c24-b268-428f04b630ae,v1397,Maxwell@display=pairwise
v3555,v1397,c602f6cd-39d9-4602-ae7e-64276e63f32d,v3555,Maxwell@display=pairwise
v3555,v3555,72650adb-e74b-4566-aece-9fbc4d64d47d,v1397,Maxwell@display=pairwise
v3555,v1397,7321c6b3-7020-45e2-bb9d-2ab101e5c7ae,v3555,Maxwell@display=pairwise
v1397,v1397,d41c6ea1-955c-405c-a5d3-b7d3d9114699,v3555,Maxwell@display=pairwise
v1397,v1397,5db812e2-a89e-42af-b619-98c02720d311,v3555,Maxwell@display=pairwise
,v1984,66f82223-0c04-41f2-878a-95e442efba38,v0032,Maxwell@display=pairwise
v1984,v0032,047e4203-0585-4d9b-9859-1744b143e682,v1984,Maxwell@display=pairwise
v1984,v0032,1f8bd8c6-3318-40af-a7a4-5f919048341c,v1984,Maxwell@display=pairwise
v1984,v0032,dc1081cb-7773-4571-b027-33c4446f75ed,v1984,Maxwell@display=pairwise
v0032,v1984,c377aeaf-60e4-4bc1-8080-5619345d590c,v0032,Maxwell@display=pairwise
v1984,v0032,5fa03c38-e27e-4f64-8734-7be0dfe4d9c7,v1984,Maxwell@display=pairwise
v1984,v0032,d0ad4187-7811-434d-a93d-afbb3b6b1ad7,v1984,Maxwell@display=pairwise
v1984,v1984,8165ec89-da1a-443f-9c35-12bd6162de30,v0032,Maxwell@display=pairwise
v0032,v1984,f6f6b226-3ab0-4a3c-84fb-0ce9390db359,v0032,Maxwell@display=pairwise
v1984,v0032,f31347b5-4dd9-48d6-9c55-c095b5716f4b,v1984,Maxwell@display=pairwise
v4097,v4097,66f82223-0c04-41f2-878a-95e442efba38,v1394,Maxwell@display=pairwise
v4097,v4097,7d4a4252-1531-470f-ab07-6f334dace1b9,v1394,Maxwell@display=pairwise
v4097,v4097,2b3373d8-d55d-4fe9-8c30-800e1e6ed65f,v1394,Maxwell@display=pairwise
v4097,v4097,30f85572-69e4-41c3-97d8-25f74a2a229a,v1394,Maxwell@display=pairwise
v4097,v4097,5bb3993d-a33e-4c46-b25a-22c22b9ad7a0,v1394,Maxwell@display=pairwise
v4097,v1394,37e2fd1c-8e32-4deb-bec9-a4ed41c99e10,v4097,Maxwell@display=pairwise
v4097,v1394,377b66e2-ae54-4e8b-bd72-393052e435d4,v4097,Maxwell@display=pairwise
v4097,v1394,ccaef3a0-85de-4b7b-97a8-f6c96128a6b0,v4097,Maxwell@display=pairwise
v4097,v4097,d5eb3ad8-a6f8-4d74-bc5b-9937bb2277b4,v1394,Maxwell@display=pairwise
v4097,v1394,088c8375-45de-4caf-8da5-b1d72abe0de0,v4097,Maxwell@display=pairwise
v3065,v0529,66f82223-0c04-41f2-878a-95e442efba38,v3065,Maxwell@display=pairwise
,v3065,45e47aba-742a-412f-9b0b-ac8a74e2f809,v0529,Maxwell@display=pairwise
v3065,v3065,11bb2619-b3e8-49bd-99e6-dbd83100c5be,v0529,Maxwell@display=pairwise
v0529,v0529,9c031cfb-cda8-4869-acc8-11ec9ff4d69f,v3065,Maxwell@display=pairwise
v3065,v0529,091f402d-0095-4fa9-9ace-d3b0675c296f,v3065,Maxwell@display=pairwise
v0529,v3065,184ea99b-88b2-410a-8041-f9980509d0f3,v0529,Maxwell@display=pairwise
,v0529,90741ce5-a5d8-4430-8051-715ff3ef5e49,v3065,Maxwell@display=pairwise
v3065,v0529,50d836a8-9b8a-4427-9d9e-d47323c64913,v3065,Maxwell@display=pairwise
v3065,v3065,12af1ee7-72cf-412b-95e3-35dd7ad7d1d6,v0529,Maxwell@display=pairwise
,v3065,da7d4669-ee69-4b69-9548-38fdb95e66a3,v0529,Maxwell@display=pairwise
v2083,v1984,66f82223-0c04-41f2-878a-95e442efba38,v2083,Maxwell@display=pairwise
,v2083,b444b366-4acf-4de2-bf8f-886c7ae9b36b,v1984,Maxwell@display=pairwise
v2083,v1984,b0f8077d-dcab-4219-bb3b-100afaafa26d,v2083,Maxwell@display=pairwise
v2083,v2083,2e51a290-d08f-4b97-b0d1-c0cca3833712,v1984,Maxwell@display=pairwise
v1984,v1984,75b75480-7063-484c-9328-642307386043,v2083,Maxwell@display=pairwise
v2083,v2083,e12b1db4-dd6b-4bd8-8b4c-d48269f88d44,v1984,Maxwell@display=pairwise
v2083,v2083,92b4633f-85e8-427d-a008-08fcc93e15e9,v1984,Maxwell@display=pairwise
v1984,v2083,aabfee8b-fee9-4c73-bd6b-0a4b92c72528,v1984,Maxwell@display=pairwise
v1984,v1984,c8663594-fd63-46c0-be02-64eede925ed2,v2083,Maxwell@display=pairwise
v2083,v2083,1581d9ba-baf0-47a6-9d2b-56bf103d5193,v1984,Maxwell@display=pairwise
v1859,v3065,52b1311f-d563-4bed-8528-b0a80a845ed3,v1859,Maxwell@display=pairwise
v1859,v3065,97128514-e916-4347-930c-bb37857c48c0,v1859,Maxwell@display=pairwise
v1859,v3065,a1e319ac-953b-46f3-b0d8-c4b43561d7fe,v1859,Maxwell@display=pairwise
v1859,v3065,377b66e2-ae54-4e8b-bd72-393052e435d4,v1859,Maxwell@display=pairwise
,v1859,5db812e2-a89e-42af-b619-98c02720d311,v3065,Maxwell@display=pairwise
v1859,v1859,e4076421-c718-4550-a279-71b8f41de5fd,v3065,Maxwell@display=pairwise
v1859,v1859,dc8279b9-0d8c-454c-b75d-13d31c30843d,v3065,Maxwell@display=pairwise
v1859,v3065,241ac689-1c0f-402c-8926-bf6506467a28,v1859,Maxwell@display=pairwise
v1859,v1859,66f82223-0c04-41f2-878a-95e442efba38,v3065,Maxwell@display=pairwise
v1859,v1859,394306dc-2895-4b57-927b-ea57c3a2bf45,v3065,Maxwell@display=pairwise
v3292,v2181,66f82223-0c04-41f2-878a-95e442efba38,v3292,Maxwell@display=pairwise
v2181,v2181,48f2cfa8-d531-4045-860b-2c824728d65e,v3292,Maxwell@display=pairwise
v2181,v2181,9fd16a85-5a0f-420e-85a4-099e823c41bc,v3292,Maxwell@display=pairwise
v2181,v3292,e71f0be5-2d3f-4bc9-9407-a2dce3a16b91,v2181,Maxwell@display=pairwise
v2181,v2181,2dd89ba6-d0b2-4975-8d14-d6d471fa562e,v3292,Maxwell@display=pairwise
,v2181,379768c0-f55e-4655-bf28-0d6c6b75c288,v3292,Maxwell@display=pairwise
v2181,v3292,42e75c72-a6d9-474d-9ddf-9a3b32f8ff9a,v2181,Maxwell@display=pairwise
v2181,v2181,291f1ce5-afb6-47f8-bf06-629bc6007f6a,v3292,Maxwell@display=pairwise
v2181,v3292,17ba7ccf-cde9-4ecc-92d6-17c706087da2,v2181,Maxwell@display=pairwise
v2181,v3292,cea10608-7dfd-4bf7-bf4e-af4e8d7dac5e,v2181,Maxwell@display=pairwise
v2328,v2328,394306dc-2895-4b57-927b-ea57c3a2bf45,v0094,Maxwell@display=pairwise
v2328,v2328,01aa3ef5-bb24-4ab5-b3ff-0a4149e4a304,v0094,Maxwell@display=pairwise
v2328,v0094,b6634fbf-fd8c-4256-96b7-8dbfefd99757,v2328,Maxwell@display=pairwise
v2328,v2328,ae30bc61-78e0-4361-a5bc-9e7c1bbf8f1c,v0094,Maxwell@display=pairwise
v2328,v2328,9aac4b2a-3c36-47d6-b244-1cda70ad1743,v0094,Maxwell@display=pairwise
v2328,v0094,8c720eee-ed3e-49c7-87d6-11f9c7e89f0f,v2328,Maxwell@display=pairwise
v2328,v2328,07a3654d-ca98-438e-b300-d0ee18dcb45f,v0094,Maxwell@display=pairwise
v2328,v0094,1044f2df-2216-4864-baa0-ea94b11f6744,v2328,Maxwell@display=pairwise
v2328,v0094,1ecf32ce-e1db-4d42-b15f-56df3d197faa,v2328,Maxwell@display=pairwise
v2328,v0094,2168499d-6438-474d-96fc-7346737ee935,v2328,Maxwell@display=pairwise
v2328,v3175,394306dc-2895-4b57-927b-ea57c3a2bf45,v2328,Maxwell@display=pairwise
v3175,v3175,4816403d-b202-4e68-a3f1-f212baf4c17a,v2328,Maxwell@display=pairwise
,v3175,b444b366-4acf-4de2-bf8f-886c7ae9b36b,v2328,Maxwell@display=pairwise
v3175,v3175,586bb006-6a93-4927-ae5a-9b4956bceaa8,v2328,Maxwell@display=pairwise
v2328,v3175,6a7b1dd4-b79f-4017-b161-b8de06e3d2b9,v2328,Maxwell@display=pairwise
v2328,v2328,8841cf31-165a-4525-ad00-5bc3d621f9fc,v3175,Maxwell@display=pairwise
v2328,v3175,dffc54fe-ae03-4e35-a6cd-21c7789bed4e,v2328,Maxwell@display=pairwise
v2328,v3175,ac166e95-9dbb-4135-b90a-07e696f0a50c,v2328,Maxwell@display=pairwise
v2328,v2328,5db3738a-9acb-4d81-9255-362c61e080bf,v3175,Maxwell@display=pairwise
v2328,v2328,a9591a8a-3147-43f9-969a-2603ca967f9e,v3175,Maxwell@display=pairwise
v3555,v3555,1ab3015c-2a18-4a9c-9842-14c3cab722d7,v3292,Maxwell@display=pairwise
v3555,v3292,48eca316-7304-41b7-8acb-7e678a3cbf48,v3555,Maxwell@display=pairwise
v3555,v3292,1f8bd8c6-3318-40af-a7a4-5f919048341c,v3555,Maxwell@display=pairwise
v3555,v3555,394306dc-2895-4b57-927b-ea57c3a2bf45,v3292,Maxwell@display=pairwise
v3555,v3292,9d91b01f-a800-4b2b-b343-d61dc7eaf041,v3555,Maxwell@display=pairwise
v3555,v3555,b729730b-45b0-4f9e-b3be-4c661741c01b,v3292,Maxwell@display=pairwise
v3555,v3292,676d136b-aabc-4a63-9157-3a6ddacfd43f,v3555,Maxwell@display=pairwise
v3555,v3555,5ca4290f-c11a-446f-a475-6105dde0b57f,v3292,Maxwell@display=pairwise
v3555,v3555,394306dc-2895-4b57-927b-ea57c3a2bf45,v3292,Maxwell@display=pairwise
v3555,v3555,57510f28-373b-4b32-a9e5-a9c629bafe32,v3292,Maxwell@display=pairwise
v3555,v2328,394306dc-2895-4b57-927b-ea57c3a2bf45,v3555,Maxwell@display=pairwise
v3555,v2328,08acb1cc-935b-4495-af50-070631f21ee8,v3555,Maxwell@display=pairwise
v3555,v2328,8dbe2ffd-6f41-43a3-860b-153138fb521f,v3555,Maxwell@display=pairwise
v3555,v2328,79978944-2bb6-45ce-bd59-529f44c09c69,v3555,Maxwell@display=pairwise
,v2328,2c9a72d6-6d7d-4b0f-a7d4-bb0625c39190,v3555,Maxwell@display=pairwise
v2328,v3555,184ea99b-88b2-410a-8041-f9980509d0f3,v2328,Maxwell@display=pairwise
v3555,v2328,768f2d5e-4da6-4e17-a974-b681ec9fada3,v3555,Maxwell@display=pairwise
v2328,v3555,17ba7ccf-cde9-4ecc-92d6-17c706087da2,v2328,Maxwell@display=pairwise
v3555,v3555,77216a3e-dd39-43a8-8d98-9d7a2de06023,v2328,Maxwell@display=pairwise
v3555,v2328,fa6e8487-24cc-4eaf-a6da-de0bb42be6ff,v3555,Maxwell@display=pairwise
v2349,v2349,394306dc-2895-4b57-927b-ea57c3a2bf45,v3740,Maxwell@display=pairwise
v2349,v3740,3e5c0176-3c63-4689-bd8c-9948528b47de,v2349,Maxwell@display=pairwise
v2349,v3740,5288ac4e-2d63-43f3-8c9d-4af9f174f740,v2349,Maxwell@display=pairwise
v2349,v2349,6d6a6d9c-16c4-43d3-860f-2faf372131a2,v3740,Maxwell@display=pairwise
v2349,v2349,1a77d7b2-9385-4d84-b6db-2f3070895961,v3740,Maxwell@display=pairwise
v2349,v2349,258ea89f-8336-4d05-a59b-7ea1ea457784,v3740,Maxwell@display=pairwise
v2349,v3740,91c5b80b-c738-4722-8cc5-80c4da596c5f,v2349,Maxwell@display=pairwise
v2349,v2349,4dea2b70-1476-45e6-a255-7bcc1601369b,v3740,Maxwell@display=pairwise
v2349,v3740,e1ce5e37-5e67-453e-aee9-0a6e7cf6b73c,v2349,Maxwell@display=pairwise
v2349,v3740,723aa930-ec56-4066-ae75-7504ed46fa1e,v2349,Maxwell@display=pairwise
v3555,v2419,394306dc-2895-4b57-927b-ea57c3a2bf45,v3555,Maxwell@display=pairwise
v2419,v3555,faec11ec-0322-48ed-a2c7-b65d8b8ad221,v2419,Maxwell@display=pairwise
v3555,v2419,047e4203-0585-4d9b-9859-1744b143e682,v3555,Maxwell@display=pairwise
v3555,v2419,83d505a2-2b0d-4ae8-8f57-e375dcc387ac,v3555,Maxwell@display=pairwise
v3555,v2419,8c5659b8-fe6f-4539-911f-1647d4975226,v3555,Maxwell@display=pairwise
v3555,v2419,0630eeac-73c4-4677-83c8-f714f6e289a9,v3555,Maxwell@display=pairwise
v3555,v3555,e2414b46-7c69-407b-9c61-a18878f36403,v2419,Maxwell@display=pairwise
,v3555,ccaef3a0-85de-4b7b-97a8-f6c96128a6b0,v2419,Maxwell@display=pairwise
v3555,v2419,c5fb40fd-7ac9-4e0e-afbe-3c1a6c070532,v3555,Maxwell@display=pairwise
v3555,v3555,7c68e2ea-165f-4e18-af3c-a2f8199fcbd9,v2419,Maxwell@display=pairwise
v0032,v0032,394306dc-2895-4b57-927b-ea57c3a2bf45,v1447,Maxwell@display=pairwise
v0032,v0032,77ef258d-f371-4535-9484-4b3f05f01108,v1447,Maxwell@display=pairwise
,v0032,399c3875-4111-41c4-b788-79e32772e36d,v1447,Maxwell@display=pairwise
v1447,v1447,6d6a6d9c-16c4-43d3-860f-2faf372131a2,v0032,Maxwell@display=pairwise
v1447,v1447,f911a403-5112-4234-ab0b-7497b7f4e3b4,v0032,Maxwell@display=pairwise
v1447,v1447,f711bbae-43d6-40ce-9fdc-3eff7721a7c9,v0032,Maxwell@display=pairwise
v1447,v1447,db7a1735-7ea2-4e72-93df-997a3c7a0046,v0032,Maxwell@display=pairwise
v0032,v0032,e42b4bc8-b2f0-4389-a27e-dbe89657a412,v1447,Maxwell@display=pairwise
v1447,v1447,8f7a9d96-4b5f-4d1d-91d7-b4638a45dc78,v0032,Maxwell@display=pairwise
,v1447,2b1366bc-270c-4bfe-9882-c9f5c9c8efda,v0032,Maxwell@display=pairwise
v3583,v3583,fdafe1fc-3bdb-472a-a91e-52abb2f5e78f,v2063,Maxwell@display=pairwise
v3583,v3583,9ede4d3e-ee31-4bd1-980a-75ced4a17656,v2063,Maxwell@display=pairwise
v3583,v2063,394306dc-2895-4b57-927b-ea57c3a2bf45,v3583,Maxwell@display=pairwise
v3583,v3583,dc8279b9-0d8c-454c-b75d-13d31c30843d,v2063,Maxwell@display=pairwise
v3583,v3583,091f402d-0095-4fa9-9ace-d3b0675c296f,v2063,Maxwell@display=pairwise
v3583,v2063,67159434-83bd-4d1a-aaa8-379718f13f27,v3583,Maxwell@display=pairwise
v3583,v2063,5bb3993d-a33e-4c46-b25a-22c22b9ad7a0,v3583,Maxwell@display=pairwise
v3583,v3583,584b7635-9a3b-4a46-9127-652bab8ab045,v2063,Maxwell@display=pairwise
v3583,v3583,394306dc-2895-4b57-927b-ea57c3a2bf45,v2063,Maxwell@display=pairwise
v2063,v2063,86c3fdc9-9648-4efc-ba1f-d8b06b701e87,v3583,Maxwell@display=pairwise
v3292,v3292,394306dc-2895-4b57-927b-ea57c3a2bf45,v1477,Maxwell@display=pairwise
v1477,v1477,a64e5ec2-6369-44d6-b203-264f818abe72,v3292,Maxwell@display=pairwise
v1477,v3292,f6d6df9a-6559-4e27-b46d-92f41cc3f97b,v1477,Maxwell@display=pairwise
v3292,v1477,2e51a290-d08f-4b97-b0d1-c0cca3833712,v3292,Maxwell@display=pairwise
v3292,v1477,5b7941b2-f536-4d14-bc56-02d70068e6a3,v3292,Maxwell@display=pairwise
v1477,v3292,bb58be60-dfb8-4e62-af7d-b508d07dce9c,v1477,Maxwell@display=pairwise
v3292,v3292,f875a8f1-ecd5-4cae-ac35-6f6466d90237,v1477,Maxwell@display=pairwise
v1477,v3292,86ac8bcb-62d0-479c-a775-8d1fbd5ee8c9,v1477,Maxwell@display=pairwise
v1477,v3292,fa6e8487-24cc-4eaf-a6da-de0bb42be6ff,v1477,Maxwell@display=pairwise
v3292,v3292,19e2587c-4d46-491a-9939-ee51abe19c39,v1477,Maxwell@display=pairwise
v3740,v3740,394306dc-2895-4b57-927b-ea57c3a2bf45,v1397,Maxwell@display=pairwise
v3740,v3740,b4411156-dc52-435d-8f93-765287d11fea,v1397,Maxwell@display=pairwise
v3740,v3740,e50db2a7-868c-4b82-af9c-456e23753e56,v1397,Maxwell@display=pairwise
v3740,v1397,c3da73c8-c221-4822-b9db-e6a75018931f,v3740,Maxwell@display=pairwise
v3740,v3740,94853c24-e68d-4875-ae6f-521994d9fef0,v1397,Maxwell@display=pairwise
v3740,v1397,9d91b01f-a800-4b2b-b343-d61dc7eaf041,v3740,Maxwell@display=pairwise
v1397,v1397,f27bb50a-2b7d-4f18-8fa3-a3fd7bc9fd8e,v3740,Maxwell@display=pairwise
,v1397,295b7632-b3b4-4d18-ab59-6527849c76d1,v3740,Maxwell@display=pairwise
v1397,v3740,ff5bd754-d1d5-47d5-8cdd-ba09f18067ba,v1397,Maxwell@display=pairwise
v1397,v1397,3547e3c0-da82-4993-8867-2ae2b4e1f4f7,v3740,Maxwell@display=pairwise
v3740,v4235,394306dc-2895-4b57-927b-ea57c3a2bf45,v3740,Maxwell@display=pairwise
v4235,v4235,f3cb7b9e-c2e1-481b-b513-fe2868bad5ec,v3740,Maxwell@display=pairwise
v4235,v3740,f703c144-8fe7-4731-ad56-faff59588dbe,v4235,Maxwell@display=pairwise
v4235,v3740,9e47a2e5-5fc3-4025-8538-85d5dc4d1152,v4235,Maxwell@display=pairwise
v4235,v3740,4574d033-c347-4886-a115-d34cee6778a1,v4235,Maxwell@display=pairwise
v4235,v4235,cd7370ec-f239-4919-be0d-7c980be77ec7,v3740,Maxwell@display=pairwise
v4235,v3740,63543963-7fe0-4e5d-bb45-c5303123a3d0,v4235,Maxwell@display=pairwise
v4235,v3740,730d1fc7-c570-412c-8d46-89d91d650c41,v4235,Maxwell@display=pairwise
v4235,v3740,79c3a676-3b48-40b3-80e7-da62c1543eaf,v4235,Maxwell@display=pairwise
v4235,v3740,5184a7fd-e2f2-44fe-b1c1-7062145c6b02,v4235,Maxwell@display=pairwise
v3555,v3555,b58bcd1e-4867-4ba6-9533-eb6b845c805d,v0094,Maxwell@display=pairwise
v3555,v3555,86cebb69-070a-4ed3-890f-c96d130c1704,v0094,Maxwell@display=pairwise
v3555,v3555,31ddaa13-1309-4d47-b0ea-75b020268f37,v0094,Maxwell@display=pairwise
v3555,v0094,31ddaa13-1309-4d47-b0ea-75b020268f37,v3555,Maxwell@display=pairwise
v3555,v0094,2dc384e2-d08c-47ed-a933-eb91ec6fb38b,v3555,Maxwell@display=pairwise
v3555,v3555,723ecde4-3695-4235-afdf-bb230a3f2707,v0094,Maxwell@display=pairwise
v3555,v0094,db7a1735-7ea2-4e72-93df-997a3c7a0046,v3555,Maxwell@display=pairwise
v3555,v3555,537c627e-ce2d-4b04-939a-552205731bb6,v0094,Maxwell@display=pairwise
v3555,v3555,4fc856c7-d2f0-44da-a97b-0af57f30e5a4,v0094,Maxwell@display=pairwise
v3555,v3555,35848222-14fa-4e1a-838c-efac9c195ea5,v0094,Maxwell@display=pairwise
v3355,v3355,b58bcd1e-4867-4ba6-9533-eb6b845c805d,v0009,Maxwell@display=pairwise
v3355,v0009,65e04b88-b95c-42e6-8ba6-6588703dc773,v3355,Maxwell@display=pairwise
v3355,v3355,e31be515-887d-4ea7-94f6-f82b0cf24a2c,v0009,Maxwell@display=pairwise
v3355,v3355,c6a5f67c-5e3c-447c-8dd4-cf7aa57bb617,v0009,Maxwell@display=pairwise
v3355,v3355,44c0fd3d-af09-4205-a670-7c5ca7f9e4bd,v0009,Maxwell@display=pairwise
v3355,v0009,85acf25a-acab-4993-a328-e5aaacf2367f,v3355,Maxwell@display=pairwise
v0009,v3355,bb124c47-757c-4a7c-a0d4-8c10f384baa9,v0009,Maxwell@display=pairwise
v3355,v3355,aaf15379-dfc5-4aed-89dd-6e94974e28c8,v0009,Maxwell@display=pairwise
v3355,v3355,377d9610-aa18-4c37-a9ae-61f22bd5fe5e,v0009,Maxwell@display=pairwise
v3355,v0009,28078593-bd58-4e49-88f5-c7909b406342,v3355,Maxwell@display=pairwise
v2328,v2328,b58bcd1e-4867-4ba6-9533-eb6b845c805d,v0328,Maxwell@display=pairwise
v2328,v2328,86cebb69-070a-4ed3-890f-c96d130c1704,v0328,Maxwell@display=pairwise
v2328,v0328,2a13fd1a-a20e-4bc2-8695-27ba20d2f10a,v2328,Maxwell@display=pairwise
v2328,v0328,3fa99ef2-8170-40ac-9c39-165fcfe91a61,v2328,Maxwell@display=pairwise
v0328,v2328,cb101408-6fca-4119-9289-441754c9b2f0,v0328,Maxwell@display=pairwise
v2328,v0328,5dd4b999-dfa1-477e-9901-16fa0e727a3f,v2328,Maxwell@display=pairwise
v2328,v0328,3d7fe021-5960-477b-910a-b9019bd40c53,v2328,Maxwell@display=pairwise
v2328,v0328,e0c1d00e-b138-4166-ac9f-cf7cfd33e902,v2328,Maxwell@display=pairwise
v2328,v0328,d698118d-3476-42e2-bac5-157c43bff05b,v2328,Maxwell@display=pairwise
v2328,v0328,0e80b9f5-c6c9-4c92-8afc-d29ed45b16c6,v2328,Maxwell@display=pairwise
,v2801,b58bcd1e-4867-4ba6-9533-eb6b845c805d,v1373,Maxwell@display=pairwise
v2801,v1373,f2393f46-bd26-4564-bf32-3f4c890d2821,v2801,Maxwell@display=pairwise
v2801,v1373,a4914634-9c3a-4b63-ba2f-eae01b722ce6,v2801,Maxwell@display=pairwise
v2801,v2801,7ed39ffd-82b7-4d82-b17c-073138b844a6,v1373,Maxwell@display=pairwise
v2801,v2801,a2988d9d-63df-4cf2-a445-7a1dbf7f45f3,v1373,Maxwell@display=pairwise
v2801,v2801,7ccb1601-429e-4e0c-a822-991e9abf2075,v1373,Maxwell@display=pairwise
v2801,v1373,58cd42ca-ab8e-42e2-b642-894b9b5a51b9,v2801,Maxwell@display=pairwise
,v2801,9d91b01f-a800-4b2b-b343-d61dc7eaf041,v1373,Maxwell@display=pairwise
,v2801,ddd61b5c-dc4a-4146-8ae2-ae9ff73fb5d8,v1373,Maxwell@display=pairwise
,v2801,4d22e541-90af-43bf-b2b9-955594802908,v1373,Maxwell@display=pairwise
v4537,v2328,b58bcd1e-4867-4ba6-9533-eb6b845c805d,v4537,Maxwell@display=pairwise
v4537,v4537,a8b97762-73b3-4044-9b22-306bc8e61f40,v2328,Maxwell@display=pairwise
v4537,v4537,94853c24-e68d-4875-ae6f-521994d9fef0,v2328,Maxwell@display=pairwise
v4537,v4537,df26a6f9-0f91-4a5e-82a0-ce73746d46d1,v2328,Maxwell@display=pairwise
v4537,v2328,df26a6f9-0f91-4a5e-82a0-ce73746d46d1,v4537,Maxwell@display=pairwise
v4537,v4537,ba2e5955-a806-4ec0-b668-6073bb201c11,v2328,Maxwell@display=pairwise
v4537,v2328,259688ae-f706-4f41-ade3-4a17e052e824,v4537,Maxwell@display=pairwise
v4537,v4537,f1338919-3049-404e-9297-43ad044caf39,v2328,Maxwell@display=pairwise
v4537,v2328,9b4634c9-30c1-4725-8f52-815faf943025,v4537,Maxwell@display=pairwise
v4537,v2328,a0379086-b099-4907-aa9d-8691ca28df83,v4537,Maxwell@display=pairwise
,v0878,b58bcd1e-4867-4ba6-9533-eb6b845c805d,v2349,Maxwell@display=pairwise
v2349,v2349,83d505a2-2b0d-4ae8-8f57-e375dcc387ac,v0878,Maxwell@display=pairwise
v2349,v2349,6f27d33c-e38c-497e-92d6-941c4520a5cf,v0878,Maxwell@display=pairwise
,v0878,5d120453-9487-491e-954f-1aa89798fb80,v2349,Maxwell@display=pairwise
v2349,v2349,58a717b3-a840-4ad1-89d0-b8d2e0c5ba78,v0878,Maxwell@display=pairwise
v2349,v2349,f711bbae-43d6-40ce-9fdc-3eff7721a7c9,v0878,Maxwell@display=pairwise
v2349,v2349,4cfaf7eb-7c7a-4d23-afa8-6e9c8e64a6b4,v0878,Maxwell@display=pairwise
v2349,v0878,93650a77-b874-44f5-a36e-8c9163eee72e,v2349,Maxwell@display=pairwise
v0878,v0878,62d31ed8-f652-4253-8467-0143cdef952e,v2349,Maxwell@display=pairwise
v2349,v2349,bdcbadd2-3661-4ece-a668-ae3da62a8e23,v0878,Maxwell@display=pairwise
,v2828,b58bcd1e-4867-4ba6-9533-eb6b845c805d,v2419,Maxwell@display=pairwise
v2828,v2419,75c9be23-99aa-4949-be3a-6b25c658091c,v2828,Maxwell@display=pairwise
v2419,v2419,a64e5ec2-6369-44d6-b203-264f818abe72,v2828,Maxwell@display=pairwise
v2828,v2828,ce0e0f0c-7b35-4e39-b905-dc94435761e5,v2419,Maxwell@display=pairwise
v2828,v2828,862cd654-5ac1-48c5-bd1f-650b43a68255,v2419,Maxwell@display=pairwise
v2828,v2828,70b41da2-de44-482d-b32a-5aaa4502ce19,v2419,Maxwell@display=pairwise
v2828,v2828,178c8651-5570-4a73-b49a-7a93daf21ea4,v2419,Maxwell@display=pairwise
v2419,v2828,1044f2df-2216-4864-baa0-ea94b11f6744,v2419,Maxwell@display=pairwise
v2828,v2419,a4e3e3a6-b8aa-48da-9a14-17048d8a2153,v2828,Maxwell@display=pairwise
v2828,v2828,09f575b8-b536-4315-8bb0-a892ce0721ed,v2419,Maxwell@display=pairwise
,v0094,b58bcd1e-4867-4ba6-9533-eb6b845c805d,v2181,Maxwell@display=pairwise
v2181,v0094,080ce256-1457-4584-9e83-8b7e065e3998,v2181,Maxwell@display=pairwise
v2181,v0094,1a77d7b2-9385-4d84-b6db-2f3070895961,v2181,Maxwell@display=pairwise
v2181,v0094,258ea89f-8336-4d05-a59b-7ea1ea457784,v2181,Maxwell@display=pairwise
v2181,v2181,72650adb-e74b-4566-aece-9fbc4d64d47d,v0094,Maxwell@display=pairwise
v2181,v0094,1bc15f08-5e0e-4bcb-9390-fef0c1eb2c89,v2181,Maxwell@display=pairwise
v2181,v0094,c0a2023a-1855-4bf5-83a3-b2a1f277df4a,v2181,Maxwell@display=pairwise
v2181,v2181,c8663594-fd63-46c0-be02-64eede925ed2,v0094,Maxwell@display=pairwise
v2181,v2181,7c68e2ea-165f-4e18-af3c-a2f8199fcbd9,v0094,Maxwell@display=pairwise
v2181,v2181,5f5c5157-bc4e-4779-9793-2661ff057066,v0094,Maxwell@display=pairwise
v0878,v3740,b58bcd1e-4867-4ba6-9533-eb6b845c805d,v0878,Maxwell@display=pairwise
,v3740,c744cb11-c13d-48f5-857f-33b152474625,v0878,Maxwell@display=pairwise
v3740,v3740,acccac54-c658-4a6d-b128-1acee477e62e,v0878,Maxwell@display=pairwise
v3740,v3740,10db6cd5-e713-42ac-9a20-3961ec3c3cbb,v0878,Maxwell@display=pairwise
v0878,v0878,7b37ac90-7282-45c2-a24a-6ed9b9860183,v3740,Maxwell@display=pairwise
v3740,v3740,f711bbae-43d6-40ce-9fdc-3eff7721a7c9,v0878,Maxwell@display=pairwise
v3740,v0878,720d1aa0-a9e3-4836-9efe-1ef960d71e0e,v3740,Maxwell@display=pairwise
v0878,v3740,26c3096a-edfc-482a-8d3c-5739d09b6bda,v0878,Maxwell@display=pairwise
v0878,v3740,f00b6b27-7f50-4848-9d4f-1c6640f6281b,v0878,Maxwell@display=pairwise
v0878,v3740,5184a7fd-e2f2-44fe-b1c1-7062145c6b02,v0878,Maxwell@display=pairwise
v2525,v1984,b58bcd1e-4867-4ba6-9533-eb6b845c805d,v2525,Maxwell@display=pairwise
v2525,v2525,dfceda5f-e578-454c-835e-b70237867fd1,v1984,Maxwell@display=pairwise
v2525,v2525,13a84fc5-c897-4808-819d-21fe4ef9dffc,v1984,Maxwell@display=pairwise
,v1984,7007cb66-6248-4ffb-9d99-061a7a2b9859,v2525,Maxwell@display=pairwise
v1984,v2525,0fe8a7e1-5dbc-4a2b-b956-4e18128d5353,v1984,Maxwell@display=pairwise
v1984,v2525,3665f070-cce1-4979-995c-d117a13742ab,v1984,Maxwell@display=pairwise
v1984,v1984,90741ce5-a5d8-4430-8051-715ff3ef5e49,v2525,Maxwell@display=pairwise
v1984,v1984,9a1954b1-10f1-4709-bae2-faaa266102f5,v2525,Maxwell@display=pairwise
v1984,v1984,8c486527-a24e-43cc-93c6-81d3da4e9836,v2525,Maxwell@display=pairwise
,v2525,ced05eb2-a974-4dcf-89fb-bf893f78b6aa,v1984,Maxwell@display=pairwise
v4235,v2063,b58bcd1e-4867-4ba6-9533-eb6b845c805d,v4235,Maxwell@display=pairwise
v4235,v2063,0e78195c-a819-41cf-901a-5b6f0b5dfbf6,v4235,Maxwell@display=pairwise
v4235,v4235,0e78195c-a819-41cf-901a-5b6f0b5dfbf6,v2063,Maxwell@display=pairwise
v4235,v4235,69cac068-a949-4c4b-b8a5-17c0690ce86e,v2063,Maxwell@display=pairwise
v2063,v4235,1ef59f11-78bd-4a96-a606-4e12c0dd42dc,v2063,Maxwell@display=pairwise
v4235,v2063,1ef59f11-78bd-4a96-a606-4e12c0dd42dc,v4235,Maxwell@display=pairwise
v4235,v2063,0dc3b28f-c989-4764-a5a3-7e2f40f51a16,v4235,Maxwell@display=pairwise
v4235,v4235,ee8149de-cb82-49cc-9038-c54766ad70c9,v2063,Maxwell@display=pairwise
v4235,v2063,4dbcfd34-f760-41d7-bc1e-0220aee5da69,v4235,Maxwell@display=pairwise
v4235,v2063,f74805b0-7406-4a6a-9a49-5c7b8bedda55,v4235,Maxwell@display=pairwise
v0878,v0878,b58bcd1e-4867-4ba6-9533-eb6b845c805d,v2525,Maxwell@display=pairwise
v2525,v2525,7d4a4252-1531-470f-ab07-6f334dace1b9,v0878,Maxwell@display=pairwise
v0878,v2525,30f85572-69e4-41c3-97d8-25f74a2a229a,v0878,Maxwell@display=pairwise
v2525,v2525,6e2024e3-6dbd-4f38-acdd-ea74cebf7e8b,v0878,Maxwell@display=pairwise
v0878,v0878,e4076421-c718-4550-a279-71b8f41de5fd,v2525,Maxwell@display=pairwise
v0878,v0878,ad2df09c-dcb5-4037-8441-c9c5b43a26e0,v2525,Maxwell@display=pairwise
v0878,v0878,e3ebe625-fcf7-470a-91bb-0d08cd37d473,v2525,Maxwell@display=pairwise
v0878,v0878,e3ebe625-fcf7-470a-91bb-0d08cd37d473,v2525,Maxwell@display=pairwise
v2525,v2525,bd1d8225-a753-4e92-adc4-0e5e9b328f9b,v0878,Maxwell@display=pairwise
v0878,v2525,fa6e8487-24cc-4eaf-a6da-de0bb42be6ff,v0878,Maxwell@display=pairwise
v4034,v2328,b58bcd1e-4867-4ba6-9533-eb6b845c805d,v4034,Maxwell@display=pairwise
v2328,v4034,86cebb69-070a-4ed3-890f-c96d130c1704,v2328,Maxwell@display=pairwise
v4034,v4034,2b3373d8-d55d-4fe9-8c30-800e1e6ed65f,v2328,Maxwell@display=pairwise
v4034,v2328,118e07a5-5d2c-405c-8ce0-e462951bf1c8,v4034,Maxwell@display=pairwise
v4034,v4034,382377d1-9207-4945-a189-62ca27420f73,v2328,Maxwell@display=pairwise
v4034,v2328,8cc2fb53-d4ad-40ed-a526-d4950f4902b4,v4034,Maxwell@display=pairwise
v4034,v4034,c8a8c2c5-cbde-4269-8b36-a3b928ca2d67,v2328,Maxwell@display=pairwise
v4034,v2328,7777504d-190e-4865-ab1d-44476ebb48d1,v4034,Maxwell@display=pairwise
v4034,v2328,17ba7ccf-cde9-4ecc-92d6-17c706087da2,v4034,Maxwell@display=pairwise
v4034,v2328,62d31ed8-f652-4253-8467-0143cdef952e,v4034,Maxwell@display=pairwise
v4125,v2419,0170a339-10c3-4958-b053-ebd26a643c34,v4125,Maxwell@display=pairwise
v4125,v2419,2f9c0bcc-c712-42b9-bc2f-d02860843a89,v4125,Maxwell@display=pairwise
v4125,v4125,932f9ce4-0739-497e-8f65-1f75f828eb23,v2419,Maxwell@display=pairwise
v4125,v2419,badc275d-8c39-4e6d-9416-b53dc225505f,v4125,Maxwell@display=pairwise
v4125,v2419,09aa3d60-2327-4a62-a385-c9877f16fa3d,v4125,Maxwell@display=pairwise
v4125,v2419,48448358-e8a9-438f-91d4-8aa53d013c82,v4125,Maxwell@display=pairwise
v4125,v2419,ad2df09c-dcb5-4037-8441-c9c5b43a26e0,v4125,Maxwell@display=pairwise
v4125,v4125,d698118d-3476-42e2-bac5-157c43bff05b,v2419,Maxwell@display=pairwise
v4125,v2419,e42b4bc8-b2f0-4389-a27e-dbe89657a412,v4125,Maxwell@display=pairwise
v2419,v4125,15187a17-10c3-4501-b4fd-190e9264fb64,v2419,Maxwell@display=pairwise
v4125,v4125,0170a339-10c3-4958-b053-ebd26a643c34,v3355,Maxwell@display=pairwise
v4125,v3355,d3550857-7c9d-4e98-8202-433d0a535e77,v4125,Maxwell@display=pairwise
v3355,v3355,48f2cfa8-d531-4045-860b-2c824728d65e,v4125,Maxwell@display=pairwise
v3355,v4125,f5d6e1f3-6569-4a5e-b109-b9871c084d4b,v3355,Maxwell@display=pairwise
v4125,v3355,f602cd51-03c9-41b5-a85a-b7d81dde76dd,v4125,Maxwell@display=pairwise
v4125,v3355,67d6e59e-98bb-4804-be1c-03beebfd5222,v4125,Maxwell@display=pairwise
v4125,v4125,73b8fd64-9133-4f24-8a85-fff5b1719300,v3355,Maxwell@display=pairwise
v4125,v3355,e12b1db4-dd6b-4bd8-8b4c-d48269f88d44,v4125,Maxwell@display=pairwise
,v4125,7ee0c63e-b0d9-4766-86ef-f88ed5f05d92,v3355,Maxwell@display=pairwise
v3355,v4125,f982c154-231a-4d28-8be6-f62894d3a8c5,v3355,Maxwell@display=pairwise
v4235,v4235,0170a339-10c3-4958-b053-ebd26a643c34,v1373,Maxwell@display=pairwise
v4235,v1373,bb6f7d69-13e4-4bf4-9aa2-bfa5e8640d32,v4235,Maxwell@display=pairwise
v4235,v1373,26369842-3726-4b94-bca7-39046cebbeed,v4235,Maxwell@display=pairwise
v4235,v4235,c11a406e-302f-4f21-be2d-1f3a27fac77b,v1373,Maxwell@display=pairwise
v4235,v4235,8fd99fd1-3906-4e88-b6fb-6c1db6831a82,v1373,Maxwell@display=pairwise
v4235,v4235,7bf3dae0-af9d-4a3f-894f-9ff0503f5348,v1373,Maxwell@display=pairwise
v4235,v4235,75ce2d58-ecbb-4ede-bd93-43b99bca8d46,v1373,Maxwell@display=pairwise
v4235,v1373,7ccb1601-429e-4e0c-a822-991e9abf2075,v4235,Maxwell@display=pairwise
v4235,v4235,d0c823c4-c423-43a3-96bb-7f91f3fd8621,v1373,Maxwell@display=pairwise
v4235,v1373,da7d4669-ee69-4b69-9548-38fdb95e66a3,v4235,Maxwell@display=pairwise
v2063,v0328,0170a339-10c3-4958-b053-ebd26a643c34,v2063,Maxwell@display=pairwise
v2063,v2063,e42b649c-14c6-4d68-bd56-7111ec5ae475,v0328,Maxwell@display=pairwise
v2063,v2063,5826cad1-e0ae-480c-a6a3-3f6fd53569fa,v0328,Maxwell@display=pairwise
v2063,v2063,df68e14a-a48a-44ee-907b-0a8e92920b98,v0328,Maxwell@display=pairwise
v0328,v2063,9888d5ad-e5b5-422a-9ce4-268968886c2c,v0328,Maxwell@display=pairwise
v2063,v0328,ce008773-19e4-41d1-82ae-f094be0d2171,v2063,Maxwell@display=pairwise
v2063,v0328,9d91b01f-a800-4b2b-b343-d61dc7eaf041,v2063,Maxwell@display=pairwise
v2063,v2063,8165ec89-da1a-443f-9c35-12bd6162de30,v0328,Maxwell@display=pairwise
v2063,v2063,0630eeac-73c4-4677-83c8-f714f6e289a9,v0328,Maxwell@display=pairwise
v2063,v2063,f31347b5-4dd9-48d6-9c55-c095b5716f4b,v0328,Maxwell@display=pairwise
v4125,v4125,0170a339-10c3-4958-b053-ebd26a643c34,v2349,Maxwell@display=pairwise
v2349,v2349,faec11ec-0322-48ed-a2c7-b65d8b8ad221,v4125,Maxwell@display=pairwise
v4125,v2349,c807ebed-1cf6-4d16-a376-9d47740f211c,v4125,Maxwell@display=pairwise
v4125,v2349,5bb3993d-a33e-4c46-b25a-22c22b9ad7a0,v4125,Maxwell@display=pairwise
v4125,v2349,3fb4c47e-e723-4f8f-9933-f39a498c7374,v4125,Maxwell@display=pairwise
v2349,v2349,3fb4c47e-e723-4f8f-9933-f39a498c7374,v4125,Maxwell@display=pairwise
v2349,v2349,cf421e49-e692-42d6-98e8-aae5324da76e,v4125,Maxwell@display=pairwise
v4125,v4125,5ccc3ed0-25fd-4916-814e-1434152dda5f,v2349,Maxwell@display=pairwise
,v2349,21d72962-585b-49b1-848c-8861ed477ea6,v4125,Maxwell@display=pairwise
,v2349,b8c63c99-2a85-402e-a74a-1969eeefd861,v4125,Maxwell@display=pairwise
v1477,v2828,0170a339-10c3-4958-b053-ebd26a643c34,v1477,Maxwell@display=pairwise
v1477,v1477,c73de61c-2ffb-43a7-bb2b-9153ac84e57d,v2828,Maxwell@display=pairwise
v1477,v2828,f815ba71-3bae-4ac3-a309-f90f687325e0,v1477,Maxwell@display=pairwise
v1477,v1477,c029e6d3-d6b1-4306-9c7c-78ebbcbcad9b,v2828,Maxwell@display=pairwise
v1477,v2828,ae30bc61-78e0-4361-a5bc-9e7c1bbf8f1c,v1477,Maxwell@display=pairwise
v1477,v2828,965ff344-5fbe-416d-8965-9c65cf52ab41,v1477,Maxwell@display=pairwise
v2828,v2828,0dc3b28f-c989-4764-a5a3-7e2f40f51a16,v1477,Maxwell@display=pairwise
,v1477,4dea2b70-1476-45e6-a255-7bcc1601369b,v2828,Maxwell@display=pairwise
v1477,v2828,26c3096a-edfc-482a-8d3c-5739d09b6bda,v1477,Maxwell@display=pairwise
v1477,v2828,adc336f2-1af3-4f27-8deb-9a83f894b2f2,v1477,Maxwell@display=pairwise
v2635,v1447,0170a339-10c3-4958-b053-ebd26a643c34,v2635,Maxwell@display=pairwise
v1447,v2635,c12316ba-19d8-4db6-aa66-b424906ea895,v1447,Maxwell@display=pairwise
v2635,v1447,3fa99ef2-8170-40ac-9c39-165fcfe91a61,v2635,Maxwell@display=pairwise
v2635,v1447,3d6a7a0d-a5fb-4cec-a5e2-3fe1b81d04db,v2635,Maxwell@display=pairwise
,v2635,d5e997d9-e2c0-46e2-a2f7-ac9521784839,v1447,Maxwell@display=pairwise
v1447,v1447,3665f070-cce1-4979-995c-d117a13742ab,v2635,Maxwell@display=pairwise
,v2635,f875a8f1-ecd5-4cae-ac35-6f6466d90237,v1447,Maxwell@display=pairwise
v1447,v1447,26c3096a-edfc-482a-8d3c-5739d09b6bda,v2635,Maxwell@display=pairwise
v2635,v2635,690c2e17-352c-4b13-88ff-f1e031cfec7e,v1447,Maxwell@display=pairwise
,v2635,b03c8d70-1916-4f7d-a03a-f96397ce85d6,v1447,Maxwell@display=pairwise
v3292,v0314,0170a339-10c3-4958-b053-ebd26a643c34,v3292,Maxwell@display=pairwise
v3292,v0314,f9a473c4-8c67-43a8-a756-7a3922b8d30c,v3292,Maxwell@display=pairwise
v3292,v0314,edb15e9d-3f08-4975-bdc5-dd360e208bf1,v3292,Maxwell@display=pairwise
v3292,v3292,676d136b-aabc-4a63-9157-3a6ddacfd43f,v0314,Maxwell@display=pairwise
v0314,v0314,92b4633f-85e8-427d-a008-08fcc93e15e9,v3292,Maxwell@display=pairwise
v0314,v3292,2987197e-d01c-46fa-bfae-419ca1a44316,v0314,Maxwell@display=pairwise
v3292,v0314,21cdd095-3223-44a1-bbae-ecc5b4f9c9aa,v3292,Maxwell@display=pairwise
v3292,v3292,f5d6e1f3-6569-4a5e-b109-b9871c084d4b,v0314,Maxwell@display=pairwise
v0314,v3292,279550f0-7625-4018-86e5-b8da97d50081,v0314,Maxwell@display=pairwise
,v0314,da7d4669-ee69-4b69-9548-38fdb95e66a3,v3292,Maxwell@display=pairwise
v2419,v2419,45e47aba-742a-412f-9b0b-ac8a74e2f809,v0032,Maxwell@display=pairwise
v0032,v0032,0170a339-10c3-4958-b053-ebd26a643c34,v2419,Maxwell@display=pairwise
v0032,v0032,b4411156-dc52-435d-8f93-765287d11fea,v2419,Maxwell@display=pairwise
v2419,v2419,6c195b05-5754-4268-aaec-09c6fa8d20ce,v0032,Maxwell@display=pairwise
v0032,v0032,df58efd8-87a4-48d7-a704-7a213671bf20,v2419,Maxwell@display=pairwise
v2419,v0032,d89cf878-af30-4d2e-82be-a3486412cde9,v2419,Maxwell@display=pairwise
v0032,v2419,b678ad4f-2bf3-4079-925c-47a98abb234f,v0032,Maxwell@display=pairwise
,v0032,28487e39-409b-4c7a-9093-c8806b2a099b,v2419,Maxwell@display=pairwise
v2419,v0032,88e1894f-6a8c-4dd4-99e5-7b852ff42587,v2419,Maxwell@display=pairwise
v2419,v0032,471f0556-5a0e-4c5c-b59c-c302504cf352,v2419,Maxwell@display=pairwise
v4166,v3555,0170a339-10c3-4958-b053-ebd26a643c34,v4166,Maxwell@display=pairwise
v3555,v4166,ade8a476-81ee-42b0-a41a-c54a43f6bf8c,v3555,Maxwell@display=pairwise
v4166,v4166,724c60ae-6aa6-4024-bb86-11ee7b7b8770,v3555,Maxwell@display=pairwise
v3555,v4166,8babccc1-e414-4e5f-ae9b-a16091977afb,v3555,Maxwell@display=pairwise
,v3555,3d6a7a0d-a5fb-4cec-a5e2-3fe1b81d04db,v4166,Maxwell@display=pairwise
v3555,v4166,b7ea617c-5ad5-4087-9795-bfd98e396875,v3555,Maxwell@display=pairwise
v3555,v3555,21350804-8bb4-46fc-964b-228b225563ca,v4166,Maxwell@display=pairwise
v3555,v4166,5440d8e0-a14b-41a3-9cd3-b762fddb4276,v3555,Maxwell@display=pairwise
v4166,v3555,e5463b92-df72-41f5-8ac7-22d086899283,v4166,Maxwell@display=pairwise
v3555,v4166,712ea676-4242-48ad-8b1c-1851c5c289ec,v3555,Maxwell@display=pairwise
v3555,v2525,0170a339-10c3-4958-b053-ebd26a643c34,v3555,Maxwell@display=pairwise
v3555,v2525,c73de61c-2ffb-43a7-bb2b-9153ac84e57d,v3555,Maxwell@display=pairwise
v3555,v3555,8590a9f9-2ebf-4c1a-92e7-b7ed9bf29a0e,v2525,Maxwell@display=pairwise
v3555,v2525,68f9fc6d-5215-4fa5-b428-049b8066252a,v3555,Maxwell@display=pairwise
v3555,v2525,11b57023-0038-4da7-9328-34ce0bd22606,v3555,Maxwell@display=pairwise
v3555,v2525,75ce2d58-ecbb-4ede-bd93-43b99bca8d46,v3555,Maxwell@display=pairwise
v3555,v3555,86ac8bcb-62d0-479c-a775-8d1fbd5ee8c9,v2525,Maxwell@display=pairwise
v3555,v3555,f1338919-3049-404e-9297-43ad044caf39,v2525,Maxwell@display=pairwise
v2525,v2525,4fa29376-5b1b-425e-93ff-2bcf80f82251,v3555,Maxwell@display=pairwise
v3555,v2525,fa6e8487-24cc-4eaf-a6da-de0bb42be6ff,v3555,Maxwell@display=pairwise
v4511,v0094,8ba60b69-3825-4c10-beca-8d2e7ba9dfa1,v4511,Maxwell@display=pairwise
v4511,v4511,8ba60b69-3825-4c10-beca-8d2e7ba9dfa1,v0094,Maxwell@display=pairwise
v4511,v0094,a2988d9d-63df-4cf2-a445-7a1dbf7f45f3,v4511,Maxwell@display=pairwise
v4511,v4511,3c83b2ee-f90f-4903-a067-8d46632b7b21,v0094,Maxwell@display=pairwise
v4511,v0094,85acf25a-acab-4993-a328-e5aaacf2367f,v4511,Maxwell@display=pairwise
v4511,v4511,d8c466c5-877b-40b2-b8d8-5cd12c3902b1,v0094,Maxwell@display=pairwise
v4511,v4511,f9a473c4-8c67-43a8-a756-7a3922b8d30c,v0094,Maxwell@display=pairwise
v4511,v4511,0170a339-10c3-4958-b053-ebd26a643c34,v0094,Maxwell@display=pairwise
v4511,v4511,3c83b2ee-f90f-4903-a067-8d46632b7b21,v0094,Maxwell@display=pairwise
v4511,v0094,c4028c28-4dc8-43ed-837f-6a102925f0a7,v4511,Maxwell@display=pairwise
v4537,v0328,0170a339-10c3-4958-b053-ebd26a643c34,v4537,Maxwell@display=pairwise
v4537,v4537,2b3373d8-d55d-4fe9-8c30-800e1e6ed65f,v0328,Maxwell@display=pairwise
v4537,v0328,4727324f-737a-4ff6-9d12-84ae58106891,v4537,Maxwell@display=pairwise
v4537,v4537,1ab3015c-2a18-4a9c-9842-14c3cab722d7,v0328,Maxwell@display=pairwise
v4537,v4537,5bb3993d-a33e-4c46-b25a-22c22b9ad7a0,v0328,Maxwell@display=pairwise
v4537,v4537,ef228dde-5278-429a-b581-bf6bdf7010cb,v0328,Maxwell@display=pairwise
v4537,v0328,15577bca-cd7f-4695-868d-7da11fc028ed,v4537,Maxwell@display=pairwise
v4537,v0328,a4495c73-1fd9-49f1-b09f-2185ce15ede4,v4537,Maxwell@display=pairwise
v4537,v0328,26c3096a-edfc-482a-8d3c-5739d09b6bda,v4537,Maxwell@display=pairwise
,v0328,19ed7125-f9d4-4332-baa2-b57735cd4bae,v4537,Maxwell@display=pairwise
v1397,v1397,0170a339-10c3-4958-b053-ebd26a643c34,v0824,Maxwell@display=pairwise
v1397,v1397,44856539-bc1f-4629-bc05-90c9765d6b7b,v0824,Maxwell@display=pairwise
,v0824,14683b3e-6dfe-4a10-8db1-20dfd0dd5f20,v1397,Maxwell@display=pairwise
v0824,v1397,586bb006-6a93-4927-ae5a-9b4956bceaa8,v0824,Maxwell@display=pairwise
v1397,v1397,48990368-f0c8-46e1-9f8b-61fbaec1f893,v0824,Maxwell@display=pairwise
v1397,v1397,bf99fc9d-3772-4df1-91d9-1196f5e51ecb,v0824,Maxwell@display=pairwise
v1397,v0824,d83aba4d-3e51-4ba3-9f02-e7119f127b9e,v1397,Maxwell@display=pairwise
v0824,v1397,13876ad3-4e97-4915-be68-f5a26055772b,v0824,Maxwell@display=pairwise
v1397,v0824,c7d90a87-a380-46b6-af6f-fad86d1c1757,v1397,Maxwell@display=pairwise
,v0824,2446fec6-a38b-400c-b3fa-911eda094d0e,v1397,Maxwell@display=pairwise
,v4034,19734119-5bd5-4bcb-a78a-ae6a53f4e8c4,v3583,Maxwell@display=pairwise
v4034,v4034,861d34a8-3e75-48a1-85aa-76f71123f8f5,v3583,Maxwell@display=pairwise
v3583,v4034,5d191acd-806f-4f0a-873f-cff5ef5c5178,v3583,Maxwell@display=pairwise
v4034,v3583,0e78195c-a819-41cf-901a-5b6f0b5dfbf6,v4034,Maxwell@display=pairwise
,v4034,69cac068-a949-4c4b-b8a5-17c0690ce86e,v3583,Maxwell@display=pairwise
v3583,v4034,1ef59f11-78bd-4a96-a606-4e12c0dd42dc,v3583,Maxwell@display=pairwise
,v4034,0dc3b28f-c989-4764-a5a3-7e2f40f51a16,v3583,Maxwell@display=pairwise
v4034,v3583,6f34e67f-bb9c-486b-9ef7-b440454de895,v4034,Maxwell@display=pairwise
v4034,v4034,2e6f5d07-f718-40d7-9899-2d530c3566ed,v3583,Maxwell@display=pairwise
v4034,v4034,2446fec6-a38b-400c-b3fa-911eda094d0e,v3583,Maxwell@display=pairwise
v3065,v3175,19734119-5bd5-4bcb-a78a-ae6a53f4e8c4,v3065,Maxwell@display=pairwise
v3065,v3175,6e87b8ed-dbb8-4ce3-b2d9-00d2e608daca,v3065,Maxwell@display=pairwise
v3065,v3065,047e4203-0585-4d9b-9859-1744b143e682,v3175,Maxwell@display=pairwise
v3175,v3175,a7a93a58-0185-4a02-be01-554e229a1446,v3065,Maxwell@display=pairwise
v3065,v3065,b729730b-45b0-4f9e-b3be-4c661741c01b,v3175,Maxwell@display=pairwise
v3175,v3065,dc8279b9-0d8c-454c-b75d-13d31c30843d,v3175,Maxwell@display=pairwise
,v3065,0ae52a80-c78b-4022-a6d6-28c3b4f01754,v3175,Maxwell@display=pairwise
,v3065,4c52ed79-8845-42cb-aab9-05e6faee8c9f,v3175,Maxwell@display=pairwise
v3175,v3065,26c3096a-edfc-482a-8d3c-5739d09b6bda,v3175,Maxwell@display=pairwise
v3065,v3175,adc336f2-1af3-4f27-8deb-9a83f894b2f2,v3065,Maxwell@display=pairwise
v1190,v3292,19734119-5bd5-4bcb-a78a-ae6a53f4e8c4,v1190,Maxwell@display=pairwise
v1190,v3292,7e52de1a-f83d-4bf5-81fb-f80371c158cb,v1190,Maxwell@display=pairwise
,v3292,4e2adbe1-fa03-4f25-a561-baae089d8201,v1190,Maxwell@display=pairwise
v3292,v1190,6e2024e3-6dbd-4f38-acdd-ea74cebf7e8b,v3292,Maxwell@display=pairwise
v1190,v1190,10db6cd5-e713-42ac-9a20-3961ec3c3cbb,v3292,Maxwell@display=pairwise
v3292,v1190,e37a04cf-5cb9-4c24-b268-428f04b630ae,v3292,Maxwell@display=pairwise
v3292,v3292,196d047d-4bfe-4054-bcf3-da76fe0ecb11,v1190,Maxwell@display=pairwise
,v3292,90741ce5-a5d8-4430-8051-715ff3ef5e49,v1190,Maxwell@display=pairwise
v3292,v1190,5db3738a-9acb-4d81-9255-362c61e080bf,v3292,Maxwell@display=pairwise
v3292,v1190,fa6e8487-24cc-4eaf-a6da-de0bb42be6ff,v3292,Maxwell@display=pairwise
v4235,v4235,19734119-5bd5-4bcb-a78a-ae6a53f4e8c4,v0265,Maxwell@display=pairwise
v4235,v4235,bbb2b770-5eab-4e22-9e43-7ff1c7cfcd31,v0265,Maxwell@display=pairwise
v4235,v0265,078cd768-2d5e-4660-b076-da7a83947d90,v4235,Maxwell@display=pairwise
v4235,v4235,4574d033-c347-4886-a115-d34cee6778a1,v0265,Maxwell@display=pairwise
v4235,v4235,95a7cc06-df48-4cae-9aec-7e23717e0f71,v0265,Maxwell@display=pairwise
v4235,v4235,d2274bbe-d5ac-4c27-8579-f0e4e7eeb3d3,v0265,Maxwell@display=pairwise
v4235,v0265,db7a1735-7ea2-4e72-93df-997a3c7a0046,v4235,Maxwell@display=pairwise
v0265,v4235,a801b479-113e-4832-87fc-1561080418bb,v0265,Maxwell@display=pairwise
v4235,v0265,9ede4d3e-ee31-4bd1-980a-75ced4a17656,v4235,Maxwell@display=pairwise
v4235,v4235,393a3c3e-2f6d-49dd-b9e0-18768e4dbb96,v0265,Maxwell@display=pairwise
v4097,v4097,19734119-5bd5-4bcb-a78a-ae6a53f4e8c4,v2635,Maxwell@display=pairwise
v4097,v4097,0b68b061-a86d-4737-893c-794dc89669bf,v2635,Maxwell@display=pairwise
v4097,v2635,3b59bb46-ea50-46bd-a3a5-16087d174860,v4097,Maxwell@display=pairwise
v4097,v2635,f2c0d8f4-3093-434b-b640-14aa99aceaf7,v4097,Maxwell@display=pairwise
v4097,v2635,c57b2313-faa0-4c95-b91f-4f3c7609b1c1,v4097,Maxwell@display=pairwise
v4097,v2635,d4bb2ace-733e-49f7-9178-3c58fe2fb813,v4097,Maxwell@display=pairwise
v4097,v4097,35a5fd4a-c3d1-456f-81f3-f5489dcf64c7,v2635,Maxwell@display=pairwise
v4097,v2635,730d1fc7-c570-412c-8d46-89d91d650c41,v4097,Maxwell@display=pairwise
v4097,v4097,cea10608-7dfd-4bf7-bf4e-af4e8d7dac5e,v2635,Maxwell@display=pairwise
v4097,v4097,b8c63c99-2a85-402e-a74a-1969eeefd861,v2635,Maxwell@display=pairwise
v3292,v3292,75cae008-0dbc-41be-8295-da701fdf0dba,v1025,Maxwell@display=pairwise
v3292,v3292,6737908c-5eb5-4359-9909-7a6e8c746ca4,v1025,Maxwell@display=pairwise
v3292,v1025,d94bd8df-f652-447c-ac56-476a6b31f32b,v3292,Maxwell@display=pairwise
v1025,v3292,cf421e49-e692-42d6-98e8-aae5324da76e,v1025,Maxwell@display=pairwise
v1025,v3292,19734119-5bd5-4bcb-a78a-ae6a53f4e8c4,v1025,Maxwell@display=pairwise
v1025,v3292,b1bb1cd5-b196-4cc9-8e55-a11b14166a3b,v1025,Maxwell@display=pairwise
v3292,v1025,01a3b14c-3923-4b2c-baf6-0b671043ec61,v3292,Maxwell@display=pairwise
,v3292,0de1e2fe-9589-46ff-ad16-6a47adb8c61a,v1025,Maxwell@display=pairwise
v3292,v1025,0b4069bf-814c-4e56-bd46-d37b8f058ea5,v3292,Maxwell@display=pairwise
v3292,v3292,01a3b14c-3923-4b2c-baf6-0b671043ec61,v1025,Maxwell@display=pairwise
v2889,v2889,19734119-5bd5-4bcb-a78a-ae6a53f4e8c4,v0009,Maxwell@display=pairwise
v2889,v0009,080ce256-1457-4584-9e83-8b7e065e3998,v2889,Maxwell@display=pairwise
v2889,v2889,3a23769b-fdcf-4dd6-b967-a8640412a76e,v0009,Maxwell@display=pairwise
v2889,v2889,5ca80653-5ca4-4a63-a5e9-7c13c6f6ef4e,v0009,Maxwell@display=pairwise
v0009,v0009,01f1ebd7-d031-4b6c-9c2b-e6e64c207dbe,v2889,Maxwell@display=pairwise
v2889,v0009,e8cf995a-d627-41b3-85ff-373a997d5a4f,v2889,Maxwell@display=pairwise
v2889,v2889,86ac8bcb-62d0-479c-a775-8d1fbd5ee8c9,v0009,Maxwell@display=pairwise
v2889,v2889,a4ff02d4-6d50-4f8a-b84e-4c6ba39528a5,v0009,Maxwell@display=pairwise
v2889,v0009,c0a2023a-1855-4bf5-83a3-b2a1f277df4a,v2889,Maxwell@display=pairwise
v2889,v2889,c49821d5-18a2-4c47-912d-5e29660b0b92,v0009,Maxwell@display=pairwise
,v0886,19734119-5bd5-4bcb-a78a-ae6a53f4e8c4,v3292,Maxwell@display=pairwise
v0886,v3292,57510f28-373b-4b32-a9e5-a9c629bafe32,v0886,Maxwell@display=pairwise
v0886,v3292,3fa99ef2-8170-40ac-9c39-165fcfe91a61,v0886,Maxwell@display=pairwise
v3292,v0886,c11a406e-302f-4f21-be2d-1f3a27fac77b,v3292,Maxwell@display=pairwise
v3292,v3292,3d6a7a0d-a5fb-4cec-a5e2-3fe1b81d04db,v0886,Maxwell@display=pairwise
v3292,v3292,c1e5dd48-6b4f-42c3-b070-b362047520ac,v0886,Maxwell@display=pairwise
v3292,v3292,c1e0c07c-4768-4d33-86b9-59bcd401dba5,v0886,Maxwell@display=pairwise
v0886,v0886,8cc2fb53-d4ad-40ed-a526-d4950f4902b4,v3292,Maxwell@display=pairwise
v0886,v3292,b33fcfb9-4483-464b-9fa3-2fd815d1577a,v0886,Maxwell@display=pairwise
v3292,v3292,b0a5e289-dfa4-4711-82d4-37068f8fbd93,v0886,Maxwell@display=pairwise
v1447,v1397,19734119-5bd5-4bcb-a78a-ae6a53f4e8c4,v1447,Maxwell@display=pairwise
v1447,v1447,3e5c0176-3c63-4689-bd8c-9948528b47de,v1397,Maxwell@display=pairwise
v1397,v1397,228504e4-46c0-48fd-a68d-d1af0989ddb7,v1447,Maxwell@display=pairwise
v1447,v1397,228504e4-46c0-48fd-a68d-d1af0989ddb7,v1447,Maxwell@display=pairwise
,v1397,9e27701b-15a9-4a1e-b326-1c40f3a51892,v1447,Maxwell@display=pairwise
v1397,v1397,f875a8f1-ecd5-4cae-ac35-6f6466d90237,v1447,Maxwell@display=pairwise
v1397,v1397,ec7a9023-9cdd-445b-934e-d5c95de760d5,v1447,Maxwell@display=pairwise
v1397,v1447,75187b75-792e-4a2a-8959-7a9b23e0ea24,v1397,Maxwell@display=pairwise
v1447,v1397,bab736be-b6c3-4a0a-8930-23ed65f562f2,v1447,Maxwell@display=pairwise
v1397,v1447,8581928a-3670-48d2-b55c-34685f7de132,v1397,Maxwell@display=pairwise
,v1859,19734119-5bd5-4bcb-a78a-ae6a53f4e8c4,v2419,Maxwell@display=pairwise
v1859,v2419,faec11ec-0322-48ed-a2c7-b65d8b8ad221,v1859,Maxwell@display=pairwise
v1859,v2419,75c9be23-99aa-4949-be3a-6b25c658091c,v1859,Maxwell@display=pairwise
v2419,v2419,724c60ae-6aa6-4024-bb86-11ee7b7b8770,v1859,Maxwell@display=pairwise
v2419,v2419,8babccc1-e414-4e5f-ae9b-a16091977afb,v1859,Maxwell@display=pairwise
v1859,v1859,b7ea617c-5ad5-4087-9795-bfd98e396875,v2419,Maxwell@display=pairwise
v1859,v1859,ce008773-19e4-41d1-82ae-f094be0d2171,v2419,Maxwell@display=pairwise
v1859,v2419,379768c0-f55e-4655-bf28-0d6c6b75c288,v1859,Maxwell@display=pairwise
,v2419,40161584-d61e-4b6d-a54b-90b0a53f914e,v1859,Maxwell@display=pairwise
v1859,v2419,573722c4-6130-4835-b049-7c523af50881,v1859,Maxwell@display=pairwise
,v1477,19734119-5bd5-4bcb-a78a-ae6a53f4e8c4,v2349,Maxwell@display=pairwise
v2349,v1477,11af42fa-614e-4be6-93e5-4fedd30f3ca3,v2349,Maxwell@display=pairwise
v2349,v2349,11af42fa-614e-4be6-93e5-4fedd30f3ca3,v1477,Maxwell@display=pairwise
v2349,v2349,48f2cfa8-d531-4045-860b-2c824728d65e,v1477,Maxwell@display=pairwise
v2349,v2349,4b9764d8-3888-4dad-a4b1-b554f50cd991,v1477,Maxwell@display=pairwise
v2349,v2349,75b75480-7063-484c-9328-642307386043,v1477,Maxwell@display=pairwise
v2349,v2349,8cc2fb53-d4ad-40ed-a526-d4950f4902b4,v1477,Maxwell@display=pairwise
v2349,v2349,85acf25a-acab-4993-a328-e5aaacf2367f,v1477,Maxwell@display=pairwise
v2349,v2349,152a0477-3c32-40f2-b0e2-738202586ba4,v1477,Maxwell@display=pairwise
v2349,v1477,088c8375-45de-4caf-8da5-b1d72abe0de0,v2349,Maxwell@display=pairwise
v2349,v0314,19734119-5bd5-4bcb-a78a-ae6a53f4e8c4,v2349,Maxwell@display=pairwise
v2349,v0314,9b14dad7-75bc-4690-9dc6-94c0c04d5333,v2349,Maxwell@display=pairwise
v2349,v0314,de36c471-90c9-4ad1-b5df-404e1caccda4,v2349,Maxwell@display=pairwise
v2349,v0314,35f7dbdd-4c2d-43df-8b5a-7885f17732b1,v2349,Maxwell@display=pairwise
v2349,v2349,e8cf995a-d627-41b3-85ff-373a997d5a4f,v0314,Maxwell@display=pairwise
v2349,v2349,db7a1735-7ea2-4e72-93df-997a3c7a0046,v0314,Maxwell@display=pairwise
v2349,v0314,86c3fdc9-9648-4efc-ba1f-d8b06b701e87,v2349,Maxwell@display=pairwise
v2349,v0314,48eca316-7304-41b7-8acb-7e678a3cbf48,v2349,Maxwell@display=pairwise
v2349,v2349,31e59e7f-acc9-48fd-8a2b-bf0096731a49,v0314,Maxwell@display=pairwise
v2349,v2349,b0a5e289-dfa4-4711-82d4-37068f8fbd93,v0314,Maxwell@display=pairwise
v2349,v2349,19734119-5bd5-4bcb-a78a-ae6a53f4e8c4,v2328,Maxwell@display=pairwise
v2349,v2328,b8ec5d7b-dc37-4949-b5af-d89363f49439,v2349,Maxwell@display=pairwise
v2328,v2328,6e957163-5267-4260-b5fe-b318884a96b4,v2349,Maxwell@display=pairwise
v2349,v2328,05e840a4-3de4-447b-b859-e633d767fd6a,v2349,Maxwell@display=pairwise
v2349,v2349,b3971b04-db2d-4833-8e3c-75359f5b3cb8,v2328,Maxwell@display=pairwise
v2349,v2328,284eb320-ce3d-48b3-99f0-b07eda1cc7ed,v2349,Maxwell@display=pairwise
v2349,v2328,4c75cd1d-1d5e-4d97-80cf-a2848cbdb688,v2349,Maxwell@display=pairwise
v2328,v2349,4cf27f34-7c95-4417-9203-7627dd0e8db3,v2328,Maxwell@display=pairwise
v2349,v2349,712ea676-4242-48ad-8b1c-1851c5c289ec,v2328,Maxwell@display=pairwise
v2349,v2349,f020e26d-309c-4394-81bf-7db2f467bc8e,v2328,Maxwell@display=pairwise
v1477,v1477,7ee0c63e-b0d9-4766-86ef-f88ed5f05d92,v2063,Maxwell@display=pairwise
v2063,v1477,65e04b88-b95c-42e6-8ba6-6588703dc773,v2063,Maxwell@display=pairwise
v1477,v1477,cb101408-6fca-4119-9289-441754c9b2f0,v2063,Maxwell@display=pairwise
v2063,v1477,f2c0d8f4-3093-434b-b640-14aa99aceaf7,v2063,Maxwell@display=pairwise
v1477,v1477,e482d7ac-4b6f-4cff-b1d2-3e634bf5c721,v2063,Maxwell@display=pairwise
v1477,v1477,5cbb4909-5759-4ec5-b2d8-e2eddbd9f86e,v2063,Maxwell@display=pairwise
v1477,v2063,95a7cc06-df48-4cae-9aec-7e23717e0f71,v1477,Maxwell@display=pairwise
v1477,v1477,d698118d-3476-42e2-bac5-157c43bff05b,v2063,Maxwell@display=pairwise
v1477,v1477,ca5e860d-cf4b-4c4a-bac3-1b0cd8646b53,v2063,Maxwell@display=pairwise
v1477,v2063,b2c57169-2eb4-4673-8dd4-c2a4360d21d9,v1477,Maxwell@display=pairwise
v0529,v0529,7ee0c63e-b0d9-4766-86ef-f88ed5f05d92,v0328,Maxwell@display=pairwise
v0529,v0529,f6d6df9a-6559-4e27-b46d-92f41cc3f97b,v0328,Maxwell@display=pairwise
v0529,v0529,da27f497-76a6-4237-94e9-559acb0ba008,v0328,Maxwell@display=pairwise
v0529,v0328,5d120453-9487-491e-954f-1aa89798fb80,v0529,Maxwell@display=pairwise
v0529,v0328,19da1622-4523-4766-8ee2-c68a94aba13f,v0529,Maxwell@display=pairwise
v0529,v0328,67d6e59e-98bb-4804-be1c-03beebfd5222,v0529,Maxwell@display=pairwise
v0529,v0328,c1e0c07c-4768-4d33-86b9-59bcd401dba5,v0529,Maxwell@display=pairwise
v0529,v0328,c4def5d3-8498-4453-9086-653e4184d2c1,v0529,Maxwell@display=pairwise
v0529,v0529,b2c57169-2eb4-4673-8dd4-c2a4360d21d9,v0328,Maxwell@display=pairwise
v0529,v0529,d26017bc-5f0f-46a9-9ecd-b0be37678c1f,v0328,Maxwell@display=pairwise
,v3740,7ee0c63e-b0d9-4766-86ef-f88ed5f05d92,v1984,Maxwell@display=pairwise
v1984,v3740,40769eac-f52a-479a-a451-81b241a88f64,v1984,Maxwell@display=pairwise
v3740,v3740,8dbe2ffd-6f41-43a3-860b-153138fb521f,v1984,Maxwell@display=pairwise
v3740,v3740,ce0e0f0c-7b35-4e39-b905-dc94435761e5,v1984,Maxwell@display=pairwise
v1984,v1984,2dc384e2-d08c-47ed-a933-eb91ec6fb38b,v3740,Maxwell@display=pairwise
v1984,v3740,5cbb4909-5759-4ec5-b2d8-e2eddbd9f86e,v1984,Maxwell@display=pairwise
v3740,v3740,a777eafa-8e0b-4db8-b6d7-e9ef0d7cc236,v1984,Maxwell@display=pairwise
v3740,v3740,9a1954b1-10f1-4709-bae2-faaa266102f5,v1984,Maxwell@display=pairwise
v3740,v3740,fd639556-f319-4397-9f9e-2d8827de7111,v1984,Maxwell@display=pairwise
v1984,v1984,86a98c74-45fb-4cdf-a662-a12e8b733a2b,v3740,Maxwell@display=pairwise
,v3175,7ee0c63e-b0d9-4766-86ef-f88ed5f05d92,v2419,Maxwell@display=pairwise
v2419,v2419,dad34959-38f2-4967-9f4e-180f5fdb8888,v3175,Maxwell@display=pairwise
v2419,v2419,f356bf83-0f18-44d6-b192-780c6c0bdd3d,v3175,Maxwell@display=pairwise
v2419,v3175,2987197e-d01c-46fa-bfae-419ca1a44316,v2419,Maxwell@display=pairwise
v2419,v3175,1e957696-1bdb-4655-8b5d-f0bc71305eea,v2419,Maxwell@display=pairwise
v2419,v3175,d5ba3837-38e1-4aec-bd7c-cb069a23e8c1,v2419,Maxwell@display=pairwise
v2419,v3175,ad2df09c-dcb5-4037-8441-c9c5b43a26e0,v2419,Maxwell@display=pairwise
v2419,v2419,720d1aa0-a9e3-4836-9efe-1ef960d71e0e,v3175,Maxwell@display=pairwise
v3175,v2419,730d1fc7-c570-412c-8d46-89d91d650c41,v3175,Maxwell@display=pairwise
v2419,v2419,d7bcfd1a-e16b-4218-af32-20e97bd8fa5d,v3175,Maxwell@display=pairwise
v4034,v4034,7ee0c63e-b0d9-4766-86ef-f88ed5f05d92,v2181,Maxwell@display=pairwise
v4034,v4034,dfc97b6f-3cc1-4816-a858-130686d22ee0,v2181,Maxwell@display=pairwise
v4034,v4034,35f7dbdd-4c2d-43df-8b5a-7885f17732b1,v2181,Maxwell@display=pairwise
v4034,v4034,8a3343fa-29bf-4b98-87d2-10dba3c9ce8f,v2181,Maxwell@display=pairwise
v4034,v2181,b023edb0-5491-44a1-bacb-34942899fb86,v4034,Maxwell@display=pairwise
v2181,v2181,7d2ece56-ce0a-475c-949e-6db477f55ee0,v4034,Maxwell@display=pairwise
v4034,v2181,617ae86c-fc97-402a-ba65-8994258b69e0,v4034,Maxwell@display=pairwise
v4034,v2181,77f10c27-943f-4d00-aeb6-e59251587929,v4034,Maxwell@display=pairwise
v4034,v2181,48f6cdb5-6230-4605-8615-20752b953814,v4034,Maxwell@display=pairwise
v2181,v2181,dc2d7783-e288-48d3-9954-ac7aaf84073e,v4034,Maxwell@display=pairwise
v4235,v4235,7ee0c63e-b0d9-4766-86ef-f88ed5f05d92,v1025,Maxwell@display=pairwise
v4235,v4235,f3cb7b9e-c2e1-481b-b513-fe2868bad5ec,v1025,Maxwell@display=pairwise
v4235,v1025,2b3373d8-d55d-4fe9-8c30-800e1e6ed65f,v4235,Maxwell@display=pairwise
v4235,v1025,2e719777-4544-474b-b0d9-b18f8e4a6474,v4235,Maxwell@display=pairwise
,v1025,e5f76cbe-fd04-46f5-a5de-6fccf701bb11,v4235,Maxwell@display=pairwise
v4235,v1025,48990368-f0c8-46e1-9f8b-61fbaec1f893,v4235,Maxwell@display=pairwise
v4235,v4235,184ea99b-88b2-410a-8041-f9980509d0f3,v1025,Maxwell@display=pairwise
v4235,v1025,730d1fc7-c570-412c-8d46-89d91d650c41,v4235,Maxwell@display=pairwise
v4235,v4235,626ad72c-299b-4c9e-97a8-63783caa4a83,v1025,Maxwell@display=pairwise
v4235,v1025,77216a3e-dd39-43a8-8d98-9d7a2de06023,v4235,Maxwell@display=pairwise
v4166,v1984,7ee0c63e-b0d9-4766-86ef-f88ed5f05d92,v4166,Maxwell@display=pairwise
v4166,v1984,6e87b8ed-dbb8-4ce3-b2d9-00d2e608daca,v4166,Maxwell@display=pairwise
v4166,v1984,79978944-2bb6-45ce-bd59-529f44c09c69,v4166,Maxwell@display=pairwise
v1984,v4166,3ae23a3a-cf84-443a-bd7a-188731da4225,v1984,Maxwell@display=pairwise
v4166,v1984,091f402d-0095-4fa9-9ace-d3b0675c296f,v4166,Maxwell@display=pairwise
v4166,v4166,5cbb4909-5759-4ec5-b2d8-e2eddbd9f86e,v1984,Maxwell@display=pairwise
v4166,v4166,6c195b05-5754-4268-aaec-09c6fa8d20ce,v1984,Maxwell@display=pairwise
v4166,v4166,94299678-0cff-4f0a-815f-9ebb17345759,v1984,Maxwell@display=pairwise
v4166,v4166,9a673f7a-20b3-401d-980f-38b0c8fc3b45,v1984,Maxwell@display=pairwise
v4166,v4166,5db3738a-9acb-4d81-9255-362c61e080bf,v1984,Maxwell@display=pairwise
,v3292,7ee0c63e-b0d9-4766-86ef-f88ed5f05d92,v4048,Maxwell@display=pairwise
v4048,v3292,f982c154-231a-4d28-8be6-f62894d3a8c5,v4048,Maxwell@display=pairwise
v4048,v3292,0d3dafc8-efe4-4f72-8d19-f15b19149fe4,v4048,Maxwell@display=pairwise
v4048,v3292,c9e36c3c-b003-43bc-8558-26d476b0a20d,v4048,Maxwell@display=pairwise
v4048,v3292,ae30bc61-78e0-4361-a5bc-9e7c1bbf8f1c,v4048,Maxwell@display=pairwise
v4048,v3292,e6140e2f-9de4-4f2e-b088-2ec9c3c33c4f,v4048,Maxwell@display=pairwise
v4048,v3292,768f2d5e-4da6-4e17-a974-b681ec9fada3,v4048,Maxwell@display=pairwise
v4048,v3292,4dbcfd34-f760-41d7-bc1e-0220aee5da69,v4048,Maxwell@display=pairwise
v4048,v4048,ddd61b5c-dc4a-4146-8ae2-ae9ff73fb5d8,v3292,Maxwell@display=pairwise
v4048,v4048,b2c57169-2eb4-4673-8dd4-c2a4360d21d9,v3292,Maxwell@display=pairwise
v3583,v2083,7ee0c63e-b0d9-4766-86ef-f88ed5f05d92,v3583,Maxwell@display=pairwise
v3583,v3583,bc7f1faa-49be-4e1c-af0f-a46d243c1067,v2083,Maxwell@display=pairwise
v3583,v3583,14683b3e-6dfe-4a10-8db1-20dfd0dd5f20,v2083,Maxwell@display=pairwise
v3583,v3583,3b59bb46-ea50-46bd-a3a5-16087d174860,v2083,Maxwell@display=pairwise
v3583,v2083,9185b4f4-7b4c-4c14-a224-c258d06bfa75,v3583,Maxwell@display=pairwise
v3583,v2083,bc760378-ddd6-4614-a376-7a3c39de225e,v3583,Maxwell@display=pairwise
v2083,v3583,e8cf995a-d627-41b3-85ff-373a997d5a4f,v2083,Maxwell@display=pairwise
v3583,v3583,f8e4c74f-c2a6-462b-9197-a7c8c31317ac,v2083,Maxwell@display=pairwise
v3583,v2083,1ac54074-3b46-420d-be1a-9370fec2a3d9,v3583,Maxwell@display=pairwise
v3583,v2083,f74805b0-7406-4a6a-9a49-5c7b8bedda55,v3583,Maxwell@display=pairwise
,v1394,7ee0c63e-b0d9-4766-86ef-f88ed5f05d92,v0032,Maxwell@display=pairwise
v0032,v0032,44856539-bc1f-4629-bc05-90c9765d6b7b,v1394,Maxwell@display=pairwise
v0032,v1394,b0f8077d-dcab-4219-bb3b-100afaafa26d,v0032,Maxwell@display=pairwise
v1394,v1394,f085de64-19bb-4f44-9ae2-2dc5700abca0,v0032,Maxwell@display=pairwise
,v0032,a3325c83-0a68-4363-ba47-16edb8edbff7,v1394,Maxwell@display=pairwise
v1394,v0032,5b7941b2-f536-4d14-bc56-02d70068e6a3,v1394,Maxwell@display=pairwise
,v1394,cc66f008-3ba4-41b3-a1c3-0b1697a27ebe,v0032,Maxwell@display=pairwise
v1394,v1394,992cc7e1-caa5-4e29-9a5c-8107bae22aaa,v0032,Maxwell@display=pairwise
v0032,v1394,279550f0-7625-4018-86e5-b8da97d50081,v0032,Maxwell@display=pairwise
v0032,v0032,bbb7e5c5-7f84-4e07-ac19-886dc274ce48,v1394,Maxwell@display=pairwise
v1447,v1447,7ee0c63e-b0d9-4766-86ef-f88ed5f05d92,v0265,Maxwell@display=pairwise
v1447,v0265,0d3dafc8-efe4-4f72-8d19-f15b19149fe4,v1447,Maxwell@display=pairwise
v1447,v0265,5826cad1-e0ae-480c-a6a3-3f6fd53569fa,v1447,Maxwell@display=pairwise
,v1447,b75ed7ec-fc7e-4170-917d-244db89f64a2,v0265,Maxwell@display=pairwise
v1447,v0265,0fe8a7e1-5dbc-4a2b-b956-4e18128d5353,v1447,Maxwell@display=pairwise
v1447,v0265,ba9fe7c9-6c2e-4006-a184-46f2e039d589,v1447,Maxwell@display=pairwise
v0265,v0265,9a673f7a-20b3-401d-980f-38b0c8fc3b45,v1447,Maxwell@display=pairwise
v1447,v0265,f9f062ef-692e-46ad-a379-6d3a1e5a78e8,v1447,Maxwell@display=pairwise
v0265,v0265,28078593-bd58-4e49-88f5-c7909b406342,v1447,Maxwell@display=pairwise
,v0265,112054de-a4f8-40be-8531-03283774f811,v1447,Maxwell@display=pairwise
v3583,v0886,7ee0c63e-b0d9-4766-86ef-f88ed5f05d92,v3583,Maxwell@display=pairwise
v3583,v0886,ade8a476-81ee-42b0-a41a-c54a43f6bf8c,v3583,Maxwell@display=pairwise
v0886,v3583,4e2adbe1-fa03-4f25-a561-baae089d8201,v0886,Maxwell@display=pairwise
v3583,v0886,96f829ff-df3c-49ca-9af3-b69739e4a67a,v3583,Maxwell@display=pairwise
v0886,v0886,96f829ff-df3c-49ca-9af3-b69739e4a67a,v3583,Maxwell@display=pairwise
v3583,v3583,d2274bbe-d5ac-4c27-8579-f0e4e7eeb3d3,v0886,Maxwell@display=pairwise
v3583,v0886,d2274bbe-d5ac-4c27-8579-f0e4e7eeb3d3,v3583,Maxwell@display=pairwise
v3583,v3583,93650a77-b874-44f5-a36e-8c9163eee72e,v0886,Maxwell@display=pairwise
v3583,v3583,a4e3e3a6-b8aa-48da-9a14-17048d8a2153,v0886,Maxwell@display=pairwise
v3583,v3583,36c5c8c0-5e83-47ea-8f74-af418783618a,v0886,Maxwell@display=pairwise
v1477,v1397,7ee0c63e-b0d9-4766-86ef-f88ed5f05d92,v1477,Maxwell@display=pairwise
v1477,v1397,b298c12c-882d-4f4b-a685-587d6fa667ce,v1477,Maxwell@display=pairwise
v1397,v1477,de4830fb-a55e-481e-972c-e8cd68d4cf25,v1397,Maxwell@display=pairwise
v1477,v1477,8ab07bc5-0ee7-4c8d-9e27-22e5c6da8bc1,v1397,Maxwell@display=pairwise
v1477,v1397,c377aeaf-60e4-4bc1-8080-5619345d590c,v1477,Maxwell@display=pairwise
,v1397,9d91b01f-a800-4b2b-b343-d61dc7eaf041,v1477,Maxwell@display=pairwise
v1477,v1477,9ede4d3e-ee31-4bd1-980a-75ced4a17656,v1397,Maxwell@display=pairwise
v1477,v1397,b2c57169-2eb4-4673-8dd4-c2a4360d21d9,v1477,Maxwell@display=pairwise
v1477,v1477,d906e73c-afb6-4bc0-8cab-f6991cc560ba,v1397,Maxwell@display=pairwise
v1477,v1477,8581928a-3670-48d2-b55c-34685f7de132,v1397,Maxwell@display=pairwise
,v1373,7ee0c63e-b0d9-4766-86ef-f88ed5f05d92,v2525,Maxwell@display=pairwise
v2525,v1373,9b14dad7-75bc-4690-9dc6-94c0c04d5333,v2525,Maxwell@display=pairwise
,v2525,31d01651-40ee-49ee-8266-1aee63461887,v1373,Maxwell@display=pairwise
v1373,v2525,3fa99ef2-8170-40ac-9c39-165fcfe91a61,v1373,Maxwell@display=pairwise
,v1373,c942376b-0080-4a53-825b-8c8974c18262,v2525,Maxwell@display=pairwise
v2525,v2525,ef228dde-5278-429a-b581-bf6bdf7010cb,v1373,Maxwell@display=pairwise
,v2525,e3b8bb83-c52a-4ef2-b875-665689a58489,v1373,Maxwell@display=pairwise
,v1373,626ad72c-299b-4c9e-97a8-63783caa4a83,v2525,Maxwell@display=pairwise
v1373,v1373,fd639556-f319-4397-9f9e-2d8827de7111,v2525,Maxwell@display=pairwise
v2525,v2525,73c3b426-5640-464d-8768-26eb4631fe7e,v1373,Maxwell@display=pairwise
v3355,v0824,d4e975ba-6080-4323-b1fe-529de3ea5875,v3355,Maxwell@display=pairwise
v0824,v0824,49091e64-faa5-49f7-8e9d-a491f64fc35c,v3355,Maxwell@display=pairwise
v3355,v3355,027d3766-10fa-4410-bda9-dfabae5b973f,v0824,Maxwell@display=pairwise
v3355,v0824,9859b693-6c9f-44ff-8038-a8397db0a1b4,v3355,Maxwell@display=pairwise
v3355,v3355,ef228dde-5278-429a-b581-bf6bdf7010cb,v0824,Maxwell@display=pairwise
v3355,v0824,d2274bbe-d5ac-4c27-8579-f0e4e7eeb3d3,v3355,Maxwell@display=pairwise
v3355,v3355,42e75c72-a6d9-474d-9ddf-9a3b32f8ff9a,v0824,Maxwell@display=pairwise
v3355,v3355,c4def5d3-8498-4453-9086-653e4184d2c1,v0824,Maxwell@display=pairwise
v3355,v0824,5b7f9010-471e-4f05-967c-a840f99bbcaf,v3355,Maxwell@display=pairwise
v3355,v3355,6832a87e-ad5d-4854-bee6-4ec447d48143,v0824,Maxwell@display=pairwise
,v2063,d4e975ba-6080-4323-b1fe-529de3ea5875,v1703,Maxwell@display=pairwise
v2063,v2063,97029296-ed19-429b-bde6-a44701da9433,v1703,Maxwell@display=pairwise
v1703,v1703,932f9ce4-0739-497e-8f65-1f75f828eb23,v2063,Maxwell@display=pairwise
v2063,v2063,af7f19e9-f83a-45ae-8df8-fb20d08eddf9,v1703,Maxwell@display=pairwise
v1703,v2063,862cd654-5ac1-48c5-bd1f-650b43a68255,v1703,Maxwell@display=pairwise
v1703,v1703,cd7370ec-f239-4919-be0d-7c980be77ec7,v2063,Maxwell@display=pairwise
v1703,v1703,ad2df09c-dcb5-4037-8441-c9c5b43a26e0,v2063,Maxwell@display=pairwise
v1703,v1703,5ca4290f-c11a-446f-a475-6105dde0b57f,v2063,Maxwell@display=pairwise
v2063,v2063,fdeab250-0277-4490-bcf0-de3d8c630a98,v1703,Maxwell@display=pairwise
v2063,v1703,a9591a8a-3147-43f9-969a-2603ca967f9e,v2063,Maxwell@display=pairwise
v2635,v2635,8914cf47-88ab-4d93-ac8c-414469cd4a72,v1394,Maxwell@display=pairwise
v2635,v1394,cd54525c-5942-4876-b3c3-0c6d37cf3f6b,v2635,Maxwell@display=pairwise
v2635,v1394,d5ba3837-38e1-4aec-bd7c-cb069a23e8c1,v2635,Maxwell@display=pairwise
v2635,v2635,7b37ac90-7282-45c2-a24a-6ed9b9860183,v1394,Maxwell@display=pairwise
v2635,v2635,723aa930-ec56-4066-ae75-7504ed46fa1e,v1394,Maxwell@display=pairwise
v1394,v1394,cb101408-6fca-4119-9289-441754c9b2f0,v2635,Maxwell@display=pairwise
v1394,v2635,471f0556-5a0e-4c5c-b59c-c302504cf352,v1394,Maxwell@display=pairwise
v2635,v1394,4c9f3ef1-1be5-4b46-b834-89e3cd2a94a2,v2635,Maxwell@display=pairwise
v2635,v2635,d4e975ba-6080-4323-b1fe-529de3ea5875,v1394,Maxwell@display=pairwise
v2635,v2635,1581d9ba-baf0-47a6-9d2b-56bf103d5193,v1394,Maxwell@display=pairwise
v4097,v4097,d4e975ba-6080-4323-b1fe-529de3ea5875,v2349,Maxwell@display=pairwise
v4097,v2349,b6634fbf-fd8c-4256-96b7-8dbfefd99757,v4097,Maxwell@display=pairwise
v4097,v2349,b6634fbf-fd8c-4256-96b7-8dbfefd99757,v4097,Maxwell@display=pairwise
v4097,v2349,68f9fc6d-5215-4fa5-b428-049b8066252a,v4097,Maxwell@display=pairwise
v4097,v4097,3c83b2ee-f90f-4903-a067-8d46632b7b21,v2349,Maxwell@display=pairwise
v2349,v2349,094e753d-9712-4a5c-b642-e225b4d0af47,v4097,Maxwell@display=pairwise
v4097,v4097,382377d1-9207-4945-a189-62ca27420f73,v2349,Maxwell@display=pairwise
v4097,v4097,e5e845a9-bf60-41fc-9ab7-f2ab3172c82f,v2349,Maxwell@display=pairwise
v2349,v2349,9b4634c9-30c1-4725-8f52-815faf943025,v4097,Maxwell@display=pairwise
v2349,v4097,dd67b30b-2e2b-44b0-a821-5ef9f5daaeeb,v2349,Maxwell@display=pairwise
v1025,v0824,d4e975ba-6080-4323-b1fe-529de3ea5875,v1025,Maxwell@display=pairwise
v1025,v0824,e25b19ea-aebb-47cd-b479-8d9842cf83dc,v1025,Maxwell@display=pairwise
v1025,v0824,a7a93a58-0185-4a02-be01-554e229a1446,v1025,Maxwell@display=pairwise
v0824,v1025,afa98c8f-110e-4115-a68c-652138e95b5d,v0824,Maxwell@display=pairwise
v1025,v1025,c6a5f67c-5e3c-447c-8dd4-cf7aa57bb617,v0824,Maxwell@display=pairwise
,v0824,2dd89ba6-d0b2-4975-8d14-d6d471fa562e,v1025,Maxwell@display=pairwise
,v0824,d3550857-7c9d-4e98-8202-433d0a535e77,v1025,Maxwell@display=pairwise
v1025,v0824,7ccb1601-429e-4e0c-a822-991e9abf2075,v1025,Maxwell@display=pairwise
v1025,v0824,8290678e-1f94-4619-af71-aa8892a717fa,v1025,Maxwell@display=pairwise
v1025,v0824,6832a87e-ad5d-4854-bee6-4ec447d48143,v1025,Maxwell@display=pairwise
v4048,v4048,d4e975ba-6080-4323-b1fe-529de3ea5875,v0162,Maxwell@display=pairwise
v4048,v4048,8a19e606-f631-49b8-88af-f91c0befff75,v0162,Maxwell@display=pairwise
v4048,v4048,11bb2619-b3e8-49bd-99e6-dbd83100c5be,v0162,Maxwell@display=pairwise
v4048,v4048,9c031cfb-cda8-4869-acc8-11ec9ff4d69f,v0162,Maxwell@display=pairwise
v4048,v4048,e17e2dcf-3979-4b09-8713-28d55d90138b,v0162,Maxwell@display=pairwise
v0162,v4048,026c8690-22a2-4ca3-b37e-73c29dcf0858,v0162,Maxwell@display=pairwise
v4048,v0162,aa873e42-f4c4-4b06-8b86-c8d47ffd4b9a,v4048,Maxwell@display=pairwise
v4048,v0162,9a1954b1-10f1-4709-bae2-faaa266102f5,v4048,Maxwell@display=pairwise
v4048,v0162,eb1d4001-2c9c-463a-8ab8-6fe20a5c24ce,v4048,Maxwell@display=pairwise
v4048,v0162,86523267-18b8-471d-80c4-42b0069c1f65,v4048,Maxwell@display=pairwise
v2889,v2889,d4e975ba-6080-4323-b1fe-529de3ea5875,v1394,Maxwell@display=pairwise
v2889,v2889,3e5c0176-3c63-4689-bd8c-9948528b47de,v1394,Maxwell@display=pairwise
v2889,v1394,14683b3e-6dfe-4a10-8db1-20dfd0dd5f20,v2889,Maxwell@display=pairwise
v1394,v1394,ee0ccb3c-dac0-417e-a70a-a62358481477,v2889,Maxwell@display=pairwise
v1394,v1394,df26a6f9-0f91-4a5e-82a0-ce73746d46d1,v2889,Maxwell@display=pairwise
,v1394,f19945e8-447a-46eb-adcc-ff690853c250,v2889,Maxwell@display=pairwise
v2889,v1394,5bd6d7d7-bd09-4636-be21-b00626f71358,v2889,Maxwell@display=pairwise
,v1394,058c4e79-1989-4a56-81b0-7d9c671b99d7,v2889,Maxwell@display=pairwise
v1394,v1394,87e8a297-f718-4c2c-b36e-ad49b5f87820,v2889,Maxwell@display=pairwise
v2889,v1394,2168499d-6438-474d-96fc-7346737ee935,v2889,Maxwell@display=pairwise
,v0265,d4e975ba-6080-4323-b1fe-529de3ea5875,v3355,Maxwell@display=pairwise
v3355,v3355,12f332a1-5ffa-4879-b1d8-9da98c72ac92,v0265,Maxwell@display=pairwise
,v0265,73a3dcd6-df5c-4cb9-b01e-8842ddc7f7d0,v3355,Maxwell@display=pairwise
,v3355,7007cb66-6248-4ffb-9d99-061a7a2b9859,v0265,Maxwell@display=pairwise
v3355,v0265,3c83b2ee-f90f-4903-a067-8d46632b7b21,v3355,Maxwell@display=pairwise
v3355,v0265,8841cf31-165a-4525-ad00-5bc3d621f9fc,v3355,Maxwell@display=pairwise
v3355,v3355,4c52ed79-8845-42cb-aab9-05e6faee8c9f,v0265,Maxwell@display=pairwise
v3355,v0265,ff5bd754-d1d5-47d5-8cdd-ba09f18067ba,v3355,Maxwell@display=pairwise
v3355,v3355,19ed7125-f9d4-4332-baa2-b57735cd4bae,v0265,Maxwell@display=pairwise
v3355,v3355,8581928a-3670-48d2-b55c-34685f7de132,v0265,Maxwell@display=pairwise
v2349,v1703,d4e975ba-6080-4323-b1fe-529de3ea5875,v2349,Maxwell@display=pairwise
v2349,v1703,bcfcab6f-59dd-4283-a999-0696e9e4835f,v2349,Maxwell@display=pairwise
v2349,v1703,47057ac9-d439-4fab-985e-0d08a0ad2903,v2349,Maxwell@display=pairwise
v1703,v2349,6f27d33c-e38c-497e-92d6-941c4520a5cf,v1703,Maxwell@display=pairwise
v2349,v1703,9859b693-6c9f-44ff-8038-a8397db0a1b4,v2349,Maxwell@display=pairwise
v2349,v2349,c8663594-fd63-46c0-be02-64eede925ed2,v1703,Maxwell@display=pairwise
v2349,v1703,601526eb-3031-4f1f-9986-21b3aba14da1,v2349,Maxwell@display=pairwise
v2349,v2349,1032350e-f02d-40d9-8fe8-0a7feb5fc808,v1703,Maxwell@display=pairwise
v2349,v2349,abd7238e-93ec-420d-aab3-40296b6b8533,v1703,Maxwell@display=pairwise
v2349,v2349,058c4e79-1989-4a56-81b0-7d9c671b99d7,v1703,Maxwell@display=pairwise
v4048,v4048,d4e975ba-6080-4323-b1fe-529de3ea5875,v1447,Maxwell@display=pairwise
v4048,v1447,1ea4d896-7017-4409-8dd2-484c9eb6e564,v4048,Maxwell@display=pairwise
,v4048,c807ebed-1cf6-4d16-a376-9d47740f211c,v1447,Maxwell@display=pairwise
v4048,v1447,83d505a2-2b0d-4ae8-8f57-e375dcc387ac,v4048,Maxwell@display=pairwise
v4048,v4048,f711bbae-43d6-40ce-9fdc-3eff7721a7c9,v1447,Maxwell@display=pairwise
v4048,v1447,b37cf829-f3ab-45f0-b043-f1ab634e7a57,v4048,Maxwell@display=pairwise
v4048,v1447,7362c712-28f5-4b3b-a8e7-274ce94aae4b,v4048,Maxwell@display=pairwise
v4048,v4048,7362c712-28f5-4b3b-a8e7-274ce94aae4b,v1447,Maxwell@display=pairwise
v4048,v4048,568341de-630c-4f7d-97c0-db58befad162,v1447,Maxwell@display=pairwise
v4048,v4048,f91a86d7-4ef8-4563-ab87-c52917313279,v1447,Maxwell@display=pairwise
v3355,v3355,d4e975ba-6080-4323-b1fe-529de3ea5875,v0529,Maxwell@display=pairwise
v3355,v3355,90b75463-bb9b-47ed-a579-8f88fc4299b8,v0529,Maxwell@display=pairwise
v3355,v3355,c807ebed-1cf6-4d16-a376-9d47740f211c,v0529,Maxwell@display=pairwise
v0529,v0529,7ed39ffd-82b7-4d82-b17c-073138b844a6,v3355,Maxwell@display=pairwise
v3355,v3355,6a7b1dd4-b79f-4017-b161-b8de06e3d2b9,v0529,Maxwell@display=pairwise
v3355,v3355,1a554cd6-a958-4409-801f-f6700b3c42ab,v0529,Maxwell@display=pairwise
v3355,v0529,57c5b042-79d7-4bb7-8714-5d3808c5cd0e,v3355,Maxwell@display=pairwise
v0529,v3355,d3550857-7c9d-4e98-8202-433d0a535e77,v0529,Maxwell@display=pairwise
v3355,v0529,86a98c74-45fb-4cdf-a662-a12e8b733a2b,v3355,Maxwell@display=pairwise
v3355,v3355,8f7a9d96-4b5f-4d1d-91d7-b4638a45dc78,v0529,Maxwell@display=pairwise
v2525,v2525,d4e975ba-6080-4323-b1fe-529de3ea5875,v2063,Maxwell@display=pairwise
,v2063,6737908c-5eb5-4359-9909-7a6e8c746ca4,v2525,Maxwell@display=pairwise
v2525,v2063,d509e766-711c-4b31-97e2-89235a971fe1,v2525,Maxwell@display=pairwise
v2525,v2525,ee0ccb3c-dac0-417e-a70a-a62358481477,v2063,Maxwell@display=pairwise
v2525,v2525,4d959969-12c9-4934-bcb0-01c74a0bca6d,v2063,Maxwell@display=pairwise
v2525,v2525,ab45a492-e076-489d-bd8f-39251a92f0ab,v2063,Maxwell@display=pairwise
v2063,v2063,63543963-7fe0-4e5d-bb45-c5303123a3d0,v2525,Maxwell@display=pairwise
,v2525,9ede4d3e-ee31-4bd1-980a-75ced4a17656,v2063,Maxwell@display=pairwise
v2525,v2525,b03c8d70-1916-4f7d-a03a-f96397ce85d6,v2063,Maxwell@display=pairwise
v2525,v2063,f00b6b27-7f50-4848-9d4f-1c6640f6281b,v2525,Maxwell@display=pairwise
v4097,v2513,d4e975ba-6080-4323-b1fe-529de3ea5875,v4097,Maxwell@display=pairwise
v2513,v4097,bcfcab6f-59dd-4283-a999-0696e9e4835f,v2513,Maxwell@display=pairwise
v4097,v2513,5288ac4e-2d63-43f3-8c9d-4af9f174f740,v4097,Maxwell@display=pairwise
v4097,v2513,a7bccc46-0fad-4e81-a217-16e8f6d660b4,v4097,Maxwell@display=pairwise
v4097,v2513,2eb7870f-25ce-49d2-a094-ac88dd1f63ad,v4097,Maxwell@display=pairwise
v4097,v4097,1c633216-85cf-4854-b853-de600421a67d,v2513,Maxwell@display=pairwise
v4097,v2513,85acf25a-acab-4993-a328-e5aaacf2367f,v4097,Maxwell@display=pairwise
v4097,v2513,850c7762-5ebc-4c04-b264-d14e50f37130,v4097,Maxwell@display=pairwise
v4097,v4097,2ca645a6-7ef0-4fc3-9abd-cf3501109eae,v2513,Maxwell@display=pairwise
v4097,v2513,40161584-d61e-4b6d-a54b-90b0a53f914e,v4097,Maxwell@display=pairwise
v4048,v1397,d4e975ba-6080-4323-b1fe-529de3ea5875,v4048,Maxwell@display=pairwise
v4048,v1397,61f12ee8-b502-480f-96d7-2d477220aa9d,v4048,Maxwell@display=pairwise
v4048,v4048,399c3875-4111-41c4-b788-79e32772e36d,v1397,Maxwell@display=pairwise
v1397,v1397,9185b4f4-7b4c-4c14-a224-c258d06bfa75,v4048,Maxwell@display=pairwise
v1397,v4048,9185b4f4-7b4c-4c14-a224-c258d06bfa75,v1397,Maxwell@display=pairwise
v4048,v1397,3edabbb6-39e3-4150-a866-31860248b085,v4048,Maxwell@display=pairwise
v4048,v1397,1c633216-85cf-4854-b853-de600421a67d,v4048,Maxwell@display=pairwise
v4048,v1397,f602cd51-03c9-41b5-a85a-b7d81dde76dd,v4048,Maxwell@display=pairwise
v4048,v4048,86a98c74-45fb-4cdf-a662-a12e8b733a2b,v1397,Maxwell@display=pairwise
v4048,v1397,088c8375-45de-4caf-8da5-b1d72abe0de0,v4048,Maxwell@display=pairwise
,v4125,d4e975ba-6080-4323-b1fe-529de3ea5875,v2801,Maxwell@display=pairwise
v4125,v4125,75c9be23-99aa-4949-be3a-6b25c658091c,v2801,Maxwell@display=pairwise
v4125,v4125,28487e39-409b-4c7a-9093-c8806b2a099b,v2801,Maxwell@display=pairwise
v4125,v2801,c11a406e-302f-4f21-be2d-1f3a27fac77b,v4125,Maxwell@display=pairwise
v4125,v4125,2c834ab6-0751-4690-918f-5398a2160f15,v2801,Maxwell@display=pairwise
v4125,v2801,50d836a8-9b8a-4427-9d9e-d47323c64913,v4125,Maxwell@display=pairwise
v4125,v4125,87e8a297-f718-4c2c-b36e-ad49b5f87820,v2801,Maxwell@display=pairwise
v4125,v2801,f9f062ef-692e-46ad-a379-6d3a1e5a78e8,v4125,Maxwell@display=pairwise
v4125,v4125,28078593-bd58-4e49-88f5-c7909b406342,v2801,Maxwell@display=pairwise
v4125,v4125,5db3738a-9acb-4d81-9255-362c61e080bf,v2801,Maxwell@display=pairwise
v4235,v4235,1bf3fc04-55a6-4b7d-8e2d-924278f715c3,v1397,Maxwell@display=pairwise
v4235,v1397,47057ac9-d439-4fab-985e-0d08a0ad2903,v4235,Maxwell@display=pairwise
v4235,v4235,3c83b2ee-f90f-4903-a067-8d46632b7b21,v1397,Maxwell@display=pairwise
,v4235,8914cf47-88ab-4d93-ac8c-414469cd4a72,v1397,Maxwell@display=pairwise
v1397,v4235,07a3654d-ca98-438e-b300-d0ee18dcb45f,v1397,Maxwell@display=pairwise
v4235,v4235,e2414b46-7c69-407b-9c61-a18878f36403,v1397,Maxwell@display=pairwise
v1397,v1397,75cae008-0dbc-41be-8295-da701fdf0dba,v4235,Maxwell@display=pairwise
v4235,v4235,a4e3e3a6-b8aa-48da-9a14-17048d8a2153,v1397,Maxwell@display=pairwise
v1397,v4235,cea10608-7dfd-4bf7-bf4e-af4e8d7dac5e,v1397,Maxwell@display=pairwise
v4235,v4235,f00b6b27-7f50-4848-9d4f-1c6640f6281b,v1397,Maxwell@display=pairwise
v2513,v2513,1bf3fc04-55a6-4b7d-8e2d-924278f715c3,v3292,Maxwell@display=pairwise
v3292,v3292,352bfce1-aa96-44d6-967b-eafa128efab4,v2513,Maxwell@display=pairwise
v2513,v2513,2a13fd1a-a20e-4bc2-8695-27ba20d2f10a,v3292,Maxwell@display=pairwise
v3292,v3292,932f9ce4-0739-497e-8f65-1f75f828eb23,v2513,Maxwell@display=pairwise
v3292,v3292,bc760378-ddd6-4614-a376-7a3c39de225e,v2513,Maxwell@display=pairwise
v3292,v3292,2dd89ba6-d0b2-4975-8d14-d6d471fa562e,v2513,Maxwell@display=pairwise
v2513,v2513,b678ad4f-2bf3-4079-925c-47a98abb234f,v3292,Maxwell@display=pairwise
,v3292,d26017bc-5f0f-46a9-9ecd-b0be37678c1f,v2513,Maxwell@display=pairwise
,v3292,cc66f008-3ba4-41b3-a1c3-0b1697a27ebe,v2513,Maxwell@display=pairwise
v3292,v2513,19ed7125-f9d4-4332-baa2-b57735cd4bae,v3292,Maxwell@display=pairwise
v2519,v2519,1bf3fc04-55a6-4b7d-8e2d-924278f715c3,v1373,Maxwell@display=pairwise
v2519,v2519,faec11ec-0322-48ed-a2c7-b65d8b8ad221,v1373,Maxwell@display=pairwise
v2519,v1373,228504e4-46c0-48fd-a68d-d1af0989ddb7,v2519,Maxwell@display=pairwise
v2519,v2519,43505c4c-2f72-4150-b92e-bb25604e229a,v1373,Maxwell@display=pairwise
,v2519,d67a763c-3129-46e5-8a1c-450bff6ca19d,v1373,Maxwell@display=pairwise
v2519,v1373,ac166e95-9dbb-4135-b90a-07e696f0a50c,v2519,Maxwell@display=pairwise
v2519,v2519,afb40d45-bed5-4152-bfe2-7fce395f5e35,v1373,Maxwell@display=pairwise
v2519,v1373,568341de-630c-4f7d-97c0-db58befad162,v2519,Maxwell@display=pairwise
v2519,v2519,43e0e111-055c-43b5-b09c-bee2f7542636,v1373,Maxwell@display=pairwise
v2519,v2519,0de1e2fe-9589-46ff-ad16-6a47adb8c61a,v1373,Maxwell@display=pairwise
,v0032,1bf3fc04-55a6-4b7d-8e2d-924278f715c3,v0328,Maxwell@display=pairwise
v0328,v0328,51a741d8-2e85-48fb-a41a-ec0b312ce2e7,v0032,Maxwell@display=pairwise
v0032,v0328,228504e4-46c0-48fd-a68d-d1af0989ddb7,v0032,Maxwell@display=pairwise
v0032,v0328,e37a04cf-5cb9-4c24-b268-428f04b630ae,v0032,Maxwell@display=pairwise
v0032,v0032,e37a04cf-5cb9-4c24-b268-428f04b630ae,v0328,Maxwell@display=pairwise
v0032,v0032,50e68f35-10c5-4dcd-833e-3680adb69b60,v0328,Maxwell@display=pairwise
v0032,v0328,50e68f35-10c5-4dcd-833e-3680adb69b60,v0032,Maxwell@display=pairwise
v0032,v0032,6d4a2a41-fa40-4847-81d4-e68b6937db26,v0328,Maxwell@display=pairwise
v0032,v0032,2d3e655e-b512-4a49-909c-3db4efbcdfcc,v0328,Maxwell@display=pairwise
v0032,v0328,cea10608-7dfd-4bf7-bf4e-af4e8d7dac5e,v0032,Maxwell@display=pairwise
v4034,v4034,1bf3fc04-55a6-4b7d-8e2d-924278f715c3,v2889,Maxwell@display=pairwise
v4034,v2889,996d4f04-efe4-4b10-9ba5-28b5dca74aed,v4034,Maxwell@display=pairwise
v4034,v4034,d9c24ced-2640-4502-9de4-cfc5bcd74967,v2889,Maxwell@display=pairwise
v2889,v4034,f9d3357f-aea1-4746-8080-e4ebb0fb3ae0,v2889,Maxwell@display=pairwise
v4034,v2889,91c5b80b-c738-4722-8cc5-80c4da596c5f,v4034,Maxwell@display=pairwise
v4034,v4034,196d047d-4bfe-4054-bcf3-da76fe0ecb11,v2889,Maxwell@display=pairwise
v4034,v2889,50e68f35-10c5-4dcd-833e-3680adb69b60,v4034,Maxwell@display=pairwise
v4034,v4034,e1ce5e37-5e67-453e-aee9-0a6e7cf6b73c,v2889,Maxwell@display=pairwise
v4034,v2889,d906e73c-afb6-4bc0-8cab-f6991cc560ba,v4034,Maxwell@display=pairwise
v4034,v4034,d41c6ea1-955c-405c-a5d3-b7d3d9114699,v2889,Maxwell@display=pairwise
v2513,v2513,1bf3fc04-55a6-4b7d-8e2d-924278f715c3,v0824,Maxwell@display=pairwise
v2513,v2513,c744cb11-c13d-48f5-857f-33b152474625,v0824,Maxwell@display=pairwise
v2513,v2513,de36c471-90c9-4ad1-b5df-404e1caccda4,v0824,Maxwell@display=pairwise
v0824,v2513,7eb95ab6-eca8-489b-b426-e9b15a50c9cb,v0824,Maxwell@display=pairwise
v2513,v2513,ee0ccb3c-dac0-417e-a70a-a62358481477,v0824,Maxwell@display=pairwise
v0824,v2513,3665f070-cce1-4979-995c-d117a13742ab,v0824,Maxwell@display=pairwise
v2513,v2513,42e75c72-a6d9-474d-9ddf-9a3b32f8ff9a,v0824,Maxwell@display=pairwise
v2513,v0824,c8a8c2c5-cbde-4269-8b36-a3b928ca2d67,v2513,Maxwell@display=pairwise
v2513,v0824,f540594e-acb6-4701-95ba-930d80b00b7a,v2513,Maxwell@display=pairwise
v2513,v2513,ea62dadb-d0bf-416b-a83e-6823c24a7822,v0824,Maxwell@display=pairwise
,v0094,1bf3fc04-55a6-4b7d-8e2d-924278f715c3,v1394,Maxwell@display=pairwise
v0094,v0094,65e04b88-b95c-42e6-8ba6-6588703dc773,v1394,Maxwell@display=pairwise
v1394,v0094,76f3d336-52fa-4304-9eda-8f30f1fe4b75,v1394,Maxwell@display=pairwise
,v1394,b37cf829-f3ab-45f0-b043-f1ab634e7a57,v0094,Maxwell@display=pairwise
v0094,v1394,ee8149de-cb82-49cc-9038-c54766ad70c9,v0094,Maxwell@display=pairwise
v1394,v1394,377b66e2-ae54-4e8b-bd72-393052e435d4,v0094,Maxwell@display=pairwise
v1394,v1394,86c3fdc9-9648-4efc-ba1f-d8b06b701e87,v0094,Maxwell@display=pairwise
v1394,v1394,c4def5d3-8498-4453-9086-653e4184d2c1,v0094,Maxwell@display=pairwise
v1394,v0094,8165ec89-da1a-443f-9c35-12bd6162de30,v1394,Maxwell@display=pairwise
,v1394,09705fe5-aaef-4009-9eaf-7f6ef1693c89,v0094,Maxwell@display=pairwise
,v2828,1bf3fc04-55a6-4b7d-8e2d-924278f715c3,v2083,Maxwell@display=pairwise
v2083,v2083,a8b97762-73b3-4044-9b22-306bc8e61f40,v2828,Maxwell@display=pairwise
,v2083,46890feb-e3fa-42f0-bdb2-bc9bbacd627f,v2828,Maxwell@display=pairwise
v2083,v2828,f982c154-231a-4d28-8be6-f62894d3a8c5,v2083,Maxwell@display=pairwise
v2083,v2828,01a3b14c-3923-4b2c-baf6-0b671043ec61,v2083,Maxwell@display=pairwise
v2828,v2083,377b66e2-ae54-4e8b-bd72-393052e435d4,v2828,Maxwell@display=pairwise
v2083,v2083,0630eeac-73c4-4677-83c8-f714f6e289a9,v2828,Maxwell@display=pairwise
v2083,v2083,295b7632-b3b4-4d18-ab59-6527849c76d1,v2828,Maxwell@display=pairwise
v2828,v2083,763852f1-e766-4548-82da-08f5e6450ba6,v2828,Maxwell@display=pairwise
v2083,v2828,22ca127c-db37-4eac-a88d-3184529fba6d,v2083,Maxwell@display=pairwise
v2519,v2519,1bf3fc04-55a6-4b7d-8e2d-924278f715c3,v0032,Maxwell@display=pairwise
v2519,v2519,f23b459c-43f2-43ba-9fd1-78fd48cf833e,v0032,Maxwell@display=pairwise
v2519,v2519,01aa3ef5-bb24-4ab5-b3ff-0a4149e4a304,v0032,Maxwell@display=pairwise
v2519,v2519,932f9ce4-0739-497e-8f65-1f75f828eb23,v0032,Maxwell@display=pairwise
v2519,v0032,c1e5dd48-6b4f-42c3-b070-b362047520ac,v2519,Maxwell@display=pairwise
v2519,v2519,95a7cc06-df48-4cae-9aec-7e23717e0f71,v0032,Maxwell@display=pairwise
,v2519,c8a8c2c5-cbde-4269-8b36-a3b928ca2d67,v0032,Maxwell@display=pairwise
v2519,v0032,aaf15379-dfc5-4aed-89dd-6e94974e28c8,v2519,Maxwell@display=pairwise
v2519,v2519,cc66f008-3ba4-41b3-a1c3-0b1697a27ebe,v0032,Maxwell@display=pairwise
v2519,v0032,0e80b9f5-c6c9-4c92-8afc-d29ed45b16c6,v2519,Maxwell@display=pairwise
v3355,v2181,1bf3fc04-55a6-4b7d-8e2d-924278f715c3,v3355,Maxwell@display=pairwise
v3355,v2181,86cebb69-070a-4ed3-890f-c96d130c1704,v3355,Maxwell@display=pairwise
v3355,v3355,2b1a183f-8a1c-4ee8-889b-a2771ec07859,v2181,Maxwell@display=pairwise
,v3355,a0afca37-6b70-4a80-b1bf-0ae756a802f7,v2181,Maxwell@display=pairwise
v3355,v3355,377b66e2-ae54-4e8b-bd72-393052e435d4,v2181,Maxwell@display=pairwise
v3355,v2181,1dee3556-55f2-4afa-9290-ed47655d33bb,v3355,Maxwell@display=pairwise
v2181,v3355,c8663594-fd63-46c0-be02-64eede925ed2,v2181,Maxwell@display=pairwise
v3355,v3355,992cc7e1-caa5-4e29-9a5c-8107bae22aaa,v2181,Maxwell@display=pairwise
v3355,v3355,ea62dadb-d0bf-416b-a83e-6823c24a7822,v2181,Maxwell@display=pairwise
,v2181,31e59e7f-acc9-48fd-8a2b-bf0096731a49,v3355,Maxwell@display=pairwise
v1373,v4125,1bf3fc04-55a6-4b7d-8e2d-924278f715c3,v1373,Maxwell@display=pairwise
v4125,v4125,40769eac-f52a-479a-a451-81b241a88f64,v1373,Maxwell@display=pairwise
v4125,v4125,5288ac4e-2d63-43f3-8c9d-4af9f174f740,v1373,Maxwell@display=pairwise
v4125,v1373,3b59bb46-ea50-46bd-a3a5-16087d174860,v4125,Maxwell@display=pairwise
v4125,v1373,db7a1735-7ea2-4e72-93df-997a3c7a0046,v4125,Maxwell@display=pairwise
v4125,v1373,86c3fdc9-9648-4efc-ba1f-d8b06b701e87,v4125,Maxwell@display=pairwise
v4125,v4125,314e8591-1186-4063-97cc-338f0e2e6b51,v1373,Maxwell@display=pairwise
v4125,v1373,5090394e-8d39-48a3-b78a-4dff5726117d,v4125,Maxwell@display=pairwise
v4125,v4125,992cc7e1-caa5-4e29-9a5c-8107bae22aaa,v1373,Maxwell@display=pairwise
v4125,v1373,67159434-83bd-4d1a-aaa8-379718f13f27,v4125,Maxwell@display=pairwise
v4166,v4166,1bf3fc04-55a6-4b7d-8e2d-924278f715c3,v0032,Maxwell@display=pairwise
v4166,v4166,86cebb69-070a-4ed3-890f-c96d130c1704,v0032,Maxwell@display=pairwise
v4166,v4166,75c9be23-99aa-4949-be3a-6b25c658091c,v0032,Maxwell@display=pairwise
v4166,v0032,724c60ae-6aa6-4024-bb86-11ee7b7b8770,v4166,Maxwell@display=pairwise
v0032,v4166,3d6a7a0d-a5fb-4cec-a5e2-3fe1b81d04db,v0032,Maxwell@display=pairwise
v4166,v4166,3edabbb6-39e3-4150-a866-31860248b085,v0032,Maxwell@display=pairwise
v4166,v4166,f711bbae-43d6-40ce-9fdc-3eff7721a7c9,v0032,Maxwell@display=pairwise
v4166,v0032,57c5b042-79d7-4bb7-8714-5d3808c5cd0e,v4166,Maxwell@display=pairwise
v4166,v0032,1e3cc6d0-8a93-4ccf-b54a-c049f3248c37,v4166,Maxwell@display=pairwise
v4166,v4166,c5fb40fd-7ac9-4e0e-afbe-3c1a6c070532,v0032,Maxwell@display=pairwise
v0530,v0530,1bf3fc04-55a6-4b7d-8e2d-924278f715c3,v0032,Maxwell@display=pairwise
v0032,v0530,7e52de1a-f83d-4bf5-81fb-f80371c158cb,v0032,Maxwell@display=pairwise
v0530,v0530,76f3d336-52fa-4304-9eda-8f30f1fe4b75,v0032,Maxwell@display=pairwise
v0032,v0530,21350804-8bb4-46fc-964b-228b225563ca,v0032,Maxwell@display=pairwise
v0530,v0032,21350804-8bb4-46fc-964b-228b225563ca,v0530,Maxwell@display=pairwise
v0530,v0530,942abe5f-d5e6-44ae-981b-c2664203ca49,v0032,Maxwell@display=pairwise
v0032,v0032,748ff91c-f261-4544-a851-bb33ab4da209,v0530,Maxwell@display=pairwise
v0032,v0530,284eb320-ce3d-48b3-99f0-b07eda1cc7ed,v0032,Maxwell@display=pairwise
v0032,v0032,814662e1-3c1f-4324-86ff-9ceb6e24e830,v0530,Maxwell@display=pairwise
v0530,v0530,bc441066-48fe-430a-8ae9-46706a7d4640,v0032,Maxwell@display=pairwise
v4235,v2513,1bf3fc04-55a6-4b7d-8e2d-924278f715c3,v4235,Maxwell@display=pairwise
v2513,v4235,26daa196-3e51-425f-8944-e7e21c5dca40,v2513,Maxwell@display=pairwise
v4235,v2513,d509e766-711c-4b31-97e2-89235a971fe1,v4235,Maxwell@display=pairwise
v4235,v2513,8477eb0e-905a-4f16-a145-97a894176374,v4235,Maxwell@display=pairwise
v4235,v4235,9e27701b-15a9-4a1e-b326-1c40f3a51892,v2513,Maxwell@display=pairwise
v4235,v4235,171d9627-c964-4a99-8c05-0cf0ea584fba,v2513,Maxwell@display=pairwise
v2513,v4235,db7a1735-7ea2-4e72-93df-997a3c7a0046,v2513,Maxwell@display=pairwise
v4235,v2513,a801b479-113e-4832-87fc-1561080418bb,v4235,Maxwell@display=pairwise
v4235,v2513,09e4aacf-b969-495a-9de2-c294927e736b,v4235,Maxwell@display=pairwise
v4235,v2513,2b8c1e14-fdc9-4c52-a214-1887ac95a9ba,v4235,Maxwell@display=pairwise
v2525,v1447,1bf3fc04-55a6-4b7d-8e2d-924278f715c3,v2525,Maxwell@display=pairwise
,v1447,56396265-a727-4b26-87a2-fa020961705e,v2525,Maxwell@display=pairwise
v1447,v2525,761748d4-d10d-4076-8ba5-4316321078d2,v1447,Maxwell@display=pairwise
v2525,v2525,df26a6f9-0f91-4a5e-82a0-ce73746d46d1,v1447,Maxwell@display=pairwise
v2525,v2525,f27bb50a-2b7d-4f18-8fa3-a3fd7bc9fd8e,v1447,Maxwell@display=pairwise
v2525,v1447,295b7632-b3b4-4d18-ab59-6527849c76d1,v2525,Maxwell@display=pairwise
v2525,v1447,d906e73c-afb6-4bc0-8cab-f6991cc560ba,v2525,Maxwell@display=pairwise
,v2525,9a673f7a-20b3-401d-980f-38b0c8fc3b45,v1447,Maxwell@display=pairwise
v2525,v2525,28078593-bd58-4e49-88f5-c7909b406342,v1447,Maxwell@display=pairwise
v2525,v1447,de445587-4c60-454b-b923-a4113a9dc708,v2525,Maxwell@display=pairwise
v2801,v2801,5b5d5922-ac32-4ce1-8229-b216c73f6764,v4097,Maxwell@display=pairwise
v4097,v4097,4816403d-b202-4e68-a3f1-f212baf4c17a,v2801,Maxwell@display=pairwise
v2801,v4097,13a84fc5-c897-4808-819d-21fe4ef9dffc,v2801,Maxwell@display=pairwise
v4097,v2801,35f7dbdd-4c2d-43df-8b5a-7885f17732b1,v4097,Maxwell@display=pairwise
v4097,v4097,2c9a72d6-6d7d-4b0f-a7d4-bb0625c39190,v2801,Maxwell@display=pairwise
v4097,v2801,e4076421-c718-4550-a279-71b8f41de5fd,v4097,Maxwell@display=pairwise
v4097,v2801,7923b5e3-11d0-48ca-937d-4b08a7ecead4,v4097,Maxwell@display=pairwise
v4097,v2801,a0379086-b099-4907-aa9d-8691ca28df83,v4097,Maxwell@display=pairwise
v4097,v2801,5db3738a-9acb-4d81-9255-362c61e080bf,v4097,Maxwell@display=pairwise
v4097,v2801,c7d90a87-a380-46b6-af6f-fad86d1c1757,v4097,Maxwell@display=pairwise
v4125,v4125,5b5d5922-ac32-4ce1-8229-b216c73f6764,v0878,Maxwell@display=pairwise
v4125,v0878,90b75463-bb9b-47ed-a579-8f88fc4299b8,v4125,Maxwell@display=pairwise
,v4125,2a13fd1a-a20e-4bc2-8695-27ba20d2f10a,v0878,Maxwell@display=pairwise
v4125,v4125,d596421e-e19a-4472-a4e8-730e96d35459,v0878,Maxwell@display=pairwise
v4125,v4125,1ab3015c-2a18-4a9c-9842-14c3cab722d7,v0878,Maxwell@display=pairwise
v4125,v0878,584b7635-9a3b-4a46-9127-652bab8ab045,v4125,Maxwell@display=pairwise
v4125,v4125,720d1aa0-a9e3-4836-9efe-1ef960d71e0e,v0878,Maxwell@display=pairwise
v4125,v4125,152a0477-3c32-40f2-b0e2-738202586ba4,v0878,Maxwell@display=pairwise
v4125,v4125,b8c63c99-2a85-402e-a74a-1969eeefd861,v0878,Maxwell@display=pairwise
v4125,v4125,9f33edc6-8672-491a-9b40-8bb445f9aaf0,v0878,Maxwell@display=pairwise
v4235,v2635,5b5d5922-ac32-4ce1-8229-b216c73f6764,v4235,Maxwell@display=pairwise
v4235,v2635,2f9c0bcc-c712-42b9-bc2f-d02860843a89,v4235,Maxwell@display=pairwise
v4235,v2635,76f3d336-52fa-4304-9eda-8f30f1fe4b75,v4235,Maxwell@display=pairwise
v4235,v2635,9859b693-6c9f-44ff-8038-a8397db0a1b4,v4235,Maxwell@display=pairwise
v4235,v4235,8ab07bc5-0ee7-4c8d-9e27-22e5c6da8bc1,v2635,Maxwell@display=pairwise
v2635,v4235,6720d5b6-4318-4c40-9831-c43eee9e9653,v2635,Maxwell@display=pairwise
v4235,v2635,ce008773-19e4-41d1-82ae-f094be0d2171,v4235,Maxwell@display=pairwise
v4235,v4235,35a5fd4a-c3d1-456f-81f3-f5489dcf64c7,v2635,Maxwell@display=pairwise
v4235,v4235,2d3e655e-b512-4a49-909c-3db4efbcdfcc,v2635,Maxwell@display=pairwise
v2635,v4235,bdcbadd2-3661-4ece-a668-ae3da62a8e23,v2635,Maxwell@display=pairwise
v3583,v2801,5b5d5922-ac32-4ce1-8229-b216c73f6764,v3583,Maxwell@display=pairwise
v3583,v2801,19d8041f-78dc-4148-92f4-1190481c0358,v3583,Maxwell@display=pairwise
v3583,v2801,c2c5d1ea-6807-4bdd-a0f0-5694bf04fe9b,v3583,Maxwell@display=pairwise
v3583,v2801,94853c24-e68d-4875-ae6f-521994d9fef0,v3583,Maxwell@display=pairwise
v3583,v2801,fdafe1fc-3bdb-472a-a91e-52abb2f5e78f,v3583,Maxwell@display=pairwise
v3583,v2801,3b229a65-310a-43d5-a784-9b94a939355b,v3583,Maxwell@display=pairwise
v3583,v3583,3b229a65-310a-43d5-a784-9b94a939355b,v2801,Maxwell@display=pairwise
v3583,v3583,2987197e-d01c-46fa-bfae-419ca1a44316,v2801,Maxwell@display=pairwise
v3583,v3583,178c8651-5570-4a73-b49a-7a93daf21ea4,v2801,Maxwell@display=pairwise
v3583,v3583,8290678e-1f94-4619-af71-aa8892a717fa,v2801,Maxwell@display=pairwise
v2083,v0032,5b5d5922-ac32-4ce1-8229-b216c73f6764,v2083,Maxwell@display=pairwise
v2083,v0032,c2695074-4db8-48d5-be71-3e9658613537,v2083,Maxwell@display=pairwise
v2083,v2083,761748d4-d10d-4076-8ba5-4316321078d2,v0032,Maxwell@display=pairwise
v2083,v2083,a0afca37-6b70-4a80-b1bf-0ae756a802f7,v0032,Maxwell@display=pairwise
v2083,v2083,01a3b14c-3923-4b2c-baf6-0b671043ec61,v0032,Maxwell@display=pairwise
v2083,v2083,cd54525c-5942-4876-b3c3-0c6d37cf3f6b,v0032,Maxwell@display=pairwise
v2083,v2083,50d836a8-9b8a-4427-9d9e-d47323c64913,v0032,Maxwell@display=pairwise
v2083,v0032,3547e3c0-da82-4993-8867-2ae2b4e1f4f7,v2083,Maxwell@display=pairwise
v0032,v0032,de445587-4c60-454b-b923-a4113a9dc708,v2083,Maxwell@display=pairwise
v2083,v0032,f5d6e1f3-6569-4a5e-b109-b9871c084d4b,v2083,Maxwell@display=pairwise
v2419,v2419,5b5d5922-ac32-4ce1-8229-b216c73f6764,v1397,Maxwell@display=pairwise
v1397,v1397,b298c12c-882d-4f4b-a685-587d6fa667ce,v2419,Maxwell@display=pairwise
v2419,v1397,118e07a5-5d2c-405c-8ce0-e462951bf1c8,v2419,Maxwell@display=pairwise
v2419,v1397,df26a6f9-0f91-4a5e-82a0-ce73746d46d1,v2419,Maxwell@display=pairwise
,v2419,5b7f9010-471e-4f05-967c-a840f99bbcaf,v1397,Maxwell@display=pairwise
v2419,v1397,ced05eb2-a974-4dcf-89fb-bf893f78b6aa,v2419,Maxwell@display=pairwise
v1397,v1397,f91a86d7-4ef8-4563-ab87-c52917313279,v2419,Maxwell@display=pairwise
v2419,v2419,6c195b05-5754-4268-aaec-09c6fa8d20ce,v1397,Maxwell@display=pairwise
v1397,v1397,6c195b05-5754-4268-aaec-09c6fa8d20ce,v2419,Maxwell@display=pairwise
v2419,v2419,d8c466c5-877b-40b2-b8d8-5cd12c3902b1,v1397,Maxwell@display=pairwise
v2635,v2635,5b5d5922-ac32-4ce1-8229-b216c73f6764,v4166,Maxwell@display=pairwise
v4166,v4166,4901352b-32bd-48cb-9460-5bb67e875f40,v2635,Maxwell@display=pairwise
v4166,v2635,51b8e6dd-0e31-4784-9b1a-6247028d8968,v4166,Maxwell@display=pairwise
v4166,v4166,118e07a5-5d2c-405c-8ce0-e462951bf1c8,v2635,Maxwell@display=pairwise
v4166,v4166,184ea99b-88b2-410a-8041-f9980509d0f3,v2635,Maxwell@display=pairwise
v4166,v4166,720d1aa0-a9e3-4836-9efe-1ef960d71e0e,v2635,Maxwell@display=pairwise
v4166,v2635,4c52ed79-8845-42cb-aab9-05e6faee8c9f,v4166,Maxwell@display=pairwise
v4166,v4166,a4ff02d4-6d50-4f8a-b84e-4c6ba39528a5,v2635,Maxwell@display=pairwise
v4166,v4166,ced05eb2-a974-4dcf-89fb-bf893f78b6aa,v2635,Maxwell@display=pairwise
v4166,v4166,5090394e-8d39-48a3-b78a-4dff5726117d,v2635,Maxwell@display=pairwise
v4048,v1373,5b5d5922-ac32-4ce1-8229-b216c73f6764,v4048,Maxwell@display=pairwise
v1373,v1373,d30105ed-f2ea-430e-90b6-5096d9156bc4,v4048,Maxwell@display=pairwise
v4048,v4048,de4830fb-a55e-481e-972c-e8cd68d4cf25,v1373,Maxwell@display=pairwise
v4048,v1373,a4914634-9c3a-4b63-ba2f-eae01b722ce6,v4048,Maxwell@display=pairwise
v4048,v1373,6b2b3509-e864-4edb-9850-8fc1b129866b,v4048,Maxwell@display=pairwise
v4048,v4048,671d0c52-1c9d-4442-a792-dd7bd57dd8aa,v1373,Maxwell@display=pairwise
v4048,v4048,768f2d5e-4da6-4e17-a974-b681ec9fada3,v1373,Maxwell@display=pairwise
v4048,v4048,87e8a297-f718-4c2c-b36e-ad49b5f87820,v1373,Maxwell@display=pairwise
v4048,v4048,de445587-4c60-454b-b923-a4113a9dc708,v1373,Maxwell@display=pairwise
v4048,v1373,0de1e2fe-9589-46ff-ad16-6a47adb8c61a,v4048,Maxwell@display=pairwise
v1373,v1373,5b5d5922-ac32-4ce1-8229-b216c73f6764,v1703,Maxwell@display=pairwise
v1703,v1373,e7c95211-5ce3-4c43-bde6-828f51c7a97c,v1703,Maxwell@display=pairwise
,v1373,73a3dcd6-df5c-4cb9-b01e-8842ddc7f7d0,v1703,Maxwell@display=pairwise
v1373,v1703,5bb3993d-a33e-4c46-b25a-22c22b9ad7a0,v1373,Maxwell@display=pairwise
v1703,v1373,af7f19e9-f83a-45ae-8df8-fb20d08eddf9,v1703,Maxwell@display=pairwise
,v1703,4cfaf7eb-7c7a-4d23-afa8-6e9c8e64a6b4,v1373,Maxwell@display=pairwise
v1703,v1373,ad2df09c-dcb5-4037-8441-c9c5b43a26e0,v1703,Maxwell@display=pairwise
v1373,v1703,a4ff02d4-6d50-4f8a-b84e-4c6ba39528a5,v1373,Maxwell@display=pairwise
v1373,v1373,13876ad3-4e97-4915-be68-f5a26055772b,v1703,Maxwell@display=pairwise
v1703,v1703,8581928a-3670-48d2-b55c-34685f7de132,v1373,Maxwell@display=pairwise
v4048,v3175,5b5d5922-ac32-4ce1-8229-b216c73f6764,v4048,Maxwell@display=pairwise
v4048,v4048,ade8a476-81ee-42b0-a41a-c54a43f6bf8c,v3175,Maxwell@display=pairwise
v4048,v3175,2b1a183f-8a1c-4ee8-889b-a2771ec07859,v4048,Maxwell@display=pairwise
v4048,v4048,31ddaa13-1309-4d47-b0ea-75b020268f37,v3175,Maxwell@display=pairwise
v4048,v3175,9e47a2e5-5fc3-4025-8538-85d5dc4d1152,v4048,Maxwell@display=pairwise
v4048,v4048,5b7941b2-f536-4d14-bc56-02d70068e6a3,v3175,Maxwell@display=pairwise
v4048,v3175,2b257334-db97-4865-a3f7-4c4f89b0b221,v4048,Maxwell@display=pairwise
v4048,v3175,f9e4bb6c-79e2-4693-af7b-1ac69eea590a,v4048,Maxwell@display=pairwise
v3175,v4048,4102f50c-9bd0-46b1-a432-2abc3ac76044,v3175,Maxwell@display=pairwise
v4048,v4048,ec7a9023-9cdd-445b-934e-d5c95de760d5,v3175,Maxwell@display=pairwise
v2328,v2328,5b5d5922-ac32-4ce1-8229-b216c73f6764,v1703,Maxwell@display=pairwise
v1703,v2328,6e957163-5267-4260-b5fe-b318884a96b4,v1703,Maxwell@display=pairwise
v2328,v2328,b0f8077d-dcab-4219-bb3b-100afaafa26d,v1703,Maxwell@display=pairwise
v1703,v1703,9c031cfb-cda8-4869-acc8-11ec9ff4d69f,v2328,Maxwell@display=pairwise
v2328,v2328,a9bb321a-d4be-4f8e-aef5-0cdce93dd51c,v1703,Maxwell@display=pairwise
v2328,v1703,f0cc1ae8-38f7-44df-a97b-70cfda024744,v2328,Maxwell@display=pairwise
v2328,v2328,48eca316-7304-41b7-8acb-7e678a3cbf48,v1703,Maxwell@display=pairwise
v2328,v2328,9a1954b1-10f1-4709-bae2-faaa266102f5,v1703,Maxwell@display=pairwise
v1703,v2328,279550f0-7625-4018-86e5-b8da97d50081,v1703,Maxwell@display=pairwise
v2328,v1703,9f33edc6-8672-491a-9b40-8bb445f9aaf0,v2328,Maxwell@display=pairwise
v2181,v0328,5b5d5922-ac32-4ce1-8229-b216c73f6764,v2181,Maxwell@display=pairwise
v2181,v0328,40769eac-f52a-479a-a451-81b241a88f64,v2181,Maxwell@display=pairwise
v2181,v2181,f23b459c-43f2-43ba-9fd1-78fd48cf833e,v0328,Maxwell@display=pairwise
v2181,v0328,d02f408f-c495-4a1f-83e0-411da8e86fed,v2181,Maxwell@display=pairwise
v2181,v2181,f52b764c-6af0-4c94-8cdd-65f0f56a1931,v0328,Maxwell@display=pairwise
v2181,v0328,fe6afd5a-8da5-49b6-af0b-9f6049662f8b,v2181,Maxwell@display=pairwise
v2181,v2181,054f90cf-2d8c-45ba-acc7-c80038efa44d,v0328,Maxwell@display=pairwise
v2181,v0328,cd54525c-5942-4876-b3c3-0c6d37cf3f6b,v2181,Maxwell@display=pairwise
v2181,v0328,2613c3ff-b6cc-4d25-850a-f9ccff836ebc,v2181,Maxwell@display=pairwise
v2181,v0328,298bd5e1-5cb8-4d9b-b7a7-2d7fcac00e91,v2181,Maxwell@display=pairwise
v3355,v3355,5b5d5922-ac32-4ce1-8229-b216c73f6764,v0878,Maxwell@display=pairwise
v0878,v0878,3e5c0176-3c63-4689-bd8c-9948528b47de,v3355,Maxwell@display=pairwise
v3355,v0878,8590a9f9-2ebf-4c1a-92e7-b7ed9bf29a0e,v3355,Maxwell@display=pairwise
v3355,v0878,58a717b3-a840-4ad1-89d0-b8d2e0c5ba78,v3355,Maxwell@display=pairwise
v3355,v3355,c377aeaf-60e4-4bc1-8080-5619345d590c,v0878,Maxwell@display=pairwise
v0878,v3355,258ea89f-8336-4d05-a59b-7ea1ea457784,v0878,Maxwell@display=pairwise
v3355,v3355,75b75480-7063-484c-9328-642307386043,v0878,Maxwell@display=pairwise
v3355,v3355,4ea0873d-96ee-486c-bb32-18129db248af,v0878,Maxwell@display=pairwise
v0878,v3355,86a3ac5a-2140-48bb-bde9-f02ac7191d29,v0878,Maxwell@display=pairwise
v0878,v3355,2b1366bc-270c-4bfe-9882-c9f5c9c8efda,v0878,Maxwell@display=pairwise
v2635,v2635,5b5d5922-ac32-4ce1-8229-b216c73f6764,v1373,Maxwell@display=pairwise
v2635,v1373,86cebb69-070a-4ed3-890f-c96d130c1704,v2635,Maxwell@display=pairwise
v2635,v2635,228504e4-46c0-48fd-a68d-d1af0989ddb7,v1373,Maxwell@display=pairwise
v2635,v2635,f947e080-fb56-44fe-b740-b6da9bcab592,v1373,Maxwell@display=pairwise
v2635,v2635,cf421e49-e692-42d6-98e8-aae5324da76e,v1373,Maxwell@display=pairwise
v2635,v2635,1032350e-f02d-40d9-8fe8-0a7feb5fc808,v1373,Maxwell@display=pairwise
v2635,v2635,1032350e-f02d-40d9-8fe8-0a7feb5fc808,v1373,Maxwell@display=pairwise
,v2635,6c667c99-47b9-4628-92e3-b75b68268f5d,v1373,Maxwell@display=pairwise
,v2635,058c4e79-1989-4a56-81b0-7d9c671b99d7,v1373,Maxwell@display=pairwise
v2635,v1373,86523267-18b8-471d-80c4-42b0069c1f65,v2635,Maxwell@display=pairwise
v2328,v0824,1624d4ca-1bad-4765-8e31-ea28c3045df2,v2328,Maxwell@display=pairwise
v2328,v0824,c12316ba-19d8-4db6-aa66-b424906ea895,v2328,Maxwell@display=pairwise
v2328,v2328,edb15e9d-3f08-4975-bdc5-dd360e208bf1,v0824,Maxwell@display=pairwise
,v0824,f946f0a6-ea75-4cea-809a-e6d88d5c053d,v2328,Maxwell@display=pairwise
v2328,v2328,cabe6903-7b7e-4c1a-b661-958c6fa61429,v0824,Maxwell@display=pairwise
v2328,v0824,e71f0be5-2d3f-4bc9-9407-a2dce3a16b91,v2328,Maxwell@display=pairwise
v2328,v2328,0ae52a80-c78b-4022-a6d6-28c3b4f01754,v0824,Maxwell@display=pairwise
v2328,v0824,a801b479-113e-4832-87fc-1561080418bb,v2328,Maxwell@display=pairwise
v2328,v0824,09e4aacf-b969-495a-9de2-c294927e736b,v2328,Maxwell@display=pairwise
v2328,v0824,86523267-18b8-471d-80c4-42b0069c1f65,v2328,Maxwell@display=pairwise
v2349,v1025,6a7b1dd4-b79f-4017-b161-b8de06e3d2b9,v2349,Maxwell@display=pairwise
v2349,v1025,a9bb321a-d4be-4f8e-aef5-0cdce93dd51c,v2349,Maxwell@display=pairwise
v2349,v2349,86523267-18b8-471d-80c4-42b0069c1f65,v1025,Maxwell@display=pairwise
v2349,v2349,c2e135df-30eb-46ef-95b2-80bff450c273,v1025,Maxwell@display=pairwise
v2349,v2349,58a717b3-a840-4ad1-89d0-b8d2e0c5ba78,v1025,Maxwell@display=pairwise
v2349,v2349,1624d4ca-1bad-4765-8e31-ea28c3045df2,v1025,Maxwell@display=pairwise
v2349,v1025,50b29053-fdd9-4485-920f-42263ca9e9fb,v2349,Maxwell@display=pairwise
v2349,v1025,1624d4ca-1bad-4765-8e31-ea28c3045df2,v2349,Maxwell@display=pairwise
v2349,v1025,c12316ba-19d8-4db6-aa66-b424906ea895,v2349,Maxwell@display=pairwise
v2349,v2349,86523267-18b8-471d-80c4-42b0069c1f65,v1025,Maxwell@display=pairwise
v0878,v1394,1624d4ca-1bad-4765-8e31-ea28c3045df2,v0878,Maxwell@display=pairwise
v0878,v1394,73b8fd64-9133-4f24-8a85-fff5b1719300,v0878,Maxwell@display=pairwise
v0878,v0878,f703c144-8fe7-4731-ad56-faff59588dbe,v1394,Maxwell@display=pairwise
v1394,v0878,acccac54-c658-4a6d-b128-1acee477e62e,v1394,Maxwell@display=pairwise
v0878,v1394,43505c4c-2f72-4150-b92e-bb25604e229a,v0878,Maxwell@display=pairwise
v0878,v0878,5e2da638-96bd-419b-acdd-1f0e0cd35933,v1394,Maxwell@display=pairwise
v0878,v1394,3d7fe021-5960-477b-910a-b9019bd40c53,v0878,Maxwell@display=pairwise
v1394,v1394,720d1aa0-a9e3-4836-9efe-1ef960d71e0e,v0878,Maxwell@display=pairwise
v0878,v1394,6832a87e-ad5d-4854-bee6-4ec447d48143,v0878,Maxwell@display=pairwise
v0878,v1394,67159434-83bd-4d1a-aaa8-379718f13f27,v0878,Maxwell@display=pairwise
v4235,v4235,1624d4ca-1bad-4765-8e31-ea28c3045df2,v0824,Maxwell@display=pairwise
v4235,v0824,51a741d8-2e85-48fb-a41a-ec0b312ce2e7,v4235,Maxwell@display=pairwise
v4235,v4235,2b3373d8-d55d-4fe9-8c30-800e1e6ed65f,v0824,Maxwell@display=pairwise
v4235,v0824,8477eb0e-905a-4f16-a145-97a894176374,v4235,Maxwell@display=pairwise
v4235,v4235,2eb7870f-25ce-49d2-a094-ac88dd1f63ad,v0824,Maxwell@display=pairwise
v4235,v0824,551170cd-eec1-45e1-8fcb-38d560259044,v4235,Maxwell@display=pairwise
v4235,v0824,b269b069-99f5-4d8d-8e73-426d3fa2f09f,v4235,Maxwell@display=pairwise
,v0824,0f9366f9-fade-450c-be0e-0ebb4444aece,v4235,Maxwell@display=pairwise
v4235,v4235,a801b479-113e-4832-87fc-1561080418bb,v0824,Maxwell@display=pairwise
v4235,v0824,fb12b62f-7110-41dc-8ec7-a99eccbb04d0,v4235,Maxwell@display=pairwise
v1190,v1190,1624d4ca-1bad-4765-8e31-ea28c3045df2,v0529,Maxwell@display=pairwise
v1190,v1190,c73de61c-2ffb-43a7-bb2b-9153ac84e57d,v0529,Maxwell@display=pairwise
v0529,v0529,da27f497-76a6-4237-94e9-559acb0ba008,v1190,Maxwell@display=pairwise
v1190,v1190,2e51a290-d08f-4b97-b0d1-c0cca3833712,v0529,Maxwell@display=pairwise
v1190,v1190,2eb7870f-25ce-49d2-a094-ac88dd1f63ad,v0529,Maxwell@display=pairwise
v1190,v0529,9d91b01f-a800-4b2b-b343-d61dc7eaf041,v1190,Maxwell@display=pairwise
v1190,v1190,12af1ee7-72cf-412b-95e3-35dd7ad7d1d6,v0529,Maxwell@display=pairwise
v1190,v1190,763852f1-e766-4548-82da-08f5e6450ba6,v0529,Maxwell@display=pairwise
v1190,v1190,c7d90a87-a380-46b6-af6f-fad86d1c1757,v0529,Maxwell@display=pairwise
v0529,v1190,c373cb1c-b2ea-40dc-a923-bc767d23c95c,v0529,Maxwell@display=pairwise
v2519,v2519,1624d4ca-1bad-4765-8e31-ea28c3045df2,v1025,Maxwell@display=pairwise
v2519,v2519,08c3ff44-f4df-4dde-9078-b475184ae0ce,v1025,Maxwell@display=pairwise
v2519,v1025,d596421e-e19a-4472-a4e8-730e96d35459,v2519,Maxwell@display=pairwise
v2519,v1025,43641f2c-9c5f-4450-a8d2-51e7dde0ec97,v2519,Maxwell@display=pairwise
v2519,v1025,6ee42a58-0d17-477c-b60f-4bf0f2eec782,v2519,Maxwell@display=pairwise
v2519,v1025,75ce2d58-ecbb-4ede-bd93-43b99bca8d46,v2519,Maxwell@display=pairwise
v2519,v2519,35a5fd4a-c3d1-456f-81f3-f5489dcf64c7,v1025,Maxwell@display=pairwise
v2519,v1025,d0ad4187-7811-434d-a93d-afbb3b6b1ad7,v2519,Maxwell@display=pairwise
v2519,v1025,1cb93b11-5310-4d5c-a726-b413659dd3b8,v2519,Maxwell@display=pairwise
v2519,v2519,17ba7ccf-cde9-4ecc-92d6-17c706087da2,v1025,Maxwell@display=pairwise
v2083,v1190,1624d4ca-1bad-4765-8e31-ea28c3045df2,v2083,Maxwell@display=pairwise
v1190,v2083,6e87b8ed-dbb8-4ce3-b2d9-00d2e608daca,v1190,Maxwell@display=pairwise
v1190,v1190,30f85572-69e4-41c3-97d8-25f74a2a229a,v2083,Maxwell@display=pairwise
v1190,v1190,01f1ebd7-d031-4b6c-9c2b-e6e64c207dbe,v2083,Maxwell@display=pairwise
v1190,v1190,5fa03c38-e27e-4f64-8734-7be0dfe4d9c7,v2083,Maxwell@display=pairwise
v1190,v2083,f52b764c-6af0-4c94-8cdd-65f0f56a1931,v1190,Maxwell@display=pairwise
v1190,v1190,617ae86c-fc97-402a-ba65-8994258b69e0,v2083,Maxwell@display=pairwise
v2083,v1190,17ba7ccf-cde9-4ecc-92d6-17c706087da2,v2083,Maxwell@display=pairwise
v1190,v2083,dc2d7783-e288-48d3-9954-ac7aaf84073e,v1190,Maxwell@display=pairwise
v1190,v2083,1581d9ba-baf0-47a6-9d2b-56bf103d5193,v1190,Maxwell@display=pairwise
v2419,v2419,1624d4ca-1bad-4765-8e31-ea28c3045df2,v1447,Maxwell@display=pairwise
v1447,v2419,c632682f-3406-426f-b435-23fd4f4e5aa7,v1447,Maxwell@display=pairwise
v1447,v2419,c632682f-3406-426f-b435-23fd4f4e5aa7,v1447,Maxwell@display=pairwise
,v2419,d596421e-e19a-4472-a4e8-730e96d35459,v1447,Maxwell@display=pairwise
v1447,v2419,cb101408-6fca-4119-9289-441754c9b2f0,v1447,Maxwell@display=pairwise
v1447,v2419,ce008773-19e4-41d1-82ae-f094be0d2171,v1447,Maxwell@display=pairwise
v2419,v2419,b6d8df5e-5610-473b-bd40-79fdcdfbdcdd,v1447,Maxwell@display=pairwise
v2419,v2419,4dbcfd34-f760-41d7-bc1e-0220aee5da69,v1447,Maxwell@display=pairwise
v2419,v2419,2dfbfbc1-0480-4959-a667-9ccd54f1060e,v1447,Maxwell@display=pairwise
v1447,v2419,2e6f5d07-f718-40d7-9899-2d530c3566ed,v1447,Maxwell@display=pairwise
v2083,v0162,1624d4ca-1bad-4765-8e31-ea28c3045df2,v2083,Maxwell@display=pairwise
v2083,v2083,61f12ee8-b502-480f-96d7-2d477220aa9d,v0162,Maxwell@display=pairwise
v2083,v2083,3fa99ef2-8170-40ac-9c39-165fcfe91a61,v0162,Maxwell@display=pairwise
v2083,v2083,c9e36c3c-b003-43bc-8558-26d476b0a20d,v0162,Maxwell@display=pairwise
v2083,v0162,75ce2d58-ecbb-4ede-bd93-43b99bca8d46,v2083,Maxwell@display=pairwise
v2083,v2083,0ae52a80-c78b-4022-a6d6-28c3b4f01754,v0162,Maxwell@display=pairwise
v2083,v2083,ac166e95-9dbb-4135-b90a-07e696f0a50c,v0162,Maxwell@display=pairwise
v2083,v0162,d5ba3837-38e1-4aec-bd7c-cb069a23e8c1,v2083,Maxwell@display=pairwise
v2083,v2083,2ca645a6-7ef0-4fc3-9abd-cf3501109eae,v0162,Maxwell@display=pairwise
v2083,v0162,87cd4023-a010-48bb-9894-889f68df299a,v2083,Maxwell@display=pairwise
v2519,v0878,1624d4ca-1bad-4765-8e31-ea28c3045df2,v2519,Maxwell@display=pairwise
,v2519,dad34959-38f2-4967-9f4e-180f5fdb8888,v0878,Maxwell@display=pairwise
v2519,v2519,b444b366-4acf-4de2-bf8f-886c7ae9b36b,v0878,Maxwell@display=pairwise
v2519,v0878,7eb95ab6-eca8-489b-b426-e9b15a50c9cb,v2519,Maxwell@display=pairwise
v2519,v2519,912ff3ea-9faf-4081-b27b-1ba77372b348,v0878,Maxwell@display=pairwise
v2519,v0878,18dda76c-d54a-40a2-9768-d2dc4378804e,v2519,Maxwell@display=pairwise
v2519,v0878,f911a403-5112-4234-ab0b-7497b7f4e3b4,v2519,Maxwell@display=pairwise
v2519,v2519,88e1894f-6a8c-4dd4-99e5-7b852ff42587,v0878,Maxwell@display=pairwise
v0878,v2519,1044f2df-2216-4864-baa0-ea94b11f6744,v0878,Maxwell@display=pairwise
v2519,v2519,77216a3e-dd39-43a8-8d98-9d7a2de06023,v0878,Maxwell@display=pairwise
v4034,v4034,1624d4ca-1bad-4765-8e31-ea28c3045df2,v0328,Maxwell@display=pairwise
v4034,v0328,b298c12c-882d-4f4b-a685-587d6fa667ce,v4034,Maxwell@display=pairwise
v4034,v4034,6ee42a58-0d17-477c-b60f-4bf0f2eec782,v0328,Maxwell@display=pairwise
v4034,v0328,118e07a5-5d2c-405c-8ce0-e462951bf1c8,v4034,Maxwell@display=pairwise
v4034,v4034,0fe8a7e1-5dbc-4a2b-b956-4e18128d5353,v0328,Maxwell@display=pairwise
v0328,v0328,809db03d-2f37-4a0c-bb4f-05365cebf6af,v4034,Maxwell@display=pairwise
v4034,v4034,4c9f3ef1-1be5-4b46-b834-89e3cd2a94a2,v0328,Maxwell@display=pairwise
v4034,v0328,cd54525c-5942-4876-b3c3-0c6d37cf3f6b,v4034,Maxwell@display=pairwise
v4034,v0328,38c262d4-c1a0-4fa7-a248-d22e30007be5,v4034,Maxwell@display=pairwise
v4034,v0328,7c3b36dd-81f3-4842-90d1-41f8d139292a,v4034,Maxwell@display=pairwise
v1859,v1859,1624d4ca-1bad-4765-8e31-ea28c3045df2,v0162,Maxwell@display=pairwise
v1859,v0162,f5eb8f70-1505-4e2f-a663-e4ee7192909b,v1859,Maxwell@display=pairwise
v1859,v0162,01aa3ef5-bb24-4ab5-b3ff-0a4149e4a304,v1859,Maxwell@display=pairwise
v1859,v1859,9e47a2e5-5fc3-4025-8538-85d5dc4d1152,v0162,Maxwell@display=pairwise
v1859,v0162,cb101408-6fca-4119-9289-441754c9b2f0,v1859,Maxwell@display=pairwise
v1859,v1859,3edabbb6-39e3-4150-a866-31860248b085,v0162,Maxwell@display=pairwise
v1859,v0162,ce8b19c4-1057-436f-bb25-a0caf7200f5d,v1859,Maxwell@display=pairwise
v0162,v1859,b81d92ba-8124-4bce-949c-8d5b226bc693,v0162,Maxwell@display=pairwise
v1859,v1859,71d414a2-7da8-44c1-a7cb-4e81f84eb38a,v0162,Maxwell@display=pairwise
v1859,v1859,5f5c5157-bc4e-4779-9793-2661ff057066,v0162,Maxwell@display=pairwise
v4166,v2889,1624d4ca-1bad-4765-8e31-ea28c3045df2,v4166,Maxwell@display=pairwise
v4166,v4166,4816403d-b202-4e68-a3f1-f212baf4c17a,v2889,Maxwell@display=pairwise
v4166,v2889,097c523a-37c9-4814-a386-171e6d920ead,v4166,Maxwell@display=pairwise
v4166,v2889,932f9ce4-0739-497e-8f65-1f75f828eb23,v4166,Maxwell@display=pairwise
v4166,v2889,8a3343fa-29bf-4b98-87d2-10dba3c9ce8f,v4166,Maxwell@display=pairwise
v2889,v4166,66d5d376-d4b4-43f4-be21-1b386fd32966,v2889,Maxwell@display=pairwise
v4166,v4166,48448358-e8a9-438f-91d4-8aa53d013c82,v2889,Maxwell@display=pairwise
v4166,v2889,4dea2b70-1476-45e6-a255-7bcc1601369b,v4166,Maxwell@display=pairwise
v4166,v2889,850c7762-5ebc-4c04-b264-d14e50f37130,v4166,Maxwell@display=pairwise
v4166,v2889,4d22e541-90af-43bf-b2b9-955594802908,v4166,Maxwell@display=pairwise
v4537,v4537,1624d4ca-1bad-4765-8e31-ea28c3045df2,v3175,Maxwell@display=pairwise
v4537,v3175,d3ceb26c-6541-4b11-adf3-11f11a7fe362,v4537,Maxwell@display=pairwise
v4537,v4537,b2c57169-2eb4-4673-8dd4-c2a4360d21d9,v3175,Maxwell@display=pairwise
v4537,v4537,1032350e-f02d-40d9-8fe8-0a7feb5fc808,v3175,Maxwell@display=pairwise
v4537,v4537,6c667c99-47b9-4628-92e3-b75b68268f5d,v3175,Maxwell@display=pairwise
v4537,v3175,5205edb7-6d64-4112-ae96-e72eec1451b2,v4537,Maxwell@display=pairwise
v4537,v3175,5bd6d7d7-bd09-4636-be21-b00626f71358,v4537,Maxwell@display=pairwise
v4537,v3175,0b4069bf-814c-4e56-bd46-d37b8f058ea5,v4537,Maxwell@display=pairwise
v4537,v3175,0b4069bf-814c-4e56-bd46-d37b8f058ea5,v4537,Maxwell@display=pairwise
v4537,v4537,7c68e2ea-165f-4e18-af3c-a2f8199fcbd9,v3175,Maxwell@display=pairwise
v2801,v2801,cb142f8f-7e4f-4771-97e2-5d1809eaaf26,v4511,Maxwell@display=pairwise
v4511,v4511,bbb2b770-5eab-4e22-9e43-7ff1c7cfcd31,v2801,Maxwell@display=pairwise
v4511,v4511,d596421e-e19a-4472-a4e8-730e96d35459,v2801,Maxwell@display=pairwise
v4511,v4511,d67a763c-3129-46e5-8a1c-450bff6ca19d,v2801,Maxwell@display=pairwise
v4511,v4511,1032350e-f02d-40d9-8fe8-0a7feb5fc808,v2801,Maxwell@display=pairwise
v4511,v4511,abd7238e-93ec-420d-aab3-40296b6b8533,v2801,Maxwell@display=pairwise
v4511,v2801,5205edb7-6d64-4112-ae96-e72eec1451b2,v4511,Maxwell@display=pairwise
v4511,v4511,5bd6d7d7-bd09-4636-be21-b00626f71358,v2801,Maxwell@display=pairwise
,v2801,058c4e79-1989-4a56-81b0-7d9c671b99d7,v4511,Maxwell@display=pairwise
v4511,v4511,67159434-83bd-4d1a-aaa8-379718f13f27,v2801,Maxwell@display=pairwise
v4125,v4235,cb142f8f-7e4f-4771-97e2-5d1809eaaf26,v4125,Maxwell@display=pairwise
v4125,v4125,9b14dad7-75bc-4690-9dc6-94c0c04d5333,v4235,Maxwell@display=pairwise
v4235,v4125,bb6f7d69-13e4-4bf4-9aa2-bfa5e8640d32,v4235,Maxwell@display=pairwise
v4235,v4235,996d4f04-efe4-4b10-9ba5-28b5dca74aed,v4125,Maxwell@display=pairwise
v4235,v4125,e7003b82-7f53-47ce-b372-430970be62d0,v4235,Maxwell@display=pairwise
v4235,v4125,382377d1-9207-4945-a189-62ca27420f73,v4235,Maxwell@display=pairwise
v4125,v4235,e12b1db4-dd6b-4bd8-8b4c-d48269f88d44,v4125,Maxwell@display=pairwise
,v4235,d3550857-7c9d-4e98-8202-433d0a535e77,v4125,Maxwell@display=pairwise
v4235,v4125,26c3096a-edfc-482a-8d3c-5739d09b6bda,v4235,Maxwell@display=pairwise
,v4235,f74805b0-7406-4a6a-9a49-5c7b8bedda55,v4125,Maxwell@display=pairwise
v2635,v2889,cb142f8f-7e4f-4771-97e2-5d1809eaaf26,v2635,Maxwell@display=pairwise
v2889,v2889,7b13df41-d02b-4ab9-8b85-abff32c57a7f,v2635,Maxwell@display=pairwise
v2889,v2889,f19facc3-19e1-44d0-b4a8-eb2b60cb7a57,v2635,Maxwell@display=pairwise
v2635,v2635,ef859b1f-9de1-4cef-bd2b-3e0ac5b8a3b4,v2889,Maxwell@display=pairwise
v2635,v2635,8c720eee-ed3e-49c7-87d6-11f9c7e89f0f,v2889,Maxwell@display=pairwise
v2635,v2635,4d86c7c5-5db7-417f-a214-04a9b2e84841,v2889,Maxwell@display=pairwise
v2635,v2635,0dc3b28f-c989-4764-a5a3-7e2f40f51a16,v2889,Maxwell@display=pairwise
v2635,v2889,0ae52a80-c78b-4022-a6d6-28c3b4f01754,v2635,Maxwell@display=pairwise
v2889,v2635,bf5b1043-3619-4e4e-8dd0-75a645dbd419,v2889,Maxwell@display=pairwise
v2889,v2889,088c8375-45de-4caf-8da5-b1d72abe0de0,v2635,Maxwell@display=pairwise
v1190,v1025,cb142f8f-7e4f-4771-97e2-5d1809eaaf26,v1190,Maxwell@display=pairwise
v1190,v1190,ade8a476-81ee-42b0-a41a-c54a43f6bf8c,v1025,Maxwell@display=pairwise
v1190,v1025,edb15e9d-3f08-4975-bdc5-dd360e208bf1,v1190,Maxwell@display=pairwise
v1190,v1190,a2988d9d-63df-4cf2-a445-7a1dbf7f45f3,v1025,Maxwell@display=pairwise
v1190,v1025,70b41da2-de44-482d-b32a-5aaa4502ce19,v1190,Maxwell@display=pairwise
v1025,v1025,684094ed-89c7-4c9e-a0f8-8c629bf0ac49,v1190,Maxwell@display=pairwise
v1190,v1025,77f10c27-943f-4d00-aeb6-e59251587929,v1190,Maxwell@display=pairwise
v1190,v1025,38c262d4-c1a0-4fa7-a248-d22e30007be5,v1190,Maxwell@display=pairwise
v1190,v1190,73c3b426-5640-464d-8768-26eb4631fe7e,v1025,Maxwell@display=pairwise
v1190,v1190,c2931a8d-05d8-4b93-b015-421665fe4364,v1025,Maxwell@display=pairwise
v4125,v2063,cb142f8f-7e4f-4771-97e2-5d1809eaaf26,v4125,Maxwell@display=pairwise
v4125,v2063,080ce256-1457-4584-9e83-8b7e065e3998,v4125,Maxwell@display=pairwise
v4125,v2063,c2c5d1ea-6807-4bdd-a0f0-5694bf04fe9b,v4125,Maxwell@display=pairwise
v4125,v2063,c9e36c3c-b003-43bc-8558-26d476b0a20d,v4125,Maxwell@display=pairwise
v4125,v4125,e6140e2f-9de4-4f2e-b088-2ec9c3c33c4f,v2063,Maxwell@display=pairwise
v4125,v2063,e6140e2f-9de4-4f2e-b088-2ec9c3c33c4f,v4125,Maxwell@display=pairwise
v4125,v4125,d2274bbe-d5ac-4c27-8579-f0e4e7eeb3d3,v2063,Maxwell@display=pairwise
v4125,v2063,17f408f2-5335-4dad-a25b-77bd0f2e59db,v4125,Maxwell@display=pairwise
v2063,v4125,2cb27c19-ded0-4142-8d53-29140e2d8004,v2063,Maxwell@display=pairwise
v4125,v2063,701d9632-11da-4c45-b5a9-9ef109bd0705,v4125,Maxwell@display=pairwise
v4125,v3292,cb142f8f-7e4f-4771-97e2-5d1809eaaf26,v4125,Maxwell@display=pairwise
v4125,v4125,a0a0bd53-c6ee-48c3-8d0d-7094f991b6c5,v3292,Maxwell@display=pairwise
v4125,v3292,9fd16a85-5a0f-420e-85a4-099e823c41bc,v4125,Maxwell@display=pairwise
v4125,v4125,36626e5a-13d6-40ef-b3d5-3d9cc4dbdb4b,v3292,Maxwell@display=pairwise
v4125,v3292,af7f19e9-f83a-45ae-8df8-fb20d08eddf9,v4125,Maxwell@display=pairwise
v4125,v3292,5cbb4909-5759-4ec5-b2d8-e2eddbd9f86e,v4125,Maxwell@display=pairwise
v4125,v3292,28078593-bd58-4e49-88f5-c7909b406342,v4125,Maxwell@display=pairwise
v4125,v4125,b2cf1e5e-8b30-4ac1-8eee-373e05447920,v3292,Maxwell@display=pairwise
v4125,v4125,573722c4-6130-4835-b049-7c523af50881,v3292,Maxwell@display=pairwise
v3292,v4125,2613c3ff-b6cc-4d25-850a-f9ccff836ebc,v3292,Maxwell@display=pairwise
v3740,v3740,cb142f8f-7e4f-4771-97e2-5d1809eaaf26,v0314,Maxwell@display=pairwise
v3740,v0314,51a741d8-2e85-48fb-a41a-ec0b312ce2e7,v3740,Maxwell@display=pairwise
v3740,v0314,19d8041f-78dc-4148-92f4-1190481c0358,v3740,Maxwell@display=pairwise
v3740,v3740,8477eb0e-905a-4f16-a145-97a894176374,v0314,Maxwell@display=pairwise
v3740,v0314,bc760378-ddd6-4614-a376-7a3c39de225e,v3740,Maxwell@display=pairwise
v3740,v3740,ba2e5955-a806-4ec0-b668-6073bb201c11,v0314,Maxwell@display=pairwise
v3740,v3740,5e2da638-96bd-419b-acdd-1f0e0cd35933,v0314,Maxwell@display=pairwise
v3740,v3740,b81d92ba-8124-4bce-949c-8d5b226bc693,v0314,Maxwell@display=pairwise
v3740,v3740,c373cb1c-b2ea-40dc-a923-bc767d23c95c,v0314,Maxwell@display=pairwise
v3740,v3740,bbb7e5c5-7f84-4e07-ac19-886dc274ce48,v0314,Maxwell@display=pairwise
v1025,v0314,cb142f8f-7e4f-4771-97e2-5d1809eaaf26,v1025,Maxwell@display=pairwise
,v1025,56396265-a727-4b26-87a2-fa020961705e,v0314,Maxwell@display=pairwise
,v1025,c807ebed-1cf6-4d16-a376-9d47740f211c,v0314,Maxwell@display=pairwise
v1025,v1025,10db6cd5-e713-42ac-9a20-3961ec3c3cbb,v0314,Maxwell@display=pairwise
v1025,v1025,9fd16a85-5a0f-420e-85a4-099e823c41bc,v0314,Maxwell@display=pairwise
,v1025,bc760378-ddd6-4614-a376-7a3c39de225e,v0314,Maxwell@display=pairwise
v1025,v1025,b37cf829-f3ab-45f0-b043-f1ab634e7a57,v0314,Maxwell@display=pairwise
v1025,v1025,58cd42ca-ab8e-42e2-b642-894b9b5a51b9,v0314,Maxwell@display=pairwise
v1025,v1025,fdeab250-0277-4490-bcf0-de3d8c630a98,v0314,Maxwell@display=pairwise
v1025,v1025,86523267-18b8-471d-80c4-42b0069c1f65,v0314,Maxwell@display=pairwise
v0529,v0529,cb142f8f-7e4f-4771-97e2-5d1809eaaf26,v2063,Maxwell@display=pairwise
v0529,v2063,dfc97b6f-3cc1-4816-a858-130686d22ee0,v0529,Maxwell@display=pairwise
v0529,v2063,047e4203-0585-4d9b-9859-1744b143e682,v0529,Maxwell@display=pairwise
,v2063,28487e39-409b-4c7a-9093-c8806b2a099b,v0529,Maxwell@display=pairwise
v0529,v0529,9e27701b-15a9-4a1e-b326-1c40f3a51892,v2063,Maxwell@display=pairwise
,v2063,e9d198a2-2917-43d5-aa8b-88cd19cf45a2,v0529,Maxwell@display=pairwise
v0529,v2063,4cfaf7eb-7c7a-4d23-afa8-6e9c8e64a6b4,v0529,Maxwell@display=pairwise
v0529,v2063,291f1ce5-afb6-47f8-bf06-629bc6007f6a,v0529,Maxwell@display=pairwise
v2063,v0529,241ac689-1c0f-402c-8926-bf6506467a28,v2063,Maxwell@display=pairwise
v2063,v2063,d41c6ea1-955c-405c-a5d3-b7d3d9114699,v0529,Maxwell@display=pairwise
v0162,v1703,cb142f8f-7e4f-4771-97e2-5d1809eaaf26,v0162,Maxwell@display=pairwise
v0162,v1703,6737908c-5eb5-4359-9909-7a6e8c746ca4,v0162,Maxwell@display=pairwise
,v1703,73a3dcd6-df5c-4cb9-b01e-8842ddc7f7d0,v0162,Maxwell@display=pairwise
v1703,v0162,e31be515-887d-4ea7-94f6-f82b0cf24a2c,v1703,Maxwell@display=pairwise
v1703,v1703,2eb7870f-25ce-49d2-a094-ac88dd1f63ad,v0162,Maxwell@display=pairwise
v1703,v0162,b7ea617c-5ad5-4087-9795-bfd98e396875,v1703,Maxwell@display=pairwise
v1703,v1703,171d9627-c964-4a99-8c05-0cf0ea584fba,v0162,Maxwell@display=pairwise
v1703,v1703,2987197e-d01c-46fa-bfae-419ca1a44316,v0162,Maxwell@display=pairwise
v1703,v0162,93650a77-b874-44f5-a36e-8c9163eee72e,v1703,Maxwell@display=pairwise
v1703,v0162,9f33edc6-8672-491a-9b40-8bb445f9aaf0,v1703,Maxwell@display=pairwise
v0529,v0529,cb142f8f-7e4f-4771-97e2-5d1809eaaf26,v0032,Maxwell@display=pairwise
v0529,v0529,bc7f1faa-49be-4e1c-af0f-a46d243c1067,v0032,Maxwell@display=pairwise
v0032,v0032,3c83b2ee-f90f-4903-a067-8d46632b7b21,v0529,Maxwell@display=pairwise
v0529,v0529,c029e6d3-d6b1-4306-9c7c-78ebbcbcad9b,v0032,Maxwell@display=pairwise
v0529,v0529,36626e5a-13d6-40ef-b3d5-3d9cc4dbdb4b,v0032,Maxwell@display=pairwise
v0529,v0529,b8283f80-554f-404a-936c-a4114b3184d8,v0032,Maxwell@display=pairwise
v0529,v0032,00f56657-9793-4120-8471-bde6bce8e544,v0529,Maxwell@display=pairwise
v0529,v0529,ce8b19c4-1057-436f-bb25-a0caf7200f5d,v0032,Maxwell@display=pairwise
v0032,v0529,e62d391b-52e4-4739-89b0-d8fe6a07ce47,v0032,Maxwell@display=pairwise
v0529,v0529,2d3e655e-b512-4a49-909c-3db4efbcdfcc,v0032,Maxwell@display=pairwise
v3355,v2328,cb142f8f-7e4f-4771-97e2-5d1809eaaf26,v3355,Maxwell@display=pairwise
v3355,v2328,c744cb11-c13d-48f5-857f-33b152474625,v3355,Maxwell@display=pairwise
v3355,v3355,6d6a6d9c-16c4-43d3-860f-2faf372131a2,v2328,Maxwell@display=pairwise
,v2328,0d3dafc8-efe4-4f72-8d19-f15b19149fe4,v3355,Maxwell@display=pairwise
v3355,v3355,6e2024e3-6dbd-4f38-acdd-ea74cebf7e8b,v2328,Maxwell@display=pairwise
v3355,v3355,9859b693-6c9f-44ff-8038-a8397db0a1b4,v2328,Maxwell@display=pairwise
v3355,v3355,b0a4dc9c-8f85-4cb4-b0e0-aadbead32e5f,v2328,Maxwell@display=pairwise
v3355,v2328,cd54525c-5942-4876-b3c3-0c6d37cf3f6b,v3355,Maxwell@display=pairwise
v3355,v2328,6832a87e-ad5d-4854-bee6-4ec447d48143,v3355,Maxwell@display=pairwise
v2328,v2328,298bd5e1-5cb8-4d9b-b7a7-2d7fcac00e91,v3355,Maxwell@display=pairwise
v2635,v0328,cb142f8f-7e4f-4771-97e2-5d1809eaaf26,v2635,Maxwell@display=pairwise
v2635,v0328,3e5c0176-3c63-4689-bd8c-9948528b47de,v2635,Maxwell@display=pairwise
v2635,v2635,f6d6df9a-6559-4e27-b46d-92f41cc3f97b,v0328,Maxwell@display=pairwise
v2635,v2635,2361ceac-d622-404d-ad76-7e85d587926e,v0328,Maxwell@display=pairwise
v2635,v0328,9fd16a85-5a0f-420e-85a4-099e823c41bc,v2635,Maxwell@display=pairwise
v2635,v0328,e4076421-c718-4550-a279-71b8f41de5fd,v2635,Maxwell@display=pairwise
v2635,v0328,b6d8df5e-5610-473b-bd40-79fdcdfbdcdd,v2635,Maxwell@display=pairwise
v2635,v2635,a801b479-113e-4832-87fc-1561080418bb,v0328,Maxwell@display=pairwise
v2635,v2635,8495c523-2b4b-49a1-86b4-5210ff9e0038,v0328,Maxwell@display=pairwise
v2635,v0328,601526eb-3031-4f1f-9986-21b3aba14da1,v2635,Maxwell@display=pairwise
v3065,v0328,cb142f8f-7e4f-4771-97e2-5d1809eaaf26,v3065,Maxwell@display=pairwise
v3065,v0328,08c3ff44-f4df-4dde-9078-b475184ae0ce,v3065,Maxwell@display=pairwise
v3065,v3065,c942376b-0080-4a53-825b-8c8974c18262,v0328,Maxwell@display=pairwise
v3065,v3065,43641f2c-9c5f-4450-a8d2-51e7dde0ec97,v0328,Maxwell@display=pairwise
v3065,v3065,6f27d33c-e38c-497e-92d6-941c4520a5cf,v0328,Maxwell@display=pairwise
v3065,v0328,00f56657-9793-4120-8471-bde6bce8e544,v3065,Maxwell@display=pairwise
v3065,v3065,50b29053-fdd9-4485-920f-42263ca9e9fb,v0328,Maxwell@display=pairwise
,v3065,0f9366f9-fade-450c-be0e-0ebb4444aece,v0328,Maxwell@display=pairwise
v3065,v0328,17f408f2-5335-4dad-a25b-77bd0f2e59db,v3065,Maxwell@display=pairwise
v3065,v3065,2b1366bc-270c-4bfe-9882-c9f5c9c8efda,v0328,Maxwell@display=pairwise
v0886,v0886,cb142f8f-7e4f-4771-97e2-5d1809eaaf26,v0009,Maxwell@display=pairwise
v0886,v0886,bbb2b770-5eab-4e22-9e43-7ff1c7cfcd31,v0009,Maxwell@display=pairwise
v0886,v0009,b444b366-4acf-4de2-bf8f-886c7ae9b36b,v0886,Maxwell@display=pairwise
v0886,v0886,31ddaa13-1309-4d47-b0ea-75b020268f37,v0009,Maxwell@display=pairwise
v0886,v0009,3d6a7a0d-a5fb-4cec-a5e2-3fe1b81d04db,v0886,Maxwell@display=pairwise
v0886,v0886,2dd89ba6-d0b2-4975-8d14-d6d471fa562e,v0009,Maxwell@display=pairwise
v0886,v0886,d33afc89-4e22-4af7-a23c-7f20288ebb72,v0009,Maxwell@display=pairwise
v0009,v0009,ca5e860d-cf4b-4c4a-bac3-1b0cd8646b53,v0886,Maxwell@display=pairwise
v0886,v0009,ea62dadb-d0bf-416b-a83e-6823c24a7822,v0886,Maxwell@display=pairwise
v0886,v0886,c5fb40fd-7ac9-4e0e-afbe-3c1a6c070532,v0009,Maxwell@display=pairwise
v3583,v3583,f3cb7b9e-c2e1-481b-b513-fe2868bad5ec,v2328,Maxwell@display=pairwise
v3583,v3583,0b68b061-a86d-4737-893c-794dc89669bf,v2328,Maxwell@display=pairwise
v3583,v3583,de4830fb-a55e-481e-972c-e8cd68d4cf25,v2328,Maxwell@display=pairwise
v3583,v2328,10db6cd5-e713-42ac-9a20-3961ec3c3cbb,v3583,Maxwell@display=pairwise
v3583,v3583,768f2d5e-4da6-4e17-a974-b681ec9fada3,v2328,Maxwell@display=pairwise
v2328,v3583,21cdd095-3223-44a1-bbae-ecc5b4f9c9aa,v2328,Maxwell@display=pairwise
v3583,v3583,c4def5d3-8498-4453-9086-653e4184d2c1,v2328,Maxwell@display=pairwise
v3583,v2328,617ae86c-fc97-402a-ba65-8994258b69e0,v3583,Maxwell@display=pairwise
v3583,v2328,377d9610-aa18-4c37-a9ae-61f22bd5fe5e,v3583,Maxwell@display=pairwise
v3583,v3583,d0c823c4-c423-43a3-96bb-7f91f3fd8621,v2328,Maxwell@display=pairwise
v1025,v0009,f3cb7b9e-c2e1-481b-b513-fe2868bad5ec,v1025,Maxwell@display=pairwise
v1025,v0009,26daa196-3e51-425f-8944-e7e21c5dca40,v1025,Maxwell@display=pairwise
v1025,v1025,1d9a8b4d-ed7d-4236-a2d3-b3e34d6c186b,v0009,Maxwell@display=pairwise
v1025,v1025,f946f0a6-ea75-4cea-809a-e6d88d5c053d,v0009,Maxwell@display=pairwise
v1025,v0009,c2e135df-30eb-46ef-95b2-80bff450c273,v1025,Maxwell@display=pairwise
v1025,v0009,e3b8bb83-c52a-4ef2-b875-665689a58489,v1025,Maxwell@display=pairwise
v1025,v0009,79c3a676-3b48-40b3-80e7-da62c1543eaf,v1025,Maxwell@display=pairwise
v0009,v0009,ccaef3a0-85de-4b7b-97a8-f6c96128a6b0,v1025,Maxwell@display=pairwise
v1025,v0009,d906e73c-afb6-4bc0-8cab-f6991cc560ba,v1025,Maxwell@display=pairwise
v4235,v4235,f3cb7b9e-c2e1-481b-b513-fe2868bad5ec,v1703,Maxwell@display=pairwise
v4235,v4235,12f332a1-5ffa-4879-b1d8-9da98c72ac92,v1703,Maxwell@display=pairwise
v4235,v1703,52b1311f-d563-4bed-8528-b0a80a845ed3,v4235,Maxwell@display=pairwise
,v1703,badc275d-8c39-4e6d-9416-b53dc225505f,v4235,Maxwell@display=pairwise
v4235,v1703,f947e080-fb56-44fe-b740-b6da9bcab592,v4235,Maxwell@display=pairwise
v4235,v4235,d89cf878-af30-4d2e-82be-a3486412cde9,v1703,Maxwell@display=pairwise
v1703,v1703,d89cf878-af30-4d2e-82be-a3486412cde9,v4235,Maxwell@display=pairwise
v4235,v1703,aabfee8b-fee9-4c73-bd6b-0a4b92c72528,v4235,Maxwell@display=pairwise
v4235,v4235,3267d3c7-b874-4b3e-805a-dd7a7c57ca1c,v1703,Maxwell@display=pairwise
v4235,v1703,5f5c5157-bc4e-4779-9793-2661ff057066,v4235,Maxwell@display=pairwise
v1190,v1190,f3cb7b9e-c2e1-481b-b513-fe2868bad5ec,v3583,Maxwell@display=pairwise
v3583,v1190,0b68b061-a86d-4737-893c-794dc89669bf,v3583,Maxwell@display=pairwise
v3583,v1190,75c9be23-99aa-4949-be3a-6b25c658091c,v3583,Maxwell@display=pairwise
v1190,v3583,4574d033-c347-4886-a115-d34cee6778a1,v1190,Maxwell@display=pairwise
v3583,v1190,ed0092e8-c319-447b-a041-b75a08c6d0bd,v3583,Maxwell@display=pairwise
v1190,v3583,db7a1735-7ea2-4e72-93df-997a3c7a0046,v1190,Maxwell@display=pairwise
v3583,v1190,377b66e2-ae54-4e8b-bd72-393052e435d4,v3583,Maxwell@display=pairwise
v1190,v3583,fd639556-f319-4397-9f9e-2d8827de7111,v1190,Maxwell@display=pairwise
v3583,v3583,71d414a2-7da8-44c1-a7cb-4e81f84eb38a,v1190,Maxwell@display=pairwise
v3583,v1190,2dfbfbc1-0480-4959-a667-9ccd54f1060e,v3583,Maxwell@display=pairwise
v4166,v4166,f3cb7b9e-c2e1-481b-b513-fe2868bad5ec,v4125,Maxwell@display=pairwise
v4166,v4125,a4914634-9c3a-4b63-ba2f-eae01b722ce6,v4166,Maxwell@display=pairwise
v4125,v4125,2e719777-4544-474b-b0d9-b18f8e4a6474,v4166,Maxwell@display=pairwise
,v4166,48990368-f0c8-46e1-9f8b-61fbaec1f893,v4125,Maxwell@display=pairwise
v4166,v4125,31f2608d-f3b7-4fc9-aafc-8de3b8a2dcf0,v4166,Maxwell@display=pairwise
v4166,v4125,db9ea501-dc60-469e-99e5-17b4bcfcb6fb,v4166,Maxwell@display=pairwise
v4125,v4125,bd1d8225-a753-4e92-adc4-0e5e9b328f9b,v4166,Maxwell@display=pairwise
v4166,v4166,7c88f5ac-1415-4be3-a73f-f6eb914391f9,v4125,Maxwell@display=pairwise
v4125,v4166,2feaf824-0ccc-4894-9bb4-63c40c53fe04,v4125,Maxwell@display=pairwise
v1984,v1025,f3cb7b9e-c2e1-481b-b513-fe2868bad5ec,v1984,Maxwell@display=pairwise
v1025,v1984,c73de61c-2ffb-43a7-bb2b-9153ac84e57d,v1025,Maxwell@display=pairwise
v1025,v1025,25a377ea-74e1-4faa-bdd2-1a426ae7a7bc,v1984,Maxwell@display=pairwise
v1025,v1025,25a377ea-74e1-4faa-bdd2-1a426ae7a7bc,v1984,Maxwell@display=pairwise
v1025,v1025,a2093909-503b-438b-bf75-c9807e56810a,v1984,Maxwell@display=pairwise
v1025,v1025,e0c1d00e-b138-4166-ac9f-cf7cfd33e902,v1984,Maxwell@display=pairwise
v1984,v1025,8495c523-2b4b-49a1-86b4-5210ff9e0038,v1984,Maxwell@display=pairwise
v1984,v1984,ca5e860d-cf4b-4c4a-bac3-1b0cd8646b53,v1025,Maxwell@display=pairwise
v1025,v1025,850c7762-5ebc-4c04-b264-d14e50f37130,v1984,Maxwell@display=pairwise
v1025,v1984,f31347b5-4dd9-48d6-9c55-c095b5716f4b,v1025,Maxwell@display=pairwise
v4034,v4034,f3cb7b9e-c2e1-481b-b513-fe2868bad5ec,v2063,Maxwell@display=pairwise
v4034,v4034,5c136a49-d41e-4881-93c3-e597c637a8dc,v2063,Maxwell@display=pairwise
v4034,v4034,7b6e20cf-14ac-40b3-aa99-d26500b0f503,v2063,Maxwell@display=pairwise
v2063,v2063,d94b8de3-c43e-4516-bac0-6ff3f686dfee,v4034,Maxwell@display=pairwise
v4034,v4034,d94b8de3-c43e-4516-bac0-6ff3f686dfee,v2063,Maxwell@display=pairwise
v4034,v4034,06278424-ef97-42cc-bcc1-ee893b3964ea,v2063,Maxwell@display=pairwise
v4034,v2063,e3b8bb83-c52a-4ef2-b875-665689a58489,v4034,Maxwell@display=pairwise
v4034,v2063,48eca316-7304-41b7-8acb-7e678a3cbf48,v4034,Maxwell@display=pairwise
v4034,v4034,48f6cdb5-6230-4605-8615-20752b953814,v2063,Maxwell@display=pairwise
v4034,v4034,2feaf824-0ccc-4894-9bb4-63c40c53fe04,v2063,Maxwell@display=pairwise
v4166,v3740,f3cb7b9e-c2e1-481b-b513-fe2868bad5ec,v4166,Maxwell@display=pairwise
v4166,v3740,12f332a1-5ffa-4879-b1d8-9da98c72ac92,v4166,Maxwell@display=pairwise
v4166,v3740,26daa196-3e51-425f-8944-e7e21c5dca40,v4166,Maxwell@display=pairwise
,v3740,03183d72-50e8-4e1d-b6c9-97bb58ba8b6d,v4166,Maxwell@display=pairwise
v4166,v3740,b24999e8-2b46-4fe3-801f-d4019d087da5,v4166,Maxwell@display=pairwise
v3740,v3740,b7ea617c-5ad5-4087-9795-bfd98e396875,v4166,Maxwell@display=pairwise
v4166,v4166,b0a4dc9c-8f85-4cb4-b0e0-aadbead32e5f,v3740,Maxwell@display=pairwise
v3740,v3740,93650a77-b874-44f5-a36e-8c9163eee72e,v4166,Maxwell@display=pairwise
v3740,v4166,b0a5e289-dfa4-4711-82d4-37068f8fbd93,v3740,Maxwell@display=pairwise
v4166,v3740,2b8c1e14-fdc9-4c52-a214-1887ac95a9ba,v4166,Maxwell@display=pairwise
v2828,v0886,f3cb7b9e-c2e1-481b-b513-fe2868bad5ec,v2828,Maxwell@display=pairwise
,v2828,eeea26a0-9934-4a78-ab24-27b0c4a6b2c9,v0886,Maxwell@display=pairwise
v2828,v0886,b3971b04-db2d-4833-8e3c-75359f5b3cb8,v2828,Maxwell@display=pairwise
v2828,v0886,d94bd8df-f652-447c-ac56-476a6b31f32b,v2828,Maxwell@display=pairwise
v2828,v0886,748ff91c-f261-4544-a851-bb33ab4da209,v2828,Maxwell@display=pairwise
v2828,v0886,92b315aa-c3d8-4ac2-8c1c-aba2f5a7b6d9,v2828,Maxwell@display=pairwise
v2828,v2828,054f90cf-2d8c-45ba-acc7-c80038efa44d,v0886,Maxwell@display=pairwise
v2828,v2828,4db85d74-0f6b-4231-9f89-f26a362394c5,v0886,Maxwell@display=pairwise
v0886,v0886,dc2d7783-e288-48d3-9954-ac7aaf84073e,v2828,Maxwell@display=pairwise
v2828,v2828,1d2fe3ac-663b-4f21-b03e-4a409a53669e,v0886,Maxwell@display=pairwise
v4125,v4125,036bd502-982b-4f6a-b4ac-a6abe07b7baa,v3583,Maxwell@display=pairwise
v4125,v4125,f3cb7b9e-c2e1-481b-b513-fe2868bad5ec,v3583,Maxwell@display=pairwise
,v3583,bb58be60-dfb8-4e62-af7d-b508d07dce9c,v4125,Maxwell@display=pairwise
v4125,v4125,fb12b62f-7110-41dc-8ec7-a99eccbb04d0,v3583,Maxwell@display=pairwise
v4125,v4125,8fd99fd1-3906-4e88-b6fb-6c1db6831a82,v3583,Maxwell@display=pairwise
v3583,v3583,50b29053-fdd9-4485-920f-42263ca9e9fb,v4125,Maxwell@display=pairwise
v4125,v4125,7b37ac90-7282-45c2-a24a-6ed9b9860183,v3583,Maxwell@display=pairwise
v4125,v4125,241ac689-1c0f-402c-8926-bf6506467a28,v3583,Maxwell@display=pairwise
v3583,v3583,c1e0c07c-4768-4d33-86b9-59bcd401dba5,v4125,Maxwell@display=pairwise
v4125,v3583,8bd3e413-e73f-4b53-95b8-506af8c32cdf,v4125,Maxwell@display=pairwise
v1190,v1190,18404967-3d84-48ab-b4ba-16911ddc4f5e,v1394,Maxwell@display=pairwise
v1394,v1190,faec11ec-0322-48ed-a2c7-b65d8b8ad221,v1394,Maxwell@display=pairwise
v1190,v1190,60697061-3fc4-4137-9789-63e68e409f11,v1394,Maxwell@display=pairwise
v1190,v1190,6d6a6d9c-16c4-43d3-860f-2faf372131a2,v1394,Maxwell@display=pairwise
v1394,v1394,2c9a72d6-6d7d-4b0f-a7d4-bb0625c39190,v1190,Maxwell@display=pairwise
v1190,v1190,66d5d376-d4b4-43f4-be21-1b386fd32966,v1394,Maxwell@display=pairwise
v1190,v1394,b729730b-45b0-4f9e-b3be-4c661741c01b,v1190,Maxwell@display=pairwise
v1190,v1190,012e7cd7-0094-41da-8b41-78a70aca8f4d,v1394,Maxwell@display=pairwise
v1190,v1190,568341de-630c-4f7d-97c0-db58befad162,v1394,Maxwell@display=pairwise
v1190,v1394,7c88f5ac-1415-4be3-a73f-f6eb914391f9,v1190,Maxwell@display=pairwise
v4097,v4097,18404967-3d84-48ab-b4ba-16911ddc4f5e,v3292,Maxwell@display=pairwise
v4097,v3292,8a19e606-f631-49b8-88af-f91c0befff75,v4097,Maxwell@display=pairwise
v4097,v3292,bc7f1faa-49be-4e1c-af0f-a46d243c1067,v4097,Maxwell@display=pairwise
v4097,v3292,319e1e2f-e9cf-4981-8ce2-42f5765137f5,v4097,Maxwell@display=pairwise
v4097,v3292,4a4cda64-e09d-474d-abba-3cd33d2a4778,v4097,Maxwell@display=pairwise
v4097,v3292,f911a403-5112-4234-ab0b-7497b7f4e3b4,v4097,Maxwell@display=pairwise
v3292,v3292,7777504d-190e-4865-ab1d-44476ebb48d1,v4097,Maxwell@display=pairwise
v4097,v3292,4fa29376-5b1b-425e-93ff-2bcf80f82251,v4097,Maxwell@display=pairwise
v4097,v4097,eb1d4001-2c9c-463a-8ab8-6fe20a5c24ce,v3292,Maxwell@display=pairwise
v4097,v4097,c498d5cf-b5b6-469d-8d68-860f0f7e3445,v3292,Maxwell@display=pairwise
v4166,v0530,18404967-3d84-48ab-b4ba-16911ddc4f5e,v4166,Maxwell@display=pairwise
v4166,v0530,ade8a476-81ee-42b0-a41a-c54a43f6bf8c,v4166,Maxwell@display=pairwise
v4166,v4166,0ce9055c-8e48-4f35-8e94-9ca9bc88f80c,v0530,Maxwell@display=pairwise
v4166,v0530,75cae008-0dbc-41be-8295-da701fdf0dba,v4166,Maxwell@display=pairwise
v4166,v4166,c84c4b4e-e61c-4990-a2d5-4ecaceeeddf0,v0530,Maxwell@display=pairwise
v4166,v0530,45ae941f-242d-4e30-88fa-eba0b7eeecc5,v4166,Maxwell@display=pairwise
v4166,v0530,058c4e79-1989-4a56-81b0-7d9c671b99d7,v4166,Maxwell@display=pairwise
v4166,v0530,847d79d3-f147-41e8-91ea-6097016d7bb0,v4166,Maxwell@display=pairwise
v4166,v0530,87e8a297-f718-4c2c-b36e-ad49b5f87820,v4166,Maxwell@display=pairwise
v4166,v0530,d7bcfd1a-e16b-4218-af32-20e97bd8fa5d,v4166,Maxwell@display=pairwise
v4034,v4034,18404967-3d84-48ab-b4ba-16911ddc4f5e,v2519,Maxwell@display=pairwise
v4034,v4034,1ea4d896-7017-4409-8dd2-484c9eb6e564,v2519,Maxwell@display=pairwise
,v4034,228504e4-46c0-48fd-a68d-d1af0989ddb7,v2519,Maxwell@display=pairwise
v4034,v2519,9c031cfb-cda8-4869-acc8-11ec9ff4d69f,v4034,Maxwell@display=pairwise
v4034,v2519,9e47a2e5-5fc3-4025-8538-85d5dc4d1152,v4034,Maxwell@display=pairwise
v2519,v4034,e71f0be5-2d3f-4bc9-9407-a2dce3a16b91,v2519,Maxwell@display=pairwise
v2519,v2519,5b7941b2-f536-4d14-bc56-02d70068e6a3,v4034,Maxwell@display=pairwise
v2519,v2519,bb58be60-dfb8-4e62-af7d-b508d07dce9c,v4034,Maxwell@display=pairwise
v2519,v4034,d8c466c5-877b-40b2-b8d8-5cd12c3902b1,v2519,Maxwell@display=pairwise
v2519,v2519,1581d9ba-baf0-47a6-9d2b-56bf103d5193,v4034,Maxwell@display=pairwise
v2349,v4048,18404967-3d84-48ab-b4ba-16911ddc4f5e,v2349,Maxwell@display=pairwise
v4048,v2349,34739ea5-3239-4633-8c9d-4d1e70eb376d,v4048,Maxwell@display=pairwise
v4048,v2349,34739ea5-3239-4633-8c9d-4d1e70eb376d,v4048,Maxwell@display=pairwise
,v4048,584a427c-0ddb-46df-87da-d6b34d3a6a48,v2349,Maxwell@display=pairwise
v2349,v2349,4d86c7c5-5db7-417f-a214-04a9b2e84841,v4048,Maxwell@display=pairwise
,v2349,0dc3b28f-c989-4764-a5a3-7e2f40f51a16,v4048,Maxwell@display=pairwise
v2349,v4048,0dc3b28f-c989-4764-a5a3-7e2f40f51a16,v2349,Maxwell@display=pairwise
v4048,v2349,14ec1f3e-c047-4d13-a2d6-76da32d9ed62,v4048,Maxwell@display=pairwise
v2349,v2349,a4ff02d4-6d50-4f8a-b84e-4c6ba39528a5,v4048,Maxwell@display=pairwise
v2349,v2349,fb12b62f-7110-41dc-8ec7-a99eccbb04d0,v4048,Maxwell@display=pairwise
v2519,v1984,18404967-3d84-48ab-b4ba-16911ddc4f5e,v2519,Maxwell@display=pairwise
v2519,v1984,dfc97b6f-3cc1-4816-a858-130686d22ee0,v2519,Maxwell@display=pairwise
v2519,v1984,e50db2a7-868c-4b82-af9c-456e23753e56,v2519,Maxwell@display=pairwise
v2519,v2519,3c83b2ee-f90f-4903-a067-8d46632b7b21,v1984,Maxwell@display=pairwise
,v1984,bb28c3d5-6528-4f53-bc09-6bf84b42a7fb,v2519,Maxwell@display=pairwise
v2519,v1984,9a13acb4-7038-4936-8528-49b8f8676860,v2519,Maxwell@display=pairwise
v2519,v2519,bb58be60-dfb8-4e62-af7d-b508d07dce9c,v1984,Maxwell@display=pairwise
v2519,v1984,88e1894f-6a8c-4dd4-99e5-7b852ff42587,v2519,Maxwell@display=pairwise
v1984,v2519,730d1fc7-c570-412c-8d46-89d91d650c41,v1984,Maxwell@display=pairwise
v2519,v1984,8af492ec-8e66-4d99-a408-22dea1cbafd6,v2519,Maxwell@display=pairwise
v4125,v1477,18404967-3d84-48ab-b4ba-16911ddc4f5e,v4125,Maxwell@display=pairwise
v1477,v1477,f5eb8f70-1505-4e2f-a663-e4ee7192909b,v4125,Maxwell@display=pairwise
v4125,v1477,edb15e9d-3f08-4975-bdc5-dd360e208bf1,v4125,Maxwell@display=pairwise
v4125,v4125,3b59bb46-ea50-46bd-a3a5-16087d174860,v1477,Maxwell@display=pairwise
v1477,v1477,43505c4c-2f72-4150-b92e-bb25604e229a,v4125,Maxwell@display=pairwise
v4125,v1477,259688ae-f706-4f41-ade3-4a17e052e824,v4125,Maxwell@display=pairwise
v4125,v4125,171d9627-c964-4a99-8c05-0cf0ea584fba,v1477,Maxwell@display=pairwise
,v4125,9ede4d3e-ee31-4bd1-980a-75ced4a17656,v1477,Maxwell@display=pairwise
v4125,v4125,ec7a9023-9cdd-445b-934e-d5c95de760d5,v1477,Maxwell@display=pairwise
v1477,v4125,13876ad3-4e97-4915-be68-f5a26055772b,v1477,Maxwell@display=pairwise
v2419,v2419,18404967-3d84-48ab-b4ba-16911ddc4f5e,v2181,Maxwell@display=pairwise
v2181,v2419,1f8bd8c6-3318-40af-a7a4-5f919048341c,v2181,Maxwell@display=pairwise
v2181,v2419,dc1081cb-7773-4571-b027-33c4446f75ed,v2181,Maxwell@display=pairwise
v2181,v2419,dc1081cb-7773-4571-b027-33c4446f75ed,v2181,Maxwell@display=pairwise
v2181,v2419,2d1de15b-04c3-4111-abe6-569785e78caa,v2181,Maxwell@display=pairwise
v2419,v2181,0ffc9aa5-c779-44ce-acc6-ab9cc92a02fb,v2419,Maxwell@display=pairwise
v2181,v2419,b6d8df5e-5610-473b-bd40-79fdcdfbdcdd,v2181,Maxwell@display=pairwise
,v2419,1f073ed6-cf9c-4eed-aa27-85dfc3f34f60,v2181,Maxwell@display=pairwise
v2419,v2419,b2cf1e5e-8b30-4ac1-8eee-373e05447920,v2181,Maxwell@display=pairwise
v2181,v2419,86a3ac5a-2140-48bb-bde9-f02ac7191d29,v2181,Maxwell@display=pairwise
v4166,v0265,18404967-3d84-48ab-b4ba-16911ddc4f5e,v4166,Maxwell@display=pairwise
v4166,v4166,08c3ff44-f4df-4dde-9078-b475184ae0ce,v0265,Maxwell@display=pairwise
v4166,v0265,11af42fa-614e-4be6-93e5-4fedd30f3ca3,v4166,Maxwell@display=pairwise
v0265,v4166,7eb95ab6-eca8-489b-b426-e9b15a50c9cb,v0265,Maxwell@display=pairwise
v4166,v0265,996d4f04-efe4-4b10-9ba5-28b5dca74aed,v4166,Maxwell@display=pairwise
v4166,v0265,1486a399-1ff1-4c12-96f9-9ef26a428a72,v4166,Maxwell@display=pairwise
v4166,v4166,7321c6b3-7020-45e2-bb9d-2ab101e5c7ae,v0265,Maxwell@display=pairwise
v4166,v4166,67d6e59e-98bb-4804-be1c-03beebfd5222,v0265,Maxwell@display=pairwise
v4166,v4166,f6f6b226-3ab0-4a3c-84fb-0ce9390db359,v0265,Maxwell@display=pairwise
v4166,v4166,f74805b0-7406-4a6a-9a49-5c7b8bedda55,v0265,Maxwell@display=pairwise
v4537,v4537,18404967-3d84-48ab-b4ba-16911ddc4f5e,v0824,Maxwell@display=pairwise
v4537,v0824,c744cb11-c13d-48f5-857f-33b152474625,v4537,Maxwell@display=pairwise
v4537,v0824,e50db2a7-868c-4b82-af9c-456e23753e56,v4537,Maxwell@display=pairwise
v4537,v0824,1ab3015c-2a18-4a9c-9842-14c3cab722d7,v4537,Maxwell@display=pairwise
v4537,v0824,fdafe1fc-3bdb-472a-a91e-52abb2f5e78f,v4537,Maxwell@display=pairwise
v4537,v4537,31f2608d-f3b7-4fc9-aafc-8de3b8a2dcf0,v0824,Maxwell@display=pairwise
v4537,v4537,d94bd8df-f652-447c-ac56-476a6b31f32b,v0824,Maxwell@display=pairwise
v4537,v4537,f9e4bb6c-79e2-4693-af7b-1ac69eea590a,v0824,Maxwell@display=pairwise
v4537,v4537,0de1e2fe-9589-46ff-ad16-6a47adb8c61a,v0824,Maxwell@display=pairwise
v4537,v0824,2feaf824-0ccc-4894-9bb4-63c40c53fe04,v4537,Maxwell@display=pairwise
v4511,v4511,18404967-3d84-48ab-b4ba-16911ddc4f5e,v0529,Maxwell@display=pairwise
v4511,v4511,97029296-ed19-429b-bde6-a44701da9433,v0529,Maxwell@display=pairwise
v4511,v0529,57510f28-373b-4b32-a9e5-a9c629bafe32,v4511,Maxwell@display=pairwise
v4511,v0529,a2093909-503b-438b-bf75-c9807e56810a,v4511,Maxwell@display=pairwise
v4511,v0529,a2093909-503b-438b-bf75-c9807e56810a,v4511,Maxwell@display=pairwise
v4511,v4511,c1e5dd48-6b4f-42c3-b070-b362047520ac,v0529,Maxwell@display=pairwise
v4511,v0529,4cfaf7eb-7c7a-4d23-afa8-6e9c8e64a6b4,v4511,Maxwell@display=pairwise
v4511,v4511,f9e4bb6c-79e2-4693-af7b-1ac69eea590a,v0529,Maxwell@display=pairwise
v4511,v4511,93650a77-b874-44f5-a36e-8c9163eee72e,v0529,Maxwell@display=pairwise
v4511,v0529,36c5c8c0-5e83-47ea-8f74-af418783618a,v4511,Maxwell@display=pairwise
v4537,v4537,18404967-3d84-48ab-b4ba-16911ddc4f5e,v1394,Maxwell@display=pairwise
v1394,v4537,50f883d0-89f3-4f06-9da1-3ecb5c6efd90,v1394,Maxwell@display=pairwise
v1394,v4537,8f373fcb-9f72-4cee-a804-75fa3cb722cd,v1394,Maxwell@display=pairwise
v4537,v4537,8babccc1-e414-4e5f-ae9b-a16091977afb,v1394,Maxwell@display=pairwise
v4537,v4537,e17e2dcf-3979-4b09-8713-28d55d90138b,v1394,Maxwell@display=pairwise
v4537,v1394,e8cf995a-d627-41b3-85ff-373a997d5a4f,v4537,Maxwell@display=pairwise
v4537,v1394,279550f0-7625-4018-86e5-b8da97d50081,v4537,Maxwell@display=pairwise
v4537,v1394,0c8ca1c9-aaa4-495b-a350-de53a2de024b,v4537,Maxwell@display=pairwise
v4537,v4537,712ea676-4242-48ad-8b1c-1851c5c289ec,v1394,Maxwell@display=pairwise
v4537,v4537,f020e26d-309c-4394-81bf-7db2f467bc8e,v1394,Maxwell@display=pairwise
v3292,v3292,18404967-3d84-48ab-b4ba-16911ddc4f5e,v1394,Maxwell@display=pairwise
v3292,v3292,1ea4d896-7017-4409-8dd2-484c9eb6e564,v1394,Maxwell@display=pairwise
v3292,v1394,26daa196-3e51-425f-8944-e7e21c5dca40,v3292,Maxwell@display=pairwise
,v1394,932f9ce4-0739-497e-8f65-1f75f828eb23,v3292,Maxwell@display=pairwise
v3292,v3292,720d1aa0-a9e3-4836-9efe-1ef960d71e0e,v1394,Maxwell@display=pairwise
v3292,v3292,c8663594-fd63-46c0-be02-64eede925ed2,v1394,Maxwell@display=pairwise
v3292,v1394,b81d92ba-8124-4bce-949c-8d5b226bc693,v3292,Maxwell@display=pairwise
v3292,v3292,5a73329b-3ee5-4d38-9a02-8e7a17f87252,v1394,Maxwell@display=pairwise
v3292,v1394,f5d6e1f3-6569-4a5e-b109-b9871c084d4b,v3292,Maxwell@display=pairwise
v3292,v1394,f5d6e1f3-6569-4a5e-b109-b9871c084d4b,v3292,Maxwell@display=pairwise
v0314,v0162,18404967-3d84-48ab-b4ba-16911ddc4f5e,v0314,Maxwell@display=pairwise
v0162,v0162,86cebb69-070a-4ed3-890f-c96d130c1704,v0314,Maxwell@display=pairwise
v0314,v0314,097c523a-37c9-4814-a386-171e6d920ead,v0162,Maxwell@display=pairwise
v0314,v0314,10db6cd5-e713-42ac-9a20-3961ec3c3cbb,v0162,Maxwell@display=pairwise
v0314,v0162,5abb0625-0b84-4432-801d-e33a2c4185b8,v0314,Maxwell@display=pairwise
v0314,v0314,92b315aa-c3d8-4ac2-8c1c-aba2f5a7b6d9,v0162,Maxwell@display=pairwise
,v0314,284eb320-ce3d-48b3-99f0-b07eda1cc7ed,v0162,Maxwell@display=pairwise
v0162,v0314,e5463b92-df72-41f5-8ac7-22d086899283,v0162,Maxwell@display=pairwise
v0314,v0314,8c486527-a24e-43cc-93c6-81d3da4e9836,v0162,Maxwell@display=pairwise
,v0162,d39c5247-3bfe-426f-87db-6d7ca30b9f8c,v0314,Maxwell@display=pairwise
,v1397,6ce3ded5-f12a-48e2-aa73-ba14187bf875,v1984,Maxwell@display=pairwise
,v1984,c744cb11-c13d-48f5-857f-33b152474625,v1397,Maxwell@display=pairwise
v1397,v1397,f703c144-8fe7-4731-ad56-faff59588dbe,v1984,Maxwell@display=pairwise
v1984,v1397,724c60ae-6aa6-4024-bb86-11ee7b7b8770,v1984,Maxwell@display=pairwise
v1984,v1397,df26a6f9-0f91-4a5e-82a0-ce73746d46d1,v1984,Maxwell@display=pairwise
v1984,v1984,a9bb321a-d4be-4f8e-aef5-0cdce93dd51c,v1397,Maxwell@display=pairwise
v1984,v1397,86ac8bcb-62d0-479c-a775-8d1fbd5ee8c9,v1984,Maxwell@display=pairwise
,v1984,48eca316-7304-41b7-8acb-7e678a3cbf48,v1397,Maxwell@display=pairwise
,v1984,ccaef3a0-85de-4b7b-97a8-f6c96128a6b0,v1397,Maxwell@display=pairwise
v1984,v1984,b2c57169-2eb4-4673-8dd4-c2a4360d21d9,v1397,Maxwell@display=pairwise
v4166,v4166,6ce3ded5-f12a-48e2-aa73-ba14187bf875,v0094,Maxwell@display=pairwise
v4166,v4166,f9a473c4-8c67-43a8-a756-7a3922b8d30c,v0094,Maxwell@display=pairwise
v4166,v0094,8c5659b8-fe6f-4539-911f-1647d4975226,v4166,Maxwell@display=pairwise
v4166,v4166,bb28c3d5-6528-4f53-bc09-6bf84b42a7fb,v0094,Maxwell@display=pairwise
v4166,v4166,684094ed-89c7-4c9e-a0f8-8c629bf0ac49,v0094,Maxwell@display=pairwise
v0094,v4166,aa873e42-f4c4-4b06-8b86-c8d47ffd4b9a,v0094,Maxwell@display=pairwise
v4166,v4166,1e957696-1bdb-4655-8b5d-f0bc71305eea,v0094,Maxwell@display=pairwise
v4166,v4166,90741ce5-a5d8-4430-8051-715ff3ef5e49,v0094,Maxwell@display=pairwise
v4166,v0094,8290678e-1f94-4619-af71-aa8892a717fa,v4166,Maxwell@display=pairwise
v4166,v4166,fa6e8487-24cc-4eaf-a6da-de0bb42be6ff,v0094,Maxwell@display=pairwise
v3583,v3355,6ce3ded5-f12a-48e2-aa73-ba14187bf875,v3583,Maxwell@display=pairwise
v3583,v3583,1ea4d896-7017-4409-8dd2-484c9eb6e564,v3355,Maxwell@display=pairwise
v3583,v3355,24c7bb15-fdc7-448c-96a3-557e772127cd,v3583,Maxwell@display=pairwise
v3583,v3583,d3ceb26c-6541-4b11-adf3-11f11a7fe362,v3355,Maxwell@display=pairwise
v3583,v3583,d94bd8df-f652-447c-ac56-476a6b31f32b,v3355,Maxwell@display=pairwise
v3355,v3355,d5a0fb87-aa9c-42e7-8db5-0c41338699d2,v3583,Maxwell@display=pairwise
v3583,v3583,9b4634c9-30c1-4725-8f52-815faf943025,v3355,Maxwell@display=pairwise
v3583,v3583,8495c523-2b4b-49a1-86b4-5210ff9e0038,v3355,Maxwell@display=pairwise
v3583,v3583,377d9610-aa18-4c37-a9ae-61f22bd5fe5e,v3355,Maxwell@display=pairwise
v3355,v3355,7c3b36dd-81f3-4842-90d1-41f8d139292a,v3583,Maxwell@display=pairwise
v1703,v1703,6ce3ded5-f12a-48e2-aa73-ba14187bf875,v0529,Maxwell@display=pairwise
v1703,v0529,8dbe2ffd-6f41-43a3-860b-153138fb521f,v1703,Maxwell@display=pairwise
v0529,v1703,a64e5ec2-6369-44d6-b203-264f818abe72,v0529,Maxwell@display=pairwise
v1703,v0529,319e1e2f-e9cf-4981-8ce2-42f5765137f5,v1703,Maxwell@display=pairwise
v0529,v0529,f2c0d8f4-3093-434b-b640-14aa99aceaf7,v1703,Maxwell@display=pairwise
v0529,v1703,9888d5ad-e5b5-422a-9ce4-268968886c2c,v0529,Maxwell@display=pairwise
v0529,v0529,b678ad4f-2bf3-4079-925c-47a98abb234f,v1703,Maxwell@display=pairwise
v1703,v1703,bb58be60-dfb8-4e62-af7d-b508d07dce9c,v0529,Maxwell@display=pairwise
v1703,v1703,d906e73c-afb6-4bc0-8cab-f6991cc560ba,v0529,Maxwell@display=pairwise
v0529,v0529,35848222-14fa-4e1a-838c-efac9c195ea5,v1703,Maxwell@display=pairwise
v3065,v1394,6ce3ded5-f12a-48e2-aa73-ba14187bf875,v3065,Maxwell@display=pairwise
v3065,v1394,209cb4b5-da1d-4522-8e51-c7ab4b854165,v3065,Maxwell@display=pairwise
v3065,v1394,46890feb-e3fa-42f0-bdb2-bc9bbacd627f,v3065,Maxwell@display=pairwise
v3065,v3065,586bb006-6a93-4927-ae5a-9b4956bceaa8,v1394,Maxwell@display=pairwise
v3065,v1394,3c83b2ee-f90f-4903-a067-8d46632b7b21,v3065,Maxwell@display=pairwise
v3065,v3065,2dd89ba6-d0b2-4975-8d14-d6d471fa562e,v1394,Maxwell@display=pairwise
v3065,v3065,a9bb321a-d4be-4f8e-aef5-0cdce93dd51c,v1394,Maxwell@display=pairwise
,v1394,626ad72c-299b-4c9e-97a8-63783caa4a83,v3065,Maxwell@display=pairwise
v1394,v3065,992cc7e1-caa5-4e29-9a5c-8107bae22aaa,v1394,Maxwell@display=pairwise
v3065,v3065,09705fe5-aaef-4009-9eaf-7f6ef1693c89,v1394,Maxwell@display=pairwise
v2828,v0162,6ce3ded5-f12a-48e2-aa73-ba14187bf875,v2828,Maxwell@display=pairwise
v2828,v0162,90b75463-bb9b-47ed-a579-8f88fc4299b8,v2828,Maxwell@display=pairwise
v2828,v2828,c2c5d1ea-6807-4bdd-a0f0-5694bf04fe9b,v0162,Maxwell@display=pairwise
,v0162,bb28c3d5-6528-4f53-bc09-6bf84b42a7fb,v2828,Maxwell@display=pairwise
v2828,v2828,bf06ee4c-bec3-4766-8e90-2f826cf034b6,v0162,Maxwell@display=pairwise
v0162,v0162,b023edb0-5491-44a1-bacb-34942899fb86,v2828,Maxwell@display=pairwise
v0162,v2828,ed0092e8-c319-447b-a041-b75a08c6d0bd,v0162,Maxwell@display=pairwise
v2828,v2828,f540594e-acb6-4701-95ba-930d80b00b7a,v0162,Maxwell@display=pairwise
v2828,v0162,d8c466c5-877b-40b2-b8d8-5cd12c3902b1,v2828,Maxwell@display=pairwise
v2828,v0162,723aa930-ec56-4066-ae75-7504ed46fa1e,v2828,Maxwell@display=pairwise
v4125,v4125,6ce3ded5-f12a-48e2-aa73-ba14187bf875,v2889,Maxwell@display=pairwise
,v4125,861d34a8-3e75-48a1-85aa-76f71123f8f5,v2889,Maxwell@display=pairwise
v4125,v2889,bc7f1faa-49be-4e1c-af0f-a46d243c1067,v4125,Maxwell@display=pairwise
v4125,v2889,26369842-3726-4b94-bca7-39046cebbeed,v4125,Maxwell@display=pairwise
v4125,v2889,c942376b-0080-4a53-825b-8c8974c18262,v4125,Maxwell@display=pairwise
v4125,v2889,1c633216-85cf-4854-b853-de600421a67d,v4125,Maxwell@display=pairwise
v2889,v4125,d83aba4d-3e51-4ba3-9f02-e7119f127b9e,v2889,Maxwell@display=pairwise
v2889,v4125,f6f6b226-3ab0-4a3c-84fb-0ce9390db359,v2889,Maxwell@display=pairwise
v4125,v4125,ea62dadb-d0bf-416b-a83e-6823c24a7822,v2889,Maxwell@display=pairwise
v4125,v4125,5db812e2-a89e-42af-b619-98c02720d311,v2889,Maxwell@display=pairwise
v2349,v2349,6ce3ded5-f12a-48e2-aa73-ba14187bf875,v2889,Maxwell@display=pairwise
v2349,v2889,6737908c-5eb5-4359-9909-7a6e8c746ca4,v2349,Maxwell@display=pairwise
v2349,v2349,209cb4b5-da1d-4522-8e51-c7ab4b854165,v2889,Maxwell@display=pairwise
v2349,v2889,7eb95ab6-eca8-489b-b426-e9b15a50c9cb,v2349,Maxwell@display=pairwise
v2349,v2889,2dc384e2-d08c-47ed-a933-eb91ec6fb38b,v2349,Maxwell@display=pairwise
v2889,v2349,d33afc89-4e22-4af7-a23c-7f20288ebb72,v2889,Maxwell@display=pairwise
v2889,v2349,d33afc89-4e22-4af7-a23c-7f20288ebb72,v2889,Maxwell@display=pairwise
v2889,v2889,5dd4b999-dfa1-477e-9901-16fa0e727a3f,v2349,Maxwell@display=pairwise
v2349,v2349,537c627e-ce2d-4b04-939a-552205731bb6,v2889,Maxwell@display=pairwise
v2349,v2889,da7d4669-ee69-4b69-9548-38fdb95e66a3,v2349,Maxwell@display=pairwise
v2063,v2063,6ce3ded5-f12a-48e2-aa73-ba14187bf875,v0094,Maxwell@display=pairwise
v2063,v2063,12f332a1-5ffa-4879-b1d8-9da98c72ac92,v0094,Maxwell@display=pairwise
v2063,v0094,de36c471-90c9-4ad1-b5df-404e1caccda4,v2063,Maxwell@display=pairwise
v2063,v0094,4e2adbe1-fa03-4f25-a561-baae089d8201,v2063,Maxwell@display=pairwise
v2063,v2063,96f829ff-df3c-49ca-9af3-b69739e4a67a,v0094,Maxwell@display=pairwise
v2063,v0094,75ce2d58-ecbb-4ede-bd93-43b99bca8d46,v2063,Maxwell@display=pairwise
v2063,v2063,b6d8df5e-5610-473b-bd40-79fdcdfbdcdd,v0094,Maxwell@display=pairwise
v2063,v2063,71d414a2-7da8-44c1-a7cb-4e81f84eb38a,v0094,Maxwell@display=pairwise
v0094,v0094,b03c8d70-1916-4f7d-a03a-f96397ce85d6,v2063,Maxwell@display=pairwise
,v2063,a1e319ac-953b-46f3-b0d8-c4b43561d7fe,v0094,Maxwell@display=pairwise
v2519,v0162,6ce3ded5-f12a-48e2-aa73-ba14187bf875,v2519,Maxwell@display=pairwise
v2519,v2519,e7c95211-5ce3-4c43-bde6-828f51c7a97c,v0162,Maxwell@display=pairwise
v2519,v0162,3b59bb46-ea50-46bd-a3a5-16087d174860,v2519,Maxwell@display=pairwise
v2519,v2519,20d9d51e-231e-4048-90ac-ae0f2f6906d1,v0162,Maxwell@display=pairwise
v2519,v2519,3edabbb6-39e3-4150-a866-31860248b085,v0162,Maxwell@display=pairwise
v2519,v2519,f875a8f1-ecd5-4cae-ac35-6f6466d90237,v0162,Maxwell@display=pairwise
v2519,v2519,a4ff02d4-6d50-4f8a-b84e-4c6ba39528a5,v0162,Maxwell@display=pairwise
v2519,v0162,efc0133f-459a-461e-9f25-75b0716cd70a,v2519,Maxwell@display=pairwise
v2519,v0162,ccaef3a0-85de-4b7b-97a8-f6c96128a6b0,v2519,Maxwell@display=pairwise
v2519,v2519,2d3e655e-b512-4a49-909c-3db4efbcdfcc,v0162,Maxwell@display=pairwise
v2635,v2063,6ce3ded5-f12a-48e2-aa73-ba14187bf875,v2635,Maxwell@display=pairwise
v2063,v2635,a3d1f70b-d059-4df3-a624-738230878ceb,v2063,Maxwell@display=pairwise
v2635,v2635,209cb4b5-da1d-4522-8e51-c7ab4b854165,v2063,Maxwell@display=pairwise
v2635,v2635,9aac4b2a-3c36-47d6-b244-1cda70ad1743,v2063,Maxwell@display=pairwise
v2635,v2635,c377aeaf-60e4-4bc1-8080-5619345d590c,v2063,Maxwell@display=pairwise
v2635,v2635,09aa3d60-2327-4a62-a385-c9877f16fa3d,v2063,Maxwell@display=pairwise
,v2635,e07bb13d-8d71-400d-8aee-9277fb8773d2,v2063,Maxwell@display=pairwise
v2635,v2063,b81d92ba-8124-4bce-949c-8d5b226bc693,v2635,Maxwell@display=pairwise
v2635,v2063,16741407-ab8f-42d4-a0de-61154fca3785,v2635,Maxwell@display=pairwise
v2063,v2635,fb12b62f-7110-41dc-8ec7-a99eccbb04d0,v2063,Maxwell@display=pairwise
v0878,v4166,6ce3ded5-f12a-48e2-aa73-ba14187bf875,v0878,Maxwell@display=pairwise
v4166,v0878,50f883d0-89f3-4f06-9da1-3ecb5c6efd90,v4166,Maxwell@display=pairwise
v4166,v0878,2e51a290-d08f-4b97-b0d1-c0cca3833712,v4166,Maxwell@display=pairwise
v4166,v0878,c942376b-0080-4a53-825b-8c8974c18262,v4166,Maxwell@display=pairwise
v4166,v0878,e482d7ac-4b6f-4cff-b1d2-3e634bf5c721,v4166,Maxwell@display=pairwise
v4166,v4166,70b41da2-de44-482d-b32a-5aaa4502ce19,v0878,Maxwell@display=pairwise
v0878,v0878,d906e73c-afb6-4bc0-8cab-f6991cc560ba,v4166,Maxwell@display=pairwise
,v0878,36c5c8c0-5e83-47ea-8f74-af418783618a,v4166,Maxwell@display=pairwise
v4166,v4166,7c68e2ea-165f-4e18-af3c-a2f8199fcbd9,v0878,Maxwell@display=pairwise
v0878,v4166,da7d4669-ee69-4b69-9548-38fdb95e66a3,v0878,Maxwell@display=pairwise
v1984,v1984,6ce3ded5-f12a-48e2-aa73-ba14187bf875,v2801,Maxwell@display=pairwise
,v1984,e7c95211-5ce3-4c43-bde6-828f51c7a97c,v2801,Maxwell@display=pairwise
,v2801,5a1c3efd-82cc-49c8-b9d9-add302b2be8a,v1984,Maxwell@display=pairwise
v2801,v1984,d02f408f-c495-4a1f-83e0-411da8e86fed,v2801,Maxwell@display=pairwise
v1984,v2801,9aac4b2a-3c36-47d6-b244-1cda70ad1743,v1984,Maxwell@display=pairwise
v2801,v1984,9aac4b2a-3c36-47d6-b244-1cda70ad1743,v2801,Maxwell@display=pairwise
v1984,v1984,5b7f9010-471e-4f05-967c-a840f99bbcaf,v2801,Maxwell@display=pairwise
v2801,v2801,ec7a9023-9cdd-445b-934e-d5c95de760d5,v1984,Maxwell@display=pairwise
,v1984,bab736be-b6c3-4a0a-8930-23ed65f562f2,v2801,Maxwell@display=pairwise
v2801,v2801,344d07d0-63a8-46e8-a5fa-10d7dec66115,v1984,Maxwell@display=pairwise
v4125,v0032,6ce3ded5-f12a-48e2-aa73-ba14187bf875,v4125,Maxwell@display=pairwise
v4125,v4125,c73de61c-2ffb-43a7-bb2b-9153ac84e57d,v0032,Maxwell@display=pairwise
v4125,v4125,43641f2c-9c5f-4450-a8d2-51e7dde0ec97,v0032,Maxwell@display=pairwise
v4125,v0032,118e07a5-5d2c-405c-8ce0-e462951bf1c8,v4125,Maxwell@display=pairwise
v4125,v4125,e776162f-2a46-4b9f-a534-2d38aa9d05c2,v0032,Maxwell@display=pairwise
v4125,v4125,965ff344-5fbe-416d-8965-9c65cf52ab41,v0032,Maxwell@display=pairwise
v4125,v0032,965ff344-5fbe-416d-8965-9c65cf52ab41,v4125,Maxwell@display=pairwise
v4125,v4125,0dfde53f-a1c3-4854-9c02-3e41d9086ece,v0032,Maxwell@display=pairwise
v4125,v4125,48f6cdb5-6230-4605-8615-20752b953814,v0032,Maxwell@display=pairwise
v4125,v0032,bdcbadd2-3661-4ece-a668-ae3da62a8e23,v4125,Maxwell@display=pairwise
v1984,v1984,6ce3ded5-f12a-48e2-aa73-ba14187bf875,v1394,Maxwell@display=pairwise
v1984,v1984,da27f497-76a6-4237-94e9-559acb0ba008,v1394,Maxwell@display=pairwise
v1984,v1394,ef859b1f-9de1-4cef-bd2b-3e0ac5b8a3b4,v1984,Maxwell@display=pairwise
,v1984,a2093909-503b-438b-bf75-c9807e56810a,v1394,Maxwell@display=pairwise
v1394,v1394,c377aeaf-60e4-4bc1-8080-5619345d590c,v1984,Maxwell@display=pairwise
v1984,v1394,c57b2313-faa0-4c95-b91f-4f3c7609b1c1,v1984,Maxwell@display=pairwise
v1984,v1984,1c633216-85cf-4854-b853-de600421a67d,v1394,Maxwell@display=pairwise
v1984,v1984,71d414a2-7da8-44c1-a7cb-4e81f84eb38a,v1394,Maxwell@display=pairwise
v1984,v1984,13876ad3-4e97-4915-be68-f5a26055772b,v1394,Maxwell@display=pairwise
v1984,v1394,b8c63c99-2a85-402e-a74a-1969eeefd861,v1984,Maxwell@display=pairwise
,v2889,ffb1377a-6725-451f-b73d-c72aa6f77f23,v1025,Maxwell@display=pairwise
v1025,v1025,861d34a8-3e75-48a1-85aa-76f71123f8f5,v2889,Maxwell@display=pairwise
v2889,v1025,1ca99ba4-be7c-4a95-a57a-0005144b2eca,v2889,Maxwell@display=pairwise
v2889,v2889,4a4cda64-e09d-474d-abba-3cd33d2a4778,v1025,Maxwell@display=pairwise
v2889,v2889,28674eee-cfc6-4ec4-a2f4-37fee5b5ec93,v1025,Maxwell@display=pairwise
v2889,v2889,ef228dde-5278-429a-b581-bf6bdf7010cb,v1025,Maxwell@display=pairwise
,v2889,e5e845a9-bf60-41fc-9ab7-f2ab3172c82f,v1025,Maxwell@display=pairwise
v1025,v2889,88e1894f-6a8c-4dd4-99e5-7b852ff42587,v1025,Maxwell@display=pairwise
v2889,v2889,fa6e8487-24cc-4eaf-a6da-de0bb42be6ff,v1025,Maxwell@display=pairwise
v2889,v2889,8581928a-3670-48d2-b55c-34685f7de132,v1025,Maxwell@display=pairwise
v4511,v4511,ffb1377a-6725-451f-b73d-c72aa6f77f23,v3065,Maxwell@display=pairwise
v4511,v3065,ef859b1f-9de1-4cef-bd2b-3e0ac5b8a3b4,v4511,Maxwell@display=pairwise
v4511,v4511,9e47a2e5-5fc3-4025-8538-85d5dc4d1152,v3065,Maxwell@display=pairwise
v4511,v4511,df68e14a-a48a-44ee-907b-0a8e92920b98,v3065,Maxwell@display=pairwise
v4511,v3065,4574d033-c347-4886-a115-d34cee6778a1,v4511,Maxwell@display=pairwise
v4511,v3065,e0c1d00e-b138-4166-ac9f-cf7cfd33e902,v4511,Maxwell@display=pairwise
v4511,v3065,4dbcfd34-f760-41d7-bc1e-0220aee5da69,v4511,Maxwell@display=pairwise
v4511,v4511,730d1fc7-c570-412c-8d46-89d91d650c41,v3065,Maxwell@display=pairwise
v4511,v3065,e42b4bc8-b2f0-4389-a27e-dbe89657a412,v4511,Maxwell@display=pairwise
v4511,v4511,6d4a2a41-fa40-4847-81d4-e68b6937db26,v3065,Maxwell@display=pairwise
v2513,v0328,ffb1377a-6725-451f-b73d-c72aa6f77f23,v2513,Maxwell@display=pairwise
v2513,v0328,99d92158-abae-45a9-b49b-737ab2119fa3,v2513,Maxwell@display=pairwise
v2513,v0328,d9c24ced-2640-4502-9de4-cfc5bcd74967,v2513,Maxwell@display=pairwise
,v2513,8914cf47-88ab-4d93-ac8c-414469cd4a72,v0328,Maxwell@display=pairwise
v2513,v2513,7b37ac90-7282-45c2-a24a-6ed9b9860183,v0328,Maxwell@display=pairwise
v2513,v0328,a4ff02d4-6d50-4f8a-b84e-4c6ba39528a5,v2513,Maxwell@display=pairwise
v2513,v2513,75cae008-0dbc-41be-8295-da701fdf0dba,v0328,Maxwell@display=pairwise
v2513,v0328,21d72962-585b-49b1-848c-8861ed477ea6,v2513,Maxwell@display=pairwise
v2513,v0328,b2cf1e5e-8b30-4ac1-8eee-373e05447920,v2513,Maxwell@display=pairwise
v2513,v2513,c498d5cf-b5b6-469d-8d68-860f0f7e3445,v0328,Maxwell@display=pairwise
v4235,v4235,ffb1377a-6725-451f-b73d-c72aa6f77f23,v1190,Maxwell@display=pairwise
v4235,v4235,b84d3c5b-e287-4a77-95bc-db56644be2d4,v1190,Maxwell@display=pairwise
v1190,v1190,b6634fbf-fd8c-4256-96b7-8dbfefd99757,v4235,Maxwell@display=pairwise
v4235,v1190,acccac54-c658-4a6d-b128-1acee477e62e,v4235,Maxwell@display=pairwise
v1190,v1190,f947e080-fb56-44fe-b740-b6da9bcab592,v4235,Maxwell@display=pairwise
v1190,v1190,31f2608d-f3b7-4fc9-aafc-8de3b8a2dcf0,v4235,Maxwell@display=pairwise
v1190,v1190,c8a8c2c5-cbde-4269-8b36-a3b928ca2d67,v4235,Maxwell@display=pairwise
v4235,v1190,295b7632-b3b4-4d18-ab59-6527849c76d1,v4235,Maxwell@display=pairwise
v1190,v1190,3547e3c0-da82-4993-8867-2ae2b4e1f4f7,v4235,Maxwell@display=pairwise
v4235,v1190,19e2587c-4d46-491a-9939-ee51abe19c39,v4235,Maxwell@display=pairwise
,v0824,ffb1377a-6725-451f-b73d-c72aa6f77f23,v2063,Maxwell@display=pairwise
v2063,v0824,e7c95211-5ce3-4c43-bde6-828f51c7a97c,v2063,Maxwell@display=pairwise
v0824,v2063,b023edb0-5491-44a1-bacb-34942899fb86,v0824,Maxwell@display=pairwise
v0824,v2063,25a377ea-74e1-4faa-bdd2-1a426ae7a7bc,v0824,Maxwell@display=pairwise
v2063,v0824,df148d87-9cdb-4f62-b773-355587d7b51f,v2063,Maxwell@display=pairwise
v2063,v2063,df148d87-9cdb-4f62-b773-355587d7b51f,v0824,Maxwell@display=pairwise
v2063,v0824,75b75480-7063-484c-9328-642307386043,v2063,Maxwell@display=pairwise
,v2063,0f9366f9-fade-450c-be0e-0ebb4444aece,v0824,Maxwell@display=pairwise
v0824,v2063,15187a17-10c3-4501-b4fd-190e9264fb64,v0824,Maxwell@display=pairwise
v2063,v2063,86523267-18b8-471d-80c4-42b0069c1f65,v0824,Maxwell@display=pairwise
v4097,v4097,ffb1377a-6725-451f-b73d-c72aa6f77f23,v1859,Maxwell@display=pairwise
v4097,v4097,51a741d8-2e85-48fb-a41a-ec0b312ce2e7,v1859,Maxwell@display=pairwise
v4097,v1859,de36c471-90c9-4ad1-b5df-404e1caccda4,v4097,Maxwell@display=pairwise
v4097,v4097,8477eb0e-905a-4f16-a145-97a894176374,v1859,Maxwell@display=pairwise
v4097,v1859,4d41abd8-8939-4aaf-8d9b-3eeaca78e042,v4097,Maxwell@display=pairwise
v4097,v4097,3665f070-cce1-4979-995c-d117a13742ab,v1859,Maxwell@display=pairwise
v4097,v1859,d4bb2ace-733e-49f7-9178-3c58fe2fb813,v4097,Maxwell@display=pairwise
v4097,v4097,9d91b01f-a800-4b2b-b343-d61dc7eaf041,v1859,Maxwell@display=pairwise
v1859,v1859,17f408f2-5335-4dad-a25b-77bd0f2e59db,v4097,Maxwell@display=pairwise
v1859,v4097,2b8c1e14-fdc9-4c52-a214-1887ac95a9ba,v1859,Maxwell@display=pairwise
v4511,v1373,ffb1377a-6725-451f-b73d-c72aa6f77f23,v4511,Maxwell@display=pairwise
v4511,v4511,f70aaa7a-e3fb-4755-83d7-172c47cfed0b,v1373,Maxwell@display=pairwise
v4511,v1373,24c7bb15-fdc7-448c-96a3-557e772127cd,v4511,Maxwell@display=pairwise
v4511,v4511,ef859b1f-9de1-4cef-bd2b-3e0ac5b8a3b4,v1373,Maxwell@display=pairwise
v4511,v4511,4b9764d8-3888-4dad-a4b1-b554f50cd991,v1373,Maxwell@display=pairwise
v4511,v4511,f085de64-19bb-4f44-9ae2-2dc5700abca0,v1373,Maxwell@display=pairwise
v4511,v1373,e3ebe625-fcf7-470a-91bb-0d08cd37d473,v4511,Maxwell@display=pairwise
v4511,v4511,6d4a2a41-fa40-4847-81d4-e68b6937db26,v1373,Maxwell@display=pairwise
v4511,v4511,2d3e655e-b512-4a49-909c-3db4efbcdfcc,v1373,Maxwell@display=pairwise
v4511,v4511,2613c3ff-b6cc-4d25-850a-f9ccff836ebc,v1373,Maxwell@display=pairwise
v4048,v4048,a59e7494-5d6d-4bca-a5c0-7c769da374f1,v4034,Maxwell@display=pairwise
v4034,v4048,25a377ea-74e1-4faa-bdd2-1a426ae7a7bc,v4034,Maxwell@display=pairwise
v4048,v4048,ade8a476-81ee-42b0-a41a-c54a43f6bf8c,v4034,Maxwell@display=pairwise
v4034,v4048,152a0477-3c32-40f2-b0e2-738202586ba4,v4034,Maxwell@display=pairwise
v4048,v4034,ddd61b5c-dc4a-4146-8ae2-ae9ff73fb5d8,v4048,Maxwell@display=pairwise
v4048,v4048,e3b8bb83-c52a-4ef2-b875-665689a58489,v4034,Maxwell@display=pairwise
v4034,v4034,a9bb321a-d4be-4f8e-aef5-0cdce93dd51c,v4048,Maxwell@display=pairwise
v4048,v4048,ffb1377a-6725-451f-b73d-c72aa6f77f23,v4034,Maxwell@display=pairwise
v4048,v4048,dd3aa73f-a7e4-438b-830d-809fa2ab6520,v4034,Maxwell@display=pairwise
v4034,v4048,96c92880-627b-4c93-b3ce-2a6d076c8abf,v4034,Maxwell@display=pairwise
,v2801,ffb1377a-6725-451f-b73d-c72aa6f77f23,v1447,Maxwell@display=pairwise
v1447,v2801,e25b19ea-aebb-47cd-b479-8d9842cf83dc,v1447,Maxwell@display=pairwise
v2801,v1447,a4914634-9c3a-4b63-ba2f-eae01b722ce6,v2801,Maxwell@display=pairwise
v2801,v2801,8a3343fa-29bf-4b98-87d2-10dba3c9ce8f,v1447,Maxwell@display=pairwise
,v2801,fdafe1fc-3bdb-472a-a91e-52abb2f5e78f,v1447,Maxwell@display=pairwise
v1447,v2801,e6140e2f-9de4-4f2e-b088-2ec9c3c33c4f,v1447,Maxwell@display=pairwise
v1447,v1447,df58efd8-87a4-48d7-a704-7a213671bf20,v2801,Maxwell@display=pairwise
v2801,v2801,c0a2023a-1855-4bf5-83a3-b2a1f277df4a,v1447,Maxwell@display=pairwise
v1447,v2801,5a73329b-3ee5-4d38-9a02-8e7a17f87252,v1447,Maxwell@display=pairwise
,v2801,992cc7e1-caa5-4e29-9a5c-8107bae22aaa,v1447,Maxwell@display=pairwise
v1477,v4511,e3ebe625-fcf7-470a-91bb-0d08cd37d473,v1477,Maxwell@display=pairwise
v1477,v4511,d9c24ced-2640-4502-9de4-cfc5bcd74967,v1477,Maxwell@display=pairwise
v4511,v1477,aaf15379-dfc5-4aed-89dd-6e94974e28c8,v4511,Maxwell@display=pairwise
v4511,v4511,e1ce5e37-5e67-453e-aee9-0a6e7cf6b73c,v1477,Maxwell@display=pairwise
v4511,v1477,91c5b80b-c738-4722-8cc5-80c4da596c5f,v4511,Maxwell@display=pairwise
v4511,v1477,bcfcab6f-59dd-4283-a999-0696e9e4835f,v4511,Maxwell@display=pairwise
v1477,v4511,196d047d-4bfe-4054-bcf3-da76fe0ecb11,v1477,Maxwell@display=pairwise
v4511,v4511,6ab8d2f3-b410-4f56-99e6-69931ca11f66,v1477,Maxwell@display=pairwise
v1477,v1477,2b3373d8-d55d-4fe9-8c30-800e1e6ed65f,v4511,Maxwell@display=pairwise
v4511,v4511,258ea89f-8336-4d05-a59b-7ea1ea457784,v1477,Maxwell@display=pairwise
,v3555,ffb1377a-6725-451f-b73d-c72aa6f77f23,v3355,Maxwell@display=pairwise
v3555,v3555,7b13df41-d02b-4ab9-8b85-abff32c57a7f,v3355,Maxwell@display=pairwise
v3555,v3555,c3da73c8-c221-4822-b9db-e6a75018931f,v3355,Maxwell@display=pairwise
v3555,v3355,4a4cda64-e09d-474d-abba-3cd33d2a4778,v3555,Maxwell@display=pairwise
v3555,v3355,4a4cda64-e09d-474d-abba-3cd33d2a4778,v3555,Maxwell@display=pairwise
v3555,v3355,965ff344-5fbe-416d-8965-9c65cf52ab41,v3555,Maxwell@display=pairwise
v3555,v3555,965ff344-5fbe-416d-8965-9c65cf52ab41,v3355,Maxwell@display=pairwise
,v3555,c5fb40fd-7ac9-4e0e-afbe-3c1a6c070532,v3355,Maxwell@display=pairwise
v3555,v3555,5db812e2-a89e-42af-b619-98c02720d311,v3355,Maxwell@display=pairwise
v3555,v3355,19e2587c-4d46-491a-9939-ee51abe19c39,v3555,Maxwell@display=pairwise
v0878,v2889,14ec1f3e-c047-4d13-a2d6-76da32d9ed62,v0878,Maxwell@display=pairwise
,v0878,ffb1377a-6725-451f-b73d-c72aa6f77f23,v2889,Maxwell@display=pairwise
v0878,v0878,3ceee84d-5b67-4517-bb80-572756bac2c2,v2889,Maxwell@display=pairwise
v0878,v0878,dd3aa73f-a7e4-438b-830d-809fa2ab6520,v2889,Maxwell@display=pairwise
v0878,v2889,b023edb0-5491-44a1-bacb-34942899fb86,v0878,Maxwell@display=pairwise
v0878,v0878,de445587-4c60-454b-b923-a4113a9dc708,v2889,Maxwell@display=pairwise
,v2889,40769eac-f52a-479a-a451-81b241a88f64,v0878,Maxwell@display=pairwise
v0878,v0878,8dbe2ffd-6f41-43a3-860b-153138fb521f,v2889,Maxwell@display=pairwise
v0878,v2889,99d92158-abae-45a9-b49b-737ab2119fa3,v0878,Maxwell@display=pairwise
v0878,v2889,c49821d5-18a2-4c47-912d-5e29660b0b92,v0878,Maxwell@display=pairwise
v4511,v0032,ffb1377a-6725-451f-b73d-c72aa6f77f23,v4511,Maxwell@display=pairwise
v4511,v0032,2361ceac-d622-404d-ad76-7e85d587926e,v4511,Maxwell@display=pairwise
v4511,v4511,2820937d-b7de-4dec-b6c1-1e205b50f8a0,v0032,Maxwell@display=pairwise
v4511,v0032,c3da73c8-c221-4822-b9db-e6a75018931f,v4511,Maxwell@display=pairwise
v0032,v0032,d5e997d9-e2c0-46e2-a2f7-ac9521784839,v4511,Maxwell@display=pairwise
v4511,v0032,7362c712-28f5-4b3b-a8e7-274ce94aae4b,v4511,Maxwell@display=pairwise
v4511,v4511,f27bb50a-2b7d-4f18-8fa3-a3fd7bc9fd8e,v0032,Maxwell@display=pairwise
v4511,v4511,9a673f7a-20b3-401d-980f-38b0c8fc3b45,v0032,Maxwell@display=pairwise
v4511,v0032,ea62dadb-d0bf-416b-a83e-6823c24a7822,v4511,Maxwell@display=pairwise
,v4511,573722c4-6130-4835-b049-7c523af50881,v0032,Maxwell@display=pairwise
,v1447,ffb1377a-6725-451f-b73d-c72aa6f77f23,v2889,Maxwell@display=pairwise
v2889,v1447,a8b97762-73b3-4044-9b22-306bc8e61f40,v2889,Maxwell@display=pairwise
v2889,v2889,3fa99ef2-8170-40ac-9c39-165fcfe91a61,v1447,Maxwell@display=pairwise
v2889,v1447,3fa99ef2-8170-40ac-9c39-165fcfe91a61,v2889,Maxwell@display=pairwise
v1447,v1447,2dc384e2-d08c-47ed-a933-eb91ec6fb38b,v2889,Maxwell@display=pairwise
v2889,v1447,5b7941b2-f536-4d14-bc56-02d70068e6a3,v2889,Maxwell@display=pairwise
v2889,v2889,d09c64e0-a2da-48ef-bc62-4b215947cae7,v1447,Maxwell@display=pairwise
v2889,v2889,2c834ab6-0751-4690-918f-5398a2160f15,v1447,Maxwell@display=pairwise
v1447,v2889,1cb93b11-5310-4d5c-a726-b413659dd3b8,v1447,Maxwell@display=pairwise
,v2889,a1e319ac-953b-46f3-b0d8-c4b43561d7fe,v1447,Maxwell@display=pairwise
v1984,v2063,ffb1377a-6725-451f-b73d-c72aa6f77f23,v1984,Maxwell@display=pairwise
v1984,v2063,dad34959-38f2-4967-9f4e-180f5fdb8888,v1984,Maxwell@display=pairwise
v1984,v2063,31ddaa13-1309-4d47-b0ea-75b020268f37,v1984,Maxwell@display=pairwise
v2063,v1984,5ca80653-5ca4-4a63-a5e9-7c13c6f6ef4e,v2063,Maxwell@display=pairwise
v1984,v2063,3ceee84d-5b67-4517-bb80-572756bac2c2,v1984,Maxwell@display=pairwise
v1984,v1984,19da1622-4523-4766-8ee2-c68a94aba13f,v2063,Maxwell@display=pairwise
v1984,v2063,c1e0c07c-4768-4d33-86b9-59bcd401dba5,v1984,Maxwell@display=pairwise
,v2063,8cc2fb53-d4ad-40ed-a526-d4950f4902b4,v1984,Maxwell@display=pairwise
v1984,v1984,7c3b36dd-81f3-4842-90d1-41f8d139292a,v2063,Maxwell@display=pairwise
v1984,v2063,2feaf824-0ccc-4894-9bb4-63c40c53fe04,v1984,Maxwell@display=pairwise
v2519,v2083,036bd502-982b-4f6a-b4ac-a6abe07b7baa,v2519,Maxwell@display=pairwise
v2519,v2083,4901352b-32bd-48cb-9460-5bb67e875f40,v2519,Maxwell@display=pairwise
v2519,v2519,319e1e2f-e9cf-4981-8ce2-42f5765137f5,v2083,Maxwell@display=pairwise
v2519,v2083,319e1e2f-e9cf-4981-8ce2-42f5765137f5,v2519,Maxwell@display=pairwise
v2519,v2083,912ff3ea-9faf-4081-b27b-1ba77372b348,v2519,Maxwell@display=pairwise
v2519,v2519,ed0092e8-c319-447b-a041-b75a08c6d0bd,v2083,Maxwell@display=pairwise
v2519,v2083,07a3654d-ca98-438e-b300-d0ee18dcb45f,v2519,Maxwell@display=pairwise
v2083,v2519,d26017bc-5f0f-46a9-9ecd-b0be37678c1f,v2083,Maxwell@display=pairwise
v2519,v2083,0e80b9f5-c6c9-4c92-8afc-d29ed45b16c6,v2519,Maxwell@display=pairwise
,v2519,112054de-a4f8-40be-8531-03283774f811,v2083,Maxwell@display=pairwise
v4235,v4235,036bd502-982b-4f6a-b4ac-a6abe07b7baa,v4048,Maxwell@display=pairwise
v4235,v4048,078cd768-2d5e-4660-b076-da7a83947d90,v4235,Maxwell@display=pairwise
v4048,v4048,078cd768-2d5e-4660-b076-da7a83947d90,v4235,Maxwell@display=pairwise
v4235,v4048,4574d033-c347-4886-a115-d34cee6778a1,v4235,Maxwell@display=pairwise
v4048,v4048,912ff3ea-9faf-4081-b27b-1ba77372b348,v4235,Maxwell@display=pairwise
,v4235,bc760378-ddd6-4614-a376-7a3c39de225e,v4048,Maxwell@display=pairwise
v4235,v4048,50e68f35-10c5-4dcd-833e-3680adb69b60,v4235,Maxwell@display=pairwise
v4048,v4235,065a8b4f-3767-4764-a1c4-2297a63ea309,v4048,Maxwell@display=pairwise
v4048,v4235,1e3cc6d0-8a93-4ccf-b54a-c049f3248c37,v4048,Maxwell@display=pairwise
v4048,v4235,723aa930-ec56-4066-ae75-7504ed46fa1e,v4048,Maxwell@display=pairwise
v3175,v3175,15577bca-cd7f-4695-868d-7da11fc028ed,v2801,Maxwell@display=pairwise
v2801,v2801,9aac4b2a-3c36-47d6-b244-1cda70ad1743,v3175,Maxwell@display=pairwise
v2801,v3175,314e8591-1186-4063-97cc-338f0e2e6b51,v2801,Maxwell@display=pairwise
,v3175,036bd502-982b-4f6a-b4ac-a6abe07b7baa,v2801,Maxwell@display=pairwise
v3175,v2801,4989c9a7-2a48-4c9b-8088-387d0efcfb45,v3175,Maxwell@display=pairwise
v2801,v2801,6c8d0bd2-69c0-4329-8452-5ab71470ec79,v3175,Maxwell@display=pairwise
v2801,v3175,6c8d0bd2-69c0-4329-8452-5ab71470ec79,v2801,Maxwell@display=pairwise
v2801,v2801,badc275d-8c39-4e6d-9416-b53dc225505f,v3175,Maxwell@display=pairwise
v2801,v3175,6c8d0bd2-69c0-4329-8452-5ab71470ec79,v2801,Maxwell@display=pairwise
v2801,v2801,091f402d-0095-4fa9-9ace-d3b0675c296f,v3175,Maxwell@display=pairwise
v3583,v3555,57c5b042-79d7-4bb7-8714-5d3808c5cd0e,v3583,Maxwell@display=pairwise
v3555,v3583,c239ae1a-841e-4d54-a08c-d85c41ac1c6f,v3555,Maxwell@display=pairwise
v3583,v3583,cb101408-6fca-4119-9289-441754c9b2f0,v3555,Maxwell@display=pairwise
v3555,v3583,036bd502-982b-4f6a-b4ac-a6abe07b7baa,v3555,Maxwell@display=pairwise
v3583,v3555,73b8fd64-9133-4f24-8a85-fff5b1719300,v3583,Maxwell@display=pairwise
v3555,v3583,9fd16a85-5a0f-420e-85a4-099e823c41bc,v3555,Maxwell@display=pairwise
v3555,v3583,22ca127c-db37-4eac-a88d-3184529fba6d,v3555,Maxwell@display=pairwise
v3555,v3555,5db3738a-9acb-4d81-9255-362c61e080bf,v3583,Maxwell@display=pairwise
v3583,v3583,7c68e2ea-165f-4e18-af3c-a2f8199fcbd9,v3555,Maxwell@display=pairwise
v3555,v3583,48f2cfa8-d531-4045-860b-2c824728d65e,v3555,Maxwell@display=pairwise
v1703,v4034,036bd502-982b-4f6a-b4ac-a6abe07b7baa,v1703,Maxwell@display=pairwise
v4034,v1703,73b8fd64-9133-4f24-8a85-fff5b1719300,v4034,Maxwell@display=pairwise
v1703,v1703,2a13fd1a-a20e-4bc2-8695-27ba20d2f10a,v4034,Maxwell@display=pairwise
,v4034,3a37653c-9f20-4105-9e6f-d0197869e5ec,v1703,Maxwell@display=pairwise
v4034,v1703,f947e080-fb56-44fe-b740-b6da9bcab592,v4034,Maxwell@display=pairwise
v4034,v4034,00f56657-9793-4120-8471-bde6bce8e544,v1703,Maxwell@display=pairwise
v4034,v1703,c1e0c07c-4768-4d33-86b9-59bcd401dba5,v4034,Maxwell@display=pairwise
v4034,v4034,86ac8bcb-62d0-479c-a775-8d1fbd5ee8c9,v1703,Maxwell@display=pairwise
v4034,v1703,b2c57169-2eb4-4673-8dd4-c2a4360d21d9,v4034,Maxwell@display=pairwise
v4034,v1703,ff5bd754-d1d5-47d5-8cdd-ba09f18067ba,v4034,Maxwell@display=pairwise
v4097,v4097,bb58be60-dfb8-4e62-af7d-b508d07dce9c,v4034,Maxwell@display=pairwise
v4034,v4097,65e04b88-b95c-42e6-8ba6-6588703dc773,v4034,Maxwell@display=pairwise
v4097,v4097,43641f2c-9c5f-4450-a8d2-51e7dde0ec97,v4034,Maxwell@display=pairwise
v4097,v4034,e0c1d00e-b138-4166-ac9f-cf7cfd33e902,v4097,Maxwell@display=pairwise
v4097,v4097,83d505a2-2b0d-4ae8-8f57-e375dcc387ac,v4034,Maxwell@display=pairwise
v4097,v4097,359f764b-eac4-4deb-9a38-7bd22cda2792,v4034,Maxwell@display=pairwise
v4097,v4097,edb15e9d-3f08-4975-bdc5-dd360e208bf1,v4034,Maxwell@display=pairwise
v4097,v4034,4cfaf7eb-7c7a-4d23-afa8-6e9c8e64a6b4,v4097,Maxwell@display=pairwise
v4097,v4034,036bd502-982b-4f6a-b4ac-a6abe07b7baa,v4097,Maxwell@display=pairwise
v4097,v4097,edb15e9d-3f08-4975-bdc5-dd360e208bf1,v4034,Maxwell@display=pairwise
v1703,v1703,36626e5a-13d6-40ef-b3d5-3d9cc4dbdb4b,v0265,Maxwell@display=pairwise
v0265,v1703,01f1ebd7-d031-4b6c-9c2b-e6e64c207dbe,v0265,Maxwell@display=pairwise
v0265,v0265,df68e14a-a48a-44ee-907b-0a8e92920b98,v1703,Maxwell@display=pairwise
v0265,v0265,d5ba3837-38e1-4aec-bd7c-cb069a23e8c1,v1703,Maxwell@display=pairwise
v1703,v1703,5abb0625-0b84-4432-801d-e33a2c4185b8,v0265,Maxwell@display=pairwise
v0265,v1703,078cd768-2d5e-4660-b076-da7a83947d90,v0265,Maxwell@display=pairwise
v0265,v0265,3547e3c0-da82-4993-8867-2ae2b4e1f4f7,v1703,Maxwell@display=pairwise
v1703,v1703,5fa03c38-e27e-4f64-8734-7be0dfe4d9c7,v0265,Maxwell@display=pairwise
v0265,v0265,9a673f7a-20b3-401d-980f-38b0c8fc3b45,v1703,Maxwell@display=pairwise
v1703,v1703,148f22ba-ed8e-4f96-827b-2afb9db9e1d3,v0265,Maxwell@display=pairwise
v4034,v2525,036bd502-982b-4f6a-b4ac-a6abe07b7baa,v4034,Maxwell@display=pairwise
v4034,v2525,6737908c-5eb5-4359-9909-7a6e8c746ca4,v4034,Maxwell@display=pairwise
v4034,v4034,7eb95ab6-eca8-489b-b426-e9b15a50c9cb,v2525,Maxwell@display=pairwise
v4034,v4034,28674eee-cfc6-4ec4-a2f4-37fee5b5ec93,v2525,Maxwell@display=pairwise
v4034,v4034,4b9764d8-3888-4dad-a4b1-b554f50cd991,v2525,Maxwell@display=pairwise
v4034,v2525,8165ec89-da1a-443f-9c35-12bd6162de30,v4034,Maxwell@display=pairwise
,v4034,d5eb3ad8-a6f8-4d74-bc5b-9937bb2277b4,v2525,Maxwell@display=pairwise
v2525,v4034,12af1ee7-72cf-412b-95e3-35dd7ad7d1d6,v2525,Maxwell@display=pairwise
v4034,v2525,8f7a9d96-4b5f-4d1d-91d7-b4638a45dc78,v4034,Maxwell@display=pairwise
v4034,v4034,c373cb1c-b2ea-40dc-a923-bc767d23c95c,v2525,Maxwell@display=pairwise
v2525,v2525,036bd502-982b-4f6a-b4ac-a6abe07b7baa,v0529,Maxwell@display=pairwise
v2525,v2525,d30105ed-f2ea-430e-90b6-5096d9156bc4,v0529,Maxwell@display=pairwise
v0529,v2525,7ed39ffd-82b7-4d82-b17c-073138b844a6,v0529,Maxwell@display=pairwise
v2525,v2525,4727324f-737a-4ff6-9d12-84ae58106891,v0529,Maxwell@display=pairwise
v2525,v2525,4b9764d8-3888-4dad-a4b1-b554f50cd991,v0529,Maxwell@display=pairwise
v2525,v0529,ad2df09c-dcb5-4037-8441-c9c5b43a26e0,v2525,Maxwell@display=pairwise
v0529,v2525,e5463b92-df72-41f5-8ac7-22d086899283,v0529,Maxwell@display=pairwise
v2525,v2525,75187b75-792e-4a2a-8959-7a9b23e0ea24,v0529,Maxwell@display=pairwise
v2525,v0529,6c195b05-5754-4268-aaec-09c6fa8d20ce,v2525,Maxwell@display=pairwise
v0529,v0529,8ba60b69-3825-4c10-beca-8d2e7ba9dfa1,v2525,Maxwell@display=pairwise
v2083,v2083,08c3ff44-f4df-4dde-9078-b475184ae0ce,v3292,Maxwell@display=pairwise
v2083,v2083,7c68e2ea-165f-4e18-af3c-a2f8199fcbd9,v3292,Maxwell@display=pairwise
,v3292,e50db2a7-868c-4b82-af9c-456e23753e56,v2083,Maxwell@display=pairwise
v3292,v3292,3a23769b-fdcf-4dd6-b967-a8640412a76e,v2083,Maxwell@display=pairwise
,v3292,56396265-a727-4b26-87a2-fa020961705e,v2083,Maxwell@display=pairwise
v3292,v3292,fd639556-f319-4397-9f9e-2d8827de7111,v2083,Maxwell@display=pairwise
v2083,v2083,036bd502-982b-4f6a-b4ac-a6abe07b7baa,v3292,Maxwell@display=pairwise
v3292,v3292,298bd5e1-5cb8-4d9b-b7a7-2d7fcac00e91,v2083,Maxwell@display=pairwise
v3292,v2083,88e1894f-6a8c-4dd4-99e5-7b852ff42587,v3292,Maxwell@display=pairwise
v2083,v3292,f602cd51-03c9-41b5-a85a-b7d81dde76dd,v2083,Maxwell@display=pairwise
v1859,v2513,a777eafa-8e0b-4db8-b6d7-e9ef0d7cc236,v1859,Maxwell@display=pairwise
v2513,v2513,c373cb1c-b2ea-40dc-a923-bc767d23c95c,v1859,Maxwell@display=pairwise
v1859,v1859,c632682f-3406-426f-b435-23fd4f4e5aa7,v2513,Maxwell@display=pairwise
v2513,v1859,6c8d0bd2-69c0-4329-8452-5ab71470ec79,v2513,Maxwell@display=pairwise
v1859,v1859,44c0fd3d-af09-4205-a670-7c5ca7f9e4bd,v2513,Maxwell@display=pairwise
v1859,v1859,094e753d-9712-4a5c-b642-e225b4d0af47,v2513,Maxwell@display=pairwise
v1859,v1859,6c8d0bd2-69c0-4329-8452-5ab71470ec79,v2513,Maxwell@display=pairwise
v1859,v2513,036bd502-982b-4f6a-b4ac-a6abe07b7baa,v1859,Maxwell@display=pairwise
v1859,v2513,11b57023-0038-4da7-9328-34ce0bd22606,v1859,Maxwell@display=pairwise
v1859,v2513,ea62dadb-d0bf-416b-a83e-6823c24a7822,v1859,Maxwell@display=pairwise
v1025,v1025,036bd502-982b-4f6a-b4ac-a6abe07b7baa,v1447,Maxwell@display=pairwise
v1447,v1447,1ea4d896-7017-4409-8dd2-484c9eb6e564,v1025,Maxwell@display=pairwise
v1025,v1447,60697061-3fc4-4137-9789-63e68e409f11,v1025,Maxwell@display=pairwise
v1025,v1447,28487e39-409b-4c7a-9093-c8806b2a099b,v1025,Maxwell@display=pairwise
,v1025,203b013a-c242-47ba-89dd-a2c609192d10,v1447,Maxwell@display=pairwise
v1025,v1025,63543963-7fe0-4e5d-bb45-c5303123a3d0,v1447,Maxwell@display=pairwise
v1025,v1447,aaf15379-dfc5-4aed-89dd-6e94974e28c8,v1025,Maxwell@display=pairwise
v1025,v1025,6d4a2a41-fa40-4847-81d4-e68b6937db26,v1447,Maxwell@display=pairwise
v1025,v1025,2d3e655e-b512-4a49-909c-3db4efbcdfcc,v1447,Maxwell@display=pairwise
v1025,v1025,601526eb-3031-4f1f-9986-21b3aba14da1,v1447,Maxwell@display=pairwise
v1859,v0094,036bd502-982b-4f6a-b4ac-a6abe07b7baa,v1859,Maxwell@display=pairwise
v1859,v0094,8914cf47-88ab-4d93-ac8c-414469cd4a72,v1859,Maxwell@display=pairwise
v1859,v0094,c029e6d3-d6b1-4306-9c7c-78ebbcbcad9b,v1859,Maxwell@display=pairwise
v1859,v1859,df26a6f9-0f91-4a5e-82a0-ce73746d46d1,v0094,Maxwell@display=pairwise
v1859,v1859,9e27701b-15a9-4a1e-b326-1c40f3a51892,v0094,Maxwell@display=pairwise
v1859,v0094,a3325c83-0a68-4363-ba47-16edb8edbff7,v1859,Maxwell@display=pairwise
v1859,v1859,d33afc89-4e22-4af7-a23c-7f20288ebb72,v0094,Maxwell@display=pairwise
,v1859,626ad72c-299b-4c9e-97a8-63783caa4a83,v0094,Maxwell@display=pairwise
v1859,v1859,9a1954b1-10f1-4709-bae2-faaa266102f5,v0094,Maxwell@display=pairwise
v1859,v1859,dd67b30b-2e2b-44b0-a821-5ef9f5daaeeb,v0094,Maxwell@display=pairwise
,v2419,036bd502-982b-4f6a-b4ac-a6abe07b7baa,v2801,Maxwell@display=pairwise
v2801,v2419,6737908c-5eb5-4359-9909-7a6e8c746ca4,v2801,Maxwell@display=pairwise
v2801,v2419,48f2cfa8-d531-4045-860b-2c824728d65e,v2801,Maxwell@display=pairwise
v2801,v2419,9fd16a85-5a0f-420e-85a4-099e823c41bc,v2801,Maxwell@display=pairwise
v2801,v2801,551170cd-eec1-45e1-8fcb-38d560259044,v2419,Maxwell@display=pairwise
v2801,v2419,584a427c-0ddb-46df-87da-d6b34d3a6a48,v2801,Maxwell@display=pairwise
v2801,v2801,4d86c7c5-5db7-417f-a214-04a9b2e84841,v2419,Maxwell@display=pairwise
v2419,v2419,012e7cd7-0094-41da-8b41-78a70aca8f4d,v2801,Maxwell@display=pairwise
,v2419,4fc856c7-d2f0-44da-a97b-0af57f30e5a4,v2801,Maxwell@display=pairwise
v2801,v2801,1ecf32ce-e1db-4d42-b15f-56df3d197faa,v2419,Maxwell@display=pairwise
v0265,v2828,61b3b18a-31b1-474f-b0bb-6bfeca16911e,v0265,Maxwell@display=pairwise
,v2828,a8b97762-73b3-4044-9b22-306bc8e61f40,v0265,Maxwell@display=pairwise
,v2828,3a37653c-9f20-4105-9e6f-d0197869e5ec,v0265,Maxwell@display=pairwise
v0265,v2828,8bd3e413-e73f-4b53-95b8-506af8c32cdf,v0265,Maxwell@display=pairwise
v2828,v2828,e71f0be5-2d3f-4bc9-9407-a2dce3a16b91,v0265,Maxwell@display=pairwise
v0265,v0265,ba2e5955-a806-4ec0-b668-6073bb201c11,v2828,Maxwell@display=pairwise
v2828,v2828,4cf27f34-7c95-4417-9203-7627dd0e8db3,v0265,Maxwell@display=pairwise
v2828,v2828,c9cbf439-dbba-4e14-bc06-61a2951a9521,v0265,Maxwell@display=pairwise
v0265,v0265,0de1e2fe-9589-46ff-ad16-6a47adb8c61a,v2828,Maxwell@display=pairwise
v2828,v2828,a370270f-41ec-4770-a029-71ceb6225e7b,v0265,Maxwell@display=pairwise
v3555,v1394,61b3b18a-31b1-474f-b0bb-6bfeca16911e,v3555,Maxwell@display=pairwise
v3555,v1394,2b1a183f-8a1c-4ee8-889b-a2771ec07859,v3555,Maxwell@display=pairwise
v3555,v3555,28487e39-409b-4c7a-9093-c8806b2a099b,v1394,Maxwell@display=pairwise
v1394,v3555,148f22ba-ed8e-4f96-827b-2afb9db9e1d3,v1394,Maxwell@display=pairwise
v3555,v3555,bf99fc9d-3772-4df1-91d9-1196f5e51ecb,v1394,Maxwell@display=pairwise
v3555,v1394,8ab07bc5-0ee7-4c8d-9e27-22e5c6da8bc1,v3555,Maxwell@display=pairwise
v3555,v3555,d83aba4d-3e51-4ba3-9f02-e7119f127b9e,v1394,Maxwell@display=pairwise
v3555,v3555,dffc54fe-ae03-4e35-a6cd-21c7789bed4e,v1394,Maxwell@display=pairwise
v3555,v3555,bf5b1043-3619-4e4e-8dd0-75a645dbd419,v1394,Maxwell@display=pairwise
v1394,v1394,b8c63c99-2a85-402e-a74a-1969eeefd861,v3555,Maxwell@display=pairwise
v4537,v4537,61b3b18a-31b1-474f-b0bb-6bfeca16911e,v3355,Maxwell@display=pairwise
v4537,v4537,11bdad09-c1dc-4160-a3b3-e74f2d076796,v3355,Maxwell@display=pairwise
v4537,v3355,9e47a2e5-5fc3-4025-8538-85d5dc4d1152,v4537,Maxwell@display=pairwise
v4537,v4537,36626e5a-13d6-40ef-b3d5-3d9cc4dbdb4b,v3355,Maxwell@display=pairwise
v4537,v4537,28674eee-cfc6-4ec4-a2f4-37fee5b5ec93,v3355,Maxwell@display=pairwise
v4537,v4537,50b29053-fdd9-4485-920f-42263ca9e9fb,v3355,Maxwell@display=pairwise
v3355,v4537,8cc2fb53-d4ad-40ed-a526-d4950f4902b4,v3355,Maxwell@display=pairwise
v4537,v4537,f602cd51-03c9-41b5-a85a-b7d81dde76dd,v3355,Maxwell@display=pairwise
v4537,v3355,4102f50c-9bd0-46b1-a432-2abc3ac76044,v4537,Maxwell@display=pairwise
v4537,v4537,16741407-ab8f-42d4-a0de-61154fca3785,v3355,Maxwell@display=pairwise
v4097,v4097,61b3b18a-31b1-474f-b0bb-6bfeca16911e,v2063,Maxwell@display=pairwise
v4097,v4097,8a19e606-f631-49b8-88af-f91c0befff75,v2063,Maxwell@display=pairwise
v4097,v2063,8bd3e413-e73f-4b53-95b8-506af8c32cdf,v4097,Maxwell@display=pairwise
v4097,v2063,10db6cd5-e713-42ac-9a20-3961ec3c3cbb,v4097,Maxwell@display=pairwise
v4097,v4097,e776162f-2a46-4b9f-a534-2d38aa9d05c2,v2063,Maxwell@display=pairwise
v4097,v2063,1c633216-85cf-4854-b853-de600421a67d,v4097,Maxwell@display=pairwise
v4097,v4097,259688ae-f706-4f41-ade3-4a17e052e824,v2063,Maxwell@display=pairwise
v4097,v2063,38c262d4-c1a0-4fa7-a248-d22e30007be5,v4097,Maxwell@display=pairwise
v4097,v4097,16741407-ab8f-42d4-a0de-61154fca3785,v2063,Maxwell@display=pairwise
v4097,v4097,8ba60b69-3825-4c10-beca-8d2e7ba9dfa1,v2063,Maxwell@display=pairwise
v4537,v4537,61b3b18a-31b1-474f-b0bb-6bfeca16911e,v0886,Maxwell@display=pairwise
v4537,v0886,e482d7ac-4b6f-4cff-b1d2-3e634bf5c721,v4537,Maxwell@display=pairwise
v4537,v4537,4574d033-c347-4886-a115-d34cee6778a1,v0886,Maxwell@display=pairwise
v4537,v4537,4574d033-c347-4886-a115-d34cee6778a1,v0886,Maxwell@display=pairwise
v4537,v4537,70b41da2-de44-482d-b32a-5aaa4502ce19,v0886,Maxwell@display=pairwise
v4537,v0886,d6c9a5ed-1280-4497-91b4-033d6937541e,v4537,Maxwell@display=pairwise
v4537,v4537,df58efd8-87a4-48d7-a704-7a213671bf20,v0886,Maxwell@display=pairwise
v4537,v0886,690c2e17-352c-4b13-88ff-f1e031cfec7e,v4537,Maxwell@display=pairwise
v4537,v0886,35848222-14fa-4e1a-838c-efac9c195ea5,v4537,Maxwell@display=pairwise
v4537,v0886,393a3c3e-2f6d-49dd-b9e0-18768e4dbb96,v4537,Maxwell@display=pairwise
v4034,v0878,61b3b18a-31b1-474f-b0bb-6bfeca16911e,v4034,Maxwell@display=pairwise
v4034,v0878,dad34959-38f2-4967-9f4e-180f5fdb8888,v4034,Maxwell@display=pairwise
v4034,v4034,de4830fb-a55e-481e-972c-e8cd68d4cf25,v0878,Maxwell@display=pairwise
v0878,v0878,3a23769b-fdcf-4dd6-b967-a8640412a76e,v4034,Maxwell@display=pairwise
v0878,v4034,9e27701b-15a9-4a1e-b326-1c40f3a51892,v0878,Maxwell@display=pairwise
v4034,v4034,5b7941b2-f536-4d14-bc56-02d70068e6a3,v0878,Maxwell@display=pairwise
v0878,v0878,4c75cd1d-1d5e-4d97-80cf-a2848cbdb688,v4034,Maxwell@display=pairwise
,v0878,0c8ca1c9-aaa4-495b-a350-de53a2de024b,v4034,Maxwell@display=pairwise
v4034,v0878,30561a52-ca51-4d8f-9ce6-1b9e376ebb6b,v4034,Maxwell@display=pairwise
,v0878,f2cb3403-6c77-4e49-86af-9e41adbacf34,v4034,Maxwell@display=pairwise
v4235,v4235,61b3b18a-31b1-474f-b0bb-6bfeca16911e,v0878,Maxwell@display=pairwise
v0878,v4235,1ea4d896-7017-4409-8dd2-484c9eb6e564,v0878,Maxwell@display=pairwise
v4235,v4235,7b13df41-d02b-4ab9-8b85-abff32c57a7f,v0878,Maxwell@display=pairwise
v4235,v0878,d02f408f-c495-4a1f-83e0-411da8e86fed,v4235,Maxwell@display=pairwise
v4235,v0878,ee0ccb3c-dac0-417e-a70a-a62358481477,v4235,Maxwell@display=pairwise
v4235,v0878,a3325c83-0a68-4363-ba47-16edb8edbff7,v4235,Maxwell@display=pairwise
v0878,v0878,3b229a65-310a-43d5-a784-9b94a939355b,v4235,Maxwell@display=pairwise
v4235,v4235,cd54525c-5942-4876-b3c3-0c6d37cf3f6b,v0878,Maxwell@display=pairwise
v4235,v4235,ec7a9023-9cdd-445b-934e-d5c95de760d5,v0878,Maxwell@display=pairwise
v4235,v0878,6c195b05-5754-4268-aaec-09c6fa8d20ce,v4235,Maxwell@display=pairwise
v2889,v2889,61b3b18a-31b1-474f-b0bb-6bfeca16911e,v3175,Maxwell@display=pairwise
v2889,v3175,a3d1f70b-d059-4df3-a624-738230878ceb,v2889,Maxwell@display=pairwise
v2889,v3175,19d8041f-78dc-4148-92f4-1190481c0358,v2889,Maxwell@display=pairwise
,v3175,7bf3dae0-af9d-4a3f-894f-9ff0503f5348,v2889,Maxwell@display=pairwise
v2889,v3175,25a377ea-74e1-4faa-bdd2-1a426ae7a7bc,v2889,Maxwell@display=pairwise
v2889,v3175,198f7471-260c-4e71-98e1-e01c3c130b14,v2889,Maxwell@display=pairwise
v2889,v2889,42e75c72-a6d9-474d-9ddf-9a3b32f8ff9a,v3175,Maxwell@display=pairwise
v2889,v2889,dffc54fe-ae03-4e35-a6cd-21c7789bed4e,v3175,Maxwell@display=pairwise
v2889,v3175,16741407-ab8f-42d4-a0de-61154fca3785,v2889,Maxwell@display=pairwise
v2889,v3175,723aa930-ec56-4066-ae75-7504ed46fa1e,v2889,Maxwell@display=pairwise
v1394,v1394,471f0556-5a0e-4c5c-b59c-c302504cf352,v0162,Maxwell@display=pairwise
v1394,v0162,2446fec6-a38b-400c-b3fa-911eda094d0e,v1394,Maxwell@display=pairwise
v1394,v0162,11af42fa-614e-4be6-93e5-4fedd30f3ca3,v1394,Maxwell@display=pairwise
v1394,v1394,5184a7fd-e2f2-44fe-b1c1-7062145c6b02,v0162,Maxwell@display=pairwise
v1394,v1394,ea86f042-2ebf-4a30-abb1-fbde6c45a3d1,v0162,Maxwell@display=pairwise
,v1394,9fd16a85-5a0f-420e-85a4-099e823c41bc,v0162,Maxwell@display=pairwise
v0162,v0162,09e4aacf-b969-495a-9de2-c294927e736b,v1394,Maxwell@display=pairwise
v1394,v1394,9888d5ad-e5b5-422a-9ce4-268968886c2c,v0162,Maxwell@display=pairwise
v1394,v1394,61b3b18a-31b1-474f-b0bb-6bfeca16911e,v0162,Maxwell@display=pairwise
v1394,v1394,43641f2c-9c5f-4450-a8d2-51e7dde0ec97,v0162,Maxwell@display=pairwise
v1373,v0328,61b3b18a-31b1-474f-b0bb-6bfeca16911e,v1373,Maxwell@display=pairwise
v0328,v0328,bcfcab6f-59dd-4283-a999-0696e9e4835f,v1373,Maxwell@display=pairwise
,v0328,f19facc3-19e1-44d0-b4a8-eb2b60cb7a57,v1373,Maxwell@display=pairwise
,v0328,d67a763c-3129-46e5-8a1c-450bff6ca19d,v1373,Maxwell@display=pairwise
v1373,v1373,4d86c7c5-5db7-417f-a214-04a9b2e84841,v0328,Maxwell@display=pairwise
v1373,v1373,4d86c7c5-5db7-417f-a214-04a9b2e84841,v0328,Maxwell@display=pairwise
v1373,v1373,4d959969-12c9-4934-bcb0-01c74a0bca6d,v0328,Maxwell@display=pairwise
v1373,v1373,e2414b46-7c69-407b-9c61-a18878f36403,v0328,Maxwell@display=pairwise
v1373,v1373,4fa29376-5b1b-425e-93ff-2bcf80f82251,v0328,Maxwell@display=pairwise
v0328,v1373,5f5c5157-bc4e-4779-9793-2661ff057066,v0328,Maxwell@display=pairwise
v1190,v0824,61b3b18a-31b1-474f-b0bb-6bfeca16911e,v1190,Maxwell@display=pairwise
v1190,v0824,f2393f46-bd26-4564-bf32-3f4c890d2821,v1190,Maxwell@display=pairwise
v1190,v0824,2c9a72d6-6d7d-4b0f-a7d4-bb0625c39190,v1190,Maxwell@display=pairwise
v1190,v1190,9a13acb4-7038-4936-8528-49b8f8676860,v0824,Maxwell@display=pairwise
,v0824,0fe8a7e1-5dbc-4a2b-b956-4e18128d5353,v1190,Maxwell@display=pairwise
v1190,v1190,09aa3d60-2327-4a62-a385-c9877f16fa3d,v0824,Maxwell@display=pairwise
v1190,v1190,07a3654d-ca98-438e-b300-d0ee18dcb45f,v0824,Maxwell@display=pairwise
v1190,v0824,d698118d-3476-42e2-bac5-157c43bff05b,v1190,Maxwell@display=pairwise
v1190,v0824,6f34e67f-bb9c-486b-9ef7-b440454de895,v1190,Maxwell@display=pairwise
v1190,v1190,5f5c5157-bc4e-4779-9793-2661ff057066,v0824,Maxwell@display=pairwise
v3555,v3555,61b3b18a-31b1-474f-b0bb-6bfeca16911e,v2635,Maxwell@display=pairwise
v3555,v2635,5c136a49-d41e-4881-93c3-e597c637a8dc,v3555,Maxwell@display=pairwise
v3555,v3555,75c9be23-99aa-4949-be3a-6b25c658091c,v2635,Maxwell@display=pairwise
,v3555,2e719777-4544-474b-b0d9-b18f8e4a6474,v2635,Maxwell@display=pairwise
v3555,v3555,03183d72-50e8-4e1d-b6c9-97bb58ba8b6d,v2635,Maxwell@display=pairwise
v3555,v3555,6b2b3509-e864-4edb-9850-8fc1b129866b,v2635,Maxwell@display=pairwise
v3555,v3555,b3fd58a0-de51-4535-89b9-5c4e67110491,v2635,Maxwell@display=pairwise
v3555,v2635,314e8591-1186-4063-97cc-338f0e2e6b51,v3555,Maxwell@display=pairwise
v3555,v2635,9b4634c9-30c1-4725-8f52-815faf943025,v3555,Maxwell@display=pairwise
v3555,v2635,8ba60b69-3825-4c10-beca-8d2e7ba9dfa1,v3555,Maxwell@display=pairwise
v0328,v0162,61b3b18a-31b1-474f-b0bb-6bfeca16911e,v0328,Maxwell@display=pairwise
v0328,v0328,6c8d0bd2-69c0-4329-8452-5ab71470ec79,v0162,Maxwell@display=pairwise
v0328,v0162,6c8d0bd2-69c0-4329-8452-5ab71470ec79,v0328,Maxwell@display=pairwise
v0162,v0328,5abb0625-0b84-4432-801d-e33a2c4185b8,v0162,Maxwell@display=pairwise
,v0162,d3550857-7c9d-4e98-8202-433d0a535e77,v0328,Maxwell@display=pairwise
v0162,v0328,ce8b19c4-1057-436f-bb25-a0caf7200f5d,v0162,Maxwell@display=pairwise
v0328,v0328,7ccb1601-429e-4e0c-a822-991e9abf2075,v0162,Maxwell@display=pairwise
v0328,v0162,58cd42ca-ab8e-42e2-b642-894b9b5a51b9,v0328,Maxwell@display=pairwise
v0162,v0328,09f575b8-b536-4315-8bb0-a892ce0721ed,v0162,Maxwell@display=pairwise
v0162,v0328,09f575b8-b536-4315-8bb0-a892ce0721ed,v0162,Maxwell@display=pairwise
v2801,v0009,6ab8d2f3-b410-4f56-99e6-69931ca11f66,v2801,Maxwell@display=pairwise
v2801,v2801,f703c144-8fe7-4731-ad56-faff59588dbe,v0009,Maxwell@display=pairwise
v2801,v2801,61b3b18a-31b1-474f-b0bb-6bfeca16911e,v0009,Maxwell@display=pairwise
v2801,v0009,2b257334-db97-4865-a3f7-4c4f89b0b221,v2801,Maxwell@display=pairwise
v2801,v0009,65e04b88-b95c-42e6-8ba6-6588703dc773,v2801,Maxwell@display=pairwise
v2801,v2801,47057ac9-d439-4fab-985e-0d08a0ad2903,v0009,Maxwell@display=pairwise
v2801,v0009,66d5d376-d4b4-43f4-be21-1b386fd32966,v2801,Maxwell@display=pairwise
v0009,v2801,6ab8d2f3-b410-4f56-99e6-69931ca11f66,v0009,Maxwell@display=pairwise
v2801,v2801,ced05eb2-a974-4dcf-89fb-bf893f78b6aa,v0009,Maxwell@display=pairwise
v2801,v2801,43505c4c-2f72-4150-b92e-bb25604e229a,v0009,Maxwell@display=pairwise
v1984,v1984,61b3b18a-31b1-474f-b0bb-6bfeca16911e,v2635,Maxwell@display=pairwise
,v2635,45e47aba-742a-412f-9b0b-ac8a74e2f809,v1984,Maxwell@display=pairwise
,v1984,45e47aba-742a-412f-9b0b-ac8a74e2f809,v2635,Maxwell@display=pairwise
v1984,v2635,8fd99fd1-3906-4e88-b6fb-6c1db6831a82,v1984,Maxwell@display=pairwise
v1984,v1984,8babccc1-e414-4e5f-ae9b-a16091977afb,v2635,Maxwell@display=pairwise
v2635,v2635,bf06ee4c-bec3-4766-8e90-2f826cf034b6,v1984,Maxwell@display=pairwise
v2635,v1984,584b7635-9a3b-4a46-9127-652bab8ab045,v2635,Maxwell@display=pairwise
v2635,v2635,bb124c47-757c-4a7c-a0d4-8c10f384baa9,v1984,Maxwell@display=pairwise
v1984,v2635,79c3a676-3b48-40b3-80e7-da62c1543eaf,v1984,Maxwell@display=pairwise
v1984,v1984,6c195b05-5754-4268-aaec-09c6fa8d20ce,v2635,Maxwell@display=pairwise
v1373,v0162,6ab8d2f3-b410-4f56-99e6-69931ca11f66,v1373,Maxwell@display=pairwise
v1373,v1373,5c136a49-d41e-4881-93c3-e597c637a8dc,v0162,Maxwell@display=pairwise
,v1373,45e47aba-742a-412f-9b0b-ac8a74e2f809,v0162,Maxwell@display=pairwise
v1373,v0162,79978944-2bb6-45ce-bd59-529f44c09c69,v1373,Maxwell@display=pairwise
v1373,v1373,724c60ae-6aa6-4024-bb86-11ee7b7b8770,v0162,Maxwell@display=pairwise
v1373,v0162,e3b8bb83-c52a-4ef2-b875-665689a58489,v1373,Maxwell@display=pairwise
v1373,v0162,1e957696-1bdb-4655-8b5d-f0bc71305eea,v1373,Maxwell@display=pairwise
v1373,v1373,fe6afd5a-8da5-49b6-af0b-9f6049662f8b,v0162,Maxwell@display=pairwise
v1373,v0162,93650a77-b874-44f5-a36e-8c9163eee72e,v1373,Maxwell@display=pairwise
v1373,v0162,d7bcfd1a-e16b-4218-af32-20e97bd8fa5d,v1373,Maxwell@display=pairwise
v2801,v4166,6ab8d2f3-b410-4f56-99e6-69931ca11f66,v2801,Maxwell@display=pairwise
v4166,v4166,2423a185-20d6-40c1-ad61-5268117f6f7d,v2801,Maxwell@display=pairwise
v4166,v4166,e31be515-887d-4ea7-94f6-f82b0cf24a2c,v2801,Maxwell@display=pairwise
v2801,v2801,68f9fc6d-5215-4fa5-b428-049b8066252a,v4166,Maxwell@display=pairwise
v4166,v2801,c9e36c3c-b003-43bc-8558-26d476b0a20d,v4166,Maxwell@display=pairwise
v4166,v2801,2dd89ba6-d0b2-4975-8d14-d6d471fa562e,v4166,Maxwell@display=pairwise
v4166,v2801,db9ea501-dc60-469e-99e5-17b4bcfcb6fb,v4166,Maxwell@display=pairwise
v4166,v4166,701d9632-11da-4c45-b5a9-9ef109bd0705,v2801,Maxwell@display=pairwise
v4166,v4166,f91a86d7-4ef8-4563-ab87-c52917313279,v2801,Maxwell@display=pairwise
v4166,v4166,c4028c28-4dc8-43ed-837f-6a102925f0a7,v2801,Maxwell@display=pairwise
v1477,v0530,6ab8d2f3-b410-4f56-99e6-69931ca11f66,v1477,Maxwell@display=pairwise
v1477,v1477,bbb2b770-5eab-4e22-9e43-7ff1c7cfcd31,v0530,Maxwell@display=pairwise
v1477,v0530,48f2cfa8-d531-4045-860b-2c824728d65e,v1477,Maxwell@display=pairwise
v0530,v0530,48f2cfa8-d531-4045-860b-2c824728d65e,v1477,Maxwell@display=pairwise
v1477,v0530,8a3343fa-29bf-4b98-87d2-10dba3c9ce8f,v1477,Maxwell@display=pairwise
v1477,v0530,7777504d-190e-4865-ab1d-44476ebb48d1,v1477,Maxwell@display=pairwise
v1477,v0530,d587e507-f0f2-4be9-b688-318429aa0988,v1477,Maxwell@display=pairwise
v0530,v1477,d587e507-f0f2-4be9-b688-318429aa0988,v0530,Maxwell@display=pairwise
v1477,v0530,814ef15f-db94-48de-9643-528fc2a355eb,v1477,Maxwell@display=pairwise
v1477,v0530,c49821d5-18a2-4c47-912d-5e29660b0b92,v1477,Maxwell@display=pairwise
v0886,v0886,6ab8d2f3-b410-4f56-99e6-69931ca11f66,v2513,Maxwell@display=pairwise
v0886,v2513,4716ee65-37dd-4db1-9c22-e34ae3582bb0,v0886,Maxwell@display=pairwise
v2513,v0886,b24999e8-2b46-4fe3-801f-d4019d087da5,v2513,Maxwell@display=pairwise
v0886,v0886,04d503da-7425-4759-9db6-290899a58639,v2513,Maxwell@display=pairwise
v0886,v2513,04d503da-7425-4759-9db6-290899a58639,v0886,Maxwell@display=pairwise
v2513,v2513,06278424-ef97-42cc-bcc1-ee893b3964ea,v0886,Maxwell@display=pairwise
,v0886,75ce2d58-ecbb-4ede-bd93-43b99bca8d46,v2513,Maxwell@display=pairwise
v2513,v2513,7d2ece56-ce0a-475c-949e-6db477f55ee0,v0886,Maxwell@display=pairwise
,v0886,e42b4bc8-b2f0-4389-a27e-dbe89657a412,v2513,Maxwell@display=pairwise
v2513,v2513,fdeab250-0277-4490-bcf0-de3d8c630a98,v0886,Maxwell@display=pairwise
v3292,v3292,6ab8d2f3-b410-4f56-99e6-69931ca11f66,v0009,Maxwell@display=pairwise
v0009,v3292,3e5c0176-3c63-4689-bd8c-9948528b47de,v0009,Maxwell@display=pairwise
,v3292,b6634fbf-fd8c-4256-96b7-8dbfefd99757,v0009,Maxwell@display=pairwise
v0009,v0009,4a4cda64-e09d-474d-abba-3cd33d2a4778,v3292,Maxwell@display=pairwise
v3292,v3292,badc275d-8c39-4e6d-9416-b53dc225505f,v0009,Maxwell@display=pairwise
v3292,v0009,85acf25a-acab-4993-a328-e5aaacf2367f,v3292,Maxwell@display=pairwise
v3292,v0009,2b257334-db97-4865-a3f7-4c4f89b0b221,v3292,Maxwell@display=pairwise
v3292,v3292,f540594e-acb6-4701-95ba-930d80b00b7a,v0009,Maxwell@display=pairwise
v0009,v0009,43e0e111-055c-43b5-b09c-bee2f7542636,v3292,Maxwell@display=pairwise
v3292,v3292,7c3b36dd-81f3-4842-90d1-41f8d139292a,v0009,Maxwell@display=pairwise
v4048,v1703,6ab8d2f3-b410-4f56-99e6-69931ca11f66,v4048,Maxwell@display=pairwise
v4048,v4048,4816403d-b202-4e68-a3f1-f212baf4c17a,v1703,Maxwell@display=pairwise
v4048,v4048,f94ed2ed-c25e-42f6-b0c6-30a0f8019fba,v1703,Maxwell@display=pairwise
v4048,v1703,df68e14a-a48a-44ee-907b-0a8e92920b98,v4048,Maxwell@display=pairwise
v4048,v1703,ba2e5955-a806-4ec0-b668-6073bb201c11,v4048,Maxwell@display=pairwise
,v1703,ba2e5955-a806-4ec0-b668-6073bb201c11,v4048,Maxwell@display=pairwise
v4048,v4048,ee8149de-cb82-49cc-9038-c54766ad70c9,v1703,Maxwell@display=pairwise
v4048,v4048,2987197e-d01c-46fa-bfae-419ca1a44316,v1703,Maxwell@display=pairwise
v4048,v1703,4db85d74-0f6b-4231-9f89-f26a362394c5,v4048,Maxwell@display=pairwise
,v1703,7c3b36dd-81f3-4842-90d1-41f8d139292a,v4048,Maxwell@display=pairwise
v1477,v1477,6ab8d2f3-b410-4f56-99e6-69931ca11f66,v1394,Maxwell@display=pairwise
v1477,v1477,50f883d0-89f3-4f06-9da1-3ecb5c6efd90,v1394,Maxwell@display=pairwise
v1477,v1394,319e1e2f-e9cf-4981-8ce2-42f5765137f5,v1477,Maxwell@display=pairwise
v1477,v1477,6f27d33c-e38c-497e-92d6-941c4520a5cf,v1394,Maxwell@display=pairwise
v1477,v1477,e9d198a2-2917-43d5-aa8b-88cd19cf45a2,v1394,Maxwell@display=pairwise
v1477,v1477,c2e135df-30eb-46ef-95b2-80bff450c273,v1394,Maxwell@display=pairwise
v1477,v1477,75b75480-7063-484c-9328-642307386043,v1394,Maxwell@display=pairwise
v1477,v1394,3d7fe021-5960-477b-910a-b9019bd40c53,v1477,Maxwell@display=pairwise
v1477,v1394,73c3b426-5640-464d-8768-26eb4631fe7e,v1477,Maxwell@display=pairwise
v1477,v1477,6c195b05-5754-4268-aaec-09c6fa8d20ce,v1394,Maxwell@display=pairwise
v0878,v0162,6ab8d2f3-b410-4f56-99e6-69931ca11f66,v0878,Maxwell@display=pairwise
v0878,v0878,2423a185-20d6-40c1-ad61-5268117f6f7d,v0162,Maxwell@display=pairwise
v0878,v0162,f703c144-8fe7-4731-ad56-faff59588dbe,v0878,Maxwell@display=pairwise
v0878,v0162,51b8e6dd-0e31-4784-9b1a-6247028d8968,v0878,Maxwell@display=pairwise
,v0878,e7003b82-7f53-47ce-b372-430970be62d0,v0162,Maxwell@display=pairwise
v0878,v0878,15577bca-cd7f-4695-868d-7da11fc028ed,v0162,Maxwell@display=pairwise
v0878,v0878,92b4633f-85e8-427d-a008-08fcc93e15e9,v0162,Maxwell@display=pairwise
v0878,v0878,86ac8bcb-62d0-479c-a775-8d1fbd5ee8c9,v0162,Maxwell@display=pairwise
v0162,v0878,afb40d45-bed5-4152-bfe2-7fce395f5e35,v0162,Maxwell@display=pairwise
,v0878,5b7f9010-471e-4f05-967c-a840f99bbcaf,v0162,Maxwell@display=pairwise
v1984,v1984,6ab8d2f3-b410-4f56-99e6-69931ca11f66,v2513,Maxwell@display=pairwise
v2513,v2513,399c3875-4111-41c4-b788-79e32772e36d,v1984,Maxwell@display=pairwise
v1984,v1984,96f829ff-df3c-49ca-9af3-b69739e4a67a,v2513,Maxwell@display=pairwise
v1984,v1984,96f829ff-df3c-49ca-9af3-b69739e4a67a,v2513,Maxwell@display=pairwise
v1984,v2513,c3da73c8-c221-4822-b9db-e6a75018931f,v1984,Maxwell@display=pairwise
v1984,v1984,f085de64-19bb-4f44-9ae2-2dc5700abca0,v2513,Maxwell@display=pairwise
v2513,v2513,295b7632-b3b4-4d18-ab59-6527849c76d1,v1984,Maxwell@display=pairwise
v2513,v2513,8290678e-1f94-4619-af71-aa8892a717fa,v1984,Maxwell@display=pairwise
v2513,v2513,b2cf1e5e-8b30-4ac1-8eee-373e05447920,v1984,Maxwell@display=pairwise
v2513,v1984,b2cf1e5e-8b30-4ac1-8eee-373e05447920,v2513,Maxwell@display=pairwise
v2328,v2889,6ab8d2f3-b410-4f56-99e6-69931ca11f66,v2328,Maxwell@display=pairwise
v2328,v2328,0c66784a-2acc-4614-8958-f9cede4473ed,v2889,Maxwell@display=pairwise
v2328,v2889,6a7b1dd4-b79f-4017-b161-b8de06e3d2b9,v2328,Maxwell@display=pairwise
v2328,v2328,58a717b3-a840-4ad1-89d0-b8d2e0c5ba78,v2889,Maxwell@display=pairwise
v2328,v2328,c377aeaf-60e4-4bc1-8080-5619345d590c,v2889,Maxwell@display=pairwise
v2889,v2889,720d1aa0-a9e3-4836-9efe-1ef960d71e0e,v2328,Maxwell@display=pairwise
v2889,v2328,efc0133f-459a-461e-9f25-75b0716cd70a,v2889,Maxwell@display=pairwise
v2889,v2328,4150d97c-eefc-4853-8768-c3caf08a8bcc,v2889,Maxwell@display=pairwise
v2328,v2328,5090394e-8d39-48a3-b78a-4dff5726117d,v2889,Maxwell@display=pairwise
v2889,v2328,c373cb1c-b2ea-40dc-a923-bc767d23c95c,v2889,Maxwell@display=pairwise
v2519,v2519,6ab8d2f3-b410-4f56-99e6-69931ca11f66,v2181,Maxwell@display=pairwise
v2519,v2519,e42b649c-14c6-4d68-bd56-7111ec5ae475,v2181,Maxwell@display=pairwise
v2519,v2519,24c7bb15-fdc7-448c-96a3-557e772127cd,v2181,Maxwell@display=pairwise
v2181,v2181,afa98c8f-110e-4115-a68c-652138e95b5d,v2519,Maxwell@display=pairwise
v2181,v2519,c6a5f67c-5e3c-447c-8dd4-cf7aa57bb617,v2181,Maxwell@display=pairwise
v2519,v2181,3d7fe021-5960-477b-910a-b9019bd40c53,v2519,Maxwell@display=pairwise
v2181,v2519,50b29053-fdd9-4485-920f-42263ca9e9fb,v2181,Maxwell@display=pairwise
v2519,v2181,1e957696-1bdb-4655-8b5d-f0bc71305eea,v2519,Maxwell@display=pairwise
v2181,v2181,e62d391b-52e4-4739-89b0-d8fe6a07ce47,v2519,Maxwell@display=pairwise
v2519,v2181,35848222-14fa-4e1a-838c-efac9c195ea5,v2519,Maxwell@display=pairwise
v4511,v4511,e7003b82-7f53-47ce-b372-430970be62d0,v2889,Maxwell@display=pairwise
v4511,v4511,573722c4-6130-4835-b049-7c523af50881,v2889,Maxwell@display=pairwise
v4511,v2889,51b8e6dd-0e31-4784-9b1a-6247028d8968,v4511,Maxwell@display=pairwise
v4511,v2889,2446fec6-a38b-400c-b3fa-911eda094d0e,v4511,Maxwell@display=pairwise
v4511,v4511,e5e845a9-bf60-41fc-9ab7-f2ab3172c82f,v2889,Maxwell@display=pairwise
v2889,v4511,6ab8d2f3-b410-4f56-99e6-69931ca11f66,v2889,Maxwell@display=pairwise
v2889,v2889,1ea4d896-7017-4409-8dd2-484c9eb6e564,v4511,Maxwell@display=pairwise
v4511,v4511,d89cf878-af30-4d2e-82be-a3486412cde9,v2889,Maxwell@display=pairwise
v4511,v4511,de36c471-90c9-4ad1-b5df-404e1caccda4,v2889,Maxwell@display=pairwise
v4511,v4511,a0f1f4c5-8d22-403c-a1e7-b9c24cc01c54,v2889,Maxwell@display=pairwise
v1859,v1025,611e6884-c920-4cba-b02d-538fde0f9532,v1859,Maxwell@display=pairwise
v1859,v1859,b8ec5d7b-dc37-4949-b5af-d89363f49439,v1025,Maxwell@display=pairwise
,v1859,352bfce1-aa96-44d6-967b-eafa128efab4,v1025,Maxwell@display=pairwise
v1025,v1859,a0afca37-6b70-4a80-b1bf-0ae756a802f7,v1025,Maxwell@display=pairwise
v1859,v1025,1486a399-1ff1-4c12-96f9-9ef26a428a72,v1859,Maxwell@display=pairwise
v1859,v1025,50e68f35-10c5-4dcd-833e-3680adb69b60,v1859,Maxwell@display=pairwise
,v1859,50e68f35-10c5-4dcd-833e-3680adb69b60,v1025,Maxwell@display=pairwise
v1859,v1859,065a8b4f-3767-4764-a1c4-2297a63ea309,v1025,Maxwell@display=pairwise
v1859,v1025,79c3a676-3b48-40b3-80e7-da62c1543eaf,v1859,Maxwell@display=pairwise
,v1859,31e59e7f-acc9-48fd-8a2b-bf0096731a49,v1025,Maxwell@display=pairwise
v0878,v0878,611e6884-c920-4cba-b02d-538fde0f9532,v0094,Maxwell@display=pairwise
v0878,v0878,ace5b35a-5ee7-4702-8761-f37c7b5c11e7,v0094,Maxwell@display=pairwise
v0878,v0878,e50db2a7-868c-4b82-af9c-456e23753e56,v0094,Maxwell@display=pairwise
v0878,v0094,e776162f-2a46-4b9f-a534-2d38aa9d05c2,v0878,Maxwell@display=pairwise
v0878,v0878,4716ee65-37dd-4db1-9c22-e34ae3582bb0,v0094,Maxwell@display=pairwise
v0878,v0878,bf99fc9d-3772-4df1-91d9-1196f5e51ecb,v0094,Maxwell@display=pairwise
v0878,v0878,7923b5e3-11d0-48ca-937d-4b08a7ecead4,v0094,Maxwell@display=pairwise
v0878,v0878,50d836a8-9b8a-4427-9d9e-d47323c64913,v0094,Maxwell@display=pairwise
v0878,v0094,28078593-bd58-4e49-88f5-c7909b406342,v0878,Maxwell@display=pairwise
v0878,v0094,dd67b30b-2e2b-44b0-a821-5ef9f5daaeeb,v0878,Maxwell@display=pairwise
v2083,v2083,584a427c-0ddb-46df-87da-d6b34d3a6a48,v2419,Maxwell@display=pairwise
v2083,v2419,76f3d336-52fa-4304-9eda-8f30f1fe4b75,v2083,Maxwell@display=pairwise
v2083,v2083,94299678-0cff-4f0a-815f-9ebb17345759,v2419,Maxwell@display=pairwise
v2083,v2419,551170cd-eec1-45e1-8fcb-38d560259044,v2083,Maxwell@display=pairwise
v2419,v2083,584a427c-0ddb-46df-87da-d6b34d3a6a48,v2419,Maxwell@display=pairwise
v2083,v2083,1032350e-f02d-40d9-8fe8-0a7feb5fc808,v2419,Maxwell@display=pairwise
v2083,v2419,4d86c7c5-5db7-417f-a214-04a9b2e84841,v2083,Maxwell@display=pairwise
v2419,v2083,15187a17-10c3-4501-b4fd-190e9264fb64,v2419,Maxwell@display=pairwise
v2083,v2419,861d34a8-3e75-48a1-85aa-76f71123f8f5,v2083,Maxwell@display=pairwise
v2083,v2419,a0f1f4c5-8d22-403c-a1e7-b9c24cc01c54,v2083,Maxwell@display=pairwise
v2181,v2513,611e6884-c920-4cba-b02d-538fde0f9532,v2181,Maxwell@display=pairwise
v2181,v2513,2423a185-20d6-40c1-ad61-5268117f6f7d,v2181,Maxwell@display=pairwise
v2513,v2181,8fd99fd1-3906-4e88-b6fb-6c1db6831a82,v2513,Maxwell@display=pairwise
,v2513,1dac0e33-0065-4e0e-8e64-fd0e63278971,v2181,Maxwell@display=pairwise
v2513,v2181,e71f0be5-2d3f-4bc9-9407-a2dce3a16b91,v2513,Maxwell@display=pairwise
v2181,v2181,75ce2d58-ecbb-4ede-bd93-43b99bca8d46,v2513,Maxwell@display=pairwise
,v2513,f1338919-3049-404e-9297-43ad044caf39,v2181,Maxwell@display=pairwise
v2181,v2181,38c262d4-c1a0-4fa7-a248-d22e30007be5,v2513,Maxwell@display=pairwise
,v2513,73c3b426-5640-464d-8768-26eb4631fe7e,v2181,Maxwell@display=pairwise
v2513,v2181,bd1d8225-a753-4e92-adc4-0e5e9b328f9b,v2513,Maxwell@display=pairwise
v1859,v1859,611e6884-c920-4cba-b02d-538fde0f9532,v0529,Maxwell@display=pairwise
v1859,v1859,44856539-bc1f-4629-bc05-90c9765d6b7b,v0529,Maxwell@display=pairwise
v0529,v1859,bb6f7d69-13e4-4bf4-9aa2-bfa5e8640d32,v0529,Maxwell@display=pairwise
,v1859,e50db2a7-868c-4b82-af9c-456e23753e56,v0529,Maxwell@display=pairwise
v1859,v0529,551170cd-eec1-45e1-8fcb-38d560259044,v1859,Maxwell@display=pairwise
v1859,v1859,551170cd-eec1-45e1-8fcb-38d560259044,v0529,Maxwell@display=pairwise
v0529,v1859,b678ad4f-2bf3-4079-925c-47a98abb234f,v0529,Maxwell@display=pairwise
v1859,v0529,2987197e-d01c-46fa-bfae-419ca1a44316,v1859,Maxwell@display=pairwise
v1859,v1859,a4e3e3a6-b8aa-48da-9a14-17048d8a2153,v0529,Maxwell@display=pairwise
,v0529,bcbd73bb-1a96-4b43-b689-5c7986900531,v1859,Maxwell@display=pairwise
v2419,v2419,611e6884-c920-4cba-b02d-538fde0f9532,v0314,Maxwell@display=pairwise
v2419,v2419,f49752e6-2b8d-49f0-9d45-3133a3421c15,v0314,Maxwell@display=pairwise
v2419,v2419,9e20e9ee-4c12-4160-ac86-23aa6338231c,v0314,Maxwell@display=pairwise
v2419,v2419,24c7bb15-fdc7-448c-96a3-557e772127cd,v0314,Maxwell@display=pairwise
v2419,v2419,01a3b14c-3923-4b2c-baf6-0b671043ec61,v0314,Maxwell@display=pairwise
,v2419,8841cf31-165a-4525-ad00-5bc3d621f9fc,v0314,Maxwell@display=pairwise
,v0314,d2274bbe-d5ac-4c27-8579-f0e4e7eeb3d3,v2419,Maxwell@display=pairwise
v2419,v0314,568341de-630c-4f7d-97c0-db58befad162,v2419,Maxwell@display=pairwise
v2419,v2419,568341de-630c-4f7d-97c0-db58befad162,v0314,Maxwell@display=pairwise
v2419,v0314,a370270f-41ec-4770-a029-71ceb6225e7b,v2419,Maxwell@display=pairwise
v4097,v4097,611e6884-c920-4cba-b02d-538fde0f9532,v0328,Maxwell@display=pairwise
v4097,v0328,dfc97b6f-3cc1-4816-a858-130686d22ee0,v4097,Maxwell@display=pairwise
v4097,v4097,f703c144-8fe7-4731-ad56-faff59588dbe,v0328,Maxwell@display=pairwise
v4097,v4097,586bb006-6a93-4927-ae5a-9b4956bceaa8,v0328,Maxwell@display=pairwise
v4097,v0328,10db6cd5-e713-42ac-9a20-3961ec3c3cbb,v4097,Maxwell@display=pairwise
v4097,v4097,bf06ee4c-bec3-4766-8e90-2f826cf034b6,v0328,Maxwell@display=pairwise
v4097,v4097,8841cf31-165a-4525-ad00-5bc3d621f9fc,v0328,Maxwell@display=pairwise
v4097,v4097,eb1d4001-2c9c-463a-8ab8-6fe20a5c24ce,v0328,Maxwell@display=pairwise
v4097,v0328,de445587-4c60-454b-b923-a4113a9dc708,v4097,Maxwell@display=pairwise
v4097,v4097,5f5c5157-bc4e-4779-9793-2661ff057066,v0328,Maxwell@display=pairwise
v2328,v2328,611e6884-c920-4cba-b02d-538fde0f9532,v0314,Maxwell@display=pairwise
v2328,v2328,40769eac-f52a-479a-a451-81b241a88f64,v0314,Maxwell@display=pairwise
v0314,v0314,8dbe2ffd-6f41-43a3-860b-153138fb521f,v2328,Maxwell@display=pairwise
v2328,v2328,319e1e2f-e9cf-4981-8ce2-42f5765137f5,v0314,Maxwell@display=pairwise
v0314,v0314,f946f0a6-ea75-4cea-809a-e6d88d5c053d,v2328,Maxwell@display=pairwise
v2328,v2328,768f2d5e-4da6-4e17-a974-b681ec9fada3,v0314,Maxwell@display=pairwise
v2328,v0314,ee8149de-cb82-49cc-9038-c54766ad70c9,v2328,Maxwell@display=pairwise
v0314,v0314,809db03d-2f37-4a0c-bb4f-05365cebf6af,v2328,Maxwell@display=pairwise
v2328,v0314,112054de-a4f8-40be-8531-03283774f811,v2328,Maxwell@display=pairwise
v2328,v2328,77216a3e-dd39-43a8-8d98-9d7a2de06023,v0314,Maxwell@display=pairwise
v2349,v0328,611e6884-c920-4cba-b02d-538fde0f9532,v2349,Maxwell@display=pairwise
v2349,v2349,50f883d0-89f3-4f06-9da1-3ecb5c6efd90,v0328,Maxwell@display=pairwise
v2349,v0328,b6634fbf-fd8c-4256-96b7-8dbfefd99757,v2349,Maxwell@display=pairwise
v2349,v0328,31f2608d-f3b7-4fc9-aafc-8de3b8a2dcf0,v2349,Maxwell@display=pairwise
v2349,v2349,2b257334-db97-4865-a3f7-4c4f89b0b221,v0328,Maxwell@display=pairwise
v2349,v0328,afb40d45-bed5-4152-bfe2-7fce395f5e35,v2349,Maxwell@display=pairwise
v2349,v2349,8c486527-a24e-43cc-93c6-81d3da4e9836,v0328,Maxwell@display=pairwise
v2349,v0328,7c68e2ea-165f-4e18-af3c-a2f8199fcbd9,v2349,Maxwell@display=pairwise
v2349,v0328,f2cb3403-6c77-4e49-86af-9e41adbacf34,v2349,Maxwell@display=pairwise
v2349,v2349,d39c5247-3bfe-426f-87db-6d7ca30b9f8c,v0328,Maxwell@display=pairwise
v4097,v4097,611e6884-c920-4cba-b02d-538fde0f9532,v2525,Maxwell@display=pairwise
v4097,v4097,dfceda5f-e578-454c-835e-b70237867fd1,v2525,Maxwell@display=pairwise
v4097,v4097,46890feb-e3fa-42f0-bdb2-bc9bbacd627f,v2525,Maxwell@display=pairwise
v4097,v2525,cabe6903-7b7e-4c1a-b661-958c6fa61429,v4097,Maxwell@display=pairwise
v4097,v4097,c377aeaf-60e4-4bc1-8080-5619345d590c,v2525,Maxwell@display=pairwise
v4097,v4097,3fb4c47e-e723-4f8f-9933-f39a498c7374,v2525,Maxwell@display=pairwise
v4097,v2525,fdeab250-0277-4490-bcf0-de3d8c630a98,v4097,Maxwell@display=pairwise
v4097,v4097,1032350e-f02d-40d9-8fe8-0a7feb5fc808,v2525,Maxwell@display=pairwise
v4097,v2525,1032350e-f02d-40d9-8fe8-0a7feb5fc808,v4097,Maxwell@display=pairwise
v4097,v4097,5ccc3ed0-25fd-4916-814e-1434152dda5f,v2525,Maxwell@display=pairwise
v4166,v4235,611e6884-c920-4cba-b02d-538fde0f9532,v4166,Maxwell@display=pairwise
v4166,v4235,b8ec5d7b-dc37-4949-b5af-d89363f49439,v4166,Maxwell@display=pairwise
,v4166,bb6f7d69-13e4-4bf4-9aa2-bfa5e8640d32,v4235,Maxwell@display=pairwise
,v4166,30f85572-69e4-41c3-97d8-25f74a2a229a,v4235,Maxwell@display=pairwise
v4166,v4166,f2c0d8f4-3093-434b-b640-14aa99aceaf7,v4235,Maxwell@display=pairwise
v4166,v4166,bf99fc9d-3772-4df1-91d9-1196f5e51ecb,v4235,Maxwell@display=pairwise
v4235,v4235,df58efd8-87a4-48d7-a704-7a213671bf20,v4166,Maxwell@display=pairwise
,v4166,5a73329b-3ee5-4d38-9a02-8e7a17f87252,v4235,Maxwell@display=pairwise
v4235,v4166,1f073ed6-cf9c-4eed-aa27-85dfc3f34f60,v4235,Maxwell@display=pairwise
v4166,v4166,c5fb40fd-7ac9-4e0e-afbe-3c1a6c070532,v4235,Maxwell@display=pairwise
v2889,v2889,611e6884-c920-4cba-b02d-538fde0f9532,v0094,Maxwell@display=pairwise
v2889,v0094,b298c12c-882d-4f4b-a685-587d6fa667ce,v2889,Maxwell@display=pairwise
v2889,v0094,f70aaa7a-e3fb-4755-83d7-172c47cfed0b,v2889,Maxwell@display=pairwise
v2889,v0094,2361ceac-d622-404d-ad76-7e85d587926e,v2889,Maxwell@display=pairwise
v2889,v2889,afa98c8f-110e-4115-a68c-652138e95b5d,v0094,Maxwell@display=pairwise
v2889,v0094,8c720eee-ed3e-49c7-87d6-11f9c7e89f0f,v2889,Maxwell@display=pairwise
v2889,v0094,768f2d5e-4da6-4e17-a974-b681ec9fada3,v2889,Maxwell@display=pairwise
v2889,v0094,e5463b92-df72-41f5-8ac7-22d086899283,v2889,Maxwell@display=pairwise
v2889,v0094,48f6cdb5-6230-4605-8615-20752b953814,v2889,Maxwell@display=pairwise
v2889,v0094,f91a86d7-4ef8-4563-ab87-c52917313279,v2889,Maxwell@display=pairwise
v2828,v2828,611e6884-c920-4cba-b02d-538fde0f9532,v1394,Maxwell@display=pairwise
v2828,v1394,6e87b8ed-dbb8-4ce3-b2d9-00d2e608daca,v2828,Maxwell@display=pairwise
v2828,v2828,f356bf83-0f18-44d6-b192-780c6c0bdd3d,v1394,Maxwell@display=pairwise
v2828,v1394,7eb95ab6-eca8-489b-b426-e9b15a50c9cb,v2828,Maxwell@display=pairwise
,v2828,2820937d-b7de-4dec-b6c1-1e205b50f8a0,v1394,Maxwell@display=pairwise
v2828,v1394,5440d8e0-a14b-41a3-9cd3-b762fddb4276,v2828,Maxwell@display=pairwise
v1394,v1394,d46aa3cf-4905-4b5d-af67-028746a98435,v2828,Maxwell@display=pairwise
v1394,v1394,054f90cf-2d8c-45ba-acc7-c80038efa44d,v2828,Maxwell@display=pairwise
v2828,v1394,1d2fe3ac-663b-4f21-b03e-4a409a53669e,v2828,Maxwell@display=pairwise
v2828,v2828,2feaf824-0ccc-4894-9bb4-63c40c53fe04,v1394,Maxwell@display=pairwise
v4097,v4097,611e6884-c920-4cba-b02d-538fde0f9532,v0265,Maxwell@display=pairwise
v4097,v0265,97029296-ed19-429b-bde6-a44701da9433,v4097,Maxwell@display=pairwise
v4097,v0265,d71a87a3-844a-46bd-9968-6f2321da861a,v4097,Maxwell@display=pairwise
v4097,v4097,3ae23a3a-cf84-443a-bd7a-188731da4225,v0265,Maxwell@display=pairwise
v4097,v4097,7007cb66-6248-4ffb-9d99-061a7a2b9859,v0265,Maxwell@display=pairwise
v4097,v4097,065a8b4f-3767-4764-a1c4-2297a63ea309,v0265,Maxwell@display=pairwise
v4097,v0265,e12b1db4-dd6b-4bd8-8b4c-d48269f88d44,v4097,Maxwell@display=pairwise
v4097,v0265,90741ce5-a5d8-4430-8051-715ff3ef5e49,v4097,Maxwell@display=pairwise
v4097,v4097,5ca4290f-c11a-446f-a475-6105dde0b57f,v0265,Maxwell@display=pairwise
v4097,v4097,7ab27881-57d1-40b8-85da-a40a47dc49c2,v0265,Maxwell@display=pairwise
v3175,v3175,611e6884-c920-4cba-b02d-538fde0f9532,v2063,Maxwell@display=pairwise
v3175,v2063,4816403d-b202-4e68-a3f1-f212baf4c17a,v3175,Maxwell@display=pairwise
v3175,v3175,b444b366-4acf-4de2-bf8f-886c7ae9b36b,v2063,Maxwell@display=pairwise
v3175,v3175,51b8e6dd-0e31-4784-9b1a-6247028d8968,v2063,Maxwell@display=pairwise
v2063,v2063,f947e080-fb56-44fe-b740-b6da9bcab592,v3175,Maxwell@display=pairwise
v3175,v2063,ae30bc61-78e0-4361-a5bc-9e7c1bbf8f1c,v3175,Maxwell@display=pairwise
v2063,v2063,9a1954b1-10f1-4709-bae2-faaa266102f5,v3175,Maxwell@display=pairwise
v3175,v2063,4dea2b70-1476-45e6-a255-7bcc1601369b,v3175,Maxwell@display=pairwise
v3175,v3175,2b257334-db97-4865-a3f7-4c4f89b0b221,v2063,Maxwell@display=pairwise
v2063,v3175,a9591a8a-3147-43f9-969a-2603ca967f9e,v2063,Maxwell@display=pairwise
v1190,v3065,dd8a08c4-a368-4a94-85d1-cb65216a4487,v1190,Maxwell@display=pairwise
v1190,v1190,77ef258d-f371-4535-9484-4b3f05f01108,v3065,Maxwell@display=pairwise
v3065,v3065,7b37ac90-7282-45c2-a24a-6ed9b9860183,v1190,Maxwell@display=pairwise
v1190,v1190,0e78195c-a819-41cf-901a-5b6f0b5dfbf6,v3065,Maxwell@display=pairwise
v1190,v1190,0e78195c-a819-41cf-901a-5b6f0b5dfbf6,v3065,Maxwell@display=pairwise
v1190,v3065,69cac068-a949-4c4b-b8a5-17c0690ce86e,v1190,Maxwell@display=pairwise
v1190,v3065,1ef59f11-78bd-4a96-a606-4e12c0dd42dc,v1190,Maxwell@display=pairwise
v1190,v1190,a4495c73-1fd9-49f1-b09f-2185ce15ede4,v3065,Maxwell@display=pairwise
v1190,v3065,fd639556-f319-4397-9f9e-2d8827de7111,v1190,Maxwell@display=pairwise
v1190,v1190,5184a7fd-e2f2-44fe-b1c1-7062145c6b02,v3065,Maxwell@display=pairwise
v2635,v4511,dd8a08c4-a368-4a94-85d1-cb65216a4487,v2635,Maxwell@display=pairwise
v4511,v2635,46890feb-e3fa-42f0-bdb2-bc9bbacd627f,v4511,Maxwell@display=pairwise
v4511,v4511,9e20e9ee-4c12-4160-ac86-23aa6338231c,v2635,Maxwell@display=pairwise
v4511,v2635,1dac0e33-0065-4e0e-8e64-fd0e63278971,v4511,Maxwell@display=pairwise
v4511,v4511,df26a6f9-0f91-4a5e-82a0-ce73746d46d1,v2635,Maxwell@display=pairwise
v4511,v2635,1a554cd6-a958-4409-801f-f6700b3c42ab,v4511,Maxwell@display=pairwise
v4511,v4511,d3550857-7c9d-4e98-8202-433d0a535e77,v2635,Maxwell@display=pairwise
v4511,v2635,92b4633f-85e8-427d-a008-08fcc93e15e9,v4511,Maxwell@display=pairwise
v4511,v4511,93650a77-b874-44f5-a36e-8c9163eee72e,v2635,Maxwell@display=pairwise
v4511,v2635,d41c6ea1-955c-405c-a5d3-b7d3d9114699,v4511,Maxwell@display=pairwise
v1397,v1397,dd8a08c4-a368-4a94-85d1-cb65216a4487,v2801,Maxwell@display=pairwise
v2801,v1397,f23b459c-43f2-43ba-9fd1-78fd48cf833e,v2801,Maxwell@display=pairwise
v2801,v1397,f23b459c-43f2-43ba-9fd1-78fd48cf833e,v2801,Maxwell@display=pairwise
v1397,v1397,24c7bb15-fdc7-448c-96a3-557e772127cd,v2801,Maxwell@display=pairwise
,v1397,43505c4c-2f72-4150-b92e-bb25604e229a,v2801,Maxwell@display=pairwise
v2801,v1397,026c8690-22a2-4ca3-b37e-73c29dcf0858,v2801,Maxwell@display=pairwise
v2801,v1397,00f56657-9793-4120-8471-bde6bce8e544,v2801,Maxwell@display=pairwise
v2801,v2801,ce8b19c4-1057-436f-bb25-a0caf7200f5d,v1397,Maxwell@display=pairwise
v2801,v1397,d7bcfd1a-e16b-4218-af32-20e97bd8fa5d,v2801,Maxwell@display=pairwise
v2801,v1397,d0c823c4-c423-43a3-96bb-7f91f3fd8621,v2801,Maxwell@display=pairwise
v4125,v4125,dd8a08c4-a368-4a94-85d1-cb65216a4487,v1703,Maxwell@display=pairwise
v4125,v1703,5826cad1-e0ae-480c-a6a3-3f6fd53569fa,v4125,Maxwell@display=pairwise
v4125,v1703,078cd768-2d5e-4660-b076-da7a83947d90,v4125,Maxwell@display=pairwise
v4125,v4125,36626e5a-13d6-40ef-b3d5-3d9cc4dbdb4b,v1703,Maxwell@display=pairwise
v4125,v4125,b7ea617c-5ad5-4087-9795-bfd98e396875,v1703,Maxwell@display=pairwise
v1703,v1703,7bf3dae0-af9d-4a3f-894f-9ff0503f5348,v4125,Maxwell@display=pairwise
v4125,v1703,21350804-8bb4-46fc-964b-228b225563ca,v4125,Maxwell@display=pairwise
v4125,v4125,d46aa3cf-4905-4b5d-af67-028746a98435,v1703,Maxwell@display=pairwise
v1703,v1703,15ed72a6-3577-4b94-8218-2877edf651f6,v4125,Maxwell@display=pairwise
v1703,v4125,15ed72a6-3577-4b94-8218-2877edf651f6,v1703,Maxwell@display=pairwise
v1447,v1703,dd8a08c4-a368-4a94-85d1-cb65216a4487,v1447,Maxwell@display=pairwise
v1703,v1447,dfc97b6f-3cc1-4816-a858-130686d22ee0,v1703,Maxwell@display=pairwise
v1703,v1703,399c3875-4111-41c4-b788-79e32772e36d,v1447,Maxwell@display=pairwise
v1447,v1703,05e840a4-3de4-447b-b859-e633d767fd6a,v1447,Maxwell@display=pairwise
v1703,v1703,2c9a72d6-6d7d-4b0f-a7d4-bb0625c39190,v1447,Maxwell@display=pairwise
v1703,v1703,bf06ee4c-bec3-4766-8e90-2f826cf034b6,v1447,Maxwell@display=pairwise
v1703,v1703,92b4633f-85e8-427d-a008-08fcc93e15e9,v1447,Maxwell@display=pairwise
v1703,v1703,1e957696-1bdb-4655-8b5d-f0bc71305eea,v1447,Maxwell@display=pairwise
v1447,v1447,377d9610-aa18-4c37-a9ae-61f22bd5fe5e,v1703,Maxwell@display=pairwise
v1703,v1703,10b74529-4728-4409-849d-3c0d908d3219,v1447,Maxwell@display=pairwise
v2181,v4511,dd8a08c4-a368-4a94-85d1-cb65216a4487,v2181,Maxwell@display=pairwise
v4511,v4511,46890feb-e3fa-42f0-bdb2-bc9bbacd627f,v2181,Maxwell@display=pairwise
v4511,v4511,9e20e9ee-4c12-4160-ac86-23aa6338231c,v2181,Maxwell@display=pairwise
v4511,v4511,2d1de15b-04c3-4111-abe6-569785e78caa,v2181,Maxwell@display=pairwise
v4511,v2181,6720d5b6-4318-4c40-9831-c43eee9e9653,v4511,Maxwell@display=pairwise
v4511,v2181,d3550857-7c9d-4e98-8202-433d0a535e77,v4511,Maxwell@display=pairwise
,v4511,379768c0-f55e-4655-bf28-0d6c6b75c288,v2181,Maxwell@display=pairwise
v4511,v4511,ddd61b5c-dc4a-4146-8ae2-ae9ff73fb5d8,v2181,Maxwell@display=pairwise
v4511,v2181,62d31ed8-f652-4253-8467-0143cdef952e,v4511,Maxwell@display=pairwise
v4511,v2181,7c68e2ea-165f-4e18-af3c-a2f8199fcbd9,v4511,Maxwell@display=pairwise
v4537,v4537,dd8a08c4-a368-4a94-85d1-cb65216a4487,v0530,Maxwell@display=pairwise
v4537,v0530,a3d1f70b-d059-4df3-a624-738230878ceb,v4537,Maxwell@display=pairwise
v4537,v0530,3a37653c-9f20-4105-9e6f-d0197869e5ec,v4537,Maxwell@display=pairwise
v4537,v0530,20d9d51e-231e-4048-90ac-ae0f2f6906d1,v4537,Maxwell@display=pairwise
v4537,v0530,9a13acb4-7038-4936-8528-49b8f8676860,v4537,Maxwell@display=pairwise
v4537,v0530,c57b2313-faa0-4c95-b91f-4f3c7609b1c1,v4537,Maxwell@display=pairwise
v4537,v4537,07a3654d-ca98-438e-b300-d0ee18dcb45f,v0530,Maxwell@display=pairwise
v4537,v0530,4dbcfd34-f760-41d7-bc1e-0220aee5da69,v4537,Maxwell@display=pairwise
v4537,v4537,4dea2b70-1476-45e6-a255-7bcc1601369b,v0530,Maxwell@display=pairwise
v0530,v4537,15187a17-10c3-4501-b4fd-190e9264fb64,v0530,Maxwell@display=pairwise
v2349,v2349,dd8a08c4-a368-4a94-85d1-cb65216a4487,v2519,Maxwell@display=pairwise
v2519,v2349,b4411156-dc52-435d-8f93-765287d11fea,v2519,Maxwell@display=pairwise
v2349,v2519,83d505a2-2b0d-4ae8-8f57-e375dcc387ac,v2349,Maxwell@display=pairwise
v2349,v2349,5bb3993d-a33e-4c46-b25a-22c22b9ad7a0,v2519,Maxwell@display=pairwise
v2349,v2349,76f3d336-52fa-4304-9eda-8f30f1fe4b75,v2519,Maxwell@display=pairwise
v2349,v2519,b678ad4f-2bf3-4079-925c-47a98abb234f,v2349,Maxwell@display=pairwise
v2349,v2519,6d1409b9-6033-42e4-aa64-cd28900b3b16,v2349,Maxwell@display=pairwise
v2349,v2349,1e3cc6d0-8a93-4ccf-b54a-c049f3248c37,v2519,Maxwell@display=pairwise
v2349,v2519,f00b6b27-7f50-4848-9d4f-1c6640f6281b,v2349,Maxwell@display=pairwise
v2349,v2519,10b74529-4728-4409-849d-3c0d908d3219,v2349,Maxwell@display=pairwise
v4125,v4125,dd8a08c4-a368-4a94-85d1-cb65216a4487,v0162,Maxwell@display=pairwise
v4125,v0162,c632682f-3406-426f-b435-23fd4f4e5aa7,v4125,Maxwell@display=pairwise
v4125,v4125,6c8d0bd2-69c0-4329-8452-5ab71470ec79,v0162,Maxwell@display=pairwise
v4125,v4125,47057ac9-d439-4fab-985e-0d08a0ad2903,v0162,Maxwell@display=pairwise
v4125,v4125,9e47a2e5-5fc3-4025-8538-85d5dc4d1152,v0162,Maxwell@display=pairwise
v4125,v4125,1a554cd6-a958-4409-801f-f6700b3c42ab,v0162,Maxwell@display=pairwise
v4125,v0162,5e2da638-96bd-419b-acdd-1f0e0cd35933,v4125,Maxwell@display=pairwise
v4125,v4125,e12b1db4-dd6b-4bd8-8b4c-d48269f88d44,v0162,Maxwell@display=pairwise
v4125,v0162,291f1ce5-afb6-47f8-bf06-629bc6007f6a,v4125,Maxwell@display=pairwise
v4125,v4125,f91a86d7-4ef8-4563-ab87-c52917313279,v0162,Maxwell@display=pairwise
v0032,v0032,dd8a08c4-a368-4a94-85d1-cb65216a4487,v0824,Maxwell@display=pairwise
v0032,v0032,86cebb69-070a-4ed3-890f-c96d130c1704,v0824,Maxwell@display=pairwise
v0032,v0032,c632682f-3406-426f-b435-23fd4f4e5aa7,v0824,Maxwell@display=pairwise
,v0824,51b8e6dd-0e31-4784-9b1a-6247028d8968,v0032,Maxwell@display=pairwise
v0032,v0032,1486a399-1ff1-4c12-96f9-9ef26a428a72,v0824,Maxwell@display=pairwise
v0032,v0824,d447edbb-f45a-4002-bb44-2d71ecf93471,v0032,Maxwell@display=pairwise
v0032,v0824,72650adb-e74b-4566-aece-9fbc4d64d47d,v0032,Maxwell@display=pairwise
v0032,v0824,7321c6b3-7020-45e2-bb9d-2ab101e5c7ae,v0032,Maxwell@display=pairwise
v0824,v0032,79c3a676-3b48-40b3-80e7-da62c1543eaf,v0824,Maxwell@display=pairwise
v0032,v0032,152a0477-3c32-40f2-b0e2-738202586ba4,v0824,Maxwell@display=pairwise
v2083,v1859,dd8a08c4-a368-4a94-85d1-cb65216a4487,v2083,Maxwell@display=pairwise
v1859,v1859,dfceda5f-e578-454c-835e-b70237867fd1,v2083,Maxwell@display=pairwise
,v1859,d596421e-e19a-4472-a4e8-730e96d35459,v2083,Maxwell@display=pairwise
v2083,v2083,724c60ae-6aa6-4024-bb86-11ee7b7b8770,v1859,Maxwell@display=pairwise
v2083,v2083,bc760378-ddd6-4614-a376-7a3c39de225e,v1859,Maxwell@display=pairwise
v1859,v2083,07a3654d-ca98-438e-b300-d0ee18dcb45f,v1859,Maxwell@display=pairwise
v1859,v1859,c0a2023a-1855-4bf5-83a3-b2a1f277df4a,v2083,Maxwell@display=pairwise
v1859,v2083,dc2d7783-e288-48d3-9954-ac7aaf84073e,v1859,Maxwell@display=pairwise
v1859,v2083,2d3e655e-b512-4a49-909c-3db4efbcdfcc,v1859,Maxwell@display=pairwise
v2083,v2083,377d9610-aa18-4c37-a9ae-61f22bd5fe5e,v1859,Maxwell@display=pairwise
v2063,v2828,dd8a08c4-a368-4a94-85d1-cb65216a4487,v2063,Maxwell@display=pairwise
v2828,v2063,2f9c0bcc-c712-42b9-bc2f-d02860843a89,v2828,Maxwell@display=pairwise
v2828,v2828,bc7f1faa-49be-4e1c-af0f-a46d243c1067,v2063,Maxwell@display=pairwise
v2828,v2828,4d41abd8-8939-4aaf-8d9b-3eeaca78e042,v2063,Maxwell@display=pairwise
v2828,v2828,118e07a5-5d2c-405c-8ce0-e462951bf1c8,v2063,Maxwell@display=pairwise
v2828,v2828,aa873e42-f4c4-4b06-8b86-c8d47ffd4b9a,v2063,Maxwell@display=pairwise
v2828,v2828,e8cf995a-d627-41b3-85ff-373a997d5a4f,v2063,Maxwell@display=pairwise
v2828,v2063,617ae86c-fc97-402a-ba65-8994258b69e0,v2828,Maxwell@display=pairwise
v2828,v2828,93650a77-b874-44f5-a36e-8c9163eee72e,v2063,Maxwell@display=pairwise
,v2828,86a3ac5a-2140-48bb-bde9-f02ac7191d29,v2063,Maxwell@display=pairwise
v4537,v4537,dd8a08c4-a368-4a94-85d1-cb65216a4487,v4235,Maxwell@display=pairwise
v4537,v4537,6c8d0bd2-69c0-4329-8452-5ab71470ec79,v4235,Maxwell@display=pairwise
v4235,v4537,6c8d0bd2-69c0-4329-8452-5ab71470ec79,v4235,Maxwell@display=pairwise
v4537,v4235,5ca80653-5ca4-4a63-a5e9-7c13c6f6ef4e,v4537,Maxwell@display=pairwise
v4537,v4235,862cd654-5ac1-48c5-bd1f-650b43a68255,v4537,Maxwell@display=pairwise
v4537,v4537,3665f070-cce1-4979-995c-d117a13742ab,v4235,Maxwell@display=pairwise
,v4537,4ea0873d-96ee-486c-bb32-18129db248af,v4235,Maxwell@display=pairwise
v4537,v4235,2c834ab6-0751-4690-918f-5398a2160f15,v4537,Maxwell@display=pairwise
v4537,v4235,601526eb-3031-4f1f-9986-21b3aba14da1,v4537,Maxwell@display=pairwise
,v4235,a1e319ac-953b-46f3-b0d8-c4b43561d7fe,v4537,Maxwell@display=pairwise
v3583,v3583,dd8a08c4-a368-4a94-85d1-cb65216a4487,v0314,Maxwell@display=pairwise
v3583,v0314,bc7f1faa-49be-4e1c-af0f-a46d243c1067,v3583,Maxwell@display=pairwise
v3583,v3583,24c7bb15-fdc7-448c-96a3-557e772127cd,v0314,Maxwell@display=pairwise
v3583,v3583,228504e4-46c0-48fd-a68d-d1af0989ddb7,v0314,Maxwell@display=pairwise
v3583,v0314,8ab07bc5-0ee7-4c8d-9e27-22e5c6da8bc1,v3583,Maxwell@display=pairwise
v3583,v3583,026c8690-22a2-4ca3-b37e-73c29dcf0858,v0314,Maxwell@display=pairwise
v3583,v0314,a777eafa-8e0b-4db8-b6d7-e9ef0d7cc236,v3583,Maxwell@display=pairwise
v0314,v0314,48eca316-7304-41b7-8acb-7e678a3cbf48,v3583,Maxwell@display=pairwise
,v0314,a4495c73-1fd9-49f1-b09f-2185ce15ede4,v3583,Maxwell@display=pairwise
v3583,v3583,fdeab250-0277-4490-bcf0-de3d8c630a98,v0314,Maxwell@display=pairwise
v3555,v3555,dd8a08c4-a368-4a94-85d1-cb65216a4487,v2083,Maxwell@display=pairwise
,v2083,7d4a4252-1531-470f-ab07-6f334dace1b9,v3555,Maxwell@display=pairwise
v3555,v3555,097c523a-37c9-4814-a386-171e6d920ead,v2083,Maxwell@display=pairwise
v3555,v2083,24c7bb15-fdc7-448c-96a3-557e772127cd,v3555,Maxwell@display=pairwise
v3555,v2083,203b013a-c242-47ba-89dd-a2c609192d10,v3555,Maxwell@display=pairwise
v3555,v2083,48448358-e8a9-438f-91d4-8aa53d013c82,v3555,Maxwell@display=pairwise
v2083,v3555,ad2df09c-dcb5-4037-8441-c9c5b43a26e0,v2083,Maxwell@display=pairwise
v3555,v2083,f9e4bb6c-79e2-4693-af7b-1ac69eea590a,v3555,Maxwell@display=pairwise
v3555,v3555,f91a86d7-4ef8-4563-ab87-c52917313279,v2083,Maxwell@display=pairwise
v3555,v3555,7c3b36dd-81f3-4842-90d1-41f8d139292a,v2083,Maxwell@display=pairwise
v1477,v2525,eeea26a0-9934-4a78-ab24-27b0c4a6b2c9,v1477,Maxwell@display=pairwise
v2525,v1477,44856539-bc1f-4629-bc05-90c9765d6b7b,v2525,Maxwell@display=pairwise
v1477,v1477,9fde6f43-a5ca-4c47-a344-7575e5370d05,v2525,Maxwell@display=pairwise
v1477,v1477,c9e36c3c-b003-43bc-8558-26d476b0a20d,v2525,Maxwell@display=pairwise
v1477,v1477,862cd654-5ac1-48c5-bd1f-650b43a68255,v2525,Maxwell@display=pairwise
v1477,v1477,7923b5e3-11d0-48ca-937d-4b08a7ecead4,v2525,Maxwell@display=pairwise
v2525,v2525,5e14c80c-d87f-446e-9e94-80c9c0a62c3b,v1477,Maxwell@display=pairwise
v2525,v2525,d5a0fb87-aa9c-42e7-8db5-0c41338699d2,v1477,Maxwell@display=pairwise
,v2525,ddd61b5c-dc4a-4146-8ae2-ae9ff73fb5d8,v1477,Maxwell@display=pairwise
,v1477,2168499d-6438-474d-96fc-7346737ee935,v2525,Maxwell@display=pairwise
v2181,v2181,eeea26a0-9934-4a78-ab24-27b0c4a6b2c9,v2063,Maxwell@display=pairwise
v2181,v2181,d3ceb26c-6541-4b11-adf3-11f11a7fe362,v2063,Maxwell@display=pairwise
v2181,v2063,aba3e861-12b4-4cc1-9cd9-25f330491a1f,v2181,Maxwell@display=pairwise
v2181,v2181,aba3e861-12b4-4cc1-9cd9-25f330491a1f,v2063,Maxwell@display=pairwise
v2181,v2181,3518d8aa-f924-4243-b3f7-e6f08c02daae,v2063,Maxwell@display=pairwise
v2181,v2063,06278424-ef97-42cc-bcc1-ee893b3964ea,v2181,Maxwell@display=pairwise
,v2181,efc0133f-459a-461e-9f25-75b0716cd70a,v2063,Maxwell@display=pairwise
v2181,v2063,3547e3c0-da82-4993-8867-2ae2b4e1f4f7,v2181,Maxwell@display=pairwise
v2063,v2181,814ef15f-db94-48de-9643-528fc2a355eb,v2063,Maxwell@display=pairwise
v2181,v2181,15187a17-10c3-4501-b4fd-190e9264fb64,v2063,Maxwell@display=pairwise
v4511,v0162,eeea26a0-9934-4a78-ab24-27b0c4a6b2c9,v4511,Maxwell@display=pairwise
v0162,v4511,c12316ba-19d8-4db6-aa66-b424906ea895,v0162,Maxwell@display=pairwise
v4511,v4511,c632682f-3406-426f-b435-23fd4f4e5aa7,v0162,Maxwell@display=pairwise
v4511,v0162,acccac54-c658-4a6d-b128-1acee477e62e,v4511,Maxwell@display=pairwise
v0162,v0162,a0a0bd53-c6ee-48c3-8d0d-7094f991b6c5,v4511,Maxwell@display=pairwise
v0162,v4511,c2e135df-30eb-46ef-95b2-80bff450c273,v0162,Maxwell@display=pairwise
v4511,v4511,d698118d-3476-42e2-bac5-157c43bff05b,v0162,Maxwell@display=pairwise
v4511,v4511,e42b4bc8-b2f0-4389-a27e-dbe89657a412,v0162,Maxwell@display=pairwise
v4511,v4511,77216a3e-dd39-43a8-8d98-9d7a2de06023,v0162,Maxwell@display=pairwise
v4511,v4511,2613c3ff-b6cc-4d25-850a-f9ccff836ebc,v0162,Maxwell@display=pairwise
v1477,v1477,eeea26a0-9934-4a78-ab24-27b0c4a6b2c9,v0032,Maxwell@display=pairwise
v1477,v0032,4727324f-737a-4ff6-9d12-84ae58106891,v1477,Maxwell@display=pairwise
v1477,v1477,bb28c3d5-6528-4f53-bc09-6bf84b42a7fb,v0032,Maxwell@display=pairwise
v0032,v1477,44c0fd3d-af09-4205-a670-7c5ca7f9e4bd,v0032,Maxwell@display=pairwise
v0032,v1477,44c0fd3d-af09-4205-a670-7c5ca7f9e4bd,v0032,Maxwell@display=pairwise
v1477,v1477,e71f0be5-2d3f-4bc9-9407-a2dce3a16b91,v0032,Maxwell@display=pairwise
v0032,v1477,92b315aa-c3d8-4ac2-8c1c-aba2f5a7b6d9,v0032,Maxwell@display=pairwise
v1477,v0032,b81d92ba-8124-4bce-949c-8d5b226bc693,v1477,Maxwell@display=pairwise
v1477,v1477,3267d3c7-b874-4b3e-805a-dd7a7c57ca1c,v0032,Maxwell@display=pairwise
v0032,v0032,2feaf824-0ccc-4894-9bb4-63c40c53fe04,v1477,Maxwell@display=pairwise
v0878,v1373,eeea26a0-9934-4a78-ab24-27b0c4a6b2c9,v0878,Maxwell@display=pairwise
v0878,v1373,edb15e9d-3f08-4975-bdc5-dd360e208bf1,v0878,Maxwell@display=pairwise
v1373,v1373,dc1081cb-7773-4571-b027-33c4446f75ed,v0878,Maxwell@display=pairwise
v0878,v0878,5d120453-9487-491e-954f-1aa89798fb80,v1373,Maxwell@display=pairwise
v1373,v0878,684094ed-89c7-4c9e-a0f8-8c629bf0ac49,v1373,Maxwell@display=pairwise
v0878,v0878,026c8690-22a2-4ca3-b37e-73c29dcf0858,v1373,Maxwell@display=pairwise
v0878,v0878,ed0092e8-c319-447b-a041-b75a08c6d0bd,v1373,Maxwell@display=pairwise
v0878,v1373,57c5b042-79d7-4bb7-8714-5d3808c5cd0e,v0878,Maxwell@display=pairwise
v0878,v1373,adc336f2-1af3-4f27-8deb-9a83f894b2f2,v0878,Maxwell@display=pairwise
v1373,v1373,2446fec6-a38b-400c-b3fa-911eda094d0e,v0878,Maxwell@display=pairwise
v4125,v0530,eeea26a0-9934-4a78-ab24-27b0c4a6b2c9,v4125,Maxwell@display=pairwise
v4125,v0530,c632682f-3406-426f-b435-23fd4f4e5aa7,v4125,Maxwell@display=pairwise
v4125,v4125,11b57023-0038-4da7-9328-34ce0bd22606,v0530,Maxwell@display=pairwise
v4125,v4125,c632682f-3406-426f-b435-23fd4f4e5aa7,v0530,Maxwell@display=pairwise
v4125,v4125,b3fd58a0-de51-4535-89b9-5c4e67110491,v0530,Maxwell@display=pairwise
v4125,v0530,241ac689-1c0f-402c-8926-bf6506467a28,v4125,Maxwell@display=pairwise
v4125,v0530,1dac0e33-0065-4e0e-8e64-fd0e63278971,v4125,Maxwell@display=pairwise
v4125,v4125,3267d3c7-b874-4b3e-805a-dd7a7c57ca1c,v0530,Maxwell@display=pairwise
v4125,v4125,601526eb-3031-4f1f-9986-21b3aba14da1,v0530,Maxwell@display=pairwise
v4125,v4125,768f2d5e-4da6-4e17-a974-b681ec9fada3,v0530,Maxwell@display=pairwise
v4511,v4125,eeea26a0-9934-4a78-ab24-27b0c4a6b2c9,v4511,Maxwell@display=pairwise
v4511,v4125,bbb2b770-5eab-4e22-9e43-7ff1c7cfcd31,v4511,Maxwell@display=pairwise
v4125,v4511,73b8fd64-9133-4f24-8a85-fff5b1719300,v4125,Maxwell@display=pairwise
v4511,v4125,20d9d51e-231e-4048-90ac-ae0f2f6906d1,v4511,Maxwell@display=pairwise
v4125,v4125,91b93af1-fc38-4f56-bd97-9f14882417a4,v4511,Maxwell@display=pairwise
v4125,v4511,d4eabb9c-6f17-472b-ade4-3caa69edc47f,v4125,Maxwell@display=pairwise
v4511,v4125,4ea0873d-96ee-486c-bb32-18129db248af,v4511,Maxwell@display=pairwise
v4511,v4125,4dbcfd34-f760-41d7-bc1e-0220aee5da69,v4511,Maxwell@display=pairwise
v4511,v4511,e1ce5e37-5e67-453e-aee9-0a6e7cf6b73c,v4125,Maxwell@display=pairwise
v4511,v4125,22ca127c-db37-4eac-a88d-3184529fba6d,v4511,Maxwell@display=pairwise
v3555,v0328,eeea26a0-9934-4a78-ab24-27b0c4a6b2c9,v3555,Maxwell@display=pairwise
v3555,v3555,c029e6d3-d6b1-4306-9c7c-78ebbcbcad9b,v0328,Maxwell@display=pairwise
v3555,v3555,c029e6d3-d6b1-4306-9c7c-78ebbcbcad9b,v0328,Maxwell@display=pairwise
v3555,v0328,badc275d-8c39-4e6d-9416-b53dc225505f,v3555,Maxwell@display=pairwise
v3555,v3555,027d3766-10fa-4410-bda9-dfabae5b973f,v0328,Maxwell@display=pairwise
v3555,v0328,ef228dde-5278-429a-b581-bf6bdf7010cb,v3555,Maxwell@display=pairwise
v3555,v0328,3fb4c47e-e723-4f8f-9933-f39a498c7374,v3555,Maxwell@display=pairwise
v3555,v0328,f91a86d7-4ef8-4563-ab87-c52917313279,v3555,Maxwell@display=pairwise
v3555,v3555,ba9fe7c9-6c2e-4006-a184-46f2e039d589,v0328,Maxwell@display=pairwise
v3555,v3555,d587e507-f0f2-4be9-b688-318429aa0988,v0328,Maxwell@display=pairwise
v0529,v1447,eeea26a0-9934-4a78-ab24-27b0c4a6b2c9,v0529,Maxwell@display=pairwise
,v0529,e7c95211-5ce3-4c43-bde6-828f51c7a97c,v1447,Maxwell@display=pairwise
v1447,v0529,b0f8077d-dcab-4219-bb3b-100afaafa26d,v1447,Maxwell@display=pairwise
v1447,v0529,4e2adbe1-fa03-4f25-a561-baae089d8201,v1447,Maxwell@display=pairwise
v1447,v0529,a2988d9d-63df-4cf2-a445-7a1dbf7f45f3,v1447,Maxwell@display=pairwise
v1447,v1447,4ea0873d-96ee-486c-bb32-18129db248af,v0529,Maxwell@display=pairwise
v1447,v0529,054f90cf-2d8c-45ba-acc7-c80038efa44d,v1447,Maxwell@display=pairwise
v0529,v0529,701d9632-11da-4c45-b5a9-9ef109bd0705,v1447,Maxwell@display=pairwise
v0529,v1447,701d9632-11da-4c45-b5a9-9ef109bd0705,v0529,Maxwell@display=pairwise
v1447,v1447,298bd5e1-5cb8-4d9b-b7a7-2d7fcac00e91,v0529,Maxwell@display=pairwise
v2349,v0529,eeea26a0-9934-4a78-ab24-27b0c4a6b2c9,v2349,Maxwell@display=pairwise
v2349,v2349,60697061-3fc4-4137-9789-63e68e409f11,v0529,Maxwell@display=pairwise
v2349,v2349,31ddaa13-1309-4d47-b0ea-75b020268f37,v0529,Maxwell@display=pairwise
v0529,v2349,c11a406e-302f-4f21-be2d-1f3a27fac77b,v0529,Maxwell@display=pairwise
v2349,v0529,48990368-f0c8-46e1-9f8b-61fbaec1f893,v2349,Maxwell@display=pairwise
v2349,v2349,a59e7494-5d6d-4bca-a5c0-7c769da374f1,v0529,Maxwell@display=pairwise
v2349,v0529,af6e2deb-376c-413f-a86c-f5a9716169c9,v2349,Maxwell@display=pairwise
v2349,v2349,c1e0c07c-4768-4d33-86b9-59bcd401dba5,v0529,Maxwell@display=pairwise
v2349,v2349,26c3096a-edfc-482a-8d3c-5739d09b6bda,v0529,Maxwell@display=pairwise
v2349,v2349,2e6f5d07-f718-40d7-9899-2d530c3566ed,v0529,Maxwell@display=pairwise
v4034,v2419,eeea26a0-9934-4a78-ab24-27b0c4a6b2c9,v4034,Maxwell@display=pairwise
v2419,v2419,5826cad1-e0ae-480c-a6a3-3f6fd53569fa,v4034,Maxwell@display=pairwise
v4034,v4034,df68e14a-a48a-44ee-907b-0a8e92920b98,v2419,Maxwell@display=pairwise
v4034,v2419,4574d033-c347-4886-a115-d34cee6778a1,v4034,Maxwell@display=pairwise
v4034,v2419,094e753d-9712-4a5c-b642-e225b4d0af47,v4034,Maxwell@display=pairwise
v4034,v4034,5cbb4909-5759-4ec5-b2d8-e2eddbd9f86e,v2419,Maxwell@display=pairwise
v4034,v2419,b3fd58a0-de51-4535-89b9-5c4e67110491,v4034,Maxwell@display=pairwise
,v2419,335527d0-7d2d-491b-a6e2-4c92ce9b4edc,v4034,Maxwell@display=pairwise
v4034,v2419,a36304a0-0663-4875-8856-0bae1782c522,v4034,Maxwell@display=pairwise
,v4034,7c88f5ac-1415-4be3-a73f-f6eb914391f9,v2419,Maxwell@display=pairwise
v4166,v4166,eeea26a0-9934-4a78-ab24-27b0c4a6b2c9,v2513,Maxwell@display=pairwise
v4166,v2513,861d34a8-3e75-48a1-85aa-76f71123f8f5,v4166,Maxwell@display=pairwise
v4166,v4166,047e4203-0585-4d9b-9859-1744b143e682,v2513,Maxwell@display=pairwise
v4166,v2513,ae30bc61-78e0-4361-a5bc-9e7c1bbf8f1c,v4166,Maxwell@display=pairwise
v4166,v2513,9859b693-6c9f-44ff-8038-a8397db0a1b4,v4166,Maxwell@display=pairwise
v4166,v2513,e6140e2f-9de4-4f2e-b088-2ec9c3c33c4f,v4166,Maxwell@display=pairwise
v2513,v4166,a1e319ac-953b-46f3-b0d8-c4b43561d7fe,v2513,Maxwell@display=pairwise
v4166,v4166,09e4aacf-b969-495a-9de2-c294927e736b,v2513,Maxwell@display=pairwise
v4166,v4166,fa6e8487-24cc-4eaf-a6da-de0bb42be6ff,v2513,Maxwell@display=pairwise
v4166,v2513,19e2587c-4d46-491a-9939-ee51abe19c39,v4166,Maxwell@display=pairwise
v3583,v3583,eeea26a0-9934-4a78-ab24-27b0c4a6b2c9,v0824,Maxwell@display=pairwise
v3583,v3583,75cae008-0dbc-41be-8295-da701fdf0dba,v0824,Maxwell@display=pairwise
v3583,v0824,c84c4b4e-e61c-4990-a2d5-4ecaceeeddf0,v3583,Maxwell@display=pairwise
v3583,v3583,45ae941f-242d-4e30-88fa-eba0b7eeecc5,v0824,Maxwell@display=pairwise
v3583,v0824,6c667c99-47b9-4628-92e3-b75b68268f5d,v3583,Maxwell@display=pairwise
v3583,v0824,5205edb7-6d64-4112-ae96-e72eec1451b2,v3583,Maxwell@display=pairwise
v3583,v0824,0b4069bf-814c-4e56-bd46-d37b8f058ea5,v3583,Maxwell@display=pairwise
,v0824,847d79d3-f147-41e8-91ea-6097016d7bb0,v3583,Maxwell@display=pairwise
,v0824,847d79d3-f147-41e8-91ea-6097016d7bb0,v3583,Maxwell@display=pairwise
v3583,v3583,15187a17-10c3-4501-b4fd-190e9264fb64,v0824,Maxwell@display=pairwise
v1190,v1190,f3a1eea3-f102-4572-9b89-bff4f8852f68,v0009,Maxwell@display=pairwise
v1190,v0009,932f9ce4-0739-497e-8f65-1f75f828eb23,v1190,Maxwell@display=pairwise
,v1190,9fd16a85-5a0f-420e-85a4-099e823c41bc,v0009,Maxwell@display=pairwise
,v0009,af7f19e9-f83a-45ae-8df8-fb20d08eddf9,v1190,Maxwell@display=pairwise
v1190,v1190,027d3766-10fa-4410-bda9-dfabae5b973f,v0009,Maxwell@display=pairwise
v1190,v0009,e6140e2f-9de4-4f2e-b088-2ec9c3c33c4f,v1190,Maxwell@display=pairwise
v1190,v1190,df58efd8-87a4-48d7-a704-7a213671bf20,v0009,Maxwell@display=pairwise
v0009,v1190,bb124c47-757c-4a7c-a0d4-8c10f384baa9,v0009,Maxwell@display=pairwise
v1190,v0009,e2414b46-7c69-407b-9c61-a18878f36403,v1190,Maxwell@display=pairwise
v1190,v1190,dd67b30b-2e2b-44b0-a821-5ef9f5daaeeb,v0009,Maxwell@display=pairwise
v4125,v4125,d7bcfd1a-e16b-4218-af32-20e97bd8fa5d,v0009,Maxwell@display=pairwise
v4125,v4125,b6634fbf-fd8c-4256-96b7-8dbfefd99757,v0009,Maxwell@display=pairwise
v4125,v4125,814ef15f-db94-48de-9643-528fc2a355eb,v0009,Maxwell@display=pairwise
v0009,v0009,01aa3ef5-bb24-4ab5-b3ff-0a4149e4a304,v4125,Maxwell@display=pairwise
v4125,v4125,f3a1eea3-f102-4572-9b89-bff4f8852f68,v0009,Maxwell@display=pairwise
v0009,v4125,8f7a9d96-4b5f-4d1d-91d7-b4638a45dc78,v0009,Maxwell@display=pairwise
v4125,v0009,bb124c47-757c-4a7c-a0d4-8c10f384baa9,v4125,Maxwell@display=pairwise
v4125,v4125,01aa3ef5-bb24-4ab5-b3ff-0a4149e4a304,v0009,Maxwell@display=pairwise
,v0009,ccaef3a0-85de-4b7b-97a8-f6c96128a6b0,v4125,Maxwell@display=pairwise
v4125,v4125,bb124c47-757c-4a7c-a0d4-8c10f384baa9,v0009,Maxwell@display=pairwise
v2828,v2828,f3a1eea3-f102-4572-9b89-bff4f8852f68,v0094,Maxwell@display=pairwise
v2828,v0094,97029296-ed19-429b-bde6-a44701da9433,v2828,Maxwell@display=pairwise
v2828,v0094,2b3373d8-d55d-4fe9-8c30-800e1e6ed65f,v2828,Maxwell@display=pairwise
v2828,v0094,a4ff02d4-6d50-4f8a-b84e-4c6ba39528a5,v2828,Maxwell@display=pairwise
v2828,v0094,4150d97c-eefc-4853-8768-c3caf08a8bcc,v2828,Maxwell@display=pairwise
v2828,v0094,ba9fe7c9-6c2e-4006-a184-46f2e039d589,v2828,Maxwell@display=pairwise
v2828,v2828,377d9610-aa18-4c37-a9ae-61f22bd5fe5e,v0094,Maxwell@display=pairwise
v2828,v2828,21d72962-585b-49b1-848c-8861ed477ea6,v0094,Maxwell@display=pairwise
v2828,v0094,814ef15f-db94-48de-9643-528fc2a355eb,v2828,Maxwell@display=pairwise
v2828,v0094,f74805b0-7406-4a6a-9a49-5c7b8bedda55,v2828,Maxwell@display=pairwise
v4034,v4034,f5d6e1f3-6569-4a5e-b109-b9871c084d4b,v2635,Maxwell@display=pairwise
v4034,v2635,b2cf1e5e-8b30-4ac1-8eee-373e05447920,v4034,Maxwell@display=pairwise
v4034,v4034,a64e5ec2-6369-44d6-b203-264f818abe72,v2635,Maxwell@display=pairwise
v4034,v2635,28487e39-409b-4c7a-9093-c8806b2a099b,v4034,Maxwell@display=pairwise
,v4034,efc0133f-459a-461e-9f25-75b0716cd70a,v2635,Maxwell@display=pairwise
v4034,v2635,22ca127c-db37-4eac-a88d-3184529fba6d,v4034,Maxwell@display=pairwise
v4034,v4034,97128514-e916-4347-930c-bb37857c48c0,v2635,Maxwell@display=pairwise
v2635,v4034,f3a1eea3-f102-4572-9b89-bff4f8852f68,v2635,Maxwell@display=pairwise
v4034,v2635,12af1ee7-72cf-412b-95e3-35dd7ad7d1d6,v4034,Maxwell@display=pairwise
v4034,v2635,a8b97762-73b3-4044-9b22-306bc8e61f40,v4034,Maxwell@display=pairwise
v1397,v0878,f3a1eea3-f102-4572-9b89-bff4f8852f68,v1397,Maxwell@display=pairwise
v1397,v0878,65e04b88-b95c-42e6-8ba6-6588703dc773,v1397,Maxwell@display=pairwise
v0878,v1397,f703c144-8fe7-4731-ad56-faff59588dbe,v0878,Maxwell@display=pairwise
v0878,v1397,f946f0a6-ea75-4cea-809a-e6d88d5c053d,v0878,Maxwell@display=pairwise
v1397,v0878,62182adc-a9e3-409b-94a5-c4c180d9f3b7,v1397,Maxwell@display=pairwise
v0878,v0878,fe6afd5a-8da5-49b6-af0b-9f6049662f8b,v1397,Maxwell@display=pairwise
v1397,v1397,f27bb50a-2b7d-4f18-8fa3-a3fd7bc9fd8e,v0878,Maxwell@display=pairwise
v0878,v0878,295b7632-b3b4-4d18-ab59-6527849c76d1,v1397,Maxwell@display=pairwise
v0878,v1397,f5d6e1f3-6569-4a5e-b109-b9871c084d4b,v0878,Maxwell@display=pairwise
v0878,v0878,d7bcfd1a-e16b-4218-af32-20e97bd8fa5d,v1397,Maxwell@display=pairwise
v3355,v3355,898cd458-3328-4ede-85e7-6e18eef38b6e,v0094,Maxwell@display=pairwise
v3355,v0094,097c523a-37c9-4814-a386-171e6d920ead,v3355,Maxwell@display=pairwise
v3355,v0094,14ec1f3e-c047-4d13-a2d6-76da32d9ed62,v3355,Maxwell@display=pairwise
v3355,v0094,f9f062ef-692e-46ad-a379-6d3a1e5a78e8,v3355,Maxwell@display=pairwise
v3355,v0094,9854f14d-4021-4f1b-80e7-36a684ed2e92,v3355,Maxwell@display=pairwise
v3355,v0094,9a673f7a-20b3-401d-980f-38b0c8fc3b45,v3355,Maxwell@display=pairwise
v3355,v0094,f3a1eea3-f102-4572-9b89-bff4f8852f68,v3355,Maxwell@display=pairwise
v3355,v3355,62d31ed8-f652-4253-8467-0143cdef952e,v0094,Maxwell@display=pairwise
v3355,v3355,6d6a6d9c-16c4-43d3-860f-2faf372131a2,v0094,Maxwell@display=pairwise
v3355,v0094,99960bfc-5043-46f9-ad45-59bd03f9ab94,v3355,Maxwell@display=pairwise
,v2419,c84c4b4e-e61c-4990-a2d5-4ecaceeeddf0,v2525,Maxwell@display=pairwise
v2525,v2419,5205edb7-6d64-4112-ae96-e72eec1451b2,v2525,Maxwell@display=pairwise
,v2525,058c4e79-1989-4a56-81b0-7d9c671b99d7,v2419,Maxwell@display=pairwise
v2525,v2419,73a73e84-049f-4333-b732-088c123456d5,v2525,Maxwell@display=pairwise
v2525,v2525,e85e58bc-19bb-4fff-aa70-72a175b95db2,v2419,Maxwell@display=pairwise
v2525,v2419,5bd6d7d7-bd09-4636-be21-b00626f71358,v2525,Maxwell@display=pairwise
v2525,v2525,bcbd73bb-1a96-4b43-b689-5c7986900531,v2419,Maxwell@display=pairwise
v2419,v2525,f3a1eea3-f102-4572-9b89-bff4f8852f68,v2419,Maxwell@display=pairwise
v2419,v2525,f3a1eea3-f102-4572-9b89-bff4f8852f68,v2419,Maxwell@display=pairwise
v2525,v2525,5bd6d7d7-bd09-4636-be21-b00626f71358,v2419,Maxwell@display=pairwise
v2801,v4048,1a554cd6-a958-4409-801f-f6700b3c42ab,v2801,Maxwell@display=pairwise
v4048,v4048,e1ce5e37-5e67-453e-aee9-0a6e7cf6b73c,v2801,Maxwell@display=pairwise
v4048,v2801,72650adb-e74b-4566-aece-9fbc4d64d47d,v4048,Maxwell@display=pairwise
v4048,v4048,b0a5e289-dfa4-4711-82d4-37068f8fbd93,v2801,Maxwell@display=pairwise
v4048,v4048,f3a1eea3-f102-4572-9b89-bff4f8852f68,v2801,Maxwell@display=pairwise
v4048,v2801,258ea89f-8336-4d05-a59b-7ea1ea457784,v4048,Maxwell@display=pairwise
v4048,v2801,72650adb-e74b-4566-aece-9fbc4d64d47d,v4048,Maxwell@display=pairwise
v4048,v4048,7321c6b3-7020-45e2-bb9d-2ab101e5c7ae,v2801,Maxwell@display=pairwise
v4048,v4048,7321c6b3-7020-45e2-bb9d-2ab101e5c7ae,v2801,Maxwell@display=pairwise
v4048,v4048,e37a04cf-5cb9-4c24-b268-428f04b630ae,v2801,Maxwell@display=pairwise
v3175,v0094,f6c8adba-af1d-4784-8dbe-6fdc966f01ca,v3175,Maxwell@display=pairwise
v3175,v0094,7bf3dae0-af9d-4a3f-894f-9ff0503f5348,v3175,Maxwell@display=pairwise
v3175,v0094,f3a1eea3-f102-4572-9b89-bff4f8852f68,v3175,Maxwell@display=pairwise
v3175,v3175,f31347b5-4dd9-48d6-9c55-c095b5716f4b,v0094,Maxwell@display=pairwise
v0094,v3175,f147ea5d-89fe-4ac0-b2e1-30974a77591f,v0094,Maxwell@display=pairwise
v3175,v0094,b3fd58a0-de51-4535-89b9-5c4e67110491,v3175,Maxwell@display=pairwise
v3175,v3175,8f7a9d96-4b5f-4d1d-91d7-b4638a45dc78,v0094,Maxwell@display=pairwise
v3175,v0094,df68e14a-a48a-44ee-907b-0a8e92920b98,v3175,Maxwell@display=pairwise
v3175,v0094,b7ea617c-5ad5-4087-9795-bfd98e396875,v3175,Maxwell@display=pairwise
v3175,v3175,0630eeac-73c4-4677-83c8-f714f6e289a9,v0094,Maxwell@display=pairwise
v3355,v4235,f3a1eea3-f102-4572-9b89-bff4f8852f68,v3355,Maxwell@display=pairwise
v4235,v4235,3e5c0176-3c63-4689-bd8c-9948528b47de,v3355,Maxwell@display=pairwise
v3355,v3355,f6d6df9a-6559-4e27-b46d-92f41cc3f97b,v4235,Maxwell@display=pairwise
v4235,v4235,3b59bb46-ea50-46bd-a3a5-16087d174860,v3355,Maxwell@display=pairwise
,v3355,bc760378-ddd6-4614-a376-7a3c39de225e,v4235,Maxwell@display=pairwise
v3355,v3355,5e14c80c-d87f-446e-9e94-80c9c0a62c3b,v4235,Maxwell@display=pairwise
v4235,v4235,94299678-0cff-4f0a-815f-9ebb17345759,v3355,Maxwell@display=pairwise
v4235,v3355,b2cf1e5e-8b30-4ac1-8eee-373e05447920,v4235,Maxwell@display=pairwise
v4235,v3355,3547e3c0-da82-4993-8867-2ae2b4e1f4f7,v4235,Maxwell@display=pairwise
v4235,v4235,152a0477-3c32-40f2-b0e2-738202586ba4,v3355,Maxwell@display=pairwise
v3740,v3740,f3a1eea3-f102-4572-9b89-bff4f8852f68,v0094,Maxwell@display=pairwise
v3740,v0094,73a3dcd6-df5c-4cb9-b01e-8842ddc7f7d0,v3740,Maxwell@display=pairwise
v3740,v3740,4e2adbe1-fa03-4f25-a561-baae089d8201,v0094,Maxwell@display=pairwise
v3740,v3740,a7a93a58-0185-4a02-be01-554e229a1446,v0094,Maxwell@display=pairwise
v3740,v3740,c3da73c8-c221-4822-b9db-e6a75018931f,v0094,Maxwell@display=pairwise
v3740,v3740,e9d198a2-2917-43d5-aa8b-88cd19cf45a2,v0094,Maxwell@display=pairwise
v3740,v0094,95a7cc06-df48-4cae-9aec-7e23717e0f71,v3740,Maxwell@display=pairwise
v3740,v0094,87e8a297-f718-4c2c-b36e-ad49b5f87820,v3740,Maxwell@display=pairwise
v3740,v0094,814ef15f-db94-48de-9643-528fc2a355eb,v3740,Maxwell@display=pairwise
v3740,v0094,bbb7e5c5-7f84-4e07-ac19-886dc274ce48,v3740,Maxwell@display=pairwise
v3555,v0886,f3a1eea3-f102-4572-9b89-bff4f8852f68,v3555,Maxwell@display=pairwise
v3555,v0886,94853c24-e68d-4875-ae6f-521994d9fef0,v3555,Maxwell@display=pairwise
v3555,v3555,f94ed2ed-c25e-42f6-b0c6-30a0f8019fba,v0886,Maxwell@display=pairwise
v3555,v0886,078cd768-2d5e-4660-b076-da7a83947d90,v3555,Maxwell@display=pairwise
,v3555,b75ed7ec-fc7e-4170-917d-244db89f64a2,v0886,Maxwell@display=pairwise
v3555,v3555,b269b069-99f5-4d8d-8e73-426d3fa2f09f,v0886,Maxwell@display=pairwise
v3555,v0886,86c3fdc9-9648-4efc-ba1f-d8b06b701e87,v3555,Maxwell@display=pairwise
v3555,v0886,f1338919-3049-404e-9297-43ad044caf39,v3555,Maxwell@display=pairwise
v3555,v3555,50d836a8-9b8a-4427-9d9e-d47323c64913,v0886,Maxwell@display=pairwise
v3555,v0886,15187a17-10c3-4501-b4fd-190e9264fb64,v3555,Maxwell@display=pairwise
v3355,v3355,5205edb7-6d64-4112-ae96-e72eec1451b2,v1397,Maxwell@display=pairwise
v3355,v3355,5205edb7-6d64-4112-ae96-e72eec1451b2,v1397,Maxwell@display=pairwise
v1397,v1397,5ccc3ed0-25fd-4916-814e-1434152dda5f,v3355,Maxwell@display=pairwise
v1397,v3355,73a73e84-049f-4333-b732-088c123456d5,v1397,Maxwell@display=pairwise
v3355,v1397,ace5b35a-5ee7-4702-8761-f37c7b5c11e7,v3355,Maxwell@display=pairwise
v3355,v3355,ace5b35a-5ee7-4702-8761-f37c7b5c11e7,v1397,Maxwell@display=pairwise
v3355,v3355,0b4069bf-814c-4e56-bd46-d37b8f058ea5,v1397,Maxwell@display=pairwise
v3355,v1397,f19945e8-447a-46eb-adcc-ff690853c250,v3355,Maxwell@display=pairwise
v3355,v3355,f3a1eea3-f102-4572-9b89-bff4f8852f68,v1397,Maxwell@display=pairwise
v3355,v1397,6c667c99-47b9-4628-92e3-b75b68268f5d,v3355,Maxwell@display=pairwise
v2349,v2349,dd3aa73f-a7e4-438b-830d-809fa2ab6520,v2083,Maxwell@display=pairwise
v2083,v2083,e25b19ea-aebb-47cd-b479-8d9842cf83dc,v2349,Maxwell@display=pairwise
v2349,v2083,96c92880-627b-4c93-b3ce-2a6d076c8abf,v2349,Maxwell@display=pairwise
v2349,v2083,df148d87-9cdb-4f62-b773-355587d7b51f,v2349,Maxwell@display=pairwise
v2349,v2083,a59e7494-5d6d-4bca-a5c0-7c769da374f1,v2349,Maxwell@display=pairwise
,v2083,48448358-e8a9-438f-91d4-8aa53d013c82,v2349,Maxwell@display=pairwise
,v2083,1e957696-1bdb-4655-8b5d-f0bc71305eea,v2349,Maxwell@display=pairwise
,v2349,6d1409b9-6033-42e4-aa64-cd28900b3b16,v2083,Maxwell@display=pairwise
v2349,v2349,c4028c28-4dc8-43ed-837f-6a102925f0a7,v2083,Maxwell@display=pairwise
v2349,v2083,601526eb-3031-4f1f-9986-21b3aba14da1,v2349,Maxwell@display=pairwise
v4034,v4034,dd3aa73f-a7e4-438b-830d-809fa2ab6520,v3555,Maxwell@display=pairwise
v4034,v3555,11af42fa-614e-4be6-93e5-4fedd30f3ca3,v4034,Maxwell@display=pairwise
v4034,v3555,35f7dbdd-4c2d-43df-8b5a-7885f17732b1,v4034,Maxwell@display=pairwise
v3555,v4034,4727324f-737a-4ff6-9d12-84ae58106891,v3555,Maxwell@display=pairwise
,v4034,e17e2dcf-3979-4b09-8713-28d55d90138b,v3555,Maxwell@display=pairwise
v3555,v3555,b023edb0-5491-44a1-bacb-34942899fb86,v4034,Maxwell@display=pairwise
v4034,v4034,cd7370ec-f239-4919-be0d-7c980be77ec7,v3555,Maxwell@display=pairwise
v3555,v4034,850c7762-5ebc-4c04-b264-d14e50f37130,v3555,Maxwell@display=pairwise
v3555,v3555,09e4aacf-b969-495a-9de2-c294927e736b,v4034,Maxwell@display=pairwise
v4034,v3555,5184a7fd-e2f2-44fe-b1c1-7062145c6b02,v4034,Maxwell@display=pairwise
v0328,v0328,dd3aa73f-a7e4-438b-830d-809fa2ab6520,v0009,Maxwell@display=pairwise
v0328,v0328,dad34959-38f2-4967-9f4e-180f5fdb8888,v0009,Maxwell@display=pairwise
v0009,v0328,31d01651-40ee-49ee-8266-1aee63461887,v0009,Maxwell@display=pairwise
v0328,v0009,a7bccc46-0fad-4e81-a217-16e8f6d660b4,v0328,Maxwell@display=pairwise
v0328,v0328,f085de64-19bb-4f44-9ae2-2dc5700abca0,v0009,Maxwell@display=pairwise
v0009,v0328,8d7947e2-f6a6-48dd-93ff-f4ec519e9f67,v0009,Maxwell@display=pairwise
v0328,v0009,ee8149de-cb82-49cc-9038-c54766ad70c9,v0328,Maxwell@display=pairwise
v0328,v0328,e62d391b-52e4-4739-89b0-d8fe6a07ce47,v0009,Maxwell@display=pairwise
v0009,v0328,19ed7125-f9d4-4332-baa2-b57735cd4bae,v0009,Maxwell@display=pairwise
v0009,v0328,279550f0-7625-4018-86e5-b8da97d50081,v0009,Maxwell@display=pairwise
v2419,v2419,dd3aa73f-a7e4-438b-830d-809fa2ab6520,v0009,Maxwell@display=pairwise
v2419,v2419,dad34959-38f2-4967-9f4e-180f5fdb8888,v0009,Maxwell@display=pairwise
v2419,v2419,0ce9055c-8e48-4f35-8e94-9ca9bc88f80c,v0009,Maxwell@display=pairwise
v2419,v2419,34739ea5-3239-4633-8c9d-4d1e70eb376d,v0009,Maxwell@display=pairwise
v2419,v0009,91b93af1-fc38-4f56-bd97-9f14882417a4,v2419,Maxwell@display=pairwise
v2419,v2419,1a554cd6-a958-4409-801f-f6700b3c42ab,v0009,Maxwell@display=pairwise
v2419,v2419,4592796c-7285-48a6-b77f-e5d5c08af6c0,v0009,Maxwell@display=pairwise
v2419,v0009,d4eabb9c-6f17-472b-ade4-3caa69edc47f,v2419,Maxwell@display=pairwise
v0009,v0009,1ac54074-3b46-420d-be1a-9370fec2a3d9,v2419,Maxwell@display=pairwise
v2419,v2419,2e6f5d07-f718-40d7-9899-2d530c3566ed,v0009,Maxwell@display=pairwise
v3555,v3555,dd3aa73f-a7e4-438b-830d-809fa2ab6520,v2063,Maxwell@display=pairwise
v3555,v2063,7e52de1a-f83d-4bf5-81fb-f80371c158cb,v3555,Maxwell@display=pairwise
v3555,v3555,d67a763c-3129-46e5-8a1c-450bff6ca19d,v2063,Maxwell@display=pairwise
v3555,v3555,e17e2dcf-3979-4b09-8713-28d55d90138b,v2063,Maxwell@display=pairwise
v3555,v2063,4b9764d8-3888-4dad-a4b1-b554f50cd991,v3555,Maxwell@display=pairwise
v3555,v2063,7923b5e3-11d0-48ca-937d-4b08a7ecead4,v3555,Maxwell@display=pairwise
v3555,v2063,4c52ed79-8845-42cb-aab9-05e6faee8c9f,v3555,Maxwell@display=pairwise
v3555,v2063,a801b479-113e-4832-87fc-1561080418bb,v3555,Maxwell@display=pairwise
v3555,v3555,4fa29376-5b1b-425e-93ff-2bcf80f82251,v2063,Maxwell@display=pairwise
v3555,v2063,2b1366bc-270c-4bfe-9882-c9f5c9c8efda,v3555,Maxwell@display=pairwise
v3555,v3555,dd3aa73f-a7e4-438b-830d-809fa2ab6520,v1447,Maxwell@display=pairwise
v3555,v1447,2f9c0bcc-c712-42b9-bc2f-d02860843a89,v3555,Maxwell@display=pairwise
v3555,v1447,5a1c3efd-82cc-49c8-b9d9-add302b2be8a,v3555,Maxwell@display=pairwise
v3555,v1447,35f7dbdd-4c2d-43df-8b5a-7885f17732b1,v3555,Maxwell@display=pairwise
v1447,v3555,2dc384e2-d08c-47ed-a933-eb91ec6fb38b,v1447,Maxwell@display=pairwise
v3555,v3555,295b7632-b3b4-4d18-ab59-6527849c76d1,v1447,Maxwell@display=pairwise
v3555,v3555,f9f062ef-692e-46ad-a379-6d3a1e5a78e8,v1447,Maxwell@display=pairwise
v1447,v3555,814ef15f-db94-48de-9643-528fc2a355eb,v1447,Maxwell@display=pairwise
v3555,v1447,814ef15f-db94-48de-9643-528fc2a355eb,v3555,Maxwell@display=pairwise
v3555,v1447,c373cb1c-b2ea-40dc-a923-bc767d23c95c,v3555,Maxwell@display=pairwise
v0878,v0878,dd3aa73f-a7e4-438b-830d-809fa2ab6520,v3065,Maxwell@display=pairwise
v0878,v3065,ea86f042-2ebf-4a30-abb1-fbde6c45a3d1,v0878,Maxwell@display=pairwise
v3065,v3065,6b2b3509-e864-4edb-9850-8fc1b129866b,v0878,Maxwell@display=pairwise
v0878,v3065,4716ee65-37dd-4db1-9c22-e34ae3582bb0,v0878,Maxwell@display=pairwise
v0878,v3065,ea3db677-ebb0-4e61-a506-68dd05ca5a54,v0878,Maxwell@display=pairwise
,v0878,dedbfcfc-7bd5-4ca8-94c8-dc770921f545,v3065,Maxwell@display=pairwise
v0878,v3065,cd7370ec-f239-4919-be0d-7c980be77ec7,v0878,Maxwell@display=pairwise
,v0878,aabfee8b-fee9-4c73-bd6b-0a4b92c72528,v3065,Maxwell@display=pairwise
v0878,v3065,e42b4bc8-b2f0-4389-a27e-dbe89657a412,v0878,Maxwell@display=pairwise
,v3065,62d31ed8-f652-4253-8467-0143cdef952e,v0878,Maxwell@display=pairwise
v4511,v3555,dd3aa73f-a7e4-438b-830d-809fa2ab6520,v4511,Maxwell@display=pairwise
v3555,v4511,bbb2b770-5eab-4e22-9e43-7ff1c7cfcd31,v3555,Maxwell@display=pairwise
v3555,v4511,9e20e9ee-4c12-4160-ac86-23aa6338231c,v3555,Maxwell@display=pairwise
v4511,v3555,1ca99ba4-be7c-4a95-a57a-0005144b2eca,v4511,Maxwell@display=pairwise
v4511,v3555,cb101408-6fca-4119-9289-441754c9b2f0,v4511,Maxwell@display=pairwise
v4511,v3555,584b7635-9a3b-4a46-9127-652bab8ab045,v4511,Maxwell@display=pairwise
v3555,v4511,63543963-7fe0-4e5d-bb45-c5303123a3d0,v3555,Maxwell@display=pairwise
,v3555,77f10c27-943f-4d00-aeb6-e59251587929,v4511,Maxwell@display=pairwise
v4511,v3555,335527d0-7d2d-491b-a6e2-4c92ce9b4edc,v4511,Maxwell@display=pairwise
v3555,v3555,edc7f90b-f3f0-4de1-a315-0e649efdbd0d,v4511,Maxwell@display=pairwise
v2889,v2889,dd3aa73f-a7e4-438b-830d-809fa2ab6520,v0162,Maxwell@display=pairwise
v2889,v0162,08acb1cc-935b-4495-af50-070631f21ee8,v2889,Maxwell@display=pairwise
v2889,v0162,3ae23a3a-cf84-443a-bd7a-188731da4225,v2889,Maxwell@display=pairwise
v2889,v0162,81bbbdfd-6271-4cd2-8c33-a6894757ca13,v2889,Maxwell@display=pairwise
v2889,v2889,28674eee-cfc6-4ec4-a2f4-37fee5b5ec93,v0162,Maxwell@display=pairwise
v0162,v0162,9888d5ad-e5b5-422a-9ce4-268968886c2c,v2889,Maxwell@display=pairwise
v2889,v0162,b0a4dc9c-8f85-4cb4-b0e0-aadbead32e5f,v2889,Maxwell@display=pairwise
v2889,v2889,ce8b19c4-1057-436f-bb25-a0caf7200f5d,v0162,Maxwell@display=pairwise
v2889,v2889,112054de-a4f8-40be-8531-03283774f811,v0162,Maxwell@display=pairwise
v2889,v0162,19e2587c-4d46-491a-9939-ee51abe19c39,v2889,Maxwell@display=pairwise
v4166,v4166,dd3aa73f-a7e4-438b-830d-809fa2ab6520,v2181,Maxwell@display=pairwise
v2181,v4166,77ef258d-f371-4535-9484-4b3f05f01108,v2181,Maxwell@display=pairwise
v4166,v2181,0ce9055c-8e48-4f35-8e94-9ca9bc88f80c,v4166,Maxwell@display=pairwise
v4166,v2181,11bb2619-b3e8-49bd-99e6-dbd83100c5be,v4166,Maxwell@display=pairwise
v4166,v2181,d0ad4187-7811-434d-a93d-afbb3b6b1ad7,v4166,Maxwell@display=pairwise
v4166,v2181,fe6afd5a-8da5-49b6-af0b-9f6049662f8b,v4166,Maxwell@display=pairwise
v4166,v2181,d46aa3cf-4905-4b5d-af67-028746a98435,v4166,Maxwell@display=pairwise
v4166,v2181,054f90cf-2d8c-45ba-acc7-c80038efa44d,v4166,Maxwell@display=pairwise
v4166,v4166,edc7f90b-f3f0-4de1-a315-0e649efdbd0d,v2181,Maxwell@display=pairwise
v4166,v2181,f020e26d-309c-4394-81bf-7db2f467bc8e,v4166,Maxwell@display=pairwise
v2419,v2419,dd3aa73f-a7e4-438b-830d-809fa2ab6520,v3292,Maxwell@display=pairwise
v2419,v2419,2f9c0bcc-c712-42b9-bc2f-d02860843a89,v3292,Maxwell@display=pairwise
v3292,v2419,2b1a183f-8a1c-4ee8-889b-a2771ec07859,v3292,Maxwell@display=pairwise
v3292,v3292,11bb2619-b3e8-49bd-99e6-dbd83100c5be,v2419,Maxwell@display=pairwise
,v2419,e7003b82-7f53-47ce-b372-430970be62d0,v3292,Maxwell@display=pairwise
v2419,v3292,379768c0-f55e-4655-bf28-0d6c6b75c288,v2419,Maxwell@display=pairwise
,v2419,ac166e95-9dbb-4135-b90a-07e696f0a50c,v3292,Maxwell@display=pairwise
v3292,v3292,295b7632-b3b4-4d18-ab59-6527849c76d1,v2419,Maxwell@display=pairwise
,v2419,847d79d3-f147-41e8-91ea-6097016d7bb0,v3292,Maxwell@display=pairwise
v2419,v3292,0e80b9f5-c6c9-4c92-8afc-d29ed45b16c6,v2419,Maxwell@display=pairwise
v2349,v3175,dd3aa73f-a7e4-438b-830d-809fa2ab6520,v2349,Maxwell@display=pairwise
v2349,v2349,6737908c-5eb5-4359-9909-7a6e8c746ca4,v3175,Maxwell@display=pairwise
v2349,v3175,57510f28-373b-4b32-a9e5-a9c629bafe32,v2349,Maxwell@display=pairwise
v2349,v2349,d02f408f-c495-4a1f-83e0-411da8e86fed,v3175,Maxwell@display=pairwise
v2349,v3175,3c83b2ee-f90f-4903-a067-8d46632b7b21,v2349,Maxwell@display=pairwise
v3175,v3175,3665f070-cce1-4979-995c-d117a13742ab,v2349,Maxwell@display=pairwise
v2349,v2349,3665f070-cce1-4979-995c-d117a13742ab,v3175,Maxwell@display=pairwise
v2349,v3175,fdeab250-0277-4490-bcf0-de3d8c630a98,v2349,Maxwell@display=pairwise
v2349,v2349,22ca127c-db37-4eac-a88d-3184529fba6d,v3175,Maxwell@display=pairwise
v2349,v2349,adc336f2-1af3-4f27-8deb-9a83f894b2f2,v3175,Maxwell@display=pairwise
v1397,v2525,dd3aa73f-a7e4-438b-830d-809fa2ab6520,v1397,Maxwell@display=pairwise
v2525,v2525,faec11ec-0322-48ed-a2c7-b65d8b8ad221,v1397,Maxwell@display=pairwise
v1397,v2525,e31be515-887d-4ea7-94f6-f82b0cf24a2c,v1397,Maxwell@display=pairwise
v1397,v2525,4a4cda64-e09d-474d-abba-3cd33d2a4778,v1397,Maxwell@display=pairwise
,v1397,bb28c3d5-6528-4f53-bc09-6bf84b42a7fb,v2525,Maxwell@display=pairwise
v1397,v1397,18dda76c-d54a-40a2-9768-d2dc4378804e,v2525,Maxwell@display=pairwise
,v2525,1f073ed6-cf9c-4eed-aa27-85dfc3f34f60,v1397,Maxwell@display=pairwise
v2525,v2525,bf5b1043-3619-4e4e-8dd0-75a645dbd419,v1397,Maxwell@display=pairwise
v1397,v2525,7c68e2ea-165f-4e18-af3c-a2f8199fcbd9,v1397,Maxwell@display=pairwise
,v1397,088c8375-45de-4caf-8da5-b1d72abe0de0,v2525,Maxwell@display=pairwise
v3555,v3740,af6e2deb-376c-413f-a86c-f5a9716169c9,v3555,Maxwell@display=pairwise
v3555,v3555,5e14c80c-d87f-446e-9e94-80c9c0a62c3b,v3740,Maxwell@display=pairwise
v3555,v3740,3ccfb36f-d3ce-4ad3-a227-c8707cc532df,v3555,Maxwell@display=pairwise
,v3740,2446fec6-a38b-400c-b3fa-911eda094d0e,v3555,Maxwell@display=pairwise
v3555,v3740,3ccfb36f-d3ce-4ad3-a227-c8707cc532df,v3555,Maxwell@display=pairwise
v3555,v3740,58c1fb5b-8dca-4832-b4e4-ea63b7a6ad6e,v3555,Maxwell@display=pairwise
v3555,v3740,3ccfb36f-d3ce-4ad3-a227-c8707cc532df,v3555,Maxwell@display=pairwise
v3555,v3740,3ccfb36f-d3ce-4ad3-a227-c8707cc532df,v3555,Maxwell@display=pairwise
v3740,v3555,768f2d5e-4da6-4e17-a974-b681ec9fada3,v3740,Maxwell@display=pairwise
,v3555,40161584-d61e-4b6d-a54b-90b0a53f914e,v3740,Maxwell@display=pairwise
v1447,v1447,3ccfb36f-d3ce-4ad3-a227-c8707cc532df,v2063,Maxwell@display=pairwise
v1447,v2063,58c1fb5b-8dca-4832-b4e4-ea63b7a6ad6e,v1447,Maxwell@display=pairwise
v1447,v1447,3ccfb36f-d3ce-4ad3-a227-c8707cc532df,v2063,Maxwell@display=pairwise
v2063,v1447,cb4cc3e3-142a-4ad5-9e08-e1c09bcd1375,v2063,Maxwell@display=pairwise
v1447,v2063,6c667c99-47b9-4628-92e3-b75b68268f5d,v1447,Maxwell@display=pairwise
v1447,v2063,7829a094-b56d-4784-81b4-d56f0af9d0ee,v1447,Maxwell@display=pairwise
v2063,v2063,cb4cc3e3-142a-4ad5-9e08-e1c09bcd1375,v1447,Maxwell@display=pairwise
,v1447,1f073ed6-cf9c-4eed-aa27-85dfc3f34f60,v2063,Maxwell@display=pairwise
v2063,v1447,f947e080-fb56-44fe-b740-b6da9bcab592,v2063,Maxwell@display=pairwise
v1447,v2063,cf421e49-e692-42d6-98e8-aae5324da76e,v1447,Maxwell@display=pairwise
v3065,v3065,2dc384e2-d08c-47ed-a933-eb91ec6fb38b,v0530,Maxwell@display=pairwise
,v0530,ddd61b5c-dc4a-4146-8ae2-ae9ff73fb5d8,v3065,Maxwell@display=pairwise
v3065,v3065,3ccfb36f-d3ce-4ad3-a227-c8707cc532df,v0530,Maxwell@display=pairwise
v3065,v3065,58c1fb5b-8dca-4832-b4e4-ea63b7a6ad6e,v0530,Maxwell@display=pairwise
v3065,v3065,f0cc1ae8-38f7-44df-a97b-70cfda024744,v0530,Maxwell@display=pairwise
v3065,v0530,7d2ece56-ce0a-475c-949e-6db477f55ee0,v3065,Maxwell@display=pairwise
v3065,v3065,3ccfb36f-d3ce-4ad3-a227-c8707cc532df,v0530,Maxwell@display=pairwise
v3065,v3065,58c1fb5b-8dca-4832-b4e4-ea63b7a6ad6e,v0530,Maxwell@display=pairwise
,v3065,62d31ed8-f652-4253-8467-0143cdef952e,v0530,Maxwell@display=pairwise
v3065,v3065,1c633216-85cf-4854-b853-de600421a67d,v0530,Maxwell@display=pairwise
v3355,v1447,48990368-f0c8-46e1-9f8b-61fbaec1f893,v3355,Maxwell@display=pairwise
v3355,v3355,b1bb1cd5-b196-4cc9-8e55-a11b14166a3b,v1447,Maxwell@display=pairwise
v3355,v1447,dedbfcfc-7bd5-4ca8-94c8-dc770921f545,v3355,Maxwell@display=pairwise
v3355,v1447,58c1fb5b-8dca-4832-b4e4-ea63b7a6ad6e,v3355,Maxwell@display=pairwise
v3355,v3355,cb4cc3e3-142a-4ad5-9e08-e1c09bcd1375,v1447,Maxwell@display=pairwise
v3355,v1447,ec984e8f-4c26-4d84-9206-1d97d0351074,v3355,Maxwell@display=pairwise
v1447,v1447,e5463b92-df72-41f5-8ac7-22d086899283,v3355,Maxwell@display=pairwise
v3355,v1447,3ccfb36f-d3ce-4ad3-a227-c8707cc532df,v3355,Maxwell@display=pairwise
v3355,v3355,568341de-630c-4f7d-97c0-db58befad162,v1447,Maxwell@display=pairwise
v3355,v3355,d09c64e0-a2da-48ef-bc62-4b215947cae7,v1447,Maxwell@display=pairwise
v1190,v1190,cb4cc3e3-142a-4ad5-9e08-e1c09bcd1375,v1703,Maxwell@display=pairwise
v1703,v1703,ec984e8f-4c26-4d84-9206-1d97d0351074,v1190,Maxwell@display=pairwise
v1703,v1190,b3fd58a0-de51-4535-89b9-5c4e67110491,v1703,Maxwell@display=pairwise
v1190,v1703,79978944-2bb6-45ce-bd59-529f44c09c69,v1190,Maxwell@display=pairwise
v1703,v1703,3ccfb36f-d3ce-4ad3-a227-c8707cc532df,v1190,Maxwell@display=pairwise
v1190,v1703,8841cf31-165a-4525-ad00-5bc3d621f9fc,v1190,Maxwell@display=pairwise
v1703,v1703,95a7cc06-df48-4cae-9aec-7e23717e0f71,v1190,Maxwell@display=pairwise
v1703,v1703,cb4cc3e3-142a-4ad5-9e08-e1c09bcd1375,v1190,Maxwell@display=pairwise
v1190,v1190,48f6cdb5-6230-4605-8615-20752b953814,v1703,Maxwell@display=pairwise
v1190,v1703,bdcbadd2-3661-4ece-a668-ae3da62a8e23,v1190,Maxwell@display=pairwise
v0314,v0314,28078593-bd58-4e49-88f5-c7909b406342,v1984,Maxwell@display=pairwise
v0314,v0314,314e8591-1186-4063-97cc-338f0e2e6b51,v1984,Maxwell@display=pairwise
,v1984,7ab27881-57d1-40b8-85da-a40a47dc49c2,v0314,Maxwell@display=pairwise
v1984,v1984,cb4cc3e3-142a-4ad5-9e08-e1c09bcd1375,v0314,Maxwell@display=pairwise
v1984,v1984,fcb24693-bbc1-42d1-8242-f9973362ac87,v0314,Maxwell@display=pairwise
v1984,v1984,11bb2619-b3e8-49bd-99e6-dbd83100c5be,v0314,Maxwell@display=pairwise
v1984,v0314,06278424-ef97-42cc-bcc1-ee893b3964ea,v1984,Maxwell@display=pairwise
v1984,v1984,21d72962-585b-49b1-848c-8861ed477ea6,v0314,Maxwell@display=pairwise
v1984,v1984,58c1fb5b-8dca-4832-b4e4-ea63b7a6ad6e,v0314,Maxwell@display=pairwise
v1984,v1984,14683b3e-6dfe-4a10-8db1-20dfd0dd5f20,v0314,Maxwell@display=pairwise
v2889,v2889,58c1fb5b-8dca-4832-b4e4-ea63b7a6ad6e,v3740,Maxwell@display=pairwise
v2889,v3740,ec984e8f-4c26-4d84-9206-1d97d0351074,v2889,Maxwell@display=pairwise
,v3740,13a84fc5-c897-4808-819d-21fe4ef9dffc,v2889,Maxwell@display=pairwise
v2889,v3740,6720d5b6-4318-4c40-9831-c43eee9e9653,v2889,Maxwell@display=pairwise
v3740,v2889,c377aeaf-60e4-4bc1-8080-5619345d590c,v3740,Maxwell@display=pairwise
v3740,v2889,abd7238e-93ec-420d-aab3-40296b6b8533,v3740,Maxwell@display=pairwise
v3740,v2889,6c667c99-47b9-4628-92e3-b75b68268f5d,v3740,Maxwell@display=pairwise
v2889,v2889,5205edb7-6d64-4112-ae96-e72eec1451b2,v3740,Maxwell@display=pairwise
v3740,v2889,847d79d3-f147-41e8-91ea-6097016d7bb0,v3740,Maxwell@display=pairwise
,v3740,adc336f2-1af3-4f27-8deb-9a83f894b2f2,v2889,Maxwell@display=pairwise
v2328,v2328,148a0216-b671-4cdd-992c-7aba2d0b85cb,v2419,Maxwell@display=pairwise
v2328,v2419,58c1fb5b-8dca-4832-b4e4-ea63b7a6ad6e,v2328,Maxwell@display=pairwise
v2328,v2419,2b1a183f-8a1c-4ee8-889b-a2771ec07859,v2328,Maxwell@display=pairwise
,v2328,edc7f90b-f3f0-4de1-a315-0e649efdbd0d,v2419,Maxwell@display=pairwise
v2419,v2419,cb4cc3e3-142a-4ad5-9e08-e1c09bcd1375,v2328,Maxwell@display=pairwise
v2328,v2419,c9cbf439-dbba-4e14-bc06-61a2951a9521,v2328,Maxwell@display=pairwise
,v2419,335527d0-7d2d-491b-a6e2-4c92ce9b4edc,v2328,Maxwell@display=pairwise
v2328,v2419,ec984e8f-4c26-4d84-9206-1d97d0351074,v2328,Maxwell@display=pairwise
,v2328,fcb24693-bbc1-42d1-8242-f9973362ac87,v2419,Maxwell@display=pairwise
v2328,v2419,a5bfdbaa-27e4-47d4-8f22-a34db27faa07,v2328,Maxwell@display=pairwise
v2801,v0162,7c3b36dd-81f3-4842-90d1-41f8d139292a,v2801,Maxwell@display=pairwise
v2801,v2801,37e2fd1c-8e32-4deb-bec9-a4ed41c99e10,v0162,Maxwell@display=pairwise
v2801,v0162,d33afc89-4e22-4af7-a23c-7f20288ebb72,v2801,Maxwell@display=pairwise
v2801,v2801,898233f9-e288-4fe8-b531-bea1311e0282,v0162,Maxwell@display=pairwise
v2801,v0162,203b013a-c242-47ba-89dd-a2c609192d10,v2801,Maxwell@display=pairwise
,v0162,20d9d51e-231e-4048-90ac-ae0f2f6906d1,v2801,Maxwell@display=pairwise
v2801,v2801,16741407-ab8f-42d4-a0de-61154fca3785,v0162,Maxwell@display=pairwise
v2801,v0162,6c195b05-5754-4268-aaec-09c6fa8d20ce,v2801,Maxwell@display=pairwise
v2801,v2801,352bfce1-aa96-44d6-967b-eafa128efab4,v0162,Maxwell@display=pairwise
v2801,v0162,e85e58bc-19bb-4fff-aa70-72a175b95db2,v2801,Maxwell@display=pairwise
v4125,v1397,898233f9-e288-4fe8-b531-bea1311e0282,v4125,Maxwell@display=pairwise
v1397,v1397,db7a1735-7ea2-4e72-93df-997a3c7a0046,v4125,Maxwell@display=pairwise
v4125,v1397,898233f9-e288-4fe8-b531-bea1311e0282,v4125,Maxwell@display=pairwise
v1397,v4125,b75ed7ec-fc7e-4170-917d-244db89f64a2,v1397,Maxwell@display=pairwise
v4125,v1397,57c5b042-79d7-4bb7-8714-5d3808c5cd0e,v4125,Maxwell@display=pairwise
v4125,v1397,f94ed2ed-c25e-42f6-b0c6-30a0f8019fba,v4125,Maxwell@display=pairwise
v4125,v4125,dd67b30b-2e2b-44b0-a821-5ef9f5daaeeb,v1397,Maxwell@display=pairwise
v4125,v4125,14ec1f3e-c047-4d13-a2d6-76da32d9ed62,v1397,Maxwell@display=pairwise
v4125,v4125,fcb24693-bbc1-42d1-8242-f9973362ac87,v1397,Maxwell@display=pairwise
v1397,v4125,8cc2fb53-d4ad-40ed-a526-d4950f4902b4,v1397,Maxwell@display=pairwise
v4034,v2801,d0c823c4-c423-43a3-96bb-7f91f3fd8621,v4034,Maxwell@display=pairwise
v4034,v2801,898233f9-e288-4fe8-b531-bea1311e0282,v4034,Maxwell@display=pairwise
v2801,v4034,3fb4c47e-e723-4f8f-9933-f39a498c7374,v2801,Maxwell@display=pairwise
v4034,v2801,4cfaf7eb-7c7a-4d23-afa8-6e9c8e64a6b4,v4034,Maxwell@display=pairwise
v4034,v2801,9888d5ad-e5b5-422a-9ce4-268968886c2c,v4034,Maxwell@display=pairwise
v4034,v4034,24c7bb15-fdc7-448c-96a3-557e772127cd,v2801,Maxwell@display=pairwise
v4034,v2801,ec984e8f-4c26-4d84-9206-1d97d0351074,v4034,Maxwell@display=pairwise
v4034,v2801,35a5fd4a-c3d1-456f-81f3-f5489dcf64c7,v4034,Maxwell@display=pairwise
v2801,v4034,e7003b82-7f53-47ce-b372-430970be62d0,v2801,Maxwell@display=pairwise
v4034,v2801,c758b9ec-c7db-4da8-8450-69226c6135d2,v4034,Maxwell@display=pairwise
v2635,v2419,ec984e8f-4c26-4d84-9206-1d97d0351074,v2635,Maxwell@display=pairwise
v2635,v2419,761748d4-d10d-4076-8ba5-4316321078d2,v2635,Maxwell@display=pairwise
v2635,v2419,35f7dbdd-4c2d-43df-8b5a-7885f17732b1,v2635,Maxwell@display=pairwise
v2635,v2419,8df9f32c-7ad0-46ab-b52d-026eca9182d5,v2635,Maxwell@display=pairwise
v2635,v2419,ec984e8f-4c26-4d84-9206-1d97d0351074,v2635,Maxwell@display=pairwise
v2635,v2635,4102f50c-9bd0-46b1-a432-2abc3ac76044,v2419,Maxwell@display=pairwise
,v2419,f9e4bb6c-79e2-4693-af7b-1ac69eea590a,v2635,Maxwell@display=pairwise
v2635,v2635,a5bfdbaa-27e4-47d4-8f22-a34db27faa07,v2419,Maxwell@display=pairwise
v2635,v2419,5e14c80c-d87f-446e-9e94-80c9c0a62c3b,v2635,Maxwell@display=pairwise
v2635,v2419,898233f9-e288-4fe8-b531-bea1311e0282,v2635,Maxwell@display=pairwise
v2513,v0530,c758b9ec-c7db-4da8-8450-69226c6135d2,v2513,Maxwell@display=pairwise
,v2513,01f1ebd7-d031-4b6c-9c2b-e6e64c207dbe,v0530,Maxwell@display=pairwise
v2513,v2513,c758b9ec-c7db-4da8-8450-69226c6135d2,v0530,Maxwell@display=pairwise
v2513,v2513,551170cd-eec1-45e1-8fcb-38d560259044,v0530,Maxwell@display=pairwise
v2513,v0530,898233f9-e288-4fe8-b531-bea1311e0282,v2513,Maxwell@display=pairwise
v2513,v2513,ab45a492-e076-489d-bd8f-39251a92f0ab,v0530,Maxwell@display=pairwise
v2513,v0530,2b3373d8-d55d-4fe9-8c30-800e1e6ed65f,v2513,Maxwell@display=pairwise
v2513,v2513,acccac54-c658-4a6d-b128-1acee477e62e,v0530,Maxwell@display=pairwise
v2513,v0530,5f5c5157-bc4e-4779-9793-2661ff057066,v2513,Maxwell@display=pairwise
v2513,v0530,a5bfdbaa-27e4-47d4-8f22-a34db27faa07,v2513,Maxwell@display=pairwise
v0265,v1373,2c9a72d6-6d7d-4b0f-a7d4-bb0625c39190,v0265,Maxwell@display=pairwise
v0265,v0265,8c486527-a24e-43cc-93c6-81d3da4e9836,v1373,Maxwell@display=pairwise
v1373,v1373,28674eee-cfc6-4ec4-a2f4-37fee5b5ec93,v0265,Maxwell@display=pairwise
v0265,v1373,fcb24693-bbc1-42d1-8242-f9973362ac87,v0265,Maxwell@display=pairwise
,v1373,f020e26d-309c-4394-81bf-7db2f467bc8e,v0265,Maxwell@display=pairwise
v0265,v0265,2c9a72d6-6d7d-4b0f-a7d4-bb0625c39190,v1373,Maxwell@display=pairwise
v0265,v1373,fcb24693-bbc1-42d1-8242-f9973362ac87,v0265,Maxwell@display=pairwise
v0265,v0265,4db85d74-0f6b-4231-9f89-f26a362394c5,v1373,Maxwell@display=pairwise
v0265,v1373,898233f9-e288-4fe8-b531-bea1311e0282,v0265,Maxwell@display=pairwise
v1373,v0265,92b315aa-c3d8-4ac2-8c1c-aba2f5a7b6d9,v1373,Maxwell@display=pairwise
v2181,v0530,f52b764c-6af0-4c94-8cdd-65f0f56a1931,v2181,Maxwell@display=pairwise
v2181,v2181,701d9632-11da-4c45-b5a9-9ef109bd0705,v0530,Maxwell@display=pairwise
v2181,v2181,3a23769b-fdcf-4dd6-b967-a8640412a76e,v0530,Maxwell@display=pairwise
v2181,v0530,723ecde4-3695-4235-afdf-bb230a3f2707,v2181,Maxwell@display=pairwise
v2181,v2181,63543963-7fe0-4e5d-bb45-c5303123a3d0,v0530,Maxwell@display=pairwise
v2181,v0530,ec984e8f-4c26-4d84-9206-1d97d0351074,v2181,Maxwell@display=pairwise
v2181,v0530,a5bfdbaa-27e4-47d4-8f22-a34db27faa07,v2181,Maxwell@display=pairwise
v2181,v0530,0dfde53f-a1c3-4854-9c02-3e41d9086ece,v2181,Maxwell@display=pairwise
v2181,v2181,bb6f7d69-13e4-4bf4-9aa2-bfa5e8640d32,v0530,Maxwell@display=pairwise
v2181,v2181,898233f9-e288-4fe8-b531-bea1311e0282,v0530,Maxwell@display=pairwise
v3175,v1703,c758b9ec-c7db-4da8-8450-69226c6135d2,v3175,Maxwell@display=pairwise
v1703,v3175,676d136b-aabc-4a63-9157-3a6ddacfd43f,v1703,Maxwell@display=pairwise
v3175,v1703,584b7635-9a3b-4a46-9127-652bab8ab045,v3175,Maxwell@display=pairwise
v1703,v1703,8f7e51a3-8852-4682-99c4-de2ab7f8863b,v3175,Maxwell@display=pairwise
v3175,v3175,a5bfdbaa-27e4-47d4-8f22-a34db27faa07,v1703,Maxwell@display=pairwise
v1703,v1703,edc7f90b-f3f0-4de1-a315-0e649efdbd0d,v3175,Maxwell@display=pairwise
v1703,v1703,898233f9-e288-4fe8-b531-bea1311e0282,v3175,Maxwell@display=pairwise
,v1703,45e47aba-742a-412f-9b0b-ac8a74e2f809,v3175,Maxwell@display=pairwise
v1703,v3175,8f7e51a3-8852-4682-99c4-de2ab7f8863b,v1703,Maxwell@display=pairwise
v1703,v3175,f2cb3403-6c77-4e49-86af-9e41adbacf34,v1703,Maxwell@display=pairwise
v4511,v1190,d2274bbe-d5ac-4c27-8579-f0e4e7eeb3d3,v4511,Maxwell@display=pairwise
v1190,v1190,c758b9ec-c7db-4da8-8450-69226c6135d2,v4511,Maxwell@display=pairwise
v1190,v4511,898233f9-e288-4fe8-b531-bea1311e0282,v1190,Maxwell@display=pairwise
,v1190,adc336f2-1af3-4f27-8deb-9a83f894b2f2,v4511,Maxwell@display=pairwise
v4511,v4511,e9d198a2-2917-43d5-aa8b-88cd19cf45a2,v1190,Maxwell@display=pairwise
v4511,v1190,a5bfdbaa-27e4-47d4-8f22-a34db27faa07,v4511,Maxwell@display=pairwise
v4511,v4511,c4def5d3-8498-4453-9086-653e4184d2c1,v1190,Maxwell@display=pairwise
v4511,v1190,ec984e8f-4c26-4d84-9206-1d97d0351074,v4511,Maxwell@display=pairwise
v4511,v1190,a5bfdbaa-27e4-47d4-8f22-a34db27faa07,v4511,Maxwell@display=pairwise
v4511,v1190,2a13fd1a-a20e-4bc2-8695-27ba20d2f10a,v4511,Maxwell@display=pairwise
v4537,v4537,d83aba4d-3e51-4ba3-9f02-e7119f127b9e,v3740,Maxwell@display=pairwise
v4537,v4537,fcb24693-bbc1-42d1-8242-f9973362ac87,v3740,Maxwell@display=pairwise
v4537,v4537,f49752e6-2b8d-49f0-9d45-3133a3421c15,v3740,Maxwell@display=pairwise
v4537,v3740,2e6f5d07-f718-40d7-9899-2d530c3566ed,v4537,Maxwell@display=pairwise
v4537,v3740,7bf3dae0-af9d-4a3f-894f-9ff0503f5348,v4537,Maxwell@display=pairwise
v4537,v3740,9fde6f43-a5ca-4c47-a344-7575e5370d05,v4537,Maxwell@display=pairwise
v4537,v4537,68f9fc6d-5215-4fa5-b428-049b8066252a,v3740,Maxwell@display=pairwise
v4537,v4537,ec984e8f-4c26-4d84-9206-1d97d0351074,v3740,Maxwell@display=pairwise
v4537,v4537,898233f9-e288-4fe8-b531-bea1311e0282,v3740,Maxwell@display=pairwise
v4537,v3740,9fde6f43-a5ca-4c47-a344-7575e5370d05,v4537,Maxwell@display=pairwise
v2419,v3355,898233f9-e288-4fe8-b531-bea1311e0282,v2419,Maxwell@display=pairwise
v3355,v2419,e85e58bc-19bb-4fff-aa70-72a175b95db2,v3355,Maxwell@display=pairwise
v3355,v3355,f7c088a4-f181-4faf-b131-f76c01b92e8d,v2419,Maxwell@display=pairwise
v3355,v3355,c9e36c3c-b003-43bc-8558-26d476b0a20d,v2419,Maxwell@display=pairwise
v3355,v2419,75b75480-7063-484c-9328-642307386043,v3355,Maxwell@display=pairwise
v3355,v2419,065a8b4f-3767-4764-a1c4-2297a63ea309,v3355,Maxwell@display=pairwise
,v2419,af6e2deb-376c-413f-a86c-f5a9716169c9,v3355,Maxwell@display=pairwise
v3355,v2419,67d6e59e-98bb-4804-be1c-03beebfd5222,v3355,Maxwell@display=pairwise
v3355,v3355,fdeab250-0277-4490-bcf0-de3d8c630a98,v2419,Maxwell@display=pairwise
v3355,v2419,bdcbadd2-3661-4ece-a668-ae3da62a8e23,v3355,Maxwell@display=pairwise
v2519,v2889,026c8690-22a2-4ca3-b37e-73c29dcf0858,v2519,Maxwell@display=pairwise
v2889,v2889,f49752e6-2b8d-49f0-9d45-3133a3421c15,v2519,Maxwell@display=pairwise
v2519,v2519,48448358-e8a9-438f-91d4-8aa53d013c82,v2889,Maxwell@display=pairwise
v2519,v2889,bb6f7d69-13e4-4bf4-9aa2-bfa5e8640d32,v2519,Maxwell@display=pairwise
v2889,v2889,db9ea501-dc60-469e-99e5-17b4bcfcb6fb,v2519,Maxwell@display=pairwise
v2519,v2889,a5bfdbaa-27e4-47d4-8f22-a34db27faa07,v2519,Maxwell@display=pairwise
v2889,v2889,2eb7870f-25ce-49d2-a094-ac88dd1f63ad,v2519,Maxwell@display=pairwise
v2519,v2889,df26a6f9-0f91-4a5e-82a0-ce73746d46d1,v2519,Maxwell@display=pairwise
v2889,v2519,c758b9ec-c7db-4da8-8450-69226c6135d2,v2889,Maxwell@display=pairwise
v2889,v2519,c758b9ec-c7db-4da8-8450-69226c6135d2,v2889,Maxwell@display=pairwise
,v2828,75b75480-7063-484c-9328-642307386043,v0032,Maxwell@display=pairwise
v2828,v0032,a5bfdbaa-27e4-47d4-8f22-a34db27faa07,v2828,Maxwell@display=pairwise
v0032,v2828,c758b9ec-c7db-4da8-8450-69226c6135d2,v0032,Maxwell@display=pairwise
v2828,v2828,81bbbdfd-6271-4cd2-8c33-a6894757ca13,v0032,Maxwell@display=pairwise
v2828,v0032,a5bfdbaa-27e4-47d4-8f22-a34db27faa07,v2828,Maxwell@display=pairwise
v2828,v0032,17ba7ccf-cde9-4ecc-92d6-17c706087da2,v2828,Maxwell@display=pairwise
v2828,v0032,3d7fe021-5960-477b-910a-b9019bd40c53,v2828,Maxwell@display=pairwise
v0032,v0032,7364c455-72c0-4ba7-bd80-b8277ed5fa61,v2828,Maxwell@display=pairwise
v2828,v2828,f49752e6-2b8d-49f0-9d45-3133a3421c15,v0032,Maxwell@display=pairwise
v2828,v0032,a5bfdbaa-27e4-47d4-8f22-a34db27faa07,v2828,Maxwell@display=pairwise
v0824,v1703,c758b9ec-c7db-4da8-8450-69226c6135d2,v0824,Maxwell@display=pairwise
v1703,v0824,a801b479-113e-4832-87fc-1561080418bb,v1703,Maxwell@display=pairwise
v1703,v1703,c498d5cf-b5b6-469d-8d68-860f0f7e3445,v0824,Maxwell@display=pairwise
v1703,v0824,1ab3015c-2a18-4a9c-9842-14c3cab722d7,v1703,Maxwell@display=pairwise
v1703,v0824,471f0556-5a0e-4c5c-b59c-c302504cf352,v1703,Maxwell@display=pairwise
v1703,v1703,b0f8077d-dcab-4219-bb3b-100afaafa26d,v0824,Maxwell@display=pairwise
v0824,v0824,13876ad3-4e97-4915-be68-f5a26055772b,v1703,Maxwell@display=pairwise
v1703,v0824,9185b4f4-7b4c-4c14-a224-c258d06bfa75,v1703,Maxwell@display=pairwise
v0824,v1703,5b7941b2-f536-4d14-bc56-02d70068e6a3,v0824,Maxwell@display=pairwise
v1703,v1703,fcb24693-bbc1-42d1-8242-f9973362ac87,v0824,Maxwell@display=pairwise
v1859,v1859,ec984e8f-4c26-4d84-9206-1d97d0351074,v1394,Maxwell@display=pairwise
v1859,v1859,1581d9ba-baf0-47a6-9d2b-56bf103d5193,v1394,Maxwell@display=pairwise
v1859,v1394,ec984e8f-4c26-4d84-9206-1d97d0351074,v1859,Maxwell@display=pairwise
v1859,v1394,723aa930-ec56-4066-ae75-7504ed46fa1e,v1859,Maxwell@display=pairwise
v1859,v1859,a5bfdbaa-27e4-47d4-8f22-a34db27faa07,v1394,Maxwell@display=pairwise
v1859,v1394,7b6e20cf-14ac-40b3-aa99-d26500b0f503,v1859,Maxwell@display=pairwise
v1859,v1394,fcb24693-bbc1-42d1-8242-f9973362ac87,v1859,Maxwell@display=pairwise
v1859,v1394,dedbfcfc-7bd5-4ca8-94c8-dc770921f545,v1859,Maxwell@display=pairwise
v1859,v1859,871c2c32-2a79-4dfe-8f52-64f2693fedd4,v1394,Maxwell@display=pairwise
v1859,v1859,b6634fbf-fd8c-4256-96b7-8dbfefd99757,v1394,Maxwell@display=pairwise
v4166,v0162,a5bfdbaa-27e4-47d4-8f22-a34db27faa07,v4166,Maxwell@display=pairwise
v4166,v4166,f49752e6-2b8d-49f0-9d45-3133a3421c15,v0162,Maxwell@display=pairwise
v4166,v0162,31d01651-40ee-49ee-8266-1aee63461887,v4166,Maxwell@display=pairwise
v4166,v4166,8477eb0e-905a-4f16-a145-97a894176374,v0162,Maxwell@display=pairwise
v4166,v4166,9a13acb4-7038-4936-8528-49b8f8676860,v0162,Maxwell@display=pairwise
v4166,v4166,8c720eee-ed3e-49c7-87d6-11f9c7e89f0f,v0162,Maxwell@display=pairwise
v0162,v4166,d2274bbe-d5ac-4c27-8579-f0e4e7eeb3d3,v0162,Maxwell@display=pairwise
v4166,v0162,14ec1f3e-c047-4d13-a2d6-76da32d9ed62,v4166,Maxwell@display=pairwise
v4166,v0162,690c2e17-352c-4b13-88ff-f1e031cfec7e,v4166,Maxwell@display=pairwise
v4166,v4166,19e2587c-4d46-491a-9939-ee51abe19c39,v0162,Maxwell@display=pairwise
v4166,v4166,a4914634-9c3a-4b63-ba2f-eae01b722ce6,v2419,Maxwell@display=pairwise
v4166,v4166,ec984e8f-4c26-4d84-9206-1d97d0351074,v2419,Maxwell@display=pairwise
v4166,v4166,bc441066-48fe-430a-8ae9-46706a7d4640,v2419,Maxwell@display=pairwise
v4166,v2419,21350804-8bb4-46fc-964b-228b225563ca,v4166,Maxwell@display=pairwise
v4166,v2419,c758b9ec-c7db-4da8-8450-69226c6135d2,v4166,Maxwell@display=pairwise
v4166,v2419,942abe5f-d5e6-44ae-981b-c2664203ca49,v4166,Maxwell@display=pairwise
v4166,v4166,209cb4b5-da1d-4522-8e51-c7ab4b854165,v2419,Maxwell@display=pairwise
v4166,v2419,942abe5f-d5e6-44ae-981b-c2664203ca49,v4166,Maxwell@display=pairwise
v4166,v4166,0fe8a7e1-5dbc-4a2b-b956-4e18128d5353,v2419,Maxwell@display=pairwise
v4166,v2419,c760ddd8-8c12-4220-8cc5-204af2fa789c,v4166,Maxwell@display=pairwise
v4048,v4048,ec984e8f-4c26-4d84-9206-1d97d0351074,v2181,Maxwell@display=pairwise
v4048,v4048,f49752e6-2b8d-49f0-9d45-3133a3421c15,v2181,Maxwell@display=pairwise
v4048,v2181,7eb95ab6-eca8-489b-b426-e9b15a50c9cb,v4048,Maxwell@display=pairwise
v4048,v4048,1ab3015c-2a18-4a9c-9842-14c3cab722d7,v2181,Maxwell@display=pairwise
v4048,v2181,d67a763c-3129-46e5-8a1c-450bff6ca19d,v4048,Maxwell@display=pairwise
v4048,v4048,b023edb0-5491-44a1-bacb-34942899fb86,v2181,Maxwell@display=pairwise
v4048,v4048,b678ad4f-2bf3-4079-925c-47a98abb234f,v2181,Maxwell@display=pairwise
v2181,v4048,ee8149de-cb82-49cc-9038-c54766ad70c9,v2181,Maxwell@display=pairwise
v4048,v4048,4c9f3ef1-1be5-4b46-b834-89e3cd2a94a2,v2181,Maxwell@display=pairwise
v4048,v2181,cd54525c-5942-4876-b3c3-0c6d37cf3f6b,v4048,Maxwell@display=pairwise
v4097,v4235,f49752e6-2b8d-49f0-9d45-3133a3421c15,v4097,Maxwell@display=pairwise
v4235,v4097,c758b9ec-c7db-4da8-8450-69226c6135d2,v4235,Maxwell@display=pairwise
v4097,v4235,ae30bc61-78e0-4361-a5bc-9e7c1bbf8f1c,v4097,Maxwell@display=pairwise
v4235,v4097,898cd458-3328-4ede-85e7-6e18eef38b6e,v4235,Maxwell@display=pairwise
v4097,v4235,8c720eee-ed3e-49c7-87d6-11f9c7e89f0f,v4097,Maxwell@display=pairwise
v4097,v4097,c57b2313-faa0-4c95-b91f-4f3c7609b1c1,v4235,Maxwell@display=pairwise
v4097,v4235,0630eeac-73c4-4677-83c8-f714f6e289a9,v4097,Maxwell@display=pairwise
v4097,v4235,1cb93b11-5310-4d5c-a726-b413659dd3b8,v4097,Maxwell@display=pairwise
v4097,v4235,12af1ee7-72cf-412b-95e3-35dd7ad7d1d6,v4097,Maxwell@display=pairwise
v4097,v4235,c7d90a87-a380-46b6-af6f-fad86d1c1757,v4097,Maxwell@display=pairwise
v1477,v2083,d67a763c-3129-46e5-8a1c-450bff6ca19d,v1477,Maxwell@display=pairwise
v2083,v1477,40161584-d61e-4b6d-a54b-90b0a53f914e,v2083,Maxwell@display=pairwise
v1477,v1477,92b4633f-85e8-427d-a008-08fcc93e15e9,v2083,Maxwell@display=pairwise
v1477,v2083,3edabbb6-39e3-4150-a866-31860248b085,v1477,Maxwell@display=pairwise
v2083,v1477,724c60ae-6aa6-4024-bb86-11ee7b7b8770,v2083,Maxwell@display=pairwise
v1477,v2083,f2c0d8f4-3093-434b-b640-14aa99aceaf7,v1477,Maxwell@display=pairwise
v2083,v2083,35a5fd4a-c3d1-456f-81f3-f5489dcf64c7,v1477,Maxwell@display=pairwise
,v1477,f49752e6-2b8d-49f0-9d45-3133a3421c15,v2083,Maxwell@display=pairwise
v1477,v1477,f49752e6-2b8d-49f0-9d45-3133a3421c15,v2083,Maxwell@display=pairwise
,v1477,fcb24693-bbc1-42d1-8242-f9973362ac87,v2083,Maxwell@display=pairwise
v3175,v0009,f49752e6-2b8d-49f0-9d45-3133a3421c15,v3175,Maxwell@display=pairwise
v0009,v3175,fcb24693-bbc1-42d1-8242-f9973362ac87,v0009,Maxwell@display=pairwise
,v0009,3a37653c-9f20-4105-9e6f-d0197869e5ec,v3175,Maxwell@display=pairwise
v3175,v0009,3b59bb46-ea50-46bd-a3a5-16087d174860,v3175,Maxwell@display=pairwise
v3175,v3175,5fa03c38-e27e-4f64-8734-7be0dfe4d9c7,v0009,Maxwell@display=pairwise
v3175,v0009,85acf25a-acab-4993-a328-e5aaacf2367f,v3175,Maxwell@display=pairwise
v3175,v0009,7362c712-28f5-4b3b-a8e7-274ce94aae4b,v3175,Maxwell@display=pairwise
v3175,v3175,d26017bc-5f0f-46a9-9ecd-b0be37678c1f,v0009,Maxwell@display=pairwise
v3175,v0009,67159434-83bd-4d1a-aaa8-379718f13f27,v3175,Maxwell@display=pairwise
v3175,v0009,da7d4669-ee69-4b69-9548-38fdb95e66a3,v3175,Maxwell@display=pairwise
v2801,v2801,e85e58bc-19bb-4fff-aa70-72a175b95db2,v1394,Maxwell@display=pairwise
v1394,v2801,ace5b35a-5ee7-4702-8761-f37c7b5c11e7,v1394,Maxwell@display=pairwise
v2801,v1394,dc1081cb-7773-4571-b027-33c4446f75ed,v2801,Maxwell@display=pairwise
v2801,v1394,fdafe1fc-3bdb-472a-a91e-52abb2f5e78f,v2801,Maxwell@display=pairwise
v2801,v1394,bf06ee4c-bec3-4766-8e90-2f826cf034b6,v2801,Maxwell@display=pairwise
v2801,v2801,df148d87-9cdb-4f62-b773-355587d7b51f,v1394,Maxwell@display=pairwise
v2801,v2801,e4076421-c718-4550-a279-71b8f41de5fd,v1394,Maxwell@display=pairwise
v2801,v2801,7d2ece56-ce0a-475c-949e-6db477f55ee0,v1394,Maxwell@display=pairwise
v2801,v2801,537c627e-ce2d-4b04-939a-552205731bb6,v1394,Maxwell@display=pairwise
v2801,v1394,f74805b0-7406-4a6a-9a49-5c7b8bedda55,v2801,Maxwell@display=pairwise
v0878,v0878,6e87b8ed-dbb8-4ce3-b2d9-00d2e608daca,v1447,Maxwell@display=pairwise
v0878,v1447,f875a8f1-ecd5-4cae-ac35-6f6466d90237,v0878,Maxwell@display=pairwise
v0878,v0878,96c92880-627b-4c93-b3ce-2a6d076c8abf,v1447,Maxwell@display=pairwise
v0878,v1447,a59e7494-5d6d-4bca-a5c0-7c769da374f1,v0878,Maxwell@display=pairwise
v0878,v1447,6e87b8ed-dbb8-4ce3-b2d9-00d2e608daca,v0878,Maxwell@display=pairwise
v0878,v0878,6a7b1dd4-b79f-4017-b161-b8de06e3d2b9,v1447,Maxwell@display=pairwise
v1447,v0878,e85e58bc-19bb-4fff-aa70-72a175b95db2,v1447,Maxwell@display=pairwise
v0878,v0878,ea86f042-2ebf-4a30-abb1-fbde6c45a3d1,v1447,Maxwell@display=pairwise
,v0878,393a3c3e-2f6d-49dd-b9e0-18768e4dbb96,v1447,Maxwell@display=pairwise
v0878,v0878,19ed7125-f9d4-4332-baa2-b57735cd4bae,v1447,Maxwell@display=pairwise
v1703,v1703,2886de17-6865-4f59-8f24-9afbd87a36af,v0314,Maxwell@display=pairwise
v1703,v0314,ce008773-19e4-41d1-82ae-f094be0d2171,v1703,Maxwell@display=pairwise
v1703,v1703,2c9a72d6-6d7d-4b0f-a7d4-bb0625c39190,v0314,Maxwell@display=pairwise
v1703,v1703,f2cb3403-6c77-4e49-86af-9e41adbacf34,v0314,Maxwell@display=pairwise
v1703,v0314,e85e58bc-19bb-4fff-aa70-72a175b95db2,v1703,Maxwell@display=pairwise
v1703,v1703,8df9f32c-7ad0-46ab-b52d-026eca9182d5,v0314,Maxwell@display=pairwise
v0314,v1703,db9ea501-dc60-469e-99e5-17b4bcfcb6fb,v0314,Maxwell@display=pairwise
v1703,v1703,6e87b8ed-dbb8-4ce3-b2d9-00d2e608daca,v0314,Maxwell@display=pairwise
v1703,v1703,8c486527-a24e-43cc-93c6-81d3da4e9836,v0314,Maxwell@display=pairwise
,v1703,5a1c3efd-82cc-49c8-b9d9-add302b2be8a,v0314,Maxwell@display=pairwise
v1984,v1373,e85e58bc-19bb-4fff-aa70-72a175b95db2,v1984,Maxwell@display=pairwise
v1984,v1373,90b75463-bb9b-47ed-a579-8f88fc4299b8,v1984,Maxwell@display=pairwise
v1984,v1373,14683b3e-6dfe-4a10-8db1-20dfd0dd5f20,v1984,Maxwell@display=pairwise
v1984,v1373,319e1e2f-e9cf-4981-8ce2-42f5765137f5,v1984,Maxwell@display=pairwise
v1984,v1373,f947e080-fb56-44fe-b740-b6da9bcab592,v1984,Maxwell@display=pairwise
v1373,v1373,8c720eee-ed3e-49c7-87d6-11f9c7e89f0f,v1984,Maxwell@display=pairwise
,v1373,e3b8bb83-c52a-4ef2-b875-665689a58489,v1984,Maxwell@display=pairwise
,v1373,f1338919-3049-404e-9297-43ad044caf39,v1984,Maxwell@display=pairwise
v1373,v1984,1cb93b11-5310-4d5c-a726-b413659dd3b8,v1373,Maxwell@display=pairwise
v1373,v1373,1cb93b11-5310-4d5c-a726-b413659dd3b8,v1984,Maxwell@display=pairwise
v4048,v4097,d39c5247-3bfe-426f-87db-6d7ca30b9f8c,v4048,Maxwell@display=pairwise
v4097,v4097,90b75463-bb9b-47ed-a579-8f88fc4299b8,v4048,Maxwell@display=pairwise
v4097,v4097,ea86f042-2ebf-4a30-abb1-fbde6c45a3d1,v4048,Maxwell@display=pairwise
v4097,v4048,4b9764d8-3888-4dad-a4b1-b554f50cd991,v4097,Maxwell@display=pairwise
v4097,v4048,edc7f90b-f3f0-4de1-a315-0e649efdbd0d,v4097,Maxwell@display=pairwise
,v4048,f020e26d-309c-4394-81bf-7db2f467bc8e,v4097,Maxwell@display=pairwise
v4097,v4097,5ca80653-5ca4-4a63-a5e9-7c13c6f6ef4e,v4048,Maxwell@display=pairwise
v4097,v4097,e85e58bc-19bb-4fff-aa70-72a175b95db2,v4048,Maxwell@display=pairwise
v4097,v4048,b729730b-45b0-4f9e-b3be-4c661741c01b,v4097,Maxwell@display=pairwise
,v4097,2b1a183f-8a1c-4ee8-889b-a2771ec07859,v4048,Maxwell@display=pairwise
v4166,v4166,965ff344-5fbe-416d-8965-9c65cf52ab41,v2525,Maxwell@display=pairwise
v4166,v2525,965ff344-5fbe-416d-8965-9c65cf52ab41,v4166,Maxwell@display=pairwise
v4166,v4166,45e47aba-742a-412f-9b0b-ac8a74e2f809,v2525,Maxwell@display=pairwise
v4166,v2525,c8663594-fd63-46c0-be02-64eede925ed2,v4166,Maxwell@display=pairwise
v4166,v4166,f27bb50a-2b7d-4f18-8fa3-a3fd7bc9fd8e,v2525,Maxwell@display=pairwise
v4166,v2525,bf5b1043-3619-4e4e-8dd0-75a645dbd419,v4166,Maxwell@display=pairwise
v4166,v4166,90b75463-bb9b-47ed-a579-8f88fc4299b8,v2525,Maxwell@display=pairwise
v2525,v2525,3ae23a3a-cf84-443a-bd7a-188731da4225,v4166,Maxwell@display=pairwise
v4166,v2525,f2393f46-bd26-4564-bf32-3f4c890d2821,v4166,Maxwell@display=pairwise
,v4166,763852f1-e766-4548-82da-08f5e6450ba6,v2525,Maxwell@display=pairwise
,v1025,4ea0873d-96ee-486c-bb32-18129db248af,v2801,Maxwell@display=pairwise
v1025,v2801,e85e58bc-19bb-4fff-aa70-72a175b95db2,v1025,Maxwell@display=pairwise
v2801,v2801,1dac0e33-0065-4e0e-8e64-fd0e63278971,v1025,Maxwell@display=pairwise
v2801,v2801,cabe6903-7b7e-4c1a-b661-958c6fa61429,v1025,Maxwell@display=pairwise
v1025,v1025,edb15e9d-3f08-4975-bdc5-dd360e208bf1,v2801,Maxwell@display=pairwise
v2801,v2801,a4ff02d4-6d50-4f8a-b84e-4c6ba39528a5,v1025,Maxwell@display=pairwise
,v2801,148f22ba-ed8e-4f96-827b-2afb9db9e1d3,v1025,Maxwell@display=pairwise
v2801,v2801,bb124c47-757c-4a7c-a0d4-8c10f384baa9,v1025,Maxwell@display=pairwise
v1025,v2801,a9591a8a-3147-43f9-969a-2603ca967f9e,v1025,Maxwell@display=pairwise
v1025,v2801,690c2e17-352c-4b13-88ff-f1e031cfec7e,v1025,Maxwell@display=pairwise
v2083,v0009,de4830fb-a55e-481e-972c-e8cd68d4cf25,v2083,Maxwell@display=pairwise
v2083,v0009,4592796c-7285-48a6-b77f-e5d5c08af6c0,v2083,Maxwell@display=pairwise
v2083,v2083,09f575b8-b536-4315-8bb0-a892ce0721ed,v0009,Maxwell@display=pairwise
v0009,v0009,d8c466c5-877b-40b2-b8d8-5cd12c3902b1,v2083,Maxwell@display=pairwise
v2083,v2083,ba2e5955-a806-4ec0-b668-6073bb201c11,v0009,Maxwell@display=pairwise
v2083,v0009,e85e58bc-19bb-4fff-aa70-72a175b95db2,v2083,Maxwell@display=pairwise
v2083,v2083,ace5b35a-5ee7-4702-8761-f37c7b5c11e7,v0009,Maxwell@display=pairwise
v2083,v0009,4b9764d8-3888-4dad-a4b1-b554f50cd991,v2083,Maxwell@display=pairwise
v0009,v2083,4532ad54-b06d-4086-9aee-ff09a9391a08,v0009,Maxwell@display=pairwise
v0009,v2083,2dfbfbc1-0480-4959-a667-9ccd54f1060e,v0009,Maxwell@display=pairwise
v1394,v1394,e71f0be5-2d3f-4bc9-9407-a2dce3a16b91,v2063,Maxwell@display=pairwise
,v1394,fcb24693-bbc1-42d1-8242-f9973362ac87,v2063,Maxwell@display=pairwise
v2063,v2063,f9e4bb6c-79e2-4693-af7b-1ac69eea590a,v1394,Maxwell@display=pairwise
v2063,v1394,3ae23a3a-cf84-443a-bd7a-188731da4225,v2063,Maxwell@display=pairwise
v2063,v1394,87cd4023-a010-48bb-9894-889f68df299a,v2063,Maxwell@display=pairwise
,v2063,fcb24693-bbc1-42d1-8242-f9973362ac87,v1394,Maxwell@display=pairwise
v2063,v1394,e85e58bc-19bb-4fff-aa70-72a175b95db2,v2063,Maxwell@display=pairwise
v1394,v1394,209cb4b5-da1d-4522-8e51-c7ab4b854165,v2063,Maxwell@display=pairwise
v2063,v1394,8c720eee-ed3e-49c7-87d6-11f9c7e89f0f,v2063,Maxwell@display=pairwise
v2063,v1394,723aa930-ec56-4066-ae75-7504ed46fa1e,v2063,Maxwell@display=pairwise
v3583,v2513,e85e58bc-19bb-4fff-aa70-72a175b95db2,v3583,Maxwell@display=pairwise
v3583,v2513,90b75463-bb9b-47ed-a579-8f88fc4299b8,v3583,Maxwell@display=pairwise
,v2513,73a3dcd6-df5c-4cb9-b01e-8842ddc7f7d0,v3583,Maxwell@display=pairwise
v3583,v2513,3ae23a3a-cf84-443a-bd7a-188731da4225,v3583,Maxwell@display=pairwise
v3583,v3583,d33afc89-4e22-4af7-a23c-7f20288ebb72,v2513,Maxwell@display=pairwise
v3583,v3583,f0cc1ae8-38f7-44df-a97b-70cfda024744,v2513,Maxwell@display=pairwise
v3583,v3583,809db03d-2f37-4a0c-bb4f-05365cebf6af,v2513,Maxwell@display=pairwise
v3583,v3583,d5a0fb87-aa9c-42e7-8db5-0c41338699d2,v2513,Maxwell@display=pairwise
v3583,v3583,850c7762-5ebc-4c04-b264-d14e50f37130,v2513,Maxwell@display=pairwise
v3583,v2513,8ba60b69-3825-4c10-beca-8d2e7ba9dfa1,v3583,Maxwell@display=pairwise
v4537,v4537,e85e58bc-19bb-4fff-aa70-72a175b95db2,v0009,Maxwell@display=pairwise
v4537,v0009,2918aca3-dff5-44fd-bf33-976182ab8cbd,v4537,Maxwell@display=pairwise
v4537,v4537,13a84fc5-c897-4808-819d-21fe4ef9dffc,v0009,Maxwell@display=pairwise
v4537,v4537,47057ac9-d439-4fab-985e-0d08a0ad2903,v0009,Maxwell@display=pairwise
v4537,v4537,9e47a2e5-5fc3-4025-8538-85d5dc4d1152,v0009,Maxwell@display=pairwise
v4537,v4537,c2e135df-30eb-46ef-95b2-80bff450c273,v0009,Maxwell@display=pairwise
v4537,v4537,d89cf878-af30-4d2e-82be-a3486412cde9,v0009,Maxwell@display=pairwise
v4537,v4537,87cd4023-a010-48bb-9894-889f68df299a,v0009,Maxwell@display=pairwise
v4537,v0009,8df9f32c-7ad0-46ab-b52d-026eca9182d5,v4537,Maxwell@display=pairwise
v4537,v0009,b03c8d70-1916-4f7d-a03a-f96397ce85d6,v4537,Maxwell@display=pairwise
v2328,v2083,c758b9ec-c7db-4da8-8450-69226c6135d2,v2328,Maxwell@display=pairwise
v2083,v2328,fcb24693-bbc1-42d1-8242-f9973362ac87,v2083,Maxwell@display=pairwise
v2083,v2328,f815ba71-3bae-4ac3-a309-f90f687325e0,v2083,Maxwell@display=pairwise
v2083,v2328,9fd16a85-5a0f-420e-85a4-099e823c41bc,v2083,Maxwell@display=pairwise
v2328,v2083,ed0092e8-c319-447b-a041-b75a08c6d0bd,v2328,Maxwell@display=pairwise
v2083,v2328,63543963-7fe0-4e5d-bb45-c5303123a3d0,v2083,Maxwell@display=pairwise
v2328,v2328,85acf25a-acab-4993-a328-e5aaacf2367f,v2083,Maxwell@display=pairwise
v2328,v2083,de445587-4c60-454b-b923-a4113a9dc708,v2328,Maxwell@display=pairwise
v2083,v2083,c7d90a87-a380-46b6-af6f-fad86d1c1757,v2328,Maxwell@display=pairwise
v2083,v2328,22ca127c-db37-4eac-a88d-3184529fba6d,v2083,Maxwell@display=pairwise
v4537,v1025,a84e5dc4-9f48-4362-ada1-331a841daa68,v4537,Maxwell@display=pairwise
v4537,v4537,0438c1a2-ddb7-4ccf-badc-fb71939cbc88,v1025,Maxwell@display=pairwise
v4537,v4537,6f79afb4-09a2-474a-a0d1-e0eb4ea13301,v1025,Maxwell@display=pairwise
v4537,v1025,2ea029a3-2b86-4cfd-8fdc-88195cb33ece,v4537,Maxwell@display=pairwise
v4537,v1025,2ea029a3-2b86-4cfd-8fdc-88195cb33ece,v4537,Maxwell@display=pairwise
v4537,v1025,abd7238e-93ec-420d-aab3-40296b6b8533,v4537,Maxwell@display=pairwise
v4537,v4537,a84e5dc4-9f48-4362-ada1-331a841daa68,v1025,Maxwell@display=pairwise
v4537,v4537,5ea49506-97e3-4b88-958b-08e33c144302,v1025,Maxwell@display=pairwise
v4537,v4537,72394d5c-2fdc-415b-b440-49731f02c1d7,v1025,Maxwell@display=pairwise
v4537,v4537,3b6cf529-0fe1-4c87-8142-c1ca27183566,v1025,Maxwell@display=pairwise
v0530,v1397,6f79afb4-09a2-474a-a0d1-e0eb4ea13301,v0530,Maxwell@display=pairwise
v1397,v1397,0438c1a2-ddb7-4ccf-badc-fb71939cbc88,v0530,Maxwell@display=pairwise
v1397,v0530,5ea49506-97e3-4b88-958b-08e33c144302,v1397,Maxwell@display=pairwise
v1397,v0530,7c3722d6-a82a-4a42-8ed7-4aebf5ffddc4,v1397,Maxwell@display=pairwise
v0530,v1397,c45197c2-8d61-44ba-8275-5417d3b6147c,v0530,Maxwell@display=pairwise
v0530,v0530,c45197c2-8d61-44ba-8275-5417d3b6147c,v1397,Maxwell@display=pairwise
v1397,v1397,3b6cf529-0fe1-4c87-8142-c1ca27183566,v0530,Maxwell@display=pairwise
v1397,v0530,0438c1a2-ddb7-4ccf-badc-fb71939cbc88,v1397,Maxwell@display=pairwise
v1397,v1397,bc7b222f-b3d6-4e6f-b713-8b1407750557,v0530,Maxwell@display=pairwise
v1397,v1397,5ea49506-97e3-4b88-958b-08e33c144302,v0530,Maxwell@display=pairwise
v2419,v2419,b269b069-99f5-4d8d-8e73-426d3fa2f09f,v0530,Maxwell@display=pairwise
v2419,v2419,0e80b9f5-c6c9-4c92-8afc-d29ed45b16c6,v0530,Maxwell@display=pairwise
v2419,v0530,e7c95211-5ce3-4c43-bde6-828f51c7a97c,v2419,Maxwell@display=pairwise
v2419,v2419,bc7b222f-b3d6-4e6f-b713-8b1407750557,v0530,Maxwell@display=pairwise
v2419,v0530,42e75c72-a6d9-474d-9ddf-9a3b32f8ff9a,v2419,Maxwell@display=pairwise
v0530,v2419,73a73e84-049f-4333-b732-088c123456d5,v0530,Maxwell@display=pairwise
v2419,v2419,1032350e-f02d-40d9-8fe8-0a7feb5fc808,v0530,Maxwell@display=pairwise
,v0530,bc7b222f-b3d6-4e6f-b713-8b1407750557,v2419,Maxwell@display=pairwise
v2419,v2419,03183d72-50e8-4e1d-b6c9-97bb58ba8b6d,v0530,Maxwell@display=pairwise
v2419,v0530,bc7b222f-b3d6-4e6f-b713-8b1407750557,v2419,Maxwell@display=pairwise
v0824,v0824,bc7b222f-b3d6-4e6f-b713-8b1407750557,v0162,Maxwell@display=pairwise
v0162,v0824,abd7238e-93ec-420d-aab3-40296b6b8533,v0162,Maxwell@display=pairwise
v0824,v0824,5fa03c38-e27e-4f64-8734-7be0dfe4d9c7,v0162,Maxwell@display=pairwise
v0162,v0824,3518d8aa-f924-4243-b3f7-e6f08c02daae,v0162,Maxwell@display=pairwise
,v0162,058c4e79-1989-4a56-81b0-7d9c671b99d7,v0824,Maxwell@display=pairwise
v0824,v0824,e3ebe625-fcf7-470a-91bb-0d08cd37d473,v0162,Maxwell@display=pairwise
v0162,v0162,dedbfcfc-7bd5-4ca8-94c8-dc770921f545,v0824,Maxwell@display=pairwise
v0162,v0824,4716ee65-37dd-4db1-9c22-e34ae3582bb0,v0162,Maxwell@display=pairwise
,v0824,73a73e84-049f-4333-b732-088c123456d5,v0162,Maxwell@display=pairwise
,v0162,bc7b222f-b3d6-4e6f-b713-8b1407750557,v0824,Maxwell@display=pairwise
v2889,v2801,bc7b222f-b3d6-4e6f-b713-8b1407750557,v2889,Maxwell@display=pairwise
v2801,v2889,bc7b222f-b3d6-4e6f-b713-8b1407750557,v2801,Maxwell@display=pairwise
v2801,v2801,bc7b222f-b3d6-4e6f-b713-8b1407750557,v2889,Maxwell@display=pairwise
v2801,v2889,058c4e79-1989-4a56-81b0-7d9c671b99d7,v2801,Maxwell@display=pairwise
v2889,v2889,31ddaa13-1309-4d47-b0ea-75b020268f37,v2801,Maxwell@display=pairwise
,v2801,ec7a9023-9cdd-445b-934e-d5c95de760d5,v2889,Maxwell@display=pairwise
v2889,v2889,c84c4b4e-e61c-4990-a2d5-4ecaceeeddf0,v2801,Maxwell@display=pairwise
,v2889,7d4a4252-1531-470f-ab07-6f334dace1b9,v2801,Maxwell@display=pairwise
v2801,v2889,abd7238e-93ec-420d-aab3-40296b6b8533,v2801,Maxwell@display=pairwise
v2801,v2889,847d79d3-f147-41e8-91ea-6097016d7bb0,v2801,Maxwell@display=pairwise
v4166,v0328,2918aca3-dff5-44fd-bf33-976182ab8cbd,v4166,Maxwell@display=pairwise
v4166,v4166,2918aca3-dff5-44fd-bf33-976182ab8cbd,v0328,Maxwell@display=pairwise
v4166,v0328,14683b3e-6dfe-4a10-8db1-20dfd0dd5f20,v4166,Maxwell@display=pairwise
v4166,v0328,684094ed-89c7-4c9e-a0f8-8c629bf0ac49,v4166,Maxwell@display=pairwise
v4166,v4166,2886de17-6865-4f59-8f24-9afbd87a36af,v0328,Maxwell@display=pairwise
v4166,v0328,259688ae-f706-4f41-ade3-4a17e052e824,v4166,Maxwell@display=pairwise
v4166,v4166,e5e845a9-bf60-41fc-9ab7-f2ab3172c82f,v0328,Maxwell@display=pairwise
v4166,v0328,7362c712-28f5-4b3b-a8e7-274ce94aae4b,v4166,Maxwell@display=pairwise
v4166,v4166,a9591a8a-3147-43f9-969a-2603ca967f9e,v0328,Maxwell@display=pairwise
v4166,v4166,d0c823c4-c423-43a3-96bb-7f91f3fd8621,v0328,Maxwell@display=pairwise
v2519,v2519,2918aca3-dff5-44fd-bf33-976182ab8cbd,v3292,Maxwell@display=pairwise
v2519,v3292,2918aca3-dff5-44fd-bf33-976182ab8cbd,v2519,Maxwell@display=pairwise
v2519,v2519,b0f8077d-dcab-4219-bb3b-100afaafa26d,v3292,Maxwell@display=pairwise
,v2519,7007cb66-6248-4ffb-9d99-061a7a2b9859,v3292,Maxwell@display=pairwise
v2519,v2519,a2988d9d-63df-4cf2-a445-7a1dbf7f45f3,v3292,Maxwell@display=pairwise
v2519,v3292,9a13acb4-7038-4936-8528-49b8f8676860,v2519,Maxwell@display=pairwise
v2519,v2519,8d7947e2-f6a6-48dd-93ff-f4ec519e9f67,v3292,Maxwell@display=pairwise
v2519,v2519,42e75c72-a6d9-474d-9ddf-9a3b32f8ff9a,v3292,Maxwell@display=pairwise
v3292,v2519,79c3a676-3b48-40b3-80e7-da62c1543eaf,v3292,Maxwell@display=pairwise
v2519,v3292,9f33edc6-8672-491a-9b40-8bb445f9aaf0,v2519,Maxwell@display=pairwise
v1984,v1984,2918aca3-dff5-44fd-bf33-976182ab8cbd,v0886,Maxwell@display=pairwise
v1984,v0886,13a84fc5-c897-4808-819d-21fe4ef9dffc,v1984,Maxwell@display=pairwise
v1984,v0886,228504e4-46c0-48fd-a68d-d1af0989ddb7,v1984,Maxwell@display=pairwise
v1984,v0886,15577bca-cd7f-4695-868d-7da11fc028ed,v1984,Maxwell@display=pairwise
v1984,v1984,b37cf829-f3ab-45f0-b043-f1ab634e7a57,v0886,Maxwell@display=pairwise
v1984,v1984,63543963-7fe0-4e5d-bb45-c5303123a3d0,v0886,Maxwell@display=pairwise
v1984,v0886,86c3fdc9-9648-4efc-ba1f-d8b06b701e87,v1984,Maxwell@display=pairwise
v1984,v0886,c373cb1c-b2ea-40dc-a923-bc767d23c95c,v1984,Maxwell@display=pairwise
,v1984,da7d4669-ee69-4b69-9548-38fdb95e66a3,v0886,Maxwell@display=pairwise
v2181,v1373,2918aca3-dff5-44fd-bf33-976182ab8cbd,v2181,Maxwell@display=pairwise
v2181,v1373,ea86f042-2ebf-4a30-abb1-fbde6c45a3d1,v2181,Maxwell@display=pairwise
,v2181,a0afca37-6b70-4a80-b1bf-0ae756a802f7,v1373,Maxwell@display=pairwise
,v2181,7007cb66-6248-4ffb-9d99-061a7a2b9859,v1373,Maxwell@display=pairwise
v2181,v1373,c9e36c3c-b003-43bc-8558-26d476b0a20d,v2181,Maxwell@display=pairwise
v2181,v2181,1c633216-85cf-4854-b853-de600421a67d,v1373,Maxwell@display=pairwise
v2181,v1373,ad2df09c-dcb5-4037-8441-c9c5b43a26e0,v2181,Maxwell@display=pairwise
,v1373,335527d0-7d2d-491b-a6e2-4c92ce9b4edc,v2181,Maxwell@display=pairwise
v1373,v1373,4db85d74-0f6b-4231-9f89-f26a362394c5,v2181,Maxwell@display=pairwise
v2181,v1373,7c3b36dd-81f3-4842-90d1-41f8d139292a,v2181,Maxwell@display=pairwise
v3583,v1859,2918aca3-dff5-44fd-bf33-976182ab8cbd,v3583,Maxwell@display=pairwise
v3583,v1859,2918aca3-dff5-44fd-bf33-976182ab8cbd,v3583,Maxwell@display=pairwise
v3583,v1859,de36c471-90c9-4ad1-b5df-404e1caccda4,v3583,Maxwell@display=pairwise
v3583,v3583,7ed39ffd-82b7-4d82-b17c-073138b844a6,v1859,Maxwell@display=pairwise
v1859,v3583,97128514-e916-4347-930c-bb37857c48c0,v1859,Maxwell@display=pairwise
v1859,v3583,b729730b-45b0-4f9e-b3be-4c661741c01b,v1859,Maxwell@display=pairwise
v3583,v3583,6d1409b9-6033-42e4-aa64-cd28900b3b16,v1859,Maxwell@display=pairwise
v3583,v3583,a0379086-b099-4907-aa9d-8691ca28df83,v1859,Maxwell@display=pairwise
v1859,v3583,09f575b8-b536-4315-8bb0-a892ce0721ed,v1859,Maxwell@display=pairwise
v1859,v1859,6f34e67f-bb9c-486b-9ef7-b440454de895,v3583,Maxwell@display=pairwise
v2063,v2063,2918aca3-dff5-44fd-bf33-976182ab8cbd,v2419,Maxwell@display=pairwise
v2063,v2063,2361ceac-d622-404d-ad76-7e85d587926e,v2419,Maxwell@display=pairwise
,v2063,4e2adbe1-fa03-4f25-a561-baae089d8201,v2419,Maxwell@display=pairwise
v2419,v2063,96f829ff-df3c-49ca-9af3-b69739e4a67a,v2419,Maxwell@display=pairwise
v2419,v2063,184ea99b-88b2-410a-8041-f9980509d0f3,v2419,Maxwell@display=pairwise
v2063,v2419,5e14c80c-d87f-446e-9e94-80c9c0a62c3b,v2063,Maxwell@display=pairwise
,v2419,537c627e-ce2d-4b04-939a-552205731bb6,v2063,Maxwell@display=pairwise
,v2419,b33fcfb9-4483-464b-9fa3-2fd815d1577a,v2063,Maxwell@display=pairwise
,v2419,36c5c8c0-5e83-47ea-8f74-af418783618a,v2063,Maxwell@display=pairwise
v4097,v4097,2918aca3-dff5-44fd-bf33-976182ab8cbd,v0886,Maxwell@display=pairwise
v4097,v0886,2918aca3-dff5-44fd-bf33-976182ab8cbd,v4097,Maxwell@display=pairwise
v4097,v4097,352bfce1-aa96-44d6-967b-eafa128efab4,v0886,Maxwell@display=pairwise
v4097,v0886,9fde6f43-a5ca-4c47-a344-7575e5370d05,v4097,Maxwell@display=pairwise
v4097,v0886,1a554cd6-a958-4409-801f-f6700b3c42ab,v4097,Maxwell@display=pairwise
v4097,v4097,aa873e42-f4c4-4b06-8b86-c8d47ffd4b9a,v0886,Maxwell@display=pairwise
v4097,v4097,e8cf995a-d627-41b3-85ff-373a997d5a4f,v0886,Maxwell@display=pairwise
v4097,v4097,e07bb13d-8d71-400d-8aee-9277fb8773d2,v0886,Maxwell@display=pairwise
v4097,v4097,b03c8d70-1916-4f7d-a03a-f96397ce85d6,v0886,Maxwell@display=pairwise
v4097,v0886,0e80b9f5-c6c9-4c92-8afc-d29ed45b16c6,v4097,Maxwell@display=pairwise
v0878,v0032,c1e5dd48-6b4f-42c3-b070-b362047520ac,v0878,Maxwell@display=pairwise
v0878,v0878,b84d3c5b-e287-4a77-95bc-db56644be2d4,v0032,Maxwell@display=pairwise
v0878,v0032,d89cf878-af30-4d2e-82be-a3486412cde9,v0878,Maxwell@display=pairwise
v0878,v0878,86a98c74-45fb-4cdf-a662-a12e8b733a2b,v0032,Maxwell@display=pairwise
v0878,v0878,b84d3c5b-e287-4a77-95bc-db56644be2d4,v0032,Maxwell@display=pairwise
v0878,v0032,7d2ece56-ce0a-475c-949e-6db477f55ee0,v0878,Maxwell@display=pairwise
v0878,v0032,bd1d8225-a753-4e92-adc4-0e5e9b328f9b,v0878,Maxwell@display=pairwise
v0878,v0032,63543963-7fe0-4e5d-bb45-c5303123a3d0,v0878,Maxwell@display=pairwise
v0032,v0878,2918aca3-dff5-44fd-bf33-976182ab8cbd,v0032,Maxwell@display=pairwise
v0032,v0878,05e840a4-3de4-447b-b859-e633d767fd6a,v0032,Maxwell@display=pairwise
v2525,v2525,2918aca3-dff5-44fd-bf33-976182ab8cbd,v4511,Maxwell@display=pairwise
v4511,v4511,11af42fa-614e-4be6-93e5-4fedd30f3ca3,v2525,Maxwell@display=pairwise
v4511,v4511,3ae23a3a-cf84-443a-bd7a-188731da4225,v2525,Maxwell@display=pairwise
v4511,v2525,2361ceac-d622-404d-ad76-7e85d587926e,v4511,Maxwell@display=pairwise
v4511,v2525,871c2c32-2a79-4dfe-8f52-64f2693fedd4,v4511,Maxwell@display=pairwise
v4511,v2525,b3fd58a0-de51-4535-89b9-5c4e67110491,v4511,Maxwell@display=pairwise
v4511,v4511,a0379086-b099-4907-aa9d-8691ca28df83,v2525,Maxwell@display=pairwise
v4511,v2525,d41c6ea1-955c-405c-a5d3-b7d3d9114699,v4511,Maxwell@display=pairwise
v4511,v2525,bdcbadd2-3661-4ece-a668-ae3da62a8e23,v4511,Maxwell@display=pairwise
v1984,v2419,b84d3c5b-e287-4a77-95bc-db56644be2d4,v1984,Maxwell@display=pairwise
v1984,v1984,ace5b35a-5ee7-4702-8761-f37c7b5c11e7,v2419,Maxwell@display=pairwise
v1984,v1984,f6d6df9a-6559-4e27-b46d-92f41cc3f97b,v2419,Maxwell@display=pairwise
v2419,v2419,05e840a4-3de4-447b-b859-e633d767fd6a,v1984,Maxwell@display=pairwise
v1984,v2419,996d4f04-efe4-4b10-9ba5-28b5dca74aed,v1984,Maxwell@display=pairwise
,v1984,ba2e5955-a806-4ec0-b668-6073bb201c11,v2419,Maxwell@display=pairwise
v1984,v1984,df58efd8-87a4-48d7-a704-7a213671bf20,v2419,Maxwell@display=pairwise
,v1984,382377d1-9207-4945-a189-62ca27420f73,v2419,Maxwell@display=pairwise
v1984,v1984,152a0477-3c32-40f2-b0e2-738202586ba4,v2419,Maxwell@display=pairwise
v1984,v2419,b8c63c99-2a85-402e-a74a-1969eeefd861,v1984,Maxwell@display=pairwise
v4537,v2349,b84d3c5b-e287-4a77-95bc-db56644be2d4,v4537,Maxwell@display=pairwise
v4537,v4537,b84d3c5b-e287-4a77-95bc-db56644be2d4,v2349,Maxwell@display=pairwise
v2349,v4537,75c9be23-99aa-4949-be3a-6b25c658091c,v2349,Maxwell@display=pairwise
v4537,v4537,b75ed7ec-fc7e-4170-917d-244db89f64a2,v2349,Maxwell@display=pairwise
v4537,v2349,1a77d7b2-9385-4d84-b6db-2f3070895961,v4537,Maxwell@display=pairwise
v4537,v4537,1a77d7b2-9385-4d84-b6db-2f3070895961,v2349,Maxwell@display=pairwise
v2349,v4537,50e68f35-10c5-4dcd-833e-3680adb69b60,v2349,Maxwell@display=pairwise
v4537,v4537,065a8b4f-3767-4764-a1c4-2297a63ea309,v2349,Maxwell@display=pairwise
v4537,v2349,f6f6b226-3ab0-4a3c-84fb-0ce9390db359,v4537,Maxwell@display=pairwise
v2349,v4537,a4e3e3a6-b8aa-48da-9a14-17048d8a2153,v2349,Maxwell@display=pairwise
v1859,v2889,b3971b04-db2d-4833-8e3c-75359f5b3cb8,v1859,Maxwell@display=pairwise
v1859,v2889,edc7f90b-f3f0-4de1-a315-0e649efdbd0d,v1859,Maxwell@display=pairwise
v1859,v2889,a0f1f4c5-8d22-403c-a1e7-b9c24cc01c54,v1859,Maxwell@display=pairwise
v1859,v2889,b3971b04-db2d-4833-8e3c-75359f5b3cb8,v1859,Maxwell@display=pairwise
v1859,v1859,335527d0-7d2d-491b-a6e2-4c92ce9b4edc,v2889,Maxwell@display=pairwise
v1859,v2889,ace5b35a-5ee7-4702-8761-f37c7b5c11e7,v1859,Maxwell@display=pairwise
v1859,v2889,b3971b04-db2d-4833-8e3c-75359f5b3cb8,v1859,Maxwell@display=pairwise
v1859,v2889,f875a8f1-ecd5-4cae-ac35-6f6466d90237,v1859,Maxwell@display=pairwise
v2889,v2889,c760ddd8-8c12-4220-8cc5-204af2fa789c,v1859,Maxwell@display=pairwise
v1859,v2889,7923b5e3-11d0-48ca-937d-4b08a7ecead4,v1859,Maxwell@display=pairwise
v2519,v1703,b84d3c5b-e287-4a77-95bc-db56644be2d4,v2519,Maxwell@display=pairwise
v2519,v2519,b84d3c5b-e287-4a77-95bc-db56644be2d4,v1703,Maxwell@display=pairwise
v2519,v2519,f356bf83-0f18-44d6-b192-780c6c0bdd3d,v1703,Maxwell@display=pairwise
v2519,v2519,24c7bb15-fdc7-448c-96a3-557e772127cd,v1703,Maxwell@display=pairwise
v2519,v1703,684094ed-89c7-4c9e-a0f8-8c629bf0ac49,v2519,Maxwell@display=pairwise
v2519,v1703,b269b069-99f5-4d8d-8e73-426d3fa2f09f,v2519,Maxwell@display=pairwise
,v2519,ad2df09c-dcb5-4037-8441-c9c5b43a26e0,v1703,Maxwell@display=pairwise
v2519,v2519,e62d391b-52e4-4739-89b0-d8fe6a07ce47,v1703,Maxwell@display=pairwise
v2519,v2519,b33fcfb9-4483-464b-9fa3-2fd815d1577a,v1703,Maxwell@display=pairwise
v2519,v1703,d7bcfd1a-e16b-4218-af32-20e97bd8fa5d,v2519,Maxwell@display=pairwise
v0265,v0265,b84d3c5b-e287-4a77-95bc-db56644be2d4,v3065,Maxwell@display=pairwise
v3065,v3065,ace5b35a-5ee7-4702-8761-f37c7b5c11e7,v0265,Maxwell@display=pairwise
v3065,v0265,91b93af1-fc38-4f56-bd97-9f14882417a4,v3065,Maxwell@display=pairwise
,v3065,d67a763c-3129-46e5-8a1c-450bff6ca19d,v0265,Maxwell@display=pairwise
v3065,v3065,912ff3ea-9faf-4081-b27b-1ba77372b348,v0265,Maxwell@display=pairwise
v0265,v3065,a777eafa-8e0b-4db8-b6d7-e9ef0d7cc236,v0265,Maxwell@display=pairwise
v3065,v3065,cc66f008-3ba4-41b3-a1c3-0b1697a27ebe,v0265,Maxwell@display=pairwise
v0265,v3065,763852f1-e766-4548-82da-08f5e6450ba6,v0265,Maxwell@display=pairwise
v0265,v0265,7c68e2ea-165f-4e18-af3c-a2f8199fcbd9,v3065,Maxwell@display=pairwise
,v3065,7ab27881-57d1-40b8-85da-a40a47dc49c2,v0265,Maxwell@display=pairwise
v1397,v3175,471f0556-5a0e-4c5c-b59c-c302504cf352,v1397,Maxwell@display=pairwise
v1397,v3175,f2393f46-bd26-4564-bf32-3f4c890d2821,v1397,Maxwell@display=pairwise
v1397,v3175,12af1ee7-72cf-412b-95e3-35dd7ad7d1d6,v1397,Maxwell@display=pairwise
,v3175,8165ec89-da1a-443f-9c35-12bd6162de30,v1397,Maxwell@display=pairwise
,v3175,626ad72c-299b-4c9e-97a8-63783caa4a83,v1397,Maxwell@display=pairwise
v1397,v1397,de4830fb-a55e-481e-972c-e8cd68d4cf25,v3175,Maxwell@display=pairwise
v1397,v3175,3547e3c0-da82-4993-8867-2ae2b4e1f4f7,v1397,Maxwell@display=pairwise
,v3175,2b8c1e14-fdc9-4c52-a214-1887ac95a9ba,v1397,Maxwell@display=pairwise
,v3175,21d72962-585b-49b1-848c-8861ed477ea6,v1397,Maxwell@display=pairwise
v3175,v3175,31ddaa13-1309-4d47-b0ea-75b020268f37,v1397,Maxwell@display=pairwise
v3065,v3065,ace5b35a-5ee7-4702-8761-f37c7b5c11e7,v0314,Maxwell@display=pairwise
,v3065,73a3dcd6-df5c-4cb9-b01e-8842ddc7f7d0,v0314,Maxwell@display=pairwise
v3065,v3065,92b315aa-c3d8-4ac2-8c1c-aba2f5a7b6d9,v0314,Maxwell@display=pairwise
v3065,v3065,c9cbf439-dbba-4e14-bc06-61a2951a9521,v0314,Maxwell@display=pairwise
v3065,v0314,4db85d74-0f6b-4231-9f89-f26a362394c5,v3065,Maxwell@display=pairwise
v0314,v0314,8c486527-a24e-43cc-93c6-81d3da4e9836,v3065,Maxwell@display=pairwise
v3065,v0314,c760ddd8-8c12-4220-8cc5-204af2fa789c,v3065,Maxwell@display=pairwise
v3065,v3065,712ea676-4242-48ad-8b1c-1851c5c289ec,v0314,Maxwell@display=pairwise
,v0314,f020e26d-309c-4394-81bf-7db2f467bc8e,v3065,Maxwell@display=pairwise
,v0314,f2cb3403-6c77-4e49-86af-9e41adbacf34,v3065,Maxwell@display=pairwise
,v1703,d5ba3837-38e1-4aec-bd7c-cb069a23e8c1,v1394,Maxwell@display=pairwise
v1703,v1703,8f7a9d96-4b5f-4d1d-91d7-b4638a45dc78,v1394,Maxwell@display=pairwise
v1394,v1394,79978944-2bb6-45ce-bd59-529f44c09c69,v1703,Maxwell@display=pairwise
,v1394,4cfaf7eb-7c7a-4d23-afa8-6e9c8e64a6b4,v1703,Maxwell@display=pairwise
v1703,v1703,b1bb1cd5-b196-4cc9-8e55-a11b14166a3b,v1394,Maxwell@display=pairwise
v1703,v1394,0fe8a7e1-5dbc-4a2b-b956-4e18128d5353,v1703,Maxwell@display=pairwise
v1703,v1703,35f7dbdd-4c2d-43df-8b5a-7885f17732b1,v1394,Maxwell@display=pairwise
,v1394,bcbd73bb-1a96-4b43-b689-5c7986900531,v1703,Maxwell@display=pairwise
v1703,v1394,ace5b35a-5ee7-4702-8761-f37c7b5c11e7,v1703,Maxwell@display=pairwise
v1703,v1703,4532ad54-b06d-4086-9aee-ff09a9391a08,v1394,Maxwell@display=pairwise
v2801,v0328,ace5b35a-5ee7-4702-8761-f37c7b5c11e7,v2801,Maxwell@display=pairwise
v2801,v0328,f2393f46-bd26-4564-bf32-3f4c890d2821,v2801,Maxwell@display=pairwise
v2801,v2801,57510f28-373b-4b32-a9e5-a9c629bafe32,v0328,Maxwell@display=pairwise
v2801,v2801,2eb7870f-25ce-49d2-a094-ac88dd1f63ad,v0328,Maxwell@display=pairwise
v2801,v0328,cabe6903-7b7e-4c1a-b661-958c6fa61429,v2801,Maxwell@display=pairwise
v2801,v2801,f9e4bb6c-79e2-4693-af7b-1ac69eea590a,v0328,Maxwell@display=pairwise
v2801,v0328,1044f2df-2216-4864-baa0-ea94b11f6744,v2801,Maxwell@display=pairwise
v2801,v2801,8290678e-1f94-4619-af71-aa8892a717fa,v0328,Maxwell@display=pairwise
v2801,v2801,8ba60b69-3825-4c10-beca-8d2e7ba9dfa1,v0328,Maxwell@display=pairwise
,v2801,5db812e2-a89e-42af-b619-98c02720d311,v0328,Maxwell@display=pairwise
v1703,v1703,90b75463-bb9b-47ed-a579-8f88fc4299b8,v3740,Maxwell@display=pairwise
v3740,v1703,5a1c3efd-82cc-49c8-b9d9-add302b2be8a,v3740,Maxwell@display=pairwise
v3740,v3740,79978944-2bb6-45ce-bd59-529f44c09c69,v1703,Maxwell@display=pairwise
v1703,v1703,d447edbb-f45a-4002-bb44-2d71ecf93471,v3740,Maxwell@display=pairwise
v1703,v3740,72650adb-e74b-4566-aece-9fbc4d64d47d,v1703,Maxwell@display=pairwise
v1703,v3740,7321c6b3-7020-45e2-bb9d-2ab101e5c7ae,v1703,Maxwell@display=pairwise
v1703,v1703,bdc19414-eecd-4bae-b622-f06ee94a9b55,v3740,Maxwell@display=pairwise
v3740,v3740,f74805b0-7406-4a6a-9a49-5c7b8bedda55,v1703,Maxwell@display=pairwise
v3740,v3740,7829a094-b56d-4784-81b4-d56f0af9d0ee,v1703,Maxwell@display=pairwise
v3555,v3555,90b75463-bb9b-47ed-a579-8f88fc4299b8,v1859,Maxwell@display=pairwise
v3555,v1859,90b75463-bb9b-47ed-a579-8f88fc4299b8,v3555,Maxwell@display=pairwise
v1859,v1859,399c3875-4111-41c4-b788-79e32772e36d,v3555,Maxwell@display=pairwise
v3555,v1859,c2c5d1ea-6807-4bdd-a0f0-5694bf04fe9b,v3555,Maxwell@display=pairwise
v1859,v1859,f2c0d8f4-3093-434b-b640-14aa99aceaf7,v3555,Maxwell@display=pairwise
v3555,v1859,6d1409b9-6033-42e4-aa64-cd28900b3b16,v3555,Maxwell@display=pairwise
v3555,v1859,14ec1f3e-c047-4d13-a2d6-76da32d9ed62,v3555,Maxwell@display=pairwise
v1859,v3555,314e8591-1186-4063-97cc-338f0e2e6b51,v1859,Maxwell@display=pairwise
v1859,v1859,5db3738a-9acb-4d81-9255-362c61e080bf,v3555,Maxwell@display=pairwise
v3555,v1859,22ca127c-db37-4eac-a88d-3184529fba6d,v3555,Maxwell@display=pairwise
v2525,v2525,90b75463-bb9b-47ed-a579-8f88fc4299b8,v0530,Maxwell@display=pairwise
v2525,v2525,90b75463-bb9b-47ed-a579-8f88fc4299b8,v0530,Maxwell@display=pairwise
v2525,v2525,bcbd73bb-1a96-4b43-b689-5c7986900531,v0530,Maxwell@display=pairwise
,v0530,e3b8bb83-c52a-4ef2-b875-665689a58489,v2525,Maxwell@display=pairwise
v2525,v2525,4532ad54-b06d-4086-9aee-ff09a9391a08,v0530,Maxwell@display=pairwise
v2525,v0530,34739ea5-3239-4633-8c9d-4d1e70eb376d,v2525,Maxwell@display=pairwise
v0530,v2525,c8a8c2c5-cbde-4269-8b36-a3b928ca2d67,v0530,Maxwell@display=pairwise
v0530,v0530,c1e5dd48-6b4f-42c3-b070-b362047520ac,v2525,Maxwell@display=pairwise
v0530,v2525,09f575b8-b536-4315-8bb0-a892ce0721ed,v0530,Maxwell@display=pairwise
v2525,v2525,617ae86c-fc97-402a-ba65-8994258b69e0,v0530,Maxwell@display=pairwise
v0529,v0529,90b75463-bb9b-47ed-a579-8f88fc4299b8,v2328,Maxwell@display=pairwise
v2328,v0529,4989c9a7-2a48-4c9b-8088-387d0efcfb45,v2328,Maxwell@display=pairwise
v2328,v0529,f2393f46-bd26-4564-bf32-3f4c890d2821,v2328,Maxwell@display=pairwise
v2328,v0529,314e8591-1186-4063-97cc-338f0e2e6b51,v2328,Maxwell@display=pairwise
v2328,v0529,afa98c8f-110e-4115-a68c-652138e95b5d,v2328,Maxwell@display=pairwise
v2328,v0529,7923b5e3-11d0-48ca-937d-4b08a7ecead4,v2328,Maxwell@display=pairwise
v0529,v2328,a0afca37-6b70-4a80-b1bf-0ae756a802f7,v0529,Maxwell@display=pairwise
v0529,v0529,809db03d-2f37-4a0c-bb4f-05365cebf6af,v2328,Maxwell@display=pairwise
v2328,v2328,b8c63c99-2a85-402e-a74a-1969eeefd861,v0529,Maxwell@display=pairwise
v0529,v0529,f2393f46-bd26-4564-bf32-3f4c890d2821,v2328,Maxwell@display=pairwise
v2801,v2801,6e87b8ed-dbb8-4ce3-b2d9-00d2e608daca,v0824,Maxwell@display=pairwise
v2801,v2801,ea86f042-2ebf-4a30-abb1-fbde6c45a3d1,v0824,Maxwell@display=pairwise
v2801,v2801,9e20e9ee-4c12-4160-ac86-23aa6338231c,v0824,Maxwell@display=pairwise
v2801,v2801,d596421e-e19a-4472-a4e8-730e96d35459,v0824,Maxwell@display=pairwise
,v0824,9e27701b-15a9-4a1e-b326-1c40f3a51892,v2801,Maxwell@display=pairwise
v0824,v2801,4c52ed79-8845-42cb-aab9-05e6faee8c9f,v0824,Maxwell@display=pairwise
v2801,v0824,b81d92ba-8124-4bce-949c-8d5b226bc693,v2801,Maxwell@display=pairwise
v0824,v2801,10b74529-4728-4409-849d-3c0d908d3219,v0824,Maxwell@display=pairwise
v2801,v0824,09705fe5-aaef-4009-9eaf-7f6ef1693c89,v2801,Maxwell@display=pairwise
v2801,v0824,8581928a-3670-48d2-b55c-34685f7de132,v2801,Maxwell@display=pairwise
v1477,v1373,6e87b8ed-dbb8-4ce3-b2d9-00d2e608daca,v1477,Maxwell@display=pairwise
v1477,v1477,ea86f042-2ebf-4a30-abb1-fbde6c45a3d1,v1373,Maxwell@display=pairwise
v1477,v1373,097c523a-37c9-4814-a386-171e6d920ead,v1477,Maxwell@display=pairwise
v1477,v1477,091f402d-0095-4fa9-9ace-d3b0675c296f,v1373,Maxwell@display=pairwise
v1373,v1477,5bb3993d-a33e-4c46-b25a-22c22b9ad7a0,v1373,Maxwell@display=pairwise
v1373,v1477,8841cf31-165a-4525-ad00-5bc3d621f9fc,v1373,Maxwell@display=pairwise
v1477,v1477,377b66e2-ae54-4e8b-bd72-393052e435d4,v1373,Maxwell@display=pairwise
v1477,v1373,1044f2df-2216-4864-baa0-ea94b11f6744,v1477,Maxwell@display=pairwise
v1477,v1373,f91a86d7-4ef8-4563-ab87-c52917313279,v1477,Maxwell@display=pairwise
v1373,v1477,6f34e67f-bb9c-486b-9ef7-b440454de895,v1373,Maxwell@display=pairwise
v0529,v0529,6e87b8ed-dbb8-4ce3-b2d9-00d2e608daca,v3292,Maxwell@display=pairwise
v3292,v3292,7b13df41-d02b-4ab9-8b85-abff32c57a7f,v0529,Maxwell@display=pairwise
v0529,v0529,3a23769b-fdcf-4dd6-b967-a8640412a76e,v3292,Maxwell@display=pairwise
v0529,v3292,4d86c7c5-5db7-417f-a214-04a9b2e84841,v0529,Maxwell@display=pairwise
,v3292,0dc3b28f-c989-4764-a5a3-7e2f40f51a16,v0529,Maxwell@display=pairwise
v0529,v0529,a0f1f4c5-8d22-403c-a1e7-b9c24cc01c54,v3292,Maxwell@display=pairwise
,v3292,e5e845a9-bf60-41fc-9ab7-f2ab3172c82f,v0529,Maxwell@display=pairwise
v0529,v3292,21cdd095-3223-44a1-bbae-ecc5b4f9c9aa,v0529,Maxwell@display=pairwise
,v0529,5b7f9010-471e-4f05-967c-a840f99bbcaf,v3292,Maxwell@display=pairwise
v0529,v0529,7829a094-b56d-4784-81b4-d56f0af9d0ee,v3292,Maxwell@display=pairwise
v4125,v0328,6e87b8ed-dbb8-4ce3-b2d9-00d2e608daca,v4125,Maxwell@display=pairwise
v4125,v0328,2361ceac-d622-404d-ad76-7e85d587926e,v4125,Maxwell@display=pairwise
v4125,v4125,68f9fc6d-5215-4fa5-b428-049b8066252a,v0328,Maxwell@display=pairwise
v4125,v4125,8914cf47-88ab-4d93-ac8c-414469cd4a72,v0328,Maxwell@display=pairwise
v4125,v0328,48448358-e8a9-438f-91d4-8aa53d013c82,v4125,Maxwell@display=pairwise
v4125,v0328,e5e845a9-bf60-41fc-9ab7-f2ab3172c82f,v4125,Maxwell@display=pairwise
v4125,v4125,7362c712-28f5-4b3b-a8e7-274ce94aae4b,v0328,Maxwell@display=pairwise
v4125,v4125,a801b479-113e-4832-87fc-1561080418bb,v0328,Maxwell@display=pairwise
v4125,v4125,35848222-14fa-4e1a-838c-efac9c195ea5,v0328,Maxwell@display=pairwise
v0009,v0009,99960bfc-5043-46f9-ad45-59bd03f9ab94,v2063,Maxwell@display=pairwise
v2063,v2063,a3d1f70b-d059-4df3-a624-738230878ceb,v0009,Maxwell@display=pairwise
v2063,v0009,2b1a183f-8a1c-4ee8-889b-a2771ec07859,v2063,Maxwell@display=pairwise
,v0009,f946f0a6-ea75-4cea-809a-e6d88d5c053d,v2063,Maxwell@display=pairwise
v2063,v2063,118e07a5-5d2c-405c-8ce0-e462951bf1c8,v0009,Maxwell@display=pairwise
v0009,v0009,b24999e8-2b46-4fe3-801f-d4019d087da5,v2063,Maxwell@display=pairwise
v2063,v2063,896aa6ba-af39-4dad-a16b-2b871323826d,v0009,Maxwell@display=pairwise
v2063,v2063,0dfde53f-a1c3-4854-9c02-3e41d9086ece,v0009,Maxwell@display=pairwise
v2063,v2063,e5463b92-df72-41f5-8ac7-22d086899283,v0009,Maxwell@display=pairwise
v2063,v2063,30561a52-ca51-4d8f-9ce6-1b9e376ebb6b,v0009,Maxwell@display=pairwise
v3065,v3065,99960bfc-5043-46f9-ad45-59bd03f9ab94,v2513,Maxwell@display=pairwise
v3065,v3065,8914cf47-88ab-4d93-ac8c-414469cd4a72,v2513,Maxwell@display=pairwise
,v3065,c6a5f67c-5e3c-447c-8dd4-cf7aa57bb617,v2513,Maxwell@display=pairwise
v3065,v3065,62182adc-a9e3-409b-94a5-c4c180d9f3b7,v2513,Maxwell@display=pairwise
v2513,v3065,862cd654-5ac1-48c5-bd1f-650b43a68255,v2513,Maxwell@display=pairwise
v2513,v3065,07a3654d-ca98-438e-b300-d0ee18dcb45f,v2513,Maxwell@display=pairwise
,v3065,c8a8c2c5-cbde-4269-8b36-a3b928ca2d67,v2513,Maxwell@display=pairwise
v2513,v2513,c0a2023a-1855-4bf5-83a3-b2a1f277df4a,v3065,Maxwell@display=pairwise
v2513,v2513,ccaef3a0-85de-4b7b-97a8-f6c96128a6b0,v3065,Maxwell@display=pairwise
v2513,v2513,1ecf32ce-e1db-4d42-b15f-56df3d197faa,v3065,Maxwell@display=pairwise
v0009,v0009,99960bfc-5043-46f9-ad45-59bd03f9ab94,v2513,Maxwell@display=pairwise
v2513,v2513,77ef258d-f371-4535-9484-4b3f05f01108,v0009,Maxwell@display=pairwise
v0009,v0009,48f2cfa8-d531-4045-860b-2c824728d65e,v2513,Maxwell@display=pairwise
v0009,v0009,48f2cfa8-d531-4045-860b-2c824728d65e,v2513,Maxwell@display=pairwise
v0009,v0009,cb101408-6fca-4119-9289-441754c9b2f0,v2513,Maxwell@display=pairwise
v2513,v2513,70b41da2-de44-482d-b32a-5aaa4502ce19,v0009,Maxwell@display=pairwise
v0009,v0009,184ea99b-88b2-410a-8041-f9980509d0f3,v2513,Maxwell@display=pairwise
v2513,v0009,fd639556-f319-4397-9f9e-2d8827de7111,v2513,Maxwell@display=pairwise
v2513,v0009,d906e73c-afb6-4bc0-8cab-f6991cc560ba,v2513,Maxwell@display=pairwise
v2513,v0009,13876ad3-4e97-4915-be68-f5a26055772b,v2513,Maxwell@display=pairwise
v1703,v1984,99960bfc-5043-46f9-ad45-59bd03f9ab94,v1703,Maxwell@display=pairwise
v1984,v1984,b8ec5d7b-dc37-4949-b5af-d89363f49439,v1703,Maxwell@display=pairwise
v1984,v1703,6d6a6d9c-16c4-43d3-860f-2faf372131a2,v1984,Maxwell@display=pairwise
,v1703,26369842-3726-4b94-bca7-39046cebbeed,v1984,Maxwell@display=pairwise
v1703,v1984,1ab3015c-2a18-4a9c-9842-14c3cab722d7,v1703,Maxwell@display=pairwise
v1703,v1703,bf06ee4c-bec3-4766-8e90-2f826cf034b6,v1984,Maxwell@display=pairwise
v1984,v1703,2b257334-db97-4865-a3f7-4c4f89b0b221,v1984,Maxwell@display=pairwise
v1984,v1703,e5463b92-df72-41f5-8ac7-22d086899283,v1984,Maxwell@display=pairwise
v1703,v1984,48f6cdb5-6230-4605-8615-20752b953814,v1703,Maxwell@display=pairwise
v1703,v1984,48f6cdb5-6230-4605-8615-20752b953814,v1703,Maxwell@display=pairwise
v0530,v0530,99960bfc-5043-46f9-ad45-59bd03f9ab94,v0162,Maxwell@display=pairwise
,v0162,861d34a8-3e75-48a1-85aa-76f71123f8f5,v0530,Maxwell@display=pairwise
v0530,v0162,79978944-2bb6-45ce-bd59-529f44c09c69,v0530,Maxwell@display=pairwise
v0530,v0162,1d9a8b4d-ed7d-4236-a2d3-b3e34d6c186b,v0530,Maxwell@display=pairwise
v0530,v0162,e482d7ac-4b6f-4cff-b1d2-3e634bf5c721,v0530,Maxwell@display=pairwise
v0162,v0162,d6c9a5ed-1280-4497-91b4-033d6937541e,v0530,Maxwell@display=pairwise
v0530,v0162,2d3e655e-b512-4a49-909c-3db4efbcdfcc,v0530,Maxwell@display=pairwise
v0530,v0162,abd7238e-93ec-420d-aab3-40296b6b8533,v0530,Maxwell@display=pairwise
v0530,v0162,6c667c99-47b9-4628-92e3-b75b68268f5d,v0530,Maxwell@display=pairwise
v0162,v0530,5bd6d7d7-bd09-4636-be21-b00626f71358,v0162,Maxwell@display=pairwise
v1859,v0328,99960bfc-5043-46f9-ad45-59bd03f9ab94,v1859,Maxwell@display=pairwise
v1859,v1859,c2695074-4db8-48d5-be71-3e9658613537,v0328,Maxwell@display=pairwise
v1859,v1859,f982c154-231a-4d28-8be6-f62894d3a8c5,v0328,Maxwell@display=pairwise
v1859,v1859,4d41abd8-8939-4aaf-8d9b-3eeaca78e042,v0328,Maxwell@display=pairwise
v1859,v1859,49091e64-faa5-49f7-8e9d-a491f64fc35c,v0328,Maxwell@display=pairwise
v0328,v1859,898cd458-3328-4ede-85e7-6e18eef38b6e,v0328,Maxwell@display=pairwise
v1859,v0328,d2274bbe-d5ac-4c27-8579-f0e4e7eeb3d3,v1859,Maxwell@display=pairwise
v1859,v1859,dffc54fe-ae03-4e35-a6cd-21c7789bed4e,v0328,Maxwell@display=pairwise
v1859,v0328,1cb93b11-5310-4d5c-a726-b413659dd3b8,v1859,Maxwell@display=pairwise
v1859,v1859,c2931a8d-05d8-4b93-b015-421665fe4364,v0328,Maxwell@display=pairwise
v4537,v0162,99960bfc-5043-46f9-ad45-59bd03f9ab94,v4537,Maxwell@display=pairwise
v4537,v4537,c2695074-4db8-48d5-be71-3e9658613537,v0162,Maxwell@display=pairwise
v4537,v0162,352bfce1-aa96-44d6-967b-eafa128efab4,v4537,Maxwell@display=pairwise
v0162,v4537,d71a87a3-844a-46bd-9968-6f2321da861a,v0162,Maxwell@display=pairwise
v4537,v4537,18dda76c-d54a-40a2-9768-d2dc4378804e,v0162,Maxwell@display=pairwise
v4537,v0162,b37cf829-f3ab-45f0-b043-f1ab634e7a57,v4537,Maxwell@display=pairwise
v4537,v0162,e0c1d00e-b138-4166-ac9f-cf7cfd33e902,v4537,Maxwell@display=pairwise
v4537,v4537,e0c1d00e-b138-4166-ac9f-cf7cfd33e902,v0162,Maxwell@display=pairwise
v4537,v0162,291f1ce5-afb6-47f8-bf06-629bc6007f6a,v4537,Maxwell@display=pairwise
v0162,v0162,5a73329b-3ee5-4d38-9a02-8e7a17f87252,v4537,Maxwell@display=pairwise
,v3740,393a3c3e-2f6d-49dd-b9e0-18768e4dbb96,v4097,Maxwell@display=pairwise
v4097,v4097,75187b75-792e-4a2a-8959-7a9b23e0ea24,v3740,Maxwell@display=pairwise
,v3740,f815ba71-3bae-4ac3-a309-f90f687325e0,v4097,Maxwell@display=pairwise
v4097,v3740,684094ed-89c7-4c9e-a0f8-8c629bf0ac49,v4097,Maxwell@display=pairwise
v4097,v3740,b75ed7ec-fc7e-4170-917d-244db89f64a2,v4097,Maxwell@display=pairwise
v4097,v3740,0ae52a80-c78b-4022-a6d6-28c3b4f01754,v4097,Maxwell@display=pairwise
v4097,v3740,99960bfc-5043-46f9-ad45-59bd03f9ab94,v4097,Maxwell@display=pairwise
,v4097,36626e5a-13d6-40ef-b3d5-3d9cc4dbdb4b,v3740,Maxwell@display=pairwise
v4097,v4097,078cd768-2d5e-4660-b076-da7a83947d90,v3740,Maxwell@display=pairwise
v4097,v4097,5b7f9010-471e-4f05-967c-a840f99bbcaf,v3740,Maxwell@display=pairwise
v4537,v2513,99960bfc-5043-46f9-ad45-59bd03f9ab94,v4537,Maxwell@display=pairwise
v4537,v4537,bb6f7d69-13e4-4bf4-9aa2-bfa5e8640d32,v2513,Maxwell@display=pairwise
v4537,v4537,11bb2619-b3e8-49bd-99e6-dbd83100c5be,v2513,Maxwell@display=pairwise
v4537,v2513,1f8bd8c6-3318-40af-a7a4-5f919048341c,v4537,Maxwell@display=pairwise
v4537,v2513,cb101408-6fca-4119-9289-441754c9b2f0,v4537,Maxwell@display=pairwise
v4537,v4537,48448358-e8a9-438f-91d4-8aa53d013c82,v2513,Maxwell@display=pairwise
v4537,v2513,730d1fc7-c570-412c-8d46-89d91d650c41,v4537,Maxwell@display=pairwise
v4537,v2513,26c3096a-edfc-482a-8d3c-5739d09b6bda,v4537,Maxwell@display=pairwise
v4537,v4537,7c68e2ea-165f-4e18-af3c-a2f8199fcbd9,v2513,Maxwell@display=pairwise
v4537,v2513,7ab27881-57d1-40b8-85da-a40a47dc49c2,v4537,Maxwell@display=pairwise
v1477,v1477,75b75480-7063-484c-9328-642307386043,v2513,Maxwell@display=pairwise
v1477,v1477,d3550857-7c9d-4e98-8202-433d0a535e77,v2513,Maxwell@display=pairwise
,v1477,50d836a8-9b8a-4427-9d9e-d47323c64913,v2513,Maxwell@display=pairwise
v2513,v2513,f0cc1ae8-38f7-44df-a97b-70cfda024744,v1477,Maxwell@display=pairwise
v1477,v1477,28674eee-cfc6-4ec4-a2f4-37fee5b5ec93,v2513,Maxwell@display=pairwise
v1477,v1477,9c031cfb-cda8-4869-acc8-11ec9ff4d69f,v2513,Maxwell@display=pairwise
v2513,v1477,cea10608-7dfd-4bf7-bf4e-af4e8d7dac5e,v2513,Maxwell@display=pairwise
v2513,v2513,2886de17-6865-4f59-8f24-9afbd87a36af,v1477,Maxwell@display=pairwise
v1477,v2513,c49821d5-18a2-4c47-912d-5e29660b0b92,v1477,Maxwell@display=pairwise
v1477,v1477,26369842-3726-4b94-bca7-39046cebbeed,v2513,Maxwell@display=pairwise
,v1397,99960bfc-5043-46f9-ad45-59bd03f9ab94,v2513,Maxwell@display=pairwise
v1397,v2513,932f9ce4-0739-497e-8f65-1f75f828eb23,v1397,Maxwell@display=pairwise
v2513,v2513,cb101408-6fca-4119-9289-441754c9b2f0,v1397,Maxwell@display=pairwise
v1397,v2513,e776162f-2a46-4b9f-a534-2d38aa9d05c2,v1397,Maxwell@display=pairwise
v1397,v2513,e776162f-2a46-4b9f-a534-2d38aa9d05c2,v1397,Maxwell@display=pairwise
v1397,v2513,b6d8df5e-5610-473b-bd40-79fdcdfbdcdd,v1397,Maxwell@display=pairwise
v2513,v2513,d41c6ea1-955c-405c-a5d3-b7d3d9114699,v1397,Maxwell@display=pairwise
v2513,v1397,763852f1-e766-4548-82da-08f5e6450ba6,v2513,Maxwell@display=pairwise
v2513,v1397,763852f1-e766-4548-82da-08f5e6450ba6,v2513,Maxwell@display=pairwise
v2513,v1397,8f7a9d96-4b5f-4d1d-91d7-b4638a45dc78,v2513,Maxwell@display=pairwise
v2889,v3292,d3550857-7c9d-4e98-8202-433d0a535e77,v2889,Maxwell@display=pairwise
,v3292,99960bfc-5043-46f9-ad45-59bd03f9ab94,v2889,Maxwell@display=pairwise
v2889,v3292,cabe6903-7b7e-4c1a-b661-958c6fa61429,v2889,Maxwell@display=pairwise
v3292,v3292,00f56657-9793-4120-8471-bde6bce8e544,v2889,Maxwell@display=pairwise
v3292,v2889,de4830fb-a55e-481e-972c-e8cd68d4cf25,v3292,Maxwell@display=pairwise
v2889,v3292,ced05eb2-a974-4dcf-89fb-bf893f78b6aa,v2889,Maxwell@display=pairwise
v2889,v3292,1dac0e33-0065-4e0e-8e64-fd0e63278971,v2889,Maxwell@display=pairwise
v2889,v3292,f540594e-acb6-4701-95ba-930d80b00b7a,v2889,Maxwell@display=pairwise
v2889,v3292,c744cb11-c13d-48f5-857f-33b152474625,v2889,Maxwell@display=pairwise
v2889,v3292,c2e135df-30eb-46ef-95b2-80bff450c273,v2889,Maxwell@display=pairwise
v3555,v0530,ea86f042-2ebf-4a30-abb1-fbde6c45a3d1,v3555,Maxwell@display=pairwise
v3555,v0530,46890feb-e3fa-42f0-bdb2-bc9bbacd627f,v3555,Maxwell@display=pairwise
v3555,v0530,47057ac9-d439-4fab-985e-0d08a0ad2903,v3555,Maxwell@display=pairwise
v3555,v0530,ee0ccb3c-dac0-417e-a70a-a62358481477,v3555,Maxwell@display=pairwise
v3555,v0530,9859b693-6c9f-44ff-8038-a8397db0a1b4,v3555,Maxwell@display=pairwise
v3555,v0530,88e1894f-6a8c-4dd4-99e5-7b852ff42587,v3555,Maxwell@display=pairwise
v3555,v0530,4dbcfd34-f760-41d7-bc1e-0220aee5da69,v3555,Maxwell@display=pairwise
v3555,v3555,359f764b-eac4-4deb-9a38-7bd22cda2792,v0530,Maxwell@display=pairwise
v3555,v0530,2b257334-db97-4865-a3f7-4c4f89b0b221,v3555,Maxwell@display=pairwise
v3555,v3555,241ac689-1c0f-402c-8926-bf6506467a28,v0530,Maxwell@display=pairwise
v2349,v2635,ea86f042-2ebf-4a30-abb1-fbde6c45a3d1,v2349,Maxwell@display=pairwise
v2349,v2349,c2695074-4db8-48d5-be71-3e9658613537,v2635,Maxwell@display=pairwise
v2349,v2635,11af42fa-614e-4be6-93e5-4fedd30f3ca3,v2349,Maxwell@display=pairwise
v2349,v2635,4e2adbe1-fa03-4f25-a561-baae089d8201,v2349,Maxwell@display=pairwise
v2349,v2349,2820937d-b7de-4dec-b6c1-1e205b50f8a0,v2635,Maxwell@display=pairwise
v2349,v2349,ab45a492-e076-489d-bd8f-39251a92f0ab,v2635,Maxwell@display=pairwise
v2349,v2635,d4bb2ace-733e-49f7-9178-3c58fe2fb813,v2349,Maxwell@display=pairwise
v2349,v2349,720d1aa0-a9e3-4836-9efe-1ef960d71e0e,v2635,Maxwell@display=pairwise
v2635,v2635,2d3e655e-b512-4a49-909c-3db4efbcdfcc,v2349,Maxwell@display=pairwise
v2349,v2635,5db3738a-9acb-4d81-9255-362c61e080bf,v2349,Maxwell@display=pairwise
,v2328,ea86f042-2ebf-4a30-abb1-fbde6c45a3d1,v2525,Maxwell@display=pairwise
v2328,v2525,c2695074-4db8-48d5-be71-3e9658613537,v2328,Maxwell@display=pairwise
v2328,v2328,7ed39ffd-82b7-4d82-b17c-073138b844a6,v2525,Maxwell@display=pairwise
v2328,v2328,c6a5f67c-5e3c-447c-8dd4-cf7aa57bb617,v2525,Maxwell@display=pairwise
v2328,v2328,5b7941b2-f536-4d14-bc56-02d70068e6a3,v2525,Maxwell@display=pairwise
v2525,v2328,d5ba3837-38e1-4aec-bd7c-cb069a23e8c1,v2525,Maxwell@display=pairwise
v2328,v2328,86ac8bcb-62d0-479c-a775-8d1fbd5ee8c9,v2525,Maxwell@display=pairwise
v2525,v2328,054f90cf-2d8c-45ba-acc7-c80038efa44d,v2525,Maxwell@display=pairwise
v2328,v2328,701d9632-11da-4c45-b5a9-9ef109bd0705,v2525,Maxwell@display=pairwise
v2525,v2525,6f34e67f-bb9c-486b-9ef7-b440454de895,v2328,Maxwell@display=pairwise
v2525,v2525,ea86f042-2ebf-4a30-abb1-fbde6c45a3d1,v2889,Maxwell@display=pairwise
v2889,v2525,b6634fbf-fd8c-4256-96b7-8dbfefd99757,v2889,Maxwell@display=pairwise
v2525,v2525,3a23769b-fdcf-4dd6-b967-a8640412a76e,v2889,Maxwell@display=pairwise
,v2525,f946f0a6-ea75-4cea-809a-e6d88d5c053d,v2889,Maxwell@display=pairwise
v2889,v2525,b3fd58a0-de51-4535-89b9-5c4e67110491,v2889,Maxwell@display=pairwise
v2889,v2889,0ffc9aa5-c779-44ce-acc6-ab9cc92a02fb,v2525,Maxwell@display=pairwise
,v2525,f8e4c74f-c2a6-462b-9197-a7c8c31317ac,v2889,Maxwell@display=pairwise
v2525,v2889,a4495c73-1fd9-49f1-b09f-2185ce15ede4,v2525,Maxwell@display=pairwise
v2525,v2889,bbb7e5c5-7f84-4e07-ac19-886dc274ce48,v2525,Maxwell@display=pairwise
v2635,v2635,68ef565a-1042-4da3-904c-bcf7b3530ccd,v1703,Maxwell@display=pairwise
v1703,v1703,ea86f042-2ebf-4a30-abb1-fbde6c45a3d1,v2635,Maxwell@display=pairwise
v2635,v2635,b0a4dc9c-8f85-4cb4-b0e0-aadbead32e5f,v1703,Maxwell@display=pairwise
v2635,v2635,edb15e9d-3f08-4975-bdc5-dd360e208bf1,v1703,Maxwell@display=pairwise
v2635,v2635,dfceda5f-e578-454c-835e-b70237867fd1,v1703,Maxwell@display=pairwise
v2635,v1703,05e840a4-3de4-447b-b859-e633d767fd6a,v2635,Maxwell@display=pairwise
v2635,v2635,c2695074-4db8-48d5-be71-3e9658613537,v1703,Maxwell@display=pairwise
v2635,v2635,1ecf32ce-e1db-4d42-b15f-56df3d197faa,v1703,Maxwell@display=pairwise
v2635,v2635,d4eabb9c-6f17-472b-ade4-3caa69edc47f,v1703,Maxwell@display=pairwise
v1703,v2635,43641f2c-9c5f-4450-a8d2-51e7dde0ec97,v1703,Maxwell@display=pairwise
v3355,v0530,ea86f042-2ebf-4a30-abb1-fbde6c45a3d1,v3355,Maxwell@display=pairwise
v3355,v0530,c2c5d1ea-6807-4bdd-a0f0-5694bf04fe9b,v3355,Maxwell@display=pairwise
v3355,v3355,8c5659b8-fe6f-4539-911f-1647d4975226,v0530,Maxwell@display=pairwise
v3355,v3355,8590a9f9-2ebf-4c1a-92e7-b7ed9bf29a0e,v0530,Maxwell@display=pairwise
v3355,v0530,d33afc89-4e22-4af7-a23c-7f20288ebb72,v3355,Maxwell@display=pairwise
v3355,v3355,63543963-7fe0-4e5d-bb45-c5303123a3d0,v0530,Maxwell@display=pairwise
v3355,v0530,8df9f32c-7ad0-46ab-b52d-026eca9182d5,v3355,Maxwell@display=pairwise
v3355,v3355,62d31ed8-f652-4253-8467-0143cdef952e,v0530,Maxwell@display=pairwise
,v0530,62d31ed8-f652-4253-8467-0143cdef952e,v3355,Maxwell@display=pairwise
v4097,v1447,c2695074-4db8-48d5-be71-3e9658613537,v4097,Maxwell@display=pairwise
v4097,v1447,dfceda5f-e578-454c-835e-b70237867fd1,v4097,Maxwell@display=pairwise
v4097,v4097,0ce9055c-8e48-4f35-8e94-9ca9bc88f80c,v1447,Maxwell@display=pairwise
v4097,v4097,a7bccc46-0fad-4e81-a217-16e8f6d660b4,v1447,Maxwell@display=pairwise
v4097,v4097,2dc384e2-d08c-47ed-a933-eb91ec6fb38b,v1447,Maxwell@display=pairwise
v4097,v4097,a777eafa-8e0b-4db8-b6d7-e9ef0d7cc236,v1447,Maxwell@display=pairwise
v4097,v1447,85acf25a-acab-4993-a328-e5aaacf2367f,v4097,Maxwell@display=pairwise
v4097,v4097,48eca316-7304-41b7-8acb-7e678a3cbf48,v1447,Maxwell@display=pairwise
v4097,v1447,b2c57169-2eb4-4673-8dd4-c2a4360d21d9,v4097,Maxwell@display=pairwise
v4097,v4097,c4028c28-4dc8-43ed-837f-6a102925f0a7,v1447,Maxwell@display=pairwise
v2525,v2525,c2695074-4db8-48d5-be71-3e9658613537,v0314,Maxwell@display=pairwise
v2525,v2525,e7c95211-5ce3-4c43-bde6-828f51c7a97c,v0314,Maxwell@display=pairwise
,v2525,996d4f04-efe4-4b10-9ba5-28b5dca74aed,v0314,Maxwell@display=pairwise
v2525,v0314,e37a04cf-5cb9-4c24-b268-428f04b630ae,v2525,Maxwell@display=pairwise
v2525,v2525,eb3af9c6-1fbd-4507-b9d7-a8050cea1f9a,v0314,Maxwell@display=pairwise
v2525,v2525,eb3af9c6-1fbd-4507-b9d7-a8050cea1f9a,v0314,Maxwell@display=pairwise
v2525,v2525,68ef565a-1042-4da3-904c-bcf7b3530ccd,v0314,Maxwell@display=pairwise
v2525,v0314,bdc19414-eecd-4bae-b622-f06ee94a9b55,v2525,Maxwell@display=pairwise
v0314,v2525,ced05eb2-a974-4dcf-89fb-bf893f78b6aa,v0314,Maxwell@display=pairwise
,v2525,75187b75-792e-4a2a-8959-7a9b23e0ea24,v0314,Maxwell@display=pairwise
v4235,v3175,c2695074-4db8-48d5-be71-3e9658613537,v4235,Maxwell@display=pairwise
v4235,v3175,f982c154-231a-4d28-8be6-f62894d3a8c5,v4235,Maxwell@display=pairwise
v4235,v3175,af7f19e9-f83a-45ae-8df8-fb20d08eddf9,v4235,Maxwell@display=pairwise
v4235,v4235,0dfde53f-a1c3-4854-9c02-3e41d9086ece,v3175,Maxwell@display=pairwise
v4235,v4235,db9ea501-dc60-469e-99e5-17b4bcfcb6fb,v3175,Maxwell@display=pairwise
v4235,v3175,8df9f32c-7ad0-46ab-b52d-026eca9182d5,v4235,Maxwell@display=pairwise
v4235,v3175,f2cb3403-6c77-4e49-86af-9e41adbacf34,v4235,Maxwell@display=pairwise
v4235,v3175,2feaf824-0ccc-4894-9bb4-63c40c53fe04,v4235,Maxwell@display=pairwise
v3175,v4235,d39c5247-3bfe-426f-87db-6d7ca30b9f8c,v3175,Maxwell@display=pairwise
v2513,v0032,c2695074-4db8-48d5-be71-3e9658613537,v2513,Maxwell@display=pairwise
v2513,v0032,dfceda5f-e578-454c-835e-b70237867fd1,v2513,Maxwell@display=pairwise
v2513,v0032,2e51a290-d08f-4b97-b0d1-c0cca3833712,v2513,Maxwell@display=pairwise
v2513,v2513,43641f2c-9c5f-4450-a8d2-51e7dde0ec97,v0032,Maxwell@display=pairwise
v2513,v2513,bb28c3d5-6528-4f53-bc09-6bf84b42a7fb,v0032,Maxwell@display=pairwise
v2513,v2513,ed0092e8-c319-447b-a041-b75a08c6d0bd,v0032,Maxwell@display=pairwise
,v0032,9d91b01f-a800-4b2b-b343-d61dc7eaf041,v2513,Maxwell@display=pairwise
v2513,v0032,4dea2b70-1476-45e6-a255-7bcc1601369b,v2513,Maxwell@display=pairwise
v0032,v2513,2ca645a6-7ef0-4fc3-9abd-cf3501109eae,v0032,Maxwell@display=pairwise
v2513,v0032,fdeab250-0277-4490-bcf0-de3d8c630a98,v2513,Maxwell@display=pairwise
v3355,v3175,c2695074-4db8-48d5-be71-3e9658613537,v3355,Maxwell@display=pairwise
v3355,v3355,acccac54-c658-4a6d-b128-1acee477e62e,v3175,Maxwell@display=pairwise
v3355,v3355,6e2024e3-6dbd-4f38-acdd-ea74cebf7e8b,v3175,Maxwell@display=pairwise
v3355,v3355,c3da73c8-c221-4822-b9db-e6a75018931f,v3175,Maxwell@display=pairwise
v3355,v3355,e07bb13d-8d71-400d-8aee-9277fb8773d2,v3175,Maxwell@display=pairwise
v3355,v3175,f1338919-3049-404e-9297-43ad044caf39,v3355,Maxwell@display=pairwise
v3355,v3355,617ae86c-fc97-402a-ba65-8994258b69e0,v3175,Maxwell@display=pairwise
v3355,v3355,4fa29376-5b1b-425e-93ff-2bcf80f82251,v3175,Maxwell@display=pairwise
v3355,v3175,2e6f5d07-f718-40d7-9899-2d530c3566ed,v3355,Maxwell@display=pairwise
v1190,v0328,e7c95211-5ce3-4c43-bde6-828f51c7a97c,v1190,Maxwell@display=pairwise
v1190,v1190,761748d4-d10d-4076-8ba5-4316321078d2,v0328,Maxwell@display=pairwise
v1190,v1190,8babccc1-e414-4e5f-ae9b-a16091977afb,v0328,Maxwell@display=pairwise
v1190,v1190,7bf3dae0-af9d-4a3f-894f-9ff0503f5348,v0328,Maxwell@display=pairwise
v1190,v0328,19da1622-4523-4766-8ee2-c68a94aba13f,v1190,Maxwell@display=pairwise
v1190,v0328,4cfaf7eb-7c7a-4d23-afa8-6e9c8e64a6b4,v1190,Maxwell@display=pairwise
v1190,v0328,ca5e860d-cf4b-4c4a-bac3-1b0cd8646b53,v1190,Maxwell@display=pairwise
v1190,v1190,ddd61b5c-dc4a-4146-8ae2-ae9ff73fb5d8,v0328,Maxwell@display=pairwise
v1190,v0328,d26017bc-5f0f-46a9-9ecd-b0be37678c1f,v1190,Maxwell@display=pairwise
v4097,v4097,e7c95211-5ce3-4c43-bde6-828f51c7a97c,v1984,Maxwell@display=pairwise
v4097,v1984,dfceda5f-e578-454c-835e-b70237867fd1,v4097,Maxwell@display=pairwise
v4097,v1984,1ca99ba4-be7c-4a95-a57a-0005144b2eca,v4097,Maxwell@display=pairwise
v4097,v4097,4a4cda64-e09d-474d-abba-3cd33d2a4778,v1984,Maxwell@display=pairwise
v4097,v1984,171d9627-c964-4a99-8c05-0cf0ea584fba,v4097,Maxwell@display=pairwise
v4097,v1984,d09c64e0-a2da-48ef-bc62-4b215947cae7,v4097,Maxwell@display=pairwise
v4097,v4097,5bd6d7d7-bd09-4636-be21-b00626f71358,v1984,Maxwell@display=pairwise
v4097,v1984,0b4069bf-814c-4e56-bd46-d37b8f058ea5,v4097,Maxwell@display=pairwise
v4097,v4097,bd1d8225-a753-4e92-adc4-0e5e9b328f9b,v1984,Maxwell@display=pairwise
v4097,v4097,36c5c8c0-5e83-47ea-8f74-af418783618a,v1984,Maxwell@display=pairwise
,v3740,e7c95211-5ce3-4c43-bde6-828f51c7a97c,v2635,Maxwell@display=pairwise
v2635,v2635,26daa196-3e51-425f-8944-e7e21c5dca40,v3740,Maxwell@display=pairwise
v3740,v3740,24c7bb15-fdc7-448c-96a3-557e772127cd,v2635,Maxwell@display=pairwise
v3740,v3740,094e753d-9712-4a5c-b642-e225b4d0af47,v2635,Maxwell@display=pairwise
v2635,v2635,66d5d376-d4b4-43f4-be21-1b386fd32966,v3740,Maxwell@display=pairwise
v3740,v2635,5e2da638-96bd-419b-acdd-1f0e0cd35933,v3740,Maxwell@display=pairwise
v2635,v2635,3d7fe021-5960-477b-910a-b9019bd40c53,v3740,Maxwell@display=pairwise
v3740,v2635,bcbd73bb-1a96-4b43-b689-5c7986900531,v3740,Maxwell@display=pairwise
v2635,v2635,5a73329b-3ee5-4d38-9a02-8e7a17f87252,v3740,Maxwell@display=pairwise
,v3583,97029296-ed19-429b-bde6-a44701da9433,v3740,Maxwell@display=pairwise
,v3583,97029296-ed19-429b-bde6-a44701da9433,v3740,Maxwell@display=pairwise
v3583,v3740,c9e36c3c-b003-43bc-8558-26d476b0a20d,v3583,Maxwell@display=pairwise
,v3740,c84c4b4e-e61c-4990-a2d5-4ecaceeeddf0,v3583,Maxwell@display=pairwise
v3583,v3583,45ae941f-242d-4e30-88fa-eba0b7eeecc5,v3740,Maxwell@display=pairwise
v3583,v3583,4150d97c-eefc-4853-8768-c3caf08a8bcc,v3740,Maxwell@display=pairwise
,v3740,ba9fe7c9-6c2e-4006-a184-46f2e039d589,v3583,Maxwell@display=pairwise
v3740,v3740,5ccc3ed0-25fd-4916-814e-1434152dda5f,v3583,Maxwell@display=pairwise
v3583,v3740,5ccc3ed0-25fd-4916-814e-1434152dda5f,v3583,Maxwell@display=pairwise
,v3583,f74805b0-7406-4a6a-9a49-5c7b8bedda55,v3740,Maxwell@display=pairwise
v1703,v1703,5ca4290f-c11a-446f-a475-6105dde0b57f,v2801,Maxwell@display=pairwise
v1703,v2801,6ee42a58-0d17-477c-b60f-4bf0f2eec782,v1703,Maxwell@display=pairwise
v1703,v2801,4d41abd8-8939-4aaf-8d9b-3eeaca78e042,v1703,Maxwell@display=pairwise
v1703,v1703,01f1ebd7-d031-4b6c-9c2b-e6e64c207dbe,v2801,Maxwell@display=pairwise
v1703,v2801,75ce2d58-ecbb-4ede-bd93-43b99bca8d46,v1703,Maxwell@display=pairwise
v2801,v2801,3665f070-cce1-4979-995c-d117a13742ab,v1703,Maxwell@display=pairwise
v2801,v2801,7777504d-190e-4865-ab1d-44476ebb48d1,v1703,Maxwell@display=pairwise
v2801,v1703,35848222-14fa-4e1a-838c-efac9c195ea5,v2801,Maxwell@display=pairwise
v2801,v2801,dfceda5f-e578-454c-835e-b70237867fd1,v1703,Maxwell@display=pairwise
v2801,v2801,dfceda5f-e578-454c-835e-b70237867fd1,v1703,Maxwell@display=pairwise
v1859,v1859,97029296-ed19-429b-bde6-a44701da9433,v0530,Maxwell@display=pairwise
v1859,v0530,dfceda5f-e578-454c-835e-b70237867fd1,v1859,Maxwell@display=pairwise
,v0530,73a3dcd6-df5c-4cb9-b01e-8842ddc7f7d0,v1859,Maxwell@display=pairwise
v1859,v0530,9a13acb4-7038-4936-8528-49b8f8676860,v1859,Maxwell@display=pairwise
v1859,v1859,898cd458-3328-4ede-85e7-6e18eef38b6e,v0530,Maxwell@display=pairwise
v1859,v0530,ef228dde-5278-429a-b581-bf6bdf7010cb,v1859,Maxwell@display=pairwise
v1859,v0530,4cfaf7eb-7c7a-4d23-afa8-6e9c8e64a6b4,v1859,Maxwell@display=pairwise
,v1859,8f7e51a3-8852-4682-99c4-de2ab7f8863b,v0530,Maxwell@display=pairwise
v0530,v0530,4cf27f34-7c95-4417-9203-7627dd0e8db3,v1859,Maxwell@display=pairwise
v1859,v0530,c9cbf439-dbba-4e14-bc06-61a2951a9521,v1859,Maxwell@display=pairwise
v0265,v0162,97029296-ed19-429b-bde6-a44701da9433,v0265,Maxwell@display=pairwise
v0265,v0265,f356bf83-0f18-44d6-b192-780c6c0bdd3d,v0162,Maxwell@display=pairwise
v0265,v0265,99d92158-abae-45a9-b49b-737ab2119fa3,v0162,Maxwell@display=pairwise
v0265,v0162,01a3b14c-3923-4b2c-baf6-0b671043ec61,v0265,Maxwell@display=pairwise
v0265,v0162,359f764b-eac4-4deb-9a38-7bd22cda2792,v0265,Maxwell@display=pairwise
,v0162,50d836a8-9b8a-4427-9d9e-d47323c64913,v0265,Maxwell@display=pairwise
v0265,v0162,5db3738a-9acb-4d81-9255-362c61e080bf,v0265,Maxwell@display=pairwise
v0265,v0162,c7d90a87-a380-46b6-af6f-fad86d1c1757,v0265,Maxwell@display=pairwise
v0162,v0265,814ef15f-db94-48de-9643-528fc2a355eb,v0162,Maxwell@display=pairwise
v0265,v0162,adc336f2-1af3-4f27-8deb-9a83f894b2f2,v0265,Maxwell@display=pairwise
,v2801,97029296-ed19-429b-bde6-a44701da9433,v0529,Maxwell@display=pairwise
v2801,v0529,dfceda5f-e578-454c-835e-b70237867fd1,v2801,Maxwell@display=pairwise
,v2801,19d8041f-78dc-4148-92f4-1190481c0358,v0529,Maxwell@display=pairwise
v0529,v2801,996d4f04-efe4-4b10-9ba5-28b5dca74aed,v0529,Maxwell@display=pairwise
v0529,v2801,9e27701b-15a9-4a1e-b326-1c40f3a51892,v0529,Maxwell@display=pairwise
v2801,v2801,382377d1-9207-4945-a189-62ca27420f73,v0529,Maxwell@display=pairwise
v2801,v0529,57c5b042-79d7-4bb7-8714-5d3808c5cd0e,v2801,Maxwell@display=pairwise
v2801,v0529,50b29053-fdd9-4485-920f-42263ca9e9fb,v2801,Maxwell@display=pairwise
v0529,v2801,f91a86d7-4ef8-4563-ab87-c52917313279,v0529,Maxwell@display=pairwise
v0529,v2801,c4028c28-4dc8-43ed-837f-6a102925f0a7,v0529,Maxwell@display=pairwise
v4235,v4235,97029296-ed19-429b-bde6-a44701da9433,v4034,Maxwell@display=pairwise
,v4034,5d191acd-806f-4f0a-873f-cff5ef5c5178,v4235,Maxwell@display=pairwise
v4034,v4034,676d136b-aabc-4a63-9157-3a6ddacfd43f,v4235,Maxwell@display=pairwise
v4034,v4235,8c5659b8-fe6f-4539-911f-1647d4975226,v4034,Maxwell@display=pairwise
v4235,v4034,b7ea617c-5ad5-4087-9795-bfd98e396875,v4235,Maxwell@display=pairwise
v4034,v4034,3b229a65-310a-43d5-a784-9b94a939355b,v4235,Maxwell@display=pairwise
v4034,v4235,a0f1f4c5-8d22-403c-a1e7-b9c24cc01c54,v4034,Maxwell@display=pairwise
v4034,v4034,b2c57169-2eb4-4673-8dd4-c2a4360d21d9,v4235,Maxwell@display=pairwise
v4235,v4034,d8c466c5-877b-40b2-b8d8-5cd12c3902b1,v4235,Maxwell@display=pairwise
v4034,v4034,5a73329b-3ee5-4d38-9a02-8e7a17f87252,v4235,Maxwell@display=pairwise
v0878,v0878,dfceda5f-e578-454c-835e-b70237867fd1,v3175,Maxwell@display=pairwise
v3175,v3175,26daa196-3e51-425f-8944-e7e21c5dca40,v0878,Maxwell@display=pairwise
v0878,v0878,5ca80653-5ca4-4a63-a5e9-7c13c6f6ef4e,v3175,Maxwell@display=pairwise
v0878,v0878,43505c4c-2f72-4150-b92e-bb25604e229a,v3175,Maxwell@display=pairwise
v0878,v3175,3ceee84d-5b67-4517-bb80-572756bac2c2,v0878,Maxwell@display=pairwise
v0878,v0878,359f764b-eac4-4deb-9a38-7bd22cda2792,v3175,Maxwell@display=pairwise
v0878,v3175,4fc856c7-d2f0-44da-a97b-0af57f30e5a4,v0878,Maxwell@display=pairwise
v3175,v3175,17ba7ccf-cde9-4ecc-92d6-17c706087da2,v0878,Maxwell@display=pairwise
v0878,v0878,1f073ed6-cf9c-4eed-aa27-85dfc3f34f60,v3175,Maxwell@display=pairwise
v0878,v3175,393a3c3e-2f6d-49dd-b9e0-18768e4dbb96,v0878,Maxwell@display=pairwise
v2349,v2349,ade8a476-81ee-42b0-a41a-c54a43f6bf8c,v3292,Maxwell@display=pairwise
v2349,v3292,399c3875-4111-41c4-b788-79e32772e36d,v2349,Maxwell@display=pairwise
v2349,v3292,c942376b-0080-4a53-825b-8c8974c18262,v2349,Maxwell@display=pairwise
v2349,v2349,62182adc-a9e3-409b-94a5-c4c180d9f3b7,v3292,Maxwell@display=pairwise
v2349,v3292,a777eafa-8e0b-4db8-b6d7-e9ef0d7cc236,v2349,Maxwell@display=pairwise
v2349,v3292,1c633216-85cf-4854-b853-de600421a67d,v2349,Maxwell@display=pairwise
v2349,v2349,8c486527-a24e-43cc-93c6-81d3da4e9836,v3292,Maxwell@display=pairwise
v2349,v2349,b1bb1cd5-b196-4cc9-8e55-a11b14166a3b,v3292,Maxwell@display=pairwise
v2349,v2349,db9ea501-dc60-469e-99e5-17b4bcfcb6fb,v3292,Maxwell@display=pairwise
v2349,v2349,712ea676-4242-48ad-8b1c-1851c5c289ec,v3292,Maxwell@display=pairwise
v3583,v3583,ade8a476-81ee-42b0-a41a-c54a43f6bf8c,v3065,Maxwell@display=pairwise
v3583,v3583,5c136a49-d41e-4881-93c3-e597c637a8dc,v3065,Maxwell@display=pairwise
v3583,v3583,13a84fc5-c897-4808-819d-21fe4ef9dffc,v3065,Maxwell@display=pairwise
v3583,v3065,a7bccc46-0fad-4e81-a217-16e8f6d660b4,v3583,Maxwell@display=pairwise
v3583,v3065,94853c24-e68d-4875-ae6f-521994d9fef0,v3583,Maxwell@display=pairwise
v3583,v3583,ab45a492-e076-489d-bd8f-39251a92f0ab,v3065,Maxwell@display=pairwise
v3583,v3065,d5ba3837-38e1-4aec-bd7c-cb069a23e8c1,v3583,Maxwell@display=pairwise
v3583,v3583,d906e73c-afb6-4bc0-8cab-f6991cc560ba,v3065,Maxwell@display=pairwise
v3583,v3583,847d79d3-f147-41e8-91ea-6097016d7bb0,v3065,Maxwell@display=pairwise
v3065,v3065,f9f062ef-692e-46ad-a379-6d3a1e5a78e8,v3583,Maxwell@display=pairwise
v4166,v4166,ade8a476-81ee-42b0-a41a-c54a43f6bf8c,v3292,Maxwell@display=pairwise
v4166,v3292,c73de61c-2ffb-43a7-bb2b-9153ac84e57d,v4166,Maxwell@display=pairwise
,v4166,4592796c-7285-48a6-b77f-e5d5c08af6c0,v3292,Maxwell@display=pairwise
v4166,v4166,21cdd095-3223-44a1-bbae-ecc5b4f9c9aa,v3292,Maxwell@display=pairwise
v4166,v4166,4c52ed79-8845-42cb-aab9-05e6faee8c9f,v3292,Maxwell@display=pairwise
v3292,v4166,4c52ed79-8845-42cb-aab9-05e6faee8c9f,v3292,Maxwell@display=pairwise
v4166,v4166,bb124c47-757c-4a7c-a0d4-8c10f384baa9,v3292,Maxwell@display=pairwise
v4166,v3292,71d414a2-7da8-44c1-a7cb-4e81f84eb38a,v4166,Maxwell@display=pairwise
v4166,v4166,c7d90a87-a380-46b6-af6f-fad86d1c1757,v3292,Maxwell@display=pairwise
v4166,v3292,bd1d8225-a753-4e92-adc4-0e5e9b328f9b,v4166,Maxwell@display=pairwise
v4097,v4097,ade8a476-81ee-42b0-a41a-c54a43f6bf8c,v0878,Maxwell@display=pairwise
v4097,v0878,ade8a476-81ee-42b0-a41a-c54a43f6bf8c,v4097,Maxwell@display=pairwise
,v4097,f7c088a4-f181-4faf-b131-f76c01b92e8d,v0878,Maxwell@display=pairwise
v4097,v4097,cf421e49-e692-42d6-98e8-aae5324da76e,v0878,Maxwell@display=pairwise
v4097,v4097,1cb93b11-5310-4d5c-a726-b413659dd3b8,v0878,Maxwell@display=pairwise
v4097,v4097,c84c4b4e-e61c-4990-a2d5-4ecaceeeddf0,v0878,Maxwell@display=pairwise
v4097,v4097,0b4069bf-814c-4e56-bd46-d37b8f058ea5,v0878,Maxwell@display=pairwise
v4097,v0878,5ccc3ed0-25fd-4916-814e-1434152dda5f,v4097,Maxwell@display=pairwise
v4097,v0878,5ccc3ed0-25fd-4916-814e-1434152dda5f,v4097,Maxwell@display=pairwise
v4097,v4097,87e8a297-f718-4c2c-b36e-ad49b5f87820,v0878,Maxwell@display=pairwise
v1703,v1703,ade8a476-81ee-42b0-a41a-c54a43f6bf8c,v1025,Maxwell@display=pairwise
v1703,v1703,0b68b061-a86d-4737-893c-794dc89669bf,v1025,Maxwell@display=pairwise
v1025,v1025,b0f8077d-dcab-4219-bb3b-100afaafa26d,v1703,Maxwell@display=pairwise
v1025,v1025,31ddaa13-1309-4d47-b0ea-75b020268f37,v1703,Maxwell@display=pairwise
v1025,v1025,96f829ff-df3c-49ca-9af3-b69739e4a67a,v1703,Maxwell@display=pairwise
v1703,v1703,377b66e2-ae54-4e8b-bd72-393052e435d4,v1025,Maxwell@display=pairwise
v1025,v1703,4c9f3ef1-1be5-4b46-b834-89e3cd2a94a2,v1025,Maxwell@display=pairwise
v1703,v1025,16741407-ab8f-42d4-a0de-61154fca3785,v1703,Maxwell@display=pairwise
v1703,v1703,344d07d0-63a8-46e8-a5fa-10d7dec66115,v1025,Maxwell@display=pairwise
v1703,v1025,298bd5e1-5cb8-4d9b-b7a7-2d7fcac00e91,v1703,Maxwell@display=pairwise
v1447,v2513,ade8a476-81ee-42b0-a41a-c54a43f6bf8c,v1447,Maxwell@display=pairwise
v2513,v2513,30f85572-69e4-41c3-97d8-25f74a2a229a,v1447,Maxwell@display=pairwise
v1447,v2513,cb101408-6fca-4119-9289-441754c9b2f0,v1447,Maxwell@display=pairwise
,v1447,d67a763c-3129-46e5-8a1c-450bff6ca19d,v2513,Maxwell@display=pairwise
v2513,v1447,382377d1-9207-4945-a189-62ca27420f73,v2513,Maxwell@display=pairwise
,v1447,0f9366f9-fade-450c-be0e-0ebb4444aece,v2513,Maxwell@display=pairwise
v2513,v1447,4c52ed79-8845-42cb-aab9-05e6faee8c9f,v2513,Maxwell@display=pairwise
v2513,v2513,ec7a9023-9cdd-445b-934e-d5c95de760d5,v1447,Maxwell@display=pairwise
v2513,v1447,8df9f32c-7ad0-46ab-b52d-026eca9182d5,v2513,Maxwell@display=pairwise
,v3292,c73de61c-2ffb-43a7-bb2b-9153ac84e57d,v0878,Maxwell@display=pairwise
v0878,v3292,0b68b061-a86d-4737-893c-794dc89669bf,v0878,Maxwell@display=pairwise
,v0878,73a3dcd6-df5c-4cb9-b01e-8842ddc7f7d0,v3292,Maxwell@display=pairwise
v0878,v3292,6d6a6d9c-16c4-43d3-860f-2faf372131a2,v0878,Maxwell@display=pairwise
v0878,v3292,912ff3ea-9faf-4081-b27b-1ba77372b348,v0878,Maxwell@display=pairwise
,v0878,f19945e8-447a-46eb-adcc-ff690853c250,v3292,Maxwell@display=pairwise
v0878,v0878,b03c8d70-1916-4f7d-a03a-f96397ce85d6,v3292,Maxwell@display=pairwise
v0878,v0878,c84c4b4e-e61c-4990-a2d5-4ecaceeeddf0,v3292,Maxwell@display=pairwise
v0878,v0878,45ae941f-242d-4e30-88fa-eba0b7eeecc5,v3292,Maxwell@display=pairwise
v0878,v0878,058c4e79-1989-4a56-81b0-7d9c671b99d7,v3292,Maxwell@display=pairwise
v1373,v1373,28487e39-409b-4c7a-9093-c8806b2a099b,v0530,Maxwell@display=pairwise
,v1373,bab736be-b6c3-4a0a-8930-23ed65f562f2,v0530,Maxwell@display=pairwise
v1373,v0530,e8cf995a-d627-41b3-85ff-373a997d5a4f,v1373,Maxwell@display=pairwise
v1373,v1373,94853c24-e68d-4875-ae6f-521994d9fef0,v0530,Maxwell@display=pairwise
v1373,v1373,d6c9a5ed-1280-4497-91b4-033d6937541e,v0530,Maxwell@display=pairwise
v1373,v1373,c73de61c-2ffb-43a7-bb2b-9153ac84e57d,v0530,Maxwell@display=pairwise
v1373,v1373,d4bb2ace-733e-49f7-9178-3c58fe2fb813,v0530,Maxwell@display=pairwise
,v1373,46890feb-e3fa-42f0-bdb2-bc9bbacd627f,v0530,Maxwell@display=pairwise
v1373,v0530,148f22ba-ed8e-4f96-827b-2afb9db9e1d3,v1373,Maxwell@display=pairwise
,v0530,291f1ce5-afb6-47f8-bf06-629bc6007f6a,v1373,Maxwell@display=pairwise
v4048,v2419,c73de61c-2ffb-43a7-bb2b-9153ac84e57d,v4048,Maxwell@display=pairwise
v4048,v2419,5c136a49-d41e-4881-93c3-e597c637a8dc,v4048,Maxwell@display=pairwise
v4048,v4048,43641f2c-9c5f-4450-a8d2-51e7dde0ec97,v2419,Maxwell@display=pairwise
v4048,v2419,cabe6903-7b7e-4c1a-b661-958c6fa61429,v4048,Maxwell@display=pairwise
v4048,v4048,11b57023-0038-4da7-9328-34ce0bd22606,v2419,Maxwell@display=pairwise
v4048,v4048,37e2fd1c-8e32-4deb-bec9-a4ed41c99e10,v2419,Maxwell@display=pairwise
v4048,v4048,f52b764c-6af0-4c94-8cdd-65f0f56a1931,v2419,Maxwell@display=pairwise
v4048,v2419,afb40d45-bed5-4152-bfe2-7fce395f5e35,v4048,Maxwell@display=pairwise
v4048,v2419,16741407-ab8f-42d4-a0de-61154fca3785,v4048,Maxwell@display=pairwise
v4048,v4048,c4028c28-4dc8-43ed-837f-6a102925f0a7,v2419,Maxwell@display=pairwise
,v4034,c73de61c-2ffb-43a7-bb2b-9153ac84e57d,v2349,Maxwell@display=pairwise
v4034,v4034,4e2adbe1-fa03-4f25-a561-baae089d8201,v2349,Maxwell@display=pairwise
v2349,v2349,a7a93a58-0185-4a02-be01-554e229a1446,v4034,Maxwell@display=pairwise
v4034,v4034,2820937d-b7de-4dec-b6c1-1e205b50f8a0,v2349,Maxwell@display=pairwise
v2349,v2349,b7ea617c-5ad5-4087-9795-bfd98e396875,v4034,Maxwell@display=pairwise
v2349,v2349,7923b5e3-11d0-48ca-937d-4b08a7ecead4,v4034,Maxwell@display=pairwise
v4034,v4034,17ba7ccf-cde9-4ecc-92d6-17c706087da2,v2349,Maxwell@display=pairwise
v2349,v4034,d8c466c5-877b-40b2-b8d8-5cd12c3902b1,v2349,Maxwell@display=pairwise
v2349,v2349,8df9f32c-7ad0-46ab-b52d-026eca9182d5,v4034,Maxwell@display=pairwise
v4034,v4034,4532ad54-b06d-4086-9aee-ff09a9391a08,v2349,Maxwell@display=pairwise
v0032,v0032,5c136a49-d41e-4881-93c3-e597c637a8dc,v4235,Maxwell@display=pairwise
v4235,v0032,0b68b061-a86d-4737-893c-794dc89669bf,v4235,Maxwell@display=pairwise
v4235,v0032,bb6f7d69-13e4-4bf4-9aa2-bfa5e8640d32,v4235,Maxwell@display=pairwise
v4235,v4235,203b013a-c242-47ba-89dd-a2c609192d10,v0032,Maxwell@display=pairwise
v4235,v4235,8babccc1-e414-4e5f-ae9b-a16091977afb,v0032,Maxwell@display=pairwise
v4235,v0032,66d5d376-d4b4-43f4-be21-1b386fd32966,v4235,Maxwell@display=pairwise
v4235,v4235,171d9627-c964-4a99-8c05-0cf0ea584fba,v0032,Maxwell@display=pairwise
,v4235,b33fcfb9-4483-464b-9fa3-2fd815d1577a,v0032,Maxwell@display=pairwise
v4235,v0032,4fc856c7-d2f0-44da-a97b-0af57f30e5a4,v4235,Maxwell@display=pairwise
v4235,v0032,86a3ac5a-2140-48bb-bde9-f02ac7191d29,v4235,Maxwell@display=pairwise
v4537,v1477,5c136a49-d41e-4881-93c3-e597c637a8dc,v4537,Maxwell@display=pairwise
v4537,v4537,12f332a1-5ffa-4879-b1d8-9da98c72ac92,v1477,Maxwell@display=pairwise
v4537,v1477,99d92158-abae-45a9-b49b-737ab2119fa3,v4537,Maxwell@display=pairwise
v4537,v1477,4e2adbe1-fa03-4f25-a561-baae089d8201,v4537,Maxwell@display=pairwise
v4537,v4537,c6a5f67c-5e3c-447c-8dd4-cf7aa57bb617,v1477,Maxwell@display=pairwise
v4537,v1477,b0a4dc9c-8f85-4cb4-b0e0-aadbead32e5f,v4537,Maxwell@display=pairwise
v4537,v1477,259688ae-f706-4f41-ade3-4a17e052e824,v4537,Maxwell@display=pairwise
v4537,v4537,f6f6b226-3ab0-4a3c-84fb-0ce9390db359,v1477,Maxwell@display=pairwise
v4537,v1477,2cb27c19-ded0-4142-8d53-29140e2d8004,v4537,Maxwell@display=pairwise
v4537,v4537,8ba60b69-3825-4c10-beca-8d2e7ba9dfa1,v1477,Maxwell@display=pairwise
v2328,v0162,0b68b061-a86d-4737-893c-794dc89669bf,v2328,Maxwell@display=pairwise
v2328,v2328,0b68b061-a86d-4737-893c-794dc89669bf,v0162,Maxwell@display=pairwise
v2328,v2328,5a1c3efd-82cc-49c8-b9d9-add302b2be8a,v0162,Maxwell@display=pairwise
v2328,v0162,df26a6f9-0f91-4a5e-82a0-ce73746d46d1,v2328,Maxwell@display=pairwise
v2328,v2328,4592796c-7285-48a6-b77f-e5d5c08af6c0,v0162,Maxwell@display=pairwise
v2328,v0162,fe6afd5a-8da5-49b6-af0b-9f6049662f8b,v2328,Maxwell@display=pairwise
v2328,v2328,7362c712-28f5-4b3b-a8e7-274ce94aae4b,v0162,Maxwell@display=pairwise
v2328,v2328,71d414a2-7da8-44c1-a7cb-4e81f84eb38a,v0162,Maxwell@display=pairwise
v2328,v2328,1ac54074-3b46-420d-be1a-9370fec2a3d9,v0162,Maxwell@display=pairwise
v2328,v0162,1ac54074-3b46-420d-be1a-9370fec2a3d9,v2328,Maxwell@display=pairwise
v4034,v0265,0b68b061-a86d-4737-893c-794dc89669bf,v4034,Maxwell@display=pairwise
v4034,v0265,0ce9055c-8e48-4f35-8e94-9ca9bc88f80c,v4034,Maxwell@display=pairwise
v4034,v0265,31ddaa13-1309-4d47-b0ea-75b020268f37,v4034,Maxwell@display=pairwise
v4034,v4034,9185b4f4-7b4c-4c14-a224-c258d06bfa75,v0265,Maxwell@display=pairwise
v4034,v4034,b269b069-99f5-4d8d-8e73-426d3fa2f09f,v0265,Maxwell@display=pairwise
v4034,v4034,7777504d-190e-4865-ab1d-44476ebb48d1,v0265,Maxwell@display=pairwise
,v0265,8165ec89-da1a-443f-9c35-12bd6162de30,v4034,Maxwell@display=pairwise
,v4034,aabfee8b-fee9-4c73-bd6b-0a4b92c72528,v0265,Maxwell@display=pairwise
v4034,v4034,573722c4-6130-4835-b049-7c523af50881,v0265,Maxwell@display=pairwise
v3583,v0094,0b68b061-a86d-4737-893c-794dc89669bf,v3583,Maxwell@display=pairwise
v3583,v0094,60697061-3fc4-4137-9789-63e68e409f11,v3583,Maxwell@display=pairwise
v3583,v3583,8c5659b8-fe6f-4539-911f-1647d4975226,v0094,Maxwell@display=pairwise
v3583,v0094,a2988d9d-63df-4cf2-a445-7a1dbf7f45f3,v3583,Maxwell@display=pairwise
v3583,v3583,b023edb0-5491-44a1-bacb-34942899fb86,v0094,Maxwell@display=pairwise
v3583,v0094,284eb320-ce3d-48b3-99f0-b07eda1cc7ed,v3583,Maxwell@display=pairwise
v3583,v0094,d46aa3cf-4905-4b5d-af67-028746a98435,v3583,Maxwell@display=pairwise
v3583,v0094,896aa6ba-af39-4dad-a16b-2b871323826d,v3583,Maxwell@display=pairwise
v3583,v0094,148a0216-b671-4cdd-992c-7aba2d0b85cb,v3583,Maxwell@display=pairwise
v2349,v2063,0b68b061-a86d-4737-893c-794dc89669bf,v2349,Maxwell@display=pairwise
v2349,v2349,209cb4b5-da1d-4522-8e51-c7ab4b854165,v2063,Maxwell@display=pairwise
v2349,v2063,3fa99ef2-8170-40ac-9c39-165fcfe91a61,v2349,Maxwell@display=pairwise
v2349,v2349,871c2c32-2a79-4dfe-8f52-64f2693fedd4,v2063,Maxwell@display=pairwise
v2349,v2063,06278424-ef97-42cc-bcc1-ee893b3964ea,v2349,Maxwell@display=pairwise
v2349,v2349,15577bca-cd7f-4695-868d-7da11fc028ed,v2063,Maxwell@display=pairwise
v2349,v2349,4989c9a7-2a48-4c9b-8088-387d0efcfb45,v2063,Maxwell@display=pairwise
v2349,v2063,4989c9a7-2a48-4c9b-8088-387d0efcfb45,v2349,Maxwell@display=pairwise
v2349,v2063,19ed7125-f9d4-4332-baa2-b57735cd4bae,v2349,Maxwell@display=pairwise
,v1447,56396265-a727-4b26-87a2-fa020961705e,v0314,Maxwell@display=pairwise
v1447,v1447,e42b649c-14c6-4d68-bd56-7111ec5ae475,v0314,Maxwell@display=pairwise
,v1447,399c3875-4111-41c4-b788-79e32772e36d,v0314,Maxwell@display=pairwise
v0314,v1447,996d4f04-efe4-4b10-9ba5-28b5dca74aed,v0314,Maxwell@display=pairwise
v1447,v0314,91b93af1-fc38-4f56-bd97-9f14882417a4,v1447,Maxwell@display=pairwise
v1447,v1447,f9d3357f-aea1-4746-8080-e4ebb0fb3ae0,v0314,Maxwell@display=pairwise
v0314,v1447,95a7cc06-df48-4cae-9aec-7e23717e0f71,v0314,Maxwell@display=pairwise
,v0314,1bc15f08-5e0e-4bcb-9390-fef0c1eb2c89,v1447,Maxwell@display=pairwise
,v0314,ec7a9023-9cdd-445b-934e-d5c95de760d5,v1447,Maxwell@display=pairwise
v1447,v1447,bcbd73bb-1a96-4b43-b689-5c7986900531,v0314,Maxwell@display=pairwise
v4048,v4048,56396265-a727-4b26-87a2-fa020961705e,v3583,Maxwell@display=pairwise
v3583,v3583,047e4203-0585-4d9b-9859-1744b143e682,v4048,Maxwell@display=pairwise
v4048,v3583,a7bccc46-0fad-4e81-a217-16e8f6d660b4,v4048,Maxwell@display=pairwise
v4048,v4048,18dda76c-d54a-40a2-9768-d2dc4378804e,v3583,Maxwell@display=pairwise
v4048,v4048,809db03d-2f37-4a0c-bb4f-05365cebf6af,v3583,Maxwell@display=pairwise
v4048,v4048,5e14c80c-d87f-446e-9e94-80c9c0a62c3b,v3583,Maxwell@display=pairwise
v4048,v4048,a0379086-b099-4907-aa9d-8691ca28df83,v3583,Maxwell@display=pairwise
v3583,v3583,8df9f32c-7ad0-46ab-b52d-026eca9182d5,v4048,Maxwell@display=pairwise
v4048,v3583,cc66f008-3ba4-41b3-a1c3-0b1697a27ebe,v4048,Maxwell@display=pairwise
,v3292,56396265-a727-4b26-87a2-fa020961705e,v4235,Maxwell@display=pairwise
v3292,v4235,faec11ec-0322-48ed-a2c7-b65d8b8ad221,v3292,Maxwell@display=pairwise
v3292,v3292,761748d4-d10d-4076-8ba5-4316321078d2,v4235,Maxwell@display=pairwise
v4235,v4235,c2c5d1ea-6807-4bdd-a0f0-5694bf04fe9b,v3292,Maxwell@display=pairwise
v4235,v4235,96f829ff-df3c-49ca-9af3-b69739e4a67a,v3292,Maxwell@display=pairwise
v4235,v4235,ce008773-19e4-41d1-82ae-f094be0d2171,v3292,Maxwell@display=pairwise
v4235,v4235,6d1409b9-6033-42e4-aa64-cd28900b3b16,v3292,Maxwell@display=pairwise
v4235,v3292,17f408f2-5335-4dad-a25b-77bd0f2e59db,v4235,Maxwell@display=pairwise
v3292,v3292,a4495c73-1fd9-49f1-b09f-2185ce15ede4,v4235,Maxwell@display=pairwise
v4235,v4235,152a0477-3c32-40f2-b0e2-738202586ba4,v3292,Maxwell@display=pairwise
v4097,v2828,e3b8bb83-c52a-4ef2-b875-665689a58489,v4097,Maxwell@display=pairwise
v4097,v2828,47057ac9-d439-4fab-985e-0d08a0ad2903,v4097,Maxwell@display=pairwise
v4097,v4097,e3b8bb83-c52a-4ef2-b875-665689a58489,v2828,Maxwell@display=pairwise
v4097,v4097,701d9632-11da-4c45-b5a9-9ef109bd0705,v2828,Maxwell@display=pairwise
v4097,v2828,56396265-a727-4b26-87a2-fa020961705e,v4097,Maxwell@display=pairwise
v4097,v2828,57510f28-373b-4b32-a9e5-a9c629bafe32,v4097,Maxwell@display=pairwise
v4097,v2828,dfc97b6f-3cc1-4816-a858-130686d22ee0,v4097,Maxwell@display=pairwise
v4097,v4097,ccaef3a0-85de-4b7b-97a8-f6c96128a6b0,v2828,Maxwell@display=pairwise
v4097,v2828,6737908c-5eb5-4359-9909-7a6e8c746ca4,v4097,Maxwell@display=pairwise
v4097,v4097,4dbcfd34-f760-41d7-bc1e-0220aee5da69,v2828,Maxwell@display=pairwise
v1190,v1190,56396265-a727-4b26-87a2-fa020961705e,v4125,Maxwell@display=pairwise
v4125,v1190,a3d1f70b-d059-4df3-a624-738230878ceb,v4125,Maxwell@display=pairwise
v4125,v4125,14683b3e-6dfe-4a10-8db1-20dfd0dd5f20,v1190,Maxwell@display=pairwise
v1190,v1190,8babccc1-e414-4e5f-ae9b-a16091977afb,v4125,Maxwell@display=pairwise
v4125,v4125,5cbb4909-5759-4ec5-b2d8-e2eddbd9f86e,v1190,Maxwell@display=pairwise
v4125,v1190,bf06ee4c-bec3-4766-8e90-2f826cf034b6,v4125,Maxwell@display=pairwise
v4125,v4125,ce008773-19e4-41d1-82ae-f094be0d2171,v1190,Maxwell@display=pairwise
v4125,v1190,4dbcfd34-f760-41d7-bc1e-0220aee5da69,v4125,Maxwell@display=pairwise
v1190,v4125,79c3a676-3b48-40b3-80e7-da62c1543eaf,v1190,Maxwell@display=pairwise
v4125,v4125,c5fb40fd-7ac9-4e0e-afbe-3c1a6c070532,v1190,Maxwell@display=pairwise
v1859,v0009,56396265-a727-4b26-87a2-fa020961705e,v1859,Maxwell@display=pairwise
v1859,v1859,08c3ff44-f4df-4dde-9078-b475184ae0ce,v0009,Maxwell@display=pairwise
v1859,v1859,b0f8077d-dcab-4219-bb3b-100afaafa26d,v0009,Maxwell@display=pairwise
v1859,v1859,996d4f04-efe4-4b10-9ba5-28b5dca74aed,v0009,Maxwell@display=pairwise
v1859,v1859,f947e080-fb56-44fe-b740-b6da9bcab592,v0009,Maxwell@display=pairwise
v1859,v1859,d6c9a5ed-1280-4497-91b4-033d6937541e,v0009,Maxwell@display=pairwise
v1859,v0009,5dd4b999-dfa1-477e-9901-16fa0e727a3f,v1859,Maxwell@display=pairwise
v1859,v0009,5dd4b999-dfa1-477e-9901-16fa0e727a3f,v1859,Maxwell@display=pairwise
v1859,v1859,f74805b0-7406-4a6a-9a49-5c7b8bedda55,v0009,Maxwell@display=pairwise
v1859,v0009,f74805b0-7406-4a6a-9a49-5c7b8bedda55,v1859,Maxwell@display=pairwise
v3355,v3355,9a1954b1-10f1-4709-bae2-faaa266102f5,v2828,Maxwell@display=pairwise
,v3355,393a3c3e-2f6d-49dd-b9e0-18768e4dbb96,v2828,Maxwell@display=pairwise
v3355,v2828,0ae52a80-c78b-4022-a6d6-28c3b4f01754,v3355,Maxwell@display=pairwise
v3355,v2828,c57b2313-faa0-4c95-b91f-4f3c7609b1c1,v3355,Maxwell@display=pairwise
v3355,v3355,09aa3d60-2327-4a62-a385-c9877f16fa3d,v2828,Maxwell@display=pairwise
,v2828,56396265-a727-4b26-87a2-fa020961705e,v3355,Maxwell@display=pairwise
v2828,v2828,e776162f-2a46-4b9f-a534-2d38aa9d05c2,v3355,Maxwell@display=pairwise
v3355,v3355,c377aeaf-60e4-4bc1-8080-5619345d590c,v2828,Maxwell@display=pairwise
v3355,v3355,6737908c-5eb5-4359-9909-7a6e8c746ca4,v2828,Maxwell@display=pairwise
v3355,v3355,a3d1f70b-d059-4df3-a624-738230878ceb,v2828,Maxwell@display=pairwise
v3065,v3065,6737908c-5eb5-4359-9909-7a6e8c746ca4,v1447,Maxwell@display=pairwise
v1447,v1447,cc2b08c4-b73c-48a9-95c6-b79cfa497b75,v3065,Maxwell@display=pairwise
,v1447,2e719777-4544-474b-b0d9-b18f8e4a6474,v3065,Maxwell@display=pairwise
v3065,v1447,871c2c32-2a79-4dfe-8f52-64f2693fedd4,v3065,Maxwell@display=pairwise
v3065,v1447,04d503da-7425-4759-9db6-290899a58639,v3065,Maxwell@display=pairwise
,v1447,a777eafa-8e0b-4db8-b6d7-e9ef0d7cc236,v3065,Maxwell@display=pairwise
v1447,v1447,17f408f2-5335-4dad-a25b-77bd0f2e59db,v3065,Maxwell@display=pairwise
v3065,v1447,8f7a9d96-4b5f-4d1d-91d7-b4638a45dc78,v3065,Maxwell@display=pairwise
v1447,v1447,67159434-83bd-4d1a-aaa8-379718f13f27,v3065,Maxwell@display=pairwise
,v0094,6737908c-5eb5-4359-9909-7a6e8c746ca4,v0314,Maxwell@display=pairwise
v0314,v0094,8590a9f9-2ebf-4c1a-92e7-b7ed9bf29a0e,v0314,Maxwell@display=pairwise
,v0094,5abb0625-0b84-4432-801d-e33a2c4185b8,v0314,Maxwell@display=pairwise
v0314,v0094,2d1de15b-04c3-4111-abe6-569785e78caa,v0314,Maxwell@display=pairwise
v0314,v0094,e4076421-c718-4550-a279-71b8f41de5fd,v0314,Maxwell@display=pairwise
v0314,v0314,a0f1f4c5-8d22-403c-a1e7-b9c24cc01c54,v0094,Maxwell@display=pairwise
,v0314,284eb320-ce3d-48b3-99f0-b07eda1cc7ed,v0094,Maxwell@display=pairwise
v0314,v0314,344d07d0-63a8-46e8-a5fa-10d7dec66115,v0094,Maxwell@display=pairwise
v0314,v0314,edc7f90b-f3f0-4de1-a315-0e649efdbd0d,v0094,Maxwell@display=pairwise
,v0094,f2cb3403-6c77-4e49-86af-9e41adbacf34,v0314,Maxwell@display=pairwise
v2181,v2181,6737908c-5eb5-4359-9909-7a6e8c746ca4,v0314,Maxwell@display=pairwise
v2181,v0314,08c3ff44-f4df-4dde-9078-b475184ae0ce,v2181,Maxwell@display=pairwise
v2181,v0314,46890feb-e3fa-42f0-bdb2-bc9bbacd627f,v2181,Maxwell@display=pairwise
v2181,v2181,dc1081cb-7773-4571-b027-33c4446f75ed,v0314,Maxwell@display=pairwise
v2181,v0314,198f7471-260c-4e71-98e1-e01c3c130b14,v2181,Maxwell@display=pairwise
v2181,v2181,92b315aa-c3d8-4ac2-8c1c-aba2f5a7b6d9,v0314,Maxwell@display=pairwise
v2181,v2181,d46aa3cf-4905-4b5d-af67-028746a98435,v0314,Maxwell@display=pairwise
v2181,v2181,e5463b92-df72-41f5-8ac7-22d086899283,v0314,Maxwell@display=pairwise
v2181,v2181,712ea676-4242-48ad-8b1c-1851c5c289ec,v0314,Maxwell@display=pairwise
v0314,v0314,1d2fe3ac-663b-4f21-b03e-4a409a53669e,v2181,Maxwell@display=pairwise
v3355,v3355,6737908c-5eb5-4359-9909-7a6e8c746ca4,v0032,Maxwell@display=pairwise
v3355,v0032,30f85572-69e4-41c3-97d8-25f74a2a229a,v3355,Maxwell@display=pairwise
v3355,v0032,c6a5f67c-5e3c-447c-8dd4-cf7aa57bb617,v3355,Maxwell@display=pairwise
v3355,v0032,f085de64-19bb-4f44-9ae2-2dc5700abca0,v3355,Maxwell@display=pairwise
,v3355,a3325c83-0a68-4363-ba47-16edb8edbff7,v0032,Maxwell@display=pairwise
v3355,v3355,95a7cc06-df48-4cae-9aec-7e23717e0f71,v0032,Maxwell@display=pairwise
v0032,v0032,2ca645a6-7ef0-4fc3-9abd-cf3501109eae,v3355,Maxwell@display=pairwise
v3355,v0032,1ecf32ce-e1db-4d42-b15f-56df3d197faa,v3355,Maxwell@display=pairwise
v3355,v3355,2613c3ff-b6cc-4d25-850a-f9ccff836ebc,v0032,Maxwell@display=pairwise
v4166,v4166,08c3ff44-f4df-4dde-9078-b475184ae0ce,v0009,Maxwell@display=pairwise
v4166,v0009,dfc97b6f-3cc1-4816-a858-130686d22ee0,v4166,Maxwell@display=pairwise
v4166,v4166,047e4203-0585-4d9b-9859-1744b143e682,v0009,Maxwell@display=pairwise
v4166,v0009,20d9d51e-231e-4048-90ac-ae0f2f6906d1,v4166,Maxwell@display=pairwise
v4166,v4166,1d9a8b4d-ed7d-4236-a2d3-b3e34d6c186b,v0009,Maxwell@display=pairwise
v4166,v0009,748ff91c-f261-4544-a851-bb33ab4da209,v4166,Maxwell@display=pairwise
v4166,v4166,748ff91c-f261-4544-a851-bb33ab4da209,v0009,Maxwell@display=pairwise
v4166,v4166,8f7e51a3-8852-4682-99c4-de2ab7f8863b,v0009,Maxwell@display=pairwise
v4166,v4166,edc7f90b-f3f0-4de1-a315-0e649efdbd0d,v0009,Maxwell@display=pairwise
v4166,v0009,148a0216-b671-4cdd-992c-7aba2d0b85cb,v4166,Maxwell@display=pairwise
v4166,v1025,08c3ff44-f4df-4dde-9078-b475184ae0ce,v4166,Maxwell@display=pairwise
v4166,v1025,8bd3e413-e73f-4b53-95b8-506af8c32cdf,v4166,Maxwell@display=pairwise
v4166,v4166,8bd3e413-e73f-4b53-95b8-506af8c32cdf,v1025,Maxwell@display=pairwise
v4166,v4166,8c5659b8-fe6f-4539-911f-1647d4975226,v1025,Maxwell@display=pairwise
v4166,v1025,058c4e79-1989-4a56-81b0-7d9c671b99d7,v4166,Maxwell@display=pairwise
v4166,v4166,5ccc3ed0-25fd-4916-814e-1434152dda5f,v1025,Maxwell@display=pairwise
v4166,v4166,87e8a297-f718-4c2c-b36e-ad49b5f87820,v1025,Maxwell@display=pairwise
v4166,v1025,d587e507-f0f2-4be9-b688-318429aa0988,v4166,Maxwell@display=pairwise
v4166,v4166,112054de-a4f8-40be-8531-03283774f811,v1025,Maxwell@display=pairwise
v3555,v0009,08c3ff44-f4df-4dde-9078-b475184ae0ce,v3555,Maxwell@display=pairwise
v3555,v3555,a3d1f70b-d059-4df3-a624-738230878ceb,v0009,Maxwell@display=pairwise
v3555,v3555,5d191acd-806f-4f0a-873f-cff5ef5c5178,v0009,Maxwell@display=pairwise
v3555,v3555,26369842-3726-4b94-bca7-39046cebbeed,v0009,Maxwell@display=pairwise
v3555,v3555,bf06ee4c-bec3-4766-8e90-2f826cf034b6,v0009,Maxwell@display=pairwise
v3555,v3555,b023edb0-5491-44a1-bacb-34942899fb86,v0009,Maxwell@display=pairwise
v3555,v3555,4d86c7c5-5db7-417f-a214-04a9b2e84841,v0009,Maxwell@display=pairwise
v3555,v0009,7d2ece56-ce0a-475c-949e-6db477f55ee0,v3555,Maxwell@display=pairwise
v3555,v3555,d26017bc-5f0f-46a9-9ecd-b0be37678c1f,v0009,Maxwell@display=pairwise
v3555,v0009,eb1d4001-2c9c-463a-8ab8-6fe20a5c24ce,v3555,Maxwell@display=pairwise
v2525,v2513,08c3ff44-f4df-4dde-9078-b475184ae0ce,v2525,Maxwell@display=pairwise
v2513,v2513,047e4203-0585-4d9b-9859-1744b143e682,v2525,Maxwell@display=pairwise
v2525,v2525,3b59bb46-ea50-46bd-a3a5-16087d174860,v2513,Maxwell@display=pairwise
v2525,v2525,cb101408-6fca-4119-9289-441754c9b2f0,v2513,Maxwell@display=pairwise
,v2525,f52b764c-6af0-4c94-8cdd-65f0f56a1931,v2513,Maxwell@display=pairwise
v2513,v2525,d46aa3cf-4905-4b5d-af67-028746a98435,v2513,Maxwell@display=pairwise
v2525,v2513,c9cbf439-dbba-4e14-bc06-61a2951a9521,v2525,Maxwell@display=pairwise
v2525,v2525,db9ea501-dc60-469e-99e5-17b4bcfcb6fb,v2513,Maxwell@display=pairwise
v2513,v2513,c760ddd8-8c12-4220-8cc5-204af2fa789c,v2525,Maxwell@display=pairwise
v2513,v2525,148a0216-b671-4cdd-992c-7aba2d0b85cb,v2513,Maxwell@display=pairwise
v3175,v3175,faec11ec-0322-48ed-a2c7-b65d8b8ad221,v1447,Maxwell@display=pairwise
v1447,v1447,61f12ee8-b502-480f-96d7-2d477220aa9d,v3175,Maxwell@display=pairwise
v1447,v1447,20d9d51e-231e-4048-90ac-ae0f2f6906d1,v3175,Maxwell@display=pairwise
v3175,v1447,76f3d336-52fa-4304-9eda-8f30f1fe4b75,v3175,Maxwell@display=pairwise
,v1447,ac166e95-9dbb-4135-b90a-07e696f0a50c,v3175,Maxwell@display=pairwise
,v3175,ac166e95-9dbb-4135-b90a-07e696f0a50c,v1447,Maxwell@display=pairwise
v1447,v1447,4c9f3ef1-1be5-4b46-b834-89e3cd2a94a2,v3175,Maxwell@display=pairwise
,v1447,896aa6ba-af39-4dad-a16b-2b871323826d,v3175,Maxwell@display=pairwise
v1447,v3175,c9cbf439-dbba-4e14-bc06-61a2951a9521,v1447,Maxwell@display=pairwise
,v3175,0de1e2fe-9589-46ff-ad16-6a47adb8c61a,v1447,Maxwell@display=pairwise
,v1373,e50db2a7-868c-4b82-af9c-456e23753e56,v0032,Maxwell@display=pairwise
v1373,v0032,7d4a4252-1531-470f-ab07-6f334dace1b9,v1373,Maxwell@display=pairwise
v1373,v0032,bb28c3d5-6528-4f53-bc09-6bf84b42a7fb,v1373,Maxwell@display=pairwise
v0032,v1373,77216a3e-dd39-43a8-8d98-9d7a2de06023,v0032,Maxwell@display=pairwise
v0032,v1373,027d3766-10fa-4410-bda9-dfabae5b973f,v0032,Maxwell@display=pairwise
v1373,v1373,faec11ec-0322-48ed-a2c7-b65d8b8ad221,v0032,Maxwell@display=pairwise
v1373,v0032,e6140e2f-9de4-4f2e-b088-2ec9c3c33c4f,v1373,Maxwell@display=pairwise
v0032,v0032,2ca645a6-7ef0-4fc3-9abd-cf3501109eae,v1373,Maxwell@display=pairwise
v1373,v1373,b269b069-99f5-4d8d-8e73-426d3fa2f09f,v0032,Maxwell@display=pairwise
v0032,v0032,6f34e67f-bb9c-486b-9ef7-b440454de895,v1373,Maxwell@display=pairwise
v3583,v0529,faec11ec-0322-48ed-a2c7-b65d8b8ad221,v3583,Maxwell@display=pairwise
v3583,v3583,7d4a4252-1531-470f-ab07-6f334dace1b9,v0529,Maxwell@display=pairwise
v3583,v0529,352bfce1-aa96-44d6-967b-eafa128efab4,v3583,Maxwell@display=pairwise
v3583,v0529,83d505a2-2b0d-4ae8-8f57-e375dcc387ac,v3583,Maxwell@display=pairwise
v3583,v0529,e37a04cf-5cb9-4c24-b268-428f04b630ae,v3583,Maxwell@display=pairwise
v0529,v0529,d447edbb-f45a-4002-bb44-2d71ecf93471,v3583,Maxwell@display=pairwise
v3583,v0529,d447edbb-f45a-4002-bb44-2d71ecf93471,v3583,Maxwell@display=pairwise
v0529,v3583,50e68f35-10c5-4dcd-833e-3680adb69b60,v0529,Maxwell@display=pairwise
v3583,v0529,2cb27c19-ded0-4142-8d53-29140e2d8004,v3583,Maxwell@display=pairwise
,v3583,adc336f2-1af3-4f27-8deb-9a83f894b2f2,v0529,Maxwell@display=pairwise
v4048,v4048,faec11ec-0322-48ed-a2c7-b65d8b8ad221,v2635,Maxwell@display=pairwise
v4048,v2635,f9a473c4-8c67-43a8-a756-7a3922b8d30c,v4048,Maxwell@display=pairwise
v4048,v2635,9e47a2e5-5fc3-4025-8538-85d5dc4d1152,v4048,Maxwell@display=pairwise
v4048,v2635,51b8e6dd-0e31-4784-9b1a-6247028d8968,v4048,Maxwell@display=pairwise
v2635,v4048,62182adc-a9e3-409b-94a5-c4c180d9f3b7,v2635,Maxwell@display=pairwise
v4048,v2635,b729730b-45b0-4f9e-b3be-4c661741c01b,v4048,Maxwell@display=pairwise
v4048,v4048,720d1aa0-a9e3-4836-9efe-1ef960d71e0e,v2635,Maxwell@display=pairwise
v4048,v4048,4fa29376-5b1b-425e-93ff-2bcf80f82251,v2635,Maxwell@display=pairwise
v4048,v4048,eb1d4001-2c9c-463a-8ab8-6fe20a5c24ce,v2635,Maxwell@display=pairwise
v2635,v4048,86523267-18b8-471d-80c4-42b0069c1f65,v2635,Maxwell@display=pairwise
v2349,v2349,a3d1f70b-d059-4df3-a624-738230878ceb,v2181,Maxwell@display=pairwise
v2349,v2181,12f332a1-5ffa-4879-b1d8-9da98c72ac92,v2349,Maxwell@display=pairwise
v2349,v2181,73a3dcd6-df5c-4cb9-b01e-8842ddc7f7d0,v2349,Maxwell@display=pairwise
v2349,v2349,c2c5d1ea-6807-4bdd-a0f0-5694bf04fe9b,v2181,Maxwell@display=pairwise
v2349,v2349,4a4cda64-e09d-474d-abba-3cd33d2a4778,v2181,Maxwell@display=pairwise
v2349,v2181,75cae008-0dbc-41be-8295-da701fdf0dba,v2349,Maxwell@display=pairwise
,v2181,9a673f7a-20b3-401d-980f-38b0c8fc3b45,v2349,Maxwell@display=pairwise
,v2349,9a673f7a-20b3-401d-980f-38b0c8fc3b45,v2181,Maxwell@display=pairwise
v2181,v2181,8f7a9d96-4b5f-4d1d-91d7-b4638a45dc78,v2349,Maxwell@display=pairwise
v2349,v2349,b0a5e289-dfa4-4711-82d4-37068f8fbd93,v2181,Maxwell@display=pairwise
v1859,v1859,dfc97b6f-3cc1-4816-a858-130686d22ee0,v4166,Maxwell@display=pairwise
v4166,v4166,7d4a4252-1531-470f-ab07-6f334dace1b9,v1859,Maxwell@display=pairwise
v4166,v1859,352bfce1-aa96-44d6-967b-eafa128efab4,v4166,Maxwell@display=pairwise
v4166,v4166,e31be515-887d-4ea7-94f6-f82b0cf24a2c,v1859,Maxwell@display=pairwise
v4166,v4166,6720d5b6-4318-4c40-9831-c43eee9e9653,v1859,Maxwell@display=pairwise
,v4166,5e2da638-96bd-419b-acdd-1f0e0cd35933,v1859,Maxwell@display=pairwise
v1859,v1859,af6e2deb-376c-413f-a86c-f5a9716169c9,v4166,Maxwell@display=pairwise
v4166,v1859,f875a8f1-ecd5-4cae-ac35-6f6466d90237,v4166,Maxwell@display=pairwise
v1859,v4166,77f10c27-943f-4d00-aeb6-e59251587929,v1859,Maxwell@display=pairwise
v4166,v4166,d8c466c5-877b-40b2-b8d8-5cd12c3902b1,v1859,Maxwell@display=pairwise
v4125,v3065,dfc97b6f-3cc1-4816-a858-130686d22ee0,v4125,Maxwell@display=pairwise
v4125,v3065,12f332a1-5ffa-4879-b1d8-9da98c72ac92,v4125,Maxwell@display=pairwise
,v3065,399c3875-4111-41c4-b788-79e32772e36d,v4125,Maxwell@display=pairwise
v4125,v4125,c2c5d1ea-6807-4bdd-a0f0-5694bf04fe9b,v3065,Maxwell@display=pairwise
,v3065,43505c4c-2f72-4150-b92e-bb25604e229a,v4125,Maxwell@display=pairwise
v4125,v3065,bc760378-ddd6-4614-a376-7a3c39de225e,v4125,Maxwell@display=pairwise
v4125,v3065,8d7947e2-f6a6-48dd-93ff-f4ec519e9f67,v4125,Maxwell@display=pairwise
v4125,v3065,e5e845a9-bf60-41fc-9ab7-f2ab3172c82f,v4125,Maxwell@display=pairwise
v4125,v3065,aabfee8b-fee9-4c73-bd6b-0a4b92c72528,v4125,Maxwell@display=pairwise
v4125,v4125,adc336f2-1af3-4f27-8deb-9a83f894b2f2,v3065,Maxwell@display=pairwise
v4048,v0265,12f332a1-5ffa-4879-b1d8-9da98c72ac92,v4048,Maxwell@display=pairwise
v4048,v0265,091f402d-0095-4fa9-9ace-d3b0675c296f,v4048,Maxwell@display=pairwise
v4048,v4048,5bb3993d-a33e-4c46-b25a-22c22b9ad7a0,v0265,Maxwell@display=pairwise
v4048,v4048,6ee42a58-0d17-477c-b60f-4bf0f2eec782,v0265,Maxwell@display=pairwise
v4048,v0265,94299678-0cff-4f0a-815f-9ebb17345759,v4048,Maxwell@display=pairwise
v0265,v4048,847d79d3-f147-41e8-91ea-6097016d7bb0,v0265,Maxwell@display=pairwise
v4048,v0265,d587e507-f0f2-4be9-b688-318429aa0988,v4048,Maxwell@display=pairwise
v4048,v4048,d587e507-f0f2-4be9-b688-318429aa0988,v0265,Maxwell@display=pairwise
v4048,v4048,bbb7e5c5-7f84-4e07-ac19-886dc274ce48,v0265,Maxwell@display=pairwise
v2063,v0530,12f332a1-5ffa-4879-b1d8-9da98c72ac92,v2063,Maxwell@display=pairwise
v0530,v2063,f9a473c4-8c67-43a8-a756-7a3922b8d30c,v0530,Maxwell@display=pairwise
v2063,v2063,586bb006-6a93-4927-ae5a-9b4956bceaa8,v0530,Maxwell@display=pairwise
v2063,v0530,203b013a-c242-47ba-89dd-a2c609192d10,v2063,Maxwell@display=pairwise
v2063,v0530,52b1311f-d563-4bed-8528-b0a80a845ed3,v2063,Maxwell@display=pairwise
,v2063,bf99fc9d-3772-4df1-91d9-1196f5e51ecb,v0530,Maxwell@display=pairwise
v2063,v2063,ce008773-19e4-41d1-82ae-f094be0d2171,v0530,Maxwell@display=pairwise
,v2063,5e2da638-96bd-419b-acdd-1f0e0cd35933,v0530,Maxwell@display=pairwise
v0530,v2063,8af492ec-8e66-4d99-a408-22dea1cbafd6,v0530,Maxwell@display=pairwise
v2063,v2063,7829a094-b56d-4784-81b4-d56f0af9d0ee,v0530,Maxwell@display=pairwise
v4048,v4048,7d4a4252-1531-470f-ab07-6f334dace1b9,v0886,Maxwell@display=pairwise
v4048,v0886,da27f497-76a6-4237-94e9-559acb0ba008,v4048,Maxwell@display=pairwise
v4048,v0886,7eb95ab6-eca8-489b-b426-e9b15a50c9cb,v4048,Maxwell@display=pairwise
v4048,v4048,96f829ff-df3c-49ca-9af3-b69739e4a67a,v0886,Maxwell@display=pairwise
v4048,v0886,a3325c83-0a68-4363-ba47-16edb8edbff7,v4048,Maxwell@display=pairwise
v0886,v0886,67d6e59e-98bb-4804-be1c-03beebfd5222,v4048,Maxwell@display=pairwise
v4048,v0886,8cc2fb53-d4ad-40ed-a526-d4950f4902b4,v4048,Maxwell@display=pairwise
v4048,v4048,b1bb1cd5-b196-4cc9-8e55-a11b14166a3b,v0886,Maxwell@display=pairwise
v4048,v4048,d8c466c5-877b-40b2-b8d8-5cd12c3902b1,v0886,Maxwell@display=pairwise
v4048,v0886,a370270f-41ec-4770-a029-71ceb6225e7b,v4048,Maxwell@display=pairwise
v4235,v3065,7d4a4252-1531-470f-ab07-6f334dace1b9,v4235,Maxwell@display=pairwise
v3065,v4235,7d4a4252-1531-470f-ab07-6f334dace1b9,v3065,Maxwell@display=pairwise
,v4235,871c2c32-2a79-4dfe-8f52-64f2693fedd4,v3065,Maxwell@display=pairwise
v3065,v3065,e5f76cbe-fd04-46f5-a5de-6fccf701bb11,v4235,Maxwell@display=pairwise
v4235,v4235,06278424-ef97-42cc-bcc1-ee893b3964ea,v3065,Maxwell@display=pairwise
v4235,v3065,b8283f80-554f-404a-936c-a4114b3184d8,v4235,Maxwell@display=pairwise
v4235,v4235,617ae86c-fc97-402a-ba65-8994258b69e0,v3065,Maxwell@display=pairwise
v3065,v4235,e62d391b-52e4-4739-89b0-d8fe6a07ce47,v3065,Maxwell@display=pairwise
,v4235,393a3c3e-2f6d-49dd-b9e0-18768e4dbb96,v3065,Maxwell@display=pairwise
v3065,v3065,2e6f5d07-f718-40d7-9899-2d530c3566ed,v4235,Maxwell@display=pairwise
v1190,v0886,7d4a4252-1531-470f-ab07-6f334dace1b9,v1190,Maxwell@display=pairwise
v1190,v1190,7d4a4252-1531-470f-ab07-6f334dace1b9,v0886,Maxwell@display=pairwise
v1190,v0886,586bb006-6a93-4927-ae5a-9b4956bceaa8,v1190,Maxwell@display=pairwise
v0886,v1190,d3ceb26c-6541-4b11-adf3-11f11a7fe362,v0886,Maxwell@display=pairwise
v0886,v0886,44c0fd3d-af09-4205-a670-7c5ca7f9e4bd,v1190,Maxwell@display=pairwise
v1190,v1190,a9bb321a-d4be-4f8e-aef5-0cdce93dd51c,v0886,Maxwell@display=pairwise
v1190,v0886,d94bd8df-f652-447c-ac56-476a6b31f32b,v1190,Maxwell@display=pairwise
v1190,v0886,efc0133f-459a-461e-9f25-75b0716cd70a,v1190,Maxwell@display=pairwise
v1190,v0886,77f10c27-943f-4d00-aeb6-e59251587929,v1190,Maxwell@display=pairwise
v1190,v1190,f5d6e1f3-6569-4a5e-b109-b9871c084d4b,v0886,Maxwell@display=pairwise
v1373,v1025,f9a473c4-8c67-43a8-a756-7a3922b8d30c,v1373,Maxwell@display=pairwise
v1025,v1025,e42b649c-14c6-4d68-bd56-7111ec5ae475,v1373,Maxwell@display=pairwise
v1373,v1373,2a13fd1a-a20e-4bc2-8695-27ba20d2f10a,v1025,Maxwell@display=pairwise
v1373,v1373,97128514-e916-4347-930c-bb37857c48c0,v1025,Maxwell@display=pairwise
v1373,v1025,afa98c8f-110e-4115-a68c-652138e95b5d,v1373,Maxwell@display=pairwise
v1025,v1373,382377d1-9207-4945-a189-62ca27420f73,v1025,Maxwell@display=pairwise
v1025,v1373,c1e0c07c-4768-4d33-86b9-59bcd401dba5,v1025,Maxwell@display=pairwise
v1025,v1373,ce8b19c4-1057-436f-bb25-a0caf7200f5d,v1025,Maxwell@display=pairwise
,v1025,291f1ce5-afb6-47f8-bf06-629bc6007f6a,v1373,Maxwell@display=pairwise
v1373,v1373,a4e3e3a6-b8aa-48da-9a14-17048d8a2153,v1025,Maxwell@display=pairwise
v3355,v3355,f9a473c4-8c67-43a8-a756-7a3922b8d30c,v2635,Maxwell@display=pairwise
v3355,v2635,8477eb0e-905a-4f16-a145-97a894176374,v3355,Maxwell@display=pairwise
v3355,v2635,49091e64-faa5-49f7-8e9d-a491f64fc35c,v3355,Maxwell@display=pairwise
,v2635,942abe5f-d5e6-44ae-981b-c2664203ca49,v3355,Maxwell@display=pairwise
,v3355,942abe5f-d5e6-44ae-981b-c2664203ca49,v2635,Maxwell@display=pairwise
v3355,v3355,92b315aa-c3d8-4ac2-8c1c-aba2f5a7b6d9,v2635,Maxwell@display=pairwise
v3355,v2635,8f7e51a3-8852-4682-99c4-de2ab7f8863b,v3355,Maxwell@display=pairwise
v3355,v2635,e5463b92-df72-41f5-8ac7-22d086899283,v3355,Maxwell@display=pairwise
v3355,v3355,8c486527-a24e-43cc-93c6-81d3da4e9836,v2635,Maxwell@display=pairwise
v2635,v2635,b1bb1cd5-b196-4cc9-8e55-a11b14166a3b,v3355,Maxwell@display=pairwise
v0032,v0265,f9a473c4-8c67-43a8-a756-7a3922b8d30c,v0032,Maxwell@display=pairwise
v0265,v0265,2423a185-20d6-40c1-ad61-5268117f6f7d,v0032,Maxwell@display=pairwise
,v0032,73a3dcd6-df5c-4cb9-b01e-8842ddc7f7d0,v0265,Maxwell@display=pairwise
v0032,v0032,3b59bb46-ea50-46bd-a3a5-16087d174860,v0265,Maxwell@display=pairwise
v0265,v0032,2dc384e2-d08c-47ed-a933-eb91ec6fb38b,v0265,Maxwell@display=pairwise
v0265,v0032,1a554cd6-a958-4409-801f-f6700b3c42ab,v0265,Maxwell@display=pairwise
v0265,v0032,d4eabb9c-6f17-472b-ade4-3caa69edc47f,v0265,Maxwell@display=pairwise
v0265,v0265,382377d1-9207-4945-a189-62ca27420f73,v0032,Maxwell@display=pairwise
v0265,v0032,5ca4290f-c11a-446f-a475-6105dde0b57f,v0265,Maxwell@display=pairwise
v0032,v0032,152a0477-3c32-40f2-b0e2-738202586ba4,v0265,Maxwell@display=pairwise
v2635,v2635,f9a473c4-8c67-43a8-a756-7a3922b8d30c,v0878,Maxwell@display=pairwise
v0878,v0878,2b3373d8-d55d-4fe9-8c30-800e1e6ed65f,v2635,Maxwell@display=pairwise
v0878,v0878,2eb7870f-25ce-49d2-a094-ac88dd1f63ad,v2635,Maxwell@display=pairwise
v0878,v0878,9185b4f4-7b4c-4c14-a224-c258d06bfa75,v2635,Maxwell@display=pairwise
v2635,v2635,9888d5ad-e5b5-422a-9ce4-268968886c2c,v0878,Maxwell@display=pairwise
v2635,v0878,0630eeac-73c4-4677-83c8-f714f6e289a9,v2635,Maxwell@display=pairwise
v0878,v0878,295b7632-b3b4-4d18-ab59-6527849c76d1,v2635,Maxwell@display=pairwise
v2635,v0878,de445587-4c60-454b-b923-a4113a9dc708,v2635,Maxwell@display=pairwise
v0878,v2635,5db812e2-a89e-42af-b619-98c02720d311,v0878,Maxwell@display=pairwise
v0032,v4034,f9a473c4-8c67-43a8-a756-7a3922b8d30c,v0032,Maxwell@display=pairwise
v4034,v0032,5090394e-8d39-48a3-b78a-4dff5726117d,v4034,Maxwell@display=pairwise
v4034,v0032,7bf3dae0-af9d-4a3f-894f-9ff0503f5348,v4034,Maxwell@display=pairwise
v4034,v0032,148f22ba-ed8e-4f96-827b-2afb9db9e1d3,v4034,Maxwell@display=pairwise
v4034,v4034,080ce256-1457-4584-9e83-8b7e065e3998,v0032,Maxwell@display=pairwise
v4034,v0032,28487e39-409b-4c7a-9093-c8806b2a099b,v4034,Maxwell@display=pairwise
v0032,v4034,6f27d33c-e38c-497e-92d6-941c4520a5cf,v0032,Maxwell@display=pairwise
v4034,v0032,091f402d-0095-4fa9-9ace-d3b0675c296f,v4034,Maxwell@display=pairwise
v4034,v0032,aabfee8b-fee9-4c73-bd6b-0a4b92c72528,v4034,Maxwell@display=pairwise
v4034,v4034,2446fec6-a38b-400c-b3fa-911eda094d0e,v0032,Maxwell@display=pairwise
v1397,v0009,f9a473c4-8c67-43a8-a756-7a3922b8d30c,v1397,Maxwell@display=pairwise
v1397,v0009,b298c12c-882d-4f4b-a685-587d6fa667ce,v1397,Maxwell@display=pairwise
v1397,v1397,11b57023-0038-4da7-9328-34ce0bd22606,v0009,Maxwell@display=pairwise
v1397,v1397,b3971b04-db2d-4833-8e3c-75359f5b3cb8,v0009,Maxwell@display=pairwise
v1397,v1397,9d91b01f-a800-4b2b-b343-d61dc7eaf041,v0009,Maxwell@display=pairwise
v1397,v1397,92b315aa-c3d8-4ac2-8c1c-aba2f5a7b6d9,v0009,Maxwell@display=pairwise
v1397,v0009,92b315aa-c3d8-4ac2-8c1c-aba2f5a7b6d9,v1397,Maxwell@display=pairwise
v0009,v0009,dc2d7783-e288-48d3-9954-ac7aaf84073e,v1397,Maxwell@display=pairwise
v0009,v0009,148a0216-b671-4cdd-992c-7aba2d0b85cb,v1397,Maxwell@display=pairwise
v1397,v1397,7c88f5ac-1415-4be3-a73f-f6eb914391f9,v0009,Maxwell@display=pairwise
v3355,v1373,080ce256-1457-4584-9e83-8b7e065e3998,v3355,Maxwell@display=pairwise
v3355,v3355,2423a185-20d6-40c1-ad61-5268117f6f7d,v1373,Maxwell@display=pairwise
v3355,v3355,091f402d-0095-4fa9-9ace-d3b0675c296f,v1373,Maxwell@display=pairwise
v3355,v3355,1ab3015c-2a18-4a9c-9842-14c3cab722d7,v1373,Maxwell@display=pairwise
v3355,v3355,49091e64-faa5-49f7-8e9d-a491f64fc35c,v1373,Maxwell@display=pairwise
v3355,v1373,b2c57169-2eb4-4673-8dd4-c2a4360d21d9,v3355,Maxwell@display=pairwise
v3355,v1373,a1e319ac-953b-46f3-b0d8-c4b43561d7fe,v3355,Maxwell@display=pairwise
v3355,v3355,09e4aacf-b969-495a-9de2-c294927e736b,v1373,Maxwell@display=pairwise
v3355,v3355,1f073ed6-cf9c-4eed-aa27-85dfc3f34f60,v1373,Maxwell@display=pairwise
v3355,v3355,de445587-4c60-454b-b923-a4113a9dc708,v1373,Maxwell@display=pairwise
v1984,v1984,080ce256-1457-4584-9e83-8b7e065e3998,v1447,Maxwell@display=pairwise
v1984,v1447,31d01651-40ee-49ee-8266-1aee63461887,v1984,Maxwell@display=pairwise
v1984,v1447,19d8041f-78dc-4148-92f4-1190481c0358,v1984,Maxwell@display=pairwise
,v1984,7007cb66-6248-4ffb-9d99-061a7a2b9859,v1447,Maxwell@display=pairwise
v1984,v1984,d89cf878-af30-4d2e-82be-a3486412cde9,v1447,Maxwell@display=pairwise
v1447,v1984,b6d8df5e-5610-473b-bd40-79fdcdfbdcdd,v1447,Maxwell@display=pairwise
v1984,v1984,5b7f9010-471e-4f05-967c-a840f99bbcaf,v1447,Maxwell@display=pairwise
v1984,v1984,2dfbfbc1-0480-4959-a667-9ccd54f1060e,v1447,Maxwell@display=pairwise
v1984,v1984,15187a17-10c3-4501-b4fd-190e9264fb64,v1447,Maxwell@display=pairwise
v3583,v1025,080ce256-1457-4584-9e83-8b7e065e3998,v3583,Maxwell@display=pairwise
v3583,v3583,3a23769b-fdcf-4dd6-b967-a8640412a76e,v1025,Maxwell@display=pairwise
v3583,v1025,0d3dafc8-efe4-4f72-8d19-f15b19149fe4,v3583,Maxwell@display=pairwise
v3583,v3583,43505c4c-2f72-4150-b92e-bb25604e229a,v1025,Maxwell@display=pairwise
v3583,v1025,e8cf995a-d627-41b3-85ff-373a997d5a4f,v3583,Maxwell@display=pairwise
,v3583,c8a8c2c5-cbde-4269-8b36-a3b928ca2d67,v1025,Maxwell@display=pairwise
v3583,v3583,dd67b30b-2e2b-44b0-a821-5ef9f5daaeeb,v1025,Maxwell@display=pairwise
v3583,v3583,7ab27881-57d1-40b8-85da-a40a47dc49c2,v1025,Maxwell@display=pairwise
v3583,v1025,2b8c1e14-fdc9-4c52-a214-1887ac95a9ba,v3583,Maxwell@display=pairwise
v2525,v2525,080ce256-1457-4584-9e83-8b7e065e3998,v2828,Maxwell@display=pairwise
,v2525,ce0e0f0c-7b35-4e39-b905-dc94435761e5,v2828,Maxwell@display=pairwise
v2828,v2525,94853c24-e68d-4875-ae6f-521994d9fef0,v2828,Maxwell@display=pairwise
v2525,v2828,fdafe1fc-3bdb-472a-a91e-52abb2f5e78f,v2525,Maxwell@display=pairwise
v2828,v2525,9aac4b2a-3c36-47d6-b244-1cda70ad1743,v2828,Maxwell@display=pairwise
v2828,v2828,4c9f3ef1-1be5-4b46-b834-89e3cd2a94a2,v2525,Maxwell@display=pairwise
v2525,v2828,0dfde53f-a1c3-4854-9c02-3e41d9086ece,v2525,Maxwell@display=pairwise
v2828,v2828,8c486527-a24e-43cc-93c6-81d3da4e9836,v2525,Maxwell@display=pairwise
v2525,v2828,cd54525c-5942-4876-b3c3-0c6d37cf3f6b,v2525,Maxwell@display=pairwise
v0265,v2063,e42b649c-14c6-4d68-bd56-7111ec5ae475,v0265,Maxwell@display=pairwise
v0265,v0265,5a1c3efd-82cc-49c8-b9d9-add302b2be8a,v2063,Maxwell@display=pairwise
v0265,v2063,26369842-3726-4b94-bca7-39046cebbeed,v0265,Maxwell@display=pairwise
v0265,v0265,1ca99ba4-be7c-4a95-a57a-0005144b2eca,v2063,Maxwell@display=pairwise
v2063,v2063,4d86c7c5-5db7-417f-a214-04a9b2e84841,v0265,Maxwell@display=pairwise
v0265,v0265,4d86c7c5-5db7-417f-a214-04a9b2e84841,v2063,Maxwell@display=pairwise
v2063,v0265,1e3cc6d0-8a93-4ccf-b54a-c049f3248c37,v2063,Maxwell@display=pairwise
v0265,v0265,a4495c73-1fd9-49f1-b09f-2185ce15ede4,v2063,Maxwell@display=pairwise
v0265,v2063,d0c823c4-c423-43a3-96bb-7f91f3fd8621,v0265,Maxwell@display=pairwise
v4511,v4511,e42b649c-14c6-4d68-bd56-7111ec5ae475,v2349,Maxwell@display=pairwise
v4511,v4511,2a13fd1a-a20e-4bc2-8695-27ba20d2f10a,v2349,Maxwell@display=pairwise
,v4511,51b8e6dd-0e31-4784-9b1a-6247028d8968,v2349,Maxwell@display=pairwise
v4511,v2349,862cd654-5ac1-48c5-bd1f-650b43a68255,v4511,Maxwell@display=pairwise
v4511,v4511,259688ae-f706-4f41-ade3-4a17e052e824,v2349,Maxwell@display=pairwise
v2349,v2349,21cdd095-3223-44a1-bbae-ecc5b4f9c9aa,v4511,Maxwell@display=pairwise
v4511,v2349,21350804-8bb4-46fc-964b-228b225563ca,v4511,Maxwell@display=pairwise
v4511,v2349,b1bb1cd5-b196-4cc9-8e55-a11b14166a3b,v4511,Maxwell@display=pairwise
v2349,v4511,712ea676-4242-48ad-8b1c-1851c5c289ec,v2349,Maxwell@display=pairwise
v4511,v2349,148a0216-b671-4cdd-992c-7aba2d0b85cb,v4511,Maxwell@display=pairwise
v2063,v1190,4c52ed79-8845-42cb-aab9-05e6faee8c9f,v2063,Maxwell@display=pairwise
v1190,v1190,4d959969-12c9-4934-bcb0-01c74a0bca6d,v2063,Maxwell@display=pairwise
v1190,v1190,b298c12c-882d-4f4b-a685-587d6fa667ce,v2063,Maxwell@display=pairwise
v1190,v2063,19d8041f-78dc-4148-92f4-1190481c0358,v1190,Maxwell@display=pairwise
v1190,v1190,d9c24ced-2640-4502-9de4-cfc5bcd74967,v2063,Maxwell@display=pairwise
v1190,v2063,e42b649c-14c6-4d68-bd56-7111ec5ae475,v1190,Maxwell@display=pairwise
v1190,v1190,86a98c74-45fb-4cdf-a662-a12e8b733a2b,v2063,Maxwell@display=pairwise
v1190,v2063,88e1894f-6a8c-4dd4-99e5-7b852ff42587,v1190,Maxwell@display=pairwise
v1190,v2063,b298c12c-882d-4f4b-a685-587d6fa667ce,v1190,Maxwell@display=pairwise
,v2063,40161584-d61e-4b6d-a54b-90b0a53f914e,v1190,Maxwell@display=pairwise
v4097,v4097,e42b649c-14c6-4d68-bd56-7111ec5ae475,v1373,Maxwell@display=pairwise
v4097,v4097,e42b649c-14c6-4d68-bd56-7111ec5ae475,v1373,Maxwell@display=pairwise
v4097,v1373,57510f28-373b-4b32-a9e5-a9c629bafe32,v4097,Maxwell@display=pairwise
v4097,v1373,d02f408f-c495-4a1f-83e0-411da8e86fed,v4097,Maxwell@display=pairwise
v4097,v1373,8fd99fd1-3906-4e88-b6fb-6c1db6831a82,v4097,Maxwell@display=pairwise
v4097,v1373,ac166e95-9dbb-4135-b90a-07e696f0a50c,v4097,Maxwell@display=pairwise
v1373,v4097,178c8651-5570-4a73-b49a-7a93daf21ea4,v1373,Maxwell@display=pairwise
v4097,v1373,73c3b426-5640-464d-8768-26eb4631fe7e,v4097,Maxwell@display=pairwise
v4097,v4097,ff5bd754-d1d5-47d5-8cdd-ba09f18067ba,v1373,Maxwell@display=pairwise
v4097,v1373,8581928a-3670-48d2-b55c-34685f7de132,v4097,Maxwell@display=pairwise
v3555,v3065,e42b649c-14c6-4d68-bd56-7111ec5ae475,v3555,Maxwell@display=pairwise
v3065,v3065,2eb7870f-25ce-49d2-a094-ac88dd1f63ad,v3555,Maxwell@display=pairwise
v3555,v3555,6f27d33c-e38c-497e-92d6-941c4520a5cf,v3065,Maxwell@display=pairwise
v3555,v3555,9fd16a85-5a0f-420e-85a4-099e823c41bc,v3065,Maxwell@display=pairwise
v3555,v3065,584a427c-0ddb-46df-87da-d6b34d3a6a48,v3555,Maxwell@display=pairwise
v3555,v3065,584a427c-0ddb-46df-87da-d6b34d3a6a48,v3555,Maxwell@display=pairwise
v3555,v3065,86a98c74-45fb-4cdf-a662-a12e8b733a2b,v3555,Maxwell@display=pairwise
v3555,v3065,8290678e-1f94-4619-af71-aa8892a717fa,v3555,Maxwell@display=pairwise
v3555,v3555,71d414a2-7da8-44c1-a7cb-4e81f84eb38a,v3065,Maxwell@display=pairwise
v0529,v1397,e42b649c-14c6-4d68-bd56-7111ec5ae475,v0529,Maxwell@display=pairwise
v1397,v0529,a8b97762-73b3-4044-9b22-306bc8e61f40,v1397,Maxwell@display=pairwise
v1397,v1397,8fd99fd1-3906-4e88-b6fb-6c1db6831a82,v0529,Maxwell@display=pairwise
v0529,v0529,724c60ae-6aa6-4024-bb86-11ee7b7b8770,v1397,Maxwell@display=pairwise
v0529,v0529,49091e64-faa5-49f7-8e9d-a491f64fc35c,v1397,Maxwell@display=pairwise
v1397,v0529,a777eafa-8e0b-4db8-b6d7-e9ef0d7cc236,v1397,Maxwell@display=pairwise
v1397,v1397,7364c455-72c0-4ba7-bd80-b8277ed5fa61,v0529,Maxwell@display=pairwise
v1397,v0529,5e14c80c-d87f-446e-9e94-80c9c0a62c3b,v1397,Maxwell@display=pairwise
v0529,v1397,fa6e8487-24cc-4eaf-a6da-de0bb42be6ff,v0529,Maxwell@display=pairwise
,v1397,da7d4669-ee69-4b69-9548-38fdb95e66a3,v0529,Maxwell@display=pairwise
v1477,v1477,b298c12c-882d-4f4b-a685-587d6fa667ce,v0162,Maxwell@display=pairwise
v1477,v0162,a8b97762-73b3-4044-9b22-306bc8e61f40,v1477,Maxwell@display=pairwise
v1477,v1477,8dbe2ffd-6f41-43a3-860b-153138fb521f,v0162,Maxwell@display=pairwise
v1477,v0162,319e1e2f-e9cf-4981-8ce2-42f5765137f5,v1477,Maxwell@display=pairwise
v1477,v0162,d94bd8df-f652-447c-ac56-476a6b31f32b,v1477,Maxwell@display=pairwise
v1477,v1477,4cf27f34-7c95-4417-9203-7627dd0e8db3,v0162,Maxwell@display=pairwise
v1477,v1477,77f10c27-943f-4d00-aeb6-e59251587929,v0162,Maxwell@display=pairwise
v0162,v1477,30561a52-ca51-4d8f-9ce6-1b9e376ebb6b,v0162,Maxwell@display=pairwise
v1477,v1477,f020e26d-309c-4394-81bf-7db2f467bc8e,v0162,Maxwell@display=pairwise
v1477,v1477,7c88f5ac-1415-4be3-a73f-f6eb914391f9,v0162,Maxwell@display=pairwise
v2419,v2419,b298c12c-882d-4f4b-a685-587d6fa667ce,v3740,Maxwell@display=pairwise
v3740,v3740,61f12ee8-b502-480f-96d7-2d477220aa9d,v2419,Maxwell@display=pairwise
v3740,v2419,d509e766-711c-4b31-97e2-89235a971fe1,v3740,Maxwell@display=pairwise
v3740,v2419,319e1e2f-e9cf-4981-8ce2-42f5765137f5,v3740,Maxwell@display=pairwise
v2419,v2419,8fd99fd1-3906-4e88-b6fb-6c1db6831a82,v3740,Maxwell@display=pairwise
v2419,v3740,15577bca-cd7f-4695-868d-7da11fc028ed,v2419,Maxwell@display=pairwise
v3740,v2419,c1e0c07c-4768-4d33-86b9-59bcd401dba5,v3740,Maxwell@display=pairwise
v2419,v2419,7362c712-28f5-4b3b-a8e7-274ce94aae4b,v3740,Maxwell@display=pairwise
v2419,v2419,e62d391b-52e4-4739-89b0-d8fe6a07ce47,v3740,Maxwell@display=pairwise
v3740,v3740,112054de-a4f8-40be-8531-03283774f811,v2419,Maxwell@display=pairwise
v4097,v4097,b298c12c-882d-4f4b-a685-587d6fa667ce,v0032,Maxwell@display=pairwise
v4097,v4097,46890feb-e3fa-42f0-bdb2-bc9bbacd627f,v0032,Maxwell@display=pairwise
v4097,v0032,afa98c8f-110e-4115-a68c-652138e95b5d,v4097,Maxwell@display=pairwise
v4097,v0032,2886de17-6865-4f59-8f24-9afbd87a36af,v4097,Maxwell@display=pairwise
v4097,v0032,c1e5dd48-6b4f-42c3-b070-b362047520ac,v4097,Maxwell@display=pairwise
v4097,v4097,171d9627-c964-4a99-8c05-0cf0ea584fba,v0032,Maxwell@display=pairwise
v4097,v4097,14ec1f3e-c047-4d13-a2d6-76da32d9ed62,v0032,Maxwell@display=pairwise
v4097,v0032,377d9610-aa18-4c37-a9ae-61f22bd5fe5e,v4097,Maxwell@display=pairwise
v4097,v0032,2b8c1e14-fdc9-4c52-a214-1887ac95a9ba,v4097,Maxwell@display=pairwise
v3065,v3065,b298c12c-882d-4f4b-a685-587d6fa667ce,v2083,Maxwell@display=pairwise
,v3065,45e47aba-742a-412f-9b0b-ac8a74e2f809,v2083,Maxwell@display=pairwise
v2083,v2083,7ed39ffd-82b7-4d82-b17c-073138b844a6,v3065,Maxwell@display=pairwise
v2083,v3065,b678ad4f-2bf3-4079-925c-47a98abb234f,v2083,Maxwell@display=pairwise
v3065,v2083,b678ad4f-2bf3-4079-925c-47a98abb234f,v3065,Maxwell@display=pairwise
v3065,v2083,df58efd8-87a4-48d7-a704-7a213671bf20,v3065,Maxwell@display=pairwise
v2083,v3065,a0f1f4c5-8d22-403c-a1e7-b9c24cc01c54,v2083,Maxwell@display=pairwise
v3065,v2083,b33fcfb9-4483-464b-9fa3-2fd815d1577a,v3065,Maxwell@display=pairwise
v3065,v2083,2dfbfbc1-0480-4959-a667-9ccd54f1060e,v3065,Maxwell@display=pairwise
v2083,v3065,0de1e2fe-9589-46ff-ad16-6a47adb8c61a,v2083,Maxwell@display=pairwise
v4125,v4125,a8b97762-73b3-4044-9b22-306bc8e61f40,v2328,Maxwell@display=pairwise
v4125,v4125,7b37ac90-7282-45c2-a24a-6ed9b9860183,v2328,Maxwell@display=pairwise
v4125,v4125,cabe6903-7b7e-4c1a-b661-958c6fa61429,v2328,Maxwell@display=pairwise
,v2328,70b41da2-de44-482d-b32a-5aaa4502ce19,v4125,Maxwell@display=pairwise
v4125,v4125,09aa3d60-2327-4a62-a385-c9877f16fa3d,v2328,Maxwell@display=pairwise
v2328,v2328,b729730b-45b0-4f9e-b3be-4c661741c01b,v4125,Maxwell@display=pairwise
v4125,v4125,1dee3556-55f2-4afa-9290-ed47655d33bb,v2328,Maxwell@display=pairwise
,v4125,359f764b-eac4-4deb-9a38-7bd22cda2792,v2328,Maxwell@display=pairwise
v4125,v2328,eb1d4001-2c9c-463a-8ab8-6fe20a5c24ce,v4125,Maxwell@display=pairwise
v4125,v2328,c498d5cf-b5b6-469d-8d68-860f0f7e3445,v4125,Maxwell@display=pairwise
v1397,v0314,a8b97762-73b3-4044-9b22-306bc8e61f40,v1397,Maxwell@display=pairwise
,v1397,a7bccc46-0fad-4e81-a217-16e8f6d660b4,v0314,Maxwell@display=pairwise
v1397,v0314,26369842-3726-4b94-bca7-39046cebbeed,v1397,Maxwell@display=pairwise
v1397,v0314,4b9764d8-3888-4dad-a4b1-b554f50cd991,v1397,Maxwell@display=pairwise
v1397,v0314,b269b069-99f5-4d8d-8e73-426d3fa2f09f,v1397,Maxwell@display=pairwise
v1397,v0314,b269b069-99f5-4d8d-8e73-426d3fa2f09f,v1397,Maxwell@display=pairwise
v1397,v1397,ddd61b5c-dc4a-4146-8ae2-ae9ff73fb5d8,v0314,Maxwell@display=pairwise
v1397,v1397,3267d3c7-b874-4b3e-805a-dd7a7c57ca1c,v0314,Maxwell@display=pairwise
v1397,v1397,d7bcfd1a-e16b-4218-af32-20e97bd8fa5d,v0314,Maxwell@display=pairwise
v2349,v2349,2423a185-20d6-40c1-ad61-5268117f6f7d,v3355,Maxwell@display=pairwise
v2349,v2349,6d6a6d9c-16c4-43d3-860f-2faf372131a2,v3355,Maxwell@display=pairwise
,v2349,a0afca37-6b70-4a80-b1bf-0ae756a802f7,v3355,Maxwell@display=pairwise
v2349,v3355,81bbbdfd-6271-4cd2-8c33-a6894757ca13,v2349,Maxwell@display=pairwise
v2349,v3355,d4bb2ace-733e-49f7-9178-3c58fe2fb813,v2349,Maxwell@display=pairwise
v2349,v2349,dffc54fe-ae03-4e35-a6cd-21c7789bed4e,v3355,Maxwell@display=pairwise
v2349,v3355,4c52ed79-8845-42cb-aab9-05e6faee8c9f,v2349,Maxwell@display=pairwise
v2349,v2349,c239ae1a-841e-4d54-a08c-d85c41ac1c6f,v3355,Maxwell@display=pairwise
v2349,v3355,0630eeac-73c4-4677-83c8-f714f6e289a9,v2349,Maxwell@display=pairwise
v2349,v2349,77216a3e-dd39-43a8-8d98-9d7a2de06023,v3355,Maxwell@display=pairwise
v4125,v3175,2f9c0bcc-c712-42b9-bc2f-d02860843a89,v4125,Maxwell@display=pairwise
v4125,v3175,47057ac9-d439-4fab-985e-0d08a0ad2903,v4125,Maxwell@display=pairwise
v4125,v3175,148f22ba-ed8e-4f96-827b-2afb9db9e1d3,v4125,Maxwell@display=pairwise
v4125,v4125,76f3d336-52fa-4304-9eda-8f30f1fe4b75,v3175,Maxwell@display=pairwise
v4125,v3175,2dc384e2-d08c-47ed-a933-eb91ec6fb38b,v4125,Maxwell@display=pairwise
v4125,v4125,723ecde4-3695-4235-afdf-bb230a3f2707,v3175,Maxwell@display=pairwise
v4125,v3175,809db03d-2f37-4a0c-bb4f-05365cebf6af,v4125,Maxwell@display=pairwise
v3175,v3175,2dfbfbc1-0480-4959-a667-9ccd54f1060e,v4125,Maxwell@display=pairwise
v4125,v4125,09705fe5-aaef-4009-9eaf-7f6ef1693c89,v3175,Maxwell@display=pairwise
v4125,v3175,2b8c1e14-fdc9-4c52-a214-1887ac95a9ba,v4125,Maxwell@display=pairwise
v1703,v1703,2f9c0bcc-c712-42b9-bc2f-d02860843a89,v0530,Maxwell@display=pairwise
v0530,v0530,d30105ed-f2ea-430e-90b6-5096d9156bc4,v1703,Maxwell@display=pairwise
v1703,v1703,a64e5ec2-6369-44d6-b203-264f818abe72,v0530,Maxwell@display=pairwise
v1703,v0530,68f9fc6d-5215-4fa5-b428-049b8066252a,v1703,Maxwell@display=pairwise
v1703,v0530,0fe8a7e1-5dbc-4a2b-b956-4e18128d5353,v1703,Maxwell@display=pairwise
v0530,v0530,ee8149de-cb82-49cc-9038-c54766ad70c9,v1703,Maxwell@display=pairwise
v1703,v0530,7d2ece56-ce0a-475c-949e-6db477f55ee0,v1703,Maxwell@display=pairwise
v1703,v1703,e0c1d00e-b138-4166-ac9f-cf7cfd33e902,v0530,Maxwell@display=pairwise
v1703,v1703,a4e3e3a6-b8aa-48da-9a14-17048d8a2153,v0530,Maxwell@display=pairwise
v1703,v1703,75187b75-792e-4a2a-8959-7a9b23e0ea24,v0530,Maxwell@display=pairwise
v1859,v2525,2f9c0bcc-c712-42b9-bc2f-d02860843a89,v1859,Maxwell@display=pairwise
v1859,v1859,c744cb11-c13d-48f5-857f-33b152474625,v2525,Maxwell@display=pairwise
v1859,v1859,01aa3ef5-bb24-4ab5-b3ff-0a4149e4a304,v2525,Maxwell@display=pairwise
v1859,v2525,8bd3e413-e73f-4b53-95b8-506af8c32cdf,v1859,Maxwell@display=pairwise
v1859,v2525,724c60ae-6aa6-4024-bb86-11ee7b7b8770,v1859,Maxwell@display=pairwise
v2525,v1859,259688ae-f706-4f41-ade3-4a17e052e824,v2525,Maxwell@display=pairwise
v2525,v1859,5fa03c38-e27e-4f64-8734-7be0dfe4d9c7,v2525,Maxwell@display=pairwise
v1859,v1859,43e0e111-055c-43b5-b09c-bee2f7542636,v2525,Maxwell@display=pairwise
v1859,v2525,45ae941f-242d-4e30-88fa-eba0b7eeecc5,v1859,Maxwell@display=pairwise
v1859,v2525,6c667c99-47b9-4628-92e3-b75b68268f5d,v1859,Maxwell@display=pairwise
v4166,v0529,2f9c0bcc-c712-42b9-bc2f-d02860843a89,v4166,Maxwell@display=pairwise
v4166,v0529,4901352b-32bd-48cb-9460-5bb67e875f40,v4166,Maxwell@display=pairwise
v4166,v4166,2b1a183f-8a1c-4ee8-889b-a2771ec07859,v0529,Maxwell@display=pairwise
v4166,v4166,676d136b-aabc-4a63-9157-3a6ddacfd43f,v0529,Maxwell@display=pairwise
v4166,v0529,01f1ebd7-d031-4b6c-9c2b-e6e64c207dbe,v4166,Maxwell@display=pairwise
v4166,v0529,d2274bbe-d5ac-4c27-8579-f0e4e7eeb3d3,v4166,Maxwell@display=pairwise
v4166,v4166,63543963-7fe0-4e5d-bb45-c5303123a3d0,v0529,Maxwell@display=pairwise
v4166,v4166,13876ad3-4e97-4915-be68-f5a26055772b,v0529,Maxwell@display=pairwise
v4166,v4166,eb1d4001-2c9c-463a-8ab8-6fe20a5c24ce,v0529,Maxwell@display=pairwise
v4166,v4166,09705fe5-aaef-4009-9eaf-7f6ef1693c89,v0529,Maxwell@display=pairwise
v1703,v0886,61f12ee8-b502-480f-96d7-2d477220aa9d,v1703,Maxwell@display=pairwise
v1703,v1703,77ef258d-f371-4535-9484-4b3f05f01108,v0886,Maxwell@display=pairwise
v0886,v1703,6e957163-5267-4260-b5fe-b318884a96b4,v0886,Maxwell@display=pairwise
v1703,v0886,a0afca37-6b70-4a80-b1bf-0ae756a802f7,v1703,Maxwell@display=pairwise
v1703,v0886,92b315aa-c3d8-4ac2-8c1c-aba2f5a7b6d9,v1703,Maxwell@display=pairwise
v0886,v0886,568341de-630c-4f7d-97c0-db58befad162,v1703,Maxwell@display=pairwise
v1703,v0886,1d2fe3ac-663b-4f21-b03e-4a409a53669e,v1703,Maxwell@display=pairwise
v1703,v1703,f2cb3403-6c77-4e49-86af-9e41adbacf34,v0886,Maxwell@display=pairwise
v1703,v1703,a370270f-41ec-4770-a029-71ceb6225e7b,v0886,Maxwell@display=pairwise
v1703,v1703,d39c5247-3bfe-426f-87db-6d7ca30b9f8c,v0886,Maxwell@display=pairwise
v0094,v0094,118e07a5-5d2c-405c-8ce0-e462951bf1c8,v0162,Maxwell@display=pairwise
v0162,v0094,761748d4-d10d-4076-8ba5-4316321078d2,v0162,Maxwell@display=pairwise
v0162,v0162,b6d8df5e-5610-473b-bd40-79fdcdfbdcdd,v0094,Maxwell@display=pairwise
v0162,v0094,87e8a297-f718-4c2c-b36e-ad49b5f87820,v0162,Maxwell@display=pairwise
v0162,v0162,5bd6d7d7-bd09-4636-be21-b00626f71358,v0094,Maxwell@display=pairwise
v0094,v0162,77ef258d-f371-4535-9484-4b3f05f01108,v0094,Maxwell@display=pairwise
v0162,v0094,61f12ee8-b502-480f-96d7-2d477220aa9d,v0162,Maxwell@display=pairwise
,v0094,21d72962-585b-49b1-848c-8861ed477ea6,v0162,Maxwell@display=pairwise
v0162,v0094,97128514-e916-4347-930c-bb37857c48c0,v0162,Maxwell@display=pairwise
v0094,v0162,c760ddd8-8c12-4220-8cc5-204af2fa789c,v0094,Maxwell@display=pairwise
v1477,v1477,61f12ee8-b502-480f-96d7-2d477220aa9d,v2328,Maxwell@display=pairwise
v1477,v1477,24c7bb15-fdc7-448c-96a3-557e772127cd,v2328,Maxwell@display=pairwise
v1477,v2328,228504e4-46c0-48fd-a68d-d1af0989ddb7,v1477,Maxwell@display=pairwise
v2328,v1477,3d6a7a0d-a5fb-4cec-a5e2-3fe1b81d04db,v2328,Maxwell@display=pairwise
v1477,v2328,ed0092e8-c319-447b-a041-b75a08c6d0bd,v1477,Maxwell@display=pairwise
,v1477,f52b764c-6af0-4c94-8cdd-65f0f56a1931,v2328,Maxwell@display=pairwise
v2328,v1477,21350804-8bb4-46fc-964b-228b225563ca,v2328,Maxwell@display=pairwise
v2328,v1477,4cf27f34-7c95-4417-9203-7627dd0e8db3,v2328,Maxwell@display=pairwise
v2328,v2328,c760ddd8-8c12-4220-8cc5-204af2fa789c,v1477,Maxwell@display=pairwise
v2328,v2328,a370270f-41ec-4770-a029-71ceb6225e7b,v1477,Maxwell@display=pairwise
v4097,v1025,61f12ee8-b502-480f-96d7-2d477220aa9d,v4097,Maxwell@display=pairwise
v4097,v1025,3b59bb46-ea50-46bd-a3a5-16087d174860,v4097,Maxwell@display=pairwise
v4097,v1025,f2c0d8f4-3093-434b-b640-14aa99aceaf7,v4097,Maxwell@display=pairwise
v4097,v1025,8914cf47-88ab-4d93-ac8c-414469cd4a72,v4097,Maxwell@display=pairwise
v4097,v4097,db7a1735-7ea2-4e72-93df-997a3c7a0046,v1025,Maxwell@display=pairwise
v4097,v1025,77f10c27-943f-4d00-aeb6-e59251587929,v4097,Maxwell@display=pairwise
v4097,v1025,f540594e-acb6-4701-95ba-930d80b00b7a,v4097,Maxwell@display=pairwise
v1025,v4097,1581d9ba-baf0-47a6-9d2b-56bf103d5193,v1025,Maxwell@display=pairwise
v4097,v4097,fb12b62f-7110-41dc-8ec7-a99eccbb04d0,v1025,Maxwell@display=pairwise
v3355,v1984,c744cb11-c13d-48f5-857f-33b152474625,v3355,Maxwell@display=pairwise
v1984,v1984,4816403d-b202-4e68-a3f1-f212baf4c17a,v3355,Maxwell@display=pairwise
v3355,v1984,8f373fcb-9f72-4cee-a804-75fa3cb722cd,v3355,Maxwell@display=pairwise
v1984,v1984,0e78195c-a819-41cf-901a-5b6f0b5dfbf6,v3355,Maxwell@display=pairwise
v3355,v3355,69cac068-a949-4c4b-b8a5-17c0690ce86e,v1984,Maxwell@display=pairwise
v3355,v3355,1ef59f11-78bd-4a96-a606-4e12c0dd42dc,v1984,Maxwell@display=pairwise
v3355,v1984,1ef59f11-78bd-4a96-a606-4e12c0dd42dc,v3355,Maxwell@display=pairwise
v1984,v1984,57c5b042-79d7-4bb7-8714-5d3808c5cd0e,v3355,Maxwell@display=pairwise
v3355,v3355,a36304a0-0663-4875-8856-0bae1782c522,v1984,Maxwell@display=pairwise
v3355,v3355,c2931a8d-05d8-4b93-b015-421665fe4364,v1984,Maxwell@display=pairwise
v1373,v1373,c744cb11-c13d-48f5-857f-33b152474625,v3583,Maxwell@display=pairwise
v3583,v1373,4901352b-32bd-48cb-9460-5bb67e875f40,v3583,Maxwell@display=pairwise
v3583,v3583,d71a87a3-844a-46bd-9968-6f2321da861a,v1373,Maxwell@display=pairwise
v3583,v3583,a7a93a58-0185-4a02-be01-554e229a1446,v1373,Maxwell@display=pairwise
v3583,v3583,52b1311f-d563-4bed-8528-b0a80a845ed3,v1373,Maxwell@display=pairwise
v3583,v1373,9859b693-6c9f-44ff-8038-a8397db0a1b4,v3583,Maxwell@display=pairwise
v3583,v3583,5e2da638-96bd-419b-acdd-1f0e0cd35933,v1373,Maxwell@display=pairwise
v3583,v3583,e12b1db4-dd6b-4bd8-8b4c-d48269f88d44,v1373,Maxwell@display=pairwise
v3583,v3583,f540594e-acb6-4701-95ba-930d80b00b7a,v1373,Maxwell@display=pairwise
v3583,v3583,0de1e2fe-9589-46ff-ad16-6a47adb8c61a,v1373,Maxwell@display=pairwise
v2519,v4511,36c5c8c0-5e83-47ea-8f74-af418783618a,v2519,Maxwell@display=pairwise
v4511,v2519,c744cb11-c13d-48f5-857f-33b152474625,v4511,Maxwell@display=pairwise
v4511,v4511,f70aaa7a-e3fb-4755-83d7-172c47cfed0b,v2519,Maxwell@display=pairwise
v4511,v2519,1c633216-85cf-4854-b853-de600421a67d,v4511,Maxwell@display=pairwise
v4511,v4511,c744cb11-c13d-48f5-857f-33b152474625,v2519,Maxwell@display=pairwise
v4511,v2519,11bb2619-b3e8-49bd-99e6-dbd83100c5be,v4511,Maxwell@display=pairwise
,v4511,1dac0e33-0065-4e0e-8e64-fd0e63278971,v2519,Maxwell@display=pairwise
v4511,v2519,42e75c72-a6d9-474d-9ddf-9a3b32f8ff9a,v4511,Maxwell@display=pairwise
v4511,v4511,b0a4dc9c-8f85-4cb4-b0e0-aadbead32e5f,v2519,Maxwell@display=pairwise
v4511,v2519,8581928a-3670-48d2-b55c-34685f7de132,v4511,Maxwell@display=pairwise
,v3292,c744cb11-c13d-48f5-857f-33b152474625,v0328,Maxwell@display=pairwise
,v0328,8f373fcb-9f72-4cee-a804-75fa3cb722cd,v3292,Maxwell@display=pairwise
v3292,v0328,e9d198a2-2917-43d5-aa8b-88cd19cf45a2,v3292,Maxwell@display=pairwise
v3292,v3292,c1e5dd48-6b4f-42c3-b070-b362047520ac,v0328,Maxwell@display=pairwise
v3292,v3292,1044f2df-2216-4864-baa0-ea94b11f6744,v0328,Maxwell@display=pairwise
v3292,v0328,87cd4023-a010-48bb-9894-889f68df299a,v3292,Maxwell@display=pairwise
v3292,v3292,ff5bd754-d1d5-47d5-8cdd-ba09f18067ba,v0328,Maxwell@display=pairwise
v3292,v0328,4532ad54-b06d-4086-9aee-ff09a9391a08,v3292,Maxwell@display=pairwise
v3292,v3292,279550f0-7625-4018-86e5-b8da97d50081,v0328,Maxwell@display=pairwise
v3292,v0328,1581d9ba-baf0-47a6-9d2b-56bf103d5193,v3292,Maxwell@display=pairwise
,v3555,c744cb11-c13d-48f5-857f-33b152474625,v0032,Maxwell@display=pairwise
v3555,v0032,44856539-bc1f-4629-bc05-90c9765d6b7b,v3555,Maxwell@display=pairwise
v3555,v0032,a0afca37-6b70-4a80-b1bf-0ae756a802f7,v3555,Maxwell@display=pairwise
v3555,v0032,091f402d-0095-4fa9-9ace-d3b0675c296f,v3555,Maxwell@display=pairwise
v0032,v3555,8914cf47-88ab-4d93-ac8c-414469cd4a72,v0032,Maxwell@display=pairwise
v0032,v0032,0ffc9aa5-c779-44ce-acc6-ab9cc92a02fb,v3555,Maxwell@display=pairwise
v3555,v3555,809db03d-2f37-4a0c-bb4f-05365cebf6af,v0032,Maxwell@display=pairwise
v3555,v3555,2d3e655e-b512-4a49-909c-3db4efbcdfcc,v0032,Maxwell@display=pairwise
v3555,v3555,0e80b9f5-c6c9-4c92-8afc-d29ed45b16c6,v0032,Maxwell@display=pairwise
v3555,v0032,bdcbadd2-3661-4ece-a668-ae3da62a8e23,v3555,Maxwell@display=pairwise
v0265,v0265,77ef258d-f371-4535-9484-4b3f05f01108,v1394,Maxwell@display=pairwise
,v1394,2a13fd1a-a20e-4bc2-8695-27ba20d2f10a,v0265,Maxwell@display=pairwise
v0265,v1394,81bbbdfd-6271-4cd2-8c33-a6894757ca13,v0265,Maxwell@display=pairwise
v0265,v1394,3edabbb6-39e3-4150-a866-31860248b085,v0265,Maxwell@display=pairwise
v0265,v1394,0ffc9aa5-c779-44ce-acc6-ab9cc92a02fb,v0265,Maxwell@display=pairwise
v1394,v0265,dc8279b9-0d8c-454c-b75d-13d31c30843d,v1394,Maxwell@display=pairwise
v0265,v1394,afb40d45-bed5-4152-bfe2-7fce395f5e35,v0265,Maxwell@display=pairwise
v0265,v1394,1cb93b11-5310-4d5c-a726-b413659dd3b8,v0265,Maxwell@display=pairwise
v0265,v1394,73c3b426-5640-464d-8768-26eb4631fe7e,v0265,Maxwell@display=pairwise
v0162,v0162,77ef258d-f371-4535-9484-4b3f05f01108,v3292,Maxwell@display=pairwise
v3292,v3292,148f22ba-ed8e-4f96-827b-2afb9db9e1d3,v0162,Maxwell@display=pairwise
v3292,v3292,f2c0d8f4-3093-434b-b640-14aa99aceaf7,v0162,Maxwell@display=pairwise
v0162,v0162,118e07a5-5d2c-405c-8ce0-e462951bf1c8,v3292,Maxwell@display=pairwise
v3292,v0162,badc275d-8c39-4e6d-9416-b53dc225505f,v3292,Maxwell@display=pairwise
,v0162,dffc54fe-ae03-4e35-a6cd-21c7789bed4e,v3292,Maxwell@display=pairwise
v3292,v3292,012e7cd7-0094-41da-8b41-78a70aca8f4d,v0162,Maxwell@display=pairwise
v3292,v0162,3267d3c7-b874-4b3e-805a-dd7a7c57ca1c,v3292,Maxwell@display=pairwise
v3292,v3292,86a3ac5a-2140-48bb-bde9-f02ac7191d29,v0162,Maxwell@display=pairwise
v3292,v3292,d7bcfd1a-e16b-4218-af32-20e97bd8fa5d,v0162,Maxwell@display=pairwise
v4097,v4125,77ef258d-f371-4535-9484-4b3f05f01108,v4097,Maxwell@display=pairwise
v4097,v4125,352bfce1-aa96-44d6-967b-eafa128efab4,v4097,Maxwell@display=pairwise
v4125,v4097,586bb006-6a93-4927-ae5a-9b4956bceaa8,v4125,Maxwell@display=pairwise
v4097,v4125,19da1622-4523-4766-8ee2-c68a94aba13f,v4097,Maxwell@display=pairwise
v4097,v4097,9aac4b2a-3c36-47d6-b244-1cda70ad1743,v4125,Maxwell@display=pairwise
v4097,v4097,d2274bbe-d5ac-4c27-8579-f0e4e7eeb3d3,v4125,Maxwell@display=pairwise
v4097,v4125,9a1954b1-10f1-4709-bae2-faaa266102f5,v4097,Maxwell@display=pairwise
v4125,v4097,359f764b-eac4-4deb-9a38-7bd22cda2792,v4125,Maxwell@display=pairwise
v4097,v4097,3267d3c7-b874-4b3e-805a-dd7a7c57ca1c,v4125,Maxwell@display=pairwise
v4097,v4097,40161584-d61e-4b6d-a54b-90b0a53f914e,v4125,Maxwell@display=pairwise
v4125,v4125,77ef258d-f371-4535-9484-4b3f05f01108,v2513,Maxwell@display=pairwise
v4125,v4125,11af42fa-614e-4be6-93e5-4fedd30f3ca3,v2513,Maxwell@display=pairwise
v4125,v2513,a7bccc46-0fad-4e81-a217-16e8f6d660b4,v4125,Maxwell@display=pairwise
v4125,v2513,9185b4f4-7b4c-4c14-a224-c258d06bfa75,v4125,Maxwell@display=pairwise
v4125,v2513,1c633216-85cf-4854-b853-de600421a67d,v4125,Maxwell@display=pairwise
v2513,v2513,31f2608d-f3b7-4fc9-aafc-8de3b8a2dcf0,v4125,Maxwell@display=pairwise
v4125,v2513,afb40d45-bed5-4152-bfe2-7fce395f5e35,v4125,Maxwell@display=pairwise
v4125,v2513,291f1ce5-afb6-47f8-bf06-629bc6007f6a,v4125,Maxwell@display=pairwise
v2513,v4125,1cb93b11-5310-4d5c-a726-b413659dd3b8,v2513,Maxwell@display=pairwise
v2525,v0094,77ef258d-f371-4535-9484-4b3f05f01108,v2525,Maxwell@display=pairwise
v2525,v2525,f6d6df9a-6559-4e27-b46d-92f41cc3f97b,v0094,Maxwell@display=pairwise
v2525,v2525,3b59bb46-ea50-46bd-a3a5-16087d174860,v0094,Maxwell@display=pairwise
v2525,v0094,43505c4c-2f72-4150-b92e-bb25604e229a,v2525,Maxwell@display=pairwise
v0094,v0094,0f9366f9-fade-450c-be0e-0ebb4444aece,v2525,Maxwell@display=pairwise
v2525,v2525,92b4633f-85e8-427d-a008-08fcc93e15e9,v0094,Maxwell@display=pairwise
v2525,v2525,bb58be60-dfb8-4e62-af7d-b508d07dce9c,v0094,Maxwell@display=pairwise
v2525,v0094,79c3a676-3b48-40b3-80e7-da62c1543eaf,v2525,Maxwell@display=pairwise
v2525,v2525,359f764b-eac4-4deb-9a38-7bd22cda2792,v0094,Maxwell@display=pairwise
,v0094,5184a7fd-e2f2-44fe-b1c1-7062145c6b02,v2525,Maxwell@display=pairwise
v1477,v0824,4901352b-32bd-48cb-9460-5bb67e875f40,v1477,Maxwell@display=pairwise
v1477,v1477,b0f8077d-dcab-4219-bb3b-100afaafa26d,v0824,Maxwell@display=pairwise
v1477,v1477,acccac54-c658-4a6d-b128-1acee477e62e,v0824,Maxwell@display=pairwise
v1477,v0824,148f22ba-ed8e-4f96-827b-2afb9db9e1d3,v1477,Maxwell@display=pairwise
v1477,v1477,96f829ff-df3c-49ca-9af3-b69739e4a67a,v0824,Maxwell@display=pairwise
v1477,v0824,ed0092e8-c319-447b-a041-b75a08c6d0bd,v1477,Maxwell@display=pairwise
v1477,v0824,ce008773-19e4-41d1-82ae-f094be0d2171,v1477,Maxwell@display=pairwise
v1477,v1477,5ca4290f-c11a-446f-a475-6105dde0b57f,v0824,Maxwell@display=pairwise
v0824,v1477,cc66f008-3ba4-41b3-a1c3-0b1697a27ebe,v0824,Maxwell@display=pairwise
v1477,v0824,77216a3e-dd39-43a8-8d98-9d7a2de06023,v1477,Maxwell@display=pairwise
v2328,v1190,4901352b-32bd-48cb-9460-5bb67e875f40,v2328,Maxwell@display=pairwise
v2328,v2328,14683b3e-6dfe-4a10-8db1-20dfd0dd5f20,v1190,Maxwell@display=pairwise
v1190,v1190,20d9d51e-231e-4048-90ac-ae0f2f6906d1,v2328,Maxwell@display=pairwise
v1190,v1190,5440d8e0-a14b-41a3-9cd3-b762fddb4276,v2328,Maxwell@display=pairwise
v1190,v1190,d46aa3cf-4905-4b5d-af67-028746a98435,v2328,Maxwell@display=pairwise
v1190,v2328,4cf27f34-7c95-4417-9203-7627dd0e8db3,v1190,Maxwell@display=pairwise
v1190,v2328,f9e4bb6c-79e2-4693-af7b-1ac69eea590a,v1190,Maxwell@display=pairwise
v2328,v1190,db9ea501-dc60-469e-99e5-17b4bcfcb6fb,v2328,Maxwell@display=pairwise
v1190,v2328,d39c5247-3bfe-426f-87db-6d7ca30b9f8c,v1190,Maxwell@display=pairwise
v0886,v0094,4901352b-32bd-48cb-9460-5bb67e875f40,v0886,Maxwell@display=pairwise
v0886,v0886,d509e766-711c-4b31-97e2-89235a971fe1,v0094,Maxwell@display=pairwise
v0886,v0094,30f85572-69e4-41c3-97d8-25f74a2a229a,v0886,Maxwell@display=pairwise
v0886,v0886,94853c24-e68d-4875-ae6f-521994d9fef0,v0094,Maxwell@display=pairwise
v0886,v0094,d33afc89-4e22-4af7-a23c-7f20288ebb72,v0886,Maxwell@display=pairwise
v0886,v0094,d33afc89-4e22-4af7-a23c-7f20288ebb72,v0886,Maxwell@display=pairwise
v0886,v0886,7d2ece56-ce0a-475c-949e-6db477f55ee0,v0094,Maxwell@display=pairwise
v0886,v0094,d7bcfd1a-e16b-4218-af32-20e97bd8fa5d,v0886,Maxwell@display=pairwise
v0886,v0094,5184a7fd-e2f2-44fe-b1c1-7062145c6b02,v0886,Maxwell@display=pairwise
v0162,v0162,1ea4d896-7017-4409-8dd2-484c9eb6e564,v0886,Maxwell@display=pairwise
,v0886,5a1c3efd-82cc-49c8-b9d9-add302b2be8a,v0162,Maxwell@display=pairwise
v0886,v0886,8fd99fd1-3906-4e88-b6fb-6c1db6831a82,v0162,Maxwell@display=pairwise
v0886,v0162,11b57023-0038-4da7-9328-34ce0bd22606,v0886,Maxwell@display=pairwise
v0886,v0886,026c8690-22a2-4ca3-b37e-73c29dcf0858,v0162,Maxwell@display=pairwise
,v0886,359f764b-eac4-4deb-9a38-7bd22cda2792,v0162,Maxwell@display=pairwise
v0886,v0886,ba9fe7c9-6c2e-4006-a184-46f2e039d589,v0162,Maxwell@display=pairwise
v0886,v0162,5ccc3ed0-25fd-4916-814e-1434152dda5f,v0886,Maxwell@display=pairwise
v0886,v0162,87e8a297-f718-4c2c-b36e-ad49b5f87820,v0886,Maxwell@display=pairwise
v0162,v0886,b0a5e289-dfa4-4711-82d4-37068f8fbd93,v0162,Maxwell@display=pairwise
v4166,v4166,7e52de1a-f83d-4bf5-81fb-f80371c158cb,v2063,Maxwell@display=pairwise
v2063,v4166,097c523a-37c9-4814-a386-171e6d920ead,v2063,Maxwell@display=pairwise
v4166,v4166,d596421e-e19a-4472-a4e8-730e96d35459,v2063,Maxwell@display=pairwise
v4166,v4166,2361ceac-d622-404d-ad76-7e85d587926e,v2063,Maxwell@display=pairwise
v4166,v2063,2dd89ba6-d0b2-4975-8d14-d6d471fa562e,v4166,Maxwell@display=pairwise
v4166,v2063,af6e2deb-376c-413f-a86c-f5a9716169c9,v4166,Maxwell@display=pairwise
v4166,v4166,00f56657-9793-4120-8471-bde6bce8e544,v2063,Maxwell@display=pairwise
v4166,v2063,537c627e-ce2d-4b04-939a-552205731bb6,v4166,Maxwell@display=pairwise
v4166,v2063,86a3ac5a-2140-48bb-bde9-f02ac7191d29,v4166,Maxwell@display=pairwise
v0886,v2889,7e52de1a-f83d-4bf5-81fb-f80371c158cb,v0886,Maxwell@display=pairwise
v2889,v2889,26daa196-3e51-425f-8944-e7e21c5dca40,v0886,Maxwell@display=pairwise
v2889,v2889,34739ea5-3239-4633-8c9d-4d1e70eb376d,v0886,Maxwell@display=pairwise
v0886,v0886,2dc384e2-d08c-47ed-a933-eb91ec6fb38b,v2889,Maxwell@display=pairwise
v0886,v0886,df58efd8-87a4-48d7-a704-7a213671bf20,v2889,Maxwell@display=pairwise
v2889,v0886,b269b069-99f5-4d8d-8e73-426d3fa2f09f,v2889,Maxwell@display=pairwise
v0886,v2889,ee8149de-cb82-49cc-9038-c54766ad70c9,v0886,Maxwell@display=pairwise
v0886,v0886,4dbcfd34-f760-41d7-bc1e-0220aee5da69,v2889,Maxwell@display=pairwise
v0886,v0886,77216a3e-dd39-43a8-8d98-9d7a2de06023,v2889,Maxwell@display=pairwise
v2328,v4511,7e52de1a-f83d-4bf5-81fb-f80371c158cb,v2328,Maxwell@display=pairwise
v4511,v4511,46890feb-e3fa-42f0-bdb2-bc9bbacd627f,v2328,Maxwell@display=pairwise
v4511,v2328,f7c088a4-f181-4faf-b131-f76c01b92e8d,v4511,Maxwell@display=pairwise
v4511,v2328,9e27701b-15a9-4a1e-b326-1c40f3a51892,v4511,Maxwell@display=pairwise
v4511,v2328,b678ad4f-2bf3-4079-925c-47a98abb234f,v4511,Maxwell@display=pairwise
v4511,v2328,0ae52a80-c78b-4022-a6d6-28c3b4f01754,v4511,Maxwell@display=pairwise
v4511,v2328,f0cc1ae8-38f7-44df-a97b-70cfda024744,v4511,Maxwell@display=pairwise
v4511,v2328,9a1954b1-10f1-4709-bae2-faaa266102f5,v4511,Maxwell@display=pairwise
v4511,v2328,6d4a2a41-fa40-4847-81d4-e68b6937db26,v4511,Maxwell@display=pairwise
,v2889,8a19e606-f631-49b8-88af-f91c0befff75,v0314,Maxwell@display=pairwise
,v0314,5a1c3efd-82cc-49c8-b9d9-add302b2be8a,v2889,Maxwell@display=pairwise
v2889,v2889,d596421e-e19a-4472-a4e8-730e96d35459,v0314,Maxwell@display=pairwise
v2889,v2889,91b93af1-fc38-4f56-bd97-9f14882417a4,v0314,Maxwell@display=pairwise
,v0314,1dee3556-55f2-4afa-9290-ed47655d33bb,v2889,Maxwell@display=pairwise
v2889,v0314,314e8591-1186-4063-97cc-338f0e2e6b51,v2889,Maxwell@display=pairwise
v2889,v0314,aabfee8b-fee9-4c73-bd6b-0a4b92c72528,v2889,Maxwell@display=pairwise
v2889,v2889,763852f1-e766-4548-82da-08f5e6450ba6,v0314,Maxwell@display=pairwise
v2889,v2889,c49821d5-18a2-4c47-912d-5e29660b0b92,v0314,Maxwell@display=pairwise
v1703,v2513,8a19e606-f631-49b8-88af-f91c0befff75,v1703,Maxwell@display=pairwise
v1703,v1703,44856539-bc1f-4629-bc05-90c9765d6b7b,v2513,Maxwell@display=pairwise
v1703,v2513,81bbbdfd-6271-4cd2-8c33-a6894757ca13,v1703,Maxwell@display=pairwise
v1703,v2513,81bbbdfd-6271-4cd2-8c33-a6894757ca13,v1703,Maxwell@display=pairwise
v1703,v1703,76f3d336-52fa-4304-9eda-8f30f1fe4b75,v2513,Maxwell@display=pairwise
v1703,v1703,3fb4c47e-e723-4f8f-9933-f39a498c7374,v2513,Maxwell@display=pairwise
v2513,v2513,a4ff02d4-6d50-4f8a-b84e-4c6ba39528a5,v1703,Maxwell@display=pairwise
v2513,v1703,4150d97c-eefc-4853-8768-c3caf08a8bcc,v2513,Maxwell@display=pairwise
v1703,v1703,94299678-0cff-4f0a-815f-9ebb17345759,v2513,Maxwell@display=pairwise
v2513,v1703,bf5b1043-3619-4e4e-8dd0-75a645dbd419,v2513,Maxwell@display=pairwise
,v3355,8a19e606-f631-49b8-88af-f91c0befff75,v4034,Maxwell@display=pairwise
v3355,v3355,26daa196-3e51-425f-8944-e7e21c5dca40,v4034,Maxwell@display=pairwise
v4034,v3355,2e51a290-d08f-4b97-b0d1-c0cca3833712,v4034,Maxwell@display=pairwise
v3355,v4034,d9c24ced-2640-4502-9de4-cfc5bcd74967,v3355,Maxwell@display=pairwise
v4034,v4034,ee8149de-cb82-49cc-9038-c54766ad70c9,v3355,Maxwell@display=pairwise
v3355,v3355,377b66e2-ae54-4e8b-bd72-393052e435d4,v4034,Maxwell@display=pairwise
v4034,v3355,f00b6b27-7f50-4848-9d4f-1c6640f6281b,v4034,Maxwell@display=pairwise
v4034,v3355,4532ad54-b06d-4086-9aee-ff09a9391a08,v4034,Maxwell@display=pairwise
,v4034,a36304a0-0663-4875-8856-0bae1782c522,v3355,Maxwell@display=pairwise
v4034,v4034,d39c5247-3bfe-426f-87db-6d7ca30b9f8c,v3355,Maxwell@display=pairwise
v2083,v2083,8a19e606-f631-49b8-88af-f91c0befff75,v3175,Maxwell@display=pairwise
v2083,v3175,44856539-bc1f-4629-bc05-90c9765d6b7b,v2083,Maxwell@display=pairwise
v3175,v3175,7ed39ffd-82b7-4d82-b17c-073138b844a6,v2083,Maxwell@display=pairwise
v2083,v3175,4a4cda64-e09d-474d-abba-3cd33d2a4778,v2083,Maxwell@display=pairwise
v2083,v3175,52b1311f-d563-4bed-8528-b0a80a845ed3,v2083,Maxwell@display=pairwise
,v3175,21cdd095-3223-44a1-bbae-ecc5b4f9c9aa,v2083,Maxwell@display=pairwise
v2083,v3175,f9f062ef-692e-46ad-a379-6d3a1e5a78e8,v2083,Maxwell@display=pairwise
v2083,v2083,3547e3c0-da82-4993-8867-2ae2b4e1f4f7,v3175,Maxwell@display=pairwise
v2083,v2083,3547e3c0-da82-4993-8867-2ae2b4e1f4f7,v3175,Maxwell@display=pairwise
v2083,v3175,573722c4-6130-4835-b049-7c523af50881,v2083,Maxwell@display=pairwise
v4097,v4097,8a19e606-f631-49b8-88af-f91c0befff75,v1477,Maxwell@display=pairwise
v4097,v1477,7007cb66-6248-4ffb-9d99-061a7a2b9859,v4097,Maxwell@display=pairwise
v4097,v4097,a7a93a58-0185-4a02-be01-554e229a1446,v1477,Maxwell@display=pairwise
v4097,v1477,10db6cd5-e713-42ac-9a20-3961ec3c3cbb,v4097,Maxwell@display=pairwise
v4097,v1477,196d047d-4bfe-4054-bcf3-da76fe0ecb11,v4097,Maxwell@display=pairwise
v4097,v4097,5dd4b999-dfa1-477e-9901-16fa0e727a3f,v1477,Maxwell@display=pairwise
v4097,v1477,b6d8df5e-5610-473b-bd40-79fdcdfbdcdd,v4097,Maxwell@display=pairwise
v4097,v4097,c239ae1a-841e-4d54-a08c-d85c41ac1c6f,v1477,Maxwell@display=pairwise
v1477,v1477,73c3b426-5640-464d-8768-26eb4631fe7e,v4097,Maxwell@display=pairwise
v4097,v1477,a0379086-b099-4907-aa9d-8691ca28df83,v4097,Maxwell@display=pairwise
v2181,v0162,8a19e606-f631-49b8-88af-f91c0befff75,v2181,Maxwell@display=pairwise
v2181,v0162,e31be515-887d-4ea7-94f6-f82b0cf24a2c,v2181,Maxwell@display=pairwise
v2181,v2181,676d136b-aabc-4a63-9157-3a6ddacfd43f,v0162,Maxwell@display=pairwise
v2181,v2181,f947e080-fb56-44fe-b740-b6da9bcab592,v0162,Maxwell@display=pairwise
v2181,v0162,cd7370ec-f239-4919-be0d-7c980be77ec7,v2181,Maxwell@display=pairwise
v2181,v2181,85acf25a-acab-4993-a328-e5aaacf2367f,v0162,Maxwell@display=pairwise
v2181,v2181,617ae86c-fc97-402a-ba65-8994258b69e0,v0162,Maxwell@display=pairwise
v2181,v2181,2cb27c19-ded0-4142-8d53-29140e2d8004,v0162,Maxwell@display=pairwise
v2181,v2181,e3ebe625-fcf7-470a-91bb-0d08cd37d473,v0162,Maxwell@display=pairwise
v0314,v0529,8a19e606-f631-49b8-88af-f91c0befff75,v0314,Maxwell@display=pairwise
,v0314,2a13fd1a-a20e-4bc2-8695-27ba20d2f10a,v0529,Maxwell@display=pairwise
v0529,v0529,11bb2619-b3e8-49bd-99e6-dbd83100c5be,v0314,Maxwell@display=pairwise
v0529,v0314,0f9366f9-fade-450c-be0e-0ebb4444aece,v0529,Maxwell@display=pairwise
,v0314,bb58be60-dfb8-4e62-af7d-b508d07dce9c,v0529,Maxwell@display=pairwise
v0529,v0314,bb58be60-dfb8-4e62-af7d-b508d07dce9c,v0529,Maxwell@display=pairwise
v0529,v0314,7ccb1601-429e-4e0c-a822-991e9abf2075,v0529,Maxwell@display=pairwise
,v0529,62d31ed8-f652-4253-8467-0143cdef952e,v0314,Maxwell@display=pairwise
v0529,v0314,bdcbadd2-3661-4ece-a668-ae3da62a8e23,v0529,Maxwell@display=pairwise
v4511,v4511,4816403d-b202-4e68-a3f1-f212baf4c17a,v0314,Maxwell@display=pairwise
v4511,v4511,b0f8077d-dcab-4219-bb3b-100afaafa26d,v0314,Maxwell@display=pairwise
v4511,v4511,d02f408f-c495-4a1f-83e0-411da8e86fed,v0314,Maxwell@display=pairwise
v4511,v4511,1ab3015c-2a18-4a9c-9842-14c3cab722d7,v0314,Maxwell@display=pairwise
v4511,v4511,258ea89f-8336-4d05-a59b-7ea1ea457784,v0314,Maxwell@display=pairwise
v4511,v0314,065a8b4f-3767-4764-a1c4-2297a63ea309,v4511,Maxwell@display=pairwise
v0314,v4511,86c3fdc9-9648-4efc-ba1f-d8b06b701e87,v0314,Maxwell@display=pairwise
v4511,v0314,c239ae1a-841e-4d54-a08c-d85c41ac1c6f,v4511,Maxwell@display=pairwise
v4511,v0314,5ca4290f-c11a-446f-a475-6105dde0b57f,v4511,Maxwell@display=pairwise
v4511,v0314,bdcbadd2-3661-4ece-a668-ae3da62a8e23,v4511,Maxwell@display=pairwise
v2801,v2801,4816403d-b202-4e68-a3f1-f212baf4c17a,v2181,Maxwell@display=pairwise
v2801,v2181,44856539-bc1f-4629-bc05-90c9765d6b7b,v2801,Maxwell@display=pairwise
v2181,v2801,f70aaa7a-e3fb-4755-83d7-172c47cfed0b,v2181,Maxwell@display=pairwise
v2181,v2801,c2c5d1ea-6807-4bdd-a0f0-5694bf04fe9b,v2181,Maxwell@display=pairwise
v2181,v2801,e9d198a2-2917-43d5-aa8b-88cd19cf45a2,v2181,Maxwell@display=pairwise
v2181,v2801,e9d198a2-2917-43d5-aa8b-88cd19cf45a2,v2181,Maxwell@display=pairwise
v2801,v2801,4fc856c7-d2f0-44da-a97b-0af57f30e5a4,v2181,Maxwell@display=pairwise
v2801,v2801,ff5bd754-d1d5-47d5-8cdd-ba09f18067ba,v2181,Maxwell@display=pairwise
,v2801,1f073ed6-cf9c-4eed-aa27-85dfc3f34f60,v2181,Maxwell@display=pairwise
v2181,v2181,6f34e67f-bb9c-486b-9ef7-b440454de895,v2801,Maxwell@display=pairwise
v1373,v1373,4816403d-b202-4e68-a3f1-f212baf4c17a,v0529,Maxwell@display=pairwise
v1373,v0529,48f2cfa8-d531-4045-860b-2c824728d65e,v1373,Maxwell@display=pairwise
v0529,v0529,3d6a7a0d-a5fb-4cec-a5e2-3fe1b81d04db,v1373,Maxwell@display=pairwise
v1373,v1373,f815ba71-3bae-4ac3-a309-f90f687325e0,v0529,Maxwell@display=pairwise
v1373,v1373,cd7370ec-f239-4919-be0d-7c980be77ec7,v0529,Maxwell@display=pairwise
,v0529,ac166e95-9dbb-4135-b90a-07e696f0a50c,v1373,Maxwell@display=pairwise
v0529,v0529,cc66f008-3ba4-41b3-a1c3-0b1697a27ebe,v1373,Maxwell@display=pairwise
v0529,v1373,573722c4-6130-4835-b049-7c523af50881,v0529,Maxwell@display=pairwise
v0529,v1373,c49821d5-18a2-4c47-912d-5e29660b0b92,v0529,Maxwell@display=pairwise
v4097,v4097,af7f19e9-f83a-45ae-8df8-fb20d08eddf9,v3175,Maxwell@display=pairwise
v4097,v4097,e25b19ea-aebb-47cd-b479-8d9842cf83dc,v3175,Maxwell@display=pairwise
v4097,v4097,db9ea501-dc60-469e-99e5-17b4bcfcb6fb,v3175,Maxwell@display=pairwise
v4097,v3175,5b7f9010-471e-4f05-967c-a840f99bbcaf,v4097,Maxwell@display=pairwise
v4097,v4097,f982c154-231a-4d28-8be6-f62894d3a8c5,v3175,Maxwell@display=pairwise
v4097,v4097,af7f19e9-f83a-45ae-8df8-fb20d08eddf9,v3175,Maxwell@display=pairwise
v4097,v3175,5d120453-9487-491e-954f-1aa89798fb80,v4097,Maxwell@display=pairwise
v4097,v4097,a9bb321a-d4be-4f8e-aef5-0cdce93dd51c,v3175,Maxwell@display=pairwise
v4097,v4097,c377aeaf-60e4-4bc1-8080-5619345d590c,v3175,Maxwell@display=pairwise
v4097,v4097,1cb93b11-5310-4d5c-a726-b413659dd3b8,v3175,Maxwell@display=pairwise
,v4048,5abb0625-0b84-4432-801d-e33a2c4185b8,v0878,Maxwell@display=pairwise
v4048,v4048,8914cf47-88ab-4d93-ac8c-414469cd4a72,v0878,Maxwell@display=pairwise
v0878,v0878,df68e14a-a48a-44ee-907b-0a8e92920b98,v4048,Maxwell@display=pairwise
v4048,v0878,afb40d45-bed5-4152-bfe2-7fce395f5e35,v4048,Maxwell@display=pairwise
v4048,v4048,f815ba71-3bae-4ac3-a309-f90f687325e0,v0878,Maxwell@display=pairwise
v0878,v4048,8ba60b69-3825-4c10-beca-8d2e7ba9dfa1,v0878,Maxwell@display=pairwise
v4048,v0878,8841cf31-165a-4525-ad00-5bc3d621f9fc,v4048,Maxwell@display=pairwise
v4048,v0878,85acf25a-acab-4993-a328-e5aaacf2367f,v4048,Maxwell@display=pairwise
v4048,v0878,e25b19ea-aebb-47cd-b479-8d9842cf83dc,v4048,Maxwell@display=pairwise
v4048,v4048,16741407-ab8f-42d4-a0de-61154fca3785,v0878,Maxwell@display=pairwise
v0265,v0009,e25b19ea-aebb-47cd-b479-8d9842cf83dc,v0265,Maxwell@display=pairwise
v0265,v0009,7007cb66-6248-4ffb-9d99-061a7a2b9859,v0265,Maxwell@display=pairwise
v0265,v0265,f147ea5d-89fe-4ac0-b2e1-30974a77591f,v0009,Maxwell@display=pairwise
v0265,v0265,f147ea5d-89fe-4ac0-b2e1-30974a77591f,v0009,Maxwell@display=pairwise
v0265,v0009,b75ed7ec-fc7e-4170-917d-244db89f64a2,v0265,Maxwell@display=pairwise
v0265,v0265,3665f070-cce1-4979-995c-d117a13742ab,v0009,Maxwell@display=pairwise
v0265,v0265,4ea0873d-96ee-486c-bb32-18129db248af,v0009,Maxwell@display=pairwise
v0265,v0265,6d4a2a41-fa40-4847-81d4-e68b6937db26,v0009,Maxwell@display=pairwise
v0265,v0265,2d3e655e-b512-4a49-909c-3db4efbcdfcc,v0009,Maxwell@display=pairwise
v0265,v0009,0e80b9f5-c6c9-4c92-8afc-d29ed45b16c6,v0265,Maxwell@display=pairwise
v2513,v2889,e25b19ea-aebb-47cd-b479-8d9842cf83dc,v2513,Maxwell@display=pairwise
v2889,v2513,b4411156-dc52-435d-8f93-765287d11fea,v2889,Maxwell@display=pairwise
v2889,v2889,209cb4b5-da1d-4522-8e51-c7ab4b854165,v2513,Maxwell@display=pairwise
v2889,v2513,8bd3e413-e73f-4b53-95b8-506af8c32cdf,v2889,Maxwell@display=pairwise
v2513,v2889,091f402d-0095-4fa9-9ace-d3b0675c296f,v2513,Maxwell@display=pairwise
v2513,v2889,35848222-14fa-4e1a-838c-efac9c195ea5,v2513,Maxwell@display=pairwise
v2513,v2513,12af1ee7-72cf-412b-95e3-35dd7ad7d1d6,v2889,Maxwell@display=pairwise
v2513,v2889,b2cf1e5e-8b30-4ac1-8eee-373e05447920,v2513,Maxwell@display=pairwise
v2513,v2889,3547e3c0-da82-4993-8867-2ae2b4e1f4f7,v2513,Maxwell@display=pairwise
v2513,v2889,3547e3c0-da82-4993-8867-2ae2b4e1f4f7,v2513,Maxwell@display=pairwise
v2525,v3740,e337a584-ab3d-4d57-9cca-afe18b17d01a,v2525,Maxwell@display=pairwise
v3740,v3740,73b8fd64-9133-4f24-8a85-fff5b1719300,v2525,Maxwell@display=pairwise
v2525,v2525,00f56657-9793-4120-8471-bde6bce8e544,v3740,Maxwell@display=pairwise
v2525,v3740,a36304a0-0663-4875-8856-0bae1782c522,v2525,Maxwell@display=pairwise
v2525,v3740,2e719777-4544-474b-b0d9-b18f8e4a6474,v2525,Maxwell@display=pairwise
v3740,v2525,d94b8de3-c43e-4516-bac0-6ff3f686dfee,v3740,Maxwell@display=pairwise
v2525,v2525,178c8651-5570-4a73-b49a-7a93daf21ea4,v3740,Maxwell@display=pairwise
v3740,v2525,671d0c52-1c9d-4442-a792-dd7bd57dd8aa,v3740,Maxwell@display=pairwise
v2525,v3740,e25b19ea-aebb-47cd-b479-8d9842cf83dc,v2525,Maxwell@display=pairwise
v3740,v2525,671d0c52-1c9d-4442-a792-dd7bd57dd8aa,v3740,Maxwell@display=pairwise
v3065,v2419,e25b19ea-aebb-47cd-b479-8d9842cf83dc,v3065,Maxwell@display=pairwise
v3065,v3065,9b14dad7-75bc-4690-9dc6-94c0c04d5333,v2419,Maxwell@display=pairwise
v2419,v2419,b0f8077d-dcab-4219-bb3b-100afaafa26d,v3065,Maxwell@display=pairwise
v3065,v2419,9fde6f43-a5ca-4c47-a344-7575e5370d05,v3065,Maxwell@display=pairwise
v3065,v3065,19da1622-4523-4766-8ee2-c68a94aba13f,v2419,Maxwell@display=pairwise
v2419,v2419,66d5d376-d4b4-43f4-be21-1b386fd32966,v3065,Maxwell@display=pairwise
v2419,v3065,ab45a492-e076-489d-bd8f-39251a92f0ab,v2419,Maxwell@display=pairwise
v3065,v3065,241ac689-1c0f-402c-8926-bf6506467a28,v2419,Maxwell@display=pairwise
v3065,v3065,a36304a0-0663-4875-8856-0bae1782c522,v2419,Maxwell@display=pairwise
v2419,v2419,c2931a8d-05d8-4b93-b015-421665fe4364,v3065,Maxwell@display=pairwise
v2328,v2328,e25b19ea-aebb-47cd-b479-8d9842cf83dc,v1373,Maxwell@display=pairwise
,v2328,684094ed-89c7-4c9e-a0f8-8c629bf0ac49,v1373,Maxwell@display=pairwise
v2328,v2328,09aa3d60-2327-4a62-a385-c9877f16fa3d,v1373,Maxwell@display=pairwise
v2328,v1373,c57b2313-faa0-4c95-b91f-4f3c7609b1c1,v2328,Maxwell@display=pairwise
v2328,v2328,259688ae-f706-4f41-ade3-4a17e052e824,v1373,Maxwell@display=pairwise
v2328,v1373,7ccb1601-429e-4e0c-a822-991e9abf2075,v2328,Maxwell@display=pairwise
v2328,v2328,f6f6b226-3ab0-4a3c-84fb-0ce9390db359,v1373,Maxwell@display=pairwise
v2328,v1373,09f575b8-b536-4315-8bb0-a892ce0721ed,v2328,Maxwell@display=pairwise
v2328,v2328,bd1d8225-a753-4e92-adc4-0e5e9b328f9b,v1373,Maxwell@display=pairwise
v3740,v3740,9b14dad7-75bc-4690-9dc6-94c0c04d5333,v2063,Maxwell@display=pairwise
v3740,v2063,c807ebed-1cf6-4d16-a376-9d47740f211c,v3740,Maxwell@display=pairwise
v3740,v2063,afa98c8f-110e-4115-a68c-652138e95b5d,v3740,Maxwell@display=pairwise
v3740,v2063,10db6cd5-e713-42ac-9a20-3961ec3c3cbb,v3740,Maxwell@display=pairwise
v3740,v3740,d5a0fb87-aa9c-42e7-8db5-0c41338699d2,v2063,Maxwell@display=pairwise
v3740,v2063,730d1fc7-c570-412c-8d46-89d91d650c41,v3740,Maxwell@display=pairwise
v3740,v2063,359f764b-eac4-4deb-9a38-7bd22cda2792,v3740,Maxwell@display=pairwise
v3740,v3740,2cb27c19-ded0-4142-8d53-29140e2d8004,v2063,Maxwell@display=pairwise
v3740,v3740,d5eb3ad8-a6f8-4d74-bc5b-9937bb2277b4,v2063,Maxwell@display=pairwise
v3740,v2063,4d22e541-90af-43bf-b2b9-955594802908,v3740,Maxwell@display=pairwise
v1984,v4034,9b14dad7-75bc-4690-9dc6-94c0c04d5333,v1984,Maxwell@display=pairwise
v4034,v4034,f815ba71-3bae-4ac3-a309-f90f687325e0,v1984,Maxwell@display=pairwise
v1984,v4034,62182adc-a9e3-409b-94a5-c4c180d9f3b7,v1984,Maxwell@display=pairwise
v4034,v1984,5440d8e0-a14b-41a3-9cd3-b762fddb4276,v4034,Maxwell@display=pairwise
v4034,v1984,4c75cd1d-1d5e-4d97-80cf-a2848cbdb688,v4034,Maxwell@display=pairwise
v4034,v4034,4c75cd1d-1d5e-4d97-80cf-a2848cbdb688,v1984,Maxwell@display=pairwise
v4034,v1984,4cf27f34-7c95-4417-9203-7627dd0e8db3,v4034,Maxwell@display=pairwise
v4034,v1984,335527d0-7d2d-491b-a6e2-4c92ce9b4edc,v4034,Maxwell@display=pairwise
,v1984,0c8ca1c9-aaa4-495b-a350-de53a2de024b,v4034,Maxwell@display=pairwise
v1477,v3740,9b14dad7-75bc-4690-9dc6-94c0c04d5333,v1477,Maxwell@display=pairwise
,v1477,bcfcab6f-59dd-4283-a999-0696e9e4835f,v3740,Maxwell@display=pairwise
v3740,v1477,79978944-2bb6-45ce-bd59-529f44c09c69,v3740,Maxwell@display=pairwise
v3740,v1477,a7bccc46-0fad-4e81-a217-16e8f6d660b4,v3740,Maxwell@display=pairwise
v1477,v1477,96f829ff-df3c-49ca-9af3-b69739e4a67a,v3740,Maxwell@display=pairwise
v1477,v1477,66d5d376-d4b4-43f4-be21-1b386fd32966,v3740,Maxwell@display=pairwise
v1477,v1477,d83aba4d-3e51-4ba3-9f02-e7119f127b9e,v3740,Maxwell@display=pairwise
v1477,v1477,5b7f9010-471e-4f05-967c-a840f99bbcaf,v3740,Maxwell@display=pairwise
v1477,v1477,8290678e-1f94-4619-af71-aa8892a717fa,v3740,Maxwell@display=pairwise
v1477,v3740,6d4a2a41-fa40-4847-81d4-e68b6937db26,v1477,Maxwell@display=pairwise
v1703,v1703,9b14dad7-75bc-4690-9dc6-94c0c04d5333,v2889,Maxwell@display=pairwise
v2889,v2889,209cb4b5-da1d-4522-8e51-c7ab4b854165,v1703,Maxwell@display=pairwise
,v1703,a7bccc46-0fad-4e81-a217-16e8f6d660b4,v2889,Maxwell@display=pairwise
v2889,v1703,4716ee65-37dd-4db1-9c22-e34ae3582bb0,v2889,Maxwell@display=pairwise
v2889,v2889,bf99fc9d-3772-4df1-91d9-1196f5e51ecb,v1703,Maxwell@display=pairwise
v1703,v1703,171d9627-c964-4a99-8c05-0cf0ea584fba,v2889,Maxwell@display=pairwise
v2889,v1703,8165ec89-da1a-443f-9c35-12bd6162de30,v2889,Maxwell@display=pairwise
v1703,v1703,9b4634c9-30c1-4725-8f52-815faf943025,v2889,Maxwell@display=pairwise
v1703,v1703,aaf15379-dfc5-4aed-89dd-6e94974e28c8,v2889,Maxwell@display=pairwise
v0328,v2828,9b14dad7-75bc-4690-9dc6-94c0c04d5333,v0328,Maxwell@display=pairwise
v2828,v0328,73b8fd64-9133-4f24-8a85-fff5b1719300,v2828,Maxwell@display=pairwise
v2828,v2828,1dac0e33-0065-4e0e-8e64-fd0e63278971,v0328,Maxwell@display=pairwise
v2828,v2828,3d6a7a0d-a5fb-4cec-a5e2-3fe1b81d04db,v0328,Maxwell@display=pairwise
v2828,v2828,8c720eee-ed3e-49c7-87d6-11f9c7e89f0f,v0328,Maxwell@display=pairwise
v2828,v0328,723ecde4-3695-4235-afdf-bb230a3f2707,v2828,Maxwell@display=pairwise
,v2828,a0f1f4c5-8d22-403c-a1e7-b9c24cc01c54,v0328,Maxwell@display=pairwise
,v0328,065a8b4f-3767-4764-a1c4-2297a63ea309,v2828,Maxwell@display=pairwise
v2828,v0328,814ef15f-db94-48de-9643-528fc2a355eb,v2828,Maxwell@display=pairwise
v2828,v2828,19ed7125-f9d4-4332-baa2-b57735cd4bae,v0328,Maxwell@display=pairwise
,v4125,9b14dad7-75bc-4690-9dc6-94c0c04d5333,v4048,Maxwell@display=pairwise
v4048,v4125,51a741d8-2e85-48fb-a41a-ec0b312ce2e7,v4048,Maxwell@display=pairwise
v4125,v4125,9c031cfb-cda8-4869-acc8-11ec9ff4d69f,v4048,Maxwell@display=pairwise
v4125,v4048,4e2adbe1-fa03-4f25-a561-baae089d8201,v4125,Maxwell@display=pairwise
v4048,v4125,52b1311f-d563-4bed-8528-b0a80a845ed3,v4048,Maxwell@display=pairwise
,v4048,8841cf31-165a-4525-ad00-5bc3d621f9fc,v4125,Maxwell@display=pairwise
v4125,v4048,768f2d5e-4da6-4e17-a974-b681ec9fada3,v4125,Maxwell@display=pairwise
v4048,v4048,4dea2b70-1476-45e6-a255-7bcc1601369b,v4125,Maxwell@display=pairwise
v4048,v4125,ddd61b5c-dc4a-4146-8ae2-ae9ff73fb5d8,v4048,Maxwell@display=pairwise
v4125,v4125,86523267-18b8-471d-80c4-42b0069c1f65,v4048,Maxwell@display=pairwise
v3583,v0032,44856539-bc1f-4629-bc05-90c9765d6b7b,v3583,Maxwell@display=pairwise
v3583,v0032,2d1de15b-04c3-4111-abe6-569785e78caa,v3583,Maxwell@display=pairwise
v3583,v0032,a59e7494-5d6d-4bca-a5c0-7c769da374f1,v3583,Maxwell@display=pairwise
v3583,v3583,58a717b3-a840-4ad1-89d0-b8d2e0c5ba78,v0032,Maxwell@display=pairwise
v3583,v0032,b678ad4f-2bf3-4079-925c-47a98abb234f,v3583,Maxwell@display=pairwise
v0032,v0032,df58efd8-87a4-48d7-a704-7a213671bf20,v3583,Maxwell@display=pairwise
v3583,v3583,4989c9a7-2a48-4c9b-8088-387d0efcfb45,v0032,Maxwell@display=pairwise
v3583,v3583,5090394e-8d39-48a3-b78a-4dff5726117d,v0032,Maxwell@display=pairwise
v0032,v3583,da7d4669-ee69-4b69-9548-38fdb95e66a3,v0032,Maxwell@display=pairwise
v2828,v2513,44856539-bc1f-4629-bc05-90c9765d6b7b,v2828,Maxwell@display=pairwise
v2513,v2828,31d01651-40ee-49ee-8266-1aee63461887,v2513,Maxwell@display=pairwise
v2513,v2513,35f7dbdd-4c2d-43df-8b5a-7885f17732b1,v2828,Maxwell@display=pairwise
v2828,v2513,862cd654-5ac1-48c5-bd1f-650b43a68255,v2828,Maxwell@display=pairwise
v2513,v2828,3b229a65-310a-43d5-a784-9b94a939355b,v2513,Maxwell@display=pairwise
v2828,v2828,3b229a65-310a-43d5-a784-9b94a939355b,v2513,Maxwell@display=pairwise
v2828,v2828,f27bb50a-2b7d-4f18-8fa3-a3fd7bc9fd8e,v2513,Maxwell@display=pairwise
v2513,v2513,bab736be-b6c3-4a0a-8930-23ed65f562f2,v2828,Maxwell@display=pairwise
v2828,v2513,763852f1-e766-4548-82da-08f5e6450ba6,v2828,Maxwell@display=pairwise
v2635,v2635,44856539-bc1f-4629-bc05-90c9765d6b7b,v2513,Maxwell@display=pairwise
v2635,v2635,a64e5ec2-6369-44d6-b203-264f818abe72,v2513,Maxwell@display=pairwise
,v2635,b444b366-4acf-4de2-bf8f-886c7ae9b36b,v2513,Maxwell@display=pairwise
,v2635,684094ed-89c7-4c9e-a0f8-8c629bf0ac49,v2513,Maxwell@display=pairwise
v2635,v2635,6720d5b6-4318-4c40-9831-c43eee9e9653,v2513,Maxwell@display=pairwise
v2635,v2635,1a77d7b2-9385-4d84-b6db-2f3070895961,v2513,Maxwell@display=pairwise
,v2513,1bc15f08-5e0e-4bcb-9390-fef0c1eb2c89,v2635,Maxwell@display=pairwise
v2513,v2513,e1ce5e37-5e67-453e-aee9-0a6e7cf6b73c,v2635,Maxwell@display=pairwise
v2635,v2513,f540594e-acb6-4701-95ba-930d80b00b7a,v2635,Maxwell@display=pairwise
v2513,v2513,db9ea501-dc60-469e-99e5-17b4bcfcb6fb,v2635,Maxwell@display=pairwise
v0878,v1703,bbb2b770-5eab-4e22-9e43-7ff1c7cfcd31,v0878,Maxwell@display=pairwise
,v1703,319e1e2f-e9cf-4981-8ce2-42f5765137f5,v0878,Maxwell@display=pairwise
v1703,v1703,dc1081cb-7773-4571-b027-33c4446f75ed,v0878,Maxwell@display=pairwise
v0878,v0878,fdafe1fc-3bdb-472a-a91e-52abb2f5e78f,v1703,Maxwell@display=pairwise
v0878,v0878,9888d5ad-e5b5-422a-9ce4-268968886c2c,v1703,Maxwell@display=pairwise
v0878,v0878,7364c455-72c0-4ba7-bd80-b8277ed5fa61,v1703,Maxwell@display=pairwise
,v1703,2b257334-db97-4865-a3f7-4c4f89b0b221,v0878,Maxwell@display=pairwise
v1703,v1703,10b74529-4728-4409-849d-3c0d908d3219,v0878,Maxwell@display=pairwise
,v1703,19e2587c-4d46-491a-9939-ee51abe19c39,v0878,Maxwell@display=pairwise
v4125,v4125,bbb2b770-5eab-4e22-9e43-7ff1c7cfcd31,v2828,Maxwell@display=pairwise
v2828,v4125,b8ec5d7b-dc37-4949-b5af-d89363f49439,v2828,Maxwell@display=pairwise
v2828,v4125,228504e4-46c0-48fd-a68d-d1af0989ddb7,v2828,Maxwell@display=pairwise
v4125,v4125,10db6cd5-e713-42ac-9a20-3961ec3c3cbb,v2828,Maxwell@display=pairwise
v4125,v4125,e776162f-2a46-4b9f-a534-2d38aa9d05c2,v2828,Maxwell@display=pairwise
v4125,v4125,75b75480-7063-484c-9328-642307386043,v2828,Maxwell@display=pairwise
v2828,v2828,0f9366f9-fade-450c-be0e-0ebb4444aece,v4125,Maxwell@display=pairwise
v2828,v2828,4cf27f34-7c95-4417-9203-7627dd0e8db3,v4125,Maxwell@display=pairwise
v4125,v4125,7c3b36dd-81f3-4842-90d1-41f8d139292a,v2828,Maxwell@display=pairwise
v4125,v4125,f2cb3403-6c77-4e49-86af-9e41adbacf34,v2828,Maxwell@display=pairwise
v2181,v1394,50f883d0-89f3-4f06-9da1-3ecb5c6efd90,v2181,Maxwell@display=pairwise
v1394,v1394,dad34959-38f2-4967-9f4e-180f5fdb8888,v2181,Maxwell@display=pairwise
v2181,v2181,932f9ce4-0739-497e-8f65-1f75f828eb23,v1394,Maxwell@display=pairwise
v2181,v1394,e482d7ac-4b6f-4cff-b1d2-3e634bf5c721,v2181,Maxwell@display=pairwise
v2181,v2181,f947e080-fb56-44fe-b740-b6da9bcab592,v1394,Maxwell@display=pairwise
v2181,v2181,ae30bc61-78e0-4361-a5bc-9e7c1bbf8f1c,v1394,Maxwell@display=pairwise
v2181,v2181,259688ae-f706-4f41-ade3-4a17e052e824,v1394,Maxwell@display=pairwise
v2181,v2181,7364c455-72c0-4ba7-bd80-b8277ed5fa61,v1394,Maxwell@display=pairwise
v2181,v2181,86a98c74-45fb-4cdf-a662-a12e8b733a2b,v1394,Maxwell@display=pairwise
v2181,v1394,2e6f5d07-f718-40d7-9899-2d530c3566ed,v2181,Maxwell@display=pairwise
v4235,v4235,50f883d0-89f3-4f06-9da1-3ecb5c6efd90,v1394,Maxwell@display=pairwise
v4235,v1394,c807ebed-1cf6-4d16-a376-9d47740f211c,v4235,Maxwell@display=pairwise
v4235,v4235,11bb2619-b3e8-49bd-99e6-dbd83100c5be,v1394,Maxwell@display=pairwise
v4235,v1394,ced05eb2-a974-4dcf-89fb-bf893f78b6aa,v4235,Maxwell@display=pairwise
v4235,v1394,d8c466c5-877b-40b2-b8d8-5cd12c3902b1,v4235,Maxwell@display=pairwise
v4235,v4235,bab736be-b6c3-4a0a-8930-23ed65f562f2,v1394,Maxwell@display=pairwise
v4235,v1394,6d4a2a41-fa40-4847-81d4-e68b6937db26,v4235,Maxwell@display=pairwise
v4235,v1394,723aa930-ec56-4066-ae75-7504ed46fa1e,v4235,Maxwell@display=pairwise
v4235,v1394,c2931a8d-05d8-4b93-b015-421665fe4364,v4235,Maxwell@display=pairwise
v4511,v4511,0c66784a-2acc-4614-8958-f9cede4473ed,v1394,Maxwell@display=pairwise
v4511,v1394,50f883d0-89f3-4f06-9da1-3ecb5c6efd90,v4511,Maxwell@display=pairwise
v4511,v1394,a59e7494-5d6d-4bca-a5c0-7c769da374f1,v4511,Maxwell@display=pairwise
v4511,v4511,f875a8f1-ecd5-4cae-ac35-6f6466d90237,v1394,Maxwell@display=pairwise
,v1394,2168499d-6438-474d-96fc-7346737ee935,v4511,Maxwell@display=pairwise
v4511,v1394,e3ebe625-fcf7-470a-91bb-0d08cd37d473,v4511,Maxwell@display=pairwise
v4511,v1394,dad34959-38f2-4967-9f4e-180f5fdb8888,v4511,Maxwell@display=pairwise
v4511,v1394,df148d87-9cdb-4f62-b773-355587d7b51f,v4511,Maxwell@display=pairwise
v4511,v1394,f8e4c74f-c2a6-462b-9197-a7c8c31317ac,v4511,Maxwell@display=pairwise
v4511,v1394,a2093909-503b-438b-bf75-c9807e56810a,v4511,Maxwell@display=pairwise
v2181,v1025,50f883d0-89f3-4f06-9da1-3ecb5c6efd90,v2181,Maxwell@display=pairwise
v2181,v2181,acccac54-c658-4a6d-b128-1acee477e62e,v1025,Maxwell@display=pairwise
v2181,v2181,1dac0e33-0065-4e0e-8e64-fd0e63278971,v1025,Maxwell@display=pairwise
,v1025,bb28c3d5-6528-4f53-bc09-6bf84b42a7fb,v2181,Maxwell@display=pairwise
v2181,v1025,e9d198a2-2917-43d5-aa8b-88cd19cf45a2,v2181,Maxwell@display=pairwise
v2181,v1025,1c633216-85cf-4854-b853-de600421a67d,v2181,Maxwell@display=pairwise
v2181,v1025,71d414a2-7da8-44c1-a7cb-4e81f84eb38a,v2181,Maxwell@display=pairwise
v2181,v2181,6832a87e-ad5d-4854-bee6-4ec447d48143,v1025,Maxwell@display=pairwise
v2181,v1025,0e80b9f5-c6c9-4c92-8afc-d29ed45b16c6,v2181,Maxwell@display=pairwise
v3355,v2083,86cebb69-070a-4ed3-890f-c96d130c1704,v3355,Maxwell@display=pairwise
v3355,v3355,05e840a4-3de4-447b-b859-e633d767fd6a,v2083,Maxwell@display=pairwise
,v3355,f946f0a6-ea75-4cea-809a-e6d88d5c053d,v2083,Maxwell@display=pairwise
v2083,v3355,e776162f-2a46-4b9f-a534-2d38aa9d05c2,v2083,Maxwell@display=pairwise
v2083,v2083,3ceee84d-5b67-4517-bb80-572756bac2c2,v3355,Maxwell@display=pairwise
v3355,v2083,b0a4dc9c-8f85-4cb4-b0e0-aadbead32e5f,v3355,Maxwell@display=pairwise
v3355,v2083,bf5b1043-3619-4e4e-8dd0-75a645dbd419,v3355,Maxwell@display=pairwise
v3355,v3355,31e59e7f-acc9-48fd-8a2b-bf0096731a49,v2083,Maxwell@display=pairwise
v2083,v2083,b0a5e289-dfa4-4711-82d4-37068f8fbd93,v3355,Maxwell@display=pairwise
v4537,v4537,86cebb69-070a-4ed3-890f-c96d130c1704,v4097,Maxwell@display=pairwise
v4097,v4097,0c66784a-2acc-4614-8958-f9cede4473ed,v4537,Maxwell@display=pairwise
v4537,v4537,399c3875-4111-41c4-b788-79e32772e36d,v4097,Maxwell@display=pairwise
v4537,v4537,9fde6f43-a5ca-4c47-a344-7575e5370d05,v4097,Maxwell@display=pairwise
v4537,v4537,1a554cd6-a958-4409-801f-f6700b3c42ab,v4097,Maxwell@display=pairwise
v4537,v4537,d4eabb9c-6f17-472b-ade4-3caa69edc47f,v4097,Maxwell@display=pairwise
v4097,v4537,1bc15f08-5e0e-4bcb-9390-fef0c1eb2c89,v4097,Maxwell@display=pairwise
v4097,v4097,67d6e59e-98bb-4804-be1c-03beebfd5222,v4537,Maxwell@display=pairwise
v4537,v4097,f6f6b226-3ab0-4a3c-84fb-0ce9390db359,v4537,Maxwell@display=pairwise
v4097,v4097,bf5b1043-3619-4e4e-8dd0-75a645dbd419,v4537,Maxwell@display=pairwise
v3065,v0009,86cebb69-070a-4ed3-890f-c96d130c1704,v3065,Maxwell@display=pairwise
v3065,v3065,0c66784a-2acc-4614-8958-f9cede4473ed,v0009,Maxwell@display=pairwise
v3065,v3065,ce0e0f0c-7b35-4e39-b905-dc94435761e5,v0009,Maxwell@display=pairwise
v3065,v3065,d3ceb26c-6541-4b11-adf3-11f11a7fe362,v0009,Maxwell@display=pairwise
v3065,v3065,e71f0be5-2d3f-4bc9-9407-a2dce3a16b91,v0009,Maxwell@display=pairwise
v3065,v0009,ba2e5955-a806-4ec0-b668-6073bb201c11,v3065,Maxwell@display=pairwise
v0009,v0009,295b7632-b3b4-4d18-ab59-6527849c76d1,v3065,Maxwell@display=pairwise
v3065,v3065,e2414b46-7c69-407b-9c61-a18878f36403,v0009,Maxwell@display=pairwise
v3065,v3065,8495c523-2b4b-49a1-86b4-5210ff9e0038,v0009,Maxwell@display=pairwise
v3065,v3065,d906e73c-afb6-4bc0-8cab-f6991cc560ba,v0009,Maxwell@display=pairwise
v1394,v1394,0c66784a-2acc-4614-8958-f9cede4473ed,v2419,Maxwell@display=pairwise
v2419,v1394,bb6f7d69-13e4-4bf4-9aa2-bfa5e8640d32,v2419,Maxwell@display=pairwise
v1394,v2419,b24999e8-2b46-4fe3-801f-d4019d087da5,v1394,Maxwell@display=pairwise
v2419,v1394,b24999e8-2b46-4fe3-801f-d4019d087da5,v2419,Maxwell@display=pairwise
v1394,v2419,094e753d-9712-4a5c-b642-e225b4d0af47,v1394,Maxwell@display=pairwise
v2419,v2419,f27bb50a-2b7d-4f18-8fa3-a3fd7bc9fd8e,v1394,Maxwell@display=pairwise
v2419,v1394,14ec1f3e-c047-4d13-a2d6-76da32d9ed62,v2419,Maxwell@display=pairwise
,v1394,bcbd73bb-1a96-4b43-b689-5c7986900531,v2419,Maxwell@display=pairwise
v2419,v1394,5db3738a-9acb-4d81-9255-362c61e080bf,v2419,Maxwell@display=pairwise
v2083,v2513,0c66784a-2acc-4614-8958-f9cede4473ed,v2083,Maxwell@display=pairwise
v2083,v2513,f6d6df9a-6559-4e27-b46d-92f41cc3f97b,v2083,Maxwell@display=pairwise
v2513,v2083,66d5d376-d4b4-43f4-be21-1b386fd32966,v2513,Maxwell@display=pairwise
v2083,v2083,2d1de15b-04c3-4111-abe6-569785e78caa,v2513,Maxwell@display=pairwise
v2083,v2083,58a717b3-a840-4ad1-89d0-b8d2e0c5ba78,v2513,Maxwell@display=pairwise
v2513,v2083,e62d391b-52e4-4739-89b0-d8fe6a07ce47,v2513,Maxwell@display=pairwise
v2513,v2083,6f34e67f-bb9c-486b-9ef7-b440454de895,v2513,Maxwell@display=pairwise
v2513,v2513,6f34e67f-bb9c-486b-9ef7-b440454de895,v2083,Maxwell@display=pairwise
v2513,v2513,09705fe5-aaef-4009-9eaf-7f6ef1693c89,v2083,Maxwell@display=pairwise
v4048,v4048,0c66784a-2acc-4614-8958-f9cede4473ed,v2328,Maxwell@display=pairwise
v4048,v2328,60697061-3fc4-4137-9789-63e68e409f11,v4048,Maxwell@display=pairwise
v4048,v4048,586bb006-6a93-4927-ae5a-9b4956bceaa8,v2328,Maxwell@display=pairwise
v4048,v4048,a2988d9d-63df-4cf2-a445-7a1dbf7f45f3,v2328,Maxwell@display=pairwise
v4048,v4048,37e2fd1c-8e32-4deb-bec9-a4ed41c99e10,v2328,Maxwell@display=pairwise
v4048,v2328,4ea0873d-96ee-486c-bb32-18129db248af,v4048,Maxwell@display=pairwise
v4048,v2328,48eca316-7304-41b7-8acb-7e678a3cbf48,v4048,Maxwell@display=pairwise
v4048,v2328,d698118d-3476-42e2-bac5-157c43bff05b,v4048,Maxwell@display=pairwise
v4048,v4048,359f764b-eac4-4deb-9a38-7bd22cda2792,v2328,Maxwell@display=pairwise
v4048,v4048,b0a5e289-dfa4-4711-82d4-37068f8fbd93,v2328,Maxwell@display=pairwise
v1447,v1447,bcfcab6f-59dd-4283-a999-0696e9e4835f,v1373,Maxwell@display=pairwise
,v1447,46890feb-e3fa-42f0-bdb2-bc9bbacd627f,v1373,Maxwell@display=pairwise
v1447,v1373,5ca80653-5ca4-4a63-a5e9-7c13c6f6ef4e,v1447,Maxwell@display=pairwise
,v1447,ea3db677-ebb0-4e61-a506-68dd05ca5a54,v1373,Maxwell@display=pairwise
v1447,v1447,e5f76cbe-fd04-46f5-a5de-6fccf701bb11,v1373,Maxwell@display=pairwise
v1447,v1373,1dee3556-55f2-4afa-9290-ed47655d33bb,v1447,Maxwell@display=pairwise
,v1373,e2414b46-7c69-407b-9c61-a18878f36403,v1447,Maxwell@display=pairwise
v1373,v1447,c0a2023a-1855-4bf5-83a3-b2a1f277df4a,v1373,Maxwell@display=pairwise
v1447,v1373,5b7f9010-471e-4f05-967c-a840f99bbcaf,v1447,Maxwell@display=pairwise
v1397,v1703,bcfcab6f-59dd-4283-a999-0696e9e4835f,v1397,Maxwell@display=pairwise
,v1397,7007cb66-6248-4ffb-9d99-061a7a2b9859,v1703,Maxwell@display=pairwise
v1703,v1703,68f9fc6d-5215-4fa5-b428-049b8066252a,v1397,Maxwell@display=pairwise
v1397,v1397,df58efd8-87a4-48d7-a704-7a213671bf20,v1703,Maxwell@display=pairwise
,v1397,a0f1f4c5-8d22-403c-a1e7-b9c24cc01c54,v1703,Maxwell@display=pairwise
v1703,v1397,e5e845a9-bf60-41fc-9ab7-f2ab3172c82f,v1703,Maxwell@display=pairwise
v1397,v1397,90741ce5-a5d8-4430-8051-715ff3ef5e49,v1703,Maxwell@display=pairwise
v1703,v1397,86a98c74-45fb-4cdf-a662-a12e8b733a2b,v1703,Maxwell@display=pairwise
v1397,v1397,8df9f32c-7ad0-46ab-b52d-026eca9182d5,v1703,Maxwell@display=pairwise
v1397,v1703,cea10608-7dfd-4bf7-bf4e-af4e8d7dac5e,v1397,Maxwell@display=pairwise
v4537,v1190,bcfcab6f-59dd-4283-a999-0696e9e4835f,v4537,Maxwell@display=pairwise
v4537,v1190,f70aaa7a-e3fb-4755-83d7-172c47cfed0b,v4537,Maxwell@display=pairwise
v4537,v4537,f9d3357f-aea1-4746-8080-e4ebb0fb3ae0,v1190,Maxwell@display=pairwise
v4537,v1190,e37a04cf-5cb9-4c24-b268-428f04b630ae,v4537,Maxwell@display=pairwise
v4537,v1190,1a77d7b2-9385-4d84-b6db-2f3070895961,v4537,Maxwell@display=pairwise
,v1190,1bc15f08-5e0e-4bcb-9390-fef0c1eb2c89,v4537,Maxwell@display=pairwise
v1190,v4537,26c3096a-edfc-482a-8d3c-5739d09b6bda,v1190,Maxwell@display=pairwise
v4537,v1190,e1ce5e37-5e67-453e-aee9-0a6e7cf6b73c,v4537,Maxwell@display=pairwise
v4537,v4537,9f33edc6-8672-491a-9b40-8bb445f9aaf0,v1190,Maxwell@display=pairwise
v1190,v1190,51a741d8-2e85-48fb-a41a-ec0b312ce2e7,v1447,Maxwell@display=pairwise
,v1190,99d92158-abae-45a9-b49b-737ab2119fa3,v1447,Maxwell@display=pairwise
v1190,v1447,76f3d336-52fa-4304-9eda-8f30f1fe4b75,v1190,Maxwell@display=pairwise
v1447,v1190,f9d3357f-aea1-4746-8080-e4ebb0fb3ae0,v1447,Maxwell@display=pairwise
v1190,v1447,196d047d-4bfe-4054-bcf3-da76fe0ecb11,v1190,Maxwell@display=pairwise
v1190,v1447,50e68f35-10c5-4dcd-833e-3680adb69b60,v1190,Maxwell@display=pairwise
v1447,v1190,5dd4b999-dfa1-477e-9901-16fa0e727a3f,v1447,Maxwell@display=pairwise
v1447,v1190,c239ae1a-841e-4d54-a08c-d85c41ac1c6f,v1447,Maxwell@display=pairwise
v1447,v1447,e62d391b-52e4-4739-89b0-d8fe6a07ce47,v1190,Maxwell@display=pairwise
v1447,v1190,fdeab250-0277-4490-bcf0-de3d8c630a98,v1447,Maxwell@display=pairwise
v4048,v0530,51a741d8-2e85-48fb-a41a-ec0b312ce2e7,v4048,Maxwell@display=pairwise
v4048,v0530,6e957163-5267-4260-b5fe-b318884a96b4,v4048,Maxwell@display=pairwise
v4048,v0530,acccac54-c658-4a6d-b128-1acee477e62e,v4048,Maxwell@display=pairwise
v4048,v4048,94853c24-e68d-4875-ae6f-521994d9fef0,v0530,Maxwell@display=pairwise
v4048,v4048,e07bb13d-8d71-400d-8aee-9277fb8773d2,v0530,Maxwell@display=pairwise
v0530,v4048,88e1894f-6a8c-4dd4-99e5-7b852ff42587,v0530,Maxwell@display=pairwise
v4048,v0530,ad2df09c-dcb5-4037-8441-c9c5b43a26e0,v4048,Maxwell@display=pairwise
v4048,v4048,9a673f7a-20b3-401d-980f-38b0c8fc3b45,v0530,Maxwell@display=pairwise
v4048,v0530,19e2587c-4d46-491a-9939-ee51abe19c39,v4048,Maxwell@display=pairwise
v0878,v0878,51a741d8-2e85-48fb-a41a-ec0b312ce2e7,v2828,Maxwell@display=pairwise
v2828,v2828,b8ec5d7b-dc37-4949-b5af-d89363f49439,v0878,Maxwell@display=pairwise
,v2828,684094ed-89c7-4c9e-a0f8-8c629bf0ac49,v0878,Maxwell@display=pairwise
v0878,v0878,2886de17-6865-4f59-8f24-9afbd87a36af,v2828,Maxwell@display=pairwise
v0878,v0878,2886de17-6865-4f59-8f24-9afbd87a36af,v2828,Maxwell@display=pairwise
v0878,v2828,18dda76c-d54a-40a2-9768-d2dc4378804e,v0878,Maxwell@display=pairwise
v0878,v2828,f875a8f1-ecd5-4cae-ac35-6f6466d90237,v0878,Maxwell@display=pairwise
v2828,v2828,2ca645a6-7ef0-4fc3-9abd-cf3501109eae,v0878,Maxwell@display=pairwise
v0878,v2828,537c627e-ce2d-4b04-939a-552205731bb6,v0878,Maxwell@display=pairwise
v2828,v0878,5db812e2-a89e-42af-b619-98c02720d311,v2828,Maxwell@display=pairwise
v4511,v4511,f5eb8f70-1505-4e2f-a663-e4ee7192909b,v1025,Maxwell@display=pairwise
v4511,v1025,761748d4-d10d-4076-8ba5-4316321078d2,v4511,Maxwell@display=pairwise
v4511,v1025,8fd99fd1-3906-4e88-b6fb-6c1db6831a82,v4511,Maxwell@display=pairwise
v4511,v1025,cabe6903-7b7e-4c1a-b661-958c6fa61429,v4511,Maxwell@display=pairwise
v4511,v4511,7bf3dae0-af9d-4a3f-894f-9ff0503f5348,v1025,Maxwell@display=pairwise
v4511,v1025,b269b069-99f5-4d8d-8e73-426d3fa2f09f,v4511,Maxwell@display=pairwise
v4511,v1025,a0f1f4c5-8d22-403c-a1e7-b9c24cc01c54,v4511,Maxwell@display=pairwise
v4511,v4511,1e957696-1bdb-4655-8b5d-f0bc71305eea,v1025,Maxwell@display=pairwise
v4511,v4511,291f1ce5-afb6-47f8-bf06-629bc6007f6a,v1025,Maxwell@display=pairwise
v4511,v1025,1581d9ba-baf0-47a6-9d2b-56bf103d5193,v4511,Maxwell@display=pairwise
,v0529,f5eb8f70-1505-4e2f-a663-e4ee7192909b,v2419,Maxwell@display=pairwise
,v0529,399c3875-4111-41c4-b788-79e32772e36d,v2419,Maxwell@display=pairwise
v2419,v0529,11bb2619-b3e8-49bd-99e6-dbd83100c5be,v2419,Maxwell@display=pairwise
v2419,v0529,4727324f-737a-4ff6-9d12-84ae58106891,v2419,Maxwell@display=pairwise
v2419,v0529,43505c4c-2f72-4150-b92e-bb25604e229a,v2419,Maxwell@display=pairwise
v0529,v0529,ae30bc61-78e0-4361-a5bc-9e7c1bbf8f1c,v2419,Maxwell@display=pairwise
v0529,v2419,171d9627-c964-4a99-8c05-0cf0ea584fba,v0529,Maxwell@display=pairwise
v2419,v0529,4c9f3ef1-1be5-4b46-b834-89e3cd2a94a2,v2419,Maxwell@display=pairwise
v2419,v0529,701d9632-11da-4c45-b5a9-9ef109bd0705,v2419,Maxwell@display=pairwise
,v2419,7c88f5ac-1415-4be3-a73f-f6eb914391f9,v0529,Maxwell@display=pairwise
,v3175,f5eb8f70-1505-4e2f-a663-e4ee7192909b,v0314,Maxwell@display=pairwise
v3175,v3175,60697061-3fc4-4137-9789-63e68e409f11,v0314,Maxwell@display=pairwise
v3175,v3175,9854f14d-4021-4f1b-80e7-36a684ed2e92,v0314,Maxwell@display=pairwise
,v0314,03183d72-50e8-4e1d-b6c9-97bb58ba8b6d,v3175,Maxwell@display=pairwise
v3175,v3175,094e753d-9712-4a5c-b642-e225b4d0af47,v0314,Maxwell@display=pairwise
v3175,v3175,95a7cc06-df48-4cae-9aec-7e23717e0f71,v0314,Maxwell@display=pairwise
v0314,v0314,8d7947e2-f6a6-48dd-93ff-f4ec519e9f67,v3175,Maxwell@display=pairwise
v0314,v3175,c4def5d3-8498-4453-9086-653e4184d2c1,v0314,Maxwell@display=pairwise
v3175,v3175,4fc856c7-d2f0-44da-a97b-0af57f30e5a4,v0314,Maxwell@display=pairwise
v0314,v3175,2c834ab6-0751-4690-918f-5398a2160f15,v0314,Maxwell@display=pairwise
v3583,v3583,f5eb8f70-1505-4e2f-a663-e4ee7192909b,v2525,Maxwell@display=pairwise
v3583,v2525,ef859b1f-9de1-4cef-bd2b-3e0ac5b8a3b4,v3583,Maxwell@display=pairwise
v3583,v3583,f19945e8-447a-46eb-adcc-ff690853c250,v2525,Maxwell@display=pairwise
v3583,v2525,efc0133f-459a-461e-9f25-75b0716cd70a,v3583,Maxwell@display=pairwise
v3583,v3583,45ae941f-242d-4e30-88fa-eba0b7eeecc5,v2525,Maxwell@display=pairwise
v3583,v3583,1032350e-f02d-40d9-8fe8-0a7feb5fc808,v2525,Maxwell@display=pairwise
v3583,v3583,0b4069bf-814c-4e56-bd46-d37b8f058ea5,v2525,Maxwell@display=pairwise
v3583,v3583,847d79d3-f147-41e8-91ea-6097016d7bb0,v2525,Maxwell@display=pairwise
v3583,v3583,87e8a297-f718-4c2c-b36e-ad49b5f87820,v2525,Maxwell@display=pairwise
v3583,v3583,15187a17-10c3-4501-b4fd-190e9264fb64,v2525,Maxwell@display=pairwise
v2083,v0529,f5eb8f70-1505-4e2f-a663-e4ee7192909b,v2083,Maxwell@display=pairwise
v2083,v0529,dad34959-38f2-4967-9f4e-180f5fdb8888,v2083,Maxwell@display=pairwise
v2083,v2083,52b1311f-d563-4bed-8528-b0a80a845ed3,v0529,Maxwell@display=pairwise
v2083,v2083,cabe6903-7b7e-4c1a-b661-958c6fa61429,v0529,Maxwell@display=pairwise
v2083,v2083,c2e135df-30eb-46ef-95b2-80bff450c273,v0529,Maxwell@display=pairwise
v2083,v2083,18dda76c-d54a-40a2-9768-d2dc4378804e,v0529,Maxwell@display=pairwise
v2083,v0529,d0ad4187-7811-434d-a93d-afbb3b6b1ad7,v2083,Maxwell@display=pairwise
v0529,v2083,690c2e17-352c-4b13-88ff-f1e031cfec7e,v0529,Maxwell@display=pairwise
v2083,v2083,d5eb3ad8-a6f8-4d74-bc5b-9937bb2277b4,v0529,Maxwell@display=pairwise
v2083,v2083,c49821d5-18a2-4c47-912d-5e29660b0b92,v0529,Maxwell@display=pairwise
v3175,v2828,f5eb8f70-1505-4e2f-a663-e4ee7192909b,v3175,Maxwell@display=pairwise
v3175,v3175,68f9fc6d-5215-4fa5-b428-049b8066252a,v2828,Maxwell@display=pairwise
v3175,v2828,c3da73c8-c221-4822-b9db-e6a75018931f,v3175,Maxwell@display=pairwise
,v2828,badc275d-8c39-4e6d-9416-b53dc225505f,v3175,Maxwell@display=pairwise
v2828,v2828,027d3766-10fa-4410-bda9-dfabae5b973f,v3175,Maxwell@display=pairwise
v2828,v2828,d83aba4d-3e51-4ba3-9f02-e7119f127b9e,v3175,Maxwell@display=pairwise
v2828,v3175,379768c0-f55e-4655-bf28-0d6c6b75c288,v2828,Maxwell@display=pairwise
,v3175,9ede4d3e-ee31-4bd1-980a-75ced4a17656,v2828,Maxwell@display=pairwise
v3175,v3175,aaf15379-dfc5-4aed-89dd-6e94974e28c8,v2828,Maxwell@display=pairwise
v4235,v0886,f5eb8f70-1505-4e2f-a663-e4ee7192909b,v4235,Maxwell@display=pairwise
v4235,v0886,1ab3015c-2a18-4a9c-9842-14c3cab722d7,v4235,Maxwell@display=pairwise
v4235,v0886,c029e6d3-d6b1-4306-9c7c-78ebbcbcad9b,v4235,Maxwell@display=pairwise
,v0886,badc275d-8c39-4e6d-9416-b53dc225505f,v4235,Maxwell@display=pairwise
v4235,v0886,f8e4c74f-c2a6-462b-9197-a7c8c31317ac,v4235,Maxwell@display=pairwise
v4235,v4235,e07bb13d-8d71-400d-8aee-9277fb8773d2,v0886,Maxwell@display=pairwise
v0886,v4235,90741ce5-a5d8-4430-8051-715ff3ef5e49,v0886,Maxwell@display=pairwise
v4235,v4235,ca5e860d-cf4b-4c4a-bac3-1b0cd8646b53,v0886,Maxwell@display=pairwise
v4235,v0886,4532ad54-b06d-4086-9aee-ff09a9391a08,v4235,Maxwell@display=pairwise
v4235,v0886,fa6e8487-24cc-4eaf-a6da-de0bb42be6ff,v4235,Maxwell@display=pairwise
,v0328,f5eb8f70-1505-4e2f-a663-e4ee7192909b,v0824,Maxwell@display=pairwise
v0824,v0328,34739ea5-3239-4633-8c9d-4d1e70eb376d,v0824,Maxwell@display=pairwise
v0824,v0824,e482d7ac-4b6f-4cff-b1d2-3e634bf5c721,v0328,Maxwell@display=pairwise
v0328,v0328,e7003b82-7f53-47ce-b372-430970be62d0,v0824,Maxwell@display=pairwise
,v0328,19da1622-4523-4766-8ee2-c68a94aba13f,v0824,Maxwell@display=pairwise
v0824,v0824,a9bb321a-d4be-4f8e-aef5-0cdce93dd51c,v0328,Maxwell@display=pairwise
,v0328,2ca645a6-7ef0-4fc3-9abd-cf3501109eae,v0824,Maxwell@display=pairwise
,v0824,b33fcfb9-4483-464b-9fa3-2fd815d1577a,v0328,Maxwell@display=pairwise
,v0824,31e59e7f-acc9-48fd-8a2b-bf0096731a49,v0328,Maxwell@display=pairwise
,v0886,f5eb8f70-1505-4e2f-a663-e4ee7192909b,v2525,Maxwell@display=pairwise
v0886,v2525,586bb006-6a93-4927-ae5a-9b4956bceaa8,v0886,Maxwell@display=pairwise
v2525,v2525,91b93af1-fc38-4f56-bd97-9f14882417a4,v0886,Maxwell@display=pairwise
v2525,v0886,5b7941b2-f536-4d14-bc56-02d70068e6a3,v2525,Maxwell@display=pairwise
,v2525,ad2df09c-dcb5-4037-8441-c9c5b43a26e0,v0886,Maxwell@display=pairwise
v0886,v0886,f1338919-3049-404e-9297-43ad044caf39,v2525,Maxwell@display=pairwise
v0886,v0886,cea10608-7dfd-4bf7-bf4e-af4e8d7dac5e,v2525,Maxwell@display=pairwise
v0886,v2525,1ac54074-3b46-420d-be1a-9370fec2a3d9,v0886,Maxwell@display=pairwise
v2525,v0886,10b74529-4728-4409-849d-3c0d908d3219,v2525,Maxwell@display=pairwise
v1477,v1477,c12316ba-19d8-4db6-aa66-b424906ea895,v0529,Maxwell@display=pairwise
v1477,v1477,13a84fc5-c897-4808-819d-21fe4ef9dffc,v0529,Maxwell@display=pairwise
v0529,v0529,3a23769b-fdcf-4dd6-b967-a8640412a76e,v1477,Maxwell@display=pairwise
v0529,v1477,a0a0bd53-c6ee-48c3-8d0d-7094f991b6c5,v0529,Maxwell@display=pairwise
v0529,v0529,0ffc9aa5-c779-44ce-acc6-ab9cc92a02fb,v1477,Maxwell@display=pairwise
v1477,v0529,5e14c80c-d87f-446e-9e94-80c9c0a62c3b,v1477,Maxwell@display=pairwise
v0529,v1477,0dfde53f-a1c3-4854-9c02-3e41d9086ece,v0529,Maxwell@display=pairwise
,v1477,edc7f90b-f3f0-4de1-a315-0e649efdbd0d,v0529,Maxwell@display=pairwise
,v0529,7c88f5ac-1415-4be3-a73f-f6eb914391f9,v1477,Maxwell@display=pairwise
v1190,v3555,c12316ba-19d8-4db6-aa66-b424906ea895,v1190,Maxwell@display=pairwise
v1190,v3555,31d01651-40ee-49ee-8266-1aee63461887,v1190,Maxwell@display=pairwise
v3555,v1190,99d92158-abae-45a9-b49b-737ab2119fa3,v3555,Maxwell@display=pairwise
v3555,v3555,44c0fd3d-af09-4205-a670-7c5ca7f9e4bd,v1190,Maxwell@display=pairwise
v3555,v3555,37e2fd1c-8e32-4deb-bec9-a4ed41c99e10,v1190,Maxwell@display=pairwise
v1190,v1190,6d1409b9-6033-42e4-aa64-cd28900b3b16,v3555,Maxwell@display=pairwise
v3555,v3555,2168499d-6438-474d-96fc-7346737ee935,v1190,Maxwell@display=pairwise
v3555,v3555,67159434-83bd-4d1a-aaa8-379718f13f27,v1190,Maxwell@display=pairwise
v3555,v3555,fa6e8487-24cc-4eaf-a6da-de0bb42be6ff,v1190,Maxwell@display=pairwise
v3583,v3583,08acb1cc-935b-4495-af50-070631f21ee8,v4166,Maxwell@display=pairwise
v4166,v3583,31ddaa13-1309-4d47-b0ea-75b020268f37,v4166,Maxwell@display=pairwise
v4166,v3583,9854f14d-4021-4f1b-80e7-36a684ed2e92,v4166,Maxwell@display=pairwise
v4166,v4166,3a23769b-fdcf-4dd6-b967-a8640412a76e,v3583,Maxwell@display=pairwise
v3583,v4166,5bb3993d-a33e-4c46-b25a-22c22b9ad7a0,v3583,Maxwell@display=pairwise
v3583,v3583,027d3766-10fa-4410-bda9-dfabae5b973f,v4166,Maxwell@display=pairwise
v3583,v3583,14ec1f3e-c047-4d13-a2d6-76da32d9ed62,v4166,Maxwell@display=pairwise
v4166,v3583,9b4634c9-30c1-4725-8f52-815faf943025,v4166,Maxwell@display=pairwise
v4166,v4166,992cc7e1-caa5-4e29-9a5c-8107bae22aaa,v3583,Maxwell@display=pairwise
v3583,v3583,36c5c8c0-5e83-47ea-8f74-af418783618a,v4166,Maxwell@display=pairwise
v2083,v2889,08acb1cc-935b-4495-af50-070631f21ee8,v2083,Maxwell@display=pairwise
v2083,v2889,047e4203-0585-4d9b-9859-1744b143e682,v2083,Maxwell@display=pairwise
v2889,v2889,11bb2619-b3e8-49bd-99e6-dbd83100c5be,v2083,Maxwell@display=pairwise
v2889,v2083,48990368-f0c8-46e1-9f8b-61fbaec1f893,v2889,Maxwell@display=pairwise
v2889,v2889,6a7b1dd4-b79f-4017-b161-b8de06e3d2b9,v2083,Maxwell@display=pairwise
v2083,v2083,95a7cc06-df48-4cae-9aec-7e23717e0f71,v2889,Maxwell@display=pairwise
v2889,v2083,d698118d-3476-42e2-bac5-157c43bff05b,v2889,Maxwell@display=pairwise
v2083,v2083,1f073ed6-cf9c-4eed-aa27-85dfc3f34f60,v2889,Maxwell@display=pairwise
,v2083,dd67b30b-2e2b-44b0-a821-5ef9f5daaeeb,v2889,Maxwell@display=pairwise
v3355,v3355,08acb1cc-935b-4495-af50-070631f21ee8,v2513,Maxwell@display=pairwise
v3355,v3355,8f373fcb-9f72-4cee-a804-75fa3cb722cd,v2513,Maxwell@display=pairwise
v3355,v3355,912ff3ea-9faf-4081-b27b-1ba77372b348,v2513,Maxwell@display=pairwise
v2513,v3355,ab45a492-e076-489d-bd8f-39251a92f0ab,v2513,Maxwell@display=pairwise
,v2513,e5e845a9-bf60-41fc-9ab7-f2ab3172c82f,v3355,Maxwell@display=pairwise
v3355,v2513,4ea0873d-96ee-486c-bb32-18129db248af,v3355,Maxwell@display=pairwise
v3355,v3355,c4def5d3-8498-4453-9086-653e4184d2c1,v2513,Maxwell@display=pairwise
v2513,v3355,e62d391b-52e4-4739-89b0-d8fe6a07ce47,v2513,Maxwell@display=pairwise
v3355,v3355,2b8c1e14-fdc9-4c52-a214-1887ac95a9ba,v2513,Maxwell@display=pairwise
v1984,v1859,08acb1cc-935b-4495-af50-070631f21ee8,v1984,Maxwell@display=pairwise
v1859,v1984,c029e6d3-d6b1-4306-9c7c-78ebbcbcad9b,v1859,Maxwell@display=pairwise
v1859,v1859,11b57023-0038-4da7-9328-34ce0bd22606,v1984,Maxwell@display=pairwise
v1859,v1984,027d3766-10fa-4410-bda9-dfabae5b973f,v1859,Maxwell@display=pairwise
v1859,v1984,e6140e2f-9de4-4f2e-b088-2ec9c3c33c4f,v1859,Maxwell@display=pairwise
v1859,v1984,92b315aa-c3d8-4ac2-8c1c-aba2f5a7b6d9,v1859,Maxwell@display=pairwise
v1859,v1984,4c75cd1d-1d5e-4d97-80cf-a2848cbdb688,v1859,Maxwell@display=pairwise
v1859,v1984,4c75cd1d-1d5e-4d97-80cf-a2848cbdb688,v1859,Maxwell@display=pairwise
v1859,v1984,77f10c27-943f-4d00-aeb6-e59251587929,v1859,Maxwell@display=pairwise
v2635,v2635,08acb1cc-935b-4495-af50-070631f21ee8,v1397,Maxwell@display=pairwise
v2635,v1397,4727324f-737a-4ff6-9d12-84ae58106891,v2635,Maxwell@display=pairwise
v1397,v2635,9185b4f4-7b4c-4c14-a224-c258d06bfa75,v1397,Maxwell@display=pairwise
v2635,v2635,8a3343fa-29bf-4b98-87d2-10dba3c9ce8f,v1397,Maxwell@display=pairwise
v2635,v2635,c6a5f67c-5e3c-447c-8dd4-cf7aa57bb617,v1397,Maxwell@display=pairwise
v2635,v1397,b37cf829-f3ab-45f0-b043-f1ab634e7a57,v2635,Maxwell@display=pairwise
v2635,v1397,379768c0-f55e-4655-bf28-0d6c6b75c288,v2635,Maxwell@display=pairwise
v1397,v1397,d94bd8df-f652-447c-ac56-476a6b31f32b,v2635,Maxwell@display=pairwise
,v1397,284eb320-ce3d-48b3-99f0-b07eda1cc7ed,v2635,Maxwell@display=pairwise
v2635,v1397,77f10c27-943f-4d00-aeb6-e59251587929,v2635,Maxwell@display=pairwise
v2828,v3740,dad34959-38f2-4967-9f4e-180f5fdb8888,v2828,Maxwell@display=pairwise
v3740,v3740,203b013a-c242-47ba-89dd-a2c609192d10,v2828,Maxwell@display=pairwise
v3740,v3740,43641f2c-9c5f-4450-a8d2-51e7dde0ec97,v2828,Maxwell@display=pairwise
v3740,v2828,d67a763c-3129-46e5-8a1c-450bff6ca19d,v3740,Maxwell@display=pairwise
v2828,v2828,5b7941b2-f536-4d14-bc56-02d70068e6a3,v3740,Maxwell@display=pairwise
v3740,v2828,d0ad4187-7811-434d-a93d-afbb3b6b1ad7,v3740,Maxwell@display=pairwise
v2828,v3740,4150d97c-eefc-4853-8768-c3caf08a8bcc,v2828,Maxwell@display=pairwise
v2828,v2828,9a673f7a-20b3-401d-980f-38b0c8fc3b45,v3740,Maxwell@display=pairwise
v2828,v3740,4532ad54-b06d-4086-9aee-ff09a9391a08,v2828,Maxwell@display=pairwise
v3740,v2828,36c5c8c0-5e83-47ea-8f74-af418783618a,v3740,Maxwell@display=pairwise
v2083,v0314,dad34959-38f2-4967-9f4e-180f5fdb8888,v2083,Maxwell@display=pairwise
v2083,v2083,097c523a-37c9-4814-a386-171e6d920ead,v0314,Maxwell@display=pairwise
v2083,v2083,acccac54-c658-4a6d-b128-1acee477e62e,v0314,Maxwell@display=pairwise
v2083,v2083,f946f0a6-ea75-4cea-809a-e6d88d5c053d,v0314,Maxwell@display=pairwise
v0314,v2083,584b7635-9a3b-4a46-9127-652bab8ab045,v0314,Maxwell@display=pairwise
v2083,v2083,720d1aa0-a9e3-4836-9efe-1ef960d71e0e,v0314,Maxwell@display=pairwise
v2083,v2083,9b4634c9-30c1-4725-8f52-815faf943025,v0314,Maxwell@display=pairwise
v2083,v2083,992cc7e1-caa5-4e29-9a5c-8107bae22aaa,v0314,Maxwell@display=pairwise
v0314,v0314,bf5b1043-3619-4e4e-8dd0-75a645dbd419,v2083,Maxwell@display=pairwise
v4034,v3740,dad34959-38f2-4967-9f4e-180f5fdb8888,v4034,Maxwell@display=pairwise
v4034,v4034,14683b3e-6dfe-4a10-8db1-20dfd0dd5f20,v3740,Maxwell@display=pairwise
v4034,v3740,1ca99ba4-be7c-4a95-a57a-0005144b2eca,v4034,Maxwell@display=pairwise
v4034,v3740,a9bb321a-d4be-4f8e-aef5-0cdce93dd51c,v4034,Maxwell@display=pairwise
v4034,v3740,723ecde4-3695-4235-afdf-bb230a3f2707,v4034,Maxwell@display=pairwise
v3740,v3740,8d7947e2-f6a6-48dd-93ff-f4ec519e9f67,v4034,Maxwell@display=pairwise
v4034,v4034,c4def5d3-8498-4453-9086-653e4184d2c1,v3740,Maxwell@display=pairwise
v4034,v4034,8495c523-2b4b-49a1-86b4-5210ff9e0038,v3740,Maxwell@display=pairwise
v4034,v3740,ff5bd754-d1d5-47d5-8cdd-ba09f18067ba,v4034,Maxwell@display=pairwise
v2525,v2525,afb40d45-bed5-4152-bfe2-7fce395f5e35,v0162,Maxwell@display=pairwise
v2525,v0162,4b9764d8-3888-4dad-a4b1-b554f50cd991,v2525,Maxwell@display=pairwise
v2525,v2525,298bd5e1-5cb8-4d9b-b7a7-2d7fcac00e91,v0162,Maxwell@display=pairwise
v2525,v0162,4102f50c-9bd0-46b1-a432-2abc3ac76044,v2525,Maxwell@display=pairwise
v2525,v0162,dad34959-38f2-4967-9f4e-180f5fdb8888,v2525,Maxwell@display=pairwise
v2525,v2525,e17e2dcf-3979-4b09-8713-28d55d90138b,v0162,Maxwell@display=pairwise
v2525,v0162,e4076421-c718-4550-a279-71b8f41de5fd,v2525,Maxwell@display=pairwise
v2525,v0162,4b9764d8-3888-4dad-a4b1-b554f50cd991,v2525,Maxwell@display=pairwise
v2525,v2525,7777504d-190e-4865-ab1d-44476ebb48d1,v0162,Maxwell@display=pairwise
v2525,v0162,4532ad54-b06d-4086-9aee-ff09a9391a08,v2525,Maxwell@display=pairwise
v2635,v2635,b8ec5d7b-dc37-4949-b5af-d89363f49439,v0314,Maxwell@display=pairwise
v2635,v2635,097c523a-37c9-4814-a386-171e6d920ead,v0314,Maxwell@display=pairwise
v2635,v0314,724c60ae-6aa6-4024-bb86-11ee7b7b8770,v2635,Maxwell@display=pairwise
v2635,v0314,584b7635-9a3b-4a46-9127-652bab8ab045,v2635,Maxwell@display=pairwise
v0314,v0314,dc8279b9-0d8c-454c-b75d-13d31c30843d,v2635,Maxwell@display=pairwise
v2635,v2635,7777504d-190e-4865-ab1d-44476ebb48d1,v0314,Maxwell@display=pairwise
,v0314,e2414b46-7c69-407b-9c61-a18878f36403,v2635,Maxwell@display=pairwise
v2635,v2635,8290678e-1f94-4619-af71-aa8892a717fa,v0314,Maxwell@display=pairwise
v2635,v0314,2dfbfbc1-0480-4959-a667-9ccd54f1060e,v2635,Maxwell@display=pairwise
v4537,v4537,b8ec5d7b-dc37-4949-b5af-d89363f49439,v0094,Maxwell@display=pairwise
v4537,v4537,f23b459c-43f2-43ba-9fd1-78fd48cf833e,v0094,Maxwell@display=pairwise
v4537,v4537,83d505a2-2b0d-4ae8-8f57-e375dcc387ac,v0094,Maxwell@display=pairwise
v4537,v0094,284eb320-ce3d-48b3-99f0-b07eda1cc7ed,v4537,Maxwell@display=pairwise
v4537,v0094,d46aa3cf-4905-4b5d-af67-028746a98435,v4537,Maxwell@display=pairwise
v4537,v0094,4c75cd1d-1d5e-4d97-80cf-a2848cbdb688,v4537,Maxwell@display=pairwise
v4537,v0094,335527d0-7d2d-491b-a6e2-4c92ce9b4edc,v4537,Maxwell@display=pairwise
v4537,v4537,c760ddd8-8c12-4220-8cc5-204af2fa789c,v0094,Maxwell@display=pairwise
v4537,v0094,30561a52-ca51-4d8f-9ce6-1b9e376ebb6b,v4537,Maxwell@display=pairwise
v4537,v0094,f020e26d-309c-4394-81bf-7db2f467bc8e,v4537,Maxwell@display=pairwise
v3065,v3065,b8ec5d7b-dc37-4949-b5af-d89363f49439,v2889,Maxwell@display=pairwise
v3065,v3065,19d8041f-78dc-4148-92f4-1190481c0358,v2889,Maxwell@display=pairwise
v2889,v2889,8c5659b8-fe6f-4539-911f-1647d4975226,v3065,Maxwell@display=pairwise
v3065,v3065,70b41da2-de44-482d-b32a-5aaa4502ce19,v2889,Maxwell@display=pairwise
v2889,v3065,09aa3d60-2327-4a62-a385-c9877f16fa3d,v2889,Maxwell@display=pairwise
,v2889,e07bb13d-8d71-400d-8aee-9277fb8773d2,v3065,Maxwell@display=pairwise
v2889,v3065,0ae52a80-c78b-4022-a6d6-28c3b4f01754,v2889,Maxwell@display=pairwise
v3065,v3065,112054de-a4f8-40be-8531-03283774f811,v2889,Maxwell@display=pairwise
,v2889,da7d4669-ee69-4b69-9548-38fdb95e66a3,v3065,Maxwell@display=pairwise
v0265,v0824,861d34a8-3e75-48a1-85aa-76f71123f8f5,v0265,Maxwell@display=pairwise
v0265,v0265,4e2adbe1-fa03-4f25-a561-baae089d8201,v0824,Maxwell@display=pairwise
v0265,v0824,afa98c8f-110e-4115-a68c-652138e95b5d,v0265,Maxwell@display=pairwise
v0824,v0824,afa98c8f-110e-4115-a68c-652138e95b5d,v0265,Maxwell@display=pairwise
v0824,v0824,382377d1-9207-4945-a189-62ca27420f73,v0265,Maxwell@display=pairwise
v0824,v0824,50b29053-fdd9-4485-920f-42263ca9e9fb,v0265,Maxwell@display=pairwise
v0265,v0824,86ac8bcb-62d0-479c-a775-8d1fbd5ee8c9,v0265,Maxwell@display=pairwise
v0265,v0265,dd67b30b-2e2b-44b0-a821-5ef9f5daaeeb,v0824,Maxwell@display=pairwise
v0265,v0824,7ab27881-57d1-40b8-85da-a40a47dc49c2,v0265,Maxwell@display=pairwise
v0529,v0529,861d34a8-3e75-48a1-85aa-76f71123f8f5,v0530,Maxwell@display=pairwise
,v0529,92b315aa-c3d8-4ac2-8c1c-aba2f5a7b6d9,v0530,Maxwell@display=pairwise
,v0529,284eb320-ce3d-48b3-99f0-b07eda1cc7ed,v0530,Maxwell@display=pairwise
v0530,v0529,adfa0ec8-adeb-4eaf-8546-02e73a887224,v0530,Maxwell@display=pairwise
v0530,v0530,adfa0ec8-adeb-4eaf-8546-02e73a887224,v0529,Maxwell@display=pairwise
v0530,v0530,adfa0ec8-adeb-4eaf-8546-02e73a887224,v0529,Maxwell@display=pairwise
v0529,v0529,335527d0-7d2d-491b-a6e2-4c92ce9b4edc,v0530,Maxwell@display=pairwise
,v0530,0c8ca1c9-aaa4-495b-a350-de53a2de024b,v0529,Maxwell@display=pairwise
v0529,v0530,712ea676-4242-48ad-8b1c-1851c5c289ec,v0529,Maxwell@display=pairwise
v2635,v2635,3e5c0176-3c63-4689-bd8c-9948528b47de,v0094,Maxwell@display=pairwise
v2635,v0094,b4411156-dc52-435d-8f93-765287d11fea,v2635,Maxwell@display=pairwise
v2635,v2635,de4830fb-a55e-481e-972c-e8cd68d4cf25,v0094,Maxwell@display=pairwise
v2635,v0094,83d505a2-2b0d-4ae8-8f57-e375dcc387ac,v2635,Maxwell@display=pairwise
v2635,v0094,0fe8a7e1-5dbc-4a2b-b956-4e18128d5353,v2635,Maxwell@display=pairwise
v2635,v0094,c2e135df-30eb-46ef-95b2-80bff450c273,v2635,Maxwell@display=pairwise
v2635,v2635,d5a0fb87-aa9c-42e7-8db5-0c41338699d2,v0094,Maxwell@display=pairwise
v2635,v2635,fd639556-f319-4397-9f9e-2d8827de7111,v0094,Maxwell@display=pairwise
v2635,v0094,b81d92ba-8124-4bce-949c-8d5b226bc693,v2635,Maxwell@display=pairwise
v2635,v2635,c49821d5-18a2-4c47-912d-5e29660b0b92,v0094,Maxwell@display=pairwise
v1190,v1190,3e5c0176-3c63-4689-bd8c-9948528b47de,v0530,Maxwell@display=pairwise
v1190,v1190,1ca99ba4-be7c-4a95-a57a-0005144b2eca,v0530,Maxwell@display=pairwise
v1190,v0530,4a4cda64-e09d-474d-abba-3cd33d2a4778,v1190,Maxwell@display=pairwise
v1190,v1190,76f3d336-52fa-4304-9eda-8f30f1fe4b75,v0530,Maxwell@display=pairwise
v1190,v1190,57c5b042-79d7-4bb7-8714-5d3808c5cd0e,v0530,Maxwell@display=pairwise
v0530,v0530,f8e4c74f-c2a6-462b-9197-a7c8c31317ac,v1190,Maxwell@display=pairwise
v1190,v0530,d0ad4187-7811-434d-a93d-afbb3b6b1ad7,v1190,Maxwell@display=pairwise
v1190,v0530,bab736be-b6c3-4a0a-8930-23ed65f562f2,v1190,Maxwell@display=pairwise
v1190,v0530,723aa930-ec56-4066-ae75-7504ed46fa1e,v1190,Maxwell@display=pairwise
v4097,v1190,3e5c0176-3c63-4689-bd8c-9948528b47de,v4097,Maxwell@display=pairwise
v4097,v4097,f70aaa7a-e3fb-4755-83d7-172c47cfed0b,v1190,Maxwell@display=pairwise
v4097,v4097,99d92158-abae-45a9-b49b-737ab2119fa3,v1190,Maxwell@display=pairwise
v4097,v1190,148f22ba-ed8e-4f96-827b-2afb9db9e1d3,v4097,Maxwell@display=pairwise
v4097,v1190,b3fd58a0-de51-4535-89b9-5c4e67110491,v4097,Maxwell@display=pairwise
v1190,v1190,95a7cc06-df48-4cae-9aec-7e23717e0f71,v4097,Maxwell@display=pairwise
v4097,v4097,184ea99b-88b2-410a-8041-f9980509d0f3,v1190,Maxwell@display=pairwise
v4097,v1190,178c8651-5570-4a73-b49a-7a93daf21ea4,v4097,Maxwell@display=pairwise
,v1190,1581d9ba-baf0-47a6-9d2b-56bf103d5193,v4097,Maxwell@display=pairwise
v4097,v1190,723aa930-ec56-4066-ae75-7504ed46fa1e,v4097,Maxwell@display=pairwise
v4537,v1703,3e5c0176-3c63-4689-bd8c-9948528b47de,v4537,Maxwell@display=pairwise
v4537,v4537,73a3dcd6-df5c-4cb9-b01e-8842ddc7f7d0,v1703,Maxwell@display=pairwise
v4537,v4537,31ddaa13-1309-4d47-b0ea-75b020268f37,v1703,Maxwell@display=pairwise
v4537,v1703,9e47a2e5-5fc3-4025-8538-85d5dc4d1152,v4537,Maxwell@display=pairwise
,v4537,a3325c83-0a68-4363-ba47-16edb8edbff7,v1703,Maxwell@display=pairwise
v4537,v4537,aa873e42-f4c4-4b06-8b86-c8d47ffd4b9a,v1703,Maxwell@display=pairwise
v4537,v1703,a0f1f4c5-8d22-403c-a1e7-b9c24cc01c54,v4537,Maxwell@display=pairwise
v4537,v4537,7364c455-72c0-4ba7-bd80-b8277ed5fa61,v1703,Maxwell@display=pairwise
v4537,v1703,87cd4023-a010-48bb-9894-889f68df299a,v4537,Maxwell@display=pairwise
v4537,v1703,86a98c74-45fb-4cdf-a662-a12e8b733a2b,v4537,Maxwell@display=pairwise
v2519,v2828,bc760378-ddd6-4614-a376-7a3c39de225e,v2519,Maxwell@display=pairwise
v2519,v2519,c942376b-0080-4a53-825b-8c8974c18262,v2828,Maxwell@display=pairwise
v2519,v2519,8fd99fd1-3906-4e88-b6fb-6c1db6831a82,v2828,Maxwell@display=pairwise
v2519,v2519,1f8bd8c6-3318-40af-a7a4-5f919048341c,v2828,Maxwell@display=pairwise
,v2519,d0c823c4-c423-43a3-96bb-7f91f3fd8621,v2828,Maxwell@display=pairwise
v2519,v2519,d4eabb9c-6f17-472b-ade4-3caa69edc47f,v2828,Maxwell@display=pairwise
v2519,v2519,50b29053-fdd9-4485-920f-42263ca9e9fb,v2828,Maxwell@display=pairwise
v2519,v2519,a64e5ec2-6369-44d6-b203-264f818abe72,v2828,Maxwell@display=pairwise
,v2519,01aa3ef5-bb24-4ab5-b3ff-0a4149e4a304,v2828,Maxwell@display=pairwise
v2519,v2828,b4411156-dc52-435d-8f93-765287d11fea,v2519,Maxwell@display=pairwise
v2181,v3065,b4411156-dc52-435d-8f93-765287d11fea,v2181,Maxwell@display=pairwise
v3065,v2181,f703c144-8fe7-4731-ad56-faff59588dbe,v3065,Maxwell@display=pairwise
,v2181,7007cb66-6248-4ffb-9d99-061a7a2b9859,v3065,Maxwell@display=pairwise
v2181,v3065,cabe6903-7b7e-4c1a-b661-958c6fa61429,v2181,Maxwell@display=pairwise
v2181,v2181,07a3654d-ca98-438e-b300-d0ee18dcb45f,v3065,Maxwell@display=pairwise
v2181,v3065,2b257334-db97-4865-a3f7-4c4f89b0b221,v2181,Maxwell@display=pairwise
v2181,v3065,13876ad3-4e97-4915-be68-f5a26055772b,v2181,Maxwell@display=pairwise
v2181,v3065,b0a5e289-dfa4-4711-82d4-37068f8fbd93,v2181,Maxwell@display=pairwise
v2181,v3065,5f5c5157-bc4e-4779-9793-2661ff057066,v2181,Maxwell@display=pairwise
v2419,v0886,b4411156-dc52-435d-8f93-765287d11fea,v2419,Maxwell@display=pairwise
v0886,v0886,9e20e9ee-4c12-4160-ac86-23aa6338231c,v2419,Maxwell@display=pairwise
v2419,v2419,2820937d-b7de-4dec-b6c1-1e205b50f8a0,v0886,Maxwell@display=pairwise
v0886,v0886,2886de17-6865-4f59-8f24-9afbd87a36af,v2419,Maxwell@display=pairwise
,v0886,bb58be60-dfb8-4e62-af7d-b508d07dce9c,v2419,Maxwell@display=pairwise
v0886,v0886,58cd42ca-ab8e-42e2-b642-894b9b5a51b9,v2419,Maxwell@display=pairwise
v2419,v2419,720d1aa0-a9e3-4836-9efe-1ef960d71e0e,v0886,Maxwell@display=pairwise
v2419,v2419,ff5bd754-d1d5-47d5-8cdd-ba09f18067ba,v0886,Maxwell@display=pairwise
v2419,v2419,601526eb-3031-4f1f-9986-21b3aba14da1,v0886,Maxwell@display=pairwise
v3065,v4048,b4411156-dc52-435d-8f93-765287d11fea,v3065,Maxwell@display=pairwise
v4048,v4048,352bfce1-aa96-44d6-967b-eafa128efab4,v3065,Maxwell@display=pairwise
v4048,v3065,11b57023-0038-4da7-9328-34ce0bd22606,v4048,Maxwell@display=pairwise
v4048,v4048,9a13acb4-7038-4936-8528-49b8f8676860,v3065,Maxwell@display=pairwise
v4048,v4048,9aac4b2a-3c36-47d6-b244-1cda70ad1743,v3065,Maxwell@display=pairwise
v4048,v3065,1c633216-85cf-4854-b853-de600421a67d,v4048,Maxwell@display=pairwise
v4048,v3065,012e7cd7-0094-41da-8b41-78a70aca8f4d,v4048,Maxwell@display=pairwise
v3065,v4048,9a1954b1-10f1-4709-bae2-faaa266102f5,v3065,Maxwell@display=pairwise
v4048,v3065,b8c63c99-2a85-402e-a74a-1969eeefd861,v4048,Maxwell@display=pairwise
v1373,v0824,b4411156-dc52-435d-8f93-765287d11fea,v1373,Maxwell@display=pairwise
v0824,v1373,c029e6d3-d6b1-4306-9c7c-78ebbcbcad9b,v0824,Maxwell@display=pairwise
v0824,v1373,62182adc-a9e3-409b-94a5-c4c180d9f3b7,v0824,Maxwell@display=pairwise
,v0824,3edabbb6-39e3-4150-a866-31860248b085,v1373,Maxwell@display=pairwise
v0824,v0824,d89cf878-af30-4d2e-82be-a3486412cde9,v1373,Maxwell@display=pairwise
v1373,v0824,065a8b4f-3767-4764-a1c4-2297a63ea309,v1373,Maxwell@display=pairwise
v1373,v1373,b6d8df5e-5610-473b-bd40-79fdcdfbdcdd,v0824,Maxwell@display=pairwise
v1373,v0824,c239ae1a-841e-4d54-a08c-d85c41ac1c6f,v1373,Maxwell@display=pairwise
v0824,v1373,aaf15379-dfc5-4aed-89dd-6e94974e28c8,v0824,Maxwell@display=pairwise
v1373,v1373,a9591a8a-3147-43f9-969a-2603ca967f9e,v0824,Maxwell@display=pairwise
v1859,v1447,b4411156-dc52-435d-8f93-765287d11fea,v1859,Maxwell@display=pairwise
v1447,v1447,d509e766-711c-4b31-97e2-89235a971fe1,v1859,Maxwell@display=pairwise
v1859,v1859,3ae23a3a-cf84-443a-bd7a-188731da4225,v1447,Maxwell@display=pairwise
v1859,v1447,b023edb0-5491-44a1-bacb-34942899fb86,v1859,Maxwell@display=pairwise
v1859,v1859,66d5d376-d4b4-43f4-be21-1b386fd32966,v1447,Maxwell@display=pairwise
,v1859,0ae52a80-c78b-4022-a6d6-28c3b4f01754,v1447,Maxwell@display=pairwise
v1447,v1859,35a5fd4a-c3d1-456f-81f3-f5489dcf64c7,v1447,Maxwell@display=pairwise
,v1859,e42b4bc8-b2f0-4389-a27e-dbe89657a412,v1447,Maxwell@display=pairwise
v1859,v1859,7ab27881-57d1-40b8-85da-a40a47dc49c2,v1447,Maxwell@display=pairwise
v4537,v4537,6f34e67f-bb9c-486b-9ef7-b440454de895,v2889,Maxwell@display=pairwise
v4537,v4537,40769eac-f52a-479a-a451-81b241a88f64,v2889,Maxwell@display=pairwise
v4537,v4537,ad2df09c-dcb5-4037-8441-c9c5b43a26e0,v2889,Maxwell@display=pairwise
v4537,v2889,40769eac-f52a-479a-a451-81b241a88f64,v4537,Maxwell@display=pairwise
v4537,v4537,c4028c28-4dc8-43ed-837f-6a102925f0a7,v2889,Maxwell@display=pairwise
v4537,v4537,f23b459c-43f2-43ba-9fd1-78fd48cf833e,v2889,Maxwell@display=pairwise
v4537,v2889,7eb95ab6-eca8-489b-b426-e9b15a50c9cb,v4537,Maxwell@display=pairwise
v4537,v2889,4102f50c-9bd0-46b1-a432-2abc3ac76044,v4537,Maxwell@display=pairwise
v4537,v2889,4b9764d8-3888-4dad-a4b1-b554f50cd991,v4537,Maxwell@display=pairwise
v4537,v4537,a777eafa-8e0b-4db8-b6d7-e9ef0d7cc236,v2889,Maxwell@display=pairwise
v4048,v4048,40769eac-f52a-479a-a451-81b241a88f64,v1190,Maxwell@display=pairwise
v1190,v1190,f23b459c-43f2-43ba-9fd1-78fd48cf833e,v4048,Maxwell@display=pairwise
v4048,v1190,48f2cfa8-d531-4045-860b-2c824728d65e,v4048,Maxwell@display=pairwise
v1190,v4048,e7003b82-7f53-47ce-b372-430970be62d0,v1190,Maxwell@display=pairwise
v4048,v4048,a9bb321a-d4be-4f8e-aef5-0cdce93dd51c,v1190,Maxwell@display=pairwise
v4048,v4048,c8a8c2c5-cbde-4269-8b36-a3b928ca2d67,v1190,Maxwell@display=pairwise
,v4048,1dee3556-55f2-4afa-9290-ed47655d33bb,v1190,Maxwell@display=pairwise
v4048,v1190,4989c9a7-2a48-4c9b-8088-387d0efcfb45,v4048,Maxwell@display=pairwise
v1190,v4048,35848222-14fa-4e1a-838c-efac9c195ea5,v1190,Maxwell@display=pairwise
,v0314,8dbe2ffd-6f41-43a3-860b-153138fb521f,v1373,Maxwell@display=pairwise
v1373,v1373,2820937d-b7de-4dec-b6c1-1e205b50f8a0,v0314,Maxwell@display=pairwise
,v1373,40769eac-f52a-479a-a451-81b241a88f64,v0314,Maxwell@display=pairwise
v1373,v1373,40769eac-f52a-479a-a451-81b241a88f64,v0314,Maxwell@display=pairwise
v1373,v0314,8dbe2ffd-6f41-43a3-860b-153138fb521f,v1373,Maxwell@display=pairwise
v1373,v0314,379768c0-f55e-4655-bf28-0d6c6b75c288,v1373,Maxwell@display=pairwise
v0314,v0314,ce8b19c4-1057-436f-bb25-a0caf7200f5d,v1373,Maxwell@display=pairwise
v1373,v1373,5a73329b-3ee5-4d38-9a02-8e7a17f87252,v0314,Maxwell@display=pairwise
,v0314,badc275d-8c39-4e6d-9416-b53dc225505f,v1373,Maxwell@display=pairwise
,v1373,6d1409b9-6033-42e4-aa64-cd28900b3b16,v0314,Maxwell@display=pairwise
v3065,v1984,40769eac-f52a-479a-a451-81b241a88f64,v3065,Maxwell@display=pairwise
v1984,v3065,f23b459c-43f2-43ba-9fd1-78fd48cf833e,v1984,Maxwell@display=pairwise
v1984,v3065,a64e5ec2-6369-44d6-b203-264f818abe72,v1984,Maxwell@display=pairwise
v1984,v3065,47057ac9-d439-4fab-985e-0d08a0ad2903,v1984,Maxwell@display=pairwise
v1984,v3065,3d6a7a0d-a5fb-4cec-a5e2-3fe1b81d04db,v1984,Maxwell@display=pairwise
,v3065,0f9366f9-fade-450c-be0e-0ebb4444aece,v1984,Maxwell@display=pairwise
v1984,v3065,2987197e-d01c-46fa-bfae-419ca1a44316,v1984,Maxwell@display=pairwise
v1984,v1984,720d1aa0-a9e3-4836-9efe-1ef960d71e0e,v3065,Maxwell@display=pairwise
v1984,v3065,a4495c73-1fd9-49f1-b09f-2185ce15ede4,v1984,Maxwell@display=pairwise
v1984,v3065,c373cb1c-b2ea-40dc-a923-bc767d23c95c,v1984,Maxwell@display=pairwise
v3555,v3555,40769eac-f52a-479a-a451-81b241a88f64,v2513,Maxwell@display=pairwise
v3555,v3555,c632682f-3406-426f-b435-23fd4f4e5aa7,v2513,Maxwell@display=pairwise
v3555,v3555,c632682f-3406-426f-b435-23fd4f4e5aa7,v2513,Maxwell@display=pairwise
v3555,v3555,3fa99ef2-8170-40ac-9c39-165fcfe91a61,v2513,Maxwell@display=pairwise
v3555,v3555,4d41abd8-8939-4aaf-8d9b-3eeaca78e042,v2513,Maxwell@display=pairwise
v3555,v2513,19da1622-4523-4766-8ee2-c68a94aba13f,v3555,Maxwell@display=pairwise
v3555,v3555,f19945e8-447a-46eb-adcc-ff690853c250,v2513,Maxwell@display=pairwise
v3555,v2513,94299678-0cff-4f0a-815f-9ebb17345759,v3555,Maxwell@display=pairwise
v3555,v2513,28078593-bd58-4e49-88f5-c7909b406342,v3555,Maxwell@display=pairwise
v3555,v2513,088c8375-45de-4caf-8da5-b1d72abe0de0,v3555,Maxwell@display=pairwise
v2828,v0530,28487e39-409b-4c7a-9093-c8806b2a099b,v2828,Maxwell@display=pairwise
v2828,v2828,d65d78bc-bda7-45c7-bd68-1dad07bc868d,v0530,Maxwell@display=pairwise
v2828,v2828,14ee958c-cf5c-4714-bd05-bf55d7323f03,v0530,Maxwell@display=pairwise
v2828,v0530,d65d78bc-bda7-45c7-bd68-1dad07bc868d,v2828,Maxwell@display=pairwise
v2828,v0530,d65d78bc-bda7-45c7-bd68-1dad07bc868d,v2828,Maxwell@display=pairwise
v2828,v0530,14ee958c-cf5c-4714-bd05-bf55d7323f03,v2828,Maxwell@display=pairwise
v0530,v2828,d65d78bc-bda7-45c7-bd68-1dad07bc868d,v0530,Maxwell@display=pairwise
v2828,v0530,efc0133f-459a-461e-9f25-75b0716cd70a,v2828,Maxwell@display=pairwise
v0530,v0530,d65d78bc-bda7-45c7-bd68-1dad07bc868d,v2828,Maxwell@display=pairwise
v2828,v2828,85d607b8-66a8-4124-ac51-6a415960d6ff,v0530,Maxwell@display=pairwise
v0530,v0530,e1ce5e37-5e67-453e-aee9-0a6e7cf6b73c,v0328,Maxwell@display=pairwise
,v0530,50e68f35-10c5-4dcd-833e-3680adb69b60,v0328,Maxwell@display=pairwise
v0530,v0530,7321c6b3-7020-45e2-bb9d-2ab101e5c7ae,v0328,Maxwell@display=pairwise
v0530,v0530,49091e64-faa5-49f7-8e9d-a491f64fc35c,v0328,Maxwell@display=pairwise
,v0328,11bdad09-c1dc-4160-a3b3-e74f2d076796,v0530,Maxwell@display=pairwise
v0530,v0328,1486a399-1ff1-4c12-96f9-9ef26a428a72,v0530,Maxwell@display=pairwise
v0530,v0530,e3ebe625-fcf7-470a-91bb-0d08cd37d473,v0328,Maxwell@display=pairwise
,v0328,bcbd73bb-1a96-4b43-b689-5c7986900531,v0530,Maxwell@display=pairwise
v0530,v0328,e776162f-2a46-4b9f-a534-2d38aa9d05c2,v0530,Maxwell@display=pairwise
v0328,v0328,258ea89f-8336-4d05-a59b-7ea1ea457784,v0530,Maxwell@display=pairwise
v4537,v4537,afa98c8f-110e-4115-a68c-652138e95b5d,v0878,Maxwell@display=pairwise
v4537,v4537,60697061-3fc4-4137-9789-63e68e409f11,v0878,Maxwell@display=pairwise
v4537,v0878,b729730b-45b0-4f9e-b3be-4c661741c01b,v4537,Maxwell@display=pairwise
v4537,v0878,054f90cf-2d8c-45ba-acc7-c80038efa44d,v4537,Maxwell@display=pairwise
v4537,v0878,e4076421-c718-4550-a279-71b8f41de5fd,v4537,Maxwell@display=pairwise
v4537,v0878,16741407-ab8f-42d4-a0de-61154fca3785,v4537,Maxwell@display=pairwise
v4537,v4537,de36c471-90c9-4ad1-b5df-404e1caccda4,v0878,Maxwell@display=pairwise
v4537,v4537,11bdad09-c1dc-4160-a3b3-e74f2d076796,v0878,Maxwell@display=pairwise
v4537,v4537,0dfde53f-a1c3-4854-9c02-3e41d9086ece,v0878,Maxwell@display=pairwise
,v0878,e50db2a7-868c-4b82-af9c-456e23753e56,v4537,Maxwell@display=pairwise
,v3292,11bdad09-c1dc-4160-a3b3-e74f2d076796,v3175,Maxwell@display=pairwise
,v3292,ce0e0f0c-7b35-4e39-b905-dc94435761e5,v3175,Maxwell@display=pairwise
v3292,v3175,01f1ebd7-d031-4b6c-9c2b-e6e64c207dbe,v3292,Maxwell@display=pairwise
v3292,v3292,c9e36c3c-b003-43bc-8558-26d476b0a20d,v3175,Maxwell@display=pairwise
,v3175,e9d198a2-2917-43d5-aa8b-88cd19cf45a2,v3292,Maxwell@display=pairwise
,v3292,4c75cd1d-1d5e-4d97-80cf-a2848cbdb688,v3175,Maxwell@display=pairwise
v3292,v3175,4db85d74-0f6b-4231-9f89-f26a362394c5,v3292,Maxwell@display=pairwise
v3292,v3175,b1bb1cd5-b196-4cc9-8e55-a11b14166a3b,v3292,Maxwell@display=pairwise
v3292,v3292,a36304a0-0663-4875-8856-0bae1782c522,v3175,Maxwell@display=pairwise
v3175,v3292,a370270f-41ec-4770-a029-71ceb6225e7b,v3175,Maxwell@display=pairwise
,v0886,11bdad09-c1dc-4160-a3b3-e74f2d076796,v1373,Maxwell@display=pairwise
v0886,v1373,3b59bb46-ea50-46bd-a3a5-16087d174860,v0886,Maxwell@display=pairwise
v0886,v1373,3d6a7a0d-a5fb-4cec-a5e2-3fe1b81d04db,v0886,Maxwell@display=pairwise
v0886,v1373,28674eee-cfc6-4ec4-a2f4-37fee5b5ec93,v0886,Maxwell@display=pairwise
v1373,v0886,f085de64-19bb-4f44-9ae2-2dc5700abca0,v1373,Maxwell@display=pairwise
v0886,v0886,d09c64e0-a2da-48ef-bc62-4b215947cae7,v1373,Maxwell@display=pairwise
v0886,v1373,ced05eb2-a974-4dcf-89fb-bf893f78b6aa,v0886,Maxwell@display=pairwise
v0886,v1373,12af1ee7-72cf-412b-95e3-35dd7ad7d1d6,v0886,Maxwell@display=pairwise
v0886,v1373,3547e3c0-da82-4993-8867-2ae2b4e1f4f7,v0886,Maxwell@display=pairwise
v4511,v4511,11bdad09-c1dc-4160-a3b3-e74f2d076796,v3355,Maxwell@display=pairwise
v4511,v4511,9fde6f43-a5ca-4c47-a344-7575e5370d05,v3355,Maxwell@display=pairwise
v3355,v3355,5d120453-9487-491e-954f-1aa89798fb80,v4511,Maxwell@display=pairwise
v4511,v4511,8ab07bc5-0ee7-4c8d-9e27-22e5c6da8bc1,v3355,Maxwell@display=pairwise
v4511,v4511,f0cc1ae8-38f7-44df-a97b-70cfda024744,v3355,Maxwell@display=pairwise
v4511,v3355,d46aa3cf-4905-4b5d-af67-028746a98435,v4511,Maxwell@display=pairwise
v4511,v4511,bd1d8225-a753-4e92-adc4-0e5e9b328f9b,v3355,Maxwell@display=pairwise
v4511,v3355,30561a52-ca51-4d8f-9ce6-1b9e376ebb6b,v4511,Maxwell@display=pairwise
v3355,v4511,30561a52-ca51-4d8f-9ce6-1b9e376ebb6b,v3355,Maxwell@display=pairwise
v4511,v3355,d39c5247-3bfe-426f-87db-6d7ca30b9f8c,v4511,Maxwell@display=pairwise
v2349,v2525,5440d8e0-a14b-41a3-9cd3-b762fddb4276,v2349,Maxwell@display=pairwise
v2349,v2525,4532ad54-b06d-4086-9aee-ff09a9391a08,v2349,Maxwell@display=pairwise
v2349,v2525,30561a52-ca51-4d8f-9ce6-1b9e376ebb6b,v2349,Maxwell@display=pairwise
v2349,v2525,b1bb1cd5-b196-4cc9-8e55-a11b14166a3b,v2349,Maxwell@display=pairwise
v2349,v2349,b3971b04-db2d-4833-8e3c-75359f5b3cb8,v2525,Maxwell@display=pairwise
v2349,v2349,209cb4b5-da1d-4522-8e51-c7ab4b854165,v2525,Maxwell@display=pairwise
v2349,v2525,8f7e51a3-8852-4682-99c4-de2ab7f8863b,v2349,Maxwell@display=pairwise
v2349,v2349,11bdad09-c1dc-4160-a3b3-e74f2d076796,v2525,Maxwell@display=pairwise
v2349,v2349,1d2fe3ac-663b-4f21-b03e-4a409a53669e,v2525,Maxwell@display=pairwise
v2349,v2349,c9cbf439-dbba-4e14-bc06-61a2951a9521,v2525,Maxwell@display=pairwise
v2635,v0009,65e04b88-b95c-42e6-8ba6-6588703dc773,v2635,Maxwell@display=pairwise
v2635,v0009,e31be515-887d-4ea7-94f6-f82b0cf24a2c,v2635,Maxwell@display=pairwise
v2635,v0009,319e1e2f-e9cf-4981-8ce2-42f5765137f5,v2635,Maxwell@display=pairwise
v2635,v2635,676d136b-aabc-4a63-9157-3a6ddacfd43f,v0009,Maxwell@display=pairwise
v2635,v0009,e17e2dcf-3979-4b09-8713-28d55d90138b,v2635,Maxwell@display=pairwise
,v0009,e9d198a2-2917-43d5-aa8b-88cd19cf45a2,v2635,Maxwell@display=pairwise
v2635,v2635,b729730b-45b0-4f9e-b3be-4c661741c01b,v0009,Maxwell@display=pairwise
v2635,v0009,1044f2df-2216-4864-baa0-ea94b11f6744,v2635,Maxwell@display=pairwise
v0009,v0009,d8c466c5-877b-40b2-b8d8-5cd12c3902b1,v2635,Maxwell@display=pairwise
,v2635,f00b6b27-7f50-4848-9d4f-1c6640f6281b,v0009,Maxwell@display=pairwise
v0824,v0824,65e04b88-b95c-42e6-8ba6-6588703dc773,v0094,Maxwell@display=pairwise
v0824,v0824,24c7bb15-fdc7-448c-96a3-557e772127cd,v0094,Maxwell@display=pairwise
v0824,v0094,9c031cfb-cda8-4869-acc8-11ec9ff4d69f,v0824,Maxwell@display=pairwise
,v0824,2c9a72d6-6d7d-4b0f-a7d4-bb0625c39190,v0094,Maxwell@display=pairwise
,v0824,b678ad4f-2bf3-4079-925c-47a98abb234f,v0094,Maxwell@display=pairwise
v0824,v0824,86ac8bcb-62d0-479c-a775-8d1fbd5ee8c9,v0094,Maxwell@display=pairwise
,v0824,17ba7ccf-cde9-4ecc-92d6-17c706087da2,v0094,Maxwell@display=pairwise
v0824,v0094,b2cf1e5e-8b30-4ac1-8eee-373e05447920,v0824,Maxwell@display=pairwise
,v0094,c7d90a87-a380-46b6-af6f-fad86d1c1757,v0824,Maxwell@display=pairwise
v3740,v0530,65e04b88-b95c-42e6-8ba6-6588703dc773,v3740,Maxwell@display=pairwise
v3740,v3740,5a1c3efd-82cc-49c8-b9d9-add302b2be8a,v0530,Maxwell@display=pairwise
v3740,v3740,f7c088a4-f181-4faf-b131-f76c01b92e8d,v0530,Maxwell@display=pairwise
,v0530,01f1ebd7-d031-4b6c-9c2b-e6e64c207dbe,v3740,Maxwell@display=pairwise
v3740,v3740,bc760378-ddd6-4614-a376-7a3c39de225e,v0530,Maxwell@display=pairwise
v3740,v0530,e8cf995a-d627-41b3-85ff-373a997d5a4f,v3740,Maxwell@display=pairwise
v3740,v3740,4dbcfd34-f760-41d7-bc1e-0220aee5da69,v0530,Maxwell@display=pairwise
v0530,v3740,8495c523-2b4b-49a1-86b4-5210ff9e0038,v0530,Maxwell@display=pairwise
v3740,v3740,bcbd73bb-1a96-4b43-b689-5c7986900531,v0530,Maxwell@display=pairwise
v2525,v2525,65e04b88-b95c-42e6-8ba6-6588703dc773,v1025,Maxwell@display=pairwise
v1025,v1025,73b8fd64-9133-4f24-8a85-fff5b1719300,v2525,Maxwell@display=pairwise
v2525,v2525,a7a93a58-0185-4a02-be01-554e229a1446,v1025,Maxwell@display=pairwise
v2525,v2525,6e2024e3-6dbd-4f38-acdd-ea74cebf7e8b,v1025,Maxwell@display=pairwise
v2525,v1025,fdafe1fc-3bdb-472a-a91e-52abb2f5e78f,v2525,Maxwell@display=pairwise
v2525,v2525,7364c455-72c0-4ba7-bd80-b8277ed5fa61,v1025,Maxwell@display=pairwise
v2525,v1025,e12b1db4-dd6b-4bd8-8b4c-d48269f88d44,v2525,Maxwell@display=pairwise
v1025,v2525,5e14c80c-d87f-446e-9e94-80c9c0a62c3b,v1025,Maxwell@display=pairwise
v1025,v2525,1044f2df-2216-4864-baa0-ea94b11f6744,v1025,Maxwell@display=pairwise
v1025,v1025,8f7a9d96-4b5f-4d1d-91d7-b4638a45dc78,v2525,Maxwell@display=pairwise
v2801,v2513,65e04b88-b95c-42e6-8ba6-6588703dc773,v2801,Maxwell@display=pairwise
v2801,v2801,6d6a6d9c-16c4-43d3-860f-2faf372131a2,v2513,Maxwell@display=pairwise
,v2801,3ae23a3a-cf84-443a-bd7a-188731da4225,v2513,Maxwell@display=pairwise
v2801,v2801,e776162f-2a46-4b9f-a534-2d38aa9d05c2,v2513,Maxwell@display=pairwise
v2513,v2513,094e753d-9712-4a5c-b642-e225b4d0af47,v2801,Maxwell@display=pairwise
v2801,v2801,094e753d-9712-4a5c-b642-e225b4d0af47,v2513,Maxwell@display=pairwise
v2513,v2801,31f2608d-f3b7-4fc9-aafc-8de3b8a2dcf0,v2513,Maxwell@display=pairwise
v2513,v2801,ff5bd754-d1d5-47d5-8cdd-ba09f18067ba,v2513,Maxwell@display=pairwise
,v2513,b03c8d70-1916-4f7d-a03a-f96397ce85d6,v2801,Maxwell@display=pairwise
v2513,v2801,f00b6b27-7f50-4848-9d4f-1c6640f6281b,v2513,Maxwell@display=pairwise
v0824,v0009,65e04b88-b95c-42e6-8ba6-6588703dc773,v0824,Maxwell@display=pairwise
v0824,v0009,352bfce1-aa96-44d6-967b-eafa128efab4,v0824,Maxwell@display=pairwise
v0824,v0009,9185b4f4-7b4c-4c14-a224-c258d06bfa75,v0824,Maxwell@display=pairwise
v0824,v0824,8a3343fa-29bf-4b98-87d2-10dba3c9ce8f,v0009,Maxwell@display=pairwise
v0009,v0009,e12b1db4-dd6b-4bd8-8b4c-d48269f88d44,v0824,Maxwell@display=pairwise
v0824,v0824,bb58be60-dfb8-4e62-af7d-b508d07dce9c,v0009,Maxwell@display=pairwise
,v0009,ac166e95-9dbb-4135-b90a-07e696f0a50c,v0824,Maxwell@display=pairwise
v0824,v0824,bdcbadd2-3661-4ece-a668-ae3da62a8e23,v0009,Maxwell@display=pairwise
v0824,v0824,77216a3e-dd39-43a8-8d98-9d7a2de06023,v0009,Maxwell@display=pairwise
v2349,v0032,e337a584-ab3d-4d57-9cca-afe18b17d01a,v2349,Maxwell@display=pairwise
v0032,v2349,49091e64-faa5-49f7-8e9d-a491f64fc35c,v0032,Maxwell@display=pairwise
v2349,v2349,671d0c52-1c9d-4442-a792-dd7bd57dd8aa,v0032,Maxwell@display=pairwise
v2349,v2349,3267d3c7-b874-4b3e-805a-dd7a7c57ca1c,v0032,Maxwell@display=pairwise
v2349,v0032,65e04b88-b95c-42e6-8ba6-6588703dc773,v2349,Maxwell@display=pairwise
v2349,v2349,04d503da-7425-4759-9db6-290899a58639,v0032,Maxwell@display=pairwise
v2349,v0032,5fa03c38-e27e-4f64-8734-7be0dfe4d9c7,v2349,Maxwell@display=pairwise
v2349,v2349,aba3e861-12b4-4cc1-9cd9-25f330491a1f,v0032,Maxwell@display=pairwise
v2349,v2349,aba3e861-12b4-4cc1-9cd9-25f330491a1f,v0032,Maxwell@display=pairwise
v0032,v2349,377d9610-aa18-4c37-a9ae-61f22bd5fe5e,v0032,Maxwell@display=pairwise
v2519,v2635,a2093909-503b-438b-bf75-c9807e56810a,v2519,Maxwell@display=pairwise
v2519,v2635,65e04b88-b95c-42e6-8ba6-6588703dc773,v2519,Maxwell@display=pairwise
v2519,v2635,6a7b1dd4-b79f-4017-b161-b8de06e3d2b9,v2519,Maxwell@display=pairwise
v2519,v2635,f602cd51-03c9-41b5-a85a-b7d81dde76dd,v2519,Maxwell@display=pairwise
v2519,v2635,75cae008-0dbc-41be-8295-da701fdf0dba,v2519,Maxwell@display=pairwise
v2519,v2519,96c92880-627b-4c93-b3ce-2a6d076c8abf,v2635,Maxwell@display=pairwise
v2635,v2519,763852f1-e766-4548-82da-08f5e6450ba6,v2635,Maxwell@display=pairwise
v2519,v2635,96c92880-627b-4c93-b3ce-2a6d076c8abf,v2519,Maxwell@display=pairwise
v2635,v2635,5d120453-9487-491e-954f-1aa89798fb80,v2519,Maxwell@display=pairwise
v2519,v2635,22ca127c-db37-4eac-a88d-3184529fba6d,v2519,Maxwell@display=pairwise
v0162,v0162,cd54525c-5942-4876-b3c3-0c6d37cf3f6b,v0009,Maxwell@display=pairwise
,v0162,8dbe2ffd-6f41-43a3-860b-153138fb521f,v0009,Maxwell@display=pairwise
,v0162,2820937d-b7de-4dec-b6c1-1e205b50f8a0,v0009,Maxwell@display=pairwise
v0162,v0009,5288ac4e-2d63-43f3-8c9d-4af9f174f740,v0162,Maxwell@display=pairwise
v0162,v0009,f911a403-5112-4234-ab0b-7497b7f4e3b4,v0162,Maxwell@display=pairwise
v0162,v0162,4c9f3ef1-1be5-4b46-b834-89e3cd2a94a2,v0009,Maxwell@display=pairwise
,v0162,2820937d-b7de-4dec-b6c1-1e205b50f8a0,v0009,Maxwell@display=pairwise
v0009,v0009,ee8149de-cb82-49cc-9038-c54766ad70c9,v0162,Maxwell@display=pairwise
v0009,v0162,5288ac4e-2d63-43f3-8c9d-4af9f174f740,v0009,Maxwell@display=pairwise
,v0162,bc760378-ddd6-4614-a376-7a3c39de225e,v0009,Maxwell@display=pairwise
v1984,v1984,5288ac4e-2d63-43f3-8c9d-4af9f174f740,v0009,Maxwell@display=pairwise
v0009,v1984,5288ac4e-2d63-43f3-8c9d-4af9f174f740,v0009,Maxwell@display=pairwise
v1984,v0009,3ae23a3a-cf84-443a-bd7a-188731da4225,v1984,Maxwell@display=pairwise
v1984,v1984,97128514-e916-4347-930c-bb37857c48c0,v0009,Maxwell@display=pairwise
v1984,v0009,2987197e-d01c-46fa-bfae-419ca1a44316,v1984,Maxwell@display=pairwise
v1984,v0009,88e1894f-6a8c-4dd4-99e5-7b852ff42587,v1984,Maxwell@display=pairwise
v1984,v1984,87cd4023-a010-48bb-9894-889f68df299a,v0009,Maxwell@display=pairwise
v1984,v1984,847d79d3-f147-41e8-91ea-6097016d7bb0,v0009,Maxwell@display=pairwise
v0009,v0009,f9f062ef-692e-46ad-a379-6d3a1e5a78e8,v1984,Maxwell@display=pairwise
v1397,v1373,8dbe2ffd-6f41-43a3-860b-153138fb521f,v1397,Maxwell@display=pairwise
v1397,v1373,c11a406e-302f-4f21-be2d-1f3a27fac77b,v1397,Maxwell@display=pairwise
v1397,v1397,c11a406e-302f-4f21-be2d-1f3a27fac77b,v1373,Maxwell@display=pairwise
v1373,v1397,e7003b82-7f53-47ce-b372-430970be62d0,v1373,Maxwell@display=pairwise
v1397,v1397,2dc384e2-d08c-47ed-a933-eb91ec6fb38b,v1373,Maxwell@display=pairwise
v1397,v1397,0ffc9aa5-c779-44ce-acc6-ab9cc92a02fb,v1373,Maxwell@display=pairwise
v1373,v1397,768f2d5e-4da6-4e17-a974-b681ec9fada3,v1373,Maxwell@display=pairwise
v1373,v1373,ddd61b5c-dc4a-4146-8ae2-ae9ff73fb5d8,v1397,Maxwell@display=pairwise
v1373,v1373,4fc856c7-d2f0-44da-a97b-0af57f30e5a4,v1397,Maxwell@display=pairwise
,v1373,5db812e2-a89e-42af-b619-98c02720d311,v1397,Maxwell@display=pairwise
v1984,v1984,f23b459c-43f2-43ba-9fd1-78fd48cf833e,v0328,Maxwell@display=pairwise
v1984,v0328,a64e5ec2-6369-44d6-b203-264f818abe72,v1984,Maxwell@display=pairwise
v1984,v1984,9854f14d-4021-4f1b-80e7-36a684ed2e92,v0328,Maxwell@display=pairwise
v1984,v0328,094e753d-9712-4a5c-b642-e225b4d0af47,v1984,Maxwell@display=pairwise
v1984,v0328,19da1622-4523-4766-8ee2-c68a94aba13f,v1984,Maxwell@display=pairwise
v1984,v1984,66d5d376-d4b4-43f4-be21-1b386fd32966,v0328,Maxwell@display=pairwise
v1984,v1984,f711bbae-43d6-40ce-9fdc-3eff7721a7c9,v0328,Maxwell@display=pairwise
v1984,v1984,14ec1f3e-c047-4d13-a2d6-76da32d9ed62,v0328,Maxwell@display=pairwise
v1984,v0328,09e4aacf-b969-495a-9de2-c294927e736b,v1984,Maxwell@display=pairwise
v1984,v0328,573722c4-6130-4835-b049-7c523af50881,v1984,Maxwell@display=pairwise
v3555,v1703,f23b459c-43f2-43ba-9fd1-78fd48cf833e,v3555,Maxwell@display=pairwise
v3555,v3555,a64e5ec2-6369-44d6-b203-264f818abe72,v1703,Maxwell@display=pairwise
v1703,v3555,24c7bb15-fdc7-448c-96a3-557e772127cd,v1703,Maxwell@display=pairwise
v3555,v3555,a7a93a58-0185-4a02-be01-554e229a1446,v1703,Maxwell@display=pairwise
v3555,v3555,cd7370ec-f239-4919-be0d-7c980be77ec7,v1703,Maxwell@display=pairwise
v3555,v1703,90741ce5-a5d8-4430-8051-715ff3ef5e49,v3555,Maxwell@display=pairwise
v1703,v1703,d41c6ea1-955c-405c-a5d3-b7d3d9114699,v3555,Maxwell@display=pairwise
v1703,v1703,4532ad54-b06d-4086-9aee-ff09a9391a08,v3555,Maxwell@display=pairwise
v3555,v1703,c5fb40fd-7ac9-4e0e-afbe-3c1a6c070532,v3555,Maxwell@display=pairwise
v3555,v1703,2613c3ff-b6cc-4d25-850a-f9ccff836ebc,v3555,Maxwell@display=pairwise
v2328,v2328,f23b459c-43f2-43ba-9fd1-78fd48cf833e,v1397,Maxwell@display=pairwise
v2328,v2328,2e51a290-d08f-4b97-b0d1-c0cca3833712,v1397,Maxwell@display=pairwise
v1397,v2328,c11a406e-302f-4f21-be2d-1f3a27fac77b,v1397,Maxwell@display=pairwise
v2328,v2328,ee0ccb3c-dac0-417e-a70a-a62358481477,v1397,Maxwell@display=pairwise
v2328,v1397,2987197e-d01c-46fa-bfae-419ca1a44316,v2328,Maxwell@display=pairwise
v1397,v2328,379768c0-f55e-4655-bf28-0d6c6b75c288,v1397,Maxwell@display=pairwise
v2328,v1397,88e1894f-6a8c-4dd4-99e5-7b852ff42587,v2328,Maxwell@display=pairwise
v2328,v2328,e62d391b-52e4-4739-89b0-d8fe6a07ce47,v1397,Maxwell@display=pairwise
v1397,v2328,86a3ac5a-2140-48bb-bde9-f02ac7191d29,v1397,Maxwell@display=pairwise
v2349,v2349,01aa3ef5-bb24-4ab5-b3ff-0a4149e4a304,v0162,Maxwell@display=pairwise
v2349,v2349,b6634fbf-fd8c-4256-96b7-8dbfefd99757,v0162,Maxwell@display=pairwise
v2349,v0162,c11a406e-302f-4f21-be2d-1f3a27fac77b,v2349,Maxwell@display=pairwise
v2349,v0162,30f85572-69e4-41c3-97d8-25f74a2a229a,v2349,Maxwell@display=pairwise
v2349,v2349,862cd654-5ac1-48c5-bd1f-650b43a68255,v0162,Maxwell@display=pairwise
v2349,v0162,9d91b01f-a800-4b2b-b343-d61dc7eaf041,v2349,Maxwell@display=pairwise
v2349,v0162,0630eeac-73c4-4677-83c8-f714f6e289a9,v2349,Maxwell@display=pairwise
v2349,v2349,e3ebe625-fcf7-470a-91bb-0d08cd37d473,v0162,Maxwell@display=pairwise
v2349,v2349,50d836a8-9b8a-4427-9d9e-d47323c64913,v0162,Maxwell@display=pairwise
v2349,v0162,12af1ee7-72cf-412b-95e3-35dd7ad7d1d6,v2349,Maxwell@display=pairwise
v4034,v4034,01aa3ef5-bb24-4ab5-b3ff-0a4149e4a304,v0162,Maxwell@display=pairwise
v4034,v4034,b6634fbf-fd8c-4256-96b7-8dbfefd99757,v0162,Maxwell@display=pairwise
v4034,v4034,a64e5ec2-6369-44d6-b203-264f818abe72,v0162,Maxwell@display=pairwise
v4034,v4034,996d4f04-efe4-4b10-9ba5-28b5dca74aed,v0162,Maxwell@display=pairwise
v4034,v4034,912ff3ea-9faf-4081-b27b-1ba77372b348,v0162,Maxwell@display=pairwise
v4034,v0162,c1e5dd48-6b4f-42c3-b070-b362047520ac,v4034,Maxwell@display=pairwise
v4034,v4034,e12b1db4-dd6b-4bd8-8b4c-d48269f88d44,v0162,Maxwell@display=pairwise
v4034,v4034,c1e0c07c-4768-4d33-86b9-59bcd401dba5,v0162,Maxwell@display=pairwise
v4034,v0162,8290678e-1f94-4619-af71-aa8892a717fa,v4034,Maxwell@display=pairwise
v4034,v4034,8581928a-3670-48d2-b55c-34685f7de132,v0162,Maxwell@display=pairwise
v3065,v2063,01aa3ef5-bb24-4ab5-b3ff-0a4149e4a304,v3065,Maxwell@display=pairwise
v2063,v2063,b6634fbf-fd8c-4256-96b7-8dbfefd99757,v3065,Maxwell@display=pairwise
v3065,v3065,4a4cda64-e09d-474d-abba-3cd33d2a4778,v2063,Maxwell@display=pairwise
,v2063,f2c0d8f4-3093-434b-b640-14aa99aceaf7,v3065,Maxwell@display=pairwise
v3065,v3065,9888d5ad-e5b5-422a-9ce4-268968886c2c,v2063,Maxwell@display=pairwise
v3065,v2063,584b7635-9a3b-4a46-9127-652bab8ab045,v3065,Maxwell@display=pairwise
v3065,v3065,e2414b46-7c69-407b-9c61-a18878f36403,v2063,Maxwell@display=pairwise
v3065,v2063,0dfde53f-a1c3-4854-9c02-3e41d9086ece,v3065,Maxwell@display=pairwise
,v2063,09e4aacf-b969-495a-9de2-c294927e736b,v3065,Maxwell@display=pairwise
,v3065,01aa3ef5-bb24-4ab5-b3ff-0a4149e4a304,v3355,Maxwell@display=pairwise
,v3065,b6634fbf-fd8c-4256-96b7-8dbfefd99757,v3355,Maxwell@display=pairwise
v3355,v3355,7ed39ffd-82b7-4d82-b17c-073138b844a6,v3065,Maxwell@display=pairwise
v3355,v3065,942abe5f-d5e6-44ae-981b-c2664203ca49,v3355,Maxwell@display=pairwise
v3355,v3065,942abe5f-d5e6-44ae-981b-c2664203ca49,v3355,Maxwell@display=pairwise
v3355,v3355,284eb320-ce3d-48b3-99f0-b07eda1cc7ed,v3065,Maxwell@display=pairwise
v3355,v3355,bea8d5b8-3b89-4933-9543-144c89405bfa,v3065,Maxwell@display=pairwise
v3355,v3065,645b9269-2918-417e-8ee8-a6fc35bc3377,v3355,Maxwell@display=pairwise
v3355,v3065,712ea676-4242-48ad-8b1c-1851c5c289ec,v3355,Maxwell@display=pairwise
v1984,v0529,13a84fc5-c897-4808-819d-21fe4ef9dffc,v1984,Maxwell@display=pairwise
v0529,v1984,a64e5ec2-6369-44d6-b203-264f818abe72,v0529,Maxwell@display=pairwise
v1984,v0529,9854f14d-4021-4f1b-80e7-36a684ed2e92,v1984,Maxwell@display=pairwise
v1984,v1984,584b7635-9a3b-4a46-9127-652bab8ab045,v0529,Maxwell@display=pairwise
v1984,v1984,d0ad4187-7811-434d-a93d-afbb3b6b1ad7,v0529,Maxwell@display=pairwise
v0529,v1984,809db03d-2f37-4a0c-bb4f-05365cebf6af,v0529,Maxwell@display=pairwise
v0529,v0529,c8663594-fd63-46c0-be02-64eede925ed2,v1984,Maxwell@display=pairwise
v0529,v0529,26c3096a-edfc-482a-8d3c-5739d09b6bda,v1984,Maxwell@display=pairwise
v1984,v1984,2cb27c19-ded0-4142-8d53-29140e2d8004,v0529,Maxwell@display=pairwise
v0529,v0529,f31347b5-4dd9-48d6-9c55-c095b5716f4b,v1984,Maxwell@display=pairwise
v3292,v3292,60697061-3fc4-4137-9789-63e68e409f11,v0530,Maxwell@display=pairwise
v3292,v0530,a64e5ec2-6369-44d6-b203-264f818abe72,v3292,Maxwell@display=pairwise
,v3292,99d92158-abae-45a9-b49b-737ab2119fa3,v0530,Maxwell@display=pairwise
v3292,v3292,c11a406e-302f-4f21-be2d-1f3a27fac77b,v0530,Maxwell@display=pairwise
v3292,v3292,cb101408-6fca-4119-9289-441754c9b2f0,v0530,Maxwell@display=pairwise
,v3292,e3b8bb83-c52a-4ef2-b875-665689a58489,v0530,Maxwell@display=pairwise
v0530,v3292,57c5b042-79d7-4bb7-8714-5d3808c5cd0e,v0530,Maxwell@display=pairwise
,v0530,ac166e95-9dbb-4135-b90a-07e696f0a50c,v3292,Maxwell@display=pairwise
v3292,v0530,dd67b30b-2e2b-44b0-a821-5ef9f5daaeeb,v3292,Maxwell@display=pairwise
v3292,v3292,7829a094-b56d-4784-81b4-d56f0af9d0ee,v0530,Maxwell@display=pairwise
v2419,v0824,097c523a-37c9-4814-a386-171e6d920ead,v2419,Maxwell@display=pairwise
v2419,v2419,c11a406e-302f-4f21-be2d-1f3a27fac77b,v0824,Maxwell@display=pairwise
v2419,v2419,75cae008-0dbc-41be-8295-da701fdf0dba,v0824,Maxwell@display=pairwise
v2419,v2419,8ba60b69-3825-4c10-beca-8d2e7ba9dfa1,v0824,Maxwell@display=pairwise
v2419,v2419,94299678-0cff-4f0a-815f-9ebb17345759,v0824,Maxwell@display=pairwise
v0824,v0824,9a673f7a-20b3-401d-980f-38b0c8fc3b45,v2419,Maxwell@display=pairwise
v2419,v0824,f9f062ef-692e-46ad-a379-6d3a1e5a78e8,v2419,Maxwell@display=pairwise
v2419,v2419,d587e507-f0f2-4be9-b688-318429aa0988,v0824,Maxwell@display=pairwise
v0824,v0824,28078593-bd58-4e49-88f5-c7909b406342,v2419,Maxwell@display=pairwise
v4166,v0824,d30105ed-f2ea-430e-90b6-5096d9156bc4,v4166,Maxwell@display=pairwise
v4166,v4166,2b1a183f-8a1c-4ee8-889b-a2771ec07859,v0824,Maxwell@display=pairwise
v4166,v0824,2e6f5d07-f718-40d7-9899-2d530c3566ed,v4166,Maxwell@display=pairwise
v4166,v0824,31f2608d-f3b7-4fc9-aafc-8de3b8a2dcf0,v4166,Maxwell@display=pairwise
v4166,v4166,ef228dde-5278-429a-b581-bf6bdf7010cb,v0824,Maxwell@display=pairwise
v4166,v0824,d02f408f-c495-4a1f-83e0-411da8e86fed,v4166,Maxwell@display=pairwise
v4166,v4166,cc66f008-3ba4-41b3-a1c3-0b1697a27ebe,v0824,Maxwell@display=pairwise
v4166,v0824,9aac4b2a-3c36-47d6-b244-1cda70ad1743,v4166,Maxwell@display=pairwise
v4166,v0824,d30105ed-f2ea-430e-90b6-5096d9156bc4,v4166,Maxwell@display=pairwise
v4166,v4166,148f22ba-ed8e-4f96-827b-2afb9db9e1d3,v0824,Maxwell@display=pairwise
v2519,v2519,d30105ed-f2ea-430e-90b6-5096d9156bc4,v1190,Maxwell@display=pairwise
v1190,v1190,8290678e-1f94-4619-af71-aa8892a717fa,v2519,Maxwell@display=pairwise
v1190,v1190,584b7635-9a3b-4a46-9127-652bab8ab045,v2519,Maxwell@display=pairwise
v1190,v2519,26daa196-3e51-425f-8944-e7e21c5dca40,v1190,Maxwell@display=pairwise
v2519,v2519,2820937d-b7de-4dec-b6c1-1e205b50f8a0,v1190,Maxwell@display=pairwise
,v1190,112054de-a4f8-40be-8531-03283774f811,v2519,Maxwell@display=pairwise
v1190,v2519,7d2ece56-ce0a-475c-949e-6db477f55ee0,v1190,Maxwell@display=pairwise
v1190,v1190,2dd89ba6-d0b2-4975-8d14-d6d471fa562e,v2519,Maxwell@display=pairwise
v1190,v1190,edb15e9d-3f08-4975-bdc5-dd360e208bf1,v2519,Maxwell@display=pairwise
v2519,v1190,dc8279b9-0d8c-454c-b75d-13d31c30843d,v2519,Maxwell@display=pairwise
v1984,v0265,d30105ed-f2ea-430e-90b6-5096d9156bc4,v1984,Maxwell@display=pairwise
v1984,v1984,2b3373d8-d55d-4fe9-8c30-800e1e6ed65f,v0265,Maxwell@display=pairwise
v0265,v0265,f703c144-8fe7-4731-ad56-faff59588dbe,v1984,Maxwell@display=pairwise
v0265,v1984,f911a403-5112-4234-ab0b-7497b7f4e3b4,v0265,Maxwell@display=pairwise
v1984,v1984,d0ad4187-7811-434d-a93d-afbb3b6b1ad7,v0265,Maxwell@display=pairwise
v1984,v1984,d0ad4187-7811-434d-a93d-afbb3b6b1ad7,v0265,Maxwell@display=pairwise
v1984,v1984,809db03d-2f37-4a0c-bb4f-05365cebf6af,v0265,Maxwell@display=pairwise
v0265,v0265,17f408f2-5335-4dad-a25b-77bd0f2e59db,v1984,Maxwell@display=pairwise
,v1984,ccaef3a0-85de-4b7b-97a8-f6c96128a6b0,v0265,Maxwell@display=pairwise
v1984,v0265,c5fb40fd-7ac9-4e0e-afbe-3c1a6c070532,v1984,Maxwell@display=pairwise
,v0265,bc7f1faa-49be-4e1c-af0f-a46d243c1067,v2419,Maxwell@display=pairwise
v2419,v0265,31d01651-40ee-49ee-8266-1aee63461887,v2419,Maxwell@display=pairwise
v0265,v0265,f946f0a6-ea75-4cea-809a-e6d88d5c053d,v2419,Maxwell@display=pairwise
v0265,v0265,62182adc-a9e3-409b-94a5-c4c180d9f3b7,v2419,Maxwell@display=pairwise
v0265,v0265,4592796c-7285-48a6-b77f-e5d5c08af6c0,v2419,Maxwell@display=pairwise
v0265,v2419,b6d8df5e-5610-473b-bd40-79fdcdfbdcdd,v0265,Maxwell@display=pairwise
,v2419,2ca645a6-7ef0-4fc3-9abd-cf3501109eae,v0265,Maxwell@display=pairwise
v0265,v0265,2cb27c19-ded0-4142-8d53-29140e2d8004,v2419,Maxwell@display=pairwise
v0265,v2419,87cd4023-a010-48bb-9894-889f68df299a,v0265,Maxwell@display=pairwise
v3555,v3555,bc7f1faa-49be-4e1c-af0f-a46d243c1067,v0265,Maxwell@display=pairwise
,v3555,f982c154-231a-4d28-8be6-f62894d3a8c5,v0265,Maxwell@display=pairwise
v3555,v0265,f982c154-231a-4d28-8be6-f62894d3a8c5,v3555,Maxwell@display=pairwise
v0265,v3555,e7003b82-7f53-47ce-b372-430970be62d0,v0265,Maxwell@display=pairwise
v3555,v0265,3d7fe021-5960-477b-910a-b9019bd40c53,v3555,Maxwell@display=pairwise
v3555,v0265,67d6e59e-98bb-4804-be1c-03beebfd5222,v3555,Maxwell@display=pairwise
v3555,v3555,21cdd095-3223-44a1-bbae-ecc5b4f9c9aa,v0265,Maxwell@display=pairwise
,v3555,40161584-d61e-4b6d-a54b-90b0a53f914e,v0265,Maxwell@display=pairwise
v3555,v3555,10b74529-4728-4409-849d-3c0d908d3219,v0265,Maxwell@display=pairwise
v3355,v3355,bc7f1faa-49be-4e1c-af0f-a46d243c1067,v2889,Maxwell@display=pairwise
v3355,v2889,35f7dbdd-4c2d-43df-8b5a-7885f17732b1,v3355,Maxwell@display=pairwise
v3355,v3355,aa873e42-f4c4-4b06-8b86-c8d47ffd4b9a,v2889,Maxwell@display=pairwise
v3355,v2889,f8e4c74f-c2a6-462b-9197-a7c8c31317ac,v3355,Maxwell@display=pairwise
v3355,v3355,db7a1735-7ea2-4e72-93df-997a3c7a0046,v2889,Maxwell@display=pairwise
v3355,v2889,377b66e2-ae54-4e8b-bd72-393052e435d4,v3355,Maxwell@display=pairwise
v2889,v2889,cf421e49-e692-42d6-98e8-aae5324da76e,v3355,Maxwell@display=pairwise
v3355,v3355,94299678-0cff-4f0a-815f-9ebb17345759,v2889,Maxwell@display=pairwise
v3355,v3355,36c5c8c0-5e83-47ea-8f74-af418783618a,v2889,Maxwell@display=pairwise
v3555,v3555,bc7f1faa-49be-4e1c-af0f-a46d243c1067,v0529,Maxwell@display=pairwise
v3555,v0529,319e1e2f-e9cf-4981-8ce2-42f5765137f5,v3555,Maxwell@display=pairwise
v3555,v3555,6e2024e3-6dbd-4f38-acdd-ea74cebf7e8b,v0529,Maxwell@display=pairwise
v3555,v0529,ba2e5955-a806-4ec0-b668-6073bb201c11,v3555,Maxwell@display=pairwise
v3555,v3555,75ce2d58-ecbb-4ede-bd93-43b99bca8d46,v0529,Maxwell@display=pairwise
v3555,v3555,7ccb1601-429e-4e0c-a822-991e9abf2075,v0529,Maxwell@display=pairwise
v3555,v3555,75187b75-792e-4a2a-8959-7a9b23e0ea24,v0529,Maxwell@display=pairwise
v3555,v0529,cea10608-7dfd-4bf7-bf4e-af4e8d7dac5e,v3555,Maxwell@display=pairwise
v3555,v3555,8581928a-3670-48d2-b55c-34685f7de132,v0529,Maxwell@display=pairwise
v1190,v1190,73b8fd64-9133-4f24-8a85-fff5b1719300,v2828,Maxwell@display=pairwise
v1190,v1190,5ca80653-5ca4-4a63-a5e9-7c13c6f6ef4e,v2828,Maxwell@display=pairwise
,v2828,d5e997d9-e2c0-46e2-a2f7-ac9521784839,v1190,Maxwell@display=pairwise
v1190,v1190,7364c455-72c0-4ba7-bd80-b8277ed5fa61,v2828,Maxwell@display=pairwise
v1190,v1190,c1e0c07c-4768-4d33-86b9-59bcd401dba5,v2828,Maxwell@display=pairwise
v1190,v2828,f602cd51-03c9-41b5-a85a-b7d81dde76dd,v1190,Maxwell@display=pairwise
v1190,v1190,f602cd51-03c9-41b5-a85a-b7d81dde76dd,v2828,Maxwell@display=pairwise
v2828,v2828,2c834ab6-0751-4690-918f-5398a2160f15,v1190,Maxwell@display=pairwise
v1190,v2828,b1bb1cd5-b196-4cc9-8e55-a11b14166a3b,v1190,Maxwell@display=pairwise
v1190,v1190,2feaf824-0ccc-4894-9bb4-63c40c53fe04,v2828,Maxwell@display=pairwise
v4048,v4048,73b8fd64-9133-4f24-8a85-fff5b1719300,v0529,Maxwell@display=pairwise
v4048,v0529,43641f2c-9c5f-4450-a8d2-51e7dde0ec97,v4048,Maxwell@display=pairwise
v4048,v0529,5abb0625-0b84-4432-801d-e33a2c4185b8,v4048,Maxwell@display=pairwise
v4048,v4048,51b8e6dd-0e31-4784-9b1a-6247028d8968,v0529,Maxwell@display=pairwise
v0529,v0529,b75ed7ec-fc7e-4170-917d-244db89f64a2,v4048,Maxwell@display=pairwise
v4048,v4048,bf99fc9d-3772-4df1-91d9-1196f5e51ecb,v0529,Maxwell@display=pairwise
v4048,v4048,065a8b4f-3767-4764-a1c4-2297a63ea309,v0529,Maxwell@display=pairwise
v4048,v4048,af6e2deb-376c-413f-a86c-f5a9716169c9,v0529,Maxwell@display=pairwise
v0529,v4048,73c3b426-5640-464d-8768-26eb4631fe7e,v0529,Maxwell@display=pairwise
v4048,v4048,a0379086-b099-4907-aa9d-8691ca28df83,v0529,Maxwell@display=pairwise
v4537,v3555,73b8fd64-9133-4f24-8a85-fff5b1719300,v4537,Maxwell@display=pairwise
v4537,v3555,73b8fd64-9133-4f24-8a85-fff5b1719300,v4537,Maxwell@display=pairwise
v4537,v3555,6e957163-5267-4260-b5fe-b318884a96b4,v4537,Maxwell@display=pairwise
v4537,v3555,68f9fc6d-5215-4fa5-b428-049b8066252a,v4537,Maxwell@display=pairwise
v3555,v3555,68f9fc6d-5215-4fa5-b428-049b8066252a,v4537,Maxwell@display=pairwise
v4537,v4537,50b29053-fdd9-4485-920f-42263ca9e9fb,v3555,Maxwell@display=pairwise
v4537,v3555,92b4633f-85e8-427d-a008-08fcc93e15e9,v4537,Maxwell@display=pairwise
v4537,v4537,fe6afd5a-8da5-49b6-af0b-9f6049662f8b,v3555,Maxwell@display=pairwise
v4537,v3555,14ec1f3e-c047-4d13-a2d6-76da32d9ed62,v4537,Maxwell@display=pairwise
v4537,v3555,7c3b36dd-81f3-4842-90d1-41f8d139292a,v4537,Maxwell@display=pairwise
v4048,v1984,73b8fd64-9133-4f24-8a85-fff5b1719300,v4048,Maxwell@display=pairwise
v4048,v4048,3a37653c-9f20-4105-9e6f-d0197869e5ec,v1984,Maxwell@display=pairwise
v1984,v4048,c2c5d1ea-6807-4bdd-a0f0-5694bf04fe9b,v1984,Maxwell@display=pairwise
v4048,v1984,e7003b82-7f53-47ce-b372-430970be62d0,v4048,Maxwell@display=pairwise
v4048,v4048,d4eabb9c-6f17-472b-ade4-3caa69edc47f,v1984,Maxwell@display=pairwise
v4048,v4048,1bc15f08-5e0e-4bcb-9390-fef0c1eb2c89,v1984,Maxwell@display=pairwise
v4048,v4048,ac166e95-9dbb-4135-b90a-07e696f0a50c,v1984,Maxwell@display=pairwise
v4048,v1984,e3ebe625-fcf7-470a-91bb-0d08cd37d473,v4048,Maxwell@display=pairwise
v4048,v4048,6c195b05-5754-4268-aaec-09c6fa8d20ce,v1984,Maxwell@display=pairwise
v3583,v4511,6e957163-5267-4260-b5fe-b318884a96b4,v3583,Maxwell@display=pairwise
v3583,v3583,b444b366-4acf-4de2-bf8f-886c7ae9b36b,v4511,Maxwell@display=pairwise
v4511,v4511,acccac54-c658-4a6d-b128-1acee477e62e,v3583,Maxwell@display=pairwise
v3583,v3583,2361ceac-d622-404d-ad76-7e85d587926e,v4511,Maxwell@display=pairwise
v4511,v4511,8841cf31-165a-4525-ad00-5bc3d621f9fc,v3583,Maxwell@display=pairwise
v4511,v4511,18dda76c-d54a-40a2-9768-d2dc4378804e,v3583,Maxwell@display=pairwise
v4511,v3583,0630eeac-73c4-4677-83c8-f714f6e289a9,v4511,Maxwell@display=pairwise
v3583,v3583,295b7632-b3b4-4d18-ab59-6527849c76d1,v4511,Maxwell@display=pairwise
v3583,v3583,c373cb1c-b2ea-40dc-a923-bc767d23c95c,v4511,Maxwell@display=pairwise
v4048,v0824,b444b366-4acf-4de2-bf8f-886c7ae9b36b,v4048,Maxwell@display=pairwise
v4048,v0824,f6d6df9a-6559-4e27-b46d-92f41cc3f97b,v4048,Maxwell@display=pairwise
v4048,v4048,7eb95ab6-eca8-489b-b426-e9b15a50c9cb,v0824,Maxwell@display=pairwise
v4048,v0824,10db6cd5-e713-42ac-9a20-3961ec3c3cbb,v4048,Maxwell@display=pairwise
v4048,v4048,a9bb321a-d4be-4f8e-aef5-0cdce93dd51c,v0824,Maxwell@display=pairwise
v4048,v4048,21cdd095-3223-44a1-bbae-ecc5b4f9c9aa,v0824,Maxwell@display=pairwise
v4048,v0824,cd54525c-5942-4876-b3c3-0c6d37cf3f6b,v4048,Maxwell@display=pairwise
v4048,v0824,43e0e111-055c-43b5-b09c-bee2f7542636,v4048,Maxwell@display=pairwise
v4048,v0824,d39c5247-3bfe-426f-87db-6d7ca30b9f8c,v4048,Maxwell@display=pairwise
v1477,v1477,b0f8077d-dcab-4219-bb3b-100afaafa26d,v0009,Maxwell@display=pairwise
v1477,v1477,f6d6df9a-6559-4e27-b46d-92f41cc3f97b,v0009,Maxwell@display=pairwise
v1477,v1477,83d505a2-2b0d-4ae8-8f57-e375dcc387ac,v0009,Maxwell@display=pairwise
v1477,v0009,1ca99ba4-be7c-4a95-a57a-0005144b2eca,v1477,Maxwell@display=pairwise
v1477,v0009,768f2d5e-4da6-4e17-a974-b681ec9fada3,v1477,Maxwell@display=pairwise
v0009,v0009,ee8149de-cb82-49cc-9038-c54766ad70c9,v1477,Maxwell@display=pairwise
v1477,v0009,284eb320-ce3d-48b3-99f0-b07eda1cc7ed,v1477,Maxwell@display=pairwise
v0009,v1477,4532ad54-b06d-4086-9aee-ff09a9391a08,v0009,Maxwell@display=pairwise
v1477,v1477,1d2fe3ac-663b-4f21-b03e-4a409a53669e,v0009,Maxwell@display=pairwise
v0009,v0009,f2cb3403-6c77-4e49-86af-9e41adbacf34,v1477,Maxwell@display=pairwise
v2083,v1397,14683b3e-6dfe-4a10-8db1-20dfd0dd5f20,v2083,Maxwell@display=pairwise
v1397,v1397,f6d6df9a-6559-4e27-b46d-92f41cc3f97b,v2083,Maxwell@display=pairwise
v1397,v2083,20d9d51e-231e-4048-90ac-ae0f2f6906d1,v1397,Maxwell@display=pairwise
v2083,v2083,ae30bc61-78e0-4361-a5bc-9e7c1bbf8f1c,v1397,Maxwell@display=pairwise
v2083,v2083,8c720eee-ed3e-49c7-87d6-11f9c7e89f0f,v1397,Maxwell@display=pairwise
v2083,v2083,b3fd58a0-de51-4535-89b9-5c4e67110491,v1397,Maxwell@display=pairwise
v2083,v1397,2c834ab6-0751-4690-918f-5398a2160f15,v2083,Maxwell@display=pairwise
v2083,v1397,568341de-630c-4f7d-97c0-db58befad162,v2083,Maxwell@display=pairwise
v2083,v2083,43e0e111-055c-43b5-b09c-bee2f7542636,v1397,Maxwell@display=pairwise
v0886,v0886,2b1a183f-8a1c-4ee8-889b-a2771ec07859,v0314,Maxwell@display=pairwise
v0314,v0314,f6d6df9a-6559-4e27-b46d-92f41cc3f97b,v0886,Maxwell@display=pairwise
v0886,v0314,8477eb0e-905a-4f16-a145-97a894176374,v0886,Maxwell@display=pairwise
v0314,v0314,9e47a2e5-5fc3-4025-8538-85d5dc4d1152,v0886,Maxwell@display=pairwise
v0886,v0886,ba2e5955-a806-4ec0-b668-6073bb201c11,v0314,Maxwell@display=pairwise
v0886,v0886,cd7370ec-f239-4919-be0d-7c980be77ec7,v0314,Maxwell@display=pairwise
v0314,v0314,8495c523-2b4b-49a1-86b4-5210ff9e0038,v0886,Maxwell@display=pairwise
v0886,v0886,8f7a9d96-4b5f-4d1d-91d7-b4638a45dc78,v0314,Maxwell@display=pairwise
v0886,v0886,c498d5cf-b5b6-469d-8d68-860f0f7e3445,v0314,Maxwell@display=pairwise
v1447,v0824,2b1a183f-8a1c-4ee8-889b-a2771ec07859,v1447,Maxwell@display=pairwise
v0824,v1447,31d01651-40ee-49ee-8266-1aee63461887,v0824,Maxwell@display=pairwise
v1447,v0824,5ca80653-5ca4-4a63-a5e9-7c13c6f6ef4e,v1447,Maxwell@display=pairwise
v1447,v1447,4d41abd8-8939-4aaf-8d9b-3eeaca78e042,v0824,Maxwell@display=pairwise
v1447,v0824,027d3766-10fa-4410-bda9-dfabae5b973f,v1447,Maxwell@display=pairwise
v0824,v0824,ce008773-19e4-41d1-82ae-f094be0d2171,v1447,Maxwell@display=pairwise
v1447,v1447,377d9610-aa18-4c37-a9ae-61f22bd5fe5e,v0824,Maxwell@display=pairwise
,v0824,ea62dadb-d0bf-416b-a83e-6823c24a7822,v1447,Maxwell@display=pairwise
v1447,v0824,4d22e541-90af-43bf-b2b9-955594802908,v1447,Maxwell@display=pairwise
v2519,v3175,0ce9055c-8e48-4f35-8e94-9ca9bc88f80c,v2519,Maxwell@display=pairwise
v2519,v2519,0ce9055c-8e48-4f35-8e94-9ca9bc88f80c,v3175,Maxwell@display=pairwise
v2519,v3175,676d136b-aabc-4a63-9157-3a6ddacfd43f,v2519,Maxwell@display=pairwise
v2519,v3175,efc0133f-459a-461e-9f25-75b0716cd70a,v2519,Maxwell@display=pairwise
v2519,v3175,fdeab250-0277-4490-bcf0-de3d8c630a98,v2519,Maxwell@display=pairwise
v2519,v2519,50d836a8-9b8a-4427-9d9e-d47323c64913,v3175,Maxwell@display=pairwise
v2519,v3175,5090394e-8d39-48a3-b78a-4dff5726117d,v2519,Maxwell@display=pairwise
v2519,v3175,5db3738a-9acb-4d81-9255-362c61e080bf,v2519,Maxwell@display=pairwise
v3175,v3175,c7d90a87-a380-46b6-af6f-fad86d1c1757,v2519,Maxwell@display=pairwise
v4537,v0265,0ce9055c-8e48-4f35-8e94-9ca9bc88f80c,v4537,Maxwell@display=pairwise
v4537,v4537,319e1e2f-e9cf-4981-8ce2-42f5765137f5,v0265,Maxwell@display=pairwise
v4537,v4537,148f22ba-ed8e-4f96-827b-2afb9db9e1d3,v0265,Maxwell@display=pairwise
v4537,v4537,c1e5dd48-6b4f-42c3-b070-b362047520ac,v0265,Maxwell@display=pairwise
v4537,v4537,85acf25a-acab-4993-a328-e5aaacf2367f,v0265,Maxwell@display=pairwise
v4537,v4537,ca5e860d-cf4b-4c4a-bac3-1b0cd8646b53,v0265,Maxwell@display=pairwise
v4537,v0265,850c7762-5ebc-4c04-b264-d14e50f37130,v4537,Maxwell@display=pairwise
v4537,v0265,fd639556-f319-4397-9f9e-2d8827de7111,v4537,Maxwell@display=pairwise
v4537,v0265,2446fec6-a38b-400c-b3fa-911eda094d0e,v4537,Maxwell@display=pairwise
v4511,v0824,761748d4-d10d-4076-8ba5-4316321078d2,v4511,Maxwell@display=pairwise
v4511,v0824,d509e766-711c-4b31-97e2-89235a971fe1,v4511,Maxwell@display=pairwise
v4511,v4511,de4830fb-a55e-481e-972c-e8cd68d4cf25,v0824,Maxwell@display=pairwise
v4511,v4511,8c5659b8-fe6f-4539-911f-1647d4975226,v0824,Maxwell@display=pairwise
v4511,v0824,a2988d9d-63df-4cf2-a445-7a1dbf7f45f3,v4511,Maxwell@display=pairwise
v4511,v0824,b37cf829-f3ab-45f0-b043-f1ab634e7a57,v4511,Maxwell@display=pairwise
v4511,v4511,f8e4c74f-c2a6-462b-9197-a7c8c31317ac,v0824,Maxwell@display=pairwise
v0824,v0824,58cd42ca-ab8e-42e2-b642-894b9b5a51b9,v4511,Maxwell@display=pairwise
v4511,v4511,5a73329b-3ee5-4d38-9a02-8e7a17f87252,v0824,Maxwell@display=pairwise
v4511,v4511,19ed7125-f9d4-4332-baa2-b57735cd4bae,v0824,Maxwell@display=pairwise
v4537,v4537,8f373fcb-9f72-4cee-a804-75fa3cb722cd,v0032,Maxwell@display=pairwise
v4537,v0032,f6d6df9a-6559-4e27-b46d-92f41cc3f97b,v4537,Maxwell@display=pairwise
v4537,v4537,26369842-3726-4b94-bca7-39046cebbeed,v0032,Maxwell@display=pairwise
v4537,v4537,01a3b14c-3923-4b2c-baf6-0b671043ec61,v0032,Maxwell@display=pairwise
v4537,v4537,1e957696-1bdb-4655-8b5d-f0bc71305eea,v0032,Maxwell@display=pairwise
v4537,v0032,4c52ed79-8845-42cb-aab9-05e6faee8c9f,v4537,Maxwell@display=pairwise
v4537,v0032,c239ae1a-841e-4d54-a08c-d85c41ac1c6f,v4537,Maxwell@display=pairwise
v4537,v0032,617ae86c-fc97-402a-ba65-8994258b69e0,v4537,Maxwell@display=pairwise
v4537,v4537,a9591a8a-3147-43f9-969a-2603ca967f9e,v0032,Maxwell@display=pairwise
v4537,v0032,f31347b5-4dd9-48d6-9c55-c095b5716f4b,v4537,Maxwell@display=pairwise
v2519,v0824,8f373fcb-9f72-4cee-a804-75fa3cb722cd,v2519,Maxwell@display=pairwise
v2519,v2519,d509e766-711c-4b31-97e2-89235a971fe1,v0824,Maxwell@display=pairwise
v2519,v0824,3a23769b-fdcf-4dd6-b967-a8640412a76e,v2519,Maxwell@display=pairwise
v2519,v0824,0d3dafc8-efe4-4f72-8d19-f15b19149fe4,v2519,Maxwell@display=pairwise
v2519,v2519,4b9764d8-3888-4dad-a4b1-b554f50cd991,v0824,Maxwell@display=pairwise
v2519,v0824,ab45a492-e076-489d-bd8f-39251a92f0ab,v2519,Maxwell@display=pairwise
v2519,v2519,b269b069-99f5-4d8d-8e73-426d3fa2f09f,v0824,Maxwell@display=pairwise
v2519,v2519,8cc2fb53-d4ad-40ed-a526-d4950f4902b4,v0824,Maxwell@display=pairwise
v2519,v0824,690c2e17-352c-4b13-88ff-f1e031cfec7e,v2519,Maxwell@display=pairwise
v2519,v0824,71d414a2-7da8-44c1-a7cb-4e81f84eb38a,v2519,Maxwell@display=pairwise
v1190,v0878,26daa196-3e51-425f-8944-e7e21c5dca40,v1190,Maxwell@display=pairwise
v1190,v1190,26daa196-3e51-425f-8944-e7e21c5dca40,v0878,Maxwell@display=pairwise
v1190,v1190,a0a0bd53-c6ee-48c3-8d0d-7094f991b6c5,v0878,Maxwell@display=pairwise
,v0878,c029e6d3-d6b1-4306-9c7c-78ebbcbcad9b,v1190,Maxwell@display=pairwise
v0878,v1190,f911a403-5112-4234-ab0b-7497b7f4e3b4,v0878,Maxwell@display=pairwise
v0878,v1190,d83aba4d-3e51-4ba3-9f02-e7119f127b9e,v0878,Maxwell@display=pairwise
v1190,v0878,314e8591-1186-4063-97cc-338f0e2e6b51,v1190,Maxwell@display=pairwise
v0878,v0878,ca5e860d-cf4b-4c4a-bac3-1b0cd8646b53,v1190,Maxwell@display=pairwise
v0878,v1190,19e2587c-4d46-491a-9939-ee51abe19c39,v0878,Maxwell@display=pairwise
v2525,v3065,26daa196-3e51-425f-8944-e7e21c5dca40,v2525,Maxwell@display=pairwise
v2525,v3065,ef859b1f-9de1-4cef-bd2b-3e0ac5b8a3b4,v2525,Maxwell@display=pairwise
v2525,v3065,f947e080-fb56-44fe-b740-b6da9bcab592,v2525,Maxwell@display=pairwise
v2525,v3065,584a427c-0ddb-46df-87da-d6b34d3a6a48,v2525,Maxwell@display=pairwise
v3065,v2525,4d959969-12c9-4934-bcb0-01c74a0bca6d,v3065,Maxwell@display=pairwise
v2525,v3065,d5ba3837-38e1-4aec-bd7c-cb069a23e8c1,v2525,Maxwell@display=pairwise
v2525,v2525,314e8591-1186-4063-97cc-338f0e2e6b51,v3065,Maxwell@display=pairwise
v2525,v3065,f9f062ef-692e-46ad-a379-6d3a1e5a78e8,v2525,Maxwell@display=pairwise
v3065,v3065,f31347b5-4dd9-48d6-9c55-c095b5716f4b,v2525,Maxwell@display=pairwise
v1859,v1859,26daa196-3e51-425f-8944-e7e21c5dca40,v2828,Maxwell@display=pairwise
,v2828,5d120453-9487-491e-954f-1aa89798fb80,v1859,Maxwell@display=pairwise
v2828,v2828,5d120453-9487-491e-954f-1aa89798fb80,v1859,Maxwell@display=pairwise
v1859,v1859,8ab07bc5-0ee7-4c8d-9e27-22e5c6da8bc1,v2828,Maxwell@display=pairwise
v1859,v2828,c377aeaf-60e4-4bc1-8080-5619345d590c,v1859,Maxwell@display=pairwise
,v1859,8841cf31-165a-4525-ad00-5bc3d621f9fc,v2828,Maxwell@display=pairwise
v1859,v1859,d5a0fb87-aa9c-42e7-8db5-0c41338699d2,v2828,Maxwell@display=pairwise
v1859,v2828,f6f6b226-3ab0-4a3c-84fb-0ce9390db359,v1859,Maxwell@display=pairwise
v1859,v2828,67159434-83bd-4d1a-aaa8-379718f13f27,v1859,Maxwell@display=pairwise
v1859,v1859,7c68e2ea-165f-4e18-af3c-a2f8199fcbd9,v2828,Maxwell@display=pairwise
v1025,v1025,f6d6df9a-6559-4e27-b46d-92f41cc3f97b,v2063,Maxwell@display=pairwise
v1025,v2063,047e4203-0585-4d9b-9859-1744b143e682,v1025,Maxwell@display=pairwise
v1025,v1025,6e2024e3-6dbd-4f38-acdd-ea74cebf7e8b,v2063,Maxwell@display=pairwise
v2063,v1025,4d959969-12c9-4934-bcb0-01c74a0bca6d,v2063,Maxwell@display=pairwise
v2063,v1025,ab45a492-e076-489d-bd8f-39251a92f0ab,v2063,Maxwell@display=pairwise
,v1025,4c52ed79-8845-42cb-aab9-05e6faee8c9f,v2063,Maxwell@display=pairwise
v1025,v2063,48eca316-7304-41b7-8acb-7e678a3cbf48,v1025,Maxwell@display=pairwise
v1025,v1025,17ba7ccf-cde9-4ecc-92d6-17c706087da2,v2063,Maxwell@display=pairwise
v2063,v2063,8290678e-1f94-4619-af71-aa8892a717fa,v1025,Maxwell@display=pairwise
v4166,v2828,2b3373d8-d55d-4fe9-8c30-800e1e6ed65f,v4166,Maxwell@display=pairwise
v4166,v2828,35f7dbdd-4c2d-43df-8b5a-7885f17732b1,v4166,Maxwell@display=pairwise
v4166,v2828,ef859b1f-9de1-4cef-bd2b-3e0ac5b8a3b4,v4166,Maxwell@display=pairwise
v4166,v2828,9854f14d-4021-4f1b-80e7-36a684ed2e92,v4166,Maxwell@display=pairwise
v4166,v2828,0fe8a7e1-5dbc-4a2b-b956-4e18128d5353,v4166,Maxwell@display=pairwise
v4166,v2828,d4eabb9c-6f17-472b-ade4-3caa69edc47f,v4166,Maxwell@display=pairwise
v4166,v2828,065a8b4f-3767-4764-a1c4-2297a63ea309,v4166,Maxwell@display=pairwise
,v4166,00f56657-9793-4120-8471-bde6bce8e544,v2828,Maxwell@display=pairwise
v4166,v2828,ced05eb2-a974-4dcf-89fb-bf893f78b6aa,v4166,Maxwell@display=pairwise
v4166,v4166,a0379086-b099-4907-aa9d-8691ca28df83,v2828,Maxwell@display=pairwise
v1859,v1859,f703c144-8fe7-4731-ad56-faff59588dbe,v2328,Maxwell@display=pairwise
v2328,v1859,2a13fd1a-a20e-4bc2-8695-27ba20d2f10a,v2328,Maxwell@display=pairwise
v1859,v2328,586bb006-6a93-4927-ae5a-9b4956bceaa8,v1859,Maxwell@display=pairwise
v2328,v2328,3c83b2ee-f90f-4903-a067-8d46632b7b21,v1859,Maxwell@display=pairwise
v1859,v1859,31f2608d-f3b7-4fc9-aafc-8de3b8a2dcf0,v2328,Maxwell@display=pairwise
v1859,v1859,e0c1d00e-b138-4166-ac9f-cf7cfd33e902,v2328,Maxwell@display=pairwise
v1859,v1859,87cd4023-a010-48bb-9894-889f68df299a,v2328,Maxwell@display=pairwise
v1859,v2328,19ed7125-f9d4-4332-baa2-b57735cd4bae,v1859,Maxwell@display=pairwise
v2328,v1859,bdcbadd2-3661-4ece-a668-ae3da62a8e23,v2328,Maxwell@display=pairwise
v4034,v4034,69cac068-a949-4c4b-b8a5-17c0690ce86e,v0094,Maxwell@display=pairwise
v4034,v0094,551170cd-eec1-45e1-8fcb-38d560259044,v4034,Maxwell@display=pairwise
v4034,v4034,0dc3b28f-c989-4764-a5a3-7e2f40f51a16,v0094,Maxwell@display=pairwise
v4034,v4034,344d07d0-63a8-46e8-a5fa-10d7dec66115,v0094,Maxwell@display=pairwise
v4034,v4034,bcbd73bb-1a96-4b43-b689-5c7986900531,v0094,Maxwell@display=pairwise
v4034,v0094,cea10608-7dfd-4bf7-bf4e-af4e8d7dac5e,v4034,Maxwell@display=pairwise
v4034,v4034,0dc3b28f-c989-4764-a5a3-7e2f40f51a16,v0094,Maxwell@display=pairwise
v4034,v4034,1ef59f11-78bd-4a96-a606-4e12c0dd42dc,v0094,Maxwell@display=pairwise
v4034,v4034,5d191acd-806f-4f0a-873f-cff5ef5c5178,v0094,Maxwell@display=pairwise
v4034,v4034,1ef59f11-78bd-4a96-a606-4e12c0dd42dc,v0094,Maxwell@display=pairwise
v2635,v0032,c4def5d3-8498-4453-9086-653e4184d2c1,v2635,Maxwell@display=pairwise
v2635,v2635,9888d5ad-e5b5-422a-9ce4-268968886c2c,v0032,Maxwell@display=pairwise
v2635,v2635,5d191acd-806f-4f0a-873f-cff5ef5c5178,v0032,Maxwell@display=pairwise
v0032,v0032,1cb93b11-5310-4d5c-a726-b413659dd3b8,v2635,Maxwell@display=pairwise
,v0032,f19facc3-19e1-44d0-b4a8-eb2b60cb7a57,v2635,Maxwell@display=pairwise
v2635,v0032,7b13df41-d02b-4ab9-8b85-abff32c57a7f,v2635,Maxwell@display=pairwise
v2635,v2635,4d959969-12c9-4934-bcb0-01c74a0bca6d,v0032,Maxwell@display=pairwise
v2635,v2635,4d959969-12c9-4934-bcb0-01c74a0bca6d,v0032,Maxwell@display=pairwise
v2635,v0032,7b13df41-d02b-4ab9-8b85-abff32c57a7f,v2635,Maxwell@display=pairwise
v2635,v0032,3b229a65-310a-43d5-a784-9b94a939355b,v2635,Maxwell@display=pairwise
v2181,v2181,c8663594-fd63-46c0-be02-64eede925ed2,v0009,Maxwell@display=pairwise
v2181,v2181,76396a8d-ca15-44be-9133-717fbbe38de8,v0009,Maxwell@display=pairwise
,v2181,0e78195c-a819-41cf-901a-5b6f0b5dfbf6,v0009,Maxwell@display=pairwise
v2181,v2181,d698118d-3476-42e2-bac5-157c43bff05b,v0009,Maxwell@display=pairwise
v0009,v2181,359f764b-eac4-4deb-9a38-7bd22cda2792,v0009,Maxwell@display=pairwise
v0009,v0009,1044f2df-2216-4864-baa0-ea94b11f6744,v2181,Maxwell@display=pairwise
v2181,v2181,57c5b042-79d7-4bb7-8714-5d3808c5cd0e,v0009,Maxwell@display=pairwise
v2181,v2181,2a1b16a9-b4ee-455a-8a4b-deb12b06d791,v0009,Maxwell@display=pairwise
v2181,v0009,5d191acd-806f-4f0a-873f-cff5ef5c5178,v2181,Maxwell@display=pairwise
v2181,v2181,34739ea5-3239-4633-8c9d-4d1e70eb376d,v0009,Maxwell@display=pairwise
v2635,v2635,7b13df41-d02b-4ab9-8b85-abff32c57a7f,v1477,Maxwell@display=pairwise
,v2635,0dc3b28f-c989-4764-a5a3-7e2f40f51a16,v1477,Maxwell@display=pairwise
v1477,v1477,5d191acd-806f-4f0a-873f-cff5ef5c5178,v2635,Maxwell@display=pairwise
v2635,v2635,dc8279b9-0d8c-454c-b75d-13d31c30843d,v1477,Maxwell@display=pairwise
v2635,v1477,723aa930-ec56-4066-ae75-7504ed46fa1e,v2635,Maxwell@display=pairwise
v1477,v2635,97128514-e916-4347-930c-bb37857c48c0,v1477,Maxwell@display=pairwise
v1477,v2635,28674eee-cfc6-4ec4-a2f4-37fee5b5ec93,v1477,Maxwell@display=pairwise
,v2635,896aa6ba-af39-4dad-a16b-2b871323826d,v1477,Maxwell@display=pairwise
v2635,v1477,2feaf824-0ccc-4894-9bb4-63c40c53fe04,v2635,Maxwell@display=pairwise
v1477,v1477,965ff344-5fbe-416d-8965-9c65cf52ab41,v2635,Maxwell@display=pairwise
,v1447,5d191acd-806f-4f0a-873f-cff5ef5c5178,v2328,Maxwell@display=pairwise
v2328,v2328,7b13df41-d02b-4ab9-8b85-abff32c57a7f,v1447,Maxwell@display=pairwise
v1447,v1447,7b13df41-d02b-4ab9-8b85-abff32c57a7f,v2328,Maxwell@display=pairwise
v2328,v2328,586bb006-6a93-4927-ae5a-9b4956bceaa8,v1447,Maxwell@display=pairwise
v2328,v1447,551170cd-eec1-45e1-8fcb-38d560259044,v2328,Maxwell@display=pairwise
v2328,v2328,584a427c-0ddb-46df-87da-d6b34d3a6a48,v1447,Maxwell@display=pairwise
v2328,v1447,1ef59f11-78bd-4a96-a606-4e12c0dd42dc,v2328,Maxwell@display=pairwise
v1447,v1447,8cc2fb53-d4ad-40ed-a526-d4950f4902b4,v2328,Maxwell@display=pairwise
v2328,v2328,4fa29376-5b1b-425e-93ff-2bcf80f82251,v1447,Maxwell@display=pairwise
v1447,v1447,d41c6ea1-955c-405c-a5d3-b7d3d9114699,v2328,Maxwell@display=pairwise
v3740,v3740,2a1b16a9-b4ee-455a-8a4b-deb12b06d791,v0032,Maxwell@display=pairwise
v3740,v3740,2a1b16a9-b4ee-455a-8a4b-deb12b06d791,v0032,Maxwell@display=pairwise
v3740,v0032,76396a8d-ca15-44be-9133-717fbbe38de8,v3740,Maxwell@display=pairwise
v3740,v3740,2a1b16a9-b4ee-455a-8a4b-deb12b06d791,v0032,Maxwell@display=pairwise
v3740,v0032,76396a8d-ca15-44be-9133-717fbbe38de8,v3740,Maxwell@display=pairwise
v3740,v0032,1ecf32ce-e1db-4d42-b15f-56df3d197faa,v3740,Maxwell@display=pairwise
v0032,v0032,0dc3b28f-c989-4764-a5a3-7e2f40f51a16,v3740,Maxwell@display=pairwise
v3740,v3740,76396a8d-ca15-44be-9133-717fbbe38de8,v0032,Maxwell@display=pairwise
v3740,v0032,0e78195c-a819-41cf-901a-5b6f0b5dfbf6,v3740,Maxwell@display=pairwise
v0032,v3740,1ecf32ce-e1db-4d42-b15f-56df3d197faa,v0032,Maxwell@display=pairwise
v2181,v2181,45e47aba-742a-412f-9b0b-ac8a74e2f809,v1447,Maxwell@display=pairwise
v1447,v2181,e31be515-887d-4ea7-94f6-f82b0cf24a2c,v1447,Maxwell@display=pairwise
v2181,v2181,7b37ac90-7282-45c2-a24a-6ed9b9860183,v1447,Maxwell@display=pairwise
v2181,v1447,5d120453-9487-491e-954f-1aa89798fb80,v2181,Maxwell@display=pairwise
v2181,v2181,58a717b3-a840-4ad1-89d0-b8d2e0c5ba78,v1447,Maxwell@display=pairwise
v2181,v1447,d2274bbe-d5ac-4c27-8579-f0e4e7eeb3d3,v2181,Maxwell@display=pairwise
v2181,v1447,6d1409b9-6033-42e4-aa64-cd28900b3b16,v2181,Maxwell@display=pairwise
v2181,v2181,09f575b8-b536-4315-8bb0-a892ce0721ed,v1447,Maxwell@display=pairwise
,v2181,2168499d-6438-474d-96fc-7346737ee935,v1447,Maxwell@display=pairwise
,v1447,5db812e2-a89e-42af-b619-98c02720d311,v2181,Maxwell@display=pairwise
v3740,v3740,45e47aba-742a-412f-9b0b-ac8a74e2f809,v1394,Maxwell@display=pairwise
v3740,v1394,19d8041f-78dc-4148-92f4-1190481c0358,v3740,Maxwell@display=pairwise
v3740,v3740,b3971b04-db2d-4833-8e3c-75359f5b3cb8,v1394,Maxwell@display=pairwise
v3740,v1394,df58efd8-87a4-48d7-a704-7a213671bf20,v3740,Maxwell@display=pairwise
v3740,v1394,d89cf878-af30-4d2e-82be-a3486412cde9,v3740,Maxwell@display=pairwise
v3740,v1394,d94bd8df-f652-447c-ac56-476a6b31f32b,v3740,Maxwell@display=pairwise
v1394,v3740,d94bd8df-f652-447c-ac56-476a6b31f32b,v1394,Maxwell@display=pairwise
v3740,v1394,4cf27f34-7c95-4417-9203-7627dd0e8db3,v3740,Maxwell@display=pairwise
v1394,v3740,2dfbfbc1-0480-4959-a667-9ccd54f1060e,v1394,Maxwell@display=pairwise
v3740,v1394,30561a52-ca51-4d8f-9ce6-1b9e376ebb6b,v3740,Maxwell@display=pairwise
v1477,v1859,45e47aba-742a-412f-9b0b-ac8a74e2f809,v1477,Maxwell@display=pairwise
v1859,v1859,3518d8aa-f924-4243-b3f7-e6f08c02daae,v1477,Maxwell@display=pairwise
v1477,v1477,e337a584-ab3d-4d57-9cca-afe18b17d01a,v1859,Maxwell@display=pairwise
v1859,v1859,e337a584-ab3d-4d57-9cca-afe18b17d01a,v1477,Maxwell@display=pairwise
,v1859,ea3db677-ebb0-4e61-a506-68dd05ca5a54,v1477,Maxwell@display=pairwise
v1859,v1859,bf5b1043-3619-4e4e-8dd0-75a645dbd419,v1477,Maxwell@display=pairwise
v1859,v1859,cc2b08c4-b73c-48a9-95c6-b79cfa497b75,v1477,Maxwell@display=pairwise
v1859,v1859,e337a584-ab3d-4d57-9cca-afe18b17d01a,v1477,Maxwell@display=pairwise
v1859,v1859,e4076421-c718-4550-a279-71b8f41de5fd,v1477,Maxwell@display=pairwise
v1477,v1859,730d1fc7-c570-412c-8d46-89d91d650c41,v1477,Maxwell@display=pairwise
v3175,v2513,932f9ce4-0739-497e-8f65-1f75f828eb23,v3175,Maxwell@display=pairwise
v2513,v3175,48f2cfa8-d531-4045-860b-2c824728d65e,v2513,Maxwell@display=pairwise
v2513,v3175,f815ba71-3bae-4ac3-a309-f90f687325e0,v2513,Maxwell@display=pairwise
,v3175,badc275d-8c39-4e6d-9416-b53dc225505f,v2513,Maxwell@display=pairwise
,v3175,5cbb4909-5759-4ec5-b2d8-e2eddbd9f86e,v2513,Maxwell@display=pairwise
v2513,v2513,d6c9a5ed-1280-4497-91b4-033d6937541e,v3175,Maxwell@display=pairwise
v3175,v2513,f711bbae-43d6-40ce-9fdc-3eff7721a7c9,v3175,Maxwell@display=pairwise
v2513,v3175,4102f50c-9bd0-46b1-a432-2abc3ac76044,v2513,Maxwell@display=pairwise
v2513,v3175,4102f50c-9bd0-46b1-a432-2abc3ac76044,v2513,Maxwell@display=pairwise
v2513,v2513,d41c6ea1-955c-405c-a5d3-b7d3d9114699,v3175,Maxwell@display=pairwise
v4166,v2519,36626e5a-13d6-40ef-b3d5-3d9cc4dbdb4b,v4166,Maxwell@display=pairwise
,v4166,b8c63c99-2a85-402e-a74a-1969eeefd861,v2519,Maxwell@display=pairwise
v2519,v4166,e482d7ac-4b6f-4cff-b1d2-3e634bf5c721,v2519,Maxwell@display=pairwise
v4166,v2519,fdafe1fc-3bdb-472a-a91e-52abb2f5e78f,v4166,Maxwell@display=pairwise
v4166,v4166,258ea89f-8336-4d05-a59b-7ea1ea457784,v2519,Maxwell@display=pairwise
v4166,v4166,027d3766-10fa-4410-bda9-dfabae5b973f,v2519,Maxwell@display=pairwise
v4166,v4166,0d3dafc8-efe4-4f72-8d19-f15b19149fe4,v2519,Maxwell@display=pairwise
v2519,v4166,9185b4f4-7b4c-4c14-a224-c258d06bfa75,v2519,Maxwell@display=pairwise
v4166,v2519,d698118d-3476-42e2-bac5-157c43bff05b,v4166,Maxwell@display=pairwise
v2519,v2519,b0a4dc9c-8f85-4cb4-b0e0-aadbead32e5f,v4166,Maxwell@display=pairwise
v3583,v0265,932f9ce4-0739-497e-8f65-1f75f828eb23,v3583,Maxwell@display=pairwise
v0265,v0265,9fd16a85-5a0f-420e-85a4-099e823c41bc,v3583,Maxwell@display=pairwise
,v3583,36626e5a-13d6-40ef-b3d5-3d9cc4dbdb4b,v0265,Maxwell@display=pairwise
v3583,v0265,ef228dde-5278-429a-b581-bf6bdf7010cb,v3583,Maxwell@display=pairwise
v3583,v3583,5e14c80c-d87f-446e-9e94-80c9c0a62c3b,v0265,Maxwell@display=pairwise
v3583,v0265,4dbcfd34-f760-41d7-bc1e-0220aee5da69,v3583,Maxwell@display=pairwise
v3583,v0265,4989c9a7-2a48-4c9b-8088-387d0efcfb45,v3583,Maxwell@display=pairwise
v3583,v3583,4fc856c7-d2f0-44da-a97b-0af57f30e5a4,v0265,Maxwell@display=pairwise
v3583,v3583,d906e73c-afb6-4bc0-8cab-f6991cc560ba,v0265,Maxwell@display=pairwise
v4166,v1373,48f2cfa8-d531-4045-860b-2c824728d65e,v4166,Maxwell@display=pairwise
v4166,v1373,f815ba71-3bae-4ac3-a309-f90f687325e0,v4166,Maxwell@display=pairwise
v4166,v4166,c6a5f67c-5e3c-447c-8dd4-cf7aa57bb617,v1373,Maxwell@display=pairwise
v4166,v1373,f9d3357f-aea1-4746-8080-e4ebb0fb3ae0,v4166,Maxwell@display=pairwise
v4166,v4166,196d047d-4bfe-4054-bcf3-da76fe0ecb11,v1373,Maxwell@display=pairwise
v1373,v1373,7321c6b3-7020-45e2-bb9d-2ab101e5c7ae,v4166,Maxwell@display=pairwise
v4166,v4166,7321c6b3-7020-45e2-bb9d-2ab101e5c7ae,v1373,Maxwell@display=pairwise
v4166,v1373,e62d391b-52e4-4739-89b0-d8fe6a07ce47,v4166,Maxwell@display=pairwise
v4166,v1373,c373cb1c-b2ea-40dc-a923-bc767d23c95c,v4166,Maxwell@display=pairwise
v4511,v4034,9fde6f43-a5ca-4c47-a344-7575e5370d05,v4511,Maxwell@display=pairwise
v4511,v4511,9fde6f43-a5ca-4c47-a344-7575e5370d05,v4034,Maxwell@display=pairwise
v4511,v4034,d71a87a3-844a-46bd-9968-6f2321da861a,v4511,Maxwell@display=pairwise
v4034,v4511,148f22ba-ed8e-4f96-827b-2afb9db9e1d3,v4034,Maxwell@display=pairwise
v4511,v4511,1d9a8b4d-ed7d-4236-a2d3-b3e34d6c186b,v4034,Maxwell@display=pairwise
v4511,v4034,ae30bc61-78e0-4361-a5bc-9e7c1bbf8f1c,v4511,Maxwell@display=pairwise
v4034,v4034,a9bb321a-d4be-4f8e-aef5-0cdce93dd51c,v4511,Maxwell@display=pairwise
v4034,v4511,17f408f2-5335-4dad-a25b-77bd0f2e59db,v4034,Maxwell@display=pairwise
v4034,v4511,2ca645a6-7ef0-4fc3-9abd-cf3501109eae,v4034,Maxwell@display=pairwise
v4511,v4511,088c8375-45de-4caf-8da5-b1d72abe0de0,v4034,Maxwell@display=pairwise
v3583,v3583,ab45a492-e076-489d-bd8f-39251a92f0ab,v0530,Maxwell@display=pairwise
v0530,v0530,c760ddd8-8c12-4220-8cc5-204af2fa789c,v3583,Maxwell@display=pairwise
v3583,v0530,091f402d-0095-4fa9-9ace-d3b0675c296f,v3583,Maxwell@display=pairwise
v3583,v3583,6f27d33c-e38c-497e-92d6-941c4520a5cf,v0530,Maxwell@display=pairwise
v3583,v3583,1d2fe3ac-663b-4f21-b03e-4a409a53669e,v0530,Maxwell@display=pairwise
v0530,v0530,c760ddd8-8c12-4220-8cc5-204af2fa789c,v3583,Maxwell@display=pairwise
v3583,v3583,551170cd-eec1-45e1-8fcb-38d560259044,v0530,Maxwell@display=pairwise
v3583,v0530,d46aa3cf-4905-4b5d-af67-028746a98435,v3583,Maxwell@display=pairwise
v3583,v3583,edc7f90b-f3f0-4de1-a315-0e649efdbd0d,v0530,Maxwell@display=pairwise
v3583,v0530,9fde6f43-a5ca-4c47-a344-7575e5370d05,v3583,Maxwell@display=pairwise
v1447,v0162,14ec1f3e-c047-4d13-a2d6-76da32d9ed62,v1447,Maxwell@display=pairwise
v1447,v1447,626ad72c-299b-4c9e-97a8-63783caa4a83,v0162,Maxwell@display=pairwise
v1447,v0162,99d92158-abae-45a9-b49b-737ab2119fa3,v1447,Maxwell@display=pairwise
v1447,v1447,c3da73c8-c221-4822-b9db-e6a75018931f,v0162,Maxwell@display=pairwise
v1447,v1447,5090394e-8d39-48a3-b78a-4dff5726117d,v0162,Maxwell@display=pairwise
v1447,v0162,c3da73c8-c221-4822-b9db-e6a75018931f,v1447,Maxwell@display=pairwise
v1447,v1447,1ca99ba4-be7c-4a95-a57a-0005144b2eca,v0162,Maxwell@display=pairwise
v1447,v1447,79978944-2bb6-45ce-bd59-529f44c09c69,v0162,Maxwell@display=pairwise
v1447,v0162,c373cb1c-b2ea-40dc-a923-bc767d23c95c,v1447,Maxwell@display=pairwise
v1447,v0162,d71a87a3-844a-46bd-9968-6f2321da861a,v1447,Maxwell@display=pairwise
,v0824,3ae23a3a-cf84-443a-bd7a-188731da4225,v0530,Maxwell@display=pairwise
v0530,v0530,9c031cfb-cda8-4869-acc8-11ec9ff4d69f,v0824,Maxwell@display=pairwise
v0824,v0824,862cd654-5ac1-48c5-bd1f-650b43a68255,v0530,Maxwell@display=pairwise
v0530,v0530,af6e2deb-376c-413f-a86c-f5a9716169c9,v0824,Maxwell@display=pairwise
v0824,v0824,af6e2deb-376c-413f-a86c-f5a9716169c9,v0530,Maxwell@display=pairwise
v0824,v0824,4ea0873d-96ee-486c-bb32-18129db248af,v0530,Maxwell@display=pairwise
v0530,v0530,1e3cc6d0-8a93-4ccf-b54a-c049f3248c37,v0824,Maxwell@display=pairwise
v0530,v0530,cea10608-7dfd-4bf7-bf4e-af4e8d7dac5e,v0824,Maxwell@display=pairwise
v0530,v0530,4d22e541-90af-43bf-b2b9-955594802908,v0824,Maxwell@display=pairwise
v4034,v4034,a7bccc46-0fad-4e81-a217-16e8f6d660b4,v0529,Maxwell@display=pairwise
v4034,v4034,0d3dafc8-efe4-4f72-8d19-f15b19149fe4,v0529,Maxwell@display=pairwise
v0529,v4034,1d9a8b4d-ed7d-4236-a2d3-b3e34d6c186b,v0529,Maxwell@display=pairwise
v4034,v0529,49091e64-faa5-49f7-8e9d-a491f64fc35c,v4034,Maxwell@display=pairwise
v4034,v0529,965ff344-5fbe-416d-8965-9c65cf52ab41,v4034,Maxwell@display=pairwise
v4034,v0529,c8a8c2c5-cbde-4269-8b36-a3b928ca2d67,v4034,Maxwell@display=pairwise
v4034,v4034,87cd4023-a010-48bb-9894-889f68df299a,v0529,Maxwell@display=pairwise
v4034,v4034,ec7a9023-9cdd-445b-934e-d5c95de760d5,v0529,Maxwell@display=pairwise
v4034,v0529,dc2d7783-e288-48d3-9954-ac7aaf84073e,v4034,Maxwell@display=pairwise
v4034,v0529,2dfbfbc1-0480-4959-a667-9ccd54f1060e,v4034,Maxwell@display=pairwise
,v3583,a3325c83-0a68-4363-ba47-16edb8edbff7,v1397,Maxwell@display=pairwise
v3583,v1397,ea62dadb-d0bf-416b-a83e-6823c24a7822,v3583,Maxwell@display=pairwise
,v1397,763852f1-e766-4548-82da-08f5e6450ba6,v3583,Maxwell@display=pairwise
,v3583,896aa6ba-af39-4dad-a16b-2b871323826d,v1397,Maxwell@display=pairwise
v3583,v1397,fdafe1fc-3bdb-472a-a91e-52abb2f5e78f,v3583,Maxwell@display=pairwise
v3583,v3583,b1bb1cd5-b196-4cc9-8e55-a11b14166a3b,v1397,Maxwell@display=pairwise
v1397,v1397,684094ed-89c7-4c9e-a0f8-8c629bf0ac49,v3583,Maxwell@display=pairwise
v3583,v1397,8ab07bc5-0ee7-4c8d-9e27-22e5c6da8bc1,v3583,Maxwell@display=pairwise
v3583,v1397,a2093909-503b-438b-bf75-c9807e56810a,v3583,Maxwell@display=pairwise
v3583,v1397,6720d5b6-4318-4c40-9831-c43eee9e9653,v3583,Maxwell@display=pairwise
v3292,v3292,da27f497-76a6-4237-94e9-559acb0ba008,v0032,Maxwell@display=pairwise
v3292,v0032,96c92880-627b-4c93-b3ce-2a6d076c8abf,v3292,Maxwell@display=pairwise
v3292,v3292,25a377ea-74e1-4faa-bdd2-1a426ae7a7bc,v0032,Maxwell@display=pairwise
v3292,v0032,198f7471-260c-4e71-98e1-e01c3c130b14,v3292,Maxwell@display=pairwise
v3292,v3292,df148d87-9cdb-4f62-b773-355587d7b51f,v0032,Maxwell@display=pairwise
v0032,v0032,9888d5ad-e5b5-422a-9ce4-268968886c2c,v3292,Maxwell@display=pairwise
v3292,v0032,4592796c-7285-48a6-b77f-e5d5c08af6c0,v3292,Maxwell@display=pairwise
,v3292,896aa6ba-af39-4dad-a16b-2b871323826d,v0032,Maxwell@display=pairwise
v3292,v3292,148a0216-b671-4cdd-992c-7aba2d0b85cb,v0032,Maxwell@display=pairwise
v3292,v3292,2feaf824-0ccc-4894-9bb4-63c40c53fe04,v0032,Maxwell@display=pairwise
v2525,v2083,da27f497-76a6-4237-94e9-559acb0ba008,v2525,Maxwell@display=pairwise
v2525,v2525,dc1081cb-7773-4571-b027-33c4446f75ed,v2083,Maxwell@display=pairwise
v2083,v2525,198f7471-260c-4e71-98e1-e01c3c130b14,v2083,Maxwell@display=pairwise
v2525,v2525,df148d87-9cdb-4f62-b773-355587d7b51f,v2083,Maxwell@display=pairwise
v2083,v2525,a59e7494-5d6d-4bca-a5c0-7c769da374f1,v2083,Maxwell@display=pairwise
v2525,v2525,284eb320-ce3d-48b3-99f0-b07eda1cc7ed,v2083,Maxwell@display=pairwise
v2083,v2525,d46aa3cf-4905-4b5d-af67-028746a98435,v2083,Maxwell@display=pairwise
v2525,v2525,db9ea501-dc60-469e-99e5-17b4bcfcb6fb,v2083,Maxwell@display=pairwise
,v2525,0c8ca1c9-aaa4-495b-a350-de53a2de024b,v2083,Maxwell@display=pairwise
v2525,v2525,712ea676-4242-48ad-8b1c-1851c5c289ec,v2083,Maxwell@display=pairwise
v4511,v4511,7b13df41-d02b-4ab9-8b85-abff32c57a7f,v0265,Maxwell@display=pairwise
v4511,v0265,ef859b1f-9de1-4cef-bd2b-3e0ac5b8a3b4,v4511,Maxwell@display=pairwise
v4511,v4511,2a1b16a9-b4ee-455a-8a4b-deb12b06d791,v0265,Maxwell@display=pairwise
v4511,v0265,69cac068-a949-4c4b-b8a5-17c0690ce86e,v4511,Maxwell@display=pairwise
v4511,v4511,76396a8d-ca15-44be-9133-717fbbe38de8,v0265,Maxwell@display=pairwise
v0265,v4511,76396a8d-ca15-44be-9133-717fbbe38de8,v0265,Maxwell@display=pairwise
v4511,v0265,c4028c28-4dc8-43ed-837f-6a102925f0a7,v4511,Maxwell@display=pairwise
v4511,v0265,1f073ed6-cf9c-4eed-aa27-85dfc3f34f60,v4511,Maxwell@display=pairwise
v4511,v0265,1581d9ba-baf0-47a6-9d2b-56bf103d5193,v4511,Maxwell@display=pairwise
v2889,v2889,1ef59f11-78bd-4a96-a606-4e12c0dd42dc,v2419,Maxwell@display=pairwise
v2419,v2889,7b13df41-d02b-4ab9-8b85-abff32c57a7f,v2419,Maxwell@display=pairwise
v2889,v2419,cd54525c-5942-4876-b3c3-0c6d37cf3f6b,v2889,Maxwell@display=pairwise
,v2889,69cac068-a949-4c4b-b8a5-17c0690ce86e,v2419,Maxwell@display=pairwise
v2889,v2889,b1bb1cd5-b196-4cc9-8e55-a11b14166a3b,v2419,Maxwell@display=pairwise
,v2889,0e78195c-a819-41cf-901a-5b6f0b5dfbf6,v2419,Maxwell@display=pairwise
v2889,v2419,38c262d4-c1a0-4fa7-a248-d22e30007be5,v2889,Maxwell@display=pairwise
,v2419,0dc3b28f-c989-4764-a5a3-7e2f40f51a16,v2889,Maxwell@display=pairwise
v2889,v2419,e17e2dcf-3979-4b09-8713-28d55d90138b,v2889,Maxwell@display=pairwise
v2889,v2889,ec7a9023-9cdd-445b-934e-d5c95de760d5,v2419,Maxwell@display=pairwise
,v3292,965ff344-5fbe-416d-8965-9c65cf52ab41,v0824,Maxwell@display=pairwise
v3292,v0824,b1bb1cd5-b196-4cc9-8e55-a11b14166a3b,v3292,Maxwell@display=pairwise
v3292,v0824,edc7f90b-f3f0-4de1-a315-0e649efdbd0d,v3292,Maxwell@display=pairwise
,v3292,30561a52-ca51-4d8f-9ce6-1b9e376ebb6b,v0824,Maxwell@display=pairwise
v3292,v3292,7362c712-28f5-4b3b-a8e7-274ce94aae4b,v0824,Maxwell@display=pairwise
v3292,v0824,7b13df41-d02b-4ab9-8b85-abff32c57a7f,v3292,Maxwell@display=pairwise
v3292,v3292,c760ddd8-8c12-4220-8cc5-204af2fa789c,v0824,Maxwell@display=pairwise
,v3292,63543963-7fe0-4e5d-bb45-c5303123a3d0,v0824,Maxwell@display=pairwise
v0824,v3292,b3971b04-db2d-4833-8e3c-75359f5b3cb8,v0824,Maxwell@display=pairwise
v3292,v0824,a370270f-41ec-4770-a029-71ceb6225e7b,v3292,Maxwell@display=pairwise
v1859,v3175,2a1b16a9-b4ee-455a-8a4b-deb12b06d791,v1859,Maxwell@display=pairwise
v3175,v1859,e2414b46-7c69-407b-9c61-a18878f36403,v3175,Maxwell@display=pairwise
v1859,v1859,69cac068-a949-4c4b-b8a5-17c0690ce86e,v3175,Maxwell@display=pairwise
v3175,v1859,76396a8d-ca15-44be-9133-717fbbe38de8,v3175,Maxwell@display=pairwise
v1859,v1859,69cac068-a949-4c4b-b8a5-17c0690ce86e,v3175,Maxwell@display=pairwise
v1859,v3175,f19facc3-19e1-44d0-b4a8-eb2b60cb7a57,v1859,Maxwell@display=pairwise
v1859,v1859,763852f1-e766-4548-82da-08f5e6450ba6,v3175,Maxwell@display=pairwise
v3175,v3175,34739ea5-3239-4633-8c9d-4d1e70eb376d,v1859,Maxwell@display=pairwise
v1859,v3175,2b8c1e14-fdc9-4c52-a214-1887ac95a9ba,v1859,Maxwell@display=pairwise
v1859,v1859,2a1b16a9-b4ee-455a-8a4b-deb12b06d791,v3175,Maxwell@display=pairwise
v1190,v1190,f19facc3-19e1-44d0-b4a8-eb2b60cb7a57,v3740,Maxwell@display=pairwise
v1190,v1190,4727324f-737a-4ff6-9d12-84ae58106891,v3740,Maxwell@display=pairwise
v1190,v1190,96c92880-627b-4c93-b3ce-2a6d076c8abf,v3740,Maxwell@display=pairwise
v1190,v1190,a2093909-503b-438b-bf75-c9807e56810a,v3740,Maxwell@display=pairwise
v3740,v1190,3b229a65-310a-43d5-a784-9b94a939355b,v3740,Maxwell@display=pairwise
v3740,v1190,3b229a65-310a-43d5-a784-9b94a939355b,v3740,Maxwell@display=pairwise
v3740,v1190,93650a77-b874-44f5-a36e-8c9163eee72e,v3740,Maxwell@display=pairwise
v1190,v3740,a4e3e3a6-b8aa-48da-9a14-17048d8a2153,v1190,Maxwell@display=pairwise
,v1190,a1e319ac-953b-46f3-b0d8-c4b43561d7fe,v3740,Maxwell@display=pairwise
,v3740,4532ad54-b06d-4086-9aee-ff09a9391a08,v1190,Maxwell@display=pairwise
v3355,v2801,09705fe5-aaef-4009-9eaf-7f6ef1693c89,v3355,Maxwell@display=pairwise
v3355,v2801,76396a8d-ca15-44be-9133-717fbbe38de8,v3355,Maxwell@display=pairwise
v2801,v3355,f6f6b226-3ab0-4a3c-84fb-0ce9390db359,v2801,Maxwell@display=pairwise
v2801,v2801,76396a8d-ca15-44be-9133-717fbbe38de8,v3355,Maxwell@display=pairwise
v3355,v2801,2a1b16a9-b4ee-455a-8a4b-deb12b06d791,v3355,Maxwell@display=pairwise
v3355,v3355,2a1b16a9-b4ee-455a-8a4b-deb12b06d791,v2801,Maxwell@display=pairwise
v3355,v2801,2a1b16a9-b4ee-455a-8a4b-deb12b06d791,v3355,Maxwell@display=pairwise
v3355,v3355,f19facc3-19e1-44d0-b4a8-eb2b60cb7a57,v2801,Maxwell@display=pairwise
v3355,v3355,2a1b16a9-b4ee-455a-8a4b-deb12b06d791,v2801,Maxwell@display=pairwise
v3355,v3355,76396a8d-ca15-44be-9133-717fbbe38de8,v2801,Maxwell@display=pairwise
v2349,v0886,f19facc3-19e1-44d0-b4a8-eb2b60cb7a57,v2349,Maxwell@display=pairwise
v2349,v2349,19d8041f-78dc-4148-92f4-1190481c0358,v0886,Maxwell@display=pairwise
v2349,v0886,0e78195c-a819-41cf-901a-5b6f0b5dfbf6,v2349,Maxwell@display=pairwise
v2349,v0886,0e78195c-a819-41cf-901a-5b6f0b5dfbf6,v2349,Maxwell@display=pairwise
v2349,v0886,69cac068-a949-4c4b-b8a5-17c0690ce86e,v2349,Maxwell@display=pairwise
v2349,v2349,1ef59f11-78bd-4a96-a606-4e12c0dd42dc,v0886,Maxwell@display=pairwise
v2349,v0886,dc8279b9-0d8c-454c-b75d-13d31c30843d,v2349,Maxwell@display=pairwise
v2349,v0886,617ae86c-fc97-402a-ba65-8994258b69e0,v2349,Maxwell@display=pairwise
v2349,v0886,fdeab250-0277-4490-bcf0-de3d8c630a98,v2349,Maxwell@display=pairwise
v2349,v2349,d0c823c4-c423-43a3-96bb-7f91f3fd8621,v0886,Maxwell@display=pairwise
v4235,v4235,f19facc3-19e1-44d0-b4a8-eb2b60cb7a57,v2328,Maxwell@display=pairwise
v4235,v4235,dc1081cb-7773-4571-b027-33c4446f75ed,v2328,Maxwell@display=pairwise
v4235,v2328,dc1081cb-7773-4571-b027-33c4446f75ed,v4235,Maxwell@display=pairwise
v4235,v2328,5d120453-9487-491e-954f-1aa89798fb80,v4235,Maxwell@display=pairwise
v2328,v2328,c377aeaf-60e4-4bc1-8080-5619345d590c,v4235,Maxwell@display=pairwise
v2328,v2328,4d86c7c5-5db7-417f-a214-04a9b2e84841,v4235,Maxwell@display=pairwise
v2328,v4235,4d86c7c5-5db7-417f-a214-04a9b2e84841,v2328,Maxwell@display=pairwise
v2328,v4235,d4bb2ace-733e-49f7-9178-3c58fe2fb813,v2328,Maxwell@display=pairwise
v4235,v2328,d5a0fb87-aa9c-42e7-8db5-0c41338699d2,v4235,Maxwell@display=pairwise
v2328,v2328,152a0477-3c32-40f2-b0e2-738202586ba4,v4235,Maxwell@display=pairwise
,v4235,8bd3e413-e73f-4b53-95b8-506af8c32cdf,v0009,Maxwell@display=pairwise
v4235,v4235,9185b4f4-7b4c-4c14-a224-c258d06bfa75,v0009,Maxwell@display=pairwise
,v4235,8914cf47-88ab-4d93-ac8c-414469cd4a72,v0009,Maxwell@display=pairwise
v4235,v4235,d3ceb26c-6541-4b11-adf3-11f11a7fe362,v0009,Maxwell@display=pairwise
v4235,v0009,28674eee-cfc6-4ec4-a2f4-37fee5b5ec93,v4235,Maxwell@display=pairwise
v4235,v4235,065a8b4f-3767-4764-a1c4-2297a63ea309,v0009,Maxwell@display=pairwise
v4235,v4235,00f56657-9793-4120-8471-bde6bce8e544,v0009,Maxwell@display=pairwise
v4235,v0009,d5ba3837-38e1-4aec-bd7c-cb069a23e8c1,v4235,Maxwell@display=pairwise
v4235,v4235,9a1954b1-10f1-4709-bae2-faaa266102f5,v0009,Maxwell@display=pairwise
v4235,v4235,c49821d5-18a2-4c47-912d-5e29660b0b92,v0009,Maxwell@display=pairwise
v1190,v2181,662dd61e-a5a4-42a7-b739-1d7fb2c92563,v1190,Maxwell@display=pairwise
v2181,v1190,d83aba4d-3e51-4ba3-9f02-e7119f127b9e,v2181,Maxwell@display=pairwise
v1190,v2181,bedf7c78-8aa7-4a43-963b-b2cd27c47c87,v1190,Maxwell@display=pairwise
v1190,v2181,6170ba87-4f35-47bc-a781-b9703236d88f,v1190,Maxwell@display=pairwise
v1190,v1190,662dd61e-a5a4-42a7-b739-1d7fb2c92563,v2181,Maxwell@display=pairwise
v1190,v2181,662dd61e-a5a4-42a7-b739-1d7fb2c92563,v1190,Maxwell@display=pairwise
v1190,v1190,0630eeac-73c4-4677-83c8-f714f6e289a9,v2181,Maxwell@display=pairwise
v1190,v2181,73c3b426-5640-464d-8768-26eb4631fe7e,v1190,Maxwell@display=pairwise
v1190,v2181,8d7947e2-f6a6-48dd-93ff-f4ec519e9f67,v1190,Maxwell@display=pairwise
v2181,v1190,8ab07bc5-0ee7-4c8d-9e27-22e5c6da8bc1,v2181,Maxwell@display=pairwise
v3583,v3583,a4914634-9c3a-4b63-ba2f-eae01b722ce6,v0328,Maxwell@display=pairwise
v3583,v3583,bb28c3d5-6528-4f53-bc09-6bf84b42a7fb,v0328,Maxwell@display=pairwise
v3583,v3583,bb28c3d5-6528-4f53-bc09-6bf84b42a7fb,v0328,Maxwell@display=pairwise
v3583,v0328,2dc384e2-d08c-47ed-a933-eb91ec6fb38b,v3583,Maxwell@display=pairwise
,v0328,90741ce5-a5d8-4430-8051-715ff3ef5e49,v3583,Maxwell@display=pairwise
v3583,v3583,bb124c47-757c-4a7c-a0d4-8c10f384baa9,v0328,Maxwell@display=pairwise
v3583,v3583,8495c523-2b4b-49a1-86b4-5210ff9e0038,v0328,Maxwell@display=pairwise
v3583,v3583,79c3a676-3b48-40b3-80e7-da62c1543eaf,v0328,Maxwell@display=pairwise
v3583,v3583,359f764b-eac4-4deb-9a38-7bd22cda2792,v0328,Maxwell@display=pairwise
v3583,v0328,5ca4290f-c11a-446f-a475-6105dde0b57f,v3583,Maxwell@display=pairwise
v2328,v2328,4727324f-737a-4ff6-9d12-84ae58106891,v2801,Maxwell@display=pairwise
v2801,v2328,f9d3357f-aea1-4746-8080-e4ebb0fb3ae0,v2801,Maxwell@display=pairwise
v2328,v2328,258ea89f-8336-4d05-a59b-7ea1ea457784,v2801,Maxwell@display=pairwise
,v2801,1bc15f08-5e0e-4bcb-9390-fef0c1eb2c89,v2328,Maxwell@display=pairwise
,v2801,68ef565a-1042-4da3-904c-bcf7b3530ccd,v2328,Maxwell@display=pairwise
v2801,v2801,065a8b4f-3767-4764-a1c4-2297a63ea309,v2328,Maxwell@display=pairwise
v2328,v2801,c239ae1a-841e-4d54-a08c-d85c41ac1c6f,v2328,Maxwell@display=pairwise
v2328,v2801,75cae008-0dbc-41be-8295-da701fdf0dba,v2328,Maxwell@display=pairwise
v2328,v2328,5db3738a-9acb-4d81-9255-362c61e080bf,v2801,Maxwell@display=pairwise
,v2328,2168499d-6438-474d-96fc-7346737ee935,v2801,Maxwell@display=pairwise
v2328,v1984,9854f14d-4021-4f1b-80e7-36a684ed2e92,v2328,Maxwell@display=pairwise
v2328,v2328,9859b693-6c9f-44ff-8038-a8397db0a1b4,v1984,Maxwell@display=pairwise
v2328,v2328,25a377ea-74e1-4faa-bdd2-1a426ae7a7bc,v1984,Maxwell@display=pairwise
v1984,v2328,2d1de15b-04c3-4111-abe6-569785e78caa,v1984,Maxwell@display=pairwise
,v1984,a2093909-503b-438b-bf75-c9807e56810a,v2328,Maxwell@display=pairwise
v2328,v2328,8d7947e2-f6a6-48dd-93ff-f4ec519e9f67,v1984,Maxwell@display=pairwise
,v1984,379768c0-f55e-4655-bf28-0d6c6b75c288,v2328,Maxwell@display=pairwise
v1984,v2328,1dee3556-55f2-4afa-9290-ed47655d33bb,v1984,Maxwell@display=pairwise
v2328,v2328,c373cb1c-b2ea-40dc-a923-bc767d23c95c,v1984,Maxwell@display=pairwise
v1373,v1373,9854f14d-4021-4f1b-80e7-36a684ed2e92,v1394,Maxwell@display=pairwise
v1373,v1394,81bbbdfd-6271-4cd2-8c33-a6894757ca13,v1373,Maxwell@display=pairwise
v1373,v1373,51b8e6dd-0e31-4784-9b1a-6247028d8968,v1394,Maxwell@display=pairwise
v1373,v1394,62182adc-a9e3-409b-94a5-c4c180d9f3b7,v1373,Maxwell@display=pairwise
,v1373,065a8b4f-3767-4764-a1c4-2297a63ea309,v1394,Maxwell@display=pairwise
v1373,v1373,3d7fe021-5960-477b-910a-b9019bd40c53,v1394,Maxwell@display=pairwise
v1373,v1373,f52b764c-6af0-4c94-8cdd-65f0f56a1931,v1394,Maxwell@display=pairwise
v1373,v1373,22ca127c-db37-4eac-a88d-3184529fba6d,v1394,Maxwell@display=pairwise
v1373,v1373,adc336f2-1af3-4f27-8deb-9a83f894b2f2,v1394,Maxwell@display=pairwise
v1477,v0878,9854f14d-4021-4f1b-80e7-36a684ed2e92,v1477,Maxwell@display=pairwise
v0878,v1477,96c92880-627b-4c93-b3ce-2a6d076c8abf,v0878,Maxwell@display=pairwise
v0878,v1477,a2093909-503b-438b-bf75-c9807e56810a,v0878,Maxwell@display=pairwise
v0878,v0878,6720d5b6-4318-4c40-9831-c43eee9e9653,v1477,Maxwell@display=pairwise
v1477,v0878,fe6afd5a-8da5-49b6-af0b-9f6049662f8b,v1477,Maxwell@display=pairwise
v1477,v1477,aabfee8b-fee9-4c73-bd6b-0a4b92c72528,v0878,Maxwell@display=pairwise
v0878,v0878,626ad72c-299b-4c9e-97a8-63783caa4a83,v1477,Maxwell@display=pairwise
v0878,v1477,2d3e655e-b512-4a49-909c-3db4efbcdfcc,v0878,Maxwell@display=pairwise
v1477,v0878,eb1d4001-2c9c-463a-8ab8-6fe20a5c24ce,v1477,Maxwell@display=pairwise
v1190,v1190,1f8bd8c6-3318-40af-a7a4-5f919048341c,v2349,Maxwell@display=pairwise
v1190,v1190,684094ed-89c7-4c9e-a0f8-8c629bf0ac49,v2349,Maxwell@display=pairwise
v2349,v1190,8ab07bc5-0ee7-4c8d-9e27-22e5c6da8bc1,v2349,Maxwell@display=pairwise
v1190,v2349,09aa3d60-2327-4a62-a385-c9877f16fa3d,v1190,Maxwell@display=pairwise
v1190,v1190,f085de64-19bb-4f44-9ae2-2dc5700abca0,v2349,Maxwell@display=pairwise
v2349,v2349,7923b5e3-11d0-48ca-937d-4b08a7ecead4,v1190,Maxwell@display=pairwise
v1190,v2349,9b4634c9-30c1-4725-8f52-815faf943025,v1190,Maxwell@display=pairwise
v2349,v2349,ca5e860d-cf4b-4c4a-bac3-1b0cd8646b53,v1190,Maxwell@display=pairwise
v2349,v2349,a4e3e3a6-b8aa-48da-9a14-17048d8a2153,v1190,Maxwell@display=pairwise
v1397,v0032,1f8bd8c6-3318-40af-a7a4-5f919048341c,v1397,Maxwell@display=pairwise
,v0032,8c5659b8-fe6f-4539-911f-1647d4975226,v1397,Maxwell@display=pairwise
v1397,v1397,7b37ac90-7282-45c2-a24a-6ed9b9860183,v0032,Maxwell@display=pairwise
v0032,v0032,09aa3d60-2327-4a62-a385-c9877f16fa3d,v1397,Maxwell@display=pairwise
v1397,v1397,e3b8bb83-c52a-4ef2-b875-665689a58489,v0032,Maxwell@display=pairwise
v0032,v0032,a9bb321a-d4be-4f8e-aef5-0cdce93dd51c,v1397,Maxwell@display=pairwise
v0032,v1397,a0f1f4c5-8d22-403c-a1e7-b9c24cc01c54,v0032,Maxwell@display=pairwise
,v0032,d5a0fb87-aa9c-42e7-8db5-0c41338699d2,v1397,Maxwell@display=pairwise
v1397,v1397,d698118d-3476-42e2-bac5-157c43bff05b,v0032,Maxwell@display=pairwise
v0032,v1397,d7bcfd1a-e16b-4218-af32-20e97bd8fa5d,v0032,Maxwell@display=pairwise
v1394,v1394,1f8bd8c6-3318-40af-a7a4-5f919048341c,v0824,Maxwell@display=pairwise
v1394,v1394,5ca80653-5ca4-4a63-a5e9-7c13c6f6ef4e,v0824,Maxwell@display=pairwise
v0824,v0824,5ca80653-5ca4-4a63-a5e9-7c13c6f6ef4e,v1394,Maxwell@display=pairwise
v1394,v1394,94853c24-e68d-4875-ae6f-521994d9fef0,v0824,Maxwell@display=pairwise
v1394,v1394,c2e135df-30eb-46ef-95b2-80bff450c273,v0824,Maxwell@display=pairwise
v1394,v1394,5b7941b2-f536-4d14-bc56-02d70068e6a3,v0824,Maxwell@display=pairwise
v1394,v0824,c239ae1a-841e-4d54-a08c-d85c41ac1c6f,v1394,Maxwell@display=pairwise
v0824,v1394,cd54525c-5942-4876-b3c3-0c6d37cf3f6b,v0824,Maxwell@display=pairwise
v1394,v0824,16741407-ab8f-42d4-a0de-61154fca3785,v1394,Maxwell@display=pairwise
,v0824,09e4aacf-b969-495a-9de2-c294927e736b,v1394,Maxwell@display=pairwise
v1859,v0032,1a697bb8-d9f1-49f6-9754-ceec345fab0b,v1859,Maxwell@display=pairwise
v1859,v1859,e474dceb-3868-44c8-b6e1-3933415860c2,v0032,Maxwell@display=pairwise
v1859,v1859,fd639556-f319-4397-9f9e-2d8827de7111,v0032,Maxwell@display=pairwise
v1859,v0032,d533bf7d-c4d1-4fe2-8cc0-827cac324a4a,v1859,Maxwell@display=pairwise
v1859,v1859,1a697bb8-d9f1-49f6-9754-ceec345fab0b,v0032,Maxwell@display=pairwise
v1859,v1859,43f3609f-011d-4814-a492-2102dce2a488,v0032,Maxwell@display=pairwise
v1859,v0032,a7550373-0046-4ec6-807a-39b62d0656ce,v1859,Maxwell@display=pairwise
v1859,v1859,e474dceb-3868-44c8-b6e1-3933415860c2,v0032,Maxwell@display=pairwise
v1859,v0032,cc66f008-3ba4-41b3-a1c3-0b1697a27ebe,v1859,Maxwell@display=pairwise
v1859,v0032,a7550373-0046-4ec6-807a-39b62d0656ce,v1859,Maxwell@display=pairwise
v3355,v3355,a36304a0-0663-4875-8856-0bae1782c522,v3292,Maxwell@display=pairwise
v3355,v3292,03ae0255-9a1b-4221-a10a-b208aa6f1aa9,v3355,Maxwell@display=pairwise
v3355,v3292,1a697bb8-d9f1-49f6-9754-ceec345fab0b,v3355,Maxwell@display=pairwise
v3355,v3292,a7550373-0046-4ec6-807a-39b62d0656ce,v3355,Maxwell@display=pairwise
v3355,v3292,d39c5247-3bfe-426f-87db-6d7ca30b9f8c,v3355,Maxwell@display=pairwise
v3355,v3292,3ad86774-50a3-47dd-823a-338f6d663701,v3355,Maxwell@display=pairwise
v3355,v3292,43f3609f-011d-4814-a492-2102dce2a488,v3355,Maxwell@display=pairwise
v3355,v3355,43f3609f-011d-4814-a492-2102dce2a488,v3292,Maxwell@display=pairwise
,v3355,d077f67b-ff36-4cfa-b5d1-ffa5a6ca4bf2,v3292,Maxwell@display=pairwise
v3355,v3292,7923b5e3-11d0-48ca-937d-4b08a7ecead4,v3355,Maxwell@display=pairwise
v3583,v2635,1a697bb8-d9f1-49f6-9754-ceec345fab0b,v3583,Maxwell@display=pairwise
v2635,v2635,17f408f2-5335-4dad-a25b-77bd0f2e59db,v3583,Maxwell@display=pairwise
v3583,v2635,a7550373-0046-4ec6-807a-39b62d0656ce,v3583,Maxwell@display=pairwise
v3583,v2635,d533bf7d-c4d1-4fe2-8cc0-827cac324a4a,v3583,Maxwell@display=pairwise
v3583,v3583,e474dceb-3868-44c8-b6e1-3933415860c2,v2635,Maxwell@display=pairwise
v3583,v3583,e474dceb-3868-44c8-b6e1-3933415860c2,v2635,Maxwell@display=pairwise
v3583,v2635,e0c1d00e-b138-4166-ac9f-cf7cfd33e902,v3583,Maxwell@display=pairwise
v3583,v3583,d533bf7d-c4d1-4fe2-8cc0-827cac324a4a,v2635,Maxwell@display=pairwise
v3583,v2635,e474dceb-3868-44c8-b6e1-3933415860c2,v3583,Maxwell@display=pairwise
v3583,v2635,617ae86c-fc97-402a-ba65-8994258b69e0,v3583,Maxwell@display=pairwise
v4511,v4511,1a697bb8-d9f1-49f6-9754-ceec345fab0b,v3740,Maxwell@display=pairwise
v4511,v3740,03ae0255-9a1b-4221-a10a-b208aa6f1aa9,v4511,Maxwell@display=pairwise
v4511,v4511,d077f67b-ff36-4cfa-b5d1-ffa5a6ca4bf2,v3740,Maxwell@display=pairwise
v4511,v4511,026c8690-22a2-4ca3-b37e-73c29dcf0858,v3740,Maxwell@display=pairwise
v3740,v4511,f1338919-3049-404e-9297-43ad044caf39,v3740,Maxwell@display=pairwise
v4511,v3740,d533bf7d-c4d1-4fe2-8cc0-827cac324a4a,v4511,Maxwell@display=pairwise
v4511,v3740,43f3609f-011d-4814-a492-2102dce2a488,v4511,Maxwell@display=pairwise
v4511,v3740,03ae0255-9a1b-4221-a10a-b208aa6f1aa9,v4511,Maxwell@display=pairwise
v4511,v4511,43f3609f-011d-4814-a492-2102dce2a488,v3740,Maxwell@display=pairwise
,v4511,d077f67b-ff36-4cfa-b5d1-ffa5a6ca4bf2,v3740,Maxwell@display=pairwise
v4235,v2801,dffc54fe-ae03-4e35-a6cd-21c7789bed4e,v4235,Maxwell@display=pairwise
v2801,v2801,a7550373-0046-4ec6-807a-39b62d0656ce,v4235,Maxwell@display=pairwise
v4235,v4235,1a697bb8-d9f1-49f6-9754-ceec345fab0b,v2801,Maxwell@display=pairwise
v4235,v2801,9a13acb4-7038-4936-8528-49b8f8676860,v4235,Maxwell@display=pairwise
v2801,v2801,3ad86774-50a3-47dd-823a-338f6d663701,v4235,Maxwell@display=pairwise
v4235,v4235,a7550373-0046-4ec6-807a-39b62d0656ce,v2801,Maxwell@display=pairwise
v4235,v4235,e474dceb-3868-44c8-b6e1-3933415860c2,v2801,Maxwell@display=pairwise
v4235,v2801,1a697bb8-d9f1-49f6-9754-ceec345fab0b,v4235,Maxwell@display=pairwise
v2801,v2801,8914cf47-88ab-4d93-ac8c-414469cd4a72,v4235,Maxwell@display=pairwise
v2801,v4235,3ad86774-50a3-47dd-823a-338f6d663701,v2801,Maxwell@display=pairwise
v2181,v3583,03ae0255-9a1b-4221-a10a-b208aa6f1aa9,v2181,Maxwell@display=pairwise
v2181,v2181,d077f67b-ff36-4cfa-b5d1-ffa5a6ca4bf2,v3583,Maxwell@display=pairwise
v3583,v2181,1a697bb8-d9f1-49f6-9754-ceec345fab0b,v3583,Maxwell@display=pairwise
,v2181,d077f67b-ff36-4cfa-b5d1-ffa5a6ca4bf2,v3583,Maxwell@display=pairwise
v3583,v3583,601526eb-3031-4f1f-9986-21b3aba14da1,v2181,Maxwell@display=pairwise
v3583,v2181,1a697bb8-d9f1-49f6-9754-ceec345fab0b,v3583,Maxwell@display=pairwise
v2181,v2181,d077f67b-ff36-4cfa-b5d1-ffa5a6ca4bf2,v3583,Maxwell@display=pairwise
,v2181,e474dceb-3868-44c8-b6e1-3933415860c2,v3583,Maxwell@display=pairwise
,v2181,50d836a8-9b8a-4427-9d9e-d47323c64913,v3583,Maxwell@display=pairwise
v2181,v2181,a7550373-0046-4ec6-807a-39b62d0656ce,v3583,Maxwell@display=pairwise
v2513,v2328,cea10608-7dfd-4bf7-bf4e-af4e8d7dac5e,v2513,Maxwell@display=pairwise
,v2328,965ff344-5fbe-416d-8965-9c65cf52ab41,v2513,Maxwell@display=pairwise
v2328,v2513,3ad86774-50a3-47dd-823a-338f6d663701,v2328,Maxwell@display=pairwise
v2513,v2328,03ae0255-9a1b-4221-a10a-b208aa6f1aa9,v2513,Maxwell@display=pairwise
v2513,v2513,e474dceb-3868-44c8-b6e1-3933415860c2,v2328,Maxwell@display=pairwise
,v2513,aabfee8b-fee9-4c73-bd6b-0a4b92c72528,v2328,Maxwell@display=pairwise
v2328,v2328,3ad86774-50a3-47dd-823a-338f6d663701,v2513,Maxwell@display=pairwise
v2328,v2513,d077f67b-ff36-4cfa-b5d1-ffa5a6ca4bf2,v2328,Maxwell@display=pairwise
v2513,v2513,25a377ea-74e1-4faa-bdd2-1a426ae7a7bc,v2328,Maxwell@display=pairwise
,v2513,ac166e95-9dbb-4135-b90a-07e696f0a50c,v2328,Maxwell@display=pairwise
v0265,v0265,73c3b426-5640-464d-8768-26eb4631fe7e,v1477,Maxwell@display=pairwise
v1477,v0265,21cdd095-3223-44a1-bbae-ecc5b4f9c9aa,v1477,Maxwell@display=pairwise
v1477,v0265,5d120453-9487-491e-954f-1aa89798fb80,v1477,Maxwell@display=pairwise
v0265,v1477,43f3609f-011d-4814-a492-2102dce2a488,v0265,Maxwell@display=pairwise
v0265,v0265,a801b479-113e-4832-87fc-1561080418bb,v1477,Maxwell@display=pairwise
v1477,v0265,2ca645a6-7ef0-4fc3-9abd-cf3501109eae,v1477,Maxwell@display=pairwise
v1477,v0265,e474dceb-3868-44c8-b6e1-3933415860c2,v1477,Maxwell@display=pairwise
v0265,v1477,43f3609f-011d-4814-a492-2102dce2a488,v0265,Maxwell@display=pairwise
v0265,v1477,3ad86774-50a3-47dd-823a-338f6d663701,v0265,Maxwell@display=pairwise
v1477,v0265,03ae0255-9a1b-4221-a10a-b208aa6f1aa9,v1477,Maxwell@display=pairwise
v2083,v2801,3ad86774-50a3-47dd-823a-338f6d663701,v2083,Maxwell@display=pairwise
v2801,v2801,d533bf7d-c4d1-4fe2-8cc0-827cac324a4a,v2083,Maxwell@display=pairwise
,v2083,d0c823c4-c423-43a3-96bb-7f91f3fd8621,v2801,Maxwell@display=pairwise
v2801,v2801,3ad86774-50a3-47dd-823a-338f6d663701,v2083,Maxwell@display=pairwise
v2801,v2083,79c3a676-3b48-40b3-80e7-da62c1543eaf,v2801,Maxwell@display=pairwise
v2083,v2801,a7550373-0046-4ec6-807a-39b62d0656ce,v2083,Maxwell@display=pairwise
v2083,v2083,03ae0255-9a1b-4221-a10a-b208aa6f1aa9,v2801,Maxwell@display=pairwise
v2801,v2801,5fa03c38-e27e-4f64-8734-7be0dfe4d9c7,v2083,Maxwell@display=pairwise
v2083,v2801,a7550373-0046-4ec6-807a-39b62d0656ce,v2083,Maxwell@display=pairwise
v2801,v2801,026c8690-22a2-4ca3-b37e-73c29dcf0858,v2083,Maxwell@display=pairwise
,v0314,d077f67b-ff36-4cfa-b5d1-ffa5a6ca4bf2,v0824,Maxwell@display=pairwise
v0824,v0314,a7550373-0046-4ec6-807a-39b62d0656ce,v0824,Maxwell@display=pairwise
v0824,v0824,25a377ea-74e1-4faa-bdd2-1a426ae7a7bc,v0314,Maxwell@display=pairwise
v0824,v0824,0630eeac-73c4-4677-83c8-f714f6e289a9,v0314,Maxwell@display=pairwise
v0824,v0824,e474dceb-3868-44c8-b6e1-3933415860c2,v0314,Maxwell@display=pairwise
,v0314,763852f1-e766-4548-82da-08f5e6450ba6,v0824,Maxwell@display=pairwise
v0824,v0314,dd67b30b-2e2b-44b0-a821-5ef9f5daaeeb,v0824,Maxwell@display=pairwise
v0314,v0314,f711bbae-43d6-40ce-9fdc-3eff7721a7c9,v0824,Maxwell@display=pairwise
,v0314,b0a4dc9c-8f85-4cb4-b0e0-aadbead32e5f,v0824,Maxwell@display=pairwise
v0314,v0824,3ad86774-50a3-47dd-823a-338f6d663701,v0314,Maxwell@display=pairwise
v2635,v2083,a7550373-0046-4ec6-807a-39b62d0656ce,v2635,Maxwell@display=pairwise
v2635,v2635,12af1ee7-72cf-412b-95e3-35dd7ad7d1d6,v2083,Maxwell@display=pairwise
v2083,v2635,28078593-bd58-4e49-88f5-c7909b406342,v2083,Maxwell@display=pairwise
v2635,v2083,d533bf7d-c4d1-4fe2-8cc0-827cac324a4a,v2635,Maxwell@display=pairwise
v2083,v2083,03ae0255-9a1b-4221-a10a-b208aa6f1aa9,v2635,Maxwell@display=pairwise
v2083,v2083,b03c8d70-1916-4f7d-a03a-f96397ce85d6,v2635,Maxwell@display=pairwise
v2635,v2635,d533bf7d-c4d1-4fe2-8cc0-827cac324a4a,v2083,Maxwell@display=pairwise
v2083,v2635,3ad86774-50a3-47dd-823a-338f6d663701,v2083,Maxwell@display=pairwise
v2635,v2083,f5d6e1f3-6569-4a5e-b109-b9871c084d4b,v2635,Maxwell@display=pairwise
v2083,v2635,7777504d-190e-4865-ab1d-44476ebb48d1,v2083,Maxwell@display=pairwise
v0529,v0529,bedf7c78-8aa7-4a43-963b-b2cd27c47c87,v2828,Maxwell@display=pairwise
v0529,v0529,c51af6df-1b56-4a5e-b016-174981e37b7c,v2828,Maxwell@display=pairwise
v2828,v0529,bedf7c78-8aa7-4a43-963b-b2cd27c47c87,v2828,Maxwell@display=pairwise
v2828,v2828,86c3fdc9-9648-4efc-ba1f-d8b06b701e87,v0529,Maxwell@display=pairwise
v0529,v2828,38c262d4-c1a0-4fa7-a248-d22e30007be5,v0529,Maxwell@display=pairwise
v2828,v0529,db9ea501-dc60-469e-99e5-17b4bcfcb6fb,v2828,Maxwell@display=pairwise
v2828,v0529,dc2d7783-e288-48d3-9954-ac7aaf84073e,v2828,Maxwell@display=pairwise
v2828,v0529,662dd61e-a5a4-42a7-b739-1d7fb2c92563,v2828,Maxwell@display=pairwise
v0529,v2828,701d9632-11da-4c45-b5a9-9ef109bd0705,v0529,Maxwell@display=pairwise
v2828,v2828,c51af6df-1b56-4a5e-b016-174981e37b7c,v0529,Maxwell@display=pairwise
v1190,v2889,0d3dafc8-efe4-4f72-8d19-f15b19149fe4,v1190,Maxwell@display=pairwise
v1190,v1190,8590a9f9-2ebf-4c1a-92e7-b7ed9bf29a0e,v2889,Maxwell@display=pairwise
v1190,v1190,d67a763c-3129-46e5-8a1c-450bff6ca19d,v2889,Maxwell@display=pairwise
v2889,v1190,62182adc-a9e3-409b-94a5-c4c180d9f3b7,v2889,Maxwell@display=pairwise
v1190,v1190,2d1de15b-04c3-4111-abe6-569785e78caa,v2889,Maxwell@display=pairwise
v1190,v1190,184ea99b-88b2-410a-8041-f9980509d0f3,v2889,Maxwell@display=pairwise
v1190,v2889,86ac8bcb-62d0-479c-a775-8d1fbd5ee8c9,v1190,Maxwell@display=pairwise
v1190,v1190,850c7762-5ebc-4c04-b264-d14e50f37130,v2889,Maxwell@display=pairwise
v1190,v1190,ddd61b5c-dc4a-4146-8ae2-ae9ff73fb5d8,v2889,Maxwell@display=pairwise
v1190,v1190,fb12b62f-7110-41dc-8ec7-a99eccbb04d0,v2889,Maxwell@display=pairwise
,v1859,05e840a4-3de4-447b-b859-e633d767fd6a,v0824,Maxwell@display=pairwise
,v1859,05e840a4-3de4-447b-b859-e633d767fd6a,v0824,Maxwell@display=pairwise
v1859,v1859,3fb4c47e-e723-4f8f-9933-f39a498c7374,v0824,Maxwell@display=pairwise
v1859,v0824,cf421e49-e692-42d6-98e8-aae5324da76e,v1859,Maxwell@display=pairwise
v1859,v0824,cf421e49-e692-42d6-98e8-aae5324da76e,v1859,Maxwell@display=pairwise
v1859,v0824,71d414a2-7da8-44c1-a7cb-4e81f84eb38a,v1859,Maxwell@display=pairwise
v1859,v1859,1032350e-f02d-40d9-8fe8-0a7feb5fc808,v0824,Maxwell@display=pairwise
v1859,v1859,94299678-0cff-4f0a-815f-9ebb17345759,v0824,Maxwell@display=pairwise
v0824,v1859,847d79d3-f147-41e8-91ea-6097016d7bb0,v0824,Maxwell@display=pairwise
v1859,v1859,87e8a297-f718-4c2c-b36e-ad49b5f87820,v0824,Maxwell@display=pairwise
v2513,v2513,05e840a4-3de4-447b-b859-e633d767fd6a,v1394,Maxwell@display=pairwise
v1394,v1394,f19945e8-447a-46eb-adcc-ff690853c250,v2513,Maxwell@display=pairwise
v2513,v1394,cf421e49-e692-42d6-98e8-aae5324da76e,v2513,Maxwell@display=pairwise
v1394,v1394,4150d97c-eefc-4853-8768-c3caf08a8bcc,v2513,Maxwell@display=pairwise
,v1394,73a73e84-049f-4333-b732-088c123456d5,v2513,Maxwell@display=pairwise
v1394,v1394,73a73e84-049f-4333-b732-088c123456d5,v2513,Maxwell@display=pairwise
v2513,v2513,5205edb7-6d64-4112-ae96-e72eec1451b2,v1394,Maxwell@display=pairwise
v1394,v2513,0b4069bf-814c-4e56-bd46-d37b8f058ea5,v1394,Maxwell@display=pairwise
v1394,v2513,5ccc3ed0-25fd-4916-814e-1434152dda5f,v1394,Maxwell@display=pairwise
v2513,v1394,dd67b30b-2e2b-44b0-a821-5ef9f5daaeeb,v2513,Maxwell@display=pairwise
v4235,v1447,4532ad54-b06d-4086-9aee-ff09a9391a08,v4235,Maxwell@display=pairwise
v4235,v1447,377d9610-aa18-4c37-a9ae-61f22bd5fe5e,v4235,Maxwell@display=pairwise
v4235,v1447,96c92880-627b-4c93-b3ce-2a6d076c8abf,v4235,Maxwell@display=pairwise
v4235,v4235,992cc7e1-caa5-4e29-9a5c-8107bae22aaa,v1447,Maxwell@display=pairwise
v4235,v1447,a2093909-503b-438b-bf75-c9807e56810a,v4235,Maxwell@display=pairwise
v4235,v1447,35848222-14fa-4e1a-838c-efac9c195ea5,v4235,Maxwell@display=pairwise
v4235,v4235,df148d87-9cdb-4f62-b773-355587d7b51f,v1447,Maxwell@display=pairwise
v4235,v4235,86ac8bcb-62d0-479c-a775-8d1fbd5ee8c9,v1447,Maxwell@display=pairwise
v4235,v4235,96c92880-627b-4c93-b3ce-2a6d076c8abf,v1447,Maxwell@display=pairwise
v4235,v1447,aabfee8b-fee9-4c73-bd6b-0a4b92c72528,v4235,Maxwell@display=pairwise
v4166,v2083,198f7471-260c-4e71-98e1-e01c3c130b14,v4166,Maxwell@display=pairwise
v4166,v4166,6c195b05-5754-4268-aaec-09c6fa8d20ce,v2083,Maxwell@display=pairwise
v4166,v4166,5205edb7-6d64-4112-ae96-e72eec1451b2,v2083,Maxwell@display=pairwise
v2083,v2083,8590a9f9-2ebf-4c1a-92e7-b7ed9bf29a0e,v4166,Maxwell@display=pairwise
v4166,v2083,5bd6d7d7-bd09-4636-be21-b00626f71358,v4166,Maxwell@display=pairwise
v4166,v2083,dc1081cb-7773-4571-b027-33c4446f75ed,v4166,Maxwell@display=pairwise
v4166,v4166,4150d97c-eefc-4853-8768-c3caf08a8bcc,v2083,Maxwell@display=pairwise
v4166,v4166,73a73e84-049f-4333-b732-088c123456d5,v2083,Maxwell@display=pairwise
v4166,v2083,cf421e49-e692-42d6-98e8-aae5324da76e,v4166,Maxwell@display=pairwise
v4166,v2083,6a7b1dd4-b79f-4017-b161-b8de06e3d2b9,v4166,Maxwell@display=pairwise
v2419,v1477,dc1081cb-7773-4571-b027-33c4446f75ed,v2419,Maxwell@display=pairwise
v2419,v2419,8590a9f9-2ebf-4c1a-92e7-b7ed9bf29a0e,v1477,Maxwell@display=pairwise
,v1477,bc760378-ddd6-4614-a376-7a3c39de225e,v2419,Maxwell@display=pairwise
v1477,v2419,2d1de15b-04c3-4111-abe6-569785e78caa,v1477,Maxwell@display=pairwise
v1477,v2419,6720d5b6-4318-4c40-9831-c43eee9e9653,v1477,Maxwell@display=pairwise
v1477,v2419,58a717b3-a840-4ad1-89d0-b8d2e0c5ba78,v1477,Maxwell@display=pairwise
v2419,v2419,31f2608d-f3b7-4fc9-aafc-8de3b8a2dcf0,v1477,Maxwell@display=pairwise
v2419,v1477,93650a77-b874-44f5-a36e-8c9163eee72e,v2419,Maxwell@display=pairwise
v1477,v2419,5ca4290f-c11a-446f-a475-6105dde0b57f,v1477,Maxwell@display=pairwise
v2419,v1477,5f5c5157-bc4e-4779-9793-2661ff057066,v2419,Maxwell@display=pairwise
,v0529,7007cb66-6248-4ffb-9d99-061a7a2b9859,v3175,Maxwell@display=pairwise
,v3175,7007cb66-6248-4ffb-9d99-061a7a2b9859,v0529,Maxwell@display=pairwise
v0529,v0529,2361ceac-d622-404d-ad76-7e85d587926e,v3175,Maxwell@display=pairwise
v0529,v3175,8c5659b8-fe6f-4539-911f-1647d4975226,v0529,Maxwell@display=pairwise
v3175,v3175,b7ea617c-5ad5-4087-9795-bfd98e396875,v0529,Maxwell@display=pairwise
v0529,v0529,0de1e2fe-9589-46ff-ad16-6a47adb8c61a,v3175,Maxwell@display=pairwise
v3175,v0529,1581d9ba-baf0-47a6-9d2b-56bf103d5193,v3175,Maxwell@display=pairwise
v3175,v3175,298bd5e1-5cb8-4d9b-b7a7-2d7fcac00e91,v0529,Maxwell@display=pairwise
v0529,v0529,2feaf824-0ccc-4894-9bb4-63c40c53fe04,v3175,Maxwell@display=pairwise
v2801,v2801,a7a93a58-0185-4a02-be01-554e229a1446,v3065,Maxwell@display=pairwise
v2801,v2801,97128514-e916-4347-930c-bb37857c48c0,v3065,Maxwell@display=pairwise
v2801,v2801,81bbbdfd-6271-4cd2-8c33-a6894757ca13,v3065,Maxwell@display=pairwise
v2801,v2801,c3da73c8-c221-4822-b9db-e6a75018931f,v3065,Maxwell@display=pairwise
v2801,v3065,9859b693-6c9f-44ff-8038-a8397db0a1b4,v2801,Maxwell@display=pairwise
v2801,v3065,09e4aacf-b969-495a-9de2-c294927e736b,v2801,Maxwell@display=pairwise
v2801,v2801,09e4aacf-b969-495a-9de2-c294927e736b,v3065,Maxwell@display=pairwise
v3065,v2801,2446fec6-a38b-400c-b3fa-911eda094d0e,v3065,Maxwell@display=pairwise
v3065,v2801,8581928a-3670-48d2-b55c-34685f7de132,v3065,Maxwell@display=pairwise
v3355,v3355,9185b4f4-7b4c-4c14-a224-c258d06bfa75,v0328,Maxwell@display=pairwise
v3355,v3355,f815ba71-3bae-4ac3-a309-f90f687325e0,v0328,Maxwell@display=pairwise
v3355,v0328,b75ed7ec-fc7e-4170-917d-244db89f64a2,v3355,Maxwell@display=pairwise
v3355,v0328,4574d033-c347-4886-a115-d34cee6778a1,v3355,Maxwell@display=pairwise
v3355,v0328,4574d033-c347-4886-a115-d34cee6778a1,v3355,Maxwell@display=pairwise
v3355,v3355,df58efd8-87a4-48d7-a704-7a213671bf20,v0328,Maxwell@display=pairwise
v3355,v0328,9d91b01f-a800-4b2b-b343-d61dc7eaf041,v3355,Maxwell@display=pairwise
v3355,v0328,3fb4c47e-e723-4f8f-9933-f39a498c7374,v3355,Maxwell@display=pairwise
v3355,v0328,a1e319ac-953b-46f3-b0d8-c4b43561d7fe,v3355,Maxwell@display=pairwise
,v3355,b8c63c99-2a85-402e-a74a-1969eeefd861,v0328,Maxwell@display=pairwise
v3583,v3583,5bb3993d-a33e-4c46-b25a-22c22b9ad7a0,v2828,Maxwell@display=pairwise
v3583,v2828,5abb0625-0b84-4432-801d-e33a2c4185b8,v3583,Maxwell@display=pairwise
,v3583,b75ed7ec-fc7e-4170-917d-244db89f64a2,v2828,Maxwell@display=pairwise
v3583,v2828,4574d033-c347-4886-a115-d34cee6778a1,v3583,Maxwell@display=pairwise
v3583,v3583,723ecde4-3695-4235-afdf-bb230a3f2707,v2828,Maxwell@display=pairwise
v3583,v2828,dffc54fe-ae03-4e35-a6cd-21c7789bed4e,v3583,Maxwell@display=pairwise
v3583,v2828,5e14c80c-d87f-446e-9e94-80c9c0a62c3b,v3583,Maxwell@display=pairwise
v3583,v3583,4c9f3ef1-1be5-4b46-b834-89e3cd2a94a2,v2828,Maxwell@display=pairwise
v3583,v3583,c2931a8d-05d8-4b93-b015-421665fe4364,v2828,Maxwell@display=pairwise
v0886,v1394,c51af6df-1b56-4a5e-b016-174981e37b7c,v0886,Maxwell@display=pairwise
v0886,v0886,c51af6df-1b56-4a5e-b016-174981e37b7c,v1394,Maxwell@display=pairwise
v0886,v0886,2886de17-6865-4f59-8f24-9afbd87a36af,v1394,Maxwell@display=pairwise
v0886,v1394,c3da73c8-c221-4822-b9db-e6a75018931f,v0886,Maxwell@display=pairwise
v0886,v1394,1c633216-85cf-4854-b853-de600421a67d,v0886,Maxwell@display=pairwise
v0886,v1394,601526eb-3031-4f1f-9986-21b3aba14da1,v0886,Maxwell@display=pairwise
v0886,v1394,c51af6df-1b56-4a5e-b016-174981e37b7c,v0886,Maxwell@display=pairwise
v0886,v1394,6170ba87-4f35-47bc-a781-b9703236d88f,v0886,Maxwell@display=pairwise
,v0886,90741ce5-a5d8-4430-8051-715ff3ef5e49,v1394,Maxwell@display=pairwise
v1394,v0886,bab736be-b6c3-4a0a-8930-23ed65f562f2,v1394,Maxwell@display=pairwise
v0886,v3065,8babccc1-e414-4e5f-ae9b-a16091977afb,v0886,Maxwell@display=pairwise
v3065,v0886,e482d7ac-4b6f-4cff-b1d2-3e634bf5c721,v3065,Maxwell@display=pairwise
,v0886,5cbb4909-5759-4ec5-b2d8-e2eddbd9f86e,v3065,Maxwell@display=pairwise
,v0886,5cbb4909-5759-4ec5-b2d8-e2eddbd9f86e,v3065,Maxwell@display=pairwise
v0886,v3065,d6c9a5ed-1280-4497-91b4-033d6937541e,v0886,Maxwell@display=pairwise
v0886,v0886,3ceee84d-5b67-4517-bb80-572756bac2c2,v3065,Maxwell@display=pairwise
v3065,v3065,b0a4dc9c-8f85-4cb4-b0e0-aadbead32e5f,v0886,Maxwell@display=pairwise
v0886,v3065,88e1894f-6a8c-4dd4-99e5-7b852ff42587,v0886,Maxwell@display=pairwise
v0886,v3065,690c2e17-352c-4b13-88ff-f1e031cfec7e,v0886,Maxwell@display=pairwise
v3065,v0886,d41c6ea1-955c-405c-a5d3-b7d3d9114699,v3065,Maxwell@display=pairwise
v1447,v1447,7f08b892-b28e-4bb4-b4cf-984fa40d6182,v0009,Maxwell@display=pairwise
v1447,v1447,c602f6cd-39d9-4602-ae7e-64276e63f32d,v0009,Maxwell@display=pairwise
v1447,v1447,996d4f04-efe4-4b10-9ba5-28b5dca74aed,v0009,Maxwell@display=pairwise
v1447,v0009,74774369-6832-45e0-a007-4e3032922409,v1447,Maxwell@display=pairwise
,v1447,521bbf97-967f-4b9d-934b-100de0d7d370,v0009,Maxwell@display=pairwise
v1447,v1447,74774369-6832-45e0-a007-4e3032922409,v0009,Maxwell@display=pairwise
v1447,v0009,eb3af9c6-1fbd-4507-b9d7-a8050cea1f9a,v1447,Maxwell@display=pairwise
v1447,v0009,49091e64-faa5-49f7-8e9d-a491f64fc35c,v1447,Maxwell@display=pairwise
v1447,v0009,74774369-6832-45e0-a007-4e3032922409,v1447,Maxwell@display=pairwise
v1447,v0009,74774369-6832-45e0-a007-4e3032922409,v1447,Maxwell@display=pairwise
v3065,v0094,17ba7ccf-cde9-4ecc-92d6-17c706087da2,v3065,Maxwell@display=pairwise
v3065,v3065,40b42448-fc87-43de-971a-c7c073b71ff7,v0094,Maxwell@display=pairwise
v3065,v0094,40b42448-fc87-43de-971a-c7c073b71ff7,v3065,Maxwell@display=pairwise
v3065,v3065,cea10608-7dfd-4bf7-bf4e-af4e8d7dac5e,v0094,Maxwell@display=pairwise
v3065,v0094,40b42448-fc87-43de-971a-c7c073b71ff7,v3065,Maxwell@display=pairwise
v3065,v3065,72650adb-e74b-4566-aece-9fbc4d64d47d,v0094,Maxwell@display=pairwise
v3065,v0094,f9d3357f-aea1-4746-8080-e4ebb0fb3ae0,v3065,Maxwell@display=pairwise
v3065,v0094,40b42448-fc87-43de-971a-c7c073b71ff7,v3065,Maxwell@display=pairwise
v3065,v3065,c2931a8d-05d8-4b93-b015-421665fe4364,v0094,Maxwell@display=pairwise
v3065,v0094,40b42448-fc87-43de-971a-c7c073b71ff7,v3065,Maxwell@display=pairwise
,v0265,d9c24ced-2640-4502-9de4-cfc5bcd74967,v2801,Maxwell@display=pairwise
v2801,v0265,5826cad1-e0ae-480c-a6a3-3f6fd53569fa,v2801,Maxwell@display=pairwise
v0265,v2801,f147ea5d-89fe-4ac0-b2e1-30974a77591f,v0265,Maxwell@display=pairwise
,v0265,b75ed7ec-fc7e-4170-917d-244db89f64a2,v2801,Maxwell@display=pairwise
v2801,v2801,ed0092e8-c319-447b-a041-b75a08c6d0bd,v0265,Maxwell@display=pairwise
v2801,v2801,07a3654d-ca98-438e-b300-d0ee18dcb45f,v0265,Maxwell@display=pairwise
,v0265,9ede4d3e-ee31-4bd1-980a-75ced4a17656,v2801,Maxwell@display=pairwise
v0265,v0265,75187b75-792e-4a2a-8959-7a9b23e0ea24,v2801,Maxwell@display=pairwise
v2801,v0265,bab736be-b6c3-4a0a-8930-23ed65f562f2,v2801,Maxwell@display=pairwise
,v4125,0fb1e4b4-7c94-4585-b44d-2a132f3d2e59,v0886,Maxwell@display=pairwise
v0886,v0886,0fb1e4b4-7c94-4585-b44d-2a132f3d2e59,v4125,Maxwell@display=pairwise
v4125,v0886,ff5bd754-d1d5-47d5-8cdd-ba09f18067ba,v4125,Maxwell@display=pairwise
v4125,v0886,675f447b-904a-4d45-8b26-abe75689ec70,v4125,Maxwell@display=pairwise
v4125,v0886,74774369-6832-45e0-a007-4e3032922409,v4125,Maxwell@display=pairwise
v4125,v4125,675f447b-904a-4d45-8b26-abe75689ec70,v0886,Maxwell@display=pairwise
v4125,v0886,d447edbb-f45a-4002-bb44-2d71ecf93471,v4125,Maxwell@display=pairwise
v4125,v4125,d9c24ced-2640-4502-9de4-cfc5bcd74967,v0886,Maxwell@display=pairwise
v4125,v4125,7f08b892-b28e-4bb4-b4cf-984fa40d6182,v0886,Maxwell@display=pairwise
,v0886,0fb1e4b4-7c94-4585-b44d-2a132f3d2e59,v4125,Maxwell@display=pairwise
v2828,v2635,d9c24ced-2640-4502-9de4-cfc5bcd74967,v2828,Maxwell@display=pairwise
v2635,v2635,7b6e20cf-14ac-40b3-aa99-d26500b0f503,v2828,Maxwell@display=pairwise
v2828,v2828,03183d72-50e8-4e1d-b6c9-97bb58ba8b6d,v2635,Maxwell@display=pairwise
v2828,v2635,03183d72-50e8-4e1d-b6c9-97bb58ba8b6d,v2828,Maxwell@display=pairwise
,v2635,ea3db677-ebb0-4e61-a506-68dd05ca5a54,v2828,Maxwell@display=pairwise
v2828,v2828,b8283f80-554f-404a-936c-a4114b3184d8,v2635,Maxwell@display=pairwise
v2635,v2828,723ecde4-3695-4235-afdf-bb230a3f2707,v2635,Maxwell@display=pairwise
v2635,v2635,50b29053-fdd9-4485-920f-42263ca9e9fb,v2828,Maxwell@display=pairwise
v2635,v2635,344d07d0-63a8-46e8-a5fa-10d7dec66115,v2828,Maxwell@display=pairwise
v2635,v2635,fb12b62f-7110-41dc-8ec7-a99eccbb04d0,v2828,Maxwell@display=pairwise
v2801,v2801,01f1ebd7-d031-4b6c-9c2b-e6e64c207dbe,v0886,Maxwell@display=pairwise
v0886,v2801,c9e36c3c-b003-43bc-8558-26d476b0a20d,v0886,Maxwell@display=pairwise
v0886,v2801,6ee42a58-0d17-477c-b60f-4bf0f2eec782,v0886,Maxwell@display=pairwise
v2801,v2801,11b57023-0038-4da7-9328-34ce0bd22606,v0886,Maxwell@display=pairwise
,v0886,19da1622-4523-4766-8ee2-c68a94aba13f,v2801,Maxwell@display=pairwise
v2801,v0886,17f408f2-5335-4dad-a25b-77bd0f2e59db,v2801,Maxwell@display=pairwise
v2801,v0886,ca5e860d-cf4b-4c4a-bac3-1b0cd8646b53,v2801,Maxwell@display=pairwise
v2801,v2801,26c3096a-edfc-482a-8d3c-5739d09b6bda,v0886,Maxwell@display=pairwise
,v0886,088c8375-45de-4caf-8da5-b1d72abe0de0,v2801,Maxwell@display=pairwise
v4166,v4034,43641f2c-9c5f-4450-a8d2-51e7dde0ec97,v4166,Maxwell@display=pairwise
,v4034,f815ba71-3bae-4ac3-a309-f90f687325e0,v4166,Maxwell@display=pairwise
v4034,v4034,118e07a5-5d2c-405c-8ce0-e462951bf1c8,v4166,Maxwell@display=pairwise
v4166,v4034,62182adc-a9e3-409b-94a5-c4c180d9f3b7,v4166,Maxwell@display=pairwise
v4166,v4034,36626e5a-13d6-40ef-b3d5-3d9cc4dbdb4b,v4166,Maxwell@display=pairwise
v4034,v4034,ed0092e8-c319-447b-a041-b75a08c6d0bd,v4166,Maxwell@display=pairwise
v4166,v4034,e0c1d00e-b138-4166-ac9f-cf7cfd33e902,v4166,Maxwell@display=pairwise
v4166,v4166,4c9f3ef1-1be5-4b46-b834-89e3cd2a94a2,v4034,Maxwell@display=pairwise
,v4034,43e0e111-055c-43b5-b09c-bee2f7542636,v4166,Maxwell@display=pairwise
v4166,v4166,2feaf824-0ccc-4894-9bb4-63c40c53fe04,v4034,Maxwell@display=pairwise
,v1447,2b8c1e14-fdc9-4c52-a214-1887ac95a9ba,v1394,Maxwell@display=pairwise
v1394,v1447,662dd61e-a5a4-42a7-b739-1d7fb2c92563,v1394,Maxwell@display=pairwise
,v1394,35a5fd4a-c3d1-456f-81f3-f5489dcf64c7,v1447,Maxwell@display=pairwise
v1447,v1394,f815ba71-3bae-4ac3-a309-f90f687325e0,v1447,Maxwell@display=pairwise
v1447,v1394,f6c8adba-af1d-4784-8dbe-6fdc966f01ca,v1447,Maxwell@display=pairwise
v1394,v1447,bedf7c78-8aa7-4a43-963b-b2cd27c47c87,v1394,Maxwell@display=pairwise
v1447,v1394,4d41abd8-8939-4aaf-8d9b-3eeaca78e042,v1447,Maxwell@display=pairwise
v1394,v1394,662dd61e-a5a4-42a7-b739-1d7fb2c92563,v1447,Maxwell@display=pairwise
,v1394,4dea2b70-1476-45e6-a255-7bcc1601369b,v1447,Maxwell@display=pairwise
v1447,v1394,b37cf829-f3ab-45f0-b043-f1ab634e7a57,v1447,Maxwell@display=pairwise
v4097,v3355,bedf7c78-8aa7-4a43-963b-b2cd27c47c87,v4097,Maxwell@display=pairwise
v4097,v4097,f540594e-acb6-4701-95ba-930d80b00b7a,v3355,Maxwell@display=pairwise
v4097,v4097,f147ea5d-89fe-4ac0-b2e1-30974a77591f,v3355,Maxwell@display=pairwise
v4097,v3355,6170ba87-4f35-47bc-a781-b9703236d88f,v4097,Maxwell@display=pairwise
v4097,v3355,662dd61e-a5a4-42a7-b739-1d7fb2c92563,v4097,Maxwell@display=pairwise
v4097,v4097,662dd61e-a5a4-42a7-b739-1d7fb2c92563,v3355,Maxwell@display=pairwise
v3355,v4097,bedf7c78-8aa7-4a43-963b-b2cd27c47c87,v3355,Maxwell@display=pairwise
v4097,v4097,898cd458-3328-4ede-85e7-6e18eef38b6e,v3355,Maxwell@display=pairwise
v4097,v4097,c51af6df-1b56-4a5e-b016-174981e37b7c,v3355,Maxwell@display=pairwise
v4097,v4097,6170ba87-4f35-47bc-a781-b9703236d88f,v3355,Maxwell@display=pairwise
v4537,v2519,a0a0bd53-c6ee-48c3-8d0d-7094f991b6c5,v4537,Maxwell@display=pairwise
,v2519,5abb0625-0b84-4432-801d-e33a2c4185b8,v4537,Maxwell@display=pairwise
v4537,v2519,df68e14a-a48a-44ee-907b-0a8e92920b98,v4537,Maxwell@display=pairwise
v2519,v2519,b75ed7ec-fc7e-4170-917d-244db89f64a2,v4537,Maxwell@display=pairwise
v2519,v4537,054f90cf-2d8c-45ba-acc7-c80038efa44d,v2519,Maxwell@display=pairwise
v4537,v4537,4cf27f34-7c95-4417-9203-7627dd0e8db3,v2519,Maxwell@display=pairwise
v4537,v4537,568341de-630c-4f7d-97c0-db58befad162,v2519,Maxwell@display=pairwise
v4537,v2519,f020e26d-309c-4394-81bf-7db2f467bc8e,v4537,Maxwell@display=pairwise
v4537,v2519,148a0216-b671-4cdd-992c-7aba2d0b85cb,v4537,Maxwell@display=pairwise
v0032,v4048,d3ceb26c-6541-4b11-adf3-11f11a7fe362,v0032,Maxwell@display=pairwise
v4048,v0032,17ba7ccf-cde9-4ecc-92d6-17c706087da2,v4048,Maxwell@display=pairwise
v4048,v4048,06278424-ef97-42cc-bcc1-ee893b3964ea,v0032,Maxwell@display=pairwise
v4048,v4048,28078593-bd58-4e49-88f5-c7909b406342,v0032,Maxwell@display=pairwise
v4048,v4048,6b2b3509-e864-4edb-9850-8fc1b129866b,v0032,Maxwell@display=pairwise
v4048,v4048,aba3e861-12b4-4cc1-9cd9-25f330491a1f,v0032,Maxwell@display=pairwise
v4048,v4048,cc2b08c4-b73c-48a9-95c6-b79cfa497b75,v0032,Maxwell@display=pairwise
v4048,v4048,94299678-0cff-4f0a-815f-9ebb17345759,v0032,Maxwell@display=pairwise
v4048,v0032,50d836a8-9b8a-4427-9d9e-d47323c64913,v4048,Maxwell@display=pairwise
v4048,v0032,d94b8de3-c43e-4516-bac0-6ff3f686dfee,v4048,Maxwell@display=pairwise
v1859,v0314,72650adb-e74b-4566-aece-9fbc4d64d47d,v1859,Maxwell@display=pairwise
v1859,v0314,d3ceb26c-6541-4b11-adf3-11f11a7fe362,v1859,Maxwell@display=pairwise
v1859,v1859,d447edbb-f45a-4002-bb44-2d71ecf93471,v0314,Maxwell@display=pairwise
v1859,v0314,a4495c73-1fd9-49f1-b09f-2185ce15ede4,v1859,Maxwell@display=pairwise
,v1859,e1ce5e37-5e67-453e-aee9-0a6e7cf6b73c,v0314,Maxwell@display=pairwise
v1859,v1859,e37a04cf-5cb9-4c24-b268-428f04b630ae,v0314,Maxwell@display=pairwise
v1859,v0314,72650adb-e74b-4566-aece-9fbc4d64d47d,v1859,Maxwell@display=pairwise
,v1859,d447edbb-f45a-4002-bb44-2d71ecf93471,v0314,Maxwell@display=pairwise
v1859,v0314,9f33edc6-8672-491a-9b40-8bb445f9aaf0,v1859,Maxwell@display=pairwise
v1859,v1859,50e68f35-10c5-4dcd-833e-3680adb69b60,v0314,Maxwell@display=pairwise
v4511,v2419,f94ed2ed-c25e-42f6-b0c6-30a0f8019fba,v4511,Maxwell@display=pairwise
v4511,v4511,f6c8adba-af1d-4784-8dbe-6fdc966f01ca,v2419,Maxwell@display=pairwise
v4511,v4511,f94ed2ed-c25e-42f6-b0c6-30a0f8019fba,v2419,Maxwell@display=pairwise
v4511,v2419,f6c8adba-af1d-4784-8dbe-6fdc966f01ca,v4511,Maxwell@display=pairwise
v2419,v2419,809db03d-2f37-4a0c-bb4f-05365cebf6af,v4511,Maxwell@display=pairwise
v4511,v2419,f9f062ef-692e-46ad-a379-6d3a1e5a78e8,v4511,Maxwell@display=pairwise
v4511,v2419,f147ea5d-89fe-4ac0-b2e1-30974a77591f,v4511,Maxwell@display=pairwise
v4511,v2419,f147ea5d-89fe-4ac0-b2e1-30974a77591f,v4511,Maxwell@display=pairwise
v4511,v2419,f147ea5d-89fe-4ac0-b2e1-30974a77591f,v4511,Maxwell@display=pairwise
v2419,v2419,f0cc1ae8-38f7-44df-a97b-70cfda024744,v4511,Maxwell@display=pairwise
v4034,v4034,f94ed2ed-c25e-42f6-b0c6-30a0f8019fba,v1190,Maxwell@display=pairwise
v4034,v4034,f6c8adba-af1d-4784-8dbe-6fdc966f01ca,v1190,Maxwell@display=pairwise
v4034,v4034,f147ea5d-89fe-4ac0-b2e1-30974a77591f,v1190,Maxwell@display=pairwise
v4034,v4034,078cd768-2d5e-4660-b076-da7a83947d90,v1190,Maxwell@display=pairwise
v4034,v1190,f9d3357f-aea1-4746-8080-e4ebb0fb3ae0,v4034,Maxwell@display=pairwise
v1190,v1190,196d047d-4bfe-4054-bcf3-da76fe0ecb11,v4034,Maxwell@display=pairwise
,v1190,1bc15f08-5e0e-4bcb-9390-fef0c1eb2c89,v4034,Maxwell@display=pairwise
v1190,v1190,bdc19414-eecd-4bae-b622-f06ee94a9b55,v4034,Maxwell@display=pairwise
v1190,v4034,43e0e111-055c-43b5-b09c-bee2f7542636,v1190,Maxwell@display=pairwise
v4034,v4034,75187b75-792e-4a2a-8959-7a9b23e0ea24,v1190,Maxwell@display=pairwise
v4537,v3065,7d2ece56-ce0a-475c-949e-6db477f55ee0,v4537,Maxwell@display=pairwise
v4537,v3065,f94ed2ed-c25e-42f6-b0c6-30a0f8019fba,v4537,Maxwell@display=pairwise
v4537,v3065,aa873e42-f4c4-4b06-8b86-c8d47ffd4b9a,v4537,Maxwell@display=pairwise
v4537,v3065,f6c8adba-af1d-4784-8dbe-6fdc966f01ca,v4537,Maxwell@display=pairwise
v4537,v4537,bc760378-ddd6-4614-a376-7a3c39de225e,v3065,Maxwell@display=pairwise
v4537,v4537,5ca4290f-c11a-446f-a475-6105dde0b57f,v3065,Maxwell@display=pairwise
v4537,v4537,ef228dde-5278-429a-b581-bf6bdf7010cb,v3065,Maxwell@display=pairwise
v4537,v4537,7ab27881-57d1-40b8-85da-a40a47dc49c2,v3065,Maxwell@display=pairwise
v4537,v4537,df68e14a-a48a-44ee-907b-0a8e92920b98,v3065,Maxwell@display=pairwise
v4537,v3065,df68e14a-a48a-44ee-907b-0a8e92920b98,v4537,Maxwell@display=pairwise
v4537,v1859,e482d7ac-4b6f-4cff-b1d2-3e634bf5c721,v4537,Maxwell@display=pairwise
v4537,v1859,e482d7ac-4b6f-4cff-b1d2-3e634bf5c721,v4537,Maxwell@display=pairwise
v4537,v1859,e6140e2f-9de4-4f2e-b088-2ec9c3c33c4f,v4537,Maxwell@display=pairwise
v4537,v1859,684094ed-89c7-4c9e-a0f8-8c629bf0ac49,v4537,Maxwell@display=pairwise
v4537,v1859,8ab07bc5-0ee7-4c8d-9e27-22e5c6da8bc1,v4537,Maxwell@display=pairwise
v4537,v4537,58a717b3-a840-4ad1-89d0-b8d2e0c5ba78,v1859,Maxwell@display=pairwise
v4537,v1859,48eca316-7304-41b7-8acb-7e678a3cbf48,v4537,Maxwell@display=pairwise
v4537,v4537,fd639556-f319-4397-9f9e-2d8827de7111,v1859,Maxwell@display=pairwise
v4537,v1859,a1e319ac-953b-46f3-b0d8-c4b43561d7fe,v4537,Maxwell@display=pairwise
v4537,v1859,8af492ec-8e66-4d99-a408-22dea1cbafd6,v4537,Maxwell@display=pairwise
v1477,v1477,e482d7ac-4b6f-4cff-b1d2-3e634bf5c721,v0328,Maxwell@display=pairwise
v0328,v1477,26c3096a-edfc-482a-8d3c-5739d09b6bda,v0328,Maxwell@display=pairwise
v0328,v1477,c239ae1a-841e-4d54-a08c-d85c41ac1c6f,v0328,Maxwell@display=pairwise
v1477,v1477,3518d8aa-f924-4243-b3f7-e6f08c02daae,v0328,Maxwell@display=pairwise
v1477,v0328,6b2b3509-e864-4edb-9850-8fc1b129866b,v1477,Maxwell@display=pairwise
v1477,v0328,012e7cd7-0094-41da-8b41-78a70aca8f4d,v1477,Maxwell@display=pairwise
v0328,v1477,03183d72-50e8-4e1d-b6c9-97bb58ba8b6d,v0328,Maxwell@display=pairwise
v1477,v0328,671d0c52-1c9d-4442-a792-dd7bd57dd8aa,v1477,Maxwell@display=pairwise
v1477,v0328,ea3db677-ebb0-4e61-a506-68dd05ca5a54,v1477,Maxwell@display=pairwise
v1477,v0328,e4076421-c718-4550-a279-71b8f41de5fd,v1477,Maxwell@display=pairwise
v4034,v4034,d5eb3ad8-a6f8-4d74-bc5b-9937bb2277b4,v1373,Maxwell@display=pairwise
v4034,v4034,bedf7c78-8aa7-4a43-963b-b2cd27c47c87,v1373,Maxwell@display=pairwise
v4034,v1373,662dd61e-a5a4-42a7-b739-1d7fb2c92563,v4034,Maxwell@display=pairwise
v4034,v4034,f6c8adba-af1d-4784-8dbe-6fdc966f01ca,v1373,Maxwell@display=pairwise
v4034,v4034,44c0fd3d-af09-4205-a670-7c5ca7f9e4bd,v1373,Maxwell@display=pairwise
v4034,v1373,6170ba87-4f35-47bc-a781-b9703236d88f,v4034,Maxwell@display=pairwise
v4034,v1373,662dd61e-a5a4-42a7-b739-1d7fb2c92563,v4034,Maxwell@display=pairwise
v4034,v1373,6170ba87-4f35-47bc-a781-b9703236d88f,v4034,Maxwell@display=pairwise
v4034,v4034,c0a2023a-1855-4bf5-83a3-b2a1f277df4a,v1373,Maxwell@display=pairwise
v4034,v4034,6170ba87-4f35-47bc-a781-b9703236d88f,v1373,Maxwell@display=pairwise
v0824,v4125,c51af6df-1b56-4a5e-b016-174981e37b7c,v0824,Maxwell@display=pairwise
v4125,v4125,6832a87e-ad5d-4854-bee6-4ec447d48143,v0824,Maxwell@display=pairwise
v4125,v0824,0e80b9f5-c6c9-4c92-8afc-d29ed45b16c6,v4125,Maxwell@display=pairwise
v4125,v0824,bedf7c78-8aa7-4a43-963b-b2cd27c47c87,v4125,Maxwell@display=pairwise
v4125,v0824,c51af6df-1b56-4a5e-b016-174981e37b7c,v4125,Maxwell@display=pairwise
v0824,v4125,f147ea5d-89fe-4ac0-b2e1-30974a77591f,v0824,Maxwell@display=pairwise
v4125,v0824,48eca316-7304-41b7-8acb-7e678a3cbf48,v4125,Maxwell@display=pairwise
v4125,v0824,6170ba87-4f35-47bc-a781-b9703236d88f,v4125,Maxwell@display=pairwise
v4125,v0824,f00b6b27-7f50-4848-9d4f-1c6640f6281b,v4125,Maxwell@display=pairwise
v4125,v0824,662dd61e-a5a4-42a7-b739-1d7fb2c92563,v4125,Maxwell@display=pairwise
v1447,v0328,6170ba87-4f35-47bc-a781-b9703236d88f,v1447,Maxwell@display=pairwise
v1447,v1447,bedf7c78-8aa7-4a43-963b-b2cd27c47c87,v0328,Maxwell@display=pairwise
v1447,v0328,4ecd41f8-414c-49c7-9fad-6be483a5a40f,v1447,Maxwell@display=pairwise
v1447,v1447,4ecd41f8-414c-49c7-9fad-6be483a5a40f,v0328,Maxwell@display=pairwise
v1447,v0328,4ecd41f8-414c-49c7-9fad-6be483a5a40f,v1447,Maxwell@display=pairwise
v1447,v0328,4ecd41f8-414c-49c7-9fad-6be483a5a40f,v1447,Maxwell@display=pairwise
v1447,v1447,4ecd41f8-414c-49c7-9fad-6be483a5a40f,v0328,Maxwell@display=pairwise
v1447,v1447,4ecd41f8-414c-49c7-9fad-6be483a5a40f,v0328,Maxwell@display=pairwise
v1447,v1447,662dd61e-a5a4-42a7-b739-1d7fb2c92563,v0328,Maxwell@display=pairwise
v1447,v1447,bedf7c78-8aa7-4a43-963b-b2cd27c47c87,v0328,Maxwell@display=pairwise
v4166,v2328,198f7471-260c-4e71-98e1-e01c3c130b14,v4166,Maxwell@display=pairwise
v4166,v2328,617ae86c-fc97-402a-ba65-8994258b69e0,v4166,Maxwell@display=pairwise
v4166,v2328,5d120453-9487-491e-954f-1aa89798fb80,v4166,Maxwell@display=pairwise
v4166,v4166,9f33edc6-8672-491a-9b40-8bb445f9aaf0,v2328,Maxwell@display=pairwise
v4166,v2328,198f7471-260c-4e71-98e1-e01c3c130b14,v4166,Maxwell@display=pairwise
v4166,v4166,e07bb13d-8d71-400d-8aee-9277fb8773d2,v2328,Maxwell@display=pairwise
v4166,v4166,5d120453-9487-491e-954f-1aa89798fb80,v2328,Maxwell@display=pairwise
v4166,v2328,012e7cd7-0094-41da-8b41-78a70aca8f4d,v4166,Maxwell@display=pairwise
v4166,v4166,198f7471-260c-4e71-98e1-e01c3c130b14,v2328,Maxwell@display=pairwise
v4166,v2328,bbb7e5c5-7f84-4e07-ac19-886dc274ce48,v4166,Maxwell@display=pairwise
v2889,v0328,d6c9a5ed-1280-4497-91b4-033d6937541e,v2889,Maxwell@display=pairwise
v2889,v2889,17f408f2-5335-4dad-a25b-77bd0f2e59db,v0328,Maxwell@display=pairwise
v2889,v0328,5d120453-9487-491e-954f-1aa89798fb80,v2889,Maxwell@display=pairwise
v2889,v0328,a59e7494-5d6d-4bca-a5c0-7c769da374f1,v2889,Maxwell@display=pairwise
v2889,v2889,690c2e17-352c-4b13-88ff-f1e031cfec7e,v0328,Maxwell@display=pairwise
v2889,v0328,9a1954b1-10f1-4709-bae2-faaa266102f5,v2889,Maxwell@display=pairwise
v2889,v0328,22ca127c-db37-4eac-a88d-3184529fba6d,v2889,Maxwell@display=pairwise
,v2889,58a717b3-a840-4ad1-89d0-b8d2e0c5ba78,v0328,Maxwell@display=pairwise
v0328,v2889,58a717b3-a840-4ad1-89d0-b8d2e0c5ba78,v0328,Maxwell@display=pairwise
v2889,v0328,a59e7494-5d6d-4bca-a5c0-7c769da374f1,v2889,Maxwell@display=pairwise
v2063,v0886,5d120453-9487-491e-954f-1aa89798fb80,v2063,Maxwell@display=pairwise
v0886,v0886,25a377ea-74e1-4faa-bdd2-1a426ae7a7bc,v2063,Maxwell@display=pairwise
v0886,v0886,df148d87-9cdb-4f62-b773-355587d7b51f,v2063,Maxwell@display=pairwise
,v0886,2d1de15b-04c3-4111-abe6-569785e78caa,v2063,Maxwell@display=pairwise
v0886,v0886,a2093909-503b-438b-bf75-c9807e56810a,v2063,Maxwell@display=pairwise
v0886,v2063,efc0133f-459a-461e-9f25-75b0716cd70a,v0886,Maxwell@display=pairwise
,v2063,d26017bc-5f0f-46a9-9ecd-b0be37678c1f,v0886,Maxwell@display=pairwise
v2063,v2063,5090394e-8d39-48a3-b78a-4dff5726117d,v0886,Maxwell@display=pairwise
,v0886,eb1d4001-2c9c-463a-8ab8-6fe20a5c24ce,v2063,Maxwell@display=pairwise
v2063,v2063,3547e3c0-da82-4993-8867-2ae2b4e1f4f7,v0886,Maxwell@display=pairwise
v0886,v1859,f6c8adba-af1d-4784-8dbe-6fdc966f01ca,v0886,Maxwell@display=pairwise
v1859,v0886,1e957696-1bdb-4655-8b5d-f0bc71305eea,v1859,Maxwell@display=pairwise
v0886,v0886,f6c8adba-af1d-4784-8dbe-6fdc966f01ca,v1859,Maxwell@display=pairwise
v1859,v0886,e07bb13d-8d71-400d-8aee-9277fb8773d2,v1859,Maxwell@display=pairwise
v0886,v1859,4b9764d8-3888-4dad-a4b1-b554f50cd991,v0886,Maxwell@display=pairwise
v1859,v0886,f147ea5d-89fe-4ac0-b2e1-30974a77591f,v1859,Maxwell@display=pairwise
v1859,v1859,03183d72-50e8-4e1d-b6c9-97bb58ba8b6d,v0886,Maxwell@display=pairwise
v0886,v1859,f6c8adba-af1d-4784-8dbe-6fdc966f01ca,v0886,Maxwell@display=pairwise
v0886,v0886,75187b75-792e-4a2a-8959-7a9b23e0ea24,v1859,Maxwell@display=pairwise
v1859,v0886,078cd768-2d5e-4660-b076-da7a83947d90,v1859,Maxwell@display=pairwise
v0878,v2063,49091e64-faa5-49f7-8e9d-a491f64fc35c,v0878,Maxwell@display=pairwise
v0878,v2063,cc2b08c4-b73c-48a9-95c6-b79cfa497b75,v0878,Maxwell@display=pairwise
v2063,v2063,6b2b3509-e864-4edb-9850-8fc1b129866b,v0878,Maxwell@display=pairwise
v2063,v2063,871c2c32-2a79-4dfe-8f52-64f2693fedd4,v0878,Maxwell@display=pairwise
,v2063,871c2c32-2a79-4dfe-8f52-64f2693fedd4,v0878,Maxwell@display=pairwise
v2063,v2063,48990368-f0c8-46e1-9f8b-61fbaec1f893,v0878,Maxwell@display=pairwise
v0878,v0878,50b29053-fdd9-4485-920f-42263ca9e9fb,v2063,Maxwell@display=pairwise
v0878,v2063,e5e845a9-bf60-41fc-9ab7-f2ab3172c82f,v0878,Maxwell@display=pairwise
,v0878,537c627e-ce2d-4b04-939a-552205731bb6,v2063,Maxwell@display=pairwise
v2063,v2063,a0379086-b099-4907-aa9d-8691ca28df83,v0878,Maxwell@display=pairwise
v3355,v3355,d94b8de3-c43e-4516-bac0-6ff3f686dfee,v1025,Maxwell@display=pairwise
v3355,v1025,c9cbf439-dbba-4e14-bc06-61a2951a9521,v3355,Maxwell@display=pairwise
v3355,v3355,8df9f32c-7ad0-46ab-b52d-026eca9182d5,v1025,Maxwell@display=pairwise
v3355,v3355,e337a584-ab3d-4d57-9cca-afe18b17d01a,v1025,Maxwell@display=pairwise
v3355,v3355,e337a584-ab3d-4d57-9cca-afe18b17d01a,v1025,Maxwell@display=pairwise
v1025,v3355,2987197e-d01c-46fa-bfae-419ca1a44316,v1025,Maxwell@display=pairwise
v3355,v3355,8cc2fb53-d4ad-40ed-a526-d4950f4902b4,v1025,Maxwell@display=pairwise
v3355,v3355,aba3e861-12b4-4cc1-9cd9-25f330491a1f,v1025,Maxwell@display=pairwise
v3355,v3355,2e719777-4544-474b-b0d9-b18f8e4a6474,v1025,Maxwell@display=pairwise
v3355,v1025,e776162f-2a46-4b9f-a534-2d38aa9d05c2,v3355,Maxwell@display=pairwise
v2083,v2083,b8283f80-554f-404a-936c-a4114b3184d8,v1447,Maxwell@display=pairwise
v1447,v2083,4716ee65-37dd-4db1-9c22-e34ae3582bb0,v1447,Maxwell@display=pairwise
v1447,v1447,4716ee65-37dd-4db1-9c22-e34ae3582bb0,v2083,Maxwell@display=pairwise
v1447,v2083,7b6e20cf-14ac-40b3-aa99-d26500b0f503,v1447,Maxwell@display=pairwise
v1447,v2083,3518d8aa-f924-4243-b3f7-e6f08c02daae,v1447,Maxwell@display=pairwise
v2083,v1447,6832a87e-ad5d-4854-bee6-4ec447d48143,v2083,Maxwell@display=pairwise
v2083,v1447,38c262d4-c1a0-4fa7-a248-d22e30007be5,v2083,Maxwell@display=pairwise
,v1447,e17e2dcf-3979-4b09-8713-28d55d90138b,v2083,Maxwell@display=pairwise
,v2083,bcbd73bb-1a96-4b43-b689-5c7986900531,v1447,Maxwell@display=pairwise
v1447,v2083,3518d8aa-f924-4243-b3f7-e6f08c02daae,v1447,Maxwell@display=pairwise
v2519,v4048,b3971b04-db2d-4833-8e3c-75359f5b3cb8,v2519,Maxwell@display=pairwise
v2519,v2519,d94bd8df-f652-447c-ac56-476a6b31f32b,v4048,Maxwell@display=pairwise
v2519,v2519,054f90cf-2d8c-45ba-acc7-c80038efa44d,v4048,Maxwell@display=pairwise
v4048,v4048,c9cbf439-dbba-4e14-bc06-61a2951a9521,v2519,Maxwell@display=pairwise
v2519,v4048,e5463b92-df72-41f5-8ac7-22d086899283,v2519,Maxwell@display=pairwise
v2519,v2519,8c486527-a24e-43cc-93c6-81d3da4e9836,v4048,Maxwell@display=pairwise
v4048,v2519,0c8ca1c9-aaa4-495b-a350-de53a2de024b,v4048,Maxwell@display=pairwise
v4048,v2519,f020e26d-309c-4394-81bf-7db2f467bc8e,v4048,Maxwell@display=pairwise
v4048,v4048,148a0216-b671-4cdd-992c-7aba2d0b85cb,v2519,Maxwell@display=pairwise
v2519,v2519,a370270f-41ec-4770-a029-71ceb6225e7b,v4048,Maxwell@display=pairwise
v1373,v1373,2e719777-4544-474b-b0d9-b18f8e4a6474,v1859,Maxwell@display=pairwise
v1859,v1859,a9591a8a-3147-43f9-969a-2603ca967f9e,v1373,Maxwell@display=pairwise
v1859,v1373,e5f76cbe-fd04-46f5-a5de-6fccf701bb11,v1859,Maxwell@display=pairwise
v1859,v1373,cc2b08c4-b73c-48a9-95c6-b79cfa497b75,v1859,Maxwell@display=pairwise
v1373,v1373,6b2b3509-e864-4edb-9850-8fc1b129866b,v1859,Maxwell@display=pairwise
v1859,v1859,b8283f80-554f-404a-936c-a4114b3184d8,v1373,Maxwell@display=pairwise
v1859,v1859,35a5fd4a-c3d1-456f-81f3-f5489dcf64c7,v1373,Maxwell@display=pairwise
v1859,v1373,48448358-e8a9-438f-91d4-8aa53d013c82,v1859,Maxwell@display=pairwise
v1859,v1373,bf5b1043-3619-4e4e-8dd0-75a645dbd419,v1859,Maxwell@display=pairwise
v1859,v1373,04d503da-7425-4759-9db6-290899a58639,v1859,Maxwell@display=pairwise
v2635,v0824,bd1d8225-a753-4e92-adc4-0e5e9b328f9b,v2635,Maxwell@display=pairwise
v2635,v2635,6f34e67f-bb9c-486b-9ef7-b440454de895,v0824,Maxwell@display=pairwise
v2635,v0824,671d0c52-1c9d-4442-a792-dd7bd57dd8aa,v2635,Maxwell@display=pairwise
v2635,v0824,06278424-ef97-42cc-bcc1-ee893b3964ea,v2635,Maxwell@display=pairwise
v0824,v0824,6b2b3509-e864-4edb-9850-8fc1b129866b,v2635,Maxwell@display=pairwise
v2635,v0824,cc2b08c4-b73c-48a9-95c6-b79cfa497b75,v2635,Maxwell@display=pairwise
v2635,v0824,43e0e111-055c-43b5-b09c-bee2f7542636,v2635,Maxwell@display=pairwise
v0824,v0824,2dfbfbc1-0480-4959-a667-9ccd54f1060e,v2635,Maxwell@display=pairwise
v2635,v0824,16741407-ab8f-42d4-a0de-61154fca3785,v2635,Maxwell@display=pairwise
,v2635,ea3db677-ebb0-4e61-a506-68dd05ca5a54,v0824,Maxwell@display=pairwise
v0886,v3175,6832a87e-ad5d-4854-bee6-4ec447d48143,v0886,Maxwell@display=pairwise
v3175,v0886,36c5c8c0-5e83-47ea-8f74-af418783618a,v3175,Maxwell@display=pairwise
v0886,v0886,48990368-f0c8-46e1-9f8b-61fbaec1f893,v3175,Maxwell@display=pairwise
v0886,v0886,6b2b3509-e864-4edb-9850-8fc1b129866b,v3175,Maxwell@display=pairwise
v0886,v0886,6b2b3509-e864-4edb-9850-8fc1b129866b,v3175,Maxwell@display=pairwise
,v3175,f8e4c74f-c2a6-462b-9197-a7c8c31317ac,v0886,Maxwell@display=pairwise
v0886,v3175,06278424-ef97-42cc-bcc1-ee893b3964ea,v0886,Maxwell@display=pairwise
v0886,v3175,04d503da-7425-4759-9db6-290899a58639,v0886,Maxwell@display=pairwise
v0886,v3175,4716ee65-37dd-4db1-9c22-e34ae3582bb0,v0886,Maxwell@display=pairwise
v0886,v3175,dffc54fe-ae03-4e35-a6cd-21c7789bed4e,v0886,Maxwell@display=pairwise
v3065,v0032,cc2b08c4-b73c-48a9-95c6-b79cfa497b75,v3065,Maxwell@display=pairwise
v3065,v0032,b24999e8-2b46-4fe3-801f-d4019d087da5,v3065,Maxwell@display=pairwise
v3065,v0032,04d503da-7425-4759-9db6-290899a58639,v3065,Maxwell@display=pairwise
v3065,v0032,04d503da-7425-4759-9db6-290899a58639,v3065,Maxwell@display=pairwise
v3065,v3065,06278424-ef97-42cc-bcc1-ee893b3964ea,v0032,Maxwell@display=pairwise
v3065,v3065,dedbfcfc-7bd5-4ca8-94c8-dc770921f545,v0032,Maxwell@display=pairwise
v3065,v3065,5fa03c38-e27e-4f64-8734-7be0dfe4d9c7,v0032,Maxwell@display=pairwise
v3065,v0032,73c3b426-5640-464d-8768-26eb4631fe7e,v3065,Maxwell@display=pairwise
,v3065,c4028c28-4dc8-43ed-837f-6a102925f0a7,v0032,Maxwell@display=pairwise
v0032,v0032,fb12b62f-7110-41dc-8ec7-a99eccbb04d0,v3065,Maxwell@display=pairwise
v1025,v0886,2b1366bc-270c-4bfe-9882-c9f5c9c8efda,v1025,Maxwell@display=pairwise
v0886,v1025,0f36b9c4-9bf7-4f66-9986-31c9fb588bd3,v0886,Maxwell@display=pairwise
v1025,v0886,79007da5-5885-4492-b73c-49d60600a1a2,v1025,Maxwell@display=pairwise
v1025,v1025,0f36b9c4-9bf7-4f66-9986-31c9fb588bd3,v0886,Maxwell@display=pairwise
v0886,v0886,aa873e42-f4c4-4b06-8b86-c8d47ffd4b9a,v1025,Maxwell@display=pairwise
v0886,v1025,cc2b08c4-b73c-48a9-95c6-b79cfa497b75,v0886,Maxwell@display=pairwise
v1025,v1025,671d0c52-1c9d-4442-a792-dd7bd57dd8aa,v0886,Maxwell@display=pairwise
v1025,v0886,aba3e861-12b4-4cc1-9cd9-25f330491a1f,v1025,Maxwell@display=pairwise
v1025,v1025,79007da5-5885-4492-b73c-49d60600a1a2,v0886,Maxwell@display=pairwise
v1025,v0886,79007da5-5885-4492-b73c-49d60600a1a2,v1025,Maxwell@display=pairwise
v0265,v0265,3518d8aa-f924-4243-b3f7-e6f08c02daae,v2525,Maxwell@display=pairwise
v0265,v0265,00f56657-9793-4120-8471-bde6bce8e544,v2525,Maxwell@display=pairwise
v0265,v2525,cc2b08c4-b73c-48a9-95c6-b79cfa497b75,v0265,Maxwell@display=pairwise
v0265,v0265,b8283f80-554f-404a-936c-a4114b3184d8,v2525,Maxwell@display=pairwise
v2525,v2525,4716ee65-37dd-4db1-9c22-e34ae3582bb0,v0265,Maxwell@display=pairwise
v0265,v2525,d5a0fb87-aa9c-42e7-8db5-0c41338699d2,v0265,Maxwell@display=pairwise
v0265,v2525,c4028c28-4dc8-43ed-837f-6a102925f0a7,v0265,Maxwell@display=pairwise
v2525,v2525,75b75480-7063-484c-9328-642307386043,v0265,Maxwell@display=pairwise
v0265,v0265,3518d8aa-f924-4243-b3f7-e6f08c02daae,v2525,Maxwell@display=pairwise
v2525,v0265,2e719777-4544-474b-b0d9-b18f8e4a6474,v2525,Maxwell@display=pairwise
v4034,v4034,28674eee-cfc6-4ec4-a2f4-37fee5b5ec93,v1397,Maxwell@display=pairwise
v4034,v1397,25a377ea-74e1-4faa-bdd2-1a426ae7a7bc,v4034,Maxwell@display=pairwise
v4034,v1397,25a377ea-74e1-4faa-bdd2-1a426ae7a7bc,v4034,Maxwell@display=pairwise
v4034,v4034,198f7471-260c-4e71-98e1-e01c3c130b14,v1397,Maxwell@display=pairwise
v4034,v4034,a59e7494-5d6d-4bca-a5c0-7c769da374f1,v1397,Maxwell@display=pairwise
v4034,v4034,7364c455-72c0-4ba7-bd80-b8277ed5fa61,v1397,Maxwell@display=pairwise
v4034,v4034,d3550857-7c9d-4e98-8202-433d0a535e77,v1397,Maxwell@display=pairwise
v4034,v1397,ce8b19c4-1057-436f-bb25-a0caf7200f5d,v4034,Maxwell@display=pairwise
v4034,v1397,79c3a676-3b48-40b3-80e7-da62c1543eaf,v4034,Maxwell@display=pairwise
v4034,v1397,088c8375-45de-4caf-8da5-b1d72abe0de0,v4034,Maxwell@display=pairwise
v1859,v1859,79007da5-5885-4492-b73c-49d60600a1a2,v2635,Maxwell@display=pairwise
v2635,v1859,79007da5-5885-4492-b73c-49d60600a1a2,v2635,Maxwell@display=pairwise
v2635,v1859,0f36b9c4-9bf7-4f66-9986-31c9fb588bd3,v2635,Maxwell@display=pairwise
v1859,v2635,aba3e861-12b4-4cc1-9cd9-25f330491a1f,v1859,Maxwell@display=pairwise
v1859,v2635,e337a584-ab3d-4d57-9cca-afe18b17d01a,v1859,Maxwell@display=pairwise
v1859,v1859,4fa29376-5b1b-425e-93ff-2bcf80f82251,v2635,Maxwell@display=pairwise
v1859,v2635,e337a584-ab3d-4d57-9cca-afe18b17d01a,v1859,Maxwell@display=pairwise
v1859,v2635,79007da5-5885-4492-b73c-49d60600a1a2,v1859,Maxwell@display=pairwise
v2635,v1859,0f36b9c4-9bf7-4f66-9986-31c9fb588bd3,v2635,Maxwell@display=pairwise
v1859,v1859,e337a584-ab3d-4d57-9cca-afe18b17d01a,v2635,Maxwell@display=pairwise
v2525,v0032,7b6e20cf-14ac-40b3-aa99-d26500b0f503,v2525,Maxwell@display=pairwise
v2525,v2525,79007da5-5885-4492-b73c-49d60600a1a2,v0032,Maxwell@display=pairwise
v0032,v0032,aba3e861-12b4-4cc1-9cd9-25f330491a1f,v2525,Maxwell@display=pairwise
v2525,v2525,0f36b9c4-9bf7-4f66-9986-31c9fb588bd3,v0032,Maxwell@display=pairwise
v0032,v0032,f6f6b226-3ab0-4a3c-84fb-0ce9390db359,v2525,Maxwell@display=pairwise
v2525,v2525,5184a7fd-e2f2-44fe-b1c1-7062145c6b02,v0032,Maxwell@display=pairwise
v0032,v2525,2ca645a6-7ef0-4fc3-9abd-cf3501109eae,v0032,Maxwell@display=pairwise
v2525,v0032,79007da5-5885-4492-b73c-49d60600a1a2,v2525,Maxwell@display=pairwise
,v0032,79007da5-5885-4492-b73c-49d60600a1a2,v2525,Maxwell@display=pairwise
v2525,v2525,8495c523-2b4b-49a1-86b4-5210ff9e0038,v0032,Maxwell@display=pairwise
v1859,v1859,aba3e861-12b4-4cc1-9cd9-25f330491a1f,v4034,Maxwell@display=pairwise
v4034,v1859,7b6e20cf-14ac-40b3-aa99-d26500b0f503,v4034,Maxwell@display=pairwise
v4034,v4034,7b6e20cf-14ac-40b3-aa99-d26500b0f503,v1859,Maxwell@display=pairwise
v1859,v4034,6b2b3509-e864-4edb-9850-8fc1b129866b,v1859,Maxwell@display=pairwise
v4034,v4034,671d0c52-1c9d-4442-a792-dd7bd57dd8aa,v1859,Maxwell@display=pairwise
v4034,v4034,dedbfcfc-7bd5-4ca8-94c8-dc770921f545,v1859,Maxwell@display=pairwise
v1859,v4034,07a3654d-ca98-438e-b300-d0ee18dcb45f,v1859,Maxwell@display=pairwise
v1859,v1859,4989c9a7-2a48-4c9b-8088-387d0efcfb45,v4034,Maxwell@display=pairwise
v1859,v4034,4989c9a7-2a48-4c9b-8088-387d0efcfb45,v1859,Maxwell@display=pairwise
,v1859,2b8c1e14-fdc9-4c52-a214-1887ac95a9ba,v4034,Maxwell@display=pairwise
v3555,v1373,aba3e861-12b4-4cc1-9cd9-25f330491a1f,v3555,Maxwell@display=pairwise
v3555,v1373,e337a584-ab3d-4d57-9cca-afe18b17d01a,v3555,Maxwell@display=pairwise
v3555,v1373,d94b8de3-c43e-4516-bac0-6ff3f686dfee,v3555,Maxwell@display=pairwise
v3555,v3555,671d0c52-1c9d-4442-a792-dd7bd57dd8aa,v1373,Maxwell@display=pairwise
v1373,v3555,3518d8aa-f924-4243-b3f7-e6f08c02daae,v1373,Maxwell@display=pairwise
v1373,v1373,dedbfcfc-7bd5-4ca8-94c8-dc770921f545,v3555,Maxwell@display=pairwise
v3555,v1373,18dda76c-d54a-40a2-9768-d2dc4378804e,v3555,Maxwell@display=pairwise
v3555,v1373,77f10c27-943f-4d00-aeb6-e59251587929,v3555,Maxwell@display=pairwise
v3555,v3555,298bd5e1-5cb8-4d9b-b7a7-2d7fcac00e91,v1373,Maxwell@display=pairwise
v3555,v3555,fb12b62f-7110-41dc-8ec7-a99eccbb04d0,v1373,Maxwell@display=pairwise
v4511,v4235,671d0c52-1c9d-4442-a792-dd7bd57dd8aa,v4511,Maxwell@display=pairwise
v4511,v4511,8f7a9d96-4b5f-4d1d-91d7-b4638a45dc78,v4235,Maxwell@display=pairwise
v4511,v4511,671d0c52-1c9d-4442-a792-dd7bd57dd8aa,v4235,Maxwell@display=pairwise
v4235,v4235,d94b8de3-c43e-4516-bac0-6ff3f686dfee,v4511,Maxwell@display=pairwise
v4511,v4511,aba3e861-12b4-4cc1-9cd9-25f330491a1f,v4235,Maxwell@display=pairwise
v4235,v4511,2e719777-4544-474b-b0d9-b18f8e4a6474,v4235,Maxwell@display=pairwise
v4511,v4511,c498d5cf-b5b6-469d-8d68-860f0f7e3445,v4235,Maxwell@display=pairwise
v4235,v4235,06278424-ef97-42cc-bcc1-ee893b3964ea,v4511,Maxwell@display=pairwise
v4511,v4235,2ca645a6-7ef0-4fc3-9abd-cf3501109eae,v4511,Maxwell@display=pairwise
v4511,v4235,723ecde4-3695-4235-afdf-bb230a3f2707,v4511,Maxwell@display=pairwise
v2349,v0094,aba3e861-12b4-4cc1-9cd9-25f330491a1f,v2349,Maxwell@display=pairwise
v0094,v2349,ea3db677-ebb0-4e61-a506-68dd05ca5a54,v0094,Maxwell@display=pairwise
v2349,v0094,31f2608d-f3b7-4fc9-aafc-8de3b8a2dcf0,v2349,Maxwell@display=pairwise
v2349,v0094,d94b8de3-c43e-4516-bac0-6ff3f686dfee,v2349,Maxwell@display=pairwise
v2349,v0094,aaf15379-dfc5-4aed-89dd-6e94974e28c8,v2349,Maxwell@display=pairwise
v2349,v0094,3518d8aa-f924-4243-b3f7-e6f08c02daae,v2349,Maxwell@display=pairwise
v2349,v2349,aba3e861-12b4-4cc1-9cd9-25f330491a1f,v0094,Maxwell@display=pairwise
v2349,v2349,e337a584-ab3d-4d57-9cca-afe18b17d01a,v0094,Maxwell@display=pairwise
v2349,v2349,d94b8de3-c43e-4516-bac0-6ff3f686dfee,v0094,Maxwell@display=pairwise
v2349,v2349,09e4aacf-b969-495a-9de2-c294927e736b,v0094,Maxwell@display=pairwise
v2801,v2801,e337a584-ab3d-4d57-9cca-afe18b17d01a,v3292,Maxwell@display=pairwise
v3292,v2801,7b6e20cf-14ac-40b3-aa99-d26500b0f503,v3292,Maxwell@display=pairwise
v2801,v3292,671d0c52-1c9d-4442-a792-dd7bd57dd8aa,v2801,Maxwell@display=pairwise
v2801,v3292,671d0c52-1c9d-4442-a792-dd7bd57dd8aa,v2801,Maxwell@display=pairwise
v3292,v2801,3518d8aa-f924-4243-b3f7-e6f08c02daae,v3292,Maxwell@display=pairwise
v2801,v3292,dedbfcfc-7bd5-4ca8-94c8-dc770921f545,v2801,Maxwell@display=pairwise
,v2801,5440d8e0-a14b-41a3-9cd3-b762fddb4276,v3292,Maxwell@display=pairwise
v2801,v2801,0dfde53f-a1c3-4854-9c02-3e41d9086ece,v3292,Maxwell@display=pairwise
v2801,v2801,8c486527-a24e-43cc-93c6-81d3da4e9836,v3292,Maxwell@display=pairwise
v3292,v2801,d39c5247-3bfe-426f-87db-6d7ca30b9f8c,v3292,Maxwell@display=pairwise
v4511,v2083,d94b8de3-c43e-4516-bac0-6ff3f686dfee,v4511,Maxwell@display=pairwise
v4511,v4511,c498d5cf-b5b6-469d-8d68-860f0f7e3445,v2083,Maxwell@display=pairwise
v4511,v4511,671d0c52-1c9d-4442-a792-dd7bd57dd8aa,v2083,Maxwell@display=pairwise
v4511,v4511,ea3db677-ebb0-4e61-a506-68dd05ca5a54,v2083,Maxwell@display=pairwise
v4511,v4511,3518d8aa-f924-4243-b3f7-e6f08c02daae,v2083,Maxwell@display=pairwise
v4511,v2083,7b6e20cf-14ac-40b3-aa99-d26500b0f503,v4511,Maxwell@display=pairwise
v4511,v4511,ea3db677-ebb0-4e61-a506-68dd05ca5a54,v2083,Maxwell@display=pairwise
v4511,v4511,ea3db677-ebb0-4e61-a506-68dd05ca5a54,v2083,Maxwell@display=pairwise
v4511,v2083,b2cf1e5e-8b30-4ac1-8eee-373e05447920,v4511,Maxwell@display=pairwise
v2083,v2083,92b4633f-85e8-427d-a008-08fcc93e15e9,v4511,Maxwell@display=pairwise
,v2801,7b6e20cf-14ac-40b3-aa99-d26500b0f503,v2063,Maxwell@display=pairwise
v2801,v2801,2e719777-4544-474b-b0d9-b18f8e4a6474,v2063,Maxwell@display=pairwise
,v2801,ea3db677-ebb0-4e61-a506-68dd05ca5a54,v2063,Maxwell@display=pairwise
v2801,v2063,3518d8aa-f924-4243-b3f7-e6f08c02daae,v2801,Maxwell@display=pairwise
v2063,v2801,04d503da-7425-4759-9db6-290899a58639,v2063,Maxwell@display=pairwise
,v2063,b8283f80-554f-404a-936c-a4114b3184d8,v2801,Maxwell@display=pairwise
,v2801,67d6e59e-98bb-4804-be1c-03beebfd5222,v2063,Maxwell@display=pairwise
v2801,v2063,e12b1db4-dd6b-4bd8-8b4c-d48269f88d44,v2801,Maxwell@display=pairwise
v2063,v2063,e5463b92-df72-41f5-8ac7-22d086899283,v2801,Maxwell@display=pairwise
v2801,v2801,43e0e111-055c-43b5-b09c-bee2f7542636,v2063,Maxwell@display=pairwise
v1447,v0530,7b6e20cf-14ac-40b3-aa99-d26500b0f503,v1447,Maxwell@display=pairwise
v1447,v1447,7b6e20cf-14ac-40b3-aa99-d26500b0f503,v0530,Maxwell@display=pairwise
v1447,v0530,03183d72-50e8-4e1d-b6c9-97bb58ba8b6d,v1447,Maxwell@display=pairwise
v1447,v0530,871c2c32-2a79-4dfe-8f52-64f2693fedd4,v1447,Maxwell@display=pairwise
v1447,v0530,e5f76cbe-fd04-46f5-a5de-6fccf701bb11,v1447,Maxwell@display=pairwise
v1447,v1447,92b4633f-85e8-427d-a008-08fcc93e15e9,v0530,Maxwell@display=pairwise
,v1447,1e957696-1bdb-4655-8b5d-f0bc71305eea,v0530,Maxwell@display=pairwise
,v0530,31e59e7f-acc9-48fd-8a2b-bf0096731a49,v1447,Maxwell@display=pairwise
v1447,v1447,7829a094-b56d-4784-81b4-d56f0af9d0ee,v0530,Maxwell@display=pairwise
v4537,v1397,2e719777-4544-474b-b0d9-b18f8e4a6474,v4537,Maxwell@display=pairwise
v4537,v4537,03183d72-50e8-4e1d-b6c9-97bb58ba8b6d,v1397,Maxwell@display=pairwise
v4537,v1397,e5f76cbe-fd04-46f5-a5de-6fccf701bb11,v4537,Maxwell@display=pairwise
v4537,v1397,e5f76cbe-fd04-46f5-a5de-6fccf701bb11,v4537,Maxwell@display=pairwise
v4537,v4537,dedbfcfc-7bd5-4ca8-94c8-dc770921f545,v1397,Maxwell@display=pairwise
v4537,v4537,dedbfcfc-7bd5-4ca8-94c8-dc770921f545,v1397,Maxwell@display=pairwise
v4537,v4537,f711bbae-43d6-40ce-9fdc-3eff7721a7c9,v1397,Maxwell@display=pairwise
v4537,v4537,314e8591-1186-4063-97cc-338f0e2e6b51,v1397,Maxwell@display=pairwise
v4537,v4537,4150d97c-eefc-4853-8768-c3caf08a8bcc,v1397,Maxwell@display=pairwise
v4537,v4537,a9591a8a-3147-43f9-969a-2603ca967f9e,v1397,Maxwell@display=pairwise
v2328,v0009,2e719777-4544-474b-b0d9-b18f8e4a6474,v2328,Maxwell@display=pairwise
v2328,v2328,2e719777-4544-474b-b0d9-b18f8e4a6474,v0009,Maxwell@display=pairwise
v2328,v2328,03183d72-50e8-4e1d-b6c9-97bb58ba8b6d,v0009,Maxwell@display=pairwise
v2328,v2328,871c2c32-2a79-4dfe-8f52-64f2693fedd4,v0009,Maxwell@display=pairwise
v2328,v0009,e5f76cbe-fd04-46f5-a5de-6fccf701bb11,v2328,Maxwell@display=pairwise
v2328,v2328,e5f76cbe-fd04-46f5-a5de-6fccf701bb11,v0009,Maxwell@display=pairwise
v2328,v2328,e2414b46-7c69-407b-9c61-a18878f36403,v0009,Maxwell@display=pairwise
v2328,v0009,b81d92ba-8124-4bce-949c-8d5b226bc693,v2328,Maxwell@display=pairwise
v0009,v2328,3267d3c7-b874-4b3e-805a-dd7a7c57ca1c,v0009,Maxwell@display=pairwise
v2328,v0009,22ca127c-db37-4eac-a88d-3184529fba6d,v2328,Maxwell@display=pairwise
v4097,v4097,6b2b3509-e864-4edb-9850-8fc1b129866b,v0314,Maxwell@display=pairwise
v4097,v0314,4d22e541-90af-43bf-b2b9-955594802908,v4097,Maxwell@display=pairwise
v0314,v0314,b8283f80-554f-404a-936c-a4114b3184d8,v4097,Maxwell@display=pairwise
v4097,v4097,22ca127c-db37-4eac-a88d-3184529fba6d,v0314,Maxwell@display=pairwise
v4097,v4097,b8283f80-554f-404a-936c-a4114b3184d8,v0314,Maxwell@display=pairwise
v4097,v0314,06278424-ef97-42cc-bcc1-ee893b3964ea,v4097,Maxwell@display=pairwise
v4097,v0314,06278424-ef97-42cc-bcc1-ee893b3964ea,v4097,Maxwell@display=pairwise
v4097,v4097,03183d72-50e8-4e1d-b6c9-97bb58ba8b6d,v0314,Maxwell@display=pairwise
v4097,v0314,d7bcfd1a-e16b-4218-af32-20e97bd8fa5d,v4097,Maxwell@display=pairwise
v4097,v4097,aa873e42-f4c4-4b06-8b86-c8d47ffd4b9a,v0314,Maxwell@display=pairwise
v2519,v2519,6b2b3509-e864-4edb-9850-8fc1b129866b,v1447,Maxwell@display=pairwise
v2519,v1447,871c2c32-2a79-4dfe-8f52-64f2693fedd4,v2519,Maxwell@display=pairwise
v2519,v1447,871c2c32-2a79-4dfe-8f52-64f2693fedd4,v2519,Maxwell@display=pairwise
v2519,v1447,e5f76cbe-fd04-46f5-a5de-6fccf701bb11,v2519,Maxwell@display=pairwise
v2519,v2519,e5f76cbe-fd04-46f5-a5de-6fccf701bb11,v1447,Maxwell@display=pairwise
v2519,v1447,184ea99b-88b2-410a-8041-f9980509d0f3,v2519,Maxwell@display=pairwise
v2519,v1447,43e0e111-055c-43b5-b09c-bee2f7542636,v2519,Maxwell@display=pairwise
v2519,v2519,6d4a2a41-fa40-4847-81d4-e68b6937db26,v1447,Maxwell@display=pairwise
v2519,v2519,bd1d8225-a753-4e92-adc4-0e5e9b328f9b,v1447,Maxwell@display=pairwise
v2519,v2519,723aa930-ec56-4066-ae75-7504ed46fa1e,v1447,Maxwell@display=pairwise
v1397,v1397,48990368-f0c8-46e1-9f8b-61fbaec1f893,v3292,Maxwell@display=pairwise
v1397,v3292,c4def5d3-8498-4453-9086-653e4184d2c1,v1397,Maxwell@display=pairwise
v1397,v1397,c4def5d3-8498-4453-9086-653e4184d2c1,v3292,Maxwell@display=pairwise
v1397,v3292,04d503da-7425-4759-9db6-290899a58639,v1397,Maxwell@display=pairwise
v3292,v1397,b24999e8-2b46-4fe3-801f-d4019d087da5,v3292,Maxwell@display=pairwise
v3292,v3292,8d7947e2-f6a6-48dd-93ff-f4ec519e9f67,v1397,Maxwell@display=pairwise
v1397,v3292,c5fb40fd-7ac9-4e0e-afbe-3c1a6c070532,v1397,Maxwell@display=pairwise
v1397,v1397,dedbfcfc-7bd5-4ca8-94c8-dc770921f545,v3292,Maxwell@display=pairwise
v1397,v3292,4716ee65-37dd-4db1-9c22-e34ae3582bb0,v1397,Maxwell@display=pairwise
v3292,v1397,2987197e-d01c-46fa-bfae-419ca1a44316,v3292,Maxwell@display=pairwise
v2828,v2828,0c8ca1c9-aaa4-495b-a350-de53a2de024b,v0009,Maxwell@display=pairwise
v2828,v0009,712ea676-4242-48ad-8b1c-1851c5c289ec,v2828,Maxwell@display=pairwise
v2828,v0009,e474dceb-3868-44c8-b6e1-3933415860c2,v2828,Maxwell@display=pairwise
v2828,v0009,054f90cf-2d8c-45ba-acc7-c80038efa44d,v2828,Maxwell@display=pairwise
v2828,v0009,d077f67b-ff36-4cfa-b5d1-ffa5a6ca4bf2,v2828,Maxwell@display=pairwise
v2828,v0009,d077f67b-ff36-4cfa-b5d1-ffa5a6ca4bf2,v2828,Maxwell@display=pairwise
v2828,v0009,15ed72a6-3577-4b94-8218-2877edf651f6,v2828,Maxwell@display=pairwise
v2828,v2828,a7550373-0046-4ec6-807a-39b62d0656ce,v0009,Maxwell@display=pairwise
v2828,v2828,bea8d5b8-3b89-4933-9543-144c89405bfa,v0009,Maxwell@display=pairwise
v2828,v0009,d533bf7d-c4d1-4fe2-8cc0-827cac324a4a,v2828,Maxwell@display=pairwise
v4166,v4166,df148d87-9cdb-4f62-b773-355587d7b51f,v3065,Maxwell@display=pairwise
v4166,v4166,6a7b1dd4-b79f-4017-b161-b8de06e3d2b9,v3065,Maxwell@display=pairwise
v4166,v3065,6a7b1dd4-b79f-4017-b161-b8de06e3d2b9,v4166,Maxwell@display=pairwise
v4166,v3065,6a7b1dd4-b79f-4017-b161-b8de06e3d2b9,v4166,Maxwell@display=pairwise
v4166,v4166,58a717b3-a840-4ad1-89d0-b8d2e0c5ba78,v3065,Maxwell@display=pairwise
v4166,v3065,8165ec89-da1a-443f-9c35-12bd6162de30,v4166,Maxwell@display=pairwise
v4166,v4166,6d4a2a41-fa40-4847-81d4-e68b6937db26,v3065,Maxwell@display=pairwise
v4166,v4166,5090394e-8d39-48a3-b78a-4dff5726117d,v3065,Maxwell@display=pairwise
v4166,v3065,992cc7e1-caa5-4e29-9a5c-8107bae22aaa,v4166,Maxwell@display=pairwise
v4166,v3065,b2cf1e5e-8b30-4ac1-8eee-373e05447920,v4166,Maxwell@display=pairwise
v0886,v0886,2d1de15b-04c3-4111-abe6-569785e78caa,v0529,Maxwell@display=pairwise
v0529,v0886,2d1de15b-04c3-4111-abe6-569785e78caa,v0529,Maxwell@display=pairwise
,v0886,a2093909-503b-438b-bf75-c9807e56810a,v0529,Maxwell@display=pairwise
v0529,v0529,6720d5b6-4318-4c40-9831-c43eee9e9653,v0886,Maxwell@display=pairwise
v0886,v0886,184ea99b-88b2-410a-8041-f9980509d0f3,v0529,Maxwell@display=pairwise
,v0529,d2274bbe-d5ac-4c27-8579-f0e4e7eeb3d3,v0886,Maxwell@display=pairwise
v0529,v0886,17ba7ccf-cde9-4ecc-92d6-17c706087da2,v0529,Maxwell@display=pairwise
v0886,v0886,6832a87e-ad5d-4854-bee6-4ec447d48143,v0529,Maxwell@display=pairwise
v0886,v0886,cc66f008-3ba4-41b3-a1c3-0b1697a27ebe,v0529,Maxwell@display=pairwise
v1394,v0328,1486a399-1ff1-4c12-96f9-9ef26a428a72,v1394,Maxwell@display=pairwise
v1394,v0328,f9d3357f-aea1-4746-8080-e4ebb0fb3ae0,v1394,Maxwell@display=pairwise
v1394,v1394,40b42448-fc87-43de-971a-c7c073b71ff7,v0328,Maxwell@display=pairwise
v1394,v0328,40b42448-fc87-43de-971a-c7c073b71ff7,v1394,Maxwell@display=pairwise
v1394,v0328,c602f6cd-39d9-4602-ae7e-64276e63f32d,v1394,Maxwell@display=pairwise
v1394,v0328,c602f6cd-39d9-4602-ae7e-64276e63f32d,v1394,Maxwell@display=pairwise
,v1394,72650adb-e74b-4566-aece-9fbc4d64d47d,v0328,Maxwell@display=pairwise
v0328,v1394,91c5b80b-c738-4722-8cc5-80c4da596c5f,v0328,Maxwell@display=pairwise
v0328,v0328,5a73329b-3ee5-4d38-9a02-8e7a17f87252,v1394,Maxwell@display=pairwise
v1394,v1394,19ed7125-f9d4-4332-baa2-b57735cd4bae,v0328,Maxwell@display=pairwise
v3583,v3175,0fb1e4b4-7c94-4585-b44d-2a132f3d2e59,v3583,Maxwell@display=pairwise
v3583,v3583,74774369-6832-45e0-a007-4e3032922409,v3175,Maxwell@display=pairwise
,v3175,7f08b892-b28e-4bb4-b4cf-984fa40d6182,v3583,Maxwell@display=pairwise
,v3583,0fb1e4b4-7c94-4585-b44d-2a132f3d2e59,v3175,Maxwell@display=pairwise
v3583,v3175,d447edbb-f45a-4002-bb44-2d71ecf93471,v3583,Maxwell@display=pairwise
v3583,v3583,12ae208f-7e1c-4628-a836-d70ed7af9d40,v3175,Maxwell@display=pairwise
v3583,v3583,521bbf97-967f-4b9d-934b-100de0d7d370,v3175,Maxwell@display=pairwise
v3175,v3583,0fb1e4b4-7c94-4585-b44d-2a132f3d2e59,v3175,Maxwell@display=pairwise
v3583,v3583,5d44962d-2507-48b5-97cb-d9fec996affd,v3175,Maxwell@display=pairwise
v3583,v3583,d447edbb-f45a-4002-bb44-2d71ecf93471,v3175,Maxwell@display=pairwise
v4125,v2635,f9d3357f-aea1-4746-8080-e4ebb0fb3ae0,v4125,Maxwell@display=pairwise
v4125,v4125,f9d3357f-aea1-4746-8080-e4ebb0fb3ae0,v2635,Maxwell@display=pairwise
v4125,v2635,c239ae1a-841e-4d54-a08c-d85c41ac1c6f,v4125,Maxwell@display=pairwise
v4125,v2635,91c5b80b-c738-4722-8cc5-80c4da596c5f,v4125,Maxwell@display=pairwise
,v4125,1a77d7b2-9385-4d84-b6db-2f3070895961,v2635,Maxwell@display=pairwise
v4125,v2635,e1ce5e37-5e67-453e-aee9-0a6e7cf6b73c,v4125,Maxwell@display=pairwise
v4125,v2635,bdc19414-eecd-4bae-b622-f06ee94a9b55,v4125,Maxwell@display=pairwise
v4125,v4125,68ef565a-1042-4da3-904c-bcf7b3530ccd,v2635,Maxwell@display=pairwise
v4125,v4125,8581928a-3670-48d2-b55c-34685f7de132,v2635,Maxwell@display=pairwise
v4125,v2635,1bc15f08-5e0e-4bcb-9390-fef0c1eb2c89,v4125,Maxwell@display=pairwise
v4511,v2063,f020e26d-309c-4394-81bf-7db2f467bc8e,v4511,Maxwell@display=pairwise
v4511,v2063,68ef565a-1042-4da3-904c-bcf7b3530ccd,v4511,Maxwell@display=pairwise
v4511,v4511,258ea89f-8336-4d05-a59b-7ea1ea457784,v2063,Maxwell@display=pairwise
v4511,v4511,f9d3357f-aea1-4746-8080-e4ebb0fb3ae0,v2063,Maxwell@display=pairwise
v4511,v2063,f9d3357f-aea1-4746-8080-e4ebb0fb3ae0,v4511,Maxwell@display=pairwise
v4511,v2063,1a77d7b2-9385-4d84-b6db-2f3070895961,v4511,Maxwell@display=pairwise
v4511,v2063,4c75cd1d-1d5e-4d97-80cf-a2848cbdb688,v4511,Maxwell@display=pairwise
v4511,v4511,68ef565a-1042-4da3-904c-bcf7b3530ccd,v2063,Maxwell@display=pairwise
v4511,v4511,1bc15f08-5e0e-4bcb-9390-fef0c1eb2c89,v2063,Maxwell@display=pairwise
v4511,v4511,50e68f35-10c5-4dcd-833e-3680adb69b60,v2063,Maxwell@display=pairwise
v3355,v3355,7f08b892-b28e-4bb4-b4cf-984fa40d6182,v0162,Maxwell@display=pairwise
v3355,v0162,12ae208f-7e1c-4628-a836-d70ed7af9d40,v3355,Maxwell@display=pairwise
v3355,v3355,12ae208f-7e1c-4628-a836-d70ed7af9d40,v0162,Maxwell@display=pairwise
v3355,v3355,7f08b892-b28e-4bb4-b4cf-984fa40d6182,v0162,Maxwell@display=pairwise
v3355,v0162,521bbf97-967f-4b9d-934b-100de0d7d370,v3355,Maxwell@display=pairwise
v3355,v0162,eb3af9c6-1fbd-4507-b9d7-a8050cea1f9a,v3355,Maxwell@display=pairwise
v3355,v0162,5d44962d-2507-48b5-97cb-d9fec996affd,v3355,Maxwell@display=pairwise
v3355,v3355,12ae208f-7e1c-4628-a836-d70ed7af9d40,v0162,Maxwell@display=pairwise
v3355,v3355,12ae208f-7e1c-4628-a836-d70ed7af9d40,v0162,Maxwell@display=pairwise
v3355,v3355,40b42448-fc87-43de-971a-c7c073b71ff7,v0162,Maxwell@display=pairwise
v4125,v0529,5d44962d-2507-48b5-97cb-d9fec996affd,v4125,Maxwell@display=pairwise
v4125,v4125,7f08b892-b28e-4bb4-b4cf-984fa40d6182,v0529,Maxwell@display=pairwise
v4125,v4125,74774369-6832-45e0-a007-4e3032922409,v0529,Maxwell@display=pairwise
v4125,v0529,e1ce5e37-5e67-453e-aee9-0a6e7cf6b73c,v4125,Maxwell@display=pairwise
v4125,v4125,74774369-6832-45e0-a007-4e3032922409,v0529,Maxwell@display=pairwise
v4125,v4125,bdc19414-eecd-4bae-b622-f06ee94a9b55,v0529,Maxwell@display=pairwise
v0529,v4125,5d44962d-2507-48b5-97cb-d9fec996affd,v0529,Maxwell@display=pairwise
v0529,v4125,12ae208f-7e1c-4628-a836-d70ed7af9d40,v0529,Maxwell@display=pairwise
v4125,v0529,12ae208f-7e1c-4628-a836-d70ed7af9d40,v4125,Maxwell@display=pairwise
v0529,v4125,12ae208f-7e1c-4628-a836-d70ed7af9d40,v0529,Maxwell@display=pairwise
,v2181,7f08b892-b28e-4bb4-b4cf-984fa40d6182,v2525,Maxwell@display=pairwise
v2181,v2181,91c5b80b-c738-4722-8cc5-80c4da596c5f,v2525,Maxwell@display=pairwise
v2525,v2525,c602f6cd-39d9-4602-ae7e-64276e63f32d,v2181,Maxwell@display=pairwise
v2181,v2181,adc336f2-1af3-4f27-8deb-9a83f894b2f2,v2525,Maxwell@display=pairwise
v2525,v2181,521bbf97-967f-4b9d-934b-100de0d7d370,v2525,Maxwell@display=pairwise
v2525,v2181,15187a17-10c3-4501-b4fd-190e9264fb64,v2525,Maxwell@display=pairwise
,v2181,7f08b892-b28e-4bb4-b4cf-984fa40d6182,v2525,Maxwell@display=pairwise
v2181,v2181,bdc19414-eecd-4bae-b622-f06ee94a9b55,v2525,Maxwell@display=pairwise
v2181,v2181,521bbf97-967f-4b9d-934b-100de0d7d370,v2525,Maxwell@display=pairwise
v2525,v2181,eb3af9c6-1fbd-4507-b9d7-a8050cea1f9a,v2525,Maxwell@display=pairwise
v0878,v0824,e37a04cf-5cb9-4c24-b268-428f04b630ae,v0878,Maxwell@display=pairwise
v0824,v0824,eb3af9c6-1fbd-4507-b9d7-a8050cea1f9a,v0878,Maxwell@display=pairwise
v0824,v0878,40b42448-fc87-43de-971a-c7c073b71ff7,v0824,Maxwell@display=pairwise
v0878,v0824,c602f6cd-39d9-4602-ae7e-64276e63f32d,v0878,Maxwell@display=pairwise
v0878,v0878,c602f6cd-39d9-4602-ae7e-64276e63f32d,v0824,Maxwell@display=pairwise
,v0878,d447edbb-f45a-4002-bb44-2d71ecf93471,v0824,Maxwell@display=pairwise
v0878,v0878,72650adb-e74b-4566-aece-9fbc4d64d47d,v0824,Maxwell@display=pairwise
v0878,v0824,91c5b80b-c738-4722-8cc5-80c4da596c5f,v0878,Maxwell@display=pairwise
v0878,v0878,4989c9a7-2a48-4c9b-8088-387d0efcfb45,v0824,Maxwell@display=pairwise
v0878,v0878,09705fe5-aaef-4009-9eaf-7f6ef1693c89,v0824,Maxwell@display=pairwise
v3555,v3555,c602f6cd-39d9-4602-ae7e-64276e63f32d,v2828,Maxwell@display=pairwise
v3555,v3555,72650adb-e74b-4566-aece-9fbc4d64d47d,v2828,Maxwell@display=pairwise
v3555,v3555,eb3af9c6-1fbd-4507-b9d7-a8050cea1f9a,v2828,Maxwell@display=pairwise
v3555,v3555,eb3af9c6-1fbd-4507-b9d7-a8050cea1f9a,v2828,Maxwell@display=pairwise
v3555,v3555,1d2fe3ac-663b-4f21-b03e-4a409a53669e,v2828,Maxwell@display=pairwise
v3555,v3555,40b42448-fc87-43de-971a-c7c073b71ff7,v2828,Maxwell@display=pairwise
v3555,v3555,d39c5247-3bfe-426f-87db-6d7ca30b9f8c,v2828,Maxwell@display=pairwise
v3555,v3555,eb3af9c6-1fbd-4507-b9d7-a8050cea1f9a,v2828,Maxwell@display=pairwise
v2828,v2828,d447edbb-f45a-4002-bb44-2d71ecf93471,v3555,Maxwell@display=pairwise
v3555,v3555,eb3af9c6-1fbd-4507-b9d7-a8050cea1f9a,v2828,Maxwell@display=pairwise
v4048,v0328,c602f6cd-39d9-4602-ae7e-64276e63f32d,v4048,Maxwell@display=pairwise
v4048,v4048,c602f6cd-39d9-4602-ae7e-64276e63f32d,v0328,Maxwell@display=pairwise
v4048,v0328,7321c6b3-7020-45e2-bb9d-2ab101e5c7ae,v4048,Maxwell@display=pairwise
v4048,v0328,68ef565a-1042-4da3-904c-bcf7b3530ccd,v4048,Maxwell@display=pairwise
v4048,v0328,30561a52-ca51-4d8f-9ce6-1b9e376ebb6b,v4048,Maxwell@display=pairwise
v0328,v4048,68ef565a-1042-4da3-904c-bcf7b3530ccd,v0328,Maxwell@display=pairwise
v4048,v0328,e1ce5e37-5e67-453e-aee9-0a6e7cf6b73c,v4048,Maxwell@display=pairwise
v4048,v4048,4c75cd1d-1d5e-4d97-80cf-a2848cbdb688,v0328,Maxwell@display=pairwise
v4048,v0328,bdc19414-eecd-4bae-b622-f06ee94a9b55,v4048,Maxwell@display=pairwise
v4048,v0328,91c5b80b-c738-4722-8cc5-80c4da596c5f,v4048,Maxwell@display=pairwise
v4537,v4537,f2ac4add-b49d-4512-856e-935287b5e2dc,v2181,Maxwell@display=pairwise
v4537,v4537,081f1111-9c00-4fad-868f-06e11ee5c47b,v2181,Maxwell@display=pairwise
v4537,v4537,081f1111-9c00-4fad-868f-06e11ee5c47b,v2181,Maxwell@display=pairwise
v4537,v2181,814662e1-3c1f-4324-86ff-9ceb6e24e830,v4537,Maxwell@display=pairwise
v4537,v2181,86b0d8f7-3915-4339-9c22-69b289f1c29d,v4537,Maxwell@display=pairwise
v4537,v2181,3cff68c0-7141-44bb-aab8-9c97d187a989,v4537,Maxwell@display=pairwise
v4537,v2181,367fc2ca-ca76-4c07-9924-afef2ed2dc2c,v4537,Maxwell@display=pairwise
v4537,v2181,d4be7292-80e2-45ac-a926-d6eaed555fb8,v4537,Maxwell@display=pairwise
v4537,v2181,a6565e07-204d-4fec-9467-cd9ad8412dd8,v4537,Maxwell@display=pairwise
v4537,v4537,d4be7292-80e2-45ac-a926-d6eaed555fb8,v2181,Maxwell@display=pairwise
v1190,v1190,645b9269-2918-417e-8ee8-a6fc35bc3377,v2419,Maxwell@display=pairwise
v1190,v2419,bea8d5b8-3b89-4933-9543-144c89405bfa,v1190,Maxwell@display=pairwise
v1190,v1190,335527d0-7d2d-491b-a6e2-4c92ce9b4edc,v2419,Maxwell@display=pairwise
,v2419,adfa0ec8-adeb-4eaf-8546-02e73a887224,v1190,Maxwell@display=pairwise
v1190,v2419,15ed72a6-3577-4b94-8218-2877edf651f6,v1190,Maxwell@display=pairwise
v1190,v2419,15ed72a6-3577-4b94-8218-2877edf651f6,v1190,Maxwell@display=pairwise
v1190,v2419,d94bd8df-f652-447c-ac56-476a6b31f32b,v1190,Maxwell@display=pairwise
v1190,v2419,dc2d7783-e288-48d3-9954-ac7aaf84073e,v1190,Maxwell@display=pairwise
v1190,v2419,683c32f7-8434-4498-87d5-1e051acb4750,v1190,Maxwell@display=pairwise
v1190,v1190,645b9269-2918-417e-8ee8-a6fc35bc3377,v2419,Maxwell@display=pairwise
v0878,v0878,bd1d8225-a753-4e92-adc4-0e5e9b328f9b,v0886,Maxwell@display=pairwise
v0878,v0886,0b4069bf-814c-4e56-bd46-d37b8f058ea5,v0878,Maxwell@display=pairwise
v0878,v0878,cf421e49-e692-42d6-98e8-aae5324da76e,v0886,Maxwell@display=pairwise
v0886,v0886,6c667c99-47b9-4628-92e3-b75b68268f5d,v0878,Maxwell@display=pairwise
v0878,v0878,87cd4023-a010-48bb-9894-889f68df299a,v0886,Maxwell@display=pairwise
v0886,v0878,abd7238e-93ec-420d-aab3-40296b6b8533,v0886,Maxwell@display=pairwise
v0878,v0878,359f764b-eac4-4deb-9a38-7bd22cda2792,v0886,Maxwell@display=pairwise
v0878,v0886,c84c4b4e-e61c-4990-a2d5-4ecaceeeddf0,v0878,Maxwell@display=pairwise
v0886,v0886,1032350e-f02d-40d9-8fe8-0a7feb5fc808,v0878,Maxwell@display=pairwise
v0878,v0878,058c4e79-1989-4a56-81b0-7d9c671b99d7,v0886,Maxwell@display=pairwise
v3555,v3555,cf421e49-e692-42d6-98e8-aae5324da76e,v0314,Maxwell@display=pairwise
v3555,v0314,5bd6d7d7-bd09-4636-be21-b00626f71358,v3555,Maxwell@display=pairwise
v3555,v0314,5205edb7-6d64-4112-ae96-e72eec1451b2,v3555,Maxwell@display=pairwise
v3555,v3555,5bd6d7d7-bd09-4636-be21-b00626f71358,v0314,Maxwell@display=pairwise
v3555,v3555,73a73e84-049f-4333-b732-088c123456d5,v0314,Maxwell@display=pairwise
v3555,v3555,45ae941f-242d-4e30-88fa-eba0b7eeecc5,v0314,Maxwell@display=pairwise
v3555,v3555,45ae941f-242d-4e30-88fa-eba0b7eeecc5,v0314,Maxwell@display=pairwise
v3555,v0314,19ed7125-f9d4-4332-baa2-b57735cd4bae,v3555,Maxwell@display=pairwise
v3555,v0314,0b4069bf-814c-4e56-bd46-d37b8f058ea5,v3555,Maxwell@display=pairwise
v3555,v3555,73a73e84-049f-4333-b732-088c123456d5,v0314,Maxwell@display=pairwise
v2349,v2349,45ae941f-242d-4e30-88fa-eba0b7eeecc5,v2513,Maxwell@display=pairwise
v2349,v2513,5bd6d7d7-bd09-4636-be21-b00626f71358,v2349,Maxwell@display=pairwise
v2349,v2513,c84c4b4e-e61c-4990-a2d5-4ecaceeeddf0,v2349,Maxwell@display=pairwise
v2349,v2349,5205edb7-6d64-4112-ae96-e72eec1451b2,v2513,Maxwell@display=pairwise
v2349,v2513,1ac54074-3b46-420d-be1a-9370fec2a3d9,v2349,Maxwell@display=pairwise
v2349,v2513,359f764b-eac4-4deb-9a38-7bd22cda2792,v2349,Maxwell@display=pairwise
v2349,v2349,45ae941f-242d-4e30-88fa-eba0b7eeecc5,v2513,Maxwell@display=pairwise
v2349,v2513,73a73e84-049f-4333-b732-088c123456d5,v2349,Maxwell@display=pairwise
v2349,v2349,45ae941f-242d-4e30-88fa-eba0b7eeecc5,v2513,Maxwell@display=pairwise
v2349,v2349,c84c4b4e-e61c-4990-a2d5-4ecaceeeddf0,v2513,Maxwell@display=pairwise
v1397,v0886,148a0216-b671-4cdd-992c-7aba2d0b85cb,v1397,Maxwell@display=pairwise
v0886,v0886,942abe5f-d5e6-44ae-981b-c2664203ca49,v1397,Maxwell@display=pairwise
v1397,v0886,814662e1-3c1f-4324-86ff-9ceb6e24e830,v1397,Maxwell@display=pairwise
v0886,v0886,15ed72a6-3577-4b94-8218-2877edf651f6,v1397,Maxwell@display=pairwise
v0886,v0886,814662e1-3c1f-4324-86ff-9ceb6e24e830,v1397,Maxwell@display=pairwise
v1397,v0886,bc441066-48fe-430a-8ae9-46706a7d4640,v1397,Maxwell@display=pairwise
v0886,v0886,adfa0ec8-adeb-4eaf-8546-02e73a887224,v1397,Maxwell@display=pairwise
v1397,v1397,683c32f7-8434-4498-87d5-1e051acb4750,v0886,Maxwell@display=pairwise
v0886,v1397,d46aa3cf-4905-4b5d-af67-028746a98435,v0886,Maxwell@display=pairwise
v0886,v0886,21350804-8bb4-46fc-964b-228b225563ca,v1397,Maxwell@display=pairwise
v1397,v1397,683c32f7-8434-4498-87d5-1e051acb4750,v1394,Maxwell@display=pairwise
v1394,v1397,814662e1-3c1f-4324-86ff-9ceb6e24e830,v1394,Maxwell@display=pairwise
v1397,v1394,21350804-8bb4-46fc-964b-228b225563ca,v1397,Maxwell@display=pairwise
v1397,v1397,a75b0244-e333-4dbb-865b-65c0f3cbfbb5,v1394,Maxwell@display=pairwise
,v1397,1cd710ff-4c81-4d11-aae1-eee984dcc77a,v1394,Maxwell@display=pairwise
v1394,v1394,645b9269-2918-417e-8ee8-a6fc35bc3377,v1397,Maxwell@display=pairwise
,v1397,645b9269-2918-417e-8ee8-a6fc35bc3377,v1394,Maxwell@display=pairwise
v1397,v1394,f2cb3403-6c77-4e49-86af-9e41adbacf34,v1397,Maxwell@display=pairwise
v1397,v1397,1cd710ff-4c81-4d11-aae1-eee984dcc77a,v1394,Maxwell@display=pairwise
v1397,v1397,748ff91c-f261-4544-a851-bb33ab4da209,v1394,Maxwell@display=pairwise
,v2181,942abe5f-d5e6-44ae-981b-c2664203ca49,v0265,Maxwell@display=pairwise
v2181,v0265,712ea676-4242-48ad-8b1c-1851c5c289ec,v2181,Maxwell@display=pairwise
,v0265,15ed72a6-3577-4b94-8218-2877edf651f6,v2181,Maxwell@display=pairwise
,v0265,645b9269-2918-417e-8ee8-a6fc35bc3377,v2181,Maxwell@display=pairwise
,v0265,942abe5f-d5e6-44ae-981b-c2664203ca49,v2181,Maxwell@display=pairwise
v2181,v0265,bc441066-48fe-430a-8ae9-46706a7d4640,v2181,Maxwell@display=pairwise
v0265,v0265,21350804-8bb4-46fc-964b-228b225563ca,v2181,Maxwell@display=pairwise
,v0265,645b9269-2918-417e-8ee8-a6fc35bc3377,v2181,Maxwell@display=pairwise
,v2181,5440d8e0-a14b-41a3-9cd3-b762fddb4276,v0265,Maxwell@display=pairwise
v2181,v0265,683c32f7-8434-4498-87d5-1e051acb4750,v2181,Maxwell@display=pairwise
v2349,v2349,942abe5f-d5e6-44ae-981b-c2664203ca49,v1373,Maxwell@display=pairwise
v2349,v2349,748ff91c-f261-4544-a851-bb33ab4da209,v1373,Maxwell@display=pairwise
v2349,v2349,284eb320-ce3d-48b3-99f0-b07eda1cc7ed,v1373,Maxwell@display=pairwise
v2349,v2349,adfa0ec8-adeb-4eaf-8546-02e73a887224,v1373,Maxwell@display=pairwise
v2349,v2349,683c32f7-8434-4498-87d5-1e051acb4750,v1373,Maxwell@display=pairwise
v2349,v1373,bea8d5b8-3b89-4933-9543-144c89405bfa,v2349,Maxwell@display=pairwise
v2349,v2349,15ed72a6-3577-4b94-8218-2877edf651f6,v1373,Maxwell@display=pairwise
v2349,v2349,15ed72a6-3577-4b94-8218-2877edf651f6,v1373,Maxwell@display=pairwise
v2349,v2349,0c8ca1c9-aaa4-495b-a350-de53a2de024b,v1373,Maxwell@display=pairwise
v2349,v1373,0c8ca1c9-aaa4-495b-a350-de53a2de024b,v2349,Maxwell@display=pairwise
v4097,v4097,1cd710ff-4c81-4d11-aae1-eee984dcc77a,v0530,Maxwell@display=pairwise
v4097,v4097,1cd710ff-4c81-4d11-aae1-eee984dcc77a,v0530,Maxwell@display=pairwise
v4097,v0530,1cd710ff-4c81-4d11-aae1-eee984dcc77a,v4097,Maxwell@display=pairwise
v4097,v4097,adfa0ec8-adeb-4eaf-8546-02e73a887224,v0530,Maxwell@display=pairwise
v4097,v0530,adfa0ec8-adeb-4eaf-8546-02e73a887224,v4097,Maxwell@display=pairwise
v4097,v4097,bc441066-48fe-430a-8ae9-46706a7d4640,v0530,Maxwell@display=pairwise
v4097,v4097,814662e1-3c1f-4324-86ff-9ceb6e24e830,v0530,Maxwell@display=pairwise
v4097,v4097,a75b0244-e333-4dbb-865b-65c0f3cbfbb5,v0530,Maxwell@display=pairwise
v4097,v4097,a75b0244-e333-4dbb-865b-65c0f3cbfbb5,v0530,Maxwell@display=pairwise
v4097,v4097,0c8ca1c9-aaa4-495b-a350-de53a2de024b,v0530,Maxwell@display=pairwise
v1397,v0265,367fc2ca-ca76-4c07-9924-afef2ed2dc2c,v1397,Maxwell@display=pairwise
v0265,v1397,748ff91c-f261-4544-a851-bb33ab4da209,v0265,Maxwell@display=pairwise
v0265,v0265,2082dffd-a184-4a18-b954-c49d3dad00f4,v1397,Maxwell@display=pairwise
v1397,v0265,814662e1-3c1f-4324-86ff-9ceb6e24e830,v1397,Maxwell@display=pairwise
v1397,v0265,367fc2ca-ca76-4c07-9924-afef2ed2dc2c,v1397,Maxwell@display=pairwise
v1397,v1397,683c32f7-8434-4498-87d5-1e051acb4750,v0265,Maxwell@display=pairwise
v0265,v1397,2082dffd-a184-4a18-b954-c49d3dad00f4,v0265,Maxwell@display=pairwise
v0265,v1397,adfa0ec8-adeb-4eaf-8546-02e73a887224,v0265,Maxwell@display=pairwise
v1397,v0265,367fc2ca-ca76-4c07-9924-afef2ed2dc2c,v1397,Maxwell@display=pairwise
v0265,v1397,2082dffd-a184-4a18-b954-c49d3dad00f4,v0265,Maxwell@display=pairwise
v2801,v1859,bc441066-48fe-430a-8ae9-46706a7d4640,v2801,Maxwell@display=pairwise
v2801,v2801,8c486527-a24e-43cc-93c6-81d3da4e9836,v1859,Maxwell@display=pairwise
v2801,v2801,814662e1-3c1f-4324-86ff-9ceb6e24e830,v1859,Maxwell@display=pairwise
v1859,v1859,683c32f7-8434-4498-87d5-1e051acb4750,v2801,Maxwell@display=pairwise
v1859,v1859,2082dffd-a184-4a18-b954-c49d3dad00f4,v2801,Maxwell@display=pairwise
v2801,v1859,a75b0244-e333-4dbb-865b-65c0f3cbfbb5,v2801,Maxwell@display=pairwise
v2801,v1859,a75b0244-e333-4dbb-865b-65c0f3cbfbb5,v2801,Maxwell@display=pairwise
,v1859,1cd710ff-4c81-4d11-aae1-eee984dcc77a,v2801,Maxwell@display=pairwise
v1859,v1859,adfa0ec8-adeb-4eaf-8546-02e73a887224,v2801,Maxwell@display=pairwise
v2801,v1859,a75b0244-e333-4dbb-865b-65c0f3cbfbb5,v2801,Maxwell@display=pairwise
v4125,v2525,814662e1-3c1f-4324-86ff-9ceb6e24e830,v4125,Maxwell@display=pairwise
v4125,v2525,748ff91c-f261-4544-a851-bb33ab4da209,v4125,Maxwell@display=pairwise
v4125,v2525,748ff91c-f261-4544-a851-bb33ab4da209,v4125,Maxwell@display=pairwise
,v2525,0c8ca1c9-aaa4-495b-a350-de53a2de024b,v4125,Maxwell@display=pairwise
v4125,v2525,c760ddd8-8c12-4220-8cc5-204af2fa789c,v4125,Maxwell@display=pairwise
v4125,v2525,b1bb1cd5-b196-4cc9-8e55-a11b14166a3b,v4125,Maxwell@display=pairwise
v4125,v4125,2613c3ff-b6cc-4d25-850a-f9ccff836ebc,v2525,Maxwell@display=pairwise
v4125,v4125,c760ddd8-8c12-4220-8cc5-204af2fa789c,v2525,Maxwell@display=pairwise
v4125,v4125,5440d8e0-a14b-41a3-9cd3-b762fddb4276,v2525,Maxwell@display=pairwise
v4125,v4125,748ff91c-f261-4544-a851-bb33ab4da209,v2525,Maxwell@display=pairwise
v2349,v0009,1cd710ff-4c81-4d11-aae1-eee984dcc77a,v2349,Maxwell@display=pairwise
v2349,v2349,8f7e51a3-8852-4682-99c4-de2ab7f8863b,v0009,Maxwell@display=pairwise
v2349,v2349,c760ddd8-8c12-4220-8cc5-204af2fa789c,v0009,Maxwell@display=pairwise
v2349,v2349,8f7e51a3-8852-4682-99c4-de2ab7f8863b,v0009,Maxwell@display=pairwise
v2349,v0009,5440d8e0-a14b-41a3-9cd3-b762fddb4276,v2349,Maxwell@display=pairwise
v2349,v2349,1cd710ff-4c81-4d11-aae1-eee984dcc77a,v0009,Maxwell@display=pairwise
v2349,v0009,d46aa3cf-4905-4b5d-af67-028746a98435,v2349,Maxwell@display=pairwise
v2349,v2349,bea8d5b8-3b89-4933-9543-144c89405bfa,v0009,Maxwell@display=pairwise
v2349,v0009,bc441066-48fe-430a-8ae9-46706a7d4640,v2349,Maxwell@display=pairwise
v2349,v2349,c760ddd8-8c12-4220-8cc5-204af2fa789c,v0009,Maxwell@display=pairwise
v3583,v1477,bea8d5b8-3b89-4933-9543-144c89405bfa,v3583,Maxwell@display=pairwise
v3583,v3583,5440d8e0-a14b-41a3-9cd3-b762fddb4276,v1477,Maxwell@display=pairwise
v3583,v1477,645b9269-2918-417e-8ee8-a6fc35bc3377,v3583,Maxwell@display=pairwise
v3583,v3583,bea8d5b8-3b89-4933-9543-144c89405bfa,v1477,Maxwell@display=pairwise
v3583,v3583,645b9269-2918-417e-8ee8-a6fc35bc3377,v1477,Maxwell@display=pairwise
v3583,v1477,645b9269-2918-417e-8ee8-a6fc35bc3377,v3583,Maxwell@display=pairwise
v3583,v3583,bea8d5b8-3b89-4933-9543-144c89405bfa,v1477,Maxwell@display=pairwise
v3583,v1477,284eb320-ce3d-48b3-99f0-b07eda1cc7ed,v3583,Maxwell@display=pairwise
v3583,v1477,15ed72a6-3577-4b94-8218-2877edf651f6,v3583,Maxwell@display=pairwise
v3583,v3583,148a0216-b671-4cdd-992c-7aba2d0b85cb,v1477,Maxwell@display=pairwise
